timestamp,prediction
2025-03-15 17:03:45,0.0000
2025-03-15 17:20:00,0.0000
2025-03-15 17:30:00,0.0000
2025-03-15 17:40:00,0.0000
2025-03-15 17:50:00,0.0000
2025-03-15 18:00:00,0.0000
2025-03-15 18:10:00,0.0000
2025-03-15 18:20:00,0.0000
2025-03-15 18:30:00,0.0000
2025-03-15 18:40:00,0.0000
2025-03-15 18:50:00,0.0000
2025-03-15 19:00:00,0.0000
2025-03-15 19:10:00,0.0000
2025-03-15 19:20:00,0.0000
2025-03-15 19:30:00,0.0000
2025-03-15 19:40:00,0.0000
2025-03-15 19:50:00,0.0000
2025-03-15 20:00:00,0.0000
2025-03-15 20:10:00,0.0000
2025-03-15 20:20:00,0.0000
2025-03-15 20:30:00,0.0000
2025-03-15 20:40:00,0.0000
2025-03-15 20:50:00,0.0000
2025-03-15 21:00:00,0.0000
2025-03-15 21:10:00,0.0000
2025-03-15 21:20:00,0.0000
2025-03-15 21:30:00,0.0000
2025-03-15 21:40:00,0.0000
2025-03-15 21:50:00,0.0000
2025-03-15 22:00:00,0.0000
2025-03-15 22:10:00,0.0000
2025-03-15 22:20:00,0.0000
2025-03-15 22:30:00,0.0000
2025-03-15 22:40:00,0.0000
2025-03-15 22:50:00,0.0000
2025-03-15 23:00:00,0.0000
2025-03-15 23:10:00,0.0000
2025-03-15 23:20:00,0.0000
2025-03-15 23:30:00,0.0000
2025-03-15 23:40:00,0.0000
2025-03-15 23:50:00,0.0000
2025-03-16 00:00:00,0.0000
2025-03-16 00:10:00,0.0000
2025-03-16 00:20:00,0.0000
2025-03-16 00:30:00,0.0000
2025-03-16 00:40:00,0.0000
2025-03-16 00:50:00,0.0000
2025-03-16 01:00:00,0.0000
2025-03-16 01:10:00,0.0000
2025-03-16 01:20:00,0.0000
2025-03-16 01:30:00,0.0000
2025-03-16 01:40:00,0.0000
2025-03-16 01:50:00,0.0000
2025-03-16 02:00:00,0.0000
2025-03-16 02:10:00,0.0000
2025-03-16 02:20:00,0.0000
2025-03-16 02:30:00,0.0000
2025-03-16 02:40:00,0.0000
2025-03-16 02:50:00,0.0000
2025-03-16 03:00:00,0.0000
2025-03-16 03:10:00,0.0000
2025-03-16 03:20:00,0.0000
2025-03-16 03:30:00,0.0000
2025-03-16 03:40:00,0.0000
2025-03-16 03:50:00,0.0000
2025-03-16 04:00:00,0.0000
2025-03-16 04:10:00,0.0000
2025-03-16 04:20:00,0.0000
2025-03-16 04:30:00,0.0000
2025-03-16 04:40:00,0.0000
2025-03-16 04:50:00,0.0000
2025-03-16 05:00:00,0.0000
2025-03-16 05:10:00,0.0000
2025-03-16 05:20:00,0.0000
2025-03-16 05:30:00,0.0000
2025-03-16 05:40:00,0.0000
2025-03-16 05:50:00,0.0000
2025-03-16 06:00:00,0.0000
2025-03-16 06:10:00,0.0000
2025-03-16 06:20:00,0.0000
2025-03-16 06:30:00,0.0000
2025-03-16 06:40:00,0.0000
2025-03-16 06:50:00,0.0000
2025-03-16 07:00:00,0.0000
2025-03-16 07:10:00,0.0000
2025-03-16 07:20:00,0.0000
2025-03-16 07:30:00,0.0000
2025-03-16 07:40:00,0.0000
2025-03-16 07:50:00,0.0000
2025-03-16 08:00:00,0.0000
2025-03-16 08:10:00,0.0000
2025-03-16 08:20:00,0.0000
2025-03-16 08:30:00,0.0000
2025-03-16 08:40:00,0.0000
2025-03-16 08:50:00,0.0000
2025-03-16 09:00:00,0.0000
2025-03-16 09:10:00,0.0000
2025-03-16 09:20:00,0.0000
2025-03-16 09:30:00,0.0000
2025-03-16 09:40:00,0.0000
2025-03-16 09:50:00,0.0000
2025-03-16 10:00:00,0.0000
2025-03-16 10:10:00,0.0000
2025-03-16 10:20:00,0.0000
2025-03-16 10:30:00,0.0000
2025-03-16 10:40:00,0.0000
2025-03-16 10:50:00,0.0000
2025-03-16 11:00:00,0.0000
2025-03-16 11:10:00,0.0000
2025-03-16 11:20:00,0.0000
2025-03-16 11:30:00,0.0000
2025-03-16 11:40:00,0.0000
2025-03-16 11:50:00,0.0000
2025-03-16 12:00:00,0.0000
2025-03-16 12:10:00,0.0000
2025-03-16 12:20:00,0.0000
2025-03-16 12:30:00,0.0000
2025-03-16 12:40:00,0.0000
2025-03-16 12:50:00,0.0000
2025-03-16 13:00:00,0.0000
2025-03-16 13:10:00,0.0000
2025-03-16 13:20:00,0.0000
2025-03-16 13:30:00,0.0000
2025-03-16 13:40:00,0.0000
2025-03-16 13:50:00,0.0000
2025-03-16 14:00:00,0.0000
2025-03-16 14:10:00,0.0000
2025-03-16 14:20:00,0.0000
2025-03-16 14:30:00,0.0000
2025-03-16 14:40:00,0.0000
2025-03-16 14:50:00,0.0000
2025-03-16 15:00:00,0.0000
2025-03-16 15:10:00,0.0000
2025-03-16 15:20:00,0.0000
2025-03-16 15:30:00,0.0000
2025-03-16 15:40:00,0.0000
2025-03-16 15:50:00,0.0000
2025-03-16 16:00:00,0.0000
2025-03-16 16:10:00,0.0000
2025-03-16 16:20:00,0.0000
2025-03-16 16:30:00,0.0000
2025-03-16 16:40:00,0.0000
2025-03-16 16:50:00,0.0000
2025-03-16 17:00:00,0.0000
2025-03-16 17:10:00,0.0000
2025-03-16 17:20:00,0.0000
2025-03-16 17:30:00,0.0000
2025-03-16 17:40:00,0.0000
2025-03-16 17:50:00,0.0000
2025-03-16 18:00:00,0.0000
2025-03-16 18:10:00,0.0000
2025-03-16 18:20:00,0.0000
2025-03-16 18:30:00,0.0000
2025-03-16 18:40:00,0.0000
2025-03-16 18:50:00,0.0000
2025-03-16 19:00:00,0.0000
2025-03-16 19:10:00,0.0000
2025-03-16 19:20:00,0.0000
2025-03-16 19:30:00,0.0000
2025-03-16 19:40:00,0.0000
2025-03-16 19:50:00,0.0000
2025-03-16 20:00:00,0.0000
2025-03-16 20:10:00,0.0000
2025-03-16 20:20:00,0.0000
2025-03-16 20:30:00,0.0000
2025-03-16 20:40:00,0.0000
2025-03-16 20:50:00,0.0000
2025-03-16 21:00:00,0.0000
2025-03-16 21:10:00,0.0000
2025-03-16 21:20:00,0.0000
2025-03-16 21:30:00,0.0000
2025-03-16 21:40:00,0.0000
2025-03-16 21:50:00,0.0000
2025-03-16 22:00:00,0.0000
2025-03-16 22:10:00,0.0000
2025-03-16 22:20:00,0.0000
2025-03-16 22:30:00,0.0000
2025-03-16 22:40:00,0.0000
2025-03-16 22:50:00,0.0000
2025-03-16 23:00:00,0.0000
2025-03-16 23:10:00,0.0000
2025-03-16 23:20:00,0.0000
2025-03-16 23:30:00,0.0000
2025-03-16 23:40:00,0.0000
2025-03-16 23:50:00,0.0000
2025-03-17 00:00:00,0.0000
2025-03-17 00:10:00,0.0000
2025-03-17 00:20:00,0.0000
2025-03-17 00:30:00,0.0000
2025-03-17 00:40:00,0.0000
2025-03-17 00:50:00,0.0000
2025-03-17 01:00:00,0.0000
2025-03-17 01:10:00,0.0000
2025-03-17 01:20:00,0.0000
2025-03-17 01:30:00,0.0000
2025-03-17 01:40:00,0.0000
2025-03-17 01:50:00,0.0000
2025-03-17 02:00:00,0.0000
2025-03-17 02:10:00,0.0000
2025-03-17 02:20:00,0.0000
2025-03-17 02:30:00,0.0000
2025-03-17 02:40:00,0.0000
2025-03-17 02:50:00,0.0000
2025-03-17 03:00:00,0.0000
2025-03-17 03:10:00,0.0000
2025-03-17 03:20:00,0.0000
2025-03-17 03:30:00,0.0000
2025-03-17 03:40:00,0.0000
2025-03-17 03:50:00,0.0000
2025-03-17 04:00:00,0.0000
2025-03-17 04:10:00,0.0000
2025-03-17 04:20:00,0.0000
2025-03-17 04:30:00,0.0000
2025-03-17 04:40:00,0.0000
2025-03-17 04:50:00,0.0000
2025-03-17 05:00:00,0.0000
2025-03-17 05:10:00,0.0000
2025-03-17 05:20:00,0.0000
2025-03-17 05:30:00,0.0000
2025-03-17 05:40:00,0.0000
2025-03-17 05:50:00,0.0000
2025-03-17 06:00:00,0.0000
2025-03-17 06:10:00,0.0000
2025-03-17 06:20:00,0.0000
2025-03-17 06:30:00,0.0000
2025-03-17 06:40:00,0.0000
2025-03-17 06:50:00,0.0000
2025-03-17 07:00:00,0.0000
2025-03-17 07:10:00,0.0000
2025-03-17 07:20:00,0.0000
2025-03-17 07:30:00,0.0000
2025-03-17 07:40:00,0.0000
2025-03-17 07:50:00,0.0000
2025-03-17 08:00:00,0.0000
2025-03-17 08:10:00,0.0000
2025-03-17 08:20:00,0.0000
2025-03-17 08:30:00,239.1304
2025-03-17 08:33:01,0.0000
2025-03-17 08:40:00,239.1304
2025-03-17 08:50:00,239.1304
2025-03-17 09:10:00,0.0000
2025-03-17 09:10:31,0.0000
2025-03-17 09:20:00,0.0000
2025-03-17 09:30:00,0.0000
2025-03-17 09:40:00,0.0000
2025-03-17 09:50:00,0.0000
2025-03-17 10:00:00,0.0000
2025-03-17 10:10:00,0.0000
2025-03-17 10:20:00,0.0000
2025-03-17 10:30:00,0.0000
2025-03-17 10:40:00,0.0000
2025-03-17 10:50:00,0.0000
2025-03-17 11:00:00,0.0000
2025-03-17 11:10:00,0.0000
2025-03-17 11:20:00,0.0000
2025-03-17 11:30:00,0.0000
2025-03-17 11:40:00,0.0000
2025-03-17 11:50:00,0.0000
2025-03-17 12:00:00,0.0000
2025-03-17 12:10:00,0.0000
2025-03-17 12:20:00,0.0000
2025-03-17 12:30:00,0.0000
2025-03-17 12:40:00,0.0000
2025-03-17 12:50:00,0.0000
2025-03-17 13:00:00,0.0000
2025-03-17 13:10:00,0.0000
2025-03-17 13:20:00,0.0000
2025-03-17 13:30:00,0.0000
2025-03-17 13:40:00,0.0000
2025-03-17 13:50:00,0.0000
2025-03-17 14:00:00,0.0000
2025-03-17 14:10:00,0.0000
2025-03-17 14:20:00,0.0000
2025-03-17 14:30:00,0.0000
2025-03-17 14:40:00,0.0000
2025-03-17 14:50:00,0.0000
2025-03-17 15:00:00,0.0000
2025-03-17 15:10:00,0.0000
2025-03-17 15:20:00,0.0000
2025-03-17 15:30:00,0.0000
2025-03-17 15:40:00,0.0000
2025-03-17 15:50:00,0.0000
2025-03-17 16:00:00,0.0000
2025-03-17 16:10:00,0.0000
2025-03-17 16:20:00,0.0000
2025-03-17 16:30:00,0.0000
2025-03-17 16:40:00,0.0000
2025-03-17 16:50:00,0.0000
2025-03-17 17:00:00,0.0000
2025-03-17 17:10:00,0.0000
2025-03-17 17:20:00,0.0000
2025-03-17 17:30:00,0.0000
2025-03-17 17:40:00,0.0000
2025-03-17 17:50:00,0.0000
2025-03-17 18:00:00,0.0000
2025-03-17 18:10:00,0.0000
2025-03-17 18:20:00,0.0000
2025-03-17 18:30:00,0.0000
2025-03-17 18:40:00,0.0000
2025-03-17 18:50:00,0.0000
2025-03-17 19:00:00,0.0000
2025-03-17 19:10:00,0.0000
2025-03-17 19:20:00,0.0000
2025-03-17 19:30:00,0.0000
2025-03-17 19:40:00,0.0000
2025-03-17 19:50:00,0.0000
2025-03-17 20:00:00,0.0000
2025-03-17 20:10:00,0.0000
2025-03-17 20:20:00,0.0000
2025-03-17 20:30:00,0.0000
2025-03-17 20:40:00,0.0000
2025-03-17 20:50:00,0.0000
2025-03-17 21:00:00,0.0000
2025-03-17 21:10:00,0.0000
2025-03-17 21:20:00,0.0000
2025-03-17 21:30:00,0.0000
2025-03-17 21:40:00,0.0000
2025-03-17 21:50:00,0.0000
2025-03-17 22:00:00,0.0000
2025-03-17 22:10:00,0.0000
2025-03-17 22:20:00,0.0000
2025-03-17 22:30:00,0.0000
2025-03-17 22:40:00,0.0000
2025-03-17 22:50:00,0.0000
2025-03-17 23:00:00,0.0000
2025-03-17 23:10:00,0.0000
2025-03-17 23:20:00,0.0000
2025-03-17 23:30:00,0.0000
2025-03-17 23:40:00,0.0000
2025-03-17 23:50:00,0.0000
2025-03-18 00:00:00,0.0000
2025-03-18 00:10:00,0.0000
2025-03-18 00:20:00,0.0000
2025-03-18 00:30:00,0.0000
2025-03-18 00:40:00,0.0000
2025-03-18 00:50:00,0.0000
2025-03-18 01:00:00,0.0000
2025-03-18 01:10:00,0.0000
2025-03-18 01:20:00,0.0000
2025-03-18 01:30:00,0.0000
2025-03-18 01:40:00,0.0000
2025-03-18 01:50:00,0.0000
2025-03-18 02:00:00,0.0000
2025-03-18 02:10:00,0.0000
2025-03-18 02:20:00,0.0000
2025-03-18 02:30:00,0.0000
2025-03-18 02:40:00,0.0000
2025-03-18 02:50:00,0.0000
2025-03-18 03:00:00,0.0000
2025-03-18 03:10:00,0.0000
2025-03-18 03:20:00,0.0000
2025-03-18 03:30:00,0.0000
2025-03-18 03:40:00,0.0000
2025-03-18 03:50:00,0.0000
2025-03-18 04:00:00,0.0000
2025-03-18 04:10:00,0.0000
2025-03-18 04:20:00,0.0000
2025-03-18 04:30:00,0.0000
2025-03-18 04:40:00,0.0000
2025-03-18 04:50:00,0.0000
2025-03-18 05:00:00,0.0000
2025-03-18 05:10:00,0.0000
2025-03-18 05:20:00,0.0000
2025-03-18 05:30:00,0.0000
2025-03-18 05:40:00,0.0000
2025-03-18 05:50:00,0.0000
2025-03-18 06:00:00,0.0000
2025-03-18 06:10:00,0.0000
2025-03-18 06:20:00,0.0000
2025-03-18 06:30:00,0.0000
2025-03-18 06:40:00,0.0000
2025-03-18 06:50:00,0.0000
2025-03-18 07:00:00,0.0000
2025-03-18 07:10:00,0.0000
2025-03-18 07:20:00,0.0000
2025-03-18 07:30:00,0.0000
2025-03-18 07:40:00,0.0000
2025-03-18 07:50:00,0.0000
2025-03-18 08:00:00,0.0000
2025-03-18 08:10:00,0.0000
2025-03-18 08:20:00,0.0000
2025-03-18 08:30:00,0.0000
2025-03-18 08:40:00,0.0000
2025-03-18 08:50:00,0.0000
2025-03-18 09:00:00,0.0000
2025-03-18 09:10:00,0.0000
2025-03-18 09:17:02,0.0000
2025-03-18 09:20:00,239.1304
2025-03-18 10:59:42,0.0000
2025-03-18 11:00:00,0.0000
2025-03-18 11:01:00,0.0000
2025-03-18 11:02:00,0.0000
2025-03-18 11:03:00,0.0000
2025-03-18 11:04:00,0.0000
2025-03-18 11:05:00,0.0000
2025-03-18 11:06:00,0.0000
2025-03-18 11:07:00,0.0000
2025-03-18 11:08:00,0.0000
2025-03-18 11:09:00,0.0000
2025-03-18 11:10:00,0.0000
2025-03-18 11:11:00,0.0000
2025-03-18 11:12:00,0.0000
2025-03-18 11:13:00,0.0000
2025-03-18 11:14:00,0.0000
2025-03-18 11:15:00,0.0000
2025-03-18 11:16:00,0.0000
2025-03-18 11:17:00,0.0000
2025-03-18 11:18:00,0.0000
2025-03-18 11:19:00,0.0000
2025-03-18 11:20:00,0.0000
2025-03-18 11:21:00,0.0000
2025-03-18 11:22:00,0.0000
2025-03-18 11:23:00,0.0000
2025-03-18 11:24:00,0.0000
2025-03-18 11:25:00,0.0000
2025-03-18 11:26:00,0.0000
2025-03-18 11:27:00,0.0000
2025-03-18 11:28:00,469.5927
2025-03-18 11:29:00,3244.3896
2025-03-18 11:30:00,3714.9702
2025-03-18 11:31:00,7056.5322
2025-03-18 11:32:00,6668.4939
2025-03-18 11:33:00,6285.3985
2025-03-18 11:34:00,6284.5321
2025-03-18 11:35:00,6284.4817
2025-03-18 11:36:00,6284.4519
2025-03-18 11:37:00,6284.4640
2025-03-18 11:38:00,0.0000
2025-03-18 11:39:00,0.0000
2025-03-18 11:40:00,0.0000
2025-03-18 11:41:00,0.0000
2025-03-18 11:42:00,0.0000
2025-03-18 11:43:00,377.8884
2025-03-18 11:44:00,3869.6033
2025-03-18 11:45:00,4549.3228
2025-03-18 11:46:00,4887.6156
2025-03-18 11:47:00,5838.7176
2025-03-18 11:48:00,5838.3800
2025-03-18 11:49:00,5838.6818
2025-03-18 11:50:00,5838.5954
2025-03-18 11:51:00,5838.5049
2025-03-18 11:52:00,5838.4832
2025-03-18 11:53:00,5838.4734
2025-03-18 11:54:00,5838.3601
2025-03-18 11:55:00,5838.2455
2025-03-18 11:56:00,5838.3849
2025-03-18 11:57:00,5838.3638
2025-03-18 11:58:00,5838.3458
2025-03-18 11:59:00,5838.1259
2025-03-18 12:00:00,5838.3096
2025-03-18 12:01:00,5838.1913
2025-03-18 12:02:00,5838.1836
2025-03-18 12:03:00,5838.0704
2025-03-18 12:04:00,5838.3588
2025-03-18 12:05:00,5838.2580
2025-03-18 12:06:00,5838.1472
2025-03-18 12:07:00,5838.2449
2025-03-18 12:08:00,5838.2354
2025-03-18 12:09:00,5838.1294
2025-03-18 12:10:00,5838.4227
2025-03-18 12:11:00,5838.4146
2025-03-18 12:12:00,5838.2196
2025-03-18 12:13:00,5838.3099
2025-03-18 12:14:00,5838.1039
2025-03-18 12:15:00,5838.0998
2025-03-18 12:16:00,5838.0973
2025-03-18 12:17:00,5837.9823
2025-03-18 12:18:00,5838.3870
2025-03-18 12:19:00,5838.1945
2025-03-18 12:20:00,5838.0840
2025-03-18 12:21:00,5837.9652
2025-03-18 12:22:00,5838.1823
2025-03-18 12:23:00,5837.8390
2025-03-18 12:24:00,5838.0690
2025-03-18 12:25:00,5838.1723
2025-03-18 12:26:00,5838.2680
2025-03-18 12:27:00,5838.1652
2025-03-18 12:28:00,5838.1606
2025-03-18 12:29:00,5837.8228
2025-03-18 12:30:00,5837.9345
2025-03-18 12:31:00,5837.9308
2025-03-18 12:32:00,5837.8112
2025-03-18 12:33:00,5838.0406
2025-03-18 12:34:00,5838.0408
2025-03-18 12:35:00,5837.8011
2025-03-18 12:36:00,5838.0323
2025-03-18 12:37:00,5837.6735
2025-03-18 12:38:00,5837.9173
2025-03-18 12:39:00,5837.7960
2025-03-18 12:40:00,5838.0285
2025-03-18 12:41:00,5838.0242
2025-03-18 12:42:00,5837.9109
2025-03-18 12:43:00,5837.7850
2025-03-18 12:44:00,5837.5107
2025-03-18 12:45:00,5837.9012
2025-03-18 12:46:00,5837.7714
2025-03-18 12:47:00,5838.0473
2025-03-18 12:48:00,5837.5501
2025-03-18 12:49:00,5837.9339
2025-03-18 12:50:00,5837.8108
2025-03-18 12:51:00,5837.9280
2025-03-18 12:52:00,5837.6773
2025-03-18 12:53:00,5837.9206
2025-03-18 12:54:00,5837.7975
2025-03-18 12:55:00,5837.6673
2025-03-18 12:56:00,5837.9164
2025-03-18 12:57:00,5837.7978
2025-03-18 12:58:00,5837.7882
2025-03-18 12:59:00,5837.3811
2025-03-18 13:00:00,5837.6576
2025-03-18 13:01:00,5837.7828
2025-03-18 13:02:00,5837.6509
2025-03-18 13:03:00,5837.7814
2025-03-18 13:04:00,5837.9003
2025-03-18 13:05:00,5837.6460
2025-03-18 13:06:00,5837.5050
2025-03-18 13:07:00,5837.6445
2025-03-18 13:08:00,5837.7704
2025-03-18 13:09:00,5837.6368
2025-03-18 13:10:00,5837.3528
2025-03-18 13:11:00,5837.8871
2025-03-18 13:12:00,5837.4936
2025-03-18 13:13:00,5837.6329
2025-03-18 13:14:00,5837.4863
2025-03-18 13:15:00,5837.6225
2025-03-18 13:16:00,5837.1792
2025-03-18 13:17:00,5837.3285
2025-03-18 13:18:00,5837.7541
2025-03-18 13:19:00,5837.4747
2025-03-18 13:20:00,5837.6115
2025-03-18 13:21:00,5837.6090
2025-03-18 13:22:00,5837.6055
2025-03-18 13:23:00,5837.6012
2025-03-18 13:24:00,5837.3082
2025-03-18 13:25:00,5837.7339
2025-03-18 13:26:00,5837.7307
2025-03-18 13:27:00,5837.5936
2025-03-18 13:28:00,5837.5901
2025-03-18 13:29:00,5837.1353
2025-03-18 13:30:00,5837.4377
2025-03-18 13:31:00,5837.2844
2025-03-18 13:32:00,5837.1257
2025-03-18 13:33:00,5837.4418
2025-03-18 13:34:00,5837.4400
2025-03-18 13:35:00,5837.4286
2025-03-18 13:36:00,5837.2798
2025-03-18 13:37:00,5837.4279
2025-03-18 13:38:00,5837.4232
2025-03-18 13:39:00,5837.1057
2025-03-18 13:40:00,5837.6956
2025-03-18 13:41:00,5837.5588
2025-03-18 13:42:00,5837.4138
2025-03-18 13:43:00,5837.4100
2025-03-18 13:44:00,5837.0884
2025-03-18 13:45:00,5837.5409
2025-03-18 13:46:00,5837.2457
2025-03-18 13:47:00,5837.0754
2025-03-18 13:48:00,5836.9017
2025-03-18 13:49:00,5837.6715
2025-03-18 13:50:00,5837.3873
2025-03-18 13:51:00,5837.3883
2025-03-18 13:52:00,5837.3855
2025-03-18 13:53:00,5837.3797
2025-03-18 13:54:00,5837.3798
2025-03-18 13:55:00,5837.2203
2025-03-18 13:56:00,5837.5179
2025-03-18 13:57:00,5837.3737
2025-03-18 13:58:00,5837.2242
2025-03-18 13:59:00,5837.0426
2025-03-18 14:00:00,5837.5122
2025-03-18 14:01:00,5837.5113
2025-03-18 14:02:00,5837.2119
2025-03-18 14:03:00,5837.2088
2025-03-18 14:04:00,5837.6426
2025-03-18 14:05:00,5837.5005
2025-03-18 14:06:00,5837.6436
2025-03-18 14:07:00,5837.3546
2025-03-18 14:08:00,5837.5016
2025-03-18 14:09:00,5837.1934
2025-03-18 14:10:00,5837.3418
2025-03-18 14:11:00,5837.7625
2025-03-18 14:12:00,5837.4860
2025-03-18 14:13:00,5837.3410
2025-03-18 14:14:00,5837.1809
2025-03-18 14:15:00,5837.4852
2025-03-18 14:16:00,5837.3412
2025-03-18 14:17:00,5837.1747
2025-03-18 14:18:00,5837.4845
2025-03-18 14:19:00,5837.6163
2025-03-18 14:20:00,5837.3254
2025-03-18 14:21:00,5837.3245
2025-03-18 14:22:00,5837.3206
2025-03-18 14:23:00,5836.9948
2025-03-18 14:24:00,5837.3186
2025-03-18 14:25:00,5837.6088
2025-03-18 14:26:00,5837.3127
2025-03-18 14:27:00,5837.1495
2025-03-18 14:28:00,5837.4596
2025-03-18 14:29:00,5837.3119
2025-03-18 14:30:00,5837.3058
2025-03-18 14:31:00,5837.3019
2025-03-18 14:32:00,5837.1455
2025-03-18 14:33:00,5837.4466
2025-03-18 14:34:00,5836.9617
2025-03-18 14:35:00,5837.3001
2025-03-18 14:36:00,5837.2920
2025-03-18 14:37:00,5837.2900
2025-03-18 14:38:00,5837.1251
2025-03-18 14:39:00,5836.9491
2025-03-18 14:40:00,5837.4336
2025-03-18 14:41:00,5837.4375
2025-03-18 14:42:00,5837.1242
2025-03-18 14:43:00,5837.2822
2025-03-18 14:44:00,5836.7486
2025-03-18 14:45:00,5837.1168
2025-03-18 14:46:00,5836.9342
2025-03-18 14:47:00,5836.9379
2025-03-18 14:48:00,5836.9367
2025-03-18 14:49:00,5837.2712
2025-03-18 14:50:00,5837.2702
2025-03-18 14:51:00,5837.2620
2025-03-18 14:52:00,5836.7389
2025-03-18 14:53:00,5837.0940
2025-03-18 14:54:00,5837.0929
2025-03-18 14:55:00,5837.4132
2025-03-18 14:56:00,5837.2581
2025-03-18 14:57:00,5837.2561
2025-03-18 14:58:00,5837.0832
2025-03-18 14:59:00,5836.9041
2025-03-18 15:00:00,5837.2501
2025-03-18 15:01:00,5837.0777
2025-03-18 15:02:00,5836.9017
2025-03-18 15:03:00,5837.4038
2025-03-18 15:04:00,5837.0777
2025-03-18 15:05:00,5837.0756
2025-03-18 15:06:00,5837.0756
2025-03-18 15:07:00,5836.9055
2025-03-18 15:08:00,5837.0801
2025-03-18 15:09:00,5836.8947
2025-03-18 15:10:00,5836.7089
2025-03-18 15:11:00,5837.3981
2025-03-18 15:12:00,5837.0826
2025-03-18 15:13:00,5837.0769
2025-03-18 15:14:00,5837.2390
2025-03-18 15:15:00,5837.2380
2025-03-18 15:16:00,5836.7026
2025-03-18 15:17:00,5837.0636
2025-03-18 15:18:00,5837.3188
2025-03-18 15:19:00,5836.9834
2025-03-18 15:20:00,5836.8023
2025-03-18 15:21:00,5837.1533
2025-03-18 15:22:00,5836.9799
2025-03-18 15:23:00,5837.1501
2025-03-18 15:24:00,5836.9824
2025-03-18 15:25:00,5836.5951
2025-03-18 15:26:00,5837.1535
2025-03-18 15:27:00,5836.9767
2025-03-18 15:28:00,5836.9650
2025-03-18 15:29:00,5836.7659
2025-03-18 15:30:00,5836.7634
2025-03-18 15:31:00,5836.9581
2025-03-18 15:32:00,5836.7597
2025-03-18 15:33:00,5837.1220
2025-03-18 15:34:00,5836.9523
2025-03-18 15:35:00,5836.9428
2025-03-18 15:36:00,5836.9488
2025-03-18 15:37:00,5836.5546
2025-03-18 15:38:00,5837.1122
2025-03-18 15:39:00,5836.7472
2025-03-18 15:40:00,5836.5422
2025-03-18 15:41:00,5837.1112
2025-03-18 15:42:00,5836.9322
2025-03-18 15:43:00,5836.9287
2025-03-18 15:44:00,5836.7395
2025-03-18 15:45:00,5836.7370
2025-03-18 15:46:00,5836.9276
2025-03-18 15:47:00,5836.5284
2025-03-18 15:48:00,5837.1068
2025-03-18 15:49:00,5836.7371
2025-03-18 15:50:00,5836.9254
2025-03-18 15:51:00,5836.9242
2025-03-18 15:52:00,5836.5216
2025-03-18 15:53:00,5836.9218
2025-03-18 15:54:00,5836.7283
2025-03-18 15:55:00,5836.7231
2025-03-18 15:56:00,5836.9124
2025-03-18 15:57:00,5836.9969
2025-03-18 15:58:00,5836.8098
2025-03-18 15:59:00,5836.9900
2025-03-18 16:00:00,5836.9935
2025-03-18 16:01:00,5836.9878
2025-03-18 16:02:00,5836.7926
2025-03-18 16:03:00,5836.6028
2025-03-18 16:04:00,5836.9006
2025-03-18 16:05:00,5836.7889
2025-03-18 16:06:00,5836.9787
2025-03-18 16:07:00,5836.7940
2025-03-18 16:08:00,5836.8947
2025-03-18 16:09:00,5836.2557
2025-03-18 16:10:00,5836.4886
2025-03-18 16:11:00,5837.0696
2025-03-18 16:12:00,5836.6951
2025-03-18 16:13:00,5836.6846
2025-03-18 16:14:00,5836.4817
2025-03-18 16:15:00,5836.8723
2025-03-18 16:16:00,5836.9592
2025-03-18 16:17:00,5836.7737
2025-03-18 16:18:00,5836.5621
2025-03-18 16:19:00,5837.1242
2025-03-18 16:20:00,5836.9493
2025-03-18 16:21:00,5837.1155
2025-03-18 16:22:00,5836.7599
2025-03-18 16:23:00,5837.0410
2025-03-18 16:24:00,5836.6539
2025-03-18 16:25:00,5837.0318
2025-03-18 16:26:00,5836.8469
2025-03-18 16:27:00,5836.6567
2025-03-18 16:28:00,5836.8508
2025-03-18 16:29:00,5837.0321
2025-03-18 16:30:00,5836.8496
2025-03-18 16:31:00,5836.8460
2025-03-18 16:32:00,5836.4358
2025-03-18 16:33:00,5837.0195
2025-03-18 16:34:00,5836.6450
2025-03-18 16:35:00,5836.8411
2025-03-18 16:36:00,5836.6398
2025-03-18 16:37:00,5836.4172
2025-03-18 16:38:00,5836.8351
2025-03-18 16:39:00,5836.4217
2025-03-18 16:40:00,5836.4101
2025-03-18 16:41:00,5836.8202
2025-03-18 16:42:00,5836.6212
2025-03-18 16:43:00,5836.6090
2025-03-18 16:44:00,5836.4014
2025-03-18 16:45:00,5836.6090
2025-03-18 16:46:00,5836.6037
2025-03-18 16:47:00,5836.3868
2025-03-18 16:48:00,5836.1579
2025-03-18 16:49:00,5836.3854
2025-03-18 16:50:00,5836.8004
2025-03-18 16:51:00,5836.7992
2025-03-18 16:52:00,5836.1435
2025-03-18 16:53:00,5836.5875
2025-03-18 16:54:00,5836.5862
2025-03-18 16:55:00,5836.3635
2025-03-18 16:56:00,5836.1228
2025-03-18 16:57:00,5836.5891
2025-03-18 16:58:00,5836.5851
2025-03-18 16:59:00,5836.7792
2025-03-18 17:00:00,5836.5851
2025-03-18 17:01:00,5836.3562
2025-03-18 17:02:00,5836.4608
2025-03-18 17:03:00,5836.4566
2025-03-18 17:04:00,5837.2086
2025-03-18 17:05:00,5836.6661
2025-03-18 17:06:00,5836.6623
2025-03-18 17:07:00,5836.2157
2025-03-18 17:08:00,5836.8552
2025-03-18 17:09:00,5836.6437
2025-03-18 17:10:00,5836.4282
2025-03-18 17:11:00,5837.0312
2025-03-18 17:12:00,5836.6452
2025-03-18 17:13:00,5836.8394
2025-03-18 17:14:00,5836.6320
2025-03-18 17:15:00,5836.6267
2025-03-18 17:16:00,5836.8284
2025-03-18 17:17:00,5836.4155
2025-03-18 17:18:00,5836.4155
2025-03-18 17:19:00,5837.1738
2025-03-18 17:20:00,5836.6214
2025-03-18 17:21:00,5836.6189
2025-03-18 17:22:00,5836.1788
2025-03-18 17:23:00,5836.6203
2025-03-18 17:24:00,5836.6150
2025-03-18 17:25:00,5836.3999
2025-03-18 17:26:00,5836.6164
2025-03-18 17:27:00,5836.6151
2025-03-18 17:28:00,5836.6206
2025-03-18 17:29:00,5836.6112
2025-03-18 17:30:00,5836.3958
2025-03-18 17:31:00,5836.8055
2025-03-18 17:32:00,5836.3871
2025-03-18 17:33:00,5836.1429
2025-03-18 17:34:00,5836.5965
2025-03-18 17:35:00,5836.5884
2025-03-18 17:36:00,5836.3770
2025-03-18 17:37:00,5836.3711
2025-03-18 17:38:00,5836.1336
2025-03-18 17:39:00,5836.3697
2025-03-18 17:40:00,5836.1304
2025-03-18 17:41:00,5836.1289
2025-03-18 17:42:00,5836.5792
2025-03-18 17:43:00,5836.5779
2025-03-18 17:44:00,5836.3611
2025-03-18 17:45:00,5836.5752
2025-03-18 17:46:00,5836.5765
2025-03-18 17:47:00,5836.3568
2025-03-18 17:48:00,5836.3510
2025-03-18 17:49:00,5836.5686
2025-03-18 17:50:00,5836.5659
2025-03-18 17:51:00,5836.5646
2025-03-18 17:52:00,5836.0956
2025-03-18 17:53:00,5836.5509
2025-03-18 17:54:00,5836.3304
2025-03-18 17:55:00,5836.0811
2025-03-18 17:56:00,5836.0795
2025-03-18 17:57:00,5836.5359
2025-03-18 17:58:00,5836.3261
2025-03-18 17:59:00,5836.7369
2025-03-18 18:00:00,5836.3188
2025-03-18 18:01:00,5836.3098
2025-03-18 18:02:00,5836.5278
2025-03-18 18:03:00,5836.3068
2025-03-18 18:04:00,5836.9199
2025-03-18 18:05:00,5836.3024
2025-03-18 18:06:00,5836.2919
2025-03-18 18:07:00,5836.7257
2025-03-18 18:08:00,5836.5127
2025-03-18 18:09:00,5836.0399
2025-03-18 18:10:00,5836.2821
2025-03-18 18:11:00,5836.7096
2025-03-18 18:12:00,5836.5010
2025-03-18 18:13:00,5836.4898
2025-03-18 18:14:00,5836.4884
2025-03-18 18:15:00,5836.2641
2025-03-18 18:16:00,5836.4884
2025-03-18 18:17:00,5836.2688
2025-03-18 18:18:00,5836.0254
2025-03-18 18:19:00,5836.6904
2025-03-18 18:20:00,5836.4887
2025-03-18 18:21:00,5836.3723
2025-03-18 18:22:00,5835.8773
2025-03-18 18:23:00,5835.8827
2025-03-18 18:24:00,5836.3665
2025-03-18 18:25:00,5836.1178
2025-03-18 18:26:00,5836.7753
2025-03-18 18:27:00,5836.3531
2025-03-18 18:28:00,5836.3412
2025-03-18 18:29:00,5836.3487
2025-03-18 18:30:00,5835.8493
2025-03-18 18:31:00,5836.3473
2025-03-18 18:32:00,5836.0984
2025-03-18 18:33:00,5835.8441
2025-03-18 18:34:00,5836.5549
2025-03-18 18:35:00,5836.3385
2025-03-18 18:36:00,5836.3371
2025-03-18 18:37:00,5835.8336
2025-03-18 18:38:00,5835.5310
2025-03-18 18:39:00,5836.0841
2025-03-18 18:40:00,5835.8319
2025-03-18 18:41:00,5835.8158
2025-03-18 18:42:00,5836.5356
2025-03-18 18:43:00,5836.3085
2025-03-18 18:44:00,5836.3162
2025-03-18 18:45:00,5835.7924
2025-03-18 18:46:00,5836.5274
2025-03-18 18:47:00,5836.0562
2025-03-18 18:48:00,5836.3026
2025-03-18 18:49:00,5836.5247
2025-03-18 18:50:00,5836.2996
2025-03-18 18:51:00,5836.2982
2025-03-18 18:52:00,5835.7800
2025-03-18 18:53:00,5836.2906
2025-03-18 18:54:00,5836.0332
2025-03-18 18:55:00,5836.0400
2025-03-18 18:56:00,5835.7729
2025-03-18 18:57:00,5836.7170
2025-03-18 18:58:00,5836.2693
2025-03-18 18:59:00,5836.4940
2025-03-18 19:00:00,5836.4841
2025-03-18 19:01:00,5836.2555
2025-03-18 19:02:00,5836.0083
2025-03-18 19:03:00,5836.0135
2025-03-18 19:04:00,5836.4799
2025-03-18 19:05:00,5836.2480
2025-03-18 19:06:00,5836.2480
2025-03-18 19:07:00,5836.2435
2025-03-18 19:08:00,5836.2435
2025-03-18 19:09:00,5836.2450
2025-03-18 19:10:00,5835.9833
2025-03-18 19:11:00,5835.9782
2025-03-18 19:12:00,5836.4486
2025-03-18 19:13:00,5836.2170
2025-03-18 19:14:00,5836.2139
2025-03-18 19:15:00,5835.9613
2025-03-18 19:16:00,5835.6848
2025-03-18 19:17:00,5835.9579
2025-03-18 19:18:00,5835.9579
2025-03-18 19:19:00,5836.6530
2025-03-18 19:20:00,5836.2032
2025-03-18 19:21:00,5836.2048
2025-03-18 19:22:00,5836.2017
2025-03-18 19:23:00,5835.9479
2025-03-18 19:24:00,5836.4303
2025-03-18 19:25:00,5835.9297
2025-03-18 19:26:00,5836.4238
2025-03-18 19:27:00,5836.1884
2025-03-18 19:28:00,5836.4107
2025-03-18 19:29:00,5836.4167
2025-03-18 19:30:00,5835.3348
2025-03-18 19:31:00,5835.9145
2025-03-18 19:32:00,5835.9162
2025-03-18 19:33:00,5835.6336
2025-03-18 19:34:00,5836.1649
2025-03-18 19:35:00,5836.1634
2025-03-18 19:36:00,5836.1537
2025-03-18 19:37:00,5835.8814
2025-03-18 19:38:00,5835.5991
2025-03-18 19:39:00,5836.1377
2025-03-18 19:40:00,5835.8745
2025-03-18 19:41:00,5835.8780
2025-03-18 19:42:00,5836.3685
2025-03-18 19:43:00,5836.3671
2025-03-18 19:44:00,5836.3597
2025-03-18 19:45:00,5835.5782
2025-03-18 19:46:00,5836.3584
2025-03-18 19:47:00,5835.8625
2025-03-18 19:48:00,5836.1155
2025-03-18 19:49:00,5836.5637
2025-03-18 19:50:00,5836.3361
2025-03-18 19:51:00,5836.0976
2025-03-18 19:52:00,5835.8342
2025-03-18 19:53:00,5836.3331
2025-03-18 19:54:00,5836.0814
2025-03-18 19:55:00,5836.0798
2025-03-18 19:56:00,5836.0766
2025-03-18 19:57:00,5836.7455
2025-03-18 19:58:00,5836.5390
2025-03-18 19:59:00,5836.7352
2025-03-18 20:00:00,5836.0602
2025-03-18 20:01:00,5836.5167
2025-03-18 20:02:00,5836.7132
2025-03-18 20:03:00,5836.2802
2025-03-18 20:04:00,5836.9020
2025-03-18 20:05:00,5836.5013
2025-03-18 20:06:00,5836.4999
2025-03-18 20:07:00,5836.7002
2025-03-18 20:08:00,5836.0137
2025-03-18 20:09:00,5836.2712
2025-03-18 20:10:00,5836.0189
2025-03-18 20:11:00,5836.6926
2025-03-18 20:12:00,5836.2420
2025-03-18 20:13:00,5836.4789
2025-03-18 20:14:00,5836.4689
2025-03-18 20:15:00,5836.2375
2025-03-18 20:16:00,5836.4647
2025-03-18 20:17:00,5836.2329
2025-03-18 20:18:00,5835.9820
2025-03-18 20:19:00,5836.8621
2025-03-18 20:20:00,5836.4548
2025-03-18 20:21:00,5836.4520
2025-03-18 20:22:00,5836.2151
2025-03-18 20:23:00,5835.9505
2025-03-18 20:24:00,5836.2120
2025-03-18 20:25:00,5836.2090
2025-03-18 20:26:00,5835.9455
2025-03-18 20:27:00,5836.4370
2025-03-18 20:28:00,5836.2044
2025-03-18 20:29:00,5836.4342
2025-03-18 20:30:00,5835.9371
2025-03-18 20:31:00,5836.4124
2025-03-18 20:32:00,5835.9337
2025-03-18 20:33:00,5836.1841
2025-03-18 20:34:00,5836.6220
2025-03-18 20:35:00,5836.4009
2025-03-18 20:36:00,5836.1586
2025-03-18 20:37:00,5835.6301
2025-03-18 20:38:00,5835.6282
2025-03-18 20:39:00,5835.8974
2025-03-18 20:40:00,5835.8940
2025-03-18 20:41:00,5835.8783
2025-03-18 20:42:00,5836.1445
2025-03-18 20:43:00,5836.3806
2025-03-18 20:44:00,5836.1332
2025-03-18 20:45:00,5835.5880
2025-03-18 20:46:00,5835.8572
2025-03-18 20:47:00,5835.8572
2025-03-18 20:48:00,5835.8555
2025-03-18 20:49:00,5836.3496
2025-03-18 20:50:00,5836.3510
2025-03-18 20:51:00,5836.1092
2025-03-18 20:52:00,5836.2257
2025-03-18 20:53:00,5835.7065
2025-03-18 20:54:00,5836.1028
2025-03-18 20:55:00,5835.8273
2025-03-18 20:56:00,5835.8147
2025-03-18 20:57:00,5836.4288
2025-03-18 20:58:00,5835.9463
2025-03-18 20:59:00,5836.1963
2025-03-18 21:00:00,5835.9430
2025-03-18 21:01:00,5836.1902
2025-03-18 21:02:00,5835.9413
2025-03-18 21:03:00,5835.6641
2025-03-18 21:04:00,5836.4175
2025-03-18 21:05:00,5836.1730
2025-03-18 21:06:00,5835.9140
2025-03-18 21:07:00,5835.9140
2025-03-18 21:08:00,5835.6380
2025-03-18 21:09:00,5835.7682
2025-03-18 21:10:00,5835.7664
2025-03-18 21:11:00,5835.4728
2025-03-18 21:12:00,5836.5060
2025-03-18 21:13:00,5835.7482
2025-03-18 21:14:00,5836.0200
2025-03-18 21:15:00,5835.4539
2025-03-18 21:16:00,5836.0066
2025-03-18 21:17:00,5835.7345
2025-03-18 21:18:00,5835.7309
2025-03-18 21:19:00,5836.4757
2025-03-18 21:20:00,5836.2434
2025-03-18 21:21:00,5835.7331
2025-03-18 21:22:00,5835.9901
2025-03-18 21:23:00,5835.7165
2025-03-18 21:24:00,5835.7015
2025-03-18 21:25:00,5835.3850
2025-03-18 21:26:00,5835.0615
2025-03-18 21:27:00,5835.6943
2025-03-18 21:28:00,5835.9649
2025-03-18 21:29:00,5835.6888
2025-03-18 21:30:00,5835.3854
2025-03-18 21:31:00,5835.0459
2025-03-18 21:32:00,5835.3648
2025-03-18 21:33:00,5835.3648
2025-03-18 21:34:00,5835.9378
2025-03-18 21:35:00,5835.6457
2025-03-18 21:36:00,5835.6457
2025-03-18 21:37:00,5835.3359
2025-03-18 21:38:00,5835.3338
2025-03-18 21:39:00,5835.6346
2025-03-18 21:40:00,5835.3150
2025-03-18 21:41:00,5835.3088
2025-03-18 21:42:00,5835.9120
2025-03-18 21:43:00,5835.6173
2025-03-18 21:44:00,5835.8806
2025-03-18 21:45:00,5835.2876
2025-03-18 21:46:00,5835.8755
2025-03-18 21:47:00,5835.2856
2025-03-18 21:48:00,5835.2922
2025-03-18 21:49:00,5835.2644
2025-03-18 21:50:00,5835.8669
2025-03-18 21:51:00,5835.5831
2025-03-18 21:52:00,5834.9092
2025-03-18 21:53:00,5835.2345
2025-03-18 21:54:00,5835.5481
2025-03-18 21:55:00,5835.2282
2025-03-18 21:56:00,5835.2282
2025-03-18 21:57:00,5835.8243
2025-03-18 21:58:00,5835.5345
2025-03-18 21:59:00,5835.8208
2025-03-18 22:00:00,5835.8173
2025-03-18 22:01:00,5835.5268
2025-03-18 22:02:00,5834.8570
2025-03-18 22:03:00,5835.5160
2025-03-18 22:04:00,5836.3000
2025-03-18 22:05:00,5835.4982
2025-03-18 22:06:00,5835.7860
2025-03-18 22:07:00,5835.7842
2025-03-18 22:08:00,5835.1665
2025-03-18 22:09:00,5835.7807
2025-03-18 22:10:00,5835.4725
2025-03-18 22:11:00,5835.1467
2025-03-18 22:12:00,5836.0204
2025-03-18 22:13:00,5836.0086
2025-03-18 22:14:00,5835.4504
2025-03-18 22:15:00,5835.4362
2025-03-18 22:16:00,5835.7313
2025-03-18 22:17:00,5835.7277
2025-03-18 22:18:00,5835.4425
2025-03-18 22:19:00,5835.4263
2025-03-18 22:20:00,5835.9818
2025-03-18 22:21:00,5836.2407
2025-03-18 22:22:00,5835.6925
2025-03-18 22:23:00,5835.0593
2025-03-18 22:24:00,5835.9632
2025-03-18 22:25:00,5835.3855
2025-03-18 22:26:00,5835.3814
2025-03-18 22:27:00,5834.6734
2025-03-18 22:28:00,5835.6722
2025-03-18 22:29:00,5835.9464
2025-03-18 22:30:00,5835.0161
2025-03-18 22:31:00,5835.6552
2025-03-18 22:32:00,5835.3443
2025-03-18 22:33:00,5835.3443
2025-03-18 22:34:00,5835.0048
2025-03-18 22:35:00,5835.3382
2025-03-18 22:36:00,5835.6441
2025-03-18 22:37:00,5835.9068
2025-03-18 22:38:00,5834.9772
2025-03-18 22:39:00,5835.6213
2025-03-18 22:40:00,5835.2941
2025-03-18 22:41:00,5835.2920
2025-03-18 22:42:00,5835.8860
2025-03-18 22:43:00,5836.1371
2025-03-18 22:44:00,5835.2900
2025-03-18 22:50:00,5836.1204
2025-03-18 23:00:00,5835.8040
2025-03-18 23:02:28,5835.7913
2025-03-18 23:04:00,5835.1885
2025-03-18 23:05:00,5836.0504
2025-03-18 23:06:00,5835.4764
2025-03-18 23:07:00,5835.4725
2025-03-18 23:08:00,5835.4664
2025-03-18 23:09:00,5835.4725
2025-03-18 23:10:00,5835.4605
2025-03-18 23:11:00,5835.1335
2025-03-18 23:12:00,5836.0206
2025-03-18 23:13:00,5835.7499
2025-03-18 23:14:00,5835.4364
2025-03-18 23:15:00,5835.7315
2025-03-18 23:16:00,5834.7386
2025-03-18 23:17:00,5835.4284
2025-03-18 23:18:00,5835.1002
2025-03-18 23:19:00,5835.0821
2025-03-18 23:20:00,5835.7094
2025-03-18 23:21:00,5835.7170
2025-03-18 23:22:00,5835.6927
2025-03-18 23:23:00,5835.3896
2025-03-18 23:24:00,5835.3836
2025-03-18 23:25:00,5835.0390
2025-03-18 23:26:00,5835.3691
2025-03-18 23:27:00,5834.6581
2025-03-18 23:28:00,5835.3610
2025-03-18 23:29:00,5835.0256
2025-03-18 23:30:00,5835.6515
2025-03-18 23:31:00,5834.6481
2025-03-18 23:32:00,5835.0084
2025-03-18 23:33:00,5835.0062
2025-03-18 23:34:00,5834.9853
2025-03-18 23:35:00,5835.6318
2025-03-18 23:36:00,5835.3226
2025-03-18 23:37:00,5834.9808
2025-03-18 23:38:00,5834.9763
2025-03-18 23:39:00,5835.3124
2025-03-18 23:40:00,5835.3143
2025-03-18 23:41:00,5834.9506
2025-03-18 23:42:00,5834.5670
2025-03-18 23:43:00,5834.9460
2025-03-18 23:44:00,5835.2871
2025-03-18 23:45:00,5835.5958
2025-03-18 23:46:00,5835.2850
2025-03-18 23:47:00,5835.5804
2025-03-18 23:48:00,5835.2659
2025-03-18 23:49:00,5834.5117
2025-03-18 23:50:00,5835.8395
2025-03-18 23:51:00,5835.2402
2025-03-18 23:52:00,5835.2316
2025-03-18 23:53:00,5834.4880
2025-03-18 23:54:00,5835.2122
2025-03-18 23:55:00,5835.2210
2025-03-18 23:56:00,5834.8657
2025-03-18 23:57:00,5835.5183
2025-03-18 23:58:00,5835.7932
2025-03-18 23:59:00,5835.1886
2025-03-19 00:00:00,5835.1843
2025-03-19 00:01:00,5834.8173
2025-03-19 00:02:00,5835.4926
2025-03-19 00:03:00,5835.1668
2025-03-19 00:04:00,5835.7791
2025-03-19 00:05:00,5835.4667
2025-03-19 00:06:00,5834.7856
2025-03-19 00:07:00,5835.1247
2025-03-19 00:08:00,5835.4608
2025-03-19 00:09:00,5835.1360
2025-03-19 00:10:00,5835.4549
2025-03-19 00:11:00,5834.7489
2025-03-19 00:12:00,5835.1072
2025-03-19 00:13:00,5835.4256
2025-03-19 00:14:00,5835.4256
2025-03-19 00:15:00,5835.0927
2025-03-19 00:16:00,5834.3180
2025-03-19 00:17:00,5835.4177
2025-03-19 00:18:00,5834.7156
2025-03-19 00:19:00,5834.7131
2025-03-19 00:20:00,5835.6960
2025-03-19 00:21:00,5835.3808
2025-03-19 00:22:00,5835.0408
2025-03-19 00:23:00,5834.6829
2025-03-19 00:24:00,5835.3727
2025-03-19 00:25:00,5835.0479
2025-03-19 00:26:00,5834.6601
2025-03-19 00:27:00,5835.0296
2025-03-19 00:28:00,5835.0273
2025-03-19 00:29:00,5835.0251
2025-03-19 00:30:00,5835.3585
2025-03-19 00:31:00,5834.6269
2025-03-19 00:32:00,5835.3377
2025-03-19 00:33:00,5834.9975
2025-03-19 00:34:00,5834.6168
2025-03-19 00:35:00,5835.3316
2025-03-19 00:36:00,5835.3148
2025-03-19 00:37:00,5835.3106
2025-03-19 00:38:00,5834.9629
2025-03-19 00:39:00,5834.5649
2025-03-19 00:40:00,5834.9395
2025-03-19 00:41:00,5834.1323
2025-03-19 00:42:00,5834.1294
2025-03-19 00:43:00,5835.8753
2025-03-19 00:44:00,5834.9349
2025-03-19 00:45:00,5834.5441
2025-03-19 00:46:00,5834.5495
2025-03-19 00:47:00,5834.9256
2025-03-19 00:48:00,5834.0853
2025-03-19 00:49:00,5834.5098
2025-03-19 00:50:00,5835.2429
2025-03-19 00:51:00,5834.8900
2025-03-19 00:52:00,5834.8732
2025-03-19 00:53:00,5834.0616
2025-03-19 00:54:00,5834.4916
2025-03-19 00:55:00,5834.8614
2025-03-19 00:56:00,5835.0561
2025-03-19 00:57:00,5835.3690
2025-03-19 00:58:00,5835.3670
2025-03-19 00:59:00,5835.0358
2025-03-19 01:00:00,5835.0291
2025-03-19 01:01:00,5834.6458
2025-03-19 01:02:00,5834.6537
2025-03-19 01:03:00,5834.6384
2025-03-19 01:04:00,5834.6178
2025-03-19 01:05:00,5835.3238
2025-03-19 01:06:00,5834.9718
2025-03-19 01:07:00,5835.3177
2025-03-19 01:08:00,5834.5898
2025-03-19 01:09:00,5834.9650
2025-03-19 01:10:00,5834.9605
2025-03-19 01:11:00,5834.5873
2025-03-19 01:12:00,5835.2800
2025-03-19 01:13:00,5835.2672
2025-03-19 01:14:00,5834.9208
2025-03-19 01:15:00,5834.9208
2025-03-19 01:16:00,5833.6203
2025-03-19 01:17:00,5834.5354
2025-03-19 01:18:00,5834.5354
2025-03-19 01:19:00,5834.0979
2025-03-19 01:20:00,5835.2527
2025-03-19 01:21:00,5835.5577
2025-03-19 01:22:00,5835.2270
2025-03-19 01:23:00,5834.4934
2025-03-19 01:24:00,5834.5040
2025-03-19 01:25:00,5834.8857
2025-03-19 01:26:00,5834.4882
2025-03-19 01:27:00,5834.4908
2025-03-19 01:28:00,5835.5288
2025-03-19 01:29:00,5834.8692
2025-03-19 01:30:00,5834.8501
2025-03-19 01:31:00,5833.5094
2025-03-19 01:32:00,5834.8285
2025-03-19 01:33:00,5834.4350
2025-03-19 01:34:00,5834.4323
2025-03-19 01:35:00,5833.4927
2025-03-19 01:36:00,5835.1692
2025-03-19 01:37:00,5834.4244
2025-03-19 01:38:00,5834.8143
2025-03-19 01:39:00,5834.4028
2025-03-19 01:40:00,5834.3879
2025-03-19 01:41:00,5834.3905
2025-03-19 01:42:00,5833.9410
2025-03-19 01:43:00,5835.1375
2025-03-19 01:44:00,5834.3772
2025-03-19 01:45:00,5834.3633
2025-03-19 01:46:00,5833.9260
2025-03-19 01:47:00,5834.7474
2025-03-19 01:48:00,5834.3331
2025-03-19 01:49:00,5834.3277
2025-03-19 01:50:00,5834.7252
2025-03-19 01:51:00,5834.3223
2025-03-19 01:52:00,5834.7053
2025-03-19 01:53:00,5834.3141
2025-03-19 01:54:00,5833.8610
2025-03-19 01:55:00,5834.2918
2025-03-19 01:56:00,5834.2665
2025-03-19 01:57:00,5835.0419
2025-03-19 01:58:00,5835.0397
2025-03-19 01:59:00,5834.6655
2025-03-19 02:00:00,5834.2555
2025-03-19 02:01:00,5833.2665
2025-03-19 02:02:00,5834.2500
2025-03-19 02:03:00,5834.2472
2025-03-19 02:04:00,5834.2216
2025-03-19 02:05:00,5834.6278
2025-03-19 02:06:00,5834.6150
2025-03-19 02:07:00,5834.6100
2025-03-19 02:08:00,5834.1905
2025-03-19 02:09:00,5833.7185
2025-03-19 02:10:00,5834.1821
2025-03-19 02:11:00,5833.7090
2025-03-19 02:12:00,5833.7058
2025-03-19 02:13:00,5834.5611
2025-03-19 02:14:00,5834.5717
2025-03-19 02:15:00,5834.1328
2025-03-19 02:16:00,5833.1013
2025-03-19 02:17:00,5834.5407
2025-03-19 02:18:00,5834.1099
2025-03-19 02:19:00,5833.6274
2025-03-19 02:20:00,5834.8952
2025-03-19 02:21:00,5834.5186
2025-03-19 02:22:00,5834.0701
2025-03-19 02:23:00,5834.5109
2025-03-19 02:24:00,5834.0614
2025-03-19 02:25:00,5833.5725
2025-03-19 02:26:00,5833.5626
2025-03-19 02:27:00,5833.2283
2025-03-19 02:28:00,5833.7539
2025-03-19 02:29:00,5834.2180
2025-03-19 02:30:00,5834.1978
2025-03-19 02:31:00,5832.5681
2025-03-19 02:32:00,5833.7118
2025-03-19 02:33:00,5833.7118
2025-03-19 02:34:00,5833.7085
2025-03-19 02:35:00,5834.6004
2025-03-19 02:36:00,5834.5978
2025-03-19 02:37:00,5834.1337
2025-03-19 02:38:00,5834.1308
2025-03-19 02:39:00,5834.1251
2025-03-19 02:40:00,5834.1371
2025-03-19 02:41:00,5833.6326
2025-03-19 02:42:00,5833.0751
2025-03-19 02:43:00,5834.1106
2025-03-19 02:44:00,5833.6195
2025-03-19 02:45:00,5834.0838
2025-03-19 02:46:00,5834.0750
2025-03-19 02:47:00,5834.0630
2025-03-19 02:48:00,5832.3673
2025-03-19 02:49:00,5833.0097
2025-03-19 02:50:00,5834.8794
2025-03-19 02:51:00,5834.0483
2025-03-19 02:52:00,5834.0483
2025-03-19 02:53:00,5834.0424
2025-03-19 02:54:00,5833.5003
2025-03-19 02:55:00,5833.5212
2025-03-19 02:56:00,5833.4969
2025-03-19 02:57:00,5832.9275
2025-03-19 02:58:00,5834.4311
2025-03-19 02:59:00,5833.5111
2025-03-19 03:00:00,5833.4800
2025-03-19 03:01:00,5832.8940
2025-03-19 03:02:00,5833.4642
2025-03-19 03:03:00,5832.9142
2025-03-19 03:04:00,5832.9064
2025-03-19 03:05:00,5833.9588
2025-03-19 03:06:00,5833.4717
2025-03-19 03:07:00,5833.4471
2025-03-19 03:08:00,5833.9684
2025-03-19 03:09:00,5833.4368
2025-03-19 03:10:00,5833.9407
2025-03-19 03:11:00,5832.8222
2025-03-19 03:12:00,5832.1410
2025-03-19 03:13:00,5833.3981
2025-03-19 03:14:00,5833.9035
2025-03-19 03:15:00,5833.3842
2025-03-19 03:16:00,5832.7983
2025-03-19 03:17:00,5832.0892
2025-03-19 03:18:00,5832.7365
2025-03-19 03:19:00,5832.7323
2025-03-19 03:20:00,5833.8374
2025-03-19 03:21:00,5833.2976
2025-03-19 03:22:00,5833.8150
2025-03-19 03:23:00,5833.8119
2025-03-19 03:24:00,5831.9835
2025-03-19 03:26:00,5832.6407
2025-03-19 03:27:00,5832.6107
2025-03-19 03:28:00,5834.2208
2025-03-19 03:29:00,5833.7474
2025-03-19 03:30:00,5833.2024
2025-03-19 03:31:00,5831.8701
2025-03-19 03:32:00,5833.7280
2025-03-19 03:33:00,5832.5768
2025-03-19 03:34:00,5832.5685
2025-03-19 03:35:00,5831.8456
2025-03-19 03:36:00,5833.1466
2025-03-19 03:37:00,5832.5252
2025-03-19 03:38:00,5832.5252
2025-03-19 03:39:00,5832.5167
2025-03-19 03:40:00,5833.1319
2025-03-19 03:41:00,5832.5082
2025-03-19 03:42:00,5831.7802
2025-03-19 03:43:00,5834.1460
2025-03-19 03:44:00,5833.0843
2025-03-19 03:45:00,5833.0806
2025-03-19 03:46:00,5833.0768
2025-03-19 03:47:00,5833.0731
2025-03-19 03:48:00,5833.0693
2025-03-19 03:49:00,5832.4049
2025-03-19 03:50:00,5833.5874
2025-03-19 03:51:00,5833.0310
2025-03-19 03:52:00,5833.0272
2025-03-19 03:53:00,5833.5567
2025-03-19 03:54:00,5832.3284
2025-03-19 03:55:00,5831.5864
2025-03-19 03:56:00,5832.3151
2025-03-19 03:57:00,5831.5387
2025-03-19 03:58:00,5833.5192
2025-03-19 03:59:00,5832.9491
2025-03-19 04:00:00,5832.9453
2025-03-19 04:01:00,5832.2559
2025-03-19 04:02:00,5830.5861
2025-03-19 04:03:00,5832.2234
2025-03-19 04:04:00,5831.4849
2025-03-19 04:05:00,5832.8978
2025-03-19 04:06:00,5832.8736
2025-03-19 04:07:00,5832.8657
2025-03-19 04:08:00,5833.4464
2025-03-19 04:09:00,5832.2007
2025-03-19 04:10:00,5832.8293
2025-03-19 04:11:00,5831.3592
2025-03-19 04:12:00,5832.1397
2025-03-19 04:13:00,5831.3484
2025-03-19 04:14:00,5832.8091
2025-03-19 04:15:00,5832.8051
2025-03-19 04:16:00,5833.3831
2025-03-19 04:17:00,5831.3375
2025-03-19 04:18:00,5832.0875
2025-03-19 04:19:00,5831.2530
2025-03-19 04:20:00,5832.0782
2025-03-19 04:21:00,5832.7351
2025-03-19 04:22:00,5833.3185
2025-03-19 04:23:00,5832.7229
2025-03-19 04:24:00,5831.2309
2025-03-19 04:25:00,5833.3079
2025-03-19 04:26:00,5832.0256
2025-03-19 04:27:00,5831.9839
2025-03-19 04:28:00,5833.2694
2025-03-19 04:29:00,5833.2694
2025-03-19 04:30:00,5832.6665
2025-03-19 04:31:00,5832.6665
2025-03-19 04:32:00,5832.6665
2025-03-19 04:33:00,5831.9695
2025-03-19 04:34:00,5831.9447
2025-03-19 04:35:00,5831.9399
2025-03-19 04:36:00,5833.2470
2025-03-19 04:37:00,5831.9098
2025-03-19 04:38:00,5832.6193
2025-03-19 04:39:00,5831.0889
2025-03-19 04:40:00,5832.6235
2025-03-19 04:41:00,5832.6317
2025-03-19 04:42:00,5831.1117
2025-03-19 04:43:00,5833.2392
2025-03-19 04:44:00,5833.2500
2025-03-19 04:45:00,5832.6142
2025-03-19 04:46:00,5831.9038
2025-03-19 04:47:00,5832.6183
2025-03-19 04:48:00,5832.6183
2025-03-19 04:49:00,5831.8883
2025-03-19 04:50:00,5833.2051
2025-03-19 04:51:00,5832.5967
2025-03-19 04:52:00,5832.6009
2025-03-19 04:53:00,5832.9575
2025-03-19 04:54:00,5832.3052
2025-03-19 04:55:00,5832.9336
2025-03-19 04:56:00,5832.2687
2025-03-19 04:57:00,5831.5091
2025-03-19 04:58:00,5833.4762
2025-03-19 04:59:00,5832.9103
2025-03-19 05:00:00,5832.5322
2025-03-19 05:01:00,5830.9808
2025-03-19 05:02:00,5829.9194
2025-03-19 05:03:00,5831.7825
2025-03-19 05:04:00,5830.8842
2025-03-19 05:05:00,5832.4707
2025-03-19 05:06:00,5831.7314
2025-03-19 05:07:00,5832.4578
2025-03-19 05:08:00,5832.4268
2025-03-19 05:09:00,5830.8545
2025-03-19 05:10:00,5831.6800
2025-03-19 05:11:00,5831.6749
2025-03-19 05:12:00,5831.6698
2025-03-19 05:13:00,5830.7934
2025-03-19 05:14:00,5831.6463
2025-03-19 05:15:00,5831.6360
2025-03-19 05:16:00,5832.3489
2025-03-19 05:17:00,5829.6956
2025-03-19 05:18:00,5830.7533
2025-03-19 05:19:00,5830.7094
2025-03-19 05:20:00,5830.6848
2025-03-19 05:21:00,5832.3585
2025-03-19 05:22:00,5832.2902
2025-03-19 05:23:00,5832.2857
2025-03-19 05:24:00,5829.5435
2025-03-19 05:25:00,5831.5146
2025-03-19 05:26:00,5831.5146
2025-03-19 05:27:00,5830.6089
2025-03-19 05:28:00,5832.9237
2025-03-19 05:29:00,5831.4936
2025-03-19 05:30:00,5831.4936
2025-03-19 05:31:00,5831.4117
2025-03-19 05:32:00,5831.4447
2025-03-19 05:33:00,5831.9145
2025-03-19 05:34:00,5830.0819
2025-03-19 05:35:00,5831.0874
2025-03-19 05:36:00,5832.5998
2025-03-19 05:37:00,5831.8954
2025-03-19 05:38:00,5832.5617
2025-03-19 05:39:00,5830.0051
2025-03-19 05:40:00,5831.8207
2025-03-19 05:41:00,5831.8007
2025-03-19 05:42:00,5830.9824
2025-03-19 05:43:00,5832.5231
2025-03-19 05:44:00,5832.1050
2025-03-19 05:45:00,5831.7963
2025-03-19 05:46:00,5832.1003
2025-03-19 05:47:00,5832.0812
2025-03-19 05:48:00,5831.2852
2025-03-19 05:49:00,5831.2852
2025-03-19 05:50:00,5832.7002
2025-03-19 05:51:00,5831.2287
2025-03-19 05:52:00,5831.2231
2025-03-19 05:53:00,5831.1886
2025-03-19 05:54:00,5830.2608
2025-03-19 05:55:00,5830.2608
2025-03-19 05:56:00,5830.2542
2025-03-19 05:57:00,5830.2408
2025-03-19 05:58:00,5829.0513
2025-03-19 05:59:00,5831.9581
2025-03-19 06:00:00,5831.1458
2025-03-19 06:01:00,5831.1401
2025-03-19 06:02:00,5828.9839
2025-03-19 06:03:00,5831.9533
2025-03-19 06:04:00,5830.1546
2025-03-19 06:05:00,5832.6443
2025-03-19 06:06:00,5829.3605
2025-03-19 06:07:00,5831.9244
2025-03-19 06:08:00,5831.0648
2025-03-19 06:09:00,5830.0352
2025-03-19 06:10:00,5831.0591
2025-03-19 06:11:00,5828.8649
2025-03-19 06:12:00,5830.0572
2025-03-19 06:13:00,5831.8445
2025-03-19 06:14:00,5830.0074
2025-03-19 06:15:00,5829.9935
2025-03-19 06:16:00,5831.7992
2025-03-19 06:17:00,5829.9357
2025-03-19 06:18:00,5829.9286
2025-03-19 06:19:00,5829.9216
2025-03-19 06:20:00,5828.6900
2025-03-19 06:21:00,5830.8923
2025-03-19 06:22:00,5830.8864
2025-03-19 06:23:00,5830.9171
2025-03-19 06:24:00,5830.5070
2025-03-19 06:25:00,5831.4091
2025-03-19 06:26:00,5831.3652
2025-03-19 06:27:00,5830.4485
2025-03-19 06:28:00,5830.4026
2025-03-19 06:29:00,5831.3320
2025-03-19 06:30:00,5831.3492
2025-03-19 06:31:00,5831.3438
2025-03-19 06:32:00,5830.3898
2025-03-19 06:33:00,5830.3898
2025-03-19 06:34:00,5831.3159
2025-03-19 06:35:00,5829.2532
2025-03-19 06:36:00,5832.7346
2025-03-19 06:37:00,5831.2603
2025-03-19 06:38:00,5830.3106
2025-03-19 06:39:00,5830.3236
2025-03-19 06:40:00,5831.2324
2025-03-19 06:41:00,5830.2838
2025-03-19 06:42:00,5830.3040
2025-03-19 06:43:00,5832.0143
2025-03-19 06:44:00,5832.0189
2025-03-19 06:45:00,5831.2275
2025-03-19 06:46:00,5831.1960
2025-03-19 06:47:00,5829.4672
2025-03-19 06:48:00,5831.9784
2025-03-19 06:49:00,5830.2204
2025-03-19 06:50:00,5829.0708
2025-03-19 06:51:00,5831.1683
2025-03-19 06:52:00,5831.1739
2025-03-19 06:53:00,5831.1282
2025-03-19 06:54:00,5831.1572
2025-03-19 06:55:00,5831.1170
2025-03-19 06:56:00,5830.1522
2025-03-19 06:57:00,5828.9286
2025-03-19 06:58:00,5831.1055
2025-03-19 06:59:00,5831.8907
2025-03-19 07:00:00,5831.0593
2025-03-19 07:01:00,5831.0886
2025-03-19 07:02:00,5828.8955
2025-03-19 07:03:00,5830.0698
2025-03-19 07:04:00,5830.0766
2025-03-19 07:05:00,5828.8183
2025-03-19 07:06:00,5831.8315
2025-03-19 07:07:00,5829.9638
2025-03-19 07:08:00,5830.9537
2025-03-19 07:09:00,5829.1911
2025-03-19 07:10:00,5830.9479
2025-03-19 07:11:00,5828.7930
2025-03-19 07:12:00,5829.9859
2025-03-19 07:13:00,5828.7491
2025-03-19 07:14:00,5831.7768
2025-03-19 07:15:00,5830.8941
2025-03-19 07:16:00,5831.7361
2025-03-19 07:17:00,5829.8783
2025-03-19 07:18:00,5830.8459
2025-03-19 07:19:00,5829.8275
2025-03-19 07:20:00,5829.8204
2025-03-19 07:21:00,5831.6953
2025-03-19 07:22:00,5830.8400
2025-03-19 07:23:00,5830.8341
2025-03-19 07:24:00,5829.7615
2025-03-19 07:25:00,5829.7615
2025-03-19 07:26:00,5829.7471
2025-03-19 07:27:00,5829.7471
2025-03-19 07:28:00,5828.4830
2025-03-19 07:29:00,5831.6073
2025-03-19 07:30:00,5830.7420
2025-03-19 07:31:00,5830.7051
2025-03-19 07:32:00,5827.8102
2025-03-19 07:33:00,5830.7118
2025-03-19 07:34:00,5828.8390
2025-03-19 07:35:00,5828.8135
2025-03-19 07:36:00,5829.9937
2025-03-19 07:37:00,5829.9727
2025-03-19 07:38:00,5829.9734
2025-03-19 07:39:00,5829.9663
2025-03-19 07:40:00,5828.7010
2025-03-19 07:41:00,5829.9235
2025-03-19 07:42:00,5828.6663
2025-03-19 07:43:00,5827.0364
2025-03-19 07:44:00,5830.8823
2025-03-19 07:45:00,5828.5764
2025-03-19 07:46:00,5828.5498
2025-03-19 07:47:00,5827.3740
2025-03-19 07:48:00,5826.9468
2025-03-19 07:49:00,5828.5053
2025-03-19 07:50:00,5826.9242
2025-03-19 07:51:00,5829.7117
2025-03-19 07:52:00,5828.4874
2025-03-19 07:53:00,5829.6584
2025-03-19 07:54:00,5829.6746
2025-03-19 07:55:00,5828.3767
2025-03-19 07:56:00,5828.3767
2025-03-19 07:57:00,5826.6540
2025-03-19 07:58:00,5830.6734
2025-03-19 07:59:00,5830.6549
2025-03-19 08:00:00,5829.5840
2025-03-19 08:01:00,5829.5765
2025-03-19 08:02:00,5826.9863
2025-03-19 08:03:00,5829.5071
2025-03-19 08:04:00,5826.4342
2025-03-19 08:05:00,5826.3977
2025-03-19 08:06:00,5829.4289
2025-03-19 08:07:00,5828.1406
2025-03-19 08:08:00,5828.0818
2025-03-19 08:09:00,5826.7506
2025-03-19 08:10:00,5829.1303
2025-03-19 08:11:00,5828.0435
2025-03-19 08:12:00,5828.0531
2025-03-19 08:13:00,5829.4457
2025-03-19 08:14:00,5829.3418
2025-03-19 08:15:00,5827.9639
2025-03-19 08:16:00,5827.9639
2025-03-19 08:17:00,5826.6107
2025-03-19 08:18:00,5827.9639
2025-03-19 08:19:00,5826.2223
2025-03-19 08:20:00,5827.9444
2025-03-19 08:21:00,5826.5729
2025-03-19 08:22:00,5829.2948
2025-03-19 08:23:00,5827.9151
2025-03-19 08:24:00,5827.8345
2025-03-19 08:25:00,5826.1014
2025-03-19 08:26:00,5826.0225
2025-03-19 08:27:00,5825.9969
2025-03-19 08:28:00,5826.3832
2025-03-19 08:29:00,5830.3198
2025-03-19 08:30:00,5825.9711
2025-03-19 08:31:00,5827.7385
2025-03-19 08:32:00,5825.9453
2025-03-19 08:33:00,5827.6760
2025-03-19 08:34:00,5828.7154
2025-03-19 08:35:00,5826.1266
2025-03-19 08:36:00,5827.5816
2025-03-19 08:37:00,5825.7163
2025-03-19 08:38:00,5825.7163
2025-03-19 08:39:00,5827.5506
2025-03-19 08:40:00,5825.7030
2025-03-19 08:41:00,5825.6762
2025-03-19 08:42:00,5827.5299
2025-03-19 08:43:00,5826.0455
2025-03-19 08:44:00,5827.5091
2025-03-19 08:45:00,5827.4769
2025-03-19 08:46:00,5825.4953
2025-03-19 08:47:00,5828.4216
2025-03-19 08:48:00,5825.7613
2025-03-19 08:49:00,5825.4678
2025-03-19 08:50:00,5825.8621
2025-03-19 08:51:00,5827.3584
2025-03-19 08:52:00,5827.2816
2025-03-19 08:53:00,5827.3584
2025-03-19 08:54:00,5827.2816
2025-03-19 08:55:00,5825.4264
2025-03-19 08:56:00,5827.3265
2025-03-19 08:57:00,5825.6011
2025-03-19 08:58:00,5830.5548
2025-03-19 08:59:00,5825.2973
2025-03-19 09:00:00,5825.2097
2025-03-19 09:01:00,5825.5866
2025-03-19 09:02:00,5828.1946
2025-03-19 09:03:00,5826.5151
2025-03-19 09:04:00,5826.8269
2025-03-19 09:05:00,5826.8772
2025-03-19 09:06:00,5828.1466
2025-03-19 09:07:00,5828.0787
2025-03-19 09:08:00,5826.3930
2025-03-19 09:09:00,5826.7901
2025-03-19 09:10:00,5829.1438
2025-03-19 09:11:00,5828.0787
2025-03-19 09:12:00,5826.7026
2025-03-19 09:13:00,5829.0552
2025-03-19 09:14:00,5829.3816
2025-03-19 09:15:00,5824.8688
2025-03-19 09:16:00,5826.2325
2025-03-19 09:17:00,5827.9966
2025-03-19 09:18:00,5824.7848
2025-03-19 09:19:00,5824.8475
2025-03-19 09:20:00,5825.2190
2025-03-19 09:21:00,5824.7245
2025-03-19 09:22:00,5828.4073
2025-03-19 09:23:00,5824.6638
2025-03-19 09:24:00,5824.6638
2025-03-19 09:25:00,5827.8597
2025-03-19 09:26:00,5824.7576
2025-03-19 09:27:00,5825.1123
2025-03-19 09:28:00,5825.1123
2025-03-19 09:29:00,5826.6341
2025-03-19 09:30:00,5824.5371
2025-03-19 09:31:00,5826.6224
2025-03-19 09:32:00,5826.6341
2025-03-19 09:33:00,5826.6105
2025-03-19 09:34:00,5824.8401
2025-03-19 09:35:00,5827.6488
2025-03-19 09:36:00,5828.2489
2025-03-19 09:37:00,5824.4437
2025-03-19 09:38:00,5824.8083
2025-03-19 09:39:00,5824.4437
2025-03-19 09:40:00,5824.6757
2025-03-19 09:41:00,5824.5583
2025-03-19 09:42:00,5824.6432
2025-03-19 09:43:00,5827.4966
2025-03-19 09:44:00,5826.4015
2025-03-19 09:45:00,5826.4644
2025-03-19 09:46:00,5824.2816
2025-03-19 09:47:00,5824.5418
2025-03-19 09:48:00,5824.1660
2025-03-19 09:49:00,5824.1660
2025-03-19 09:50:00,5827.3928
2025-03-19 09:51:00,5826.2635
2025-03-19 09:52:00,5827.2607
2025-03-19 09:53:00,5824.2321
2025-03-19 09:54:00,5823.8451
2025-03-19 09:55:00,5824.1978
2025-03-19 09:56:00,5823.8282
2025-03-19 09:57:00,5824.1634
2025-03-19 09:58:00,5829.6889
2025-03-19 09:59:00,5826.1108
2025-03-19 10:00:00,5827.0867
2025-03-19 10:01:00,5823.7605
2025-03-19 10:02:00,5829.6472
2025-03-19 10:03:00,5823.6193
2025-03-19 10:04:00,5823.6193
2025-03-19 10:05:00,5823.9493
2025-03-19 10:06:00,5825.8881
2025-03-19 10:07:00,5826.9486
2025-03-19 10:08:00,5823.5132
2025-03-19 10:09:00,5823.4782
2025-03-19 10:10:00,5826.8788
2025-03-19 10:11:00,5825.5068
2025-03-19 10:12:00,5823.8226
2025-03-19 10:13:00,5823.7866
2025-03-19 10:14:00,5825.8226
2025-03-19 10:15:00,5823.3966
2025-03-19 10:16:00,5823.3611
2025-03-19 10:17:00,5828.0141
2025-03-19 10:18:00,5824.9835
2025-03-19 10:19:00,5825.3524
2025-03-19 10:20:00,5825.3082
2025-03-19 10:21:00,5826.9642
2025-03-19 10:22:00,5828.4847
2025-03-19 10:23:00,5823.5740
2025-03-19 10:24:00,5823.5555
2025-03-19 10:25:00,5823.5555
2025-03-19 10:26:00,5823.1811
2025-03-19 10:27:00,5823.3885
2025-03-19 10:28:00,5826.5252
2025-03-19 10:29:00,5825.5520
2025-03-19 10:30:00,5823.1440
2025-03-19 10:31:00,5823.0353
2025-03-19 10:32:00,5822.9981
2025-03-19 10:33:00,5822.9795
2025-03-19 10:34:00,5829.2144
2025-03-19 10:35:00,5823.4258
2025-03-19 10:36:00,5825.6013
2025-03-19 10:37:00,5823.4068
2025-03-19 10:38:00,5823.0701
2025-03-19 10:39:00,5823.0734
2025-03-19 10:40:00,5823.3921
2025-03-19 10:41:00,5823.0548
2025-03-19 10:42:00,5823.1826
2025-03-19 10:43:00,5829.2870
2025-03-19 10:44:00,5825.6590
2025-03-19 10:45:00,5825.6453
2025-03-19 10:46:00,5823.1271
2025-03-19 10:47:00,5826.6222
2025-03-19 10:48:00,5829.3548
2025-03-19 10:49:00,5823.1271
2025-03-19 10:50:00,5826.7140
2025-03-19 10:51:00,5825.5905
2025-03-19 10:52:00,5825.7127
2025-03-19 10:53:00,5823.2027
2025-03-19 10:54:00,5823.1656
2025-03-19 10:55:00,5829.4395
2025-03-19 10:56:00,5823.5094
2025-03-19 10:57:00,5826.7718
2025-03-19 10:58:00,5829.3958
2025-03-19 10:59:00,5825.7625
2025-03-19 11:00:00,5830.3733
2025-03-19 11:01:00,5825.2134
2025-03-19 11:02:00,5829.5919
2025-03-19 11:03:00,5829.4747
2025-03-19 11:04:00,5826.8350
2025-03-19 11:05:00,5826.7192
2025-03-19 11:06:00,5826.8063
2025-03-19 11:07:00,5823.5320
2025-03-19 11:08:00,5823.2773
2025-03-19 11:09:00,5823.2402
2025-03-19 11:10:00,5826.7774
2025-03-19 11:11:00,5823.5704
2025-03-19 11:12:00,5823.6086
2025-03-19 11:13:00,5829.4944
2025-03-19 11:14:00,5826.7193
2025-03-19 11:15:00,5823.2411
2025-03-19 11:16:00,5823.2598
2025-03-19 11:17:00,5823.6106
2025-03-19 11:18:00,5826.7729
2025-03-19 11:19:00,5823.5915
2025-03-19 11:20:00,5831.9151
2025-03-19 11:21:00,5829.5712
2025-03-19 11:22:00,5825.7277
2025-03-19 11:23:00,5826.7292
2025-03-19 11:24:00,5829.5494
2025-03-19 11:25:00,5829.5494
2025-03-19 11:26:00,5823.5531
2025-03-19 11:27:00,5823.5820
2025-03-19 11:28:00,5826.8661
2025-03-19 11:29:00,5823.3452
2025-03-19 11:30:00,5823.2618
2025-03-19 11:31:00,5823.3266
2025-03-19 11:32:00,5823.2242
2025-03-19 11:33:00,5823.2757
2025-03-19 11:34:00,5823.2967
2025-03-19 11:35:00,5826.8647
2025-03-19 11:36:00,5825.8319
2025-03-19 11:37:00,5823.6953
2025-03-19 11:38:00,5823.6953
2025-03-19 11:39:00,5823.4898
2025-03-19 11:40:00,5827.0570
2025-03-19 11:41:00,5823.6597
2025-03-19 11:42:00,5824.0502
2025-03-19 11:43:00,5829.9097
2025-03-19 11:44:00,5826.0394
2025-03-19 11:45:00,5826.0563
2025-03-19 11:46:00,5824.0930
2025-03-19 11:47:00,5823.7423
2025-03-19 11:48:00,5824.1358
2025-03-19 11:49:00,5823.9104
2025-03-19 11:50:00,5824.1571
2025-03-19 11:51:00,5829.9898
2025-03-19 11:52:00,5826.3475
2025-03-19 11:53:00,5823.9931
2025-03-19 11:54:00,5824.5261
2025-03-19 11:55:00,5827.5850
2025-03-19 11:56:00,5824.0135
2025-03-19 11:57:00,5827.4903
2025-03-19 11:58:00,5827.4903
2025-03-19 11:59:00,5826.4843
2025-03-19 12:00:00,5824.0135
2025-03-19 12:01:00,5824.1190
2025-03-19 12:02:00,5824.5261
2025-03-19 12:03:00,5830.2974
2025-03-19 12:04:00,5824.5681
2025-03-19 12:05:00,5827.6577
2025-03-19 12:06:00,5827.7697
2025-03-19 12:07:00,5824.3860
2025-03-19 12:08:00,5824.8893
2025-03-19 12:09:00,5824.5098
2025-03-19 12:10:00,5830.4572
2025-03-19 12:11:00,5824.4061
2025-03-19 12:12:00,5827.9536
2025-03-19 12:13:00,5827.9893
2025-03-19 12:14:00,5830.5993
2025-03-19 12:15:00,5824.4461
2025-03-19 12:16:00,5827.9714
2025-03-19 12:17:00,5824.5895
2025-03-19 12:18:00,5828.0249
2025-03-19 12:19:00,5825.0335
2025-03-19 12:20:00,5825.2545
2025-03-19 12:21:00,5830.7315
2025-03-19 12:22:00,5826.9922
2025-03-19 12:23:00,5825.1895
2025-03-19 12:24:00,5828.1955
2025-03-19 12:25:00,5828.2693
2025-03-19 12:26:00,5824.9017
2025-03-19 12:27:00,5825.3154
2025-03-19 12:28:00,5825.3964
2025-03-19 12:29:00,5824.8390
2025-03-19 12:30:00,5828.2483
2025-03-19 12:31:00,5825.3964
2025-03-19 12:32:00,5825.1405
2025-03-19 12:33:00,5825.5823
2025-03-19 12:34:00,5827.3519
2025-03-19 12:35:00,5825.6024
2025-03-19 12:36:00,5827.3519
2025-03-19 12:37:00,5827.3678
2025-03-19 12:38:00,5825.1987
2025-03-19 12:39:00,5825.6424
2025-03-19 12:40:00,5828.6234
2025-03-19 12:41:00,5825.6624
2025-03-19 12:42:00,5825.6823
2025-03-19 12:43:00,5828.6045
2025-03-19 12:44:00,5831.1300
2025-03-19 12:45:00,5827.3996
2025-03-19 12:46:00,5825.3961
2025-03-19 12:47:00,5828.6390
2025-03-19 12:48:00,5828.8334
2025-03-19 12:49:00,5825.4536
2025-03-19 12:50:00,5825.9861
2025-03-19 12:51:00,5827.6573
2025-03-19 12:52:00,5827.6729
2025-03-19 12:53:00,5825.5891
2025-03-19 12:54:00,5825.6081
2025-03-19 12:55:00,5826.1856
2025-03-19 12:56:00,5826.0646
2025-03-19 12:57:00,5828.9524
2025-03-19 12:58:00,5828.9863
2025-03-19 12:59:00,5825.6651
2025-03-19 13:00:00,5829.0032
2025-03-19 13:01:00,5825.8208
2025-03-19 13:02:00,5825.8396
2025-03-19 13:03:00,5829.1083
2025-03-19 13:04:00,5829.1419
2025-03-19 13:05:00,5829.1251
2025-03-19 13:06:00,5829.1083
2025-03-19 13:07:00,5833.6531
2025-03-19 13:08:00,5825.7831
2025-03-19 13:09:00,5825.8208
2025-03-19 13:10:00,5825.9371
2025-03-19 13:11:00,5825.9745
2025-03-19 13:12:00,5826.4228
2025-03-19 13:13:00,5826.4613
2025-03-19 13:14:00,5831.6962
2025-03-19 13:15:00,5826.1838
2025-03-19 13:16:00,5826.5199
2025-03-19 13:17:00,5826.2208
2025-03-19 13:18:00,5829.4813
2025-03-19 13:19:00,5826.6955
2025-03-19 13:20:00,5829.4813
2025-03-19 13:21:00,5831.9129
2025-03-19 13:22:00,5829.5306
2025-03-19 13:23:00,5826.7525
2025-03-19 13:24:00,5826.7714
2025-03-19 13:25:00,5826.7335
2025-03-19 13:26:00,5826.3315
2025-03-19 13:27:00,5826.8507
2025-03-19 13:28:00,5829.6482
2025-03-19 13:29:00,5828.3946
2025-03-19 13:30:00,5826.4451
2025-03-19 13:31:00,5829.7395
2025-03-19 13:32:00,5826.5477
2025-03-19 13:33:00,5826.9941
2025-03-19 13:34:00,5827.1471
2025-03-19 13:35:00,5827.1471
2025-03-19 13:36:00,5832.2200
2025-03-19 13:37:00,5828.4946
2025-03-19 13:38:00,5826.5841
2025-03-19 13:39:00,5827.0315
2025-03-19 13:40:00,5829.8042
2025-03-19 13:41:00,5827.1657
2025-03-19 13:42:00,5826.7145
2025-03-19 13:43:00,5829.9520
2025-03-19 13:44:00,5826.9346
2025-03-19 13:45:00,5827.3139
2025-03-19 13:46:00,5827.4654
2025-03-19 13:47:00,5827.0060
2025-03-19 13:48:00,5827.4837
2025-03-19 13:49:00,5830.2258
2025-03-19 13:50:00,5830.3544
2025-03-19 13:51:00,5834.5921
2025-03-19 13:52:00,5830.4323
2025-03-19 13:53:00,5827.3278
2025-03-19 13:54:00,5827.7383
2025-03-19 13:55:00,5832.7668
2025-03-19 13:56:00,5832.7111
2025-03-19 13:57:00,5830.5717
2025-03-19 13:58:00,5830.5872
2025-03-19 13:59:00,5830.6333
2025-03-19 14:00:00,5829.4052
2025-03-19 14:01:00,5827.5895
2025-03-19 14:02:00,5827.7490
2025-03-19 14:03:00,5833.0450
2025-03-19 14:04:00,5827.8349
2025-03-19 14:05:00,5830.8960
2025-03-19 14:06:00,5830.9276
2025-03-19 14:07:00,5829.5771
2025-03-19 14:08:00,5828.3682
2025-03-19 14:09:00,5827.8006
2025-03-19 14:10:00,5828.2265
2025-03-19 14:11:00,5828.8687
2025-03-19 14:12:00,5828.5430
2025-03-19 14:13:00,5829.1071
2025-03-19 14:14:00,5829.0550
2025-03-19 14:15:00,5831.3778
2025-03-19 14:16:00,5828.4918
2025-03-19 14:17:00,5828.4752
2025-03-19 14:18:00,5831.4307
2025-03-19 14:19:00,5828.9027
2025-03-19 14:20:00,5828.9746
2025-03-19 14:21:00,5831.4196
2025-03-19 14:22:00,5828.3794
2025-03-19 14:23:00,5828.3643
2025-03-19 14:24:00,5831.2742
2025-03-19 14:25:00,5828.3341
2025-03-19 14:26:00,5828.8093
2025-03-19 14:27:00,5828.6689
2025-03-19 14:28:00,5828.8986
2025-03-19 14:29:00,5829.9967
2025-03-19 14:30:00,5831.3394
2025-03-19 14:31:00,5831.2362
2025-03-19 14:32:00,5828.8134
2025-03-19 14:33:00,5831.3247
2025-03-19 14:34:00,5828.1873
2025-03-19 14:35:00,5828.7792
2025-03-19 14:36:00,5833.5516
2025-03-19 14:37:00,5828.3579
2025-03-19 14:38:00,5831.3100
2025-03-19 14:39:00,5828.8305
2025-03-19 14:40:00,5835.2516
2025-03-19 14:41:00,5833.4495
2025-03-19 14:42:00,5828.3818
2025-03-19 14:43:00,5831.2658
2025-03-19 14:44:00,5828.2313
2025-03-19 14:45:00,5828.3651
2025-03-19 14:46:00,5828.3818
2025-03-19 14:47:00,5828.4483
2025-03-19 14:48:00,5831.3778
2025-03-19 14:49:00,5828.4151
2025-03-19 14:50:00,5831.4827
2025-03-19 14:51:00,5833.5445
2025-03-19 14:52:00,5833.6457
2025-03-19 14:53:00,5833.6334
2025-03-19 14:54:00,5829.0814
2025-03-19 14:55:00,5829.1486
2025-03-19 14:56:00,5833.7193
2025-03-19 14:57:00,5831.6418
2025-03-19 14:58:00,5831.6418
2025-03-19 14:59:00,5835.5055
2025-03-19 15:00:00,5829.1318
2025-03-19 15:01:00,5828.7518
2025-03-19 15:02:00,5829.2696
2025-03-19 15:03:00,5833.7077
2025-03-19 15:04:00,5829.2862
2025-03-19 15:05:00,5831.7312
2025-03-19 15:06:00,5831.7455
2025-03-19 15:07:00,5833.8317
2025-03-19 15:08:00,5828.8171
2025-03-19 15:09:00,5828.8171
2025-03-19 15:10:00,5828.8171
2025-03-19 15:11:00,5831.8761
2025-03-19 15:12:00,5829.3692
2025-03-19 15:13:00,5833.8438
2025-03-19 15:14:00,5831.8025
2025-03-19 15:15:00,5830.3974
2025-03-19 15:16:00,5828.8496
2025-03-19 15:17:00,5829.6065
2025-03-19 15:18:00,5834.0286
2025-03-19 15:19:00,5829.0667
2025-03-19 15:20:00,5831.9923
2025-03-19 15:21:00,5831.9923
2025-03-19 15:22:00,5829.0827
2025-03-19 15:23:00,5829.5902
2025-03-19 15:24:00,5829.0827
2025-03-19 15:25:00,5829.0827
2025-03-19 15:26:00,5833.9668
2025-03-19 15:27:00,5834.0405
2025-03-19 15:28:00,5831.9051
2025-03-19 15:29:00,5829.0988
2025-03-19 15:30:00,5830.6771
2025-03-19 15:31:00,5829.6065
2025-03-19 15:32:00,5829.7244
2025-03-19 15:33:00,5832.0935
2025-03-19 15:34:00,5829.7082
2025-03-19 15:35:00,5832.0795
2025-03-19 15:36:00,5834.0552
2025-03-19 15:37:00,5829.1026
2025-03-19 15:38:00,5829.5941
2025-03-19 15:39:00,5831.9675
2025-03-19 15:40:00,5829.0896
2025-03-19 15:41:00,5835.6342
2025-03-19 15:42:00,5831.9279
2025-03-19 15:43:00,5833.9383
2025-03-19 15:44:00,5833.9263
2025-03-19 15:45:00,5831.9735
2025-03-19 15:46:00,5829.2214
2025-03-19 15:47:00,5829.4447
2025-03-19 15:48:00,5834.3406
2025-03-19 15:49:00,5829.6156
2025-03-19 15:50:00,5832.6065
2025-03-19 15:51:00,5830.3837
2025-03-19 15:52:00,5834.6690
2025-03-19 15:53:00,5830.4578
2025-03-19 15:54:00,5832.7330
2025-03-19 15:55:00,5830.1201
2025-03-19 15:56:00,5834.7639
2025-03-19 15:57:00,5830.7322
2025-03-19 15:58:00,5833.1154
2025-03-19 15:59:00,5831.7983
2025-03-19 16:00:00,5830.6279
2025-03-19 16:01:00,5831.3348
2025-03-19 16:02:00,5830.6866
2025-03-19 16:03:00,5833.3426
2025-03-19 16:04:00,5833.3679
2025-03-19 16:05:00,5831.1993
2025-03-19 16:06:00,5833.4056
2025-03-19 16:07:00,5831.2584
2025-03-19 16:08:00,5831.0320
2025-03-19 16:09:00,5834.0527
2025-03-19 16:10:00,5832.4202
2025-03-19 16:11:00,5833.2821
2025-03-19 16:12:00,5833.9276
2025-03-19 16:13:00,5834.3027
2025-03-19 16:14:00,5832.3348
2025-03-19 16:15:00,5834.3598
2025-03-19 16:16:00,5831.6401
2025-03-19 16:17:00,5832.2779
2025-03-19 16:18:00,5832.9486
2025-03-19 16:19:00,5834.0763
2025-03-19 16:20:00,5836.3354
2025-03-19 16:21:00,5836.0541
2025-03-19 16:22:00,5831.9112
2025-03-19 16:23:00,5834.4364
2025-03-19 16:24:00,5834.4229
2025-03-19 16:25:00,5834.5046
2025-03-19 16:26:00,5836.1079
2025-03-19 16:27:00,5837.6263
2025-03-19 16:28:00,5834.9279
2025-03-19 16:29:00,5838.3041
2025-03-19 16:30:00,5834.3885
2025-03-19 16:31:00,5835.8542
2025-03-19 16:32:00,5837.0815
2025-03-19 16:33:00,5838.4743
2025-03-19 16:34:00,5838.0209
2025-03-19 16:35:00,5835.3187
2025-03-19 16:36:00,5836.3447
2025-03-19 16:37:00,5832.4055
2025-03-19 16:38:00,5831.9028
2025-03-19 16:39:00,5834.5820
2025-03-19 16:40:00,5835.1395
2025-03-19 16:41:00,5835.4110
2025-03-19 16:42:00,5835.6747
2025-03-19 16:43:00,5838.0876
2025-03-19 16:44:00,5837.9665
2025-03-19 16:45:00,5837.8829
2025-03-19 16:46:00,5835.6446
2025-03-19 16:47:00,5836.8967
2025-03-19 16:48:00,5837.9943
2025-03-19 16:49:00,5834.8478
2025-03-19 16:50:00,5836.4778
2025-03-19 16:51:00,5837.6293
2025-03-19 16:52:00,5834.8337
2025-03-19 16:53:00,5836.2603
2025-03-19 16:54:00,5836.2444
2025-03-19 16:55:00,5834.6039
2025-03-19 16:56:00,5837.7936
2025-03-19 16:57:00,5836.5785
2025-03-19 16:58:00,5836.5893
2025-03-19 16:59:00,5837.7827
2025-03-19 17:00:00,5837.7619
2025-03-19 17:01:00,5836.4848
2025-03-19 17:02:00,5834.9974
2025-03-19 17:03:00,5836.4777
2025-03-19 17:04:00,5837.6932
2025-03-19 17:05:00,5836.4794
2025-03-19 17:06:00,5837.6648
2025-03-19 17:07:00,5834.8611
2025-03-19 17:08:00,5833.0821
2025-03-19 17:09:00,5836.3983
2025-03-19 17:10:00,5834.8927
2025-03-19 17:11:00,5838.6597
2025-03-19 17:12:00,5834.9262
2025-03-19 17:13:00,5836.3628
2025-03-19 17:14:00,5836.4000
2025-03-19 17:15:00,5836.4089
2025-03-19 17:16:00,5836.3270
2025-03-19 17:17:00,5834.7870
2025-03-19 17:18:00,5832.9716
2025-03-19 17:19:00,5834.7764
2025-03-19 17:20:00,5834.7764
2025-03-19 17:21:00,5836.3555
2025-03-19 17:22:00,5832.4862
2025-03-19 17:23:00,5834.8380
2025-03-19 17:24:00,5834.7230
2025-03-19 17:25:00,5834.7956
2025-03-19 17:26:00,5834.7510
2025-03-19 17:27:00,5834.8062
2025-03-19 17:28:00,5836.3343
2025-03-19 17:29:00,5837.5990
2025-03-19 17:30:00,5832.4446
2025-03-19 17:31:00,5834.7743
2025-03-19 17:32:00,5836.2984
2025-03-19 17:33:00,5836.2984
2025-03-19 17:34:00,5836.3432
2025-03-19 17:35:00,5836.3343
2025-03-19 17:36:00,5836.3057
2025-03-19 17:37:00,5832.9299
2025-03-19 17:38:00,5836.2516
2025-03-19 17:39:00,5834.6868
2025-03-19 17:40:00,5834.6654
2025-03-19 17:41:00,5837.2425
2025-03-19 17:42:00,5834.2083
2025-03-19 17:43:00,5837.6295
2025-03-19 17:44:00,5836.3721
2025-03-19 17:45:00,5833.0459
2025-03-19 17:46:00,5834.8405
2025-03-19 17:47:00,5834.8405
2025-03-19 17:48:00,5834.8193
2025-03-19 17:49:00,5837.6151
2025-03-19 17:50:00,5837.6151
2025-03-19 17:51:00,5837.6079
2025-03-19 17:52:00,5836.3453
2025-03-19 17:53:00,5836.3543
2025-03-19 17:54:00,5836.0053
2025-03-19 17:55:00,5834.3062
2025-03-19 17:56:00,5837.2801
2025-03-19 17:57:00,5834.3293
2025-03-19 17:58:00,5835.9668
2025-03-19 17:59:00,5837.2729
2025-03-19 18:00:00,5832.3618
2025-03-19 18:01:00,5835.9959
2025-03-19 18:02:00,5835.9865
2025-03-19 18:03:00,5834.3896
2025-03-19 18:04:00,5835.9574
2025-03-19 18:05:00,5836.0066
2025-03-19 18:06:00,5837.2736
2025-03-19 18:07:00,5837.3250
2025-03-19 18:08:00,5834.4135
2025-03-19 18:09:00,5836.0262
2025-03-19 18:10:00,5834.3666
2025-03-19 18:11:00,5838.2318
2025-03-19 18:12:00,5834.4135
2025-03-19 18:13:00,5836.0634
2025-03-19 18:13:31,5836.1205
2025-03-19 18:14:00,5836.1205
2025-03-19 18:15:00,5832.4887
2025-03-19 18:16:00,5834.4364
2025-03-19 18:17:00,5836.0727
2025-03-19 18:18:00,5834.4250
2025-03-19 18:19:00,5834.4592
2025-03-19 18:20:00,5834.4021
2025-03-19 18:21:00,5836.0448
2025-03-19 18:22:00,5832.4752
2025-03-19 18:23:00,5834.4250
2025-03-19 18:24:00,5834.4250
2025-03-19 18:25:00,5836.1113
2025-03-19 18:26:00,5836.0541
2025-03-19 18:27:00,5834.4364
2025-03-19 18:28:00,5836.1302
2025-03-19 18:29:00,5837.3963
2025-03-19 18:30:00,5832.0921
2025-03-19 18:31:00,5834.5186
2025-03-19 18:32:00,5836.1867
2025-03-19 18:33:00,5837.3963
2025-03-19 18:34:00,5838.3056
2025-03-19 18:35:00,5836.1302
2025-03-19 18:36:00,5836.1302
2025-03-19 18:37:00,5838.2758
2025-03-19 18:38:00,5834.5186
2025-03-19 18:39:00,5834.5771
2025-03-19 18:40:00,5834.5996
2025-03-19 18:41:00,5837.4522
2025-03-19 18:42:00,5834.6108
2025-03-19 18:43:00,5837.4589
2025-03-19 18:44:00,5837.4522
2025-03-19 18:45:00,5832.1456
2025-03-19 18:46:00,5834.6909
2025-03-19 18:47:00,5836.2229
2025-03-19 18:48:00,5834.7020
2025-03-19 18:49:00,5837.5140
2025-03-19 18:50:00,5836.2969
2025-03-19 18:51:00,5837.5676
2025-03-19 18:52:00,5837.5481
2025-03-19 18:53:00,5834.7026
2025-03-19 18:54:00,5834.6915
2025-03-19 18:55:00,5836.2521
2025-03-19 18:56:00,5838.3345
2025-03-19 18:57:00,5834.8039
2025-03-19 18:58:00,5836.3430
2025-03-19 18:59:00,5836.3694
2025-03-19 19:00:00,5832.8866
2025-03-19 19:01:00,5832.9259
2025-03-19 19:02:00,5834.7358
2025-03-19 19:03:00,5834.7820
2025-03-19 19:04:00,5836.2985
2025-03-19 19:05:00,5836.2628
2025-03-19 19:06:00,5836.2538
2025-03-19 19:07:00,5837.5558
2025-03-19 19:08:00,5834.7047
2025-03-19 19:09:00,5834.8565
2025-03-19 19:10:00,5837.6114
2025-03-19 19:11:00,5838.4162
2025-03-19 19:12:00,5836.4535
2025-03-19 19:13:00,5834.9628
2025-03-19 19:14:00,5836.5309
2025-03-19 19:15:00,5836.5649
2025-03-19 19:16:00,5832.7728
2025-03-19 19:17:00,5836.6439
2025-03-19 19:18:00,5835.2318
2025-03-19 19:19:00,5835.2506
2025-03-19 19:20:00,5835.3025
2025-03-19 19:21:00,5835.3745
2025-03-19 19:22:00,5833.1602
2025-03-19 19:23:00,5835.4762
2025-03-19 19:24:00,5835.5466
2025-03-19 19:25:00,5835.6163
2025-03-19 19:26:00,5837.0647
2025-03-19 19:27:00,5837.1281
2025-03-19 19:28:00,5837.1827
2025-03-19 19:29:00,5856.9572
2025-03-19 19:30:00,5859.1939
2025-03-19 19:31:00,5838.4805
2025-03-19 19:32:00,5838.4677
2025-03-19 19:33:00,5838.4450
2025-03-19 19:34:00,5838.4410
2025-03-19 19:35:00,5836.5247
2025-03-19 19:36:00,5838.4336
2025-03-19 19:37:00,5836.3860
2025-03-19 19:38:00,5838.4094
2025-03-19 19:39:00,5837.8550
2025-03-19 19:40:00,5856.8724
2025-03-19 19:41:00,5858.2647
2025-03-19 19:42:00,5859.9625
2025-03-19 19:43:00,5858.8670
2025-03-19 19:44:00,5858.4921
2025-03-19 19:45:00,5857.9169
2025-03-19 19:46:00,5854.2168
2025-03-19 19:47:00,5853.9822
2025-03-19 19:48:00,5838.3819
2025-03-19 19:49:00,5857.1897
2025-03-19 19:50:00,5856.7398
2025-03-19 19:51:00,5856.8330
2025-03-19 19:52:00,5854.8368
2025-03-19 19:53:00,5855.8703
2025-03-19 19:54:00,5837.8159
2025-03-19 19:55:00,5836.8377
2025-03-19 19:56:00,5858.0673
2025-03-19 19:57:00,5855.2815
2025-03-19 19:58:00,5855.3990
2025-03-19 19:59:00,5855.7038
2025-03-19 20:00:00,5858.3804
2025-03-19 20:01:00,5836.6074
2025-03-19 20:02:00,5856.1525
2025-03-19 20:03:00,5837.7191
2025-03-19 20:04:00,5856.1050
2025-03-19 20:05:00,5838.4321
2025-03-19 20:06:00,5838.4287
2025-03-19 20:07:00,5856.2200
2025-03-19 20:08:00,5837.6414
2025-03-19 20:09:00,5838.3756
2025-03-19 20:10:00,5838.3838
2025-03-19 20:11:00,5856.3813
2025-03-19 20:12:00,5838.3954
2025-03-19 20:13:00,5837.5804
2025-03-19 20:14:00,5856.3411
2025-03-19 20:15:00,5836.3339
2025-03-19 20:16:00,5837.5414
2025-03-19 20:17:00,5838.3430
2025-03-19 20:18:00,5838.3233
2025-03-19 20:19:00,5856.5275
2025-03-19 20:20:00,5837.4684
2025-03-19 20:21:00,5856.6722
2025-03-19 20:22:00,5859.0045
2025-03-19 20:23:00,5836.1812
2025-03-19 20:24:00,5837.4004
2025-03-19 20:25:00,5837.4629
2025-03-19 20:26:00,5856.6841
2025-03-19 20:27:00,5837.3866
2025-03-19 20:28:00,5837.4346
2025-03-19 20:29:00,5856.6004
2025-03-19 20:30:00,5834.6376
2025-03-19 20:31:00,5838.3352
2025-03-19 20:32:00,5837.4885
2025-03-19 20:33:00,5837.4604
2025-03-19 20:34:00,5856.5664
2025-03-19 20:35:00,5838.3145
2025-03-19 20:36:00,5856.6026
2025-03-19 20:37:00,5858.9793
2025-03-19 20:38:00,5838.2855
2025-03-19 20:39:00,5838.2900
2025-03-19 20:40:00,5837.4128
2025-03-19 20:41:00,5838.2859
2025-03-19 20:42:00,5838.2775
2025-03-19 20:43:00,5856.6982
2025-03-19 20:44:00,5856.7336
2025-03-19 20:45:00,5836.0601
2025-03-19 20:46:00,5837.3436
2025-03-19 20:47:00,5837.3365
2025-03-19 20:48:00,5836.0415
2025-03-19 20:49:00,5856.7615
2025-03-19 20:50:00,5837.4046
2025-03-19 20:51:00,5856.6767
2025-03-19 20:52:00,5838.2851
2025-03-19 20:53:00,5837.4183
2025-03-19 20:54:00,5837.3978
2025-03-19 20:55:00,5838.2809
2025-03-19 20:56:00,5856.7004
2025-03-19 20:57:00,5837.3909
2025-03-19 20:58:00,5837.3909
2025-03-19 20:59:00,5838.2640
2025-03-19 21:00:00,5838.2598
2025-03-19 21:01:00,5836.0861
2025-03-19 21:02:00,5838.2598
2025-03-19 21:03:00,5837.3701
2025-03-19 21:04:00,5837.3632
2025-03-19 21:05:00,5837.3632
2025-03-19 21:06:00,5859.0702
2025-03-19 21:07:00,5856.7593
2025-03-19 21:08:00,5836.0768
2025-03-19 21:09:00,5838.2775
2025-03-19 21:10:00,5838.2892
2025-03-19 21:11:00,5838.2975
2025-03-19 21:12:00,5838.3265
2025-03-19 21:13:00,5837.4388
2025-03-19 21:14:00,5856.6886
2025-03-19 21:15:00,5837.3978
2025-03-19 21:16:00,5836.1045
2025-03-19 21:17:00,5837.3909
2025-03-19 21:18:00,5837.4183
2025-03-19 21:19:00,5856.6886
2025-03-19 21:20:00,5856.6886
2025-03-19 21:21:00,5838.2851
2025-03-19 21:22:00,5856.7593
2025-03-19 21:23:00,5836.2089
2025-03-19 21:24:00,5837.4349
2025-03-19 21:25:00,5838.2693
2025-03-19 21:26:00,5836.1635
2025-03-19 21:27:00,5838.2951
2025-03-19 21:28:00,5838.2992
2025-03-19 21:29:00,5838.8088
2025-03-19 21:30:00,5858.3798
2025-03-19 21:31:00,5837.8380
2025-03-19 21:32:00,5836.6798
2025-03-19 21:33:00,5836.7630
2025-03-19 21:34:00,5858.2389
2025-03-19 21:35:00,5838.0558
2025-03-19 21:36:00,5838.8863
2025-03-19 21:37:00,5858.1316
2025-03-19 21:38:00,5858.1044
2025-03-19 21:39:00,5838.0661
2025-03-19 21:40:00,5838.9072
2025-03-19 21:41:00,5838.0661
2025-03-19 21:42:00,5858.1873
2025-03-19 21:43:00,5838.8898
2025-03-19 21:44:00,5838.0216
2025-03-19 21:45:00,5858.2229
2025-03-19 21:46:00,5838.0483
2025-03-19 21:47:00,5836.8696
2025-03-19 21:48:00,5838.0483
2025-03-19 21:49:00,5860.1928
2025-03-19 21:50:00,5837.0490
2025-03-19 21:51:00,5838.9380
2025-03-19 21:52:00,5838.9464
2025-03-19 21:53:00,5836.9999
2025-03-19 21:54:00,5835.6098
2025-03-19 21:55:00,5838.0912
2025-03-19 21:56:00,5838.0975
2025-03-19 21:57:00,5837.0558
2025-03-19 21:58:00,5838.9918
2025-03-19 21:59:00,5838.4808
2025-03-19 22:00:00,5838.4613
2025-03-19 22:01:00,5835.1210
2025-03-19 22:02:00,5837.7202
2025-03-19 22:03:00,5837.7080
2025-03-19 22:04:00,5838.4482
2025-03-19 22:05:00,5837.7214
2025-03-19 22:06:00,5837.6833
2025-03-19 22:07:00,5838.4449
2025-03-19 22:08:00,5835.0998
2025-03-19 22:09:00,5836.6142
2025-03-19 22:10:00,5837.7814
2025-03-19 22:11:00,5837.8050
2025-03-19 22:12:00,5836.7222
2025-03-19 22:13:00,5838.5301
2025-03-19 22:14:00,5838.5460
2025-03-19 22:15:00,5835.4320
2025-03-19 22:16:00,5835.4199
2025-03-19 22:17:00,5836.9058
2025-03-19 22:18:00,5837.9882
2025-03-19 22:19:00,5838.5882
2025-03-19 22:20:00,5838.0557
2025-03-19 22:21:00,5855.2111
2025-03-19 22:22:00,5855.0869
2025-03-19 22:23:00,5837.1713
2025-03-19 22:24:00,5838.1668
2025-03-19 22:25:00,5856.9068
2025-03-19 22:26:00,5838.2303
2025-03-19 22:27:00,5854.5499
2025-03-19 22:28:00,5856.6883
2025-03-19 22:29:00,5854.2884
2025-03-19 22:30:00,5858.9648
2025-03-19 22:31:00,5838.3246
2025-03-19 22:32:00,5856.3720
2025-03-19 22:33:00,5856.4250
2025-03-19 22:34:00,5857.0577
2025-03-19 22:35:00,5856.3088
2025-03-19 22:36:00,5860.0404
2025-03-19 22:37:00,5858.4164
2025-03-19 22:38:00,5855.2681
2025-03-19 22:39:00,5850.8258
2025-03-19 22:40:00,5850.3388
2025-03-19 22:41:00,5853.8879
2025-03-19 22:42:00,5850.1079
2025-03-19 22:43:00,5854.1022
2025-03-19 22:44:00,5856.6368
2025-03-19 22:45:00,5856.8019
2025-03-19 22:46:00,5838.1872
2025-03-19 22:47:00,5838.1511
2025-03-19 22:48:00,5838.6389
2025-03-19 22:49:00,5855.1606
2025-03-19 22:50:00,5855.3259
2025-03-19 22:51:00,5838.5877
2025-03-19 22:52:00,5855.6438
2025-03-19 22:53:00,5837.8551
2025-03-19 22:54:00,5837.3119
2025-03-19 22:55:00,5839.0860
2025-03-19 22:56:00,5839.0660
2025-03-19 22:57:00,5856.0017
2025-03-19 22:58:00,5839.0404
2025-03-19 22:59:00,5856.0613
2025-03-19 23:00:00,5856.1273
2025-03-19 23:01:00,5837.6604
2025-03-19 23:02:00,5856.1635
2025-03-19 23:03:00,5838.9867
2025-03-19 23:04:00,5838.9745
2025-03-19 23:05:00,5838.4237
2025-03-19 23:06:00,5856.2645
2025-03-19 23:07:00,5857.0345
2025-03-19 23:08:00,5837.5805
2025-03-19 23:09:00,5838.3816
2025-03-19 23:10:00,5856.5150
2025-03-19 23:11:00,5838.3477
2025-03-19 23:12:00,5856.5372
2025-03-19 23:13:00,5857.1532
2025-03-19 23:14:00,5856.4511
2025-03-19 23:15:00,5854.2426
2025-03-19 23:16:00,5838.2875
2025-03-19 23:17:00,5856.5615
2025-03-19 23:18:00,5838.3241
2025-03-19 23:19:00,5856.4759
2025-03-19 23:20:00,5838.3554
2025-03-19 23:21:00,5856.4882
2025-03-19 23:22:00,5854.0794
2025-03-19 23:23:00,5837.5152
2025-03-19 23:24:00,5854.1012
2025-03-19 23:25:00,5856.5057
2025-03-19 23:26:00,5856.4316
2025-03-19 23:27:00,5857.0920
2025-03-19 23:28:00,5838.3837
2025-03-19 23:29:00,5854.0354
2025-03-19 23:30:00,5857.0403
2025-03-19 23:31:00,5837.5771
2025-03-19 23:32:00,5856.3221
2025-03-19 23:33:00,5856.3095
2025-03-19 23:34:00,5856.9316
2025-03-19 23:35:00,5856.8757
2025-03-19 23:36:00,5853.7733
2025-03-19 23:37:00,5853.7733
2025-03-19 23:38:00,5853.7135
2025-03-19 23:39:00,5856.2712
2025-03-19 23:40:00,5856.2967
2025-03-19 23:41:00,5838.4047
2025-03-19 23:42:00,5853.8098
2025-03-19 23:43:00,5856.2955
2025-03-19 23:44:00,5853.9048
2025-03-19 23:45:00,5856.7833
2025-03-19 23:46:00,5838.4401
2025-03-19 23:47:00,5856.0021
2025-03-19 23:48:00,5856.0021
2025-03-19 23:49:00,5856.0021
2025-03-19 23:50:00,5856.1110
2025-03-19 23:51:00,5853.5915
2025-03-19 23:52:00,5853.6895
2025-03-19 23:53:00,5838.4374
2025-03-19 23:54:00,5837.6443
2025-03-19 23:55:00,5856.2901
2025-03-19 23:56:00,5856.3282
2025-03-19 23:57:00,5857.0209
2025-03-19 23:58:00,5838.3735
2025-03-19 23:59:00,5853.8317
2025-03-20 00:00:00,5856.1920
2025-03-20 00:01:00,5836.9556
2025-03-20 00:02:00,5838.5890
2025-03-20 00:03:00,5838.0216
2025-03-20 00:04:00,5836.8496
2025-03-20 00:05:00,5837.8602
2025-03-20 00:06:00,5837.8013
2025-03-20 00:07:00,5838.4880
2025-03-20 00:08:00,5836.6854
2025-03-20 00:09:00,5838.4975
2025-03-20 00:10:00,5838.5069
2025-03-20 00:11:00,5838.4981
2025-03-20 00:12:00,5838.4891
2025-03-20 00:13:00,5837.8235
2025-03-20 00:14:00,5837.8001
2025-03-20 00:15:00,5855.9559
2025-03-20 00:16:00,5836.6223
2025-03-20 00:17:00,5837.7883
2025-03-20 00:18:00,5838.4964
2025-03-20 00:19:00,5855.9262
2025-03-20 00:20:00,5853.3543
2025-03-20 00:21:00,5855.9669
2025-03-20 00:22:00,5855.9938
2025-03-20 00:23:00,5837.7526
2025-03-20 00:24:00,5838.4970
2025-03-20 00:25:00,5837.7776
2025-03-20 00:26:00,5837.7835
2025-03-20 00:27:00,5838.4788
2025-03-20 00:28:00,5837.7224
2025-03-20 00:29:00,5853.3505
2025-03-20 00:30:00,5856.0181
2025-03-20 00:31:00,5853.3300
2025-03-20 00:32:00,5837.7953
2025-03-20 00:33:00,5855.9372
2025-03-20 00:34:00,5838.5207
2025-03-20 00:35:00,5853.1839
2025-03-20 00:36:00,5855.8136
2025-03-20 00:37:00,5855.8852
2025-03-20 00:38:00,5853.0369
2025-03-20 00:39:00,5838.5311
2025-03-20 00:40:00,5838.1888
2025-03-20 00:41:00,5839.0159
2025-03-20 00:42:00,5855.7771
2025-03-20 00:43:00,5838.5328
2025-03-20 00:44:00,5838.5354
2025-03-20 00:45:00,5852.8721
2025-03-20 00:46:00,5837.9021
2025-03-20 00:47:00,5838.5403
2025-03-20 00:48:00,5838.5536
2025-03-20 00:49:00,5838.5511
2025-03-20 00:50:00,5838.5295
2025-03-20 00:51:00,5855.6643
2025-03-20 00:52:00,5855.6786
2025-03-20 00:53:00,5855.6037
2025-03-20 00:54:00,5838.5517
2025-03-20 00:55:00,5838.5542
2025-03-20 00:56:00,5837.8978
2025-03-20 00:57:00,5855.6467
2025-03-20 00:58:00,5838.5414
2025-03-20 00:59:00,5838.5522
2025-03-20 01:00:00,5855.7317
2025-03-20 01:01:00,5836.7729
2025-03-20 01:02:00,5837.8989
2025-03-20 01:03:00,5838.5496
2025-03-20 01:04:00,5837.8989
2025-03-20 01:05:00,5837.9045
2025-03-20 01:06:00,5837.8989
2025-03-20 01:07:00,5838.5547
2025-03-20 01:08:00,5837.8989
2025-03-20 01:09:00,5837.8989
2025-03-20 01:10:00,5838.5496
2025-03-20 01:11:00,5838.5676
2025-03-20 01:12:00,5855.5396
2025-03-20 01:13:00,5838.5774
2025-03-20 01:14:00,5838.5652
2025-03-20 01:15:00,5852.7471
2025-03-20 01:16:00,5837.9224
2025-03-20 01:17:00,5838.5627
2025-03-20 01:18:00,5852.5397
2025-03-20 01:19:00,5838.5797
2025-03-20 01:20:00,5856.0289
2025-03-20 01:21:00,5855.5105
2025-03-20 01:22:00,5855.4045
2025-03-20 01:23:00,5852.6124
2025-03-20 01:24:00,5837.9830
2025-03-20 01:25:00,5838.5908
2025-03-20 01:26:00,5855.4665
2025-03-20 01:27:00,5855.3896
2025-03-20 01:28:00,5855.9464
2025-03-20 01:29:00,5855.3746
2025-03-20 01:30:00,5852.4476
2025-03-20 01:31:00,5838.5930
2025-03-20 01:32:00,5855.4812
2025-03-20 01:33:00,5837.9660
2025-03-20 01:34:00,5855.3746
2025-03-20 01:35:00,5852.4476
2025-03-20 01:36:00,5838.5770
2025-03-20 01:37:00,5855.4045
2025-03-20 01:38:00,5855.4489
2025-03-20 01:39:00,5838.5820
2025-03-20 01:40:00,5855.4341
2025-03-20 01:41:00,5838.5908
2025-03-20 01:42:00,5838.5886
2025-03-20 01:43:00,5857.5238
2025-03-20 01:44:00,5855.5964
2025-03-20 01:45:00,5857.4365
2025-03-20 01:46:00,5855.4836
2025-03-20 01:47:00,5839.1967
2025-03-20 01:48:00,5852.4376
2025-03-20 01:49:00,5838.5939
2025-03-20 01:50:00,5838.5926
2025-03-20 01:51:00,5855.2385
2025-03-20 01:52:00,5857.3395
2025-03-20 01:53:00,5855.2831
2025-03-20 01:54:00,5837.0411
2025-03-20 01:55:00,5857.3481
2025-03-20 01:56:00,5857.2710
2025-03-20 01:57:00,5839.2272
2025-03-20 01:58:00,5838.0497
2025-03-20 01:59:00,5838.6159
2025-03-20 02:00:00,5855.1858
2025-03-20 02:01:00,5838.0781
2025-03-20 02:02:00,5854.9948
2025-03-20 02:03:00,5855.1394
2025-03-20 02:04:00,5838.6250
2025-03-20 02:05:00,5852.2018
2025-03-20 02:06:00,5838.6215
2025-03-20 02:07:00,5855.1238
2025-03-20 02:08:00,5852.1054
2025-03-20 02:09:00,5838.0890
2025-03-20 02:10:00,5838.1038
2025-03-20 02:11:00,5855.2472
2025-03-20 02:12:00,5855.6315
2025-03-20 02:13:00,5838.6354
2025-03-20 02:14:00,5855.2137
2025-03-20 02:15:00,5854.9629
2025-03-20 02:16:00,5838.6322
2025-03-20 02:17:00,5838.6386
2025-03-20 02:18:00,5838.1087
2025-03-20 02:19:00,5838.6401
2025-03-20 02:20:00,5851.9040
2025-03-20 02:21:00,5854.9629
2025-03-20 02:22:00,5851.8037
2025-03-20 02:23:00,5855.5397
2025-03-20 02:24:00,5837.1478
2025-03-20 02:25:00,5838.6401
2025-03-20 02:26:00,5854.8133
2025-03-20 02:27:00,5851.6741
2025-03-20 02:28:00,5838.1377
2025-03-20 02:29:00,5838.1722
2025-03-20 02:30:00,5856.8935
2025-03-20 02:31:00,5838.1952
2025-03-20 02:32:00,5836.9318
2025-03-20 02:33:00,5856.8821
2025-03-20 02:34:00,5856.8935
2025-03-20 02:35:00,5856.7993
2025-03-20 02:36:00,5856.8935
2025-03-20 02:37:00,5854.8118
2025-03-20 02:38:00,5851.4068
2025-03-20 02:39:00,5838.2043
2025-03-20 02:40:00,5856.8225
2025-03-20 02:41:00,5856.8225
2025-03-20 02:42:00,5856.8477
2025-03-20 02:43:00,5854.6625
2025-03-20 02:44:00,5854.6761
2025-03-20 02:45:00,5854.6256
2025-03-20 02:46:00,5854.5407
2025-03-20 02:47:00,5838.2133
2025-03-20 02:48:00,5854.6793
2025-03-20 02:49:00,5854.5918
2025-03-20 02:50:00,5851.2948
2025-03-20 02:51:00,5856.7877
2025-03-20 02:52:00,5851.2188
2025-03-20 02:53:00,5854.5439
2025-03-20 02:54:00,5856.7196
2025-03-20 02:55:00,5856.7431
2025-03-20 02:56:00,5856.7899
2025-03-20 02:57:00,5854.3848
2025-03-20 02:58:00,5856.7548
2025-03-20 02:59:00,5854.9534
2025-03-20 03:00:00,5854.5096
2025-03-20 03:01:00,5838.2874
2025-03-20 03:02:00,5854.4372
2025-03-20 03:03:00,5854.4751
2025-03-20 03:04:00,5856.6575
2025-03-20 03:05:00,5856.6096
2025-03-20 03:06:00,5854.2923
2025-03-20 03:07:00,5854.3664
2025-03-20 03:08:00,5850.6142
2025-03-20 03:09:00,5838.3130
2025-03-20 03:10:00,5854.3311
2025-03-20 03:11:00,5856.6216
2025-03-20 03:12:00,5854.6016
2025-03-20 03:13:00,5854.6636
2025-03-20 03:14:00,5854.2208
2025-03-20 03:15:00,5850.6434
2025-03-20 03:16:00,5856.5952
2025-03-20 03:17:00,5856.6073
2025-03-20 03:18:00,5856.6073
2025-03-20 03:19:00,5858.2140
2025-03-20 03:20:00,5854.3321
2025-03-20 03:21:00,5856.6313
2025-03-20 03:22:00,5850.8736
2025-03-20 03:23:00,5838.2843
2025-03-20 03:24:00,5838.2884
2025-03-20 03:25:00,5856.6671
2025-03-20 03:26:00,5856.5809
2025-03-20 03:27:00,5856.6050
2025-03-20 03:28:00,5854.9056
2025-03-20 03:29:00,5850.8398
2025-03-20 03:30:00,5854.4123
2025-03-20 03:31:00,5854.7162
2025-03-20 03:32:00,5854.2847
2025-03-20 03:33:00,5856.5659
2025-03-20 03:34:00,5856.5049
2025-03-20 03:35:00,5850.3637
2025-03-20 03:36:00,5856.3682
2025-03-20 03:37:00,5849.9622
2025-03-20 03:38:00,5853.9455
2025-03-20 03:39:00,5856.2721
2025-03-20 03:40:00,5856.1818
2025-03-20 03:41:00,5853.5401
2025-03-20 03:42:00,5853.6419
2025-03-20 03:43:00,5849.1894
2025-03-20 03:44:00,5853.2182
2025-03-20 03:45:00,5848.6561
2025-03-20 03:46:00,5852.8768
2025-03-20 03:47:00,5837.6638
2025-03-20 03:48:00,5855.4661
2025-03-20 03:49:00,5855.4401
2025-03-20 03:50:00,5852.3402
2025-03-20 03:51:00,5855.2628
2025-03-20 03:52:00,5851.8796
2025-03-20 03:53:00,5851.6771
2025-03-20 03:54:00,5856.9901
2025-03-20 03:55:00,5854.6852
2025-03-20 03:56:00,5851.4212
2025-03-20 03:57:00,5856.8194
2025-03-20 03:58:00,5851.1790
2025-03-20 03:59:00,5850.9575
2025-03-20 04:00:00,5850.7297
2025-03-20 04:01:00,5856.4852
2025-03-20 04:02:00,5853.8506
2025-03-20 04:03:00,5849.6530
2025-03-20 04:04:00,5849.2850
2025-03-20 04:05:00,5847.9667
2025-03-20 04:06:00,5848.5004
2025-03-20 04:07:00,5839.7219
2025-03-20 04:08:00,5839.1853
2025-03-20 04:09:00,5856.1066
2025-03-20 04:10:00,5856.8684
2025-03-20 04:11:00,5855.2563
2025-03-20 04:12:00,5852.7112
2025-03-20 04:13:00,5857.6510
2025-03-20 04:14:00,5858.0689
2025-03-20 04:15:00,5850.6193
2025-03-20 04:16:00,5861.7017
2025-03-20 04:17:00,5858.1083
2025-03-20 04:18:00,5861.2705
2025-03-20 04:19:00,5861.9876
2025-03-20 04:20:00,5856.4228
2025-03-20 04:21:00,5861.2638
2025-03-20 04:22:00,5857.1033
2025-03-20 04:23:00,5861.3318
2025-03-20 04:24:00,5862.2370
2025-03-20 04:25:00,5858.9111
2025-03-20 04:26:00,5864.9450
2025-03-20 04:27:00,5866.2001
2025-03-20 04:28:00,5864.8107
2025-03-20 04:29:00,5865.0505
2025-03-20 04:30:00,5863.6897
2025-03-20 04:31:00,5861.4552
2025-03-20 04:32:00,5862.9314
2025-03-20 04:33:00,5861.1513
2025-03-20 04:34:00,5861.0908
2025-03-20 04:35:00,5859.3805
2025-03-20 04:36:00,5859.5921
2025-03-20 04:37:00,5852.1252
2025-03-20 04:38:00,5849.6911
2025-03-20 04:39:00,5853.7352
2025-03-20 04:40:00,5856.7614
2025-03-20 04:41:00,5852.9910
2025-03-20 04:42:00,5844.9939
2025-03-20 04:43:00,5844.5742
2025-03-20 04:44:00,5851.7194
2025-03-20 04:45:00,5843.6209
2025-03-20 04:46:00,5851.7829
2025-03-20 04:47:00,5855.8392
2025-03-20 04:48:00,5844.1062
2025-03-20 04:49:00,5844.7314
2025-03-20 04:50:00,5852.5992
2025-03-20 04:51:00,5852.7107
2025-03-20 04:52:00,5857.5989
2025-03-20 04:53:00,5846.3746
2025-03-20 04:54:00,5858.8742
2025-03-20 04:55:00,5853.5163
2025-03-20 04:56:00,5856.8265
2025-03-20 04:57:00,5853.1384
2025-03-20 04:58:00,5852.7585
2025-03-20 04:59:00,5857.3821
2025-03-20 05:00:00,5853.1384
2025-03-20 05:01:00,5859.7439
2025-03-20 05:02:00,5853.4470
2025-03-20 05:03:00,5847.8868
2025-03-20 05:04:00,5855.7605
2025-03-20 05:05:00,5861.0862
2025-03-20 05:06:00,5856.5849
2025-03-20 05:07:00,5856.6705
2025-03-20 05:08:00,5859.8953
2025-03-20 05:09:00,5857.1241
2025-03-20 05:10:00,5851.6695
2025-03-20 05:11:00,5852.2198
2025-03-20 05:12:00,5853.4438
2025-03-20 05:13:00,5854.8610
2025-03-20 05:14:00,5854.8610
2025-03-20 05:15:00,5860.2159
2025-03-20 05:16:00,5858.8835
2025-03-20 05:17:00,5859.3044
2025-03-20 05:18:00,5855.8943
2025-03-20 05:19:00,5858.6298
2025-03-20 05:20:00,5862.0127
2025-03-20 05:21:00,5854.0767
2025-03-20 05:22:00,5858.8197
2025-03-20 05:23:00,5862.2943
2025-03-20 05:24:00,5860.3899
2025-03-20 05:25:00,5857.2907
2025-03-20 05:26:00,5851.3587
2025-03-20 05:27:00,5859.9896
2025-03-20 05:28:00,5865.2242
2025-03-20 05:29:00,5865.6953
2025-03-20 05:30:00,5864.4982
2025-03-20 05:31:00,5861.3248
2025-03-20 05:32:00,5858.2900
2025-03-20 05:33:00,5857.2076
2025-03-20 05:34:00,5856.2256
2025-03-20 05:35:00,5855.3692
2025-03-20 05:36:00,5854.9290
2025-03-20 05:37:00,5848.1983
2025-03-20 05:38:00,5847.1064
2025-03-20 05:39:00,5858.1966
2025-03-20 05:40:00,5853.4481
2025-03-20 05:41:00,5853.5105
2025-03-20 05:42:00,5853.0573
2025-03-20 05:43:00,5845.6642
2025-03-20 05:44:00,5845.8257
2025-03-20 05:45:00,5853.5105
2025-03-20 05:46:00,5857.6936
2025-03-20 05:47:00,5859.0623
2025-03-20 05:48:00,5854.0193
2025-03-20 05:49:00,5854.3985
2025-03-20 05:50:00,5858.3634
2025-03-20 05:51:00,5847.7391
2025-03-20 05:52:00,5848.5866
2025-03-20 05:53:00,5848.8916
2025-03-20 05:54:00,5855.2420
2025-03-20 05:55:00,5849.6489
2025-03-20 05:56:00,5850.2495
2025-03-20 05:57:00,5850.5480
2025-03-20 05:58:00,5850.8455
2025-03-20 05:59:00,5850.9790
2025-03-20 06:00:00,5851.4369
2025-03-20 06:01:00,5851.2895
2025-03-20 06:02:00,5856.5431
2025-03-20 06:03:00,5851.5841
2025-03-20 06:04:00,5858.1459
2025-03-20 06:05:00,5862.4126
2025-03-20 06:06:00,5862.7106
2025-03-20 06:07:00,5859.4043
2025-03-20 06:08:00,5861.9727
2025-03-20 06:09:00,5854.4195
2025-03-20 06:10:00,5858.2715
2025-03-20 06:11:00,5854.6971
2025-03-20 06:12:00,5860.4168
2025-03-20 06:13:00,5863.4200
2025-03-20 06:14:00,5858.9867
2025-03-20 06:15:00,5861.3043
2025-03-20 06:16:00,5864.1153
2025-03-20 06:17:00,5861.4099
2025-03-20 06:18:00,5859.7583
2025-03-20 06:19:00,5856.6128
2025-03-20 06:20:00,5861.6342
2025-03-20 06:21:00,5861.4145
2025-03-20 06:22:00,5855.7975
2025-03-20 06:23:00,5862.6726
2025-03-20 06:24:00,5863.4659
2025-03-20 06:25:00,5858.3613
2025-03-20 06:26:00,5853.6158
2025-03-20 06:27:00,5853.1689
2025-03-20 06:28:00,5859.7072
2025-03-20 06:29:00,5855.8628
2025-03-20 06:30:00,5863.0151
2025-03-20 06:31:00,5863.8190
2025-03-20 06:32:00,5863.7533
2025-03-20 06:33:00,5858.4759
2025-03-20 06:34:00,5862.8759
2025-03-20 06:35:00,5862.2156
2025-03-20 06:36:00,5859.2531
2025-03-20 06:37:00,5855.0353
2025-03-20 06:38:00,5854.1946
2025-03-20 06:39:00,5857.8413
2025-03-20 06:40:00,5853.3499
2025-03-20 06:41:00,5853.0490
2025-03-20 06:42:00,5852.9251
2025-03-20 06:43:00,5852.7707
2025-03-20 06:44:00,5857.6268
2025-03-20 06:45:00,5853.2328
2025-03-20 06:46:00,5859.3378
2025-03-20 06:47:00,5860.3222
2025-03-20 06:48:00,5853.9971
2025-03-20 06:49:00,5854.5424
2025-03-20 06:50:00,5858.7527
2025-03-20 06:51:00,5858.6596
2025-03-20 06:52:00,5858.9386
2025-03-20 06:53:00,5862.9177
2025-03-20 06:54:00,5859.4014
2025-03-20 06:55:00,5859.4936
2025-03-20 06:56:00,5855.9506
2025-03-20 06:57:00,5856.2470
2025-03-20 06:58:00,5861.9332
2025-03-20 06:59:00,5864.2700
2025-03-20 07:00:00,5862.0848
2025-03-20 07:01:00,5863.6715
2025-03-20 07:02:00,5860.3097
2025-03-20 07:03:00,5860.3097
2025-03-20 07:04:00,5862.6677
2025-03-20 07:05:00,5864.1367
2025-03-20 07:06:00,5864.0594
2025-03-20 07:07:00,5857.8744
2025-03-20 07:08:00,5864.2910
2025-03-20 07:09:00,5860.8468
2025-03-20 07:10:00,5860.9525
2025-03-20 07:11:00,5864.7683
2025-03-20 07:12:00,5858.5551
2025-03-20 07:13:00,5864.6753
2025-03-20 07:14:00,5864.6144
2025-03-20 07:15:00,5863.7048
2025-03-20 07:16:00,5864.0470
2025-03-20 07:17:00,5861.2322
2025-03-20 07:18:00,5864.1126
2025-03-20 07:19:00,5858.9965
2025-03-20 07:20:00,5864.9286
2025-03-20 07:21:00,5858.8496
2025-03-20 07:22:00,5863.7633
2025-03-20 07:23:00,5863.8799
2025-03-20 07:24:00,5861.1408
2025-03-20 07:25:00,5861.0492
2025-03-20 07:26:00,5857.9629
2025-03-20 07:27:00,5857.5160
2025-03-20 07:28:00,5860.4051
2025-03-20 07:29:00,5857.2167
2025-03-20 07:30:00,5857.4937
2025-03-20 07:31:00,5863.8332
2025-03-20 07:32:00,5864.8943
2025-03-20 07:33:00,5862.1748
2025-03-20 07:34:00,5860.4956
2025-03-20 07:35:00,5865.7074
2025-03-20 07:36:00,5860.3067
2025-03-20 07:37:00,5859.5813
2025-03-20 07:38:00,5858.9965
2025-03-20 07:39:00,5864.7717
2025-03-20 07:40:00,5863.2915
2025-03-20 07:41:00,5860.6963
2025-03-20 07:42:00,5857.4937
2025-03-20 07:43:00,5862.9644
2025-03-20 07:44:00,5857.3516
2025-03-20 07:45:00,5857.1923
2025-03-20 07:46:00,5863.2596
2025-03-20 07:47:00,5862.4904
2025-03-20 07:48:00,5861.2301
2025-03-20 07:49:00,5861.5143
2025-03-20 07:50:00,5861.6088
2025-03-20 07:51:00,5859.5507
2025-03-20 07:52:00,5859.4599
2025-03-20 07:53:00,5859.9037
2025-03-20 07:54:00,5865.5356
2025-03-20 07:55:00,5863.1877
2025-03-20 07:56:00,5862.1748
2025-03-20 07:57:00,5860.2002
2025-03-20 07:58:00,5865.0113
2025-03-20 07:59:00,5859.7661
2025-03-20 08:00:00,5862.1083
2025-03-20 08:01:00,5865.0906
2025-03-20 08:02:00,5860.2234
2025-03-20 08:03:00,5862.3603
2025-03-20 08:04:00,5862.5723
2025-03-20 08:05:00,5862.6401
2025-03-20 08:06:00,5862.7331
2025-03-20 08:07:00,5861.1309
2025-03-20 08:08:00,5865.9322
2025-03-20 08:09:00,5863.7231
2025-03-20 08:10:00,5863.8563
2025-03-20 08:11:00,5863.7231
2025-03-20 08:12:00,5861.2812
2025-03-20 08:13:00,5866.0500
2025-03-20 08:14:00,5863.2355
2025-03-20 08:15:00,5863.1431
2025-03-20 08:16:00,5866.2855
2025-03-20 08:17:00,5862.9414
2025-03-20 08:18:00,5862.9414
2025-03-20 08:19:00,5863.1252
2025-03-20 08:20:00,5861.5811
2025-03-20 08:21:00,5863.0334
2025-03-20 08:22:00,5863.9893
2025-03-20 08:23:00,5861.5435
2025-03-20 08:24:00,5866.1676
2025-03-20 08:25:00,5863.8418
2025-03-20 08:26:00,5863.8875
2025-03-20 08:27:00,5863.8202
2025-03-20 08:28:00,5865.8100
2025-03-20 08:29:00,5860.4762
2025-03-20 08:30:00,5865.9292
2025-03-20 08:31:00,5861.6950
2025-03-20 08:32:00,5867.1102
2025-03-20 08:33:00,5864.4413
2025-03-20 08:34:00,5867.4489
2025-03-20 08:35:00,5863.1953
2025-03-20 08:36:00,5863.0653
2025-03-20 08:37:00,5864.0376
2025-03-20 08:38:00,5862.8972
2025-03-20 08:39:00,5867.1102
2025-03-20 08:40:00,5864.3205
2025-03-20 08:41:00,5863.3086
2025-03-20 08:42:00,5863.1965
2025-03-20 08:43:00,5863.1724
2025-03-20 08:44:00,5863.1724
2025-03-20 08:45:00,5863.2655
2025-03-20 08:46:00,5862.2649
2025-03-20 08:47:00,5864.2275
2025-03-20 08:48:00,5862.5694
2025-03-20 08:49:00,5862.8937
2025-03-20 08:50:00,5864.0209
2025-03-20 08:51:00,5862.8729
2025-03-20 08:52:00,5864.5614
2025-03-20 08:53:00,5863.9143
2025-03-20 08:54:00,5867.0164
2025-03-20 08:55:00,5864.3613
2025-03-20 08:56:00,5863.7295
2025-03-20 08:57:00,5862.7213
2025-03-20 08:58:00,5867.2389
2025-03-20 08:59:00,5863.6370
2025-03-20 09:00:00,5862.5694
2025-03-20 09:01:00,5862.8729
2025-03-20 09:02:00,5863.7295
2025-03-20 09:03:00,5863.6963
2025-03-20 09:04:00,5863.0243
2025-03-20 09:05:00,5863.9143
2025-03-20 09:06:00,5862.8729
2025-03-20 09:07:00,5862.7213
2025-03-20 09:08:00,5862.8729
2025-03-20 09:09:00,5867.2603
2025-03-20 09:10:00,5863.8839
2025-03-20 09:11:00,5867.3809
2025-03-20 09:12:00,5862.9866
2025-03-20 09:13:00,5867.3809
2025-03-20 09:14:00,5863.0243
2025-03-20 09:15:00,5862.8313
2025-03-20 09:16:00,5867.2603
2025-03-20 09:17:00,5864.4726
2025-03-20 09:18:00,5863.7901
2025-03-20 09:19:00,5865.1286
2025-03-20 09:20:00,5864.1388
2025-03-20 09:21:00,5867.2405
2025-03-20 09:22:00,5864.5698
2025-03-20 09:23:00,5863.8525
2025-03-20 09:24:00,5863.8525
2025-03-20 09:25:00,5864.3648
2025-03-20 09:26:00,5864.3648
2025-03-20 09:27:00,5864.1989
2025-03-20 09:28:00,5866.9180
2025-03-20 09:29:00,5864.2439
2025-03-20 09:30:00,5862.6223
2025-03-20 09:31:00,5862.7415
2025-03-20 09:32:00,5864.5145
2025-03-20 09:33:00,5865.0793
2025-03-20 09:34:00,5864.7560
2025-03-20 09:35:00,5864.7965
2025-03-20 09:36:00,5867.7884
2025-03-20 09:37:00,5864.0671
2025-03-20 09:38:00,5867.7628
2025-03-20 09:39:00,5867.7513
2025-03-20 09:40:00,5864.6306
2025-03-20 09:41:00,5864.0080
2025-03-20 09:42:00,5867.5343
2025-03-20 09:43:00,5867.5649
2025-03-20 09:44:00,5863.2047
2025-03-20 09:45:00,5864.0080
2025-03-20 09:46:00,5867.7628
2025-03-20 09:47:00,5864.0859
2025-03-20 09:48:00,5865.1171
2025-03-20 09:49:00,5864.9301
2025-03-20 09:50:00,5864.9301
2025-03-20 09:51:00,5867.7462
2025-03-20 09:52:00,5865.3600
2025-03-20 09:53:00,5864.3531
2025-03-20 09:54:00,5864.9301
2025-03-20 09:55:00,5864.9073
2025-03-20 09:56:00,5864.2991
2025-03-20 09:57:00,5864.9073
2025-03-20 09:58:00,5864.0313
2025-03-20 09:59:00,5864.6527
2025-03-20 10:00:00,5863.2612
2025-03-20 10:01:00,5863.2329
2025-03-20 10:02:00,5865.2823
2025-03-20 10:03:00,5865.2437
2025-03-20 10:04:00,5864.8423
2025-03-20 10:05:00,5867.6263
2025-03-20 10:06:00,5867.4814
2025-03-20 10:07:00,5863.1747
2025-03-20 10:08:00,5863.2027
2025-03-20 10:09:00,5867.7884
2025-03-20 10:10:00,5864.0080
2025-03-20 10:11:00,5864.0080
2025-03-20 10:12:00,5864.0052
2025-03-20 10:13:00,5863.2329
2025-03-20 10:14:00,5863.2027
2025-03-20 10:15:00,5867.6905
2025-03-20 10:16:00,5863.2027
2025-03-20 10:17:00,5867.7971
2025-03-20 10:18:00,5864.6542
2025-03-20 10:19:00,5864.0313
2025-03-20 10:20:00,5863.2309
2025-03-20 10:21:00,5840.8140
2025-03-20 10:22:00,5866.3890
2025-03-20 10:23:00,5865.8907
2025-03-20 10:24:00,5865.5144
2025-03-20 10:25:00,5858.5971
2025-03-20 10:26:00,5860.6892
2025-03-20 10:27:00,5862.8948
2025-03-20 10:28:00,5863.5104
2025-03-20 10:29:00,5861.1845
2025-03-20 10:30:00,5861.8020
2025-03-20 10:31:00,5863.0295
2025-03-20 10:32:00,5839.4786
2025-03-20 10:33:00,5863.2268
2025-03-20 10:34:00,5863.5943
2025-03-20 10:35:00,5863.8094
2025-03-20 10:36:00,5863.6793
2025-03-20 10:37:00,5863.3529
2025-03-20 10:38:00,5863.3529
2025-03-20 10:39:00,5863.2219
2025-03-20 10:40:00,5851.4430
2025-03-20 10:41:00,5858.8857
2025-03-20 10:42:00,5858.4543
2025-03-20 10:43:00,5858.1652
2025-03-20 10:44:00,5858.0203
2025-03-20 10:45:00,5862.9715
2025-03-20 10:46:00,5860.8982
2025-03-20 10:47:00,5856.1636
2025-03-20 10:48:00,5856.2741
2025-03-20 10:49:00,5862.4075
2025-03-20 10:50:00,5860.6761
2025-03-20 10:51:00,5862.2729
2025-03-20 10:52:00,5860.5831
2025-03-20 10:53:00,5857.1442
2025-03-20 10:54:00,5861.9633
2025-03-20 10:55:00,5855.2639
2025-03-20 10:56:00,5856.2572
2025-03-20 10:57:00,5856.1083
2025-03-20 10:58:00,5838.4634
2025-03-20 10:59:00,5861.5606
2025-03-20 11:00:00,5855.8095
2025-03-20 11:01:00,5861.6951
2025-03-20 11:02:00,5835.2791
2025-03-20 11:03:00,5845.9560
2025-03-20 11:04:00,5854.7539
2025-03-20 11:05:00,5858.8613
2025-03-20 11:06:00,5838.0875
2025-03-20 11:07:00,5860.6792
2025-03-20 11:08:00,5860.5425
2025-03-20 11:09:00,5860.3370
2025-03-20 11:10:00,5857.7233
2025-03-20 11:11:00,5860.0618
2025-03-20 11:12:00,5858.0277
2025-03-20 11:13:00,5857.7414
2025-03-20 11:14:00,5837.5902
2025-03-20 11:15:00,5859.4384
2025-03-20 11:16:00,5859.3688
2025-03-20 11:17:00,5859.5211
2025-03-20 11:18:00,5850.8822
2025-03-20 11:19:00,5850.7218
2025-03-20 11:20:00,5859.3820
2025-03-20 11:21:00,5858.8089
2025-03-20 11:22:00,5855.5852
2025-03-20 11:23:00,5858.3859
2025-03-20 11:24:00,5858.3143
2025-03-20 11:25:00,5849.8450
2025-03-20 11:26:00,5849.4831
2025-03-20 11:27:00,5847.7704
2025-03-20 11:28:00,5847.0980
2025-03-20 11:29:00,5834.7441
2025-03-20 11:30:00,5854.3872
2025-03-20 11:31:00,5859.7336
2025-03-20 11:32:00,5859.6218
2025-03-20 11:33:00,5835.0522
2025-03-20 11:34:00,5854.0391
2025-03-20 11:35:00,5857.4251
2025-03-20 11:36:00,5853.8367
2025-03-20 11:37:00,5845.4471
2025-03-20 11:38:00,5845.4471
2025-03-20 11:39:00,5853.0114
2025-03-20 11:40:00,5844.5620
2025-03-20 11:41:00,5846.5866
2025-03-20 11:42:00,5844.5620
2025-03-20 11:43:00,5844.2116
2025-03-20 11:44:00,5844.2116
2025-03-20 11:45:00,5831.9991
2025-03-20 11:46:00,5852.9184
2025-03-20 11:47:00,5831.0143
2025-03-20 11:48:00,5846.2973
2025-03-20 11:49:00,5856.6507
2025-03-20 11:50:00,5851.9135
2025-03-20 11:51:00,5858.8246
2025-03-20 11:52:00,5852.2389
2025-03-20 11:53:00,5856.1180
2025-03-20 11:54:00,5858.9376
2025-03-20 11:55:00,5851.9135
2025-03-20 11:56:00,5856.0440
2025-03-20 11:57:00,5852.5680
2025-03-20 11:58:00,5858.4137
2025-03-20 11:59:00,5858.2998
2025-03-20 12:00:00,5851.7023
2025-03-20 12:01:00,5855.8959
2025-03-20 12:02:00,5855.5802
2025-03-20 12:03:00,5828.2515
2025-03-20 12:04:00,5841.8496
2025-03-20 12:05:00,5827.7504
2025-03-20 12:06:00,5851.8047
2025-03-20 12:07:00,5836.0797
2025-03-20 12:08:00,5856.0237
2025-03-20 12:09:00,5856.0622
2025-03-20 12:10:00,5856.0813
2025-03-20 12:11:00,5843.9527
2025-03-20 12:12:00,5843.3339
2025-03-20 12:13:00,5846.2436
2025-03-20 12:14:00,5836.8473
2025-03-20 12:15:00,5856.1698
2025-03-20 12:16:00,5852.1836
2025-03-20 12:17:00,5856.4493
2025-03-20 12:18:00,5846.4611
2025-03-20 12:19:00,5846.1929
2025-03-20 12:20:00,5856.4859
2025-03-20 12:21:00,5858.7762
2025-03-20 12:22:00,5852.6677
2025-03-20 12:23:00,5856.5040
2025-03-20 12:24:00,5852.7008
2025-03-20 12:25:00,5846.8308
2025-03-20 12:26:00,5855.6938
2025-03-20 12:27:00,5846.8826
2025-03-20 12:28:00,5845.0024
2025-03-20 12:29:00,5834.1745
2025-03-20 12:30:00,5834.4484
2025-03-20 12:31:00,5844.9641
2025-03-20 12:32:00,5856.7368
2025-03-20 12:33:00,5834.8505
2025-03-20 12:34:00,5856.7348
2025-03-20 12:35:00,5847.3855
2025-03-20 12:36:00,5853.1189
2025-03-20 12:37:00,5845.7471
2025-03-20 12:38:00,5856.8054
2025-03-20 12:39:00,5858.9435
2025-03-20 12:40:00,5852.9985
2025-03-20 12:41:00,5853.1501
2025-03-20 12:42:00,5847.4345
2025-03-20 12:43:00,5846.0311
2025-03-20 12:44:00,5853.2451
2025-03-20 12:45:00,5845.9608
2025-03-20 12:46:00,5853.2755
2025-03-20 12:47:00,5836.3160
2025-03-20 12:48:00,5835.4987
2025-03-20 12:49:00,5845.9608
2025-03-20 12:50:00,5853.2451
2025-03-20 12:51:00,5853.2451
2025-03-20 12:52:00,5835.1302
2025-03-20 12:53:00,5846.1009
2025-03-20 12:54:00,5856.8394
2025-03-20 12:55:00,5835.4987
2025-03-20 12:56:00,5846.0311
2025-03-20 12:57:00,5846.1009
2025-03-20 12:58:00,5846.0311
2025-03-20 12:59:00,5836.3334
2025-03-20 13:00:00,5846.1009
2025-03-20 13:01:00,5852.9813
2025-03-20 13:02:00,5856.8899
2025-03-20 13:03:00,5846.1703
2025-03-20 13:04:00,5853.0739
2025-03-20 13:05:00,5845.7688
2025-03-20 13:06:00,5856.6958
2025-03-20 13:07:00,5846.3756
2025-03-20 13:08:00,5846.3756
2025-03-20 13:09:00,5853.4552
2025-03-20 13:10:00,5836.3676
2025-03-20 13:11:00,5836.7183
2025-03-20 13:12:00,5846.6433
2025-03-20 13:13:00,5836.9508
2025-03-20 13:14:00,5857.0224
2025-03-20 13:15:00,5853.6304
2025-03-20 13:16:00,5853.6878
2025-03-20 13:17:00,5853.6878
2025-03-20 13:18:00,5848.3491
2025-03-20 13:19:00,5837.5164
2025-03-20 13:20:00,5847.8624
2025-03-20 13:21:00,5857.1036
2025-03-20 13:22:00,5854.3344
2025-03-20 13:23:00,5848.0427
2025-03-20 13:24:00,5853.7448
2025-03-20 13:25:00,5848.4802
2025-03-20 13:26:00,5848.9078
2025-03-20 13:27:00,5847.2209
2025-03-20 13:28:00,5848.0427
2025-03-20 13:29:00,5838.8689
2025-03-20 13:30:00,5847.1583
2025-03-20 13:31:00,5838.9726
2025-03-20 13:32:00,5857.3755
2025-03-20 13:33:00,5849.6006
2025-03-20 13:34:00,5848.1021
2025-03-20 13:35:00,5848.2780
2025-03-20 13:36:00,5854.7386
2025-03-20 13:37:00,5848.2780
2025-03-20 13:38:00,5847.3449
2025-03-20 13:39:00,5854.7644
2025-03-20 13:40:00,5857.8429
2025-03-20 13:41:00,5840.0202
2025-03-20 13:42:00,5839.3799
2025-03-20 13:43:00,5848.5075
2025-03-20 13:44:00,5857.8868
2025-03-20 13:45:00,5848.5641
2025-03-20 13:46:00,5840.3095
2025-03-20 13:47:00,5857.9159
2025-03-20 13:48:00,5840.5925
2025-03-20 13:49:00,5849.2225
2025-03-20 13:50:00,5840.6855
2025-03-20 13:51:00,5849.2760
2025-03-20 13:52:00,5849.3291
2025-03-20 13:53:00,5849.4345
2025-03-20 13:54:00,5855.0658
2025-03-20 13:55:00,5850.1838
2025-03-20 13:56:00,5841.1406
2025-03-20 13:57:00,5849.5902
2025-03-20 13:58:00,5841.3182
2025-03-20 13:59:00,5836.7510
2025-03-20 14:00:00,5849.6926
2025-03-20 14:01:00,5850.5474
2025-03-20 14:02:00,5858.1006
2025-03-20 14:03:00,5841.6661
2025-03-20 14:04:00,5850.5153
2025-03-20 14:05:00,5850.0415
2025-03-20 14:06:00,5849.9925
2025-03-20 14:07:00,5858.5575
2025-03-20 14:08:00,5850.8760
2025-03-20 14:09:00,5850.0415
2025-03-20 14:10:00,5855.3765
2025-03-20 14:11:00,5850.9219
2025-03-20 14:12:00,5850.9675
2025-03-20 14:13:00,5855.9619
2025-03-20 14:14:00,5858.6096
2025-03-20 14:15:00,5851.1029
2025-03-20 14:16:00,5851.1029
2025-03-20 14:17:00,5851.1476
2025-03-20 14:18:00,5855.3352
2025-03-20 14:19:00,5843.5361
2025-03-20 14:20:00,5843.4600
2025-03-20 14:21:00,5843.6117
2025-03-20 14:22:00,5843.6869
2025-03-20 14:23:00,5856.0919
2025-03-20 14:24:00,5851.1919
2025-03-20 14:25:00,5856.0919
2025-03-20 14:26:00,5843.9826
2025-03-20 14:27:00,5851.4102
2025-03-20 14:28:00,5843.9826
2025-03-20 14:29:00,5858.7119
2025-03-20 14:30:00,5851.4102
2025-03-20 14:31:00,5851.3670
2025-03-20 14:32:00,5851.4532
2025-03-20 14:33:00,5851.4959
2025-03-20 14:34:00,5844.1994
2025-03-20 14:35:00,5851.4959
2025-03-20 14:36:00,5844.2708
2025-03-20 14:37:00,5844.2708
2025-03-20 14:38:00,5856.7181
2025-03-20 14:39:00,5851.6226
2025-03-20 14:40:00,5851.7527
2025-03-20 14:41:00,5851.6644
2025-03-20 14:42:00,5844.4822
2025-03-20 14:43:00,5844.4122
2025-03-20 14:44:00,5851.7473
2025-03-20 14:45:00,5844.6210
2025-03-20 14:46:00,5856.3227
2025-03-20 14:47:00,5858.8365
2025-03-20 14:48:00,5851.9729
2025-03-20 14:49:00,5856.4245
2025-03-20 14:50:00,5851.9106
2025-03-20 14:51:00,5858.8610
2025-03-20 14:52:00,5859.2669
2025-03-20 14:53:00,5852.7079
2025-03-20 14:54:00,5858.9096
2025-03-20 14:55:00,5860.4789
2025-03-20 14:56:00,5852.1009
2025-03-20 14:57:00,5845.1590
2025-03-20 14:58:00,5852.8205
2025-03-20 14:59:00,5859.3242
2025-03-20 15:00:00,5847.2126
2025-03-20 15:01:00,5859.7395
2025-03-20 15:02:00,5857.5877
2025-03-20 15:03:00,5852.8359
2025-03-20 15:04:00,5857.5523
2025-03-20 15:05:00,5852.8577
2025-03-20 15:06:00,5846.0928
2025-03-20 15:07:00,5858.9457
2025-03-20 15:08:00,5852.9403
2025-03-20 15:09:00,5853.7119
2025-03-20 15:10:00,5857.0272
2025-03-20 15:11:00,5852.1881
2025-03-20 15:12:00,5846.2776
2025-03-20 15:13:00,5853.5217
2025-03-20 15:14:00,5859.3919
2025-03-20 15:15:00,5853.9490
2025-03-20 15:16:00,5853.2999
2025-03-20 15:17:00,5854.0481
2025-03-20 15:18:00,5853.7331
2025-03-20 15:19:00,5856.8712
2025-03-20 15:20:00,5847.9376
2025-03-20 15:21:00,5854.2420
2025-03-20 15:22:00,5853.8874
2025-03-20 15:23:00,5854.3992
2025-03-20 15:24:00,5854.4611
2025-03-20 15:25:00,5858.0096
2025-03-20 15:26:00,5849.2392
2025-03-20 15:27:00,5854.5223
2025-03-20 15:28:00,5849.3352
2025-03-20 15:29:00,5854.5223
2025-03-20 15:30:00,5849.1421
2025-03-20 15:31:00,5860.3103
2025-03-20 15:32:00,5857.8952
2025-03-20 15:33:00,5856.9170
2025-03-20 15:34:00,5847.7751
2025-03-20 15:35:00,5847.6652
2025-03-20 15:36:00,5857.7779
2025-03-20 15:37:00,5857.7439
2025-03-20 15:38:00,5857.2192
2025-03-20 15:39:00,5846.3616
2025-03-20 15:40:00,5857.0150
2025-03-20 15:41:00,5852.5076
2025-03-20 15:42:00,5851.6226
2025-03-20 15:43:00,5851.4102
2025-03-20 15:44:00,5855.9838
2025-03-20 15:45:00,5849.0885
2025-03-20 15:46:00,5835.4265
2025-03-20 15:47:00,5855.8149
2025-03-20 15:48:00,5852.8567
2025-03-20 15:49:00,5854.2967
2025-03-20 15:50:00,5840.8257
2025-03-20 15:51:00,5840.1967
2025-03-20 15:52:00,5848.7689
2025-03-20 15:53:00,5849.6295
2025-03-20 15:54:00,5849.9408
2025-03-20 15:55:00,5856.9715
2025-03-20 15:56:00,5842.2519
2025-03-20 15:57:00,5852.5690
2025-03-20 15:58:00,5851.9430
2025-03-20 15:59:00,5839.7496
2025-03-20 16:00:00,5867.6933
2025-03-20 16:01:00,5864.1138
2025-03-20 16:02:00,5860.6722
2025-03-20 16:03:00,5865.6569
2025-03-20 16:04:00,5854.1129
2025-03-20 16:05:00,5866.3618
2025-03-20 16:06:00,5865.2953
2025-03-20 16:07:00,5839.3567
2025-03-20 16:08:00,5863.7891
2025-03-20 16:09:00,5864.4735
2025-03-20 16:10:00,5839.9106
2025-03-20 16:11:00,5861.2191
2025-03-20 16:12:00,5858.8827
2025-03-20 16:13:00,5859.4394
2025-03-20 16:14:00,5862.5928
2025-03-20 16:15:00,5850.6535
2025-03-20 16:16:00,5861.3567
2025-03-20 16:17:00,5856.8566
2025-03-20 16:18:00,5838.5824
2025-03-20 16:19:00,5854.7446
2025-03-20 16:20:00,5857.6390
2025-03-20 16:21:00,5858.1028
2025-03-20 16:22:00,5860.4930
2025-03-20 16:23:00,5855.5950
2025-03-20 16:24:00,5859.8652
2025-03-20 16:25:00,5855.3226
2025-03-20 16:26:00,5854.1311
2025-03-20 16:27:00,5859.0087
2025-03-20 16:28:00,5854.2673
2025-03-20 16:29:00,5852.3706
2025-03-20 16:30:00,5853.4985
2025-03-20 16:31:00,5838.0223
2025-03-20 16:32:00,5853.4908
2025-03-20 16:33:00,5844.4866
2025-03-20 16:34:00,5854.6013
2025-03-20 16:35:00,5860.4609
2025-03-20 16:36:00,5853.3437
2025-03-20 16:37:00,5857.3944
2025-03-20 16:38:00,5857.2018
2025-03-20 16:39:00,5859.6864
2025-03-20 16:40:00,5860.0321
2025-03-20 16:41:00,5852.8731
2025-03-20 16:42:00,5854.2308
2025-03-20 16:43:00,5857.3944
2025-03-20 16:44:00,5837.3114
2025-03-20 16:45:00,5838.4456
2025-03-20 16:46:00,5858.6531
2025-03-20 16:47:00,5864.3516
2025-03-20 16:48:00,5863.3481
2025-03-20 16:49:00,5862.8991
2025-03-20 16:50:00,5863.6701
2025-03-20 16:51:00,5856.7833
2025-03-20 16:52:00,5862.2560
2025-03-20 16:53:00,5859.6530
2025-03-20 16:54:00,5862.6533
2025-03-20 16:55:00,5861.8807
2025-03-20 16:56:00,5835.7579
2025-03-20 16:57:00,5864.6934
2025-03-20 16:58:00,5865.6090
2025-03-20 16:59:00,5839.9546
2025-03-20 17:00:00,5839.7415
2025-03-20 17:01:00,5862.9929
2025-03-20 17:02:00,5863.8636
2025-03-20 17:03:00,5863.7009
2025-03-20 17:04:00,5860.2853
2025-03-20 17:05:00,5858.8653
2025-03-20 17:06:00,5853.1865
2025-03-20 17:07:00,5863.1750
2025-03-20 17:08:00,5858.3512
2025-03-20 17:09:00,5862.3824
2025-03-20 17:10:00,5862.4710
2025-03-20 17:11:00,5849.8743
2025-03-20 17:12:00,5857.1159
2025-03-20 17:13:00,5856.5255
2025-03-20 17:14:00,5856.7015
2025-03-20 17:15:00,5856.5536
2025-03-20 17:16:00,5859.7019
2025-03-20 17:17:00,5861.8418
2025-03-20 17:18:00,5838.3480
2025-03-20 17:19:00,5854.7534
2025-03-20 17:20:00,5854.4489
2025-03-20 17:21:00,5861.3033
2025-03-20 17:22:00,5854.9338
2025-03-20 17:23:00,5858.5783
2025-03-20 17:24:00,5859.3873
2025-03-20 17:25:00,5862.3217
2025-03-20 17:26:00,5844.5255
2025-03-20 17:27:00,5853.8361
2025-03-20 17:28:00,5860.8154
2025-03-20 17:29:00,5860.7472
2025-03-20 17:30:00,5858.4838
2025-03-20 17:31:00,5854.1432
2025-03-20 17:32:00,5860.8154
2025-03-20 17:33:00,5854.2962
2025-03-20 17:34:00,5845.7526
2025-03-20 17:35:00,5846.3594
2025-03-20 17:36:00,5854.1142
2025-03-20 17:37:00,5861.0066
2025-03-20 17:38:00,5845.3070
2025-03-20 17:39:00,5861.0066
2025-03-20 17:40:00,5845.5108
2025-03-20 17:41:00,5845.5108
2025-03-20 17:42:00,5858.9372
2025-03-20 17:43:00,5854.8765
2025-03-20 17:44:00,5845.7142
2025-03-20 17:45:00,5858.9372
2025-03-20 17:46:00,5856.6736
2025-03-20 17:47:00,5862.6823
2025-03-20 17:48:00,5862.8804
2025-03-20 17:49:00,5851.2164
2025-03-20 17:50:00,5861.0456
2025-03-20 17:51:00,5860.4756
2025-03-20 17:52:00,5862.0556
2025-03-20 17:53:00,5855.5524
2025-03-20 17:54:00,5861.4451
2025-03-20 17:55:00,5861.4514
2025-03-20 17:56:00,5847.2382
2025-03-20 17:57:00,5857.5278
2025-03-20 17:58:00,5858.8581
2025-03-20 17:59:00,5861.4255
2025-03-20 18:00:00,5860.7721
2025-03-20 18:01:00,5857.2350
2025-03-20 18:02:00,5862.0047
2025-03-20 18:03:00,5862.2175
2025-03-20 18:04:00,5848.5104
2025-03-20 18:05:00,5859.8698
2025-03-20 18:06:00,5855.7807
2025-03-20 18:07:00,5861.2777
2025-03-20 18:08:00,5846.7615
2025-03-20 18:09:00,5859.3295
2025-03-20 18:10:00,5861.0194
2025-03-20 18:11:00,5844.9365
2025-03-20 18:12:00,5847.0474
2025-03-20 18:13:00,5845.3942
2025-03-20 18:14:00,5859.1825
2025-03-20 18:15:00,5854.5141
2025-03-20 18:16:00,5854.2086
2025-03-20 18:17:00,5858.4297
2025-03-20 18:18:00,5860.7764
2025-03-20 18:19:00,5853.4216
2025-03-20 18:20:00,5853.4392
2025-03-20 18:21:00,5844.4075
2025-03-20 18:22:00,5844.4075
2025-03-20 18:23:00,5845.4712
2025-03-20 18:24:00,5853.5937
2025-03-20 18:25:00,5861.0613
2025-03-20 18:26:00,5853.4216
2025-03-20 18:27:00,5845.8776
2025-03-20 18:28:00,5853.9018
2025-03-20 18:29:00,5861.3322
2025-03-20 18:30:00,5854.2086
2025-03-20 18:31:00,5860.8445
2025-03-20 18:32:00,5854.0478
2025-03-20 18:33:00,5854.3540
2025-03-20 18:34:00,5854.7808
2025-03-20 18:35:00,5844.5644
2025-03-20 18:36:00,5844.7701
2025-03-20 18:37:00,5859.1779
2025-03-20 18:38:00,5861.3160
2025-03-20 18:39:00,5854.3251
2025-03-20 18:40:00,5854.4778
2025-03-20 18:41:00,5854.0672
2025-03-20 18:42:00,5845.7909
2025-03-20 18:43:00,5854.4778
2025-03-20 18:44:00,5845.5878
2025-03-20 18:45:00,5859.6441
2025-03-20 18:46:00,5855.0852
2025-03-20 18:47:00,5856.4614
2025-03-20 18:48:00,5861.6404
2025-03-20 18:49:00,5854.9544
2025-03-20 18:50:00,5848.6217
2025-03-20 18:51:00,5855.5374
2025-03-20 18:52:00,5859.5335
2025-03-20 18:53:00,5846.3975
2025-03-20 18:54:00,5854.9338
2025-03-20 18:55:00,5859.1602
2025-03-20 18:56:00,5861.3033
2025-03-20 18:57:00,5856.9401
2025-03-20 18:58:00,5847.8333
2025-03-20 18:59:00,5856.9401
2025-03-20 19:00:00,5862.0043
2025-03-20 19:01:00,5847.0474
2025-03-20 19:02:00,5856.3483
2025-03-20 19:03:00,5861.8034
2025-03-20 19:04:00,5855.0015
2025-03-20 19:05:00,5847.2847
2025-03-20 19:06:00,5854.5595
2025-03-20 19:07:00,5861.3322
2025-03-20 19:08:00,5846.9040
2025-03-20 19:09:00,5846.0801
2025-03-20 19:10:00,5854.3904
2025-03-20 19:11:00,5858.8250
2025-03-20 19:12:00,5844.8579
2025-03-20 19:13:00,5854.0844
2025-03-20 19:14:00,5844.6525
2025-03-20 19:15:00,5853.6229
2025-03-20 19:16:00,5844.4660
2025-03-20 19:17:00,5853.4684
2025-03-20 19:18:00,5860.7275
2025-03-20 19:19:00,5857.0195
2025-03-20 19:20:00,5843.8255
2025-03-20 19:21:00,5844.4660
2025-03-20 19:22:00,5853.3409
2025-03-20 19:23:00,5852.8781
2025-03-20 19:24:00,5853.4830
2025-03-20 19:25:00,5853.1584
2025-03-20 19:26:00,5852.7646
2025-03-20 19:27:00,5843.6175
2025-03-20 19:28:00,5844.0330
2025-03-20 19:29:00,5843.8255
2025-03-20 19:30:00,5853.1584
2025-03-20 19:31:00,5844.6719
2025-03-20 19:32:00,5853.3136
2025-03-20 19:33:00,5860.5845
2025-03-20 19:34:00,5853.1045
2025-03-20 19:35:00,5844.2400
2025-03-20 19:36:00,5853.4535
2025-03-20 19:37:00,5853.6229
2025-03-20 19:38:00,5853.9454
2025-03-20 19:39:00,5844.0330
2025-03-20 19:40:00,5858.0680
2025-03-20 19:41:00,5853.1045
2025-03-20 19:42:00,5843.8255
2025-03-20 19:43:00,5844.0330
2025-03-20 19:44:00,5852.8781
2025-03-20 19:45:00,5860.3790
2025-03-20 19:46:00,5853.3282
2025-03-20 19:47:00,5858.0680
2025-03-20 19:48:00,5857.8775
2025-03-20 19:49:00,5843.4090
2025-03-20 19:50:00,5857.6863
2025-03-20 19:51:00,5852.5344
2025-03-20 19:52:00,5860.0352
2025-03-20 19:53:00,5842.3585
2025-03-20 19:54:00,5851.9049
2025-03-20 19:55:00,5851.6410
2025-03-20 19:56:00,5856.1627
2025-03-20 19:57:00,5851.9257
2025-03-20 19:58:00,5842.5858
2025-03-20 19:59:00,5842.4816
2025-03-20 20:00:00,5857.4941
2025-03-20 20:01:00,5843.4482
2025-03-20 20:02:00,5842.3585
2025-03-20 20:03:00,5857.4947
2025-03-20 20:04:00,5852.6617
2025-03-20 20:05:00,5852.7646
2025-03-20 20:06:00,5843.6175
2025-03-20 20:07:00,5857.9728
2025-03-20 20:08:00,5853.0029
2025-03-20 20:09:00,5852.6909
2025-03-20 20:10:00,5853.4830
2025-03-20 20:11:00,5853.1045
2025-03-20 20:12:00,5859.2914
2025-03-20 20:13:00,5844.4465
2025-03-20 20:14:00,5845.0822
2025-03-20 20:15:00,5858.3529
2025-03-20 20:16:00,5853.2175
2025-03-20 20:17:00,5844.8773
2025-03-20 20:18:00,5844.6525
2025-03-20 20:19:00,5853.1045
2025-03-20 20:20:00,5845.2866
2025-03-20 20:21:00,5853.2175
2025-03-20 20:22:00,5853.7903
2025-03-20 20:23:00,5845.4905
2025-03-20 20:24:00,5845.4905
2025-03-20 20:25:00,5845.2866
2025-03-20 20:26:00,5858.5421
2025-03-20 20:27:00,5853.5553
2025-03-20 20:28:00,5845.0628
2025-03-20 20:29:00,5844.6525
2025-03-20 20:30:00,5844.6525
2025-03-20 20:31:00,5854.0989
2025-03-20 20:32:00,5845.0822
2025-03-20 20:33:00,5853.6229
2025-03-20 20:34:00,5857.3357
2025-03-20 20:35:00,5853.5659
2025-03-20 20:36:00,5853.5659
2025-03-20 20:37:00,5859.4181
2025-03-20 20:38:00,5853.5659
2025-03-20 20:39:00,5854.3746
2025-03-20 20:40:00,5855.0490
2025-03-20 20:41:00,5857.1814
2025-03-20 20:42:00,5854.2634
2025-03-20 20:43:00,5845.7423
2025-03-20 20:44:00,5847.5876
2025-03-20 20:45:00,5859.0441
2025-03-20 20:46:00,5857.8147
2025-03-20 20:47:00,5854.8975
2025-03-20 20:48:00,5854.7458
2025-03-20 20:49:00,5857.8147
2025-03-20 20:50:00,5858.8563
2025-03-20 20:51:00,5853.9288
2025-03-20 20:52:00,5854.5937
2025-03-20 20:53:00,5854.0405
2025-03-20 20:54:00,5854.4413
2025-03-20 20:55:00,5845.1310
2025-03-20 20:56:00,5853.5927
2025-03-20 20:57:00,5853.4804
2025-03-20 20:58:00,5844.9262
2025-03-20 20:59:00,5853.4804
2025-03-20 21:00:00,5860.7438
2025-03-20 21:01:00,5853.5927
2025-03-20 21:02:00,5844.7209
2025-03-20 21:03:00,5858.2897
2025-03-20 21:04:00,5853.6743
2025-03-20 21:05:00,5853.2551
2025-03-20 21:06:00,5844.1020
2025-03-20 21:07:00,5858.1192
2025-03-20 21:08:00,5844.0864
2025-03-20 21:09:00,5844.1819
2025-03-20 21:10:00,5853.4442
2025-03-20 21:11:00,5853.4903
2025-03-20 21:12:00,5853.3349
2025-03-20 21:13:00,5844.4635
2025-03-20 21:14:00,5844.5558
2025-03-20 21:15:00,5860.5145
2025-03-20 21:16:00,5845.6999
2025-03-20 21:17:00,5844.3705
2025-03-20 21:18:00,5853.4903
2025-03-20 21:19:00,5857.0567
2025-03-20 21:20:00,5844.5558
2025-03-20 21:21:00,5853.3978
2025-03-20 21:22:00,5844.3705
2025-03-20 21:23:00,5853.4442
2025-03-20 21:24:00,5853.2679
2025-03-20 21:25:00,5844.3705
2025-03-20 21:26:00,5858.1794
2025-03-20 21:27:00,5857.5633
2025-03-20 21:28:00,5844.4635
2025-03-20 21:29:00,5853.2002
2025-03-20 21:30:00,5858.2387
2025-03-20 21:31:00,5853.2679
2025-03-20 21:32:00,5844.5558
2025-03-20 21:33:00,5853.5816
2025-03-20 21:34:00,5844.6473
2025-03-20 21:35:00,5846.0399
2025-03-20 21:36:00,5844.7381
2025-03-20 21:37:00,5844.8280
2025-03-20 21:38:00,5844.9173
2025-03-20 21:39:00,5846.1231
2025-03-20 21:40:00,5853.7606
2025-03-20 21:41:00,5858.9585
2025-03-20 21:42:00,5846.2876
2025-03-20 21:43:00,5853.4995
2025-03-20 21:44:00,5846.4493
2025-03-20 21:45:00,5854.9108
2025-03-20 21:46:00,5858.4499
2025-03-20 21:47:00,5854.9885
2025-03-20 21:48:00,5854.8320
2025-03-20 21:49:00,5846.8425
2025-03-20 21:50:00,5855.0271
2025-03-20 21:51:00,5847.0710
2025-03-20 21:52:00,5847.1460
2025-03-20 21:53:00,5861.5373
2025-03-20 21:54:00,5855.2531
2025-03-20 21:55:00,5855.2531
2025-03-20 21:56:00,5858.1796
2025-03-20 21:57:00,5854.6415
2025-03-20 21:58:00,5848.2898
2025-03-20 21:59:00,5848.4913
2025-03-20 22:00:00,5859.8174
2025-03-20 22:01:00,5848.6884
2025-03-20 22:02:00,5856.0934
2025-03-20 22:03:00,5848.7531
2025-03-20 22:04:00,5855.2820
2025-03-20 22:05:00,5855.2558
2025-03-20 22:06:00,5849.9141
2025-03-20 22:07:00,5855.9469
2025-03-20 22:08:00,5855.9713
2025-03-20 22:09:00,5849.0074
2025-03-20 22:10:00,5856.2885
2025-03-20 22:11:00,5856.2564
2025-03-20 22:12:00,5855.9225
2025-03-20 22:13:00,5849.9141
2025-03-20 22:14:00,5849.9731
2025-03-20 22:15:00,5859.7181
2025-03-20 22:16:00,5856.6217
2025-03-20 22:17:00,5849.0698
2025-03-20 22:18:00,5856.3203
2025-03-20 22:19:00,5849.3151
2025-03-20 22:20:00,5858.8471
2025-03-20 22:21:00,5855.4882
2025-03-20 22:22:00,5856.1153
2025-03-20 22:23:00,5855.5386
2025-03-20 22:24:00,5855.5886
2025-03-20 22:25:00,5857.4003
2025-03-20 22:26:00,5859.0440
2025-03-20 22:27:00,5856.4148
2025-03-20 22:28:00,5856.3924
2025-03-20 22:29:00,5856.4372
2025-03-20 22:30:00,5857.6935
2025-03-20 22:31:00,5857.0112
2025-03-20 22:32:00,5852.0496
2025-03-20 22:33:00,5858.3317
2025-03-20 22:34:00,5859.0440
2025-03-20 22:35:00,5850.8621
2025-03-20 22:36:00,5856.2325
2025-03-20 22:37:00,5856.1859
2025-03-20 22:38:00,5860.3254
2025-03-20 22:39:00,5850.1474
2025-03-20 22:40:00,5857.1465
2025-03-20 22:41:00,5855.7149
2025-03-20 22:42:00,5858.0392
2025-03-20 22:43:00,5847.5838
2025-03-20 22:44:00,5847.2204
2025-03-20 22:45:00,5854.9498
2025-03-20 22:46:00,5846.4493
2025-03-20 22:47:00,5853.7606
2025-03-20 22:48:00,5853.5199
2025-03-20 22:49:00,5858.3482
2025-03-20 22:50:00,5856.3373
2025-03-20 22:51:00,5852.5459
2025-03-20 22:52:00,5853.0263
2025-03-20 22:53:00,5864.3544
2025-03-20 22:54:00,5860.8033
2025-03-20 22:55:00,5863.3387
2025-03-20 22:56:00,5864.3440
2025-03-20 22:57:00,5862.6037
2025-03-20 22:58:00,5869.7321
2025-03-20 22:59:00,5871.2226
2025-03-20 23:00:00,5871.3547
2025-03-20 23:01:00,5869.0899
2025-03-20 23:02:00,5867.4860
2025-03-20 23:03:00,5871.3506
2025-03-20 23:04:00,5872.1747
2025-03-20 23:05:00,5867.2589
2025-03-20 23:06:00,5867.9948
2025-03-20 23:07:00,5869.1017
2025-03-20 23:08:00,5873.8978
2025-03-20 23:09:00,5869.2106
2025-03-20 23:10:00,5874.1496
2025-03-20 23:11:00,5872.2218
2025-03-20 23:12:00,5874.9622
2025-03-20 23:13:00,5870.6595
2025-03-20 23:14:00,5873.1521
2025-03-20 23:15:00,5868.1729
2025-03-20 23:16:00,5868.7095
2025-03-20 23:17:00,5868.9521
2025-03-20 23:18:00,5872.1743
2025-03-20 23:19:00,5868.0756
2025-03-20 23:20:00,5873.4772
2025-03-20 23:21:00,5870.5701
2025-03-20 23:22:00,5867.7973
2025-03-20 23:23:00,5868.2123
2025-03-20 23:24:00,5868.0264
2025-03-20 23:25:00,5868.4198
2025-03-20 23:26:00,5869.8386
2025-03-20 23:27:00,5866.3648
2025-03-20 23:28:00,5865.8326
2025-03-20 23:29:00,5864.9960
2025-03-20 23:30:00,5869.3755
2025-03-20 23:31:00,5869.2513
2025-03-20 23:32:00,5867.0860
2025-03-20 23:33:00,5870.6595
2025-03-20 23:34:00,5866.7654
2025-03-20 23:35:00,5864.5875
2025-03-20 23:36:00,5864.2591
2025-03-20 23:37:00,5864.7025
2025-03-20 23:38:00,5868.6269
2025-03-20 23:39:00,5864.7991
2025-03-20 23:40:00,5868.2018
2025-03-20 23:41:00,5864.9918
2025-03-20 23:42:00,5864.8336
2025-03-20 23:43:00,5864.4235
2025-03-20 23:44:00,5868.0999
2025-03-20 23:45:00,5867.7596
2025-03-20 23:46:00,5867.6259
2025-03-20 23:47:00,5869.3521
2025-03-20 23:48:00,5868.2341
2025-03-20 23:49:00,5868.1678
2025-03-20 23:50:00,5869.9589
2025-03-20 23:51:00,5869.2160
2025-03-20 23:52:00,5865.5356
2025-03-20 23:53:00,5869.1501
2025-03-20 23:54:00,5867.5811
2025-03-20 23:55:00,5865.7587
2025-03-20 23:56:00,5862.0369
2025-03-20 23:57:00,5865.7308
2025-03-20 23:58:00,5869.9911
2025-03-20 23:59:00,5872.6156
2025-03-21 00:00:00,5874.5998
2025-03-21 00:01:00,5873.0935
2025-03-21 00:02:00,5871.8416
2025-03-21 00:03:00,5874.7436
2025-03-21 00:04:00,5870.0630
2025-03-21 00:05:00,5868.9060
2025-03-21 00:06:00,5873.5506
2025-03-21 00:07:00,5871.3747
2025-03-21 00:08:00,5873.6906
2025-03-21 00:09:00,5871.7125
2025-03-21 00:10:00,5871.1437
2025-03-21 00:11:00,5870.1468
2025-03-21 00:12:00,5867.6132
2025-03-21 00:13:00,5872.8852
2025-03-21 00:14:00,5869.7906
2025-03-21 00:15:00,5868.5330
2025-03-21 00:16:00,5869.0359
2025-03-21 00:17:00,5871.6653
2025-03-21 00:18:00,5871.6767
2025-03-21 00:19:00,5866.7811
2025-03-21 00:20:00,5866.6663
2025-03-21 00:21:00,5868.5117
2025-03-21 00:22:00,5864.8839
2025-03-21 00:23:00,5870.5141
2025-03-21 00:24:00,5870.1462
2025-03-21 00:25:00,5869.6530
2025-03-21 00:26:00,5867.9568
2025-03-21 00:27:00,5864.7256
2025-03-21 00:28:00,5865.1478
2025-03-21 00:29:00,5864.6576
2025-03-21 00:30:00,5868.6805
2025-03-21 00:31:00,5864.1650
2025-03-21 00:32:00,5864.0002
2025-03-21 00:33:00,5868.4295
2025-03-21 00:34:00,5864.9451
2025-03-21 00:35:00,5868.3037
2025-03-21 00:36:00,5868.5551
2025-03-21 00:37:00,5863.8352
2025-03-21 00:38:00,5867.4801
2025-03-21 00:39:00,5867.5413
2025-03-21 00:40:00,5867.8279
2025-03-21 00:41:00,5867.6636
2025-03-21 00:42:00,5864.0002
2025-03-21 00:43:00,5867.3185
2025-03-21 00:44:00,5868.0276
2025-03-21 00:45:00,5867.2349
2025-03-21 00:46:00,5866.8842
2025-03-21 00:47:00,5867.3625
2025-03-21 00:48:00,5868.0580
2025-03-21 00:49:00,5867.3312
2025-03-21 00:50:00,5868.2498
2025-03-21 00:51:00,5867.8709
2025-03-21 00:52:00,5863.7645
2025-03-21 00:53:00,5867.3925
2025-03-21 00:54:00,5866.9548
2025-03-21 00:55:00,5866.3673
2025-03-21 00:56:00,5866.9516
2025-03-21 00:57:00,5865.4119
2025-03-21 00:58:00,5866.2217
2025-03-21 00:59:00,5869.5206
2025-03-21 01:00:00,5869.9705
2025-03-21 01:01:00,5869.5883
2025-03-21 01:02:00,5865.5203
2025-03-21 01:03:00,5868.5041
2025-03-21 01:04:00,5864.6568
2025-03-21 01:05:00,5864.0167
2025-03-21 01:06:00,5869.2160
2025-03-21 01:07:00,5864.7049
2025-03-21 01:08:00,5868.8418
2025-03-21 01:09:00,5868.3401
2025-03-21 01:10:00,5840.9576
2025-03-21 01:11:00,5867.3195
2025-03-21 01:12:00,5864.4316
2025-03-21 01:13:00,5868.2561
2025-03-21 01:14:00,5867.8771
2025-03-21 01:15:00,5867.1497
2025-03-21 01:16:00,5867.4962
2025-03-21 01:17:00,5868.0276
2025-03-21 01:18:00,5867.3930
2025-03-21 01:19:00,5866.8527
2025-03-21 01:20:00,5863.0656
2025-03-21 01:21:00,5861.1237
2025-03-21 01:22:00,5865.8474
2025-03-21 01:23:00,5866.2932
2025-03-21 01:24:00,5866.4189
2025-03-21 01:25:00,5865.5866
2025-03-21 01:26:00,5866.4297
2025-03-21 01:27:00,5859.5817
2025-03-21 01:28:00,5864.9306
2025-03-21 01:29:00,5865.6113
2025-03-21 01:30:00,5858.8879
2025-03-21 01:31:00,5860.3026
2025-03-21 01:32:00,5865.6113
2025-03-21 01:33:00,5865.8298
2025-03-21 01:34:00,5859.0618
2025-03-21 01:35:00,5859.4087
2025-03-21 01:36:00,5859.2354
2025-03-21 01:37:00,5859.5817
2025-03-21 01:38:00,5866.2425
2025-03-21 01:39:00,5865.9174
2025-03-21 01:40:00,5865.4747
2025-03-21 01:41:00,5865.7292
2025-03-21 01:42:00,5865.9802
2025-03-21 01:43:00,5865.3249
2025-03-21 01:44:00,5859.5817
2025-03-21 01:45:00,5865.3249
2025-03-21 01:46:00,5866.0429
2025-03-21 01:47:00,5865.4559
2025-03-21 01:48:00,5865.8983
2025-03-21 01:49:00,5865.5866
2025-03-21 01:50:00,5865.4559
2025-03-21 01:51:00,5859.9266
2025-03-21 01:52:00,5865.3249
2025-03-21 01:53:00,5840.0913
2025-03-21 01:54:00,5864.7987
2025-03-21 01:55:00,5865.4747
2025-03-21 01:56:00,5865.4559
2025-03-21 01:57:00,5862.2715
2025-03-21 01:58:00,5860.0986
2025-03-21 01:59:00,5864.9057
2025-03-21 02:00:00,5865.5866
2025-03-21 02:01:00,5864.6415
2025-03-21 02:02:00,5858.8550
2025-03-21 02:03:00,5866.1056
2025-03-21 02:04:00,5865.9174
2025-03-21 02:05:00,5861.8713
2025-03-21 02:06:00,5860.0986
2025-03-21 02:07:00,5860.0986
2025-03-21 02:08:00,5865.7292
2025-03-21 02:09:00,5865.8138
2025-03-21 02:10:00,5865.3249
2025-03-21 02:11:00,5865.5866
2025-03-21 02:12:00,5859.4087
2025-03-21 02:13:00,5861.8713
2025-03-21 02:14:00,5859.4087
2025-03-21 02:15:00,5860.4739
2025-03-21 02:16:00,5866.0829
2025-03-21 02:17:00,5862.0906
2025-03-21 02:18:00,5865.6113
2025-03-21 02:19:00,5865.7452
2025-03-21 02:20:00,5861.8903
2025-03-21 02:21:00,5859.6143
2025-03-21 02:22:00,5859.4414
2025-03-21 02:23:00,5864.6915
2025-03-21 02:24:00,5860.1571
2025-03-21 02:25:00,5858.9208
2025-03-21 02:26:00,5865.6294
2025-03-21 02:27:00,5862.7836
2025-03-21 02:28:00,5864.1607
2025-03-21 02:29:00,5863.8938
2025-03-21 02:30:00,5859.2947
2025-03-21 02:31:00,5865.3614
2025-03-21 02:32:00,5863.8938
2025-03-21 02:33:00,5863.8938
2025-03-21 02:34:00,5865.2979
2025-03-21 02:35:00,5859.8542
2025-03-21 02:36:00,5864.0273
2025-03-21 02:37:00,5858.9474
2025-03-21 02:38:00,5864.7118
2025-03-21 02:39:00,5858.9623
2025-03-21 02:40:00,5859.3096
2025-03-21 02:41:00,5864.0273
2025-03-21 02:42:00,5859.1212
2025-03-21 02:43:00,5857.8703
2025-03-21 02:44:00,5858.0463
2025-03-21 02:45:00,5858.0463
2025-03-21 02:46:00,5865.2979
2025-03-21 02:47:00,5860.0263
2025-03-21 02:48:00,5863.7599
2025-03-21 02:49:00,5865.2344
2025-03-21 02:50:00,5857.5174
2025-03-21 02:51:00,5857.3404
2025-03-21 02:52:00,5857.1631
2025-03-21 02:53:00,5864.9799
2025-03-21 02:54:00,5863.3570
2025-03-21 02:55:00,5859.5091
2025-03-21 02:56:00,5864.3255
2025-03-21 02:57:00,5861.3101
2025-03-21 02:58:00,5861.1077
2025-03-21 02:59:00,5863.9257
2025-03-21 03:00:00,5860.8030
2025-03-21 03:01:00,5857.9123
2025-03-21 03:02:00,5860.5014
2025-03-21 03:03:00,5860.5014
2025-03-21 03:04:00,5863.1193
2025-03-21 03:05:00,5860.2923
2025-03-21 03:06:00,5856.6715
2025-03-21 03:07:00,5862.8486
2025-03-21 03:08:00,5857.2330
2025-03-21 03:09:00,5857.2330
2025-03-21 03:10:00,5862.1671
2025-03-21 03:11:00,5861.8927
2025-03-21 03:12:00,5864.8776
2025-03-21 03:13:00,5860.0004
2025-03-21 03:14:00,5855.9827
2025-03-21 03:15:00,5859.5877
2025-03-21 03:16:00,5861.7766
2025-03-21 03:17:00,5855.3075
2025-03-21 03:18:00,5854.7142
2025-03-21 03:19:00,5861.0850
2025-03-21 03:20:00,5858.7553
2025-03-21 03:21:00,5858.9008
2025-03-21 03:22:00,5854.2390
2025-03-21 03:23:00,5854.2390
2025-03-21 03:24:00,5858.6944
2025-03-21 03:25:00,5853.6119
2025-03-21 03:26:00,5853.8798
2025-03-21 03:27:00,5858.4874
2025-03-21 03:28:00,5860.7462
2025-03-21 03:29:00,5858.5910
2025-03-21 03:30:00,5860.8188
2025-03-21 03:31:00,5862.7028
2025-03-21 03:32:00,5858.2302
2025-03-21 03:33:00,5860.7092
2025-03-21 03:34:00,5860.5718
2025-03-21 03:35:00,5860.6735
2025-03-21 03:36:00,5853.3381
2025-03-21 03:37:00,5858.0191
2025-03-21 03:38:00,5853.3381
2025-03-21 03:39:00,5853.3381
2025-03-21 03:40:00,5853.3381
2025-03-21 03:41:00,5860.6735
2025-03-21 03:42:00,5860.5279
2025-03-21 03:43:00,5852.9749
2025-03-21 03:44:00,5857.8074
2025-03-21 03:45:00,5857.5951
2025-03-21 03:46:00,5859.7418
2025-03-21 03:47:00,5857.6637
2025-03-21 03:48:00,5862.3366
2025-03-21 03:49:00,5857.6637
2025-03-21 03:50:00,5860.1241
2025-03-21 03:51:00,5859.9149
2025-03-21 03:52:00,5857.2337
2025-03-21 03:53:00,5859.9392
2025-03-21 03:54:00,5857.6496
2025-03-21 03:55:00,5860.1720
2025-03-21 03:56:00,5857.6496
2025-03-21 03:57:00,5861.8415
2025-03-21 03:58:00,5860.2311
2025-03-21 03:59:00,5857.4612
2025-03-21 04:00:00,5862.1107
2025-03-21 04:01:00,5862.0999
2025-03-21 04:02:00,5857.8219
2025-03-21 04:03:00,5860.3965
2025-03-21 04:04:00,5862.1428
2025-03-21 04:05:00,5861.8212
2025-03-21 04:06:00,5861.7389
2025-03-21 04:07:00,5860.3236
2025-03-21 04:08:00,5860.3965
2025-03-21 04:09:00,5860.4191
2025-03-21 04:10:00,5852.9406
2025-03-21 04:11:00,5852.9892
2025-03-21 04:12:00,5860.2713
2025-03-21 04:13:00,5857.8093
2025-03-21 04:14:00,5853.1805
2025-03-21 04:15:00,5860.2459
2025-03-21 04:16:00,5853.0046
2025-03-21 04:17:00,5860.2571
2025-03-21 04:18:00,5857.9895
2025-03-21 04:19:00,5859.9210
2025-03-21 04:20:00,5860.4255
2025-03-21 04:21:00,5860.4363
2025-03-21 04:22:00,5858.4794
2025-03-21 04:23:00,5860.1796
2025-03-21 04:24:00,5861.0180
2025-03-21 04:25:00,5860.5421
2025-03-21 04:26:00,5855.1459
2025-03-21 04:27:00,5861.1827
2025-03-21 04:28:00,5860.9917
2025-03-21 04:29:00,5859.1859
2025-03-21 04:30:00,5858.8969
2025-03-21 04:31:00,5859.9003
2025-03-21 04:32:00,5859.8587
2025-03-21 04:33:00,5853.1805
2025-03-21 04:34:00,5862.0644
2025-03-21 04:35:00,5859.4511
2025-03-21 04:36:00,5857.6219
2025-03-21 04:37:00,5857.5362
2025-03-21 04:38:00,5857.1761
2025-03-21 04:39:00,5861.9081
2025-03-21 04:40:00,5859.6812
2025-03-21 04:41:00,5853.6119
2025-03-21 04:42:00,5854.7142
2025-03-21 04:43:00,5858.6255
2025-03-21 04:44:00,5854.0918
2025-03-21 04:45:00,5860.8963
2025-03-21 04:46:00,5859.0947
2025-03-21 04:47:00,5861.4949
2025-03-21 04:48:00,5867.3930
2025-03-21 04:49:00,5867.9763
2025-03-21 04:50:00,5867.3809
2025-03-21 04:51:00,5873.3476
2025-03-21 04:52:00,5873.0674
2025-03-21 04:53:00,5875.8210
2025-03-21 04:54:00,5873.7562
2025-03-21 04:55:00,5869.9627
2025-03-21 04:56:00,5875.0223
2025-03-21 04:57:00,5875.2344
2025-03-21 04:58:00,5869.4237
2025-03-21 04:59:00,5872.4441
2025-03-21 05:00:00,5872.4441
2025-03-21 05:01:00,5876.3820
2025-03-21 05:02:00,5871.6327
2025-03-21 05:03:00,5874.6756
2025-03-21 05:04:00,5873.9716
2025-03-21 05:05:00,5871.7118
2025-03-21 05:06:00,5876.0384
2025-03-21 05:07:00,5871.3240
2025-03-21 05:08:00,5871.4508
2025-03-21 05:09:00,5878.5444
2025-03-21 05:10:00,5876.0518
2025-03-21 05:11:00,5875.1511
2025-03-21 05:12:00,5874.3823
2025-03-21 05:13:00,5872.1919
2025-03-21 05:14:00,5874.5990
2025-03-21 05:15:00,5880.2242
2025-03-21 05:16:00,5876.3581
2025-03-21 05:17:00,5871.8191
2025-03-21 05:18:00,5873.7748
2025-03-21 05:19:00,5875.0192
2025-03-21 05:20:00,5870.2953
2025-03-21 05:21:00,5872.8042
2025-03-21 05:22:00,5871.6015
2025-03-21 05:23:00,5878.3375
2025-03-21 05:24:00,5872.0516
2025-03-21 05:25:00,5871.2735
2025-03-21 05:26:00,5874.9583
2025-03-21 05:27:00,5870.6125
2025-03-21 05:28:00,5873.0093
2025-03-21 05:29:00,5878.1879
2025-03-21 05:30:00,5872.6720
2025-03-21 05:31:00,5872.2669
2025-03-21 05:32:00,5876.3885
2025-03-21 05:33:00,5877.6022
2025-03-21 05:34:00,5877.3760
2025-03-21 05:35:00,5873.9604
2025-03-21 05:36:00,5873.8856
2025-03-21 05:37:00,5876.1068
2025-03-21 05:38:00,5875.8058
2025-03-21 05:39:00,5871.7060
2025-03-21 05:40:00,5876.9374
2025-03-21 05:41:00,5876.3518
2025-03-21 05:42:00,5873.5926
2025-03-21 05:43:00,5875.6551
2025-03-21 05:44:00,5874.5779
2025-03-21 05:45:00,5872.6664
2025-03-21 05:46:00,5874.5779
2025-03-21 05:47:00,5876.3885
2025-03-21 05:48:00,5874.1539
2025-03-21 05:49:00,5871.0468
2025-03-21 05:50:00,5879.0413
2025-03-21 05:51:00,5873.6016
2025-03-21 05:52:00,5877.1813
2025-03-21 05:53:00,5881.0496
2025-03-21 05:54:00,5880.8202
2025-03-21 05:55:00,5880.0400
2025-03-21 05:56:00,5878.3788
2025-03-21 05:57:00,5875.3815
2025-03-21 05:58:00,5871.4766
2025-03-21 05:59:00,5878.4620
2025-03-21 06:00:00,5878.5489
2025-03-21 06:01:00,5879.6852
2025-03-21 06:02:00,5878.8293
2025-03-21 06:03:00,5866.9840
2025-03-21 06:04:00,5879.6887
2025-03-21 06:05:00,5879.2063
2025-03-21 06:06:00,5878.7579
2025-03-21 06:07:00,5878.4588
2025-03-21 06:08:00,5872.7307
2025-03-21 06:09:00,5878.3375
2025-03-21 06:10:00,5872.3966
2025-03-21 06:11:00,5877.9242
2025-03-21 06:12:00,5878.6417
2025-03-21 06:13:00,5872.0656
2025-03-21 06:14:00,5877.9677
2025-03-21 06:15:00,5878.0952
2025-03-21 06:16:00,5877.8699
2025-03-21 06:17:00,5873.6035
2025-03-21 06:18:00,5875.5403
2025-03-21 06:19:00,5870.9702
2025-03-21 06:20:00,5870.7460
2025-03-21 06:21:00,5869.2602
2025-03-21 06:22:00,5873.8774
2025-03-21 06:23:00,5870.6184
2025-03-21 06:24:00,5872.7754
2025-03-21 06:25:00,5874.0245
2025-03-21 06:26:00,5876.0512
2025-03-21 06:27:00,5870.7065
2025-03-21 06:28:00,5872.9254
2025-03-21 06:29:00,5870.5302
2025-03-21 06:30:00,5874.1789
2025-03-21 06:31:00,5876.0155
2025-03-21 06:32:00,5872.6958
2025-03-21 06:33:00,5872.6958
2025-03-21 06:34:00,5875.9364
2025-03-21 06:35:00,5870.3872
2025-03-21 06:36:00,5870.7252
2025-03-21 06:37:00,5870.4987
2025-03-21 06:38:00,5869.3567
2025-03-21 06:39:00,5872.6196
2025-03-21 06:40:00,5873.7230
2025-03-21 06:41:00,5872.8480
2025-03-21 06:42:00,5873.0071
2025-03-21 06:43:00,5869.3567
2025-03-21 06:44:00,5870.5904
2025-03-21 06:45:00,5873.7230
2025-03-21 06:46:00,5870.3148
2025-03-21 06:47:00,5872.2189
2025-03-21 06:48:00,5872.0624
2025-03-21 06:49:00,5873.3154
2025-03-21 06:50:00,5873.6786
2025-03-21 06:51:00,5871.5477
2025-03-21 06:52:00,5878.3200
2025-03-21 06:53:00,5877.9826
2025-03-21 06:54:00,5871.6973
2025-03-21 06:55:00,5875.0319
2025-03-21 06:56:00,5871.3997
2025-03-21 06:57:00,5875.9865
2025-03-21 06:58:00,5874.4263
2025-03-21 06:59:00,5873.4855
2025-03-21 07:00:00,5873.9709
2025-03-21 07:01:00,5873.6666
2025-03-21 07:02:00,5875.5480
2025-03-21 07:03:00,5873.7029
2025-03-21 07:04:00,5875.4602
2025-03-21 07:05:00,5870.0138
2025-03-21 07:06:00,5869.8330
2025-03-21 07:07:00,5873.5707
2025-03-21 07:08:00,5875.3606
2025-03-21 07:09:00,5875.1293
2025-03-21 07:10:00,5869.3015
2025-03-21 07:11:00,5874.4319
2025-03-21 07:12:00,5874.1982
2025-03-21 07:13:00,5868.0853
2025-03-21 07:14:00,5868.7455
2025-03-21 07:15:00,5870.6049
2025-03-21 07:16:00,5873.1739
2025-03-21 07:17:00,5867.9290
2025-03-21 07:18:00,5869.3941
2025-03-21 07:19:00,5872.4771
2025-03-21 07:20:00,5867.6172
2025-03-21 07:21:00,5870.4055
2025-03-21 07:22:00,5868.7955
2025-03-21 07:23:00,5868.9461
2025-03-21 07:24:00,5869.5580
2025-03-21 07:25:00,5872.0457
2025-03-21 07:26:00,5872.1264
2025-03-21 07:27:00,5870.2315
2025-03-21 07:28:00,5869.3832
2025-03-21 07:29:00,5867.2880
2025-03-21 07:30:00,5868.6307
2025-03-21 07:31:00,5870.3090
2025-03-21 07:32:00,5869.5009
2025-03-21 07:33:00,5872.0091
2025-03-21 07:34:00,5872.2435
2025-03-21 07:35:00,5868.9367
2025-03-21 07:36:00,5868.9367
2025-03-21 07:37:00,5872.1860
2025-03-21 07:38:00,5868.7838
2025-03-21 07:39:00,5870.0933
2025-03-21 07:40:00,5868.2986
2025-03-21 07:41:00,5871.7740
2025-03-21 07:42:00,5869.9367
2025-03-21 07:43:00,5866.7367
2025-03-21 07:44:00,5866.9192
2025-03-21 07:45:00,5867.8621
2025-03-21 07:46:00,5867.8621
2025-03-21 07:47:00,5871.5383
2025-03-21 07:48:00,5871.8917
2025-03-21 07:49:00,5870.1715
2025-03-21 07:50:00,5870.3276
2025-03-21 07:51:00,5867.2724
2025-03-21 07:52:00,5868.9301
2025-03-21 07:53:00,5871.8258
2025-03-21 07:54:00,5869.2652
2025-03-21 07:55:00,5867.1959
2025-03-21 07:56:00,5868.3239
2025-03-21 07:57:00,5871.5847
2025-03-21 07:58:00,5866.8267
2025-03-21 07:59:00,5867.8621
2025-03-21 08:00:00,5866.4557
2025-03-21 08:01:00,5871.0645
2025-03-21 08:02:00,5870.9456
2025-03-21 08:03:00,5866.9710
2025-03-21 08:04:00,5870.3686
2025-03-21 08:05:00,5865.9894
2025-03-21 08:06:00,5865.8957
2025-03-21 08:07:00,5865.9942
2025-03-21 08:08:00,5865.8370
2025-03-21 08:09:00,5869.0311
2025-03-21 08:10:00,5865.6795
2025-03-21 08:11:00,5869.2610
2025-03-21 08:12:00,5870.0187
2025-03-21 08:13:00,5865.4599
2025-03-21 08:14:00,5865.5413
2025-03-21 08:15:00,5865.4551
2025-03-21 08:16:00,5869.2981
2025-03-21 08:17:00,5868.3944
2025-03-21 08:18:00,5864.7642
2025-03-21 08:19:00,5869.1773
2025-03-21 08:20:00,5864.9816
2025-03-21 08:21:00,5864.0119
2025-03-21 08:22:00,5863.6950
2025-03-21 08:23:00,5864.8363
2025-03-21 08:24:00,5867.9098
2025-03-21 08:25:00,5868.1489
2025-03-21 08:26:00,5868.0737
2025-03-21 08:27:00,5868.8886
2025-03-21 08:28:00,5864.8504
2025-03-21 08:29:00,5863.6089
2025-03-21 08:30:00,5868.1574
2025-03-21 08:31:00,5864.1902
2025-03-21 08:32:00,5867.4070
2025-03-21 08:33:00,5868.1574
2025-03-21 08:34:00,5867.9098
2025-03-21 08:35:00,5867.4583
2025-03-21 08:36:00,5863.3769
2025-03-21 08:37:00,5863.9002
2025-03-21 08:38:00,5867.5002
2025-03-21 08:39:00,5867.1630
2025-03-21 08:40:00,5862.5770
2025-03-21 08:41:00,5868.0810
2025-03-21 08:42:00,5863.2708
2025-03-21 08:43:00,5863.4111
2025-03-21 08:44:00,5864.2315
2025-03-21 08:45:00,5861.9846
2025-03-21 08:46:00,5867.5542
2025-03-21 08:47:00,5862.7959
2025-03-21 08:48:00,5862.9545
2025-03-21 08:49:00,5867.4316
2025-03-21 08:50:00,5867.1024
2025-03-21 08:51:00,5862.3184
2025-03-21 08:52:00,5861.9986
2025-03-21 08:53:00,5861.9986
2025-03-21 08:54:00,5861.8383
2025-03-21 08:55:00,5861.6777
2025-03-21 08:56:00,5861.1941
2025-03-21 08:57:00,5866.4432
2025-03-21 08:58:00,5863.5955
2025-03-21 08:59:00,5866.0690
2025-03-21 09:00:00,5865.8183
2025-03-21 09:01:00,5865.4407
2025-03-21 09:02:00,5865.4407
2025-03-21 09:03:00,5859.8910
2025-03-21 09:04:00,5859.7267
2025-03-21 09:05:00,5861.8237
2025-03-21 09:06:00,5861.9329
2025-03-21 09:07:00,5864.9244
2025-03-21 09:08:00,5859.0501
2025-03-21 09:09:00,5858.9006
2025-03-21 09:10:00,5858.5630
2025-03-21 09:11:00,5858.5630
2025-03-21 09:12:00,5865.1511
2025-03-21 09:13:00,5861.2549
2025-03-21 09:14:00,5861.0600
2025-03-21 09:15:00,5858.0730
2025-03-21 09:16:00,5863.9174
2025-03-21 09:17:00,5864.9852
2025-03-21 09:18:00,5858.7257
2025-03-21 09:19:00,5864.2968
2025-03-21 09:20:00,5864.2968
2025-03-21 09:21:00,5861.3522
2025-03-21 09:22:00,5858.0662
2025-03-21 09:23:00,5860.8388
2025-03-21 09:24:00,5864.0441
2025-03-21 09:25:00,5861.2344
2025-03-21 09:26:00,5858.2338
2025-03-21 09:27:00,5857.8985
2025-03-21 09:28:00,5864.6899
2025-03-21 09:29:00,5860.7396
2025-03-21 09:30:00,5857.2155
2025-03-21 09:31:00,5860.2413
2025-03-21 09:32:00,5864.1959
2025-03-21 09:33:00,5860.0410
2025-03-21 09:34:00,5856.0292
2025-03-21 09:35:00,5861.5460
2025-03-21 09:36:00,5858.8274
2025-03-21 09:37:00,5854.4678
2025-03-21 09:38:00,5859.1155
2025-03-21 09:39:00,5861.3830
2025-03-21 09:40:00,5861.3658
2025-03-21 09:41:00,5861.3486
2025-03-21 09:42:00,5861.0097
2025-03-21 09:43:00,5861.5952
2025-03-21 09:44:00,5861.5267
2025-03-21 09:45:00,5855.6848
2025-03-21 09:46:00,5862.6063
2025-03-21 09:47:00,5864.2808
2025-03-21 09:48:00,5860.9379
2025-03-21 09:49:00,5858.4010
2025-03-21 09:50:00,5864.6791
2025-03-21 09:51:00,5860.0550
2025-03-21 09:52:00,5860.7077
2025-03-21 09:53:00,5862.4444
2025-03-21 09:54:00,5861.3267
2025-03-21 09:55:00,5861.6009
2025-03-21 09:56:00,5867.1141
2025-03-21 09:57:00,5867.2210
2025-03-21 09:58:00,5867.1408
2025-03-21 09:59:00,5865.4768
2025-03-21 10:00:00,5867.0022
2025-03-21 10:01:00,5872.2886
2025-03-21 10:02:00,5870.2729
2025-03-21 10:03:00,5870.0768
2025-03-21 10:04:00,5870.7826
2025-03-21 10:05:00,5873.6091
2025-03-21 10:06:00,5880.1135
2025-03-21 10:07:00,5880.0846
2025-03-21 10:08:00,5873.4545
2025-03-21 10:09:00,5872.7615
2025-03-21 10:10:00,5873.7967
2025-03-21 10:11:00,5877.3347
2025-03-21 10:12:00,5874.6400
2025-03-21 10:13:00,5870.6936
2025-03-21 10:14:00,5873.8315
2025-03-21 10:15:00,5872.5142
2025-03-21 10:16:00,5875.5987
2025-03-21 10:17:00,5872.8713
2025-03-21 10:18:00,5878.2899
2025-03-21 10:19:00,5874.7648
2025-03-21 10:20:00,5875.2874
2025-03-21 10:21:00,5873.5516
2025-03-21 10:22:00,5874.8922
2025-03-21 10:23:00,5881.0235
2025-03-21 10:24:00,5879.6635
2025-03-21 10:25:00,5880.9975
2025-03-21 10:26:00,5880.9737
2025-03-21 10:27:00,5876.8537
2025-03-21 10:28:00,5874.8812
2025-03-21 10:29:00,5880.0088
2025-03-21 10:30:00,5880.0088
2025-03-21 10:31:00,5881.0542
2025-03-21 10:32:00,5875.0064
2025-03-21 10:33:00,5881.4154
2025-03-21 10:34:00,5874.7779
2025-03-21 10:35:00,5877.7421
2025-03-21 10:36:00,5874.3370
2025-03-21 10:37:00,5876.6691
2025-03-21 10:38:00,5884.3197
2025-03-21 10:39:00,5877.2582
2025-03-21 10:40:00,5876.9739
2025-03-21 10:41:00,5882.9719
2025-03-21 10:42:00,5883.2965
2025-03-21 10:43:00,5874.9664
2025-03-21 10:44:00,5875.5975
2025-03-21 10:45:00,5881.8882
2025-03-21 10:46:00,5880.5988
2025-03-21 10:47:00,5874.2045
2025-03-21 10:48:00,5880.7637
2025-03-21 10:49:00,5880.9090
2025-03-21 10:50:00,5873.8200
2025-03-21 10:51:00,5879.5438
2025-03-21 10:52:00,5880.2213
2025-03-21 10:53:00,5875.5769
2025-03-21 10:54:00,5879.1174
2025-03-21 10:55:00,5880.2534
2025-03-21 10:56:00,5873.4885
2025-03-21 10:57:00,5875.7199
2025-03-21 10:58:00,5879.5850
2025-03-21 10:59:00,5875.2440
2025-03-21 11:00:00,5879.9246
2025-03-21 11:01:00,5876.6885
2025-03-21 11:02:00,5866.9098
2025-03-21 11:03:00,5871.5184
2025-03-21 11:04:00,5874.8782
2025-03-21 11:05:00,5882.1052
2025-03-21 11:06:00,5876.7718
2025-03-21 11:07:00,5878.1747
2025-03-21 11:08:00,5878.2314
2025-03-21 11:09:00,5875.0967
2025-03-21 11:10:00,5881.6429
2025-03-21 11:11:00,5881.0031
2025-03-21 11:12:00,5876.8537
2025-03-21 11:13:00,5879.3853
2025-03-21 11:14:00,5878.6827
2025-03-21 11:15:00,5880.7568
2025-03-21 11:16:00,5880.8850
2025-03-21 11:17:00,5874.3924
2025-03-21 11:18:00,5874.9423
2025-03-21 11:19:00,5875.1269
2025-03-21 11:20:00,5874.3226
2025-03-21 11:21:00,5874.6125
2025-03-21 11:22:00,5874.8491
2025-03-21 11:23:00,5882.8375
2025-03-21 11:24:00,5874.7314
2025-03-21 11:25:00,5874.7959
2025-03-21 11:26:00,5882.0917
2025-03-21 11:27:00,5881.7660
2025-03-21 11:28:00,5881.9967
2025-03-21 11:29:00,5881.3535
2025-03-21 11:30:00,5880.9638
2025-03-21 11:31:00,5880.5816
2025-03-21 11:32:00,5880.0459
2025-03-21 11:33:00,5879.8459
2025-03-21 11:34:00,5879.4157
2025-03-21 11:35:00,5875.0341
2025-03-21 11:36:00,5866.6700
2025-03-21 11:37:00,5872.7744
2025-03-21 11:38:00,5874.6750
2025-03-21 11:39:00,5866.6763
2025-03-21 11:40:00,5874.4586
2025-03-21 11:41:00,5874.4586
2025-03-21 11:42:00,5878.3572
2025-03-21 11:43:00,5872.5615
2025-03-21 11:44:00,5871.9545
2025-03-21 11:45:00,5874.1689
2025-03-21 11:46:00,5877.6675
2025-03-21 11:47:00,5872.3391
2025-03-21 11:48:00,5875.8674
2025-03-21 11:49:00,5874.0963
2025-03-21 11:50:00,5872.3391
2025-03-21 11:51:00,5875.8674
2025-03-21 11:52:00,5875.5854
2025-03-21 11:53:00,5877.3948
2025-03-21 11:54:00,5874.0480
2025-03-21 11:55:00,5872.3376
2025-03-21 11:56:00,5872.1949
2025-03-21 11:57:00,5877.4877
2025-03-21 11:58:00,5873.9092
2025-03-21 11:59:00,5875.9149
2025-03-21 12:00:00,5873.6886
2025-03-21 12:01:00,5873.5447
2025-03-21 12:02:00,5878.2161
2025-03-21 12:03:00,5878.7008
2025-03-21 12:04:00,5880.5382
2025-03-21 12:05:00,5883.0801
2025-03-21 12:06:00,5876.8142
2025-03-21 12:07:00,5876.7212
2025-03-21 12:08:00,5876.1940
2025-03-21 12:09:00,5875.7944
2025-03-21 12:10:00,5881.6556
2025-03-21 12:11:00,5875.3219
2025-03-21 12:12:00,5879.7921
2025-03-21 12:13:00,5876.8097
2025-03-21 12:14:00,5875.3366
2025-03-21 12:15:00,5874.8616
2025-03-21 12:16:00,5880.3973
2025-03-21 12:17:00,5877.2912
2025-03-21 12:18:00,5875.3402
2025-03-21 12:19:00,5880.3634
2025-03-21 12:20:00,5881.5566
2025-03-21 12:21:00,5880.3634
2025-03-21 12:22:00,5881.0915
2025-03-21 12:23:00,5875.8019
2025-03-21 12:24:00,5881.6910
2025-03-21 12:25:00,5881.7744
2025-03-21 12:26:00,5876.6298
2025-03-21 12:27:00,5881.8174
2025-03-21 12:28:00,5883.1715
2025-03-21 12:29:00,5882.6962
2025-03-21 12:30:00,5876.6309
2025-03-21 12:31:00,5876.6329
2025-03-21 12:32:00,5878.3202
2025-03-21 12:33:00,5882.7989
2025-03-21 12:34:00,5876.6329
2025-03-21 12:35:00,5883.1879
2025-03-21 12:36:00,5883.2049
2025-03-21 12:37:00,5876.6329
2025-03-21 12:38:00,5882.6463
2025-03-21 12:39:00,5876.6329
2025-03-21 12:40:00,5874.6008
2025-03-21 12:41:00,5876.6302
2025-03-21 12:42:00,5876.9450
2025-03-21 12:43:00,5883.0532
2025-03-21 12:44:00,5876.6301
2025-03-21 12:45:00,5882.0756
2025-03-21 12:46:00,5876.6372
2025-03-21 12:47:00,5876.6437
2025-03-21 12:48:00,5876.6437
2025-03-21 12:49:00,5878.6538
2025-03-21 12:50:00,5876.9440
2025-03-21 12:51:00,5874.1920
2025-03-21 12:52:00,5881.9671
2025-03-21 12:53:00,5881.8989
2025-03-21 12:54:00,5876.6437
2025-03-21 12:55:00,5876.9446
2025-03-21 12:56:00,5876.9442
2025-03-21 12:57:00,5876.9442
2025-03-21 12:58:00,5883.0005
2025-03-21 12:59:00,5874.3361
2025-03-21 13:00:00,5876.7251
2025-03-21 13:01:00,5881.4238
2025-03-21 13:02:00,5881.3331
2025-03-21 13:03:00,5876.7575
2025-03-21 13:04:00,5881.3362
2025-03-21 13:05:00,5878.8204
2025-03-21 13:06:00,5876.8140
2025-03-21 13:07:00,5883.0939
2025-03-21 13:08:00,5881.2751
2025-03-21 13:09:00,5876.8319
2025-03-21 13:10:00,5878.8520
2025-03-21 13:11:00,5876.8319
2025-03-21 13:12:00,5881.2615
2025-03-21 13:13:00,5883.1177
2025-03-21 13:14:00,5876.8319
2025-03-21 13:15:00,5881.2894
2025-03-21 13:16:00,5876.7969
2025-03-21 13:17:00,5883.0528
2025-03-21 13:18:00,5878.8049
2025-03-21 13:19:00,5883.0204
2025-03-21 13:20:00,5881.4079
2025-03-21 13:21:00,5878.7446
2025-03-21 13:22:00,5878.7156
2025-03-21 13:23:00,5881.4689
2025-03-21 13:24:00,5881.4043
2025-03-21 13:25:00,5873.7324
2025-03-21 13:26:00,5876.7516
2025-03-21 13:27:00,5883.0150
2025-03-21 13:28:00,5881.4238
2025-03-21 13:29:00,5876.7376
2025-03-21 13:30:00,5874.4739
2025-03-21 13:31:00,5882.9933
2025-03-21 13:32:00,5873.7158
2025-03-21 13:33:00,5876.7182
2025-03-21 13:34:00,5881.5088
2025-03-21 13:35:00,5876.7489
2025-03-21 13:36:00,5878.7273
2025-03-21 13:37:00,5874.4739
2025-03-21 13:38:00,5876.7452
2025-03-21 13:39:00,5874.4373
2025-03-21 13:40:00,5883.0263
2025-03-21 13:41:00,5876.7376
2025-03-21 13:42:00,5881.3855
2025-03-21 13:43:00,5883.0087
2025-03-21 13:44:00,5881.3230
2025-03-21 13:45:00,5881.3073
2025-03-21 13:46:00,5876.7820
2025-03-21 13:47:00,5881.4689
2025-03-21 13:48:00,5881.4689
2025-03-21 13:49:00,5878.8233
2025-03-21 13:50:00,5883.0218
2025-03-21 13:51:00,5874.4968
2025-03-21 13:52:00,5881.5601
2025-03-21 13:53:00,5881.4238
2025-03-21 13:54:00,5876.7790
2025-03-21 13:55:00,5881.3394
2025-03-21 13:56:00,5881.2922
2025-03-21 13:57:00,5881.2778
2025-03-21 13:58:00,5879.0985
2025-03-21 13:59:00,5874.5918
2025-03-21 14:00:00,5881.2266
2025-03-21 14:01:00,5881.2590
2025-03-21 14:02:00,5878.8874
2025-03-21 14:03:00,5876.8156
2025-03-21 14:04:00,5876.8336
2025-03-21 14:05:00,5883.0546
2025-03-21 14:06:00,5874.5712
2025-03-21 14:07:00,5876.8487
2025-03-21 14:08:00,5881.3890
2025-03-21 14:09:00,5876.7697
2025-03-21 14:10:00,5876.5403
2025-03-21 14:11:00,5877.0741
2025-03-21 14:12:00,5876.6044
2025-03-21 14:13:00,5876.5431
2025-03-21 14:14:00,5877.0139
2025-03-21 14:15:00,5877.0525
2025-03-21 14:16:00,5877.0392
2025-03-21 14:17:00,5878.9667
2025-03-21 14:18:00,5876.7870
2025-03-21 14:19:00,5881.3230
2025-03-21 14:20:00,5883.0263
2025-03-21 14:21:00,5873.7427
2025-03-21 14:22:00,5881.3926
2025-03-21 14:23:00,5881.4116
2025-03-21 14:24:00,5881.3926
2025-03-21 14:25:00,5873.7427
2025-03-21 14:26:00,5876.7636
2025-03-21 14:27:00,5881.3564
2025-03-21 14:28:00,5883.0191
2025-03-21 14:29:00,5876.8045
2025-03-21 14:30:00,5876.7712
2025-03-21 14:31:00,5881.3073
2025-03-21 14:32:00,5881.3394
2025-03-21 14:33:00,5883.0423
2025-03-21 14:34:00,5881.2778
2025-03-21 14:35:00,5883.0808
2025-03-21 14:36:00,5883.0918
2025-03-21 14:37:00,5874.6176
2025-03-21 14:38:00,5881.2266
2025-03-21 14:39:00,5881.1854
2025-03-21 14:40:00,5879.0175
2025-03-21 14:41:00,5881.2534
2025-03-21 14:42:00,5876.9199
2025-03-21 14:43:00,5883.2309
2025-03-21 14:44:00,5876.8819
2025-03-21 14:45:00,5881.2067
2025-03-21 14:46:00,5876.8663
2025-03-21 14:47:00,5881.1418
2025-03-21 14:48:00,5876.9532
2025-03-21 14:49:00,5876.8663
2025-03-21 14:50:00,5881.1366
2025-03-21 14:51:00,5874.7658
2025-03-21 14:52:00,5873.3239
2025-03-21 14:53:00,5876.9764
2025-03-21 14:54:00,5876.9882
2025-03-21 14:55:00,5881.1279
2025-03-21 14:56:00,5881.1623
2025-03-21 14:57:00,5881.1244
2025-03-21 14:58:00,5881.1192
2025-03-21 14:59:00,5877.0125
2025-03-21 15:00:00,5876.9287
2025-03-21 15:01:00,5877.0125
2025-03-21 15:02:00,5881.1279
2025-03-21 15:03:00,5883.3590
2025-03-21 15:04:00,5879.1462
2025-03-21 15:05:00,5881.1215
2025-03-21 15:06:00,5876.9882
2025-03-21 15:07:00,5877.0003
2025-03-21 15:08:00,5879.1652
2025-03-21 15:09:00,5876.9647
2025-03-21 15:10:00,5883.2827
2025-03-21 15:11:00,5883.3198
2025-03-21 15:12:00,5876.9532
2025-03-21 15:13:00,5876.9419
2025-03-21 15:14:00,5881.1539
2025-03-21 15:15:00,5883.2309
2025-03-21 15:16:00,5883.2146
2025-03-21 15:17:00,5881.1684
2025-03-21 15:18:00,5883.2146
2025-03-21 15:19:00,5883.2666
2025-03-21 15:20:00,5881.1412
2025-03-21 15:21:00,5881.1609
2025-03-21 15:22:00,5881.1854
2025-03-21 15:23:00,5873.2697
2025-03-21 15:24:00,5874.9057
2025-03-21 15:25:00,5879.2457
2025-03-21 15:26:00,5883.2309
2025-03-21 15:27:00,5879.0534
2025-03-21 15:28:00,5874.8650
2025-03-21 15:29:00,5881.1475
2025-03-21 15:30:00,5881.1361
2025-03-21 15:31:00,5883.2666
2025-03-21 15:32:00,5883.2844
2025-03-21 15:33:00,5879.1290
2025-03-21 15:34:00,5879.0534
2025-03-21 15:35:00,5873.3535
2025-03-21 15:36:00,5881.1475
2025-03-21 15:37:00,5883.2649
2025-03-21 15:38:00,5883.2476
2025-03-21 15:39:00,5881.1539
2025-03-21 15:40:00,5881.1539
2025-03-21 15:41:00,5883.2649
2025-03-21 15:42:00,5881.1609
2025-03-21 15:43:00,5881.1609
2025-03-21 15:44:00,5881.1361
2025-03-21 15:45:00,5881.1361
2025-03-21 15:46:00,5883.2827
2025-03-21 15:47:00,5876.9419
2025-03-21 15:48:00,5883.2309
2025-03-21 15:49:00,5874.7671
2025-03-21 15:50:00,5881.1609
2025-03-21 15:51:00,5881.1539
2025-03-21 15:52:00,5876.9543
2025-03-21 15:53:00,5883.2309
2025-03-21 15:54:00,5883.2827
2025-03-21 15:55:00,5883.2309
2025-03-21 15:56:00,5873.3442
2025-03-21 15:57:00,5874.7107
2025-03-21 15:58:00,5881.1948
2025-03-21 15:59:00,5876.8986
2025-03-21 16:00:00,5881.1609
2025-03-21 16:01:00,5879.0353
2025-03-21 16:02:00,5881.1948
2025-03-21 16:03:00,5883.1280
2025-03-21 16:04:00,5878.9650
2025-03-21 16:05:00,5881.2384
2025-03-21 16:06:00,5876.8593
2025-03-21 16:07:00,5881.2641
2025-03-21 16:08:00,5883.0918
2025-03-21 16:09:00,5876.8496
2025-03-21 16:10:00,5878.8812
2025-03-21 16:11:00,5878.8489
2025-03-21 16:12:00,5878.8650
2025-03-21 16:13:00,5876.8220
2025-03-21 16:14:00,5881.2908
2025-03-21 16:15:00,5881.3394
2025-03-21 16:16:00,5878.9708
2025-03-21 16:17:00,5881.2497
2025-03-21 16:18:00,5881.2778
2025-03-21 16:19:00,5883.1061
2025-03-21 16:20:00,5881.3058
2025-03-21 16:21:00,5881.2765
2025-03-21 16:22:00,5881.2908
2025-03-21 16:23:00,5883.0713
2025-03-21 16:24:00,5881.3058
2025-03-21 16:25:00,5877.0674
2025-03-21 16:26:00,5879.0542
2025-03-21 16:27:00,5874.6685
2025-03-21 16:28:00,5873.2721
2025-03-21 16:29:00,5881.3058
2025-03-21 16:30:00,5881.3394
2025-03-21 16:31:00,5881.3564
2025-03-21 16:32:00,5876.7878
2025-03-21 16:33:00,5883.0613
2025-03-21 16:34:00,5883.1323
2025-03-21 16:35:00,5876.7961
2025-03-21 16:36:00,5881.2344
2025-03-21 16:37:00,5876.8332
2025-03-21 16:38:00,5878.9031
2025-03-21 16:39:00,5881.3548
2025-03-21 16:40:00,5881.4295
2025-03-21 16:41:00,5883.0070
2025-03-21 16:42:00,5881.4928
2025-03-21 16:43:00,5881.3177
2025-03-21 16:44:00,5881.3507
2025-03-21 16:45:00,5877.0169
2025-03-21 16:46:00,5881.3682
2025-03-21 16:47:00,5878.7917
2025-03-21 16:48:00,5877.0059
2025-03-21 16:49:00,5874.4722
2025-03-21 16:50:00,5881.4450
2025-03-21 16:51:00,5881.4659
2025-03-21 16:52:00,5876.9866
2025-03-21 16:53:00,5876.9866
2025-03-21 16:54:00,5874.5720
2025-03-21 16:55:00,5877.0179
2025-03-21 16:56:00,5876.3310
2025-03-21 16:57:00,5872.1795
2025-03-21 16:58:00,5876.9642
2025-03-21 16:59:00,5876.9613
2025-03-21 17:00:00,5876.9538
2025-03-21 17:01:00,5876.2632
2025-03-21 17:02:00,5876.9500
2025-03-21 17:03:00,5876.2107
2025-03-21 17:04:00,5878.8333
2025-03-21 17:05:00,5876.9452
2025-03-21 17:06:00,5876.9471
2025-03-21 17:07:00,5876.9485
2025-03-21 17:08:00,5876.9487
2025-03-21 17:09:00,5882.9905
2025-03-21 17:10:00,5882.9869
2025-03-21 17:11:00,5882.9905
2025-03-21 17:12:00,5878.4388
2025-03-21 17:13:00,5882.0403
2025-03-21 17:14:00,5882.0403
2025-03-21 17:15:00,5882.1540
2025-03-21 17:16:00,5878.5037
2025-03-21 17:17:00,5882.1540
2025-03-21 17:18:00,5883.0442
2025-03-21 17:19:00,5878.4102
2025-03-21 17:20:00,5882.1937
2025-03-21 17:21:00,5882.1937
2025-03-21 17:22:00,5883.0052
2025-03-21 17:23:00,5874.8071
2025-03-21 17:24:00,5881.9974
2025-03-21 17:25:00,5883.1111
2025-03-21 17:26:00,5883.1111
2025-03-21 17:27:00,5876.6357
2025-03-21 17:28:00,5882.1861
2025-03-21 17:29:00,5882.1467
2025-03-21 17:30:00,5882.2264
2025-03-21 17:31:00,5883.1855
2025-03-21 17:32:00,5876.6302
2025-03-21 17:33:00,5882.6891
2025-03-21 17:34:00,5878.3354
2025-03-21 17:35:00,5874.1488
2025-03-21 17:36:00,5882.4414
2025-03-21 17:37:00,5883.2577
2025-03-21 17:38:00,5878.2834
2025-03-21 17:39:00,5883.3643
2025-03-21 17:40:00,5875.2884
2025-03-21 17:41:00,5883.3415
2025-03-21 17:42:00,5883.3878
2025-03-21 17:43:00,5876.6046
2025-03-21 17:44:00,5876.6438
2025-03-21 17:45:00,5883.0083
2025-03-21 17:46:00,5883.0098
2025-03-21 17:47:00,5873.6586
2025-03-21 17:48:00,5882.1219
2025-03-21 17:49:00,5873.6008
2025-03-21 17:50:00,5875.7515
2025-03-21 17:51:00,5875.8294
2025-03-21 17:52:00,5873.5951
2025-03-21 17:53:00,5873.3843
2025-03-21 17:54:00,5875.1617
2025-03-21 17:55:00,5880.7296
2025-03-21 17:56:00,5881.5789
2025-03-21 17:57:00,5880.8833
2025-03-21 17:58:00,5872.5797
2025-03-21 17:59:00,5872.5797
2025-03-21 18:00:00,5879.1526
2025-03-21 18:01:00,5874.5887
2025-03-21 18:02:00,5872.6880
2025-03-21 18:03:00,5874.7557
2025-03-21 18:04:00,5876.7008
2025-03-21 18:05:00,5872.6880
2025-03-21 18:06:00,5872.8046
2025-03-21 18:07:00,5874.6530
2025-03-21 18:08:00,5880.7887
2025-03-21 18:09:00,5880.5991
2025-03-21 18:10:00,5879.8423
2025-03-21 18:11:00,5880.4090
2025-03-21 18:12:00,5880.7109
2025-03-21 18:13:00,5874.4949
2025-03-21 18:14:00,5874.2571
2025-03-21 18:15:00,5874.0211
2025-03-21 18:16:00,5874.1777
2025-03-21 18:17:00,5873.9426
2025-03-21 18:18:00,5878.1612
2025-03-21 18:19:00,5877.9126
2025-03-21 18:20:00,5871.5441
2025-03-21 18:21:00,5876.0359
2025-03-21 18:22:00,5872.2763
2025-03-21 18:23:00,5870.5724
2025-03-21 18:24:00,5875.0247
2025-03-21 18:25:00,5871.9517
2025-03-21 18:26:00,5875.1845
2025-03-21 18:27:00,5870.7552
2025-03-21 18:28:00,5869.7504
2025-03-21 18:29:00,5872.5785
2025-03-21 18:30:00,5876.9145
2025-03-21 18:31:00,5875.2634
2025-03-21 18:32:00,5877.9126
2025-03-21 18:33:00,5873.8641
2025-03-21 18:34:00,5879.0289
2025-03-21 18:35:00,5874.6458
2025-03-21 18:36:00,5880.5095
2025-03-21 18:37:00,5873.3108
2025-03-21 18:38:00,5876.2373
2025-03-21 18:39:00,5876.5861
2025-03-21 18:40:00,5883.3683
2025-03-21 18:41:00,5876.6750
2025-03-21 18:42:00,5876.6704
2025-03-21 18:43:00,5876.6704
2025-03-21 18:44:00,5876.6381
2025-03-21 18:45:00,5874.1441
2025-03-21 18:46:00,5877.4158
2025-03-21 18:47:00,5876.5049
2025-03-21 18:48:00,5877.7932
2025-03-21 18:49:00,5878.3505
2025-03-21 18:50:00,5873.1943
2025-03-21 18:51:00,5873.9513
2025-03-21 18:52:00,5872.4081
2025-03-21 18:53:00,5876.2970
2025-03-21 18:54:00,5876.2153
2025-03-21 18:55:00,5872.5403
2025-03-21 18:56:00,5873.2584
2025-03-21 18:57:00,5872.2804
2025-03-21 18:58:00,5874.1306
2025-03-21 18:59:00,5874.8024
2025-03-21 19:00:00,5873.0220
2025-03-21 19:01:00,5875.1958
2025-03-21 19:02:00,5872.3949
2025-03-21 19:03:00,5881.6526
2025-03-21 19:04:00,5879.0637
2025-03-21 19:05:00,5874.7057
2025-03-21 19:06:00,5876.5466
2025-03-21 19:07:00,5876.6237
2025-03-21 19:08:00,5886.6659
2025-03-21 19:09:00,5886.4769
2025-03-21 19:10:00,5881.9211
2025-03-21 19:11:00,5886.3093
2025-03-21 19:12:00,5882.0802
2025-03-21 19:13:00,5876.5220
2025-03-21 19:14:00,5878.9561
2025-03-21 19:15:00,5876.5336
2025-03-21 19:16:00,5882.7909
2025-03-21 19:17:00,5878.9083
2025-03-21 19:18:00,5883.0358
2025-03-21 19:19:00,5879.1143
2025-03-21 19:20:00,5876.6988
2025-03-21 19:21:00,5876.6037
2025-03-21 19:22:00,5883.4154
2025-03-21 19:23:00,5879.0952
2025-03-21 19:24:00,5879.2886
2025-03-21 19:25:00,5883.0487
2025-03-21 19:26:00,5882.8893
2025-03-21 19:27:00,5887.4952
2025-03-21 19:28:00,5876.6798
2025-03-21 19:29:00,5883.1903
2025-03-21 19:30:00,5879.0281
2025-03-21 19:31:00,5881.1010
2025-03-21 19:32:00,5878.9169
2025-03-21 19:33:00,5882.7523
2025-03-21 19:34:00,5886.7079
2025-03-21 19:35:00,5878.5718
2025-03-21 19:36:00,5878.4706
2025-03-21 19:37:00,5878.3963
2025-03-21 19:38:00,5878.2756
2025-03-21 19:39:00,5882.1129
2025-03-21 19:40:00,5886.3136
2025-03-21 19:41:00,5883.3655
2025-03-21 19:42:00,5877.9618
2025-03-21 19:43:00,5879.0846
2025-03-21 19:44:00,5876.9431
2025-03-21 19:45:00,5888.3526
2025-03-21 19:46:00,5881.2211
2025-03-21 19:47:00,5881.9741
2025-03-21 19:48:00,5885.2710
2025-03-21 19:49:00,5880.3351
2025-03-21 19:50:00,5879.8701
2025-03-21 19:51:00,5879.8701
2025-03-21 19:52:00,5883.7812
2025-03-21 19:53:00,5884.4163
2025-03-21 19:54:00,5884.5742
2025-03-21 19:55:00,5877.7389
2025-03-21 19:56:00,5885.5434
2025-03-21 19:57:00,5875.9652
2025-03-21 19:58:00,5878.5390
2025-03-21 19:59:00,5882.8948
2025-03-21 20:00:00,5879.1066
2025-03-21 20:01:00,5881.6766
2025-03-21 20:02:00,5879.1639
2025-03-21 20:03:00,5883.4629
2025-03-21 20:04:00,5881.8164
2025-03-21 20:05:00,5881.9928
2025-03-21 20:06:00,5881.8319
2025-03-21 20:07:00,5883.5840
2025-03-21 20:08:00,5879.2841
2025-03-21 20:09:00,5871.9252
2025-03-21 20:10:00,5887.9689
2025-03-21 20:11:00,5883.3180
2025-03-21 20:12:00,5888.1113
2025-03-21 20:13:00,5883.3614
2025-03-21 20:14:00,5879.2256
2025-03-21 20:15:00,5883.5387
2025-03-21 20:16:00,5881.7128
2025-03-21 20:17:00,5879.4328
2025-03-21 20:18:00,5883.9119
2025-03-21 20:19:00,5883.6670
2025-03-21 20:20:00,5877.0211
2025-03-21 20:21:00,5884.0260
2025-03-21 20:22:00,5879.3375
2025-03-21 20:23:00,5883.7293
2025-03-21 20:24:00,5877.3065
2025-03-21 20:25:00,5877.2934
2025-03-21 20:26:00,5883.0618
2025-03-21 20:27:00,5883.0050
2025-03-21 20:28:00,5877.3065
2025-03-21 20:29:00,5879.5946
2025-03-21 20:30:00,5888.3688
2025-03-21 20:31:00,5881.8377
2025-03-21 20:32:00,5883.5302
2025-03-21 20:33:00,5872.1571
2025-03-21 20:34:00,5883.3532
2025-03-21 20:35:00,5883.3968
2025-03-21 20:36:00,5876.8598
2025-03-21 20:37:00,5883.4853
2025-03-21 20:38:00,5883.5380
2025-03-21 20:39:00,5883.4864
2025-03-21 20:40:00,5882.9233
2025-03-21 20:41:00,5887.4376
2025-03-21 20:42:00,5872.0890
2025-03-21 20:43:00,5878.3559
2025-03-21 20:44:00,5881.4983
2025-03-21 20:45:00,5885.5068
2025-03-21 20:46:00,5872.0847
2025-03-21 20:47:00,5881.3592
2025-03-21 20:48:00,5885.4563
2025-03-21 20:49:00,5885.5874
2025-03-21 20:50:00,5881.9034
2025-03-21 20:51:00,5882.0005
2025-03-21 20:52:00,5882.5822
2025-03-21 20:53:00,5879.0688
2025-03-21 20:54:00,5887.0444
2025-03-21 20:55:00,5883.1343
2025-03-21 20:56:00,5887.1473
2025-03-21 20:57:00,5881.4692
2025-03-21 20:58:00,5883.3517
2025-03-21 20:59:00,5883.5004
2025-03-21 21:00:00,5888.2868
2025-03-21 21:01:00,5872.3731
2025-03-21 21:02:00,5888.2989
2025-03-21 21:03:00,5888.0919
2025-03-21 21:04:00,5881.6563
2025-03-21 21:05:00,5883.6320
2025-03-21 21:06:00,5883.5409
2025-03-21 21:07:00,5879.2562
2025-03-21 21:08:00,5879.1980
2025-03-21 21:09:00,5871.6603
2025-03-21 21:10:00,5883.5409
2025-03-21 21:11:00,5888.2460
2025-03-21 21:12:00,5881.6092
2025-03-21 21:13:00,5883.7803
2025-03-21 21:14:00,5883.8276
2025-03-21 21:15:00,5888.1082
2025-03-21 21:16:00,5881.4584
2025-03-21 21:17:00,5881.3810
2025-03-21 21:18:00,5887.6247
2025-03-21 21:19:00,5887.5597
2025-03-21 21:20:00,5871.8997
2025-03-21 21:21:00,5879.0766
2025-03-21 21:22:00,5887.6901
2025-03-21 21:23:00,5887.6247
2025-03-21 21:24:00,5871.8120
2025-03-21 21:25:00,5887.4952
2025-03-21 21:26:00,5887.3675
2025-03-21 21:27:00,5871.6021
2025-03-21 21:28:00,5882.8987
2025-03-21 21:29:00,5887.6402
2025-03-21 21:30:00,5887.3826
2025-03-21 21:31:00,5886.9950
2025-03-21 21:32:00,5882.4987
2025-03-21 21:33:00,5882.3838
2025-03-21 21:34:00,5878.3296
2025-03-21 21:35:00,5881.4193
2025-03-21 21:36:00,5879.1050
2025-03-21 21:37:00,5887.3353
2025-03-21 21:38:00,5887.4009
2025-03-21 21:39:00,5881.5313
2025-03-21 21:40:00,5879.3591
2025-03-21 21:41:00,5878.3756
2025-03-21 21:42:00,5870.5165
2025-03-21 21:43:00,5878.7254
2025-03-21 21:44:00,5886.9506
2025-03-21 21:45:00,5882.5928
2025-03-21 21:46:00,5882.0330
2025-03-21 21:47:00,5881.9220
2025-03-21 21:48:00,5879.5076
2025-03-21 21:49:00,5877.9998
2025-03-21 21:50:00,5876.9256
2025-03-21 21:51:00,5880.9992
2025-03-21 21:52:00,5882.9080
2025-03-21 21:53:00,5878.8610
2025-03-21 21:54:00,5871.0353
2025-03-21 21:55:00,5887.0095
2025-03-21 21:56:00,5880.8256
2025-03-21 21:57:00,5880.8256
2025-03-21 21:58:00,5882.5004
2025-03-21 21:59:00,5880.8234
2025-03-21 22:00:00,5886.5368
2025-03-21 22:01:00,5871.2033
2025-03-21 22:02:00,5871.2224
2025-03-21 22:03:00,5880.8231
2025-03-21 22:04:00,5880.8240
2025-03-21 22:05:00,5878.4198
2025-03-21 22:06:00,5882.3977
2025-03-21 22:07:00,5882.3642
2025-03-21 22:08:00,5882.3312
2025-03-21 22:09:00,5871.2415
2025-03-21 22:10:00,5881.8269
2025-03-21 22:11:00,5885.7918
2025-03-21 22:12:00,5880.8257
2025-03-21 22:13:00,5871.2445
2025-03-21 22:14:00,5882.2986
2025-03-21 22:15:00,5886.2009
2025-03-21 22:16:00,5878.4198
2025-03-21 22:17:00,5880.8257
2025-03-21 22:18:00,5885.7375
2025-03-21 22:19:00,5880.6890
2025-03-21 22:20:00,5871.3225
2025-03-21 22:21:00,5875.7969
2025-03-21 22:22:00,5886.0924
2025-03-21 22:23:00,5882.1417
2025-03-21 22:24:00,5871.3819
2025-03-21 22:25:00,5885.2683
2025-03-21 22:26:00,5885.6761
2025-03-21 22:27:00,5880.8381
2025-03-21 22:28:00,5882.0525
2025-03-21 22:29:00,5885.7775
2025-03-21 22:30:00,5882.1115
2025-03-21 22:31:00,5885.8289
2025-03-21 22:32:00,5885.4209
2025-03-21 22:33:00,5871.4019
2025-03-21 22:34:00,5885.3187
2025-03-21 22:35:00,5871.4219
2025-03-21 22:36:00,5878.2273
2025-03-21 22:37:00,5885.3187
2025-03-21 22:38:00,5885.2683
2025-03-21 22:39:00,5880.7165
2025-03-21 22:40:00,5885.5273
2025-03-21 22:41:00,5880.8605
2025-03-21 22:42:00,5871.6009
2025-03-21 22:43:00,5881.8332
2025-03-21 22:44:00,5878.0223
2025-03-21 22:45:00,5881.7579
2025-03-21 22:46:00,5880.1424
2025-03-21 22:47:00,5881.7337
2025-03-21 22:48:00,5881.6866
2025-03-21 22:49:00,5880.3991
2025-03-21 22:50:00,5877.8507
2025-03-21 22:51:00,5877.8094
2025-03-21 22:52:00,5881.5558
2025-03-21 22:53:00,5881.5356
2025-03-21 22:54:00,5884.7594
2025-03-21 22:55:00,5884.7182
2025-03-21 22:56:00,5884.8010
2025-03-21 22:57:00,5880.1811
2025-03-21 22:58:00,5872.0086
2025-03-21 22:59:00,5884.6775
2025-03-21 23:00:00,5881.5394
2025-03-21 23:01:00,5881.4235
2025-03-21 23:02:00,5880.2668
2025-03-21 23:03:00,5884.7672
2025-03-21 23:04:00,5881.3737
2025-03-21 23:05:00,5880.2397
2025-03-21 23:06:00,5881.5000
2025-03-21 23:07:00,5881.3737
2025-03-21 23:08:00,5881.3737
2025-03-21 23:09:00,5879.9735
2025-03-21 23:10:00,5884.5192
2025-03-21 23:11:00,5884.3681
2025-03-21 23:12:00,5884.3315
2025-03-21 23:13:00,5881.3580
2025-03-21 23:14:00,5875.4510
2025-03-21 23:15:00,5884.6050
2025-03-21 23:16:00,5881.3000
2025-03-21 23:17:00,5872.2116
2025-03-21 23:18:00,5881.2867
2025-03-21 23:19:00,5884.3384
2025-03-21 23:20:00,5879.8004
2025-03-21 23:21:00,5877.4144
2025-03-21 23:22:00,5884.0879
2025-03-21 23:23:00,5881.2382
2025-03-21 23:24:00,5881.3308
2025-03-21 23:25:00,5881.3026
2025-03-21 23:26:00,5872.3617
2025-03-21 23:27:00,5884.1617
2025-03-21 23:28:00,5881.1975
2025-03-21 23:29:00,5883.9589
2025-03-21 23:30:00,5881.2070
2025-03-21 23:31:00,5881.2518
2025-03-21 23:32:00,5884.1277
2025-03-21 23:33:00,5884.0612
2025-03-21 23:34:00,5883.9649
2025-03-21 23:35:00,5879.7096
2025-03-21 23:36:00,5877.3180
2025-03-21 23:37:00,5883.8727
2025-03-21 23:38:00,5883.8727
2025-03-21 23:39:00,5879.5941
2025-03-21 23:40:00,5881.1737
2025-03-21 23:41:00,5883.7565
2025-03-21 23:42:00,5883.7012
2025-03-21 23:43:00,5875.0535
2025-03-21 23:44:00,5881.1466
2025-03-21 23:45:00,5877.1514
2025-03-21 23:46:00,5881.1318
2025-03-21 23:47:00,5883.6743
2025-03-21 23:48:00,5881.1175
2025-03-21 23:49:00,5883.5715
2025-03-21 23:50:00,5877.1657
2025-03-21 23:51:00,5877.1234
2025-03-21 23:52:00,5881.1156
2025-03-21 23:53:00,5883.6244
2025-03-21 23:54:00,5879.2931
2025-03-21 23:55:00,5879.3135
2025-03-21 23:56:00,5883.5738
2025-03-21 23:57:00,5879.2950
2025-03-21 23:58:00,5874.9478
2025-03-21 23:59:00,5881.1154
2025-03-22 00:00:00,5877.0707
2025-03-22 00:01:00,5881.1154
2025-03-22 00:02:00,5873.1589
2025-03-22 00:03:00,5881.1156
2025-03-22 00:04:00,5883.4559
2025-03-22 00:05:00,5879.2133
2025-03-22 00:06:00,5877.0309
2025-03-22 00:07:00,5881.1299
2025-03-22 00:08:00,5881.1230
2025-03-22 00:09:00,5876.9940
2025-03-22 00:10:00,5881.1227
2025-03-22 00:11:00,5883.3911
2025-03-22 00:12:00,5881.1227
2025-03-22 00:13:00,5879.1362
2025-03-22 00:14:00,5876.9951
2025-03-22 00:15:00,5883.3705
2025-03-22 00:16:00,5876.9714
2025-03-22 00:17:00,5881.1447
2025-03-22 00:18:00,5876.9361
2025-03-22 00:19:00,5883.3117
2025-03-22 00:20:00,5883.3308
2025-03-22 00:21:00,5874.7737
2025-03-22 00:22:00,5881.1648
2025-03-22 00:23:00,5881.1338
2025-03-22 00:24:00,5879.0821
2025-03-22 00:25:00,5881.1502
2025-03-22 00:26:00,5876.9143
2025-03-22 00:27:00,5883.2223
2025-03-22 00:28:00,5873.3194
2025-03-22 00:29:00,5874.6901
2025-03-22 00:30:00,5881.1719
2025-03-22 00:31:00,5876.8942
2025-03-22 00:32:00,5873.5092
2025-03-22 00:33:00,5874.6646
2025-03-22 00:34:00,5876.8639
2025-03-22 00:35:00,5881.2201
2025-03-22 00:36:00,5881.2437
2025-03-22 00:37:00,5874.5736
2025-03-22 00:38:00,5876.8001
2025-03-22 00:39:00,5881.3139
2025-03-22 00:40:00,5874.8837
2025-03-22 00:41:00,5877.1397
2025-03-22 00:42:00,5879.1542
2025-03-22 00:43:00,5873.4834
2025-03-22 00:44:00,5873.3164
2025-03-22 00:45:00,5877.0478
2025-03-22 00:46:00,5877.1842
2025-03-22 00:47:00,5879.2294
2025-03-22 00:48:00,5876.9592
2025-03-22 00:49:00,5879.1780
2025-03-22 00:50:00,5879.1583
2025-03-22 00:51:00,5873.3600
2025-03-22 00:52:00,5876.9965
2025-03-22 00:53:00,5874.7457
2025-03-22 00:54:00,5876.8986
2025-03-22 00:55:00,5876.8986
2025-03-22 00:56:00,5876.8791
2025-03-22 00:57:00,5877.0153
2025-03-22 00:58:00,5876.9350
2025-03-22 00:59:00,5874.5227
2025-03-22 01:00:00,5876.9274
2025-03-22 01:01:00,5874.5473
2025-03-22 01:02:00,5878.8026
2025-03-22 01:03:00,5874.6005
2025-03-22 01:04:00,5874.5878
2025-03-22 01:05:00,5876.8013
2025-03-22 01:06:00,5878.7156
2025-03-22 01:07:00,5874.4775
2025-03-22 01:08:00,5878.5980
2025-03-22 01:09:00,5876.0911
2025-03-22 01:10:00,5876.4219
2025-03-22 01:11:00,5873.9781
2025-03-22 01:12:00,5873.9781
2025-03-22 01:13:00,5872.4470
2025-03-22 01:14:00,5872.4516
2025-03-22 01:15:00,5873.8431
2025-03-22 01:16:00,5876.2760
2025-03-22 01:17:00,5876.2878
2025-03-22 01:18:00,5874.0467
2025-03-22 01:19:00,5876.3263
2025-03-22 01:20:00,5880.8648
2025-03-22 01:21:00,5872.9479
2025-03-22 01:22:00,5876.4814
2025-03-22 01:23:00,5876.5072
2025-03-22 01:24:00,5880.9551
2025-03-22 01:25:00,5880.8794
2025-03-22 01:26:00,5876.5941
2025-03-22 01:27:00,5876.8245
2025-03-22 01:28:00,5883.0804
2025-03-22 01:29:00,5874.8325
2025-03-22 01:30:00,5875.2181
2025-03-22 01:31:00,5877.5423
2025-03-22 01:32:00,5884.8529
2025-03-22 01:33:00,5875.6276
2025-03-22 01:34:00,5877.9362
2025-03-22 01:35:00,5875.3107
2025-03-22 01:36:00,5875.9793
2025-03-22 01:37:00,5881.4783
2025-03-22 01:38:00,5875.1770
2025-03-22 01:39:00,5879.5413
2025-03-22 01:40:00,5878.9293
2025-03-22 01:41:00,5874.3049
2025-03-22 01:42:00,5877.9813
2025-03-22 01:43:00,5874.4160
2025-03-22 01:44:00,5874.4484
2025-03-22 01:45:00,5874.4157
2025-03-22 01:46:00,5877.0188
2025-03-22 01:47:00,5876.9916
2025-03-22 01:48:00,5872.9472
2025-03-22 01:49:00,5877.2236
2025-03-22 01:50:00,5880.0857
2025-03-22 01:51:00,5877.4456
2025-03-22 01:52:00,5873.3386
2025-03-22 01:53:00,5874.1937
2025-03-22 01:54:00,5873.2937
2025-03-22 01:55:00,5880.2155
2025-03-22 01:56:00,5879.9501
2025-03-22 01:57:00,5877.2576
2025-03-22 01:58:00,5877.2435
2025-03-22 01:59:00,5875.5033
2025-03-22 02:00:00,5874.5594
2025-03-22 02:01:00,5874.6385
2025-03-22 02:02:00,5880.5257
2025-03-22 02:03:00,5874.7269
2025-03-22 02:04:00,5878.9373
2025-03-22 02:05:00,5887.4329
2025-03-22 02:06:00,5875.3647
2025-03-22 02:07:00,5877.0747
2025-03-22 02:08:00,5877.2491
2025-03-22 02:09:00,5877.4662
2025-03-22 02:10:00,5877.3197
2025-03-22 02:11:00,5879.7591
2025-03-22 02:12:00,5879.9251
2025-03-22 02:13:00,5884.4335
2025-03-22 02:14:00,5875.5676
2025-03-22 02:15:00,5877.1773
2025-03-22 02:16:00,5877.1773
2025-03-22 02:17:00,5883.9294
2025-03-22 02:18:00,5879.5241
2025-03-22 02:19:00,5883.8803
2025-03-22 02:20:00,5883.7830
2025-03-22 02:21:00,5875.4705
2025-03-22 02:22:00,5877.1063
2025-03-22 02:23:00,5879.6803
2025-03-22 02:24:00,5879.7433
2025-03-22 02:25:00,5884.6653
2025-03-22 02:26:00,5884.4928
2025-03-22 02:27:00,5879.7260
2025-03-22 02:28:00,5888.5471
2025-03-22 02:29:00,5875.3606
2025-03-22 02:30:00,5879.8710
2025-03-22 02:31:00,5882.4380
2025-03-22 02:32:00,5884.2272
2025-03-22 02:33:00,5876.8210
2025-03-22 02:34:00,5882.4097
2025-03-22 02:35:00,5885.4970
2025-03-22 02:36:00,5877.8560
2025-03-22 02:37:00,5880.0693
2025-03-22 02:38:00,5882.8794
2025-03-22 02:39:00,5876.8619
2025-03-22 02:40:00,5879.8257
2025-03-22 02:41:00,5876.8270
2025-03-22 02:42:00,5884.0249
2025-03-22 02:43:00,5884.3575
2025-03-22 02:44:00,5875.6262
2025-03-22 02:45:00,5880.7836
2025-03-22 02:46:00,5881.3356
2025-03-22 02:47:00,5885.7015
2025-03-22 02:48:00,5885.2381
2025-03-22 02:49:00,5881.7962
2025-03-22 02:50:00,5881.9791
2025-03-22 02:51:00,5876.2672
2025-03-22 02:52:00,5878.5094
2025-03-22 02:53:00,5878.9082
2025-03-22 02:54:00,5876.7042
2025-03-22 02:55:00,5883.3110
2025-03-22 02:56:00,5883.4925
2025-03-22 02:57:00,5883.8675
2025-03-22 02:58:00,5889.3361
2025-03-22 02:59:00,5875.6761
2025-03-22 03:00:00,5880.2497
2025-03-22 03:01:00,5880.2715
2025-03-22 03:02:00,5890.7127
2025-03-22 03:03:00,5877.9984
2025-03-22 03:04:00,5880.7943
2025-03-22 03:05:00,5890.0440
2025-03-22 03:06:00,5884.9769
2025-03-22 03:07:00,5877.4926
2025-03-22 03:08:00,5877.9160
2025-03-22 03:09:00,5880.7584
2025-03-22 03:10:00,5878.9790
2025-03-22 03:11:00,5880.8665
2025-03-22 03:12:00,5880.8701
2025-03-22 03:13:00,5878.9938
2025-03-22 03:14:00,5876.1652
2025-03-22 03:15:00,5884.9433
2025-03-22 03:16:00,5879.8828
2025-03-22 03:17:00,5884.5052
2025-03-22 03:18:00,5879.8004
2025-03-22 03:19:00,5879.8209
2025-03-22 03:20:00,5884.2592
2025-03-22 03:21:00,5877.0609
2025-03-22 03:22:00,5879.5448
2025-03-22 03:23:00,5884.0998
2025-03-22 03:24:00,5884.2190
2025-03-22 03:25:00,5884.2996
2025-03-22 03:26:00,5883.9841
2025-03-22 03:27:00,5883.4920
2025-03-22 03:28:00,5887.1250
2025-03-22 03:29:00,5878.9818
2025-03-22 03:30:00,5882.2244
2025-03-22 03:31:00,5882.1940
2025-03-22 03:32:00,5871.8274
2025-03-22 03:33:00,5881.8392
2025-03-22 03:34:00,5881.9872
2025-03-22 03:35:00,5882.0172
2025-03-22 03:36:00,5878.7318
2025-03-22 03:37:00,5878.8188
2025-03-22 03:38:00,5878.8901
2025-03-22 03:39:00,5878.8363
2025-03-22 03:40:00,5886.9318
2025-03-22 03:41:00,5879.0151
2025-03-22 03:42:00,5887.2234
2025-03-22 03:43:00,5876.9282
2025-03-22 03:44:00,5876.8330
2025-03-22 03:45:00,5879.1429
2025-03-22 03:46:00,5879.6302
2025-03-22 03:47:00,5883.6415
2025-03-22 03:48:00,5881.7621
2025-03-22 03:49:00,5888.4784
2025-03-22 03:50:00,5889.1094
2025-03-22 03:51:00,5889.2321
2025-03-22 03:52:00,5889.3566
2025-03-22 03:53:00,5884.4772
2025-03-22 03:54:00,5879.9213
2025-03-22 03:55:00,5889.6057
2025-03-22 03:56:00,5884.6433
2025-03-22 03:57:00,5880.7201
2025-03-22 03:58:00,5889.8011
2025-03-22 03:59:00,5880.0459
2025-03-22 04:00:00,5880.0249
2025-03-22 04:01:00,5884.6466
2025-03-22 04:02:00,5882.2046
2025-03-22 04:03:00,5884.6466
2025-03-22 04:04:00,5884.6887
2025-03-22 04:05:00,5889.6703
2025-03-22 04:06:00,5877.4586
2025-03-22 04:07:00,5877.4200
2025-03-22 04:08:00,5884.6854
2025-03-22 04:09:00,5879.9419
2025-03-22 04:10:00,5882.0404
2025-03-22 04:11:00,5879.9008
2025-03-22 04:12:00,5884.4400
2025-03-22 04:13:00,5884.5184
2025-03-22 04:14:00,5877.4078
2025-03-22 04:15:00,5879.9524
2025-03-22 04:16:00,5879.9524
2025-03-22 04:17:00,5889.6762
2025-03-22 04:18:00,5884.6854
2025-03-22 04:19:00,5882.2323
2025-03-22 04:20:00,5884.8132
2025-03-22 04:21:00,5889.8011
2025-03-22 04:22:00,5877.3440
2025-03-22 04:23:00,5879.7393
2025-03-22 04:24:00,5883.9287
2025-03-22 04:25:00,5881.6991
2025-03-22 04:26:00,5888.9287
2025-03-22 04:27:00,5888.3647
2025-03-22 04:28:00,5888.6518
2025-03-22 04:29:00,5879.4856
2025-03-22 04:30:00,5883.7149
2025-03-22 04:31:00,5879.4856
2025-03-22 04:32:00,5879.6989
2025-03-22 04:33:00,5884.5184
2025-03-22 04:34:00,5884.6433
2025-03-22 04:35:00,5889.8074
2025-03-22 04:36:00,5877.4855
2025-03-22 04:37:00,5877.4985
2025-03-22 04:38:00,5884.8997
2025-03-22 04:39:00,5884.8163
2025-03-22 04:40:00,5882.4303
2025-03-22 04:41:00,5880.2715
2025-03-22 04:42:00,5890.4154
2025-03-22 04:43:00,5890.5311
2025-03-22 04:44:00,5880.2221
2025-03-22 04:45:00,5885.0333
2025-03-22 04:46:00,5880.1665
2025-03-22 04:47:00,5890.3426
2025-03-22 04:48:00,5890.2045
2025-03-22 04:49:00,5889.9644
2025-03-22 04:50:00,5890.1240
2025-03-22 04:51:00,5882.1844
2025-03-22 04:52:00,5880.0010
2025-03-22 04:53:00,5884.7006
2025-03-22 04:54:00,5879.9683
2025-03-22 04:55:00,5872.3306
2025-03-22 04:56:00,5880.0010
2025-03-22 04:57:00,5884.5926
2025-03-22 04:58:00,5889.6505
2025-03-22 04:59:00,5882.1222
2025-03-22 05:00:00,5884.6464
2025-03-22 05:01:00,5884.6464
2025-03-22 05:02:00,5882.0960
2025-03-22 05:03:00,5884.8100
2025-03-22 05:04:00,5884.7006
2025-03-22 05:05:00,5890.0440
2025-03-22 05:06:00,5882.0960
2025-03-22 05:07:00,5877.4188
2025-03-22 05:08:00,5884.7006
2025-03-22 05:09:00,5889.8852
2025-03-22 05:10:00,5882.2288
2025-03-22 05:11:00,5884.6464
2025-03-22 05:12:00,5872.2365
2025-03-22 05:13:00,5889.6228
2025-03-22 05:14:00,5889.3437
2025-03-22 05:15:00,5884.2776
2025-03-22 05:16:00,5879.9251
2025-03-22 05:17:00,5879.9033
2025-03-22 05:18:00,5889.7283
2025-03-22 05:19:00,5884.6464
2025-03-22 05:20:00,5890.0440
2025-03-22 05:21:00,5879.9357
2025-03-22 05:22:00,5879.8710
2025-03-22 05:23:00,5884.2776
2025-03-22 05:24:00,5879.7433
2025-03-22 05:25:00,5889.1930
2025-03-22 05:26:00,5879.6803
2025-03-22 05:27:00,5884.1251
2025-03-22 05:28:00,5888.8970
2025-03-22 05:29:00,5883.8783
2025-03-22 05:30:00,5883.6876
2025-03-22 05:31:00,5883.7822
2025-03-22 05:32:00,5879.3436
2025-03-22 05:33:00,5879.4035
2025-03-22 05:34:00,5883.5484
2025-03-22 05:35:00,5887.7738
2025-03-22 05:36:00,5879.2253
2025-03-22 05:37:00,5879.0483
2025-03-22 05:38:00,5878.9913
2025-03-22 05:39:00,5883.0561
2025-03-22 05:40:00,5878.9913
2025-03-22 05:41:00,5878.8789
2025-03-22 05:42:00,5887.1966
2025-03-22 05:43:00,5887.5213
2025-03-22 05:44:00,5881.1855
2025-03-22 05:45:00,5882.8476
2025-03-22 05:46:00,5878.7687
2025-03-22 05:47:00,5881.0257
2025-03-22 05:48:00,5881.0322
2025-03-22 05:49:00,5882.8069
2025-03-22 05:50:00,5886.8301
2025-03-22 05:51:00,5881.0177
2025-03-22 05:52:00,5878.6875
2025-03-22 05:53:00,5882.8631
2025-03-22 05:54:00,5878.7144
2025-03-22 05:55:00,5878.8021
2025-03-22 05:56:00,5882.7842
2025-03-22 05:57:00,5887.0193
2025-03-22 05:58:00,5882.5708
2025-03-22 05:59:00,5871.6595
2025-03-22 06:00:00,5876.8011
2025-03-22 06:01:00,5879.2387
2025-03-22 06:02:00,5879.2100
2025-03-22 06:03:00,5882.2289
2025-03-22 06:04:00,5886.9315
2025-03-22 06:05:00,5881.1520
2025-03-22 06:06:00,5881.1421
2025-03-22 06:07:00,5876.2410
2025-03-22 06:08:00,5882.3430
2025-03-22 06:09:00,5886.2615
2025-03-22 06:10:00,5881.1397
2025-03-22 06:11:00,5882.3088
2025-03-22 06:12:00,5882.3777
2025-03-22 06:13:00,5886.2061
2025-03-22 06:14:00,5878.3004
2025-03-22 06:15:00,5878.4112
2025-03-22 06:16:00,5878.3124
2025-03-22 06:17:00,5882.1115
2025-03-22 06:18:00,5881.0090
2025-03-22 06:19:00,5881.7877
2025-03-22 06:20:00,5881.8993
2025-03-22 06:21:00,5875.9573
2025-03-22 06:22:00,5881.8706
2025-03-22 06:23:00,5885.1676
2025-03-22 06:24:00,5881.5552
2025-03-22 06:25:00,5881.5552
2025-03-22 06:26:00,5881.6400
2025-03-22 06:27:00,5881.4336
2025-03-22 06:28:00,5878.1022
2025-03-22 06:29:00,5875.9893
2025-03-22 06:30:00,5877.7726
2025-03-22 06:31:00,5881.3172
2025-03-22 06:32:00,5884.7461
2025-03-22 06:33:00,5880.2661
2025-03-22 06:34:00,5881.3172
2025-03-22 06:35:00,5884.6149
2025-03-22 06:36:00,5880.1552
2025-03-22 06:37:00,5881.2486
2025-03-22 06:38:00,5881.1983
2025-03-22 06:39:00,5877.6234
2025-03-22 06:40:00,5877.6228
2025-03-22 06:41:00,5880.0466
2025-03-22 06:42:00,5884.6183
2025-03-22 06:43:00,5880.0658
2025-03-22 06:44:00,5880.0392
2025-03-22 06:45:00,5879.9602
2025-03-22 06:46:00,5884.4763
2025-03-22 06:47:00,5881.1462
2025-03-22 06:48:00,5872.2687
2025-03-22 06:49:00,5884.1471
2025-03-22 06:50:00,5884.1471
2025-03-22 06:51:00,5884.0361
2025-03-22 06:52:00,5880.9713
2025-03-22 06:53:00,5881.0202
2025-03-22 06:54:00,5877.5111
2025-03-22 06:55:00,5881.0202
2025-03-22 06:56:00,5880.9880
2025-03-22 06:57:00,5883.9024
2025-03-22 06:58:00,5880.8679
2025-03-22 06:59:00,5879.6581
2025-03-22 07:00:00,5880.8765
2025-03-22 07:01:00,5877.3897
2025-03-22 07:02:00,5877.3427
2025-03-22 07:03:00,5883.5948
2025-03-22 07:04:00,5880.7065
2025-03-22 07:05:00,5880.4898
2025-03-22 07:06:00,5879.2821
2025-03-22 07:07:00,5874.8701
2025-03-22 07:08:00,5880.6665
2025-03-22 07:09:00,5883.2920
2025-03-22 07:10:00,5872.9420
2025-03-22 07:11:00,5880.4262
2025-03-22 07:12:00,5880.4119
2025-03-22 07:13:00,5882.8731
2025-03-22 07:14:00,5873.1263
2025-03-22 07:15:00,5876.7094
2025-03-22 07:16:00,5880.3673
2025-03-22 07:17:00,5880.3653
2025-03-22 07:18:00,5882.6075
2025-03-22 07:19:00,5880.3626
2025-03-22 07:20:00,5880.3622
2025-03-22 07:21:00,5874.5719
2025-03-22 07:22:00,5876.9326
2025-03-22 07:23:00,5876.9326
2025-03-22 07:24:00,5874.8145
2025-03-22 07:25:00,5874.8294
2025-03-22 07:26:00,5877.0544
2025-03-22 07:27:00,5879.1706
2025-03-22 07:28:00,5879.1502
2025-03-22 07:29:00,5877.0681
2025-03-22 07:30:00,5874.8145
2025-03-22 07:31:00,5874.8145
2025-03-22 07:32:00,5874.8353
2025-03-22 07:33:00,5879.2022
2025-03-22 07:34:00,5876.9512
2025-03-22 07:35:00,5878.9546
2025-03-22 07:36:00,5876.4884
2025-03-22 07:37:00,5874.4965
2025-03-22 07:38:00,5876.6479
2025-03-22 07:39:00,5874.4583
2025-03-22 07:40:00,5876.5886
2025-03-22 07:41:00,5882.0931
2025-03-22 07:42:00,5882.1042
2025-03-22 07:43:00,5882.1105
2025-03-22 07:44:00,5882.1321
2025-03-22 07:45:00,5882.1673
2025-03-22 07:46:00,5880.4554
2025-03-22 07:47:00,5876.4287
2025-03-22 07:48:00,5878.4898
2025-03-22 07:49:00,5880.3720
2025-03-22 07:50:00,5880.3635
2025-03-22 07:51:00,5882.8514
2025-03-22 07:52:00,5876.7871
2025-03-22 07:53:00,5876.8118
2025-03-22 07:54:00,5880.7168
2025-03-22 07:55:00,5873.4484
2025-03-22 07:56:00,5883.1359
2025-03-22 07:57:00,5883.1837
2025-03-22 07:58:00,5877.1611
2025-03-22 07:59:00,5874.4725
2025-03-22 08:00:00,5878.2639
2025-03-22 08:01:00,5883.8668
2025-03-22 08:02:00,5879.5704
2025-03-22 08:03:00,5889.0697
2025-03-22 08:04:00,5882.8137
2025-03-22 08:05:00,5880.8171
2025-03-22 08:06:00,5883.5169
2025-03-22 08:07:00,5875.2750
2025-03-22 08:08:00,5876.2527
2025-03-22 08:09:00,5878.8900
2025-03-22 08:10:00,5882.6342
2025-03-22 08:11:00,5876.7386
2025-03-22 08:12:00,5874.7742
2025-03-22 08:13:00,5876.5146
2025-03-22 08:14:00,5877.3094
2025-03-22 08:15:00,5873.9818
2025-03-22 08:16:00,5880.7973
2025-03-22 08:17:00,5881.1340
2025-03-22 08:18:00,5880.2859
2025-03-22 08:19:00,5875.7434
2025-03-22 08:20:00,5880.6999
2025-03-22 08:21:00,5883.7984
2025-03-22 08:22:00,5877.6869
2025-03-22 08:23:00,5880.2984
2025-03-22 08:24:00,5883.2037
2025-03-22 08:25:00,5880.4127
2025-03-22 08:26:00,5879.3750
2025-03-22 08:27:00,5884.2422
2025-03-22 08:28:00,5880.6027
2025-03-22 08:29:00,5883.9761
2025-03-22 08:30:00,5876.0265
2025-03-22 08:31:00,5875.9972
2025-03-22 08:32:00,5881.1478
2025-03-22 08:33:00,5871.7639
2025-03-22 08:34:00,5881.2623
2025-03-22 08:35:00,5884.9597
2025-03-22 08:36:00,5885.4007
2025-03-22 08:37:00,5876.4390
2025-03-22 08:38:00,5882.2716
2025-03-22 08:39:00,5882.2828
2025-03-22 08:40:00,5882.4986
2025-03-22 08:41:00,5880.8173
2025-03-22 08:42:00,5887.4084
2025-03-22 08:43:00,5887.6599
2025-03-22 08:44:00,5881.2325
2025-03-22 08:45:00,5879.3998
2025-03-22 08:46:00,5883.5750
2025-03-22 08:47:00,5883.6472
2025-03-22 08:48:00,5881.4372
2025-03-22 08:49:00,5883.9816
2025-03-22 08:50:00,5889.0424
2025-03-22 08:51:00,5889.1026
2025-03-22 08:52:00,5879.7258
2025-03-22 08:53:00,5883.7570
2025-03-22 08:54:00,5887.9756
2025-03-22 08:55:00,5887.6149
2025-03-22 08:56:00,5887.3590
2025-03-22 08:57:00,5880.9185
2025-03-22 08:58:00,5839.8698
2025-03-22 08:59:00,5880.4283
2025-03-22 09:00:00,5878.5364
2025-03-22 09:01:00,5885.5547
2025-03-22 09:02:00,5879.8207
2025-03-22 09:03:00,5871.5488
2025-03-22 09:04:00,5884.2422
2025-03-22 09:05:00,5879.9568
2025-03-22 09:06:00,5880.0133
2025-03-22 09:07:00,5881.3439
2025-03-22 09:08:00,5881.3711
2025-03-22 09:09:00,5885.4179
2025-03-22 09:10:00,5885.9618
2025-03-22 09:11:00,5880.5264
2025-03-22 09:12:00,5871.9199
2025-03-22 09:13:00,5887.1760
2025-03-22 09:14:00,5876.8128
2025-03-22 09:15:00,5879.2330
2025-03-22 09:16:00,5883.0992
2025-03-22 09:17:00,5887.3590
2025-03-22 09:18:00,5880.9846
2025-03-22 09:19:00,5883.2015
2025-03-22 09:20:00,5887.7112
2025-03-22 09:21:00,5872.2970
2025-03-22 09:22:00,5883.5535
2025-03-22 09:23:00,5888.0257
2025-03-22 09:24:00,5888.1902
2025-03-22 09:25:00,5881.2725
2025-03-22 09:26:00,5872.0531
2025-03-22 09:27:00,5888.3544
2025-03-22 09:28:00,5881.2389
2025-03-22 09:29:00,5879.5019
2025-03-22 09:30:00,5883.6417
2025-03-22 09:31:00,5887.9718
2025-03-22 09:32:00,5883.4106
2025-03-22 09:33:00,5887.9725
2025-03-22 09:34:00,5883.4106
2025-03-22 09:35:00,5887.8669
2025-03-22 09:36:00,5887.9195
2025-03-22 09:37:00,5887.9725
2025-03-22 09:38:00,5883.4817
2025-03-22 09:39:00,5887.9725
2025-03-22 09:40:00,5883.4460
2025-03-22 09:41:00,5872.2883
2025-03-22 09:42:00,5881.3616
2025-03-22 09:43:00,5881.3374
2025-03-22 09:44:00,5881.3858
2025-03-22 09:45:00,5883.5175
2025-03-22 09:46:00,5883.5175
2025-03-22 09:47:00,5887.9725
2025-03-22 09:48:00,5881.3374
2025-03-22 09:49:00,5883.4106
2025-03-22 09:50:00,5887.6599
2025-03-22 09:51:00,5887.4581
2025-03-22 09:52:00,5879.1604
2025-03-22 09:53:00,5879.0710
2025-03-22 09:54:00,5886.4784
2025-03-22 09:55:00,5886.4784
2025-03-22 09:56:00,5871.8091
2025-03-22 09:57:00,5882.1625
2025-03-22 09:58:00,5885.8793
2025-03-22 09:59:00,5885.9206
2025-03-22 10:00:00,5885.9206
2025-03-22 10:01:00,5881.9478
2025-03-22 10:02:00,5886.1304
2025-03-22 10:03:00,5886.0880
2025-03-22 10:04:00,5878.7185
2025-03-22 10:05:00,5882.3745
2025-03-22 10:06:00,5886.4341
2025-03-22 10:07:00,5878.8549
2025-03-22 10:08:00,5882.5615
2025-03-22 10:09:00,5887.0217
2025-03-22 10:10:00,5882.8991
2025-03-22 10:11:00,5882.8991
2025-03-22 10:12:00,5882.8991
2025-03-22 10:13:00,5887.1645
2025-03-22 10:14:00,5881.0237
2025-03-22 10:15:00,5883.0992
2025-03-22 10:16:00,5883.0992
2025-03-22 10:17:00,5887.5584
2025-03-22 10:18:00,5887.6599
2025-03-22 10:19:00,5881.0552
2025-03-22 10:20:00,5887.7162
2025-03-22 10:21:00,5881.1268
2025-03-22 10:22:00,5883.3567
2025-03-22 10:23:00,5883.3567
2025-03-22 10:24:00,5887.7162
2025-03-22 10:25:00,5883.4269
2025-03-22 10:26:00,5887.7162
2025-03-22 10:27:00,5882.8282
2025-03-22 10:28:00,5878.1305
2025-03-22 10:29:00,5871.9947
2025-03-22 10:30:00,5872.2711
2025-03-22 10:31:00,5887.9761
2025-03-22 10:32:00,5881.3858
2025-03-22 10:33:00,5881.2725
2025-03-22 10:34:00,5872.0343
2025-03-22 10:35:00,5881.2146
2025-03-22 10:36:00,5872.0676
2025-03-22 10:37:00,5883.6417
2025-03-22 10:38:00,5888.2993
2025-03-22 10:39:00,5888.3544
2025-03-22 10:40:00,5883.7148
2025-03-22 10:41:00,5872.0787
2025-03-22 10:42:00,5888.5220
2025-03-22 10:43:00,5872.0960
2025-03-22 10:44:00,5840.7167
2025-03-22 10:45:00,5883.7886
2025-03-22 10:46:00,5888.4658
2025-03-22 10:47:00,5888.3529
2025-03-22 10:48:00,5888.5220
2025-03-22 10:49:00,5888.4658
2025-03-22 10:50:00,5887.9972
2025-03-22 10:51:00,5881.3967
2025-03-22 10:52:00,5872.0447
2025-03-22 10:53:00,5879.5210
2025-03-22 10:54:00,5881.5087
2025-03-22 10:55:00,5888.3529
2025-03-22 10:56:00,5881.3561
2025-03-22 10:57:00,5888.1027
2025-03-22 10:58:00,5888.2680
2025-03-22 10:59:00,5872.1221
2025-03-22 11:00:00,5884.0533
2025-03-22 11:01:00,5888.9267
2025-03-22 11:02:00,5888.9862
2025-03-22 11:03:00,5889.2899
2025-03-22 11:04:00,5889.2899
2025-03-22 11:05:00,5889.1631
2025-03-22 11:06:00,5881.9211
2025-03-22 11:07:00,5884.4533
2025-03-22 11:08:00,5878.6122
2025-03-22 11:09:00,5883.9477
2025-03-22 11:10:00,5889.7282
2025-03-22 11:11:00,5889.9252
2025-03-22 11:12:00,5872.3467
2025-03-22 11:13:00,5882.1023
2025-03-22 11:14:00,5872.3446
2025-03-22 11:15:00,5880.1770
2025-03-22 11:16:00,5882.1023
2025-03-22 11:17:00,5890.1950
2025-03-22 11:18:00,5882.1588
2025-03-22 11:19:00,5890.2638
2025-03-22 11:20:00,5890.1950
2025-03-22 11:21:00,5872.4153
2025-03-22 11:22:00,5885.0892
2025-03-22 11:23:00,5890.4734
2025-03-22 11:24:00,5885.0892
2025-03-22 11:25:00,5880.2413
2025-03-22 11:26:00,5841.5034
2025-03-22 11:27:00,5890.5176
2025-03-22 11:28:00,5872.3697
2025-03-22 11:29:00,5872.3697
2025-03-22 11:30:00,5890.4359
2025-03-22 11:31:00,5890.1933
2025-03-22 11:32:00,5890.1133
2025-03-22 11:33:00,5872.1285
2025-03-22 11:34:00,5882.2002
2025-03-22 11:35:00,5890.0338
2025-03-22 11:36:00,5872.0324
2025-03-22 11:37:00,5841.0409
2025-03-22 11:38:00,5884.6188
2025-03-22 11:39:00,5889.4132
2025-03-22 11:40:00,5889.5658
2025-03-22 11:41:00,5871.8409
2025-03-22 11:42:00,5889.6147
2025-03-22 11:43:00,5881.6801
2025-03-22 11:44:00,5871.6978
2025-03-22 11:45:00,5884.3889
2025-03-22 11:46:00,5884.3367
2025-03-22 11:47:00,5889.5374
2025-03-22 11:48:00,5871.6026
2025-03-22 11:49:00,5884.5120
2025-03-22 11:50:00,5889.2624
2025-03-22 11:51:00,5881.5048
2025-03-22 11:52:00,5879.6710
2025-03-22 11:53:00,5879.6084
2025-03-22 11:54:00,5889.1580
2025-03-22 11:55:00,5888.8203
2025-03-22 11:56:00,5883.8828
2025-03-22 11:57:00,5883.8828
2025-03-22 11:58:00,5881.2038
2025-03-22 11:59:00,5881.0770
2025-03-22 12:00:00,5883.6432
2025-03-22 12:01:00,5888.1859
2025-03-22 12:02:00,5888.1859
2025-03-22 12:03:00,5859.4206
2025-03-22 12:04:00,5881.0172
2025-03-22 12:05:00,5871.1413
2025-03-22 12:06:00,5880.8406
2025-03-22 12:07:00,5871.2093
2025-03-22 12:08:00,5882.8860
2025-03-22 12:09:00,5887.1976
2025-03-22 12:10:00,5887.0739
2025-03-22 12:11:00,5871.3464
2025-03-22 12:12:00,5882.6418
2025-03-22 12:13:00,5880.8102
2025-03-22 12:14:00,5871.3390
2025-03-22 12:15:00,5882.5632
2025-03-22 12:16:00,5887.1418
2025-03-22 12:17:00,5886.7713
2025-03-22 12:18:00,5882.8151
2025-03-22 12:19:00,5886.7120
2025-03-22 12:20:00,5880.8102
2025-03-22 12:21:00,5886.7120
2025-03-22 12:22:00,5877.9940
2025-03-22 12:23:00,5879.3135
2025-03-22 12:24:00,5879.1338
2025-03-22 12:25:00,5882.8554
2025-03-22 12:26:00,5871.3723
2025-03-22 12:27:00,5886.8974
2025-03-22 12:28:00,5880.9405
2025-03-22 12:29:00,5880.9334
2025-03-22 12:30:00,5879.1971
2025-03-22 12:31:00,5879.1398
2025-03-22 12:32:00,5882.0285
2025-03-22 12:33:00,5876.7140
2025-03-22 12:34:00,5877.9218
2025-03-22 12:35:00,5881.8736
2025-03-22 12:36:00,5878.0181
2025-03-22 12:37:00,5881.8385
2025-03-22 12:38:00,5881.8034
2025-03-22 12:39:00,5878.9360
2025-03-22 12:40:00,5878.8809
2025-03-22 12:41:00,5870.1991
2025-03-22 12:42:00,5882.1212
2025-03-22 12:43:00,5882.0867
2025-03-22 12:44:00,5886.2035
2025-03-22 12:45:00,5882.0525
2025-03-22 12:46:00,5878.3372
2025-03-22 12:47:00,5885.8157
2025-03-22 12:48:00,5885.7630
2025-03-22 12:49:00,5880.7913
2025-03-22 12:50:00,5881.8871
2025-03-22 12:51:00,5885.6587
2025-03-22 12:52:00,5880.7937
2025-03-22 12:53:00,5881.8551
2025-03-22 12:54:00,5885.4549
2025-03-22 12:55:00,5881.7307
2025-03-22 12:56:00,5881.6708
2025-03-22 12:57:00,5881.6413
2025-03-22 12:58:00,5871.8163
2025-03-22 12:59:00,5871.8730
2025-03-22 13:00:00,5877.8835
2025-03-22 13:01:00,5881.4457
2025-03-22 13:02:00,5884.8808
2025-03-22 13:03:00,5877.7945
2025-03-22 13:04:00,5884.7906
2025-03-22 13:05:00,5881.3172
2025-03-22 13:06:00,5884.6582
2025-03-22 13:07:00,5872.1267
2025-03-22 13:08:00,5877.6653
2025-03-22 13:09:00,5881.1983
2025-03-22 13:10:00,5884.4454
2025-03-22 13:11:00,5880.0466
2025-03-22 13:12:00,5881.0892
2025-03-22 13:13:00,5884.2031
2025-03-22 13:14:00,5884.3225
2025-03-22 13:15:00,5877.4616
2025-03-22 13:16:00,5877.4187
2025-03-22 13:17:00,5884.1335
2025-03-22 13:18:00,5880.9013
2025-03-22 13:19:00,5879.8440
2025-03-22 13:20:00,5880.8806
2025-03-22 13:21:00,5879.9142
2025-03-22 13:22:00,5879.9142
2025-03-22 13:23:00,5880.8403
2025-03-22 13:24:00,5880.8403
2025-03-22 13:25:00,5884.0157
2025-03-22 13:26:00,5879.7664
2025-03-22 13:27:00,5880.9899
2025-03-22 13:28:00,5880.7643
2025-03-22 13:29:00,5880.1945
2025-03-22 13:30:00,5874.0550
2025-03-22 13:31:00,5880.6162
2025-03-22 13:32:00,5880.5354
2025-03-22 13:33:00,5880.3994
2025-03-22 13:34:00,5873.0802
2025-03-22 13:35:00,5882.7328
2025-03-22 13:36:00,5880.2473
2025-03-22 13:37:00,5882.5930
2025-03-22 13:38:00,5880.1538
2025-03-22 13:39:00,5879.9754
2025-03-22 13:40:00,5880.1795
2025-03-22 13:41:00,5872.7398
2025-03-22 13:42:00,5880.2244
2025-03-22 13:43:00,5882.8624
2025-03-22 13:44:00,5883.1534
2025-03-22 13:45:00,5877.0478
2025-03-22 13:46:00,5877.0997
2025-03-22 13:47:00,5883.6131
2025-03-22 13:48:00,5880.7114
2025-03-22 13:49:00,5884.0496
2025-03-22 13:50:00,5881.0685
2025-03-22 13:51:00,5885.3061
2025-03-22 13:52:00,5871.6869
2025-03-22 13:53:00,5882.8961
2025-03-22 13:54:00,5888.0508
2025-03-22 13:55:00,5884.1457
2025-03-22 13:56:00,5889.6228
2025-03-22 13:57:00,5889.6861
2025-03-22 13:58:00,5888.5844
2025-03-22 13:59:00,5884.3103
2025-03-22 14:00:00,5877.7437
2025-03-22 14:01:00,5883.2961
2025-03-22 14:02:00,5882.7765
2025-03-22 14:03:00,5878.5163
2025-03-22 14:04:00,5877.7253
2025-03-22 14:05:00,5878.5110
2025-03-22 14:06:00,5881.8591
2025-03-22 14:07:00,5881.3021
2025-03-22 14:08:00,5876.8687
2025-03-22 14:09:00,5879.3349
2025-03-22 14:10:00,5876.6893
2025-03-22 14:11:00,5882.7681
2025-03-22 14:12:00,5876.8515
2025-03-22 14:13:00,5882.8614
2025-03-22 14:14:00,5882.4040
2025-03-22 14:15:00,5876.7654
2025-03-22 14:16:00,5882.5733
2025-03-22 14:17:00,5879.3575
2025-03-22 14:18:00,5876.8267
2025-03-22 14:19:00,5883.1165
2025-03-22 14:20:00,5880.1608
2025-03-22 14:21:00,5883.8613
2025-03-22 14:22:00,5877.7718
2025-03-22 14:23:00,5880.7106
2025-03-22 14:24:00,5884.6241
2025-03-22 14:25:00,5881.2601
2025-03-22 14:26:00,5881.4034
2025-03-22 14:27:00,5879.8183
2025-03-22 14:28:00,5885.7341
2025-03-22 14:29:00,5880.1176
2025-03-22 14:30:00,5885.8949
2025-03-22 14:31:00,5882.4730
2025-03-22 14:32:00,5886.7555
2025-03-22 14:33:00,5887.1245
2025-03-22 14:34:00,5887.2215
2025-03-22 14:35:00,5883.1566
2025-03-22 14:36:00,5881.0708
2025-03-22 14:37:00,5880.9196
2025-03-22 14:38:00,5883.2182
2025-03-22 14:39:00,5883.3910
2025-03-22 14:40:00,5887.7261
2025-03-22 14:41:00,5883.4968
2025-03-22 14:42:00,5883.5682
2025-03-22 14:43:00,5888.3188
2025-03-22 14:44:00,5881.0579
2025-03-22 14:45:00,5872.0410
2025-03-22 14:46:00,5883.4327
2025-03-22 14:47:00,5883.3627
2025-03-22 14:48:00,5887.6655
2025-03-22 14:49:00,5887.6146
2025-03-22 14:50:00,5887.5148
2025-03-22 14:51:00,5840.5398
2025-03-22 14:52:00,5872.0196
2025-03-22 14:53:00,5879.1644
2025-03-22 14:54:00,5882.9343
2025-03-22 14:55:00,5881.5493
2025-03-22 14:56:00,5880.8314
2025-03-22 14:57:00,5881.7743
2025-03-22 14:58:00,5879.5003
2025-03-22 14:59:00,5871.4768
2025-03-22 15:00:00,5871.4776
2025-03-22 15:01:00,5883.6564
2025-03-22 15:02:00,5883.3619
2025-03-22 15:03:00,5883.4847
2025-03-22 15:04:00,5879.2372
2025-03-22 15:05:00,5880.0902
2025-03-22 15:06:00,5883.8992
2025-03-22 15:07:00,5871.3898
2025-03-22 15:08:00,5880.7576
2025-03-22 15:09:00,5884.2685
2025-03-22 15:10:00,5884.4731
2025-03-22 15:11:00,5839.1650
2025-03-22 15:12:00,5838.9139
2025-03-22 15:13:00,5879.8569
2025-03-22 15:14:00,5885.5705
2025-03-22 15:15:00,5881.8901
2025-03-22 15:16:00,5878.6454
2025-03-22 15:17:00,5886.6182
2025-03-22 15:18:00,5882.6283
2025-03-22 15:19:00,5840.1944
2025-03-22 15:20:00,5880.8458
2025-03-22 15:21:00,5880.9846
2025-03-22 15:22:00,5871.9934
2025-03-22 15:23:00,5887.7676
2025-03-22 15:24:00,5871.7798
2025-03-22 15:25:00,5883.2720
2025-03-22 15:26:00,5871.8189
2025-03-22 15:27:00,5887.7871
2025-03-22 15:28:00,5881.0384
2025-03-22 15:29:00,5887.8907
2025-03-22 15:30:00,5879.4821
2025-03-22 15:31:00,5883.4815
2025-03-22 15:32:00,5887.9957
2025-03-22 15:33:00,5887.9430
2025-03-22 15:34:00,5871.8507
2025-03-22 15:35:00,5883.4462
2025-03-22 15:36:00,5881.2146
2025-03-22 15:37:00,5881.1663
2025-03-22 15:38:00,5872.0343
2025-03-22 15:39:00,5887.8192
2025-03-22 15:40:00,5871.9784
2025-03-22 15:41:00,5839.9963
2025-03-22 15:42:00,5880.6717
2025-03-22 15:43:00,5886.9446
2025-03-22 15:44:00,5871.6137
2025-03-22 15:45:00,5871.8600
2025-03-22 15:46:00,5882.5785
2025-03-22 15:47:00,5886.6678
2025-03-22 15:48:00,5880.4946
2025-03-22 15:49:00,5839.6213
2025-03-22 15:50:00,5886.7590
2025-03-22 15:51:00,5886.1848
2025-03-22 15:52:00,5880.0145
2025-03-22 15:53:00,5885.2623
2025-03-22 15:54:00,5870.1245
2025-03-22 15:55:00,5884.8526
2025-03-22 15:56:00,5871.4643
2025-03-22 15:57:00,5879.6916
2025-03-22 15:58:00,5884.5426
2025-03-22 15:59:00,5879.7465
2025-03-22 16:00:00,5877.3235
2025-03-22 16:01:00,5881.2130
2025-03-22 16:02:00,5877.2231
2025-03-22 16:03:00,5877.3902
2025-03-22 16:04:00,5870.0474
2025-03-22 16:05:00,5838.8960
2025-03-22 16:06:00,5870.0632
2025-03-22 16:07:00,5870.1706
2025-03-22 16:08:00,5879.0446
2025-03-22 16:09:00,5879.1146
2025-03-22 16:10:00,5881.9726
2025-03-22 16:11:00,5877.5405
2025-03-22 16:12:00,5839.4092
2025-03-22 16:13:00,5882.1134
2025-03-22 16:14:00,5877.6467
2025-03-22 16:15:00,5879.5965
2025-03-22 16:16:00,5882.8518
2025-03-22 16:17:00,5887.0772
2025-03-22 16:18:00,5886.8978
2025-03-22 16:19:00,5871.8908
2025-03-22 16:20:00,5880.6728
2025-03-22 16:21:00,5871.9065
2025-03-22 16:22:00,5871.6786
2025-03-22 16:23:00,5880.6954
2025-03-22 16:24:00,5880.7639
2025-03-22 16:25:00,5887.1904
2025-03-22 16:26:00,5887.4150
2025-03-22 16:27:00,5840.3384
2025-03-22 16:28:00,5880.8843
2025-03-22 16:29:00,5880.9612
2025-03-22 16:30:00,5880.8843
2025-03-22 16:31:00,5887.3658
2025-03-22 16:32:00,5887.3170
2025-03-22 16:33:00,5887.3170
2025-03-22 16:34:00,5840.2564
2025-03-22 16:35:00,5887.2202
2025-03-22 16:36:00,5880.8002
2025-03-22 16:37:00,5880.7551
2025-03-22 16:38:00,5882.8518
2025-03-22 16:39:00,5882.8518
2025-03-22 16:40:00,5886.6226
2025-03-22 16:41:00,5887.1245
2025-03-22 16:42:00,5830.8595
2025-03-22 16:43:00,5886.9446
2025-03-22 16:44:00,5880.6717
2025-03-22 16:45:00,5871.9065
2025-03-22 16:46:00,5886.6226
2025-03-22 16:47:00,5886.3567
2025-03-22 16:48:00,5886.5737
2025-03-22 16:49:00,5871.7998
2025-03-22 16:50:00,5886.4004
2025-03-22 16:51:00,5871.5300
2025-03-22 16:52:00,5871.5644
2025-03-22 16:53:00,5880.4296
2025-03-22 16:54:00,5882.4536
2025-03-22 16:55:00,5886.5776
2025-03-22 16:56:00,5886.7133
2025-03-22 16:57:00,5871.5995
2025-03-22 16:58:00,5887.2684
2025-03-22 16:59:00,5880.9379
2025-03-22 17:00:00,5871.9381
2025-03-22 17:01:00,5883.1503
2025-03-22 17:02:00,5883.3567
2025-03-22 17:03:00,5887.8192
2025-03-22 17:04:00,5872.0178
2025-03-22 17:05:00,5888.0291
2025-03-22 17:06:00,5887.9963
2025-03-22 17:07:00,5872.0929
2025-03-22 17:08:00,5883.8258
2025-03-22 17:09:00,5888.3529
2025-03-22 17:10:00,5888.2097
2025-03-22 17:11:00,5888.3739
2025-03-22 17:12:00,5871.9414
2025-03-22 17:13:00,5888.5415
2025-03-22 17:14:00,5881.3591
2025-03-22 17:15:00,5879.6940
2025-03-22 17:16:00,5883.9581
2025-03-22 17:17:00,5881.4614
2025-03-22 17:18:00,5888.7702
2025-03-22 17:19:00,5888.8284
2025-03-22 17:20:00,5840.8541
2025-03-22 17:21:00,5881.5392
2025-03-22 17:22:00,5872.0014
2025-03-22 17:23:00,5871.9927
2025-03-22 17:24:00,5888.8870
2025-03-22 17:25:00,5888.8870
2025-03-22 17:26:00,5888.9460
2025-03-22 17:27:00,5871.9683
2025-03-22 17:28:00,5889.0690
2025-03-22 17:29:00,5881.7590
2025-03-22 17:30:00,5881.6946
2025-03-22 17:31:00,5889.1063
2025-03-22 17:32:00,5888.8062
2025-03-22 17:33:00,5888.9828
2025-03-22 17:34:00,5871.9669
2025-03-22 17:35:00,5888.9828
2025-03-22 17:36:00,5881.6946
2025-03-22 17:37:00,5881.8126
2025-03-22 17:38:00,5879.8629
2025-03-22 17:39:00,5889.4774
2025-03-22 17:40:00,5881.8395
2025-03-22 17:41:00,5888.8870
2025-03-22 17:42:00,5881.5132
2025-03-22 17:43:00,5888.8870
2025-03-22 17:44:00,5889.1294
2025-03-22 17:45:00,5840.7518
2025-03-22 17:46:00,5884.4128
2025-03-22 17:47:00,5881.8938
2025-03-22 17:48:00,5889.5409
2025-03-22 17:49:00,5872.2990
2025-03-22 17:50:00,5881.8183
2025-03-22 17:51:00,5889.4335
2025-03-22 17:52:00,5872.0757
2025-03-22 17:53:00,5841.1225
2025-03-22 17:54:00,5890.0174
2025-03-22 17:55:00,5890.2288
2025-03-22 17:56:00,5882.0287
2025-03-22 17:57:00,5872.1755
2025-03-22 17:58:00,5872.2031
2025-03-22 17:59:00,5882.0950
2025-03-22 18:00:00,5872.0300
2025-03-22 18:01:00,5881.6512
2025-03-22 18:02:00,5889.7906
2025-03-22 18:03:00,5889.7133
2025-03-22 18:04:00,5889.6363
2025-03-22 18:05:00,5881.6412
2025-03-22 18:06:00,5881.5079
2025-03-22 18:07:00,5871.5003
2025-03-22 18:08:00,5871.5482
2025-03-22 18:09:00,5879.6920
2025-03-22 18:10:00,5888.7458
2025-03-22 18:11:00,5888.9628
2025-03-22 18:12:00,5871.2616
2025-03-22 18:13:00,5888.5217
2025-03-22 18:14:00,5871.2140
2025-03-22 18:15:00,5871.2616
2025-03-22 18:16:00,5883.7913
2025-03-22 18:17:00,5881.1159
2025-03-22 18:18:00,5888.7458
2025-03-22 18:19:00,5888.6743
2025-03-22 18:20:00,5881.1159
2025-03-22 18:21:00,5871.1664
2025-03-22 18:22:00,5888.5326
2025-03-22 18:23:00,5839.9688
2025-03-22 18:24:00,5883.6951
2025-03-22 18:25:00,5888.7458
2025-03-22 18:26:00,5888.3230
2025-03-22 18:27:00,5839.9144
2025-03-22 18:28:00,5888.3925
2025-03-22 18:29:00,5880.9032
2025-03-22 18:30:00,5888.3925
2025-03-22 18:31:00,5883.5534
2025-03-22 18:32:00,5883.5534
2025-03-22 18:33:00,5887.9819
2025-03-22 18:34:00,5859.1640
2025-03-22 18:35:00,5880.8164
2025-03-22 18:36:00,5887.7822
2025-03-22 18:37:00,5870.8960
2025-03-22 18:38:00,5880.6459
2025-03-22 18:39:00,5879.0874
2025-03-22 18:40:00,5887.1376
2025-03-22 18:41:00,5882.8023
2025-03-22 18:42:00,5871.0572
2025-03-22 18:43:00,5887.0809
2025-03-22 18:44:00,5882.7699
2025-03-22 18:45:00,5871.0865
2025-03-22 18:46:00,5878.6695
2025-03-22 18:47:00,5886.1410
2025-03-22 18:48:00,5885.9725
2025-03-22 18:49:00,5871.2776
2025-03-22 18:50:00,5882.0049
2025-03-22 18:51:00,5885.8154
2025-03-22 18:52:00,5880.5915
2025-03-22 18:53:00,5860.5340
2025-03-22 18:54:00,5881.7729
2025-03-22 18:55:00,5880.6007
2025-03-22 18:56:00,5885.3030
2025-03-22 18:57:00,5880.4817
2025-03-22 18:58:00,5880.4847
2025-03-22 18:59:00,5880.6159
2025-03-22 19:00:00,5871.5739
2025-03-22 19:01:00,5884.5882
2025-03-22 19:02:00,5880.5194
2025-03-22 19:03:00,5881.1749
2025-03-22 19:04:00,5877.6309
2025-03-22 19:05:00,5881.0965
2025-03-22 19:06:00,5884.5440
2025-03-22 19:07:00,5871.7675
2025-03-22 19:08:00,5875.5745
2025-03-22 19:09:00,5881.0711
2025-03-22 19:10:00,5884.4566
2025-03-22 19:11:00,5881.0965
2025-03-22 19:12:00,5871.7874
2025-03-22 19:13:00,5871.7694
2025-03-22 19:14:00,5871.8074
2025-03-22 19:15:00,5871.8274
2025-03-22 19:16:00,5871.8677
2025-03-22 19:17:00,5884.3092
2025-03-22 19:18:00,5884.0418
2025-03-22 19:19:00,5883.9245
2025-03-22 19:20:00,5883.7732
2025-03-22 19:21:00,5879.5457
2025-03-22 19:22:00,5872.5298
2025-03-22 19:23:00,5872.5555
2025-03-22 19:24:00,5880.3201
2025-03-22 19:25:00,5880.2899
2025-03-22 19:26:00,5879.9796
2025-03-22 19:27:00,5872.4032
2025-03-22 19:28:00,5879.9567
2025-03-22 19:29:00,5882.4508
2025-03-22 19:30:00,5872.2849
2025-03-22 19:31:00,5882.5519
2025-03-22 19:32:00,5880.0579
2025-03-22 19:33:00,5880.6031
2025-03-22 19:34:00,5879.7476
2025-03-22 19:35:00,5879.9855
2025-03-22 19:36:00,5880.6558
2025-03-22 19:37:00,5880.6608
2025-03-22 19:38:00,5880.3509
2025-03-22 19:39:00,5885.0846
2025-03-22 19:40:00,5885.2151
2025-03-22 19:41:00,5881.6400
2025-03-22 19:42:00,5884.3546
2025-03-22 19:43:00,5888.9660
2025-03-22 19:44:00,5889.3700
2025-03-22 19:45:00,5881.7792
2025-03-22 19:46:00,5879.3070
2025-03-22 19:47:00,5881.6460
2025-03-22 19:48:00,5880.8663
2025-03-22 19:49:00,5880.4596
2025-03-22 19:50:00,5883.7215
2025-03-22 19:51:00,5871.3069
2025-03-22 19:52:00,5882.5125
2025-03-22 19:53:00,5839.0917
2025-03-22 19:54:00,5873.6049
2025-03-22 19:55:00,5876.5112
2025-03-22 19:56:00,5876.8696
2025-03-22 19:57:00,5879.9217
2025-03-22 19:58:00,5874.2135
2025-03-22 19:59:00,5875.3401
2025-03-22 20:00:00,5884.3360
2025-03-22 20:01:00,5875.9511
2025-03-22 20:02:00,5875.6190
2025-03-22 20:03:00,5875.7177
2025-03-22 20:04:00,5877.3785
2025-03-22 20:05:00,5879.7282
2025-03-22 20:06:00,5875.5142
2025-03-22 20:07:00,5882.9804
2025-03-22 20:08:00,5875.5315
2025-03-22 20:09:00,5875.4798
2025-03-22 20:10:00,5879.9474
2025-03-22 20:11:00,5877.2934
2025-03-22 20:12:00,5877.3195
2025-03-22 20:13:00,5883.5644
2025-03-22 20:14:00,5879.4422
2025-03-22 20:15:00,5884.6403
2025-03-22 20:16:00,5880.9013
2025-03-22 20:17:00,5881.2413
2025-03-22 20:18:00,5881.6919
2025-03-22 20:19:00,5881.7023
2025-03-22 20:20:00,5885.2856
2025-03-22 20:21:00,5881.6293
2025-03-22 20:22:00,5885.3659
2025-03-22 20:23:00,5885.9551
2025-03-22 20:24:00,5882.2804
2025-03-22 20:25:00,5878.8229
2025-03-22 20:26:00,5882.4309
2025-03-22 20:27:00,5880.4027
2025-03-22 20:28:00,5882.6473
2025-03-22 20:29:00,5886.7275
2025-03-22 20:30:00,5886.9563
2025-03-22 20:31:00,5886.9012
2025-03-22 20:32:00,5879.2778
2025-03-22 20:33:00,5887.6848
2025-03-22 20:34:00,5883.4110
2025-03-22 20:35:00,5879.3792
2025-03-22 20:36:00,5883.0352
2025-03-22 20:37:00,5881.6691
2025-03-22 20:38:00,5880.4675
2025-03-22 20:39:00,5886.5408
2025-03-22 20:40:00,5880.5550
2025-03-22 20:41:00,5886.5933
2025-03-22 20:42:00,5886.2269
2025-03-22 20:43:00,5882.5038
2025-03-22 20:44:00,5885.7740
2025-03-22 20:45:00,5879.8436
2025-03-22 20:46:00,5876.2348
2025-03-22 20:47:00,5880.7232
2025-03-22 20:48:00,5879.1681
2025-03-22 20:49:00,5871.3728
2025-03-22 20:50:00,5871.4476
2025-03-22 20:51:00,5884.3743
2025-03-22 20:52:00,5884.4448
2025-03-22 20:53:00,5879.7289
2025-03-22 20:54:00,5885.2205
2025-03-22 20:55:00,5885.6894
2025-03-22 20:56:00,5885.9329
2025-03-22 20:57:00,5885.9742
2025-03-22 20:58:00,5886.0576
2025-03-22 20:59:00,5886.4585
2025-03-22 21:00:00,5880.1316
2025-03-22 21:01:00,5878.8791
2025-03-22 21:02:00,5886.5463
2025-03-22 21:03:00,5886.6352
2025-03-22 21:04:00,5886.7251
2025-03-22 21:05:00,5871.6492
2025-03-22 21:06:00,5880.6278
2025-03-22 21:07:00,5886.8639
2025-03-22 21:08:00,5871.6861
2025-03-22 21:09:00,5879.2485
2025-03-22 21:10:00,5871.7859
2025-03-22 21:11:00,5887.8907
2025-03-22 21:12:00,5871.8750
2025-03-22 21:13:00,5883.6975
2025-03-22 21:14:00,5888.2641
2025-03-22 21:15:00,5881.2585
2025-03-22 21:16:00,5879.5164
2025-03-22 21:17:00,5871.9246
2025-03-22 21:18:00,5883.7710
2025-03-22 21:19:00,5883.7342
2025-03-22 21:20:00,5840.6873
2025-03-22 21:21:00,5881.2835
2025-03-22 21:22:00,5881.3086
2025-03-22 21:23:00,5871.9583
2025-03-22 21:24:00,5871.9414
2025-03-22 21:25:00,5888.3739
2025-03-22 21:26:00,5888.4852
2025-03-22 21:27:00,5871.8999
2025-03-22 21:28:00,5881.2585
2025-03-22 21:29:00,5881.3687
2025-03-22 21:30:00,5871.9083
2025-03-22 21:31:00,5871.9330
2025-03-22 21:32:00,5879.6247
2025-03-22 21:33:00,5883.6192
2025-03-22 21:34:00,5881.0624
2025-03-22 21:35:00,5871.8017
2025-03-22 21:36:00,5887.7358
2025-03-22 21:37:00,5880.9745
2025-03-22 21:38:00,5881.1749
2025-03-22 21:39:00,5883.0010
2025-03-22 21:40:00,5880.8458
2025-03-22 21:41:00,5886.9367
2025-03-22 21:42:00,5885.9486
2025-03-22 21:43:00,5885.8102
2025-03-22 21:44:00,5879.9830
2025-03-22 21:45:00,5871.3453
2025-03-22 21:46:00,5881.9368
2025-03-22 21:47:00,5885.6039
2025-03-22 21:48:00,5886.0154
2025-03-22 21:49:00,5882.2012
2025-03-22 21:50:00,5880.3653
2025-03-22 21:51:00,5886.4004
2025-03-22 21:52:00,5880.3866
2025-03-22 21:53:00,5839.7180
2025-03-22 21:54:00,5882.3337
2025-03-22 21:55:00,5882.4345
2025-03-22 21:56:00,5880.3438
2025-03-22 21:57:00,5839.9626
2025-03-22 21:58:00,5839.5683
2025-03-22 21:59:00,5886.7307
2025-03-22 22:00:00,5871.6712
2025-03-22 22:01:00,5887.1427
2025-03-22 22:02:00,5883.0287
2025-03-22 22:03:00,5887.2385
2025-03-22 22:04:00,5887.0098
2025-03-22 22:05:00,5871.4631
2025-03-22 22:06:00,5883.2315
2025-03-22 22:07:00,5871.7623
2025-03-22 22:08:00,5840.3825
2025-03-22 22:09:00,5887.7872
2025-03-22 22:10:00,5880.9431
2025-03-22 22:11:00,5871.7780
2025-03-22 22:12:00,5880.9984
2025-03-22 22:13:00,5887.7872
2025-03-22 22:14:00,5887.7357
2025-03-22 22:15:00,5871.7702
2025-03-22 22:16:00,5871.7859
2025-03-22 22:17:00,5887.8390
2025-03-22 22:18:00,5887.8911
2025-03-22 22:19:00,5883.4051
2025-03-22 22:20:00,5840.3201
2025-03-22 22:21:00,5887.2991
2025-03-22 22:22:00,5887.7357
2025-03-22 22:23:00,5880.9745
2025-03-22 22:24:00,5887.8390
2025-03-22 22:25:00,5887.7357
2025-03-22 22:26:00,5887.8911
2025-03-22 22:27:00,5887.7872
2025-03-22 22:28:00,5887.7357
2025-03-22 22:29:00,5880.9745
2025-03-22 22:30:00,5871.7859
2025-03-22 22:31:00,5840.3201
2025-03-22 22:32:00,5887.8390
2025-03-22 22:33:00,5887.7872
2025-03-22 22:34:00,5879.8760
2025-03-22 22:35:00,5877.7577
2025-03-22 22:36:00,5882.6964
2025-03-22 22:37:00,5877.6742
2025-03-22 22:38:00,5870.3069
2025-03-22 22:39:00,5879.5047
2025-03-22 22:40:00,5882.4637
2025-03-22 22:41:00,5878.0866
2025-03-22 22:42:00,5882.5900
2025-03-22 22:43:00,5871.4988
2025-03-22 22:44:00,5882.6927
2025-03-22 22:45:00,5877.8286
2025-03-22 22:46:00,5870.1466
2025-03-22 22:47:00,5877.4902
2025-03-22 22:48:00,5878.1116
2025-03-22 22:49:00,5883.1743
2025-03-22 22:50:00,5870.3994
2025-03-22 22:51:00,5883.3413
2025-03-22 22:52:00,5883.3132
2025-03-22 22:53:00,5870.4248
2025-03-22 22:54:00,5880.2779
2025-03-22 22:55:00,5870.4421
2025-03-22 22:56:00,5883.4836
2025-03-22 22:57:00,5880.3636
2025-03-22 22:58:00,5840.4347
2025-03-22 22:59:00,5870.4911
2025-03-22 23:00:00,5872.0034
2025-03-22 23:01:00,5840.9630
2025-03-22 23:02:00,5879.9549
2025-03-22 23:03:00,5889.6938
2025-03-22 23:04:00,5889.6938
2025-03-22 23:05:00,5872.1089
2025-03-22 23:06:00,5889.6237
2025-03-22 23:07:00,5872.0997
2025-03-22 23:08:00,5872.1274
2025-03-22 23:09:00,5880.0794
2025-03-22 23:10:00,5889.8842
2025-03-22 23:11:00,5881.8888
2025-03-22 23:12:00,5881.9723
2025-03-22 23:13:00,5872.1507
2025-03-22 23:14:00,5890.0174
2025-03-22 23:15:00,5878.8680
2025-03-22 23:16:00,5878.8683
2025-03-22 23:17:00,5880.3010
2025-03-22 23:18:00,5883.5480
2025-03-22 23:19:00,5880.3226
2025-03-22 23:20:00,5883.4910
2025-03-22 23:21:00,5883.3706
2025-03-22 23:22:00,5878.8391
2025-03-22 23:23:00,5883.2897
2025-03-22 23:24:00,5871.0654
2025-03-22 23:25:00,5877.5752
2025-03-22 23:26:00,5883.2495
2025-03-22 23:27:00,5883.2897
2025-03-22 23:28:00,5870.8644
2025-03-22 23:29:00,5880.0148
2025-03-22 23:30:00,5883.1696
2025-03-22 23:31:00,5871.0306
2025-03-22 23:32:00,5884.7196
2025-03-22 23:33:00,5871.9332
2025-03-22 23:34:00,5889.7630
2025-03-22 23:35:00,5871.7403
2025-03-22 23:36:00,5889.5598
2025-03-22 23:37:00,5881.7081
2025-03-22 23:38:00,5881.5079
2025-03-22 23:39:00,5884.1899
2025-03-22 23:40:00,5879.6605
2025-03-22 23:41:00,5888.9628
2025-03-22 23:42:00,5888.9322
2025-03-22 23:43:00,5881.1159
2025-03-22 23:44:00,5881.0730
2025-03-22 23:45:00,5880.9878
2025-03-22 23:46:00,5879.3830
2025-03-22 23:47:00,5883.5534
2025-03-22 23:48:00,5880.8295
2025-03-22 23:49:00,5888.0493
2025-03-22 23:50:00,5883.2796
2025-03-22 23:51:00,5883.2796
2025-03-22 23:52:00,5887.2084
2025-03-22 23:53:00,5870.9054
2025-03-22 23:54:00,5870.9215
2025-03-22 23:55:00,5887.1426
2025-03-22 23:56:00,5880.3418
2025-03-22 23:57:00,5880.6059
2025-03-22 23:58:00,5859.2787
2025-03-22 23:59:00,5886.1457
2025-03-23 00:00:00,5870.6838
2025-03-23 00:01:00,5870.7202
2025-03-23 00:02:00,5881.9505
2025-03-23 00:03:00,5885.7120
2025-03-23 00:04:00,5885.6071
2025-03-23 00:05:00,5880.5904
2025-03-23 00:06:00,5871.2955
2025-03-23 00:07:00,5870.8313
2025-03-23 00:08:00,5880.5915
2025-03-23 00:09:00,5870.8501
2025-03-23 00:10:00,5885.5037
2025-03-23 00:11:00,5885.6071
2025-03-23 00:12:00,5881.9369
2025-03-23 00:13:00,5870.9259
2025-03-23 00:14:00,5885.6577
2025-03-23 00:15:00,5885.2514
2025-03-23 00:16:00,5859.9836
2025-03-23 00:17:00,5881.8050
2025-03-23 00:18:00,5885.4025
2025-03-23 00:19:00,5885.4025
2025-03-23 00:20:00,5881.7098
2025-03-23 00:21:00,5881.7098
2025-03-23 00:22:00,5885.5646
2025-03-23 00:23:00,5880.6129
2025-03-23 00:24:00,5860.9501
2025-03-23 00:25:00,5881.5002
2025-03-23 00:26:00,5884.6824
2025-03-23 00:27:00,5884.6373
2025-03-23 00:28:00,5884.4605
2025-03-23 00:29:00,5884.7381
2025-03-23 00:30:00,5881.0151
2025-03-23 00:31:00,5880.2824
2025-03-23 00:32:00,5877.5279
2025-03-23 00:33:00,5884.0640
2025-03-23 00:34:00,5884.0838
2025-03-23 00:35:00,5879.8578
2025-03-23 00:36:00,5880.3198
2025-03-23 00:37:00,5883.7467
2025-03-23 00:38:00,5880.3266
2025-03-23 00:39:00,5880.8056
2025-03-23 00:40:00,5880.7841
2025-03-23 00:41:00,5883.8871
2025-03-23 00:42:00,5883.7851
2025-03-23 00:43:00,5871.5751
2025-03-23 00:44:00,5881.0212
2025-03-23 00:45:00,5883.7085
2025-03-23 00:46:00,5871.5966
2025-03-23 00:47:00,5880.5428
2025-03-23 00:48:00,5880.9178
2025-03-23 00:49:00,5883.5916
2025-03-23 00:50:00,5880.6383
2025-03-23 00:51:00,5879.6003
2025-03-23 00:52:00,5879.5419
2025-03-23 00:53:00,5879.3996
2025-03-23 00:54:00,5872.1325
2025-03-23 00:55:00,5880.1381
2025-03-23 00:56:00,5880.1276
2025-03-23 00:57:00,5882.6756
2025-03-23 00:58:00,5872.2105
2025-03-23 00:59:00,5880.1276
2025-03-23 01:00:00,5879.0598
2025-03-23 01:01:00,5877.1613
2025-03-23 01:02:00,5880.1839
2025-03-23 01:03:00,5879.6210
2025-03-23 01:04:00,5877.2893
2025-03-23 01:05:00,5879.7465
2025-03-23 01:06:00,5862.0932
2025-03-23 01:07:00,5870.4868
2025-03-23 01:08:00,5878.0806
2025-03-23 01:09:00,5870.6386
2025-03-23 01:10:00,5878.1051
2025-03-23 01:11:00,5884.7149
2025-03-23 01:12:00,5880.8423
2025-03-23 01:13:00,5871.3228
2025-03-23 01:14:00,5884.7355
2025-03-23 01:15:00,5882.0274
2025-03-23 01:16:00,5871.8529
2025-03-23 01:17:00,5882.5582
2025-03-23 01:18:00,5879.8180
2025-03-23 01:19:00,5879.8519
2025-03-23 01:20:00,5879.5774
2025-03-23 01:21:00,5878.9454
2025-03-23 01:22:00,5881.5240
2025-03-23 01:23:00,5880.8150
2025-03-23 01:24:00,5839.1280
2025-03-23 01:25:00,5878.7149
2025-03-23 01:26:00,5878.8949
2025-03-23 01:27:00,5878.8377
2025-03-23 01:28:00,5880.6380
2025-03-23 01:29:00,5882.3610
2025-03-23 01:30:00,5871.2748
2025-03-23 01:31:00,5871.3003
2025-03-23 01:32:00,5876.6540
2025-03-23 01:33:00,5879.6345
2025-03-23 01:34:00,5873.4826
2025-03-23 01:35:00,5882.1370
2025-03-23 01:36:00,5882.2645
2025-03-23 01:37:00,5870.8305
2025-03-23 01:38:00,5879.3111
2025-03-23 01:39:00,5870.8923
2025-03-23 01:40:00,5875.2808
2025-03-23 01:41:00,5879.4301
2025-03-23 01:42:00,5879.8541
2025-03-23 01:43:00,5878.3514
2025-03-23 01:44:00,5879.4707
2025-03-23 01:45:00,5870.9151
2025-03-23 01:46:00,5870.8654
2025-03-23 01:47:00,5877.1557
2025-03-23 01:48:00,5879.9171
2025-03-23 01:49:00,5882.8345
2025-03-23 01:50:00,5879.7713
2025-03-23 01:51:00,5870.9430
2025-03-23 01:52:00,5878.9337
2025-03-23 01:53:00,5871.0748
2025-03-23 01:54:00,5870.8871
2025-03-23 01:55:00,5877.9483
2025-03-23 01:56:00,5884.6536
2025-03-23 01:57:00,5885.0532
2025-03-23 01:58:00,5869.9691
2025-03-23 01:59:00,5881.8546
2025-03-23 02:00:00,5881.8643
2025-03-23 02:01:00,5877.1611
2025-03-23 02:02:00,5879.1381
2025-03-23 02:03:00,5881.9955
2025-03-23 02:04:00,5877.3272
2025-03-23 02:05:00,5882.1823
2025-03-23 02:06:00,5869.9457
2025-03-23 02:07:00,5880.0195
2025-03-23 02:08:00,5881.9269
2025-03-23 02:09:00,5869.8766
2025-03-23 02:10:00,5877.0255
2025-03-23 02:11:00,5881.6986
2025-03-23 02:12:00,5877.0335
2025-03-23 02:13:00,5838.8668
2025-03-23 02:14:00,5878.9923
2025-03-23 02:15:00,5869.7586
2025-03-23 02:16:00,5869.9033
2025-03-23 02:17:00,5880.1963
2025-03-23 02:18:00,5877.6143
2025-03-23 02:19:00,5869.8757
2025-03-23 02:20:00,5869.8989
2025-03-23 02:21:00,5838.7631
2025-03-23 02:22:00,5880.2449
2025-03-23 02:23:00,5880.1902
2025-03-23 02:24:00,5871.0555
2025-03-23 02:25:00,5880.8132
2025-03-23 02:26:00,5879.1991
2025-03-23 02:27:00,5884.5496
2025-03-23 02:28:00,5838.7152
2025-03-23 02:29:00,5884.8719
2025-03-23 02:30:00,5884.8007
2025-03-23 02:31:00,5884.6602
2025-03-23 02:32:00,5878.1180
2025-03-23 02:33:00,5885.1371
2025-03-23 02:34:00,5879.6155
2025-03-23 02:35:00,5881.5408
2025-03-23 02:36:00,5869.9814
2025-03-23 02:37:00,5881.7323
2025-03-23 02:38:00,5885.7096
2025-03-23 02:39:00,5878.6136
2025-03-23 02:40:00,5881.9246
2025-03-23 02:41:00,5882.0100
2025-03-23 02:42:00,5885.7493
2025-03-23 02:43:00,5885.7493
2025-03-23 02:44:00,5881.9246
2025-03-23 02:45:00,5881.8964
2025-03-23 02:46:00,5871.4495
2025-03-23 02:47:00,5881.5679
2025-03-23 02:48:00,5885.6700
2025-03-23 02:49:00,5885.6700
2025-03-23 02:50:00,5885.6700
2025-03-23 02:51:00,5879.7691
2025-03-23 02:52:00,5885.5462
2025-03-23 02:53:00,5871.2391
2025-03-23 02:54:00,5871.2330
2025-03-23 02:55:00,5885.5855
2025-03-23 02:56:00,5885.8698
2025-03-23 02:57:00,5871.2269
2025-03-23 02:58:00,5879.8673
2025-03-23 02:59:00,5885.5071
2025-03-23 03:00:00,5879.8872
2025-03-23 03:01:00,5871.2453
2025-03-23 03:02:00,5882.0965
2025-03-23 03:03:00,5885.9104
2025-03-23 03:04:00,5881.9814
2025-03-23 03:05:00,5881.9246
2025-03-23 03:06:00,5871.4365
2025-03-23 03:07:00,5885.4753
2025-03-23 03:08:00,5879.8154
2025-03-23 03:09:00,5879.7385
2025-03-23 03:10:00,5881.4086
2025-03-23 03:11:00,5881.2539
2025-03-23 03:12:00,5884.3203
2025-03-23 03:13:00,5838.9525
2025-03-23 03:14:00,5884.1886
2025-03-23 03:15:00,5871.2216
2025-03-23 03:16:00,5879.4462
2025-03-23 03:17:00,5884.4680
2025-03-23 03:18:00,5877.9628
2025-03-23 03:19:00,5879.3571
2025-03-23 03:20:00,5884.6950
2025-03-23 03:21:00,5871.3550
2025-03-23 03:22:00,5884.8719
2025-03-23 03:23:00,5879.7768
2025-03-23 03:24:00,5879.7960
2025-03-23 03:25:00,5885.2482
2025-03-23 03:26:00,5885.3231
2025-03-23 03:27:00,5885.3989
2025-03-23 03:28:00,5879.8933
2025-03-23 03:29:00,5885.5915
2025-03-23 03:30:00,5881.8964
2025-03-23 03:31:00,5885.7493
2025-03-23 03:32:00,5878.6298
2025-03-23 03:33:00,5885.8294
2025-03-23 03:34:00,5885.7536
2025-03-23 03:35:00,5880.0693
2025-03-23 03:36:00,5871.5213
2025-03-23 03:37:00,5839.5671
2025-03-23 03:38:00,5882.0610
2025-03-23 03:39:00,5871.5414
2025-03-23 03:40:00,5878.6259
2025-03-23 03:41:00,5881.9781
2025-03-23 03:42:00,5877.4904
2025-03-23 03:43:00,5882.0378
2025-03-23 03:44:00,5870.2289
2025-03-23 03:45:00,5870.2593
2025-03-23 03:46:00,5870.2289
2025-03-23 03:47:00,5882.0705
2025-03-23 03:48:00,5882.1407
2025-03-23 03:49:00,5882.1407
2025-03-23 03:50:00,5877.6568
2025-03-23 03:51:00,5762.5865
2025-03-23 03:52:00,5870.2992
2025-03-23 03:53:00,5839.8727
2025-03-23 03:54:00,5839.9874
2025-03-23 03:55:00,5882.5474
2025-03-23 03:56:00,5869.9996
2025-03-23 03:57:00,5870.0100
2025-03-23 03:58:00,5877.6376
2025-03-23 03:59:00,5764.0829
2025-03-23 04:00:00,5839.7235
2025-03-23 04:01:00,5764.2303
2025-03-23 04:02:00,5839.6728
2025-03-23 04:03:00,5869.9761
2025-03-23 04:04:00,5877.6456
2025-03-23 04:05:00,5869.9692
2025-03-23 04:06:00,5830.2715
2025-03-23 04:07:00,5871.0325
2025-03-23 04:08:00,5839.7506
2025-03-23 04:09:00,5839.8565
2025-03-23 04:10:00,5880.7244
2025-03-23 04:11:00,5871.5206
2025-03-23 04:12:00,5871.5353
2025-03-23 04:13:00,5880.8650
2025-03-23 04:14:00,5880.8888
2025-03-23 04:15:00,5871.5727
2025-03-23 04:16:00,5871.1044
2025-03-23 04:17:00,5830.2583
2025-03-23 04:18:00,5871.4279
2025-03-23 04:19:00,5880.9056
2025-03-23 04:20:00,5880.9548
2025-03-23 04:21:00,5871.4506
2025-03-23 04:22:00,5871.4430
2025-03-23 04:23:00,5881.0293
2025-03-23 04:24:00,5840.2537
2025-03-23 04:25:00,5888.5868
2025-03-23 04:26:00,5888.5301
2025-03-23 04:27:00,5888.7013
2025-03-23 04:28:00,5881.2330
2025-03-23 04:29:00,5881.2590
2025-03-23 04:30:00,5840.4457
2025-03-23 04:31:00,5871.5736
2025-03-23 04:32:00,5884.0636
2025-03-23 04:33:00,5881.2758
2025-03-23 04:34:00,5881.3640
2025-03-23 04:35:00,5881.3640
2025-03-23 04:36:00,5871.5691
2025-03-23 04:37:00,5889.1757
2025-03-23 04:38:00,5871.5856
2025-03-23 04:39:00,5840.4385
2025-03-23 04:40:00,5889.1757
2025-03-23 04:41:00,5871.6022
2025-03-23 04:42:00,5881.3905
2025-03-23 04:43:00,5840.4549
2025-03-23 04:44:00,5840.4712
2025-03-23 04:45:00,5881.5523
2025-03-23 04:46:00,5840.5521
2025-03-23 04:47:00,5889.9412
2025-03-23 04:48:00,5881.6905
2025-03-23 04:49:00,5881.5885
2025-03-23 04:50:00,5889.6723
2025-03-23 04:51:00,5840.2077
2025-03-23 04:52:00,5840.1534
2025-03-23 04:53:00,5871.2979
2025-03-23 04:54:00,5840.1615
2025-03-23 04:55:00,5840.0449
2025-03-23 04:56:00,5889.2942
2025-03-23 04:57:00,5881.1182
2025-03-23 04:58:00,5840.1615
2025-03-23 04:59:00,5840.0449
2025-03-23 05:00:00,5881.2517
2025-03-23 05:01:00,5881.2517
2025-03-23 05:02:00,5840.0992
2025-03-23 05:03:00,5889.1763
2025-03-23 05:04:00,5889.1030
2025-03-23 05:05:00,5881.2250
2025-03-23 05:06:00,5889.2198
2025-03-23 05:07:00,5888.9991
2025-03-23 05:08:00,5871.0694
2025-03-23 05:09:00,5871.0694
2025-03-23 05:10:00,5871.1525
2025-03-23 05:11:00,5884.1715
2025-03-23 05:12:00,5871.0206
2025-03-23 05:13:00,5839.7188
2025-03-23 05:14:00,5870.8743
2025-03-23 05:15:00,5870.8743
2025-03-23 05:16:00,5880.9146
2025-03-23 05:17:00,5870.7285
2025-03-23 05:18:00,5883.8703
2025-03-23 05:19:00,5880.7837
2025-03-23 05:20:00,5870.6315
2025-03-23 05:21:00,5880.6111
2025-03-23 05:22:00,5870.3899
2025-03-23 05:23:00,5839.1187
2025-03-23 05:24:00,5839.0640
2025-03-23 05:25:00,5887.8173
2025-03-23 05:26:00,5870.3364
2025-03-23 05:27:00,5880.4364
2025-03-23 05:28:00,5880.4364
2025-03-23 05:29:00,5870.3783
2025-03-23 05:30:00,5880.3719
2025-03-23 05:31:00,5880.4218
2025-03-23 05:32:00,5858.5148
2025-03-23 05:33:00,5887.1761
2025-03-23 05:34:00,5887.0846
2025-03-23 05:35:00,5870.5386
2025-03-23 05:36:00,5870.4822
2025-03-23 05:37:00,5858.8020
2025-03-23 05:38:00,5880.3875
2025-03-23 05:39:00,5860.1020
2025-03-23 05:40:00,5877.4543
2025-03-23 05:41:00,5869.4102
2025-03-23 05:42:00,5881.9351
2025-03-23 05:43:00,5869.5326
2025-03-23 05:44:00,5869.5326
2025-03-23 05:45:00,5881.6554
2025-03-23 05:46:00,5860.5425
2025-03-23 05:47:00,5881.5869
2025-03-23 05:48:00,5881.4854
2025-03-23 05:49:00,5881.4854
2025-03-23 05:50:00,5881.3520
2025-03-23 05:51:00,5869.7655
2025-03-23 05:52:00,5881.3520
2025-03-23 05:53:00,5869.7837
2025-03-23 05:54:00,5877.5927
2025-03-23 05:55:00,5877.5927
2025-03-23 05:56:00,5869.8385
2025-03-23 05:57:00,5881.0807
2025-03-23 05:58:00,5877.5351
2025-03-23 05:59:00,5860.9181
2025-03-23 06:00:00,5869.9123
2025-03-23 06:01:00,5869.8938
2025-03-23 06:02:00,5860.9494
2025-03-23 06:03:00,5881.1245
2025-03-23 06:04:00,5877.6146
2025-03-23 06:05:00,5877.6072
2025-03-23 06:06:00,5877.6146
2025-03-23 06:07:00,5881.1245
2025-03-23 06:08:00,5869.9494
2025-03-23 06:09:00,5869.9680
2025-03-23 06:10:00,5861.1677
2025-03-23 06:11:00,5880.9043
2025-03-23 06:12:00,5870.0806
2025-03-23 06:13:00,5877.8104
2025-03-23 06:14:00,5861.2952
2025-03-23 06:15:00,5871.8516
2025-03-23 06:16:00,5879.4526
2025-03-23 06:17:00,5871.9044
2025-03-23 06:18:00,5880.5221
2025-03-23 06:19:00,5883.3853
2025-03-23 06:20:00,5879.4769
2025-03-23 06:21:00,5883.2775
2025-03-23 06:22:00,5883.4162
2025-03-23 06:23:00,5883.6632
2025-03-23 06:24:00,5879.7273
2025-03-23 06:25:00,5880.8275
2025-03-23 06:26:00,5881.1025
2025-03-23 06:27:00,5871.4194
2025-03-23 06:28:00,5880.3923
2025-03-23 06:29:00,5880.3250
2025-03-23 06:30:00,5870.9015
2025-03-23 06:31:00,5871.0578
2025-03-23 06:32:00,5882.6421
2025-03-23 06:33:00,5880.5779
2025-03-23 06:34:00,5880.6610
2025-03-23 06:35:00,5888.6229
2025-03-23 06:36:00,5871.4606
2025-03-23 06:37:00,5885.8652
2025-03-23 06:38:00,5871.2184
2025-03-23 06:39:00,5838.7884
2025-03-23 06:40:00,5879.5951
2025-03-23 06:41:00,5871.0530
2025-03-23 06:42:00,5871.1083
2025-03-23 06:43:00,5871.0823
2025-03-23 06:44:00,5812.1818
2025-03-23 06:45:00,5871.0780
2025-03-23 06:46:00,5871.0522
2025-03-23 06:47:00,5839.1402
2025-03-23 06:48:00,5871.1756
2025-03-23 06:49:00,5871.0762
2025-03-23 06:50:00,5881.9154
2025-03-23 06:51:00,5878.8594
2025-03-23 06:52:00,5870.8771
2025-03-23 06:53:00,5870.7832
2025-03-23 06:54:00,5870.8340
2025-03-23 06:55:00,5812.1818
2025-03-23 06:56:00,5870.7832
2025-03-23 06:57:00,5870.8471
2025-03-23 06:58:00,5878.0396
2025-03-23 06:59:00,5812.1818
2025-03-23 07:00:00,5881.6869
2025-03-23 07:01:00,5870.8340
2025-03-23 07:02:00,5838.8698
2025-03-23 07:03:00,5870.9234
2025-03-23 07:04:00,5879.6629
2025-03-23 07:05:00,5870.7573
2025-03-23 07:06:00,5812.1818
2025-03-23 07:07:00,5870.8303
2025-03-23 07:08:00,5870.8733
2025-03-23 07:09:00,5870.8880
2025-03-23 07:10:00,5838.5871
2025-03-23 07:11:00,5880.4088
2025-03-23 07:12:00,5870.8921
2025-03-23 07:13:00,5870.9432
2025-03-23 07:14:00,5838.7237
2025-03-23 07:15:00,5879.4700
2025-03-23 07:16:00,5871.0799
2025-03-23 07:17:00,5838.6419
2025-03-23 07:18:00,5885.4590
2025-03-23 07:19:00,5870.8476
2025-03-23 07:20:00,5871.1333
2025-03-23 07:21:00,5812.1818
2025-03-23 07:22:00,5871.1584
2025-03-23 07:23:00,5812.1818
2025-03-23 07:24:00,5812.1818
2025-03-23 07:25:00,5812.1818
2025-03-23 07:26:00,5871.1584
2025-03-23 07:27:00,5870.9163
2025-03-23 07:28:00,5870.9281
2025-03-23 07:29:00,5812.1818
2025-03-23 07:30:00,5812.1818
2025-03-23 07:31:00,5839.0535
2025-03-23 07:32:00,5838.8214
2025-03-23 07:33:00,5870.8644
2025-03-23 07:34:00,5838.7621
2025-03-23 07:35:00,5870.5895
2025-03-23 07:36:00,5878.5102
2025-03-23 07:37:00,5838.8094
2025-03-23 07:38:00,5812.1818
2025-03-23 07:39:00,5812.1818
2025-03-23 07:40:00,5812.1818
2025-03-23 07:41:00,5878.2042
2025-03-23 07:42:00,5838.8489
2025-03-23 07:43:00,5754.8707
2025-03-23 07:44:00,5812.1818
2025-03-23 07:45:00,5870.9412
2025-03-23 07:46:00,5838.8129
2025-03-23 07:47:00,5838.6094
2025-03-23 07:48:00,5883.6555
2025-03-23 07:49:00,5870.8637
2025-03-23 07:50:00,5878.9417
2025-03-23 07:51:00,5870.8733
2025-03-23 07:52:00,5812.1818
2025-03-23 07:53:00,5870.9228
2025-03-23 07:54:00,5838.5431
2025-03-23 07:55:00,5812.1818
2025-03-23 07:56:00,5884.4333
2025-03-23 07:57:00,5870.5928
2025-03-23 07:58:00,5879.2301
2025-03-23 07:59:00,5838.6014
2025-03-23 08:00:00,5870.7101
2025-03-23 08:01:00,5838.6317
2025-03-23 08:02:00,5838.8802
2025-03-23 08:03:00,5870.8815
2025-03-23 08:04:00,5879.7477
2025-03-23 08:05:00,5838.9578
2025-03-23 08:06:00,5839.3238
2025-03-23 08:07:00,5870.8930
2025-03-23 08:08:00,5870.8815
2025-03-23 08:09:00,5870.8758
2025-03-23 08:10:00,5838.8802
2025-03-23 08:11:00,5885.7754
2025-03-23 08:12:00,5870.8758
2025-03-23 08:13:00,5838.9192
2025-03-23 08:14:00,5838.9192
2025-03-23 08:15:00,5870.7422
2025-03-23 08:16:00,5812.1818
2025-03-23 08:17:00,5838.7819
2025-03-23 08:18:00,5885.5368
2025-03-23 08:19:00,5870.7154
2025-03-23 08:20:00,5879.4562
2025-03-23 08:21:00,5870.6656
2025-03-23 08:22:00,5879.7167
2025-03-23 08:23:00,5838.3750
2025-03-23 08:24:00,5838.8311
2025-03-23 08:25:00,5812.1818
2025-03-23 08:26:00,5884.9657
2025-03-23 08:27:00,5871.0606
2025-03-23 08:28:00,5871.0440
2025-03-23 08:29:00,5812.1818
2025-03-23 08:30:00,5812.1818
2025-03-23 08:31:00,5878.7378
2025-03-23 08:32:00,5838.7784
2025-03-23 08:33:00,5870.8351
2025-03-23 08:34:00,5870.7842
2025-03-23 08:35:00,5878.5415
2025-03-23 08:36:00,5878.5110
2025-03-23 08:37:00,5870.7441
2025-03-23 08:38:00,5838.6553
2025-03-23 08:39:00,5838.6527
2025-03-23 08:40:00,5882.6340
2025-03-23 08:41:00,5870.8025
2025-03-23 08:42:00,5878.6968
2025-03-23 08:43:00,5878.7126
2025-03-23 08:44:00,5812.1818
2025-03-23 08:45:00,5812.1818
2025-03-23 08:46:00,5838.5928
2025-03-23 08:47:00,5812.1818
2025-03-23 08:48:00,5812.1818
2025-03-23 08:49:00,5870.8589
2025-03-23 08:50:00,5878.9251
2025-03-23 08:51:00,5870.8831
2025-03-23 08:52:00,5812.1818
2025-03-23 08:53:00,5870.9078
2025-03-23 08:54:00,5838.5431
2025-03-23 08:55:00,5838.1282
2025-03-23 08:56:00,5878.8915
2025-03-23 08:57:00,5870.5658
2025-03-23 08:58:00,5870.5753
2025-03-23 08:59:00,5878.9435
2025-03-23 09:00:00,5878.9609
2025-03-23 09:01:00,5870.5753
2025-03-23 09:02:00,5838.3105
2025-03-23 09:03:00,5812.1818
2025-03-23 09:04:00,5878.9435
2025-03-23 09:05:00,5870.5705
2025-03-23 09:06:00,5870.5800
2025-03-23 09:07:00,5870.5603
2025-03-23 09:08:00,5879.0136
2025-03-23 09:09:00,5838.2965
2025-03-23 09:10:00,5838.2965
2025-03-23 09:11:00,5884.3713
2025-03-23 09:12:00,5870.5753
2025-03-23 09:13:00,5838.3036
2025-03-23 09:14:00,5838.3036
2025-03-23 09:15:00,5838.1098
2025-03-23 09:16:00,5838.3105
2025-03-23 09:17:00,5812.1818
2025-03-23 09:18:00,5838.1060
2025-03-23 09:19:00,5870.5512
2025-03-23 09:20:00,5838.0985
2025-03-23 09:21:00,5871.0181
2025-03-23 09:22:00,5812.1818
2025-03-23 09:23:00,5812.1818
2025-03-23 09:24:00,5838.2859
2025-03-23 09:25:00,5878.9435
2025-03-23 09:26:00,5884.1398
2025-03-23 09:27:00,5838.3412
2025-03-23 09:28:00,5870.9328
2025-03-23 09:29:00,5838.3379
2025-03-23 09:30:00,5838.7597
2025-03-23 09:31:00,5838.5550
2025-03-23 09:32:00,5812.1818
2025-03-23 09:33:00,5879.0761
2025-03-23 09:34:00,5812.1818
2025-03-23 09:35:00,5838.5340
2025-03-23 09:36:00,5870.9586
2025-03-23 09:37:00,5812.1818
2025-03-23 09:38:00,5870.5695
2025-03-23 09:39:00,5812.1818
2025-03-23 09:40:00,5812.1818
2025-03-23 09:41:00,5884.5413
2025-03-23 09:42:00,5812.1818
2025-03-23 09:43:00,5838.2644
2025-03-23 09:44:00,5812.1818
2025-03-23 09:45:00,5812.1818
2025-03-23 09:46:00,5838.4992
2025-03-23 09:47:00,5812.1818
2025-03-23 09:48:00,5812.1818
2025-03-23 09:49:00,5870.8091
2025-03-23 09:50:00,5870.8255
2025-03-23 09:51:00,5838.7031
2025-03-23 09:52:00,5762.3190
2025-03-23 09:53:00,5869.6578
2025-03-23 09:54:00,5838.5823
2025-03-23 09:55:00,5767.8273
2025-03-23 09:56:00,5877.0221
2025-03-23 09:57:00,5838.7716
2025-03-23 09:58:00,5869.6632
2025-03-23 09:59:00,5877.0594
2025-03-23 10:00:00,5838.8225
2025-03-23 10:01:00,5838.7545
2025-03-23 10:02:00,5838.6663
2025-03-23 10:03:00,5762.7991
2025-03-23 10:04:00,5869.6687
2025-03-23 10:05:00,5838.8394
2025-03-23 10:06:00,5869.6715
2025-03-23 10:07:00,5838.6496
2025-03-23 10:08:00,5869.6632
2025-03-23 10:09:00,5838.8056
2025-03-23 10:10:00,5762.6612
2025-03-23 10:11:00,5881.6860
2025-03-23 10:12:00,5869.6715
2025-03-23 10:13:00,5869.5673
2025-03-23 10:14:00,5838.8563
2025-03-23 10:15:00,5879.6524
2025-03-23 10:16:00,5870.7695
2025-03-23 10:17:00,5812.1818
2025-03-23 10:18:00,5886.0217
2025-03-23 10:19:00,5839.0345
2025-03-23 10:20:00,5839.0535
2025-03-23 10:21:00,5870.8988
2025-03-23 10:22:00,5838.9578
2025-03-23 10:23:00,5838.9771
2025-03-23 10:24:00,5838.9771
2025-03-23 10:25:00,5879.7883
2025-03-23 10:26:00,5879.8291
2025-03-23 10:27:00,5870.9046
2025-03-23 10:28:00,5838.8224
2025-03-23 10:29:00,5812.1818
2025-03-23 10:30:00,5812.1818
2025-03-23 10:31:00,5838.9155
2025-03-23 10:32:00,5838.9155
2025-03-23 10:33:00,5812.1818
2025-03-23 10:34:00,5886.1057
2025-03-23 10:35:00,5880.0169
2025-03-23 10:36:00,5838.9707
2025-03-23 10:37:00,5812.1818
2025-03-23 10:38:00,5870.8492
2025-03-23 10:39:00,5812.1818
2025-03-23 10:40:00,5812.1818
2025-03-23 10:41:00,5870.8789
2025-03-23 10:42:00,5870.8789
2025-03-23 10:43:00,5870.8849
2025-03-23 10:44:00,5839.2814
2025-03-23 10:45:00,5764.7187
2025-03-23 10:46:00,5839.4216
2025-03-23 10:47:00,5839.4393
2025-03-23 10:48:00,5829.9212
2025-03-23 10:49:00,5880.3676
2025-03-23 10:50:00,5871.0844
2025-03-23 10:51:00,5871.0648
2025-03-23 10:52:00,5829.9133
2025-03-23 10:53:00,5829.9169
2025-03-23 10:54:00,5839.5273
2025-03-23 10:55:00,5839.5447
2025-03-23 10:56:00,5812.1818
2025-03-23 10:57:00,5839.5447
2025-03-23 10:58:00,5830.2658
2025-03-23 10:59:00,5812.1818
2025-03-23 11:00:00,5871.1111
2025-03-23 11:01:00,5839.6136
2025-03-23 11:02:00,5839.6136
2025-03-23 11:03:00,5829.9066
2025-03-23 11:04:00,5880.5986
2025-03-23 11:05:00,5839.6307
2025-03-23 11:06:00,5871.1451
2025-03-23 11:07:00,5871.1383
2025-03-23 11:08:00,5871.1451
2025-03-23 11:09:00,5871.1590
2025-03-23 11:10:00,5829.8810
2025-03-23 11:11:52,5839.7485
2025-03-23 11:12:00,5839.7485
2025-03-23 11:12:01,0.0000
2025-03-23 11:13:00,0.0000
2025-03-23 11:13:02,0.0000
2025-03-23 11:14:00,0.0000
2025-03-23 11:15:00,0.0000
2025-03-23 11:15:31,0.0000
2025-03-23 11:16:00,0.0000
2025-03-23 11:17:00,0.0000
2025-03-23 11:18:00,0.0000
2025-03-23 11:19:00,0.0000
2025-03-23 11:20:00,0.0000
2025-03-23 11:21:00,0.0000
2025-03-23 11:22:00,0.0000
2025-03-23 11:23:00,0.0000
2025-03-23 11:24:00,0.0000
2025-03-23 11:25:00,0.0000
2025-03-23 11:25:30,0.0000
2025-03-23 11:26:00,0.0000
2025-03-23 11:27:00,0.0000
2025-03-23 11:28:00,0.0000
2025-03-23 11:29:00,0.0000
2025-03-23 11:30:00,0.0000
2025-03-23 11:31:00,0.0000
2025-03-23 11:32:00,0.0000
2025-03-23 11:33:00,0.0000
2025-03-23 11:34:00,0.0000
2025-03-23 11:35:00,0.0000
2025-03-23 11:36:00,0.0000
2025-03-23 11:37:00,0.0000
2025-03-23 11:38:00,0.0000
2025-03-23 11:39:00,0.0000
2025-03-23 11:40:00,0.0000
2025-03-23 11:41:00,0.0000
2025-03-23 11:42:00,0.0000
2025-03-23 11:43:00,0.0000
2025-03-23 11:44:00,0.0000
2025-03-23 11:45:00,0.0000
2025-03-23 11:46:00,0.0000
2025-03-23 11:47:00,0.0000
2025-03-23 11:48:00,0.0000
2025-03-23 11:50:00,0.0000
2025-03-23 11:51:00,0.0000
2025-03-23 11:51:07,0.0000
2025-03-23 11:51:08,0.0000
2025-03-23 11:51:30,0.0000
2025-03-23 11:52:00,0.0000
2025-03-23 11:55:00,0.0000
2025-03-23 11:55:01,631.1003
2025-03-23 11:55:02,631.1003
2025-03-23 11:56:00,309.1909
2025-03-23 11:56:02,247.2103
2025-03-23 11:57:00,185.4866
2025-03-23 11:58:00,239.1304
2025-03-23 11:59:00,239.1304
2025-03-23 12:00:00,239.1304
2025-03-23 12:01:00,239.1304
2025-03-23 12:02:00,239.1304
2025-03-23 12:03:00,239.1304
2025-03-23 12:04:00,239.1304
2025-03-23 12:05:00,239.1304
2025-03-23 12:06:00,239.1304
2025-03-23 12:07:00,239.1304
2025-03-23 12:08:00,239.1304
2025-03-23 12:09:00,239.1304
2025-03-23 12:10:00,239.1304
2025-03-23 12:10:02,0.0000
2025-03-23 12:11:00,0.0000
2025-03-23 12:12:00,0.0000
2025-03-23 12:18:50,0.0000
2025-03-23 12:19:00,0.0000
2025-03-23 12:20:00,0.0000
2025-03-23 12:20:02,0.0000
2025-03-23 12:20:31,239.1304
2025-03-23 12:21:00,239.1304
2025-03-23 12:22:00,239.1304
2025-03-23 12:23:00,239.1304
2025-03-23 12:24:00,239.1304
2025-03-23 12:27:54,0.0000
2025-03-23 12:28:00,0.0000
2025-03-23 12:28:02,0.0000
2025-03-23 12:29:00,0.0000
2025-03-23 12:29:02,0.0000
2025-03-23 12:30:00,0.0000
2025-03-23 12:30:30,629.2073
2025-03-23 12:31:00,361.6378
2025-03-23 12:31:01,1753.2802
2025-03-23 12:32:00,3667.7549
2025-03-23 12:33:00,5684.9906
2025-03-23 12:34:00,6448.0841
2025-03-23 12:34:02,5525.4738
2025-03-23 12:35:00,3896.7175
2025-03-23 12:35:02,3434.4529
2025-03-23 12:36:00,5070.5136
2025-03-23 12:37:00,5838.2116
2025-03-23 12:38:00,5837.3684
2025-03-23 12:39:00,5837.0051
2025-03-23 12:40:00,5836.1376
2025-03-23 12:41:00,5835.3605
2025-03-23 12:42:00,5836.0277
2025-03-23 12:43:00,5834.8554
2025-03-23 12:44:00,5835.5527
2025-03-23 12:45:00,5834.7982
2025-03-23 12:45:02,5835.1769
2025-03-23 12:45:30,5836.2944
2025-03-23 12:46:00,5836.2944
2025-03-23 12:47:00,5836.5456
2025-03-23 12:48:00,5835.6545
2025-03-23 12:49:00,5837.9866
2025-03-23 12:50:00,5837.8010
2025-03-23 12:51:00,5838.3861
2025-03-23 12:52:00,5838.2755
2025-03-23 12:53:00,5838.4574
2025-03-23 12:54:00,5838.5093
2025-03-23 12:55:00,5838.4268
2025-03-23 12:56:00,5838.8426
2025-03-23 12:57:00,5839.0273
2025-03-23 12:58:00,5838.8712
2025-03-23 12:59:00,5838.9704
2025-03-23 13:00:00,5839.1456
2025-03-23 13:01:00,5839.4696
2025-03-23 13:02:00,5839.3844
2025-03-23 13:03:00,5839.2843
2025-03-23 13:04:00,5839.8276
2025-03-23 13:05:00,5839.6710
2025-03-23 13:06:00,5839.6065
2025-03-23 13:07:00,5840.0608
2025-03-23 13:08:00,5839.7914
2025-03-23 13:09:00,5839.8663
2025-03-23 13:10:00,5839.9583
2025-03-23 13:11:00,5840.0661
2025-03-23 13:12:00,5840.2910
2025-03-23 13:13:00,5840.1838
2025-03-23 13:14:00,5840.2917
2025-03-23 13:15:00,5840.3722
2025-03-23 13:16:00,5840.4434
2025-03-23 13:17:00,5840.5055
2025-03-23 13:18:00,5840.5850
2025-03-23 13:19:00,5865.0974
2025-03-23 13:20:00,5840.7253
2025-03-23 13:21:00,5841.4210
2025-03-23 13:22:00,5840.8298
2025-03-23 13:23:00,5865.0473
2025-03-23 13:24:00,5841.6217
2025-03-23 13:25:00,5841.6303
2025-03-23 13:26:00,5865.0693
2025-03-23 13:27:00,5841.1624
2025-03-23 13:28:00,5841.1259
2025-03-23 13:29:00,5841.8081
2025-03-23 13:30:00,5865.0295
2025-03-23 13:31:00,5841.2752
2025-03-23 13:32:00,5865.0152
2025-03-23 13:33:00,5842.0263
2025-03-23 13:34:00,5841.4571
2025-03-23 13:35:00,5842.1173
2025-03-23 13:36:00,5842.1751
2025-03-23 13:37:00,5841.5609
2025-03-23 13:38:00,5865.2171
2025-03-23 13:39:00,5841.6334
2025-03-23 13:40:00,5841.6663
2025-03-23 13:41:00,5864.5361
2025-03-23 13:42:00,5841.7307
2025-03-23 13:43:00,5865.1755
2025-03-23 13:44:00,5864.8904
2025-03-23 13:45:00,5864.8591
2025-03-23 13:46:00,5864.7322
2025-03-23 13:47:00,5864.3263
2025-03-23 13:48:00,5864.3004
2025-03-23 13:49:00,5841.9541
2025-03-23 13:50:00,5864.6856
2025-03-23 13:51:00,5863.7293
2025-03-23 13:52:00,5864.6653
2025-03-23 13:53:00,5864.2534
2025-03-23 13:54:00,5864.6373
2025-03-23 13:55:00,5864.1856
2025-03-23 13:56:00,5862.7900
2025-03-23 13:57:00,5862.7582
2025-03-23 13:58:00,5864.1577
2025-03-23 13:59:00,5864.1482
2025-03-23 14:00:00,5862.6934
2025-03-23 14:01:00,5864.1225
2025-03-23 14:02:00,5863.4642
2025-03-23 14:03:00,5863.4269
2025-03-23 14:04:00,5864.8575
2025-03-23 14:05:00,5864.0355
2025-03-23 14:06:00,5863.3794
2025-03-23 14:07:00,5863.3572
2025-03-23 14:08:00,5863.3551
2025-03-23 14:09:00,5863.9943
2025-03-23 14:10:00,5863.3306
2025-03-23 14:11:00,5862.3536
2025-03-23 14:12:00,5860.7527
2025-03-23 14:13:00,5863.9556
2025-03-23 14:14:00,5862.3079
2025-03-23 14:15:00,5860.7132
2025-03-23 14:16:00,5863.2839
2025-03-23 14:17:00,5863.2215
2025-03-23 14:18:00,5862.1855
2025-03-23 14:19:00,5863.8734
2025-03-23 14:20:00,5863.1421
2025-03-23 14:21:00,5862.0807
2025-03-23 14:22:00,5863.8253
2025-03-23 14:23:00,5861.8967
2025-03-23 14:24:00,5863.7382
2025-03-23 14:25:00,5859.6400
2025-03-23 14:26:00,5859.5495
2025-03-23 14:27:00,5863.6062
2025-03-23 14:28:00,5862.6961
2025-03-23 14:29:00,5862.6564
2025-03-23 14:30:00,5862.6376
2025-03-23 14:31:00,5862.5832
2025-03-23 14:32:00,5862.4908
2025-03-23 14:33:00,5860.9394
2025-03-23 14:34:00,5864.0001
2025-03-23 14:35:00,5862.3437
2025-03-23 14:36:00,5862.4788
2025-03-23 14:37:00,5863.6824
2025-03-23 14:38:00,5862.9096
2025-03-23 14:39:00,5864.3316
2025-03-23 14:40:00,5864.1720
2025-03-23 14:41:00,5863.7924
2025-03-23 14:42:00,5865.8327
2025-03-23 14:43:00,5865.8359
2025-03-23 14:44:00,5866.1731
2025-03-23 14:45:00,5866.1260
2025-03-23 14:46:00,5866.9133
2025-03-23 14:47:00,5867.2556
2025-03-23 14:48:00,5868.0141
2025-03-23 14:49:00,5867.8247
2025-03-23 14:50:00,5868.4148
2025-03-23 14:51:00,5869.0167
2025-03-23 14:52:00,5868.8437
2025-03-23 14:53:00,5873.0768
2025-03-23 14:54:00,5873.2118
2025-03-23 14:55:00,5871.5588
2025-03-23 14:56:00,5876.8173
2025-03-23 14:57:00,5876.7202
2025-03-23 14:58:00,5875.7117
2025-03-23 14:59:00,5873.1901
2025-03-23 15:00:00,5876.8565
2025-03-23 15:01:00,5872.4643
2025-03-23 15:02:00,5874.8299
2025-03-23 15:03:00,5874.6798
2025-03-23 15:04:00,5881.2185
2025-03-23 15:05:00,5873.1661
2025-03-23 15:06:00,5874.6677
2025-03-23 15:07:00,5874.5918
2025-03-23 15:08:00,5881.3230
2025-03-23 15:09:00,5874.4899
2025-03-23 15:10:00,5876.7232
2025-03-23 15:11:00,5876.6827
2025-03-23 15:12:00,5882.8664
2025-03-23 15:13:00,5874.4051
2025-03-23 15:14:00,5874.3360
2025-03-23 15:15:00,5876.4167
2025-03-23 15:16:00,5874.2247
2025-03-23 15:17:00,5876.3305
2025-03-23 15:18:00,5880.7587
2025-03-23 15:19:00,5882.2802
2025-03-23 15:20:00,5874.0981
2025-03-23 15:21:00,5876.2114
2025-03-23 15:22:00,5876.3015
2025-03-23 15:23:00,5882.2833
2025-03-23 15:24:00,5876.2774
2025-03-23 15:25:00,5876.1759
2025-03-23 15:26:00,5880.8821
2025-03-23 15:27:00,5876.1707
2025-03-23 15:28:00,5876.1814
2025-03-23 15:29:00,5876.1707
2025-03-23 15:30:00,5874.0127
2025-03-23 15:31:00,5876.1988
2025-03-23 15:32:00,5874.1089
2025-03-23 15:33:00,5876.3015
2025-03-23 15:34:00,5872.9361
2025-03-23 15:35:00,5872.8700
2025-03-23 15:36:00,5874.2622
2025-03-23 15:37:00,5874.2731
2025-03-23 15:38:00,5882.0482
2025-03-23 15:39:00,5876.1607
2025-03-23 15:40:00,5880.7140
2025-03-23 15:41:00,5880.6687
2025-03-23 15:42:00,5876.1814
2025-03-23 15:43:00,5876.1928
2025-03-23 15:44:00,5880.5121
2025-03-23 15:45:00,5876.3502
2025-03-23 15:46:00,5880.4334
2025-03-23 15:47:00,5876.3715
2025-03-23 15:48:00,5880.6148
2025-03-23 15:49:00,5882.3501
2025-03-23 15:50:00,5874.3438
2025-03-23 15:51:00,5880.5449
2025-03-23 15:52:00,5878.5097
2025-03-23 15:53:00,5882.4886
2025-03-23 15:54:00,5876.5554
2025-03-23 15:55:00,5880.4687
2025-03-23 15:56:00,5880.5602
2025-03-23 15:57:00,5883.4059
2025-03-23 15:58:00,5877.3158
2025-03-23 15:59:00,5880.9979
2025-03-23 16:00:00,5877.5383
2025-03-23 16:01:00,5884.5222
2025-03-23 16:02:00,5881.3289
2025-03-23 16:03:00,5884.5222
2025-03-23 16:04:00,5884.6850
2025-03-23 16:05:00,5875.5399
2025-03-23 16:06:00,5877.5443
2025-03-23 16:07:00,5884.3833
2025-03-23 16:08:00,5879.9984
2025-03-23 16:09:00,5881.2310
2025-03-23 16:10:00,5884.4627
2025-03-23 16:11:00,5883.9559
2025-03-23 16:12:00,5879.8947
2025-03-23 16:13:00,5881.1481
2025-03-23 16:14:00,5881.1481
2025-03-23 16:15:00,5877.5245
2025-03-23 16:16:00,5884.2596
2025-03-23 16:17:00,5881.2310
2025-03-23 16:18:00,5884.2990
2025-03-23 16:19:00,5879.7654
2025-03-23 16:20:00,5873.9676
2025-03-23 16:21:00,5880.8791
2025-03-23 16:22:00,5883.9559
2025-03-23 16:23:00,5881.0697
2025-03-23 16:24:00,5881.0697
2025-03-23 16:25:00,5881.1081
2025-03-23 16:26:00,5872.1771
2025-03-23 16:27:00,5877.3627
2025-03-23 16:28:00,5881.0212
2025-03-23 16:29:00,5880.9998
2025-03-23 16:30:00,5881.2552
2025-03-23 16:31:00,5884.5859
2025-03-23 16:32:00,5881.2779
2025-03-23 16:33:00,5881.2779
2025-03-23 16:34:00,5880.2354
2025-03-23 16:35:00,5877.7300
2025-03-23 16:36:00,5881.3969
2025-03-23 16:37:00,5884.9380
2025-03-23 16:38:00,5880.7755
2025-03-23 16:39:00,5877.8826
2025-03-23 16:40:00,5885.0300
2025-03-23 16:41:00,5885.1710
2025-03-23 16:42:00,5875.8206
2025-03-23 16:43:00,5878.1807
2025-03-23 16:44:00,5880.8409
2025-03-23 16:45:00,5878.2111
2025-03-23 16:46:00,5880.9002
2025-03-23 16:47:00,5880.8976
2025-03-23 16:48:00,5880.8976
2025-03-23 16:49:00,5878.2581
2025-03-23 16:50:00,5876.1974
2025-03-23 16:51:00,5878.5137
2025-03-23 16:52:00,5878.7125
2025-03-23 16:53:00,5881.5944
2025-03-23 16:54:00,5881.6612
2025-03-23 16:55:00,5878.1324
2025-03-23 16:56:00,5870.4401
2025-03-23 16:57:00,5870.3902
2025-03-23 16:58:00,5881.7967
2025-03-23 16:59:00,5879.0559
2025-03-23 17:00:00,5879.1109
2025-03-23 17:01:00,5870.3737
2025-03-23 17:02:00,5878.9770
2025-03-23 17:03:00,5881.9019
2025-03-23 17:04:00,5878.0780
2025-03-23 17:05:00,5879.0559
2025-03-23 17:06:00,5881.9347
2025-03-23 17:07:00,5881.9347
2025-03-23 17:08:00,5881.9347
2025-03-23 17:09:00,5879.0869
2025-03-23 17:10:00,5881.9696
2025-03-23 17:11:00,5882.0046
2025-03-23 17:12:00,5881.9019
2025-03-23 17:13:00,5883.0184
2025-03-23 17:14:00,5887.1141
2025-03-23 17:15:00,5882.8716
2025-03-23 17:16:00,5887.1141
2025-03-23 17:17:00,5887.1141
2025-03-23 17:18:00,5887.1141
2025-03-23 17:19:00,5880.3956
2025-03-23 17:20:00,5882.7483
2025-03-23 17:21:00,5886.8416
2025-03-23 17:22:00,5882.7251
2025-03-23 17:23:00,5882.7251
2025-03-23 17:24:00,5882.7663
2025-03-23 17:25:00,5887.0233
2025-03-23 17:26:00,5882.4815
2025-03-23 17:27:00,5878.8665
2025-03-23 17:28:00,5887.0846
2025-03-23 17:29:00,5882.8079
2025-03-23 17:30:00,5882.8079
2025-03-23 17:31:00,5880.3515
2025-03-23 17:32:00,5870.4126
2025-03-23 17:33:00,5880.3590
2025-03-23 17:34:00,5880.8457
2025-03-23 17:35:00,5883.3462
2025-03-23 17:36:00,5882.9775
2025-03-23 17:37:00,5887.4606
2025-03-23 17:38:00,5887.7822
2025-03-23 17:39:00,5888.1536
2025-03-23 17:40:00,5887.8836
2025-03-23 17:41:00,5870.2941
2025-03-23 17:42:00,5870.8648
2025-03-23 17:43:00,5887.5561
2025-03-23 17:44:00,5887.5246
2025-03-23 17:45:00,5887.5890
2025-03-23 17:46:00,5870.2941
2025-03-23 17:47:00,5888.1854
2025-03-23 17:48:00,5880.5120
2025-03-23 17:49:00,5880.5969
2025-03-23 17:50:00,5883.4712
2025-03-23 17:51:00,5870.4792
2025-03-23 17:52:00,5888.2211
2025-03-23 17:53:00,5870.5347
2025-03-23 17:54:00,5870.6315
2025-03-23 17:55:00,5880.8271
2025-03-23 17:56:00,5870.6227
2025-03-23 17:57:00,5870.6707
2025-03-23 17:58:00,5880.6824
2025-03-23 17:59:00,5888.1857
2025-03-23 18:00:00,5888.2539
2025-03-23 18:01:00,5870.5749
2025-03-23 18:02:00,5888.2211
2025-03-23 18:03:00,5880.8708
2025-03-23 18:04:00,5877.9218
2025-03-23 18:05:00,5879.5471
2025-03-23 18:06:00,5877.8371
2025-03-23 18:07:00,5877.8666
2025-03-23 18:08:00,5840.0769
2025-03-23 18:09:00,5870.0261
2025-03-23 18:10:00,5877.8920
2025-03-23 18:11:00,5882.5082
2025-03-23 18:12:00,5869.9916
2025-03-23 18:13:00,5879.4279
2025-03-23 18:14:00,5877.8920
2025-03-23 18:15:00,5877.7736
2025-03-23 18:16:00,5882.3971
2025-03-23 18:17:00,5882.4710
2025-03-23 18:18:00,5882.4710
2025-03-23 18:19:00,5877.9218
2025-03-23 18:20:00,5879.5171
2025-03-23 18:21:00,5877.9218
2025-03-23 18:22:00,5870.0268
2025-03-23 18:23:00,5839.9210
2025-03-23 18:24:00,5869.9571
2025-03-23 18:25:00,5882.4008
2025-03-23 18:26:00,5877.9259
2025-03-23 18:27:00,5870.0607
2025-03-23 18:28:00,5882.4377
2025-03-23 18:29:00,5882.5455
2025-03-23 18:30:00,5877.8962
2025-03-23 18:31:00,5882.6244
2025-03-23 18:32:00,5882.5119
2025-03-23 18:33:00,5840.0692
2025-03-23 18:34:00,5840.1547
2025-03-23 18:35:00,5882.8147
2025-03-23 18:36:00,5882.8532
2025-03-23 18:37:00,5870.3414
2025-03-23 18:38:00,5840.3041
2025-03-23 18:39:00,5840.3041
2025-03-23 18:40:00,5878.1928
2025-03-23 18:41:00,5840.0992
2025-03-23 18:42:00,5839.9906
2025-03-23 18:43:00,5881.2250
2025-03-23 18:44:00,5881.2699
2025-03-23 18:45:00,5881.2699
2025-03-23 18:46:00,5840.0449
2025-03-23 18:47:00,5871.1672
2025-03-23 18:48:00,5871.1672
2025-03-23 18:49:00,5839.8276
2025-03-23 18:50:00,5889.2942
2025-03-23 18:51:00,5889.2198
2025-03-23 18:52:00,5881.1802
2025-03-23 18:53:00,5840.0449
2025-03-23 18:54:00,5839.8820
2025-03-23 18:55:00,5871.0694
2025-03-23 18:56:00,5881.1182
2025-03-23 18:57:00,5871.1183
2025-03-23 18:58:00,5889.1458
2025-03-23 18:59:00,5889.1458
2025-03-23 19:00:00,5881.0467
2025-03-23 19:01:00,5829.5125
2025-03-23 19:02:00,5881.1356
2025-03-23 19:03:00,5871.0206
2025-03-23 19:04:00,5870.8743
2025-03-23 19:05:00,5839.7886
2025-03-23 19:06:00,5877.9159
2025-03-23 19:07:00,5869.5548
2025-03-23 19:08:00,5877.7567
2025-03-23 19:09:00,5839.5815
2025-03-23 19:10:00,5883.1899
2025-03-23 19:11:00,5869.4761
2025-03-23 19:12:00,5839.6752
2025-03-23 19:13:00,5883.2305
2025-03-23 19:14:00,5877.6574
2025-03-23 19:15:00,5883.2712
2025-03-23 19:16:00,5869.3994
2025-03-23 19:17:00,5883.2271
2025-03-23 19:18:00,5831.1837
2025-03-23 19:19:00,5877.6245
2025-03-23 19:20:00,5880.0265
2025-03-23 19:21:00,5883.1495
2025-03-23 19:22:00,5883.0692
2025-03-23 19:23:00,5839.5928
2025-03-23 19:24:00,5869.4786
2025-03-23 19:25:00,5877.6574
2025-03-23 19:26:00,5883.1495
2025-03-23 19:27:00,5839.6752
2025-03-23 19:28:00,5880.0810
2025-03-23 19:29:00,5883.0292
2025-03-23 19:30:00,5877.6245
2025-03-23 19:31:00,5869.4026
2025-03-23 19:32:00,5869.2508
2025-03-23 19:33:00,5869.2887
2025-03-23 19:34:00,5869.3646
2025-03-23 19:35:00,5883.1057
2025-03-23 19:36:00,5880.7403
2025-03-23 19:37:00,5880.6971
2025-03-23 19:38:00,5880.7403
2025-03-23 19:39:00,5880.7837
2025-03-23 19:40:00,5870.4864
2025-03-23 19:41:00,5839.1734
2025-03-23 19:42:00,5839.2827
2025-03-23 19:43:00,5888.0174
2025-03-23 19:44:00,5888.2211
2025-03-23 19:45:00,5880.5257
2025-03-23 19:46:00,5828.6489
2025-03-23 19:47:00,5860.8114
2025-03-23 19:48:00,5870.3528
2025-03-23 19:49:00,5870.3528
2025-03-23 19:50:00,5828.9798
2025-03-23 19:51:00,5880.3766
2025-03-23 19:52:00,5880.3719
2025-03-23 19:53:00,5887.3970
2025-03-23 19:54:00,5829.0303
2025-03-23 19:55:00,5870.4870
2025-03-23 19:56:00,5858.8115
2025-03-23 19:57:00,5858.6906
2025-03-23 19:58:00,5880.3590
2025-03-23 19:59:00,5887.0233
2025-03-23 20:00:00,5880.3390
2025-03-23 20:01:00,5858.9625
2025-03-23 20:02:00,5880.3364
2025-03-23 20:03:00,5870.6264
2025-03-23 20:04:00,5870.6086
2025-03-23 20:05:00,5886.3142
2025-03-23 20:06:00,5886.6046
2025-03-23 20:07:00,5880.1929
2025-03-23 20:08:00,5886.5462
2025-03-23 20:09:00,5880.3298
2025-03-23 20:10:00,5870.6800
2025-03-23 20:11:00,5870.6800
2025-03-23 20:12:00,5859.3719
2025-03-23 20:13:00,5882.2938
2025-03-23 20:14:00,5880.1897
2025-03-23 20:15:00,5870.7385
2025-03-23 20:16:00,5870.7569
2025-03-23 20:17:00,5885.7650
2025-03-23 20:18:00,5870.8451
2025-03-23 20:19:00,5870.8638
2025-03-23 20:20:00,5882.0060
2025-03-23 20:21:00,5880.3215
2025-03-23 20:22:00,5885.8759
2025-03-23 20:23:00,5870.4501
2025-03-23 20:24:00,5859.2438
2025-03-23 20:25:00,5879.9252
2025-03-23 20:26:00,5870.9396
2025-03-23 20:27:00,5860.0226
2025-03-23 20:28:00,5885.2085
2025-03-23 20:29:00,5870.5503
2025-03-23 20:30:00,5880.3439
2025-03-23 20:31:00,5860.5770
2025-03-23 20:32:00,5877.5201
2025-03-23 20:33:00,5877.5427
2025-03-23 20:34:00,5869.4615
2025-03-23 20:35:00,5870.7067
2025-03-23 20:36:00,5881.2785
2025-03-23 20:37:00,5879.9747
2025-03-23 20:38:00,5859.9299
2025-03-23 20:39:00,5860.0101
2025-03-23 20:40:00,5870.8831
2025-03-23 20:41:00,5860.3016
2025-03-23 20:42:00,5860.8738
2025-03-23 20:43:00,5883.8263
2025-03-23 20:44:00,5871.1137
2025-03-23 20:45:00,5879.9900
2025-03-23 20:46:00,5860.7734
2025-03-23 20:47:00,5830.1751
2025-03-23 20:48:00,5860.8126
2025-03-23 20:49:00,5871.2472
2025-03-23 20:50:00,5871.2697
2025-03-23 20:51:00,5871.2561
2025-03-23 20:52:00,5880.0070
2025-03-23 20:53:00,5871.2472
2025-03-23 20:54:00,5830.1751
2025-03-23 20:55:00,5879.9984
2025-03-23 20:56:00,5871.1802
2025-03-23 20:57:00,5871.1802
2025-03-23 20:58:00,5883.5974
2025-03-23 20:59:00,5879.9984
2025-03-23 21:00:00,5871.2472
2025-03-23 21:01:00,5830.2133
2025-03-23 21:02:00,5879.5554
2025-03-23 21:03:00,5871.3695
2025-03-23 21:04:00,5871.5079
2025-03-23 21:05:00,5830.5442
2025-03-23 21:06:00,5882.7234
2025-03-23 21:07:00,5878.9531
2025-03-23 21:08:00,5882.5147
2025-03-23 21:09:00,5830.8199
2025-03-23 21:10:00,5878.7233
2025-03-23 21:11:00,5878.5220
2025-03-23 21:12:00,5872.0428
2025-03-23 21:13:00,5882.2290
2025-03-23 21:14:00,5871.8971
2025-03-23 21:15:00,5882.4759
2025-03-23 21:16:00,5871.7773
2025-03-23 21:17:00,5879.1539
2025-03-23 21:18:00,5861.2818
2025-03-23 21:19:00,5871.4060
2025-03-23 21:20:00,5830.2888
2025-03-23 21:21:00,5883.9182
2025-03-23 21:22:00,5879.7961
2025-03-23 21:23:00,5879.9002
2025-03-23 21:24:00,5829.8652
2025-03-23 21:25:00,5885.8225
2025-03-23 21:26:00,5870.5890
2025-03-23 21:27:00,5858.6381
2025-03-23 21:28:00,5880.0036
2025-03-23 21:29:00,5871.5703
2025-03-23 21:30:00,5838.8689
2025-03-23 21:31:00,5812.1818
2025-03-23 21:32:00,5812.1818
2025-03-23 21:33:00,5871.0094
2025-03-23 21:34:00,5839.0695
2025-03-23 21:35:00,5812.1818
2025-03-23 21:36:00,5882.2122
2025-03-23 21:37:00,5878.8890
2025-03-23 21:38:00,5871.0804
2025-03-23 21:39:00,5839.0697
2025-03-23 21:40:00,5878.4611
2025-03-23 21:41:00,5812.1818
2025-03-23 21:42:00,5812.1818
2025-03-23 21:43:00,5838.7645
2025-03-23 21:44:00,5878.5233
2025-03-23 21:45:00,5838.6362
2025-03-23 21:46:00,5812.1818
2025-03-23 21:47:00,5838.6781
2025-03-23 21:48:00,5870.7441
2025-03-23 21:49:00,5838.6786
2025-03-23 21:50:00,5870.7389
2025-03-23 21:51:00,5870.7609
2025-03-23 21:52:00,5870.8163
2025-03-23 21:53:00,5878.7733
2025-03-23 21:54:00,5870.8637
2025-03-23 21:55:00,5883.6726
2025-03-23 21:56:00,5870.9072
2025-03-23 21:57:00,5870.5064
2025-03-23 21:58:00,5883.7288
2025-03-23 21:59:00,5870.5426
2025-03-23 22:00:00,5870.5380
2025-03-23 22:01:00,5870.5426
2025-03-23 22:02:00,5870.5380
2025-03-23 22:03:00,5838.3209
2025-03-23 22:04:00,5838.3036
2025-03-23 22:05:00,5812.1818
2025-03-23 22:06:00,5879.3608
2025-03-23 22:07:00,5870.7207
2025-03-23 22:08:00,5879.5928
2025-03-23 22:09:00,5838.8036
2025-03-23 22:10:00,5870.9400
2025-03-23 22:11:00,5870.4914
2025-03-23 22:12:00,5839.1000
2025-03-23 22:13:00,5882.3109
2025-03-23 22:14:00,5880.4581
2025-03-23 22:15:00,5870.8769
2025-03-23 22:16:00,5870.8832
2025-03-23 22:17:00,5870.9231
2025-03-23 22:18:00,5812.1818
2025-03-23 22:19:00,5839.4589
2025-03-23 22:20:00,5839.4589
2025-03-23 22:21:00,5839.8523
2025-03-23 22:22:00,5812.1818
2025-03-23 22:23:00,5870.5554
2025-03-23 22:24:00,5812.1818
2025-03-23 22:25:00,5812.1818
2025-03-23 22:26:00,5838.4580
2025-03-23 22:27:00,5812.1818
2025-03-23 22:28:00,5838.5519
2025-03-23 22:29:00,5812.1818
2025-03-23 22:30:00,5812.1818
2025-03-23 22:31:00,5812.1818
2025-03-23 22:32:00,5812.1818
2025-03-23 22:33:00,5812.1818
2025-03-23 22:34:00,5812.1818
2025-03-23 22:35:00,5812.1818
2025-03-23 22:36:00,5838.5485
2025-03-23 22:37:00,5812.1818
2025-03-23 22:38:00,5876.8198
2025-03-23 22:39:00,5812.1818
2025-03-23 22:40:00,5870.0873
2025-03-23 22:41:00,5812.1818
2025-03-23 22:42:00,5838.7105
2025-03-23 22:43:00,5812.1818
2025-03-23 22:44:00,5870.1263
2025-03-23 22:45:00,5838.8385
2025-03-23 22:46:00,5812.1818
2025-03-23 22:47:00,5812.1818
2025-03-23 22:48:00,5838.9578
2025-03-23 22:49:00,5838.4269
2025-03-23 22:50:00,5812.1818
2025-03-23 22:51:00,5870.4440
2025-03-23 22:52:00,5870.8213
2025-03-23 22:53:00,5870.2102
2025-03-23 22:54:00,5839.5428
2025-03-23 22:55:00,5839.2100
2025-03-23 22:56:00,5812.1818
2025-03-23 22:57:00,5839.2100
2025-03-23 22:58:00,5812.1818
2025-03-23 22:59:00,5870.7974
2025-03-23 23:00:00,5839.1185
2025-03-23 23:01:00,5812.1818
2025-03-23 23:02:00,5812.1818
2025-03-23 23:03:00,5838.8326
2025-03-23 23:04:00,5812.1818
2025-03-23 23:05:00,5829.9253
2025-03-23 23:06:00,5880.1244
2025-03-23 23:07:00,5839.6425
2025-03-23 23:08:00,5839.9430
2025-03-23 23:09:00,5812.1818
2025-03-23 23:10:00,5870.0088
2025-03-23 23:11:00,5812.1818
2025-03-23 23:12:00,5839.2480
2025-03-23 23:13:00,5877.3001
2025-03-23 23:14:00,5870.0088
2025-03-23 23:15:00,5870.0058
2025-03-23 23:16:00,5870.3588
2025-03-23 23:17:00,5839.5957
2025-03-23 23:18:00,5812.1818
2025-03-23 23:19:00,5812.1818
2025-03-23 23:20:00,5812.1818
2025-03-23 23:21:00,5870.3142
2025-03-23 23:22:00,5870.2650
2025-03-23 23:23:00,5838.9514
2025-03-23 23:24:00,5812.1818
2025-03-23 23:25:00,5812.1818
2025-03-23 23:26:00,5838.5454
2025-03-23 23:27:00,5812.1818
2025-03-23 23:28:00,5870.4257
2025-03-23 23:29:00,5838.5517
2025-03-23 23:30:00,5838.5541
2025-03-23 23:31:00,5870.1014
2025-03-23 23:32:00,5838.2328
2025-03-23 23:33:00,5838.2851
2025-03-23 23:34:00,5812.1818
2025-03-23 23:35:00,5838.6146
2025-03-23 23:36:00,5812.1818
2025-03-23 23:37:00,5812.1818
2025-03-23 23:38:00,5838.8208
2025-03-23 23:39:00,5812.1818
2025-03-23 23:40:00,5870.1580
2025-03-23 23:41:00,5812.1818
2025-03-23 23:42:00,5812.1818
2025-03-23 23:43:00,5812.1818
2025-03-23 23:44:00,5870.2942
2025-03-23 23:45:00,5870.3041
2025-03-23 23:46:00,5870.5055
2025-03-23 23:47:00,5812.1818
2025-03-23 23:48:00,5812.1818
2025-03-23 23:49:00,5838.5648
2025-03-23 23:50:00,5812.1818
2025-03-23 23:51:00,5839.0066
2025-03-23 23:52:00,5870.4759
2025-03-23 23:53:00,5838.5465
2025-03-23 23:54:00,5812.1818
2025-03-23 23:55:00,5838.3371
2025-03-23 23:56:00,5812.1818
2025-03-23 23:57:00,5838.5096
2025-03-23 23:58:00,5812.1818
2025-03-23 23:59:00,5870.7738
2025-03-24 00:00:00,5830.2721
2025-03-24 00:01:00,5812.1818
2025-03-24 00:02:00,5829.9133
2025-03-24 00:03:00,5812.1818
2025-03-24 00:04:00,5829.4185
2025-03-24 00:05:00,5812.1818
2025-03-24 00:06:00,5839.5466
2025-03-24 00:07:00,5812.1818
2025-03-24 00:08:00,5812.1818
2025-03-24 00:09:00,5812.1818
2025-03-24 00:10:00,5839.6930
2025-03-24 00:11:00,5812.1818
2025-03-24 00:12:00,5812.1818
2025-03-24 00:13:00,5830.7815
2025-03-24 00:14:00,5838.8830
2025-03-24 00:15:00,5828.4493
2025-03-24 00:16:00,5828.7661
2025-03-24 00:17:00,5812.1818
2025-03-24 00:18:00,5812.1818
2025-03-24 00:19:00,5812.1818
2025-03-24 00:20:00,5812.1818
2025-03-24 00:21:00,5838.9372
2025-03-24 00:22:00,5812.1818
2025-03-24 00:23:00,5812.1818
2025-03-24 00:24:00,5812.1818
2025-03-24 00:25:00,5812.1818
2025-03-24 00:26:00,5812.1818
2025-03-24 00:27:00,5812.1818
2025-03-24 00:28:00,5857.7458
2025-03-24 00:29:00,5812.1818
2025-03-24 00:30:00,5812.1818
2025-03-24 00:31:00,5828.3864
2025-03-24 00:32:00,5812.1818
2025-03-24 00:33:00,5812.1818
2025-03-24 00:34:00,5812.1818
2025-03-24 00:35:00,5812.1818
2025-03-24 00:36:00,5812.1818
2025-03-24 00:37:00,5812.1818
2025-03-24 00:38:00,5812.1818
2025-03-24 00:39:00,5832.0502
2025-03-24 00:40:00,5812.1818
2025-03-24 00:41:00,5812.1818
2025-03-24 00:42:00,5812.1818
2025-03-24 00:43:00,5830.1295
2025-03-24 00:44:00,5860.8309
2025-03-24 00:45:00,5860.9105
2025-03-24 00:46:00,5812.1818
2025-03-24 00:47:00,5812.1818
2025-03-24 00:48:00,5861.3901
2025-03-24 00:49:00,5830.4237
2025-03-24 00:50:00,5812.1818
2025-03-24 00:51:00,5830.6362
2025-03-24 00:52:00,5830.5295
2025-03-24 00:53:00,5830.5469
2025-03-24 00:54:00,5812.1818
2025-03-24 00:55:00,5830.7039
2025-03-24 00:56:00,5812.1818
2025-03-24 00:57:00,5830.7705
2025-03-24 00:58:00,5812.1818
2025-03-24 00:59:00,5862.2531
2025-03-24 01:00:00,5862.2657
2025-03-24 01:01:00,5830.8688
2025-03-24 01:02:00,5812.1818
2025-03-24 01:03:00,5830.9088
2025-03-24 01:04:00,5812.1818
2025-03-24 01:05:00,5812.1818
2025-03-24 01:06:00,5831.1590
2025-03-24 01:07:00,5862.7746
2025-03-24 01:08:00,5831.2592
2025-03-24 01:09:00,5863.0648
2025-03-24 01:10:00,5863.0091
2025-03-24 01:11:00,5831.7660
2025-03-24 01:12:00,5812.1818
2025-03-24 01:13:00,5872.8153
2025-03-24 01:14:00,5832.8311
2025-03-24 01:15:00,5863.4642
2025-03-24 01:16:00,5863.5368
2025-03-24 01:17:00,5770.5692
2025-03-24 01:18:00,5763.3164
2025-03-24 01:19:00,5833.0402
2025-03-24 01:20:00,5762.8926
2025-03-24 01:21:00,5871.5566
2025-03-24 01:22:00,5863.6206
2025-03-24 01:23:00,5863.6519
2025-03-24 01:24:00,5770.6205
2025-03-24 01:25:00,5833.1454
2025-03-24 01:26:00,5833.1877
2025-03-24 01:27:00,5770.5344
2025-03-24 01:28:00,5770.4915
2025-03-24 01:29:00,5863.7770
2025-03-24 01:30:00,5833.2300
2025-03-24 01:31:00,5833.2300
2025-03-24 01:32:00,5770.6205
2025-03-24 01:33:00,5863.6206
2025-03-24 01:34:00,5833.0609
2025-03-24 01:35:00,5770.7947
2025-03-24 01:36:00,5871.5566
2025-03-24 01:37:00,5770.6638
2025-03-24 01:38:00,5770.6638
2025-03-24 01:39:00,5833.1032
2025-03-24 01:40:00,5812.1818
2025-03-24 01:41:00,5832.2488
2025-03-24 01:42:00,5833.1672
2025-03-24 01:43:00,5833.2098
2025-03-24 01:44:00,5833.3995
2025-03-24 01:45:00,5863.8639
2025-03-24 01:46:00,5863.9334
2025-03-24 01:47:00,5770.5149
2025-03-24 01:48:00,5863.9589
2025-03-24 01:49:00,5833.7976
2025-03-24 01:50:00,5864.1252
2025-03-24 01:51:00,5769.7370
2025-03-24 01:52:00,5864.3088
2025-03-24 01:53:00,5864.3401
2025-03-24 01:54:00,5872.1114
2025-03-24 01:55:00,5834.0815
2025-03-24 01:56:00,5834.0943
2025-03-24 01:57:00,5864.5304
2025-03-24 01:58:00,5812.1818
2025-03-24 01:59:00,5833.6788
2025-03-24 02:00:00,5812.1818
2025-03-24 02:01:00,5873.6757
2025-03-24 02:02:00,5873.6332
2025-03-24 02:03:00,5864.5745
2025-03-24 02:04:00,5864.5567
2025-03-24 02:05:00,5833.3986
2025-03-24 02:06:00,5812.1818
2025-03-24 02:07:00,5812.1818
2025-03-24 02:08:00,5812.1818
2025-03-24 02:09:00,5812.1818
2025-03-24 02:10:00,5832.1841
2025-03-24 02:11:00,5832.1841
2025-03-24 02:12:00,5862.9310
2025-03-24 02:13:00,5812.1818
2025-03-24 02:14:00,5812.1818
2025-03-24 02:15:00,5812.1818
2025-03-24 02:16:00,5812.1818
2025-03-24 02:17:00,5812.1818
2025-03-24 02:18:00,5812.1818
2025-03-24 02:19:00,5812.1818
2025-03-24 02:20:00,5812.1818
2025-03-24 02:21:00,5812.1818
2025-03-24 02:22:00,5812.1818
2025-03-24 02:23:00,5812.1818
2025-03-24 02:24:00,5750.3825
2025-03-24 02:25:00,5812.1818
2025-03-24 02:26:00,5812.1818
2025-03-24 02:27:00,5812.1818
2025-03-24 02:28:00,5812.1818
2025-03-24 02:29:00,5812.1818
2025-03-24 02:30:00,5830.7320
2025-03-24 02:31:00,5754.9533
2025-03-24 02:32:00,5812.1818
2025-03-24 02:33:00,5812.1818
2025-03-24 02:34:00,5830.2926
2025-03-24 02:35:00,5812.1818
2025-03-24 02:36:00,5812.1818
2025-03-24 02:37:00,5812.1818
2025-03-24 02:38:00,5812.1818
2025-03-24 02:39:00,5657.2849
2025-03-24 02:40:00,5812.1818
2025-03-24 02:41:00,5812.1818
2025-03-24 02:42:00,5812.1818
2025-03-24 02:43:00,5812.1818
2025-03-24 02:44:00,5812.1818
2025-03-24 02:45:00,5829.8429
2025-03-24 02:46:00,5829.7740
2025-03-24 02:47:00,5812.1818
2025-03-24 02:48:00,5812.1818
2025-03-24 02:49:00,5812.1818
2025-03-24 02:50:00,5829.6076
2025-03-24 02:51:00,5829.5770
2025-03-24 02:52:00,5812.1818
2025-03-24 02:53:00,5812.1818
2025-03-24 02:54:00,5812.1818
2025-03-24 02:55:00,5812.1818
2025-03-24 02:56:00,5828.1208
2025-03-24 02:57:00,5812.1818
2025-03-24 02:58:00,5812.1818
2025-03-24 02:59:00,5827.6004
2025-03-24 03:00:00,5812.1818
2025-03-24 03:01:00,5812.1818
2025-03-24 03:02:00,5828.2266
2025-03-24 03:03:00,5812.1818
2025-03-24 03:04:00,5812.1818
2025-03-24 03:05:00,5812.1818
2025-03-24 03:06:00,5829.2144
2025-03-24 03:07:00,5812.1818
2025-03-24 03:08:00,5812.1818
2025-03-24 03:09:00,5812.1818
2025-03-24 03:10:00,5812.1818
2025-03-24 03:11:00,5812.1818
2025-03-24 03:12:00,5812.1818
2025-03-24 03:13:00,5812.1818
2025-03-24 03:14:00,5812.1818
2025-03-24 03:15:00,5812.1818
2025-03-24 03:16:00,5812.1818
2025-03-24 03:17:00,5812.1818
2025-03-24 03:18:00,5831.2871
2025-03-24 03:19:00,5812.1818
2025-03-24 03:20:00,5742.2797
2025-03-24 03:21:00,5812.1818
2025-03-24 03:22:00,5812.1818
2025-03-24 03:23:00,5812.1818
2025-03-24 03:24:00,5659.5387
2025-03-24 03:25:00,5812.1818
2025-03-24 03:26:00,5812.1818
2025-03-24 03:27:00,5812.1818
2025-03-24 03:28:00,5812.1818
2025-03-24 03:29:00,5812.1818
2025-03-24 03:30:00,5812.1818
2025-03-24 03:31:00,5812.1818
2025-03-24 03:32:00,5861.2622
2025-03-24 03:33:00,5831.5981
2025-03-24 03:34:00,5831.6501
2025-03-24 03:35:00,5812.1818
2025-03-24 03:36:00,5829.7388
2025-03-24 03:37:00,5812.1818
2025-03-24 03:38:00,5812.1818
2025-03-24 03:39:00,5829.9616
2025-03-24 03:40:00,5871.2931
2025-03-24 03:41:00,5830.3155
2025-03-24 03:42:00,5830.3699
2025-03-24 03:43:00,5830.3581
2025-03-24 03:44:00,5812.1818
2025-03-24 03:45:00,5812.1818
2025-03-24 03:46:00,5812.1818
2025-03-24 03:47:00,5862.0127
2025-03-24 03:48:00,5830.6838
2025-03-24 03:49:00,5812.1818
2025-03-24 03:50:00,5812.1818
2025-03-24 03:51:00,5812.1818
2025-03-24 03:52:00,5830.8168
2025-03-24 03:53:00,5812.1818
2025-03-24 03:54:00,5812.1818
2025-03-24 03:55:00,5830.9588
2025-03-24 03:56:00,5831.0088
2025-03-24 03:57:00,5831.1089
2025-03-24 03:58:00,5862.7874
2025-03-24 03:59:00,5812.1818
2025-03-24 04:00:00,5812.1818
2025-03-24 04:01:00,5812.1818
2025-03-24 04:02:00,5812.1818
2025-03-24 04:03:00,5812.1818
2025-03-24 04:04:00,5831.8632
2025-03-24 04:05:00,5812.1818
2025-03-24 04:06:00,5832.0303
2025-03-24 04:07:00,5831.9643
2025-03-24 04:08:00,5812.1818
2025-03-24 04:09:00,5812.1818
2025-03-24 04:10:00,5832.3381
2025-03-24 04:11:00,5832.3896
2025-03-24 04:12:00,5863.8681
2025-03-24 04:13:00,5812.1818
2025-03-24 04:14:00,5864.0243
2025-03-24 04:15:00,5812.1818
2025-03-24 04:16:00,5812.1818
2025-03-24 04:17:00,5812.1818
2025-03-24 04:18:00,5832.9573
2025-03-24 04:19:00,5832.8283
2025-03-24 04:20:00,5812.1818
2025-03-24 04:21:00,5832.8538
2025-03-24 04:22:00,5832.8021
2025-03-24 04:23:00,5812.1818
2025-03-24 04:24:00,5864.0243
2025-03-24 04:25:00,5873.3223
2025-03-24 04:26:00,5834.6214
2025-03-24 04:27:00,5863.8681
2025-03-24 04:28:00,5812.1818
2025-03-24 04:29:00,5863.9852
2025-03-24 04:30:00,5812.1818
2025-03-24 04:31:00,5812.1818
2025-03-24 04:32:00,5878.0425
2025-03-24 04:33:00,5864.0227
2025-03-24 04:34:00,5832.9262
2025-03-24 04:35:00,5812.1818
2025-03-24 04:36:00,5833.0833
2025-03-24 04:37:00,5833.0833
2025-03-24 04:38:00,5812.1818
2025-03-24 04:39:00,5812.1818
2025-03-24 04:40:00,5873.5889
2025-03-24 04:41:00,5833.2166
2025-03-24 04:42:00,5833.0833
2025-03-24 04:43:00,5812.1818
2025-03-24 04:44:00,5832.9785
2025-03-24 04:45:00,5832.9785
2025-03-24 04:46:00,5812.1818
2025-03-24 04:47:00,5864.0623
2025-03-24 04:48:00,5833.0309
2025-03-24 04:49:00,5864.1812
2025-03-24 04:50:00,5812.1818
2025-03-24 04:51:00,5864.2975
2025-03-24 04:52:00,5833.3458
2025-03-24 04:53:00,5833.3458
2025-03-24 04:54:00,5812.1818
2025-03-24 04:55:00,5864.6259
2025-03-24 04:56:00,5864.6488
2025-03-24 04:57:00,5864.6545
2025-03-24 04:58:00,5812.1818
2025-03-24 04:59:00,5812.1818
2025-03-24 05:00:00,5833.8778
2025-03-24 05:01:00,5833.8343
2025-03-24 05:02:00,5812.1818
2025-03-24 05:03:00,5864.4851
2025-03-24 05:04:00,5863.3796
2025-03-24 05:05:00,5812.1818
2025-03-24 05:06:00,5812.1818
2025-03-24 05:07:00,5830.5985
2025-03-24 05:08:00,5830.2038
2025-03-24 05:09:00,5812.1818
2025-03-24 05:10:00,5812.1818
2025-03-24 05:11:00,5830.7379
2025-03-24 05:12:00,5862.4380
2025-03-24 05:13:00,5812.1818
2025-03-24 05:14:00,5812.1818
2025-03-24 05:15:00,5812.1818
2025-03-24 05:16:00,5812.1818
2025-03-24 05:17:00,5830.1747
2025-03-24 05:18:00,5872.5723
2025-03-24 05:19:00,5812.1818
2025-03-24 05:20:00,5812.1818
2025-03-24 05:21:00,5812.1818
2025-03-24 05:22:00,5830.6501
2025-03-24 05:23:00,5862.1915
2025-03-24 05:24:00,5812.1818
2025-03-24 05:25:00,5829.1806
2025-03-24 05:26:00,5828.4377
2025-03-24 05:27:00,5828.3239
2025-03-24 05:28:00,5812.1818
2025-03-24 05:29:00,5747.2320
2025-03-24 05:30:00,5812.1818
2025-03-24 05:31:00,5812.1818
2025-03-24 05:32:00,5812.1818
2025-03-24 05:33:00,5812.1818
2025-03-24 05:34:00,5829.6868
2025-03-24 05:35:00,5828.9174
2025-03-24 05:36:00,5812.1818
2025-03-24 05:37:00,5812.1818
2025-03-24 05:38:00,5812.1818
2025-03-24 05:39:00,5812.1818
2025-03-24 05:40:00,5828.1281
2025-03-24 05:41:00,5869.3472
2025-03-24 05:42:00,5812.1818
2025-03-24 05:43:00,5812.1818
2025-03-24 05:44:00,5670.5835
2025-03-24 05:45:00,5670.6311
2025-03-24 05:46:00,5758.1836
2025-03-24 05:47:00,5670.5323
2025-03-24 05:48:00,5812.1818
2025-03-24 05:49:00,5812.1818
2025-03-24 05:50:00,5812.1818
2025-03-24 05:51:00,5812.1818
2025-03-24 05:52:00,5812.1818
2025-03-24 05:53:00,5812.1818
2025-03-24 05:54:00,5812.1818
2025-03-24 05:55:00,5812.1818
2025-03-24 05:56:00,5830.2223
2025-03-24 05:57:00,5827.9340
2025-03-24 05:58:00,5812.1818
2025-03-24 05:59:00,5812.1818
2025-03-24 06:00:00,5812.1818
2025-03-24 06:01:00,5812.1818
2025-03-24 06:02:00,5812.1818
2025-03-24 06:03:00,5812.1818
2025-03-24 06:04:00,5828.0949
2025-03-24 06:05:00,5812.1818
2025-03-24 06:06:00,5812.1818
2025-03-24 06:07:00,5812.1818
2025-03-24 06:08:00,5812.1818
2025-03-24 06:09:00,5812.1818
2025-03-24 06:10:00,5812.1818
2025-03-24 06:11:00,5828.6825
2025-03-24 06:12:00,5828.8653
2025-03-24 06:13:00,5812.1818
2025-03-24 06:14:00,5812.1818
2025-03-24 06:15:00,5812.1818
2025-03-24 06:16:00,5812.1818
2025-03-24 06:17:00,5812.1818
2025-03-24 06:18:00,5861.2777
2025-03-24 06:19:00,5812.1818
2025-03-24 06:20:00,5812.1818
2025-03-24 06:21:00,5812.1818
2025-03-24 06:22:00,5812.1818
2025-03-24 06:23:00,5812.1818
2025-03-24 06:24:00,5812.1818
2025-03-24 06:25:00,5829.8162
2025-03-24 06:26:00,5812.1818
2025-03-24 06:27:00,5829.0924
2025-03-24 06:28:00,5829.1367
2025-03-24 06:29:00,5812.1818
2025-03-24 06:30:00,5812.1818
2025-03-24 06:31:00,5776.6339
2025-03-24 06:32:00,5768.1327
2025-03-24 06:33:00,5831.0735
2025-03-24 06:34:00,5767.4255
2025-03-24 06:35:00,5767.1715
2025-03-24 06:36:00,5755.9726
2025-03-24 06:37:00,5755.9969
2025-03-24 06:38:00,5766.8418
2025-03-24 06:39:00,5766.5314
2025-03-24 06:40:00,5861.4457
2025-03-24 06:41:00,5831.7597
2025-03-24 06:42:00,5773.9290
2025-03-24 06:43:00,5773.7632
2025-03-24 06:44:00,5754.5206
2025-03-24 06:45:00,5766.3713
2025-03-24 06:46:00,5766.7610
2025-03-24 06:47:00,5766.1355
2025-03-24 06:48:00,5861.7723
2025-03-24 06:49:00,5766.0196
2025-03-24 06:50:00,5831.6921
2025-03-24 06:51:00,5755.0667
2025-03-24 06:52:00,5754.9385
2025-03-24 06:53:00,5773.0055
2025-03-24 06:54:00,5772.8057
2025-03-24 06:55:00,5764.3169
2025-03-24 06:56:00,5764.2491
2025-03-24 06:57:00,5832.3611
2025-03-24 06:58:00,5832.3611
2025-03-24 06:59:00,5832.4181
2025-03-24 07:00:00,5832.5301
2025-03-24 07:01:00,5770.8702
2025-03-24 07:02:00,5770.7806
2025-03-24 07:03:00,5832.6695
2025-03-24 07:04:00,5832.7843
2025-03-24 07:05:00,5771.1744
2025-03-24 07:06:00,5753.2991
2025-03-24 07:07:00,5770.3183
2025-03-24 07:08:00,5770.7509
2025-03-24 07:09:00,5770.7947
2025-03-24 07:10:00,5770.7073
2025-03-24 07:11:00,5871.5793
2025-03-24 07:12:00,5833.1877
2025-03-24 07:13:00,5833.0904
2025-03-24 07:14:00,5833.3147
2025-03-24 07:15:00,5833.2525
2025-03-24 07:16:00,5770.5578
2025-03-24 07:17:00,5763.1966
2025-03-24 07:18:00,5864.1210
2025-03-24 07:19:00,5833.7237
2025-03-24 07:20:00,5833.8250
2025-03-24 07:21:00,5769.8659
2025-03-24 07:22:00,5763.0175
2025-03-24 07:23:00,5833.7264
2025-03-24 07:24:00,5769.9066
2025-03-24 07:25:00,5864.2126
2025-03-24 07:26:00,5833.8542
2025-03-24 07:27:00,5769.3269
2025-03-24 07:28:00,5833.9531
2025-03-24 07:29:00,5769.5500
2025-03-24 07:30:00,5751.5416
2025-03-24 07:31:00,5770.1354
2025-03-24 07:32:00,5762.7009
2025-03-24 07:33:00,5834.0815
2025-03-24 07:34:00,5834.0815
2025-03-24 07:35:00,5834.0815
2025-03-24 07:36:00,5833.4413
2025-03-24 07:37:00,5812.1818
2025-03-24 07:38:00,5812.1818
2025-03-24 07:39:00,5812.1818
2025-03-24 07:40:00,5812.1818
2025-03-24 07:41:00,5812.1818
2025-03-24 07:42:00,5812.1818
2025-03-24 07:43:00,5812.1818
2025-03-24 07:44:00,5812.1818
2025-03-24 07:45:00,5812.1818
2025-03-24 07:46:00,5812.1818
2025-03-24 07:47:00,5812.1818
2025-03-24 07:48:00,5864.4711
2025-03-24 07:49:00,5833.4792
2025-03-24 07:50:00,5833.4666
2025-03-24 07:51:00,5864.4711
2025-03-24 07:52:00,5812.1818
2025-03-24 07:53:00,5812.1818
2025-03-24 07:54:00,5812.1818
2025-03-24 07:55:00,5812.1818
2025-03-24 07:56:00,5864.4463
2025-03-24 07:57:00,5864.4400
2025-03-24 07:58:00,5833.4413
2025-03-24 07:59:00,5812.1818
2025-03-24 08:00:00,5833.4540
2025-03-24 08:01:00,5812.1818
2025-03-24 08:02:00,5812.1818
2025-03-24 08:03:00,5864.2949
2025-03-24 08:04:00,5833.4389
2025-03-24 08:05:00,5864.2558
2025-03-24 08:06:00,5863.8245
2025-03-24 08:07:00,5812.1818
2025-03-24 08:08:00,5812.1818
2025-03-24 08:09:00,5812.1818
2025-03-24 08:10:00,5812.1818
2025-03-24 08:11:00,5873.5056
2025-03-24 08:12:00,5812.1818
2025-03-24 08:13:00,5812.1818
2025-03-24 08:14:00,5812.1818
2025-03-24 08:15:00,5833.7433
2025-03-24 08:16:00,5812.1818
2025-03-24 08:17:00,5812.1818
2025-03-24 08:18:00,5812.1818
2025-03-24 08:19:00,5873.5548
2025-03-24 08:20:00,5833.7002
2025-03-24 08:21:00,5833.5904
2025-03-24 08:22:00,5812.1818
2025-03-24 08:23:00,5812.1818
2025-03-24 08:24:00,5812.1818
2025-03-24 08:25:00,5812.1818
2025-03-24 08:26:00,5833.4006
2025-03-24 08:27:00,5833.3748
2025-03-24 08:28:00,5812.1818
2025-03-24 08:29:00,5812.1818
2025-03-24 08:30:00,5812.1818
2025-03-24 08:31:00,5812.1818
2025-03-24 08:32:00,5812.1818
2025-03-24 08:33:00,5829.6805
2025-03-24 08:34:00,5812.1818
2025-03-24 08:35:00,5812.1818
2025-03-24 08:36:00,5747.3092
2025-03-24 08:37:00,5747.1360
2025-03-24 08:38:00,5812.1818
2025-03-24 08:39:00,5812.1818
2025-03-24 08:40:00,5812.1818
2025-03-24 08:41:00,5812.1818
2025-03-24 08:42:00,5753.9687
2025-03-24 08:43:00,5812.1818
2025-03-24 08:44:00,5595.8182
2025-03-24 08:45:00,5595.8182
2025-03-24 08:46:00,5812.1818
2025-03-24 08:47:00,5812.1818
2025-03-24 08:48:00,5659.5425
2025-03-24 08:49:00,5812.1818
2025-03-24 08:50:00,5812.1818
2025-03-24 08:51:00,5756.6964
2025-03-24 08:52:00,5664.3020
2025-03-24 08:53:00,5812.1818
2025-03-24 08:54:00,5752.2190
2025-03-24 08:55:00,5753.1825
2025-03-24 08:56:00,5830.5368
2025-03-24 08:57:00,5812.1818
2025-03-24 08:58:00,5752.8480
2025-03-24 08:59:00,5812.1818
2025-03-24 09:00:00,5812.1818
2025-03-24 09:01:00,5812.1818
2025-03-24 09:02:00,5812.1818
2025-03-24 09:03:00,5749.7327
2025-03-24 09:04:00,5812.1818
2025-03-24 09:05:00,5812.1818
2025-03-24 09:06:00,5812.1818
2025-03-24 09:07:00,5812.1818
2025-03-24 09:08:00,5812.1818
2025-03-24 09:09:00,5812.1818
2025-03-24 09:10:00,5812.1818
2025-03-24 09:11:00,5812.1818
2025-03-24 09:12:00,5812.1818
2025-03-24 09:13:00,5812.1818
2025-03-24 09:14:00,5812.1818
2025-03-24 09:15:00,5812.1818
2025-03-24 09:16:00,5812.1818
2025-03-24 09:17:00,5812.1818
2025-03-24 09:18:00,5812.1818
2025-03-24 09:19:00,5812.1818
2025-03-24 09:20:00,5812.1818
2025-03-24 09:21:00,5829.1548
2025-03-24 09:22:00,5812.1818
2025-03-24 09:23:00,5812.1818
2025-03-24 09:24:00,5812.1818
2025-03-24 09:25:00,5812.1818
2025-03-24 09:26:00,5829.5482
2025-03-24 09:27:00,5829.4247
2025-03-24 09:28:00,5812.1818
2025-03-24 09:29:00,5812.1818
2025-03-24 09:30:00,5812.1818
2025-03-24 09:31:00,5812.1818
2025-03-24 09:32:00,5812.1818
2025-03-24 09:33:00,5812.1818
2025-03-24 09:34:00,5812.1818
2025-03-24 09:35:00,5812.1818
2025-03-24 09:36:00,5812.1818
2025-03-24 09:37:00,5747.6817
2025-03-24 09:38:00,5812.1818
2025-03-24 09:39:00,5812.1818
2025-03-24 09:40:00,5749.3373
2025-03-24 09:41:00,5812.1818
2025-03-24 09:42:00,5812.1818
2025-03-24 09:43:00,5812.1818
2025-03-24 09:44:00,5812.1818
2025-03-24 09:45:00,5748.1049
2025-03-24 09:46:00,5812.1818
2025-03-24 09:47:00,5812.1818
2025-03-24 09:48:00,5660.4615
2025-03-24 09:49:00,5812.1818
2025-03-24 09:50:00,5812.1818
2025-03-24 09:51:00,5812.1818
2025-03-24 09:52:00,5812.1818
2025-03-24 09:53:00,5812.1818
2025-03-24 09:54:00,5812.1818
2025-03-24 09:55:00,5812.1818
2025-03-24 09:56:00,5812.1818
2025-03-24 09:57:00,5829.2673
2025-03-24 09:58:00,5812.1818
2025-03-24 09:59:00,5812.1818
2025-03-24 10:00:00,5812.1818
2025-03-24 10:01:00,5812.1818
2025-03-24 10:02:00,5812.1818
2025-03-24 10:03:00,5830.2815
2025-03-24 10:04:00,5861.5453
2025-03-24 10:05:00,5812.1818
2025-03-24 10:06:00,5812.1818
2025-03-24 10:07:00,5812.1818
2025-03-24 10:08:00,5830.5643
2025-03-24 10:09:00,5812.1818
2025-03-24 10:10:00,5812.1818
2025-03-24 10:11:00,5862.3342
2025-03-24 10:12:00,5812.1818
2025-03-24 10:13:00,5812.1818
2025-03-24 10:14:00,5812.1818
2025-03-24 10:15:00,5812.1818
2025-03-24 10:16:00,5812.1818
2025-03-24 10:17:00,5812.1818
2025-03-24 10:18:00,5831.2629
2025-03-24 10:19:00,5831.3136
2025-03-24 10:20:00,5812.1818
2025-03-24 10:21:00,5812.1818
2025-03-24 10:22:00,5812.1818
2025-03-24 10:23:00,5812.1818
2025-03-24 10:24:00,5812.1818
2025-03-24 10:25:00,5812.1818
2025-03-24 10:26:00,5863.2898
2025-03-24 10:27:00,5812.1818
2025-03-24 10:28:00,5832.0266
2025-03-24 10:29:00,5812.1818
2025-03-24 10:30:00,5831.9244
2025-03-24 10:31:00,5831.6282
2025-03-24 10:32:00,5812.1818
2025-03-24 10:33:00,5831.4737
2025-03-24 10:34:00,5831.3228
2025-03-24 10:35:00,5831.3228
2025-03-24 10:36:00,5812.1818
2025-03-24 10:37:00,5812.1818
2025-03-24 10:38:00,5812.1818
2025-03-24 10:39:00,5812.1818
2025-03-24 10:40:00,5812.1818
2025-03-24 10:41:00,5831.6349
2025-03-24 10:42:00,5831.5828
2025-03-24 10:43:00,5812.1818
2025-03-24 10:44:00,5831.8863
2025-03-24 10:45:00,5812.1818
2025-03-24 10:46:00,5812.1818
2025-03-24 10:47:00,5812.1818
2025-03-24 10:48:00,5812.1818
2025-03-24 10:49:00,5863.5470
2025-03-24 10:50:00,5832.3148
2025-03-24 10:51:00,5812.1818
2025-03-24 10:52:00,5812.1818
2025-03-24 10:53:00,5812.1818
2025-03-24 10:54:00,5832.7972
2025-03-24 10:55:00,5812.1818
2025-03-24 10:56:00,5864.0999
2025-03-24 10:57:00,5864.2548
2025-03-24 10:58:00,5833.0833
2025-03-24 10:59:00,5833.0557
2025-03-24 11:00:00,5833.2111
2025-03-24 11:01:00,5812.1818
2025-03-24 11:02:00,5812.1818
2025-03-24 11:03:00,5762.4795
2025-03-24 11:04:00,5769.5500
2025-03-24 11:05:00,5769.6717
2025-03-24 11:06:00,5833.7690
2025-03-24 11:07:00,5833.7237
2025-03-24 11:08:00,5769.7535
2025-03-24 11:09:00,5752.7713
2025-03-24 11:10:00,5762.6529
2025-03-24 11:11:00,5863.9906
2025-03-24 11:12:00,5833.6807
2025-03-24 11:13:00,5770.2606
2025-03-24 11:14:00,5833.7667
2025-03-24 11:15:00,5770.0940
2025-03-24 11:16:00,5770.6621
2025-03-24 11:17:00,5752.9906
2025-03-24 11:18:00,5834.0856
2025-03-24 11:19:00,5834.1393
2025-03-24 11:20:00,5769.0637
2025-03-24 11:21:00,5834.2951
2025-03-24 11:22:00,5834.4027
2025-03-24 11:23:00,5752.1373
2025-03-24 11:24:00,5834.2240
2025-03-24 11:25:00,5768.6941
2025-03-24 11:26:00,5834.3666
2025-03-24 11:27:00,5864.7196
2025-03-24 11:28:00,5833.7454
2025-03-24 11:29:00,5864.4092
2025-03-24 11:30:00,5812.1818
2025-03-24 11:31:00,5812.1818
2025-03-24 11:32:00,5812.1818
2025-03-24 11:33:00,5831.5858
2025-03-24 11:34:00,5812.1818
2025-03-24 11:35:00,5812.1818
2025-03-24 11:36:00,5812.1818
2025-03-24 11:37:00,5830.7900
2025-03-24 11:38:00,5812.1818
2025-03-24 11:39:00,5812.1818
2025-03-24 11:40:00,5812.1818
2025-03-24 11:41:00,5830.3744
2025-03-24 11:42:00,5812.1818
2025-03-24 11:43:00,5812.1818
2025-03-24 11:44:00,5812.1818
2025-03-24 11:45:00,5812.1818
2025-03-24 11:46:00,5812.1818
2025-03-24 11:47:00,5812.1818
2025-03-24 11:48:00,5812.1818
2025-03-24 11:49:00,5812.1818
2025-03-24 11:50:00,5812.1818
2025-03-24 11:51:00,5812.1818
2025-03-24 11:52:00,5812.1818
2025-03-24 11:53:00,5812.1818
2025-03-24 11:54:00,5812.1818
2025-03-24 11:55:00,5812.1818
2025-03-24 11:56:00,5828.8056
2025-03-24 11:57:00,5812.1818
2025-03-24 11:58:00,5812.1818
2025-03-24 11:59:00,5812.1818
2025-03-24 12:00:00,5812.1818
2025-03-24 12:01:00,5812.1818
2025-03-24 12:02:00,5812.1818
2025-03-24 12:03:00,5812.1818
2025-03-24 12:04:00,5870.9300
2025-03-24 12:05:00,5812.1818
2025-03-24 12:06:00,5812.1818
2025-03-24 12:07:00,5812.1818
2025-03-24 12:08:00,5812.1818
2025-03-24 12:09:00,5812.1818
2025-03-24 12:10:00,5812.1818
2025-03-24 12:11:00,5829.9792
2025-03-24 12:12:00,5839.1441
2025-03-24 12:13:00,5812.1818
2025-03-24 12:14:00,5812.1818
2025-03-24 12:15:00,5812.1818
2025-03-24 12:16:00,5812.1818
2025-03-24 12:17:00,5812.1818
2025-03-24 12:18:00,5812.1818
2025-03-24 12:19:00,5839.0402
2025-03-24 12:20:00,5812.1818
2025-03-24 12:21:00,5812.1818
2025-03-24 12:22:00,5812.1818
2025-03-24 12:23:00,5812.1818
2025-03-24 12:24:00,5812.1818
2025-03-24 12:25:00,5812.1818
2025-03-24 12:26:00,5839.1418
2025-03-24 12:27:00,5812.1818
2025-03-24 12:28:00,5812.1818
2025-03-24 12:29:00,5829.6909
2025-03-24 12:30:00,5812.1818
2025-03-24 12:31:00,5829.5781
2025-03-24 12:32:00,5812.1818
2025-03-24 12:33:00,5758.8650
2025-03-24 12:34:00,5830.9913
2025-03-24 12:35:00,5812.1818
2025-03-24 12:36:00,5830.7633
2025-03-24 12:37:00,5769.2732
2025-03-24 12:38:00,5769.9933
2025-03-24 12:39:00,5779.3970
2025-03-24 12:40:00,5779.0164
2025-03-24 12:41:00,5769.1724
2025-03-24 12:42:00,5778.2641
2025-03-24 12:43:00,5831.2117
2025-03-24 12:44:00,5777.1577
2025-03-24 12:45:00,5757.0935
2025-03-24 12:46:00,5767.6669
2025-03-24 12:47:00,5776.0776
2025-03-24 12:48:00,5775.4888
2025-03-24 12:49:00,5830.9958
2025-03-24 12:50:00,5830.9956
2025-03-24 12:51:00,5812.1818
2025-03-24 12:52:00,5830.9933
2025-03-24 12:53:00,5830.9916
2025-03-24 12:54:00,5812.1818
2025-03-24 12:55:00,5812.1818
2025-03-24 12:56:00,5759.0033
2025-03-24 12:57:00,5831.0841
2025-03-24 12:58:00,5812.1818
2025-03-24 12:59:00,5812.1818
2025-03-24 13:00:00,5812.1818
2025-03-24 13:01:00,5829.1946
2025-03-24 13:02:00,5812.1818
2025-03-24 13:03:00,5812.1818
2025-03-24 13:04:00,5812.1818
2025-03-24 13:05:00,5812.1818
2025-03-24 13:06:00,5812.1818
2025-03-24 13:07:00,5829.3244
2025-03-24 13:08:00,5829.3278
2025-03-24 13:09:00,5812.1818
2025-03-24 13:10:00,5812.1818
2025-03-24 13:11:00,5812.1818
2025-03-24 13:12:00,5829.3244
2025-03-24 13:13:00,5812.1818
2025-03-24 13:14:00,5812.1818
2025-03-24 13:15:00,5812.1818
2025-03-24 13:16:00,5812.1818
2025-03-24 13:17:00,5812.1818
2025-03-24 13:18:00,5812.1818
2025-03-24 13:19:00,5829.2388
2025-03-24 13:20:00,5829.0803
2025-03-24 13:21:00,5829.1918
2025-03-24 13:22:00,5812.1818
2025-03-24 13:23:00,5812.1818
2025-03-24 13:24:00,5812.1818
2025-03-24 13:25:00,5812.1818
2025-03-24 13:26:00,5839.1487
2025-03-24 13:27:00,5812.1818
2025-03-24 13:28:00,5828.9819
2025-03-24 13:29:00,5812.1818
2025-03-24 13:30:00,5812.1818
2025-03-24 13:31:00,5828.9685
2025-03-24 13:32:00,5812.1818
2025-03-24 13:33:00,5812.1818
2025-03-24 13:34:00,5812.1818
2025-03-24 13:35:00,5839.1488
2025-03-24 13:36:00,5828.7177
2025-03-24 13:37:00,5828.7177
2025-03-24 13:38:00,5812.1818
2025-03-24 13:39:00,5828.4237
2025-03-24 13:40:00,5812.1818
2025-03-24 13:41:00,5812.1818
2025-03-24 13:42:00,5812.1818
2025-03-24 13:43:00,5828.8213
2025-03-24 13:44:00,5828.8705
2025-03-24 13:45:00,5812.1818
2025-03-24 13:46:00,5812.1818
2025-03-24 13:47:00,5812.1818
2025-03-24 13:48:00,5812.1818
2025-03-24 13:49:00,5829.3221
2025-03-24 13:50:00,5829.0559
2025-03-24 13:51:00,5829.0724
2025-03-24 13:52:00,5829.0643
2025-03-24 13:53:00,5829.0643
2025-03-24 13:54:00,5812.1818
2025-03-24 13:55:00,5812.1818
2025-03-24 13:56:00,5812.1818
2025-03-24 13:57:00,5870.6342
2025-03-24 13:58:00,5829.1368
2025-03-24 13:59:00,5812.1818
2025-03-24 14:00:00,5812.1818
2025-03-24 14:01:00,5812.1818
2025-03-24 14:02:00,5753.4739
2025-03-24 14:03:00,5812.1818
2025-03-24 14:04:00,5829.1659
2025-03-24 14:05:00,5812.1818
2025-03-24 14:06:00,5812.1818
2025-03-24 14:07:00,5829.2656
2025-03-24 14:08:00,5812.1818
2025-03-24 14:09:00,5829.1811
2025-03-24 14:10:00,5812.1818
2025-03-24 14:11:00,5829.1811
2025-03-24 14:12:00,5838.8580
2025-03-24 14:13:00,5829.1762
2025-03-24 14:14:00,5812.1818
2025-03-24 14:15:00,5812.1818
2025-03-24 14:16:00,5812.1818
2025-03-24 14:17:00,5812.1818
2025-03-24 14:18:00,5812.1818
2025-03-24 14:19:00,5838.8884
2025-03-24 14:20:00,5812.1818
2025-03-24 14:21:00,5812.1818
2025-03-24 14:22:00,5812.1818
2025-03-24 14:23:00,5812.1818
2025-03-24 14:24:00,5829.2868
2025-03-24 14:25:00,5812.1818
2025-03-24 14:26:00,5839.0092
2025-03-24 14:27:00,5829.2712
2025-03-24 14:28:00,5829.1762
2025-03-24 14:29:00,5829.1659
2025-03-24 14:30:00,5812.1818
2025-03-24 14:31:00,5812.1818
2025-03-24 14:32:00,5812.1818
2025-03-24 14:33:00,5812.1818
2025-03-24 14:34:00,5812.1818
2025-03-24 14:35:00,5838.7964
2025-03-24 14:36:00,5829.2065
2025-03-24 14:37:00,5812.1818
2025-03-24 14:38:00,5812.1818
2025-03-24 14:39:00,5829.2065
2025-03-24 14:40:00,5812.1818
2025-03-24 14:41:00,5812.1818
2025-03-24 14:42:00,5829.3203
2025-03-24 14:43:00,5812.1818
2025-03-24 14:44:00,5812.1818
2025-03-24 14:45:00,5812.1818
2025-03-24 14:46:00,5812.1818
2025-03-24 14:47:00,5812.1818
2025-03-24 14:48:00,5812.1818
2025-03-24 14:49:00,5760.7206
2025-03-24 14:50:00,5812.1818
2025-03-24 14:51:00,5812.1818
2025-03-24 14:52:00,5812.1818
2025-03-24 14:53:00,5812.1818
2025-03-24 14:54:00,5812.1818
2025-03-24 14:55:00,5812.1818
2025-03-24 14:56:00,5761.0169
2025-03-24 14:57:00,5812.1818
2025-03-24 14:58:00,5812.1818
2025-03-24 14:59:00,5812.1818
2025-03-24 15:00:00,5812.1818
2025-03-24 15:01:00,5812.1818
2025-03-24 15:02:00,5755.6682
2025-03-24 15:03:00,5812.1818
2025-03-24 15:04:00,5812.1818
2025-03-24 15:05:00,5838.5719
2025-03-24 15:06:00,5812.1818
2025-03-24 15:07:00,5812.1818
2025-03-24 15:08:00,5812.1818
2025-03-24 15:09:00,5812.1818
2025-03-24 15:10:00,5812.1818
2025-03-24 15:11:00,5838.9626
2025-03-24 15:12:00,5829.3050
2025-03-24 15:13:00,5829.3091
2025-03-24 15:14:00,5812.1818
2025-03-24 15:15:00,5812.1818
2025-03-24 15:15:02,5812.1818
2025-03-24 15:15:30,5812.1818
2025-03-24 15:16:00,5829.2916
2025-03-24 15:17:00,5812.1818
2025-03-24 15:18:00,5812.1818
2025-03-24 15:19:00,5812.1818
2025-03-24 15:20:00,5839.0400
2025-03-24 15:21:00,5829.2712
2025-03-24 15:22:00,5812.1818
2025-03-24 15:23:00,5812.1818
2025-03-24 15:24:00,5812.1818
2025-03-24 15:25:00,5812.1818
2025-03-24 15:26:00,5870.5987
2025-03-24 15:27:00,5750.5109
2025-03-24 15:28:00,5829.2282
2025-03-24 15:29:00,5829.2213
2025-03-24 15:30:00,5812.1818
2025-03-24 15:31:00,5812.1818
2025-03-24 15:32:00,5812.1818
2025-03-24 15:33:00,5812.1818
2025-03-24 15:34:00,5812.1818
2025-03-24 15:35:00,5812.1818
2025-03-24 15:36:00,5812.1818
2025-03-24 15:37:00,5829.2213
2025-03-24 15:38:00,5812.1818
2025-03-24 15:39:00,5812.1818
2025-03-24 15:40:00,5812.1818
2025-03-24 15:41:00,5812.1818
2025-03-24 15:42:00,5812.1818
2025-03-24 15:43:00,5829.1676
2025-03-24 15:44:00,5829.1591
2025-03-24 15:45:00,5812.1818
2025-03-24 15:46:00,5812.1818
2025-03-24 15:47:00,5812.1818
2025-03-24 15:48:00,5812.1818
2025-03-24 15:49:00,5829.1416
2025-03-24 15:50:00,5839.3453
2025-03-24 15:51:00,5829.2857
2025-03-24 15:52:00,5812.1818
2025-03-24 15:53:00,5812.1818
2025-03-24 15:54:00,5829.0737
2025-03-24 15:55:00,5812.1818
2025-03-24 15:56:00,5812.1818
2025-03-24 15:57:00,5828.8705
2025-03-24 15:58:00,5812.1818
2025-03-24 15:59:00,5828.7226
2025-03-24 16:00:00,5812.1818
2025-03-24 16:01:00,5831.5805
2025-03-24 16:02:00,5812.1818
2025-03-24 16:03:00,5812.1818
2025-03-24 16:04:00,5831.3475
2025-03-24 16:05:00,5839.1521
2025-03-24 16:06:00,5839.3458
2025-03-24 16:07:00,5828.5217
2025-03-24 16:08:00,5828.9041
2025-03-24 16:09:00,5812.1818
2025-03-24 16:10:00,5812.1818
2025-03-24 16:11:00,5745.6827
2025-03-24 16:12:00,5858.0801
2025-03-24 16:13:00,5828.0279
2025-03-24 16:14:00,5827.9861
2025-03-24 16:15:00,5812.1818
2025-03-24 16:16:00,5812.1818
2025-03-24 16:17:00,5812.1818
2025-03-24 16:18:00,5812.1818
2025-03-24 16:19:00,5827.9050
2025-03-24 16:20:00,5827.7894
2025-03-24 16:21:00,5812.1818
2025-03-24 16:22:00,5837.9372
2025-03-24 16:23:00,5812.1818
2025-03-24 16:24:00,5812.1818
2025-03-24 16:25:00,5812.1818
2025-03-24 16:26:00,5812.1818
2025-03-24 16:27:00,5828.2652
2025-03-24 16:28:00,5828.3675
2025-03-24 16:29:00,5828.4431
2025-03-24 16:30:00,5812.1818
2025-03-24 16:31:00,5812.1818
2025-03-24 16:32:00,5828.9058
2025-03-24 16:33:00,5812.1818
2025-03-24 16:34:00,5812.1818
2025-03-24 16:35:00,5812.1818
2025-03-24 16:36:00,5858.9340
2025-03-24 16:37:00,5829.0239
2025-03-24 16:38:00,5812.1818
2025-03-24 16:39:00,5858.9340
2025-03-24 16:40:00,5812.1818
2025-03-24 16:41:00,5812.1818
2025-03-24 16:42:00,5829.0005
2025-03-24 16:43:00,5828.8819
2025-03-24 16:44:00,5828.9058
2025-03-24 16:45:00,5812.1818
2025-03-24 16:46:00,5828.8825
2025-03-24 16:47:00,5828.9794
2025-03-24 16:48:00,5812.1818
2025-03-24 16:49:00,5812.1818
2025-03-24 16:50:00,5859.0825
2025-03-24 16:51:00,5829.2075
2025-03-24 16:52:00,5829.2524
2025-03-24 16:53:00,5812.1818
2025-03-24 16:54:00,5812.1818
2025-03-24 16:55:00,5812.1818
2025-03-24 16:56:00,5812.1818
2025-03-24 16:57:00,5870.9081
2025-03-24 16:58:00,5829.6608
2025-03-24 16:59:00,5860.9457
2025-03-24 17:00:00,5860.9772
2025-03-24 17:01:00,5860.8828
2025-03-24 17:02:00,5766.1156
2025-03-24 17:03:00,5775.3868
2025-03-24 17:04:00,5869.4244
2025-03-24 17:05:00,5860.2610
2025-03-24 17:06:00,5776.2284
2025-03-24 17:07:00,5831.0636
2025-03-24 17:08:00,5776.9529
2025-03-24 17:09:00,5778.1051
2025-03-24 17:10:00,5778.0337
2025-03-24 17:11:00,5768.9597
2025-03-24 17:12:00,5859.5283
2025-03-24 17:13:00,5839.2419
2025-03-24 17:14:00,5775.1394
2025-03-24 17:15:00,5762.8456
2025-03-24 17:16:00,5812.1818
2025-03-24 17:17:00,5761.4274
2025-03-24 17:18:00,5677.4091
2025-03-24 17:19:00,5755.2747
2025-03-24 17:20:00,5812.1818
2025-03-24 17:21:00,5756.8402
2025-03-24 17:22:00,5758.9256
2025-03-24 17:23:00,5752.7925
2025-03-24 17:24:00,5812.1818
2025-03-24 17:25:00,5753.5060
2025-03-24 17:26:00,5812.1818
2025-03-24 17:27:00,5812.1818
2025-03-24 17:28:00,5812.1818
2025-03-24 17:29:00,5812.1818
2025-03-24 17:30:00,5812.1818
2025-03-24 17:31:00,5812.1818
2025-03-24 17:32:00,5812.1818
2025-03-24 17:33:00,5757.8140
2025-03-24 17:34:00,5773.4630
2025-03-24 17:35:00,5812.1818
2025-03-24 17:36:00,5812.1818
2025-03-24 17:37:00,5812.1818
2025-03-24 17:38:00,5754.1079
2025-03-24 17:39:00,5812.1818
2025-03-24 17:40:00,5812.1818
2025-03-24 17:41:00,5762.3578
2025-03-24 17:42:00,5812.1818
2025-03-24 17:43:00,5812.1818
2025-03-24 17:44:00,5812.1818
2025-03-24 17:45:00,5812.1818
2025-03-24 17:46:00,5812.1818
2025-03-24 17:47:00,5812.1818
2025-03-24 17:48:00,5812.1818
2025-03-24 17:49:00,5812.1818
2025-03-24 17:50:00,5812.1818
2025-03-24 17:51:00,5812.1818
2025-03-24 17:52:00,5812.1818
2025-03-24 17:53:00,5812.1818
2025-03-24 17:54:00,5812.1818
2025-03-24 17:55:00,5812.1818
2025-03-24 17:56:00,5770.7676
2025-03-24 17:57:00,5812.1818
2025-03-24 17:58:00,5812.1818
2025-03-24 17:59:00,5812.1818
2025-03-24 18:00:00,5812.1818
2025-03-24 18:01:00,5812.1818
2025-03-24 18:02:00,5812.1818
2025-03-24 18:03:00,5798.9701
2025-03-24 18:04:00,5776.6215
2025-03-24 18:05:00,5812.1818
2025-03-24 18:06:00,5812.1818
2025-03-24 18:07:00,5812.1818
2025-03-24 18:08:00,5798.1008
2025-03-24 18:09:00,5812.1818
2025-03-24 18:10:00,5812.1818
2025-03-24 18:11:00,5770.7635
2025-03-24 18:12:00,5812.1818
2025-03-24 18:13:00,5812.1818
2025-03-24 18:14:00,5812.1818
2025-03-24 18:15:00,5812.1818
2025-03-24 18:16:00,5755.7540
2025-03-24 18:17:00,5755.0072
2025-03-24 18:18:00,5772.2319
2025-03-24 18:19:00,5773.0127
2025-03-24 18:20:00,5812.1818
2025-03-24 18:21:00,5812.1818
2025-03-24 18:22:00,5812.1818
2025-03-24 18:23:00,5775.9064
2025-03-24 18:24:00,5758.3556
2025-03-24 18:25:00,5777.1054
2025-03-24 18:26:00,5778.4012
2025-03-24 18:27:00,5766.5042
2025-03-24 18:28:00,5785.0541
2025-03-24 18:29:00,5812.1818
2025-03-24 18:30:00,5812.1818
2025-03-24 18:31:00,5782.1387
2025-03-24 18:32:00,5812.1818
2025-03-24 18:33:00,5767.7244
2025-03-24 18:34:00,5812.1818
2025-03-24 18:35:00,5812.1818
2025-03-24 18:36:00,5812.1818
2025-03-24 18:37:00,5812.1818
2025-03-24 18:38:00,5812.1818
2025-03-24 18:39:00,5812.1818
2025-03-24 18:40:00,5812.1818
2025-03-24 18:41:00,5812.1818
2025-03-24 18:42:00,5757.1390
2025-03-24 18:43:00,5812.1818
2025-03-24 18:44:00,5812.1818
2025-03-24 18:45:00,5812.1818
2025-03-24 18:46:00,5812.1818
2025-03-24 18:47:00,5812.1818
2025-03-24 18:48:00,5796.5404
2025-03-24 18:49:00,5812.1818
2025-03-24 18:50:00,5812.1818
2025-03-24 18:51:00,5812.1818
2025-03-24 18:52:00,5812.1818
2025-03-24 18:53:00,5812.1818
2025-03-24 18:54:00,5812.1818
2025-03-24 18:55:00,5777.8797
2025-03-24 18:56:00,5812.1818
2025-03-24 18:57:00,5778.1158
2025-03-24 18:58:00,5812.1818
2025-03-24 18:59:00,5812.1818
2025-03-24 19:00:00,5812.1818
2025-03-24 19:01:00,5812.1818
2025-03-24 19:02:00,5777.9242
2025-03-24 19:03:00,5812.1818
2025-03-24 19:04:00,5793.4587
2025-03-24 19:05:00,5837.7375
2025-03-24 19:06:00,5762.1251
2025-03-24 19:07:00,5753.0859
2025-03-24 19:08:00,5666.2705
2025-03-24 19:09:00,5664.6827
2025-03-24 19:10:00,5750.4760
2025-03-24 19:11:00,5748.9970
2025-03-24 19:12:00,5758.2353
2025-03-24 19:13:00,5758.2086
2025-03-24 19:14:00,5758.1292
2025-03-24 19:15:00,5749.8040
2025-03-24 19:16:00,5663.8402
2025-03-24 19:17:00,5748.8080
2025-03-24 19:18:00,5838.0095
2025-03-24 19:19:00,5663.5444
2025-03-24 19:20:00,5665.3199
2025-03-24 19:21:00,5750.8755
2025-03-24 19:22:00,5751.4727
2025-03-24 19:23:00,5667.7756
2025-03-24 19:24:00,5668.8219
2025-03-24 19:25:00,5751.7795
2025-03-24 19:26:00,5752.4605
2025-03-24 19:27:00,5752.4605
2025-03-24 19:28:00,5812.1818
2025-03-24 19:29:00,5812.1818
2025-03-24 19:30:00,5812.1818
2025-03-24 19:31:00,5775.8244
2025-03-24 19:32:00,5812.1818
2025-03-24 19:33:00,5812.1818
2025-03-24 19:34:00,5788.5173
2025-03-24 19:35:00,5812.1818
2025-03-24 19:36:00,5812.1818
2025-03-24 19:37:00,5790.1880
2025-03-24 19:38:00,5781.6882
2025-03-24 19:39:00,5812.1818
2025-03-24 19:40:00,5812.1818
2025-03-24 19:41:00,5790.5520
2025-03-24 19:42:00,5812.1818
2025-03-24 19:43:00,5812.1818
2025-03-24 19:44:00,5812.1818
2025-03-24 19:45:00,5812.1818
2025-03-24 19:46:00,5791.2820
2025-03-24 19:47:00,5812.1818
2025-03-24 19:48:00,5781.0225
2025-03-24 19:49:00,5812.1818
2025-03-24 19:50:00,5812.1818
2025-03-24 19:51:00,5812.1818
2025-03-24 19:52:00,5793.3092
2025-03-24 19:53:00,5812.1818
2025-03-24 19:54:00,5812.1818
2025-03-24 19:55:00,5812.1818
2025-03-24 19:56:00,5794.7133
2025-03-24 19:57:00,5779.1454
2025-03-24 19:58:00,5812.1818
2025-03-24 19:59:00,5812.1818
2025-03-24 20:00:00,5812.1818
2025-03-24 20:01:00,5791.9552
2025-03-24 20:02:00,5781.6882
2025-03-24 20:03:00,5812.1818
2025-03-24 20:04:00,5781.6755
2025-03-24 20:05:00,5812.1818
2025-03-24 20:06:00,5812.1818
2025-03-24 20:07:00,5812.1818
2025-03-24 20:08:00,5678.0390
2025-03-24 20:09:00,5752.2894
2025-03-24 20:10:00,5812.1818
2025-03-24 20:11:00,5791.1718
2025-03-24 20:12:00,5812.1818
2025-03-24 20:13:00,5812.1818
2025-03-24 20:14:00,5812.1818
2025-03-24 20:15:00,5812.1818
2025-03-24 20:16:00,5741.0043
2025-03-24 20:17:00,5777.4320
2025-03-24 20:18:00,5812.1818
2025-03-24 20:19:00,5740.0818
2025-03-24 20:20:00,5812.1818
2025-03-24 20:21:00,5812.1818
2025-03-24 20:22:00,5812.1818
2025-03-24 20:23:00,5803.3193
2025-03-24 20:24:00,5734.4559
2025-03-24 20:25:00,5812.1818
2025-03-24 20:26:00,5801.6733
2025-03-24 20:27:00,5775.1789
2025-03-24 20:28:00,5798.0085
2025-03-24 20:29:00,5812.1818
2025-03-24 20:30:00,5812.1818
2025-03-24 20:31:00,5774.0777
2025-03-24 20:32:00,5812.1818
2025-03-24 20:33:00,5812.1818
2025-03-24 20:34:00,5795.5343
2025-03-24 20:35:00,5812.1818
2025-03-24 20:36:00,5812.1818
2025-03-24 20:37:00,5812.1818
2025-03-24 20:38:00,5812.1818
2025-03-24 20:39:00,5812.1818
2025-03-24 20:40:00,5812.1818
2025-03-24 20:41:00,5812.1818
2025-03-24 20:42:00,5794.6615
2025-03-24 20:43:00,5812.1818
2025-03-24 20:44:00,5812.1818
2025-03-24 20:45:00,5812.1818
2025-03-24 20:46:00,5770.1678
2025-03-24 20:47:00,5812.1818
2025-03-24 20:48:00,5812.1818
2025-03-24 20:49:00,5812.1818
2025-03-24 20:50:00,5812.1818
2025-03-24 20:51:00,5812.1818
2025-03-24 20:52:00,5812.1818
2025-03-24 20:53:00,5812.1818
2025-03-24 20:54:00,5812.1818
2025-03-24 20:55:00,5812.1818
2025-03-24 20:56:00,5812.1818
2025-03-24 20:57:00,5812.1818
2025-03-24 20:58:00,5812.1818
2025-03-24 20:59:00,5812.1818
2025-03-24 21:00:00,5769.7334
2025-03-24 21:00:32,5756.7151
2025-03-24 21:01:00,5752.9234
2025-03-24 21:01:01,5777.3778
2025-03-24 21:02:00,5812.1818
2025-03-24 21:03:00,5812.1818
2025-03-24 21:04:00,5762.0797
2025-03-24 21:05:00,5812.1818
2025-03-24 21:06:00,5672.8439
2025-03-24 21:07:00,5770.7433
2025-03-24 21:08:00,5760.0954
2025-03-24 21:09:00,5669.3656
2025-03-24 21:10:00,5812.1818
2025-03-24 21:11:00,5812.1818
2025-03-24 21:12:00,5812.1818
2025-03-24 21:13:00,5812.1818
2025-03-24 21:14:00,5812.1818
2025-03-24 21:15:00,5812.1818
2025-03-24 21:16:00,5750.6378
2025-03-24 21:17:00,5750.7343
2025-03-24 21:18:00,5812.1818
2025-03-24 21:19:00,5812.1818
2025-03-24 21:20:00,5812.1818
2025-03-24 21:21:00,5812.1818
2025-03-24 21:22:00,5812.1818
2025-03-24 21:23:00,5749.5638
2025-03-24 21:24:00,5749.3174
2025-03-24 21:25:00,5812.1818
2025-03-24 21:26:00,5812.1818
2025-03-24 21:27:00,5812.1818
2025-03-24 21:28:00,5829.1954
2025-03-24 21:29:00,5829.1954
2025-03-24 21:30:00,5812.1818
2025-03-24 21:31:00,5812.1818
2025-03-24 21:32:00,5812.1818
2025-03-24 21:33:00,5812.1818
2025-03-24 21:34:00,5812.1818
2025-03-24 21:35:00,5812.1818
2025-03-24 21:36:00,5829.3205
2025-03-24 21:37:00,5812.1818
2025-03-24 21:38:00,5812.1818
2025-03-24 21:39:00,5812.1818
2025-03-24 21:40:00,5812.1818
2025-03-24 21:41:00,5812.1818
2025-03-24 21:42:00,5749.0371
2025-03-24 21:43:00,5828.8151
2025-03-24 21:44:00,5812.1818
2025-03-24 21:45:00,5812.1818
2025-03-24 21:46:00,5812.1818
2025-03-24 21:47:00,5812.1818
2025-03-24 21:48:00,5812.1818
2025-03-24 21:49:00,5812.1818
2025-03-24 21:50:00,5812.1818
2025-03-24 21:51:00,5812.1818
2025-03-24 21:52:00,5812.1818
2025-03-24 21:53:00,5812.1818
2025-03-24 21:54:00,5812.1818
2025-03-24 21:55:00,5812.1818
2025-03-24 21:56:00,5812.1818
2025-03-24 21:57:00,5812.1818
2025-03-24 21:58:00,5838.0241
2025-03-24 21:59:00,5812.1818
2025-03-24 22:00:00,5812.1818
2025-03-24 22:01:00,5812.1818
2025-03-24 22:02:00,5812.1818
2025-03-24 22:03:00,5812.1818
2025-03-24 22:04:00,5812.1818
2025-03-24 22:05:00,5828.3537
2025-03-24 22:06:00,5812.1818
2025-03-24 22:07:00,5812.1818
2025-03-24 22:08:00,5827.6728
2025-03-24 22:09:00,5812.1818
2025-03-24 22:10:00,5828.0548
2025-03-24 22:11:00,5828.0815
2025-03-24 22:12:00,5812.1818
2025-03-24 22:13:00,5812.1818
2025-03-24 22:14:00,5812.1818
2025-03-24 22:15:00,5828.3166
2025-03-24 22:16:00,5812.1818
2025-03-24 22:17:00,5744.8779
2025-03-24 22:18:00,5812.1818
2025-03-24 22:19:00,5812.1818
2025-03-24 22:20:00,5859.4644
2025-03-24 22:21:00,5829.3191
2025-03-24 22:22:00,5859.4644
2025-03-24 22:23:00,5829.4604
2025-03-24 22:24:00,5812.1818
2025-03-24 22:25:00,5812.1818
2025-03-24 22:26:00,5812.1818
2025-03-24 22:27:00,5812.1818
2025-03-24 22:28:00,5812.1818
2025-03-24 22:29:00,5828.8819
2025-03-24 22:30:00,5812.1818
2025-03-24 22:31:00,5812.1818
2025-03-24 22:32:00,5812.1818
2025-03-24 22:33:00,5812.1818
2025-03-24 22:34:00,5812.1818
2025-03-24 22:35:00,5812.1818
2025-03-24 22:36:00,5829.2662
2025-03-24 22:37:00,5812.1818
2025-03-24 22:38:00,5812.1818
2025-03-24 22:39:00,5798.5207
2025-03-24 22:40:00,5789.5634
2025-03-24 22:41:00,5775.0792
2025-03-24 22:42:00,5780.5471
2025-03-24 22:43:00,5838.7731
2025-03-24 22:44:00,5812.1818
2025-03-24 22:45:00,5812.1818
2025-03-24 22:46:00,5767.8222
2025-03-24 22:47:00,5812.1818
2025-03-24 22:48:00,5766.5515
2025-03-24 22:49:00,5753.7547
2025-03-24 22:50:00,5751.4103
2025-03-24 22:51:00,5812.1818
2025-03-24 22:52:00,5812.1818
2025-03-24 22:53:00,5812.1818
2025-03-24 22:54:00,5770.8771
2025-03-24 22:55:00,5812.1818
2025-03-24 22:56:00,5770.4411
2025-03-24 22:57:00,5753.9582
2025-03-24 22:58:00,5812.1818
2025-03-24 22:59:00,5812.1818
2025-03-24 23:00:00,5812.1818
2025-03-24 23:01:00,5754.2616
2025-03-24 23:02:00,5680.8591
2025-03-24 23:03:00,5812.1818
2025-03-24 23:04:00,5771.5050
2025-03-24 23:05:00,5812.1818
2025-03-24 23:06:00,5812.1818
2025-03-24 23:07:00,5812.1818
2025-03-24 23:08:00,5812.1818
2025-03-24 23:09:00,5756.8808
2025-03-24 23:10:00,5812.1818
2025-03-24 23:11:00,5775.1482
2025-03-24 23:12:00,5775.9662
2025-03-24 23:13:00,5812.1818
2025-03-24 23:14:00,5812.1818
2025-03-24 23:15:00,5812.1818
2025-03-24 23:16:00,5693.7970
2025-03-24 23:17:00,5700.9128
2025-03-24 23:18:00,5812.1818
2025-03-24 23:19:00,5791.1987
2025-03-24 23:20:00,5812.1818
2025-03-24 23:21:00,5812.1818
2025-03-24 23:22:00,5812.1818
2025-03-24 23:23:00,5812.1818
2025-03-24 23:24:00,5798.1008
2025-03-24 23:25:00,5812.1818
2025-03-24 23:26:00,5812.1818
2025-03-24 23:27:00,5812.1818
2025-03-24 23:28:00,5812.1818
2025-03-24 23:29:00,5812.1818
2025-03-24 23:30:00,5812.1818
2025-03-24 23:31:00,5812.1818
2025-03-24 23:32:00,5812.1818
2025-03-24 23:33:00,5798.8406
2025-03-24 23:34:00,5796.9049
2025-03-24 23:35:00,5773.9545
2025-03-24 23:36:00,5812.1818
2025-03-24 23:37:00,5778.9372
2025-03-24 23:38:00,5776.7131
2025-03-24 23:39:00,5772.8145
2025-03-24 23:40:00,5812.1818
2025-03-24 23:41:00,5769.8090
2025-03-24 23:42:00,5753.5318
2025-03-24 23:43:00,5812.1818
2025-03-24 23:44:00,5753.8710
2025-03-24 23:45:00,5812.1818
2025-03-24 23:46:00,5812.1818
2025-03-24 23:47:00,5812.1818
2025-03-24 23:48:00,5684.9122
2025-03-24 23:49:00,5777.5969
2025-03-24 23:50:00,5812.1818
2025-03-24 23:51:00,5812.1818
2025-03-24 23:52:00,5812.1818
2025-03-24 23:53:00,5812.1818
2025-03-24 23:54:00,5781.9502
2025-03-24 23:55:00,5812.1818
2025-03-24 23:56:00,5785.0541
2025-03-24 23:57:00,5776.2757
2025-03-24 23:58:00,5837.7748
2025-03-24 23:59:00,5812.1818
2025-03-25 00:00:00,5812.1818
2025-03-25 00:01:00,5812.1818
2025-03-25 00:02:00,5782.7456
2025-03-25 00:03:00,5812.1818
2025-03-25 00:04:00,5798.2737
2025-03-25 00:05:00,5837.5464
2025-03-25 00:06:00,5797.0954
2025-03-25 00:07:00,5812.1818
2025-03-25 00:08:00,5812.1818
2025-03-25 00:09:00,5797.8773
2025-03-25 00:10:00,5812.1818
2025-03-25 00:11:00,5800.3105
2025-03-25 00:12:00,5799.8957
2025-03-25 00:13:00,5812.1818
2025-03-25 00:14:00,5812.1818
2025-03-25 00:15:00,5812.1818
2025-03-25 00:16:00,5812.1818
2025-03-25 00:17:00,5737.2901
2025-03-25 00:18:00,5802.4405
2025-03-25 00:19:00,5799.7434
2025-03-25 00:20:00,5774.5480
2025-03-25 00:21:00,5812.1818
2025-03-25 00:22:00,5812.1818
2025-03-25 00:23:00,5802.0069
2025-03-25 00:24:00,5778.6023
2025-03-25 00:25:00,5812.1818
2025-03-25 00:26:00,5801.1511
2025-03-25 00:27:00,5800.7289
2025-03-25 00:28:00,5812.1818
2025-03-25 00:29:00,5812.1818
2025-03-25 00:30:00,5812.1818
2025-03-25 00:31:00,5780.9681
2025-03-25 00:32:00,5788.1697
2025-03-25 00:33:00,5785.1681
2025-03-25 00:34:00,5770.0003
2025-03-25 00:35:00,5765.0693
2025-03-25 00:36:00,5812.1818
2025-03-25 00:37:00,5763.3607
2025-03-25 00:38:00,5763.3607
2025-03-25 00:39:00,5812.1818
2025-03-25 00:40:00,5812.1818
2025-03-25 00:41:00,5686.1487
2025-03-25 00:42:00,5778.4385
2025-03-25 00:43:00,5812.1818
2025-03-25 00:44:00,5765.5338
2025-03-25 00:45:00,5765.7337
2025-03-25 00:46:00,5765.9333
2025-03-25 00:47:00,5812.1818
2025-03-25 00:48:00,5753.2291
2025-03-25 00:49:00,5766.7292
2025-03-25 00:50:00,5812.1818
2025-03-25 00:51:00,5812.1818
2025-03-25 00:52:00,5812.1818
2025-03-25 00:53:00,5812.1818
2025-03-25 00:54:00,5769.9548
2025-03-25 00:55:00,5757.9294
2025-03-25 00:56:00,5812.1818
2025-03-25 00:57:00,5771.6602
2025-03-25 00:58:00,5812.1818
2025-03-25 00:59:00,5812.1818
2025-03-25 01:00:00,5812.1818
2025-03-25 01:01:00,5771.9340
2025-03-25 01:02:00,5758.7431
2025-03-25 01:03:00,5812.1818
2025-03-25 01:04:00,5794.3576
2025-03-25 01:05:00,5779.4251
2025-03-25 01:06:00,5797.0954
2025-03-25 01:07:00,5796.7098
2025-03-25 01:08:00,5812.1818
2025-03-25 01:09:00,5781.6877
2025-03-25 01:10:00,5812.1818
2025-03-25 01:11:00,5782.0291
2025-03-25 01:12:00,5782.0291
2025-03-25 01:13:00,5812.1818
2025-03-25 01:14:00,5812.1818
2025-03-25 01:15:00,5812.1818
2025-03-25 01:16:00,5746.4832
2025-03-25 01:17:00,5782.0291
2025-03-25 01:18:00,5812.1818
2025-03-25 01:19:00,5797.0954
2025-03-25 01:20:00,5795.3093
2025-03-25 01:21:00,5812.1818
2025-03-25 01:22:00,5812.1818
2025-03-25 01:23:00,5812.1818
2025-03-25 01:24:00,5762.0262
2025-03-25 01:25:00,5812.1818
2025-03-25 01:26:00,5760.9043
2025-03-25 01:27:00,5760.2395
2025-03-25 01:28:00,5655.1226
2025-03-25 01:29:00,5812.1818
2025-03-25 01:30:00,5758.1536
2025-03-25 01:31:00,5677.2597
2025-03-25 01:32:00,5812.1818
2025-03-25 01:33:00,5758.4386
2025-03-25 01:34:00,5655.6395
2025-03-25 01:35:00,5679.1652
2025-03-25 01:36:00,5812.1818
2025-03-25 01:37:00,5812.1818
2025-03-25 01:38:00,5812.1818
2025-03-25 01:39:00,5812.1818
2025-03-25 01:40:00,5812.1818
2025-03-25 01:41:00,5812.1818
2025-03-25 01:42:00,5812.1818
2025-03-25 01:43:00,5765.5985
2025-03-25 01:44:00,5759.8689
2025-03-25 01:45:00,5759.6738
2025-03-25 01:46:00,5760.3553
2025-03-25 01:47:00,5812.1818
2025-03-25 01:48:00,5812.1818
2025-03-25 01:49:00,5812.1818
2025-03-25 01:50:00,5677.0613
2025-03-25 01:51:00,5812.1818
2025-03-25 01:52:00,5676.9377
2025-03-25 01:53:00,5795.5343
2025-03-25 01:54:00,5794.6615
2025-03-25 01:55:00,5812.1818
2025-03-25 01:56:00,5812.1818
2025-03-25 01:57:00,5769.4742
2025-03-25 01:58:00,5812.1818
2025-03-25 01:59:00,5812.1818
2025-03-25 02:00:00,5812.1818
2025-03-25 02:01:00,5812.1818
2025-03-25 02:02:00,5768.8185
2025-03-25 02:03:00,5812.1818
2025-03-25 02:04:00,5812.1818
2025-03-25 02:05:00,5812.1818
2025-03-25 02:06:00,5812.1818
2025-03-25 02:07:00,5812.1818
2025-03-25 02:08:00,5812.1818
2025-03-25 02:09:00,5812.1818
2025-03-25 02:10:00,5660.0700
2025-03-25 02:11:00,5812.1818
2025-03-25 02:12:00,5812.1818
2025-03-25 02:13:00,5767.7528
2025-03-25 02:14:00,5812.1818
2025-03-25 02:15:00,5812.1818
2025-03-25 02:16:00,5759.2728
2025-03-25 02:17:00,5812.1818
2025-03-25 02:18:00,5812.1818
2025-03-25 02:19:00,5812.1818
2025-03-25 02:20:00,5812.1818
2025-03-25 02:21:00,5812.1818
2025-03-25 02:22:00,5812.1818
2025-03-25 02:23:00,5812.1818
2025-03-25 02:24:00,5812.1818
2025-03-25 02:25:00,5812.1818
2025-03-25 02:26:00,5812.1818
2025-03-25 02:27:00,5756.8009
2025-03-25 02:28:00,5812.1818
2025-03-25 02:29:00,5838.5316
2025-03-25 02:30:00,5812.1818
2025-03-25 02:31:00,5812.1818
2025-03-25 02:32:00,5753.1923
2025-03-25 02:33:00,5812.1818
2025-03-25 02:34:00,5812.1818
2025-03-25 02:35:00,5755.2177
2025-03-25 02:36:00,5829.3028
2025-03-25 02:37:00,5812.1818
2025-03-25 02:38:00,5812.1818
2025-03-25 02:39:00,5812.1818
2025-03-25 02:40:00,5812.1818
2025-03-25 02:41:00,5749.4807
2025-03-25 02:42:00,5812.1818
2025-03-25 02:43:00,5812.1818
2025-03-25 02:44:00,5829.3926
2025-03-25 02:45:00,5812.1818
2025-03-25 02:46:00,5812.1818
2025-03-25 02:47:00,5812.1818
2025-03-25 02:48:00,5812.1818
2025-03-25 02:49:00,5812.1818
2025-03-25 02:50:00,5812.1818
2025-03-25 02:51:00,5812.1818
2025-03-25 02:52:00,5812.1818
2025-03-25 02:53:00,5812.1818
2025-03-25 02:54:00,5812.1818
2025-03-25 02:55:00,5812.1818
2025-03-25 02:56:00,5812.1818
2025-03-25 02:57:00,5812.1818
2025-03-25 02:58:00,5812.1818
2025-03-25 02:59:00,5812.1818
2025-03-25 03:00:00,5828.4235
2025-03-25 03:01:00,5812.1818
2025-03-25 03:02:00,5746.6722
2025-03-25 03:03:00,5812.1818
2025-03-25 03:04:00,5812.1818
2025-03-25 03:05:00,5746.4075
2025-03-25 03:06:00,5812.1818
2025-03-25 03:07:00,5812.1818
2025-03-25 03:08:00,5812.1818
2025-03-25 03:09:00,5812.1818
2025-03-25 03:10:00,5812.1818
2025-03-25 03:11:00,5812.1818
2025-03-25 03:12:00,5812.1818
2025-03-25 03:13:00,5828.4096
2025-03-25 03:14:00,5827.8352
2025-03-25 03:15:00,5812.1818
2025-03-25 03:16:00,5812.1818
2025-03-25 03:17:00,5812.1818
2025-03-25 03:18:00,5812.1818
2025-03-25 03:19:00,5812.1818
2025-03-25 03:20:00,5812.1818
2025-03-25 03:21:00,5812.1818
2025-03-25 03:22:00,5812.1818
2025-03-25 03:23:00,5812.1818
2025-03-25 03:24:00,5812.1818
2025-03-25 03:25:00,5812.1818
2025-03-25 03:26:00,5812.1818
2025-03-25 03:27:00,5812.1818
2025-03-25 03:28:00,5812.1818
2025-03-25 03:29:00,5829.0239
2025-03-25 03:30:00,5812.1818
2025-03-25 03:31:00,5812.1818
2025-03-25 03:32:00,5812.1818
2025-03-25 03:33:00,5828.7413
2025-03-25 03:34:00,5744.3924
2025-03-25 03:35:00,5812.1818
2025-03-25 03:36:00,5812.1818
2025-03-25 03:37:00,5812.1818
2025-03-25 03:38:00,5812.1818
2025-03-25 03:39:00,5812.1818
2025-03-25 03:40:00,5812.1818
2025-03-25 03:41:00,5812.1818
2025-03-25 03:42:00,5812.1818
2025-03-25 03:43:00,5812.1818
2025-03-25 03:44:00,5812.1818
2025-03-25 03:45:00,5812.1818
2025-03-25 03:46:00,5812.1818
2025-03-25 03:47:00,5812.1818
2025-03-25 03:48:00,5683.4929
2025-03-25 03:49:00,5783.6243
2025-03-25 03:50:00,5759.3540
2025-03-25 03:51:00,5772.2932
2025-03-25 03:52:00,5772.2932
2025-03-25 03:53:00,5770.0205
2025-03-25 03:54:00,5752.2869
2025-03-25 03:55:00,5752.6071
2025-03-25 03:56:00,5752.5050
2025-03-25 03:57:00,5682.0968
2025-03-25 03:58:00,5753.4931
2025-03-25 03:59:00,5812.1818
2025-03-25 04:00:00,5680.1920
2025-03-25 04:01:00,5755.1860
2025-03-25 04:02:00,5665.1242
2025-03-25 04:03:00,5770.5165
2025-03-25 04:04:00,5812.1818
2025-03-25 04:05:00,5679.9690
2025-03-25 04:06:00,5812.1818
2025-03-25 04:07:00,5812.1818
2025-03-25 04:08:00,5767.9285
2025-03-25 04:09:00,5812.1818
2025-03-25 04:10:00,5680.3794
2025-03-25 04:11:00,5771.2859
2025-03-25 04:12:00,5773.0942
2025-03-25 04:13:00,5773.2690
2025-03-25 04:14:00,5812.1818
2025-03-25 04:15:00,5812.1818
2025-03-25 04:16:00,5812.1818
2025-03-25 04:17:00,5762.8556
2025-03-25 04:18:00,5778.9372
2025-03-25 04:19:00,5812.1818
2025-03-25 04:20:00,5812.1818
2025-03-25 04:21:00,5812.1818
2025-03-25 04:22:00,5812.1818
2025-03-25 04:22:02,5812.1818
2025-03-25 04:22:30,5791.1653
2025-03-25 04:23:00,5812.1818
2025-03-25 04:24:00,5812.1818
2025-03-25 04:25:00,5812.1818
2025-03-25 04:26:00,5783.1214
2025-03-25 04:27:00,5794.9793
2025-03-25 04:28:00,5774.5126
2025-03-25 04:29:00,5812.1818
2025-03-25 04:30:00,5812.1818
2025-03-25 04:31:00,5798.4251
2025-03-25 04:32:00,5771.9955
2025-03-25 04:33:00,5812.1818
2025-03-25 04:34:00,5796.4440
2025-03-25 04:35:00,5796.1365
2025-03-25 04:36:00,5812.1818
2025-03-25 04:37:00,5812.1818
2025-03-25 04:38:00,5792.7157
2025-03-25 04:39:00,5812.1818
2025-03-25 04:40:00,5812.1818
2025-03-25 04:41:00,5778.8323
2025-03-25 04:42:00,5771.6449
2025-03-25 04:43:00,5684.2955
2025-03-25 04:44:00,5812.1818
2025-03-25 04:45:00,5758.2758
2025-03-25 04:46:00,5757.2370
2025-03-25 04:47:00,5665.1973
2025-03-25 04:48:00,5665.1973
2025-03-25 04:49:00,5755.0960
2025-03-25 04:50:00,5755.5591
2025-03-25 04:51:00,5812.1818
2025-03-25 04:52:00,5775.0917
2025-03-25 04:53:00,5759.1081
2025-03-25 04:54:00,5812.1818
2025-03-25 04:55:00,5686.1738
2025-03-25 04:56:00,5762.1883
2025-03-25 04:57:00,5695.4325
2025-03-25 04:58:00,5772.8657
2025-03-25 04:59:00,5812.1818
2025-03-25 05:00:00,5812.1818
2025-03-25 05:01:00,5812.1818
2025-03-25 05:02:00,5784.3688
2025-03-25 05:03:00,5812.1818
2025-03-25 05:04:00,5787.9470
2025-03-25 05:05:00,5792.6862
2025-03-25 05:06:00,5782.3816
2025-03-25 05:07:00,5799.0774
2025-03-25 05:08:00,5812.1818
2025-03-25 05:09:00,5812.1818
2025-03-25 05:10:00,5733.7406
2025-03-25 05:11:00,5812.1818
2025-03-25 05:12:00,5798.7263
2025-03-25 05:13:00,5664.7722
2025-03-25 05:14:00,5812.1818
2025-03-25 05:15:00,5812.1818
2025-03-25 05:16:00,5812.1818
2025-03-25 05:17:00,5812.1818
2025-03-25 05:18:00,5812.1818
2025-03-25 05:19:00,5812.1818
2025-03-25 05:20:00,5792.7157
2025-03-25 05:21:00,5812.1818
2025-03-25 05:22:00,5812.1818
2025-03-25 05:23:00,5812.1818
2025-03-25 05:24:00,5812.1818
2025-03-25 05:25:00,5812.1818
2025-03-25 05:26:00,5812.1818
2025-03-25 05:27:00,5794.3784
2025-03-25 05:28:00,5658.1955
2025-03-25 05:29:00,5812.1818
2025-03-25 05:30:00,5812.1818
2025-03-25 05:31:00,5794.0991
2025-03-25 05:32:00,5812.1818
2025-03-25 05:33:00,5795.7778
2025-03-25 05:34:00,5772.6694
2025-03-25 05:35:00,5769.6440
2025-03-25 05:36:00,5812.1818
2025-03-25 05:37:00,5812.1818
2025-03-25 05:38:00,5812.1818
2025-03-25 05:39:00,5803.3193
2025-03-25 05:40:00,5741.4624
2025-03-25 05:41:00,5744.1936
2025-03-25 05:42:00,5791.6244
2025-03-25 05:43:00,5788.8653
2025-03-25 05:44:00,5812.1818
2025-03-25 05:45:00,5812.1818
2025-03-25 05:46:00,5772.6851
2025-03-25 05:47:00,5812.1818
2025-03-25 05:48:00,5775.5841
2025-03-25 05:49:00,5788.1518
2025-03-25 05:50:00,5787.8163
2025-03-25 05:51:00,5812.1818
2025-03-25 05:52:00,5790.5444
2025-03-25 05:53:00,5812.1818
2025-03-25 05:54:00,5812.1818
2025-03-25 05:55:00,5655.6232
2025-03-25 05:56:00,5655.4845
2025-03-25 05:57:00,5760.2395
2025-03-25 05:58:00,5655.6232
2025-03-25 05:59:00,5678.6024
2025-03-25 06:00:00,5655.0051
2025-03-25 06:01:00,5812.1818
2025-03-25 06:02:00,5812.1818
2025-03-25 06:03:00,5812.1818
2025-03-25 06:04:00,5764.4765
2025-03-25 06:05:00,5764.4765
2025-03-25 06:06:00,5677.5882
2025-03-25 06:07:00,5812.1818
2025-03-25 06:08:00,5812.1818
2025-03-25 06:09:00,5812.1818
2025-03-25 06:10:00,5677.5422
2025-03-25 06:11:00,5812.1818
2025-03-25 06:12:00,5812.1818
2025-03-25 06:13:00,5674.3911
2025-03-25 06:14:00,5589.6798
2025-03-25 06:15:00,5812.1818
2025-03-25 06:16:00,5812.1818
2025-03-25 06:17:00,5812.1818
2025-03-25 06:18:00,5802.8780
2025-03-25 06:19:00,5802.8780
2025-03-25 06:20:00,5802.8780
2025-03-25 06:21:00,5812.1818
2025-03-25 06:22:00,5812.1818
2025-03-25 06:23:00,5812.1818
2025-03-25 06:24:00,5801.1511
2025-03-25 06:25:00,5778.3769
2025-03-25 06:26:00,5812.1818
2025-03-25 06:27:00,5677.8246
2025-03-25 06:28:00,5764.4765
2025-03-25 06:29:00,5812.1818
2025-03-25 06:30:00,5802.0069
2025-03-25 06:31:00,5797.3221
2025-03-25 06:32:00,5812.1818
2025-03-25 06:33:00,5812.1818
2025-03-25 06:34:00,5743.5145
2025-03-25 06:35:00,5796.7098
2025-03-25 06:36:00,5812.1818
2025-03-25 06:37:00,5812.1818
2025-03-25 06:38:00,5812.1818
2025-03-25 06:39:00,5812.1818
2025-03-25 06:40:00,5791.8107
2025-03-25 06:41:00,5812.1818
2025-03-25 06:42:00,5812.1818
2025-03-25 06:43:00,5779.1970
2025-03-25 06:44:00,5812.1818
2025-03-25 06:45:00,5812.1818
2025-03-25 06:46:00,5812.1818
2025-03-25 06:47:00,5812.1818
2025-03-25 06:48:00,5778.6224
2025-03-25 06:49:00,5812.1818
2025-03-25 06:50:00,5802.0069
2025-03-25 06:51:00,5812.1818
2025-03-25 06:52:00,5812.1818
2025-03-25 06:53:00,5812.1818
2025-03-25 06:54:00,5812.1818
2025-03-25 06:55:00,5728.6538
2025-03-25 06:56:00,5727.1742
2025-03-25 06:57:00,5798.8591
2025-03-25 06:58:00,5796.4440
2025-03-25 06:59:00,5773.0571
2025-03-25 07:00:00,5794.9485
2025-03-25 07:01:00,5812.1818
2025-03-25 07:02:00,5812.1818
2025-03-25 07:03:00,5793.2827
2025-03-25 07:04:00,5812.1818
2025-03-25 07:05:00,5812.1818
2025-03-25 07:06:00,5768.6601
2025-03-25 07:07:00,5812.1818
2025-03-25 07:08:00,5812.1818
2025-03-25 07:09:00,5812.1818
2025-03-25 07:10:00,5768.6601
2025-03-25 07:11:00,5812.1818
2025-03-25 07:12:00,5812.1818
2025-03-25 07:13:00,5812.1818
2025-03-25 07:14:00,5812.1818
2025-03-25 07:15:00,5812.1818
2025-03-25 07:16:00,5812.1818
2025-03-25 07:17:00,5812.1818
2025-03-25 07:18:00,5812.1818
2025-03-25 07:19:00,5812.1818
2025-03-25 07:20:00,5812.1818
2025-03-25 07:21:00,5767.7528
2025-03-25 07:22:00,5812.1818
2025-03-25 07:23:00,5812.1818
2025-03-25 07:24:00,5760.6074
2025-03-25 07:25:00,5670.8853
2025-03-25 07:26:00,5812.1818
2025-03-25 07:27:00,5812.1818
2025-03-25 07:28:00,5759.7643
2025-03-25 07:29:00,5812.1818
2025-03-25 07:30:00,5812.1818
2025-03-25 07:31:00,5812.1818
2025-03-25 07:32:00,5812.1818
2025-03-25 07:33:00,5812.1818
2025-03-25 07:34:00,5812.1818
2025-03-25 07:35:00,5812.1818
2025-03-25 07:36:00,5812.1818
2025-03-25 07:37:00,5812.1818
2025-03-25 07:38:00,5812.1818
2025-03-25 07:39:00,5812.1818
2025-03-25 07:40:00,5744.0715
2025-03-25 07:41:00,5743.9834
2025-03-25 07:42:00,5812.1818
2025-03-25 07:43:00,5812.1818
2025-03-25 07:44:00,5812.1818
2025-03-25 07:45:00,5812.1818
2025-03-25 07:46:00,5812.1818
2025-03-25 07:47:00,5812.1818
2025-03-25 07:48:00,5742.7470
2025-03-25 07:49:00,5812.1818
2025-03-25 07:50:00,5812.1818
2025-03-25 07:51:00,5812.1818
2025-03-25 07:52:00,5832.2618
2025-03-25 07:53:00,5812.1818
2025-03-25 07:54:00,5812.1818
2025-03-25 07:55:00,5742.2882
2025-03-25 07:56:00,5812.1818
2025-03-25 07:57:00,5812.1818
2025-03-25 07:58:00,5812.1818
2025-03-25 07:59:00,5812.1818
2025-03-25 08:00:00,5812.1818
2025-03-25 08:01:00,5812.1818
2025-03-25 08:02:00,5812.1818
2025-03-25 08:03:00,5812.1818
2025-03-25 08:04:00,5812.1818
2025-03-25 08:05:00,5812.1818
2025-03-25 08:06:00,5746.5225
2025-03-25 08:07:00,5812.1818
2025-03-25 08:08:00,5812.1818
2025-03-25 08:09:00,5812.1818
2025-03-25 08:10:00,5747.4203
2025-03-25 08:11:00,5812.1818
2025-03-25 08:12:00,5812.1818
2025-03-25 08:13:00,5812.1818
2025-03-25 08:14:00,5812.1818
2025-03-25 08:15:00,5828.5217
2025-03-25 08:16:00,5812.1818
2025-03-25 08:17:00,5812.1818
2025-03-25 08:18:00,5812.1818
2025-03-25 08:19:00,5812.1818
2025-03-25 08:20:00,5812.1818
2025-03-25 08:21:00,5812.1818
2025-03-25 08:22:00,5828.8551
2025-03-25 08:23:00,5812.1818
2025-03-25 08:24:00,5812.1818
2025-03-25 08:25:00,5746.8928
2025-03-25 08:26:00,5812.1818
2025-03-25 08:27:00,5654.0623
2025-03-25 08:28:00,5812.1818
2025-03-25 08:29:00,5812.1818
2025-03-25 08:30:00,5830.2151
2025-03-25 08:31:00,5779.6971
2025-03-25 08:32:00,5768.5268
2025-03-25 08:33:00,5768.0678
2025-03-25 08:34:00,5755.6522
2025-03-25 08:35:00,5755.5374
2025-03-25 08:36:00,5868.8351
2025-03-25 08:37:00,5830.6135
2025-03-25 08:38:00,5830.9568
2025-03-25 08:39:00,5775.7761
2025-03-25 08:40:00,5766.4963
2025-03-25 08:41:00,5754.3769
2025-03-25 08:42:00,5776.3239
2025-03-25 08:43:00,5755.8761
2025-03-25 08:44:00,5756.2316
2025-03-25 08:45:00,5768.7095
2025-03-25 08:46:00,5778.9873
2025-03-25 08:47:00,5778.6086
2025-03-25 08:48:00,5778.3578
2025-03-25 08:49:00,5812.1818
2025-03-25 08:50:00,5812.1818
2025-03-25 08:51:00,5812.1818
2025-03-25 08:52:00,5750.9395
2025-03-25 08:53:00,5812.1818
2025-03-25 08:54:00,5812.1818
2025-03-25 08:55:00,5688.1409
2025-03-25 08:56:00,5748.8366
2025-03-25 08:57:00,5774.2822
2025-03-25 08:58:00,5773.4409
2025-03-25 08:59:00,5812.1818
2025-03-25 09:00:00,5753.8710
2025-03-25 09:01:00,5681.1276
2025-03-25 09:02:00,5768.3088
2025-03-25 09:03:00,5679.1512
2025-03-25 09:04:00,5812.1818
2025-03-25 09:05:00,5678.6126
2025-03-25 09:06:00,5751.9779
2025-03-25 09:07:00,5678.1217
2025-03-25 09:08:00,5812.1818
2025-03-25 09:09:00,5812.1818
2025-03-25 09:10:00,5665.5046
2025-03-25 09:11:00,5770.7814
2025-03-25 09:12:00,5812.1818
2025-03-25 09:13:00,5812.1818
2025-03-25 09:14:00,5812.1818
2025-03-25 09:15:00,5812.1818
2025-03-25 09:16:00,5812.1818
2025-03-25 09:17:00,5770.0076
2025-03-25 09:18:00,5770.7539
2025-03-25 09:19:00,5812.1818
2025-03-25 09:20:00,5754.0504
2025-03-25 09:21:00,5770.9364
2025-03-25 09:22:00,5812.1818
2025-03-25 09:23:00,5812.1818
2025-03-25 09:24:00,5774.0039
2025-03-25 09:25:00,5684.4821
2025-03-25 09:26:00,5812.1818
2025-03-25 09:27:00,5812.1818
2025-03-25 09:28:00,5812.1818
2025-03-25 09:29:00,5812.1818
2025-03-25 09:30:00,5812.1818
2025-03-25 09:31:00,5812.1818
2025-03-25 09:32:00,5812.1818
2025-03-25 09:33:00,5762.9011
2025-03-25 09:34:00,5782.5131
2025-03-25 09:35:00,5812.1818
2025-03-25 09:36:00,5770.9209
2025-03-25 09:37:00,5812.1818
2025-03-25 09:38:00,5812.1818
2025-03-25 09:39:00,5787.3393
2025-03-25 09:40:00,5696.0016
2025-03-25 09:41:00,5790.3381
2025-03-25 09:42:00,5812.1818
2025-03-25 09:43:00,5791.7196
2025-03-25 09:44:00,5812.1818
2025-03-25 09:45:00,5812.1818
2025-03-25 09:46:00,5812.1818
2025-03-25 09:47:00,5812.1818
2025-03-25 09:48:00,5695.5242
2025-03-25 09:49:00,5781.0917
2025-03-25 09:50:00,5780.3604
2025-03-25 09:51:00,5765.9853
2025-03-25 09:52:00,5758.6372
2025-03-25 09:53:00,5778.0860
2025-03-25 09:54:00,5775.6890
2025-03-25 09:55:00,5682.7913
2025-03-25 09:56:00,5753.5546
2025-03-25 09:57:00,5753.2868
2025-03-25 09:58:00,5680.5438
2025-03-25 09:59:00,5665.4904
2025-03-25 10:00:00,5812.1818
2025-03-25 10:01:00,5812.1818
2025-03-25 10:02:00,5812.1818
2025-03-25 10:03:00,5754.4462
2025-03-25 10:04:00,5772.8145
2025-03-25 10:05:00,5756.3026
2025-03-25 10:06:00,5684.7052
2025-03-25 10:07:00,5685.0508
2025-03-25 10:08:00,5812.1818
2025-03-25 10:09:00,5812.1818
2025-03-25 10:10:00,5760.6632
2025-03-25 10:11:00,5812.1818
2025-03-25 10:12:00,5812.1818
2025-03-25 10:13:00,5764.5202
2025-03-25 10:14:00,5693.6956
2025-03-25 10:15:00,5812.1818
2025-03-25 10:16:00,5812.1818
2025-03-25 10:17:00,5812.1818
2025-03-25 10:18:00,5812.1818
2025-03-25 10:19:00,5812.1818
2025-03-25 10:20:00,5595.8182
2025-03-25 10:21:00,5792.7771
2025-03-25 10:22:00,5812.1818
2025-03-25 10:23:00,5812.1818
2025-03-25 10:24:00,5812.1818
2025-03-25 10:25:00,5812.1818
2025-03-25 10:26:00,5812.1818
2025-03-25 10:27:00,5777.4250
2025-03-25 10:28:00,5756.3134
2025-03-25 10:29:00,5675.0871
2025-03-25 10:30:00,5756.1131
2025-03-25 10:31:00,5756.7132
2025-03-25 10:32:00,5812.1818
2025-03-25 10:33:00,5760.9382
2025-03-25 10:34:00,5654.6307
2025-03-25 10:35:00,5760.2504
2025-03-25 10:36:00,5678.7147
2025-03-25 10:37:00,5812.1818
2025-03-25 10:38:00,5675.2273
2025-03-25 10:39:00,5759.3629
2025-03-25 10:40:00,5655.2701
2025-03-25 10:41:00,5759.5691
2025-03-25 10:42:00,5812.1818
2025-03-25 10:43:00,5678.7717
2025-03-25 10:44:00,5812.1818
2025-03-25 10:45:00,5812.1818
2025-03-25 10:46:00,5755.1754
2025-03-25 10:47:00,5753.2399
2025-03-25 10:48:00,5647.7016
2025-03-25 10:49:00,5662.8722
2025-03-25 10:50:00,5662.4011
2025-03-25 10:51:00,5645.9736
2025-03-25 10:52:00,5648.3228
2025-03-25 10:53:00,5748.5790
2025-03-25 10:54:00,5748.4193
2025-03-25 10:55:00,5757.0938
2025-03-25 10:56:00,5684.1378
2025-03-25 10:57:00,5775.6883
2025-03-25 10:58:00,5757.4605
2025-03-25 10:59:00,5758.7025
2025-03-25 11:00:00,5776.9829
2025-03-25 11:01:00,5777.9136
2025-03-25 11:02:00,5761.4404
2025-03-25 11:03:00,5687.3246
2025-03-25 11:04:00,5780.1716
2025-03-25 11:05:00,5779.9869
2025-03-25 11:06:00,5763.8455
2025-03-25 11:07:00,5812.1818
2025-03-25 11:08:00,5812.1818
2025-03-25 11:09:00,5783.6553
2025-03-25 11:10:00,5812.1818
2025-03-25 11:11:00,5785.9205
2025-03-25 11:12:00,5812.1818
2025-03-25 11:13:00,5754.3960
2025-03-25 11:14:00,5681.3306
2025-03-25 11:15:00,5812.1818
2025-03-25 11:16:00,5812.1818
2025-03-25 11:17:00,5789.6563
2025-03-25 11:18:00,5789.6563
2025-03-25 11:19:00,5812.1818
2025-03-25 11:20:00,5781.9627
2025-03-25 11:21:00,5790.0325
2025-03-25 11:22:00,5812.1818
2025-03-25 11:23:00,5812.1818
2025-03-25 11:24:00,5789.2806
2025-03-25 11:25:00,5789.6563
2025-03-25 11:26:00,5790.4094
2025-03-25 11:27:00,5812.1818
2025-03-25 11:28:00,5779.7682
2025-03-25 11:29:00,5778.3105
2025-03-25 11:30:00,5812.1818
2025-03-25 11:31:00,5812.1818
2025-03-25 11:32:00,5812.1818
2025-03-25 11:33:00,5788.5309
2025-03-25 11:34:00,5788.9055
2025-03-25 11:35:00,5779.0389
2025-03-25 11:36:00,5779.0389
2025-03-25 11:37:00,5812.1818
2025-03-25 11:38:00,5812.1818
2025-03-25 11:39:00,5812.1818
2025-03-25 11:40:00,5703.1560
2025-03-25 11:41:00,5703.4806
2025-03-25 11:42:00,5812.1818
2025-03-25 11:43:00,5773.5567
2025-03-25 11:44:00,5771.4736
2025-03-25 11:45:00,5812.1818
2025-03-25 11:46:00,5812.1818
2025-03-25 11:47:00,5751.0887
2025-03-25 11:48:00,5646.7931
2025-03-25 11:49:00,5667.2483
2025-03-25 11:50:00,5667.8050
2025-03-25 11:51:00,5649.0313
2025-03-25 11:52:00,5648.3970
2025-03-25 11:53:00,5704.1475
2025-03-25 11:54:00,5812.1818
2025-03-25 11:55:00,5702.2162
2025-03-25 11:56:00,5753.1888
2025-03-25 11:57:00,5791.9241
2025-03-25 11:58:00,5785.6413
2025-03-25 11:59:00,5793.0471
2025-03-25 12:00:00,5812.1818
2025-03-25 12:01:00,5795.2029
2025-03-25 12:02:00,5812.1818
2025-03-25 12:03:00,5797.4846
2025-03-25 12:04:00,5812.1818
2025-03-25 12:05:00,5796.9049
2025-03-25 12:06:00,5797.6988
2025-03-25 12:07:00,5775.0902
2025-03-25 12:08:00,5812.1818
2025-03-25 12:09:00,5799.7434
2025-03-25 12:10:00,5812.1818
2025-03-25 12:11:00,5812.1818
2025-03-25 12:12:00,5812.1818
2025-03-25 12:13:00,5800.1429
2025-03-25 12:14:00,5772.4136
2025-03-25 12:15:00,5812.1818
2025-03-25 12:16:00,5812.1818
2025-03-25 12:17:00,5812.1818
2025-03-25 12:18:00,5812.1818
2025-03-25 12:19:00,5812.1818
2025-03-25 12:20:00,5595.8182
2025-03-25 12:21:00,5799.7804
2025-03-25 12:22:00,5595.8182
2025-03-25 12:23:00,5812.1818
2025-03-25 12:24:00,5812.1818
2025-03-25 12:25:00,5800.9366
2025-03-25 12:26:00,5730.1216
2025-03-25 12:27:00,5730.8511
2025-03-25 12:28:00,5801.3020
2025-03-25 12:29:00,5800.5769
2025-03-25 12:30:00,5812.1818
2025-03-25 12:31:00,5812.1818
2025-03-25 12:32:00,5771.2868
2025-03-25 12:33:00,5670.1000
2025-03-25 12:34:00,5664.2260
2025-03-25 12:35:00,5812.1818
2025-03-25 12:36:00,5798.5308
2025-03-25 12:37:00,5724.9322
2025-03-25 12:38:00,5812.1818
2025-03-25 12:39:00,5812.1818
2025-03-25 12:40:00,5812.1818
2025-03-25 12:41:00,5770.5299
2025-03-25 12:42:00,5812.1818
2025-03-25 12:43:00,5769.9907
2025-03-25 12:44:00,5663.1330
2025-03-25 12:45:00,5812.1818
2025-03-25 12:46:00,5812.1818
2025-03-25 12:47:00,5812.1818
2025-03-25 12:48:00,5812.1818
2025-03-25 12:49:00,5661.4464
2025-03-25 12:50:00,5761.0833
2025-03-25 12:51:00,5760.8080
2025-03-25 12:52:00,5759.8872
2025-03-25 12:53:00,5762.1557
2025-03-25 12:54:00,5769.7735
2025-03-25 12:55:00,5762.2276
2025-03-25 12:56:00,5590.1941
2025-03-25 12:57:00,5812.1818
2025-03-25 12:58:00,5812.1818
2025-03-25 12:59:00,5646.1472
2025-03-25 13:00:00,5812.1818
2025-03-25 13:01:00,5812.1818
2025-03-25 13:02:00,5812.1818
2025-03-25 13:03:00,5751.0311
2025-03-25 13:04:00,5812.1818
2025-03-25 13:05:00,5812.1818
2025-03-25 13:06:00,5748.5272
2025-03-25 13:07:00,5812.1818
2025-03-25 13:08:00,5839.1124
2025-03-25 13:09:00,5812.1818
2025-03-25 13:10:00,5812.1818
2025-03-25 13:11:00,5812.1818
2025-03-25 13:12:00,5812.1818
2025-03-25 13:13:00,5812.1818
2025-03-25 13:14:00,5812.1818
2025-03-25 13:15:00,5812.1818
2025-03-25 13:16:00,5812.1818
2025-03-25 13:17:00,5812.1818
2025-03-25 13:18:00,5649.6497
2025-03-25 13:19:00,5812.1818
2025-03-25 13:20:00,5649.6904
2025-03-25 13:21:00,5812.1818
2025-03-25 13:22:00,5748.7733
2025-03-25 13:23:00,5829.3441
2025-03-25 13:24:00,5812.1818
2025-03-25 13:25:00,5812.1818
2025-03-25 13:26:00,5812.1818
2025-03-25 13:27:00,5812.1818
2025-03-25 13:28:00,5812.1818
2025-03-25 13:29:00,5651.2101
2025-03-25 13:30:00,5829.7891
2025-03-25 13:31:00,5812.1818
2025-03-25 13:32:00,5812.1818
2025-03-25 13:33:00,5691.0380
2025-03-25 13:34:00,5746.7014
2025-03-25 13:35:00,5812.1818
2025-03-25 13:36:00,5812.1818
2025-03-25 13:37:00,5746.4061
2025-03-25 13:38:00,5812.1818
2025-03-25 13:39:00,5812.1818
2025-03-25 13:40:00,5812.1818
2025-03-25 13:41:00,5812.1818
2025-03-25 13:42:00,5812.1818
2025-03-25 13:43:00,5812.1818
2025-03-25 13:44:00,5746.5120
2025-03-25 13:45:00,5812.1818
2025-03-25 13:46:00,5812.1818
2025-03-25 13:47:00,5812.1818
2025-03-25 13:48:00,5812.1818
2025-03-25 13:49:00,5812.1818
2025-03-25 13:50:00,5812.1818
2025-03-25 13:51:00,5812.1818
2025-03-25 13:52:00,5812.1818
2025-03-25 13:53:00,5812.1818
2025-03-25 13:54:00,5812.1818
2025-03-25 13:55:00,5812.1818
2025-03-25 13:56:00,5812.1818
2025-03-25 13:57:00,5812.1818
2025-03-25 13:58:00,5812.1818
2025-03-25 13:59:00,5812.1818
2025-03-25 14:00:00,5812.1818
2025-03-25 14:01:00,5812.1818
2025-03-25 14:02:00,5812.1818
2025-03-25 14:03:00,5812.1818
2025-03-25 14:04:00,5812.1818
2025-03-25 14:05:00,5760.3473
2025-03-25 14:06:00,5677.6346
2025-03-25 14:07:00,5656.4853
2025-03-25 14:08:00,5757.9940
2025-03-25 14:09:00,5749.4812
2025-03-25 14:10:00,5664.3379
2025-03-25 14:11:00,5664.6112
2025-03-25 14:12:00,5749.2605
2025-03-25 14:13:00,5665.8431
2025-03-25 14:14:00,5678.2006
2025-03-25 14:15:00,5812.1818
2025-03-25 14:16:00,5752.2439
2025-03-25 14:17:00,5769.3249
2025-03-25 14:18:00,5812.1818
2025-03-25 14:19:00,5678.7812
2025-03-25 14:20:00,5665.7460
2025-03-25 14:21:00,5753.1884
2025-03-25 14:22:00,5812.1818
2025-03-25 14:23:00,5812.1818
2025-03-25 14:24:00,5770.7450
2025-03-25 14:25:00,5812.1818
2025-03-25 14:26:00,5769.6550
2025-03-25 14:27:00,5812.1818
2025-03-25 14:28:00,5752.6725
2025-03-25 14:29:00,5680.4131
2025-03-25 14:30:00,5812.1818
2025-03-25 14:31:00,5771.5291
2025-03-25 14:32:00,5812.1818
2025-03-25 14:33:00,5773.2690
2025-03-25 14:34:00,5757.2141
2025-03-25 14:35:00,5812.1818
2025-03-25 14:36:00,5756.9538
2025-03-25 14:37:00,5812.1818
2025-03-25 14:38:00,5776.1078
2025-03-25 14:39:00,5686.9214
2025-03-25 14:40:00,5762.0308
2025-03-25 14:41:00,5762.2418
2025-03-25 14:42:00,5812.1818
2025-03-25 14:43:00,5778.4146
2025-03-25 14:44:00,5689.5121
2025-03-25 14:45:00,5601.9091
2025-03-25 14:46:00,5812.1818
2025-03-25 14:47:00,5787.4098
2025-03-25 14:48:00,5812.1818
2025-03-25 14:49:00,5702.8372
2025-03-25 14:50:00,5790.7870
2025-03-25 14:51:00,5781.9627
2025-03-25 14:52:00,5784.9083
2025-03-25 14:53:00,5790.6906
2025-03-25 14:54:00,5812.1818
2025-03-25 14:55:00,5776.6331
2025-03-25 14:56:00,5595.8182
2025-03-25 14:57:00,5798.6737
2025-03-25 14:58:00,5792.7771
2025-03-25 14:59:00,5780.4293
2025-03-25 15:00:00,5812.1818
2025-03-25 15:01:00,5812.1818
2025-03-25 15:02:00,5780.2920
2025-03-25 15:03:00,5777.6518
2025-03-25 15:04:00,5661.7020
2025-03-25 15:05:00,5682.9206
2025-03-25 15:06:00,5681.9568
2025-03-25 15:07:00,5682.1197
2025-03-25 15:08:00,5812.1818
2025-03-25 15:09:00,5769.2925
2025-03-25 15:10:00,5770.1878
2025-03-25 15:11:00,5681.0156
2025-03-25 15:12:00,5771.4284
2025-03-25 15:13:00,5665.3748
2025-03-25 15:14:00,5755.2992
2025-03-25 15:15:00,5812.1818
2025-03-25 15:16:00,5774.2267
2025-03-25 15:17:00,5757.2141
2025-03-25 15:18:00,5685.8146
2025-03-25 15:19:00,5757.8218
2025-03-25 15:20:00,5686.7526
2025-03-25 15:21:00,5779.4451
2025-03-25 15:22:00,5688.5607
2025-03-25 15:23:00,5812.1818
2025-03-25 15:24:00,5812.1818
2025-03-25 15:25:00,5812.1818
2025-03-25 15:26:00,5785.4399
2025-03-25 15:27:00,5812.1818
2025-03-25 15:28:00,5781.2273
2025-03-25 15:29:00,5784.3226
2025-03-25 15:30:00,5812.1818
2025-03-25 15:31:00,5690.2643
2025-03-25 15:32:00,5812.1818
2025-03-25 15:33:00,5681.9966
2025-03-25 15:34:00,5681.3990
2025-03-25 15:35:00,5791.0146
2025-03-25 15:36:00,5776.8878
2025-03-25 15:37:00,5678.4942
2025-03-25 15:38:00,5595.8182
2025-03-25 15:39:00,5812.1818
2025-03-25 15:40:00,5764.3718
2025-03-25 15:41:00,5651.2143
2025-03-25 15:42:00,5651.2143
2025-03-25 15:43:00,5590.1984
2025-03-25 15:44:00,5674.8523
2025-03-25 15:45:00,5759.6964
2025-03-25 15:46:00,5674.9513
2025-03-25 15:47:00,5812.1818
2025-03-25 15:48:00,5761.1689
2025-03-25 15:49:00,5654.6307
2025-03-25 15:50:00,5812.1818
2025-03-25 15:51:00,5678.5470
2025-03-25 15:52:00,5678.3841
2025-03-25 15:53:00,5812.1818
2025-03-25 15:54:00,5812.1818
2025-03-25 15:55:00,5678.4379
2025-03-25 15:56:00,5654.5530
2025-03-25 15:57:00,5760.2504
2025-03-25 15:58:00,5758.6357
2025-03-25 15:59:00,5675.8355
2025-03-25 16:00:00,5751.2959
2025-03-25 16:01:00,5749.0325
2025-03-25 16:02:00,5749.4222
2025-03-25 16:03:00,5748.7283
2025-03-25 16:04:00,5663.9516
2025-03-25 16:05:00,5648.8678
2025-03-25 16:06:00,5648.5567
2025-03-25 16:07:00,5648.8678
2025-03-25 16:08:00,5749.7812
2025-03-25 16:09:00,5748.6159
2025-03-25 16:10:00,5664.0000
2025-03-25 16:11:00,5595.8182
2025-03-25 16:12:00,5663.7371
2025-03-25 16:13:00,5778.3832
2025-03-25 16:14:00,5761.9914
2025-03-25 16:15:00,5778.8889
2025-03-25 16:16:00,5812.1818
2025-03-25 16:17:00,5779.2354
2025-03-25 16:18:00,5781.5162
2025-03-25 16:19:00,5690.6015
2025-03-25 16:20:00,5692.0866
2025-03-25 16:21:00,5768.0008
2025-03-25 16:22:00,5770.7793
2025-03-25 16:23:00,5812.1818
2025-03-25 16:24:00,5812.1818
2025-03-25 16:25:00,5776.1300
2025-03-25 16:26:00,5776.8562
2025-03-25 16:27:00,5663.2256
2025-03-25 16:28:00,5788.1567
2025-03-25 16:29:00,5776.8562
2025-03-25 16:30:00,5812.1818
2025-03-25 16:31:00,5812.1818
2025-03-25 16:32:00,5788.9055
2025-03-25 16:33:00,5812.1818
2025-03-25 16:34:00,5702.2344
2025-03-25 16:35:00,5787.4098
2025-03-25 16:36:00,5775.4044
2025-03-25 16:37:00,5701.2502
2025-03-25 16:38:00,5812.1818
2025-03-25 16:39:00,5774.6793
2025-03-25 16:40:00,5812.1818
2025-03-25 16:41:00,5697.3720
2025-03-25 16:42:00,5663.4405
2025-03-25 16:43:00,5772.5058
2025-03-25 16:44:00,5771.4736
2025-03-25 16:45:00,5812.1818
2025-03-25 16:46:00,5812.1818
2025-03-25 16:47:00,5812.1818
2025-03-25 16:48:00,5812.1818
2025-03-25 16:49:00,5701.2502
2025-03-25 16:50:00,5787.4098
2025-03-25 16:51:00,5701.2502
2025-03-25 16:52:00,5699.6546
2025-03-25 16:53:00,5812.1818
2025-03-25 16:54:00,5812.1818
2025-03-25 16:55:00,5781.5162
2025-03-25 16:56:00,5780.8030
2025-03-25 16:57:00,5689.9869
2025-03-25 16:58:00,5780.3585
2025-03-25 16:59:00,5762.4161
2025-03-25 17:00:00,5664.3916
2025-03-25 17:01:00,5812.1818
2025-03-25 17:02:00,5779.6544
2025-03-25 17:03:00,5812.1818
2025-03-25 17:04:00,5781.5162
2025-03-25 17:05:00,5812.1818
2025-03-25 17:06:00,5770.7793
2025-03-25 17:07:00,5698.7252
2025-03-25 17:08:00,5812.1818
2025-03-25 17:09:00,5776.8562
2025-03-25 17:10:00,5787.9470
2025-03-25 17:11:00,5703.1560
2025-03-25 17:12:00,5779.0389
2025-03-25 17:13:00,5790.0325
2025-03-25 17:14:00,5784.9083
2025-03-25 17:15:00,5812.1818
2025-03-25 17:16:00,5794.1095
2025-03-25 17:17:00,5794.4705
2025-03-25 17:18:00,5812.1818
2025-03-25 17:19:00,5781.6877
2025-03-25 17:20:00,5595.8182
2025-03-25 17:21:00,5794.6041
2025-03-25 17:22:00,5776.8878
2025-03-25 17:23:00,5797.8773
2025-03-25 17:24:00,5812.1818
2025-03-25 17:25:00,5798.6737
2025-03-25 17:26:00,5775.4900
2025-03-25 17:27:00,5676.2745
2025-03-25 17:28:00,5595.8182
2025-03-25 17:29:00,5675.1702
2025-03-25 17:30:00,5812.1818
2025-03-25 17:31:00,5775.0902
2025-03-25 17:32:00,5812.1818
2025-03-25 17:33:00,5812.1818
2025-03-25 17:34:00,5595.8182
2025-03-25 17:35:00,5595.8182
2025-03-25 17:36:00,5779.0787
2025-03-25 17:37:00,5740.7734
2025-03-25 17:38:00,5812.1818
2025-03-25 17:39:00,5800.3105
2025-03-25 17:40:00,5812.1818
2025-03-25 17:41:00,5802.0069
2025-03-25 17:42:00,5595.8182
2025-03-25 17:43:00,5803.7645
2025-03-25 17:44:00,5776.8762
2025-03-25 17:45:00,5731.5777
2025-03-25 17:46:00,5668.0474
2025-03-25 17:47:00,5812.1818
2025-03-25 17:48:00,5812.1818
2025-03-25 17:49:00,5669.1395
2025-03-25 17:50:00,5800.5111
2025-03-25 17:51:00,5773.3970
2025-03-25 17:52:00,5772.9476
2025-03-25 17:53:00,5812.1818
2025-03-25 17:54:00,5812.1818
2025-03-25 17:55:00,5798.7263
2025-03-25 17:56:00,5665.8641
2025-03-25 17:57:00,5666.4100
2025-03-25 17:58:00,5797.0724
2025-03-25 17:59:00,5771.0933
2025-03-25 18:00:00,5595.8182
2025-03-25 18:01:00,5812.1818
2025-03-25 18:02:00,5794.3784
2025-03-25 18:03:00,5793.5513
2025-03-25 18:04:00,5812.1818
2025-03-25 18:05:00,5812.1818
2025-03-25 18:06:00,5812.1818
2025-03-25 18:07:00,5812.1818
2025-03-25 18:08:00,5812.1818
2025-03-25 18:09:00,5812.1818
2025-03-25 18:10:00,5812.1818
2025-03-25 18:11:00,5756.9817
2025-03-25 18:12:00,5812.1818
2025-03-25 18:13:00,5780.6632
2025-03-25 18:14:00,5754.8051
2025-03-25 18:15:00,5750.7566
2025-03-25 18:16:00,5812.1818
2025-03-25 18:17:00,5812.1818
2025-03-25 18:18:00,5812.1818
2025-03-25 18:19:00,5812.1818
2025-03-25 18:20:00,5749.2696
2025-03-25 18:21:00,5812.1818
2025-03-25 18:22:00,5812.1818
2025-03-25 18:23:00,5812.1818
2025-03-25 18:24:00,5812.1818
2025-03-25 18:25:00,5812.1818
2025-03-25 18:26:00,5748.5272
2025-03-25 18:27:00,5647.3838
2025-03-25 18:28:00,5812.1818
2025-03-25 18:29:00,5748.3530
2025-03-25 18:30:00,5829.6124
2025-03-25 18:31:00,5812.1818
2025-03-25 18:32:00,5812.1818
2025-03-25 18:33:00,5812.1818
2025-03-25 18:34:00,5812.1818
2025-03-25 18:35:00,5648.6066
2025-03-25 18:36:00,5693.5875
2025-03-25 18:37:00,5812.1818
2025-03-25 18:38:00,5812.1818
2025-03-25 18:39:00,5746.9586
2025-03-25 18:40:00,5812.1818
2025-03-25 18:41:00,5812.1818
2025-03-25 18:42:00,5746.6193
2025-03-25 18:43:00,5812.1818
2025-03-25 18:44:00,5812.1818
2025-03-25 18:45:00,5812.1818
2025-03-25 18:46:00,5812.1818
2025-03-25 18:47:00,5812.1818
2025-03-25 18:48:00,5812.1818
2025-03-25 18:49:00,5812.1818
2025-03-25 18:50:00,5812.1818
2025-03-25 18:51:00,5812.1818
2025-03-25 18:52:00,5691.1538
2025-03-25 18:53:00,5691.0380
2025-03-25 18:54:00,5812.1818
2025-03-25 18:55:00,5812.1818
2025-03-25 18:56:00,5747.6064
2025-03-25 18:57:00,5812.1818
2025-03-25 18:58:00,5812.1818
2025-03-25 18:59:00,5812.1818
2025-03-25 19:00:00,5812.1818
2025-03-25 19:01:00,5812.1818
2025-03-25 19:02:00,5812.1818
2025-03-25 19:03:00,5812.1818
2025-03-25 19:04:00,5812.1818
2025-03-25 19:05:00,5812.1818
2025-03-25 19:06:00,5812.1818
2025-03-25 19:07:00,5812.1818
2025-03-25 19:08:00,5828.8940
2025-03-25 19:09:00,5812.1818
2025-03-25 19:10:00,5812.1818
2025-03-25 19:11:00,5812.1818
2025-03-25 19:12:00,5812.1818
2025-03-25 19:13:00,5812.1818
2025-03-25 19:14:00,5812.1818
2025-03-25 19:15:00,5812.1818
2025-03-25 19:16:00,5812.1818
2025-03-25 19:17:00,5812.1818
2025-03-25 19:18:00,5746.9493
2025-03-25 19:19:00,5812.1818
2025-03-25 19:20:00,5748.4087
2025-03-25 19:21:00,5812.1818
2025-03-25 19:22:00,5751.7909
2025-03-25 19:23:00,5812.1818
2025-03-25 19:24:00,5775.1306
2025-03-25 19:25:00,5783.6740
2025-03-25 19:26:00,5788.5173
2025-03-25 19:27:00,5601.9091
2025-03-25 19:28:00,5812.1818
2025-03-25 19:29:00,5680.9154
2025-03-25 19:30:00,5678.9842
2025-03-25 19:31:00,5678.4330
2025-03-25 19:32:00,5678.9745
2025-03-25 19:33:00,5751.8819
2025-03-25 19:34:00,5678.5758
2025-03-25 19:35:00,5665.7728
2025-03-25 19:36:00,5679.0263
2025-03-25 19:37:00,5751.7471
2025-03-25 19:38:00,5768.1407
2025-03-25 19:39:00,5752.8178
2025-03-25 19:40:00,5770.0589
2025-03-25 19:41:00,5766.9445
2025-03-25 19:42:00,5767.0261
2025-03-25 19:43:00,5677.9302
2025-03-25 19:44:00,5678.1047
2025-03-25 19:45:00,5665.9556
2025-03-25 19:46:00,5766.4111
2025-03-25 19:47:00,5751.8633
2025-03-25 19:48:00,5679.1639
2025-03-25 19:49:00,5678.5573
2025-03-25 19:50:00,5754.5194
2025-03-25 19:51:00,5684.3419
2025-03-25 19:52:00,5682.4238
2025-03-25 19:53:00,5812.1818
2025-03-25 19:54:00,5812.1818
2025-03-25 19:55:00,5774.2418
2025-03-25 19:56:00,5774.8455
2025-03-25 19:57:00,5757.0959
2025-03-25 19:58:00,5775.6868
2025-03-25 19:59:00,5664.6984
2025-03-25 20:00:00,5686.0734
2025-03-25 20:01:00,5812.1818
2025-03-25 20:02:00,5812.1818
2025-03-25 20:03:00,5779.2685
2025-03-25 20:04:00,5688.7357
2025-03-25 20:05:00,5766.7109
2025-03-25 20:06:00,5695.9996
2025-03-25 20:07:00,5663.4110
2025-03-25 20:08:00,5701.2502
2025-03-25 20:09:00,5812.1818
2025-03-25 20:10:00,5812.1818
2025-03-25 20:11:00,5786.9665
2025-03-25 20:12:00,5780.4985
2025-03-25 20:13:00,5696.7484
2025-03-25 20:14:00,5695.5242
2025-03-25 20:15:00,5812.1818
2025-03-25 20:16:00,5791.9241
2025-03-25 20:17:00,5790.4094
2025-03-25 20:18:00,5774.6793
2025-03-25 20:19:00,5784.8064
2025-03-25 20:20:00,5601.9091
2025-03-25 20:21:00,5686.6621
2025-03-25 20:22:00,5686.1016
2025-03-25 20:23:00,5757.0731
2025-03-25 20:24:00,5755.9594
2025-03-25 20:25:00,5664.6910
2025-03-25 20:26:00,5664.7575
2025-03-25 20:27:00,5601.9091
2025-03-25 20:28:00,5601.9091
2025-03-25 20:29:00,5665.4180
2025-03-25 20:30:00,5665.3526
2025-03-25 20:31:00,5601.9091
2025-03-25 20:32:00,5682.3386
2025-03-25 20:33:00,5683.0479
2025-03-25 20:34:00,5774.4770
2025-03-25 20:35:00,5664.7702
2025-03-25 20:36:00,5686.0734
2025-03-25 20:37:00,5777.4488
2025-03-25 20:38:00,5685.8387
2025-03-25 20:39:00,5776.5413
2025-03-25 20:40:00,5812.1818
2025-03-25 20:41:00,5777.4488
2025-03-25 20:42:00,5664.6083
2025-03-25 20:43:00,5779.8042
2025-03-25 20:44:00,5763.6020
2025-03-25 20:45:00,5768.6958
2025-03-25 20:46:00,5663.9430
2025-03-25 20:47:00,5812.1818
2025-03-25 20:48:00,5785.1881
2025-03-25 20:49:00,5795.2029
2025-03-25 20:50:00,5776.2288
2025-03-25 20:51:00,5681.9966
2025-03-25 20:52:00,5595.8182
2025-03-25 20:53:00,5689.3517
2025-03-25 20:54:00,5812.1818
2025-03-25 20:55:00,5790.8062
2025-03-25 20:56:00,5774.7229
2025-03-25 20:57:00,5595.8182
2025-03-25 20:58:00,5781.0728
2025-03-25 20:59:00,5688.3357
2025-03-25 21:00:00,5688.9758
2025-03-25 21:01:00,5812.1818
2025-03-25 21:02:00,5812.1818
2025-03-25 21:03:00,5797.0954
2025-03-25 21:04:00,5797.0954
2025-03-25 21:05:00,5781.0377
2025-03-25 21:06:00,5781.6877
2025-03-25 21:07:00,5777.1517
2025-03-25 21:08:00,5595.8182
2025-03-25 21:09:00,5796.7098
2025-03-25 21:10:00,5796.7098
2025-03-25 21:11:00,5795.9493
2025-03-25 21:12:00,5748.2193
2025-03-25 21:13:00,5595.8182
2025-03-25 21:14:00,5783.1421
2025-03-25 21:15:00,5752.2026
2025-03-25 21:16:00,5791.1987
2025-03-25 21:17:00,5790.0325
2025-03-25 21:18:00,5785.7973
2025-03-25 21:18:02,5699.6546
2025-03-25 21:18:33,5771.4736
2025-03-25 21:19:00,5771.4736
2025-03-25 21:20:00,5693.0737
2025-03-25 21:21:00,5689.1499
2025-03-25 21:22:00,5646.5351
2025-03-25 21:23:00,5595.8182
2025-03-25 21:24:00,5663.5722
2025-03-25 21:25:00,5759.9550
2025-03-25 21:26:00,5686.4426
2025-03-25 21:27:00,5664.6153
2025-03-25 21:28:00,5687.9465
2025-03-25 21:29:00,5688.8893
2025-03-25 21:30:00,5688.8893
2025-03-25 21:31:00,5664.2611
2025-03-25 21:32:00,5812.1818
2025-03-25 21:33:00,5692.4534
2025-03-25 21:34:00,5765.2173
2025-03-25 21:35:00,5664.3057
2025-03-25 21:36:00,5691.2174
2025-03-25 21:37:00,5693.6956
2025-03-25 21:38:00,5783.6553
2025-03-25 21:39:00,5784.0120
2025-03-25 21:40:00,5812.1818
2025-03-25 21:41:00,5775.4838
2025-03-25 21:42:00,5812.1818
2025-03-25 21:43:00,5789.7484
2025-03-25 21:44:00,5752.8148
2025-03-25 21:45:00,5752.1647
2025-03-25 21:46:00,5793.7519
2025-03-25 21:47:00,5812.1818
2025-03-25 21:48:00,5779.9766
2025-03-25 21:49:00,5784.3226
2025-03-25 21:50:00,5750.8581
2025-03-25 21:51:00,5794.8350
2025-03-25 21:52:00,5783.5093
2025-03-25 21:53:00,5595.8182
2025-03-25 21:54:00,5794.4705
2025-03-25 21:55:00,5783.9096
2025-03-25 21:56:00,5783.5093
2025-03-25 21:57:00,5794.8350
2025-03-25 21:58:00,5795.2029
2025-03-25 21:59:00,5601.9091
2025-03-25 22:00:00,5750.3148
2025-03-25 22:01:00,5812.1818
2025-03-25 22:02:00,5783.1214
2025-03-25 22:03:00,5793.8930
2025-03-25 22:04:00,5795.5744
2025-03-25 22:05:00,5595.8182
2025-03-25 22:06:00,5780.7598
2025-03-25 22:07:00,5745.1888
2025-03-25 22:08:00,5812.1818
2025-03-25 22:09:00,5781.3574
2025-03-25 22:10:00,5781.6877
2025-03-25 22:11:00,5782.7692
2025-03-25 22:12:00,5794.8350
2025-03-25 22:13:00,5749.5431
2025-03-25 22:14:00,5783.9096
2025-03-25 22:15:00,5655.8882
2025-03-25 22:16:00,5812.1818
2025-03-25 22:17:00,5792.6862
2025-03-25 22:18:00,5784.7526
2025-03-25 22:19:00,5655.1968
2025-03-25 22:20:00,5601.9091
2025-03-25 22:21:00,5595.8182
2025-03-25 22:22:00,5655.5543
2025-03-25 22:23:00,5812.1818
2025-03-25 22:24:00,5655.1486
2025-03-25 22:25:00,5762.4799
2025-03-25 22:26:00,5763.5164
2025-03-25 22:27:00,5762.8043
2025-03-25 22:28:00,5677.9221
2025-03-25 22:29:00,5589.9126
2025-03-25 22:30:00,5737.9045
2025-03-25 22:31:00,5802.8780
2025-03-25 22:32:00,5803.7645
2025-03-25 22:33:00,5802.0505
2025-03-25 22:34:00,5775.8825
2025-03-25 22:35:00,5595.8182
2025-03-25 22:36:00,5793.4740
2025-03-25 22:37:00,5663.3343
2025-03-25 22:38:00,5660.4368
2025-03-25 22:39:00,5595.8182
2025-03-25 22:40:00,5812.1818
2025-03-25 22:41:00,5769.1418
2025-03-25 22:42:00,5657.5264
2025-03-25 22:43:00,5790.3453
2025-03-25 22:44:00,5789.8684
2025-03-25 22:45:00,5766.9858
2025-03-25 22:46:00,5595.8182
2025-03-25 22:47:00,5812.1818
2025-03-25 22:48:00,5812.1818
2025-03-25 22:49:00,5812.1818
2025-03-25 22:50:00,5760.2548
2025-03-25 22:51:00,5760.2548
2025-03-25 22:52:00,5595.8182
2025-03-25 22:53:00,5655.4713
2025-03-25 22:54:00,5812.1818
2025-03-25 22:55:00,5812.1818
2025-03-25 22:56:00,5812.1818
2025-03-25 22:57:00,5652.6335
2025-03-25 22:58:00,5812.1818
2025-03-25 22:59:00,5647.8591
2025-03-25 23:00:00,5812.1818
2025-03-25 23:01:00,5812.1818
2025-03-25 23:02:00,5812.1818
2025-03-25 23:03:00,5812.1818
2025-03-25 23:04:00,5812.1818
2025-03-25 23:05:00,5750.9234
2025-03-25 23:06:00,5742.6266
2025-03-25 23:07:00,5750.7117
2025-03-25 23:08:00,5648.1823
2025-03-25 23:09:00,5812.1818
2025-03-25 23:10:00,5741.7635
2025-03-25 23:11:00,5741.7871
2025-03-25 23:12:00,5812.1818
2025-03-25 23:13:00,5659.3755
2025-03-25 23:14:00,5812.1818
2025-03-25 23:15:00,5659.4916
2025-03-25 23:16:00,5812.1818
2025-03-25 23:17:00,5812.1818
2025-03-25 23:18:00,5812.1818
2025-03-25 23:19:00,5812.1818
2025-03-25 23:20:00,5595.8182
2025-03-25 23:21:00,5660.2173
2025-03-25 23:22:00,5659.9233
2025-03-25 23:23:00,5659.9990
2025-03-25 23:24:00,5812.1818
2025-03-25 23:25:00,5741.1037
2025-03-25 23:26:00,5812.1818
2025-03-25 23:27:00,5812.1818
2025-03-25 23:28:00,5651.2101
2025-03-25 23:29:00,5812.1818
2025-03-25 23:30:00,5651.7279
2025-03-25 23:31:00,5651.8276
2025-03-25 23:32:00,5812.1818
2025-03-25 23:33:00,5812.1818
2025-03-25 23:34:00,5812.1818
2025-03-25 23:35:00,5745.4824
2025-03-25 23:36:00,5812.1818
2025-03-25 23:37:00,5812.1818
2025-03-25 23:38:00,5651.9833
2025-03-25 23:39:00,5812.1818
2025-03-25 23:40:00,5812.1818
2025-03-25 23:41:00,5754.7136
2025-03-25 23:42:00,5767.5042
2025-03-25 23:43:00,5767.6117
2025-03-25 23:44:00,5767.7195
2025-03-25 23:45:00,5754.7623
2025-03-25 23:46:00,5664.5282
2025-03-25 23:47:00,5767.7195
2025-03-25 23:48:00,5664.5282
2025-03-25 23:49:00,5767.5042
2025-03-25 23:50:00,5754.7623
2025-03-25 23:51:00,5756.0412
2025-03-25 23:52:00,5756.0864
2025-03-25 23:53:00,5664.5282
2025-03-25 23:54:00,5777.6655
2025-03-25 23:55:00,5755.9800
2025-03-25 23:56:00,5768.4075
2025-03-25 23:57:00,5768.2016
2025-03-25 23:58:00,5768.1508
2025-03-25 23:59:00,5589.9534
2025-03-26 00:00:00,5665.9078
2025-03-26 00:01:00,5766.3918
2025-03-26 00:02:00,5753.9441
2025-03-26 00:03:00,5766.1223
2025-03-26 00:04:00,5776.0767
2025-03-26 00:05:00,5754.0751
2025-03-26 00:06:00,5597.9126
2025-03-26 00:07:00,5753.9755
2025-03-26 00:08:00,5664.7340
2025-03-26 00:09:00,5775.9403
2025-03-26 00:10:00,5754.1176
2025-03-26 00:11:00,5766.5293
2025-03-26 00:12:00,5754.1429
2025-03-26 00:13:00,5664.7182
2025-03-26 00:14:00,5766.6685
2025-03-26 00:15:00,5664.6825
2025-03-26 00:16:00,5664.6825
2025-03-26 00:17:00,5768.3557
2025-03-26 00:18:00,5755.8559
2025-03-26 00:19:00,5665.6040
2025-03-26 00:20:00,5599.4735
2025-03-26 00:21:00,5589.9529
2025-03-26 00:22:00,5589.9530
2025-03-26 00:23:00,5589.9521
2025-03-26 00:24:00,5599.2672
2025-03-26 00:25:00,5757.8221
2025-03-26 00:26:00,5662.3113
2025-03-26 00:27:00,5647.7729
2025-03-26 00:28:00,5601.9091
2025-03-26 00:29:00,5601.9091
2025-03-26 00:30:00,5653.2032
2025-03-26 00:31:00,5601.9091
2025-03-26 00:32:00,5652.8418
2025-03-26 00:33:00,5652.9034
2025-03-26 00:34:00,5653.9258
2025-03-26 00:35:00,5601.9091
2025-03-26 00:36:00,5651.3217
2025-03-26 00:37:00,5653.7659
2025-03-26 00:38:00,5653.0705
2025-03-26 00:39:00,5601.9091
2025-03-26 00:40:00,5768.4833
2025-03-26 00:41:00,5665.7837
2025-03-26 00:42:00,5679.6625
2025-03-26 00:43:00,5548.6060
2025-03-26 00:43:57,5665.7293
2025-03-26 00:44:00,5665.7293
2025-03-26 00:45:00,5812.1818
2025-03-26 00:46:00,5680.3305
2025-03-26 00:47:00,5753.8884
2025-03-26 00:48:00,5754.5040
2025-03-26 00:49:00,5773.9694
2025-03-26 00:50:00,5601.9091
2025-03-26 00:51:00,5664.6697
2025-03-26 00:52:00,5664.6518
2025-03-26 00:53:00,5686.2054
2025-03-26 00:54:00,5761.8239
2025-03-26 00:55:00,5779.8042
2025-03-26 00:56:00,5689.3735
2025-03-26 00:57:00,5664.6483
2025-03-26 00:58:00,5764.0943
2025-03-26 00:59:00,5647.3454
2025-03-26 01:00:00,5766.6099
2025-03-26 01:01:00,5812.1818
2025-03-26 01:02:00,5779.1268
2025-03-26 01:03:00,5784.7520
2025-03-26 01:03:56,5595.8182
2025-03-26 01:04:00,5595.8182
2025-03-26 01:05:00,5781.0688
2025-03-26 01:06:00,5778.0201
2025-03-26 01:07:00,5680.2169
2025-03-26 01:08:00,5812.1818
2025-03-26 01:09:00,5812.1818
2025-03-26 01:10:00,5775.1931
2025-03-26 01:11:00,5796.4982
2025-03-26 01:12:00,5595.8182
2025-03-26 01:13:00,5773.0707
2025-03-26 01:14:00,5770.1374
2025-03-26 01:24:25,5664.2611
2025-03-26 01:25:00,5664.3057
2025-03-26 01:26:00,5687.8189
2025-03-26 01:27:00,5601.9091
2025-03-26 01:28:00,5601.9091
2025-03-26 01:29:00,5665.1731
2025-03-26 01:30:00,5665.1985
2025-03-26 01:31:00,5756.0819
2025-03-26 01:32:00,5683.4186
2025-03-26 01:33:00,5683.9190
2025-03-26 01:34:00,5757.5747
2025-03-26 01:35:00,5757.8453
2025-03-26 01:36:00,5664.9323
2025-03-26 01:37:00,5664.8863
2025-03-26 01:38:00,5601.9091
2025-03-26 01:39:00,5688.1060
2025-03-26 01:40:00,5779.5859
2025-03-26 01:41:00,5769.5940
2025-03-26 01:42:00,5699.7651
2025-03-26 01:43:00,5778.7641
2025-03-26 01:44:12,5779.2185
2025-03-26 01:45:00,5746.8867
2025-03-26 01:46:00,5677.3823
2025-03-26 01:47:00,5774.3819
2025-03-26 01:48:00,5796.8254
2025-03-26 01:49:00,5798.3433
2025-03-26 01:50:00,5666.2246
2025-03-26 01:51:00,5768.5508
2025-03-26 01:52:00,5768.3631
2025-03-26 01:53:00,5669.0570
2025-03-26 01:54:00,5792.3265
2025-03-26 01:55:00,5792.6455
2025-03-26 01:56:00,5768.6320
2025-03-26 01:57:00,5661.0171
2025-03-26 01:58:00,5791.2621
2025-03-26 01:59:00,5665.4302
2025-03-26 02:00:00,5662.9908
2025-03-26 02:01:00,5595.8182
2025-03-26 02:02:00,5812.1818
2025-03-26 02:03:00,5766.9858
2025-03-26 02:04:11,5766.8337
2025-03-26 02:05:00,5766.6836
2025-03-26 02:06:00,5789.8684
2025-03-26 02:07:00,5595.8182
2025-03-26 02:08:00,5661.9531
2025-03-26 02:09:00,5812.1818
2025-03-26 02:10:00,5812.1818
2025-03-26 02:11:00,5770.6735
2025-03-26 02:12:00,5793.5242
2025-03-26 02:13:00,5796.9585
2025-03-26 02:14:00,5660.9431
2025-03-26 02:15:00,5660.9431
2025-03-26 02:16:00,5812.1818
2025-03-26 02:17:00,5812.1818
2025-03-26 02:18:00,5798.2072
2025-03-26 02:19:00,5798.2072
2025-03-26 02:20:00,5771.6828
2025-03-26 02:21:00,5671.3263
2025-03-26 02:22:00,5779.0787
2025-03-26 02:23:00,5747.5541
2025-03-26 02:24:01,5658.3818
2025-03-26 02:25:00,5660.5487
2025-03-26 02:26:00,5700.1157
2025-03-26 02:27:00,5660.5753
2025-03-26 02:28:00,5660.5753
2025-03-26 02:29:00,5780.0804
2025-03-26 02:30:00,5751.4775
2025-03-26 02:31:00,5789.3234
2025-03-26 02:32:00,5752.3742
2025-03-26 02:33:00,5788.9754
2025-03-26 02:34:00,5784.0442
2025-03-26 02:44:19,5668.5934
2025-03-26 02:45:00,5668.5934
2025-03-26 02:46:00,5668.0474
2025-03-26 02:47:00,5795.8582
2025-03-26 02:48:00,5760.8115
2025-03-26 02:49:00,5760.5118
2025-03-26 02:50:00,5674.1387
2025-03-26 02:51:00,5760.4386
2025-03-26 02:52:00,5672.4161
2025-03-26 02:53:00,5589.3310
2025-03-26 02:54:00,5595.8182
2025-03-26 02:55:00,5762.6931
2025-03-26 03:04:38,5760.7390
2025-03-26 03:05:00,5760.7390
2025-03-26 03:06:00,5764.7392
2025-03-26 03:07:00,5601.9091
2025-03-26 03:08:00,5589.5030
2025-03-26 03:09:00,5812.1818
2025-03-26 03:10:00,5678.0817
2025-03-26 03:11:00,5589.5781
2025-03-26 03:12:00,5595.8182
2025-03-26 03:13:00,5775.3561
2025-03-26 03:14:00,5595.8182
2025-03-26 03:15:00,5776.2945
2025-03-26 03:16:00,5812.1818
2025-03-26 03:17:00,5778.8362
2025-03-26 03:18:00,5779.8607
2025-03-26 03:19:00,5799.8957
2025-03-26 03:20:00,5741.9131
2025-03-26 03:21:00,5780.1709
2025-03-26 03:22:00,5595.8182
2025-03-26 03:23:00,5595.8182
2025-03-26 03:24:00,5812.1818
2025-03-26 03:24:31,5595.8182
2025-03-26 03:25:00,5595.8182
2025-03-26 03:26:00,5778.6023
2025-03-26 03:27:00,5799.4771
2025-03-26 03:28:00,5601.9091
2025-03-26 03:29:00,5777.1352
2025-03-26 03:30:00,5595.8182
2025-03-26 03:31:00,5731.7223
2025-03-26 03:32:00,5799.9568
2025-03-26 03:33:00,5798.9428
2025-03-26 03:34:00,5812.1818
2025-03-26 03:35:00,5724.5966
2025-03-26 03:36:00,5595.8182
2025-03-26 03:37:00,5718.0361
2025-03-26 03:38:00,5767.9449
2025-03-26 03:39:00,5661.5938
2025-03-26 03:40:00,5595.8182
2025-03-26 03:41:00,5812.1818
2025-03-26 03:42:00,5788.7248
2025-03-26 03:43:00,5595.8182
2025-03-26 03:44:00,5757.4896
2025-03-26 03:44:29,5651.9277
2025-03-26 03:45:00,5653.3407
2025-03-26 03:46:00,5781.3986
2025-03-26 03:47:00,5812.1818
2025-03-26 03:48:00,5812.1818
2025-03-26 03:49:00,5812.1818
2025-03-26 03:50:00,5755.9631
2025-03-26 03:51:00,5812.1818
2025-03-26 03:52:00,5651.2233
2025-03-26 03:53:00,5650.5203
2025-03-26 03:54:00,5595.8182
2025-03-26 03:55:00,5812.1818
2025-03-26 03:56:00,5757.0778
2025-03-26 03:57:00,5595.8182
2025-03-26 03:58:00,5752.8820
2025-03-26 03:59:00,5753.3983
2025-03-26 04:00:00,5652.8210
2025-03-26 04:01:00,5812.1818
2025-03-26 04:02:00,5812.1818
2025-03-26 04:03:00,5812.1818
2025-03-26 04:04:19,5812.1818
2025-03-26 04:05:00,5812.1818
2025-03-26 04:06:00,5751.1406
2025-03-26 04:07:00,5812.1818
2025-03-26 04:08:00,5751.0313
2025-03-26 04:09:00,5812.1818
2025-03-26 04:10:00,5812.1818
2025-03-26 04:11:00,5812.1818
2025-03-26 04:12:00,5812.1818
2025-03-26 04:13:00,5751.2514
2025-03-26 04:14:00,5812.1818
2025-03-26 04:15:00,5749.2696
2025-03-26 04:24:39,5812.1818
2025-03-26 04:25:00,5812.1818
2025-03-26 04:26:00,5812.1818
2025-03-26 04:27:00,5812.1818
2025-03-26 04:28:00,5595.8182
2025-03-26 04:29:00,5746.7528
2025-03-26 04:30:00,5652.2892
2025-03-26 04:31:00,5650.9934
2025-03-26 04:32:00,5812.1818
2025-03-26 04:33:00,5812.1818
2025-03-26 04:34:00,5812.1818
2025-03-26 04:35:00,5812.1818
2025-03-26 04:36:00,5652.3074
2025-03-26 04:37:00,5745.4824
2025-03-26 04:38:00,5812.1818
2025-03-26 04:39:00,5689.1286
2025-03-26 04:40:00,5651.8970
2025-03-26 04:41:00,5812.1818
2025-03-26 04:42:00,5812.1818
2025-03-26 04:43:00,5653.6626
2025-03-26 04:44:00,5812.1818
2025-03-26 04:44:30,5744.7251
2025-03-26 04:45:00,5812.1818
2025-03-26 04:46:00,5688.3741
2025-03-26 04:47:00,5812.1818
2025-03-26 04:48:00,5812.1818
2025-03-26 04:49:00,5812.1818
2025-03-26 04:50:00,5688.1043
2025-03-26 04:51:00,5812.1818
2025-03-26 04:52:00,5812.1818
2025-03-26 04:53:00,5687.8412
2025-03-26 04:54:00,5652.7950
2025-03-26 04:55:00,5812.1818
2025-03-26 04:56:00,5812.1818
2025-03-26 04:57:00,5812.1818
2025-03-26 04:58:00,5812.1818
2025-03-26 04:59:00,5812.1818
2025-03-26 05:00:00,5653.1307
2025-03-26 05:01:00,5744.2332
2025-03-26 05:02:00,5812.1818
2025-03-26 05:03:00,5812.1818
2025-03-26 05:04:31,5743.7481
2025-03-26 05:05:00,5743.7481
2025-03-26 05:06:00,5812.1818
2025-03-26 05:07:00,5655.9702
2025-03-26 05:08:00,5812.1818
2025-03-26 05:09:00,5812.1818
2025-03-26 05:10:00,5829.3464
2025-03-26 05:11:00,5812.1818
2025-03-26 05:12:00,5812.1818
2025-03-26 05:13:00,5685.2899
2025-03-26 05:14:00,5685.2234
2025-03-26 05:15:00,5812.1818
2025-03-26 05:24:38,5758.2870
2025-03-26 05:25:00,5758.2870
2025-03-26 05:26:00,5771.4833
2025-03-26 05:27:00,5658.7462
2025-03-26 05:28:00,5812.1818
2025-03-26 05:29:00,5595.8182
2025-03-26 05:30:00,5688.3101
2025-03-26 05:31:00,5664.8601
2025-03-26 05:32:00,5665.2865
2025-03-26 05:33:00,5753.5875
2025-03-26 05:34:00,5755.7353
2025-03-26 05:35:00,5665.6305
2025-03-26 05:36:00,5601.9091
2025-03-26 05:37:00,5680.4847
2025-03-26 05:38:00,5601.9091
2025-03-26 05:39:00,5681.0427
2025-03-26 05:40:00,5812.1818
2025-03-26 05:41:00,5769.3652
2025-03-26 05:42:00,5681.1448
2025-03-26 05:43:00,5682.9297
2025-03-26 05:44:00,5688.9781
2025-03-26 05:44:38,5778.2543
2025-03-26 05:45:00,5778.2543
2025-03-26 05:46:00,5773.0290
2025-03-26 05:47:00,5754.2319
2025-03-26 05:48:00,5754.6541
2025-03-26 05:49:00,5680.9119
2025-03-26 05:50:00,5601.9091
2025-03-26 05:51:00,5601.9091
2025-03-26 05:52:00,5772.2676
2025-03-26 05:53:00,5601.9091
2025-03-26 05:54:00,5682.1632
2025-03-26 05:55:00,5773.1430
2025-03-26 05:56:00,5755.2476
2025-03-26 05:57:00,5773.6092
2025-03-26 05:58:00,5682.9776
2025-03-26 05:59:00,5665.1689
2025-03-26 06:00:00,5684.0576
2025-03-26 06:01:00,5685.0566
2025-03-26 06:02:00,5759.5892
2025-03-26 06:03:00,5812.1818
2025-03-26 06:04:00,5777.1401
2025-03-26 06:04:27,5687.0655
2025-03-26 06:05:00,5778.0858
2025-03-26 06:06:00,5601.9091
2025-03-26 06:07:00,5664.2155
2025-03-26 06:08:00,5770.9029
2025-03-26 06:09:00,5773.5199
2025-03-26 06:10:00,5812.1818
2025-03-26 06:11:00,5753.2146
2025-03-26 06:12:00,5793.0471
2025-03-26 06:13:00,5782.6325
2025-03-26 06:14:00,5595.8182
2025-03-26 06:15:00,5774.8856
2025-03-26 06:16:00,5773.3727
2025-03-26 06:17:00,5595.8182
2025-03-26 06:18:00,5797.5438
2025-03-26 06:19:00,5773.5647
2025-03-26 06:20:00,5791.8587
2025-03-26 06:21:00,5697.3727
2025-03-26 06:22:00,5601.9091
2025-03-26 06:23:00,5659.6203
2025-03-26 06:24:00,5601.9091
2025-03-26 06:24:27,5601.9091
2025-03-26 06:25:00,5663.4110
2025-03-26 06:26:00,5688.2988
2025-03-26 06:27:00,5776.2237
2025-03-26 06:28:00,5756.7207
2025-03-26 06:29:00,5601.9091
2025-03-26 06:30:00,5665.1719
2025-03-26 06:31:00,5665.1719
2025-03-26 06:32:00,5665.1859
2025-03-26 06:33:00,5773.9694
2025-03-26 06:34:00,5683.7152
2025-03-26 06:35:00,5757.6747
2025-03-26 06:36:00,5775.5233
2025-03-26 06:37:00,5758.6676
2025-03-26 06:38:00,5664.5363
2025-03-26 06:39:00,5664.2877
2025-03-26 06:40:00,5601.9091
2025-03-26 06:41:00,5812.1818
2025-03-26 06:42:00,5785.1681
2025-03-26 06:43:00,5781.6516
2025-03-26 06:44:00,5662.9144
2025-03-26 06:44:31,5769.2169
2025-03-26 06:45:00,5769.2169
2025-03-26 06:46:00,5703.1560
2025-03-26 06:47:00,5601.9091
2025-03-26 06:48:00,5794.4705
2025-03-26 06:49:00,5795.2029
2025-03-26 06:50:00,5794.6041
2025-03-26 06:51:00,5778.7842
2025-03-26 06:52:00,5793.6746
2025-03-26 06:53:00,5601.9091
2025-03-26 06:54:00,5676.6709
2025-03-26 06:55:00,5759.5785
2025-03-26 06:56:00,5589.8639
2025-03-26 06:57:00,5674.9168
2025-03-26 06:58:00,5772.8418
2025-03-26 06:59:00,5677.7767
2025-03-26 07:00:00,5595.8182
2025-03-26 07:01:00,5678.9942
2025-03-26 07:02:00,5589.8229
2025-03-26 07:03:00,5760.0562
2025-03-26 07:04:00,5589.9003
2025-03-26 07:05:00,5773.0114
2025-03-26 07:06:00,5677.1698
2025-03-26 07:07:00,5595.8182
2025-03-26 07:08:00,5595.8182
2025-03-26 07:09:00,5595.8182
2025-03-26 07:10:00,5812.1818
2025-03-26 07:11:00,5677.7767
2025-03-26 07:12:00,5775.7103
2025-03-26 07:13:00,5799.7352
2025-03-26 07:14:00,5595.8182
2025-03-26 07:15:00,5674.1501
2025-03-26 07:16:00,5674.7522
2025-03-26 07:17:00,5595.8182
2025-03-26 07:18:00,5796.3491
2025-03-26 07:19:00,5796.5405
2025-03-26 07:20:00,5780.4293
2025-03-26 07:21:00,5744.1936
2025-03-26 07:22:00,5601.9091
2025-03-26 07:23:00,5749.5431
2025-03-26 07:24:00,5660.5487
2025-03-26 07:25:00,5663.3030
2025-03-26 07:26:00,5773.5567
2025-03-26 07:27:00,5771.5572
2025-03-26 07:28:00,5699.7651
2025-03-26 07:29:00,5601.9091
2025-03-26 07:30:00,5697.9952
2025-03-26 07:31:00,5697.1175
2025-03-26 07:32:00,5664.1494
2025-03-26 07:33:00,5785.1681
2025-03-26 07:34:00,5786.8948
2025-03-26 07:35:00,5790.1101
2025-03-26 07:36:00,5789.6719
2025-03-26 07:37:00,5783.9230
2025-03-26 07:38:00,5752.8279
2025-03-26 07:39:00,5753.2220
2025-03-26 07:40:00,5658.0887
2025-03-26 07:41:00,5812.1818
2025-03-26 07:42:00,5784.7526
2025-03-26 07:43:00,5595.8182
2025-03-26 07:44:00,5595.8182
2025-03-26 07:45:00,5783.1214
2025-03-26 07:46:00,5745.5448
2025-03-26 07:47:00,5744.8704
2025-03-26 07:48:00,5794.6464
2025-03-26 07:49:00,5780.7284
2025-03-26 07:50:00,5778.7842
2025-03-26 07:51:00,5774.8856
2025-03-26 07:52:00,5780.1401
2025-03-26 07:53:00,5601.9091
2025-03-26 07:54:00,5779.3850
2025-03-26 07:55:00,5601.9091
2025-03-26 07:56:00,5794.2777
2025-03-26 07:57:00,5797.8773
2025-03-26 07:58:00,5797.0954
2025-03-26 07:59:00,5744.8704
2025-03-26 08:00:00,5601.9091
2025-03-26 08:01:00,5782.0291
2025-03-26 08:02:00,5654.7833
2025-03-26 08:03:00,5761.1272
2025-03-26 08:04:00,5761.1272
2025-03-26 08:05:00,5761.1272
2025-03-26 08:06:00,5679.0650
2025-03-26 08:07:00,5595.8182
2025-03-26 08:08:00,5677.0694
2025-03-26 08:09:00,5590.0097
2025-03-26 08:10:00,5812.1818
2025-03-26 08:11:00,5762.8043
2025-03-26 08:12:00,5678.1740
2025-03-26 08:13:00,5655.0773
2025-03-26 08:14:00,5601.9091
2025-03-26 08:15:00,5761.8004
2025-03-26 08:16:00,5655.1486
2025-03-26 08:17:00,5595.8182
2025-03-26 08:18:00,5678.4379
2025-03-26 08:19:00,5760.7082
2025-03-26 08:20:00,5679.2950
2025-03-26 08:21:00,5655.4139
2025-03-26 08:22:00,5601.9091
2025-03-26 08:23:00,5655.6232
2025-03-26 08:24:00,5655.5543
2025-03-26 08:25:00,5595.8182
2025-03-26 08:26:00,5781.0377
2025-03-26 08:27:00,5797.0954
2025-03-26 08:28:00,5779.3572
2025-03-26 08:29:00,5601.9091
2025-03-26 08:30:00,5737.9919
2025-03-26 08:31:00,5595.8182
2025-03-26 08:32:00,5736.5856
2025-03-26 08:33:00,5776.9809
2025-03-26 08:34:00,5797.7607
2025-03-26 08:35:00,5800.1679
2025-03-26 08:36:00,5800.4646
2025-03-26 08:37:00,5799.0284
2025-03-26 08:38:00,5798.3433
2025-03-26 08:39:00,5672.9480
2025-03-26 08:40:00,5595.8182
2025-03-26 08:41:00,5794.0453
2025-03-26 08:42:00,5772.4295
2025-03-26 08:43:00,5762.1276
2025-03-26 08:44:00,5595.8182
2025-03-26 08:45:00,5771.4249
2025-03-26 08:46:00,5601.9091
2025-03-26 08:47:00,5659.8559
2025-03-26 08:48:00,5791.5905
2025-03-26 08:49:00,5791.8492
2025-03-26 08:50:00,5791.5905
2025-03-26 08:51:00,5767.9449
2025-03-26 08:52:00,5792.9926
2025-03-26 08:53:00,5595.8182
2025-03-26 08:54:00,5661.5938
2025-03-26 08:55:00,5812.1818
2025-03-26 08:56:00,5768.8185
2025-03-26 08:57:00,5790.8341
2025-03-26 08:58:00,5790.1054
2025-03-26 08:59:00,5767.2965
2025-03-26 09:00:00,5661.2256
2025-03-26 09:01:00,5660.5001
2025-03-26 09:02:00,5659.0545
2025-03-26 09:03:00,5812.1818
2025-03-26 09:04:00,5788.9482
2025-03-26 09:05:00,5812.1818
2025-03-26 09:06:00,5758.5023
2025-03-26 09:07:00,5812.1818
2025-03-26 09:08:00,5595.8182
2025-03-26 09:09:00,5757.4896
2025-03-26 09:10:00,5812.1818
2025-03-26 09:11:00,5812.1818
2025-03-26 09:12:00,5812.1818
2025-03-26 09:13:00,5812.1818
2025-03-26 09:14:00,5595.8182
2025-03-26 09:15:00,5812.1818
2025-03-26 09:16:00,5648.4688
2025-03-26 09:17:00,5595.8182
2025-03-26 09:18:00,5812.1818
2025-03-26 09:19:00,5812.1818
2025-03-26 09:20:00,5812.1818
2025-03-26 09:21:00,5647.1243
2025-03-26 09:22:00,5647.6670
2025-03-26 09:23:00,5812.1818
2025-03-26 09:24:00,5647.0533
2025-03-26 09:25:00,5812.1818
2025-03-26 09:26:00,5812.1818
2025-03-26 09:27:00,5812.1818
2025-03-26 09:28:00,5812.1818
2025-03-26 09:29:00,5648.6066
2025-03-26 09:30:00,5812.1818
2025-03-26 09:31:00,5747.3172
2025-03-26 09:32:00,5747.2438
2025-03-26 09:33:00,5812.1818
2025-03-26 09:34:00,5812.1818
2025-03-26 09:35:00,5812.1818
2025-03-26 09:36:00,5650.8828
2025-03-26 09:37:00,5812.1818
2025-03-26 09:38:00,5812.1818
2025-03-26 09:39:00,5691.0380
2025-03-26 09:40:00,5650.2664
2025-03-26 09:41:00,5812.1818
2025-03-26 09:42:00,5690.5857
2025-03-26 09:43:00,5812.1818
2025-03-26 09:44:00,5812.1818
2025-03-26 09:45:00,5812.1818
2025-03-26 09:46:00,5812.1818
2025-03-26 09:47:00,5651.6324
2025-03-26 09:48:00,5812.1818
2025-03-26 09:49:00,5812.1818
2025-03-26 09:50:00,5812.1818
2025-03-26 09:51:00,5651.8098
2025-03-26 09:52:00,5812.1818
2025-03-26 09:53:00,5652.2362
2025-03-26 09:54:00,5812.1818
2025-03-26 09:55:00,5812.1818
2025-03-26 09:56:00,5812.1818
2025-03-26 09:57:00,5812.1818
2025-03-26 09:58:00,5812.1818
2025-03-26 09:59:00,5812.1818
2025-03-26 10:00:00,5812.1818
2025-03-26 10:01:00,5812.1818
2025-03-26 10:02:00,5745.0151
2025-03-26 10:03:00,5812.1818
2025-03-26 10:04:00,5812.1818
2025-03-26 10:05:00,5812.1818
2025-03-26 10:06:00,5812.1818
2025-03-26 10:07:00,5812.1818
2025-03-26 10:08:00,5812.1818
2025-03-26 10:09:00,5812.1818
2025-03-26 10:10:00,5653.8624
2025-03-26 10:11:00,5686.3163
2025-03-26 10:12:00,5812.1818
2025-03-26 10:13:00,5812.1818
2025-03-26 10:14:00,5812.1818
2025-03-26 10:15:00,5655.0717
2025-03-26 10:16:00,5812.1818
2025-03-26 10:17:00,5684.8221
2025-03-26 10:18:00,5655.1898
2025-03-26 10:19:00,5686.1281
2025-03-26 10:20:00,5812.1818
2025-03-26 10:21:00,5685.8269
2025-03-26 10:22:00,5686.6535
2025-03-26 10:23:00,5812.1818
2025-03-26 10:24:00,5812.1818
2025-03-26 10:25:00,5652.8715
2025-03-26 10:26:00,5812.1818
2025-03-26 10:27:00,5812.1818
2025-03-26 10:28:00,5812.1818
2025-03-26 10:29:00,5652.6706
2025-03-26 10:30:00,5812.1818
2025-03-26 10:31:00,5749.6955
2025-03-26 10:32:00,5768.8185
2025-03-26 10:33:00,5812.1818
2025-03-26 10:34:00,5771.7817
2025-03-26 10:35:00,5699.0342
2025-03-26 10:36:00,5757.6108
2025-03-26 10:37:00,5417.7273
2025-03-26 10:38:00,5812.1818
2025-03-26 10:39:00,5665.2791
2025-03-26 10:40:00,5665.8762
2025-03-26 10:41:00,5754.3102
2025-03-26 10:42:00,5678.7812
2025-03-26 10:43:00,5753.3057
2025-03-26 10:44:00,5680.5754
2025-03-26 10:45:00,5757.1798
2025-03-26 10:46:00,5601.9091
2025-03-26 10:47:00,5751.9120
2025-03-26 10:48:00,5768.2646
2025-03-26 10:49:00,5770.4632
2025-03-26 10:50:00,5682.5018
2025-03-26 10:51:00,5753.4672
2025-03-26 10:52:00,5679.7900
2025-03-26 10:53:00,5665.6314
2025-03-26 10:54:00,5679.9748
2025-03-26 10:55:00,5665.6929
2025-03-26 10:56:00,5753.2806
2025-03-26 10:57:00,5680.3947
2025-03-26 10:58:00,5681.5906
2025-03-26 10:59:00,5683.1547
2025-03-26 11:00:00,5682.9689
2025-03-26 11:01:00,5758.1004
2025-03-26 11:02:00,5757.0731
2025-03-26 11:03:00,5774.5971
2025-03-26 11:04:00,5759.7913
2025-03-26 11:05:00,5760.9996
2025-03-26 11:06:00,5776.8094
2025-03-26 11:07:00,5688.4637
2025-03-26 11:08:00,5664.3491
2025-03-26 11:09:00,5694.6874
2025-03-26 11:10:00,5694.6874
2025-03-26 11:11:00,5812.1818
2025-03-26 11:12:00,5692.9886
2025-03-26 11:13:00,5772.5058
2025-03-26 11:14:00,5601.9091
2025-03-26 11:15:00,5778.4284
2025-03-26 11:16:00,5782.6968
2025-03-26 11:17:00,5782.6968
2025-03-26 11:18:00,5812.1818
2025-03-26 11:19:00,5778.9039
2025-03-26 11:20:00,5812.1818
2025-03-26 11:21:00,5789.7809
2025-03-26 11:22:00,5595.8182
2025-03-26 11:23:00,5685.8003
2025-03-26 11:24:00,5683.9224
2025-03-26 11:25:00,5682.6804
2025-03-26 11:26:00,5601.9091
2025-03-26 11:27:00,5791.5048
2025-03-26 11:28:00,5694.2038
2025-03-26 11:29:00,5595.8182
2025-03-26 11:30:00,5772.9899
2025-03-26 11:31:00,5691.6115
2025-03-26 11:32:00,5684.8312
2025-03-26 11:33:00,5664.5636
2025-03-26 11:34:00,5755.5775
2025-03-26 11:35:00,5680.7384
2025-03-26 11:36:00,5595.8182
2025-03-26 11:37:00,5652.6662
2025-03-26 11:38:00,5652.4081
2025-03-26 11:39:00,5417.7273
2025-03-26 11:40:00,5601.9091
2025-03-26 11:41:00,5812.1818
2025-03-26 11:42:00,5755.4355
2025-03-26 11:43:00,5756.7207
2025-03-26 11:44:00,5684.1832
2025-03-26 11:45:00,5758.4949
2025-03-26 11:46:00,5664.8389
2025-03-26 11:47:00,5759.2455
2025-03-26 11:48:00,5812.1818
2025-03-26 11:49:00,5761.8239
2025-03-26 11:50:00,5761.8239
2025-03-26 11:51:00,5779.6236
2025-03-26 11:52:00,5692.4534
2025-03-26 11:53:00,5664.0212
2025-03-26 11:54:00,5702.7314
2025-03-26 11:55:00,5659.3058
2025-03-26 11:56:00,5812.1818
2025-03-26 11:57:00,5696.5193
2025-03-26 11:58:00,5790.6587
2025-03-26 11:59:00,5681.9966
2025-03-26 12:00:00,5682.5958
2025-03-26 12:01:00,5595.8182
2025-03-26 12:02:00,5678.4342
2025-03-26 12:03:00,5812.1818
2025-03-26 12:04:00,5794.4228
2025-03-26 12:05:00,5795.1837
2025-03-26 12:06:00,5795.9574
2025-03-26 12:07:00,5595.8182
2025-03-26 12:08:00,5774.4119
2025-03-26 12:09:00,5676.0853
2025-03-26 12:10:00,5595.8182
2025-03-26 12:11:00,5793.9366
2025-03-26 12:12:00,5775.0902
2025-03-26 12:13:00,5775.4900
2025-03-26 12:14:00,5676.6709
2025-03-26 12:15:00,5595.8182
2025-03-26 12:16:00,5682.0620
2025-03-26 12:17:00,5595.8182
2025-03-26 12:18:00,5683.3005
2025-03-26 12:19:00,5683.9224
2025-03-26 12:20:00,5799.8957
2025-03-26 12:21:00,5777.9564
2025-03-26 12:22:00,5601.9091
2025-03-26 12:23:00,5778.8362
2025-03-26 12:24:00,5595.8182
2025-03-26 12:25:00,5595.8182
2025-03-26 12:26:00,5793.9123
2025-03-26 12:27:00,5783.4891
2025-03-26 12:28:00,5786.2220
2025-03-26 12:29:00,5601.9091
2025-03-26 12:30:00,5664.3275
2025-03-26 12:31:00,5687.7894
2025-03-26 12:32:00,5664.5555
2025-03-26 12:33:00,5417.7273
2025-03-26 12:34:00,5812.1818
2025-03-26 12:35:00,5760.7774
2025-03-26 12:36:00,5688.4393
2025-03-26 12:37:00,5688.4393
2025-03-26 12:38:00,5762.3369
2025-03-26 12:39:00,5601.9091
2025-03-26 12:40:00,5664.3316
2025-03-26 12:41:00,5812.1818
2025-03-26 12:42:00,5768.9392
2025-03-26 12:43:00,5783.4449
2025-03-26 12:44:00,5783.4449
2025-03-26 12:45:00,5753.4483
2025-03-26 12:46:00,5601.9091
2025-03-26 12:47:00,5665.9699
2025-03-26 12:48:00,5665.6548
2025-03-26 12:49:00,5812.1818
2025-03-26 12:50:00,5757.4863
2025-03-26 12:51:00,5758.3471
2025-03-26 12:52:00,5743.0799
2025-03-26 12:53:00,5595.8182
2025-03-26 12:54:00,5595.8182
2025-03-26 12:55:00,5595.8182
2025-03-26 12:56:00,5812.1818
2025-03-26 12:57:00,5793.1915
2025-03-26 12:58:00,5781.4444
2025-03-26 12:59:00,5595.8182
2025-03-26 13:00:00,5601.9091
2025-03-26 13:01:00,5780.3645
2025-03-26 13:02:00,5689.6186
2025-03-26 13:03:00,5812.1818
2025-03-26 13:04:00,5790.3359
2025-03-26 13:05:00,5781.8280
2025-03-26 13:06:00,5792.4840
2025-03-26 13:07:00,5595.8182
2025-03-26 13:08:00,5595.8182
2025-03-26 13:09:00,5750.8286
2025-03-26 13:10:00,5601.9091
2025-03-26 13:11:00,5784.3226
2025-03-26 13:12:00,5595.8182
2025-03-26 13:13:00,5781.5009
2025-03-26 13:14:00,5595.8182
2025-03-26 13:15:00,5747.5541
2025-03-26 13:16:00,5687.0632
2025-03-26 13:17:00,5595.8182
2025-03-26 13:18:00,5595.8182
2025-03-26 13:19:00,5781.3574
2025-03-26 13:20:00,5793.9123
2025-03-26 13:21:00,5781.4444
2025-03-26 13:22:00,5751.4903
2025-03-26 13:23:00,5782.0503
2025-03-26 13:24:00,5702.3293
2025-03-26 13:25:00,5702.2162
2025-03-26 13:26:00,5601.9091
2025-03-26 13:27:00,5812.1818
2025-03-26 13:28:00,5781.9296
2025-03-26 13:29:00,5595.8182
2025-03-26 13:30:00,5601.9091
2025-03-26 13:31:00,5679.7198
2025-03-26 13:32:00,5595.8182
2025-03-26 13:33:00,5595.8182
2025-03-26 13:34:00,5760.4790
2025-03-26 13:35:00,5677.1148
2025-03-26 13:36:00,5761.5753
2025-03-26 13:37:00,5590.0856
2025-03-26 13:38:00,5760.3443
2025-03-26 13:39:00,5777.6992
2025-03-26 13:40:00,5683.3005
2025-03-26 13:41:00,5812.1818
2025-03-26 13:42:00,5799.7507
2025-03-26 13:43:00,5799.7507
2025-03-26 13:44:00,5775.4494
2025-03-26 13:45:00,5799.0284
2025-03-26 13:46:00,5770.7527
2025-03-26 13:47:00,5666.8024
2025-03-26 13:48:00,5664.4909
2025-03-26 13:49:00,5793.4740
2025-03-26 13:50:00,5793.4740
2025-03-26 13:51:00,5662.7555
2025-03-26 13:52:00,5595.8182
2025-03-26 13:53:00,5664.2129
2025-03-26 13:54:00,5659.2745
2025-03-26 13:55:00,5658.1098
2025-03-26 13:56:00,5791.5905
2025-03-26 13:57:00,5812.1818
2025-03-26 13:58:00,5791.5905
2025-03-26 13:59:00,5768.2834
2025-03-26 14:00:00,5659.2745
2025-03-26 14:01:00,5595.8182
2025-03-26 14:02:00,5663.3863
2025-03-26 14:03:00,5812.1818
2025-03-26 14:04:00,5771.2329
2025-03-26 14:05:00,5790.8341
2025-03-26 14:06:00,5790.8341
2025-03-26 14:07:00,5595.8182
2025-03-26 14:08:00,5767.4551
2025-03-26 14:09:00,5660.5001
2025-03-26 14:10:00,5595.8182
2025-03-26 14:11:00,5766.6836
2025-03-26 14:12:00,5812.1818
2025-03-26 14:13:00,5812.1818
2025-03-26 14:14:00,5812.1818
2025-03-26 14:15:00,5595.8182
2025-03-26 14:16:00,5812.1818
2025-03-26 14:17:00,5655.4713
2025-03-26 14:18:00,5669.3216
2025-03-26 14:19:00,5670.3696
2025-03-26 14:20:00,5758.0038
2025-03-26 14:21:00,5589.8997
2025-03-26 14:22:00,5595.8182
2025-03-26 14:23:00,5669.7432
2025-03-26 14:24:00,5671.7442
2025-03-26 14:25:00,5590.1208
2025-03-26 14:26:00,5595.8182
2025-03-26 14:27:00,5758.2869
2025-03-26 14:28:00,5669.7209
2025-03-26 14:29:00,5751.8462
2025-03-26 14:30:00,5812.1818
2025-03-26 14:31:00,5751.3636
2025-03-26 14:32:00,5595.8182
2025-03-26 14:33:00,5648.5115
2025-03-26 14:34:00,5812.1818
2025-03-26 14:35:00,5812.1818
2025-03-26 14:36:00,5748.4396
2025-03-26 14:37:00,5595.8182
2025-03-26 14:38:00,5747.9356
2025-03-26 14:39:00,5812.1818
2025-03-26 14:40:00,5649.1643
2025-03-26 14:41:00,5812.1818
2025-03-26 14:42:00,5812.1818
2025-03-26 14:43:00,5812.1818
2025-03-26 14:44:00,5746.6857
2025-03-26 14:45:00,5812.1818
2025-03-26 14:46:00,5650.8828
2025-03-26 14:47:00,5812.1818
2025-03-26 14:48:00,5651.4213
2025-03-26 14:49:00,5812.1818
2025-03-26 14:50:00,5812.1818
2025-03-26 14:51:00,5812.1818
2025-03-26 14:52:00,5690.4753
2025-03-26 14:53:00,5652.4912
2025-03-26 14:54:00,5688.9350
2025-03-26 14:55:00,5652.3187
2025-03-26 14:56:00,5812.1818
2025-03-26 14:57:00,5812.1818
2025-03-26 14:58:00,5812.1818
2025-03-26 14:59:00,5685.9494
2025-03-26 15:00:00,5595.8182
2025-03-26 15:01:00,5812.1818
2025-03-26 15:02:00,5653.5246
2025-03-26 15:03:00,5812.1818
2025-03-26 15:04:00,5595.8182
2025-03-26 15:05:00,5812.1818
2025-03-26 15:06:00,5654.0572
2025-03-26 15:07:00,5654.3809
2025-03-26 15:08:00,5595.8182
2025-03-26 15:09:00,5812.1818
2025-03-26 15:10:00,5812.1818
2025-03-26 15:11:00,5812.1818
2025-03-26 15:12:00,5812.1818
2025-03-26 15:13:00,5812.1818
2025-03-26 15:14:00,5812.1818
2025-03-26 15:15:00,5744.4507
2025-03-26 15:16:00,5812.1818
2025-03-26 15:17:00,5812.1818
2025-03-26 15:18:00,5812.1818
2025-03-26 15:19:00,5812.1818
2025-03-26 15:20:00,5812.1818
2025-03-26 15:21:00,5812.1818
2025-03-26 15:22:00,5812.1818
2025-03-26 15:23:00,5812.1818
2025-03-26 15:24:00,5812.1818
2025-03-26 15:25:00,5812.1818
2025-03-26 15:26:00,5691.3887
2025-03-26 15:27:00,5812.1818
2025-03-26 15:28:00,5812.1818
2025-03-26 15:29:00,5765.8941
2025-03-26 15:30:00,5757.3544
2025-03-26 15:31:00,5765.7104
2025-03-26 15:32:00,5668.1359
2025-03-26 15:33:00,5759.8513
2025-03-26 15:34:00,5812.1818
2025-03-26 15:35:00,5763.1966
2025-03-26 15:36:00,5755.6664
2025-03-26 15:37:00,5664.5854
2025-03-26 15:38:00,5747.9357
2025-03-26 15:39:00,5595.8182
2025-03-26 15:40:00,5664.9654
2025-03-26 15:41:00,5755.8361
2025-03-26 15:42:00,5665.1397
2025-03-26 15:43:00,5751.6537
2025-03-26 15:44:00,5767.1219
2025-03-26 15:45:00,5752.3533
2025-03-26 15:46:00,5812.1818
2025-03-26 15:47:00,5678.3684
2025-03-26 15:48:00,5665.7521
2025-03-26 15:49:00,5812.1818
2025-03-26 15:50:00,5678.0963
2025-03-26 15:51:00,5752.4311
2025-03-26 15:52:00,5679.0064
2025-03-26 15:53:00,5677.5097
2025-03-26 15:54:00,5765.5497
2025-03-26 15:55:00,5677.2462
2025-03-26 15:56:00,5812.1818
2025-03-26 15:57:00,5766.0281
2025-03-26 15:58:00,5767.0822
2025-03-26 15:59:00,5812.1818
2025-03-26 16:00:00,5751.1588
2025-03-26 16:01:00,5812.1818
2025-03-26 16:02:00,5653.5387
2025-03-26 16:03:00,5680.3120
2025-03-26 16:04:00,5812.1818
2025-03-26 16:05:00,5754.3260
2025-03-26 16:06:00,5771.2184
2025-03-26 16:07:00,5753.5922
2025-03-26 16:08:00,5680.5846
2025-03-26 16:09:00,5770.3739
2025-03-26 16:10:00,5680.8556
2025-03-26 16:11:00,5665.4231
2025-03-26 16:12:00,5772.2511
2025-03-26 16:13:00,5773.2564
2025-03-26 16:14:00,5774.6214
2025-03-26 16:15:00,5684.7537
2025-03-26 16:16:00,5773.9754
2025-03-26 16:17:00,5757.1234
2025-03-26 16:18:00,5686.4085
2025-03-26 16:19:00,5775.7651
2025-03-26 16:20:00,5812.1818
2025-03-26 16:21:00,5758.6616
2025-03-26 16:22:00,5682.5844
2025-03-26 16:23:00,5687.9623
2025-03-26 16:24:00,5776.8595
2025-03-26 16:25:00,5759.6451
2025-03-26 16:26:00,5674.1826
2025-03-26 16:27:00,5762.9137
2025-03-26 16:28:00,5773.8469
2025-03-26 16:29:00,5713.3667
2025-03-26 16:30:00,5762.9137
2025-03-26 16:31:00,5762.6219
2025-03-26 16:32:00,5601.9091
2025-03-26 16:33:00,5684.9459
2025-03-26 16:34:00,5812.1818
2025-03-26 16:35:00,5751.7844
2025-03-26 16:36:00,5665.7922
2025-03-26 16:37:00,5665.8315
2025-03-26 16:38:00,5665.9687
2025-03-26 16:39:00,5677.8371
2025-03-26 16:40:00,5677.9221
2025-03-26 16:41:00,5677.7119
2025-03-26 16:42:00,5812.1818
2025-03-26 16:43:00,5766.9126
2025-03-26 16:44:00,5767.4819
2025-03-26 16:45:00,5665.7479
2025-03-26 16:46:00,5665.7243
2025-03-26 16:47:00,5768.6361
2025-03-26 16:48:00,5679.2556
2025-03-26 16:49:00,5812.1818
2025-03-26 16:50:00,5812.1818
2025-03-26 16:51:00,5812.1818
2025-03-26 16:52:00,5679.7620
2025-03-26 16:53:00,5679.7509
2025-03-26 16:54:00,5753.3063
2025-03-26 16:55:00,5753.5095
2025-03-26 16:56:00,5812.1818
2025-03-26 16:57:00,5812.1818
2025-03-26 16:58:00,5771.5388
2025-03-26 16:59:00,5772.0578
2025-03-26 17:00:00,5664.9321
2025-03-26 17:01:00,5812.1818
2025-03-26 17:02:00,5753.7325
2025-03-26 17:03:00,5753.3807
2025-03-26 17:04:00,5752.8780
2025-03-26 17:05:00,5770.3641
2025-03-26 17:06:00,5752.3992
2025-03-26 17:07:00,5754.5033
2025-03-26 17:08:00,5681.8163
2025-03-26 17:09:00,5771.9523
2025-03-26 17:10:00,5754.9289
2025-03-26 17:11:00,5681.8957
2025-03-26 17:12:00,5754.8414
2025-03-26 17:13:00,5771.7439
2025-03-26 17:14:00,5771.6409
2025-03-26 17:15:00,5681.5829
2025-03-26 17:16:00,5681.2364
2025-03-26 17:17:00,5753.7384
2025-03-26 17:18:00,5681.2099
2025-03-26 17:19:00,5812.1818
2025-03-26 17:20:00,5812.1818
2025-03-26 17:21:00,5753.6627
2025-03-26 17:22:00,5753.7342
2025-03-26 17:23:00,5770.4669
2025-03-26 17:24:00,5770.3739
2025-03-26 17:25:00,5753.5095
2025-03-26 17:26:00,5680.5721
2025-03-26 17:27:00,5812.1818
2025-03-26 17:28:00,5768.5564
2025-03-26 17:29:00,5767.5818
2025-03-26 17:30:00,5678.3638
2025-03-26 17:31:00,5766.8085
2025-03-26 17:32:00,5673.7210
2025-03-26 17:33:00,5665.9388
2025-03-26 17:34:00,5765.9944
2025-03-26 17:35:00,5677.9017
2025-03-26 17:36:00,5750.8606
2025-03-26 17:37:00,5747.5908
2025-03-26 17:38:00,5747.6137
2025-03-26 17:39:00,5601.9091
2025-03-26 17:40:00,5751.1404
2025-03-26 17:41:00,5665.8315
2025-03-26 17:42:00,5767.0009
2025-03-26 17:43:00,5767.0009
2025-03-26 17:44:00,5767.0702
2025-03-26 17:45:00,5751.4054
2025-03-26 17:46:00,5751.5863
2025-03-26 17:47:00,5678.8889
2025-03-26 17:48:00,5678.9914
2025-03-26 17:49:00,5812.1818
2025-03-26 17:50:00,5768.4922
2025-03-26 17:51:00,5752.4623
2025-03-26 17:52:00,5767.3843
2025-03-26 17:53:00,5665.3264
2025-03-26 17:54:00,5751.2945
2025-03-26 17:55:00,5665.2949
2025-03-26 17:56:00,5665.2949
2025-03-26 17:57:00,5767.7737
2025-03-26 17:58:00,5751.2945
2025-03-26 17:59:00,5767.6948
2025-03-26 18:00:00,5680.1170
2025-03-26 18:01:00,5601.9091
2025-03-26 18:02:00,5751.4088
2025-03-26 18:03:00,5680.1806
2025-03-26 18:04:00,5665.5614
2025-03-26 18:05:00,5680.1976
2025-03-26 18:06:00,5751.0642
2025-03-26 18:07:00,5680.1352
2025-03-26 18:08:00,5665.2949
2025-03-26 18:09:00,5680.3097
2025-03-26 18:10:00,5680.3097
2025-03-26 18:11:00,5665.2734
2025-03-26 18:12:00,5768.1773
2025-03-26 18:13:00,5751.1181
2025-03-26 18:14:00,5752.7404
2025-03-26 18:15:00,5768.1773
2025-03-26 18:16:00,5768.5108
2025-03-26 18:17:00,5680.7127
2025-03-26 18:18:00,5680.9235
2025-03-26 18:19:00,5665.1371
2025-03-26 18:20:00,5768.9419
2025-03-26 18:21:00,5752.0277
2025-03-26 18:22:00,5768.0954
2025-03-26 18:23:00,5767.7737
2025-03-26 18:24:00,5751.1284
2025-03-26 18:25:00,5679.6773
2025-03-26 18:26:00,5601.9091
2025-03-26 18:27:00,5812.1818
2025-03-26 18:28:00,5752.7404
2025-03-26 18:29:00,5679.8802
2025-03-26 18:30:00,5601.9091
2025-03-26 18:31:00,5680.1235
2025-03-26 18:32:00,5753.6627
2025-03-26 18:33:00,5665.5441
2025-03-26 18:34:00,5665.2091
2025-03-26 18:35:00,5769.2987
2025-03-26 18:36:00,5752.4411
2025-03-26 18:37:00,5752.6610
2025-03-26 18:38:00,5601.9091
2025-03-26 18:39:00,5769.7605
2025-03-26 18:40:00,5681.8045
2025-03-26 18:41:00,5601.9091
2025-03-26 18:42:00,5770.8762
2025-03-26 18:43:00,5753.6425
2025-03-26 18:44:00,5682.6031
2025-03-26 18:45:00,5601.9091
2025-03-26 18:46:00,5664.3735
2025-03-26 18:47:00,5683.2571
2025-03-26 18:48:00,5683.2744
2025-03-26 18:49:00,5772.1432
2025-03-26 18:50:00,5771.9171
2025-03-26 18:51:00,5754.5038
2025-03-26 18:52:00,5772.2578
2025-03-26 18:53:00,5683.9041
2025-03-26 18:54:00,5664.1952
2025-03-26 18:55:00,5683.9041
2025-03-26 18:56:00,5664.1952
2025-03-26 18:57:00,5755.1948
2025-03-26 18:58:00,5772.6076
2025-03-26 18:59:00,5772.6076
2025-03-26 19:00:00,5664.6626
2025-03-26 19:01:00,5684.3517
2025-03-26 19:02:00,5755.3809
2025-03-26 19:03:00,5684.5161
2025-03-26 19:04:00,5664.1187
2025-03-26 19:05:00,5664.6462
2025-03-26 19:06:00,5755.4988
2025-03-26 19:07:00,5755.4988
2025-03-26 19:08:00,5601.9091
2025-03-26 19:09:00,5684.9804
2025-03-26 19:10:00,5684.7452
2025-03-26 19:11:00,5685.1004
2025-03-26 19:12:00,5773.7162
2025-03-26 19:13:00,5756.6560
2025-03-26 19:14:00,5756.6560
2025-03-26 19:15:00,5756.5182
2025-03-26 19:16:00,5755.9618
2025-03-26 19:17:00,5684.8238
2025-03-26 19:18:00,5684.5846
2025-03-26 19:19:00,5601.9091
2025-03-26 19:20:00,5773.5404
2025-03-26 19:21:00,5684.9459
2025-03-26 19:22:00,5756.3829
2025-03-26 19:23:00,5664.4910
2025-03-26 19:24:00,5756.5182
2025-03-26 19:25:00,5685.5823
2025-03-26 19:26:00,5685.7251
2025-03-26 19:27:00,5812.1818
2025-03-26 19:28:00,5757.4422
2025-03-26 19:29:00,5775.7651
2025-03-26 19:30:00,5757.4422
2025-03-26 19:31:00,5757.6929
2025-03-26 19:32:00,5686.8199
2025-03-26 19:33:00,5687.1139
2025-03-26 19:34:00,5664.2599
2025-03-26 19:35:00,5776.5384
2025-03-26 19:36:00,5759.2429
2025-03-26 19:37:00,5687.7958
2025-03-26 19:38:00,5663.5346
2025-03-26 19:39:00,5663.5085
2025-03-26 19:40:00,5688.3035
2025-03-26 19:41:00,5688.6561
2025-03-26 19:42:00,5777.8666
2025-03-26 19:43:00,5760.7385
2025-03-26 19:44:00,5760.5103
2025-03-26 19:45:00,5663.2885
2025-03-26 19:46:00,5663.2885
2025-03-26 19:47:00,5689.7876
2025-03-26 19:48:00,5689.5908
2025-03-26 19:49:00,5663.3172
2025-03-26 19:50:00,5778.7601
2025-03-26 19:51:00,5761.2106
2025-03-26 19:52:00,5779.1324
2025-03-26 19:53:00,5663.2301
2025-03-26 19:54:00,5690.2414
2025-03-26 19:55:00,5690.9256
2025-03-26 19:56:00,5690.9256
2025-03-26 19:57:00,5601.9091
2025-03-26 19:58:00,5763.9288
2025-03-26 19:59:00,5660.6690
2025-03-26 20:00:00,5662.3025
2025-03-26 20:01:00,5595.8182
2025-03-26 20:02:00,5644.5440
2025-03-26 20:03:00,5644.5440
2025-03-26 20:04:00,5660.5667
2025-03-26 20:05:00,5747.0762
2025-03-26 20:06:00,5747.4142
2025-03-26 20:07:00,5749.9978
2025-03-26 20:08:00,5595.8182
2025-03-26 20:09:00,5749.8238
2025-03-26 20:10:00,5659.4891
2025-03-26 20:11:00,5660.0268
2025-03-26 20:12:00,5659.6203
2025-03-26 20:13:00,5812.1818
2025-03-26 20:14:00,5778.2161
2025-03-26 20:15:00,5781.5985
2025-03-26 20:16:00,5766.1973
2025-03-26 20:17:00,5761.5114
2025-03-26 20:18:00,5659.6203
2025-03-26 20:19:00,5687.7827
2025-03-26 20:20:00,5812.1818
2025-03-26 20:21:00,5779.3216
2025-03-26 20:22:00,5779.6897
2025-03-26 20:23:00,5689.7491
2025-03-26 20:24:00,5812.1818
2025-03-26 20:25:00,5691.0670
2025-03-26 20:26:00,5764.5425
2025-03-26 20:27:00,5812.1818
2025-03-26 20:28:00,5783.0691
2025-03-26 20:29:00,5766.0545
2025-03-26 20:30:00,5812.1818
2025-03-26 20:31:00,5767.5649
2025-03-26 20:32:00,5659.2402
2025-03-26 20:33:00,5782.2643
2025-03-26 20:34:00,5751.5634
2025-03-26 20:35:00,5812.1818
2025-03-26 20:36:00,5812.1818
2025-03-26 20:37:00,5783.7351
2025-03-26 20:38:00,5770.5832
2025-03-26 20:39:00,5696.2924
2025-03-26 20:40:00,5657.1838
2025-03-26 20:41:00,5698.7909
2025-03-26 20:42:00,5812.1818
2025-03-26 20:43:00,5785.9445
2025-03-26 20:44:00,5786.3134
2025-03-26 20:45:00,5812.1818
2025-03-26 20:46:00,5595.8182
2025-03-26 20:47:00,5786.6826
2025-03-26 20:48:00,5785.9096
2025-03-26 20:49:00,5812.1818
2025-03-26 20:50:00,5786.9849
2025-03-26 20:51:00,5812.1818
2025-03-26 20:52:00,5812.1818
2025-03-26 20:53:00,5786.9849
2025-03-26 20:54:00,5775.9562
2025-03-26 20:55:00,5778.1733
2025-03-26 20:56:00,5689.9554
2025-03-26 20:57:00,5812.1818
2025-03-26 20:58:00,5812.1818
2025-03-26 20:59:00,5812.1818
2025-03-26 21:00:00,5790.3139
2025-03-26 21:01:00,5773.6482
2025-03-26 21:02:00,5812.1818
2025-03-26 21:03:00,5791.0146
2025-03-26 21:04:00,5812.1818
2025-03-26 21:05:00,5791.7271
2025-03-26 21:06:00,5812.1818
2025-03-26 21:07:00,5792.4515
2025-03-26 21:08:00,5812.1818
2025-03-26 21:09:00,5812.1818
2025-03-26 21:10:00,5772.5059
2025-03-26 21:11:00,5671.3350
2025-03-26 21:12:00,5590.1304
2025-03-26 21:13:00,5763.7029
2025-03-26 21:14:00,5758.8407
2025-03-26 21:15:00,5671.2856
2025-03-26 21:16:00,5671.2856
2025-03-26 21:17:00,5757.4430
2025-03-26 21:18:00,5671.2733
2025-03-26 21:19:00,5595.8182
2025-03-26 21:20:00,5758.0371
2025-03-26 21:21:00,5761.2618
2025-03-26 21:22:00,5760.3129
2025-03-26 21:23:00,5758.3357
2025-03-26 21:24:00,5758.3357
2025-03-26 21:25:00,5758.4520
2025-03-26 21:26:00,5760.0855
2025-03-26 21:27:00,5765.3179
2025-03-26 21:28:00,5758.7503
2025-03-26 21:29:00,5758.7503
2025-03-26 21:30:00,5765.8707
2025-03-26 21:31:00,5759.6492
2025-03-26 21:32:00,5589.3158
2025-03-26 21:33:00,5759.5788
2025-03-26 21:34:00,5671.0582
2025-03-26 21:35:00,5812.1818
2025-03-26 21:36:00,5812.1818
2025-03-26 21:37:00,5812.1818
2025-03-26 21:38:00,5789.0535
2025-03-26 21:39:00,5767.1275
2025-03-26 21:40:00,5791.0046
2025-03-26 21:41:00,5665.4302
2025-03-26 21:42:00,5812.1818
2025-03-26 21:43:00,5766.7979
2025-03-26 21:44:00,5812.1818
2025-03-26 21:45:00,5763.3805
2025-03-26 21:46:00,5662.3779
2025-03-26 21:47:00,5812.1818
2025-03-26 21:48:00,5790.7503
2025-03-26 21:49:00,5767.1275
2025-03-26 21:50:00,5812.1818
2025-03-26 21:51:00,5812.1818
2025-03-26 21:52:00,5812.1818
2025-03-26 21:53:00,5662.9908
2025-03-26 21:54:00,5766.0148
2025-03-26 21:55:00,5765.5710
2025-03-26 21:56:00,5765.0072
2025-03-26 21:57:00,5645.0865
2025-03-26 21:58:00,5812.1818
2025-03-26 21:59:00,5812.1818
2025-03-26 22:00:00,5812.1818
2025-03-26 22:01:00,5812.1818
2025-03-26 22:02:00,5812.1818
2025-03-26 22:03:00,5812.1818
2025-03-26 22:04:00,5812.1818
2025-03-26 22:05:00,5812.1818
2025-03-26 22:06:00,5812.1818
2025-03-26 22:07:00,5812.1818
2025-03-26 22:08:00,5645.8925
2025-03-26 22:09:00,5812.1818
2025-03-26 22:10:00,5774.9262
2025-03-26 22:11:00,5775.5378
2025-03-26 22:12:00,5812.1818
2025-03-26 22:13:00,5812.1818
2025-03-26 22:14:00,5812.1818
2025-03-26 22:15:00,5704.8833
2025-03-26 22:16:00,5601.9091
2025-03-26 22:17:00,5761.8239
2025-03-26 22:18:00,5665.5560
2025-03-26 22:19:00,5680.3486
2025-03-26 22:20:00,5767.2414
2025-03-26 22:21:00,5752.6097
2025-03-26 22:22:00,5677.0094
2025-03-26 22:23:00,5666.0498
2025-03-26 22:24:00,5676.9110
2025-03-26 22:25:00,5640.9062
2025-03-26 22:26:00,5666.1741
2025-03-26 22:27:00,5750.2664
2025-03-26 22:28:00,5812.1818
2025-03-26 22:29:00,5763.0695
2025-03-26 22:30:00,5748.7411
2025-03-26 22:31:00,5666.3968
2025-03-26 22:32:00,5794.9835
2025-03-26 22:33:00,5675.1634
2025-03-26 22:34:00,5666.4015
2025-03-26 22:35:00,5762.4882
2025-03-26 22:36:00,5749.2904
2025-03-26 22:37:00,5749.9725
2025-03-26 22:38:00,5665.9687
2025-03-26 22:39:00,5750.9910
2025-03-26 22:40:00,5812.1818
2025-03-26 22:41:00,5767.2102
2025-03-26 22:42:00,5812.1818
2025-03-26 22:43:00,5749.9574
2025-03-26 22:44:00,5766.4327
2025-03-26 22:45:00,5768.0278
2025-03-26 22:46:00,5665.8463
2025-03-26 22:47:00,5679.0957
2025-03-26 22:48:00,5752.1114
2025-03-26 22:49:00,5752.4562
2025-03-26 22:50:00,5769.3956
2025-03-26 22:51:00,5751.3692
2025-03-26 22:52:00,5770.9730
2025-03-26 22:53:00,5753.7384
2025-03-26 22:54:00,5680.3712
2025-03-26 22:55:00,5767.6833
2025-03-26 22:56:00,5680.3712
2025-03-26 22:57:00,5664.7799
2025-03-26 22:58:00,5680.9952
2025-03-26 22:59:00,5812.1818
2025-03-26 23:00:00,5769.4813
2025-03-26 23:01:00,5681.7553
2025-03-26 23:02:00,5770.7720
2025-03-26 23:03:00,5753.4948
2025-03-26 23:04:00,5661.7719
2025-03-26 23:05:00,5746.3046
2025-03-26 23:06:00,5746.3046
2025-03-26 23:07:00,5661.6063
2025-03-26 23:08:00,5647.9490
2025-03-26 23:09:00,5747.4333
2025-03-26 23:10:00,5745.8444
2025-03-26 23:11:00,5652.2620
2025-03-26 23:12:00,5595.8182
2025-03-26 23:13:00,5665.1995
2025-03-26 23:14:00,5655.4042
2025-03-26 23:15:00,5665.3312
2025-03-26 23:16:00,5655.5347
2025-03-26 23:17:00,5665.3907
2025-03-26 23:18:00,5601.9091
2025-03-26 23:19:00,5656.0409
2025-03-26 23:20:00,5748.1251
2025-03-26 23:21:00,5665.3319
2025-03-26 23:22:00,5751.0180
2025-03-26 23:23:00,5766.4497
2025-03-26 23:24:00,5812.1818
2025-03-26 23:25:00,5665.9835
2025-03-26 23:26:00,5677.5780
2025-03-26 23:27:00,5750.4247
2025-03-26 23:28:00,5765.5096
2025-03-26 23:29:00,5750.4591
2025-03-26 23:30:00,5677.9960
2025-03-26 23:31:00,5665.8389
2025-03-26 23:32:00,5678.9914
2025-03-26 23:33:00,5679.0858
2025-03-26 23:34:00,5679.8208
2025-03-26 23:35:00,5770.1900
2025-03-26 23:36:00,5768.5108
2025-03-26 23:37:00,5680.7928
2025-03-26 23:38:00,5769.2169
2025-03-26 23:39:00,5664.7530
2025-03-26 23:40:00,5699.2311
2025-03-26 23:41:00,5677.6007
2025-03-26 23:42:00,5699.7326
2025-03-26 23:43:00,5699.7326
2025-03-26 23:44:00,5767.9065
2025-03-26 23:45:00,5752.1027
2025-03-26 23:46:00,5664.6837
2025-03-26 23:47:00,5601.9091
2025-03-26 23:48:00,5752.3234
2025-03-26 23:49:00,5681.4777
2025-03-26 23:50:00,5601.9091
2025-03-26 23:51:00,5760.3302
2025-03-26 23:52:00,5747.2049
2025-03-26 23:53:00,5746.9517
2025-03-26 23:54:00,5665.2183
2025-03-26 23:55:00,5680.7822
2025-03-26 23:56:00,5680.7822
2025-03-26 23:57:00,5665.2183
2025-03-26 23:58:00,5768.9466
2025-03-26 23:59:00,5768.8579
2025-03-27 00:00:00,5768.7676
2025-03-27 00:01:00,5752.1617
2025-03-27 00:02:00,5752.0942
2025-03-27 00:03:00,5747.2049
2025-03-27 00:04:00,5680.5082
2025-03-27 00:05:00,5665.3470
2025-03-27 00:06:00,5766.9347
2025-03-27 00:07:00,5679.0795
2025-03-27 00:08:00,5751.8331
2025-03-27 00:09:00,5678.7477
2025-03-27 00:10:00,5751.5490
2025-03-27 00:11:00,5678.3550
2025-03-27 00:12:00,5678.3088
2025-03-27 00:13:00,5766.7281
2025-03-27 00:14:00,5751.2748
2025-03-27 00:15:00,5678.4958
2025-03-27 00:16:00,5751.5404
2025-03-27 00:17:00,5678.7881
2025-03-27 00:18:00,5601.9091
2025-03-27 00:19:00,5678.5435
2025-03-27 00:20:00,5767.2102
2025-03-27 00:21:00,5767.0009
2025-03-27 00:22:00,5751.3614
2025-03-27 00:23:00,5678.5435
2025-03-27 00:24:00,5678.7881
2025-03-27 00:25:00,5665.7544
2025-03-27 00:26:00,5665.7137
2025-03-27 00:27:00,5601.9091
2025-03-27 00:28:00,5751.3513
2025-03-27 00:29:00,5751.4088
2025-03-27 00:30:00,5678.9167
2025-03-27 00:31:00,5680.5082
2025-03-27 00:32:00,5665.2516
2025-03-27 00:33:00,5680.5757
2025-03-27 00:34:00,5664.8195
2025-03-27 00:35:00,5812.1818
2025-03-27 00:36:00,5680.8525
2025-03-27 00:37:00,5751.8333
2025-03-27 00:38:00,5665.1956
2025-03-27 00:39:00,5601.9091
2025-03-27 00:40:00,5595.8182
2025-03-27 00:41:00,5595.8182
2025-03-27 00:42:00,5595.8182
2025-03-27 00:43:00,5627.4663
2025-03-27 00:44:00,5662.4842
2025-03-27 00:45:00,5662.4610
2025-03-27 00:46:00,5595.8182
2025-03-27 00:47:00,5601.9091
2025-03-27 00:48:00,5601.9091
2025-03-27 00:49:00,5601.9091
2025-03-27 00:50:00,5625.8592
2025-03-27 00:51:00,5601.9091
2025-03-27 00:52:00,5651.2826
2025-03-27 00:53:00,5651.0546
2025-03-27 00:54:00,5622.5415
2025-03-27 00:55:00,5595.8182
2025-03-27 00:56:00,5595.8182
2025-03-27 00:57:00,5601.9091
2025-03-27 00:58:00,5649.9658
2025-03-27 00:59:00,5650.9771
2025-03-27 01:00:00,5663.1204
2025-03-27 01:01:00,5663.0996
2025-03-27 01:02:00,5651.0546
2025-03-27 01:03:00,5595.8182
2025-03-27 01:04:00,5595.8182
2025-03-27 01:05:00,5601.9091
2025-03-27 01:06:00,5663.0996
2025-03-27 01:07:00,5650.8988
2025-03-27 01:08:00,5649.3884
2025-03-27 01:09:00,5595.8182
2025-03-27 01:10:00,5650.1581
2025-03-27 01:11:00,5595.8182
2025-03-27 01:12:00,5595.8182
2025-03-27 01:13:00,5812.1818
2025-03-27 01:14:00,5682.5968
2025-03-27 01:15:00,5682.8768
2025-03-27 01:16:00,5683.0647
2025-03-27 01:17:00,5683.3761
2025-03-27 01:18:00,5664.7881
2025-03-27 01:19:00,5601.9091
2025-03-27 01:20:00,5755.3809
2025-03-27 01:21:00,5755.6187
2025-03-27 01:22:00,5684.8238
2025-03-27 01:23:00,5756.0978
2025-03-27 01:24:00,5663.9562
2025-03-27 01:25:00,5601.9091
2025-03-27 01:26:00,5663.8916
2025-03-27 01:27:00,5663.8696
2025-03-27 01:28:00,5757.1234
2025-03-27 01:29:00,5686.5534
2025-03-27 01:30:00,5757.7735
2025-03-27 01:31:00,5773.7050
2025-03-27 01:32:00,5660.7808
2025-03-27 01:33:00,5663.6847
2025-03-27 01:34:00,5663.6358
2025-03-27 01:35:00,5776.8595
2025-03-27 01:36:00,5663.5603
2025-03-27 01:37:00,5759.8545
2025-03-27 01:38:00,5663.5603
2025-03-27 01:39:00,5663.5603
2025-03-27 01:40:00,5663.5603
2025-03-27 01:41:00,5688.3035
2025-03-27 01:42:00,5663.5085
2025-03-27 01:43:00,5759.6451
2025-03-27 01:44:00,5759.6451
2025-03-27 01:45:00,5716.3571
2025-03-27 01:46:00,5683.6107
2025-03-27 01:47:00,5601.9091
2025-03-27 01:48:00,5601.9091
2025-03-27 01:49:00,5601.9091
2025-03-27 01:50:00,5663.2003
2025-03-27 01:51:00,5692.9886
2025-03-27 01:52:00,5763.9288
2025-03-27 01:53:00,5663.2003
2025-03-27 01:54:00,5663.2003
2025-03-27 01:55:00,5687.1295
2025-03-27 01:56:00,5663.0774
2025-03-27 01:57:00,5601.9091
2025-03-27 01:58:00,5765.4416
2025-03-27 01:59:00,5766.9526
2025-03-27 02:00:00,5768.4623
2025-03-27 02:01:00,5693.6801
2025-03-27 02:02:00,5768.4623
2025-03-27 02:03:00,5662.8113
2025-03-27 02:04:00,5698.6396
2025-03-27 02:05:00,5601.9091
2025-03-27 02:06:00,5772.0923
2025-03-27 02:07:00,5699.0906
2025-03-27 02:08:00,5773.6023
2025-03-27 02:09:00,5699.0906
2025-03-27 02:10:00,5705.4906
2025-03-27 02:11:00,5704.7643
2025-03-27 02:12:00,5697.9245
2025-03-27 02:13:00,5812.1818
2025-03-27 02:14:00,5787.4219
2025-03-27 02:15:00,5779.6984
2025-03-27 02:16:00,5687.4631
2025-03-27 02:17:00,5789.1125
2025-03-27 02:18:00,5595.8182
2025-03-27 02:19:00,5688.9758
2025-03-27 02:20:00,5595.8182
2025-03-27 02:21:00,5685.1526
2025-03-27 02:22:00,5792.2157
2025-03-27 02:23:00,5678.4342
2025-03-27 02:24:00,5595.8182
2025-03-27 02:25:00,5677.8453
2025-03-27 02:26:00,5773.7644
2025-03-27 02:27:00,5595.8182
2025-03-27 02:28:00,5771.2394
2025-03-27 02:29:00,5739.2365
2025-03-27 02:30:00,5796.5489
2025-03-27 02:31:00,5770.8034
2025-03-27 02:32:00,5601.9091
2025-03-27 02:33:00,5675.0389
2025-03-27 02:34:00,5595.8182
2025-03-27 02:35:00,5595.8182
2025-03-27 02:36:00,5674.4432
2025-03-27 02:37:00,5769.3326
2025-03-27 02:38:00,5671.4573
2025-03-27 02:39:00,5601.9091
2025-03-27 02:40:00,5595.8182
2025-03-27 02:41:00,5664.4909
2025-03-27 02:42:00,5595.8182
2025-03-27 02:43:00,5474.1492
2025-03-27 02:44:00,5759.8754
2025-03-27 02:45:00,5758.8441
2025-03-27 02:46:00,5670.6348
2025-03-27 02:47:00,5601.9091
2025-03-27 02:48:00,5595.8182
2025-03-27 02:49:00,5595.8182
2025-03-27 02:50:00,5589.7037
2025-03-27 02:51:00,5758.2340
2025-03-27 02:52:00,5758.1180
2025-03-27 02:53:00,5758.0038
2025-03-27 02:54:00,5595.8182
2025-03-27 02:55:00,5667.6027
2025-03-27 02:56:00,5590.0861
2025-03-27 02:57:00,5595.8182
2025-03-27 02:58:00,5595.8182
2025-03-27 02:59:00,5778.4619
2025-03-27 03:00:00,5645.0254
2025-03-27 03:01:00,5601.9091
2025-03-27 03:02:00,5696.7426
2025-03-27 03:03:00,5695.8856
2025-03-27 03:04:00,5643.5227
2025-03-27 03:05:00,5643.7080
2025-03-27 03:06:00,5812.1818
2025-03-27 03:07:00,5746.7320
2025-03-27 03:08:00,5692.8610
2025-03-27 03:09:00,5812.1818
2025-03-27 03:10:00,5812.1818
2025-03-27 03:11:00,5595.8182
2025-03-27 03:12:00,5644.9280
2025-03-27 03:13:00,5812.1818
2025-03-27 03:14:00,5812.1818
2025-03-27 03:15:00,5747.9356
2025-03-27 03:16:00,5812.1818
2025-03-27 03:17:00,5812.1818
2025-03-27 03:18:00,5647.9800
2025-03-27 03:19:00,5692.9007
2025-03-27 03:20:00,5649.9423
2025-03-27 03:30:00,5812.1818
2025-03-27 03:40:00,5601.9091
2025-03-27 03:50:00,5417.7273
2025-03-27 04:00:00,5679.1335
2025-03-27 04:10:00,5760.9639
2025-03-27 04:20:00,5686.2569
2025-03-27 04:30:00,5652.6997
2025-03-27 04:40:00,5601.9091
2025-03-27 04:50:00,5595.8182
2025-03-27 05:00:00,5690.7178
2025-03-27 05:10:00,5601.9091
2025-03-27 05:20:00,5601.9091
2025-03-27 05:30:00,5595.8182
2025-03-27 05:40:00,5595.8182
2025-03-27 05:50:00,5748.3559
2025-03-27 06:00:00,5601.9091
2025-03-27 06:10:00,5595.8182
2025-03-27 06:20:00,5775.3928
2025-03-27 06:30:00,5595.8182
2025-03-27 06:40:00,5601.9091
2025-03-27 06:50:00,5735.3730
2025-03-27 07:00:00,5601.9091
2025-03-27 07:10:00,5595.8182
2025-03-27 07:20:00,5589.7472
2025-03-27 07:30:00,5595.8182
2025-03-27 07:40:00,5595.8182
2025-03-27 07:50:00,5758.2638
2025-03-27 08:00:00,5601.9091
2025-03-27 08:10:00,5589.9507
2025-03-27 08:20:00,5589.9494
2025-03-27 08:30:00,5597.8650
2025-03-27 08:40:00,5589.9524
2025-03-27 08:50:00,5665.3789
2025-03-27 09:00:00,5680.2580
2025-03-27 09:02:30,5679.6653
2025-03-27 09:03:02,5751.9395
2025-03-27 09:10:00,5665.8082
2025-03-27 09:20:00,5756.3324
2025-03-27 09:30:00,5780.5708
2025-03-27 09:40:00,5417.7273
2025-03-27 09:50:00,5680.6741
2025-03-27 10:00:00,5685.0776
2025-03-27 10:10:00,5663.5498
2025-03-27 10:20:00,5783.6336
2025-03-27 10:30:00,5660.4376
2025-03-27 10:40:00,5417.7273
2025-03-27 10:50:00,5684.2598
2025-03-27 11:00:00,5759.0222
2025-03-27 11:10:00,5692.0271
2025-03-27 11:20:00,5765.1166
2025-03-27 11:30:00,5693.2311
2025-03-27 11:40:00,5417.7273
2025-03-27 11:50:00,5601.9091
2025-03-27 12:00:00,5692.8773
2025-03-27 12:10:00,5780.0272
2025-03-27 12:20:00,5595.8182
2025-03-27 12:30:00,5675.7829
2025-03-27 12:40:00,5601.9091
2025-03-27 12:50:00,5595.8182
2025-03-27 13:00:00,5752.1540
2025-03-27 13:07:30,5664.1243
2025-03-27 13:08:01,5599.1049
2025-03-27 13:10:00,5756.7663
2025-03-27 13:20:00,5589.9698
2025-03-27 13:30:00,5692.2935
2025-03-27 13:40:00,5599.5032
2025-03-27 13:50:00,5597.7826
2025-03-27 14:00:00,5812.1818
2025-03-27 14:10:00,5601.9091
2025-03-27 14:20:00,5601.9091
2025-03-27 14:30:00,5683.5211
2025-03-27 14:40:00,5601.9091
2025-03-27 14:50:00,5601.9091
2025-03-27 15:00:00,5705.4906
2025-03-27 15:10:00,5665.3295
2025-03-27 15:20:00,5601.9091
2025-03-27 15:30:00,5671.1361
2025-03-27 15:40:00,5417.7273
2025-03-27 15:50:00,5595.8182
2025-03-27 16:00:00,5692.0271
2025-03-27 16:10:00,5663.7233
2025-03-27 16:20:00,5601.9091
2025-03-27 16:30:00,5688.3357
2025-03-27 16:40:00,5601.9091
2025-03-27 16:50:00,5601.9091
2025-03-27 17:00:00,5754.7850
2025-03-27 17:10:00,5686.4306
2025-03-27 17:20:00,5666.2246
2025-03-27 17:30:00,5589.2985
2025-03-27 17:40:00,5589.4847
2025-03-27 17:50:00,5589.7370
2025-03-27 18:00:00,5758.3976
2025-03-27 18:10:00,5589.9868
2025-03-27 18:20:00,5649.0384
2025-03-27 18:30:00,5558.6500
2025-03-27 18:40:00,5812.1818
2025-03-27 18:50:00,5755.0173
2025-03-27 19:00:00,5776.6906
2025-03-27 19:10:00,5601.9091
2025-03-27 19:20:00,5601.9091
2025-03-27 19:30:00,5595.2469
2025-03-27 19:40:00,5664.9097
2025-03-27 19:50:00,5662.5614
2025-03-27 20:00:00,5682.6804
2025-03-27 20:10:00,5648.3826
2025-03-27 20:20:00,5595.8182
2025-03-27 20:30:00,5601.9091
2025-03-27 20:40:00,5601.9091
2025-03-27 20:50:00,5595.8182
2025-03-27 21:00:00,5601.9091
2025-03-27 21:10:00,5664.0763
2025-03-27 21:20:00,5595.8182
2025-03-27 21:30:00,5601.9091
2025-03-27 21:40:00,5679.6048
2025-03-27 21:50:00,5601.9091
2025-03-27 22:00:00,5601.9091
2025-03-27 22:10:00,5417.7273
2025-03-27 22:20:00,5417.7273
2025-03-27 22:30:00,5595.8182
2025-03-27 22:40:00,5661.5938
2025-03-27 22:50:00,5601.9091
2025-03-27 23:00:00,5595.8182
2025-03-27 23:10:00,5646.5369
2025-03-27 23:20:00,5560.1393
2025-03-27 23:30:00,5595.8182
2025-03-27 23:40:00,5663.3260
2025-03-27 23:50:00,5597.6816
2025-03-28 00:00:00,5663.6619
2025-03-28 00:10:00,5759.5428
2025-03-28 00:20:00,5595.3592
2025-03-28 00:30:00,5950.3900
2025-03-28 00:40:00,5746.5212
2025-03-28 00:50:00,5643.0601
2025-03-28 01:00:00,5601.9091
2025-03-28 01:10:00,5601.9091
2025-03-28 01:20:00,5417.7273
2025-03-28 01:30:00,5663.9721
2025-03-28 01:40:00,5777.2653
2025-03-28 01:50:00,5685.1723
2025-03-28 02:00:00,5601.9091
2025-03-28 02:10:00,5417.7273
2025-03-28 02:20:00,5601.9091
2025-03-28 02:30:00,5659.3058
2025-03-28 02:40:00,5705.6205
2025-03-28 02:50:00,5628.6512
2025-03-28 02:52:01,5628.6382
2025-03-28 02:53:02,5633.7586
2025-03-28 03:00:00,5629.6835
2025-03-28 03:03:02,5417.7273
2025-03-28 03:10:00,5601.9091
2025-03-28 03:20:00,5654.2212
2025-03-28 03:30:00,5601.9091
2025-03-28 03:40:00,5601.9091
2025-03-28 03:50:00,5589.3481
2025-03-28 04:00:00,5765.1878
2025-03-28 04:10:00,5649.8185
2025-03-28 04:20:00,5746.8896
2025-03-28 04:30:00,5559.1811
2025-03-28 04:40:00,5595.8182
2025-03-28 04:50:00,5755.2966
2025-03-28 05:00:00,5599.5394
2025-03-28 05:10:00,5597.6773
2025-03-28 05:20:00,5654.7523
2025-03-28 05:30:00,5603.5627
2025-03-28 05:40:00,5599.4769
2025-03-28 05:50:00,5754.2834
2025-03-28 06:00:00,5704.0107
2025-03-28 06:10:00,5595.8182
2025-03-28 06:20:00,5592.5573
2025-03-28 06:30:00,5601.9091
2025-03-28 06:40:00,5601.9091
2025-03-28 06:50:00,5681.8820
2025-03-28 07:00:00,5595.8182
2025-03-28 07:10:00,5595.8182
2025-03-28 07:20:00,5760.6145
2025-03-28 07:30:00,5690.7178
2025-03-28 07:40:00,5601.9091
2025-03-28 07:50:00,5700.0228
2025-03-28 08:00:00,5417.7273
2025-03-28 08:10:00,5665.8767
2025-03-28 08:20:00,5689.6333
2025-03-28 08:30:00,5662.8113
2025-03-28 08:40:00,5657.8687
2025-03-28 08:50:00,5687.6982
2025-03-28 09:00:00,5595.8182
2025-03-28 09:10:00,5595.8182
2025-03-28 09:20:00,5589.2481
2025-03-28 09:30:00,5669.2876
2025-03-28 09:40:00,5595.8182
2025-03-28 09:50:00,5776.1202
2025-03-28 10:00:00,5645.7246
2025-03-28 10:10:00,5595.8182
2025-03-28 10:20:00,5559.6244
2025-03-28 10:30:00,5597.7146
2025-03-28 10:40:00,5678.4342
2025-03-28 10:50:00,5665.9840
2025-03-28 11:00:00,5601.9091
2025-03-28 11:10:00,5769.9688
2025-03-28 11:20:00,5601.9091
2025-03-28 11:30:00,5601.9091
2025-03-28 11:40:00,5417.7273
2025-03-28 11:50:00,5972.5489
2025-03-28 12:00:00,5595.8182
2025-03-28 12:10:00,5417.7273
2025-03-28 12:20:00,5417.7273
2025-03-28 12:30:00,5599.6327
2025-03-28 12:40:00,5595.8182
2025-03-28 12:50:00,5417.7273
2025-03-28 13:00:00,5661.0419
2025-03-28 13:10:00,5552.4020
2025-03-28 13:20:00,5595.8182
2025-03-28 13:30:00,5595.8182
2025-03-28 13:40:00,5551.6404
2025-03-28 13:50:00,5417.7273
2025-03-28 14:00:00,5417.7273
2025-03-28 14:10:00,5785.5115
2025-03-28 14:20:00,5582.7371
2025-03-28 14:30:00,5461.1901
2025-03-28 14:40:00,5463.7260
2025-03-28 14:50:00,5417.7273
2025-03-28 15:00:00,5554.3623
2025-03-28 15:10:00,5417.7273
2025-03-28 15:20:00,5553.3981
2025-03-28 15:30:00,5552.6755
2025-03-28 15:40:00,5552.1988
2025-03-28 15:50:00,5551.5694
2025-03-28 16:00:00,5595.8182
2025-03-28 16:10:00,5545.9512
2025-03-28 16:20:00,5550.8406
2025-03-28 16:30:00,5595.8182
2025-03-28 16:40:00,5658.2792
2025-03-28 16:50:00,5595.8182
2025-03-28 17:00:00,5417.7273
2025-03-28 17:10:00,5550.7829
2025-03-28 17:20:00,5789.9443
2025-03-28 17:30:00,5595.8182
2025-03-28 17:40:00,5595.8182
2025-03-28 17:50:00,5553.6609
2025-03-28 18:00:00,5417.7273
2025-03-28 18:10:00,5553.8343
2025-03-28 18:20:00,5417.7273
2025-03-28 18:30:00,5417.7273
2025-03-28 18:40:00,5595.8182
2025-03-28 18:50:00,5656.7118
2025-03-28 19:00:00,5417.7273
2025-03-28 19:10:00,5599.7714
2025-03-28 19:20:00,5417.7273
2025-03-28 19:30:00,5417.7273
2025-03-28 19:40:00,5658.5658
2025-03-28 19:50:00,5658.7022
2025-03-28 20:00:00,5549.3971
2025-03-28 20:10:00,5599.1674
2025-03-28 20:20:00,5974.0435
2025-03-28 20:30:00,5472.6187
2025-03-28 20:40:00,5465.7241
2025-03-28 20:50:00,5417.7273
2025-03-28 21:00:00,5753.7374
2025-03-28 21:10:00,5552.1344
2025-03-28 21:20:00,5768.8479
2025-03-28 21:30:00,5560.4994
2025-03-28 21:40:00,5589.9440
2025-03-28 21:50:00,5599.7340
2025-03-28 22:00:00,5600.3106
2025-03-28 22:10:00,5599.7563
2025-03-28 22:20:00,5599.7563
2025-03-28 22:30:00,5601.9091
2025-03-28 22:40:00,5752.5365
2025-03-28 22:50:00,5417.7273
2025-03-28 23:00:00,5599.8185
2025-03-28 23:10:00,5589.9034
2025-03-28 23:20:00,5417.7273
2025-03-28 23:30:00,5536.3162
2025-03-28 23:40:00,5472.1584
2025-03-28 23:50:00,5584.6420
2025-03-29 00:00:00,5417.7273
2025-03-29 00:10:00,5654.4373
2025-03-29 00:20:00,5595.8182
2025-03-29 00:20:01,5417.7273
2025-03-29 00:20:30,5616.9184
2025-03-29 00:30:00,5601.9091
2025-03-29 00:40:00,5771.7354
2025-03-29 00:50:00,5595.8182
2025-03-29 01:00:00,5595.8182
2025-03-29 01:10:00,5751.3636
2025-03-29 01:20:00,5601.9091
2025-03-29 01:30:00,5595.8182
2025-03-29 01:40:00,5595.8182
2025-03-29 01:50:00,5601.9091
2025-03-29 02:00:00,5417.7273
2025-03-29 02:10:00,5417.7273
2025-03-29 02:20:00,5702.0271
2025-03-29 02:30:00,5655.9618
2025-03-29 02:40:00,5417.7273
2025-03-29 02:50:00,5595.8182
2025-03-29 03:00:00,5601.9091
2025-03-29 03:10:00,5601.9091
2025-03-29 03:20:00,5674.7522
2025-03-29 03:30:00,5601.9091
2025-03-29 03:40:00,5601.9091
2025-03-29 03:50:00,5678.4425
2025-03-29 04:00:00,5417.7273
2025-03-29 04:10:00,5601.9091
2025-03-29 04:20:00,5660.6371
2025-03-29 04:30:00,5601.9091
2025-03-29 04:40:00,5595.8182
2025-03-29 04:50:00,5645.7096
2025-03-29 05:00:00,5550.2333
2025-03-29 05:10:00,5595.8182
2025-03-29 05:20:00,5650.0233
2025-03-29 05:30:00,5595.8182
2025-03-29 05:40:00,5599.6692
2025-03-29 05:50:00,5595.8182
2025-03-29 06:00:00,5944.1905
2025-03-29 06:10:00,5601.9091
2025-03-29 06:20:00,5663.8743
2025-03-29 06:30:00,5781.8280
2025-03-29 06:40:00,5677.6657
2025-03-29 06:50:00,5677.2135
2025-03-29 07:00:00,5601.9091
2025-03-29 07:10:00,5681.8820
2025-03-29 07:20:00,5759.8323
2025-03-29 07:30:00,5597.3747
2025-03-29 07:40:00,5595.8182
2025-03-29 07:49:30,10563.9695
2025-03-29 07:50:00,1600.0999
2025-03-29 08:00:00,5870.2359
2025-03-29 08:10:00,5870.3869
2025-03-29 08:20:00,5812.1818
2025-03-29 08:30:00,5761.4619
2025-03-29 08:40:00,5760.7796
2025-03-29 08:50:00,5768.9969
2025-03-29 09:00:00,5768.5084
2025-03-29 09:10:00,5875.5918
2025-03-29 09:20:00,5861.6682
2025-03-29 09:30:00,5831.0653
2025-03-29 09:40:00,5838.0033
2025-03-29 09:50:00,5759.6645
2025-03-29 10:00:00,5764.7385
2025-03-29 10:10:00,5838.8839
2025-03-29 10:20:00,5812.1818
2025-03-29 10:30:00,5812.1818
2025-03-29 10:40:00,5782.2295
2025-03-29 10:50:00,5812.1818
2025-03-29 11:00:00,5812.1818
2025-03-29 11:10:00,5754.3507
2025-03-29 11:20:00,5812.1818
2025-03-29 11:30:00,5812.1818
2025-03-29 11:40:00,5812.1818
2025-03-29 11:50:00,5754.0223
2025-03-29 12:00:00,5680.1269
2025-03-29 12:10:00,5679.8858
2025-03-29 12:20:00,5812.1818
2025-03-29 12:30:00,5812.1818
2025-03-29 12:40:00,5812.1818
2025-03-29 12:50:00,5753.9673
2025-03-29 13:00:00,5703.2746
2025-03-29 13:10:00,5767.7686
2025-03-29 13:20:00,5812.1818
2025-03-29 13:30:00,5684.4904
2025-03-29 13:40:00,5758.8062
2025-03-29 13:50:00,5767.8788
2025-03-29 14:00:00,5769.0380
2025-03-29 14:10:00,5768.3155
2025-03-29 14:20:00,5812.1818
2025-03-29 14:30:00,5702.4819
2025-03-29 14:40:00,5770.3069
2025-03-29 14:50:00,5680.4749
2025-03-29 15:00:00,5745.8156
2025-03-29 15:10:00,5812.1818
2025-03-29 15:20:00,5812.1818
2025-03-29 15:30:00,5782.9476
2025-03-29 15:40:00,5812.1818
2025-03-29 15:50:00,5812.1818
2025-03-29 16:00:00,5755.6939
2025-03-29 16:10:00,5765.3976
2025-03-29 16:20:00,5693.7471
2025-03-29 16:30:00,5760.0682
2025-03-29 16:40:00,5770.0824
2025-03-29 16:50:00,5772.8995
2025-03-29 17:00:00,5761.8721
2025-03-29 17:10:00,5812.1818
2025-03-29 17:20:00,5812.1818
2025-03-29 17:30:00,5812.1818
2025-03-29 17:40:00,5812.1818
2025-03-29 17:50:00,5709.1787
2025-03-29 18:00:00,5768.7699
2025-03-29 18:10:00,5768.5097
2025-03-29 18:20:00,5812.1818
2025-03-29 18:30:00,5812.1818
2025-03-29 18:40:00,5812.1818
2025-03-29 18:50:00,5685.3250
2025-03-29 19:00:00,5770.0669
2025-03-29 19:10:00,5769.6188
2025-03-29 19:20:00,5675.3007
2025-03-29 19:30:00,5770.2081
2025-03-29 19:40:00,5678.9131
2025-03-29 19:50:00,5676.1563
2025-03-29 20:00:00,5812.1818
2025-03-29 20:10:00,5812.1818
2025-03-29 20:20:00,5652.3491
2025-03-29 20:30:00,5745.5812
2025-03-29 20:40:00,5636.3095
2025-03-29 20:50:00,5712.7712
2025-03-29 21:00:00,5812.1818
2025-03-29 21:10:00,5769.4600
2025-03-29 21:20:00,5767.8264
2025-03-29 21:30:00,5770.2730
2025-03-29 21:40:00,5791.8893
2025-03-29 21:50:00,5787.7025
2025-03-29 22:00:00,5812.1818
2025-03-29 22:10:00,5772.4949
2025-03-29 22:20:00,5662.8622
2025-03-29 22:30:00,5597.3890
2025-03-29 22:40:00,5753.2579
2025-03-29 22:50:00,5687.3582
2025-03-29 23:00:00,5685.0715
2025-03-29 23:10:00,5681.3960
2025-03-29 23:20:00,5746.0632
2025-03-29 23:30:00,5746.2040
2025-03-29 23:40:00,5746.7493
2025-03-29 23:50:00,5704.4848
2025-03-30 00:00:00,5812.1818
2025-03-30 00:10:00,5744.4905
2025-03-30 00:20:00,5653.9364
2025-03-30 00:30:00,5679.2092
2025-03-30 00:40:00,5812.1818
2025-03-30 00:50:00,5681.0648
2025-03-30 01:00:00,5682.3234
2025-03-30 01:10:00,5770.4678
2025-03-30 01:20:00,5812.1818
2025-03-30 01:30:00,5676.2138
2025-03-30 01:40:00,5769.2757
2025-03-30 01:50:00,5702.3036
2025-03-30 02:00:00,5812.1818
2025-03-30 02:10:00,5812.1818
2025-03-30 02:20:00,5701.0284
2025-03-30 02:30:00,5675.7456
2025-03-30 02:40:00,5812.1818
2025-03-30 02:50:00,5677.6149
2025-03-30 03:00:00,5678.1823
2025-03-30 03:10:00,5812.1818
2025-03-30 03:20:00,5677.3403
2025-03-30 03:30:00,5677.3403
2025-03-30 03:40:00,5772.3162
2025-03-30 03:50:00,5684.2802
2025-03-30 04:00:00,5763.8593
2025-03-30 04:10:00,5812.1818
2025-03-30 04:20:00,5682.1074
2025-03-30 04:30:00,5787.7137
2025-03-30 04:40:00,5812.1818
2025-03-30 04:50:00,5659.6726
2025-03-30 05:00:00,5776.9530
2025-03-30 05:10:00,5768.5563
2025-03-30 05:20:00,5662.6983
2025-03-30 05:30:00,5812.1818
2025-03-30 05:40:00,5812.1818
2025-03-30 05:50:00,5665.5726
2025-03-30 06:00:00,5679.5212
2025-03-30 06:10:00,5812.1818
2025-03-30 06:20:00,5699.9033
2025-03-30 06:30:00,5702.8512
2025-03-30 06:40:00,5601.9091
2025-03-30 06:50:00,5750.7548
2025-03-30 07:00:00,5699.2397
2025-03-30 07:10:00,5812.1818
2025-03-30 07:20:00,5770.2081
2025-03-30 07:30:00,5770.6043
2025-03-30 07:40:00,5766.8323
2025-03-30 07:50:00,5751.8913
2025-03-30 08:00:00,5767.9877
2025-03-30 08:10:00,5767.2838
2025-03-30 08:20:00,5684.2048
2025-03-30 08:30:00,5660.4946
2025-03-30 08:40:00,5676.4846
2025-03-30 08:50:00,5657.9381
2025-03-30 09:00:00,5655.6625
2025-03-30 09:10:00,5595.8182
2025-03-30 09:20:00,5770.9409
2025-03-30 09:30:00,5677.6924
2025-03-30 09:40:00,5678.0975
2025-03-30 09:50:00,5679.0081
2025-03-30 10:00:00,5773.4358
2025-03-30 10:10:00,5757.1586
2025-03-30 10:20:00,5777.8831
2025-03-30 10:30:00,5595.8182
2025-03-30 10:40:00,5591.1957
2025-03-30 10:50:00,5753.7889
2025-03-30 11:00:00,5756.7359
2025-03-30 11:10:00,5646.8177
2025-03-30 11:20:00,5650.7797
2025-03-30 11:30:00,5600.6550
2025-03-30 11:40:00,5599.5961
2025-03-30 11:50:00,5684.4196
2025-03-30 12:00:00,5673.7560
2025-03-30 12:10:00,5760.8829
2025-03-30 12:20:00,5944.1905
2025-03-30 12:30:00,5601.8955
2025-03-30 12:40:00,5601.9091
2025-03-30 12:50:00,5595.8182
2025-03-30 13:00:00,5417.7273
2025-03-30 13:10:00,5417.7273
2025-03-30 13:20:00,5684.3143
2025-03-30 13:30:00,5654.5967
2025-03-30 13:40:00,5417.7273
2025-03-30 13:50:00,5752.2713
2025-03-30 14:00:00,5664.2795
2025-03-30 14:10:00,5599.9147
2025-03-30 14:20:00,5664.3494
2025-03-30 14:30:00,5664.3231
2025-03-30 14:40:00,5600.2853
2025-03-30 14:50:00,5761.3966
2025-03-30 15:00:00,5600.3293
2025-03-30 15:10:00,5417.7273
2025-03-30 15:20:00,5590.0034
2025-03-30 15:30:00,5595.8182
2025-03-30 15:40:00,5417.7273
2025-03-30 15:50:00,5663.5050
2025-03-30 16:00:00,5599.5883
2025-03-30 16:10:00,5601.9091
2025-03-30 16:20:00,5417.7273
2025-03-30 16:30:00,5654.6270
2025-03-30 16:40:00,5599.7411
2025-03-30 16:50:00,5751.9742
2025-03-30 17:00:00,5657.2707
2025-03-30 17:10:00,5664.3879
2025-03-30 17:20:00,5599.7904
2025-03-30 17:30:00,5751.5458
2025-03-30 17:40:00,5599.8047
2025-03-30 17:50:00,5599.8153
2025-03-30 18:00:00,5751.0272
2025-03-30 18:10:00,5550.8998
2025-03-30 18:20:00,5617.8049
2025-03-30 18:30:00,5595.8182
2025-03-30 18:40:00,5620.8868
2025-03-30 18:50:00,5559.1951
2025-03-30 19:00:00,5652.8165
2025-03-30 19:10:00,5599.5718
2025-03-30 19:20:00,5464.6684
2025-03-30 19:30:00,5599.5428
2025-03-30 19:40:00,5417.7273
2025-03-30 19:50:00,5600.3404
2025-03-30 20:00:00,5598.1382
2025-03-30 20:10:00,5599.7682
2025-03-30 20:20:00,5600.3225
2025-03-30 20:30:00,5598.2179
2025-03-30 20:40:00,5600.2644
2025-03-30 20:50:00,5595.8182
2025-03-30 21:00:00,5812.1818
2025-03-30 21:10:00,5599.8368
2025-03-30 21:20:00,5599.8329
2025-03-30 21:30:00,5599.7891
2025-03-30 21:40:00,5417.7273
2025-03-30 21:50:00,5417.7273
2025-03-30 22:00:00,5655.7027
2025-03-30 22:10:00,5595.8182
2025-03-30 22:20:00,5599.5886
2025-03-30 22:30:00,5597.8756
2025-03-30 22:40:00,5601.9091
2025-03-30 22:50:00,5599.6163
2025-03-30 23:00:00,5664.1462
2025-03-30 23:10:00,5598.3471
2025-03-30 23:20:00,5598.2530
2025-03-30 23:30:00,5751.5160
2025-03-30 23:40:00,5664.5201
2025-03-30 23:50:00,5598.3231
2025-03-31 00:00:00,5664.1080
2025-03-31 00:10:00,5764.7930
2025-03-31 00:20:00,5812.1818
2025-03-31 00:30:00,5764.1070
2025-03-31 00:40:00,5666.6650
2025-03-31 00:50:00,5684.4302
2025-03-31 01:00:00,5812.1818
2025-03-31 01:10:00,5748.4242
2025-03-31 01:20:00,5595.8182
2025-03-31 01:30:00,5590.0081
2025-03-31 01:40:00,5687.3118
2025-03-31 01:50:00,5649.5324
2025-03-31 02:00:00,5595.8182
2025-03-31 02:10:00,5638.4000
2025-03-31 02:20:00,5595.8182
2025-03-31 02:30:00,5664.6789
2025-03-31 02:40:00,5681.8206
2025-03-31 02:50:00,5683.0647
2025-03-31 03:00:00,5662.5819
2025-03-31 03:10:00,5682.2984
2025-03-31 03:20:00,5601.9091
2025-03-31 03:30:00,5595.8182
2025-03-31 03:40:00,5657.5947
2025-03-31 03:50:00,5601.9091
2025-03-31 04:00:00,5639.9300
2025-03-31 04:10:00,5656.1211
2025-03-31 04:20:00,5601.9091
2025-03-31 04:30:00,5595.8182
2025-03-31 04:40:00,5745.6744
2025-03-31 04:50:00,5595.8182
2025-03-31 05:00:00,5634.8119
2025-03-31 05:10:00,5757.1586
2025-03-31 05:20:00,5601.9091
2025-03-31 05:30:00,5595.8182
2025-03-31 05:40:00,5773.0633
2025-03-31 05:50:00,5595.8182
2025-03-31 06:00:00,5590.2013
2025-03-31 06:10:00,5590.1262
2025-03-31 06:20:00,5668.0595
2025-03-31 06:30:00,5595.8182
2025-03-31 06:40:00,5758.7343
2025-03-31 06:50:00,5599.1955
2025-03-31 07:00:00,5662.8463
2025-03-31 07:10:00,5761.3926
2025-03-31 07:20:00,5663.5560
2025-03-31 07:30:00,5599.4594
2025-03-31 07:40:00,5665.0032
2025-03-31 07:50:00,5665.7235
2025-03-31 08:00:00,5664.8580
2025-03-31 08:10:00,5660.4281
2025-03-31 08:20:00,5770.5122
2025-03-31 08:30:00,5601.9091
2025-03-31 08:40:00,5601.9091
2025-03-31 08:50:00,5746.0283
2025-03-31 09:00:00,5655.6625
2025-03-31 09:10:00,5595.8182
2025-03-31 09:20:00,5661.0054
2025-03-31 09:30:00,5601.9091
2025-03-31 09:40:00,5595.8182
2025-03-31 09:50:00,5645.5472
2025-03-31 10:00:00,5595.8182
2025-03-31 10:10:00,5595.8182
2025-03-31 10:20:00,5676.9213
2025-03-31 10:30:00,5601.9091
2025-03-31 10:40:00,5595.8182
2025-03-31 10:50:00,5680.4787
2025-03-31 11:00:00,5595.8182
2025-03-31 11:10:00,5595.8182
2025-03-31 11:20:00,5656.5785
2025-03-31 11:30:00,5601.9091
2025-03-31 11:40:00,5678.0975
2025-03-31 11:50:00,5654.0225
2025-03-31 12:00:00,5637.6596
2025-03-31 12:10:00,5635.6916
2025-03-31 12:20:00,5638.5533
2025-03-31 12:30:00,5601.9091
2025-03-31 12:40:00,5644.8493
2025-03-31 12:50:00,5812.1818
2025-03-31 13:00:00,5595.8182
2025-03-31 13:10:00,5601.9091
2025-03-31 13:20:00,5598.7784
2025-03-31 13:30:00,5598.0402
2025-03-31 13:40:00,5597.4872
2025-03-31 13:50:00,5812.1818
2025-03-31 14:00:00,5812.1818
2025-03-31 14:10:00,5812.1818
2025-03-31 14:20:00,5774.7819
2025-03-31 14:30:00,5601.9091
2025-03-31 14:40:00,5665.3971
2025-03-31 14:50:00,5681.2896
2025-03-31 15:00:00,5678.7487
2025-03-31 15:10:00,5636.3095
2025-03-31 15:20:00,5750.7839
2025-03-31 15:30:00,5681.2148
2025-03-31 15:40:00,5644.0422
2025-03-31 15:50:00,5745.5393
2025-03-31 16:00:00,5705.5108
2025-03-31 16:10:00,5677.9981
2025-03-31 16:20:00,5417.7273
2025-03-31 16:30:00,5646.1761
2025-03-31 16:40:00,5644.9927
2025-03-31 16:50:00,5680.6859
2025-03-31 17:00:00,5658.2573
2025-03-31 17:10:00,5645.6546
2025-03-31 17:20:00,5595.8182
2025-03-31 17:30:00,5642.5295
2025-03-31 17:40:00,5640.9687
2025-03-31 17:50:00,5595.8182
2025-03-31 18:00:00,5656.7629
2025-03-31 18:10:00,5659.2650
2025-03-31 18:20:00,5657.2546
2025-03-31 18:30:00,5679.2085
2025-03-31 18:40:00,5595.8182
2025-03-31 18:50:00,5656.6418
2025-03-31 19:00:00,5773.8967
2025-03-31 19:10:00,5595.8182
2025-03-31 19:20:00,5690.3617
2025-03-31 19:30:00,5667.4404
2025-03-31 19:40:00,5667.5690
2025-03-31 19:50:00,5595.8182
2025-03-31 20:00:00,5812.1818
2025-03-31 20:10:00,5595.8182
2025-03-31 20:20:00,5663.8590
2025-03-31 20:30:00,5812.1818
2025-03-31 20:40:00,5812.1818
2025-03-31 20:50:00,5688.8475
2025-03-31 21:00:00,5595.8182
2025-03-31 21:10:00,5601.9091
2025-03-31 21:20:00,5957.4064
2025-03-31 21:30:00,5766.7450
2025-03-31 21:40:00,5655.3962
2025-03-31 21:50:00,5657.7515
2025-03-31 22:00:00,5696.1190
2025-03-31 22:10:00,5663.2608
2025-03-31 22:20:00,5601.9091
2025-03-31 22:30:00,5680.7922
2025-03-31 22:40:00,5640.9687
2025-03-31 22:50:00,5644.7627
2025-03-31 23:00:00,5663.4275
2025-03-31 23:10:00,5649.7144
2025-03-31 23:20:00,5595.8182
2025-03-31 23:30:00,5658.3873
2025-03-31 23:40:00,5595.8182
2025-03-31 23:50:00,5658.7550
2025-04-01 00:00:00,5680.3142
2025-04-01 00:10:00,5642.7929
2025-04-01 00:20:00,5595.8182
2025-04-01 00:30:00,5745.4969
2025-04-01 00:40:00,5655.9785
2025-04-01 00:50:00,5680.8845
2025-04-01 01:00:00,5595.8182
2025-04-01 01:10:00,5595.8182
2025-04-01 01:20:00,5595.8182
2025-04-01 01:30:00,5595.8182
2025-04-01 01:40:00,5596.3222
2025-04-01 01:50:00,5651.8441
2025-04-01 02:00:00,5595.8182
2025-04-01 02:10:00,5745.7498
2025-04-01 02:20:00,5601.9091
2025-04-01 02:30:00,5590.9980
2025-04-01 02:40:00,5754.5071
2025-04-01 02:50:00,5667.8034
2025-04-01 03:00:00,5598.5015
2025-04-01 03:10:00,5754.0282
2025-04-01 03:20:00,5595.8182
2025-04-01 03:30:00,5645.6286
2025-04-01 03:40:00,5812.1818
2025-04-01 03:50:00,5601.9091
2025-04-01 04:00:00,5665.9191
2025-04-01 04:10:00,5749.7542
2025-04-01 04:20:00,5660.7183
2025-04-01 04:30:00,5675.4621
2025-04-01 04:40:00,5769.7342
2025-04-01 04:50:00,5679.9747
2025-04-01 05:00:00,5595.8182
2025-04-01 05:10:00,5644.7627
2025-04-01 05:20:00,5596.5931
2025-04-01 05:30:00,5595.8182
2025-04-01 05:40:00,5680.9016
2025-04-01 05:50:00,5663.6868
2025-04-01 06:00:00,5679.1082
2025-04-01 06:10:00,5768.2723
2025-04-01 06:20:00,5645.4386
2025-04-01 06:30:00,5645.6546
2025-04-01 06:40:00,5745.9769
2025-04-01 06:50:00,5657.6882
2025-04-01 07:00:00,5601.9091
2025-04-01 07:10:00,5642.3955
2025-04-01 07:20:00,5656.5599
2025-04-01 07:30:00,5641.7027
2025-04-01 07:40:00,5655.9785
2025-04-01 07:50:00,5655.3962
2025-04-01 08:00:00,5637.9180
2025-04-01 08:10:00,5601.9091
2025-04-01 08:20:00,5596.2512
2025-04-01 08:30:00,5653.7608
2025-04-01 08:40:00,5681.9431
2025-04-01 08:50:00,5745.0658
2025-04-01 09:00:00,5664.4073
2025-04-01 09:10:00,5595.8182
2025-04-01 09:20:00,5667.6387
2025-04-01 09:30:00,5667.7509
2025-04-01 09:40:00,5598.7070
2025-04-01 09:50:00,5754.0282
2025-04-01 10:00:00,5599.1213
2025-04-01 10:10:00,5662.7042
2025-04-01 10:20:00,5689.1591
2025-04-01 10:30:00,5601.9091
2025-04-01 10:40:00,5601.9091
2025-04-01 10:50:00,5749.6421
2025-04-01 11:00:00,5660.7491
2025-04-01 11:10:00,5417.7273
2025-04-01 11:20:00,5595.8182
2025-04-01 11:30:00,5944.1905
2025-04-01 11:40:00,5676.7288
2025-04-01 11:50:00,5601.9091
2025-04-01 12:00:00,5468.3655
2025-04-01 12:10:00,5600.5339
2025-04-01 12:20:00,5599.6014
2025-04-01 12:30:00,5417.7273
2025-04-01 12:40:00,5595.8182
2025-04-01 12:50:00,5681.5404
2025-04-01 13:00:00,5595.8182
2025-04-01 13:10:00,5656.0545
2025-04-01 13:20:00,5751.6188
2025-04-01 13:30:00,5600.2851
2025-04-01 13:40:00,5601.9091
2025-04-01 13:50:00,5661.2059
2025-04-01 14:00:00,5665.2250
2025-04-01 14:10:00,5467.2428
2025-04-01 14:20:00,5599.3696
2025-04-01 14:30:00,5599.5051
2025-04-01 14:40:00,5600.7388
2025-04-01 14:50:00,5601.9091
2025-04-01 15:00:00,5663.6149
2025-04-01 15:10:00,5664.0016
2025-04-01 15:20:00,5681.2641
2025-04-01 15:30:00,5598.2840
2025-04-01 15:40:00,5598.2997
2025-04-01 15:50:00,5595.8182
2025-04-01 16:00:00,5657.3457
2025-04-01 16:10:00,5599.7449
2025-04-01 16:20:00,5599.7896
2025-04-01 16:30:00,5664.4865
2025-04-01 16:40:00,5751.1226
2025-04-01 16:50:00,5600.3560
2025-04-01 17:00:00,5628.5646
2025-04-01 17:10:00,5595.8182
2025-04-01 17:20:00,5595.8182
2025-04-01 17:30:00,5647.4221
2025-04-01 17:40:00,5597.7760
2025-04-01 17:50:00,5600.5790
2025-04-01 18:00:00,5556.6282
2025-04-01 18:10:00,5556.7322
2025-04-01 18:20:00,5595.8182
2025-04-01 18:30:00,5812.1818
2025-04-01 18:40:00,5600.3245
2025-04-01 18:50:00,5598.2865
2025-04-01 19:00:00,5664.2126
2025-04-01 19:10:00,5600.3067
2025-04-01 19:20:00,5599.7533
2025-04-01 19:30:00,5664.4189
2025-04-01 19:40:00,5657.3963
2025-04-01 19:50:00,5664.5834
2025-04-01 20:00:00,5664.3942
2025-04-01 20:10:00,5974.5614
2025-04-01 20:20:00,5417.7273
2025-04-01 20:30:00,5595.8182
2025-04-01 20:40:00,5595.8182
2025-04-01 20:50:00,5601.9091
2025-04-01 21:00:00,5600.5922
2025-04-01 21:10:00,5463.1794
2025-04-01 21:20:00,5467.8736
2025-04-01 21:30:00,5598.0913
2025-04-01 21:40:00,5598.2288
2025-04-01 21:50:00,5595.8182
2025-04-01 22:00:00,5599.6575
2025-04-01 22:10:00,5599.7014
2025-04-01 22:20:00,5599.7018
2025-04-01 22:30:00,5751.5113
2025-04-01 22:40:00,5664.4309
2025-04-01 22:50:00,5598.3603
2025-04-01 23:00:00,5598.4185
2025-04-01 23:10:00,5598.3761
2025-04-01 23:20:00,5552.5416
2025-04-01 23:30:00,5595.8182
2025-04-01 23:40:00,5553.9907
2025-04-01 23:50:00,5972.2987
2025-04-02 00:00:00,5417.7273
2025-04-02 00:10:00,5554.0161
2025-04-02 00:20:00,5664.6284
2025-04-02 00:30:00,5590.1421
2025-04-02 00:40:00,5757.5951
2025-04-02 00:50:00,5694.2320
2025-04-02 01:00:00,5662.3616
2025-04-02 01:10:00,5757.1612
2025-04-02 01:20:00,5812.1818
2025-04-02 01:30:00,5689.6152
2025-04-02 01:40:00,5785.6472
2025-04-02 01:50:00,5595.8182
2025-04-02 02:00:00,5638.8178
2025-04-02 02:10:00,5657.0177
2025-04-02 02:20:00,5683.9778
2025-04-02 02:30:00,5679.3385
2025-04-02 02:40:00,5708.7638
2025-04-02 02:50:00,5601.9091
2025-04-02 03:00:00,5641.8645
2025-04-02 03:10:00,5641.4143
2025-04-02 03:20:00,5656.3921
2025-04-02 03:30:00,5643.6638
2025-04-02 03:40:00,5677.5922
2025-04-02 03:50:00,5601.9091
2025-04-02 04:00:00,5677.3379
2025-04-02 04:10:00,5702.0777
2025-04-02 04:20:00,5660.2565
2025-04-02 04:30:00,5595.8182
2025-04-02 04:40:00,5595.8182
2025-04-02 04:50:00,5595.8182
2025-04-02 05:00:00,5676.5126
2025-04-02 05:10:00,5699.9854
2025-04-02 05:20:00,5704.2400
2025-04-02 05:30:00,5657.9577
2025-04-02 05:40:00,5679.9417
2025-04-02 05:50:00,5681.7752
2025-04-02 06:00:00,5601.9091
2025-04-02 06:10:00,5744.2383
2025-04-02 06:20:00,5661.1402
2025-04-02 06:30:00,5639.7707
2025-04-02 06:40:00,5601.9091
2025-04-02 06:50:00,5749.5522
2025-04-02 07:00:00,5595.8182
2025-04-02 07:10:00,5754.8831
2025-04-02 07:20:00,5756.5288
2025-04-02 07:30:00,5667.7391
2025-04-02 07:40:00,5598.1832
2025-04-02 07:50:00,5771.0332
2025-04-02 08:00:00,5597.4886
2025-04-02 08:10:00,5663.4001
2025-04-02 08:20:00,5689.7430
2025-04-02 08:30:00,5753.8064
2025-04-02 08:40:00,5665.4490
2025-04-02 08:50:00,5752.1617
2025-04-02 09:00:00,5870.8378
2025-04-02 09:10:00,5870.7453
2025-04-02 09:20:00,5871.4529
2025-04-02 09:30:00,5871.6848
2025-04-02 09:40:00,5601.9091
2025-04-02 09:50:00,5679.0818
2025-04-02 10:00:00,5595.8182
2025-04-02 10:10:00,5658.0079
2025-04-02 10:20:00,5676.9213
2025-04-02 10:30:00,5676.1816
2025-04-02 10:40:00,5676.9213
2025-04-02 10:50:00,5698.2687
2025-04-02 11:00:00,5616.1890
2025-04-02 11:10:00,5644.7627
2025-04-02 11:20:00,5658.5955
2025-04-02 11:30:00,5659.1951
2025-04-02 11:40:00,5595.8182
2025-04-02 11:50:00,5596.7183
2025-04-02 12:00:00,5640.8166
2025-04-02 12:10:00,5595.8182
2025-04-02 12:20:00,5640.0278
2025-04-02 12:30:00,5769.7342
2025-04-02 12:40:00,5595.8182
2025-04-02 12:50:00,5678.0975
2025-04-02 13:00:00,5652.3491
2025-04-02 13:10:00,5596.1507
2025-04-02 13:20:00,5745.0211
2025-04-02 13:30:00,5744.9295
2025-04-02 13:40:00,5662.9547
2025-04-02 13:50:00,5646.2402
2025-04-02 14:00:00,5766.1537
2025-04-02 14:10:00,5667.6986
2025-04-02 14:20:00,5756.8428
2025-04-02 14:30:00,5754.5168
2025-04-02 14:40:00,5664.0377
2025-04-02 14:50:00,5692.1844
2025-04-02 15:00:00,5691.3310
2025-04-02 15:10:00,5663.3918
2025-04-02 15:20:00,5641.5514
2025-04-02 15:30:00,5595.8182
2025-04-02 15:40:00,5652.8502
2025-04-02 15:50:00,5595.8182
2025-04-02 16:00:00,5702.8262
2025-04-02 16:10:00,5700.8967
2025-04-02 16:20:00,5746.7156
2025-04-02 16:30:00,5663.9456
2025-04-02 16:40:00,5643.5495
2025-04-02 16:50:00,5678.9532
2025-04-02 17:00:00,5656.2188
2025-04-02 17:10:00,5659.2718
2025-04-02 17:20:00,5601.9091
2025-04-02 17:30:00,5661.4918
2025-04-02 17:40:00,5601.9091
2025-04-02 17:50:00,5595.8182
2025-04-02 18:00:00,5658.7550
2025-04-02 18:10:00,5646.8641
2025-04-02 18:20:00,5601.9091
2025-04-02 18:30:00,5656.8281
2025-04-02 18:40:00,5601.9091
2025-04-02 18:50:00,5595.8182
2025-04-02 19:00:00,5676.8979
2025-04-02 19:10:00,5655.3962
2025-04-02 19:20:00,5601.9091
2025-04-02 19:30:00,5596.1507
2025-04-02 19:40:00,5601.9091
2025-04-02 19:50:00,5677.5070
2025-04-02 20:00:00,5753.9443
2025-04-02 20:10:00,5595.8182
2025-04-02 20:20:00,5646.2402
2025-04-02 20:30:00,5786.5799
2025-04-02 20:40:00,5595.8182
2025-04-02 20:50:00,5667.0632
2025-04-02 21:00:00,5782.9566
2025-04-02 21:10:00,5650.6614
2025-04-02 21:20:00,5662.7883
2025-04-02 21:30:00,5662.7532
2025-04-02 21:40:00,5597.9015
2025-04-02 21:50:00,5692.5274
2025-04-02 22:00:00,5678.7973
2025-04-02 22:10:00,5750.1064
2025-04-02 22:20:00,5680.1348
2025-04-02 22:30:00,5768.9698
2025-04-02 22:40:00,5707.9350
2025-04-02 22:50:00,5417.7273
2025-04-02 23:00:00,5751.1289
2025-04-02 23:10:00,5595.8182
2025-04-02 23:20:00,5676.0851
2025-04-02 23:30:00,5638.8825
2025-04-02 23:40:00,5651.7389
2025-04-02 23:50:00,5601.9091
2025-04-03 00:00:00,5680.8579
2025-04-03 00:10:00,5704.2778
2025-04-03 00:20:00,5703.9963
2025-04-03 00:30:00,5680.7465
2025-04-03 00:40:00,5641.8445
2025-04-03 00:50:00,5601.9091
2025-04-03 01:00:00,5678.1404
2025-04-03 01:10:00,5677.6149
2025-04-03 01:20:00,5595.8182
2025-04-03 01:30:00,5601.9091
2025-04-03 01:40:00,5636.5207
2025-04-03 01:50:00,5595.8182
2025-04-03 02:00:00,5595.8182
2025-04-03 02:10:00,5662.9547
2025-04-03 02:20:00,5475.4589
2025-04-03 02:30:00,5595.8182
2025-04-03 02:40:00,5667.4569
2025-04-03 02:50:00,5601.9091
2025-04-03 03:00:00,5595.8182
2025-04-03 03:10:00,5755.5044
2025-04-03 03:20:00,5595.8182
2025-04-03 03:30:00,5598.1072
2025-04-03 03:40:00,5599.1238
2025-04-03 03:50:00,5597.4437
2025-04-03 04:00:00,5663.5376
2025-04-03 04:10:00,5760.4723
2025-04-03 04:20:00,5601.9091
2025-04-03 04:30:00,5601.9091
2025-04-03 04:40:00,5677.7913
2025-04-03 04:50:00,5676.1120
2025-04-03 05:00:00,5680.3864
2025-04-03 05:10:00,5677.7241
2025-04-03 05:20:00,5665.2734
2025-04-03 05:30:00,5677.3379
2025-04-03 05:40:00,5679.5388
2025-04-03 05:50:00,5652.9399
2025-04-03 06:00:00,5596.5155
2025-04-03 06:10:00,5700.1163
2025-04-03 06:20:00,5595.8182
2025-04-03 06:30:00,5642.6619
2025-04-03 06:40:00,5601.9091
2025-04-03 06:50:00,5642.7929
2025-04-03 07:00:00,5643.4268
2025-04-03 07:10:00,5768.5643
2025-04-03 07:20:00,5656.3921
2025-04-03 07:30:00,5596.6302
2025-04-03 07:40:00,5601.9091
2025-04-03 07:50:00,5596.5155
2025-04-03 08:00:00,5638.1068
2025-04-03 08:10:00,5680.3395
2025-04-03 08:20:00,5595.8182
2025-04-03 08:30:00,5638.0652
2025-04-03 08:40:00,5595.8182
2025-04-03 08:50:00,5639.4052
2025-04-03 09:00:00,5660.2006
2025-04-03 09:10:00,5749.9325
2025-04-03 09:20:00,5751.4025
2025-04-03 09:30:00,5595.8182
2025-04-03 09:40:00,5590.4413
2025-04-03 09:50:00,5667.6468
2025-04-03 10:00:00,5598.4138
2025-04-03 10:10:00,5664.0377
2025-04-03 10:20:00,5597.5637
2025-04-03 10:30:00,5597.7385
2025-04-03 10:40:00,5597.8400
2025-04-03 10:50:00,5662.2666
2025-04-03 11:00:00,5601.9091
2025-04-03 11:10:00,5679.9374
2025-04-03 11:20:00,5698.0895
2025-04-03 11:30:00,5601.9091
2025-04-03 11:40:00,5595.8182
2025-04-03 11:50:00,5664.8706
2025-04-03 12:00:00,5601.9091
2025-04-03 12:10:00,5595.8182
2025-04-03 12:20:00,5595.8182
2025-04-03 12:30:00,5601.9091
2025-04-03 12:40:00,5595.8182
2025-04-03 12:50:00,5679.6661
2025-04-03 13:00:00,5660.3944
2025-04-03 13:10:00,5676.2138
2025-04-03 13:20:00,5677.6577
2025-04-03 13:30:00,5677.5922
2025-04-03 13:40:00,5614.4456
2025-04-03 13:50:00,5656.3921
2025-04-03 14:00:00,5596.4749
2025-04-03 14:10:00,5596.1245
2025-04-03 14:20:00,5651.6321
2025-04-03 14:30:00,5638.5880
2025-04-03 14:40:00,5601.9091
2025-04-03 14:50:00,5664.3625
2025-04-03 15:00:00,5667.4067
2025-04-03 15:10:00,5595.8182
2025-04-03 15:20:00,5601.9091
2025-04-03 15:30:00,5667.6251
2025-04-03 15:40:00,5595.8182
2025-04-03 15:50:00,5758.6255
2025-04-03 16:00:00,5692.4478
2025-04-03 16:10:00,5691.7973
2025-04-03 16:20:00,5597.9253
2025-04-03 16:30:00,5812.1818
2025-04-03 16:40:00,5417.7273
2025-04-03 16:50:00,5601.9091
2025-04-03 17:00:00,5682.2984
2025-04-03 17:10:00,5678.0141
2025-04-03 17:20:00,5601.9091
2025-04-03 17:30:00,5635.2059
2025-04-03 17:40:00,5597.2566
2025-04-03 17:50:00,5601.9091
2025-04-03 18:00:00,5590.8507
2025-04-03 18:10:00,5667.4825
2025-04-03 18:20:00,5595.8182
2025-04-03 18:30:00,5692.8573
2025-04-03 18:40:00,5601.9091
2025-04-03 18:50:00,5601.9091
2025-04-03 19:00:00,5667.0265
2025-04-03 19:10:00,5772.3084
2025-04-03 19:20:00,5595.8182
2025-04-03 19:30:00,5657.4136
2025-04-03 19:40:00,5595.8182
2025-04-03 19:50:00,5595.8182
2025-04-03 20:00:00,5752.9527
2025-04-03 20:10:00,5595.8182
2025-04-03 20:20:00,5589.9308
2025-04-03 20:30:00,5589.9544
2025-04-03 20:40:00,5667.3898
2025-04-03 20:50:00,5649.2362
2025-04-03 21:00:00,5812.1818
2025-04-03 21:10:00,5689.8333
2025-04-03 21:20:00,5649.1109
2025-04-03 21:30:00,5597.6978
2025-04-03 21:40:00,5753.0432
2025-04-03 21:50:00,5663.5128
2025-04-03 22:00:00,5601.9091
2025-04-03 22:10:00,5665.4490
2025-04-03 22:20:00,5665.1956
2025-04-03 22:30:00,5595.8182
2025-04-03 22:40:00,5638.4104
2025-04-03 22:50:00,5595.8182
2025-04-03 23:00:00,5614.5505
2025-04-03 23:10:00,5659.7313
2025-04-03 23:20:00,5636.0953
2025-04-03 23:30:00,5595.8182
2025-04-03 23:40:00,5638.0652
2025-04-03 23:50:00,5475.8610
2025-04-04 00:00:00,5601.9091
2025-04-04 00:10:00,5704.7528
2025-04-04 00:20:00,5639.3606
2025-04-04 00:30:00,5601.9091
2025-04-04 00:40:00,5640.1895
2025-04-04 00:50:00,5642.7291
2025-04-04 01:00:00,5601.9091
2025-04-04 01:10:00,5654.6717
2025-04-04 01:20:00,5601.9091
2025-04-04 01:30:00,5601.9091
2025-04-04 01:40:00,5595.8182
2025-04-04 01:50:00,5654.3263
2025-04-04 02:00:00,5595.8182
2025-04-04 02:10:00,5664.8914
2025-04-04 02:20:00,5595.8182
2025-04-04 02:30:00,5595.8182
2025-04-04 02:40:00,5646.2234
2025-04-04 02:50:00,5590.8920
2025-04-04 03:00:00,5590.4005
2025-04-04 03:10:00,5788.8406
2025-04-04 03:20:00,5601.9091
2025-04-04 03:30:00,5595.8182
2025-04-04 03:40:00,5753.9131
2025-04-04 03:50:00,5663.1353
2025-04-04 04:00:00,5597.6564
2025-04-04 04:10:00,5597.8596
2025-04-04 04:20:00,5601.9091
2025-04-04 04:30:00,5665.6406
2025-04-04 04:40:00,5749.2759
2025-04-04 04:50:00,5601.9091
2025-04-04 05:00:00,5675.6855
2025-04-04 05:10:00,5701.1137
2025-04-04 05:20:00,5680.3097
2025-04-04 05:30:00,5601.9091
2025-04-04 05:40:00,5697.9603
2025-04-04 05:50:00,5653.5971
2025-04-04 06:00:00,5596.6483
2025-04-04 06:10:00,5658.9085
2025-04-04 06:20:00,5675.5450
2025-04-04 06:30:00,5601.9091
2025-04-04 06:40:00,5657.6000
2025-04-04 06:50:00,5595.8182
2025-04-04 07:00:00,5657.8599
2025-04-04 07:10:00,5595.8182
2025-04-04 07:20:00,5595.8182
2025-04-04 07:30:00,5601.9091
2025-04-04 07:40:00,5601.9091
2025-04-04 07:50:00,5595.8182
2025-04-04 08:00:00,5595.8182
2025-04-04 08:10:00,5417.7273
2025-04-04 08:20:00,5595.8182
2025-04-04 08:30:00,5601.9091
2025-04-04 08:40:00,5595.8182
2025-04-04 08:50:00,5667.4451
2025-04-04 09:00:00,5595.8182
2025-04-04 09:10:00,5595.8182
2025-04-04 09:20:00,5756.5304
2025-04-04 09:30:00,5595.8182
2025-04-04 09:40:00,5595.8182
2025-04-04 09:50:00,5812.1818
2025-04-04 10:00:00,5812.1818
2025-04-04 10:10:00,5647.6383
2025-04-04 10:20:00,5680.3097
2025-04-04 10:30:00,5601.9091
2025-04-04 10:40:00,5595.8182
2025-04-04 10:50:00,5641.9516
2025-04-04 11:00:00,5677.0999
2025-04-04 11:10:00,5595.8182
2025-04-04 11:20:00,5663.9614
2025-04-04 11:30:00,5601.9091
2025-04-04 11:40:00,5679.3945
2025-04-04 11:50:00,5742.3022
2025-04-04 12:00:00,5601.9091
2025-04-04 12:10:00,5700.2198
2025-04-04 12:20:00,5474.3478
2025-04-04 12:30:00,5944.1905
2025-04-04 12:40:00,5417.7273
2025-04-04 12:50:00,5663.9189
2025-04-04 13:00:00,5417.7273
2025-04-04 13:10:00,5595.8182
2025-04-04 13:20:00,5655.7311
2025-04-04 13:30:00,5680.4857
2025-04-04 13:40:00,5554.8584
2025-04-04 13:50:00,5584.3047
2025-04-04 14:00:00,5417.7273
2025-04-04 14:10:00,5417.7273
2025-04-04 14:20:00,5609.2853
2025-04-04 14:30:00,5595.8182
2025-04-04 14:40:00,5468.5941
2025-04-04 14:50:00,5595.8182
2025-04-04 15:00:00,5600.4807
2025-04-04 15:10:00,5599.6449
2025-04-04 15:20:00,5551.9092
2025-04-04 15:30:00,5595.8182
2025-04-04 15:40:00,5657.1152
2025-04-04 15:50:00,5550.8745
2025-04-04 16:00:00,5657.3339
2025-04-04 16:10:00,5599.7678
2025-04-04 16:20:00,5751.3488
2025-04-04 16:30:00,5600.2756
2025-04-04 16:40:00,5664.5284
2025-04-04 16:50:00,5664.4891
2025-04-04 17:00:00,5593.6232
2025-04-04 17:10:00,5627.1572
2025-04-04 17:20:00,5471.0813
2025-04-04 17:30:00,5599.4105
2025-04-04 17:40:00,5556.9838
2025-04-04 17:50:00,5417.7273
2025-04-04 18:00:00,5573.2519
2025-04-04 18:10:00,5567.5443
2025-04-04 18:20:00,5599.5841
2025-04-04 18:30:00,5598.2035
2025-04-04 18:40:00,5417.7273
2025-04-04 18:50:00,5600.2811
2025-04-04 19:00:00,5600.2929
2025-04-04 19:10:00,5417.7273
2025-04-04 19:20:00,5599.7676
2025-04-04 19:30:00,5598.4071
2025-04-04 19:40:00,5599.7789
2025-04-04 19:50:00,5599.7983
2025-04-04 20:00:00,5599.8079
2025-04-04 20:10:00,5601.9091
2025-04-04 20:20:00,5783.4751
2025-04-04 20:30:00,5656.1150
2025-04-04 20:40:00,5417.7273
2025-04-04 20:50:00,5467.7050
2025-04-04 21:00:00,5595.8182
2025-04-04 21:10:00,5545.3554
2025-04-04 21:20:00,5974.0400
2025-04-04 21:30:00,5590.0588
2025-04-04 21:40:00,5599.6968
2025-04-04 21:50:00,5598.3224
2025-04-04 22:00:00,5598.3358
2025-04-04 22:10:00,5598.3519
2025-04-04 22:20:00,5550.6260
2025-04-04 22:30:00,5658.0112
2025-04-04 22:40:00,5658.1975
2025-04-04 22:50:00,5598.4185
2025-04-04 23:00:00,5751.0475
2025-04-04 23:10:00,5599.8108
2025-04-04 23:20:00,5568.2270
2025-04-04 23:30:00,5462.7882
2025-04-04 23:40:00,5601.9091
2025-04-04 23:50:00,5553.0925
2025-04-05 00:00:00,5748.4713
2025-04-05 00:10:00,5751.7590
2025-04-05 00:20:00,5644.6871
2025-04-05 00:30:00,5601.9091
2025-04-05 00:40:00,5791.0806
2025-04-05 00:50:00,5653.8158
2025-04-05 01:00:00,5595.8182
2025-04-05 01:10:00,5589.2426
2025-04-05 01:20:00,5417.7273
2025-04-05 01:30:00,5601.9091
2025-04-05 01:40:00,5695.0587
2025-04-05 01:50:00,5601.9091
2025-04-05 02:00:00,5601.9091
2025-04-05 02:10:00,5650.3604
2025-04-05 02:20:00,5417.7273
2025-04-05 02:30:00,5601.9091
2025-04-05 02:40:00,5693.5917
2025-04-05 02:50:00,5595.8182
2025-04-05 03:00:00,5595.8182
2025-04-05 03:10:00,5590.3974
2025-04-05 03:20:00,5417.7273
2025-04-05 03:30:00,5595.8182
2025-04-05 03:40:00,5589.8861
2025-04-05 03:50:00,5589.7713
2025-04-05 04:00:00,5595.8182
2025-04-05 04:10:00,5595.8182
2025-04-05 04:20:00,5601.9091
2025-04-05 04:30:00,5598.3865
2025-04-05 04:40:00,5754.4970
2025-04-05 04:50:00,5597.2153
2025-04-05 05:00:00,5599.1562
2025-04-05 05:10:00,5599.3112
2025-04-05 05:20:00,5663.2628
2025-04-05 05:30:00,5597.8694
2025-04-05 05:40:00,5752.7349
2025-04-05 05:50:00,5663.7661
2025-04-05 06:00:00,5810.2721
2025-04-05 06:10:00,5754.9654
2025-04-05 06:20:00,5417.7273
2025-04-05 06:30:00,5595.8182
2025-04-05 06:40:00,5666.9938
2025-04-05 06:50:00,5657.2992
2025-04-05 07:00:00,5601.9091
2025-04-05 07:10:00,5692.3020
2025-04-05 07:20:00,5601.9091
2025-04-05 07:30:00,5595.8182
2025-04-05 07:40:00,5669.3406
2025-04-05 07:50:00,5590.3623
2025-04-05 08:00:00,5601.9091
2025-04-05 08:10:00,5643.7679
2025-04-05 08:20:00,5692.6329
2025-04-05 08:30:00,5595.8182
2025-04-05 08:40:00,5695.2888
2025-04-05 08:50:00,5643.1289
2025-04-05 09:00:00,5657.1420
2025-04-05 09:10:00,5669.6501
2025-04-05 09:20:00,5676.7312
2025-04-05 09:30:00,5595.8182
2025-04-05 09:40:00,5595.8182
2025-04-05 09:50:00,5669.5888
2025-04-05 10:00:00,5601.9091
2025-04-05 10:10:00,5595.8182
2025-04-05 10:20:00,5662.4561
2025-04-05 10:30:00,5599.0733
2025-04-05 10:40:00,5597.4079
2025-04-05 10:50:00,5597.5053
2025-04-05 11:00:00,5597.6732
2025-04-05 11:10:00,5663.2526
2025-04-05 11:20:00,5753.0526
2025-04-05 11:30:00,5595.8182
2025-04-05 11:40:00,5595.8182
2025-04-05 11:50:00,5595.8182
2025-04-05 12:00:00,5639.3606
2025-04-05 12:10:00,5595.8182
2025-04-05 12:20:00,5766.1921
2025-04-05 12:30:00,5680.8272
2025-04-05 12:40:00,5417.7273
2025-04-05 12:50:00,5601.9091
2025-04-05 13:00:00,5683.2900
2025-04-05 13:10:00,5475.2593
2025-04-05 13:20:00,5689.5355
2025-04-05 13:30:00,5601.9091
2025-04-05 13:40:00,5601.9091
2025-04-05 13:50:00,5595.8182
2025-04-05 14:00:00,5595.8182
2025-04-05 14:10:00,5782.4162
2025-04-05 14:20:00,5681.4070
2025-04-05 14:30:00,5595.8182
2025-04-05 14:40:00,5595.8182
2025-04-05 14:50:00,5663.3106
2025-04-05 15:00:00,5645.8214
2025-04-05 15:10:00,5601.9091
2025-04-05 15:20:00,5669.3801
2025-04-05 15:30:00,5590.4738
2025-04-05 15:40:00,5595.8182
2025-04-05 15:50:00,5595.8182
2025-04-05 16:00:00,5666.3967
2025-04-05 16:10:00,5601.9091
2025-04-05 16:20:00,5595.8182
2025-04-05 16:30:00,5690.7919
2025-04-05 16:40:00,5648.5593
2025-04-05 16:50:00,5595.8182
2025-04-05 17:00:00,5663.6603
2025-04-05 17:10:00,5949.1500
2025-04-05 17:20:00,5601.9091
2025-04-05 17:30:00,5681.9379
2025-04-05 17:40:00,5417.7273
2025-04-05 17:50:00,5595.8182
2025-04-05 18:00:00,5601.9091
2025-04-05 18:10:00,5417.7273
2025-04-05 18:20:00,5595.8182
2025-04-05 18:30:00,5782.5761
2025-04-05 18:40:00,5671.4847
2025-04-05 18:50:00,5595.8182
2025-04-05 19:00:00,5601.9091
2025-04-05 19:10:00,5417.7273
2025-04-05 19:20:00,5595.8182
2025-04-05 19:30:00,5788.0170
2025-04-05 19:40:00,5601.9091
2025-04-05 19:50:00,5601.9091
2025-04-05 20:00:00,5601.9091
2025-04-05 20:10:00,5601.9091
2025-04-05 20:20:00,5595.8182
2025-04-05 20:30:00,5590.0862
2025-04-05 20:40:00,5589.9985
2025-04-05 20:50:00,5589.7436
2025-04-05 21:00:00,5595.8182
2025-04-05 21:10:00,5665.5458
2025-04-05 21:20:00,5597.3986
2025-04-05 21:30:00,5756.9071
2025-04-05 21:40:00,5662.9060
2025-04-05 21:50:00,5597.7815
2025-04-05 22:00:00,5752.3753
2025-04-05 22:10:00,5663.5108
2025-04-05 22:20:00,5598.0934
2025-04-05 22:30:00,5662.9884
2025-04-05 22:40:00,5665.1685
2025-04-05 22:50:00,5417.7273
2025-04-05 23:00:00,5662.0630
2025-04-05 23:10:00,5691.4573
2025-04-05 23:20:00,5595.8182
2025-04-05 23:30:00,5475.4616
2025-04-05 23:40:00,5663.4877
2025-04-05 23:50:00,5417.7273
2025-04-06 00:00:00,5595.8182
2025-04-06 00:10:00,5684.2184
2025-04-06 00:20:00,5595.8182
2025-04-06 00:30:00,5601.9091
2025-04-06 00:40:00,5685.3193
2025-04-06 00:50:00,5475.7399
2025-04-06 01:00:00,5601.9091
2025-04-06 01:10:00,5595.8182
2025-04-06 01:20:00,5475.3055
2025-04-06 01:30:00,5601.9091
2025-04-06 01:40:00,5601.9091
2025-04-06 01:50:00,5475.3361
2025-04-06 02:00:00,5595.8182
2025-04-06 02:10:00,5590.5781
2025-04-06 02:20:00,5601.9091
2025-04-06 02:30:00,5595.8182
2025-04-06 02:40:00,5598.8145
2025-04-06 02:50:00,5601.9091
2025-04-06 03:00:00,5595.8182
2025-04-06 03:10:00,5662.4928
2025-04-06 03:20:00,5599.2163
2025-04-06 03:30:00,5597.6897
2025-04-06 03:40:00,5600.6627
2025-04-06 03:50:00,5752.9440
2025-04-06 04:00:00,5600.4211
2025-04-06 04:10:00,5664.9373
2025-04-06 04:20:00,5663.5499
2025-04-06 04:30:00,5601.9091
2025-04-06 04:40:00,5779.0301
2025-04-06 04:50:00,5679.7619
2025-04-06 05:00:00,5949.1343
2025-04-06 05:10:00,5753.8846
2025-04-06 05:20:00,5682.3307
2025-04-06 05:30:00,5595.8182
2025-04-06 05:40:00,5590.2167
2025-04-06 05:50:00,5590.4738
2025-04-06 06:00:00,5417.7273
2025-04-06 06:10:00,5657.3470
2025-04-06 06:20:00,5768.1375
2025-04-06 06:30:00,5595.8182
2025-04-06 06:40:00,5590.8720
2025-04-06 06:50:00,5601.9091
2025-04-06 07:00:00,5475.5523
2025-04-06 07:10:00,5601.9091
2025-04-06 07:20:00,5590.5781
2025-04-06 07:30:00,5601.9091
2025-04-06 07:40:00,5601.9091
2025-04-06 07:50:00,5669.5853
2025-04-06 08:00:00,5601.9091
2025-04-06 08:10:00,5601.9091
2025-04-06 08:20:00,5694.4695
2025-04-06 08:30:00,5595.8182
2025-04-06 08:40:00,5599.2374
2025-04-06 08:50:00,5689.6292
2025-04-06 09:00:00,5599.4100
2025-04-06 09:10:00,5597.9183
2025-04-06 09:20:00,5663.8951
2025-04-06 09:30:00,5944.1905
2025-04-06 09:40:00,5417.7273
2025-04-06 09:50:00,5663.6370
2025-04-06 10:00:00,5417.7273
2025-04-06 10:10:00,5601.9091
2025-04-06 10:20:00,5591.0968
2025-04-06 10:30:00,5949.7555
2025-04-06 10:40:00,5601.9091
2025-04-06 10:50:00,5680.5013
2025-04-06 11:00:00,5475.5113
2025-04-06 11:10:00,5601.9091
2025-04-06 11:20:00,5662.1547
2025-04-06 11:30:00,5417.7273
2025-04-06 11:40:00,5662.0945
2025-04-06 11:50:00,5658.3750
2025-04-06 12:00:00,5595.8182
2025-04-06 12:10:00,5601.9091
2025-04-06 12:20:00,5654.9906
2025-04-06 12:30:00,5638.2636
2025-04-06 12:40:00,5595.8182
2025-04-06 12:50:00,5417.7273
2025-04-06 13:00:00,5595.8182
2025-04-06 13:10:00,5595.8182
2025-04-06 13:20:00,5752.0886
2025-04-06 13:30:00,5590.2732
2025-04-06 13:40:00,5474.7872
2025-04-06 13:50:00,5595.8182
2025-04-06 14:00:00,5598.1805
2025-04-06 14:10:00,5663.4029
2025-04-06 14:20:00,5693.1501
2025-04-06 14:30:00,5662.8451
2025-04-06 14:40:00,5663.1910
2025-04-06 14:50:00,5652.7742
2025-04-06 15:00:00,5595.8182
2025-04-06 15:10:00,5417.7273
2025-04-06 15:20:00,5601.9091
2025-04-06 15:30:00,5754.2283
2025-04-06 15:40:00,5601.9091
2025-04-06 15:50:00,5595.8182
2025-04-06 16:00:00,5595.8182
2025-04-06 16:10:00,5601.9091
2025-04-06 16:20:00,5417.7273
2025-04-06 16:30:00,5590.6154
2025-04-06 16:40:00,5601.9091
2025-04-06 16:50:00,5601.9091
2025-04-06 17:00:00,5595.8182
2025-04-06 17:10:00,5601.9091
2025-04-06 17:20:00,5601.9091
2025-04-06 17:30:00,5768.8684
2025-04-06 17:40:00,5784.2506
2025-04-06 17:50:00,5601.9091
2025-04-06 18:00:00,5782.3695
2025-04-06 18:10:00,5417.7273
2025-04-06 18:20:00,5595.8182
2025-04-06 18:30:00,5601.9091
2025-04-06 18:40:00,5601.9091
2025-04-06 18:50:00,5595.8182
2025-04-06 19:00:00,5789.5762
2025-04-06 19:10:00,5595.8182
2025-04-06 19:20:00,5599.0309
2025-04-06 19:30:00,5662.6166
2025-04-06 19:40:00,5597.5256
2025-04-06 19:50:00,5600.6912
2025-04-06 20:00:00,5663.2248
2025-04-06 20:10:00,5597.8943
2025-04-06 20:20:00,5598.1108
2025-04-06 20:30:00,5474.6058
2025-04-06 20:40:00,5601.9091
2025-04-06 20:50:00,5681.8788
2025-04-06 21:00:00,5774.7077
2025-04-06 21:10:00,5678.1051
2025-04-06 21:20:00,5601.9091
2025-04-06 21:30:00,5661.4710
2025-04-06 21:40:00,5663.1698
2025-04-06 21:50:00,5417.7273
2025-04-06 22:00:00,5766.7718
2025-04-06 22:10:00,5595.8182
2025-04-06 22:20:00,5595.8182
2025-04-06 22:30:00,5661.6572
2025-04-06 22:40:00,5601.9091
2025-04-06 22:50:00,5475.3981
2025-04-06 23:00:00,5638.0054
2025-04-06 23:10:00,5595.8182
2025-04-06 23:20:00,5601.9091
2025-04-06 23:30:00,5785.0040
2025-04-06 23:40:00,5639.0055
2025-04-06 23:50:00,5595.8182
2025-04-07 00:00:00,5668.0723
2025-04-07 00:10:00,5590.8358
2025-04-07 00:20:00,5595.8182
2025-04-07 00:30:00,5601.9091
2025-04-07 00:40:00,5589.9101
2025-04-07 00:50:00,5601.9091
2025-04-07 01:00:00,5595.8182
2025-04-07 01:10:00,5597.7284
2025-04-07 01:20:00,5597.2430
2025-04-07 01:30:00,5599.2374
2025-04-07 01:40:00,5597.7216
2025-04-07 01:50:00,5600.6083
2025-04-07 02:00:00,5599.6080
2025-04-07 02:10:00,5589.3212
2025-04-07 02:20:00,5601.9091
2025-04-07 02:30:00,5601.9091
2025-04-07 02:40:00,5595.8182
2025-04-07 02:50:00,5417.7273
2025-04-07 03:00:00,5601.9091
2025-04-07 03:10:00,5595.8182
2025-04-07 03:20:00,5417.7273
2025-04-07 03:30:00,5601.9091
2025-04-07 03:40:00,5601.9091
2025-04-07 03:50:00,5601.9091
2025-04-07 04:00:00,5601.9091
2025-04-07 04:10:00,5595.8182
2025-04-07 04:20:00,5601.9091
2025-04-07 04:30:00,5469.8622
2025-04-07 04:40:00,5599.0062
2025-04-07 04:50:00,5601.9091
2025-04-07 05:00:00,5601.9091
2025-04-07 05:10:00,5647.3236
2025-04-07 05:20:00,5597.6799
2025-04-07 05:30:00,5597.6462
2025-04-07 05:40:00,5662.7823
2025-04-07 05:50:00,5646.2311
2025-04-07 06:00:00,5691.1185
2025-04-07 06:10:00,5599.3852
2025-04-07 06:20:00,5752.9202
2025-04-07 06:30:00,5600.5073
2025-04-07 06:40:00,5417.7273
2025-04-07 06:50:00,5601.9091
2025-04-07 07:00:00,5686.8918
2025-04-07 07:10:00,5595.8182
2025-04-07 07:20:00,5675.1020
2025-04-07 07:30:00,5417.7273
2025-04-07 07:40:00,5601.9091
2025-04-07 07:50:00,5595.8182
2025-04-07 08:00:00,5762.1259
2025-04-07 08:10:00,5595.8182
2025-04-07 08:20:00,5595.8182
2025-04-07 08:30:00,5601.9091
2025-04-07 08:40:00,5595.8182
2025-04-07 08:50:00,5766.3380
2025-04-07 09:00:00,5595.8182
2025-04-07 09:10:00,5595.8182
2025-04-07 09:20:00,5598.5987
2025-04-07 09:29:17,5601.9091
2025-04-07 09:30:00,5598.5987
2025-04-07 09:40:00,5595.8182
2025-04-07 09:50:00,5754.5821
2025-04-07 10:00:00,5600.3296
2025-04-07 10:10:00,5599.2086
2025-04-07 10:20:00,5601.9091
2025-04-07 10:30:00,5762.8598
2025-04-07 10:40:00,5595.8182
2025-04-07 10:50:00,5694.0372
2025-04-07 11:00:00,5600.7028
2025-04-07 11:10:00,5595.8182
2025-04-07 11:20:00,5595.8182
2025-04-07 11:30:00,5601.9091
2025-04-07 11:40:00,5417.7273
2025-04-07 11:50:00,5790.4074
2025-04-07 12:00:00,5600.3607
2025-04-07 12:10:00,5590.2139
2025-04-07 12:20:00,5949.2669
2025-04-07 12:30:00,5589.9972
2025-04-07 12:40:00,5468.1292
2025-04-07 12:50:00,5691.0297
2025-04-07 13:00:00,5663.1490
2025-04-07 13:10:00,5599.0555
2025-04-07 13:20:00,5600.4924
2025-04-07 13:30:00,5652.3758
2025-04-07 13:40:00,5772.9586
2025-04-07 13:50:00,5417.7273
2025-04-07 14:00:00,5601.9091
2025-04-07 14:10:00,5417.7273
2025-04-07 14:20:00,5601.9091
2025-04-07 14:30:00,5590.4820
2025-04-07 14:40:00,5475.1501
2025-04-07 14:50:00,5785.0488
2025-04-07 15:00:00,5684.3190
2025-04-07 15:10:00,5595.8182
2025-04-07 15:20:00,5601.9091
2025-04-07 15:30:00,5590.1733
2025-04-07 15:40:00,5417.7273
2025-04-07 15:50:00,5601.9091
2025-04-07 16:00:00,5590.7995
2025-04-07 16:10:00,5590.5781
2025-04-07 16:20:00,5474.9363
2025-04-07 16:30:00,5595.8182
2025-04-07 16:40:00,5601.9091
2025-04-07 16:50:00,5601.9091
2025-04-07 17:00:00,5589.9972
2025-04-07 17:10:00,5599.0340
2025-04-07 17:20:00,5601.9091
2025-04-07 17:30:00,5598.5560
2025-04-07 17:40:00,5601.9091
2025-04-07 17:50:00,5600.3211
2025-04-07 18:00:00,5597.5275
2025-04-07 18:10:00,5597.6199
2025-04-07 18:20:00,5599.4100
2025-04-07 18:30:00,5663.2776
2025-04-07 18:40:00,5599.5368
2025-04-07 18:50:00,5653.4946
2025-04-07 19:00:00,5601.9091
2025-04-07 19:10:00,5601.9091
2025-04-07 19:20:00,5601.9091
2025-04-07 19:30:00,5659.3515
2025-04-07 19:40:00,5646.0911
2025-04-07 19:50:00,5595.8182
2025-04-07 20:00:00,5643.8194
2025-04-07 20:10:00,5595.8182
2025-04-07 20:20:00,5657.9771
2025-04-07 20:30:00,5417.7273
2025-04-07 20:40:00,5595.8182
2025-04-07 20:50:00,5601.9091
2025-04-07 21:00:00,5753.7536
2025-04-07 21:10:00,5659.3974
2025-04-07 21:20:00,5595.8182
2025-04-07 21:30:00,5786.3512
2025-04-07 21:40:00,5595.8182
2025-04-07 21:50:00,5595.8182
2025-04-07 22:00:00,5417.7273
2025-04-07 22:10:00,5684.3190
2025-04-07 22:20:00,5645.0155
2025-04-07 22:30:00,5601.9091
2025-04-07 22:40:00,5595.8182
2025-04-07 22:50:00,5595.8182
2025-04-07 23:00:00,5601.9091
2025-04-07 23:10:00,5665.9498
2025-04-07 23:20:00,5417.7273
2025-04-07 23:30:00,5601.9091
2025-04-07 23:40:00,5598.0537
2025-04-07 23:50:00,5598.9581
2025-04-08 00:00:00,5599.1832
2025-04-08 00:10:00,5417.7273
2025-04-08 00:20:00,5417.7273
2025-04-08 00:30:00,5600.3365
2025-04-08 00:40:00,5600.4415
2025-04-08 00:50:00,5974.9393
2025-04-08 01:00:00,5603.6380
2025-04-08 01:10:00,5601.9091
2025-04-08 01:20:00,5794.1869
2025-04-08 01:30:00,5608.4057
2025-04-08 01:40:00,5600.6923
2025-04-08 01:50:00,5944.1905
2025-04-08 02:00:00,5417.7273
2025-04-08 02:10:00,5417.7273
2025-04-08 02:20:00,5547.5051
2025-04-08 02:30:00,5600.3386
2025-04-08 02:40:00,5600.3214
2025-04-08 02:50:00,5600.2956
2025-04-08 03:00:00,5417.7273
2025-04-08 03:10:00,5600.2828
2025-04-08 03:20:00,5417.7273
2025-04-08 03:30:00,5599.7598
2025-04-08 03:40:00,5598.4113
2025-04-08 03:50:00,5417.7273
2025-04-08 04:00:00,5974.6010
2025-04-08 04:10:00,5604.8269
2025-04-08 04:20:00,5578.4562
2025-04-08 04:30:00,5417.7273
2025-04-08 04:40:00,5653.7638
2025-04-08 04:50:00,5543.8870
2025-04-08 05:00:00,5773.3694
2025-04-08 05:10:00,5601.9091
2025-04-08 05:20:00,5533.8322
2025-04-08 05:30:00,5417.7273
2025-04-08 05:40:00,5551.2180
2025-04-08 05:50:00,5600.2756
2025-04-08 06:00:00,5600.2599
2025-04-08 06:10:00,5417.7273
2025-04-08 06:20:00,5417.7273
2025-04-08 06:30:00,5417.7273
2025-04-08 06:40:00,5599.7799
2025-04-08 06:50:00,5600.2267
2025-04-08 07:00:00,5600.2267
2025-04-08 07:10:00,5535.7092
2025-04-08 07:20:00,5605.3195
2025-04-08 07:30:00,5972.3571
2025-04-08 07:40:00,5554.9867
2025-04-08 07:50:00,5417.7273
2025-04-08 08:00:00,5417.7273
2025-04-08 08:10:00,5601.9091
2025-04-08 08:20:00,5972.3217
2025-04-08 08:30:00,5740.6659
2025-04-08 08:40:00,5598.2142
2025-04-08 08:50:00,5417.7273
2025-04-08 09:00:00,5600.1501
2025-04-08 09:10:00,5599.7121
2025-04-08 09:20:00,5599.7200
2025-04-08 09:30:00,5564.6161
2025-04-08 09:40:00,5751.1935
2025-04-08 09:50:00,5598.3972
2025-04-08 10:00:00,5599.7663
2025-04-08 10:10:00,5598.4832
2025-04-08 10:20:00,5657.7831
2025-04-08 10:30:00,5972.3689
2025-04-08 10:40:00,5785.0344
2025-04-08 10:50:00,5601.9091
2025-04-08 11:00:00,5555.9337
2025-04-08 11:10:00,5417.7273
2025-04-08 11:20:00,5417.7273
2025-04-08 11:30:00,5417.7273
2025-04-08 11:40:00,5417.7273
2025-04-08 11:50:00,5595.8182
2025-04-08 12:00:00,5600.3601
2025-04-08 12:10:00,5599.5683
2025-04-08 12:20:00,5745.5329
2025-04-08 12:30:00,5595.8182
2025-04-08 12:40:00,5648.4786
2025-04-08 12:50:00,5812.1818
2025-04-08 13:00:00,5690.1373
2025-04-08 13:10:00,5417.7273
2025-04-08 13:20:00,5653.8158
2025-04-08 13:30:00,5652.4046
2025-04-08 13:40:00,5647.2258
2025-04-08 13:50:00,5664.0006
2025-04-08 14:00:00,5590.3646
2025-04-08 14:10:00,5595.8182
2025-04-08 14:20:00,5417.7273
2025-04-08 14:30:00,5644.5345
2025-04-08 14:40:00,5600.5267
2025-04-08 14:50:00,5662.7665
2025-04-08 15:00:00,5598.3215
2025-04-08 15:10:00,5600.7436
2025-04-08 15:20:00,5752.5334
2025-04-08 15:30:00,5597.8992
2025-04-08 15:40:00,5663.4644
2025-04-08 15:50:00,5764.7168
2025-04-08 16:00:00,5653.6044
2025-04-08 16:10:00,5644.6338
2025-04-08 16:20:00,5601.9091
2025-04-08 16:30:00,5601.9091
2025-04-08 16:40:00,5601.9091
2025-04-08 16:50:00,5417.7273
2025-04-08 17:00:00,5601.9091
2025-04-08 17:10:00,5789.7624
2025-04-08 17:20:00,5782.7261
2025-04-08 17:30:00,5595.8182
2025-04-08 17:40:00,5475.3210
2025-04-08 17:50:00,5601.9091
2025-04-08 18:00:00,5595.8182
2025-04-08 18:10:00,5950.1834
2025-04-08 18:20:00,5601.9091
2025-04-08 18:30:00,5680.0468
2025-04-08 18:40:00,5949.5793
2025-04-08 18:50:00,5417.7273
2025-04-08 19:00:00,5595.8182
2025-04-08 19:10:00,5417.7273
2025-04-08 19:20:00,5475.2097
2025-04-08 19:30:00,5644.0885
2025-04-08 19:40:00,5417.7273
2025-04-08 19:50:00,5601.9091
2025-04-08 20:00:00,5595.8182
2025-04-08 20:10:00,5475.0786
2025-04-08 20:20:00,5693.4187
2025-04-08 20:30:00,5595.8182
2025-04-08 20:40:00,5667.5043
2025-04-08 20:50:00,5595.8182
2025-04-08 21:00:00,5598.3865
2025-04-08 21:10:00,5595.8182
2025-04-08 21:20:00,5601.9091
2025-04-08 21:30:00,5465.4883
2025-04-08 21:40:00,5599.2725
2025-04-08 21:50:00,5663.0369
2025-04-08 22:00:00,5599.4232
2025-04-08 22:10:00,5663.9128
2025-04-08 22:20:00,5662.6053
2025-04-08 22:30:00,5957.2311
2025-04-08 22:40:00,5681.1939
2025-04-08 22:50:00,5680.1516
2025-04-08 23:00:00,5601.9091
2025-04-08 23:10:00,5668.5452
2025-04-08 23:20:00,5417.7273
2025-04-08 23:30:00,5417.7273
2025-04-08 23:40:00,5689.0701
2025-04-08 23:50:00,5589.9544
2025-04-09 00:00:00,5601.9091
2025-04-09 00:10:00,5595.8182
2025-04-09 00:20:00,5771.5769
2025-04-09 00:30:00,5417.7273
2025-04-09 00:40:00,5590.3889
2025-04-09 00:50:00,5595.8182
2025-04-09 01:00:00,5601.9091
2025-04-09 01:10:00,5595.8182
2025-04-09 01:20:00,5417.7273
2025-04-09 01:30:00,5595.8182
2025-04-09 01:40:00,5590.2599
2025-04-09 01:50:00,5601.9091
2025-04-09 02:00:00,5601.9091
2025-04-09 02:10:00,5595.8182
2025-04-09 02:20:00,5601.9091
2025-04-09 02:30:00,5599.0261
2025-04-09 02:40:00,5597.4193
2025-04-09 02:50:00,5600.6087
2025-04-09 03:00:00,5599.3577
2025-04-09 03:10:00,5597.8015
2025-04-09 03:20:00,5600.5775
2025-04-09 03:30:00,5598.0930
2025-04-09 03:40:00,5686.0645
2025-04-09 03:50:00,5956.8698
2025-04-09 04:00:00,5417.7273
2025-04-09 04:10:00,5417.7273
2025-04-09 04:20:00,5417.7273
2025-04-09 04:30:00,5601.9091
2025-04-09 04:40:00,5595.8182
2025-04-09 04:50:00,5950.3967
2025-04-09 05:00:00,5661.5468
2025-04-09 05:10:00,5681.2742
2025-04-09 05:20:00,5417.7273
2025-04-09 05:30:00,5601.9091
2025-04-09 05:40:00,5658.2892
2025-04-09 05:50:00,5417.7273
2025-04-09 06:00:00,5601.9091
2025-04-09 06:10:00,5688.1484
2025-04-09 06:20:00,5601.9091
2025-04-09 06:30:00,5417.7273
2025-04-09 06:40:00,5601.9091
2025-04-09 06:50:00,5417.7273
2025-04-09 07:00:00,5601.9091
2025-04-09 07:10:00,5595.8182
2025-04-09 07:20:00,5417.7273
2025-04-09 07:30:00,5601.9091
2025-04-09 07:40:00,5601.9091
2025-04-09 07:50:00,5417.7273
2025-04-09 08:00:00,5601.9091
2025-04-09 08:10:00,5654.7309
2025-04-09 08:20:00,5595.8182
2025-04-09 08:30:00,5595.8182
2025-04-09 08:40:00,5597.4193
2025-04-09 08:50:00,5648.8943
2025-04-09 09:00:00,5559.2058
2025-04-09 09:10:00,5653.7348
2025-04-09 09:20:00,5475.0851
2025-04-09 09:30:00,5956.7525
2025-04-09 09:40:00,5663.5306
2025-04-09 09:50:00,5638.2172
2025-04-09 10:00:00,5475.2904
2025-04-09 10:10:00,5590.5781
2025-04-09 10:20:00,5595.8182
2025-04-09 10:30:00,5601.9091
2025-04-09 10:40:00,5680.3066
2025-04-09 10:50:00,5595.8182
2025-04-09 11:00:00,5704.8486
2025-04-09 11:10:00,5590.6585
2025-04-09 11:20:00,5595.8182
2025-04-09 11:30:00,5601.9091
2025-04-09 11:40:00,5595.8182
2025-04-09 11:50:00,5595.8182
2025-04-09 12:00:00,5775.8807
2025-04-09 12:10:00,5691.6115
2025-04-09 12:20:00,5658.7982
2025-04-09 12:30:00,5601.9091
2025-04-09 12:40:00,5686.9076
2025-04-09 12:50:00,5595.8182
2025-04-09 13:00:00,5700.0229
2025-04-09 13:10:00,5595.8182
2025-04-09 13:20:00,5595.8182
2025-04-09 13:30:00,5601.9091
2025-04-09 13:40:00,5598.0949
2025-04-09 13:50:00,5601.9091
2025-04-09 14:00:00,5595.8182
2025-04-09 14:10:00,5662.8451
2025-04-09 14:20:00,5597.6799
2025-04-09 14:30:00,5663.2900
2025-04-09 14:40:00,5663.8246
2025-04-09 14:50:00,5599.1220
2025-04-09 15:00:00,5600.3665
2025-04-09 15:10:00,5678.7215
2025-04-09 15:20:00,5683.6948
2025-04-09 15:30:00,5417.7273
2025-04-09 15:40:00,5475.0614
2025-04-09 15:50:00,5595.8182
2025-04-09 16:00:00,5944.1905
2025-04-09 16:10:00,5417.7273
2025-04-09 16:20:00,5595.8182
2025-04-09 16:30:00,5595.8182
2025-04-09 16:40:00,5417.7273
2025-04-09 16:50:00,5595.8182
2025-04-09 17:00:00,5773.9214
2025-04-09 17:10:00,5601.9091
2025-04-09 17:20:00,5689.4577
2025-04-09 17:30:00,5417.7273
2025-04-09 17:40:00,5417.7273
2025-04-09 17:50:00,5661.3934
2025-04-09 18:00:00,5417.7273
2025-04-09 18:10:00,5417.7273
2025-04-09 18:20:00,5682.0737
2025-04-09 18:30:00,5601.9091
2025-04-09 18:40:00,5601.9091
2025-04-09 18:50:00,5595.8182
2025-04-09 19:00:00,5601.9091
2025-04-09 19:10:00,5601.9091
2025-04-09 19:20:00,5597.7284
2025-04-09 19:30:00,5600.3924
2025-04-09 19:40:00,5600.5765
2025-04-09 19:50:00,5597.6462
2025-04-09 20:00:00,5600.6680
2025-04-09 20:10:00,5599.5775
2025-04-09 20:20:00,5597.5759
2025-04-09 20:30:00,5957.0828
2025-04-09 20:40:00,5771.5348
2025-04-09 20:50:00,5417.7273
2025-04-09 21:00:00,5417.7273
2025-04-09 21:10:00,5417.7273
2025-04-09 21:20:00,5595.8182
2025-04-09 21:30:00,5601.9091
2025-04-09 21:40:00,5601.9091
2025-04-09 21:50:00,5643.4857
2025-04-09 22:00:00,5475.4529
2025-04-09 22:10:00,5601.9091
2025-04-09 22:20:00,5680.1516
2025-04-09 22:30:00,5417.7273
2025-04-09 22:40:00,5601.9091
2025-04-09 22:50:00,5601.9091
2025-04-09 23:00:00,5785.4499
2025-04-09 23:10:00,5601.9091
2025-04-09 23:20:00,5659.7990
2025-04-09 23:30:00,5475.4696
2025-04-09 23:40:00,5601.9091
2025-04-09 23:50:00,5595.8182
2025-04-10 00:00:00,5645.2605
2025-04-10 00:10:00,5601.9091
2025-04-10 00:20:00,5595.8182
2025-04-10 00:30:00,5475.1327
2025-04-10 00:40:00,5595.8182
2025-04-10 00:50:00,5601.9091
2025-04-10 01:00:00,5474.5584
2025-04-10 01:10:00,5595.8182
2025-04-10 01:20:00,5663.4029
2025-04-10 01:30:00,5597.5275
2025-04-10 01:40:00,5595.8182
2025-04-10 01:50:00,5597.8757
2025-04-10 02:00:00,5600.5683
2025-04-10 02:10:00,5417.7273
2025-04-10 02:20:00,5681.1658
2025-04-10 02:30:00,5417.7273
2025-04-10 02:40:00,5601.9091
2025-04-10 02:50:00,5595.8182
2025-04-10 03:00:00,5475.4127
2025-04-10 03:10:00,5417.7273
2025-04-10 03:20:00,5684.9364
2025-04-10 03:30:00,5595.8182
2025-04-10 03:40:00,5595.8182
2025-04-10 03:50:00,5768.2315
2025-04-10 04:00:00,5601.9091
2025-04-10 04:10:00,5601.9091
2025-04-10 04:20:00,5688.1484
2025-04-10 04:30:00,5595.8182
2025-04-10 04:40:00,5601.9091
2025-04-10 04:50:00,5949.0024
2025-04-10 05:00:00,5601.9091
2025-04-10 05:10:00,5658.2892
2025-04-10 05:20:00,5692.2505
2025-04-10 05:30:00,5601.9091
2025-04-10 05:40:00,5601.9091
2025-04-10 05:50:00,5474.5998
2025-04-10 06:00:00,5595.8182
2025-04-10 06:10:00,5595.8182
2025-04-10 06:20:00,5666.3985
2025-04-10 06:30:00,5597.7502
2025-04-10 06:40:00,5469.2741
2025-04-10 06:50:00,5465.2877
2025-04-10 07:00:00,5597.7058
2025-04-10 07:10:00,5597.7370
2025-04-10 07:20:00,5812.1818
2025-04-10 07:30:00,5597.9594
2025-04-10 07:40:00,5770.9042
2025-04-10 07:50:00,5944.1905
2025-04-10 08:00:00,5417.7273
2025-04-10 08:10:00,5638.3324
2025-04-10 08:20:00,5475.2116
2025-04-10 08:30:00,5595.8182
2025-04-10 08:40:00,5776.5040
2025-04-10 08:50:00,5417.7273
2025-04-10 09:00:00,5595.8182
2025-04-10 09:10:00,5601.9091
2025-04-10 09:20:00,5474.6861
2025-04-10 09:30:00,5674.0248
2025-04-10 09:40:00,5417.7273
2025-04-10 09:50:00,5601.9091
2025-04-10 10:00:00,5595.8182
2025-04-10 10:10:00,5417.7273
2025-04-10 10:20:00,5601.9091
2025-04-10 10:30:00,5595.8182
2025-04-10 10:40:00,5417.7273
2025-04-10 10:50:00,5417.7273
2025-04-10 11:00:00,5680.4668
2025-04-10 11:10:00,5595.8182
2025-04-10 11:20:00,5417.7273
2025-04-10 11:30:00,5590.2599
2025-04-10 11:40:00,5601.9091
2025-04-10 11:50:00,5601.9091
2025-04-10 12:00:00,5645.0532
2025-04-10 12:10:00,5643.2336
2025-04-10 12:20:00,5595.8182
2025-04-10 12:30:00,5663.1222
2025-04-10 12:40:00,5599.3953
2025-04-10 12:50:00,5598.0011
2025-04-10 13:00:00,5599.5058
2025-04-10 13:10:00,5417.7273
2025-04-10 13:20:00,5601.9091
2025-04-10 13:30:00,5663.5111
2025-04-10 13:40:00,5417.7273
2025-04-10 13:50:00,5417.7273
2025-04-10 14:00:00,5601.9091
2025-04-10 14:10:00,5944.1905
2025-04-10 14:20:00,5417.7273
2025-04-10 14:30:00,5417.7273
2025-04-10 14:40:00,5417.7273
2025-04-10 14:50:00,5601.9091
2025-04-10 15:00:00,5601.9091
2025-04-10 15:10:00,5417.7273
2025-04-10 15:20:00,5417.7273
2025-04-10 15:30:00,5595.8182
2025-04-10 15:40:00,5782.4115
2025-04-10 15:50:00,5417.7273
2025-04-10 16:00:00,5601.9091
2025-04-10 16:10:00,5776.7669
2025-04-10 16:20:00,5601.9091
2025-04-10 16:30:00,5417.7273
2025-04-10 16:40:00,5948.8718
2025-04-10 16:50:00,5601.9091
2025-04-10 17:00:00,5595.8182
2025-04-10 17:10:00,5601.9091
2025-04-10 17:20:00,5601.9091
2025-04-10 17:30:00,5601.9091
2025-04-10 17:40:00,5474.4691
2025-04-10 17:50:00,5601.9091
2025-04-10 18:00:00,5662.4352
2025-04-10 18:10:00,5600.6087
2025-04-10 18:20:00,5599.2657
2025-04-10 18:30:00,5663.7693
2025-04-10 18:40:00,5669.3640
2025-04-10 18:50:00,5972.3572
2025-04-10 19:00:00,5595.8182
2025-04-10 19:10:00,5417.7273
2025-04-10 19:20:00,5601.9091
2025-04-10 19:30:00,5601.9091
2025-04-10 19:40:00,5601.9091
2025-04-10 19:50:00,5944.1905
2025-04-10 20:00:00,5686.7487
2025-04-10 20:10:00,5595.8182
2025-04-10 20:20:00,5601.9091
2025-04-10 20:30:00,5677.7875
2025-04-10 20:40:00,5595.8182
2025-04-10 20:50:00,5944.1905
2025-04-10 21:00:00,5693.1251
2025-04-10 21:10:00,5595.8182
2025-04-10 21:20:00,5601.9091
2025-04-10 21:30:00,5693.1251
2025-04-10 21:40:00,5658.5223
2025-04-10 21:50:00,5417.7273
2025-04-10 22:00:00,5688.3429
2025-04-10 22:10:00,5681.5380
2025-04-10 22:20:00,5601.9091
2025-04-10 22:30:00,5595.8182
2025-04-10 22:40:00,5595.8182
2025-04-10 22:50:00,5664.1733
2025-04-10 23:00:00,5754.4970
2025-04-10 23:10:00,5597.2002
2025-04-10 23:20:00,5417.7273
2025-04-10 23:30:00,5599.2923
2025-04-10 23:40:00,5663.0369
2025-04-10 23:50:00,5600.6480
2025-04-11 00:00:00,5599.5473
2025-04-11 00:10:00,5601.9091
2025-04-11 00:20:00,5944.1905
2025-04-11 00:30:00,5417.7273
2025-04-11 00:40:00,5601.9091
2025-04-11 00:50:00,5779.9650
2025-04-11 01:00:00,5601.9091
2025-04-11 01:10:00,5601.9091
2025-04-11 01:20:00,5944.1905
2025-04-11 01:30:00,5601.9091
2025-04-11 01:40:00,5595.8182
2025-04-11 01:50:00,5777.0722
2025-04-11 02:00:00,5417.7273
2025-04-11 02:10:00,5659.3985
2025-04-11 02:20:00,5776.9502
2025-04-11 02:30:00,5601.9091
2025-04-11 02:40:00,5417.7273
2025-04-11 02:50:00,5417.7273
2025-04-11 03:00:00,5417.7273
2025-04-11 03:10:00,5755.8491
2025-04-11 03:20:00,5779.9650
2025-04-11 03:30:00,5417.7273
2025-04-11 03:40:00,5595.8182
2025-04-11 03:50:00,5595.8182
2025-04-11 04:00:00,5601.9091
2025-04-11 04:10:00,5669.3589
2025-04-11 04:20:00,5595.8182
2025-04-11 04:30:00,5595.8182
2025-04-11 04:40:00,5597.8496
2025-04-11 04:50:00,5595.8182
2025-04-11 05:00:00,5599.2225
2025-04-11 05:10:00,5597.6799
2025-04-11 05:20:00,5600.6637
2025-04-11 05:30:00,5554.1821
2025-04-11 05:40:00,5595.8182
2025-04-11 05:50:00,5601.9091
2025-04-11 06:00:00,5601.9091
2025-04-11 06:10:00,5601.9091
2025-04-11 06:20:00,5595.8182
2025-04-11 06:30:00,5417.7273
2025-04-11 06:40:00,5417.7273
2025-04-11 06:50:00,5601.9091
2025-04-11 07:00:00,5595.8182
2025-04-11 07:10:00,5601.9091
2025-04-11 07:20:00,5601.9091
2025-04-11 07:30:00,5474.7694
2025-04-11 07:40:00,5601.9091
2025-04-11 07:50:00,5601.9091
2025-04-11 08:00:00,5595.8182
2025-04-11 08:10:00,5601.9091
2025-04-11 08:20:00,5774.5323
2025-04-11 08:30:00,5776.2296
2025-04-11 08:40:00,5601.9091
2025-04-11 08:50:00,5692.7192
2025-04-11 09:00:00,5595.8182
2025-04-11 09:10:00,5601.9091
2025-04-11 09:20:00,5693.1251
2025-04-11 09:30:00,5417.7273
2025-04-11 09:40:00,5595.8182
2025-04-11 09:50:00,5677.7875
2025-04-11 10:00:00,5474.8991
2025-04-11 10:10:00,5595.8182
2025-04-11 10:20:00,5595.8182
2025-04-11 10:30:00,5601.9091
2025-04-11 10:40:00,5472.9804
2025-04-11 10:50:00,5692.2140
2025-04-11 11:00:00,5599.1832
2025-04-11 11:10:00,5599.4147
2025-04-11 11:20:00,5752.3325
2025-04-11 11:30:00,5601.9091
2025-04-11 11:40:00,5615.5321
2025-04-11 11:50:00,5663.3085
2025-04-11 12:00:00,5789.1813
2025-04-11 12:10:00,5601.9091
2025-04-11 12:20:00,5601.9091
2025-04-11 12:30:00,5957.0009
2025-04-11 12:40:00,5944.1905
2025-04-11 12:50:00,5595.8182
2025-04-11 13:00:00,5601.9091
2025-04-11 13:10:00,5601.9091
2025-04-11 13:20:00,5659.5363
2025-04-11 13:30:00,5601.9091
2025-04-11 13:40:00,5601.9091
2025-04-11 13:50:00,5660.5668
2025-04-11 14:00:00,5680.9019
2025-04-11 14:10:00,5601.9091
2025-04-11 14:20:00,5595.8182
2025-04-11 14:30:00,5661.0534
2025-04-11 14:40:00,5956.9464
2025-04-11 14:50:00,5677.3986
2025-04-11 15:00:00,5595.8182
2025-04-11 15:10:00,5601.9091
2025-04-11 15:20:00,5792.5950
2025-04-11 15:30:00,5595.8182
2025-04-11 15:40:00,5417.7273
2025-04-11 15:50:00,5601.9091
2025-04-11 16:00:00,5595.8182
2025-04-11 16:10:00,5475.6787
2025-04-11 16:20:00,5601.9091
2025-04-11 16:30:00,5595.8182
2025-04-11 16:40:00,5784.3070
2025-04-11 16:50:00,5601.9091
2025-04-11 17:00:00,5598.9018
2025-04-11 17:10:00,5652.7903
2025-04-11 17:20:00,5600.4253
2025-04-11 17:30:00,5597.6216
2025-04-11 17:40:00,5599.3351
2025-04-11 17:50:00,5599.5722
2025-04-11 18:00:00,5589.5507
2025-04-11 18:10:00,5600.3777
2025-04-11 18:20:00,5417.7273
2025-04-11 18:30:00,5660.7742
2025-04-11 18:40:00,5601.9091
2025-04-11 18:50:00,5601.9091
2025-04-11 19:00:00,5601.9091
2025-04-11 19:10:00,5957.1308
2025-04-11 19:20:00,5601.9091
2025-04-11 19:30:00,5601.9091
2025-04-11 19:40:00,5601.9091
2025-04-11 19:50:00,5601.9091
2025-04-11 20:00:00,5595.8182
2025-04-11 20:10:00,5661.5517
2025-04-11 20:20:00,5595.8182
2025-04-11 20:30:00,5601.9091
2025-04-11 20:40:00,5595.8182
2025-04-11 20:50:00,5601.9091
2025-04-11 21:00:00,5595.8182
2025-04-11 21:10:00,5417.7273
2025-04-11 21:20:00,5601.9091
2025-04-11 21:30:00,5590.2732
2025-04-11 21:40:00,5590.2732
2025-04-11 21:50:00,5595.8182
2025-04-11 22:00:00,5789.5762
2025-04-11 22:10:00,5595.8182
2025-04-11 22:20:00,5600.3403
2025-04-11 22:30:00,5662.4725
2025-04-11 22:40:00,5597.4395
2025-04-11 22:50:00,5599.3801
2025-04-11 23:00:00,5600.6470
2025-04-11 23:10:00,5599.4232
2025-04-11 23:20:00,5553.7339
2025-04-11 23:30:00,5417.7273
2025-04-11 23:40:00,5613.8784
2025-04-11 23:50:00,5417.7273
2025-04-12 00:00:00,5601.9091
2025-04-12 00:10:00,5417.7273
2025-04-12 00:20:00,5702.3985
2025-04-12 00:30:00,5949.5975
2025-04-12 00:40:00,5601.9091
2025-04-12 00:50:00,5417.7273
2025-04-12 01:00:00,5417.7273
2025-04-12 01:10:00,5601.9091
2025-04-12 01:20:00,5770.7061
2025-04-12 01:30:00,5417.7273
2025-04-12 01:40:00,5662.1434
2025-04-12 01:50:00,5778.4181
2025-04-12 02:00:00,5601.9091
2025-04-12 02:10:00,5595.8182
2025-04-12 02:20:00,5781.5795
2025-04-12 02:30:00,5417.7273
2025-04-12 02:40:00,5601.9091
2025-04-12 02:50:00,5772.9564
2025-04-12 03:00:00,5601.9091
2025-04-12 03:10:00,5595.8182
2025-04-12 03:20:00,5768.4138
2025-04-12 03:30:00,5654.9334
2025-04-12 03:40:00,5595.8182
2025-04-12 03:50:00,5601.9091
2025-04-12 04:00:00,5601.9091
2025-04-12 04:10:00,5595.8182
2025-04-12 04:20:00,5597.4416
2025-04-12 04:30:00,5417.7273
2025-04-12 04:40:00,5687.6953
2025-04-12 04:50:00,5683.6552
2025-04-12 05:00:00,5417.7273
2025-04-12 05:10:00,5609.2038
2025-04-12 05:20:00,5680.3390
2025-04-12 05:30:00,5417.7273
2025-04-12 05:40:00,5595.8182
2025-04-12 05:50:00,5595.8182
2025-04-12 06:00:00,5417.7273
2025-04-12 06:10:00,5679.6411
2025-04-12 06:20:00,5417.7273
2025-04-12 06:30:00,5786.1686
2025-04-12 06:40:00,5595.8182
2025-04-12 06:50:00,5595.8182
2025-04-12 07:00:00,5417.7273
2025-04-12 07:10:00,5662.4605
2025-04-12 07:20:00,5679.8422
2025-04-12 07:30:00,5601.9091
2025-04-12 07:40:00,5595.8182
2025-04-12 07:50:00,5601.9091
2025-04-12 08:00:00,5601.9091
2025-04-12 08:10:00,5417.7273
2025-04-12 08:20:00,5595.8182
2025-04-12 08:30:00,5475.7989
2025-04-12 08:40:00,5637.4053
2025-04-12 08:50:00,5595.8182
2025-04-12 09:00:00,5601.9091
2025-04-12 09:10:00,5417.7273
2025-04-12 09:20:00,5601.9091
2025-04-12 09:30:00,5640.4997
2025-04-12 09:40:00,5600.5641
2025-04-12 09:50:00,5555.5869
2025-04-12 10:00:00,5595.8182
2025-04-12 10:10:00,5555.3122
2025-04-12 10:20:00,5595.8182
2025-04-12 10:30:00,5944.1905
2025-04-12 10:40:00,5601.9091
2025-04-12 10:50:00,5972.5000
2025-04-12 11:00:00,5417.7273
2025-04-12 11:10:00,5944.1905
2025-04-12 11:20:00,5601.9091
2025-04-12 11:30:00,5944.1905
2025-04-12 11:40:00,5601.9091
2025-04-12 11:50:00,5797.3731
2025-04-12 12:00:00,5417.7273
2025-04-12 12:10:00,5417.7273
2025-04-12 12:20:00,5417.7273
2025-04-12 12:30:00,5557.7252
2025-04-12 12:40:00,5600.5585
2025-04-12 12:50:00,5600.4649
2025-04-12 13:00:00,5599.6187
2025-04-12 13:10:00,5600.3938
2025-04-12 13:20:00,5600.4066
2025-04-12 13:30:00,5598.2430
2025-04-12 13:40:00,5601.9091
2025-04-12 13:50:00,5944.1905
2025-04-12 14:00:00,5601.9091
2025-04-12 14:10:00,5796.4630
2025-04-12 14:20:00,5788.6377
2025-04-12 14:30:00,5417.7273
2025-04-12 14:40:00,5417.7273
2025-04-12 14:50:00,5417.7273
2025-04-12 15:00:00,5601.9091
2025-04-12 15:10:00,5588.6871
2025-04-12 15:20:00,5417.7273
2025-04-12 15:30:00,5600.5034
2025-04-12 15:40:00,5417.7273
2025-04-12 15:50:00,5541.9982
2025-04-12 16:00:00,5600.4214
2025-04-12 16:10:00,5417.7273
2025-04-12 16:20:00,5417.7273
2025-04-12 16:30:00,5599.6699
2025-04-12 16:40:00,5599.7087
2025-04-12 16:50:00,5600.3464
2025-04-12 17:00:00,5595.8182
2025-04-12 17:10:00,5975.0942
2025-04-12 17:20:00,5593.7150
2025-04-12 17:30:00,5674.9354
2025-04-12 17:40:00,5601.9091
2025-04-12 17:50:00,5417.7273
2025-04-12 18:00:00,5797.1507
2025-04-12 18:10:00,5972.5559
2025-04-12 18:20:00,5791.3976
2025-04-12 18:30:00,5595.8182
2025-04-12 18:40:00,5601.3341
2025-04-12 18:50:00,5573.3488
2025-04-12 19:00:00,5417.7273
2025-04-12 19:10:00,5601.9091
2025-04-12 19:20:00,5568.6669
2025-04-12 19:30:00,5595.8182
2025-04-12 19:40:00,5595.8182
2025-04-12 19:50:00,5417.7273
2025-04-12 20:00:00,5595.8182
2025-04-12 20:10:00,5653.5816
2025-04-12 20:20:00,5556.2634
2025-04-12 20:30:00,5588.4845
2025-04-12 20:40:00,5636.2803
2025-04-12 20:50:00,5417.7273
2025-04-12 21:00:00,5590.0968
2025-04-12 21:10:00,5597.6784
2025-04-12 21:20:00,5577.8690
2025-04-12 21:30:00,5788.0281
2025-04-12 21:40:00,5601.9091
2025-04-12 21:50:00,5601.9091
2025-04-12 22:00:00,5417.7273
2025-04-12 22:10:00,5598.0640
2025-04-12 22:20:00,5550.6775
2025-04-12 22:30:00,5417.7273
2025-04-12 22:40:00,5598.0815
2025-04-12 22:50:00,5553.0597
2025-04-12 23:00:00,5595.8182
2025-04-12 23:10:00,5655.7655
2025-04-12 23:20:00,5417.7273
2025-04-12 23:30:00,5563.8203
2025-04-12 23:40:00,5777.2197
2025-04-12 23:50:00,5760.4264
2025-04-13 00:00:00,5753.5171
2025-04-13 00:10:00,5601.9091
2025-04-13 00:20:00,5944.1905
2025-04-13 00:30:00,5972.5817
2025-04-13 00:40:00,5417.7273
2025-04-13 00:50:00,5601.2189
2025-04-13 01:00:00,5589.0492
2025-04-13 01:10:00,5417.7273
2025-04-13 01:20:00,5601.9091
2025-04-13 01:30:00,5417.7273
2025-04-13 01:40:00,5601.9091
2025-04-13 01:50:00,5601.9091
2025-04-13 02:00:00,5601.9091
2025-04-13 02:10:00,5595.8182
2025-04-13 02:20:00,5466.3555
2025-04-13 02:30:00,5470.8235
2025-04-13 02:40:00,5581.7982
2025-04-13 02:50:00,5558.0554
2025-04-13 03:00:00,5595.8182
2025-04-13 03:10:00,5573.3488
2025-04-13 03:20:00,5559.6455
2025-04-13 03:30:00,5595.8182
2025-04-13 03:40:00,5599.5356
2025-04-13 03:50:00,5600.4596
2025-04-13 04:00:00,5417.7273
2025-04-13 04:10:00,5598.5363
2025-04-13 04:20:00,5599.7304
2025-04-13 04:30:00,5569.1860
2025-04-13 04:40:00,5417.7273
2025-04-13 04:50:00,5417.7273
2025-04-13 05:00:00,5756.3682
2025-04-13 05:10:00,5417.7273
2025-04-13 05:20:00,5417.7273
2025-04-13 05:30:00,5417.7273
2025-04-13 05:40:00,5944.1905
2025-04-13 05:50:00,5595.8182
2025-04-13 06:00:00,5796.1912
2025-04-13 06:10:00,5603.0778
2025-04-13 06:20:00,5601.9091
2025-04-13 06:30:00,5589.5748
2025-04-13 06:40:00,5589.5743
2025-04-13 06:50:00,5417.7273
2025-04-13 07:00:00,5616.5408
2025-04-13 07:10:00,5615.3982
2025-04-13 07:20:00,5601.9091
2025-04-13 07:30:00,5623.2499
2025-04-13 07:40:00,5417.7273
2025-04-13 07:50:00,5465.1250
2025-04-13 08:00:00,5568.6669
2025-04-13 08:10:00,5466.9226
2025-04-13 08:20:00,5557.9700
2025-04-13 08:30:00,5557.2412
2025-04-13 08:40:00,5555.3192
2025-04-13 08:50:00,5595.8182
2025-04-13 09:00:00,5541.7899
2025-04-13 09:10:00,5595.8182
2025-04-13 09:20:00,5655.0534
2025-04-13 09:30:00,5944.1905
2025-04-13 09:40:00,5944.1905
2025-04-13 09:50:00,5601.9091
2025-04-13 10:00:00,5972.5473
2025-04-13 10:10:00,5944.1905
2025-04-13 10:20:00,5601.9091
2025-04-13 10:30:00,6242.3768
2025-04-13 10:40:00,5592.1576
2025-04-13 10:50:00,5586.2790
2025-04-13 11:00:00,5944.1905
2025-04-13 11:10:00,5944.1905
2025-04-13 11:20:00,5595.8182
2025-04-13 11:30:00,5466.1102
2025-04-13 11:40:00,5417.7273
2025-04-13 11:50:00,5559.2140
2025-04-13 12:00:00,5777.2702
2025-04-13 12:10:00,5539.1841
2025-04-13 12:20:00,5547.1518
2025-04-13 12:30:00,5751.2971
2025-04-13 12:40:00,5742.1321
2025-04-13 12:50:00,5417.7273
2025-04-13 13:00:00,5417.7273
2025-04-13 13:10:00,6016.4466
2025-04-13 13:20:00,5733.3105
2025-04-13 13:30:00,5980.1848
2025-04-13 13:40:00,6209.8586
2025-04-13 13:50:00,6092.3790
2025-04-13 14:00:00,5804.2828
2025-04-13 14:10:00,6237.0197
2025-04-13 14:20:00,5601.9091
2025-04-13 14:30:00,5601.9091
2025-04-13 14:40:00,5417.7273
2025-04-13 14:50:00,5802.6080
2025-04-13 15:00:00,5417.7273
2025-04-13 15:10:00,5802.7038
2025-04-13 15:20:00,5595.8182
2025-04-13 15:30:00,5595.8182
2025-04-13 15:40:00,5417.7273
2025-04-13 15:50:00,5988.2394
2025-04-13 16:00:00,5417.7273
2025-04-13 16:10:00,5980.2001
2025-04-13 16:20:00,5417.7273
2025-04-13 16:30:00,5736.8240
2025-04-13 16:40:00,5794.5705
2025-04-13 16:50:00,5560.2165
2025-04-13 17:00:00,5804.7774
2025-04-13 17:10:00,6212.6509
2025-04-13 17:20:00,5417.7273
2025-04-13 17:30:00,5575.1784
2025-04-13 17:40:00,5756.8357
2025-04-13 17:50:00,5417.7273
2025-04-13 18:00:00,5801.6063
2025-04-13 18:10:00,5801.6348
2025-04-13 18:20:00,5793.7738
2025-04-13 18:30:00,5574.9179
2025-04-13 18:40:00,5575.1663
2025-04-13 18:50:00,5921.4627
2025-04-13 19:00:00,5980.6758
2025-04-13 19:10:00,5835.5627
2025-04-13 19:20:00,5417.7273
2025-04-13 19:30:00,5744.0244
2025-04-13 19:40:00,6236.7696
2025-04-13 19:50:00,5978.7891
2025-04-13 20:00:00,5741.2120
2025-04-13 20:10:00,5564.5409
2025-04-13 20:20:00,5748.7805
2025-04-13 20:30:00,5417.7273
2025-04-13 20:40:00,5417.7273
2025-04-13 20:50:00,5558.2969
2025-04-13 21:00:00,5548.6195
2025-04-13 21:10:00,5562.3766
2025-04-13 21:20:00,5558.0808
2025-04-13 21:30:00,5595.8182
2025-04-13 21:40:00,5599.8482
2025-04-13 21:50:00,5802.0873
2025-04-13 22:00:00,6238.8009
2025-04-13 22:10:00,6238.9001
2025-04-13 22:20:00,5973.8577
2025-04-13 22:30:00,5534.6984
2025-04-13 22:40:00,5417.7273
2025-04-13 22:50:00,5791.5771
2025-04-13 23:00:00,5417.7273
2025-04-13 23:10:00,5980.3731
2025-04-13 23:20:00,5735.6384
2025-04-13 23:30:00,5601.9091
2025-04-13 23:40:00,5601.9091
2025-04-13 23:50:00,5568.7426
2025-04-14 00:00:00,5600.2179
2025-04-14 00:10:00,5554.2569
2025-04-14 00:20:00,5601.9091
2025-04-14 00:30:00,5598.4062
2025-04-14 00:40:00,5595.8182
2025-04-14 00:50:00,5658.4705
2025-04-14 01:00:00,5595.8182
2025-04-14 01:10:00,5972.3614
2025-04-14 01:20:00,5600.8905
2025-04-14 01:30:00,5595.8182
2025-04-14 01:40:00,5601.9091
2025-04-14 01:50:00,5417.7273
2025-04-14 02:00:00,5582.2669
2025-04-14 02:10:00,5972.5482
2025-04-14 02:20:00,5590.6459
2025-04-14 02:30:00,5595.8182
2025-04-14 02:40:00,5465.1509
2025-04-14 02:50:00,5622.7460
2025-04-14 03:00:00,5417.7273
2025-04-14 03:10:00,6190.6359
2025-04-14 03:20:00,5658.8232
2025-04-14 03:30:00,5417.7273
2025-04-14 03:40:00,5972.5782
2025-04-14 03:50:00,5602.9618
2025-04-14 04:00:00,5417.7273
2025-04-14 04:10:00,5794.7032
2025-04-14 04:20:00,5591.7355
2025-04-14 04:30:00,5601.9091
2025-04-14 04:40:00,5417.7273
2025-04-14 04:50:00,5465.9526
2025-04-14 05:00:00,5617.8425
2025-04-14 05:10:00,5788.6377
2025-04-14 05:20:00,5559.4488
2025-04-14 05:30:00,5595.8182
2025-04-14 05:40:00,5556.8034
2025-04-14 05:50:00,5556.1060
2025-04-14 06:00:00,5536.8282
2025-04-14 06:10:00,5554.5488
2025-04-14 06:20:00,5656.6418
2025-04-14 06:30:00,5417.7273
2025-04-14 06:40:00,5944.1905
2025-04-14 06:50:00,5662.8253
2025-04-14 07:00:00,5637.1681
2025-04-14 07:10:00,5417.7273
2025-04-14 07:20:00,5601.9091
2025-04-14 07:30:00,5417.7273
2025-04-14 07:40:00,5944.1905
2025-04-14 07:50:00,5601.9091
2025-04-14 08:00:00,5620.0739
2025-04-14 08:10:00,5463.2732
2025-04-14 08:20:00,5601.9091
2025-04-14 08:30:00,5581.6177
2025-04-14 08:40:00,5417.7273
2025-04-14 08:50:00,5580.8716
2025-04-14 09:00:00,5417.7273
2025-04-14 09:10:00,5417.7273
2025-04-14 09:20:00,5601.9091
2025-04-14 09:30:00,5790.5568
2025-04-14 09:40:00,5789.1203
2025-04-14 09:50:00,5417.7273
2025-04-14 10:00:00,5417.7273
2025-04-14 10:10:00,5595.8182
2025-04-14 10:20:00,5745.6312
2025-04-14 10:30:00,5417.7273
2025-04-14 10:40:00,5558.3321
2025-04-14 10:50:00,5417.7273
2025-04-14 11:00:00,5417.7273
2025-04-14 11:10:00,5554.7963
2025-04-14 11:20:00,5664.2811
2025-04-14 11:30:00,5417.7273
2025-04-14 11:40:00,6190.4564
2025-04-14 11:50:00,5758.3688
2025-04-14 12:00:00,5972.6292
2025-04-14 12:10:00,5586.7400
2025-04-14 12:20:00,5746.7459
2025-04-14 12:30:00,5417.7273
2025-04-14 12:40:00,5597.5929
2025-04-14 12:50:00,5601.9091
2025-04-14 13:00:00,5577.2330
2025-04-14 13:10:00,5467.9661
2025-04-14 13:20:00,5590.1154
2025-04-14 13:30:00,5601.9091
2025-04-14 13:40:00,5417.7273
2025-04-14 13:50:00,5417.7273
2025-04-14 14:00:00,5595.8182
2025-04-14 14:10:00,5554.7336
2025-04-14 14:20:00,5742.1278
2025-04-14 14:30:00,5553.5181
2025-04-14 14:40:00,5552.7211
2025-04-14 14:50:00,5972.3217
2025-04-14 15:00:00,5632.6576
2025-04-14 15:10:00,5417.7273
2025-04-14 15:20:00,5684.8547
2025-04-14 15:30:00,5595.8182
2025-04-14 15:40:00,5601.9091
2025-04-14 15:50:00,5972.5181
2025-04-14 16:00:00,5628.6805
2025-04-14 16:10:00,5417.7273
2025-04-14 16:20:00,5601.9091
2025-04-14 16:30:00,5417.7273
2025-04-14 16:40:00,5558.1186
2025-04-14 16:50:00,5944.1905
2025-04-14 17:00:00,5462.6320
2025-04-14 17:10:00,5558.6789
2025-04-14 17:20:00,5563.1142
2025-04-14 17:30:00,5558.9794
2025-04-14 17:40:00,5772.5110
2025-04-14 17:50:00,5417.7273
2025-04-14 18:00:00,5556.8909
2025-04-14 18:10:00,5595.8182
2025-04-14 18:20:00,5417.7273
2025-04-14 18:30:00,5595.8182
2025-04-14 18:40:00,5593.1031
2025-04-14 18:50:00,5944.1905
2025-04-14 19:00:00,5601.9091
2025-04-14 19:10:00,5417.7273
2025-04-14 19:20:00,5417.7273
2025-04-14 19:30:00,5417.7273
2025-04-14 19:40:00,5787.5891
2025-04-14 19:50:00,5417.7273
2025-04-14 20:00:00,5556.3697
2025-04-14 20:10:00,5599.6119
2025-04-14 20:20:00,5654.8663
2025-04-14 20:30:00,5595.8182
2025-04-14 20:40:00,5528.4092
2025-04-14 20:50:00,5553.7822
2025-04-14 21:00:00,5595.8182
2025-04-14 21:10:00,5553.0208
2025-04-14 21:20:00,5417.7273
2025-04-14 21:30:00,5600.3604
2025-04-14 21:40:00,6240.8067
2025-04-14 21:50:00,5944.1905
2025-04-14 22:00:00,5761.6878
2025-04-14 22:10:00,5620.0384
2025-04-14 22:20:00,5583.1033
2025-04-14 22:30:00,5601.9091
2025-04-14 22:40:00,5972.6552
2025-04-14 22:50:00,5944.1905
2025-04-14 23:00:00,5417.7273
2025-04-14 23:10:00,5790.0817
2025-04-14 23:20:00,5578.4270
2025-04-14 23:30:00,5581.2334
2025-04-14 23:40:00,5972.5335
2025-04-14 23:50:00,5587.0046
2025-04-15 00:00:00,5601.9091
2025-04-15 00:10:00,5585.4201
2025-04-15 00:20:00,5584.5423
2025-04-15 00:30:00,5417.7273
2025-04-15 00:40:00,5788.1175
2025-04-15 00:50:00,5417.7273
2025-04-15 01:00:00,5417.7273
2025-04-15 01:10:00,5417.7273
2025-04-15 01:20:00,5417.7273
2025-04-15 01:30:00,5417.7273
2025-04-15 01:40:00,5417.7273
2025-04-15 01:50:00,5417.7273
2025-04-15 02:00:00,5554.5836
2025-04-15 02:10:00,5417.7273
2025-04-15 02:20:00,5601.9091
2025-04-15 02:30:00,5599.6969
2025-04-15 02:40:00,5749.7879
2025-04-15 02:50:00,5972.6350
2025-04-15 03:00:00,5780.5519
2025-04-15 03:10:00,5944.1905
2025-04-15 03:20:00,5588.6825
2025-04-15 03:30:00,5470.9976
2025-04-15 03:40:00,5974.9698
2025-04-15 03:50:00,5944.1905
2025-04-15 04:00:00,5595.8182
2025-04-15 04:10:00,5579.4177
2025-04-15 04:20:00,5417.7273
2025-04-15 04:30:00,5595.8182
2025-04-15 04:40:00,5790.8024
2025-04-15 04:50:00,5584.5039
2025-04-15 05:00:00,5417.7273
2025-04-15 05:10:00,5557.5674
2025-04-15 05:20:00,5417.7273
2025-04-15 05:30:00,5417.7273
2025-04-15 05:40:00,5601.9091
2025-04-15 05:50:00,5460.5708
2025-04-15 06:00:00,5595.8182
2025-04-15 06:10:00,5557.3438
2025-04-15 06:20:00,5417.7273
2025-04-15 06:30:00,5595.8182
2025-04-15 06:40:00,5557.1596
2025-04-15 06:50:00,5555.6665
2025-04-15 07:00:00,5653.8768
2025-04-15 07:10:00,5595.8182
2025-04-15 07:20:00,5551.4886
2025-04-15 07:30:00,5974.8893
2025-04-15 07:40:00,5624.7817
2025-04-15 07:50:00,5632.9080
2025-04-15 08:00:00,5595.8182
2025-04-15 08:10:00,5417.7273
2025-04-15 08:20:00,5559.6899
2025-04-15 08:30:00,5417.7273
2025-04-15 08:40:00,5635.6188
2025-04-15 08:50:00,5618.7949
2025-04-15 09:00:00,5590.1196
2025-04-15 09:10:00,5599.4360
2025-04-15 09:20:00,5601.9091
2025-04-15 09:30:00,5601.9091
2025-04-15 09:40:00,5417.7273
2025-04-15 09:50:00,5417.7273
2025-04-15 10:00:00,5653.6560
2025-04-15 10:10:00,5555.4220
2025-04-15 10:20:00,5595.8182
2025-04-15 10:30:00,5546.1681
2025-04-15 10:40:00,5595.8182
2025-04-15 10:50:00,5972.3975
2025-04-15 11:00:00,5417.7273
2025-04-15 11:10:00,5601.9091
2025-04-15 11:20:00,5417.7273
2025-04-15 11:30:00,5592.5926
2025-04-15 11:40:00,5417.7273
2025-04-15 11:50:00,5944.1905
2025-04-15 12:00:00,5601.9091
2025-04-15 12:10:00,5595.8182
2025-04-15 12:20:00,5601.9091
2025-04-15 12:30:00,5794.5457
2025-04-15 12:40:00,5601.9091
2025-04-15 12:50:00,5789.9279
2025-04-15 13:00:00,5786.7159
2025-04-15 13:10:00,5595.8182
2025-04-15 13:20:00,5608.2930
2025-04-15 13:30:00,5417.7273
2025-04-15 13:40:00,5553.9860
2025-04-15 13:50:00,5417.7273
2025-04-15 14:00:00,5417.7273
2025-04-15 14:10:00,5595.8182
2025-04-15 14:20:00,5654.7564
2025-04-15 14:30:00,5559.8129
2025-04-15 14:40:00,5601.9091
2025-04-15 14:50:00,5972.5750
2025-04-15 15:00:00,5635.4095
2025-04-15 15:10:00,5417.7273
2025-04-15 15:20:00,5595.8182
2025-04-15 15:30:00,5417.7273
2025-04-15 15:40:00,5601.9091
2025-04-15 15:50:00,5787.7332
2025-04-15 16:00:00,5417.7273
2025-04-15 16:10:00,5595.8182
2025-04-15 16:20:00,5556.2159
2025-04-15 16:30:00,5417.7273
2025-04-15 16:40:00,5556.2975
2025-04-15 16:50:00,5555.4562
2025-04-15 17:00:00,5595.8182
2025-04-15 17:10:00,5554.8596
2025-04-15 17:20:00,5595.8182
2025-04-15 17:30:00,5598.2525
2025-04-15 17:40:00,5944.1905
2025-04-15 17:50:00,5944.1905
2025-04-15 18:00:00,5663.2295
2025-04-15 18:10:00,5601.9091
2025-04-15 18:20:00,5642.3586
2025-04-15 18:30:00,5794.6255
2025-04-15 18:40:00,5761.8478
2025-04-15 18:50:00,5417.7273
2025-04-15 19:00:00,5595.8182
2025-04-15 19:10:00,5417.7273
2025-04-15 19:20:00,5975.1946
2025-04-15 19:30:00,5972.6377
2025-04-15 19:40:00,5944.1905
2025-04-15 19:50:00,5417.7273
2025-04-15 20:00:00,5944.1905
2025-04-15 20:10:00,5417.7273
2025-04-15 20:20:00,5944.1905
2025-04-15 20:30:00,5678.4939
2025-04-15 20:40:00,5417.7273
2025-04-15 20:50:00,5417.7273
2025-04-15 21:00:00,5601.9091
2025-04-15 21:10:00,5417.7273
2025-04-15 21:20:00,5974.9461
2025-04-15 21:30:00,5630.4308
2025-04-15 21:40:00,5417.7273
2025-04-15 21:50:00,5557.2952
2025-04-15 22:00:00,5417.7273
2025-04-15 22:10:00,5601.9091
2025-04-15 22:20:00,5570.4952
2025-04-15 22:30:00,5601.9091
2025-04-15 22:40:00,5595.8182
2025-04-15 22:50:00,5552.5419
2025-04-15 23:00:00,5595.8182
2025-04-15 23:10:00,5944.1905
2025-04-15 23:20:00,5972.7090
2025-04-15 23:30:00,5944.1905
2025-04-15 23:40:00,5417.7273
2025-04-15 23:50:00,5601.9860
2025-04-16 00:00:00,5944.1905
2025-04-16 00:10:00,5972.7992
2025-04-16 00:20:00,5944.1905
2025-04-16 00:30:00,5600.2144
2025-04-16 00:40:00,5601.9091
2025-04-16 00:50:00,5792.4010
2025-04-16 01:00:00,5613.5498
2025-04-16 01:10:00,5944.1905
2025-04-16 01:20:00,5944.1905
2025-04-16 01:30:00,5417.7273
2025-04-16 01:40:00,5595.8182
2025-04-16 01:50:00,5944.1905
2025-04-16 02:00:00,5944.1905
2025-04-16 02:10:00,5601.9091
2025-04-16 02:20:00,5792.4967
2025-04-16 02:30:00,5589.5197
2025-04-16 02:40:00,5417.7273
2025-04-16 02:50:00,5601.9091
2025-04-16 03:00:00,5601.9091
2025-04-16 03:10:00,5650.1660
2025-04-16 03:20:00,5595.8182
2025-04-16 03:30:00,5545.3163
2025-04-16 03:40:00,5417.7273
2025-04-16 03:50:00,5595.8182
2025-04-16 04:00:00,5595.8182
2025-04-16 04:10:00,5417.7273
2025-04-16 04:20:00,5766.1992
2025-04-16 04:30:00,5972.7922
2025-04-16 04:40:00,5944.1905
2025-04-16 04:50:00,5595.8182
2025-04-16 05:00:00,5601.9091
2025-04-16 05:10:00,5944.1905
2025-04-16 05:20:00,5417.7273
2025-04-16 05:30:00,5944.1905
2025-04-16 05:40:00,5596.6897
2025-04-16 05:50:00,5601.9091
2025-04-16 06:00:00,5597.4818
2025-04-16 06:10:00,5587.0361
2025-04-16 06:20:00,5614.8910
2025-04-16 06:30:00,5789.9036
2025-04-16 06:40:00,5588.7394
2025-04-16 06:50:00,5601.9091
2025-04-16 07:00:00,5972.5056
2025-04-16 07:10:00,5589.4183
2025-04-16 07:20:00,5587.6100
2025-04-16 07:30:00,5790.5568
2025-04-16 07:40:00,5417.7273
2025-04-16 07:50:00,5601.9091
2025-04-16 08:00:00,5417.7273
2025-04-16 08:10:00,5417.7273
2025-04-16 08:20:00,5595.8182
2025-04-16 08:30:00,5417.7273
2025-04-16 08:40:00,5557.5070
2025-04-16 08:50:00,5652.2558
2025-04-16 09:00:00,5417.7273
2025-04-16 09:10:00,5595.8182
2025-04-16 09:20:00,5417.7273
2025-04-16 09:30:00,5767.5194
2025-04-16 09:40:00,5417.7273
2025-04-16 09:50:00,5695.2762
2025-04-16 10:00:00,5417.7273
2025-04-16 10:10:00,5944.1905
2025-04-16 10:20:00,5417.7273
2025-04-16 10:30:00,6191.0974
2025-04-16 10:40:00,5417.7273
2025-04-16 10:50:00,5596.6897
2025-04-16 11:00:00,5601.9091
2025-04-16 11:10:00,5612.7515
2025-04-16 11:20:00,5637.3155
2025-04-16 11:30:00,5417.7273
2025-04-16 11:40:00,5417.7273
2025-04-16 11:50:00,5631.2449
2025-04-16 12:00:00,5631.7251
2025-04-16 12:10:00,5640.7292
2025-04-16 12:20:00,5754.6737
2025-04-16 12:30:00,5417.7273
2025-04-16 12:40:00,5794.4620
2025-04-16 12:50:00,5792.5931
2025-04-16 13:00:00,5417.7273
2025-04-16 13:10:00,5788.0422
2025-04-16 13:20:00,5581.3250
2025-04-16 13:30:00,5417.7273
2025-04-16 13:40:00,5595.8182
2025-04-16 13:50:00,5417.7273
2025-04-16 14:00:00,5595.8182
2025-04-16 14:10:00,5417.7273
2025-04-16 14:20:00,5556.5725
2025-04-16 14:30:00,5554.0575
2025-04-16 14:40:00,5554.5836
2025-04-16 14:50:00,5944.1905
2025-04-16 15:00:00,5972.7922
2025-04-16 15:10:00,5957.0688
2025-04-16 15:20:00,5766.0894
2025-04-16 15:30:00,5601.9091
2025-04-16 15:40:00,5417.7273
2025-04-16 15:50:00,5944.1905
2025-04-16 16:00:00,5601.9091
2025-04-16 16:10:00,5944.1905
2025-04-16 16:20:00,5417.7273
2025-04-16 16:30:00,5417.7273
2025-04-16 16:40:00,5417.7273
2025-04-16 16:50:00,5944.1905
2025-04-16 17:00:00,5417.7273
2025-04-16 17:10:00,5944.1905
2025-04-16 17:20:00,5755.1523
2025-04-16 17:30:00,5417.7273
2025-04-16 17:40:00,5944.1905
2025-04-16 17:50:00,5417.7273
2025-04-16 18:00:00,5759.3896
2025-04-16 18:10:00,5944.1905
2025-04-16 18:20:00,5417.7273
2025-04-16 18:30:00,5601.9091
2025-04-16 18:40:00,5598.4490
2025-04-16 18:50:00,5598.8557
2025-04-16 19:00:00,5601.9091
2025-04-16 19:10:00,5793.4985
2025-04-16 19:20:00,5417.7273
2025-04-16 19:30:00,5595.8182
2025-04-16 19:40:00,5595.8182
2025-04-16 19:50:00,5557.1544
2025-04-16 20:00:00,5595.8182
2025-04-16 20:10:00,5972.5446
2025-04-16 20:20:00,5969.0864
2025-04-16 20:30:00,5417.7273
2025-04-16 20:40:00,5972.8674
2025-04-16 20:50:00,5595.8182
2025-04-16 21:00:00,5672.1090
2025-04-16 21:10:00,5972.8090
2025-04-16 21:20:00,6191.2267
2025-04-16 21:30:00,5601.9091
2025-04-16 21:40:00,5648.8325
2025-04-16 21:50:00,5621.9086
2025-04-16 22:00:00,5417.7273
2025-04-16 22:10:00,5417.7273
2025-04-16 22:20:00,5675.8990
2025-04-16 22:30:00,5601.9091
2025-04-16 22:40:00,5601.9091
2025-04-16 22:50:00,5643.2740
2025-04-16 23:00:00,5417.7273
2025-04-16 23:10:00,5944.1905
2025-04-16 23:20:00,5972.6700
2025-04-16 23:30:00,5601.9091
2025-04-16 23:40:00,5417.7273
2025-04-16 23:50:00,5417.7273
2025-04-17 00:00:00,5944.1905
2025-04-17 00:10:00,5588.8766
2025-04-17 00:20:00,5974.1595
2025-04-17 00:30:00,5417.7273
2025-04-17 00:40:00,5544.3455
2025-04-17 00:50:00,5536.5149
2025-04-17 01:00:00,5795.9734
2025-04-17 01:10:00,5548.8420
2025-04-17 01:20:00,5973.9123
2025-04-17 01:30:00,6240.0215
2025-04-17 01:40:00,5784.5024
2025-04-17 01:50:00,5417.7273
2025-04-17 02:00:00,5417.7273
2025-04-17 02:10:00,5417.7273
2025-04-17 02:20:00,5972.4216
2025-04-17 02:30:00,6189.8576
2025-04-17 02:40:00,5791.4141
2025-04-17 02:50:00,5547.4464
2025-04-17 03:00:00,5551.9934
2025-04-17 03:10:00,5555.1802
2025-04-17 03:20:00,5417.7273
2025-04-17 03:30:00,5548.7457
2025-04-17 03:40:00,5550.5303
2025-04-17 03:50:00,5550.4998
2025-04-17 04:00:00,5601.9091
2025-04-17 04:10:00,5553.9051
2025-04-17 04:20:00,5417.7273
2025-04-17 04:30:00,5726.6454
2025-04-17 04:40:00,6205.0020
2025-04-17 04:50:00,5417.7273
2025-04-17 05:00:00,6190.0297
2025-04-17 05:10:00,5754.9643
2025-04-17 05:20:00,5417.7273
2025-04-17 05:30:00,5980.0981
2025-04-17 05:40:00,6189.8477
2025-04-17 05:50:00,5417.7273
2025-04-17 06:00:00,5802.2338
2025-04-17 06:10:00,5556.2159
2025-04-17 06:20:00,5417.7273
2025-04-17 06:30:00,5551.3931
2025-04-17 06:40:00,5549.3850
2025-04-17 06:50:00,5560.4116
2025-04-17 07:00:00,5560.5463
2025-04-17 07:10:00,5560.6953
2025-04-17 07:20:00,5595.8182
2025-04-17 07:30:00,5752.0310
2025-04-17 07:40:00,5566.8440
2025-04-17 07:50:00,6205.7430
2025-04-17 08:00:00,5972.3739
2025-04-17 08:10:00,6190.0075
2025-04-17 08:20:00,5417.7273
2025-04-17 08:30:00,6189.7947
2025-04-17 08:39:01,192.0356
2025-04-17 08:39:02,0.0000
2025-04-17 08:40:00,0.0000
2025-04-17 08:50:00,0.0000
2025-04-17 08:54:00,0.0000
2025-04-17 09:00:00,0.0000
2025-04-17 09:10:00,0.0000
2025-04-17 09:20:00,0.0000
2025-04-17 09:30:00,0.0000
2025-04-17 09:36:00,629.2133
2025-04-17 09:36:01,629.2133
2025-04-17 09:37:30,3712.3860
2025-04-17 09:39:30,3638.6551
2025-04-17 09:40:00,3916.2033
2025-04-17 09:40:31,4678.3971
2025-04-17 09:50:00,5811.3753
2025-04-17 09:51:02,5864.0269
2025-04-17 10:00:00,5811.4380
2025-04-17 10:10:00,5811.4419
2025-04-17 10:20:00,5747.7287
2025-04-17 10:30:00,5811.4520
2025-04-17 10:40:00,5663.0330
2025-04-17 10:50:00,5673.7070
2025-04-17 11:00:00,5812.1818
2025-04-17 11:10:00,5595.8182
2025-04-17 11:20:00,5547.7695
2025-04-17 11:30:00,5812.1818
2025-04-17 11:40:00,5599.8771
2025-04-17 11:50:00,5598.5038
2025-04-17 12:00:00,5812.1818
2025-04-17 12:10:00,5812.1818
2025-04-17 12:20:00,5417.7273
2025-04-17 12:30:00,5741.9052
2025-04-17 12:40:00,5595.8182
2025-04-17 12:50:00,5417.7273
2025-04-17 13:00:00,5601.9091
2025-04-17 13:10:00,5417.7273
2025-04-17 13:20:00,5783.4461
2025-04-17 13:30:00,5601.9091
2025-04-17 13:40:00,6003.8858
2025-04-17 13:50:00,6251.1606
2025-04-17 14:00:00,5981.8382
2025-04-17 14:10:00,5901.5077
2025-04-17 14:20:00,5883.0763
2025-04-17 14:30:00,5851.7400
2025-04-17 14:40:00,5935.4333
2025-04-17 14:50:00,5794.3482
2025-04-17 15:00:00,5911.6237
2025-04-17 15:10:00,6385.2577
2025-04-17 15:20:00,6375.4302
2025-04-17 15:30:00,6376.6090
2025-04-17 15:40:00,6389.1908
2025-04-17 15:50:00,6336.1362
2025-04-17 16:00:00,6351.0634
2025-04-17 16:10:00,6333.2983
2025-04-17 16:20:00,6329.6576
2025-04-17 16:30:00,6332.8801
2025-04-17 16:40:00,6334.0639
2025-04-17 16:50:00,6320.9403
2025-04-17 17:00:00,6326.4406
2025-04-17 17:10:00,6398.5273
2025-04-17 17:20:00,6318.4355
2025-04-17 17:30:00,6355.4622
2025-04-17 17:40:00,6391.8803
2025-04-17 17:50:00,6336.2812
2025-04-17 18:00:00,6354.5147
2025-04-17 18:10:00,6322.9850
2025-04-17 18:20:00,6354.0159
2025-04-17 18:30:00,6391.7730
2025-04-17 18:40:00,6284.4396
2025-04-17 18:50:00,6391.4040
2025-04-17 19:00:00,6354.2030
2025-04-17 19:10:00,6284.4491
2025-04-17 19:20:00,6284.4491
2025-04-17 19:30:00,6392.5189
2025-04-17 19:40:00,6392.1446
2025-04-17 19:50:00,6284.4587
2025-04-17 20:00:00,6353.8966
2025-04-17 20:10:00,6391.8803
2025-04-17 20:20:00,6392.6245
2025-04-17 20:30:00,6394.0436
2025-04-17 20:40:00,6392.2511
2025-04-17 20:50:00,6393.0006
2025-04-17 21:00:00,6393.7610
2025-04-17 21:10:00,6325.6645
2025-04-17 21:20:00,6361.8617
2025-04-17 21:30:00,6338.6721
2025-04-17 21:40:00,6285.2211
2025-04-17 21:50:00,6394.1454
2025-04-17 22:00:00,6394.5326
2025-04-17 22:10:00,6336.8927
2025-04-17 22:20:00,6355.6226
2025-04-17 22:30:00,5925.7438
2025-04-17 22:40:00,6255.0292
2025-04-17 22:50:00,6068.2541
2025-04-17 23:00:00,5760.1517
2025-04-17 23:10:00,5913.4353
2025-04-17 23:20:00,5874.4328
2025-04-17 23:30:00,5927.6718
2025-04-17 23:40:00,5900.6253
2025-04-17 23:50:00,5779.3127
2025-04-18 00:00:00,5779.4428
2025-04-18 00:10:00,6172.0951
2025-04-18 00:20:00,5872.8079
2025-04-18 00:30:00,5828.5780
2025-04-18 00:40:00,5907.8441
2025-04-18 00:50:00,5943.7920
2025-04-18 01:00:00,6354.3581
2025-04-18 01:10:00,6454.2718
2025-04-18 01:20:00,5910.4833
2025-04-18 01:30:00,5863.5604
2025-04-18 01:40:00,5855.2780
2025-04-18 01:50:00,5874.5011
2025-04-18 02:00:00,6471.1651
2025-04-18 02:10:00,6466.1854
2025-04-18 02:20:00,6245.8718
2025-04-18 02:30:00,5910.1696
2025-04-18 02:40:00,5850.5017
2025-04-18 02:50:00,5874.1358
2025-04-18 03:00:00,6362.7891
2025-04-18 03:10:00,6460.2349
2025-04-18 03:20:00,6246.0865
2025-04-18 03:30:00,5879.7664
2025-04-18 03:40:00,5909.5803
2025-04-18 03:50:00,6246.1463
2025-04-18 04:00:00,6172.5664
2025-04-18 04:10:00,5842.5561
2025-04-18 04:20:00,5874.1456
2025-04-18 04:30:00,5840.9686
2025-04-18 04:40:00,5909.1242
2025-04-18 04:50:00,6451.8819
2025-04-18 05:00:00,5908.4961
2025-04-18 05:10:00,6350.9496
2025-04-18 05:20:00,6246.3110
2025-04-18 05:30:00,5873.6037
2025-04-18 05:40:00,5907.8441
2025-04-18 05:50:00,6331.1223
2025-04-18 06:00:00,5907.5087
2025-04-18 06:10:00,5820.3440
2025-04-18 06:20:00,6204.5086
2025-04-18 06:30:00,6172.2745
2025-04-18 06:40:00,6541.4756
2025-04-18 06:50:00,6319.9536
2025-04-18 07:00:00,5904.7712
2025-04-18 07:10:00,5784.0596
2025-04-18 07:20:00,5871.9460
2025-04-18 07:30:00,5871.7519
2025-04-18 07:40:00,5871.6206
2025-04-18 07:50:00,5768.1074
2025-04-18 08:00:00,5872.9021
2025-04-18 08:10:00,6321.6366
2025-04-18 08:20:00,6326.9229
2025-04-18 08:30:00,6357.4198
2025-04-18 08:40:00,6319.0208
2025-04-18 08:50:00,6326.1138
2025-04-18 09:00:00,6354.9852
2025-04-18 09:10:00,6325.1158
2025-04-18 09:20:00,6335.3476
2025-04-18 09:30:00,6352.2515
2025-04-18 09:40:00,6351.2441
2025-04-18 09:50:00,6333.8095
2025-04-18 10:00:00,6381.5597
2025-04-18 10:10:00,6324.0592
2025-04-18 10:20:00,6334.2055
2025-04-18 10:30:00,6350.8213
2025-04-18 10:40:00,6310.6101
2025-04-18 10:50:00,6334.3580
2025-04-18 11:00:00,6352.1057
2025-04-18 11:10:00,6317.6014
2025-04-18 11:20:00,6334.8442
2025-04-18 11:30:00,6351.9469
2025-04-18 11:40:00,6324.5231
2025-04-18 11:50:00,6324.5231
2025-04-18 12:00:00,6352.0920
2025-04-18 12:10:00,6312.6324
2025-04-18 12:20:00,6334.7626
2025-04-18 12:30:00,6334.5191
2025-04-18 12:40:00,6306.4333
2025-04-18 12:50:00,6310.4739
2025-04-18 13:00:00,6334.1032
2025-04-18 13:10:00,6317.5647
2025-04-18 13:20:00,6335.1813
2025-04-18 13:30:00,6345.6476
2025-04-18 13:40:00,6312.1671
2025-04-18 13:50:00,6353.4259
2025-04-18 14:00:00,6325.4984
2025-04-18 14:10:00,6325.7760
2025-04-18 14:20:00,6337.0701
2025-04-18 14:30:00,6355.7685
2025-04-18 14:40:00,6337.3297
2025-04-18 14:50:00,6325.9846
2025-04-18 15:00:00,6326.2685
2025-04-18 15:10:00,6326.1652
2025-04-18 15:20:00,6338.5227
2025-04-18 15:30:00,6340.0955
2025-04-18 15:40:00,6319.9816
2025-04-18 15:50:00,6340.6921
2025-04-18 16:00:00,6354.3147
2025-04-18 16:10:00,6172.5409
2025-04-18 16:20:00,5874.4008
2025-04-18 16:30:00,5875.0812
2025-04-18 16:40:00,5901.8506
2025-04-18 16:50:00,5936.2702
2025-04-18 17:00:00,5919.4252
2025-04-18 17:10:00,5943.4947
2025-04-18 17:20:00,5943.4486
2025-04-18 17:30:00,5984.3343
2025-04-18 17:40:00,6395.8907
2025-04-18 17:50:00,6394.1770
2025-04-18 18:00:00,6429.6701
2025-04-18 18:10:00,6425.5656
2025-04-18 18:20:00,6391.0589
2025-04-18 18:30:00,6381.5812
2025-04-18 18:40:00,6367.4205
2025-04-18 18:50:00,6354.8020
2025-04-18 19:00:00,6354.8752
2025-04-18 19:10:00,6388.7752
2025-04-18 19:20:00,6389.0912
2025-04-18 19:30:00,5926.1795
2025-04-18 19:40:00,6424.0715
2025-04-18 19:50:00,6427.2666
2025-04-18 20:00:00,6371.5858
2025-04-18 20:10:00,6429.6407
2025-04-18 20:20:00,6395.1697
2025-04-18 20:30:00,5986.0725
2025-04-18 20:40:00,6433.3513
2025-04-18 20:50:00,6374.2209
2025-04-18 21:00:00,6395.5804
2025-04-18 21:10:00,6398.4325
2025-04-18 21:20:00,6399.7767
2025-04-18 21:30:00,5923.8748
2025-04-18 21:40:00,6401.7264
2025-04-18 21:50:00,6378.2679
2025-04-18 22:00:00,6361.7986
2025-04-18 22:10:00,6411.5526
2025-04-18 22:20:00,6414.3760
2025-04-18 22:30:00,6455.5646
2025-04-18 22:40:00,6422.9351
2025-04-18 22:50:00,6460.2721
2025-04-18 23:00:00,5982.1634
2025-04-18 23:10:00,6430.7266
2025-04-18 23:20:00,6396.3806
2025-04-18 23:30:00,6430.1605
2025-04-18 23:40:00,5982.3291
2025-04-18 23:50:00,6411.8298
2025-04-19 00:00:00,6462.0543
2025-04-19 00:10:00,5982.2540
2025-04-19 00:20:00,5982.4764
2025-04-19 00:30:00,6430.2079
2025-04-19 00:40:00,6394.5016
2025-04-19 00:50:00,6375.5900
2025-04-19 01:00:00,6414.2040
2025-04-19 01:10:00,6469.5346
2025-04-19 01:20:00,6439.4032
2025-04-19 01:30:00,6417.4603
2025-04-19 01:40:00,5973.1009
2025-04-19 01:50:00,6417.4932
2025-04-19 02:00:00,6475.5085
2025-04-19 02:10:00,6425.8805
2025-04-19 02:20:00,6475.4088
2025-04-19 02:30:00,6424.9926
2025-04-19 02:40:00,5936.6859
2025-04-19 02:50:00,6414.3246
2025-04-19 03:00:00,6476.0056
2025-04-19 03:10:00,5943.6119
2025-04-19 03:20:00,6396.4878
2025-04-19 03:30:00,6387.2532
2025-04-19 03:40:00,5943.6176
2025-04-19 03:50:00,6435.3757
2025-04-19 04:00:00,6475.4224
2025-04-19 04:10:00,5960.2060
2025-04-19 04:20:00,6417.8728
2025-04-19 04:30:00,6476.6462
2025-04-19 04:40:00,6440.6590
2025-04-19 04:50:00,6416.8390
2025-04-19 05:00:00,6438.5229
2025-04-19 05:10:00,6436.4506
2025-04-19 05:20:00,6466.6577
2025-04-19 05:30:00,6432.4851
2025-04-19 05:40:00,6428.9464
2025-04-19 05:50:00,6413.6396
2025-04-19 06:00:00,6465.7266
2025-04-19 06:10:00,6426.5682
2025-04-19 06:20:00,6430.5863
2025-04-19 06:30:00,6467.6198
2025-04-19 06:40:00,6465.7182
2025-04-19 06:50:00,6385.0242
2025-04-19 07:00:00,6397.4815
2025-04-19 07:10:00,6395.9975
2025-04-19 07:20:00,6471.5258
2025-04-19 07:30:00,6473.5413
2025-04-19 07:40:00,6474.0519
2025-04-19 07:50:00,6418.1113
2025-04-19 08:00:00,6384.4047
2025-04-19 08:10:00,5917.9104
2025-04-19 08:20:00,6385.9496
2025-04-19 08:30:00,6433.1725
2025-04-19 08:40:00,6173.3911
2025-04-19 08:50:00,5943.5920
2025-04-19 09:00:00,6392.8867
2025-04-19 09:10:00,6173.2966
2025-04-19 09:20:00,6424.9926
2025-04-19 09:30:00,6424.3230
2025-04-19 09:40:00,5917.4829
2025-04-19 09:50:00,5943.5678
2025-04-19 10:00:00,6397.6172
2025-04-19 10:10:00,5877.6967
2025-04-19 10:20:00,6173.5607
2025-04-19 10:30:00,5943.5049
2025-04-19 10:40:00,6173.6836
2025-04-19 10:50:00,5982.4626
2025-04-19 11:00:00,6370.5995
2025-04-19 11:10:00,6422.9351
2025-04-19 11:20:00,6410.8185
2025-04-19 11:30:00,6459.4010
2025-04-19 11:40:00,5982.4032
2025-04-19 11:50:00,6463.8717
2025-04-19 12:00:00,6383.8614
2025-04-19 12:10:00,5878.2047
2025-04-19 12:20:00,6437.1345
2025-04-19 12:30:00,6472.5282
2025-04-19 12:40:00,5979.4289
2025-04-19 12:50:00,6476.4482
2025-04-19 13:00:00,6385.2433
2025-04-19 13:10:00,6419.5724
2025-04-19 13:20:00,6425.8805
2025-04-19 13:30:00,5936.6859
2025-04-19 13:40:00,5916.4627
2025-04-19 13:50:00,5908.3210
2025-04-19 14:00:00,6408.4893
2025-04-19 14:10:00,5914.0209
2025-04-19 14:20:00,6474.3269
2025-04-19 14:30:00,6423.8517
2025-04-19 14:40:00,6386.9262
2025-04-19 14:50:00,5914.7872
2025-04-19 15:00:00,6470.8868
2025-04-19 15:10:00,5923.0217
2025-04-19 15:20:00,5916.4883
2025-04-19 15:30:00,5951.3998
2025-04-19 15:40:00,6472.0005
2025-04-19 15:50:00,5943.5517
2025-04-19 16:00:00,6398.9556
2025-04-19 16:10:00,6415.3874
2025-04-19 16:20:00,6463.4110
2025-04-19 16:30:00,5982.3291
2025-04-19 16:40:00,6460.7142
2025-04-19 16:50:00,6458.1035
2025-04-19 17:00:00,6408.8683
2025-04-19 17:10:00,6407.9840
2025-04-19 17:20:00,6415.8383
2025-04-19 17:30:00,5983.4064
2025-04-19 17:40:00,6408.3368
2025-04-19 17:50:00,6380.7637
2025-04-19 18:00:00,6454.7346
2025-04-19 18:10:00,6457.2375
2025-04-19 18:20:00,5943.4702
2025-04-19 18:30:00,6390.5596
2025-04-19 18:40:00,6460.2721
2025-04-19 18:50:00,5982.7595
2025-04-19 19:00:00,6411.2802
2025-04-19 19:10:00,6426.3557
2025-04-19 19:20:00,6429.3497
2025-04-19 19:30:00,5981.2528
2025-04-19 19:40:00,6469.5524
2025-04-19 19:50:00,5971.9514
2025-04-19 20:00:00,6468.3751
2025-04-19 20:10:00,6470.8966
2025-04-19 20:20:00,5975.6654
2025-04-19 20:30:00,6414.0337
2025-04-19 20:40:00,6475.9204
2025-04-19 20:50:00,6426.2926
2025-04-19 21:00:00,6412.5253
2025-04-19 21:10:00,6470.1445
2025-04-19 21:20:00,5931.2809
2025-04-19 21:30:00,6380.2253
2025-04-19 21:40:00,6470.5393
2025-04-19 21:50:00,5915.3100
2025-04-19 22:00:00,6409.4221
2025-04-19 22:10:00,6405.2856
2025-04-19 22:20:00,5913.9996
2025-04-19 22:30:00,6473.1212
2025-04-19 22:40:00,6408.8735
2025-04-19 22:50:00,5900.2387
2025-04-19 23:00:00,6408.8735
2025-04-19 23:10:00,5901.8506
2025-04-19 23:20:00,5913.6576
2025-04-19 23:30:00,6471.7113
2025-04-19 23:40:00,6393.7015
2025-04-19 23:50:00,6470.8868
2025-04-20 00:00:00,6469.9766
2025-04-20 00:10:00,5796.7974
2025-04-20 00:20:00,6069.8315
2025-04-20 00:30:00,6273.1742
2025-04-20 00:40:00,6218.9096
2025-04-20 00:50:00,6284.0320
2025-04-20 01:00:00,6057.0165
2025-04-20 01:10:00,5851.7153
2025-04-20 01:20:00,6036.3067
2025-04-20 01:30:00,6046.1839
2025-04-20 01:40:00,6111.2000
2025-04-20 01:50:00,6076.2436
2025-04-20 02:00:00,6234.3988
2025-04-20 02:10:00,6072.0133
2025-04-20 02:20:00,5944.1905
2025-04-20 02:30:00,6059.3658
2025-04-20 02:40:00,6059.4990
2025-04-20 02:50:00,5944.1905
2025-04-20 03:00:00,6231.4733
2025-04-20 03:10:00,5968.4964
2025-04-20 03:20:00,5957.2571
2025-04-20 03:30:00,6000.7014
2025-04-20 03:40:00,5944.1905
2025-04-20 03:50:00,5791.9935
2025-04-20 04:00:00,5944.1905
2025-04-20 04:10:00,5957.8898
2025-04-20 04:20:00,5601.9091
2025-04-20 04:30:00,5601.9091
2025-04-20 04:40:00,5944.1905
2025-04-20 04:50:00,5950.1657
2025-04-20 05:00:00,5955.5433
2025-04-20 05:10:00,5957.1432
2025-04-20 05:20:00,5803.9453
2025-04-20 05:30:00,5939.4680
2025-04-20 05:40:00,5938.7100
2025-04-20 05:50:00,6268.3283
2025-04-20 06:00:00,5800.8217
2025-04-20 06:10:00,5998.5485
2025-04-20 06:20:00,5944.1905
2025-04-20 06:30:00,6264.9009
2025-04-20 06:40:00,6412.5161
2025-04-20 06:50:00,5802.1380
2025-04-20 07:00:00,6058.0071
2025-04-20 07:10:00,6114.5121
2025-04-20 07:20:00,6236.0435
2025-04-20 07:30:00,6145.1988
2025-04-20 07:40:00,6361.5756
2025-04-20 07:50:00,5939.2861
2025-04-20 08:00:00,5918.0131
2025-04-20 08:10:00,6136.9019
2025-04-20 08:20:00,5944.1905
2025-04-20 08:30:00,6111.2000
2025-04-20 08:40:00,5849.4452
2025-04-20 08:50:00,5984.0158
2025-04-20 09:00:00,6280.6560
2025-04-20 09:10:00,5929.6677
2025-04-20 09:20:00,5780.5684
2025-04-20 09:30:00,5873.7329
2025-04-20 09:40:00,6339.1844
2025-04-20 09:50:00,5852.3938
2025-04-20 10:00:00,5914.1540
2025-04-20 10:10:00,6412.2358
2025-04-20 10:20:00,5891.2727
2025-04-20 10:30:00,5911.8180
2025-04-20 10:40:00,6396.3528
2025-04-20 10:50:00,5887.4192
2025-04-20 11:00:00,6172.8255
2025-04-20 11:10:00,6172.6304
2025-04-20 11:20:00,6342.2809
2025-04-20 11:30:00,6172.3118
2025-04-20 11:40:00,6308.3623
2025-04-20 11:50:00,5773.1207
2025-04-20 12:00:00,5774.3146
2025-04-20 12:10:00,5788.1152
2025-04-20 12:20:00,5935.5950
2025-04-20 12:30:00,6241.2352
2025-04-20 12:40:00,5850.6311
2025-04-20 12:50:00,5989.9696
2025-04-20 13:00:00,6117.3601
2025-04-20 13:10:00,6037.3247
2025-04-20 13:20:00,6081.6808
2025-04-20 13:30:00,6050.6806
2025-04-20 13:40:00,6050.3211
2025-04-20 13:50:00,5843.1968
2025-04-20 14:00:00,6172.1608
2025-04-20 14:10:00,6348.0812
2025-04-20 14:20:00,5688.9556
2025-04-20 14:30:00,5883.3172
2025-04-20 14:40:00,6343.0640
2025-04-20 14:50:00,5688.9556
2025-04-20 15:00:00,5957.5533
2025-04-20 15:10:00,5688.9556
2025-04-20 15:20:00,6023.5140
2025-04-20 15:30:00,5688.9556
2025-04-20 15:40:00,6339.3352
2025-04-20 15:50:00,5688.9556
2025-04-20 16:00:00,5844.6837
2025-04-20 16:10:00,5688.9556
2025-04-20 16:20:00,5840.9581
2025-04-20 16:30:00,5688.9556
2025-04-20 16:40:00,6272.3892
2025-04-20 16:50:00,5688.9556
2025-04-20 17:00:00,5931.0483
2025-04-20 17:10:00,5688.9556
2025-04-20 17:20:00,5956.1425
2025-04-20 17:30:00,5688.9556
2025-04-20 17:40:00,5688.9556
2025-04-20 17:50:00,5958.6690
2025-04-20 18:00:00,5986.6545
2025-04-20 18:10:00,6337.5666
2025-04-20 18:20:00,6277.1903
2025-04-20 18:30:00,6277.0838
2025-04-20 18:40:00,6340.0094
2025-04-20 18:50:00,6340.9828
2025-04-20 19:00:00,6276.7355
2025-04-20 19:10:00,6371.4658
2025-04-20 19:20:00,6372.6896
2025-04-20 19:30:00,6372.9385
2025-04-20 19:40:00,6328.3807
2025-04-20 19:50:00,6372.6896
2025-04-20 20:00:00,6283.9573
2025-04-20 20:10:00,6455.6973
2025-04-20 20:20:00,6276.6638
2025-04-20 20:30:00,5870.2840
2025-04-20 20:40:00,6276.7707
2025-04-20 20:50:00,6327.3896
2025-04-20 21:00:00,6276.8736
2025-04-20 21:10:00,6276.8904
2025-04-20 21:20:00,6277.0050
2025-04-20 21:30:00,6058.9223
2025-04-20 21:40:00,5878.2391
2025-04-20 21:50:00,6322.6694
2025-04-20 22:00:00,5989.2380
2025-04-20 22:10:00,6270.2363
2025-04-20 22:20:00,6396.1043
2025-04-20 22:30:00,6022.1500
2025-04-20 22:40:00,5938.3360
2025-04-20 22:50:00,6321.1053
2025-04-20 23:00:00,5950.9019
2025-04-20 23:10:00,6348.3230
2025-04-20 23:20:00,6346.2401
2025-04-20 23:30:00,5688.9556
2025-04-20 23:40:00,6346.5533
2025-04-20 23:50:00,6345.2524
2025-04-21 00:00:00,5892.2730
2025-04-21 00:10:00,5917.2584
2025-04-21 00:20:00,5967.4617
2025-04-21 00:30:00,5983.0239
2025-04-21 00:40:00,6038.7935
2025-04-21 00:50:00,5878.2304
2025-04-21 01:00:00,6075.8254
2025-04-21 01:10:00,6116.3209
2025-04-21 01:20:00,5986.9434
2025-04-21 01:30:00,5821.9383
2025-04-21 01:40:00,5931.7031
2025-04-21 01:50:00,6262.1885
2025-04-21 02:00:00,6218.7060
2025-04-21 02:10:00,6172.0780
2025-04-21 02:20:00,6172.3517
2025-04-21 02:30:00,6460.3304
2025-04-21 02:40:00,6172.7615
2025-04-21 02:50:00,6467.5992
2025-04-21 03:00:00,6399.3255
2025-04-21 03:10:00,5892.8632
2025-04-21 03:20:00,5943.6794
2025-04-21 03:30:00,6428.7425
2025-04-21 03:40:00,6481.9341
2025-04-21 03:50:00,6474.6627
2025-04-21 04:00:00,6474.6627
2025-04-21 04:10:00,5912.9715
2025-04-21 04:20:00,5912.2283
2025-04-21 04:30:00,6379.5818
2025-04-21 04:40:00,5853.9861
2025-04-21 04:50:00,6393.8268
2025-04-21 05:00:00,6453.3031
2025-04-21 05:10:00,5907.5087
2025-04-21 05:20:00,5906.2821
2025-04-21 05:30:00,6312.0346
2025-04-21 05:40:00,5903.5531
2025-04-21 05:50:00,6405.5969
2025-04-21 06:00:00,5766.9856
2025-04-21 06:10:00,5905.9971
2025-04-21 06:20:00,6261.3466
2025-04-21 06:30:00,5918.8978
2025-04-21 06:40:00,6262.1082
2025-04-21 06:50:00,6382.2156
2025-04-21 07:00:00,5792.0204
2025-04-21 07:10:00,5910.5829
2025-04-21 07:20:00,5927.7519
2025-04-21 07:30:00,5800.8750
2025-04-21 07:40:00,5798.2935
2025-04-21 07:50:00,6263.3153
2025-04-21 08:00:00,5928.7453
2025-04-21 08:10:00,5910.2708
2025-04-21 08:20:00,5793.2985
2025-04-21 08:30:00,5797.2546
2025-04-21 08:40:00,5927.0332
2025-04-21 08:50:00,6263.1518
2025-04-21 09:00:00,5794.5648
2025-04-21 09:10:00,5922.7273
2025-04-21 09:20:00,5921.7108
2025-04-21 09:30:00,5921.7108
2025-04-21 09:40:00,5914.6281
2025-04-21 09:50:00,6384.4221
2025-04-21 10:00:00,5903.0129
2025-04-21 10:10:00,5871.9600
2025-04-21 10:20:00,6389.7952
2025-04-21 10:30:00,5900.8450
2025-04-21 10:40:00,5905.9971
2025-04-21 10:50:00,5900.1356
2025-04-21 11:00:00,5762.3258
2025-04-21 11:10:00,6247.2886
2025-04-21 11:20:00,5765.8470
2025-04-21 11:30:00,5771.3758
2025-04-21 11:40:00,5901.8018
2025-04-21 11:50:00,6401.8485
2025-04-21 12:00:00,5768.1074
2025-04-21 12:10:00,6247.1557
2025-04-21 12:20:00,6405.5969
2025-04-21 12:30:00,6401.8485
2025-04-21 12:40:00,5871.3531
2025-04-21 12:50:00,6398.0834
2025-04-21 13:00:00,5765.8470
2025-04-21 13:10:00,5871.1481
2025-04-21 13:20:00,5900.6253
2025-04-21 13:30:00,5761.1156
2025-04-21 13:40:00,5762.3258
2025-04-21 13:50:00,5766.3580
2025-04-21 14:00:00,5759.8862
2025-04-21 14:10:00,5870.7980
2025-04-21 14:20:00,5907.0566
2025-04-21 14:30:00,6385.9509
2025-04-21 14:40:00,5872.2998
2025-04-21 14:50:00,5763.8632
2025-04-21 15:00:00,5762.3352
2025-04-21 15:10:00,5871.9600
2025-04-21 15:20:00,6068.3974
2025-04-21 15:30:00,6363.6824
2025-04-21 15:40:00,5911.5889
2025-04-21 15:50:00,5912.5543
2025-04-21 16:00:00,5916.5688
2025-04-21 16:10:00,6247.2654
2025-04-21 16:20:00,5914.6281
2025-04-21 16:30:00,5914.6281
2025-04-21 16:40:00,5929.0112
2025-04-21 16:50:00,5926.3285
2025-04-21 17:00:00,5909.4122
2025-04-21 17:10:00,6262.4747
2025-04-21 17:20:00,6068.5317
2025-04-21 17:30:00,5765.3783
2025-04-21 17:40:00,6262.0913
2025-04-21 17:50:00,6274.0819
2025-04-21 18:00:00,5763.8632
2025-04-21 18:10:00,5901.9311
2025-04-21 18:20:00,5759.8862
2025-04-21 18:30:00,6264.3924
2025-04-21 18:40:00,5870.8689
2025-04-21 18:50:00,5899.8864
2025-04-21 19:00:00,6372.2301
2025-04-21 19:10:00,6247.2349
2025-04-21 19:20:00,5766.9856
2025-04-21 19:30:00,6278.1229
2025-04-21 19:40:00,6354.8181
2025-04-21 19:50:00,6278.1229
2025-04-21 20:00:00,6403.0998
2025-04-21 20:10:00,5901.8018
2025-04-21 20:20:00,5902.0292
2025-04-21 20:30:00,6401.8485
2025-04-21 20:40:00,5769.2128
2025-04-21 20:50:00,6285.8294
2025-04-21 21:00:00,6283.9122
2025-04-21 21:10:00,5772.4342
2025-04-21 21:20:00,5774.5064
2025-04-21 21:30:00,6289.6454
2025-04-21 21:40:00,5776.5216
2025-04-21 21:50:00,5904.2101
2025-04-21 22:00:00,6411.8084
2025-04-21 22:10:00,6306.8665
2025-04-21 22:20:00,5903.7615
2025-04-21 22:30:00,6304.6665
2025-04-21 22:40:00,5782.2491
2025-04-21 22:50:00,5905.9507
2025-04-21 23:00:00,6420.4338
2025-04-21 23:10:00,5886.6153
2025-04-21 23:20:00,5872.0735
2025-04-21 23:30:00,6304.6665
2025-04-21 23:40:00,6308.7103
2025-04-21 23:50:00,5903.1699
2025-04-22 00:00:00,6270.3155
2025-04-22 00:10:00,5762.3258
2025-04-22 00:20:00,5760.7942
2025-04-22 00:30:00,6262.7528
2025-04-22 00:40:00,5792.0204
2025-04-22 00:50:00,5928.7453
2025-04-22 01:00:00,6381.4084
2025-04-22 01:10:00,5916.5956
2025-04-22 01:20:00,6204.4748
2025-04-22 01:30:00,6265.0281
2025-04-22 01:40:00,5823.9021
2025-04-22 01:50:00,6159.2388
2025-04-22 02:00:00,6007.9160
2025-04-22 02:10:00,5971.9699
2025-04-22 02:20:00,6157.7119
2025-04-22 02:30:00,6013.4924
2025-04-22 02:40:00,5848.8068
2025-04-22 02:50:00,5840.9448
2025-04-22 03:00:00,5979.9992
2025-04-22 03:10:00,6114.9089
2025-04-22 03:20:00,6012.2352
2025-04-22 03:30:00,6112.2066
2025-04-22 03:40:00,6158.1765
2025-04-22 03:50:00,6278.3388
2025-04-22 04:00:00,6371.0939
2025-04-22 04:10:00,5954.5445
2025-04-22 04:20:00,5824.8691
2025-04-22 04:30:00,5995.6734
2025-04-22 04:40:00,5809.6152
2025-04-22 04:50:00,5938.2755
2025-04-22 05:00:00,6264.1667
2025-04-22 05:10:00,5933.5306
2025-04-22 05:20:00,5800.4363
2025-04-22 05:30:00,5928.6924
2025-04-22 05:40:00,6377.7606
2025-04-22 05:50:00,6064.8922
2025-04-22 06:00:00,5907.7865
2025-04-22 06:10:00,5908.8836
2025-04-22 06:20:00,5798.2935
2025-04-22 06:30:00,5924.7531
2025-04-22 06:40:00,6347.3876
2025-04-22 06:50:00,5918.7264
2025-04-22 07:00:00,5786.6001
2025-04-22 07:10:00,5789.2221
2025-04-22 07:20:00,5926.7546
2025-04-22 07:30:00,6068.2589
2025-04-22 07:40:00,6356.7313
2025-04-22 07:50:00,6225.2598
2025-04-22 08:00:00,5909.9579
2025-04-22 08:10:00,5795.5695
2025-04-22 08:20:00,5932.6816
2025-04-22 08:30:00,5928.6924
2025-04-22 08:40:00,6161.9043
2025-04-22 08:50:00,6128.3902
2025-04-22 09:00:00,5943.2062
2025-04-22 09:10:00,5816.4295
2025-04-22 09:20:00,5952.5881
2025-04-22 09:30:00,6128.9824
2025-04-22 09:40:00,6328.9594
2025-04-22 09:50:00,6281.1168
2025-04-22 10:00:00,6129.0456
2025-04-22 10:10:00,6158.6176
2025-04-22 10:20:00,6122.7870
2025-04-22 10:30:00,6124.3034
2025-04-22 10:40:00,6011.8533
2025-04-22 10:50:00,6012.5921
2025-04-22 11:00:00,6151.8211
2025-04-22 11:10:00,5839.6962
2025-04-22 11:20:00,6122.7870
2025-04-22 11:30:00,5962.4451
2025-04-22 11:40:00,6014.8002
2025-04-22 11:50:00,5988.7846
2025-04-22 12:00:00,6122.7870
2025-04-22 12:10:00,6159.2388
2025-04-22 12:20:00,6009.6287
2025-04-22 12:30:00,6159.4358
2025-04-22 12:40:00,6010.3717
2025-04-22 12:50:00,6244.3110
2025-04-22 13:00:00,6128.5607
2025-04-22 13:10:00,5995.3413
2025-04-22 13:20:00,6264.3133
2025-04-22 13:30:00,5995.1877
2025-04-22 13:40:00,6378.6880
2025-04-22 13:50:00,6244.1601
2025-04-22 14:00:00,5911.7197
2025-04-22 14:10:00,6263.9422
2025-04-22 14:20:00,6263.7120
2025-04-22 14:30:00,5928.6924
2025-04-22 14:40:00,6264.4239
2025-04-22 14:50:00,5800.4363
2025-04-22 15:00:00,6127.8029
2025-04-22 15:10:00,6263.5554
2025-04-22 15:20:00,5912.0371
2025-04-22 15:30:00,5939.4290
2025-04-22 15:40:00,5809.9708
2025-04-22 15:50:00,6243.9790
2025-04-22 16:00:00,5995.6450
2025-04-22 16:10:00,5940.3785
2025-04-22 16:20:00,6264.9608
2025-04-22 16:30:00,5995.1877
2025-04-22 16:40:00,6264.7978
2025-04-22 16:50:00,5809.6152
2025-04-22 17:00:00,5995.2168
2025-04-22 17:10:00,6372.2333
2025-04-22 17:20:00,5991.2821
2025-04-22 17:30:00,6160.3539
2025-04-22 17:40:00,6329.0798
2025-04-22 17:50:00,5998.8801
2025-04-22 18:00:00,6000.3518
2025-04-22 18:10:00,6018.4534
2025-04-22 18:20:00,5838.1997
2025-04-22 18:30:00,6157.9472
2025-04-22 18:40:00,6094.3879
2025-04-22 18:50:00,6009.3018
2025-04-22 19:00:00,5841.1552
2025-04-22 19:10:00,6013.6947
2025-04-22 19:20:00,6015.1495
2025-04-22 19:30:00,6107.0044
2025-04-22 19:40:00,6326.7747
2025-04-22 19:50:00,6018.0452
2025-04-22 20:00:00,6107.0044
2025-04-22 20:10:00,6020.9226
2025-04-22 20:20:00,6147.1905
2025-04-22 20:30:00,6022.3546
2025-04-22 20:40:00,6024.9459
2025-04-22 20:50:00,6022.9852
2025-04-22 21:00:00,6174.9563
2025-04-22 21:10:00,6147.6102
2025-04-22 21:20:00,6020.9226
2025-04-22 21:30:00,6155.8702
2025-04-22 21:40:00,6023.5122
2025-04-22 21:50:00,6148.7976
2025-04-22 22:00:00,6270.2060
2025-04-22 22:10:00,6020.2305
2025-04-22 22:20:00,6104.5528
2025-04-22 22:30:00,6168.4888
2025-04-22 22:40:00,6016.9961
2025-04-22 22:50:00,5976.5666
2025-04-22 23:00:00,6118.8284
2025-04-22 23:10:00,6118.8284
2025-04-22 23:20:00,6001.8828
2025-04-22 23:30:00,6158.8298
2025-04-22 23:40:00,6011.6120
2025-04-22 23:50:00,6158.8298
2025-04-23 00:00:00,6121.4608
2025-04-23 00:10:00,6014.8002
2025-04-23 00:20:00,6152.6820
2025-04-23 00:30:00,5995.8567
2025-04-23 00:40:00,6328.7205
2025-04-23 00:50:00,6159.0368
2025-04-23 01:00:00,6276.4493
2025-04-23 01:10:00,6160.3337
2025-04-23 01:20:00,6235.5285
2025-04-23 01:30:00,6280.0607
2025-04-23 01:40:00,6125.5866
2025-04-23 01:50:00,6152.4021
2025-04-23 02:00:00,6124.1186
2025-04-23 02:10:00,6152.1152
2025-04-23 02:20:00,6152.1152
2025-04-23 02:30:00,6399.2091
2025-04-23 02:40:00,6167.6679
2025-04-23 02:50:00,6150.5665
2025-04-23 03:00:00,6114.8392
2025-04-23 03:10:00,6148.4132
2025-04-23 03:20:00,6146.3119
2025-04-23 03:30:00,6037.0232
2025-04-23 03:40:00,6006.4720
2025-04-23 03:50:00,6025.1652
2025-04-23 04:00:00,6069.3313
2025-04-23 04:10:00,6085.2007
2025-04-23 04:20:00,6019.0823
2025-04-23 04:30:00,6036.1479
2025-04-23 04:40:00,6042.8422
2025-04-23 04:50:00,6076.6262
2025-04-23 05:00:00,6138.0877
2025-04-23 05:10:00,6105.4887
2025-04-23 05:20:00,6129.4757
2025-04-23 05:30:00,6134.5979
2025-04-23 05:40:00,6098.8309
2025-04-23 05:50:00,6065.2251
2025-04-23 06:00:00,6065.5240
2025-04-23 06:10:00,6068.8497
2025-04-23 06:20:00,6070.0731
2025-04-23 06:30:00,6051.9295
2025-04-23 06:40:00,6052.5522
2025-04-23 06:50:00,6173.7091
2025-04-23 07:00:00,6059.0212
2025-04-23 07:10:00,6187.2257
2025-04-23 07:20:00,6036.1145
2025-04-23 07:30:00,6154.9594
2025-04-23 07:40:00,6274.5297
2025-04-23 07:50:00,6160.3539
2025-04-23 08:00:00,5939.4290
2025-04-23 08:10:00,5758.8329
2025-04-23 08:20:00,5777.1725
2025-04-23 08:30:00,5899.6342
2025-04-23 08:40:00,6218.9782
2025-04-23 08:50:00,5782.2491
2025-04-23 09:00:00,5809.2105
2025-04-23 09:10:00,5873.1566
2025-04-23 09:20:00,6441.0845
2025-04-23 09:30:00,6354.6792
2025-04-23 09:40:00,5908.8131
2025-04-23 09:50:00,6453.0772
2025-04-23 10:00:00,5840.9686
2025-04-23 10:10:00,5873.7124
2025-04-23 10:20:00,6449.4888
2025-04-23 10:30:00,5836.2085
2025-04-23 10:40:00,5826.6920
2025-04-23 10:50:00,5821.9316
2025-04-23 11:00:00,5810.8038
2025-04-23 11:10:00,6219.2828
2025-04-23 11:20:00,6381.7011
2025-04-23 11:30:00,6294.7781
2025-04-23 11:40:00,6068.6314
2025-04-23 11:50:00,6537.6954
2025-04-23 12:00:00,6249.2659
2025-04-23 12:10:00,6242.7786
2025-04-23 12:20:00,5993.6315
2025-04-23 12:30:00,6142.2910
2025-04-23 12:40:00,6109.1029
2025-04-23 12:50:00,6037.5025
2025-04-23 13:00:00,6060.5707
2025-04-23 13:10:00,6046.0075
2025-04-23 13:20:00,6037.8225
2025-04-23 13:30:00,6044.2701
2025-04-23 13:40:00,6098.3385
2025-04-23 13:50:00,6065.0767
2025-04-23 14:00:00,6079.2718
2025-04-23 14:10:00,6125.6374
2025-04-23 14:20:00,6124.8792
2025-04-23 14:30:00,6177.8121
2025-04-23 14:40:00,6179.4975
2025-04-23 14:50:00,6126.1698
2025-04-23 15:00:00,6184.4785
2025-04-23 15:10:00,6194.0293
2025-04-23 15:20:00,6197.1291
2025-04-23 15:30:00,6125.3355
2025-04-23 15:40:00,6190.9483
2025-04-23 15:50:00,6128.7235
2025-04-23 16:00:00,6128.6866
2025-04-23 16:10:00,6195.3631
2025-04-23 16:20:00,6101.3382
2025-04-23 16:30:00,6127.5857
2025-04-23 16:40:00,6140.4949
2025-04-23 16:50:00,5880.2959
2025-04-23 17:00:00,6166.2310
2025-04-23 17:10:00,6100.1868
2025-04-23 17:20:00,6099.7666
2025-04-23 17:30:00,6092.0235
2025-04-23 17:40:00,6168.4871
2025-04-23 17:50:00,6042.8391
2025-04-23 18:00:00,6047.3233
2025-04-23 18:10:00,6048.1937
2025-04-23 18:20:00,6171.4973
2025-04-23 18:30:00,6035.9159
2025-04-23 18:40:00,6082.2291
2025-04-23 18:50:00,6083.8348
2025-04-23 19:00:00,6051.2308
2025-04-23 19:10:00,6085.8283
2025-04-23 19:20:00,6033.7839
2025-04-23 19:30:00,6249.7121
2025-04-23 19:40:00,6011.8778
2025-04-23 19:50:00,6011.2698
2025-04-23 20:00:00,6135.1102
2025-04-23 20:10:00,6138.9530
2025-04-23 20:20:00,6168.6376
2025-04-23 20:30:00,6018.4534
2025-04-23 20:40:00,6151.0115
2025-04-23 20:50:00,6157.9472
2025-04-23 21:00:00,6159.2388
2025-04-23 21:10:00,6204.1607
2025-04-23 21:20:00,6159.6282
2025-04-23 21:30:00,6400.3202
2025-04-23 21:40:00,6098.1895
2025-04-23 21:50:00,6222.2909
2025-04-23 22:00:00,5919.7770
2025-04-23 22:10:00,5988.3297
2025-04-23 22:20:00,5989.0517
2025-04-23 22:30:00,6251.0109
2025-04-23 22:40:00,6128.1088
2025-04-23 22:50:00,6226.1776
2025-04-23 23:00:00,6245.4366
2025-04-23 23:10:00,6244.0530
2025-04-23 23:20:00,6245.4667
2025-04-23 23:30:00,6243.4276
2025-04-23 23:40:00,6098.2215
2025-04-23 23:50:00,6164.0973
2025-04-24 00:00:00,6103.8146
2025-04-24 00:10:00,6090.3541
2025-04-24 00:20:00,6064.1249
2025-04-24 00:30:00,6189.6623
2025-04-24 00:40:00,6098.3156
2025-04-24 00:50:00,6063.0468
2025-04-24 01:00:00,6057.0033
2025-04-24 01:10:00,6182.4618
2025-04-24 01:20:00,6060.7022
2025-04-24 01:30:00,6057.5699
2025-04-24 01:40:00,6081.7878
2025-04-24 01:50:00,6058.0939
2025-04-24 02:00:00,6037.7633
2025-04-24 02:10:00,6082.3028
2025-04-24 02:20:00,6066.9347
2025-04-24 02:30:00,6046.0075
2025-04-24 02:40:00,6077.5355
2025-04-24 02:50:00,6066.7688
2025-04-24 03:00:00,6080.6310
2025-04-24 03:10:00,6078.6706
2025-04-24 03:20:00,6058.8175
2025-04-24 03:30:00,6058.9358
2025-04-24 03:40:00,6057.4091
2025-04-24 03:50:00,6058.3349
2025-04-24 04:00:00,6036.1581
2025-04-24 04:10:00,6053.6235
2025-04-24 04:20:00,6059.1498
2025-04-24 04:30:00,6046.5084
2025-04-24 04:40:00,6045.4090
2025-04-24 04:50:00,6067.7896
2025-04-24 05:00:00,6067.8301
2025-04-24 05:10:00,6043.3481
2025-04-24 05:20:00,6068.4276
2025-04-24 05:30:00,6036.4175
2025-04-24 05:40:00,6043.3746
2025-04-24 05:50:00,6186.0854
2025-04-24 06:00:00,6052.1841
2025-04-24 06:10:00,6052.2814
2025-04-24 06:20:00,6175.5551
2025-04-24 06:30:00,6036.4251
2025-04-24 06:40:00,6036.4365
2025-04-24 06:50:00,6095.4224
2025-04-24 07:00:00,6157.6227
2025-04-24 07:10:00,6126.8445
2025-04-24 07:20:00,6125.3638
2025-04-24 07:30:00,6125.4538
2025-04-24 07:40:00,6170.4313
2025-04-24 07:50:00,6101.0884
2025-04-24 08:00:00,6126.3645
2025-04-24 08:10:00,6126.4533
2025-04-24 08:20:00,6125.2672
2025-04-24 08:30:00,6126.6741
2025-04-24 08:40:00,6101.5876
2025-04-24 08:50:00,6312.1085
2025-04-24 09:00:00,6128.0443
2025-04-24 09:10:00,6101.2902
2025-04-24 09:20:00,6127.9212
2025-04-24 09:30:00,6182.1312
2025-04-24 09:40:00,6174.8057
2025-04-24 09:50:00,6140.4796
2025-04-24 10:00:00,6127.0756
2025-04-24 10:10:00,6151.3654
2025-04-24 10:20:00,6157.7502
2025-04-24 10:30:00,6104.0871
2025-04-24 10:40:00,6175.9357
2025-04-24 10:50:00,6060.0632
2025-04-24 11:00:00,6178.0680
2025-04-24 11:10:00,6182.3423
2025-04-24 11:20:00,6053.4504
2025-04-24 11:30:00,6062.3634
2025-04-24 11:40:00,6055.7957
2025-04-24 11:50:00,6183.4521
2025-04-24 12:00:00,6095.7458
2025-04-24 12:10:00,6196.7264
2025-04-24 12:20:00,6194.7187
2025-04-24 12:30:00,6262.1106
2025-04-24 12:40:00,6259.3113
2025-04-24 12:50:00,6035.8660
2025-04-24 13:00:00,6248.7148
2025-04-24 13:10:00,6091.0476
2025-04-24 13:20:00,6184.0919
2025-04-24 13:30:00,6182.0845
2025-04-24 13:40:00,6390.8890
2025-04-24 13:50:00,6015.8912
2025-04-24 14:00:00,5879.4515
2025-04-24 14:10:00,6177.4642
2025-04-24 14:20:00,6283.6397
2025-04-24 14:30:00,6140.4772
2025-04-24 14:40:00,6295.4714
2025-04-24 14:50:00,6276.9738
2025-04-24 15:00:00,6097.4584
2025-04-24 15:10:00,6080.5507
2025-04-24 15:20:00,6098.2080
2025-04-24 15:30:00,6341.4503
2025-04-24 15:40:00,6345.3670
2025-04-24 15:50:00,6093.7659
2025-04-24 16:00:00,5977.1484
2025-04-24 16:10:00,6093.1749
2025-04-24 16:20:00,6206.4657
2025-04-24 16:30:00,5973.6966
2025-04-24 16:40:00,5944.1905
2025-04-24 16:50:00,5944.1905
2025-04-24 17:00:00,5944.1905
2025-04-24 17:10:00,6204.2537
2025-04-24 17:20:00,5935.0704
2025-04-24 17:30:00,5976.3999
2025-04-24 17:40:00,5944.1905
2025-04-24 17:50:00,5949.2719
2025-04-24 18:00:00,5976.0789
2025-04-24 18:10:00,6106.7108
2025-04-24 18:20:00,6193.1328
2025-04-24 18:30:00,5972.7200
2025-04-24 18:40:00,5944.1905
2025-04-24 18:50:00,6202.9404
2025-04-24 19:00:00,5944.1905
2025-04-24 19:10:00,6093.7502
2025-04-24 19:20:00,6239.3445
2025-04-24 19:30:00,5620.6034
2025-04-24 19:40:00,5974.5553
2025-04-24 19:50:00,6242.1290
2025-04-24 20:00:00,5944.1905
2025-04-24 20:10:00,6239.0307
2025-04-24 20:20:00,5944.1905
2025-04-24 20:30:00,5589.5803
2025-04-24 20:40:00,5973.5893
2025-04-24 20:50:00,6238.2237
2025-04-24 21:00:00,5470.5468
2025-04-24 21:10:00,5974.2109
2025-04-24 21:20:00,5972.4116
2025-04-24 21:30:00,5552.9323
2025-04-24 21:40:00,5752.1210
2025-04-24 21:50:00,6204.1449
2025-04-24 22:00:00,6106.0862
2025-04-24 22:10:00,6202.1792
2025-04-24 22:20:00,5972.7092
2025-04-24 22:30:00,6188.4991
2025-04-24 22:40:00,5972.9356
2025-04-24 22:50:00,5933.7887
2025-04-24 23:00:00,6197.6765
2025-04-24 23:10:00,6192.4897
2025-04-24 23:20:00,6107.7799
2025-04-24 23:30:00,6155.5011
2025-04-24 23:40:00,5987.5403
2025-04-24 23:50:00,6058.0288
2025-04-25 00:00:00,5939.3764
2025-04-25 00:10:00,6068.1680
2025-04-25 00:20:00,6116.5460
2025-04-25 00:30:00,6279.8570
2025-04-25 00:40:00,5807.3975
2025-04-25 00:50:00,5853.7879
2025-04-25 01:00:00,5915.8837
2025-04-25 01:10:00,6471.5345
2025-04-25 01:20:00,6470.0617
2025-04-25 01:30:00,6181.4243
2025-04-25 01:40:00,6464.3046
2025-04-25 01:50:00,5980.5271
2025-04-25 02:00:00,6436.6350
2025-04-25 02:10:00,6414.2040
2025-04-25 02:20:00,6466.6577
2025-04-25 02:30:00,5877.8740
2025-04-25 02:40:00,5979.9830
2025-04-25 02:50:00,5919.8616
2025-04-25 03:00:00,5972.2270
2025-04-25 03:10:00,5877.6621
2025-04-25 03:20:00,6472.2037
2025-04-25 03:30:00,5877.4155
2025-04-25 03:40:00,6427.5936
2025-04-25 03:50:00,6173.3650
2025-04-25 04:00:00,6173.3053
2025-04-25 04:10:00,6220.8791
2025-04-25 04:20:00,6470.6431
2025-04-25 04:30:00,5875.6187
2025-04-25 04:40:00,5877.5858
2025-04-25 04:50:00,5911.6870
2025-04-25 05:00:00,5876.0597
2025-04-25 05:10:00,5910.1696
2025-04-25 05:20:00,6448.2910
2025-04-25 05:30:00,5874.8023
2025-04-25 05:40:00,5913.6885
2025-04-25 05:50:00,5903.7615
2025-04-25 06:00:00,6376.4042
2025-04-25 06:10:00,5872.8364
2025-04-25 06:20:00,5875.4411
2025-04-25 06:30:00,6247.1397
2025-04-25 06:40:00,5808.4743
2025-04-25 06:50:00,5992.2904
2025-04-25 07:00:00,6009.5907
2025-04-25 07:10:00,6140.4134
2025-04-25 07:20:00,6394.8622
2025-04-25 07:30:00,6010.9781
2025-04-25 07:40:00,6028.1708
2025-04-25 07:50:00,6025.4895
2025-04-25 08:00:00,6016.5008
2025-04-25 08:10:00,6020.2656
2025-04-25 08:20:00,6015.1352
2025-04-25 08:30:00,6058.5603
2025-04-25 08:40:00,6022.2254
2025-04-25 08:50:00,6023.1736
2025-04-25 09:00:00,5838.7070
2025-04-25 09:10:00,5939.2957
2025-04-25 09:20:00,6015.3049
2025-04-25 09:30:00,6140.2802
2025-04-25 09:40:00,6009.5104
2025-04-25 09:50:00,6361.0119
2025-04-25 10:00:00,5849.3335
2025-04-25 10:10:00,6014.1547
2025-04-25 10:20:00,6095.0387
2025-04-25 10:30:00,6119.0646
2025-04-25 10:40:00,6193.6526
2025-04-25 10:50:00,6190.2598
2025-04-25 11:00:00,6118.4304
2025-04-25 11:10:00,6317.1433
2025-04-25 11:20:00,6294.3986
2025-04-25 11:30:00,6077.4517
2025-04-25 11:40:00,6413.6836
2025-04-25 11:50:00,6095.9779
2025-04-25 12:00:00,6077.4517
2025-04-25 12:10:00,6219.0080
2025-04-25 12:20:00,6093.6506
2025-04-25 12:30:00,6015.4577
2025-04-25 12:40:00,6173.0708
2025-04-25 12:50:00,6113.7744
2025-04-25 13:00:00,6024.1088
2025-04-25 13:10:00,6059.9077
2025-04-25 13:20:00,6023.6932
2025-04-25 13:30:00,6023.2851
2025-04-25 13:40:00,6082.7609
2025-04-25 13:50:00,6023.1449
2025-04-25 14:00:00,6022.5947
2025-04-25 14:10:00,6043.2187
2025-04-25 14:20:00,6017.4414
2025-04-25 14:30:00,6028.0567
2025-04-25 14:40:00,6026.9920
2025-04-25 14:50:00,6451.5167
2025-04-25 15:00:00,6025.1805
2025-04-25 15:10:00,6014.4759
2025-04-25 15:20:00,6366.1200
2025-04-25 15:30:00,6026.7947
2025-04-25 15:40:00,6144.1109
2025-04-25 15:50:00,6331.8706
2025-04-25 16:00:00,6019.4052
2025-04-25 16:10:00,6276.0142
2025-04-25 16:20:00,6330.4497
2025-04-25 16:30:00,6191.1760
2025-04-25 16:40:00,6101.5429
2025-04-25 16:50:00,6252.7215
2025-04-25 17:00:00,6024.5832
2025-04-25 17:10:00,5923.4919
2025-04-25 17:20:00,6452.4148
2025-04-25 17:30:00,5927.8955
2025-04-25 17:40:00,6027.8711
2025-04-25 17:50:00,6029.2659
2025-04-25 18:00:00,6026.0417
2025-04-25 18:10:00,6016.1785
2025-04-25 18:20:00,6015.8870
2025-04-25 18:30:00,6020.9630
2025-04-25 18:40:00,6040.2923
2025-04-25 18:50:00,6019.6206
2025-04-25 19:00:00,6019.7284
2025-04-25 19:10:00,6041.7975
2025-04-25 19:20:00,6015.1916
2025-04-25 19:30:00,6077.7972
2025-04-25 19:40:00,6099.2408
2025-04-25 19:50:00,6032.9972
2025-04-25 20:00:00,6032.1563
2025-04-25 20:10:00,6104.9023
2025-04-25 20:20:00,6010.2025
2025-04-25 20:30:00,6103.8157
2025-04-25 20:40:00,6106.6649
2025-04-25 20:50:00,6128.3347
2025-04-25 21:00:00,6067.8637
2025-04-25 21:10:00,6068.5109
2025-04-25 21:20:00,6218.9546
2025-04-25 21:30:00,6172.0088
2025-04-25 21:40:00,6172.4220
2025-04-25 21:50:00,5909.6087
2025-04-25 22:00:00,5855.5792
2025-04-25 22:10:00,5911.7118
2025-04-25 22:20:00,6407.8706
2025-04-25 22:30:00,6173.0184
2025-04-25 22:40:00,6249.5957
2025-04-25 22:50:00,6173.1356
2025-04-25 23:00:00,6173.1657
2025-04-25 23:10:00,5943.6393
2025-04-25 23:20:00,5943.6393
2025-04-25 23:30:00,5943.6393
2025-04-25 23:40:00,6173.2065
2025-04-25 23:50:00,5943.6534
2025-04-26 00:00:00,5908.3210
2025-04-26 00:10:00,5943.6650
2025-04-26 00:20:00,5943.6860
2025-04-26 00:30:00,6236.2615
2025-04-26 00:40:00,6236.2364
2025-04-26 00:50:00,6269.4537
2025-04-26 01:00:00,6270.1190
2025-04-26 01:10:00,6051.6266
2025-04-26 01:20:00,6270.5104
2025-04-26 01:30:00,6233.0073
2025-04-26 01:40:00,6253.1402
2025-04-26 01:50:00,6172.2168
2025-04-26 02:00:00,6172.0739
2025-04-26 02:10:00,5948.6766
2025-04-26 02:20:00,6169.4875
2025-04-26 02:30:00,6260.3648
2025-04-26 02:40:00,6255.6334
2025-04-26 02:50:00,6218.5354
2025-04-26 03:00:00,6266.6748
2025-04-26 03:10:00,6264.5407
2025-04-26 03:20:00,6046.4174
2025-04-26 03:30:00,6263.1958
2025-04-26 03:40:00,6137.7321
2025-04-26 03:50:00,6257.9784
2025-04-26 04:00:00,6045.8289
2025-04-26 04:10:00,6256.7080
2025-04-26 04:20:00,6218.8802
2025-04-26 04:30:00,6046.8762
2025-04-26 04:40:00,6137.7321
2025-04-26 04:50:00,6163.1891
2025-04-26 05:00:00,6255.5753
2025-04-26 05:10:00,6224.9086
2025-04-26 05:20:00,6223.7327
2025-04-26 05:30:00,5943.6422
2025-04-26 05:40:00,6168.5435
2025-04-26 05:50:00,6219.0017
2025-04-26 06:00:00,5946.1111
2025-04-26 06:10:00,5946.0459
2025-04-26 06:20:00,6273.9943
2025-04-26 06:30:00,6272.7414
2025-04-26 06:40:00,6272.8603
2025-04-26 06:50:00,6234.6915
2025-04-26 07:00:00,6540.6174
2025-04-26 07:10:00,6272.8603
2025-04-26 07:20:00,6234.7904
2025-04-26 07:30:00,6272.4555
2025-04-26 07:40:00,5943.8616
2025-04-26 07:50:00,6219.5845
2025-04-26 08:00:00,6398.5664
2025-04-26 08:10:00,6272.4555
2025-04-26 08:20:00,6234.6411
2025-04-26 08:30:00,6070.0322
2025-04-26 08:40:00,5943.8703
2025-04-26 08:50:00,5943.8792
2025-04-26 09:00:00,6393.9507
2025-04-26 09:10:00,6270.2137
2025-04-26 09:20:00,6234.4854
2025-04-26 09:30:00,6552.4534
2025-04-26 09:40:00,6170.1459
2025-04-26 09:50:00,6271.5186
2025-04-26 10:00:00,6393.6467
2025-04-26 10:10:00,6271.3887
2025-04-26 10:20:00,6235.1160
2025-04-26 10:30:00,6271.6769
2025-04-26 10:40:00,6271.5186
2025-04-26 10:50:00,6271.8039
2025-04-26 11:00:00,6406.0140
2025-04-26 11:10:00,5943.8281
2025-04-26 11:20:00,6271.5509
2025-04-26 11:30:00,6272.0612
2025-04-26 11:40:00,6272.0612
2025-04-26 11:50:00,6529.2847
2025-04-26 12:00:00,6529.7316
2025-04-26 12:10:00,5943.8660
2025-04-26 12:20:00,6050.8759
2025-04-26 12:30:00,6366.4745
2025-04-26 12:40:00,5943.8616
2025-04-26 12:50:00,6393.7127
2025-04-26 13:00:00,6540.1495
2025-04-26 13:10:00,5946.3722
2025-04-26 13:20:00,6219.4374
2025-04-26 13:30:00,6391.8736
2025-04-26 13:40:00,6234.1533
2025-04-26 13:50:00,6234.0359
2025-04-26 14:00:00,6231.2983
2025-04-26 14:10:00,6274.0105
2025-04-26 14:20:00,6047.3229
2025-04-26 14:30:00,6137.7321
2025-04-26 14:40:00,6255.4076
2025-04-26 14:50:00,6069.4108
2025-04-26 15:00:00,6342.7286
2025-04-26 15:10:00,6332.1260
2025-04-26 15:20:00,6158.9368
2025-04-26 15:30:00,6240.9532
2025-04-26 15:40:00,6108.9611
2025-04-26 15:50:00,6009.7399
2025-04-26 16:00:00,6011.8379
2025-04-26 16:10:00,6165.8126
2025-04-26 16:20:00,6012.0482
2025-04-26 16:30:00,6010.2334
2025-04-26 16:40:00,6081.6392
2025-04-26 16:50:00,6011.0239
2025-04-26 17:00:00,6088.3542
2025-04-26 17:10:00,6038.3228
2025-04-26 17:20:00,6137.7847
2025-04-26 17:30:00,6011.2343
2025-04-26 17:40:00,6079.1665
2025-04-26 17:50:00,6057.8900
2025-04-26 18:00:00,6057.3609
2025-04-26 18:10:00,6038.3925
2025-04-26 18:20:00,6106.8191
2025-04-26 18:30:00,6169.3068
2025-04-26 18:40:00,6163.5214
2025-04-26 18:50:00,6144.1712
2025-04-26 19:00:00,6069.5025
2025-04-26 19:10:00,6258.3252
2025-04-26 19:20:00,6048.0345
2025-04-26 19:30:00,6218.9196
2025-04-26 19:40:00,6172.0739
2025-04-26 19:50:00,5943.8573
2025-04-26 20:00:00,6051.8952
2025-04-26 20:10:00,6543.1471
2025-04-26 20:20:00,6166.9834
2025-04-26 20:30:00,6052.7200
2025-04-26 20:40:00,6172.9375
2025-04-26 20:50:00,6363.7357
2025-04-26 21:00:00,5943.7251
2025-04-26 21:10:00,6423.8778
2025-04-26 21:20:00,6534.4834
2025-04-26 21:30:00,6267.3365
2025-04-26 21:40:00,5943.7184
2025-04-26 21:50:00,6362.4546
2025-04-26 22:00:00,6236.3874
2025-04-26 22:10:00,6533.5044
2025-04-26 22:20:00,6543.8245
2025-04-26 22:30:00,6172.6425
2025-04-26 22:40:00,6219.9229
2025-04-26 22:50:00,5943.8161
2025-04-26 23:00:00,6070.0602
2025-04-26 23:10:00,6541.1188
2025-04-26 23:20:00,5943.9018
2025-04-26 23:30:00,6220.0058
2025-04-26 23:40:00,6229.1754
2025-04-26 23:50:00,6270.1858
2025-04-27 00:00:00,6137.7321
2025-04-27 00:10:00,6251.1659
2025-04-27 00:20:00,6252.6398
2025-04-27 00:30:00,6228.6804
2025-04-27 00:40:00,5993.2113
2025-04-27 00:50:00,5995.1722
2025-04-27 01:00:00,6021.2700
2025-04-27 01:10:00,6026.2810
2025-04-27 01:20:00,6039.6548
2025-04-27 01:30:00,6078.7870
2025-04-27 01:40:00,6053.8589
2025-04-27 01:50:00,6131.3817
2025-04-27 02:00:00,6168.9132
2025-04-27 02:10:00,6015.1625
2025-04-27 02:20:00,6021.8671
2025-04-27 02:30:00,6083.0693
2025-04-27 02:40:00,6096.5297
2025-04-27 02:50:00,6103.0686
2025-04-27 03:00:00,6114.3602
2025-04-27 03:10:00,6093.4833
2025-04-27 03:20:00,6013.5613
2025-04-27 03:30:00,6171.0602
2025-04-27 03:40:00,6120.1667
2025-04-27 03:50:00,6119.6315
2025-04-27 04:00:00,6196.4894
2025-04-27 04:10:00,6337.1643
2025-04-27 04:20:00,6171.5388
2025-04-27 04:30:00,6224.7877
2025-04-27 04:40:00,6201.4248
2025-04-27 04:50:00,6009.2847
2025-04-27 05:00:00,6114.6181
2025-04-27 05:10:00,6125.0026
2025-04-27 05:20:00,6139.8261
2025-04-27 05:30:00,6140.2410
2025-04-27 05:40:00,6162.1790
2025-04-27 05:50:00,6128.2462
2025-04-27 06:00:00,6182.1312
2025-04-27 06:10:00,6041.0133
2025-04-27 06:20:00,6069.2589
2025-04-27 06:30:00,6100.9486
2025-04-27 06:40:00,6244.0282
2025-04-27 06:50:00,6107.2164
2025-04-27 07:00:00,5917.6969
2025-04-27 07:10:00,6065.1320
2025-04-27 07:20:00,6068.4242
2025-04-27 07:30:00,6218.7742
2025-04-27 07:40:00,6355.3190
2025-04-27 07:50:00,6540.6058
2025-04-27 08:00:00,6272.0122
2025-04-27 08:10:00,6234.9889
2025-04-27 08:20:00,6271.4026
2025-04-27 08:30:00,6219.9056
2025-04-27 08:40:00,6336.6256
2025-04-27 08:50:00,6406.9916
2025-04-27 09:00:00,6172.4893
2025-04-27 09:10:00,6235.2971
2025-04-27 09:20:00,6271.2790
2025-04-27 09:30:00,6051.1699
2025-04-27 09:40:00,6269.5793
2025-04-27 09:50:00,6270.3155
2025-04-27 10:00:00,6271.3603
2025-04-27 10:10:00,6227.6269
2025-04-27 10:20:00,6261.2797
2025-04-27 10:30:00,6137.7321
2025-04-27 10:40:00,6137.7321
2025-04-27 10:50:00,6400.8781
2025-04-27 11:00:00,6073.5461
2025-04-27 11:10:00,6225.9437
2025-04-27 11:20:00,6234.3883
2025-04-27 11:30:00,6165.6322
2025-04-27 11:40:00,6108.9305
2025-04-27 11:50:00,6093.0195
2025-04-27 12:00:00,6062.9234
2025-04-27 12:10:00,6242.9835
2025-04-27 12:20:00,6063.6626
2025-04-27 12:30:00,6102.9278
2025-04-27 12:40:00,6057.3609
2025-04-27 12:50:00,6081.4171
2025-04-27 13:00:00,6061.7681
2025-04-27 13:10:00,6039.5995
2025-04-27 13:20:00,6081.4171
2025-04-27 13:30:00,6104.6222
2025-04-27 13:40:00,6058.5097
2025-04-27 13:50:00,6059.8262
2025-04-27 14:00:00,6060.5869
2025-04-27 14:10:00,6063.4397
2025-04-27 14:20:00,6137.0379
2025-04-27 14:30:00,6103.7546
2025-04-27 14:40:00,6104.2268
2025-04-27 14:50:00,6093.0583
2025-04-27 15:00:00,6098.7665
2025-04-27 15:10:00,6232.8153
2025-04-27 15:20:00,6243.6075
2025-04-27 15:30:00,6245.5445
2025-04-27 15:40:00,5989.8121
2025-04-27 15:50:00,6207.4063
2025-04-27 16:00:00,6245.6869
2025-04-27 16:10:00,6137.7321
2025-04-27 16:20:00,6244.1210
2025-04-27 16:30:00,6246.3330
2025-04-27 16:40:00,6070.6797
2025-04-27 16:50:00,6244.4941
2025-04-27 17:00:00,6244.4941
2025-04-27 17:10:00,6161.7706
2025-04-27 17:20:00,6249.8940
2025-04-27 17:30:00,6243.6903
2025-04-27 17:40:00,6073.6704
2025-04-27 17:50:00,6242.9536
2025-04-27 18:00:00,6242.7786
2025-04-27 18:10:00,6076.2291
2025-04-27 18:20:00,6242.7640
2025-04-27 18:30:00,6223.8197
2025-04-27 18:40:00,6157.5953
2025-04-27 18:50:00,6009.4265
2025-04-27 19:00:00,6240.9197
2025-04-27 19:10:00,6159.4977
2025-04-27 19:20:00,6241.3299
2025-04-27 19:30:00,6236.0587
2025-04-27 19:40:00,6166.1070
2025-04-27 19:50:00,6092.0471
2025-04-27 20:00:00,6103.3673
2025-04-27 20:10:00,6166.8443
2025-04-27 20:20:00,6240.9532
2025-04-27 20:30:00,6104.6740
2025-04-27 20:40:00,6104.3291
2025-04-27 20:50:00,6011.6572
2025-04-27 21:00:00,6151.5194
2025-04-27 21:10:00,6275.4495
2025-04-27 21:20:00,6242.2726
2025-04-27 21:30:00,6104.5528
2025-04-27 21:40:00,6164.3564
2025-04-27 21:50:00,6243.5588
2025-04-27 22:00:00,6159.3031
2025-04-27 22:10:00,6159.3031
2025-04-27 22:20:00,6243.5933
2025-04-27 22:30:00,6228.3542
2025-04-27 22:40:00,6222.2909
2025-04-27 22:50:00,6074.7331
2025-04-27 23:00:00,6137.7321
2025-04-27 23:10:00,6161.4764
2025-04-27 23:20:00,6245.6257
2025-04-27 23:30:00,6137.7321
2025-04-27 23:40:00,6137.7321
2025-04-27 23:50:00,5917.5396
2025-04-28 00:00:00,6225.6427
2025-04-28 00:10:00,6273.3923
2025-04-28 00:20:00,6114.2614
2025-04-28 00:30:00,6004.2448
2025-04-28 00:40:00,6005.8568
2025-04-28 00:50:00,6039.6436
2025-04-28 01:00:00,6039.3968
2025-04-28 01:10:00,6139.0102
2025-04-28 01:20:00,6052.7203
2025-04-28 01:30:00,6080.5132
2025-04-28 01:40:00,6312.3611
2025-04-28 01:50:00,6111.2000
2025-04-28 02:00:00,6074.4975
2025-04-28 02:10:00,6234.0913
2025-04-28 02:20:00,6096.5297
2025-04-28 02:30:00,6072.0226
2025-04-28 02:40:00,6093.2596
2025-04-28 02:50:00,6140.0599
2025-04-28 03:00:00,6094.2095
2025-04-28 03:10:00,6231.7314
2025-04-28 03:20:00,6262.6550
2025-04-28 03:30:00,6166.6373
2025-04-28 03:40:00,5944.1905
2025-04-28 03:50:00,6115.8030
2025-04-28 04:00:00,6158.0976
2025-04-28 04:10:00,5951.5496
2025-04-28 04:20:00,5944.1905
2025-04-28 04:30:00,6116.0491
2025-04-28 04:40:00,6165.4148
2025-04-28 04:50:00,5944.1905
2025-04-28 05:00:00,6312.6752
2025-04-28 05:10:00,5956.6148
2025-04-28 05:20:00,5953.9676
2025-04-28 05:30:00,5954.0261
2025-04-28 05:40:00,5957.4282
2025-04-28 05:50:00,5944.1905
2025-04-28 06:00:00,5955.9797
2025-04-28 06:10:00,5601.9091
2025-04-28 06:20:00,5957.6621
2025-04-28 06:30:00,5601.9091
2025-04-28 06:40:00,5977.0927
2025-04-28 06:50:00,5770.2487
2025-04-28 07:00:00,5944.1905
2025-04-28 07:10:00,5595.8182
2025-04-28 07:20:00,5601.9091
2025-04-28 07:30:00,5944.1905
2025-04-28 07:40:00,6236.5773
2025-04-28 07:50:00,5956.7839
2025-04-28 08:00:00,5958.0247
2025-04-28 08:10:00,5595.8182
2025-04-28 08:20:00,5954.6259
2025-04-28 08:30:00,5944.1905
2025-04-28 08:40:00,5944.1905
2025-04-28 08:50:00,5601.9091
2025-04-28 09:00:00,6004.8602
2025-04-28 09:10:00,6059.9113
2025-04-28 09:20:00,5939.2932
2025-04-28 09:30:00,5944.1905
2025-04-28 09:40:00,6234.5711
2025-04-28 09:50:00,6137.5543
2025-04-28 10:00:00,6079.4120
2025-04-28 10:10:00,6081.9236
2025-04-28 10:20:00,6231.2065
2025-04-28 10:30:00,6011.3657
2025-04-28 10:40:00,6161.7627
2025-04-28 10:50:00,6255.7014
2025-04-28 11:00:00,6064.8308
2025-04-28 11:10:00,6068.0959
2025-04-28 11:20:00,6246.9516
2025-04-28 11:30:00,5906.0998
2025-04-28 11:40:00,5905.0036
2025-04-28 11:50:00,5901.8018
2025-04-28 12:00:00,6312.3805
2025-04-28 12:10:00,5943.8523
2025-04-28 12:20:00,6219.3915
2025-04-28 12:30:00,6292.2325
2025-04-28 12:40:00,5922.8588
2025-04-28 12:50:00,6068.5069
2025-04-28 13:00:00,6358.9688
2025-04-28 13:10:00,5915.1395
2025-04-28 13:20:00,6130.3626
2025-04-28 13:30:00,5992.8123
2025-04-28 13:40:00,6006.1274
2025-04-28 13:50:00,6135.9296
2025-04-28 14:00:00,6024.6700
2025-04-28 14:10:00,6019.9370
2025-04-28 14:20:00,6011.7705
2025-04-28 14:30:00,6080.0203
2025-04-28 14:40:00,6028.7132
2025-04-28 14:50:00,5977.3570
2025-04-28 15:00:00,5965.9725
2025-04-28 15:10:00,6165.8912
2025-04-28 15:20:00,6111.2000
2025-04-28 15:30:00,6022.4161
2025-04-28 15:40:00,6101.4796
2025-04-28 15:50:00,6083.0693
2025-04-28 16:00:00,6015.2503
2025-04-28 16:10:00,6015.8798
2025-04-28 16:20:00,6387.0505
2025-04-28 16:30:00,6385.5181
2025-04-28 16:40:00,6385.4258
2025-04-28 16:50:00,6386.5371
2025-04-28 17:00:00,6015.8721
2025-04-28 17:10:00,6024.5078
2025-04-28 17:20:00,6015.8885
2025-04-28 17:30:00,6385.8359
2025-04-28 17:40:00,6015.5322
2025-04-28 17:50:00,6024.8338
2025-04-28 18:00:00,6319.1055
2025-04-28 18:10:00,5688.9556
2025-04-28 18:20:00,6176.2121
2025-04-28 18:30:00,5854.7686
2025-04-28 18:40:00,6274.5778
2025-04-28 18:50:00,5939.6181
2025-04-28 19:00:00,6274.5512
2025-04-28 19:10:00,5688.9556
2025-04-28 19:20:00,6025.0814
2025-04-28 19:30:00,6077.4471
2025-04-28 19:40:00,6025.0360
2025-04-28 19:50:00,6111.2754
2025-04-28 20:00:00,5852.8052
2025-04-28 20:10:00,5852.7288
2025-04-28 20:20:00,5852.0191
2025-04-28 20:30:00,6015.9533
2025-04-28 20:40:00,6113.7361
2025-04-28 20:50:00,6015.9563
2025-04-28 21:00:00,6015.9589
2025-04-28 21:10:00,6038.9999
2025-04-28 21:20:00,6039.0654
2025-04-28 21:30:00,6034.0198
2025-04-28 21:40:00,6039.3126
2025-04-28 21:50:00,6024.3630
2025-04-28 22:00:00,6024.0292
2025-04-28 22:10:00,6082.6454
2025-04-28 22:20:00,6023.5207
2025-04-28 22:30:00,6389.8648
2025-04-28 22:40:00,6399.2492
2025-04-28 22:50:00,6042.8941
2025-04-28 23:00:00,5937.2772
2025-04-28 23:10:00,6035.7837
2025-04-28 23:20:00,6250.5615
2025-04-28 23:30:00,6455.8214
2025-04-28 23:40:00,6455.8744
2025-04-28 23:50:00,6044.8220
2025-04-29 00:00:00,6012.0331
2025-04-29 00:10:00,6007.0656
2025-04-29 00:20:00,6026.6683
2025-04-29 00:30:00,6101.9710
2025-04-29 00:40:00,6114.8392
2025-04-29 00:50:00,6128.8583
2025-04-29 01:00:00,6076.0551
2025-04-29 01:10:00,6244.0862
2025-04-29 01:20:00,6071.0784
2025-04-29 01:30:00,6137.7321
2025-04-29 01:40:00,6137.7321
2025-04-29 01:50:00,6163.3949
2025-04-29 02:00:00,6068.3034
2025-04-29 02:10:00,6282.4576
2025-04-29 02:20:00,6217.7160
2025-04-29 02:30:00,5913.3654
2025-04-29 02:40:00,6272.7179
2025-04-29 02:50:00,6255.9050
2025-04-29 03:00:00,6047.3498
2025-04-29 03:10:00,6248.5717
2025-04-29 03:20:00,6258.2132
2025-04-29 03:30:00,6064.8308
2025-04-29 03:40:00,6161.9043
2025-04-29 03:50:00,5918.4512
2025-04-29 04:00:00,6128.8641
2025-04-29 04:10:00,5993.0161
2025-04-29 04:20:00,5998.8951
2025-04-29 04:30:00,6150.5665
2025-04-29 04:40:00,6016.9959
2025-04-29 04:50:00,6139.3909
2025-04-29 05:00:00,6102.1874
2025-04-29 05:10:00,6025.7305
2025-04-29 05:20:00,6024.5963
2025-04-29 05:30:00,6010.0672
2025-04-29 05:40:00,6008.1158
2025-04-29 05:50:00,6016.2386
2025-04-29 06:00:00,6105.6422
2025-04-29 06:10:00,6165.9155
2025-04-29 06:20:00,6061.0356
2025-04-29 06:30:00,6057.9925
2025-04-29 06:40:00,6013.2459
2025-04-29 06:50:00,6083.8229
2025-04-29 07:00:00,6012.0482
2025-04-29 07:10:00,6082.0504
2025-04-29 07:20:00,6029.8290
2025-04-29 07:30:00,6100.6723
2025-04-29 07:40:00,6106.1527
2025-04-29 07:50:00,6061.0916
2025-04-29 08:00:00,6062.0124
2025-04-29 08:10:00,6039.2351
2025-04-29 08:20:00,6106.8205
2025-04-29 08:30:00,6097.0209
2025-04-29 08:40:00,6160.1526
2025-04-29 08:50:00,6098.6754
2025-04-29 09:00:00,6074.7331
2025-04-29 09:10:00,5917.9966
2025-04-29 09:20:00,6168.1287
2025-04-29 09:30:00,6247.3013
2025-04-29 09:40:00,6052.4290
2025-04-29 09:50:00,5908.3379
2025-04-29 10:00:00,5908.8836
2025-04-29 10:10:00,6263.0870
2025-04-29 10:20:00,6228.6260
2025-04-29 10:30:00,6050.8524
2025-04-29 10:40:00,6137.7321
2025-04-29 10:50:00,5913.6297
2025-04-29 11:00:00,6066.1092
2025-04-29 11:10:00,6400.6225
2025-04-29 11:20:00,6050.1146
2025-04-29 11:30:00,6072.2762
2025-04-29 11:40:00,6072.4476
2025-04-29 11:50:00,6243.6903
2025-04-29 12:00:00,6240.8602
2025-04-29 12:10:00,5992.2627
2025-04-29 12:20:00,5918.4668
2025-04-29 12:30:00,6161.7530
2025-04-29 12:40:00,6073.8777
2025-04-29 12:50:00,6137.7321
2025-04-29 13:00:00,6073.6704
2025-04-29 13:10:00,5918.4668
2025-04-29 13:20:00,6243.7090
2025-04-29 13:30:00,6137.7321
2025-04-29 13:40:00,6240.8505
2025-04-29 13:50:00,6062.0401
2025-04-29 14:00:00,6070.8226
2025-04-29 14:10:00,6243.1243
2025-04-29 14:20:00,6244.0247
2025-04-29 14:30:00,6071.8766
2025-04-29 14:40:00,6243.6825
2025-04-29 14:50:00,5920.8340
2025-04-29 15:00:00,6128.2255
2025-04-29 15:10:00,6242.9536
2025-04-29 15:20:00,5918.9215
2025-04-29 15:30:00,6251.8473
2025-04-29 15:40:00,5918.0062
2025-04-29 15:50:00,5916.1046
2025-04-29 16:00:00,6062.5704
2025-04-29 16:10:00,6328.2389
2025-04-29 16:20:00,6015.6683
2025-04-29 16:30:00,6144.9022
2025-04-29 16:40:00,6394.9191
2025-04-29 16:50:00,6169.2828
2025-04-29 17:00:00,6051.0341
2025-04-29 17:09:45,6053.0978
2025-04-29 17:10:00,6053.0978
2025-04-29 17:20:00,6133.0841
2025-04-29 17:30:00,6111.2000
2025-04-29 17:30:40,6125.7870
2025-04-29 17:49:32,6015.2503
2025-04-29 17:50:00,6023.0181
2025-04-29 18:00:00,6015.4866
2025-04-29 18:08:28,6119.7638
2025-04-29 18:10:00,6119.2327
2025-04-29 18:20:00,6094.1360
2025-04-29 18:30:00,6119.2169
2025-04-29 18:40:00,6181.5210
2025-04-29 18:50:00,6072.2411
2025-04-29 19:00:00,6098.4969
2025-04-29 19:10:00,6324.7421
2025-04-29 19:20:00,6059.7054
2025-04-29 19:30:00,6260.5661
2025-04-29 19:40:00,6259.7136
2025-04-29 19:50:00,5944.1905
2025-04-29 20:00:00,6214.0531
2025-04-29 20:10:00,5944.1905
2025-04-29 20:20:00,5809.3229
2025-04-29 20:30:00,6182.6194
2025-04-29 20:40:00,5944.1905
2025-04-29 20:50:00,5786.6569
2025-04-29 21:00:00,5975.1984
2025-04-29 21:10:00,6032.7614
2025-04-29 21:20:00,6059.9848
2025-04-29 21:30:00,6000.5036
2025-04-29 21:40:00,5944.1905
2025-04-29 21:50:00,5970.1738
2025-04-29 22:00:00,5944.1905
2025-04-29 22:10:00,6157.1378
2025-04-29 22:20:00,5957.4881
2025-04-29 22:30:00,5795.3221
2025-04-29 22:40:00,5944.1905
2025-04-29 22:50:00,6151.1404
2025-04-29 23:00:00,6170.9624
2025-04-29 23:10:00,6160.3648
2025-04-29 23:20:00,6417.6596
2025-04-29 23:30:00,6206.4940
2025-04-29 23:40:00,6139.3108
2025-04-29 23:50:00,6084.3815
2025-04-30 00:00:00,6114.6182
2025-04-30 00:10:00,6023.4379
2025-04-30 00:20:00,6016.4943
2025-04-30 00:30:00,6081.2188
2025-04-30 00:40:00,5840.9017
2025-04-30 00:50:00,5996.1750
2025-04-30 01:00:00,5856.7071
2025-04-30 01:10:00,6284.3663
2025-04-30 01:20:00,6162.0266
2025-04-30 01:30:00,6159.6783
2025-04-30 01:40:00,6246.7137
2025-04-30 01:50:00,6295.0262
2025-04-30 02:00:00,6285.0312
2025-04-30 02:10:00,6258.4149
2025-04-30 02:20:00,6270.7840
2025-04-30 02:30:00,6068.5561
2025-04-30 02:40:00,5910.4176
2025-04-30 02:50:00,6254.7242
2025-04-30 03:00:00,5814.9806
2025-04-30 03:10:00,6376.4322
2025-04-30 03:20:00,6205.1548
2025-04-30 03:30:00,6150.7154
2025-04-30 03:40:00,6006.0815
2025-04-30 03:50:00,6025.8194
2025-04-30 04:00:00,6023.0322
2025-04-30 04:10:00,6029.2435
2025-04-30 04:20:00,6029.2659
2025-04-30 04:30:00,6038.8574
2025-04-30 04:40:00,6047.0767
2025-04-30 04:50:00,6015.1580
2025-04-30 05:00:00,6074.2830
2025-04-30 05:10:00,6015.2636
2025-04-30 05:20:00,6023.5710
2025-04-30 05:30:00,6139.8292
2025-04-30 05:40:00,6065.5611
2025-04-30 05:50:00,6008.9217
2025-04-30 06:00:00,5933.6669
2025-04-30 06:10:00,6353.4490
2025-04-30 06:20:00,6201.5261
2025-04-30 06:30:00,6246.6526
2025-04-30 06:40:00,6229.8334
2025-04-30 06:50:00,6017.4273
2025-04-30 07:00:00,5944.1905
2025-04-30 07:10:00,5974.0965
2025-04-30 07:20:00,6417.8700
2025-04-30 07:30:00,5997.6765
2025-04-30 07:40:00,6265.0871
2025-04-30 07:50:00,6334.3723
2025-04-30 08:00:00,6253.7541
2025-04-30 08:10:00,5973.4675
2025-04-30 08:20:00,5944.1905
2025-04-30 08:30:00,5944.1905
2025-04-30 08:40:00,5951.0506
2025-04-30 08:50:00,5971.6232
2025-04-30 09:00:00,5977.2815
2025-04-30 09:10:00,5803.6856
2025-04-30 09:20:00,5805.9426
2025-04-30 09:30:00,5798.2807
2025-04-30 09:40:00,5601.9091
2025-04-30 09:50:00,5944.1905
2025-04-30 10:00:00,5944.1905
2025-04-30 10:10:00,5944.1905
2025-04-30 10:20:00,5944.1905
2025-04-30 10:30:00,5944.1905
2025-04-30 10:40:00,5598.5165
2025-04-30 10:50:00,6265.9686
2025-04-30 11:00:00,6160.7665
2025-04-30 11:10:00,6000.2140
2025-04-30 11:20:00,6264.6265
2025-04-30 11:30:00,6177.3246
2025-04-30 11:40:00,6114.4133
2025-04-30 11:50:00,5900.4948
2025-04-30 12:00:00,6139.6610
2025-04-30 12:10:00,6138.5052
2025-04-30 12:20:00,5981.5116
2025-04-30 12:30:00,6064.6505
2025-04-30 12:40:00,6115.3852
2025-04-30 12:50:00,5845.9539
2025-04-30 13:00:00,6371.3851
2025-04-30 13:10:00,5788.3529
2025-04-30 13:20:00,5791.9831
2025-04-30 13:30:00,5926.8572
2025-04-30 13:40:00,5758.8509
2025-04-30 13:50:00,5943.1254
2025-04-30 14:00:00,6391.5913
2025-04-30 14:10:00,5873.3782
2025-04-30 14:20:00,5915.6004
2025-04-30 14:30:00,6274.0427
2025-04-30 14:40:00,6360.3043
2025-04-30 14:50:00,5789.7847
2025-04-30 15:00:00,6323.3648
2025-04-30 15:10:00,6128.1088
2025-04-30 15:20:00,6162.3818
2025-04-30 15:30:00,6015.0965
2025-04-30 15:40:00,6026.6498
2025-04-30 15:50:00,6014.3655
2025-04-30 16:00:00,6173.4302
2025-04-30 16:10:00,6445.9310
2025-04-30 16:20:00,5840.8432
2025-04-30 16:30:00,5964.9073
2025-04-30 16:40:00,5688.9556
2025-04-30 16:50:00,5869.0433
2025-04-30 17:00:00,5688.9556
2025-04-30 17:10:00,5954.0484
2025-04-30 17:20:00,6043.7160
2025-04-30 17:30:00,6023.7062
2025-04-30 17:40:00,6107.8156
2025-04-30 17:50:00,6065.5611
2025-04-30 18:00:00,6094.1694
2025-04-30 18:10:00,6008.1914
2025-04-30 18:20:00,6266.6308
2025-04-30 18:30:00,5936.5535
2025-04-30 18:40:00,6118.6001
2025-04-30 18:50:00,6148.3619
2025-04-30 19:00:00,6096.0871
2025-04-30 19:10:00,6159.3835
2025-04-30 19:20:00,6059.5104
2025-04-30 19:30:00,6247.7495
2025-04-30 19:40:00,6248.5125
2025-04-30 19:50:00,6106.9964
2025-04-30 20:00:00,6103.0442
2025-04-30 20:10:00,6128.7146
2025-04-30 20:20:00,6109.3512
2025-04-30 20:30:00,6141.8432
2025-04-30 20:40:00,6117.3198
2025-04-30 20:50:00,6115.7226
2025-04-30 21:00:00,6096.0213
2025-04-30 21:10:00,6202.5473
2025-04-30 21:20:00,6412.3874
2025-04-30 21:30:00,6207.0989
2025-04-30 21:40:00,6013.9986
2025-04-30 21:50:00,6008.5350
2025-04-30 22:00:00,6024.2481
2025-04-30 22:10:00,6224.7993
2025-04-30 22:20:00,6143.7753
2025-04-30 22:30:00,6166.8105
2025-04-30 22:40:00,6022.7945
2025-04-30 22:50:00,6060.8050
2025-04-30 23:00:00,6053.3085
2025-04-30 23:10:00,6021.9991
2025-04-30 23:20:00,6111.2000
2025-04-30 23:30:00,6027.0924
2025-04-30 23:40:00,6017.5302
2025-04-30 23:50:00,5926.6851
2025-05-01 00:00:00,6027.4840
2025-05-01 00:10:00,5925.1055
2025-05-01 00:20:00,6035.8520
2025-05-01 00:30:00,6050.9641
2025-05-01 00:40:00,6036.2266
2025-05-01 00:50:00,6035.8439
2025-05-01 01:00:00,5926.5599
2025-05-01 01:10:00,6036.1752
2025-05-01 01:20:00,6035.7300
2025-05-01 01:30:00,6047.9712
2025-05-01 01:40:00,6017.6187
2025-05-01 01:50:00,5925.0113
2025-05-01 02:00:00,6031.8426
2025-05-01 02:10:00,6028.6149
2025-05-01 02:20:00,6024.6389
2025-05-01 02:30:00,6041.4856
2025-05-01 02:40:00,6015.0979
2025-05-01 02:50:00,6015.1311
2025-05-01 03:00:00,6021.5634
2025-05-01 03:10:00,6015.1946
2025-05-01 03:20:00,6022.6944
2025-05-01 03:30:00,6086.2933
2025-05-01 03:40:00,6015.2789
2025-05-01 03:50:00,6023.5899
2025-05-01 04:00:00,6061.3911
2025-05-01 04:10:00,6060.1826
2025-05-01 04:20:00,6095.2157
2025-05-01 04:30:00,6259.3229
2025-05-01 04:40:00,6360.8007
2025-05-01 04:50:00,6360.4700
2025-05-01 05:00:00,6201.0030
2025-05-01 05:10:00,6168.7762
2025-05-01 05:20:00,6182.7796
2025-05-01 05:30:00,6149.1394
2025-05-01 05:40:00,6148.6672
2025-05-01 05:50:00,6079.3828
2025-05-01 06:00:00,6075.5173
2025-05-01 06:10:00,6155.9867
2025-05-01 06:20:00,6152.5349
2025-05-01 06:30:00,6096.1881
2025-05-01 06:40:00,6159.3835
2025-05-01 06:50:00,6096.0640
2025-05-01 07:00:00,5944.1905
2025-05-01 07:10:00,6169.0659
2025-05-01 07:20:00,6168.4584
2025-05-01 07:30:00,6117.0145
2025-05-01 07:40:00,6114.6182
2025-05-01 07:50:00,6024.1294
2025-05-01 08:00:00,6024.1122
2025-05-01 08:10:00,6097.0718
2025-05-01 08:20:00,6163.7460
2025-05-01 08:30:00,6022.6712
2025-05-01 08:40:00,6084.1154
2025-05-01 08:50:00,6034.6373
2025-05-01 09:00:00,6040.5584
2025-05-01 09:10:00,6165.0624
2025-05-01 09:20:00,6035.7092
2025-05-01 09:30:00,5927.0412
2025-05-01 09:40:00,6188.5689
2025-05-01 09:50:00,6025.6030
2025-05-01 10:00:00,6024.3739
2025-05-01 10:10:00,6110.0733
2025-05-01 10:20:00,6332.4880
2025-05-01 10:30:00,6214.2349
2025-05-01 10:40:00,6160.0526
2025-05-01 10:50:00,6323.0324
2025-05-01 11:00:00,6211.1839
2025-05-01 11:10:00,6231.5406
2025-05-01 11:20:00,6333.5088
2025-05-01 11:30:00,6213.2172
2025-05-01 11:40:00,6158.8727
2025-05-01 11:50:00,6327.2256
2025-05-01 12:00:00,6024.3739
2025-05-01 12:10:00,6137.8931
2025-05-01 12:20:00,6011.3179
2025-05-01 12:30:00,6037.0242
2025-05-01 12:40:00,6055.4413
2025-05-01 12:50:00,6036.3719
2025-05-01 13:00:00,6019.0649
2025-05-01 13:10:00,6117.1244
2025-05-01 13:20:00,6027.9609
2025-05-01 13:30:00,6016.3927
2025-05-01 13:40:00,6015.0940
2025-05-01 13:50:00,6052.4633
2025-05-01 14:00:00,6177.1934
2025-05-01 14:10:00,6141.9929
2025-05-01 14:20:00,6182.9489
2025-05-01 14:30:00,6066.7156
2025-05-01 14:40:00,6015.2064
2025-05-01 14:50:00,6187.7376
2025-05-01 15:00:00,6111.2000
2025-05-01 15:10:00,6021.6959
2025-05-01 15:20:00,6111.2000
2025-05-01 15:30:00,6015.4337
2025-05-01 15:40:00,6020.1497
2025-05-01 15:50:00,6169.0376
2025-05-01 16:00:00,6022.0699
2025-05-01 16:10:00,6204.7789
2025-05-01 16:20:00,6040.8225
2025-05-01 16:30:00,6035.3647
2025-05-01 16:40:00,6036.0605
2025-05-01 16:50:00,6181.6357
2025-05-01 17:00:00,6036.1522
2025-05-01 17:10:00,6035.7741
2025-05-01 17:20:00,6182.7038
2025-05-01 17:30:00,6193.2063
2025-05-01 17:40:00,6192.1821
2025-05-01 17:50:00,6168.5399
2025-05-01 18:00:00,6001.8828
2025-05-01 18:10:00,5994.3371
2025-05-01 18:20:00,6329.4448
2025-05-01 18:30:00,6201.5527
2025-05-01 18:40:00,6244.0368
2025-05-01 18:50:00,6160.3539
2025-05-01 19:00:00,6329.4448
2025-05-01 19:10:00,6334.1685
2025-05-01 19:20:00,6104.0025
2025-05-01 19:30:00,6400.1860
2025-05-01 19:40:00,6018.4534
2025-05-01 19:50:00,6148.3390
2025-05-01 20:00:00,6020.3578
2025-05-01 20:10:00,6028.4484
2025-05-01 20:20:00,6009.2338
2025-05-01 20:30:00,6391.3326
2025-05-01 20:40:00,6172.2972
2025-05-01 20:50:00,6186.0273
2025-05-01 21:00:00,6168.7904
2025-05-01 21:10:00,6030.1927
2025-05-01 21:20:00,6025.9916
2025-05-01 21:30:00,6080.3218
2025-05-01 21:40:00,6018.4572
2025-05-01 21:50:00,6068.0339
2025-05-01 22:00:00,6131.3915
2025-05-01 22:10:00,6078.8811
2025-05-01 22:20:00,6125.1814
2025-05-01 22:30:00,6081.1746
2025-05-01 22:40:00,6124.7788
2025-05-01 22:50:00,6015.1018
2025-05-01 23:00:00,6111.2000
2025-05-01 23:10:00,6055.3309
2025-05-01 23:20:00,6021.3829
2025-05-01 23:30:00,6111.2000
2025-05-01 23:40:00,6015.1619
2025-05-01 23:50:00,6015.1744
2025-05-02 00:00:00,6111.2000
2025-05-02 00:10:00,6058.5603
2025-05-02 00:20:00,6021.4485
2025-05-02 00:30:00,6111.2000
2025-05-02 00:40:00,6015.4426
2025-05-02 00:50:00,6021.6959
2025-05-02 01:00:00,6111.2000
2025-05-02 01:10:00,6015.4975
2025-05-02 01:20:00,6015.8785
2025-05-02 01:30:00,6020.1497
2025-05-02 01:40:00,6015.0940
2025-05-02 01:50:00,6015.8721
2025-05-02 02:00:00,6168.7449
2025-05-02 02:10:00,6015.1842
2025-05-02 02:20:00,6021.6729
2025-05-02 02:30:00,6025.9788
2025-05-02 02:40:00,6035.1285
2025-05-02 02:50:00,6031.0425
2025-05-02 03:00:00,6161.4842
2025-05-02 03:10:00,6019.3236
2025-05-02 03:20:00,6028.4644
2025-05-02 03:30:00,6028.3101
2025-05-02 03:40:00,6035.9052
2025-05-02 03:50:00,6030.3085
2025-05-02 04:00:00,6009.4970
2025-05-02 04:10:00,6020.0160
2025-05-02 04:20:00,6035.8398
2025-05-02 04:30:00,6036.1639
2025-05-02 04:40:00,6037.1325
2025-05-02 04:50:00,6052.9518
2025-05-02 05:00:00,6086.1085
2025-05-02 05:10:00,6086.0665
2025-05-02 05:20:00,6036.1492
2025-05-02 05:30:00,6021.7795
2025-05-02 05:40:00,6019.2137
2025-05-02 05:50:00,6241.7679
2025-05-02 06:00:00,6241.7644
2025-05-02 06:10:00,6057.6449
2025-05-02 06:20:00,6054.1651
2025-05-02 06:30:00,6037.0237
2025-05-02 06:40:00,6055.3600
2025-05-02 06:50:00,6020.5231
2025-05-02 07:00:00,6087.4062
2025-05-02 07:10:00,6086.8219
2025-05-02 07:20:00,6028.0212
2025-05-02 07:30:00,6168.7904
2025-05-02 07:40:00,6086.8219
2025-05-02 07:50:00,6086.5186
2025-05-02 08:00:00,6058.1130
2025-05-02 08:10:00,6058.4104
2025-05-02 08:20:00,6023.8222
2025-05-02 08:30:00,6171.9902
2025-05-02 08:40:00,6011.6649
2025-05-02 08:50:00,6037.4816
2025-05-02 09:00:00,6056.9939
2025-05-02 09:10:00,6241.7656
2025-05-02 09:20:00,6024.5477
2025-05-02 09:30:00,6037.5079
2025-05-02 09:40:00,6242.9894
2025-05-02 09:50:00,6059.3401
2025-05-02 10:00:00,6043.8874
2025-05-02 10:10:00,6184.6077
2025-05-02 10:20:00,6038.0859
2025-05-02 10:30:00,6036.8638
2025-05-02 10:40:00,6009.6999
2025-05-02 10:50:00,6027.9606
2025-05-02 11:00:00,6109.0498
2025-05-02 11:10:00,6185.8735
2025-05-02 11:20:00,6037.4150
2025-05-02 11:30:00,6026.2880
2025-05-02 11:40:00,6011.1694
2025-05-02 11:50:00,6008.7674
2025-05-02 12:00:00,6008.2207
2025-05-02 12:10:00,6012.1897
2025-05-02 12:20:00,6025.2795
2025-05-02 12:30:00,6021.7795
2025-05-02 12:40:00,6085.6320
2025-05-02 12:50:00,6170.0749
2025-05-02 13:00:00,6168.8747
2025-05-02 13:10:00,6012.7514
2025-05-02 13:20:00,6171.5569
2025-05-02 13:30:00,6036.9447
2025-05-02 13:40:00,6010.9044
2025-05-02 13:50:00,6033.9868
2025-05-02 14:00:00,6029.4991
2025-05-02 14:10:00,6081.3197
2025-05-02 14:20:00,6053.9927
2025-05-02 14:30:00,6017.2245
2025-05-02 14:40:00,6071.3253
2025-05-02 14:50:00,6017.7241
2025-05-02 15:00:00,6017.1151
2025-05-02 15:10:00,6120.7530
2025-05-02 15:20:00,6039.8422
2025-05-02 15:30:00,6039.7412
2025-05-02 15:40:00,6120.9107
2025-05-02 15:50:00,6026.3109
2025-05-02 16:00:00,6028.8759
2025-05-02 16:10:00,6032.0140
2025-05-02 16:20:00,6033.2526
2025-05-02 16:30:00,6018.3154
2025-05-02 16:40:00,6036.4351
2025-05-02 16:50:00,6008.6416
2025-05-02 17:00:00,6018.9211
2025-05-02 17:10:00,6030.7001
2025-05-02 17:20:00,6087.1019
2025-05-02 17:30:00,6036.1462
2025-05-02 17:40:00,6036.4199
2025-05-02 17:50:00,6010.2025
2025-05-02 18:00:00,6036.8925
2025-05-02 18:10:00,6028.2764
2025-05-02 18:20:00,6182.0508
2025-05-02 18:30:00,6192.3594
2025-05-02 18:40:00,6023.0723
2025-05-02 18:50:00,6112.3244
2025-05-02 19:00:00,6242.7072
2025-05-02 19:10:00,6196.7264
2025-05-02 19:20:00,6149.0807
2025-05-02 19:30:00,6255.8807
2025-05-02 19:40:00,6015.1495
2025-05-02 19:50:00,6176.0762
2025-05-02 20:00:00,6145.8406
2025-05-02 20:10:00,6025.7690
2025-05-02 20:20:00,6027.3504
2025-05-02 20:30:00,6542.0969
2025-05-02 20:40:00,6025.7126
2025-05-02 20:50:00,6011.8379
2025-05-02 21:00:00,6169.0407
2025-05-02 21:10:00,6033.0246
2025-05-02 21:20:00,6081.3197
2025-05-02 21:30:00,6034.4841
2025-05-02 21:40:00,6040.0371
2025-05-02 21:50:00,6066.9091
2025-05-02 22:00:00,6038.9577
2025-05-02 22:10:00,6169.4561
2025-05-02 22:20:00,6042.4174
2025-05-02 22:30:00,6020.8755
2025-05-02 22:40:00,6111.2000
2025-05-02 22:50:00,6058.5603
2025-05-02 23:00:00,6065.0695
2025-05-02 23:10:00,6015.4529
2025-05-02 23:20:00,6015.1713
2025-05-02 23:30:00,6111.2000
2025-05-02 23:40:00,6111.2000
2025-05-02 23:50:00,6060.8108
2025-05-03 00:00:00,6049.6817
2025-05-03 00:10:00,6015.2519
2025-05-03 00:20:00,6042.5116
2025-05-03 00:30:00,6040.9365
2025-05-03 00:40:00,6015.2549
2025-05-03 00:50:00,6024.7672
2025-05-03 01:00:00,6039.4224
2025-05-03 01:10:00,6018.4572
2025-05-03 01:20:00,6036.4351
2025-05-03 01:30:00,6048.4837
2025-05-03 01:40:00,6048.8941
2025-05-03 01:50:00,6035.3481
2025-05-03 02:00:00,6182.5964
2025-05-03 02:10:00,6037.4816
2025-05-03 02:20:00,6037.1451
2025-05-03 02:30:00,6243.6076
2025-05-03 02:40:00,6026.4739
2025-05-03 02:50:00,6027.9632
2025-05-03 03:00:00,6104.8245
2025-05-03 03:10:00,6194.6938
2025-05-03 03:20:00,6193.8422
2025-05-03 03:30:00,6103.0959
2025-05-03 03:40:00,6094.6099
2025-05-03 03:50:00,6097.9128
2025-05-03 04:00:00,6125.5684
2025-05-03 04:10:00,6236.0587
2025-05-03 04:20:00,6397.5105
2025-05-03 04:30:00,6096.4979
2025-05-03 04:40:00,6103.8146
2025-05-03 04:50:00,6010.4065
2025-05-03 05:00:00,6166.4555
2025-05-03 05:10:00,6109.1192
2025-05-03 05:20:00,6091.8184
2025-05-03 05:30:00,6147.2107
2025-05-03 05:40:00,6176.1374
2025-05-03 05:50:00,6108.1650
2025-05-03 06:00:00,6181.6167
2025-05-03 06:10:00,6242.6671
2025-05-03 06:20:00,6247.9595
2025-05-03 06:30:00,6032.0722
2025-05-03 06:40:00,6050.6763
2025-05-03 06:50:00,6017.7241
2025-05-03 07:00:00,6391.8980
2025-05-03 07:10:00,6019.1232
2025-05-03 07:20:00,6049.3898
2025-05-03 07:30:00,6058.5603
2025-05-03 07:40:00,6022.0784
2025-05-03 07:50:00,6076.8849
2025-05-03 08:00:00,6034.1409
2025-05-03 08:10:00,6043.7160
2025-05-03 08:20:00,6023.7062
2025-05-03 08:30:00,6110.3487
2025-05-03 08:40:00,6141.1983
2025-05-03 08:50:00,6141.6802
2025-05-03 09:00:00,6104.9754
2025-05-03 09:10:00,6072.0226
2025-05-03 09:20:00,6023.4487
2025-05-03 09:30:00,6091.4280
2025-05-03 09:40:00,6083.1242
2025-05-03 09:50:00,6126.9257
2025-05-03 10:00:00,6186.1141
2025-05-03 10:10:00,6111.2000
2025-05-03 10:20:00,6015.3675
2025-05-03 10:30:00,6140.1661
2025-05-03 10:40:00,6008.1782
2025-05-03 10:50:00,6030.7001
2025-05-03 11:00:00,6054.9439
2025-05-03 11:10:00,6148.1943
2025-05-03 11:20:00,6243.6004
2025-05-03 11:30:00,6064.7625
2025-05-03 11:40:00,6256.9079
2025-05-03 11:50:00,6048.1317
2025-05-03 12:00:00,5943.9351
2025-05-03 12:10:00,6219.5362
2025-05-03 12:20:00,5943.8281
2025-05-03 12:30:00,6269.5418
2025-05-03 12:40:00,6052.7870
2025-05-03 12:50:00,6236.1418
2025-05-03 13:00:00,6268.7997
2025-05-03 13:10:00,6534.2675
2025-05-03 13:20:00,6533.2085
2025-05-03 13:30:00,6362.5148
2025-05-03 13:40:00,6355.1454
2025-05-03 13:50:00,5943.7920
2025-05-03 14:00:00,6353.9447
2025-05-03 14:10:00,6541.4186
2025-05-03 14:20:00,6270.8532
2025-05-03 14:30:00,6272.0802
2025-05-03 14:40:00,6301.2091
2025-05-03 14:50:00,6137.7321
2025-05-03 15:00:00,6537.5285
2025-05-03 15:10:00,5921.2545
2025-05-03 15:20:00,6223.7674
2025-05-03 15:30:00,6067.5151
2025-05-03 15:40:00,6169.0381
2025-05-03 15:50:00,6235.5701
2025-05-03 16:00:00,6008.3013
2025-05-03 16:10:00,6329.2296
2025-05-03 16:20:00,6056.2487
2025-05-03 16:30:00,5995.1722
2025-05-03 16:40:00,6125.9925
2025-05-03 16:50:00,6118.7579
2025-05-03 17:00:00,6010.3107
2025-05-03 17:10:00,6018.5070
2025-05-03 17:20:00,6140.4128
2025-05-03 17:30:00,6108.8962
2025-05-03 17:40:00,6126.9636
2025-05-03 17:50:00,6010.0120
2025-05-03 18:00:00,6024.5858
2025-05-03 18:10:00,6170.4489
2025-05-03 18:20:00,6021.7795
2025-05-03 18:30:00,6019.0019
2025-05-03 18:40:00,6028.9972
2025-05-03 18:50:00,6081.6392
2025-05-03 19:00:00,6018.3256
2025-05-03 19:10:00,6017.1997
2025-05-03 19:20:00,6113.0009
2025-05-03 19:30:00,6030.7666
2025-05-03 19:40:00,6028.1362
2025-05-03 19:50:00,6026.9574
2025-05-03 20:00:00,6039.4224
2025-05-03 20:10:00,6040.3752
2025-05-03 20:20:00,6099.2723
2025-05-03 20:30:00,6040.1492
2025-05-03 20:40:00,6039.0784
2025-05-03 20:50:00,6111.2000
2025-05-03 21:00:00,6032.6343
2025-05-03 21:10:00,6038.3670
2025-05-03 21:20:00,6042.1925
2025-05-03 21:30:00,6057.6595
2025-05-03 21:40:00,6058.6609
2025-05-03 21:50:00,6063.0468
2025-05-03 22:00:00,6184.4763
2025-05-03 22:10:00,6036.9811
2025-05-03 22:20:00,6106.7910
2025-05-03 22:30:00,6104.5528
2025-05-03 22:40:00,6104.1386
2025-05-03 22:50:00,6100.7223
2025-05-03 23:00:00,6222.9647
2025-05-03 23:10:00,5918.8995
2025-05-03 23:20:00,6203.7434
2025-05-03 23:30:00,6154.2913
2025-05-03 23:40:00,6331.4414
2025-05-03 23:50:00,6226.4800
2025-05-04 00:00:00,6242.7534
2025-05-04 00:10:00,6021.2700
2025-05-04 00:20:00,6006.4501
2025-05-04 00:30:00,6114.5364
2025-05-04 00:40:00,6038.5674
2025-05-04 00:50:00,6019.0019
2025-05-04 01:00:00,6091.8853
2025-05-04 01:10:00,6127.6628
2025-05-04 01:20:00,6039.5243
2025-05-04 01:30:00,6111.2000
2025-05-04 01:40:00,6111.2000
2025-05-04 01:50:00,6079.0517
2025-05-04 02:00:00,6093.7897
2025-05-04 02:10:00,6102.0762
2025-05-04 02:20:00,6068.5143
2025-05-04 02:30:00,6140.7422
2025-05-04 02:40:00,6121.0499
2025-05-04 02:50:00,6201.3976
2025-05-04 03:00:00,6163.8920
2025-05-04 03:10:00,6188.1091
2025-05-04 03:20:00,6147.6738
2025-05-04 03:30:00,5951.3601
2025-05-04 03:40:00,6144.1985
2025-05-04 03:50:00,6110.8475
2025-05-04 04:00:00,6221.9180
2025-05-04 04:10:00,6004.5084
2025-05-04 04:20:00,6278.8390
2025-05-04 04:30:00,5601.9091
2025-05-04 04:40:00,5944.1905
2025-05-04 04:50:00,6046.8435
2025-05-04 05:00:00,5944.1905
2025-05-04 05:10:00,5944.1905
2025-05-04 05:20:00,5944.1905
2025-05-04 05:30:00,5956.5740
2025-05-04 05:40:00,5951.2762
2025-05-04 05:50:00,5957.4644
2025-05-04 06:00:00,6242.5961
2025-05-04 06:10:00,5594.8118
2025-05-04 06:20:00,5588.3502
2025-05-04 06:30:00,5601.9091
2025-05-04 06:40:00,5584.3151
2025-05-04 06:50:00,5978.0980
2025-05-04 07:00:00,6197.1051
2025-05-04 07:10:00,6057.5808
2025-05-04 07:20:00,5944.1905
2025-05-04 07:30:00,5971.6162
2025-05-04 07:40:00,6058.7323
2025-05-04 07:50:00,6113.3823
2025-05-04 08:00:00,6236.9451
2025-05-04 08:10:00,5955.9359
2025-05-04 08:20:00,5944.1905
2025-05-04 08:30:00,6360.4319
2025-05-04 08:40:00,6114.4772
2025-05-04 08:50:00,6111.7410
2025-05-04 09:00:00,6115.7187
2025-05-04 09:10:00,6139.2841
2025-05-04 09:20:00,6049.2148
2025-05-04 09:30:00,6041.6217
2025-05-04 09:40:00,6050.5817
2025-05-04 09:50:00,6019.3033
2025-05-04 10:00:00,6011.6682
2025-05-04 10:10:00,6120.0849
2025-05-04 10:20:00,6022.6989
2025-05-04 10:30:00,6153.9605
2025-05-04 10:40:00,6161.8320
2025-05-04 10:50:00,6366.4317
2025-05-04 11:00:00,6362.1157
2025-05-04 11:10:00,6162.7222
2025-05-04 11:20:00,6349.7012
2025-05-04 11:30:00,5914.9748
2025-05-04 11:40:00,6288.5402
2025-05-04 11:50:00,6162.9551
2025-05-04 12:00:00,6264.0924
2025-05-04 12:10:00,6162.7335
2025-05-04 12:20:00,5914.5029
2025-05-04 12:30:00,6152.5298
2025-05-04 12:40:00,6024.4934
2025-05-04 12:50:00,6140.0016
2025-05-04 13:00:00,6393.2648
2025-05-04 13:10:00,6087.1019
2025-05-04 13:20:00,6028.3101
2025-05-04 13:30:00,6039.5313
2025-05-04 13:40:00,6170.1394
2025-05-04 13:50:00,5957.3645
2025-05-04 14:00:00,6015.1957
2025-05-04 14:10:00,6083.0693
2025-05-04 14:20:00,6096.9968
2025-05-04 14:30:00,6068.9120
2025-05-04 14:40:00,6107.8156
2025-05-04 14:50:00,6012.1404
2025-05-04 15:00:00,6015.5248
2025-05-04 15:10:00,6015.5334
2025-05-04 15:20:00,6077.7460
2025-05-04 15:30:00,6078.1479
2025-05-04 15:40:00,6079.7141
2025-05-04 15:50:00,6159.6294
2025-05-04 16:00:00,6097.6767
2025-05-04 16:10:00,6097.9166
2025-05-04 16:20:00,6330.3194
2025-05-04 16:30:00,6094.4472
2025-05-04 16:40:00,6143.7408
2025-05-04 16:50:00,5973.3010
2025-05-04 17:00:00,6016.5733
2025-05-04 17:10:00,6182.6710
2025-05-04 17:20:00,5656.3720
2025-05-04 17:30:00,6183.2051
2025-05-04 17:40:00,5972.5812
2025-05-04 17:50:00,5614.0041
2025-05-04 18:00:00,6183.4999
2025-05-04 18:10:00,6098.7073
2025-05-04 18:20:00,6190.9615
2025-05-04 18:30:00,6097.0203
2025-05-04 18:40:00,6184.2201
2025-05-04 18:50:00,6188.6592
2025-05-04 19:00:00,6016.8759
2025-05-04 19:10:00,5856.8759
2025-05-04 19:20:00,5957.3395
2025-05-04 19:30:00,5973.0015
2025-05-04 19:40:00,5968.0085
2025-05-04 19:50:00,6180.4241
2025-05-04 20:00:00,6025.7117
2025-05-04 20:10:00,6107.0377
2025-05-04 20:20:00,5970.0627
2025-05-04 20:30:00,6174.7825
2025-05-04 20:40:00,6025.5320
2025-05-04 20:50:00,6109.7681
2025-05-04 21:00:00,6109.3953
2025-05-04 21:10:00,6110.1392
2025-05-04 21:20:00,6015.9197
2025-05-04 21:30:00,6024.9961
2025-05-04 21:40:00,5936.6547
2025-05-04 21:50:00,6273.0001
2025-05-04 22:00:00,6015.9730
2025-05-04 22:10:00,5935.9098
2025-05-04 22:20:00,5935.9614
2025-05-04 22:30:00,6023.8432
2025-05-04 22:40:00,6393.0042
2025-05-04 22:50:00,6455.1533
2025-05-04 23:00:00,6257.4176
2025-05-04 23:10:00,6253.0045
2025-05-04 23:20:00,5924.4590
2025-05-04 23:30:00,6453.7924
2025-05-04 23:40:00,6315.0143
2025-05-04 23:50:00,6451.1504
2025-05-05 00:00:00,5921.2550
2025-05-05 00:10:00,6024.5114
2025-05-05 00:20:00,6022.6989
2025-05-05 00:30:00,6157.9812
2025-05-05 00:40:00,6024.3739
2025-05-05 00:50:00,6018.6903
2025-05-05 01:00:00,6160.5821
2025-05-05 01:10:00,5995.5768
2025-05-05 01:20:00,5998.5113
2025-05-05 01:30:00,6160.2332
2025-05-05 01:40:00,6333.7706
2025-05-05 01:50:00,6265.8953
2025-05-05 02:00:00,6011.4795
2025-05-05 02:10:00,6025.1886
2025-05-05 02:20:00,6027.6488
2025-05-05 02:30:00,6026.3356
2025-05-05 02:40:00,6396.2680
2025-05-05 02:50:00,6024.8068
2025-05-05 03:00:00,6026.1518
2025-05-05 03:10:00,6173.0599
2025-05-05 03:20:00,6027.6727
2025-05-05 03:30:00,6019.0485
2025-05-05 03:40:00,6017.3865
2025-05-05 03:50:00,6021.6729
2025-05-05 04:00:00,6125.4102
2025-05-05 04:10:00,6124.7544
2025-05-05 04:20:00,6055.3309
2025-05-05 04:30:00,5919.2766
2025-05-05 04:40:00,6070.0419
2025-05-05 04:50:00,6015.2302
2025-05-05 05:00:00,6084.1113
2025-05-05 05:10:00,6035.6524
2025-05-05 05:20:00,6141.8634
2025-05-05 05:30:00,6043.7160
2025-05-05 05:40:00,6102.1550
2025-05-05 05:50:00,6102.1550
2025-05-05 06:00:00,6141.8554
2025-05-05 06:10:00,6043.8399
2025-05-05 06:20:00,6141.8634
2025-05-05 06:30:00,6092.7036
2025-05-05 06:40:00,6082.7770
2025-05-05 06:50:00,6022.3636
2025-05-05 07:00:00,6065.8913
2025-05-05 07:10:00,6111.2000
2025-05-05 07:20:00,6167.6547
2025-05-05 07:30:00,6036.8111
2025-05-05 07:40:00,6116.9489
2025-05-05 07:50:00,6019.4487
2025-05-05 08:00:00,6180.2156
2025-05-05 08:10:00,6189.2433
2025-05-05 08:20:00,6137.8931
2025-05-05 08:30:00,6020.2226
2025-05-05 08:40:00,6121.4608
2025-05-05 08:50:00,6244.7622
2025-05-05 09:00:00,6244.8224
2025-05-05 09:10:00,6071.1821
2025-05-05 09:20:00,6248.0311
2025-05-05 09:30:00,6256.7075
2025-05-05 09:40:00,6137.7321
2025-05-05 09:50:00,6365.4081
2025-05-05 10:00:00,6285.9819
2025-05-05 10:10:00,6068.6121
2025-05-05 10:20:00,6538.2148
2025-05-05 10:30:00,6294.1757
2025-05-05 10:40:00,6068.5522
2025-05-05 10:50:00,6538.1840
2025-05-05 11:00:00,6253.8615
2025-05-05 11:10:00,6221.3065
2025-05-05 11:20:00,6269.3536
2025-05-05 11:30:00,5917.9400
2025-05-05 11:40:00,6161.7530
2025-05-05 11:50:00,6329.9646
2025-05-05 12:00:00,6153.3194
2025-05-05 12:10:00,6125.7043
2025-05-05 12:20:00,6017.1175
2025-05-05 12:30:00,6018.3188
2025-05-05 12:40:00,6325.9176
2025-05-05 12:50:00,6103.5314
2025-05-05 13:00:00,6006.2601
2025-05-05 13:10:00,6010.2820
2025-05-05 13:20:00,6010.8160
2025-05-05 13:30:00,6011.6015
2025-05-05 13:40:00,6058.5097
2025-05-05 13:50:00,6082.1573
2025-05-05 14:00:00,6079.1665
2025-05-05 14:10:00,6082.5858
2025-05-05 14:20:00,6026.1708
2025-05-05 14:30:00,6018.3533
2025-05-05 14:40:00,6112.2903
2025-05-05 14:50:00,6040.8983
2025-05-05 15:00:00,6016.9620
2025-05-05 15:10:00,6111.2000
2025-05-05 15:20:00,6039.2776
2025-05-05 15:30:00,6015.0781
2025-05-05 15:40:00,6020.0490
2025-05-05 15:50:00,6177.8121
2025-05-05 16:00:00,6125.1436
2025-05-05 16:10:00,6022.0784
2025-05-05 16:20:00,5894.3112
2025-05-05 16:30:00,5945.0846
2025-05-05 16:40:00,5947.5053
2025-05-05 16:50:00,6087.4793
2025-05-05 17:00:00,6083.6986
2025-05-05 17:10:00,6203.3875
2025-05-05 17:20:00,6084.0434
2025-05-05 17:30:00,6023.1130
2025-05-05 17:40:00,6087.4793
2025-05-05 17:50:00,6083.4119
2025-05-05 18:00:00,6067.5426
2025-05-05 18:10:00,6126.5938
2025-05-05 18:20:00,6111.2000
2025-05-05 18:30:00,6015.1554
2025-05-05 18:40:00,6019.8385
2025-05-05 18:50:00,6039.2981
2025-05-05 19:00:00,6133.2925
2025-05-05 19:10:00,6030.6340
2025-05-05 19:20:00,6007.7681
2025-05-05 19:30:00,6083.2536
2025-05-05 19:40:00,6023.7144
2025-05-05 19:50:00,6105.4453
2025-05-05 20:00:00,6184.4722
2025-05-05 20:10:00,6155.2722
2025-05-05 20:20:00,6156.7040
2025-05-05 20:30:00,6246.5006
2025-05-05 20:40:00,6329.2008
2025-05-05 20:50:00,6144.7183
2025-05-05 21:00:00,6161.7627
2025-05-05 21:10:00,6246.8668
2025-05-05 21:20:00,6335.0631
2025-05-05 21:30:00,6128.2154
2025-05-05 21:40:00,6208.0663
2025-05-05 21:50:00,5988.8141
2025-05-05 22:00:00,6245.4069
2025-05-05 22:10:00,6108.2767
2025-05-05 22:20:00,6093.2326
2025-05-05 22:30:00,6193.5044
2025-05-05 22:40:00,6091.1386
2025-05-05 22:50:00,6037.5134
2025-05-05 23:00:00,6169.4394
2025-05-05 23:10:00,6086.2588
2025-05-05 23:20:00,6019.6773
2025-05-05 23:30:00,6081.8690
2025-05-05 23:40:00,6017.7241
2025-05-05 23:50:00,6016.1821
2025-05-06 00:00:00,6038.4413
2025-05-06 00:10:00,6020.1684
2025-05-06 00:20:00,6020.9536
2025-05-06 00:30:00,6111.2000
2025-05-06 00:40:00,5944.5843
2025-05-06 00:50:00,5948.0620
2025-05-06 01:00:00,6137.1208
2025-05-06 01:10:00,6015.2707
2025-05-06 01:20:00,6101.2243
2025-05-06 01:30:00,6071.9086
2025-05-06 01:40:00,6015.3113
2025-05-06 01:50:00,6235.7132
2025-05-06 02:00:00,6139.8465
2025-05-06 02:10:00,6111.1402
2025-05-06 02:20:00,6066.4261
2025-05-06 02:30:00,6105.7373
2025-05-06 02:40:00,6093.2551
2025-05-06 02:50:00,6065.5483
2025-05-06 03:00:00,6139.8335
2025-05-06 03:10:00,6091.9849
2025-05-06 03:20:00,6120.4850
2025-05-06 03:30:00,6119.7638
2025-05-06 03:40:00,6023.5427
2025-05-06 03:50:00,6103.1175
2025-05-06 04:00:00,6141.7188
2025-05-06 04:10:00,6041.3181
2025-05-06 04:20:00,6083.6020
2025-05-06 04:30:00,6022.6944
2025-05-06 04:40:00,6083.1643
2025-05-06 04:50:00,6186.9705
2025-05-06 05:00:00,6126.1367
2025-05-06 05:10:00,6048.4913
2025-05-06 05:20:00,6015.8721
2025-05-06 05:30:00,6022.7503
2025-05-06 05:40:00,6038.1082
2025-05-06 05:50:00,6038.6392
2025-05-06 06:00:00,6019.4303
2025-05-06 06:10:00,6059.8139
2025-05-06 06:20:00,6036.1752
2025-05-06 06:30:00,6052.9518
2025-05-06 06:40:00,6188.6009
2025-05-06 06:50:00,6010.4500
2025-05-06 07:00:00,6143.4937
2025-05-06 07:10:00,6100.9356
2025-05-06 07:20:00,6191.9369
2025-05-06 07:30:00,6191.0270
2025-05-06 07:40:00,6102.8465
2025-05-06 07:50:00,6194.4817
2025-05-06 08:00:00,6102.8465
2025-05-06 08:10:00,6103.3673
2025-05-06 08:20:00,6016.4207
2025-05-06 08:30:00,6242.7135
2025-05-06 08:40:00,6104.3291
2025-05-06 08:50:00,6093.2326
2025-05-06 09:00:00,6234.1677
2025-05-06 09:10:00,5991.2821
2025-05-06 09:20:00,6159.9995
2025-05-06 09:30:00,6235.2851
2025-05-06 09:40:00,6245.7063
2025-05-06 09:50:00,6335.0631
2025-05-06 10:00:00,6137.7321
2025-05-06 10:10:00,6099.0034
2025-05-06 10:20:00,6332.3488
2025-05-06 10:30:00,5992.0892
2025-05-06 10:40:00,6251.4601
2025-05-06 10:50:00,6073.5461
2025-05-06 11:00:00,6161.6233
2025-05-06 11:10:00,6128.1188
2025-05-06 11:20:00,5916.5956
2025-05-06 11:30:00,6398.8214
2025-05-06 11:40:00,6234.7287
2025-05-06 11:50:00,6234.9324
2025-05-06 12:00:00,6064.6445
2025-05-06 12:10:00,6070.4061
2025-05-06 12:20:00,6070.4061
2025-05-06 12:30:00,6398.9030
2025-05-06 12:40:00,6129.8817
2025-05-06 12:50:00,6235.1378
2025-05-06 13:00:00,6063.4658
2025-05-06 13:10:00,6242.7899
2025-05-06 13:20:00,6137.7321
2025-05-06 13:30:00,6242.4400
2025-05-06 13:40:00,6137.7321
2025-05-06 13:50:00,6051.8263
2025-05-06 14:00:00,6227.8484
2025-05-06 14:10:00,6248.6475
2025-05-06 14:20:00,6046.0012
2025-05-06 14:30:00,6262.4933
2025-05-06 14:40:00,6256.0246
2025-05-06 14:50:00,6137.7321
2025-05-06 15:00:00,6047.8182
2025-05-06 15:10:00,5937.9289
2025-05-06 15:20:00,5946.1964
2025-05-06 15:30:00,6259.5972
2025-05-06 15:40:00,6271.1005
2025-05-06 15:50:00,6270.3844
2025-05-06 16:00:00,6069.7734
2025-05-06 16:10:00,5929.4746
2025-05-06 16:20:00,6069.6102
2025-05-06 16:30:00,6360.0031
2025-05-06 16:40:00,5918.0264
2025-05-06 16:50:00,6050.8871
2025-05-06 17:00:00,5917.3546
2025-05-06 17:10:00,5993.2113
2025-05-06 17:20:00,6129.9480
2025-05-06 17:30:00,6241.3205
2025-05-06 17:40:00,6239.6901
2025-05-06 17:50:00,6143.5719
2025-05-06 18:00:00,6114.3883
2025-05-06 18:10:00,6109.1029
2025-05-06 18:20:00,6009.2243
2025-05-06 18:30:00,6024.5818
2025-05-06 18:40:00,6017.4610
2025-05-06 18:50:00,6015.2589
2025-05-06 19:00:00,6081.9566
2025-05-06 19:10:00,6025.3039
2025-05-06 19:20:00,6033.7990
2025-05-06 19:30:00,6018.1073
2025-05-06 19:40:00,6040.9835
2025-05-06 19:50:00,6111.2000
2025-05-06 20:00:00,6067.3264
2025-05-06 20:10:00,6098.4397
2025-05-06 20:20:00,6111.2000
2025-05-06 20:30:00,6169.7622
2025-05-06 20:40:00,6045.2912
2025-05-06 20:50:00,6111.2000
2025-05-06 21:00:00,6170.7356
2025-05-06 21:10:00,6171.0549
2025-05-06 21:20:00,6111.2000
2025-05-06 21:30:00,6171.1545
2025-05-06 21:40:00,6137.7689
2025-05-06 21:50:00,6094.8589
2025-05-06 22:00:00,6112.1542
2025-05-06 22:10:00,6025.3329
2025-05-06 22:20:00,6038.3782
2025-05-06 22:30:00,6177.6930
2025-05-06 22:40:00,6055.4413
2025-05-06 22:50:00,6183.9140
2025-05-06 23:00:00,6109.3785
2025-05-06 23:10:00,6037.5106
2025-05-06 23:20:00,6103.5631
2025-05-06 23:30:00,6172.5515
2025-05-06 23:40:00,6104.8012
2025-05-06 23:50:00,6162.6836
2025-05-07 00:00:00,6156.7370
2025-05-07 00:10:00,6243.6825
2025-05-07 00:20:00,6244.6536
2025-05-07 00:30:00,6052.5517
2025-05-07 00:40:00,6251.2489
2025-05-07 00:50:00,6254.2357
2025-05-07 01:00:00,6047.3498
2025-05-07 01:10:00,6250.5407
2025-05-07 01:20:00,6137.7321
2025-05-07 01:30:00,6163.4665
2025-05-07 01:40:00,6279.8406
2025-05-07 01:50:00,5917.2822
2025-05-07 02:00:00,6256.2708
2025-05-07 02:10:00,6403.4970
2025-05-07 02:20:00,6403.4970
2025-05-07 02:30:00,6165.6556
2025-05-07 02:40:00,6245.2412
2025-05-07 02:50:00,6137.7321
2025-05-07 03:00:00,6070.8226
2025-05-07 03:10:00,6071.9042
2025-05-07 03:20:00,6298.7059
2025-05-07 03:30:00,6076.9578
2025-05-07 03:40:00,6240.9154
2025-05-07 03:50:00,6235.8283
2025-05-07 04:00:00,6117.3859
2025-05-07 04:10:00,6134.2466
2025-05-07 04:20:00,6251.2433
2025-05-07 04:30:00,6129.7499
2025-05-07 04:40:00,6004.2435
2025-05-07 04:50:00,6002.1601
2025-05-07 05:00:00,6023.3652
2025-05-07 05:10:00,6011.6922
2025-05-07 05:20:00,6038.5631
2025-05-07 05:30:00,6071.5970
2025-05-07 05:40:00,6062.2816
2025-05-07 05:50:00,6060.0818
2025-05-07 06:00:00,6070.2290
2025-05-07 06:10:00,6011.6615
2025-05-07 06:20:00,6027.3080
2025-05-07 06:30:00,6068.8671
2025-05-07 06:40:00,6081.3864
2025-05-07 06:50:00,6018.7016
2025-05-07 07:00:00,6037.4945
2025-05-07 07:10:00,6014.9619
2025-05-07 07:20:00,6170.4945
2025-05-07 07:30:00,6108.3599
2025-05-07 07:40:00,6015.4496
2025-05-07 07:50:00,6012.1115
2025-05-07 08:00:00,6037.4998
2025-05-07 08:10:00,6060.5079
2025-05-07 08:20:00,6024.5818
2025-05-07 08:30:00,6002.1601
2025-05-07 08:40:00,6115.4682
2025-05-07 08:50:00,6025.5792
2025-05-07 09:00:00,6006.2601
2025-05-07 09:10:00,6145.5966
2025-05-07 09:20:00,6015.9457
2025-05-07 09:30:00,6144.7569
2025-05-07 09:40:00,6100.0303
2025-05-07 09:50:00,6137.7321
2025-05-07 10:00:00,6065.8102
2025-05-07 10:10:00,6249.0040
2025-05-07 10:20:00,6250.9266
2025-05-07 10:30:00,6137.7321
2025-05-07 10:40:00,6256.4157
2025-05-07 10:50:00,6227.6723
2025-05-07 11:00:00,6260.2641
2025-05-07 11:10:00,6271.5776
2025-05-07 11:20:00,6232.1563
2025-05-07 11:30:00,5943.8616
2025-05-07 11:40:00,6172.3662
2025-05-07 11:50:00,6271.5509
2025-05-07 12:00:00,6233.0667
2025-05-07 12:10:00,6233.0667
2025-05-07 12:20:00,6235.2037
2025-05-07 12:30:00,6268.0711
2025-05-07 12:40:00,6166.6627
2025-05-07 12:50:00,6231.2451
2025-05-07 13:00:00,6228.7578
2025-05-07 13:10:00,6540.9388
2025-05-07 13:20:00,6269.2395
2025-05-07 13:30:00,5946.3884
2025-05-07 13:40:00,6069.8959
2025-05-07 13:50:00,6069.8690
2025-05-07 14:00:00,6271.2022
2025-05-07 14:10:00,6257.6211
2025-05-07 14:20:00,6137.7321
2025-05-07 14:30:00,6219.2604
2025-05-07 14:40:00,5931.3114
2025-05-07 14:50:00,6046.3084
2025-05-07 15:00:00,6249.2387
2025-05-07 15:10:00,6137.7321
2025-05-07 15:20:00,6137.7321
2025-05-07 15:30:00,6249.9569
2025-05-07 15:40:00,6249.3077
2025-05-07 15:50:00,6051.2159
2025-05-07 16:00:00,6244.3315
2025-05-07 16:10:00,6242.9252
2025-05-07 16:20:00,6051.8724
2025-05-07 16:30:00,6243.6878
2025-05-07 16:40:00,6137.7321
2025-05-07 16:50:00,6169.4876
2025-05-07 17:00:00,6243.0461
2025-05-07 17:10:00,6137.7321
2025-05-07 17:20:00,6229.5156
2025-05-07 17:30:00,6064.7991
2025-05-07 17:40:00,6066.9216
2025-05-07 17:50:00,6051.2159
2025-05-07 18:00:00,6227.8484
2025-05-07 18:10:00,5823.8052
2025-05-07 18:20:00,6146.0870
2025-05-07 18:30:00,6249.3077
2025-05-07 18:40:00,6045.6492
2025-05-07 18:50:00,6043.2818
2025-05-07 19:00:00,6274.0112
2025-05-07 19:10:00,6046.1957
2025-05-07 19:20:00,6162.1686
2025-05-07 19:30:00,6255.3433
2025-05-07 19:40:00,6137.7321
2025-05-07 19:50:00,6043.4019
2025-05-07 20:00:00,6137.7321
2025-05-07 20:10:00,6251.9417
2025-05-07 20:20:00,6164.2686
2025-05-07 20:30:00,6046.7668
2025-05-07 20:40:00,6046.7668
2025-05-07 20:50:00,6164.3967
2025-05-07 21:00:00,6261.5531
2025-05-07 21:10:00,6137.7321
2025-05-07 21:20:00,6046.7668
2025-05-07 21:30:00,6258.0813
2025-05-07 21:40:00,6045.1996
2025-05-07 21:50:00,6049.6366
2025-05-07 22:00:00,6051.5443
2025-05-07 22:10:00,6241.4669
2025-05-07 22:20:00,6130.0150
2025-05-07 22:30:00,6148.1385
2025-05-07 22:40:00,6159.7845
2025-05-07 22:50:00,6106.7042
2025-05-07 23:00:00,6005.7863
2025-05-07 23:10:00,6026.1653
2025-05-07 23:20:00,6024.5963
2025-05-07 23:30:00,6011.6922
2025-05-07 23:40:00,6166.3558
2025-05-07 23:50:00,6028.4905
2025-05-08 00:00:00,6013.6040
2025-05-08 00:10:00,6025.6203
2025-05-08 00:20:00,6033.5969
2025-05-08 00:30:00,6046.6510
2025-05-08 00:40:00,6046.3290
2025-05-08 00:50:00,6078.7271
2025-05-08 01:00:00,6046.6510
2025-05-08 01:10:00,6018.2764
2025-05-08 01:20:00,6073.8094
2025-05-08 01:30:00,6101.8035
2025-05-08 01:40:00,6027.0990
2025-05-08 01:50:00,6082.1573
2025-05-08 02:00:00,6059.0933
2025-05-08 02:10:00,6040.4588
2025-05-08 02:20:00,6114.1700
2025-05-08 02:30:00,6099.1907
2025-05-08 02:40:00,6070.7094
2025-05-08 02:50:00,6137.7321
2025-05-08 03:00:00,6046.1858
2025-05-08 03:10:00,6259.9997
2025-05-08 03:20:00,6237.2479
2025-05-08 03:30:00,6049.9571
2025-05-08 03:40:00,6529.4387
2025-05-08 03:50:00,6531.8643
2025-05-08 04:00:00,6220.1279
2025-05-08 04:10:00,6555.9623
2025-05-08 04:20:00,6268.8192
2025-05-08 04:30:00,6533.8684
2025-05-08 04:40:00,6238.8077
2025-05-08 04:50:00,6534.0586
2025-05-08 05:00:00,6532.7627
2025-05-08 05:10:00,6267.9158
2025-05-08 05:20:00,6268.4545
2025-05-08 05:30:00,6220.2033
2025-05-08 05:40:00,6228.1962
2025-05-08 05:50:00,6270.3842
2025-05-08 06:00:00,6257.5779
2025-05-08 06:10:00,6137.7321
2025-05-08 06:20:00,5928.0456
2025-05-08 06:30:00,6069.4710
2025-05-08 06:40:00,6246.9262
2025-05-08 06:50:00,6241.1597
2025-05-08 07:00:00,6059.2171
2025-05-08 07:10:00,6008.3108
2025-05-08 07:20:00,6007.5832
2025-05-08 07:30:00,6006.5613
2025-05-08 07:40:00,6106.1311
2025-05-08 07:50:00,6022.4955
2025-05-08 08:00:00,6062.4356
2025-05-08 08:10:00,6129.3777
2025-05-08 08:20:00,6024.9780
2025-05-08 08:30:00,6104.0827
2025-05-08 08:40:00,6102.4138
2025-05-08 08:50:00,6017.5387
2025-05-08 09:00:00,6002.0437
2025-05-08 09:10:00,6151.5306
2025-05-08 09:20:00,6241.5561
2025-05-08 09:30:00,6240.0378
2025-05-08 09:40:00,6007.9114
2025-05-08 09:50:00,5998.2743
2025-05-08 10:00:00,6008.3108
2025-05-08 10:10:00,6249.8298
2025-05-08 10:20:00,6128.9376
2025-05-08 10:30:00,6062.3808
2025-05-08 10:40:00,6234.9324
2025-05-08 10:50:00,6137.7321
2025-05-08 11:00:00,6242.5896
2025-05-08 11:10:00,6256.7970
2025-05-08 11:20:00,6227.0198
2025-05-08 11:30:00,6068.9359
2025-05-08 11:40:00,6165.9117
2025-05-08 11:50:00,6068.3768
2025-05-08 12:00:00,6401.5350
2025-05-08 12:10:00,6222.9250
2025-05-08 12:20:00,6225.3722
2025-05-08 12:30:00,6137.7321
2025-05-08 12:40:00,6051.2159
2025-05-08 12:50:00,6137.7321
2025-05-08 13:00:00,6345.7350
2025-05-08 13:10:00,6256.3898
2025-05-08 13:20:00,6256.3898
2025-05-08 13:30:00,6235.1378
2025-05-08 13:40:00,6241.8508
2025-05-08 13:50:00,6137.7321
2025-05-08 14:00:00,6239.5311
2025-05-08 14:10:00,6239.5831
2025-05-08 14:20:00,6130.5215
2025-05-08 14:30:00,6073.9540
2025-05-08 14:40:00,6137.7321
2025-05-08 14:50:00,6130.2914
2025-05-08 15:00:00,6007.8779
2025-05-08 15:10:00,5992.4748
2025-05-08 15:20:00,6074.5671
2025-05-08 15:30:00,6059.8094
2025-05-08 15:40:00,6060.9936
2025-05-08 15:50:00,6070.2278
2025-05-08 16:00:00,6242.9614
2025-05-08 16:10:00,5914.7559
2025-05-08 16:20:00,6047.9260
2025-05-08 16:30:00,6046.7747
2025-05-08 16:40:00,6137.7321
2025-05-08 16:50:00,6137.7321
2025-05-08 17:00:00,6046.1957
2025-05-08 17:10:00,6251.9692
2025-05-08 17:20:00,6047.3514
2025-05-08 17:30:00,5917.2094
2025-05-08 17:40:00,5916.7794
2025-05-08 17:50:00,6222.1157
2025-05-08 18:00:00,6269.2164
2025-05-08 18:10:00,6069.3433
2025-05-08 18:20:00,6222.1157
2025-05-08 18:30:00,6244.8299
2025-05-08 18:40:00,6137.7321
2025-05-08 18:50:00,6067.8873
2025-05-08 19:00:00,6242.5896
2025-05-08 19:10:00,6243.0461
2025-05-08 19:20:00,6146.0844
2025-05-08 19:30:00,6050.8871
2025-05-08 19:40:00,6223.7376
2025-05-08 19:50:00,6220.3302
2025-05-08 20:00:00,6042.4098
2025-05-08 20:10:00,6045.9512
2025-05-08 20:20:00,6044.1921
2025-05-08 20:30:00,6218.2535
2025-05-08 20:40:00,6265.0810
2025-05-08 20:50:00,5947.9655
2025-05-08 21:00:00,6219.6528
2025-05-08 21:10:00,6049.3825
2025-05-08 21:20:00,6228.8378
2025-05-08 21:30:00,6049.3249
2025-05-08 21:40:00,6269.3622
2025-05-08 21:50:00,6268.8782
2025-05-08 22:00:00,6228.8470
2025-05-08 22:10:00,6050.3126
2025-05-08 22:20:00,6057.5547
2025-05-08 22:30:00,6268.4110
2025-05-08 22:40:00,6256.4953
2025-05-08 22:50:00,6266.3309
2025-05-08 23:00:00,6225.9522
2025-05-08 23:10:00,6266.7575
2025-05-08 23:20:00,6266.6495
2025-05-08 23:30:00,6228.8470
2025-05-08 23:40:00,6256.6461
2025-05-08 23:50:00,6267.0874
2025-05-09 00:00:00,6069.9293
2025-05-09 00:10:00,6267.4262
2025-05-09 00:20:00,6224.7930
2025-05-09 00:30:00,6268.1320
2025-05-09 00:40:00,5948.5885
2025-05-09 00:50:00,6269.0064
2025-05-09 01:00:00,6048.2360
2025-05-09 01:10:00,6068.7894
2025-05-09 01:20:00,6069.6217
2025-05-09 01:30:00,5922.3590
2025-05-09 01:40:00,6218.6781
2025-05-09 01:50:00,6267.1519
2025-05-09 02:00:00,6228.7949
2025-05-09 02:10:00,5900.4638
2025-05-09 02:20:00,6137.7321
2025-05-09 02:30:00,6250.6997
2025-05-09 02:40:00,6008.5130
2025-05-09 02:50:00,6000.4804
2025-05-09 03:00:00,6139.5648
2025-05-09 03:10:00,6000.9334
2025-05-09 03:20:00,6002.5942
2025-05-09 03:30:00,6143.1642
2025-05-09 03:40:00,6001.7956
2025-05-09 03:50:00,6093.1928
2025-05-09 04:00:00,6124.8703
2025-05-09 04:10:00,6117.3677
2025-05-09 04:20:00,6009.3667
2025-05-09 04:30:00,6023.4671
2025-05-09 04:40:00,6011.1596
2025-05-09 04:50:00,6166.0611
2025-05-09 05:00:00,6062.6053
2025-05-09 05:10:00,6019.8519
2025-05-09 05:20:00,6104.2620
2025-05-09 05:30:00,6064.1241
2025-05-09 05:40:00,6061.2924
2025-05-09 05:50:00,6166.1543
2025-05-09 06:00:00,6023.6180
2025-05-09 06:10:00,6104.2620
2025-05-09 06:20:00,6024.9649
2025-05-09 06:30:00,6018.5018
2025-05-09 06:40:00,6109.2044
2025-05-09 06:50:00,6023.3799
2025-05-09 07:00:00,6170.8747
2025-05-09 07:10:00,6063.5361
2025-05-09 07:20:00,6093.1247
2025-05-09 07:30:00,6005.9513
2025-05-09 07:40:00,6151.2064
2025-05-09 07:50:00,6239.7445
2025-05-09 08:00:00,6007.6955
2025-05-09 08:10:00,6076.1447
2025-05-09 08:20:00,6240.8602
2025-05-09 08:30:00,6137.7321
2025-05-09 08:40:00,6051.8120
2025-05-09 08:50:00,6243.6239
2025-05-09 09:00:00,6137.7321
2025-05-09 09:10:00,6145.8959
2025-05-09 09:20:00,6248.4727
2025-05-09 09:30:00,6137.7321
2025-05-09 09:40:00,6046.4249
2025-05-09 09:50:00,5936.2503
2025-05-09 10:00:00,6219.0859
2025-05-09 10:10:00,6165.0019
2025-05-09 10:20:00,6048.4279
2025-05-09 10:30:00,6223.8762
2025-05-09 10:40:00,6226.7982
2025-05-09 10:50:00,6271.6292
2025-05-09 11:00:00,6226.3090
2025-05-09 11:10:00,6145.4656
2025-05-09 11:20:00,6220.1392
2025-05-09 11:30:00,6537.5281
2025-05-09 11:40:00,6256.5579
2025-05-09 11:50:00,6137.7321
2025-05-09 12:00:00,6357.4478
2025-05-09 12:10:00,6224.5533
2025-05-09 12:20:00,6064.3153
2025-05-09 12:30:00,5992.8384
2025-05-09 12:40:00,5997.9701
2025-05-09 12:50:00,6121.6351
2025-05-09 13:00:00,6106.1311
2025-05-09 13:10:00,6002.4593
2025-05-09 13:20:00,6109.9060
2025-05-09 13:30:00,6018.6114
2025-05-09 13:40:00,6018.2742
2025-05-09 13:50:00,6113.8453
2025-05-09 14:00:00,6025.9088
2025-05-09 14:10:00,6047.6372
2025-05-09 14:20:00,6054.4185
2025-05-09 14:30:00,6022.0467
2025-05-09 14:40:00,6072.2283
2025-05-09 14:50:00,6083.8024
2025-05-09 15:00:00,6022.9247
2025-05-09 15:10:00,6140.2997
2025-05-09 15:20:00,6235.0079
2025-05-09 15:30:00,6023.7754
2025-05-09 15:40:00,6103.0686
2025-05-09 15:50:00,6140.2700
2025-05-09 16:00:00,6113.0684
2025-05-09 16:10:00,6097.8918
2025-05-09 16:20:00,6145.3337
2025-05-09 16:30:00,6232.6221
2025-05-09 16:40:00,6067.0725
2025-05-09 16:50:00,6139.6975
2025-05-09 17:00:00,6013.8840
2025-05-09 17:10:00,6065.5611
2025-05-09 17:20:00,6065.5531
2025-05-09 17:30:00,6104.3175
2025-05-09 17:40:00,6015.3322
2025-05-09 17:50:00,6139.8491
2025-05-09 18:00:00,6068.8032
2025-05-09 18:10:00,6042.8679
2025-05-09 18:20:00,6311.9426
2025-05-09 18:30:00,6022.8129
2025-05-09 18:40:00,6021.6959
2025-05-09 18:50:00,6111.2000
2025-05-09 19:00:00,6169.6235
2025-05-09 19:10:00,6039.1137
2025-05-09 19:20:00,6102.2641
2025-05-09 19:30:00,6067.3657
2025-05-09 19:40:00,6036.8861
2025-05-09 19:50:00,6170.8731
2025-05-09 20:00:00,6159.4977
2025-05-09 20:10:00,6073.8777
2025-05-09 20:20:00,6166.7253
2025-05-09 20:30:00,6137.7321
2025-05-09 20:40:00,6253.9284
2025-05-09 20:50:00,6218.5460
2025-05-09 21:00:00,6269.8295
2025-05-09 21:10:00,6257.9945
2025-05-09 21:20:00,6259.0253
2025-05-09 21:30:00,6257.7342
2025-05-09 21:40:00,6255.9010
2025-05-09 21:50:00,6047.8596
2025-05-09 22:00:00,6262.3205
2025-05-09 22:10:00,6537.5210
2025-05-09 22:20:00,6537.5098
2025-05-09 22:30:00,6137.7321
2025-05-09 22:40:00,6402.5176
2025-05-09 22:50:00,6246.9879
2025-05-09 23:00:00,6070.4061
2025-05-09 23:10:00,5992.0664
2025-05-09 23:20:00,5996.5738
2025-05-09 23:30:00,6121.6351
2025-05-09 23:40:00,6017.5387
2025-05-09 23:50:00,6026.1653
2025-05-10 00:00:00,6010.8899
2025-05-10 00:10:00,6011.2070
2025-05-10 00:20:00,6021.1678
2025-05-10 00:30:00,6030.8609
2025-05-10 00:40:00,6018.3767
2025-05-10 00:50:00,6032.6828
2025-05-10 01:00:00,6119.1854
2025-05-10 01:10:00,6016.4639
2025-05-10 01:20:00,6169.8532
2025-05-10 01:30:00,6167.0083
2025-05-10 01:40:00,6021.1178
2025-05-10 01:50:00,6059.1401
2025-05-10 02:00:00,6111.2000
2025-05-10 02:10:00,6111.2000
2025-05-10 02:20:00,6073.9071
2025-05-10 02:30:00,6083.1992
2025-05-10 02:40:00,6022.8197
2025-05-10 02:50:00,6080.8096
2025-05-10 03:00:00,6138.9780
2025-05-10 03:10:00,6138.7644
2025-05-10 03:20:00,6111.2000
2025-05-10 03:30:00,5922.6480
2025-05-10 03:40:00,6111.2000
2025-05-10 03:50:00,6166.7347
2025-05-10 04:00:00,6169.1535
2025-05-10 04:10:00,6121.0342
2025-05-10 04:20:00,6053.0749
2025-05-10 04:30:00,6054.0008
2025-05-10 04:40:00,6060.1018
2025-05-10 04:50:00,6181.7670
2025-05-10 05:00:00,6170.1221
2025-05-10 05:10:00,6281.1168
2025-05-10 05:20:00,6137.7321
2025-05-10 05:30:00,6249.9249
2025-05-10 05:40:00,6137.7321
2025-05-10 05:50:00,6046.3132
2025-05-10 06:00:00,6137.7321
2025-05-10 06:10:00,6137.7321
2025-05-10 06:20:00,6537.7670
2025-05-10 06:30:00,6270.5422
2025-05-10 06:40:00,6137.7321
2025-05-10 06:50:00,6363.4006
2025-05-10 07:00:00,6259.5289
2025-05-10 07:10:00,5923.6336
2025-05-10 07:20:00,6537.4988
2025-05-10 07:30:00,5915.5632
2025-05-10 07:40:00,6221.3095
2025-05-10 07:50:00,6137.7321
2025-05-10 08:00:00,6137.7321
2025-05-10 08:10:00,6137.7321
2025-05-10 08:20:00,5915.8105
2025-05-10 08:30:00,6065.6197
2025-05-10 08:40:00,6255.8775
2025-05-10 08:50:00,5992.6487
2025-05-10 09:00:00,6148.1385
2025-05-10 09:10:00,6130.8863
2025-05-10 09:20:00,6016.0468
2025-05-10 09:30:00,6006.1111
2025-05-10 09:40:00,6127.5705
2025-05-10 09:50:00,6025.4101
2025-05-10 10:00:00,6014.1080
2025-05-10 10:10:00,6030.0927
2025-05-10 10:20:00,6017.3786
2025-05-10 10:30:00,6017.2196
2025-05-10 10:40:00,6048.1366
2025-05-10 10:50:00,6017.3288
2025-05-10 11:00:00,6045.9265
2025-05-10 11:10:00,6170.4279
2025-05-10 11:20:00,6169.5318
2025-05-10 11:30:00,6020.9255
2025-05-10 11:40:00,6141.5716
2025-05-10 11:50:00,6125.8320
2025-05-10 12:00:00,6049.9907
2025-05-10 12:10:00,6111.2000
2025-05-10 12:20:00,6168.8163
2025-05-10 12:30:00,6015.1108
2025-05-10 12:40:00,6111.2000
2025-05-10 12:50:00,6169.7622
2025-05-10 13:00:00,6040.2638
2025-05-10 13:10:00,6040.7916
2025-05-10 13:20:00,6094.8589
2025-05-10 13:30:00,6018.3405
2025-05-10 13:40:00,6025.9916
2025-05-10 13:50:00,6012.0482
2025-05-10 14:00:00,6023.6180
2025-05-10 14:10:00,6057.4233
2025-05-10 14:20:00,6062.6125
2025-05-10 14:30:00,6040.6477
2025-05-10 14:40:00,6189.2637
2025-05-10 14:50:00,6170.9347
2025-05-10 15:00:00,6105.0737
2025-05-10 15:10:00,6239.1218
2025-05-10 15:20:00,6235.3447
2025-05-10 15:30:00,6244.1090
2025-05-10 15:40:00,6243.1243
2025-05-10 15:50:00,6169.6102
2025-05-10 16:00:00,6355.2353
2025-05-10 16:10:00,6250.0326
2025-05-10 16:20:00,6252.0325
2025-05-10 16:30:00,6271.4474
2025-05-10 16:40:00,6248.6475
2025-05-10 16:50:00,6050.5040
2025-05-10 17:00:00,6137.7321
2025-05-10 17:10:00,5914.8513
2025-05-10 17:20:00,6065.8557
2025-05-10 17:30:00,6062.6637
2025-05-10 17:40:00,5992.8384
2025-05-10 17:50:00,6137.7321
2025-05-10 18:00:00,6148.1385
2025-05-10 18:10:00,6234.3883
2025-05-10 18:20:00,6143.1561
2025-05-10 18:30:00,6109.2440
2025-05-10 18:40:00,6138.8571
2025-05-10 18:50:00,6009.6547
2025-05-10 19:00:00,6023.9171
2025-05-10 19:10:00,6003.8467
2025-05-10 19:20:00,6011.8871
2025-05-10 19:30:00,6023.8952
2025-05-10 19:40:00,6039.3375
2025-05-10 19:50:00,6028.9972
2025-05-10 20:00:00,6012.1015
2025-05-10 20:10:00,6038.3560
2025-05-10 20:20:00,6018.3154
2025-05-10 20:30:00,6041.4216
2025-05-10 20:40:00,6068.1566
2025-05-10 20:50:00,6027.5565
2025-05-10 21:00:00,6040.7916
2025-05-10 21:10:00,6040.7916
2025-05-10 21:20:00,6017.2255
2025-05-10 21:30:00,6041.2531
2025-05-10 21:40:00,6029.2874
2025-05-10 21:50:00,6312.3451
2025-05-10 22:00:00,6046.2589
2025-05-10 22:10:00,6018.2885
2025-05-10 22:20:00,6024.8657
2025-05-10 22:30:00,6087.4069
2025-05-10 22:40:00,6058.2965
2025-05-10 22:50:00,6060.8009
2025-05-10 23:00:00,6110.0618
2025-05-10 23:10:00,6037.5162
2025-05-10 23:20:00,6109.7407
2025-05-10 23:30:00,6176.9257
2025-05-10 23:40:00,5988.4894
2025-05-10 23:50:00,6152.1152
2025-05-11 00:00:00,6077.4188
2025-05-11 00:10:00,6241.3221
2025-05-11 00:20:00,5992.2627
2025-05-11 00:30:00,6064.6982
2025-05-11 00:40:00,6137.7321
2025-05-11 00:50:00,6137.7321
2025-05-11 01:00:00,6163.9952
2025-05-11 01:10:00,6219.0758
2025-05-11 01:20:00,6068.6844
2025-05-11 01:30:00,6048.1134
2025-05-11 01:40:00,6230.9477
2025-05-11 01:50:00,6274.3805
2025-05-11 02:00:00,6270.6518
2025-05-11 02:10:00,6229.9198
2025-05-11 02:20:00,6539.2937
2025-05-11 02:30:00,6057.0607
2025-05-11 02:40:00,6235.2171
2025-05-11 02:50:00,6273.6143
2025-05-11 03:00:00,6048.8005
2025-05-11 03:10:00,6226.1817
2025-05-11 03:20:00,6537.1172
2025-05-11 03:30:00,6262.9575
2025-05-11 03:40:00,6069.5564
2025-05-11 03:50:00,5919.1939
2025-05-11 04:00:00,6346.5994
2025-05-11 04:10:00,6234.9324
2025-05-11 04:20:00,5992.4748
2025-05-11 04:30:00,5998.2743
2025-05-11 04:40:00,6113.0880
2025-05-11 04:50:00,6026.1653
2025-05-11 05:00:00,6023.9171
2025-05-11 05:10:00,6166.2384
2025-05-11 05:20:00,6022.8231
2025-05-11 05:30:00,6026.0327
2025-05-11 05:40:00,6032.0683
2025-05-11 05:50:00,6081.2207
2025-05-11 06:00:00,6025.1554
2025-05-11 06:10:00,6013.2883
2025-05-11 06:20:00,6027.5649
2025-05-11 06:30:00,6026.1373
2025-05-11 06:40:00,6057.8705
2025-05-11 06:50:00,6057.3403
2025-05-11 07:00:00,6058.8394
2025-05-11 07:10:00,6057.6817
2025-05-11 07:20:00,6166.1522
2025-05-11 07:30:00,6064.2578
2025-05-11 07:40:00,6106.8152
2025-05-11 07:50:00,6114.6485
2025-05-11 08:00:00,6114.2114
2025-05-11 08:10:00,6239.7356
2025-05-11 08:20:00,6076.8721
2025-05-11 08:30:00,6060.6882
2025-05-11 08:40:00,6145.6431
2025-05-11 08:50:00,6244.0805
2025-05-11 09:00:00,6137.7321
2025-05-11 09:10:00,6248.8553
2025-05-11 09:20:00,5923.9185
2025-05-11 09:30:00,5923.9329
2025-05-11 09:40:00,6047.3229
2025-05-11 09:50:00,6218.6683
2025-05-11 10:00:00,5946.3299
2025-05-11 10:10:00,6069.7818
2025-05-11 10:20:00,6537.6391
2025-05-11 10:30:00,6271.7742
2025-05-11 10:40:00,6226.1817
2025-05-11 10:50:00,6069.7920
2025-05-11 11:00:00,6537.5713
2025-05-11 11:10:00,6224.5113
2025-05-11 11:20:00,6222.3638
2025-05-11 11:30:00,6137.7321
2025-05-11 11:40:00,6069.6217
2025-05-11 11:50:00,5926.9912
2025-05-11 12:00:00,6537.4948
2025-05-11 12:10:00,6218.4246
2025-05-11 12:20:00,6069.4251
2025-05-11 12:30:00,6266.8793
2025-05-11 12:40:00,5915.8105
2025-05-11 12:50:00,6064.0242
2025-05-11 13:00:00,6062.5745
2025-05-11 13:10:00,5992.0664
2025-05-11 13:20:00,6147.8343
2025-05-11 13:30:00,6007.9114
2025-05-11 13:40:00,6006.7727
2025-05-11 13:50:00,6114.4973
2025-05-11 14:00:00,6016.2879
2025-05-11 14:10:00,6006.4437
2025-05-11 14:20:00,6101.8865
2025-05-11 14:30:00,6003.7829
2025-05-11 14:40:00,6040.2695
2025-05-11 14:50:00,6114.5364
2025-05-11 15:00:00,5876.4454
2025-05-11 15:10:00,6047.7084
2025-05-11 15:20:00,6006.6885
2025-05-11 15:30:00,6110.8045
2025-05-11 15:40:00,6061.2294
2025-05-11 15:50:00,6062.0027
2025-05-11 16:00:00,6040.3672
2025-05-11 16:10:00,6101.2763
2025-05-11 16:20:00,6101.8470
2025-05-11 16:30:00,6024.9780
2025-05-11 16:40:00,6111.6848
2025-05-11 16:50:00,6000.9334
2025-05-11 17:00:00,6239.7085
2025-05-11 17:10:00,6240.5761
2025-05-11 17:20:00,6130.5076
2025-05-11 17:30:00,6137.7321
2025-05-11 17:40:00,6130.3761
2025-05-11 17:50:00,6063.0566
2025-05-11 18:00:00,6243.7068
2025-05-11 18:10:00,6243.9935
2025-05-11 18:20:00,6164.1397
2025-05-11 18:30:00,6219.5024
2025-05-11 18:40:00,6069.4560
2025-05-11 18:50:00,6218.9795
2025-05-11 19:00:00,6046.4249
2025-05-11 19:10:00,6260.8543
2025-05-11 19:20:00,6164.5223
2025-05-11 19:30:00,6262.2542
2025-05-11 19:40:00,6268.0128
2025-05-11 19:50:00,6220.2391
2025-05-11 20:00:00,6056.4808
2025-05-11 20:10:00,6537.5633
2025-05-11 20:20:00,6047.7391
2025-05-11 20:30:00,6069.7504
2025-05-11 20:40:00,5939.5202
2025-05-11 20:50:00,6255.9010
2025-05-11 21:00:00,6137.7321
2025-05-11 21:10:00,6537.5169
2025-05-11 21:20:00,6164.2036
2025-05-11 21:30:00,6046.1907
2025-05-11 21:40:00,6137.7321
2025-05-11 21:50:00,6251.9159
2025-05-11 22:00:00,6047.3514
2025-05-11 22:10:00,6246.7316
2025-05-11 22:20:00,6137.7321
2025-05-11 22:30:00,6228.7949
2025-05-11 22:40:00,5900.3504
2025-05-11 22:50:00,6060.4015
2025-05-11 23:00:00,6253.3064
2025-05-11 23:10:00,6008.0391
2025-05-11 23:20:00,5991.7122
2025-05-11 23:30:00,6133.6861
2025-05-11 23:40:00,6126.0750
2025-05-11 23:50:00,6114.1700
2025-05-12 00:00:00,6005.6485
2025-05-12 00:10:00,6027.0990
2025-05-12 00:20:00,6026.9859
2025-05-12 00:30:00,6111.2000
2025-05-12 00:40:00,5976.5364
2025-05-12 00:50:00,5913.4300
2025-05-12 01:00:00,5946.1660
2025-05-12 01:10:00,6095.0358
2025-05-12 01:20:00,6263.9213
2025-05-12 01:30:00,6059.4264
2025-05-12 01:40:00,6159.5961
2025-05-12 01:50:00,6112.3116
2025-05-12 02:00:00,5944.1905
2025-05-12 02:10:00,6260.3843
2025-05-12 02:20:00,5956.6420
2025-05-12 02:30:00,5963.0000
2025-05-12 02:40:00,5963.0000
2025-05-12 02:50:00,5814.7171
2025-05-12 03:00:00,5951.4397
2025-05-12 03:10:00,5951.0887
2025-05-12 03:20:00,5953.9626
2025-05-12 03:30:00,5944.1905
2025-05-12 03:40:00,5949.5033
2025-05-12 03:50:00,5956.6437
2025-05-12 04:00:00,6263.0136
2025-05-12 04:10:00,5944.1905
2025-05-12 04:20:00,6232.7265
2025-05-12 04:30:00,5954.6940
2025-05-12 04:40:00,5944.1905
2025-05-12 04:50:00,5955.4219
2025-05-12 05:00:00,6195.0261
2025-05-12 05:10:00,6235.9807
2025-05-12 05:20:00,6115.5232
2025-05-12 05:30:00,5949.4483
2025-05-12 05:40:00,6115.6599
2025-05-12 05:50:00,6233.6944
2025-05-12 06:00:00,6087.0955
2025-05-12 06:10:00,6140.9250
2025-05-12 06:20:00,6139.8435
2025-05-12 06:30:00,6054.1505
2025-05-12 06:40:00,6204.0040
2025-05-12 06:50:00,6077.2573
2025-05-12 07:00:00,6038.3033
2025-05-12 07:10:00,6009.1844
2025-05-12 07:20:00,6064.2632
2025-05-12 07:30:00,6181.9531
2025-05-12 07:40:00,6064.1040
2025-05-12 07:50:00,6025.7297
2025-05-12 08:00:00,6152.1152
2025-05-12 08:10:00,6095.6135
2025-05-12 08:20:00,6224.8742
2025-05-12 08:30:00,6243.5863
2025-05-12 08:40:00,6243.6293
2025-05-12 08:50:00,6252.0652
2025-05-12 09:00:00,6243.7090
2025-05-12 09:10:00,6221.8419
2025-05-12 09:20:00,6230.2312
2025-05-12 09:30:00,6147.8343
2025-05-12 09:40:00,6076.9578
2025-05-12 09:50:00,6240.9450
2025-05-12 10:00:00,6006.1407
2025-05-12 10:10:00,6102.9743
2025-05-12 10:20:00,6002.1601
2025-05-12 10:30:00,6062.8166
2025-05-12 10:40:00,6062.7064
2025-05-12 10:50:00,6011.8225
2025-05-12 11:00:00,5846.3226
2025-05-12 11:10:00,6111.2000
2025-05-12 11:20:00,6170.6413
2025-05-12 11:30:00,6167.9283
2025-05-12 11:40:00,5837.6392
2025-05-12 11:50:00,6111.2000
2025-05-12 12:00:00,6022.4674
2025-05-12 12:10:00,6079.5791
2025-05-12 12:20:00,6140.3164
2025-05-12 12:30:00,6085.8717
2025-05-12 12:40:00,5934.2063
2025-05-12 12:50:00,6140.0388
2025-05-12 13:00:00,5949.8641
2025-05-12 13:10:00,6098.7096
2025-05-12 13:20:00,6237.8948
2025-05-12 13:30:00,6114.4517
2025-05-12 13:40:00,6010.5646
2025-05-12 13:50:00,6234.5711
2025-05-12 14:00:00,6118.3632
2025-05-12 14:10:00,6119.1308
2025-05-12 14:20:00,6212.0707
2025-05-12 14:30:00,6206.0853
2025-05-12 14:40:00,6189.9879
2025-05-12 14:50:00,6194.4562
2025-05-12 15:00:00,6117.8304
2025-05-12 15:10:00,6079.3163
2025-05-12 15:20:00,6116.4916
2025-05-12 15:30:00,6015.5477
2025-05-12 15:40:00,6015.4580
2025-05-12 15:50:00,6274.5671
2025-05-12 16:00:00,6274.7233
2025-05-12 16:10:00,6097.1616
2025-05-12 16:20:00,6017.9454
2025-05-12 16:30:00,6275.1692
2025-05-12 16:40:00,5688.9556
2025-05-12 16:50:00,6098.4773
2025-05-12 17:00:00,6080.5281
2025-05-12 17:10:00,6080.0538
2025-05-12 17:20:00,6097.8438
2025-05-12 17:30:00,6382.3795
2025-05-12 17:40:00,6080.6418
2025-05-12 17:50:00,6318.6771
2025-05-12 18:00:00,5905.4779
2025-05-12 18:10:00,6276.3776
2025-05-12 18:20:00,6336.7476
2025-05-12 18:30:00,6016.7322
2025-05-12 18:40:00,5907.7230
2025-05-12 18:50:00,5688.9556
2025-05-12 19:00:00,6016.6018
2025-05-12 19:10:00,6016.5926
2025-05-12 19:20:00,5909.3027
2025-05-12 19:30:00,6206.2101
2025-05-12 19:40:00,6092.9056
2025-05-12 19:50:00,6207.9281
2025-05-12 20:00:00,6208.8016
2025-05-12 20:10:00,5782.9340
2025-05-12 20:20:00,5972.4120
2025-05-12 20:30:00,5577.4837
2025-05-12 20:40:00,6183.8558
2025-05-12 20:50:00,5806.1915
2025-05-12 21:00:00,5643.5944
2025-05-12 21:10:00,5859.9068
2025-05-12 21:20:00,6199.5562
2025-05-12 21:30:00,5669.9625
2025-05-12 21:40:00,5968.2022
2025-05-12 21:50:00,6345.8945
2025-05-12 22:00:00,6186.1056
2025-05-12 22:10:00,6025.8197
2025-05-12 22:20:00,6240.3045
2025-05-12 22:30:00,5944.1905
2025-05-12 22:40:00,6079.5835
2025-05-12 22:50:00,5998.9865
2025-05-12 23:00:00,6175.7942
2025-05-12 23:10:00,6193.3672
2025-05-12 23:20:00,5688.9556
2025-05-12 23:30:00,6015.9514
2025-05-12 23:40:00,5935.3464
2025-05-12 23:50:00,6015.9579
2025-05-13 00:00:00,6015.9600
2025-05-13 00:10:00,6015.9790
2025-05-13 00:20:00,6040.3080
2025-05-13 00:30:00,6081.2188
2025-05-13 00:40:00,5927.8320
2025-05-13 00:50:00,6017.1240
2025-05-13 01:00:00,6068.7453
2025-05-13 01:10:00,6307.1390
2025-05-13 01:20:00,5924.8659
2025-05-13 01:30:00,6327.4961
2025-05-13 01:40:00,6424.7500
2025-05-13 01:50:00,6426.3269
2025-05-13 02:00:00,5943.7618
2025-05-13 02:10:00,6385.8951
2025-05-13 02:20:00,6433.2239
2025-05-13 02:30:00,6374.4392
2025-05-13 02:40:00,5943.7661
2025-05-13 02:50:00,6378.2609
2025-05-13 03:00:00,6354.0846
2025-05-13 03:10:00,6379.4759
2025-05-13 03:20:00,6328.9060
2025-05-13 03:30:00,6317.6935
2025-05-13 03:40:00,6169.4875
2025-05-13 03:50:00,6309.7126
2025-05-13 04:00:00,6218.6040
2025-05-13 04:10:00,6069.5018
2025-05-13 04:20:00,5916.3303
2025-05-13 04:30:00,6064.1590
2025-05-13 04:40:00,6327.7866
2025-05-13 04:50:00,6325.3776
2025-05-13 05:00:00,6003.0212
2025-05-13 05:10:00,6166.1959
2025-05-13 05:20:00,6026.0570
2025-05-13 05:30:00,5846.8153
2025-05-13 05:40:00,5844.3702
2025-05-13 05:50:00,6270.4030
2025-05-13 06:00:00,6111.2000
2025-05-13 06:10:00,6111.2000
2025-05-13 06:20:00,6069.2738
2025-05-13 06:30:00,6015.2332
2025-05-13 06:40:00,6083.2454
2025-05-13 06:50:00,6023.4020
2025-05-13 07:00:00,6009.8852
2025-05-13 07:10:00,6139.8412
2025-05-13 07:20:00,5949.8483
2025-05-13 07:30:00,6093.5750
2025-05-13 07:40:00,6015.3987
2025-05-13 07:50:00,6012.0722
2025-05-13 08:00:00,5944.1905
2025-05-13 08:10:00,6170.7365
2025-05-13 08:20:00,6199.3062
2025-05-13 08:30:00,6120.4837
2025-05-13 08:40:00,6172.3451
2025-05-13 08:50:00,6123.8267
2025-05-13 09:00:00,6139.8438
2025-05-13 09:10:00,6235.7825
2025-05-13 09:20:00,6141.5264
2025-05-13 09:30:00,6234.3322
2025-05-13 09:40:00,6111.2000
2025-05-13 09:50:00,6127.2085
2025-05-13 10:00:00,6134.1612
2025-05-13 10:10:00,6092.5806
2025-05-13 10:20:00,6082.5330
2025-05-13 10:30:00,6024.5694
2025-05-13 10:40:00,6186.8556
2025-05-13 10:50:00,6194.4817
2025-05-13 11:00:00,6275.4933
2025-05-13 11:10:00,6158.6588
2025-05-13 11:20:00,6246.7384
2025-05-13 11:30:00,6402.3472
2025-05-13 11:40:00,6137.7321
2025-05-13 11:50:00,6400.6225
2025-05-13 12:00:00,6073.4983
2025-05-13 12:10:00,6061.5765
2025-05-13 12:20:00,6162.6405
2025-05-13 12:30:00,6240.8602
2025-05-13 12:40:00,6229.3325
2025-05-13 12:50:00,5910.9514
2025-05-13 13:00:00,5910.4527
2025-05-13 13:10:00,6050.3432
2025-05-13 13:20:00,6401.5040
2025-05-13 13:30:00,6250.5407
2025-05-13 13:40:00,6137.7321
2025-05-13 13:50:00,6358.3824
2025-05-13 14:00:00,6257.4584
2025-05-13 14:10:00,6218.9826
2025-05-13 14:20:00,6537.4840
2025-05-13 14:30:00,6249.6591
2025-05-13 14:40:00,6048.8313
2025-05-13 14:50:00,6399.5288
2025-05-13 15:00:00,6256.0093
2025-05-13 15:10:00,6072.0738
2025-05-13 15:20:00,6240.8746
2025-05-13 15:30:00,6240.9066
2025-05-13 15:40:00,6125.9925
2025-05-13 15:50:00,6325.8977
2025-05-13 16:00:00,6016.2879
2025-05-13 16:10:00,6126.4980
2025-05-13 16:20:00,6009.5096
2025-05-13 16:30:00,6002.3686
2025-05-13 16:40:00,6009.3667
2025-05-13 16:50:00,6170.4010
2025-05-13 17:00:00,6021.1678
2025-05-13 17:10:00,6029.8296
2025-05-13 17:20:00,6018.7025
2025-05-13 17:30:00,6027.3491
2025-05-13 17:40:00,6018.3509
2025-05-13 17:50:00,6018.3509
2025-05-13 18:00:00,6024.8657
2025-05-13 18:10:00,6090.1148
2025-05-13 18:20:00,6018.3008
2025-05-13 18:30:00,6033.2417
2025-05-13 18:40:00,6041.7341
2025-05-13 18:50:00,6033.7989
2025-05-13 19:00:00,6024.4661
2025-05-13 19:10:00,6227.3257
2025-05-13 19:20:00,6018.3256
2025-05-13 19:30:00,6033.3906
2025-05-13 19:40:00,6032.9657
2025-05-13 19:50:00,5882.0003
2025-05-13 20:00:00,6030.6084
2025-05-13 20:10:00,6013.9218
2025-05-13 20:20:00,6165.9946
2025-05-13 20:30:00,6170.4031
2025-05-13 20:40:00,6003.8467
2025-05-13 20:50:00,6118.3354
2025-05-13 21:00:00,6003.2853
2025-05-13 21:10:00,6009.3528
2025-05-13 21:20:00,6005.9513
2025-05-13 21:30:00,6114.6589
2025-05-13 21:40:00,6240.9532
2025-05-13 21:50:00,6000.9334
2025-05-13 22:00:00,6151.9714
2025-05-13 22:10:00,6077.6491
2025-05-13 22:20:00,6130.4347
2025-05-13 22:30:00,5991.2576
2025-05-13 22:40:00,6147.8343
2025-05-13 22:50:00,6147.2053
2025-05-13 23:00:00,6145.4989
2025-05-13 23:10:00,6273.8163
2025-05-13 23:20:00,6140.9022
2025-05-13 23:30:00,6138.3071
2025-05-13 23:40:00,6009.6547
2025-05-13 23:50:00,6002.1601
2025-05-14 00:00:00,6012.4354
2025-05-14 00:10:00,6017.3769
2025-05-14 00:20:00,6031.3550
2025-05-14 00:30:00,6054.3804
2025-05-14 00:40:00,6009.8090
2025-05-14 00:50:00,6051.8268
2025-05-14 01:00:00,6046.2945
2025-05-14 01:10:00,6116.4800
2025-05-14 01:20:00,6119.4015
2025-05-14 01:30:00,6016.8977
2025-05-14 01:40:00,6121.5561
2025-05-14 01:50:00,6121.5561
2025-05-14 02:00:00,6097.9803
2025-05-14 02:10:00,6045.9731
2025-05-14 02:20:00,6114.7452
2025-05-14 02:30:00,6018.1815
2025-05-14 02:40:00,6033.7989
2025-05-14 02:50:00,6010.5215
2025-05-14 03:00:00,6012.1015
2025-05-14 03:10:00,6037.9374
2025-05-14 03:20:00,6029.5630
2025-05-14 03:30:00,6166.0137
2025-05-14 03:40:00,6010.7184
2025-05-14 03:50:00,6010.0672
2025-05-14 04:00:00,6104.0827
2025-05-14 04:10:00,6114.2614
2025-05-14 04:20:00,6000.9334
2025-05-14 04:30:00,6239.6901
2025-05-14 04:40:00,6242.2923
2025-05-14 04:50:00,6137.7321
2025-05-14 05:00:00,6068.8682
2025-05-14 05:10:00,6068.1745
2025-05-14 05:20:00,6069.4858
2025-05-14 05:30:00,6260.1577
2025-05-14 05:40:00,6256.3662
2025-05-14 05:50:00,6047.6067
2025-05-14 06:00:00,6227.5559
2025-05-14 06:10:00,6269.1361
2025-05-14 06:20:00,6227.2578
2025-05-14 06:30:00,6257.1996
2025-05-14 06:40:00,6271.1636
2025-05-14 06:50:00,6224.2809
2025-05-14 07:00:00,6268.1320
2025-05-14 07:10:00,6268.0116
2025-05-14 07:20:00,6224.0131
2025-05-14 07:30:00,6257.3654
2025-05-14 07:40:00,6269.2670
2025-05-14 07:50:00,6223.0084
2025-05-14 08:00:00,6269.3905
2025-05-14 08:10:00,6068.7894
2025-05-14 08:20:00,6218.9405
2025-05-14 08:30:00,6252.3307
2025-05-14 08:40:00,6253.8931
2025-05-14 08:50:00,6068.3936
2025-05-14 09:00:00,6068.2323
2025-05-14 09:10:00,6066.7481
2025-05-14 09:20:00,6137.7321
2025-05-14 09:30:00,6240.8780
2025-05-14 09:40:00,6058.0315
2025-05-14 09:50:00,6131.3058
2025-05-14 10:00:00,6124.5732
2025-05-14 10:10:00,6006.9971
2025-05-14 10:20:00,6004.2435
2025-05-14 10:30:00,6024.5985
2025-05-14 10:40:00,6016.3156
2025-05-14 10:50:00,6083.3359
2025-05-14 11:00:00,6030.6084
2025-05-14 11:10:00,6080.2912
2025-05-14 11:20:00,6023.8520
2025-05-14 11:30:00,6032.2037
2025-05-14 11:40:00,6046.3290
2025-05-14 11:50:00,6011.0726
2025-05-14 12:00:00,6023.7435
2025-05-14 12:10:00,6010.7576
2025-05-14 12:20:00,6013.3474
2025-05-14 12:30:00,6055.5970
2025-05-14 12:40:00,6105.3869
2025-05-14 12:50:00,6071.2885
2025-05-14 13:00:00,6116.4996
2025-05-14 13:10:00,6009.3528
2025-05-14 13:20:00,6133.1052
2025-05-14 13:30:00,6000.0923
2025-05-14 13:40:00,6240.8931
2025-05-14 13:50:00,6147.3691
2025-05-14 14:00:00,5900.5759
2025-05-14 14:10:00,6222.0320
2025-05-14 14:20:00,6163.4312
2025-05-14 14:30:00,6262.2732
2025-05-14 14:40:00,6537.7313
2025-05-14 14:50:00,6164.9439
2025-05-14 15:00:00,6257.4497
2025-05-14 15:10:00,6228.6403
2025-05-14 15:20:00,6228.9344
2025-05-14 15:30:00,6224.0195
2025-05-14 15:40:00,6539.5700
2025-05-14 15:50:00,6225.5079
2025-05-14 16:00:00,6069.9377
2025-05-14 16:10:00,6223.7677
2025-05-14 16:20:00,6049.0622
2025-05-14 16:30:00,6223.6391
2025-05-14 16:40:00,6538.5648
2025-05-14 16:50:00,6045.6275
2025-05-14 17:00:00,6264.0601
2025-05-14 17:10:00,6137.7321
2025-05-14 17:20:00,6163.9922
2025-05-14 17:30:00,5924.4635
2025-05-14 17:40:00,6271.7335
2025-05-14 17:50:00,6230.7186
2025-05-14 18:00:00,6061.6295
2025-05-14 18:10:00,5992.8779
2025-05-14 18:20:00,6132.4399
2025-05-14 18:30:00,6115.9774
2025-05-14 18:40:00,6025.0871
2025-05-14 18:50:00,6070.1813
2025-05-14 19:00:00,6104.5524
2025-05-14 19:10:00,6081.7634
2025-05-14 19:20:00,6013.0380
2025-05-14 19:30:00,6114.7260
2025-05-14 19:40:00,6027.4763
2025-05-14 19:50:00,6024.4969
2025-05-14 20:00:00,6168.8163
2025-05-14 20:10:00,6166.2914
2025-05-14 20:20:00,6021.8879
2025-05-14 20:30:00,6111.2000
2025-05-14 20:40:00,6022.2900
2025-05-14 20:50:00,6022.5915
2025-05-14 21:00:00,6137.6266
2025-05-14 21:10:00,6136.4312
2025-05-14 21:20:00,6077.3168
2025-05-14 21:30:00,6138.4059
2025-05-14 21:40:00,6080.8096
2025-05-14 21:50:00,6079.0517
2025-05-14 22:00:00,6083.4690
2025-05-14 22:10:00,6135.7782
2025-05-14 22:20:00,5892.7321
2025-05-14 22:30:00,6111.2000
2025-05-14 22:40:00,6058.3063
2025-05-14 22:50:00,6232.1830
2025-05-14 23:00:00,6169.0589
2025-05-14 23:10:00,6024.6107
2025-05-14 23:20:00,6029.8590
2025-05-14 23:30:00,6044.6853
2025-05-14 23:40:00,6019.2432
2025-05-14 23:50:00,6017.4610
2025-05-15 00:00:00,6064.1241
2025-05-15 00:10:00,6017.5241
2025-05-15 00:20:00,6011.2070
2025-05-15 00:30:00,6010.4316
2025-05-15 00:40:00,6060.7570
2025-05-15 00:50:00,6079.5736
2025-05-15 01:00:00,6019.3168
2025-05-15 01:10:00,6021.7482
2025-05-15 01:20:00,6021.7482
2025-05-15 01:30:00,6035.5150
2025-05-15 01:40:00,6024.7030
2025-05-15 01:50:00,6082.3121
2025-05-15 02:00:00,6013.3474
2025-05-15 02:10:00,6010.2991
2025-05-15 02:20:00,6046.2945
2025-05-15 02:30:00,6111.2000
2025-05-15 02:40:00,6026.4931
2025-05-15 02:50:00,6047.7351
2025-05-15 03:00:00,6111.2000
2025-05-15 03:10:00,6054.4185
2025-05-15 03:20:00,6111.2000
2025-05-15 03:30:00,6111.2000
2025-05-15 03:40:00,6022.5096
2025-05-15 03:50:00,6082.3846
2025-05-15 04:00:00,6234.1449
2025-05-15 04:10:00,6140.3212
2025-05-15 04:20:00,6084.7545
2025-05-15 04:30:00,6086.4151
2025-05-15 04:40:00,6108.0864
2025-05-15 04:50:00,6070.0528
2025-05-15 05:00:00,6139.8515
2025-05-15 05:10:00,6097.7400
2025-05-15 05:20:00,6139.6545
2025-05-15 05:30:00,6114.6086
2025-05-15 05:40:00,6243.9491
2025-05-15 05:50:00,6114.6665
2025-05-15 06:00:00,5944.1905
2025-05-15 06:10:00,6226.9354
2025-05-15 06:20:00,6172.4284
2025-05-15 06:30:00,6172.3451
2025-05-15 06:40:00,5944.1905
2025-05-15 06:50:00,6172.1477
2025-05-15 07:00:00,5951.0170
2025-05-15 07:10:00,6201.3870
2025-05-15 07:20:00,6239.8993
2025-05-15 07:30:00,6239.1217
2025-05-15 07:40:00,6067.1048
2025-05-15 07:50:00,6141.8267
2025-05-15 08:00:00,5944.1905
2025-05-15 08:10:00,5939.2697
2025-05-15 08:20:00,5939.2389
2025-05-15 08:30:00,6231.2337
2025-05-15 08:40:00,6063.7364
2025-05-15 08:50:00,6136.2689
2025-05-15 09:00:00,5944.1905
2025-05-15 09:10:00,6145.8960
2025-05-15 09:20:00,6046.4174
2025-05-15 09:30:00,6228.6403
2025-05-15 09:40:00,6270.8803
2025-05-15 09:50:00,6231.2894
2025-05-15 10:00:00,6052.4204
2025-05-15 10:10:00,6171.0660
2025-05-15 10:20:00,6234.9301
2025-05-15 10:30:00,6235.0388
2025-05-15 10:40:00,6235.0388
2025-05-15 10:50:00,6171.2094
2025-05-15 11:00:00,6220.2761
2025-05-15 11:10:00,6229.0109
2025-05-15 11:20:00,6263.9647
2025-05-15 11:30:00,6228.1034
2025-05-15 11:40:00,6227.2437
2025-05-15 11:50:00,6225.2884
2025-05-15 12:00:00,6145.3949
2025-05-15 12:10:00,6069.0297
2025-05-15 12:20:00,6371.5772
2025-05-15 12:30:00,6299.5296
2025-05-15 12:40:00,6298.9936
2025-05-15 12:50:00,6437.7013
2025-05-15 13:00:00,6451.6898
2025-05-15 13:10:00,6395.1347
2025-05-15 13:20:00,6382.2130
2025-05-15 13:30:00,6385.4017
2025-05-15 13:40:00,6272.6631
2025-05-15 13:50:00,6334.8372
2025-05-15 14:00:00,6093.5667
2025-05-15 14:10:00,6095.9579
2025-05-15 14:20:00,6080.3078
2025-05-15 14:30:00,6079.6465
2025-05-15 14:40:00,6098.0552
2025-05-15 14:50:00,6325.9608
2025-05-15 15:00:00,5944.1905
2025-05-15 15:10:00,6253.3191
2025-05-15 15:20:00,6095.2890
2025-05-15 15:30:00,6192.8053
2025-05-15 15:40:00,5944.1905
2025-05-15 15:50:00,6016.7030
2025-05-15 16:00:00,6183.1931
2025-05-15 16:10:00,5973.2401
2025-05-15 16:20:00,5967.9852
2025-05-15 16:30:00,6182.6194
2025-05-15 16:40:00,5944.1905
2025-05-15 16:50:00,5972.6789
2025-05-15 17:00:00,5417.7273
2025-05-15 17:10:00,5626.6212
2025-05-15 17:20:00,6183.1150
2025-05-15 17:30:00,6095.1157
2025-05-15 17:40:00,5971.5570
2025-05-15 17:50:00,6246.6679
2025-05-15 18:00:00,6242.4193
2025-05-15 18:10:00,5977.2881
2025-05-15 18:20:00,6098.2402
2025-05-15 18:30:00,6242.5227
2025-05-15 18:40:00,6245.1178
2025-05-15 18:50:00,6205.4294
2025-05-15 19:00:00,5973.2778
2025-05-15 19:10:00,6016.9438
2025-05-15 19:20:00,6176.7111
2025-05-15 19:30:00,5970.1311
2025-05-15 19:40:00,5970.9877
2025-05-15 19:50:00,6095.1445
2025-05-15 20:00:00,6108.7711
2025-05-15 20:10:00,6291.4650
2025-05-15 20:20:00,6174.3802
2025-05-15 20:30:00,6004.6415
2025-05-15 20:40:00,6274.4122
2025-05-15 20:50:00,6015.9607
2025-05-15 21:00:00,6177.0653
2025-05-15 21:10:00,6015.5347
2025-05-15 21:20:00,5688.9556
2025-05-15 21:30:00,6024.0546
2025-05-15 21:40:00,6095.3240
2025-05-15 21:50:00,6033.5678
2025-05-15 22:00:00,6015.9801
2025-05-15 22:10:00,6445.9447
2025-05-15 22:20:00,6036.2346
2025-05-15 22:30:00,6049.9465
2025-05-15 22:40:00,6252.3161
2025-05-15 22:50:00,6256.9079
2025-05-15 23:00:00,6538.6602
2025-05-15 23:10:00,6213.2172
2025-05-15 23:20:00,6331.9928
2025-05-15 23:30:00,6096.5911
2025-05-15 23:40:00,6333.5088
2025-05-15 23:50:00,6322.5263
2025-05-16 00:00:00,6131.9926
2025-05-16 00:10:00,6235.2851
2025-05-16 00:20:00,6155.5786
2025-05-16 00:30:00,6049.0442
2025-05-16 00:40:00,6075.5262
2025-05-16 00:50:00,6137.7321
2025-05-16 01:00:00,6243.1574
2025-05-16 01:10:00,6243.6442
2025-05-16 01:20:00,6240.9240
2025-05-16 01:30:00,6109.4854
2025-05-16 01:40:00,6240.9197
2025-05-16 01:50:00,6012.9164
2025-05-16 02:00:00,6001.4901
2025-05-16 02:10:00,6108.4854
2025-05-16 02:20:00,6021.2632
2025-05-16 02:30:00,6108.4854
2025-05-16 02:40:00,6004.4611
2025-05-16 02:50:00,6024.3156
2025-05-16 03:00:00,6117.4982
2025-05-16 03:10:00,6009.7885
2025-05-16 03:20:00,6009.7885
2025-05-16 03:30:00,6240.2565
2025-05-16 03:40:00,6111.8144
2025-05-16 03:50:00,6011.1606
2025-05-16 04:00:00,6013.7023
2025-05-16 04:10:00,6019.8519
2025-05-16 04:20:00,6020.6699
2025-05-16 04:30:00,6029.8296
2025-05-16 04:40:00,6016.7626
2025-05-16 04:50:00,6018.9005
2025-05-16 05:00:00,6080.8528
2025-05-16 05:10:00,6032.5248
2025-05-16 05:20:00,6025.3039
2025-05-16 05:30:00,6025.1532
2025-05-16 05:40:00,6010.2787
2025-05-16 05:50:00,6038.3176
2025-05-16 06:00:00,6033.2417
2025-05-16 06:10:00,6113.8568
2025-05-16 06:20:00,6017.6146
2025-05-16 06:30:00,6046.1446
2025-05-16 06:40:00,6029.8590
2025-05-16 06:50:00,6028.5727
2025-05-16 07:00:00,6040.9835
2025-05-16 07:10:00,6120.1053
2025-05-16 07:20:00,6045.9731
2025-05-16 07:30:00,6040.3752
2025-05-16 07:40:00,6040.2638
2025-05-16 07:50:00,6026.9737
2025-05-16 08:00:00,6045.9265
2025-05-16 08:10:00,6170.6413
2025-05-16 08:20:00,6024.6107
2025-05-16 08:30:00,6045.8783
2025-05-16 08:40:00,6017.6678
2025-05-16 08:50:00,6115.6557
2025-05-16 09:00:00,5688.9556
2025-05-16 09:10:00,6045.4027
2025-05-16 09:20:00,6014.5160
2025-05-16 09:30:00,6104.2620
2025-05-16 09:40:00,6009.8448
2025-05-16 09:50:00,6170.8539
2025-05-16 10:00:00,6093.6569
2025-05-16 10:10:00,6110.2212
2025-05-16 10:20:00,6098.0930
2025-05-16 10:30:00,6073.9540
2025-05-16 10:40:00,6257.8939
2025-05-16 10:50:00,6047.0412
2025-05-16 11:00:00,6256.1842
2025-05-16 11:10:00,6043.8259
2025-05-16 11:20:00,6137.7321
2025-05-16 11:30:00,6048.0067
2025-05-16 11:40:00,6272.0036
2025-05-16 11:50:00,6228.5393
2025-05-16 12:00:00,6258.8108
2025-05-16 12:10:00,6165.6069
2025-05-16 12:20:00,6049.2893
2025-05-16 12:30:00,6069.9124
2025-05-16 12:40:00,5945.9228
2025-05-16 12:50:00,6219.9523
2025-05-16 13:00:00,6256.8001
2025-05-16 13:10:00,6256.8391
2025-05-16 13:20:00,6049.6638
2025-05-16 13:30:00,6049.3249
2025-05-16 13:40:00,6268.4997
2025-05-16 13:50:00,6219.6790
2025-05-16 14:00:00,6538.8427
2025-05-16 14:10:00,6264.7550
2025-05-16 14:20:00,6164.1256
2025-05-16 14:30:00,6250.7594
2025-05-16 14:40:00,5919.8721
2025-05-16 14:50:00,6260.5532
2025-05-16 15:00:00,5821.9096
2025-05-16 15:10:00,5824.8478
2025-05-16 15:20:00,6065.5461
2025-05-16 15:30:00,6137.7321
2025-05-16 15:40:00,6137.7321
2025-05-16 15:50:00,6250.6488
2025-05-16 16:00:00,5996.6492
2025-05-16 16:10:00,6008.5130
2025-05-16 16:20:00,6138.8167
2025-05-16 16:30:00,6057.2369
2025-05-16 16:40:00,6059.9833
2025-05-16 16:50:00,6147.8339
2025-05-16 17:00:00,6064.7323
2025-05-16 17:10:00,6228.0236
2025-05-16 17:20:00,6260.5532
2025-05-16 17:30:00,6068.6102
2025-05-16 17:40:00,6137.7321
2025-05-16 17:50:00,6044.1921
2025-05-16 18:00:00,6253.8372
2025-05-16 18:10:00,6137.7321
2025-05-16 18:20:00,6044.8124
2025-05-16 18:30:00,5948.5832
2025-05-16 18:40:00,6068.9659
2025-05-16 18:50:00,6222.5411
2025-05-16 19:00:00,5948.4733
2025-05-16 19:10:00,6222.6855
2025-05-16 19:20:00,6256.9724
2025-05-16 19:30:00,5948.3936
2025-05-16 19:40:00,6222.5411
2025-05-16 19:50:00,6267.5859
2025-05-16 20:00:00,6267.5859
2025-05-16 20:10:00,5948.5278
2025-05-16 20:20:00,6045.2854
2025-05-16 20:30:00,6264.7550
2025-05-16 20:40:00,6262.0875
2025-05-16 20:50:00,5938.0515
2025-05-16 21:00:00,6044.4442
2025-05-16 21:10:00,6258.5784
2025-05-16 21:20:00,6137.7321
2025-05-16 21:30:00,6043.1265
2025-05-16 21:40:00,6255.8886
2025-05-16 21:50:00,6137.7321
2025-05-16 22:00:00,6054.5367
2025-05-16 22:10:00,6249.7357
2025-05-16 22:20:00,6137.7321
2025-05-16 22:30:00,6217.3329
2025-05-16 22:40:00,5916.7389
2025-05-16 22:50:00,6068.3984
2025-05-16 23:00:00,6150.4642
2025-05-16 23:10:00,5923.5028
2025-05-16 23:20:00,6218.5128
2025-05-16 23:30:00,6218.3847
2025-05-16 23:40:00,6068.6102
2025-05-16 23:50:00,6261.9474
2025-05-17 00:00:00,6146.2381
2025-05-17 00:10:00,6217.4866
2025-05-17 00:20:00,6217.0381
2025-05-17 00:30:00,6259.8624
2025-05-17 00:40:00,6229.8165
2025-05-17 00:50:00,5994.2718
2025-05-17 01:00:00,6142.2632
2025-05-17 01:10:00,6282.6026
2025-05-17 01:20:00,5994.1880
2025-05-17 01:30:00,6006.3231
2025-05-17 01:40:00,6111.5211
2025-05-17 01:50:00,6020.7737
2025-05-17 02:00:00,6038.2741
2025-05-17 02:10:00,6013.2162
2025-05-17 02:20:00,6026.4931
2025-05-17 02:30:00,6168.1855
2025-05-17 02:40:00,6167.5655
2025-05-17 02:50:00,6061.9568
2025-05-17 03:00:00,5944.1905
2025-05-17 03:10:00,5939.2973
2025-05-17 03:20:00,6234.0959
2025-05-17 03:30:00,6082.3846
2025-05-17 03:40:00,6233.5055
2025-05-17 03:50:00,6111.2000
2025-05-17 04:00:00,6142.6445
2025-05-17 04:10:00,5944.1905
2025-05-17 04:20:00,6111.2000
2025-05-17 04:30:00,6172.5089
2025-05-17 04:40:00,6231.6966
2025-05-17 04:50:00,6014.4929
2025-05-17 05:00:00,6104.5524
2025-05-17 05:10:00,6186.2959
2025-05-17 05:20:00,6109.1978
2025-05-17 05:30:00,6071.5821
2025-05-17 05:40:00,6046.4716
2025-05-17 05:50:00,6137.7321
2025-05-17 06:00:00,6055.5968
2025-05-17 06:10:00,6143.8042
2025-05-17 06:20:00,6165.8314
2025-05-17 06:30:00,6052.2360
2025-05-17 06:40:00,6232.5377
2025-05-17 06:50:00,6264.5352
2025-05-17 07:00:00,6053.6096
2025-05-17 07:10:00,6144.2515
2025-05-17 07:20:00,6237.1546
2025-05-17 07:30:00,6233.7581
2025-05-17 07:40:00,6168.7736
2025-05-17 07:50:00,6221.2455
2025-05-17 08:00:00,6230.5102
2025-05-17 08:10:00,6144.8401
2025-05-17 08:20:00,6234.6004
2025-05-17 08:30:00,6228.2784
2025-05-17 08:40:00,6167.3844
2025-05-17 08:50:00,6220.4254
2025-05-17 09:00:00,6219.8953
2025-05-17 09:10:00,6148.6862
2025-05-17 09:20:00,6257.3670
2025-05-17 09:30:00,5945.9795
2025-05-17 09:40:00,6257.6673
2025-05-17 09:50:00,6261.8440
2025-05-17 10:00:00,5823.7500
2025-05-17 10:10:00,6151.8334
2025-05-17 10:20:00,6239.1185
2025-05-17 10:30:00,6247.6496
2025-05-17 10:40:00,6242.9424
2025-05-17 10:50:00,6143.5055
2025-05-17 11:00:00,6008.2695
2025-05-17 11:10:00,6066.2450
2025-05-17 11:20:00,6080.6404
2025-05-17 11:30:00,6021.4790
2025-05-17 11:40:00,6022.5953
2025-05-17 11:50:00,6089.9050
2025-05-17 12:00:00,5850.3134
2025-05-17 12:10:00,6359.1221
2025-05-17 12:20:00,6132.2270
2025-05-17 12:30:00,6234.2547
2025-05-17 12:40:00,6267.3184
2025-05-17 12:50:00,5957.3824
2025-05-17 13:00:00,5944.1905
2025-05-17 13:10:00,6244.6522
2025-05-17 13:20:00,5613.9473
2025-05-17 13:30:00,5971.8135
2025-05-17 13:40:00,5944.1905
2025-05-17 13:50:00,5774.7679
2025-05-17 14:00:00,5971.2824
2025-05-17 14:10:00,6141.6448
2025-05-17 14:20:00,5955.5408
2025-05-17 14:30:00,5970.8264
2025-05-17 14:40:00,5958.2278
2025-05-17 14:50:00,5957.1335
2025-05-17 15:00:00,5954.3830
2025-05-17 15:10:00,6062.8972
2025-05-17 15:20:00,5601.9091
2025-05-17 15:30:00,5972.8163
2025-05-17 15:40:00,5944.1905
2025-05-17 15:50:00,5957.4920
2025-05-17 16:00:00,5956.1878
2025-05-17 16:10:00,5951.0952
2025-05-17 16:20:00,5777.7595
2025-05-17 16:30:00,5591.0362
2025-05-17 16:40:00,6244.0567
2025-05-17 16:50:00,5617.9738
2025-05-17 17:00:00,5601.9091
2025-05-17 17:10:00,5590.9431
2025-05-17 17:20:00,5601.9091
2025-05-17 17:30:00,5601.9091
2025-05-17 17:40:00,5972.6501
2025-05-17 17:50:00,5640.1464
2025-05-17 18:00:00,5601.9091
2025-05-17 18:10:00,5950.7706
2025-05-17 18:20:00,6004.1396
2025-05-17 18:30:00,5957.1641
2025-05-17 18:40:00,5944.1905
2025-05-17 18:50:00,5951.0333
2025-05-17 19:00:00,5957.5011
2025-05-17 19:10:00,5944.1905
2025-05-17 19:20:00,5944.1905
2025-05-17 19:30:00,5417.7273
2025-05-17 19:40:00,5969.0203
2025-05-17 19:50:00,5944.1905
2025-05-17 20:00:00,5954.3105
2025-05-17 20:10:00,5954.1622
2025-05-17 20:20:00,6003.5738
2025-05-17 20:30:00,5955.4518
2025-05-17 20:40:00,6135.5212
2025-05-17 20:50:00,6118.9501
2025-05-17 21:00:00,5949.8585
2025-05-17 21:10:00,6199.9382
2025-05-17 21:20:00,6169.8645
2025-05-17 21:30:00,5944.1905
2025-05-17 21:40:00,6083.4296
2025-05-17 21:50:00,6142.1218
2025-05-17 22:00:00,5944.1905
2025-05-17 22:10:00,6186.3210
2025-05-17 22:20:00,6145.7252
2025-05-17 22:30:00,6144.2302
2025-05-17 22:40:00,6045.8483
2025-05-17 22:50:00,6051.5425
2025-05-17 23:00:00,6250.0732
2025-05-17 23:10:00,6220.5437
2025-05-17 23:20:00,6263.9027
2025-05-17 23:30:00,6168.3768
2025-05-17 23:40:00,6171.8929
2025-05-17 23:50:00,6055.0103
2025-05-18 00:00:00,6235.9113
2025-05-18 00:10:00,6235.8564
2025-05-18 00:20:00,6237.2810
2025-05-18 00:30:00,6536.1101
2025-05-18 00:40:00,6220.4738
2025-05-18 00:50:00,6220.7595
2025-05-18 01:00:00,6145.1125
2025-05-18 01:10:00,6220.4843
2025-05-18 01:20:00,5947.6798
2025-05-18 01:30:00,6256.0737
2025-05-18 01:40:00,6257.9125
2025-05-18 01:50:00,6259.3553
2025-05-18 02:00:00,6068.9390
2025-05-18 02:10:00,6150.8991
2025-05-18 02:20:00,6066.2381
2025-05-18 02:30:00,6144.5311
2025-05-18 02:40:00,6140.0759
2025-05-18 02:50:00,6128.9753
2025-05-18 03:00:00,6186.1153
2025-05-18 03:10:00,6072.7214
2025-05-18 03:20:00,6062.0290
2025-05-18 03:30:00,6083.7806
2025-05-18 03:40:00,6051.7310
2025-05-18 03:50:00,6111.2000
2025-05-18 04:00:00,6170.4500
2025-05-18 04:10:00,6232.5064
2025-05-18 04:20:00,6170.6558
2025-05-18 04:30:00,6111.2000
2025-05-18 04:40:00,6233.6867
2025-05-18 04:50:00,6072.7958
2025-05-18 05:00:00,6136.7298
2025-05-18 05:10:00,5944.1905
2025-05-18 05:20:00,6084.1890
2025-05-18 05:30:00,5939.3755
2025-05-18 05:40:00,5939.3919
2025-05-18 05:50:00,6138.1690
2025-05-18 06:00:00,6236.0170
2025-05-18 06:10:00,6138.0789
2025-05-18 06:20:00,6038.6813
2025-05-18 06:30:00,6138.1262
2025-05-18 06:40:00,5944.1905
2025-05-18 06:50:00,6087.0275
2025-05-18 07:00:00,6235.2706
2025-05-18 07:10:00,6111.2000
2025-05-18 07:20:00,6234.0959
2025-05-18 07:30:00,6068.9870
2025-05-18 07:40:00,5944.1905
2025-05-18 07:50:00,6232.1647
2025-05-18 08:00:00,6312.3013
2025-05-18 08:10:00,5944.1905
2025-05-18 08:20:00,6106.1948
2025-05-18 08:30:00,6000.9670
2025-05-18 08:40:00,5944.1905
2025-05-18 08:50:00,6146.0238
2025-05-18 09:00:00,6164.3368
2025-05-18 09:10:00,6218.0249
2025-05-18 09:20:00,6255.7631
2025-05-18 09:30:00,6228.9094
2025-05-18 09:40:00,5944.1905
2025-05-18 09:50:00,6165.7384
2025-05-18 10:00:00,6253.5818
2025-05-18 10:10:00,6069.4050
2025-05-18 10:20:00,6048.9321
2025-05-18 10:30:00,6266.9777
2025-05-18 10:40:00,6165.9440
2025-05-18 10:50:00,6060.7571
2025-05-18 11:00:00,6165.0378
2025-05-18 11:10:00,6145.5700
2025-05-18 11:20:00,6056.4743
2025-05-18 11:30:00,6137.7321
2025-05-18 11:40:00,6068.8520
2025-05-18 11:50:00,6150.6847
2025-05-18 12:00:00,6150.5248
2025-05-18 12:10:00,6263.8317
2025-05-18 12:20:00,6170.4671
2025-05-18 12:30:00,6059.7888
2025-05-18 12:40:00,5944.1905
2025-05-18 12:50:00,6151.6989
2025-05-18 13:00:00,6146.6424
2025-05-18 13:10:00,6260.7016
2025-05-18 13:20:00,6257.7616
2025-05-18 13:30:00,6258.7466
2025-05-18 13:40:00,6261.6720
2025-05-18 13:50:00,6145.4253
2025-05-18 14:00:00,6148.8363
2025-05-18 14:10:00,6257.7616
2025-05-18 14:20:00,6145.7637
2025-05-18 14:30:00,6064.7929
2025-05-18 14:40:00,6262.1573
2025-05-18 14:50:00,6151.7511
2025-05-18 15:00:00,6260.5688
2025-05-18 15:10:00,6237.3251
2025-05-18 15:20:00,5944.1905
2025-05-18 15:30:00,6062.7288
2025-05-18 15:40:00,6244.4237
2025-05-18 15:50:00,6151.7511
2025-05-18 16:00:00,6064.4229
2025-05-18 16:10:00,6248.0548
2025-05-18 16:20:00,6143.4864
2025-05-18 16:30:00,6059.8240
2025-05-18 16:40:00,6247.4673
2025-05-18 16:50:00,6144.3218
2025-05-18 17:00:00,6150.8361
2025-05-18 17:10:00,6215.8259
2025-05-18 17:20:00,6137.1963
2025-05-18 17:30:00,6136.0854
2025-05-18 17:40:00,6131.5455
2025-05-18 17:50:00,6076.3994
2025-05-18 18:00:00,6122.1012
2025-05-18 18:10:00,6113.4774
2025-05-18 18:20:00,6061.4510
2025-05-18 18:30:00,5849.6526
2025-05-18 18:40:00,6113.3866
2025-05-18 18:50:00,6111.2000
2025-05-18 19:00:00,5845.5811
2025-05-18 19:10:00,6170.9887
2025-05-18 19:20:00,6233.5135
2025-05-18 19:30:00,6069.8191
2025-05-18 19:40:00,6134.7367
2025-05-18 19:50:00,5944.1905
2025-05-18 20:00:00,6086.8616
2025-05-18 20:10:00,6088.7741
2025-05-18 20:20:00,6135.0443
2025-05-18 20:30:00,6134.9593
2025-05-18 20:40:00,6237.2401
2025-05-18 20:50:00,5944.1905
2025-05-18 21:00:00,5944.1905
2025-05-18 21:10:00,6238.2473
2025-05-18 21:20:00,6142.7465
2025-05-18 21:30:00,6169.9919
2025-05-18 21:40:00,6237.5378
2025-05-18 21:50:00,6236.9031
2025-05-18 22:00:00,5944.1905
2025-05-18 22:10:00,6234.5147
2025-05-18 22:20:00,6082.0050
2025-05-18 22:30:00,5951.1929
2025-05-18 22:40:00,6111.2000
2025-05-18 22:50:00,6111.2000
2025-05-18 23:00:00,5944.1905
2025-05-18 23:10:00,6104.1251
2025-05-18 23:20:00,6028.9360
2025-05-18 23:30:00,6186.2268
2025-05-18 23:40:00,6143.7008
2025-05-18 23:50:00,6165.0242
2025-05-19 00:00:00,6144.4985
2025-05-19 00:10:00,6054.2150
2025-05-19 00:20:00,6063.5735
2025-05-19 00:30:00,6150.7225
2025-05-19 00:40:00,6254.5164
2025-05-19 00:50:00,6139.2976
2025-05-19 01:00:00,6131.7410
2025-05-19 01:10:00,6134.5655
2025-05-19 01:20:00,6112.8499
2025-05-19 01:30:00,6219.6457
2025-05-19 01:40:00,6045.1934
2025-05-19 01:50:00,6173.5217
2025-05-19 02:00:00,6232.9612
2025-05-19 02:10:00,6134.8999
2025-05-19 02:20:00,6084.4656
2025-05-19 02:30:00,5944.1905
2025-05-19 02:40:00,5944.1905
2025-05-19 02:50:00,6154.4686
2025-05-19 03:00:00,6133.1083
2025-05-19 03:10:00,5949.3535
2025-05-19 03:20:00,6258.1087
2025-05-19 03:30:00,5944.1905
2025-05-19 03:40:00,5957.8975
2025-05-19 03:50:00,5804.4064
2025-05-19 04:00:00,5958.4801
2025-05-19 04:10:00,5601.9091
2025-05-19 04:20:00,5944.1905
2025-05-19 04:30:00,5417.7273
2025-05-19 04:40:00,5601.9091
2025-05-19 04:50:00,6043.3723
2025-05-19 05:00:00,5956.6154
2025-05-19 05:10:00,5595.8182
2025-05-19 05:20:00,5944.1905
2025-05-19 05:30:00,5957.5674
2025-05-19 05:40:00,5956.6427
2025-05-19 05:50:00,5954.0502
2025-05-19 06:00:00,5957.6252
2025-05-19 06:10:00,5601.9091
2025-05-19 06:20:00,5944.1905
2025-05-19 06:30:00,5417.7273
2025-05-19 06:40:00,5601.9091
2025-05-19 06:50:00,5956.0156
2025-05-19 07:00:00,5417.7273
2025-05-19 07:10:00,5601.9091
2025-05-19 07:20:00,5805.5969
2025-05-19 07:30:00,5417.7273
2025-05-19 07:40:00,5601.9091
2025-05-19 07:50:00,5802.6498
2025-05-19 08:00:00,5417.7273
2025-05-19 08:10:00,6000.4279
2025-05-19 08:20:00,5950.1830
2025-05-19 08:30:00,5601.9091
2025-05-19 08:40:00,5601.9091
2025-05-19 08:50:00,5811.9169
2025-05-19 09:00:00,6001.2704
2025-05-19 09:10:00,6235.3851
2025-05-19 09:20:00,5601.9091
2025-05-19 09:30:00,5958.0547
2025-05-19 09:40:00,5951.5498
2025-05-19 09:50:00,5944.1905
2025-05-19 10:00:00,6140.2046
2025-05-19 10:10:00,5944.1905
2025-05-19 10:20:00,5944.1905
2025-05-19 10:30:00,6139.6832
2025-05-19 10:40:00,6111.2000
2025-05-19 10:50:00,5944.1905
2025-05-19 11:00:00,6082.5990
2025-05-19 11:10:00,6167.9804
2025-05-19 11:20:00,6065.0887
2025-05-19 11:30:00,6117.1645
2025-05-19 11:40:00,6070.1773
2025-05-19 11:50:00,6105.5698
2025-05-19 12:00:00,5998.8555
2025-05-19 12:10:00,6049.2956
2025-05-19 12:20:00,6141.8079
2025-05-19 12:30:00,6008.6184
2025-05-19 12:40:00,6099.6601
2025-05-19 12:50:00,6068.4847
2025-05-19 13:00:00,6059.2326
2025-05-19 13:10:00,6272.4084
2025-05-19 13:20:00,6076.4172
2025-05-19 13:30:00,6022.8096
2025-05-19 13:40:00,6115.4165
2025-05-19 13:50:00,6103.8095
2025-05-19 14:00:00,6024.5196
2025-05-19 14:10:00,6032.0659
2025-05-19 14:20:00,5944.1905
2025-05-19 14:30:00,6051.1422
2025-05-19 14:40:00,6111.2000
2025-05-19 14:50:00,6080.9303
2025-05-19 15:00:00,5930.8267
2025-05-19 15:10:00,6065.6997
2025-05-19 15:20:00,5944.1905
2025-05-19 15:30:00,5944.1905
2025-05-19 15:40:00,5944.1905
2025-05-19 15:50:00,5944.1905
2025-05-19 16:00:00,5944.1905
2025-05-19 16:10:00,6073.1832
2025-05-19 16:20:00,5601.9091
2025-05-19 16:30:00,5949.4340
2025-05-19 16:40:00,5950.4245
2025-05-19 16:50:00,5957.1447
2025-05-19 17:00:00,5956.6305
2025-05-19 17:10:00,5997.0911
2025-05-19 17:20:00,5601.9091
2025-05-19 17:30:00,5955.4553
2025-05-19 17:40:00,6192.4455
2025-05-19 17:50:00,6142.2301
2025-05-19 18:00:00,5970.3107
2025-05-19 18:10:00,5973.2307
2025-05-19 18:20:00,5810.0345
2025-05-19 18:30:00,5803.1446
2025-05-19 18:40:00,5972.7167
2025-05-19 18:50:00,5972.6393
2025-05-19 19:00:00,5628.5213
2025-05-19 19:10:00,6183.4244
2025-05-19 19:20:00,6186.5474
2025-05-19 19:30:00,6059.1426
2025-05-19 19:40:00,5977.9290
2025-05-19 19:50:00,5976.4329
2025-05-19 20:00:00,5950.0093
2025-05-19 20:10:00,6191.9040
2025-05-19 20:20:00,6102.2994
2025-05-19 20:30:00,5944.1905
2025-05-19 20:40:00,6240.9338
2025-05-19 20:50:00,5971.1987
2025-05-19 21:00:00,6000.6896
2025-05-19 21:10:00,6155.5899
2025-05-19 21:20:00,6259.7227
2025-05-19 21:30:00,5944.1905
2025-05-19 21:40:00,6270.4542
2025-05-19 21:50:00,6024.8452
2025-05-19 22:00:00,6113.9400
2025-05-19 22:10:00,6075.7513
2025-05-19 22:20:00,6130.6343
2025-05-19 22:30:00,6234.9918
2025-05-19 22:40:00,6015.9800
2025-05-19 22:50:00,6200.2671
2025-05-19 23:00:00,6035.1413
2025-05-19 23:10:00,6015.5093
2025-05-19 23:20:00,6019.3940
2025-05-19 23:30:00,6036.1537
2025-05-19 23:40:00,6051.5790
2025-05-19 23:50:00,6035.3537
2025-05-20 00:00:00,6095.8491
2025-05-20 00:10:00,6052.2983
2025-05-20 00:20:00,6167.6883
2025-05-20 00:30:00,6255.9410
2025-05-20 00:40:00,6256.5464
2025-05-20 00:50:00,6253.5504
2025-05-20 01:00:00,6165.7047
2025-05-20 01:10:00,6050.2623
2025-05-20 01:20:00,6051.2062
2025-05-20 01:30:00,6220.2778
2025-05-20 01:40:00,6250.7405
2025-05-20 01:50:00,6052.2961
2025-05-20 02:00:00,6050.6777
2025-05-20 02:10:00,6051.1271
2025-05-20 02:20:00,6069.5722
2025-05-20 02:30:00,6050.6115
2025-05-20 02:40:00,6230.8586
2025-05-20 02:50:00,6049.9916
2025-05-20 03:00:00,6252.1423
2025-05-20 03:10:00,6253.7833
2025-05-20 03:20:00,6069.2905
2025-05-20 03:30:00,6219.6951
2025-05-20 03:40:00,6165.1516
2025-05-20 03:50:00,6266.2775
2025-05-20 04:00:00,6137.7321
2025-05-20 04:10:00,6164.4819
2025-05-20 04:20:00,6169.6473
2025-05-20 04:30:00,6066.8995
2025-05-20 04:40:00,6151.7348
2025-05-20 04:50:00,6008.7208
2025-05-20 05:00:00,6002.8564
2025-05-20 05:10:00,6106.9160
2025-05-20 05:20:00,6058.8164
2025-05-20 05:30:00,6056.5493
2025-05-20 05:40:00,6088.9926
2025-05-20 05:50:00,6032.5174
2025-05-20 06:00:00,6121.3757
2025-05-20 06:10:00,6111.2000
2025-05-20 06:20:00,6051.9729
2025-05-20 06:30:00,6111.2000
2025-05-20 06:40:00,6233.1495
2025-05-20 06:50:00,6063.2703
2025-05-20 07:00:00,6111.2000
2025-05-20 07:10:00,5944.1905
2025-05-20 07:20:00,6111.2000
2025-05-20 07:30:00,6111.2000
2025-05-20 07:40:00,6111.2000
2025-05-20 07:50:00,6168.3233
2025-05-20 08:00:00,6232.3792
2025-05-20 08:10:00,5944.1905
2025-05-20 08:20:00,6231.7293
2025-05-20 08:30:00,6035.7134
2025-05-20 08:40:00,6057.9405
2025-05-20 08:50:00,6107.3102
2025-05-20 09:00:00,5998.5104
2025-05-20 09:10:00,6048.8308
2025-05-20 09:20:00,6144.4447
2025-05-20 09:30:00,6057.8080
2025-05-20 09:40:00,6227.8770
2025-05-20 09:50:00,6170.2010
2025-05-20 10:00:00,6231.0410
2025-05-20 10:10:00,5918.4899
2025-05-20 10:20:00,6220.6572
2025-05-20 10:30:00,5945.0757
2025-05-20 10:40:00,6262.2668
2025-05-20 10:50:00,6069.8655
2025-05-20 11:00:00,6262.7200
2025-05-20 11:10:00,6259.5286
2025-05-20 11:20:00,6055.2453
2025-05-20 11:30:00,6261.6911
2025-05-20 11:40:00,6259.8053
2025-05-20 11:50:00,6054.9060
2025-05-20 12:00:00,6537.1496
2025-05-20 12:10:00,6231.4713
2025-05-20 12:20:00,6168.9413
2025-05-20 12:30:00,6259.8158
2025-05-20 12:40:00,6229.9833
2025-05-20 12:50:00,6168.3189
2025-05-20 13:00:00,6535.6014
2025-05-20 13:10:00,6066.5457
2025-05-20 13:20:00,6145.1235
2025-05-20 13:30:00,6229.7004
2025-05-20 13:40:00,6229.5835
2025-05-20 13:50:00,6073.7321
2025-05-20 14:00:00,6260.9421
2025-05-20 14:10:00,6229.5946
2025-05-20 14:20:00,6147.2239
2025-05-20 14:30:00,6252.1870
2025-05-20 14:40:00,6220.6131
2025-05-20 14:50:00,6253.0942
2025-05-20 15:00:00,6227.4511
2025-05-20 15:10:00,6061.2239
2025-05-20 15:20:00,6168.0708
2025-05-20 15:30:00,6059.4397
2025-05-20 15:40:00,6222.4681
2025-05-20 15:50:00,6223.6879
2025-05-20 16:00:00,6137.7321
2025-05-20 16:10:00,6054.6469
2025-05-20 16:20:00,6146.0923
2025-05-20 16:30:00,6167.2862
2025-05-20 16:40:00,6170.5984
2025-05-20 16:50:00,6150.7225
2025-05-20 17:00:00,6254.5164
2025-05-20 17:10:00,6249.6799
2025-05-20 17:20:00,5944.1905
2025-05-20 17:30:00,6236.7568
2025-05-20 17:40:00,6008.7208
2025-05-20 17:50:00,6129.7495
2025-05-20 18:00:00,6076.4290
2025-05-20 18:10:00,6007.6473
2025-05-20 18:20:00,6007.7682
2025-05-20 18:30:00,6076.6938
2025-05-20 18:40:00,6112.2007
2025-05-20 18:50:00,6110.2345
2025-05-20 19:00:00,6108.7466
2025-05-20 19:10:00,6108.7466
2025-05-20 19:20:00,6085.4008
2025-05-20 19:30:00,6062.2473
2025-05-20 19:40:00,6084.4497
2025-05-20 19:50:00,6084.4497
2025-05-20 20:00:00,6065.4429
2025-05-20 20:10:00,6085.0820
2025-05-20 20:20:00,6107.0084
2025-05-20 20:30:00,6067.8536
2025-05-20 20:40:00,6012.8510
2025-05-20 20:50:00,6112.5738
2025-05-20 21:00:00,6106.8000
2025-05-20 21:10:00,6113.0820
2025-05-20 21:20:00,6140.5825
2025-05-20 21:30:00,6130.3384
2025-05-20 21:40:00,5998.7852
2025-05-20 21:50:00,5997.1228
2025-05-20 22:00:00,6219.7717
2025-05-20 22:10:00,6137.7321
2025-05-20 22:20:00,6051.9782
2025-05-20 22:30:00,6146.3615
2025-05-20 22:40:00,6137.7321
2025-05-20 22:50:00,6052.8649
2025-05-20 23:00:00,6163.1186
2025-05-20 23:10:00,6054.1093
2025-05-20 23:20:00,6056.4817
2025-05-20 23:30:00,6137.7321
2025-05-20 23:40:00,6069.9219
2025-05-20 23:50:00,6058.2042
2025-05-21 00:00:00,6258.1585
2025-05-21 00:10:00,6219.2491
2025-05-21 00:20:00,6222.4023
2025-05-21 00:30:00,6224.0663
2025-05-21 00:40:00,6223.6879
2025-05-21 00:50:00,6069.1102
2025-05-21 01:00:00,6259.9959
2025-05-21 01:10:00,6260.8556
2025-05-21 01:20:00,6053.9261
2025-05-21 01:30:00,5922.4038
2025-05-21 01:40:00,6226.4423
2025-05-21 01:50:00,6137.7321
2025-05-21 02:00:00,6137.7321
2025-05-21 02:10:00,6140.0049
2025-05-21 02:20:00,6131.5455
2025-05-21 02:30:00,6008.0823
2025-05-21 02:40:00,6116.5648
2025-05-21 02:50:00,6056.9616
2025-05-21 03:00:00,6025.0518
2025-05-21 03:10:00,6046.0105
2025-05-21 03:20:00,6050.0172
2025-05-21 03:30:00,6048.0237
2025-05-21 03:40:00,6170.9212
2025-05-21 03:50:00,6049.6724
2025-05-21 04:00:00,6232.8885
2025-05-21 04:10:00,6111.2000
2025-05-21 04:20:00,6111.2000
2025-05-21 04:30:00,6111.2000
2025-05-21 04:40:00,6111.2000
2025-05-21 04:50:00,6069.7797
2025-05-21 05:00:00,6111.2000
2025-05-21 05:10:00,6233.4218
2025-05-21 05:20:00,6111.2000
2025-05-21 05:30:00,6111.2000
2025-05-21 05:40:00,6111.2000
2025-05-21 05:50:00,6111.2000
2025-05-21 06:00:00,6111.2000
2025-05-21 06:10:00,6232.6049
2025-05-21 06:20:00,6047.6017
2025-05-21 06:30:00,6098.2378
2025-05-21 06:40:00,6009.7659
2025-05-21 06:50:00,6082.4819
2025-05-21 07:00:00,6020.1722
2025-05-21 07:10:00,6072.4848
2025-05-21 07:20:00,6006.3231
2025-05-21 07:30:00,6264.7365
2025-05-21 07:40:00,6101.1643
2025-05-21 07:50:00,6137.7321
2025-05-21 08:00:00,6063.5785
2025-05-21 08:10:00,6161.8148
2025-05-21 08:20:00,6163.1186
2025-05-21 08:30:00,6254.5773
2025-05-21 08:40:00,6057.4463
2025-05-21 08:50:00,6045.8498
2025-05-21 09:00:00,6219.5406
2025-05-21 09:10:00,6228.4674
2025-05-21 09:20:00,6165.3186
2025-05-21 09:30:00,6265.2520
2025-05-21 09:40:00,6224.1428
2025-05-21 09:50:00,6059.8718
2025-05-21 10:00:00,6069.1775
2025-05-21 10:10:00,5948.4149
2025-05-21 10:20:00,6218.9011
2025-05-21 10:30:00,5923.3051
2025-05-21 10:40:00,6068.5701
2025-05-21 10:50:00,6243.5194
2025-05-21 11:00:00,6009.8023
2025-05-21 11:10:00,6008.6348
2025-05-21 11:20:00,6116.6818
2025-05-21 11:30:00,6012.8510
2025-05-21 11:40:00,6023.0372
2025-05-21 11:50:00,6016.0878
2025-05-21 12:00:00,6111.2000
2025-05-21 12:10:00,6171.8847
2025-05-21 12:20:00,6111.2000
2025-05-21 12:30:00,6066.8899
2025-05-21 12:40:00,6082.0650
2025-05-21 12:50:00,6137.1071
2025-05-21 13:00:00,6087.5088
2025-05-21 13:10:00,6135.0443
2025-05-21 13:20:00,6114.1811
2025-05-21 13:30:00,6210.0309
2025-05-21 13:40:00,6232.5557
2025-05-21 13:50:00,6121.4449
2025-05-21 14:00:00,6123.4536
2025-05-21 14:10:00,6125.8871
2025-05-21 14:20:00,6134.0707
2025-05-21 14:30:00,6069.7034
2025-05-21 14:40:00,6116.2060
2025-05-21 14:50:00,5949.3978
2025-05-21 15:00:00,6116.0557
2025-05-21 15:10:00,5944.1905
2025-05-21 15:20:00,5949.4263
2025-05-21 15:30:00,6242.1217
2025-05-21 15:40:00,6257.2413
2025-05-21 15:50:00,5949.4063
2025-05-21 16:00:00,6113.2585
2025-05-21 16:10:00,5944.1905
2025-05-21 16:20:00,5951.7274
2025-05-21 16:30:00,5949.8409
2025-05-21 16:40:00,5944.1905
2025-05-21 16:50:00,5951.5590
2025-05-21 17:00:00,5944.1905
2025-05-21 17:10:00,5944.1905
2025-05-21 17:20:00,5944.1905
2025-05-21 17:30:00,5944.1905
2025-05-21 17:40:00,5944.1905
2025-05-21 17:50:00,5944.1905
2025-05-21 18:00:00,6085.3636
2025-05-21 18:10:00,6232.6085
2025-05-21 18:20:00,6117.2991
2025-05-21 18:30:00,6105.2630
2025-05-21 18:40:00,6108.7848
2025-05-21 18:50:00,6069.7433
2025-05-21 19:00:00,6143.9596
2025-05-21 19:10:00,6258.4635
2025-05-21 19:20:00,6231.0930
2025-05-21 19:30:00,6052.7658
2025-05-21 19:40:00,6535.3132
2025-05-21 19:50:00,6264.4648
2025-05-21 20:00:00,6054.8003
2025-05-21 20:10:00,6234.3883
2025-05-21 20:20:00,6261.3852
2025-05-21 20:30:00,6069.9187
2025-05-21 20:40:00,6537.8189
2025-05-21 20:50:00,6254.9935
2025-05-21 21:00:00,6237.5036
2025-05-21 21:10:00,6537.2789
2025-05-21 21:20:00,6254.0485
2025-05-21 21:30:00,6052.8629
2025-05-21 21:40:00,6548.7242
2025-05-21 21:50:00,6260.8100
2025-05-21 22:00:00,6147.2647
2025-05-21 22:10:00,6546.1952
2025-05-21 22:20:00,6220.2147
2025-05-21 22:30:00,5947.7611
2025-05-21 22:40:00,6257.2651
2025-05-21 22:50:00,6258.0475
2025-05-21 23:00:00,6146.0431
2025-05-21 23:10:00,6227.0190
2025-05-21 23:20:00,6264.0667
2025-05-21 23:30:00,5917.3498
2025-05-21 23:40:00,6151.3674
2025-05-21 23:50:00,6260.7016
2025-05-22 00:00:00,6143.6425
2025-05-22 00:10:00,6078.5105
2025-05-22 00:20:00,6242.2709
2025-05-22 00:30:00,6009.3481
2025-05-22 00:40:00,6133.7618
2025-05-22 00:50:00,6129.6692
2025-05-22 01:00:00,6127.0657
2025-05-22 01:10:00,6143.5526
2025-05-22 01:20:00,6125.5856
2025-05-22 01:30:00,6000.4412
2025-05-22 01:40:00,6106.7796
2025-05-22 01:50:00,6129.7495
2025-05-22 02:00:00,6232.1987
2025-05-22 02:10:00,6186.3158
2025-05-22 02:20:00,6137.6123
2025-05-22 02:30:00,6142.2343
2025-05-22 02:40:00,6140.0049
2025-05-22 02:50:00,6142.4517
2025-05-22 03:00:00,6160.5518
2025-05-22 03:10:00,6150.7225
2025-05-22 03:20:00,6260.4740
2025-05-22 03:30:00,6228.2016
2025-05-22 03:40:00,6261.8440
2025-05-22 03:50:00,6221.1501
2025-05-22 04:00:00,6222.0628
2025-05-22 04:10:00,6165.7549
2025-05-22 04:20:00,5921.1176
2025-05-22 04:30:00,6068.5474
2025-05-22 04:40:00,6151.1863
2025-05-22 04:50:00,6065.6217
2025-05-22 05:00:00,6057.5916
2025-05-22 05:10:00,6137.6123
2025-05-22 05:20:00,6021.6912
2025-05-22 05:30:00,6025.6399
2025-05-22 05:40:00,6106.1742
2025-05-22 05:50:00,6083.2060
2025-05-22 06:00:00,6116.4685
2025-05-22 06:10:00,6047.8501
2025-05-22 06:20:00,6111.2000
2025-05-22 06:30:00,6064.7130
2025-05-22 06:40:00,6135.2011
2025-05-22 06:50:00,6133.6449
2025-05-22 07:00:00,6088.6997
2025-05-22 07:10:00,5944.1905
2025-05-22 07:20:00,6053.4612
2025-05-22 07:30:00,5936.5282
2025-05-22 07:40:00,5950.1259
2025-05-22 07:50:00,5944.1905
2025-05-22 08:00:00,6133.2255
2025-05-22 08:10:00,6157.9054
2025-05-22 08:20:00,5944.1905
2025-05-22 08:30:00,6189.5552
2025-05-22 08:40:00,5951.5816
2025-05-22 08:50:00,5949.3769
2025-05-22 09:00:00,5944.1905
2025-05-22 09:10:00,5721.9125
2025-05-22 09:20:00,5944.1905
2025-05-22 09:30:00,5999.8802
2025-05-22 09:40:00,5957.8014
2025-05-22 09:50:00,5956.5348
2025-05-22 10:00:00,5800.8784
2025-05-22 10:10:00,5944.1905
2025-05-22 10:20:00,5614.7576
2025-05-22 10:30:00,5944.1905
2025-05-22 10:40:00,5956.6715
2025-05-22 10:50:00,5601.9091
2025-05-22 11:00:00,5601.9091
2025-05-22 11:10:00,5417.7273
2025-05-22 11:20:00,6114.7104
2025-05-22 11:30:00,5950.1426
2025-05-22 11:40:00,5956.0028
2025-05-22 11:50:00,5601.9091
2025-05-22 12:00:00,5955.6368
2025-05-22 12:10:00,6221.5659
2025-05-22 12:20:00,5944.1905
2025-05-22 12:30:00,6125.6530
2025-05-22 12:40:00,6232.7600
2025-05-22 12:50:00,5944.1905
2025-05-22 13:00:00,6076.8442
2025-05-22 13:10:00,6269.1762
2025-05-22 13:20:00,6034.6256
2025-05-22 13:30:00,6150.2901
2025-05-22 13:40:00,6251.4670
2025-05-22 13:50:00,6145.0134
2025-05-22 14:00:00,6068.6374
2025-05-22 14:10:00,6069.5311
2025-05-22 14:20:00,6221.1881
2025-05-22 14:30:00,6173.5456
2025-05-22 14:40:00,6236.5448
2025-05-22 14:50:00,6055.5870
2025-05-22 15:00:00,6236.9668
2025-05-22 15:10:00,6260.7397
2025-05-22 15:20:00,6055.8401
2025-05-22 15:30:00,6055.4375
2025-05-22 15:40:00,6234.6982
2025-05-22 15:50:00,6221.2122
2025-05-22 16:00:00,6221.4433
2025-05-22 16:10:00,6069.9061
2025-05-22 16:20:00,6069.8641
2025-05-22 16:30:00,6229.7581
2025-05-22 16:40:00,6220.9107
2025-05-22 16:50:00,6147.6653
2025-05-22 17:00:00,6254.5038
2025-05-22 17:10:00,6069.5298
2025-05-22 17:20:00,6256.0944
2025-05-22 17:30:00,6257.3910
2025-05-22 17:40:00,6222.2914
2025-05-22 17:50:00,6146.1729
2025-05-22 18:00:00,6146.0918
2025-05-22 18:10:00,6171.7932
2025-05-22 18:20:00,6065.8348
2025-05-22 18:30:00,6247.5567
2025-05-22 18:40:00,6249.5203
2025-05-22 18:50:00,6140.0045
2025-05-22 19:00:00,6131.7410
2025-05-22 19:10:00,6138.2117
2025-05-22 19:20:00,6116.7195
2025-05-22 19:30:00,6074.4616
2025-05-22 19:40:00,6074.4112
2025-05-22 19:50:00,6113.5965
2025-05-22 20:00:00,6186.1153
2025-05-22 20:10:00,6003.4190
2025-05-22 20:20:00,6001.2184
2025-05-22 20:30:00,6186.2517
2025-05-22 20:40:00,6133.7618
2025-05-22 20:50:00,6140.1371
2025-05-22 21:00:00,6143.5935
2025-05-22 21:10:00,6062.7288
2025-05-22 21:20:00,6262.0150
2025-05-22 21:30:00,6151.0693
2025-05-22 21:40:00,6146.1351
2025-05-22 21:50:00,6053.7408
2025-05-22 22:00:00,6144.5257
2025-05-22 22:10:00,6137.7321
2025-05-22 22:20:00,6068.2547
2025-05-22 22:30:00,6257.7544
2025-05-22 22:40:00,5932.2667
2025-05-22 22:50:00,6068.8875
2025-05-22 23:00:00,6222.1883
2025-05-22 23:10:00,6218.6947
2025-05-22 23:20:00,6137.7321
2025-05-22 23:30:00,6169.1732
2025-05-22 23:40:00,6146.3959
2025-05-22 23:50:00,6061.9331
2025-05-23 00:00:00,6233.3815
2025-05-23 00:10:00,6126.5727
2025-05-23 00:20:00,6085.9514
2025-05-23 00:30:00,6219.5995
2025-05-23 00:40:00,6045.1934
2025-05-23 00:50:00,6111.2000
2025-05-23 01:00:00,5897.5883
2025-05-23 01:10:00,6081.6621
2025-05-23 01:20:00,5924.0230
2025-05-23 01:30:00,6065.6892
2025-05-23 01:40:00,5944.1905
2025-05-23 01:50:00,6126.5037
2025-05-23 02:00:00,6207.4913
2025-05-23 02:10:00,5944.1905
2025-05-23 02:20:00,6231.3110
2025-05-23 02:30:00,5944.1905
2025-05-23 02:40:00,5955.7969
2025-05-23 02:50:00,5956.6177
2025-05-23 03:00:00,5944.1905
2025-05-23 03:10:00,5601.9091
2025-05-23 03:20:00,5944.1905
2025-05-23 03:30:00,5601.9091
2025-05-23 03:40:00,5601.9091
2025-05-23 03:50:00,5601.9091
2025-05-23 04:00:00,5958.4740
2025-05-23 04:10:00,6231.4822
2025-05-23 04:20:00,6066.1570
2025-05-23 04:30:00,5956.1135
2025-05-23 04:40:00,5957.2739
2025-05-23 04:50:00,5944.1905
2025-05-23 05:00:00,6115.7153
2025-05-23 05:10:00,5956.6219
2025-05-23 05:20:00,6004.7119
2025-05-23 05:30:00,5956.9098
2025-05-23 05:40:00,5601.9091
2025-05-23 05:50:00,5944.1905
2025-05-23 06:00:00,6114.3472
2025-05-23 06:10:00,6050.6314
2025-05-23 06:20:00,5944.1905
2025-05-23 06:30:00,6114.5024
2025-05-23 06:40:00,5950.8506
2025-05-23 06:50:00,5944.1905
2025-05-23 07:00:00,5944.1905
2025-05-23 07:10:00,5944.1905
2025-05-23 07:20:00,6234.0058
2025-05-23 07:30:00,6141.9305
2025-05-23 07:40:00,5944.1905
2025-05-23 07:50:00,5944.1905
2025-05-23 08:00:00,6111.2000
2025-05-23 08:10:00,6106.9355
2025-05-23 08:20:00,6106.1989
2025-05-23 08:30:00,6107.3116
2025-05-23 08:40:00,5944.1905
2025-05-23 08:50:00,6162.9655
2025-05-23 09:00:00,6164.2044
2025-05-23 09:10:00,6046.3793
2025-05-23 09:20:00,6164.3702
2025-05-23 09:30:00,6165.8774
2025-05-23 09:40:00,6231.9524
2025-05-23 09:50:00,6166.3100
2025-05-23 10:00:00,6231.1704
2025-05-23 10:10:00,6064.8164
2025-05-23 10:20:00,6251.2112
2025-05-23 10:30:00,6051.0644
2025-05-23 10:40:00,6228.2920
2025-05-23 10:50:00,6170.4120
2025-05-23 11:00:00,6236.0901
2025-05-23 11:10:00,6063.6848
2025-05-23 11:20:00,6168.3465
2025-05-23 11:30:00,6069.4408
2025-05-23 11:40:00,6222.5801
2025-05-23 11:50:00,6258.3235
2025-05-23 12:00:00,5948.2561
2025-05-23 12:10:00,6227.0470
2025-05-23 12:20:00,6263.4012
2025-05-23 12:30:00,6067.4549
2025-05-23 12:40:00,6257.7616
2025-05-23 12:50:00,6143.2665
2025-05-23 13:00:00,6126.8956
2025-05-23 13:10:00,6127.7820
2025-05-23 13:20:00,6068.5550
2025-05-23 13:30:00,6084.5335
2025-05-23 13:40:00,6049.3761
2025-05-23 13:50:00,6232.1148
2025-05-23 14:00:00,6232.4802
2025-05-23 14:10:00,6054.6990
2025-05-23 14:20:00,5944.1905
2025-05-23 14:30:00,5944.1905
2025-05-23 14:40:00,6234.2639
2025-05-23 14:50:00,6081.4964
2025-05-23 15:00:00,6237.8485
2025-05-23 15:10:00,6085.4943
2025-05-23 15:20:00,5944.1905
2025-05-23 15:30:00,5944.1905
2025-05-23 15:40:00,6237.8320
2025-05-23 15:50:00,5944.1905
2025-05-23 16:00:00,6114.4709
2025-05-23 16:10:00,6015.3967
2025-05-23 16:20:00,6264.8067
2025-05-23 16:30:00,6247.4970
2025-05-23 16:40:00,6176.0349
2025-05-23 16:50:00,6226.7417
2025-05-23 17:00:00,6152.8610
2025-05-23 17:10:00,6017.2603
2025-05-23 17:20:00,6330.0352
2025-05-23 17:30:00,5995.1437
2025-05-23 17:40:00,5969.1449
2025-05-23 17:50:00,6183.4722
2025-05-23 18:00:00,6046.8750
2025-05-23 18:10:00,6336.2176
2025-05-23 18:20:00,6337.4417
2025-05-23 18:30:00,5973.5456
2025-05-23 18:40:00,6000.4836
2025-05-23 18:50:00,6245.1068
2025-05-23 19:00:00,5951.1699
2025-05-23 19:10:00,6242.7182
2025-05-23 19:20:00,6242.7706
2025-05-23 19:30:00,5949.9389
2025-05-23 19:40:00,5975.9286
2025-05-23 19:50:00,5948.7992
2025-05-23 20:00:00,5417.7273
2025-05-23 20:10:00,5975.0054
2025-05-23 20:20:00,5944.1905
2025-05-23 20:30:00,5601.9091
2025-05-23 20:40:00,6184.3949
2025-05-23 20:50:00,6062.7628
2025-05-23 21:00:00,5950.7862
2025-05-23 21:10:00,6242.0170
2025-05-23 21:20:00,5969.5320
2025-05-23 21:30:00,5944.1905
2025-05-23 21:40:00,6110.8145
2025-05-23 21:50:00,6250.2640
2025-05-23 22:00:00,5795.6181
2025-05-23 22:10:00,5944.1905
2025-05-23 22:20:00,6134.3588
2025-05-23 22:30:00,5944.1905
2025-05-23 22:40:00,5944.1905
2025-05-23 22:50:00,5970.5452
2025-05-23 23:00:00,6094.6826
2025-05-23 23:10:00,6063.8368
2025-05-23 23:20:00,6144.4283
2025-05-23 23:30:00,5944.1905
2025-05-23 23:40:00,6090.6699
2025-05-23 23:50:00,6037.6133
2025-05-24 00:00:00,6059.2932
2025-05-24 00:10:00,6058.1157
2025-05-24 00:20:00,6059.1206
2025-05-24 00:30:00,6142.6299
2025-05-24 00:40:00,6144.9111
2025-05-24 00:50:00,6227.5559
2025-05-24 01:00:00,6226.8052
2025-05-24 01:10:00,6253.6496
2025-05-24 01:20:00,6234.6228
2025-05-24 01:30:00,6069.5478
2025-05-24 01:40:00,6251.2002
2025-05-24 01:50:00,5945.2740
2025-05-24 02:00:00,6069.7124
2025-05-24 02:10:00,6069.7192
2025-05-24 02:20:00,6220.4180
2025-05-24 02:30:00,6232.2150
2025-05-24 02:40:00,6262.8316
2025-05-24 02:50:00,6548.4350
2025-05-24 03:00:00,6228.6980
2025-05-24 03:10:00,6220.4999
2025-05-24 03:20:00,5947.3795
2025-05-24 03:30:00,6227.4511
2025-05-24 03:40:00,6226.4999
2025-05-24 03:50:00,6265.1523
2025-05-24 04:00:00,6222.4421
2025-05-24 04:10:00,6259.6707
2025-05-24 04:20:00,6068.8875
2025-05-24 04:30:00,6229.7053
2025-05-24 04:40:00,6176.7549
2025-05-24 04:50:00,6061.2567
2025-05-24 05:00:00,6001.2877
2025-05-24 05:10:00,6131.0739
2025-05-24 05:20:00,6074.5104
2025-05-24 05:30:00,6119.6579
2025-05-24 05:40:00,6065.9848
2025-05-24 05:50:00,6034.7239
2025-05-24 06:00:00,6023.3100
2025-05-24 06:10:00,5944.1905
2025-05-24 06:20:00,6111.2000
2025-05-24 06:30:00,6111.2000
2025-05-24 06:40:00,6232.4802
2025-05-24 06:50:00,6111.2000
2025-05-24 07:00:00,6169.0660
2025-05-24 07:10:00,5944.1905
2025-05-24 07:20:00,5939.2425
2025-05-24 07:30:00,6111.2000
2025-05-24 07:40:00,6058.2585
2025-05-24 07:50:00,6232.8817
2025-05-24 08:00:00,6057.3377
2025-05-24 08:10:00,5944.1905
2025-05-24 08:20:00,6141.7473
2025-05-24 08:30:00,6232.5718
2025-05-24 08:40:00,5844.4591
2025-05-24 08:50:00,6170.0752
2025-05-24 09:00:00,6047.8752
2025-05-24 09:10:00,6231.9684
2025-05-24 09:20:00,6049.5847
2025-05-24 09:30:00,5989.4728
2025-05-24 09:40:00,6012.1175
2025-05-24 09:50:00,6026.9453
2025-05-24 10:00:00,6058.9620
2025-05-24 10:10:00,6106.8707
2025-05-24 10:20:00,6107.2782
2025-05-24 10:30:00,6106.7958
2025-05-24 10:40:00,6237.8232
2025-05-24 10:50:00,6141.2495
2025-05-24 11:00:00,6061.0184
2025-05-24 11:10:00,6259.0728
2025-05-24 11:20:00,6146.0994
2025-05-24 11:30:00,6066.8140
2025-05-24 11:40:00,6059.3101
2025-05-24 11:50:00,6146.2380
2025-05-24 12:00:00,6137.7321
2025-05-24 12:10:00,6137.7321
2025-05-24 12:20:00,6146.2230
2025-05-24 12:30:00,6068.5474
2025-05-24 12:40:00,6058.3221
2025-05-24 12:50:00,6168.2278
2025-05-24 13:00:00,6065.9556
2025-05-24 13:10:00,6065.1951
2025-05-24 13:20:00,6151.8051
2025-05-24 13:30:00,6063.8875
2025-05-24 13:40:00,6244.4237
2025-05-24 13:50:00,6253.7678
2025-05-24 14:00:00,6058.8689
2025-05-24 14:10:00,6009.9860
2025-05-24 14:20:00,6140.7156
2025-05-24 14:30:00,6246.4963
2025-05-24 14:40:00,6140.2308
2025-05-24 14:50:00,6133.1848
2025-05-24 15:00:00,6009.1288
2025-05-24 15:10:00,6128.9753
2025-05-24 15:20:00,6125.4459
2025-05-24 15:30:00,6074.6921
2025-05-24 15:40:00,6074.6264
2025-05-24 15:50:00,6117.9487
2025-05-24 16:00:00,6132.8467
2025-05-24 16:10:00,6077.9134
2025-05-24 16:20:00,6186.3627
2025-05-24 16:30:00,6186.3514
2025-05-24 16:40:00,6006.3515
2025-05-24 16:50:00,6111.5484
2025-05-24 17:00:00,6071.5862
2025-05-24 17:10:00,6116.5648
2025-05-24 17:20:00,6005.5004
2025-05-24 17:30:00,6117.5155
2025-05-24 17:40:00,6005.7462
2025-05-24 17:50:00,6005.0024
2025-05-24 18:00:00,6118.5765
2025-05-24 18:10:00,6005.2531
2025-05-24 18:20:00,6111.5484
2025-05-24 18:30:00,6074.0158
2025-05-24 18:40:00,6114.2269
2025-05-24 18:50:00,6124.4479
2025-05-24 19:00:00,6125.6490
2025-05-24 19:10:00,6131.5523
2025-05-24 19:20:00,6136.8425
2025-05-24 19:30:00,6119.1770
2025-05-24 19:40:00,6127.0657
2025-05-24 19:50:00,6228.6884
2025-05-24 20:00:00,6131.7410
2025-05-24 20:10:00,5997.7973
2025-05-24 20:20:00,6145.3507
2025-05-24 20:30:00,6147.8708
2025-05-24 20:40:00,6009.8081
2025-05-24 20:50:00,6250.5801
2025-05-24 21:00:00,6221.2509
2025-05-24 21:10:00,6253.7678
2025-05-24 21:20:00,6248.0548
2025-05-24 21:30:00,6151.8051
2025-05-24 21:40:00,6065.5283
2025-05-24 21:50:00,6236.4594
2025-05-24 22:00:00,6151.3674
2025-05-24 22:10:00,6229.9779
2025-05-24 22:20:00,6233.8910
2025-05-24 22:30:00,6233.8910
2025-05-24 22:40:00,6068.6399
2025-05-24 22:50:00,6059.7888
2025-05-24 23:00:00,6262.8748
2025-05-24 23:10:00,6232.9058
2025-05-24 23:20:00,6233.0444
2025-05-24 23:30:00,6262.3318
2025-05-24 23:40:00,6262.8390
2025-05-24 23:50:00,6137.7321
2025-05-25 00:00:00,6151.7657
2025-05-25 00:10:00,6151.9715
2025-05-25 00:20:00,6262.0223
2025-05-25 00:30:00,6240.8357
2025-05-25 00:40:00,6242.3085
2025-05-25 00:50:00,6064.3918
2025-05-25 01:00:00,6063.1948
2025-05-25 01:10:00,6148.7676
2025-05-25 01:20:00,6247.4673
2025-05-25 01:30:00,6247.3935
2025-05-25 01:40:00,6145.7892
2025-05-25 01:50:00,6247.6496
2025-05-25 02:00:00,6247.7458
2025-05-25 02:10:00,6145.7892
2025-05-25 02:20:00,6143.5935
2025-05-25 02:30:00,6247.5567
2025-05-25 02:40:00,6247.5567
2025-05-25 02:50:00,6137.7321
2025-05-25 03:00:00,6247.1449
2025-05-25 03:10:00,6142.8687
2025-05-25 03:20:00,6251.6338
2025-05-25 03:30:00,6247.0734
2025-05-25 03:40:00,6246.6283
2025-05-25 03:50:00,6144.7945
2025-05-25 04:00:00,6146.9195
2025-05-25 04:10:00,6078.5233
2025-05-25 04:20:00,6236.5436
2025-05-25 04:30:00,6118.5591
2025-05-25 04:40:00,6007.1850
2025-05-25 04:50:00,6005.5004
2025-05-25 05:00:00,6085.8146
2025-05-25 05:10:00,6035.1757
2025-05-25 05:20:00,6091.3429
2025-05-25 05:30:00,6015.7213
2025-05-25 05:40:00,6122.0778
2025-05-25 05:50:00,6111.2000
2025-05-25 06:00:00,6171.5898
2025-05-25 06:10:00,6111.2000
2025-05-25 06:20:00,6111.2000
2025-05-25 06:30:00,6171.2029
2025-05-25 06:40:00,5944.1905
2025-05-25 06:50:00,6232.9247
2025-05-25 07:00:00,6111.2000
2025-05-25 07:10:00,6232.8885
2025-05-25 07:20:00,6232.8885
2025-05-25 07:30:00,6111.2000
2025-05-25 07:40:00,6047.6405
2025-05-25 07:50:00,6111.2000
2025-05-25 08:00:00,6047.6288
2025-05-25 08:10:00,6015.9099
2025-05-25 08:20:00,6219.7915
2025-05-25 08:30:00,6112.5270
2025-05-25 08:40:00,6128.1060
2025-05-25 08:50:00,6131.0739
2025-05-25 09:00:00,6248.8762
2025-05-25 09:10:00,6239.9509
2025-05-25 09:20:00,6146.0097
2025-05-25 09:30:00,6224.6480
2025-05-25 09:40:00,6164.3702
2025-05-25 09:50:00,6144.7084
2025-05-25 10:00:00,6231.6181
2025-05-25 10:10:00,6232.6337
2025-05-25 10:20:00,6143.5744
2025-05-25 10:30:00,6254.3978
2025-05-25 10:40:00,6054.6242
2025-05-25 10:50:00,6169.3839
2025-05-25 11:00:00,6258.9572
2025-05-25 11:10:00,6537.7155
2025-05-25 11:20:00,6232.5111
2025-05-25 11:30:00,6537.7146
2025-05-25 11:40:00,6258.0159
2025-05-25 11:50:00,6231.2661
2025-05-25 12:00:00,6537.2859
2025-05-25 12:10:00,6259.2355
2025-05-25 12:20:00,6223.2098
2025-05-25 12:30:00,5946.9310
2025-05-25 12:40:00,6069.7315
2025-05-25 12:50:00,6254.5038
2025-05-25 13:00:00,5918.2654
2025-05-25 13:10:00,5968.5922
2025-05-25 13:20:00,6260.8942
2025-05-25 13:30:00,6137.7321
2025-05-25 13:40:00,6055.3816
2025-05-25 13:50:00,6262.0150
2025-05-25 14:00:00,6061.9944
2025-05-25 14:10:00,6245.2166
2025-05-25 14:20:00,6131.7694
2025-05-25 14:30:00,6008.2786
2025-05-25 14:40:00,6127.7336
2025-05-25 14:50:00,6070.7805
2025-05-25 15:00:00,6113.0139
2025-05-25 15:10:00,6111.5949
2025-05-25 15:20:00,6109.4517
2025-05-25 15:30:00,6085.2662
2025-05-25 15:40:00,6062.8178
2025-05-25 15:50:00,6186.1574
2025-05-25 16:00:00,6074.4112
2025-05-25 16:10:00,6186.4177
2025-05-25 16:20:00,6076.4172
2025-05-25 16:30:00,6134.4421
2025-05-25 16:40:00,6247.1449
2025-05-25 16:50:00,6261.6720
2025-05-25 17:00:00,6151.3777
2025-05-25 17:10:00,6150.7932
2025-05-25 17:20:00,6261.7318
2025-05-25 17:30:00,6167.1362
2025-05-25 17:40:00,6225.6428
2025-05-25 17:50:00,6145.5260
2025-05-25 18:00:00,6168.3846
2025-05-25 18:10:00,6062.4678
2025-05-25 18:20:00,6220.5382
2025-05-25 18:30:00,6069.7213
2025-05-25 18:40:00,6069.7506
2025-05-25 18:50:00,6069.7858
2025-05-25 19:00:00,6147.1874
2025-05-25 19:10:00,6069.8260
2025-05-25 19:20:00,6069.7995
2025-05-25 19:30:00,6223.1156
2025-05-25 19:40:00,5947.0369
2025-05-25 19:50:00,6229.4268
2025-05-25 20:00:00,6253.2593
2025-05-25 20:10:00,5947.1904
2025-05-25 20:20:00,5947.2200
2025-05-25 20:30:00,6148.3404
2025-05-25 20:40:00,5947.4443
2025-05-25 20:50:00,5968.8245
2025-05-25 21:00:00,6149.2801
2025-05-25 21:10:00,6069.2352
2025-05-25 21:20:00,6068.9588
2025-05-25 21:30:00,6068.7043
2025-05-25 21:40:00,5996.5158
2025-05-25 21:50:00,6144.7945
2025-05-25 22:00:00,6193.9782
2025-05-25 22:10:00,6113.9517
2025-05-25 22:20:00,6013.5968
2025-05-25 22:30:00,6099.9484
2025-05-25 22:40:00,6111.2000
2025-05-25 22:50:00,6140.4737
2025-05-25 23:00:00,5944.1905
2025-05-25 23:10:00,6237.6907
2025-05-25 23:20:00,6238.4179
2025-05-25 23:30:00,6238.9828
2025-05-25 23:40:00,6240.2612
2025-05-25 23:50:00,6237.3385
2025-05-26 00:00:00,5951.0543
2025-05-26 00:10:00,5949.5031
2025-05-26 00:20:00,6239.5007
2025-05-26 00:30:00,5944.1905
2025-05-26 00:40:00,5955.4407
2025-05-26 00:50:00,5956.1699
2025-05-26 01:00:00,5595.8182
2025-05-26 01:10:00,5801.7787
2025-05-26 01:20:00,5616.9536
2025-05-26 01:30:00,5944.1905
2025-05-26 01:40:00,5794.8852
2025-05-26 01:50:00,5956.3993
2025-05-26 02:00:00,5950.2213
2025-05-26 02:10:00,6107.9488
2025-05-26 02:20:00,6248.9212
2025-05-26 02:30:00,5954.4289
2025-05-26 02:40:00,5957.9819
2025-05-26 02:50:00,5957.5223
2025-05-26 03:00:00,6116.0983
2025-05-26 03:10:00,5944.1905
2025-05-26 03:20:00,5956.7075
2025-05-26 03:30:00,5944.1905
2025-05-26 03:40:00,5954.1784
2025-05-26 03:50:00,5949.4459
2025-05-26 04:00:00,6114.5939
2025-05-26 04:10:00,5949.4752
2025-05-26 04:20:00,6254.4317
2025-05-26 04:30:00,6226.2737
2025-05-26 04:40:00,6221.1351
2025-05-26 04:50:00,6115.5211
2025-05-26 05:00:00,6110.5560
2025-05-26 05:10:00,5955.5833
2025-05-26 05:20:00,6200.8593
2025-05-26 05:30:00,6064.7749
2025-05-26 05:40:00,5944.1905
2025-05-26 05:50:00,6151.2887
2025-05-26 06:00:00,6412.1137
2025-05-26 06:10:00,6071.9738
2025-05-26 06:20:00,6233.1820
2025-05-26 06:30:00,6105.8811
2025-05-26 06:40:00,6239.7020
2025-05-26 06:50:00,6018.1112
2025-05-26 07:00:00,6167.5060
2025-05-26 07:10:00,6043.2460
2025-05-26 07:20:00,6232.7754
2025-05-26 07:30:00,6084.2964
2025-05-26 07:40:00,6104.0471
2025-05-26 07:50:00,6106.9580
2025-05-26 08:00:00,6061.4494
2025-05-26 08:10:00,6105.9413
2025-05-26 08:20:00,6263.4094
2025-05-26 08:30:00,6238.5495
2025-05-26 08:40:00,6141.7149
2025-05-26 08:50:00,6240.8668
2025-05-26 09:00:00,6203.1293
2025-05-26 09:10:00,5934.0538
2025-05-26 09:20:00,6258.6804
2025-05-26 09:30:00,6066.8140
2025-05-26 09:40:00,6146.6755
2025-05-26 09:50:00,6262.0929
2025-05-26 10:00:00,6137.7321
2025-05-26 10:10:00,6154.5332
2025-05-26 10:20:00,6160.5518
2025-05-26 10:30:00,6228.7838
2025-05-26 10:40:00,6153.7972
2025-05-26 10:50:00,6134.6127
2025-05-26 11:00:00,6000.7093
2025-05-26 11:10:00,6063.4724
2025-05-26 11:20:00,6072.1607
2025-05-26 11:30:00,6085.5633
2025-05-26 11:40:00,6016.3923
2025-05-26 11:50:00,6313.0396
2025-05-26 12:00:00,6048.0928
2025-05-26 12:10:00,6111.2000
2025-05-26 12:20:00,6232.7127
2025-05-26 12:30:00,6111.2000
2025-05-26 12:40:00,6111.2000
2025-05-26 12:50:00,6234.5249
2025-05-26 13:00:00,6081.7454
2025-05-26 13:10:00,6135.1145
2025-05-26 13:20:00,6135.7304
2025-05-26 13:30:00,6135.5006
2025-05-26 13:40:00,6240.4125
2025-05-26 13:50:00,5951.0181
2025-05-26 14:00:00,6240.4007
2025-05-26 14:10:00,6232.7600
2025-05-26 14:20:00,5944.1905
2025-05-26 14:30:00,6128.1895
2025-05-26 14:40:00,5944.1905
2025-05-26 14:50:00,5950.1910
2025-05-26 15:00:00,6127.0505
2025-05-26 15:10:00,6122.5047
2025-05-26 15:20:00,6044.1364
2025-05-26 15:30:00,5955.5964
2025-05-26 15:40:00,6261.0437
2025-05-26 15:50:00,5999.8319
2025-05-26 16:00:00,5950.2204
2025-05-26 16:10:00,6259.5760
2025-05-26 16:20:00,6143.6717
2025-05-26 16:30:00,5944.1905
2025-05-26 16:40:00,5956.6240
2025-05-26 16:50:00,5417.7273
2025-05-26 17:00:00,5803.3486
2025-05-26 17:10:00,5972.7120
2025-05-26 17:20:00,5972.5860
2025-05-26 17:30:00,5944.1905
2025-05-26 17:40:00,6149.3667
2025-05-26 17:50:00,6251.5495
2025-05-26 18:00:00,5956.8107
2025-05-26 18:10:00,6184.8328
2025-05-26 18:20:00,5944.1905
2025-05-26 18:30:00,6032.5269
2025-05-26 18:40:00,6195.9912
2025-05-26 18:50:00,5974.0467
2025-05-26 19:00:00,5949.9146
2025-05-26 19:10:00,6140.8748
2025-05-26 19:20:00,6174.6967
2025-05-26 19:30:00,6064.4241
2025-05-26 19:40:00,5970.7282
2025-05-26 19:50:00,6213.6513
2025-05-26 20:00:00,6328.9320
2025-05-26 20:10:00,6110.1008
2025-05-26 20:20:00,6004.0531
2025-05-26 20:30:00,5944.1905
2025-05-26 20:40:00,6031.9867
2025-05-26 20:50:00,6203.9357
2025-05-26 21:00:00,6194.7755
2025-05-26 21:10:00,6238.7910
2025-05-26 21:20:00,6178.3475
2025-05-26 21:30:00,6137.4293
2025-05-26 21:40:00,6090.3631
2025-05-26 21:50:00,6079.4210
2025-05-26 22:00:00,6058.7050
2025-05-26 22:10:00,6100.8800
2025-05-26 22:20:00,6137.7321
2025-05-26 22:30:00,6046.1858
2025-05-26 22:40:00,6137.7321
2025-05-26 22:50:00,6067.5841
2025-05-26 23:00:00,6068.9632
2025-05-26 23:10:00,6232.9471
2025-05-26 23:20:00,6540.6647
2025-05-26 23:30:00,6047.2727
2025-05-26 23:40:00,6230.2292
2025-05-26 23:50:00,6268.5604
2025-05-27 00:00:00,6165.4411
2025-05-27 00:10:00,6170.2010
2025-05-27 00:20:00,6266.2550
2025-05-27 00:30:00,6144.6528
2025-05-27 00:40:00,6226.8599
2025-05-27 00:50:00,6062.6541
2025-05-27 01:00:00,6165.2916
2025-05-27 01:10:00,6062.1457
2025-05-27 01:20:00,5947.6798
2025-05-27 01:30:00,6145.5368
2025-05-27 01:40:00,6165.5343
2025-05-27 01:50:00,6167.6029
2025-05-27 02:00:00,6264.9370
2025-05-27 02:10:00,6258.3235
2025-05-27 02:20:00,5948.2313
2025-05-27 02:30:00,6069.0660
2025-05-27 02:40:00,6149.8602
2025-05-27 02:50:00,6069.0230
2025-05-27 03:00:00,6227.0910
2025-05-27 03:10:00,6151.1583
2025-05-27 03:20:00,6068.7225
2025-05-27 03:30:00,6262.8187
2025-05-27 03:40:00,6152.3104
2025-05-27 03:50:00,6244.0782
2025-05-27 04:00:00,6247.2951
2025-05-27 04:10:00,6059.2194
2025-05-27 04:20:00,6012.9674
2025-05-27 04:30:00,6147.8708
2025-05-27 04:40:00,6186.5909
2025-05-27 04:50:00,6077.9037
2025-05-27 05:00:00,5998.8003
2025-05-27 05:10:00,6226.7937
2025-05-27 05:20:00,6134.5655
2025-05-27 05:30:00,6135.4919
2025-05-27 05:40:00,5944.1905
2025-05-27 05:50:00,6074.5343
2025-05-27 06:00:00,6074.4862
2025-05-27 06:10:00,6074.4112
2025-05-27 06:20:00,6127.7820
2025-05-27 06:30:00,6124.1833
2025-05-27 06:40:00,5944.1905
2025-05-27 06:50:00,6126.5632
2025-05-27 07:00:00,6127.7820
2025-05-27 07:10:00,6186.3849
2025-05-27 07:20:00,6129.0198
2025-05-27 07:30:00,6117.9353
2025-05-27 07:40:00,6076.3994
2025-05-27 07:50:00,6123.4708
2025-05-27 08:00:00,6122.5651
2025-05-27 08:10:00,6008.3642
2025-05-27 08:20:00,6231.0376
2025-05-27 08:30:00,6136.0854
2025-05-27 08:40:00,5944.1905
2025-05-27 08:50:00,6137.8933
2025-05-27 09:00:00,6247.1449
2025-05-27 09:10:00,6247.7458
2025-05-27 09:20:00,6151.0401
2025-05-27 09:30:00,6262.0929
2025-05-27 09:40:00,6066.6425
2025-05-27 09:50:00,6151.5679
2025-05-27 10:00:00,6068.6819
2025-05-27 10:10:00,6263.4012
2025-05-27 10:20:00,6150.9611
2025-05-27 10:30:00,6068.9767
2025-05-27 10:40:00,6165.9998
2025-05-27 10:50:00,6150.3242
2025-05-27 11:00:00,6069.0385
2025-05-27 11:10:00,6137.7321
2025-05-27 11:20:00,6171.6481
2025-05-27 11:30:00,6223.6879
2025-05-27 11:40:00,6171.7575
2025-05-27 11:50:00,6069.1526
2025-05-27 12:00:00,6069.2730
2025-05-27 12:10:00,6259.4453
2025-05-27 12:20:00,6171.8108
2025-05-27 12:30:00,6058.1305
2025-05-27 12:40:00,6057.7045
2025-05-27 12:50:00,6057.4134
2025-05-27 13:00:00,6172.8136
2025-05-27 13:10:00,5941.4055
2025-05-27 13:20:00,6146.1419
2025-05-27 13:30:00,6150.3303
2025-05-27 13:40:00,6227.0040
2025-05-27 13:50:00,6249.0481
2025-05-27 14:00:00,6264.5750
2025-05-27 14:10:00,6068.8188
2025-05-27 14:20:00,6263.2061
2025-05-27 14:30:00,6151.6012
2025-05-27 14:40:00,6262.8201
2025-05-27 14:50:00,6152.0420
2025-05-27 15:00:00,6261.6720
2025-05-27 15:10:00,6238.1955
2025-05-27 15:20:00,6151.6989
2025-05-27 15:30:00,6146.2520
2025-05-27 15:40:00,6151.4403
2025-05-27 15:50:00,6146.4682
2025-05-27 16:00:00,6150.7932
2025-05-27 16:10:00,6068.9253
2025-05-27 16:20:00,6146.2492
2025-05-27 16:30:00,6262.3338
2025-05-27 16:40:00,6226.9654
2025-05-27 16:50:00,5914.6392
2025-05-27 17:00:00,6204.9796
2025-05-27 17:10:00,6069.1387
2025-05-27 17:20:00,6146.0114
2025-05-27 17:30:00,6149.3650
2025-05-27 17:40:00,6258.8314
2025-05-27 17:50:00,6069.2455
2025-05-27 18:00:00,6149.2421
2025-05-27 18:10:00,6069.3559
2025-05-27 18:20:00,6226.7230
2025-05-27 18:30:00,6149.1301
2025-05-27 18:40:00,6226.7046
2025-05-27 18:50:00,6226.6514
2025-05-27 19:00:00,6257.2651
2025-05-27 19:10:00,5916.9783
2025-05-27 19:20:00,6222.5436
2025-05-27 19:30:00,6258.1139
2025-05-27 19:40:00,6226.7420
2025-05-27 19:50:00,6222.5063
2025-05-27 20:00:00,6226.7420
2025-05-27 20:10:00,6069.3329
2025-05-27 20:20:00,6226.7715
2025-05-27 20:30:00,6149.4764
2025-05-27 20:40:00,6069.2352
2025-05-27 20:50:00,6069.2223
2025-05-27 21:00:00,6149.8090
2025-05-27 21:10:00,6069.2235
2025-05-27 21:20:00,6226.8795
2025-05-27 21:30:00,6149.9458
2025-05-27 21:40:00,6261.1600
2025-05-27 21:50:00,6226.9275
2025-05-27 22:00:00,6226.9785
2025-05-27 22:10:00,6262.3338
2025-05-27 22:20:00,6262.6702
2025-05-27 22:30:00,6146.2388
2025-05-27 22:40:00,6150.5367
2025-05-27 22:50:00,6172.4493
2025-05-27 23:00:00,6146.0011
2025-05-27 23:10:00,6263.3280
2025-05-27 23:20:00,6150.7531
2025-05-27 23:30:00,6146.3200
2025-05-27 23:40:00,6150.7531
2025-05-27 23:50:00,6227.1226
2025-05-28 00:00:00,6119.3590
2025-05-28 00:10:00,6150.8089
2025-05-28 00:20:00,6068.9253
2025-05-28 00:30:00,6150.7531
2025-05-28 00:40:00,6263.8706
2025-05-28 00:50:00,6227.0316
2025-05-28 01:00:00,6068.9752
2025-05-28 01:10:00,6263.3280
2025-05-28 01:20:00,6227.0190
2025-05-28 01:30:00,6262.4588
2025-05-28 01:40:00,6145.9324
2025-05-28 01:50:00,6226.9387
2025-05-28 02:00:00,6226.9387
2025-05-28 02:10:00,6261.4559
2025-05-28 02:20:00,6150.1332
2025-05-28 02:30:00,6226.8795
2025-05-28 02:40:00,6149.8563
2025-05-28 02:50:00,6069.1960
2025-05-28 03:00:00,6226.8344
2025-05-28 03:10:00,6259.7667
2025-05-28 03:20:00,6057.8479
2025-05-28 03:30:00,6058.2697
2025-05-28 03:40:00,6149.6408
2025-05-28 03:50:00,6226.8128
2025-05-28 04:00:00,5968.5458
2025-05-28 04:10:00,6145.9864
2025-05-28 04:20:00,6226.8022
2025-05-28 04:30:00,5968.4985
2025-05-28 04:40:00,6259.9313
2025-05-28 04:50:00,6259.7667
2025-05-28 05:00:00,6248.4657
2025-05-28 05:10:00,6150.2306
2025-05-28 05:20:00,6226.9514
2025-05-28 05:30:00,6227.0040
2025-05-28 05:40:00,6226.2914
2025-05-28 05:50:00,6151.9442
2025-05-28 06:00:00,5996.9416
2025-05-28 06:10:00,6144.2111
2025-05-28 06:20:00,6242.8401
2025-05-28 06:30:00,6147.0984
2025-05-28 06:40:00,6139.7181
2025-05-28 06:50:00,6075.0871
2025-05-28 07:00:00,6086.0344
2025-05-28 07:10:00,5944.1905
2025-05-28 07:20:00,6231.7086
2025-05-28 07:30:00,6111.2000
2025-05-28 07:40:00,6048.1839
2025-05-28 07:50:00,6232.0294
2025-05-28 08:00:00,6081.5672
2025-05-28 08:10:00,5944.1905
2025-05-28 08:20:00,6232.0576
2025-05-28 08:30:00,6111.2000
2025-05-28 08:40:00,6099.5000
2025-05-28 08:50:00,6226.2855
2025-05-28 09:00:00,6084.6443
2025-05-28 09:10:00,5944.1905
2025-05-28 09:20:00,5944.1905
2025-05-28 09:30:00,6128.9753
2025-05-28 09:40:00,6247.3813
2025-05-28 09:50:00,6151.5679
2025-05-28 10:00:00,6227.1061
2025-05-28 10:10:00,5944.1905
2025-05-29 09:00:00,6547.8307
2025-05-29 09:02:59,6069.7649
2025-05-29 09:20:00,6222.8932
2025-05-29 09:30:00,6542.1574
2025-05-29 09:40:00,5947.8799
2025-05-29 09:50:00,6226.9905
2025-05-29 10:00:00,5826.1093
2025-05-29 10:10:00,6138.7231
2025-05-29 10:20:00,6007.4503
2025-05-29 10:30:00,6022.8194
2025-05-29 10:40:00,6048.2059
2025-05-29 10:50:00,6111.2000
2025-05-29 11:00:00,6136.0125
2025-05-29 11:10:00,6136.3266
2025-05-29 11:20:00,6047.7090
2025-05-29 11:30:00,6360.9225
2025-05-29 11:40:00,6070.5878
2025-05-29 11:50:00,5954.8852
2025-05-29 12:00:00,6052.2652
2025-05-29 12:10:00,5950.7759
2025-05-29 12:20:00,5963.0000
2025-05-29 12:30:00,5944.1905
2025-05-29 12:40:00,5944.1905
2025-05-29 12:50:00,5594.9765
2025-05-29 13:00:00,5956.6270
2025-05-29 13:10:00,5955.7399
2025-05-29 13:20:00,5950.3966
2025-05-29 13:30:00,5792.1673
2025-05-29 13:40:00,5953.9317
2025-05-29 13:50:00,5601.9091
2025-05-29 14:00:00,5971.0255
2025-05-29 14:10:00,5950.4384
2025-05-29 14:20:00,5950.2218
2025-05-29 14:30:00,6046.7778
2025-05-29 14:40:00,5944.1905
2025-05-29 14:50:00,5601.9091
2025-05-29 15:00:00,5957.6086
2025-05-29 15:10:00,5955.7109
2025-05-29 15:20:00,5944.1905
2025-05-29 15:30:00,5957.8371
2025-05-29 15:40:00,5971.8111
2025-05-29 15:50:00,5595.8182
2025-05-29 16:00:00,5637.8854
2025-05-29 16:10:00,5955.5729
2025-05-29 16:20:00,5944.1905
2025-05-29 16:30:00,5783.2730
2025-05-29 16:40:00,5955.9541
2025-05-29 16:50:00,5944.1905
2025-05-29 17:00:00,5955.8642
2025-05-29 17:10:00,5794.9314
2025-05-29 17:20:00,5601.9091
2025-05-29 17:30:00,5590.9836
2025-05-29 17:40:00,5944.1905
2025-05-29 17:50:00,5601.9091
2025-05-29 18:00:00,5601.9091
2025-05-29 18:10:00,5595.8182
2025-05-29 18:20:00,5601.9091
2025-05-29 18:30:00,5944.1905
2025-05-29 18:40:00,5595.8182
2025-05-29 18:50:00,5601.9091
2025-05-29 19:00:00,5800.3018
2025-05-29 19:10:00,5954.8692
2025-05-29 19:20:00,5949.4820
2025-05-29 19:30:00,5944.1905
2025-05-29 19:40:00,5957.4825
2025-05-29 19:50:00,5954.2301
2025-05-29 20:00:00,6232.7302
2025-05-29 20:10:00,6169.0391
2025-05-29 20:20:00,5956.6268
2025-05-29 20:30:00,6184.7845
2025-05-29 20:40:00,6232.9272
2025-05-29 20:50:00,6044.6165
2025-05-29 21:00:00,6234.0106
2025-05-29 21:10:00,6086.2077
2025-05-29 21:20:00,6037.5917
2025-05-29 21:30:00,6008.9893
2025-05-29 21:40:00,6124.8321
2025-05-29 21:50:00,6081.5244
2025-05-29 22:00:00,6185.5068
2025-05-29 22:10:00,5994.7997
2025-05-29 22:20:00,6060.6584
2025-05-29 22:30:00,6127.7071
2025-05-29 22:40:00,6135.9357
2025-05-29 22:50:00,6148.9419
2025-05-29 23:00:00,6145.9121
2025-05-29 23:10:00,6252.6583
2025-05-29 23:13:00,6241.1837
2025-05-29 23:20:00,6130.0456
2025-05-29 23:30:00,6133.6340
2025-05-29 23:40:00,6141.5628
2025-05-29 23:50:00,6072.7381
2025-05-30 00:00:00,6186.1505
2025-05-30 00:10:00,6009.5854
2025-05-30 00:20:00,5852.6115
2025-05-30 00:30:00,6119.6579
2025-05-30 00:40:00,6062.0290
2025-05-30 00:50:00,6015.3646
2025-05-30 01:00:00,6114.5932
2025-05-30 01:10:00,6045.1934
2025-05-30 01:20:00,6022.6948
2025-05-30 01:30:00,6231.9409
2025-05-30 01:40:00,6175.0602
2025-05-30 01:50:00,6048.1497
2025-05-30 02:00:00,5944.1905
2025-05-30 02:10:00,6111.2000
2025-05-30 02:20:00,6172.1253
2025-05-30 02:30:00,6173.5217
2025-05-30 02:40:00,6111.2000
2025-05-30 02:50:00,6124.4675
2025-05-30 03:00:00,6111.2000
2025-05-30 03:10:00,6111.2000
2025-05-30 03:20:00,6111.2000
2025-05-30 03:30:00,6231.9961
2025-05-30 03:40:00,6232.2623
2025-05-30 03:50:00,6175.0602
2025-05-30 04:00:00,6172.0092
2025-05-30 04:10:00,6111.2000
2025-05-30 04:20:00,6111.2000
2025-05-30 04:30:00,6175.0602
2025-05-30 04:40:00,6111.2000
2025-05-30 04:50:00,6122.3941
2025-05-30 05:00:00,6172.9611
2025-05-30 05:10:00,6232.2025
2025-05-30 05:20:00,6047.9858
2025-05-30 05:30:00,6122.3941
2025-05-30 05:40:00,6111.2000
2025-05-30 05:50:00,6111.2000
2025-05-30 06:00:00,6174.1901
2025-05-30 06:10:00,6026.5451
2025-05-30 06:20:00,6048.0928
2025-05-30 06:30:00,6111.2000
2025-05-30 06:40:00,5944.1905
2025-05-30 06:50:00,6313.0242
2025-05-30 07:00:00,6111.2000
2025-05-30 07:10:00,6175.3558
2025-05-30 07:20:00,6232.2926
2025-05-30 07:30:00,6111.2000
2025-05-30 07:40:00,6111.2000
2025-05-30 07:50:00,6048.1497
2025-05-30 08:00:00,6174.7606
2025-05-30 08:10:00,6232.2623
2025-05-30 08:20:00,6111.2000
2025-05-30 08:30:00,6111.2000
2025-05-30 08:40:00,6312.9849
2025-05-30 08:50:00,6232.2025
2025-05-30 09:00:00,6122.3941
2025-05-30 09:10:00,6172.9611
2025-05-30 09:20:00,6052.3599
2025-05-30 09:30:00,6081.4017
2025-05-30 09:40:00,5944.1905
2025-05-30 09:50:00,6111.2000
2025-05-30 10:00:00,6120.0676
2025-05-30 10:10:00,6094.4520
2025-05-30 10:20:00,6142.1589
2025-05-30 10:30:00,6083.5783
2025-05-30 10:40:00,6083.2060
2025-05-30 10:50:00,6100.4331
2025-05-30 11:00:00,5990.0342
2025-05-30 11:10:00,5989.9274
2025-05-30 11:20:00,6023.8523
2025-05-30 11:30:00,6022.2199
2025-05-30 11:40:00,6224.5456
2025-05-30 11:50:00,6040.8151
2025-05-30 12:00:00,6108.0882
2025-05-30 12:10:00,6110.3133
2025-05-30 12:20:00,6065.1911
2025-05-30 12:30:00,5851.7474
2025-05-30 12:40:00,6065.1911
2025-05-30 12:50:00,6103.1849
2025-05-30 13:00:00,6057.9963
2025-05-30 13:10:00,6085.9011
2025-05-30 13:20:00,6111.5949
2025-05-30 13:30:00,6013.3400
2025-05-30 13:40:00,6085.8581
2025-05-30 13:50:00,6186.0585
2025-05-30 14:00:00,6113.9517
2025-05-30 14:10:00,6113.0139
2025-05-30 14:20:00,6065.9848
2025-05-30 14:30:00,6085.6803
2025-05-30 14:40:00,6109.7998
2025-05-30 14:50:00,6062.0290
2025-05-30 15:00:00,6025.7227
2025-05-30 15:10:00,6040.5546
2025-05-30 15:20:00,6084.9780
2025-05-30 15:30:00,6018.7345
2025-05-30 15:40:00,6016.7773
2025-05-30 15:50:00,6043.6999
2025-05-30 16:00:00,6083.9325
2025-05-30 16:10:00,6083.0099
2025-05-30 16:20:00,6043.5430
2025-05-30 16:30:00,6116.1937
2025-05-30 16:40:00,6046.8223
2025-05-30 16:50:00,6313.0190
2025-05-30 17:00:00,6146.3552
2025-05-30 17:10:00,6050.3866
2025-05-30 17:20:00,6029.0091
2025-05-30 17:30:00,6111.2000
2025-05-30 17:40:00,6175.3558
2025-05-30 17:50:00,6111.2000
2025-05-30 18:00:00,6173.5217
2025-05-30 18:10:00,6172.8785
2025-05-30 18:20:00,6104.6834
2025-05-30 18:30:00,6140.4261
2025-05-30 18:40:00,6111.2000
2025-05-30 18:50:00,6233.4375
2025-05-30 19:00:00,6233.4793
2025-05-30 19:10:00,6063.9909
2025-05-30 19:20:00,6083.8714
2025-05-30 19:30:00,6111.2000
2025-05-30 19:40:00,6106.3303
2025-05-30 19:50:00,6314.5123
2025-05-30 20:00:00,6142.5962
2025-05-30 20:10:00,6080.9303
2025-05-30 20:20:00,6080.9923
2025-05-30 20:30:00,6312.8279
2025-05-30 20:40:00,6134.9073
2025-05-30 20:50:00,6083.8780
2025-05-30 21:00:00,5944.1905
2025-05-30 21:10:00,6235.4759
2025-05-30 21:20:00,6085.0556
2025-05-30 21:30:00,6238.3241
2025-05-30 21:40:00,6134.0368
2025-05-30 21:50:00,6134.1632
2025-05-30 22:00:00,6081.6443
2025-05-30 22:10:00,6020.0082
2025-05-30 22:20:00,6203.5139
2025-05-30 22:30:00,5944.1905
2025-05-30 22:40:00,6135.9971
2025-05-30 22:50:00,6111.2000
2025-05-30 23:00:00,6233.7761
2025-05-30 23:10:00,6233.9228
2025-05-30 23:20:00,6111.2000
2025-05-30 23:30:00,6232.8885
2025-05-30 23:40:00,6111.2000
2025-05-30 23:50:00,6104.6834
2025-05-31 00:00:00,6104.3046
2025-05-31 00:10:00,6022.9474
2025-05-31 00:20:00,6055.7079
2025-05-31 00:30:00,5944.1905
2025-05-31 00:40:00,6111.2000
2025-05-31 00:50:00,6082.8887
2025-05-31 01:00:00,6134.0313
2025-05-31 01:10:00,6137.1974
2025-05-31 01:20:00,5939.6260
2025-05-31 01:30:00,6088.6323
2025-05-31 01:40:00,5944.1905
2025-05-31 01:50:00,6261.1271
2025-05-31 02:00:00,5950.1195
2025-05-31 02:10:00,5944.1905
2025-05-31 02:20:00,5944.1905
2025-05-31 02:30:00,6227.7031
2025-05-31 02:40:00,5949.4109
2025-05-31 02:50:00,6064.2646
2025-05-31 03:00:00,5954.3232
2025-05-31 03:10:00,5956.7183
2025-05-31 03:20:00,6001.9873
2025-05-31 03:30:00,5944.1905
2025-05-31 03:40:00,5795.4059
2025-05-31 03:50:00,5804.2287
2025-05-31 04:00:00,5417.7273
2025-05-31 04:10:00,5601.9091
2025-05-31 04:20:00,5601.9091
2025-05-31 04:30:00,5958.3991
2025-05-31 04:40:00,5944.1905
2025-05-31 04:50:00,5601.9091
2025-05-31 05:00:00,6046.4979
2025-05-31 05:10:00,5956.2995
2025-05-31 05:20:00,5944.1905
2025-05-31 05:30:00,5944.1905
2025-05-31 05:40:00,5951.5737
2025-05-31 05:50:00,6000.5601
2025-05-31 06:00:00,5944.1905
2025-05-31 06:10:00,5944.1905
2025-05-31 06:20:00,6003.2410
2025-05-31 06:30:00,5956.6404
2025-05-31 06:40:00,5601.9091
2025-05-31 06:50:00,5608.0069
2025-05-31 07:00:00,5597.6876
2025-05-31 07:10:00,5955.6626
2025-05-31 07:20:00,6271.7237
2025-05-31 07:30:00,5955.3469
2025-05-31 07:40:00,5595.8182
2025-05-31 07:50:00,5601.9091
2025-05-31 08:00:00,5944.1905
2025-05-31 08:10:00,5956.7005
2025-05-31 08:20:00,5956.6502
2025-05-31 08:30:00,5957.3074
2025-05-31 08:40:00,5956.0737
2025-05-31 08:50:00,5602.6675
2025-05-31 09:00:00,5971.6405
2025-05-31 09:10:00,5793.5663
2025-05-31 09:20:00,5944.1905
2025-05-31 09:30:00,5417.7273
2025-05-31 09:40:00,5595.8182
2025-05-31 09:50:00,5417.7273
2025-05-31 10:00:00,5948.7776
2025-05-31 10:10:00,5582.8856
2025-05-31 10:20:00,5601.9091
2025-05-31 10:30:00,5601.9091
2025-05-31 10:40:00,5417.7273
2025-05-31 10:50:00,5944.1905
2025-05-31 11:00:00,5944.1905
2025-05-31 11:10:00,5944.1905
2025-05-31 11:20:00,5601.9091
2025-05-31 11:30:00,5956.1171
2025-05-31 11:40:00,6110.6602
2025-05-31 11:50:00,6200.4707
2025-05-31 12:00:00,6031.5080
2025-05-31 12:10:00,5950.4334
2025-05-31 12:20:00,6234.7087
2025-05-31 12:30:00,5944.1905
2025-05-31 12:40:00,6141.4746
2025-05-31 12:50:00,6194.7546
2025-05-31 13:00:00,6111.2000
2025-05-31 13:10:00,6105.2196
2025-05-31 13:20:00,6137.0019
2025-05-31 13:30:00,5998.8537
2025-05-31 13:40:00,6281.0649
2025-05-31 13:50:00,6259.0474
2025-05-31 14:00:00,6068.0617
2025-05-31 14:10:00,6218.2107
2025-05-31 14:20:00,6258.4662
2025-05-31 14:30:00,6227.1435
2025-05-31 14:40:00,6228.8932
2025-05-31 14:50:00,6164.3117
2025-05-31 15:00:00,5948.2561
2025-05-31 15:10:00,6218.2824
2025-05-31 15:20:00,6218.3874
2025-05-31 15:30:00,6068.1548
2025-05-31 15:40:00,6227.1226
2025-05-31 15:50:00,6151.5679
2025-05-31 16:00:00,6067.2451
2025-05-31 16:10:00,6334.5995
2025-05-31 16:20:00,6009.1217
2025-05-31 16:30:00,6025.3462
2025-05-31 16:40:00,6167.1153
2025-05-31 16:50:00,5998.0671
2025-05-31 17:00:00,6081.1747
2025-05-31 17:10:00,6015.1640
2025-05-31 17:20:00,6111.2000
2025-05-31 17:30:00,5688.9556
2025-05-31 17:40:00,6024.0101
2025-05-31 17:50:00,5950.0364
2025-05-31 18:00:00,6372.3669
2025-05-31 18:10:00,5907.0211
2025-05-31 18:20:00,6226.8073
2025-05-31 18:30:00,6322.6397
2025-05-31 18:40:00,6256.3406
2025-05-31 18:50:00,6194.1655
2025-05-31 19:00:00,6245.9593
2025-05-31 19:10:00,6143.3735
2025-05-31 19:20:00,5417.7273
2025-05-31 19:30:00,5955.3480
2025-05-31 19:40:00,5944.1905
2025-05-31 19:50:00,5972.7565
2025-05-31 20:00:00,5417.7273
2025-05-31 20:10:00,5972.6217
2025-05-31 20:20:00,5417.7273
2025-05-31 20:30:00,5944.1905
2025-05-31 20:40:00,6173.7726
2025-05-31 20:50:00,5950.3439
2025-05-31 21:00:00,6243.1977
2025-05-31 21:10:00,5944.1905
2025-05-31 21:20:00,5978.1250
2025-05-31 21:30:00,6004.6504
2025-05-31 21:40:00,5950.9347
2025-05-31 21:50:00,5944.1905
2025-05-31 22:00:00,5972.8716
2025-05-31 22:10:00,5944.1905
2025-05-31 22:20:00,6244.4849
2025-05-31 22:30:00,5944.1905
2025-05-31 22:40:00,6240.5406
2025-05-31 22:50:00,5781.8131
2025-05-31 23:00:00,5949.7094
2025-05-31 23:10:00,5944.1905
2025-05-31 23:20:00,5969.9969
2025-05-31 23:30:00,5949.7390
2025-05-31 23:40:00,5949.1257
2025-05-31 23:50:00,5978.3611
2025-06-01 00:00:00,6180.0757
2025-06-01 00:10:00,5795.4155
2025-06-01 00:20:00,5775.9980
2025-06-01 00:30:00,5645.4645
2025-06-01 00:40:00,5805.9123
2025-06-01 00:50:00,6032.4336
2025-06-01 01:00:00,6258.3894
2025-06-01 01:10:00,5950.8555
2025-06-01 01:20:00,5601.9091
2025-06-01 01:30:00,5601.9091
2025-06-01 01:40:00,6230.2051
2025-06-01 01:50:00,6037.5165
2025-06-01 02:00:00,5944.1905
2025-06-01 02:10:00,5949.4554
2025-06-01 02:20:00,6209.6272
2025-06-01 02:30:00,5944.1905
2025-06-01 02:40:00,5944.1905
2025-06-01 02:50:00,6069.7039
2025-06-01 03:00:00,6166.3142
2025-06-01 03:10:00,6058.0331
2025-06-01 03:20:00,6063.4397
2025-06-01 03:30:00,6172.8467
2025-06-01 03:40:00,6099.6828
2025-06-01 03:50:00,6266.6748
2025-06-01 04:00:00,6272.0036
2025-06-01 04:10:00,6256.2145
2025-06-01 04:20:00,6228.4674
2025-06-01 04:30:00,6266.5703
2025-06-01 04:40:00,6049.7013
2025-06-01 04:50:00,6544.4112
2025-06-01 05:00:00,6530.4287
2025-06-01 05:10:00,6063.2585
2025-06-01 05:20:00,6230.2038
2025-06-01 05:30:00,6069.3630
2025-06-01 05:40:00,6221.7042
2025-06-01 05:50:00,5948.0175
2025-06-01 06:00:00,6539.4713
2025-06-01 06:10:00,6149.9941
2025-06-01 06:20:00,6262.8571
2025-06-01 06:30:00,6067.1562
2025-06-01 06:40:00,6064.3918
2025-06-01 06:50:00,6009.6130
2025-06-01 07:00:00,6055.4271
2025-06-01 07:10:00,6077.5108
2025-06-01 07:20:00,6108.0882
2025-06-01 07:30:00,6020.6889
2025-06-01 07:40:00,6082.2182
2025-06-01 07:50:00,6048.0774
2025-06-01 08:00:00,6111.2000
2025-06-01 08:10:00,5944.1905
2025-06-01 08:20:00,6233.5135
2025-06-01 08:30:00,6081.5518
2025-06-01 08:40:00,6045.8829
2025-06-01 08:50:00,6079.9975
2025-06-01 09:00:00,6085.4106
2025-06-01 09:10:00,6135.4821
2025-06-01 09:20:00,5944.1905
2025-06-01 09:30:00,6240.0431
2025-06-01 09:40:00,5944.1905
2025-06-01 09:50:00,6135.9555
2025-06-01 10:00:00,6084.4573
2025-06-01 10:10:00,6114.4069
2025-06-01 10:20:00,5944.1905
2025-06-01 10:30:00,6114.5070
2025-06-01 10:40:00,6114.4709
2025-06-01 10:50:00,6241.2511
2025-06-01 11:00:00,6070.3742
2025-06-01 11:10:00,6114.2563
2025-06-01 11:20:00,5944.1905
2025-06-01 11:30:00,6142.7064
2025-06-01 11:40:00,6226.7238
2025-06-01 11:50:00,6134.7939
2025-06-01 12:00:00,6085.7494
2025-06-01 12:10:00,5944.1905
2025-06-01 12:20:00,6233.5910
2025-06-01 12:30:00,6111.2000
2025-06-01 12:40:00,6021.6552
2025-06-01 12:50:00,6170.9212
2025-06-01 13:00:00,6080.9123
2025-06-01 13:10:00,6080.8492
2025-06-01 13:20:00,6063.1971
2025-06-01 13:30:00,6117.6337
2025-06-01 13:40:00,6113.3952
2025-06-01 13:50:00,6106.7641
2025-06-01 14:00:00,6151.9843
2025-06-01 14:10:00,6061.3868
2025-06-01 14:20:00,6258.0928
2025-06-01 14:30:00,6230.2007
2025-06-01 14:40:00,6260.1537
2025-06-01 14:50:00,6261.1156
2025-06-01 15:00:00,6137.7321
2025-06-01 15:10:00,6227.0329
2025-06-01 15:20:00,6149.5490
2025-06-01 15:30:00,6248.7931
2025-06-01 15:40:00,6068.9913
2025-06-01 15:50:00,6226.0063
2025-06-01 16:00:00,5811.7637
2025-06-01 16:10:00,6068.7225
2025-06-01 16:20:00,6151.8334
2025-06-01 16:30:00,6262.0929
2025-06-01 16:40:00,5995.9281
2025-06-01 16:50:00,6239.6801
2025-06-01 17:00:00,6008.6431
2025-06-01 17:10:00,6115.5968
2025-06-01 17:20:00,6069.2718
2025-06-01 17:30:00,6034.8776
2025-06-01 17:40:00,6082.6959
2025-06-01 17:50:00,6102.4295
2025-06-01 18:00:00,6140.4261
2025-06-01 18:10:00,6022.6887
2025-06-01 18:20:00,5944.1905
2025-06-01 18:30:00,6237.8485
2025-06-01 18:40:00,6084.5464
2025-06-01 18:50:00,6065.8340
2025-06-01 19:00:00,6039.1453
2025-06-01 19:10:00,6373.7424
2025-06-01 19:20:00,5944.1905
2025-06-01 19:30:00,5944.1905
2025-06-01 19:40:00,6074.1858
2025-06-01 19:50:00,6126.3292
2025-06-01 20:00:00,5944.1905
2025-06-01 20:10:00,5950.4180
2025-06-01 20:20:00,5957.1733
2025-06-01 20:30:00,5995.2917
2025-06-01 20:40:00,6049.4796
2025-06-01 20:50:00,5950.4484
2025-06-01 21:00:00,5957.7938
2025-06-01 21:10:00,5958.4133
2025-06-01 21:20:00,5595.8182
2025-06-01 21:30:00,5957.0387
2025-06-01 21:40:00,5944.1905
2025-06-01 21:50:00,5808.4399
2025-06-01 22:00:00,5601.9091
2025-06-01 22:10:00,5801.7435
2025-06-01 22:20:00,5944.1905
2025-06-01 22:30:00,6041.1913
2025-06-01 22:40:00,5954.6175
2025-06-01 22:50:00,5956.3247
2025-06-01 23:00:00,5601.9091
2025-06-01 23:10:00,5944.1905
2025-06-01 23:20:00,5999.9926
2025-06-01 23:30:00,5944.1905
2025-06-01 23:40:00,5944.1905
2025-06-01 23:50:00,5957.3841
2025-06-02 00:00:00,5601.9091
2025-06-02 00:10:00,6212.2422
2025-06-02 00:20:00,6224.3578
2025-06-02 00:30:00,5949.8679
2025-06-02 00:40:00,6063.3690
2025-06-02 00:50:00,6211.7880
2025-06-02 01:00:00,5944.1905
2025-06-02 01:10:00,5944.1905
2025-06-02 01:20:00,6235.1380
2025-06-02 01:30:00,6135.5527
2025-06-02 01:40:00,6111.2000
2025-06-02 01:50:00,6072.8788
2025-06-02 02:00:00,6098.0902
2025-06-02 02:10:00,6312.2879
2025-06-02 02:20:00,6109.8652
2025-06-02 02:30:00,6248.7722
2025-06-02 02:40:00,6068.4847
2025-06-02 02:50:00,6242.2819
2025-06-02 03:00:00,6234.1804
2025-06-02 03:10:00,6259.2662
2025-06-02 03:20:00,6058.8172
2025-06-02 03:30:00,6165.2529
2025-06-02 03:40:00,5941.3672
2025-06-02 03:50:00,6068.2930
2025-06-02 04:00:00,6218.8400
2025-06-02 04:10:00,6259.0494
2025-06-02 04:20:00,6069.0200
2025-06-02 04:30:00,5964.1651
2025-06-02 04:40:00,5939.8390
2025-06-02 04:50:00,6150.4242
2025-06-02 05:00:00,6262.8571
2025-06-02 05:10:00,6114.7178
2025-06-02 05:20:00,6064.3918
2025-06-02 05:30:00,6258.8533
2025-06-02 05:40:00,6058.7570
2025-06-02 05:50:00,6138.7231
2025-06-02 06:00:00,6075.6726
2025-06-02 06:10:00,6075.6134
2025-06-02 06:20:00,6117.2408
2025-06-02 06:30:00,6063.0144
2025-06-02 06:40:00,6016.4339
2025-06-02 06:50:00,6022.2950
2025-06-02 07:00:00,6040.3370
2025-06-02 07:10:00,6113.2629
2025-06-02 07:20:00,5848.5891
2025-06-02 07:30:00,6111.2000
2025-06-02 07:40:00,6048.0271
2025-06-02 07:50:00,6172.2198
2025-06-02 08:00:00,6232.7472
2025-06-02 08:10:00,6233.3147
2025-06-02 08:20:00,6233.5642
2025-06-02 08:30:00,6140.6345
2025-06-02 08:40:00,6067.7644
2025-06-02 08:50:00,6081.5890
2025-06-02 09:00:00,6234.6337
2025-06-02 09:10:00,6081.1187
2025-06-02 09:20:00,6019.9888
2025-06-02 09:30:00,6235.0362
2025-06-02 09:40:00,6084.2658
2025-06-02 09:50:00,6133.8329
2025-06-02 10:00:00,6235.6770
2025-06-02 10:10:00,6133.6895
2025-06-02 10:20:00,6085.5470
2025-06-02 10:30:00,6084.9508
2025-06-02 10:40:00,6134.0476
2025-06-02 10:50:00,6134.1429
2025-06-02 11:00:00,5944.1905
2025-06-02 11:10:00,6235.3462
2025-06-02 11:20:00,6134.9073
2025-06-02 11:30:00,6234.5147
2025-06-02 11:40:00,5939.3395
2025-06-02 11:50:00,6083.3927
2025-06-02 12:00:00,6233.6427
2025-06-02 12:10:00,6233.3071
2025-06-02 12:20:00,6170.6463
2025-06-02 12:30:00,6231.8527
2025-06-02 12:40:00,6232.3540
2025-06-02 12:50:00,6120.3695
2025-06-02 13:00:00,6231.8120
2025-06-02 13:10:00,6011.2621
2025-06-02 13:20:00,6023.7060
2025-06-02 13:30:00,6016.4217
2025-06-02 13:40:00,6071.5862
2025-06-02 13:50:00,6126.5632
2025-06-02 14:00:00,6076.4054
2025-06-02 14:10:00,6008.7288
2025-06-02 14:20:00,6233.9508
2025-06-02 14:30:00,6138.2382
2025-06-02 14:40:00,6247.3817
2025-06-02 14:50:00,6144.3218
2025-06-02 15:00:00,6144.9731
2025-06-02 15:10:00,6107.4598
2025-06-02 15:20:00,6112.6980
2025-06-02 15:30:00,5944.1905
2025-06-02 15:40:00,6254.9524
2025-06-02 15:50:00,6247.2951
2025-06-02 16:00:00,5939.0644
2025-06-02 16:10:00,6010.2887
2025-06-02 16:20:00,6241.9872
2025-06-02 16:30:00,6077.8980
2025-06-02 16:40:00,6237.6530
2025-06-02 16:50:00,6075.7150
2025-06-02 17:00:00,6140.2320
2025-06-02 17:10:00,6075.5011
2025-06-02 17:20:00,6075.4315
2025-06-02 17:30:00,6005.5565
2025-06-02 17:40:00,6016.4371
2025-06-02 17:50:00,6085.2716
2025-06-02 18:00:00,6041.1862
2025-06-02 18:10:00,6049.3761
2025-06-02 18:20:00,6205.0361
2025-06-02 18:30:00,6104.2050
2025-06-02 18:40:00,6111.2000
2025-06-02 18:50:00,5944.1905
2025-06-02 19:00:00,6111.2000
2025-06-02 19:10:00,6111.2000
2025-06-02 19:20:00,6081.3349
2025-06-02 19:30:00,6083.1054
2025-06-02 19:40:00,5944.1905
2025-06-02 19:50:00,6226.9761
2025-06-02 20:00:00,5944.1905
2025-06-02 20:10:00,6374.3084
2025-06-02 20:20:00,6413.0135
2025-06-02 20:30:00,6063.6886
2025-06-02 20:40:00,6226.8343
2025-06-02 20:50:00,5944.1905
2025-06-02 21:00:00,5957.1605
2025-06-02 21:10:00,5967.6340
2025-06-02 21:20:00,5995.7635
2025-06-02 21:30:00,6337.8913
2025-06-02 21:40:00,5963.0000
2025-06-02 21:50:00,5944.1905
2025-06-02 22:00:00,5601.9091
2025-06-02 22:10:00,5944.1905
2025-06-02 22:20:00,5976.8598
2025-06-02 22:30:00,5776.2088
2025-06-02 22:40:00,5972.9063
2025-06-02 22:50:00,5601.9091
2025-06-02 23:00:00,5601.9091
2025-06-02 23:10:00,6005.5150
2025-06-02 23:20:00,5944.1905
2025-06-02 23:30:00,5957.6470
2025-06-02 23:40:00,5790.9087
2025-06-02 23:50:00,5628.4599
2025-06-03 00:00:00,5956.6388
2025-06-03 00:10:00,6236.8025
2025-06-03 00:20:00,5957.5771
2025-06-03 00:30:00,5601.9091
2025-06-03 00:40:00,5944.1905
2025-06-03 00:50:00,5944.1905
2025-06-03 01:00:00,5949.4360
2025-06-03 01:10:00,5954.3992
2025-06-03 01:20:00,5963.0000
2025-06-03 01:30:00,6267.9780
2025-06-03 01:40:00,5944.1905
2025-06-03 01:50:00,5944.1905
2025-06-03 02:00:00,5951.2869
2025-06-03 02:10:00,5954.1454
2025-06-03 02:20:00,6180.7116
2025-06-03 02:30:00,6110.9527
2025-06-03 02:40:00,6238.2771
2025-06-03 02:50:00,6121.9679
2025-06-03 03:00:00,6232.1179
2025-06-03 03:10:00,6042.2804
2025-06-03 03:20:00,6081.7477
2025-06-03 03:30:00,6140.5921
2025-06-03 03:40:00,6085.3320
2025-06-03 03:50:00,6111.2000
2025-06-03 04:00:00,6046.1220
2025-06-03 04:10:00,6016.3665
2025-06-03 04:20:00,6080.5777
2025-06-03 04:30:00,6140.9824
2025-06-03 04:40:00,6255.6982
2025-06-03 04:50:00,6043.2943
2025-06-03 05:00:00,6137.7321
2025-06-03 05:10:00,6256.7139
2025-06-03 05:20:00,5945.6118
2025-06-03 05:30:00,6231.8380
2025-06-03 05:40:00,6219.7775
2025-06-03 05:50:00,6231.2751
2025-06-03 06:00:00,6262.9629
2025-06-03 06:10:00,6052.1802
2025-06-03 06:20:00,6229.7581
2025-06-03 06:30:00,6542.6010
2025-06-03 06:40:00,6065.9388
2025-06-03 06:50:00,6069.0808
2025-06-03 07:00:00,6534.2883
2025-06-03 07:10:00,6219.8657
2025-06-03 07:20:00,6228.0119
2025-06-03 07:30:00,6543.4721
2025-06-03 07:40:00,6256.0944
2025-06-03 07:50:00,6222.4937
2025-06-03 08:00:00,6069.0984
2025-06-03 08:10:00,6222.0950
2025-06-03 08:20:00,6263.4012
2025-06-03 08:30:00,5821.5337
2025-06-03 08:40:00,6116.1480
2025-06-03 08:50:00,6078.3824
2025-06-03 09:00:00,6240.8022
2025-06-03 09:10:00,6131.0663
2025-06-03 09:20:00,6135.0395
2025-06-03 09:30:00,6047.5810
2025-06-03 09:40:00,5939.1119
2025-06-03 09:50:00,6073.2037
2025-06-03 10:00:00,6075.1829
2025-06-03 10:10:00,6013.0314
2025-06-03 10:20:00,6112.5270
2025-06-03 10:30:00,6010.8042
2025-06-03 10:40:00,6073.5397
2025-06-03 10:50:00,6071.5862
2025-06-03 11:00:00,6115.5157
2025-06-03 11:10:00,6111.5484
2025-06-03 11:20:00,6076.3754
2025-06-03 11:30:00,6110.8144
2025-06-03 11:40:00,6122.5651
2025-06-03 11:50:00,6078.5531
2025-06-03 12:00:00,6006.7312
2025-06-03 12:10:00,6247.0055
2025-06-03 12:20:00,6249.6799
2025-06-03 12:30:00,6059.6364
2025-06-03 12:40:00,6248.0548
2025-06-03 12:50:00,6151.7511
2025-06-03 13:00:00,6067.4549
2025-06-03 13:10:00,6068.2725
2025-06-03 13:20:00,6151.0693
2025-06-03 13:30:00,6137.7321
2025-06-03 13:40:00,6067.5949
2025-06-03 13:49:58,5920.3821
2025-06-03 13:50:00,5920.3821
2025-06-03 14:00:00,6221.2650
2025-06-03 14:10:00,6231.3654
2025-06-03 14:20:00,6262.2382
2025-06-03 14:22:38,6262.2382
2025-06-03 14:30:00,6237.3251
2025-06-03 14:40:00,6064.7929
2025-06-03 14:50:00,6256.7714
2025-06-03 15:00:00,6246.7745
2025-06-03 15:10:00,6148.4954
2025-06-03 15:20:00,6133.1848
2025-06-03 15:30:00,6000.1972
2025-06-03 15:40:00,6137.8532
2025-06-03 15:50:00,6074.3593
2025-06-03 16:00:00,6069.9768
2025-06-03 16:10:00,6108.0882
2025-06-03 16:20:00,6084.5335
2025-06-03 16:30:00,6114.3314
2025-06-03 16:40:00,6121.0666
2025-06-03 16:50:00,6111.2000
2025-06-03 17:00:00,6111.2000
2025-06-03 17:10:00,6021.6157
2025-06-03 17:20:00,6111.2000
2025-06-03 17:30:00,6167.1809
2025-06-03 17:40:00,6058.9717
2025-06-03 17:50:00,6233.4714
2025-06-03 18:00:00,6066.1624
2025-06-03 18:10:00,6066.1624
2025-06-03 18:20:00,6233.6867
2025-06-03 18:30:00,6233.7761
2025-06-03 18:40:00,6070.5609
2025-06-03 18:50:00,6234.1144
2025-06-03 19:00:00,6312.9503
2025-06-03 19:10:00,6111.2000
2025-06-03 19:20:00,6141.2919
2025-06-03 19:30:00,6313.0053
2025-06-03 19:40:00,6174.1371
2025-06-03 19:50:00,6232.2566
2025-06-03 20:00:00,6111.2000
2025-06-03 20:10:00,6113.6746
2025-06-03 20:20:00,6017.2492
2025-06-03 20:30:00,6101.7253
2025-06-03 20:40:00,6113.4961
2025-06-03 20:50:00,6137.2751
2025-06-03 21:00:00,6009.1965
2025-06-03 21:10:00,6243.1752
2025-06-03 21:20:00,6260.4386
2025-06-03 21:30:00,6261.6607
2025-06-03 21:40:00,6054.1437
2025-06-03 21:50:00,6261.9848
2025-06-03 22:00:00,5935.7371
2025-06-03 22:10:00,5964.3796
2025-06-03 22:20:00,6221.5126
2025-06-03 22:30:00,6222.4551
2025-06-03 22:40:00,6224.6632
2025-06-03 22:50:00,6258.6836
2025-06-03 23:00:00,6069.2067
2025-06-03 23:10:00,6068.3302
2025-06-03 23:20:00,6226.8128
2025-06-03 23:30:00,6226.8680
2025-06-03 23:40:00,6069.1272
2025-06-03 23:50:00,6069.0689
2025-06-04 00:00:00,5931.0899
2025-06-04 00:10:00,6227.1226
2025-06-04 00:20:00,6225.9211
2025-06-04 00:30:00,6262.3318
2025-06-04 00:40:00,6239.9509
2025-06-04 00:50:00,6061.9944
2025-06-04 01:00:00,6009.8081
2025-06-04 01:10:00,6134.2393
2025-06-04 01:20:00,6135.4919
2025-06-04 01:30:00,6117.5155
2025-06-04 01:40:00,6085.4177
2025-06-04 01:50:00,6083.0099
2025-06-04 02:00:00,6029.5852
2025-06-04 02:10:00,6173.6498
2025-06-04 02:20:00,6232.8172
2025-06-04 02:30:00,6111.2000
2025-06-04 02:40:00,6082.5574
2025-06-04 02:50:00,6135.3087
2025-06-04 03:00:00,6084.5191
2025-06-04 03:10:00,6112.7720
2025-06-04 03:20:00,6041.8467
2025-06-04 03:30:00,6373.7394
2025-06-04 03:40:00,6172.4703
2025-06-04 03:50:00,5944.1905
2025-06-04 04:00:00,6063.2608
2025-06-04 04:10:00,5944.0294
2025-06-04 04:20:00,5950.2168
2025-06-04 04:30:00,6226.7678
2025-06-04 04:40:00,6121.8953
2025-06-04 04:50:00,6223.7300
2025-06-04 05:00:00,5944.1905
2025-06-04 05:10:00,6031.5869
2025-06-04 05:20:00,5954.2700
2025-06-04 05:30:00,5953.8751
2025-06-04 05:40:00,6047.7306
2025-06-04 05:50:00,5956.0905
2025-06-04 06:00:00,5957.1399
2025-06-04 06:10:00,6222.1258
2025-06-04 06:20:00,5601.9091
2025-06-04 06:30:00,5601.0130
2025-06-04 06:40:00,5944.1905
2025-06-04 06:50:00,5417.7273
2025-06-04 07:00:00,5417.7273
2025-06-04 07:10:00,5417.7273
2025-06-04 07:20:00,5601.9091
2025-06-04 07:30:00,5949.5001
2025-06-04 07:40:00,5944.1905
2025-06-04 07:50:00,5956.6477
2025-06-04 08:00:00,5957.7759
2025-06-04 08:10:00,6259.7567
2025-06-04 08:20:00,5949.4809
2025-06-04 08:30:00,5944.1905
2025-06-04 08:40:00,5955.3456
2025-06-04 08:50:00,5957.7688
2025-06-04 09:00:00,5944.1905
2025-06-04 09:10:00,6061.7718
2025-06-04 09:20:00,5944.1905
2025-06-04 09:30:00,5944.1905
2025-06-04 09:40:00,5944.1905
2025-06-04 09:50:00,6232.4974
2025-06-04 10:00:00,6141.4577
2025-06-04 10:10:00,6054.5423
2025-06-04 10:20:00,6312.2769
2025-06-04 10:30:00,6118.4160
2025-06-04 10:40:00,6257.6097
2025-06-04 10:50:00,6257.5226
2025-06-04 11:00:00,6163.1575
2025-06-04 11:10:00,6269.8846
2025-06-04 11:13:11,5921.3526
2025-06-04 11:20:00,6218.5621
2025-06-04 11:30:00,6541.6450
2025-06-04 11:40:00,6270.7957
2025-06-04 11:50:00,6222.1730
2025-06-04 12:00:00,6292.0078
2025-06-04 12:10:00,6548.7821
2025-06-04 12:20:00,6068.7387
2025-06-04 12:30:00,6009.3038
2025-06-04 12:40:00,5997.3062
2025-06-04 12:50:00,6009.2697
2025-06-04 13:00:00,6119.7935
2025-06-04 13:10:00,6170.3850
2025-06-04 13:20:00,6123.1011
2025-06-04 13:30:00,6173.5767
2025-06-04 13:40:00,6048.0774
2025-06-04 13:50:00,6111.2000
2025-06-04 14:00:00,6023.0395
2025-06-04 14:10:00,6075.0160
2025-06-04 14:20:00,6234.9765
2025-06-04 14:30:00,6235.2198
2025-06-04 14:40:00,6135.2916
2025-06-04 14:50:00,6114.3514
2025-06-04 15:00:00,5944.1905
2025-06-04 15:10:00,6114.5372
2025-06-04 15:20:00,6238.4147
2025-06-04 15:30:00,6127.8538
2025-06-04 15:40:00,6131.6738
2025-06-04 15:50:00,5944.1905
2025-06-04 16:00:00,6146.4068
2025-06-04 16:10:00,6124.2645
2025-06-04 16:20:00,5944.1905
2025-06-04 16:30:00,5949.4205
2025-06-04 16:40:00,5944.1905
2025-06-04 16:50:00,6150.5257
2025-06-04 17:00:00,5949.8437
2025-06-04 17:10:00,6166.2167
2025-06-04 17:20:00,6120.1632
2025-06-04 17:30:00,5949.4431
2025-06-04 17:40:00,5944.1905
2025-06-04 17:50:00,6116.1585
2025-06-04 18:00:00,5944.1905
2025-06-04 18:10:00,6203.2355
2025-06-04 18:20:00,6073.8843
2025-06-04 18:30:00,5944.1905
2025-06-04 18:40:00,6075.5013
2025-06-04 18:50:00,6115.7536
2025-06-04 19:00:00,6214.1442
2025-06-04 19:10:00,6204.2275
2025-06-04 19:20:00,6140.9129
2025-06-04 19:30:00,5944.1905
2025-06-04 19:40:00,6086.0709
2025-06-04 19:50:00,6111.2000
2025-06-04 20:00:00,6231.8219
2025-06-04 20:10:00,6078.3406
2025-06-04 20:20:00,6082.6301
2025-06-04 20:30:00,6077.0938
2025-06-04 20:40:00,5996.1479
2025-06-04 20:50:00,6230.5026
2025-06-04 21:00:00,6220.2868
2025-06-04 21:10:00,6267.7735
2025-06-04 21:20:00,6269.4595
2025-06-04 21:30:00,6165.0949
2025-06-04 21:40:00,6047.2727
2025-06-04 21:50:00,6068.5005
2025-06-04 22:00:00,5947.8451
2025-06-04 22:10:00,5947.7779
2025-06-04 22:20:00,5913.3066
2025-06-04 22:30:00,6257.7794
2025-06-04 22:40:00,5915.0116
2025-06-04 22:50:00,5968.4664
2025-06-04 23:00:00,5935.4851
2025-06-04 23:10:00,6227.1226
2025-06-04 23:20:00,6262.4408
2025-06-04 23:30:00,6152.3869
2025-06-04 23:40:00,6246.8528
2025-06-04 23:50:00,5998.9029
2025-06-05 00:00:00,6007.7682
2025-06-05 00:10:00,6115.8818
2025-06-05 00:20:00,6016.0177
2025-06-05 00:30:00,6030.2061
2025-06-05 00:40:00,6111.2000
2025-06-05 00:50:00,6111.2000
2025-06-05 01:00:00,6081.7503
2025-06-05 01:10:00,6111.2000
2025-06-05 01:20:00,6043.3809
2025-06-05 01:30:00,6232.2305
2025-06-05 01:40:00,6237.9358
2025-06-05 01:50:00,6359.9993
2025-06-05 02:00:00,6145.8543
2025-06-05 02:10:00,5944.1905
2025-06-05 02:20:00,6236.5769
2025-06-05 02:30:00,6411.4083
2025-06-05 02:40:00,5955.8346
2025-06-05 02:50:00,6260.0201
2025-06-05 03:00:00,6001.1428
2025-06-05 03:10:00,5957.3243
2025-06-05 03:20:00,5957.3477
2025-06-05 03:30:00,5944.1905
2025-06-05 03:40:00,5779.2733
2025-06-05 03:50:00,5973.0390
2025-06-05 04:00:00,5949.5634
2025-06-05 04:10:00,5601.9091
2025-06-05 04:20:00,5956.8786
2025-06-05 04:30:00,6063.8151
2025-06-05 04:40:00,5601.9091
2025-06-05 04:50:00,5944.1905
2025-06-05 05:00:00,5958.3564
2025-06-05 05:10:00,5813.0474
2025-06-05 05:20:00,6114.4663
2025-06-05 05:30:00,6046.8750
2025-06-05 05:40:00,5601.9091
2025-06-05 05:50:00,5957.4295
2025-06-05 06:00:00,5944.1905
2025-06-05 06:10:00,5944.1905
2025-06-05 06:20:00,6108.9094
2025-06-05 06:30:00,5944.1905
2025-06-05 06:40:00,5957.1825
2025-06-05 06:50:00,6266.5715
2025-06-05 07:00:00,6088.2842
2025-06-05 07:10:00,5944.1905
2025-06-05 07:20:00,6125.1952
2025-06-05 07:30:00,6015.0247
2025-06-05 07:40:00,6128.0244
2025-06-05 07:50:00,6143.1481
2025-06-05 08:00:00,6203.4087
2025-06-05 08:10:00,6232.8651
2025-06-05 08:20:00,6047.3379
2025-06-05 08:30:00,6111.7618
2025-06-05 08:40:00,6056.4030
2025-06-05 08:50:00,6111.6635
2025-06-05 09:00:00,6012.4287
2025-06-05 09:10:00,6257.2466
2025-06-05 09:20:00,6220.9260
2025-06-05 09:30:00,6061.4991
2025-06-05 09:40:00,6137.7321
2025-06-05 09:50:00,6218.1743
2025-06-05 10:00:00,5945.8297
2025-06-05 10:10:00,6227.3049
2025-06-05 10:20:00,6258.3468
2025-06-05 10:30:00,6228.4846
2025-06-05 10:40:00,5945.7615
2025-06-05 10:50:00,6256.7371
2025-06-05 11:00:00,5948.0592
2025-06-05 11:10:00,6069.1526
2025-06-05 11:20:00,6149.3650
2025-06-05 11:30:00,6069.1245
2025-06-05 11:40:00,6069.0509
2025-06-05 11:50:00,6068.9049
2025-06-05 12:00:00,5926.8876
2025-06-05 12:10:00,6227.1215
2025-06-05 12:20:00,6146.4417
2025-06-05 12:30:00,5902.3693
2025-06-05 12:40:00,6137.7321
2025-06-05 12:50:00,6250.5801
2025-06-05 13:00:00,6009.4865
2025-06-05 13:10:00,6126.5752
2025-06-05 13:17:51,6131.5523
2025-06-05 13:20:00,6074.5104
2025-06-05 13:30:00,6121.8810
2025-06-05 13:40:00,6111.5949
2025-06-05 13:50:00,6017.0602
2025-06-05 14:00:00,6046.9752
2025-06-05 14:10:00,6121.0666
2025-06-05 14:20:00,6111.2000
2025-06-05 14:30:00,6111.2000
2025-06-05 14:40:00,6111.2000
2025-06-05 14:50:00,6233.2350
2025-06-05 15:00:00,6111.2000
2025-06-05 15:10:00,6085.4721
2025-06-05 15:20:00,6234.3148
2025-06-05 15:30:00,6134.3086
2025-06-05 15:40:00,6134.6464
2025-06-05 15:50:00,6078.2907
2025-06-05 16:00:00,6134.8809
2025-06-05 16:10:00,6137.2056
2025-06-05 16:20:00,6234.9066
2025-06-05 16:30:00,6134.9338
2025-06-05 16:40:00,6111.2000
2025-06-05 16:50:00,6081.1187
2025-06-05 17:00:00,6136.1929
2025-06-05 17:10:00,6234.4186
2025-06-05 17:20:00,5944.1905
2025-06-05 17:30:00,6233.2275
2025-06-05 17:40:00,6054.2713
2025-06-05 17:50:00,6049.6724
2025-06-05 18:00:00,6050.0172
2025-06-05 18:10:00,6220.6104
2025-06-05 18:20:00,5944.1905
2025-06-05 18:30:00,6074.3593
2025-06-05 18:40:00,6008.2695
2025-06-05 18:50:00,6248.4135
2025-06-05 19:00:00,6151.6851
2025-06-05 19:10:00,6259.3392
2025-06-05 19:20:00,6227.0614
2025-06-05 19:30:00,6149.0032
2025-06-05 19:40:00,5945.8158
2025-06-05 19:50:00,5914.5213
2025-06-05 20:00:00,6254.8662
2025-06-05 20:10:00,6069.4071
2025-06-05 20:20:00,6069.4714
2025-06-05 20:30:00,6069.4814
2025-06-05 20:40:00,6222.6958
2025-06-05 20:50:00,6069.4833
2025-06-05 21:00:00,6257.0183
2025-06-05 21:10:00,6069.2951
2025-06-05 21:20:00,6069.2605
2025-06-05 21:30:00,6171.5633
2025-06-05 21:40:00,6227.0040
2025-06-05 21:50:00,6068.8749
2025-06-05 22:00:00,6151.7354
2025-06-05 22:10:00,6255.7909
2025-06-05 22:20:00,6245.7745
2025-06-05 22:30:00,6147.5991
2025-06-05 22:40:00,6127.7336
2025-06-05 22:50:00,6013.3400
2025-06-05 23:00:00,5939.1525
2025-06-05 23:10:00,6043.6999
2025-06-05 23:20:00,5849.8219
2025-06-05 23:30:00,6232.1786
2025-06-05 23:40:00,6111.2000
2025-06-05 23:50:00,6172.7684
2025-06-06 00:00:00,5944.1905
2025-06-06 00:10:00,6232.9682
2025-06-06 00:20:00,6111.2000
2025-06-06 00:30:00,6055.7079
2025-06-06 00:40:00,6141.2802
2025-06-06 00:50:00,6058.9717
2025-06-06 01:00:00,6233.1495
2025-06-06 01:10:00,6233.3552
2025-06-06 01:20:00,6111.2000
2025-06-06 01:30:00,6105.3572
2025-06-06 01:40:00,6313.0291
2025-06-06 01:50:00,6052.5654
2025-06-06 02:00:00,6168.3729
2025-06-06 02:10:00,6232.6447
2025-06-06 02:20:00,6204.1271
2025-06-06 02:30:00,6099.6458
2025-06-06 02:40:00,6047.6288
2025-06-06 02:50:00,6227.0881
2025-06-06 03:00:00,6084.0124
2025-06-06 03:10:00,6064.6422
2025-06-06 03:20:00,6070.7805
2025-06-06 03:30:00,6117.9353
2025-06-06 03:40:00,6076.4348
2025-06-06 03:50:00,5967.6598
2025-06-06 04:00:00,6009.8023
2025-06-06 04:10:00,6149.5213
2025-06-06 04:20:00,6063.4098
2025-06-06 04:30:00,6067.5715
2025-06-06 04:40:00,6264.0667
2025-06-06 04:50:00,6068.9082
2025-06-06 05:00:00,6069.0073
2025-06-06 05:10:00,6261.9290
2025-06-06 05:20:00,6260.6162
2025-06-06 05:30:00,6226.8454
2025-06-06 05:40:00,6149.6408
2025-06-06 05:50:00,6226.8344
2025-06-06 06:00:00,6171.8889
2025-06-06 06:10:00,6145.8241
2025-06-06 06:20:00,6260.6162
2025-06-06 06:30:00,6069.1286
2025-06-06 06:40:00,6069.0385
2025-06-06 06:50:00,6227.1061
2025-06-06 07:00:00,6227.2505
2025-06-06 07:10:00,6262.3318
2025-06-06 07:20:00,6178.1802
2025-06-06 07:30:00,6247.4950
2025-06-06 07:40:00,6245.8455
2025-06-06 07:50:00,6137.2219
2025-06-06 08:00:00,6075.5825
2025-06-06 08:10:00,6190.2000
2025-06-06 08:20:00,6075.4493
2025-06-06 08:30:00,6112.5654
2025-06-06 08:40:00,6086.1548
2025-06-06 08:50:00,6137.3653
2025-06-06 09:00:00,6105.5632
2025-06-06 09:10:00,5944.1905
2025-06-06 09:20:00,6137.7362
2025-06-06 09:30:00,6137.7362
2025-06-06 09:40:00,6060.3579
2025-06-06 09:50:00,6073.2037
2025-06-06 10:00:00,6190.2194
2025-06-06 10:10:00,6110.4788
2025-06-06 10:20:00,6136.8425
2025-06-06 10:30:00,6007.8756
2025-06-06 10:40:00,6075.4841
2025-06-06 10:50:00,6113.7860
2025-06-06 11:00:00,6072.3939
2025-06-06 11:10:00,6067.8402
2025-06-06 11:20:00,6040.6430
2025-06-06 11:30:00,6053.0584
2025-06-06 11:40:00,6051.3800
2025-06-06 11:50:00,6118.1060
2025-06-06 12:00:00,6114.5932
2025-06-06 12:10:00,6081.0672
2025-06-06 12:20:00,6111.2000
2025-06-06 12:30:00,6048.0956
2025-06-06 12:40:00,6084.2102
2025-06-06 12:50:00,6172.5511
2025-06-06 13:00:00,6232.7538
2025-06-06 13:10:00,6174.1491
2025-06-06 13:20:00,6232.2025
2025-06-06 13:30:00,6080.7278
2025-06-06 13:40:00,6031.2845
2025-06-06 13:50:00,6111.2000
2025-06-06 14:00:00,6043.5430
2025-06-06 14:10:00,6083.3689
2025-06-06 14:20:00,6021.6718
2025-06-06 14:30:00,6102.9226
2025-06-06 14:40:00,6013.9390
2025-06-06 14:50:00,6106.5870
2025-06-06 15:00:00,6074.3855
2025-06-06 15:10:00,6007.1850
2025-06-06 15:20:00,6074.4112
2025-06-06 15:30:00,6114.2269
2025-06-06 15:40:00,6115.4165
2025-06-06 15:50:00,6076.0081
2025-06-06 16:00:00,6085.9011
2025-06-06 16:10:00,6110.6857
2025-06-06 16:20:00,6055.9951
2025-06-06 16:30:00,6057.1714
2025-06-06 16:40:00,6083.5310
2025-06-06 16:50:00,6022.3724
2025-06-06 17:00:00,6121.0666
2025-06-06 17:10:00,6175.3558
2025-06-06 17:20:00,6048.0123
2025-06-06 17:30:00,6111.2000
2025-06-06 17:40:00,6022.7267
2025-06-06 17:50:00,6067.7644
2025-06-06 18:00:00,6133.8781
2025-06-06 18:10:00,6238.1436
2025-06-06 18:20:00,6085.7541
2025-06-06 18:30:00,5939.4698
2025-06-06 18:40:00,5949.9804
2025-06-06 18:50:00,6373.7394
2025-06-06 19:00:00,6239.2248
2025-06-06 19:10:00,6372.9759
2025-06-06 19:20:00,6412.7935
2025-06-06 19:30:00,6063.7245
2025-06-06 19:40:00,6194.1814
2025-06-06 19:50:00,5950.4340
2025-06-06 20:00:00,5944.1905
2025-06-06 20:10:00,6169.0163
2025-06-06 20:20:00,6031.4240
2025-06-06 20:30:00,5955.4376
2025-06-06 20:40:00,6260.6838
2025-06-06 20:50:00,6001.3661
2025-06-06 21:00:00,5957.4677
2025-06-06 21:10:00,5944.1905
2025-06-06 21:20:00,5958.3976
2025-06-06 21:30:00,5417.7273
2025-06-06 21:40:00,5956.3417
2025-06-06 21:50:00,5955.2993
2025-06-06 22:00:00,5601.9091
2025-06-06 22:10:00,5417.7273
2025-06-06 22:20:00,5944.1905
2025-06-06 22:30:00,5944.1905
2025-06-06 22:40:00,5956.9610
2025-06-06 22:50:00,5788.4879
2025-06-06 23:00:00,5615.9488
2025-06-06 23:10:00,5944.1905
2025-06-06 23:20:00,6060.0532
2025-06-06 23:30:00,5954.5328
2025-06-06 23:40:00,5601.9091
2025-06-06 23:50:00,5956.4202
2025-06-07 00:00:00,5797.5052
2025-06-07 00:10:00,6060.8684
2025-06-07 00:20:00,6064.6090
2025-06-07 00:30:00,6248.6944
2025-06-07 00:40:00,5812.0350
2025-06-07 00:50:00,5955.8416
2025-06-07 01:00:00,5949.8584
2025-06-07 01:10:00,5949.8835
2025-06-07 01:20:00,5944.1905
2025-06-07 01:30:00,6247.0502
2025-06-07 01:40:00,5944.1905
2025-06-07 01:50:00,6114.5180
2025-06-07 02:00:00,6071.2847
2025-06-07 02:10:00,5954.2524
2025-06-07 02:20:00,5944.1905
2025-06-07 02:30:00,6172.2760
2025-06-07 02:40:00,6234.3656
2025-06-07 02:50:00,6114.5131
2025-06-07 03:00:00,6175.2388
2025-06-07 03:10:00,6140.2972
2025-06-07 03:20:00,6020.6988
2025-06-07 03:30:00,6093.0998
2025-06-07 03:40:00,6111.2000
2025-06-07 03:50:00,6079.9144
2025-06-07 04:00:00,6143.1849
2025-06-07 04:10:00,5918.3225
2025-06-07 04:20:00,6061.8182
2025-06-07 04:30:00,6061.8701
2025-06-07 04:40:00,6259.7277
2025-06-07 04:50:00,6068.1879
2025-06-07 05:00:00,6068.1469
2025-06-07 05:10:00,5945.9607
2025-06-07 05:20:00,6068.3082
2025-06-07 05:30:00,6068.5952
2025-06-07 05:40:00,6219.1573
2025-06-07 05:50:00,5947.9722
2025-06-07 06:00:00,6069.2067
2025-06-07 06:10:00,5948.0175
2025-06-07 06:20:00,6255.9558
2025-06-07 06:30:00,6068.9883
2025-06-07 06:40:00,6263.8317
2025-06-07 06:50:00,6068.6819
2025-06-07 07:00:00,6067.4549
2025-06-07 07:10:00,6247.2000
2025-06-07 07:20:00,6135.7273
2025-06-07 07:30:00,6116.7195
2025-06-07 07:40:00,6121.8810
2025-06-07 07:50:00,6085.6343
2025-06-07 08:00:00,6083.3205
2025-06-07 08:10:00,6027.8592
2025-06-07 08:20:00,6171.4683
2025-06-07 08:30:00,6022.4013
2025-06-07 08:40:00,5899.0046
2025-06-07 08:50:00,6111.2000
2025-06-07 09:00:00,6137.2575
2025-06-07 09:10:00,5949.9671
2025-06-07 09:20:00,6114.2750
2025-06-07 09:30:00,6373.7426
2025-06-07 09:40:00,6211.1866
2025-06-07 09:50:00,5944.1905
2025-06-07 10:00:00,5944.1905
2025-06-07 10:10:00,6144.6924
2025-06-07 10:20:00,5944.1905
2025-06-07 10:30:00,6072.3776
2025-06-07 10:40:00,6201.1678
2025-06-07 10:50:00,5949.3425
2025-06-07 11:00:00,6111.8208
2025-06-07 11:10:00,6029.8136
2025-06-07 11:20:00,5944.1905
2025-06-07 11:30:00,6257.2365
2025-06-07 11:40:00,6002.2253
2025-06-07 11:50:00,5956.6987
2025-06-07 12:00:00,5950.2573
2025-06-07 12:10:00,5950.2668
2025-06-07 12:20:00,5601.9091
2025-06-07 12:30:00,5944.1905
2025-06-07 12:40:00,5956.1245
2025-06-07 12:50:00,5780.9587
2025-06-07 13:00:00,5944.1905
2025-06-07 13:10:00,5806.5962
2025-06-07 13:20:00,5417.7273
2025-06-07 13:30:00,5948.9786
2025-06-07 13:40:00,5944.1905
2025-06-07 13:50:00,5949.5829
2025-06-07 14:00:00,5957.3058
2025-06-07 14:10:00,5957.8565
2025-06-07 14:20:00,5956.5637
2025-06-07 14:30:00,5944.1905
2025-06-07 14:40:00,6114.6514
2025-06-07 14:50:00,5956.6147
2025-06-07 15:00:00,5957.1983
2025-06-07 15:10:00,5953.7077
2025-06-07 15:20:00,6114.6241
2025-06-07 15:30:00,5944.1905
2025-06-07 15:40:00,6115.1242
2025-06-07 15:50:00,5951.5993
2025-06-07 16:00:00,6114.4428
2025-06-07 16:10:00,6059.5503
2025-06-07 16:20:00,6232.3301
2025-06-07 16:30:00,6140.1460
2025-06-07 16:40:00,6111.2000
2025-06-07 16:50:00,6185.7828
2025-06-07 17:00:00,6248.8634
2025-06-07 17:10:00,6102.4028
2025-06-07 17:20:00,6140.9741
2025-06-07 17:30:00,6217.9090
2025-06-07 17:40:00,6219.3746
2025-06-07 17:50:00,6257.4954
2025-06-07 18:00:00,6221.4000
2025-06-07 18:10:00,6550.9341
2025-06-07 18:20:00,6544.2630
2025-06-07 18:30:00,6219.2653
2025-06-07 18:40:00,6538.8533
2025-06-07 18:50:00,5947.5263
2025-06-07 19:00:00,6069.1800
2025-06-07 19:10:00,5945.9795
2025-06-07 19:20:00,6068.9390
2025-06-07 19:30:00,6264.1068
2025-06-07 19:40:00,5927.3119
2025-06-07 19:50:00,6068.8554
2025-06-07 20:00:00,6137.7321
2025-06-07 20:10:00,6239.8185
2025-06-07 20:20:00,6009.2035
2025-06-07 20:30:00,6122.5651
2025-06-07 20:40:00,6008.9561
2025-06-07 20:50:00,6023.2192
2025-06-07 21:00:00,6082.2182
2025-06-07 21:10:00,6026.5451
2025-06-07 21:20:00,6169.4144
2025-06-07 21:30:00,6111.2000
2025-06-07 21:40:00,6081.9860
2025-06-07 21:50:00,6085.1225
2025-06-07 22:00:00,6134.5797
2025-06-07 22:10:00,6089.5421
2025-06-07 22:20:00,6174.0555
2025-06-07 22:30:00,5944.1905
2025-06-07 22:40:00,5944.1905
2025-06-07 22:50:00,6072.0610
2025-06-07 23:00:00,5944.1905
2025-06-07 23:10:00,5954.4379
2025-06-07 23:20:00,5944.1905
2025-06-07 23:30:00,5944.1905
2025-06-07 23:40:00,6000.3241
2025-06-07 23:50:00,5944.1905
2025-06-08 00:00:00,5957.3957
2025-06-08 00:10:00,5957.2501
2025-06-08 00:20:00,6182.2066
2025-06-08 00:30:00,5417.7273
2025-06-08 00:40:00,5800.3231
2025-06-08 00:50:00,5944.1905
2025-06-08 01:00:00,5944.1905
2025-06-08 01:10:00,6261.4875
2025-06-08 01:20:00,6079.3792
2025-06-08 01:30:00,6242.6827
2025-06-08 01:40:00,5955.4022
2025-06-08 01:50:00,5972.8732
2025-06-08 02:00:00,6248.8680
2025-06-08 02:10:00,6260.4014
2025-06-08 02:20:00,6201.5150
2025-06-08 02:30:00,5976.0117
2025-06-08 02:40:00,5944.1905
2025-06-08 02:50:00,6183.7818
2025-06-08 03:00:00,6188.7636
2025-06-08 03:10:00,5944.1905
2025-06-08 03:20:00,6183.0173
2025-06-08 03:30:00,5972.6223
2025-06-08 03:40:00,5625.4654
2025-06-08 03:50:00,6182.9174
2025-06-08 04:00:00,5974.7257
2025-06-08 04:10:00,5466.5463
2025-06-08 04:20:00,6237.8491
2025-06-08 04:30:00,5944.1905
2025-06-08 04:40:00,5578.8938
2025-06-08 04:50:00,5972.5353
2025-06-08 05:00:00,5944.1905
2025-06-08 05:10:00,6244.0222
2025-06-08 05:20:00,5977.2881
2025-06-08 05:30:00,5976.5985
2025-06-08 05:40:00,5475.3945
2025-06-08 05:50:00,5944.1905
2025-06-08 06:00:00,6254.9239
2025-06-08 06:10:00,5949.9878
2025-06-08 06:20:00,6182.3389
2025-06-08 06:30:00,6249.6152
2025-06-08 06:40:00,5944.1905
2025-06-08 06:50:00,6038.7683
2025-06-08 07:00:00,6267.3432
2025-06-08 07:10:00,6280.3678
2025-06-08 07:20:00,6074.6387
2025-06-08 07:30:00,6117.1503
2025-06-08 07:40:00,6139.7659
2025-06-08 07:50:00,6059.3753
2025-06-08 08:00:00,6040.4056
2025-06-08 08:10:00,6040.2923
2025-06-08 08:20:00,6093.6752
2025-06-08 08:30:00,6101.2046
2025-06-08 08:40:00,5944.1905
2025-06-08 08:50:00,6129.6206
2025-06-08 09:00:00,6149.4838
2025-06-08 09:10:00,6058.7155
2025-06-08 09:20:00,6131.7092
2025-06-08 09:30:00,6062.5132
2025-06-08 09:40:00,5913.3259
2025-06-08 09:50:00,6065.8187
2025-06-08 10:00:00,6265.7025
2025-06-08 10:10:00,5827.0841
2025-06-08 10:20:00,6134.3763
2025-06-08 10:30:00,6007.8252
2025-06-08 10:40:00,6026.5641
2025-06-08 10:50:00,6109.7432
2025-06-08 11:00:00,6166.4117
2025-06-08 11:10:00,6023.3190
2025-06-08 11:20:00,6080.0932
2025-06-08 11:30:00,6111.2000
2025-06-08 11:40:00,5890.0385
2025-06-08 11:50:00,6135.9196
2025-06-08 12:00:00,5959.9190
2025-06-08 12:10:00,6066.1195
2025-06-08 12:20:00,6114.4912
2025-06-08 12:30:00,6210.5204
2025-06-08 12:40:00,6372.3669
2025-06-08 12:50:00,6245.0830
2025-06-08 13:00:00,6018.6161
2025-06-08 13:10:00,6190.6084
2025-06-08 13:20:00,5944.1905
2025-06-08 13:30:00,6415.4362
2025-06-08 13:40:00,6000.9051
2025-06-08 13:50:00,6004.9607
2025-06-08 14:00:00,5944.1905
2025-06-08 14:10:00,5944.1905
2025-06-08 14:20:00,5944.1905
2025-06-08 14:30:00,5976.9597
2025-06-08 14:40:00,5949.9306
2025-06-08 14:50:00,5806.1746
2025-06-08 15:00:00,5417.7273
2025-06-08 15:10:00,5417.7273
2025-06-08 15:20:00,5417.7273
2025-06-08 15:30:00,6150.1809
2025-06-08 15:40:00,6032.4825
2025-06-08 15:50:00,5804.4482
2025-06-08 16:00:00,5950.9618
2025-06-08 16:10:00,6199.3823
2025-06-08 16:20:00,5944.1905
2025-06-08 16:30:00,5971.7055
2025-06-08 16:40:00,5944.1905
2025-06-08 16:50:00,5591.0273
2025-06-08 17:00:00,5949.9306
2025-06-08 17:10:00,5975.4605
2025-06-08 17:20:00,5792.3095
2025-06-08 17:30:00,5949.7598
2025-06-08 17:40:00,5944.1905
2025-06-08 17:50:00,5972.7712
2025-06-08 18:00:00,5417.7273
2025-06-08 18:10:00,6182.6343
2025-06-08 18:20:00,5601.9091
2025-06-08 18:30:00,5601.9091
2025-06-08 18:40:00,5417.7273
2025-06-08 18:50:00,5600.3031
2025-06-08 19:00:00,5587.6020
2025-06-08 19:10:00,6263.9112
2025-06-08 19:20:00,5957.9132
2025-06-08 19:30:00,5950.2421
2025-06-08 19:40:00,6245.5917
2025-06-08 19:50:00,5944.1905
2025-06-08 20:00:00,6061.8917
2025-06-08 20:10:00,6255.5626
2025-06-08 20:20:00,5951.0616
2025-06-08 20:30:00,5595.7572
2025-06-08 20:40:00,6172.0417
2025-06-08 20:50:00,6001.5435
2025-06-08 21:00:00,5944.1905
2025-06-08 21:10:00,5944.1905
2025-06-08 21:20:00,6184.0650
2025-06-08 21:30:00,6058.0259
2025-06-08 21:40:00,6169.0659
2025-06-08 21:50:00,6149.6006
2025-06-08 22:00:00,6115.7105
2025-06-08 22:10:00,6092.7803
2025-06-08 22:20:00,6165.6101
2025-06-08 22:30:00,6233.2497
2025-06-08 22:40:00,6140.1558
2025-06-08 22:50:00,6082.5187
2025-06-08 23:00:00,6111.2000
2025-06-08 23:10:00,6168.2521
2025-06-08 23:20:00,6045.0921
2025-06-08 23:30:00,6167.2626
2025-06-08 23:40:00,6043.5619
2025-06-08 23:50:00,6111.3715
2025-06-09 00:00:00,6018.6970
2025-06-09 00:10:00,6082.0504
2025-06-09 00:20:00,6029.2852
2025-06-09 00:30:00,6067.1258
2025-06-09 00:40:00,6009.6284
2025-06-09 00:50:00,6009.8660
2025-06-09 01:00:00,6039.6304
2025-06-09 01:10:00,6029.8492
2025-06-09 01:20:00,6030.4638
2025-06-09 01:30:00,6059.2940
2025-06-09 01:40:00,6083.4810
2025-06-09 01:50:00,6084.4497
2025-06-09 02:00:00,6018.7157
2025-06-09 02:10:00,6082.9855
2025-06-09 02:20:00,6081.7961
2025-06-09 02:30:00,6017.9787
2025-06-09 02:40:00,6047.9202
2025-06-09 02:50:00,6015.8809
2025-06-09 03:00:00,6021.3477
2025-06-09 03:10:00,6111.2000
2025-06-09 03:20:00,6022.7937
2025-06-09 03:30:00,6023.1578
2025-06-09 03:40:00,6136.7298
2025-06-09 03:50:00,6082.0849
2025-06-09 04:00:00,6083.9788
2025-06-09 04:10:00,6137.0645
2025-06-09 04:20:00,6085.9596
2025-06-09 04:30:00,6085.1249
2025-06-09 04:40:00,6145.2213
2025-06-09 04:50:00,6141.1054
2025-06-09 05:00:00,6093.7285
2025-06-09 05:10:00,6140.2692
2025-06-09 05:20:00,6084.1974
2025-06-09 05:30:00,6086.5391
2025-06-09 05:40:00,6083.2763
2025-06-09 05:50:00,6074.6044
2025-06-09 06:00:00,6068.1970
2025-06-09 06:10:00,6233.1039
2025-06-09 06:20:00,6056.5706
2025-06-09 06:30:00,6167.6924
2025-06-09 06:40:00,6111.2000
2025-06-09 06:50:00,6117.5566
2025-06-09 07:00:00,6023.2243
2025-06-09 07:10:00,6035.7290
2025-06-09 07:20:00,6084.9248
2025-06-09 07:30:00,6015.5274
2025-06-09 07:40:00,6112.5081
2025-06-09 07:50:00,6005.0024
2025-06-09 08:00:00,6168.5011
2025-06-09 08:10:00,6114.4864
2025-06-09 08:20:00,6118.6921
2025-06-09 08:30:00,6109.1116
2025-06-09 08:40:00,6006.7806
2025-06-09 08:50:00,6117.6313
2025-06-09 09:00:00,6023.6726
2025-06-09 09:10:00,6023.6128
2025-06-09 09:20:00,6104.9992
2025-06-09 09:30:00,6110.5746
2025-06-09 09:40:00,6015.5274
2025-06-09 09:50:00,6108.9377
2025-06-09 10:00:00,6104.7516
2025-06-09 10:10:00,6021.6368
2025-06-09 10:20:00,6020.9885
2025-06-09 10:30:00,6082.0570
2025-06-09 10:40:00,6048.0305
2025-06-09 10:50:00,6053.5052
2025-06-09 11:00:00,5688.9556
2025-06-09 11:10:00,5895.9496
2025-06-09 11:20:00,6111.2000
2025-06-09 11:30:00,5845.4777
2025-06-09 11:40:00,6071.8887
2025-06-09 11:50:00,6070.6673
2025-06-09 12:00:00,6118.1412
2025-06-09 12:10:00,6116.2323
2025-06-09 12:20:00,6063.6532
2025-06-09 12:30:00,6132.5826
2025-06-09 12:40:00,6125.4289
2025-06-09 12:50:00,5944.1905
2025-06-09 13:00:00,6123.6697
2025-06-09 13:10:00,6123.9288
2025-06-09 13:20:00,5949.3604
2025-06-09 13:30:00,5944.1905
2025-06-09 13:40:00,5944.1905
2025-06-09 13:50:00,6062.9901
2025-06-09 14:00:00,5944.1905
2025-06-09 14:10:00,5944.1905
2025-06-09 14:20:00,5953.8551
2025-06-09 14:30:00,5953.7762
2025-06-09 14:40:00,5953.9679
2025-06-09 14:50:00,5954.2868
2025-06-09 15:00:00,5954.5368
2025-06-09 15:10:00,5955.1358
2025-06-09 15:20:00,5601.9091
2025-06-09 15:30:00,5955.7065
2025-06-09 15:40:00,5957.5362
2025-06-09 15:50:00,5971.8034
2025-06-09 16:00:00,5957.5736
2025-06-09 16:10:00,5958.3072
2025-06-09 16:20:00,5607.6846
2025-06-09 16:30:00,5951.1204
2025-06-09 16:40:00,5944.1905
2025-06-09 16:50:00,5601.9091
2025-06-09 17:00:00,5417.7273
2025-06-09 17:10:00,5601.9091
2025-06-09 17:20:00,5840.0060
2025-06-09 17:30:00,5475.4434
2025-06-09 17:40:00,5837.2884
2025-06-09 17:50:00,6154.8430
2025-06-09 18:00:00,5944.1905
2025-06-09 18:10:00,5944.1905
2025-06-09 18:20:00,5602.1606
2025-06-09 18:30:00,6215.6930
2025-06-09 18:40:00,6038.5207
2025-06-09 18:50:00,6114.1693
2025-06-09 19:00:00,5957.1972
2025-06-09 19:10:00,5944.1905
2025-06-09 19:20:00,5954.2733
2025-06-09 19:30:00,6014.6630
2025-06-09 19:40:00,6227.5802
2025-06-09 19:50:00,5949.4554
2025-06-09 20:00:00,5949.4218
2025-06-09 20:10:00,6098.9008
2025-06-09 20:20:00,6232.6663
2025-06-09 20:30:00,6151.1683
2025-06-09 20:40:00,6236.3175
2025-06-09 20:50:00,6111.2000
2025-06-09 21:00:00,6009.8660
2025-06-09 21:10:00,6099.9366
2025-06-09 21:20:00,6075.3099
2025-06-09 21:30:00,6144.4479
2025-06-09 21:40:00,6067.0939
2025-06-09 21:50:00,6218.5948
2025-06-09 22:00:00,6056.2321
2025-06-09 22:10:00,5937.2911
2025-06-09 22:20:00,6218.9000
2025-06-09 22:30:00,5945.5528
2025-06-09 22:40:00,6068.5136
2025-06-09 22:50:00,6221.8170
2025-06-09 23:00:00,5914.8731
2025-06-09 23:10:00,5945.4722
2025-06-09 23:20:00,5882.9250
2025-06-09 23:30:00,6540.8215
2025-06-09 23:40:00,5947.9948
2025-06-09 23:50:00,6148.8513
2025-06-10 00:00:00,5948.1581
2025-06-10 00:10:00,6068.9752
2025-06-10 00:20:00,6262.8571
2025-06-10 00:30:00,6264.6328
2025-06-10 00:40:00,6242.6200
2025-06-10 00:50:00,6143.2665
2025-06-10 01:00:00,6116.7907
2025-06-10 01:10:00,6005.5565
2025-06-10 01:20:00,6018.0940
2025-06-10 01:30:00,6088.3780
2025-06-10 01:40:00,6111.2000
2025-06-10 01:50:00,6111.2000
2025-06-10 02:00:00,6056.8336
2025-06-10 02:10:00,6065.7276
2025-06-10 02:20:00,6238.0140
2025-06-10 02:30:00,6038.5634
2025-06-10 02:40:00,5847.8644
2025-06-10 02:50:00,5944.1905
2025-06-10 03:00:00,6238.9753
2025-06-10 03:10:00,6360.1285
2025-06-10 03:20:00,6131.7001
2025-06-10 03:30:00,5944.1905
2025-06-10 03:40:00,6133.9178
2025-06-10 03:50:00,5951.5596
2025-06-10 04:00:00,6111.9360
2025-06-10 04:10:00,6266.9654
2025-06-10 04:20:00,5955.4358
2025-06-10 04:30:00,5954.1940
2025-06-10 04:40:00,5944.1905
2025-06-10 04:50:00,5957.5972
2025-06-10 05:00:00,5957.1061
2025-06-10 05:10:00,5944.1905
2025-06-10 05:20:00,5957.7427
2025-06-10 05:30:00,5799.9861
2025-06-10 05:40:00,5973.0907
2025-06-10 05:50:00,5601.9091
2025-06-10 06:00:00,5417.7273
2025-06-10 06:10:00,5601.9091
2025-06-10 06:20:00,5595.8182
2025-06-10 06:30:00,5958.0981
2025-06-10 06:40:00,6111.4698
2025-06-10 06:50:00,5601.9091
2025-06-10 07:00:00,5957.4948
2025-06-10 07:10:00,5957.6780
2025-06-10 07:20:00,6059.3929
2025-06-10 07:30:00,5944.1905
2025-06-10 07:40:00,6280.9552
2025-06-10 07:50:00,5601.9091
2025-06-10 08:00:00,5954.2538
2025-06-10 08:10:00,6221.5659
2025-06-10 08:20:00,5944.1905
2025-06-10 08:30:00,6236.7559
2025-06-10 08:40:00,6114.5410
2025-06-10 08:50:00,5944.1905
2025-06-10 09:00:00,6039.8761
2025-06-10 09:10:00,6077.0965
2025-06-10 09:20:00,6108.0343
2025-06-10 09:30:00,6277.9949
2025-06-10 09:40:00,6067.8518
2025-06-10 09:50:00,6229.3081
2025-06-10 10:00:00,6165.3513
2025-06-10 10:10:00,6165.4411
2025-06-10 10:20:00,6547.8277
2025-06-10 10:30:00,6054.3221
2025-06-10 10:40:00,6262.3390
2025-06-10 10:50:00,6220.4499
2025-06-10 11:00:00,6220.6511
2025-06-10 11:10:00,6069.3897
2025-06-10 11:20:00,6536.3333
2025-06-10 11:30:00,6261.1181
2025-06-10 11:40:00,6553.3457
2025-06-10 11:50:00,6552.3686
2025-06-10 12:00:00,6069.2605
2025-06-10 12:10:00,6068.7830
2025-06-10 12:20:00,6013.6638
2025-06-10 12:30:00,5854.2178
2025-06-10 12:40:00,6269.6795
2025-06-10 12:50:00,6016.0123
2025-06-10 13:00:00,6082.0844
2025-06-10 13:10:00,5935.2948
2025-06-10 13:20:00,5950.0201
2025-06-10 13:30:00,6055.1924
2025-06-10 13:40:00,6073.2676
2025-06-10 13:50:00,6237.6922
2025-06-10 14:00:00,5955.8788
2025-06-10 14:10:00,5950.0165
2025-06-10 14:20:00,5944.1905
2025-06-10 14:30:00,5957.3978
2025-06-10 14:40:00,5801.6761
2025-06-10 14:50:00,5944.1905
2025-06-10 15:00:00,5417.7273
2025-06-10 15:10:00,5944.1905
2025-06-10 15:20:00,5944.1905
2025-06-10 15:30:00,5591.1102
2025-06-10 15:40:00,6149.3610
2025-06-10 15:50:00,5956.4163
2025-06-10 16:00:00,5807.0230
2025-06-10 16:10:00,5944.1905
2025-06-10 16:20:00,5944.1905
2025-06-10 16:30:00,5944.1905
2025-06-10 16:40:00,6175.0415
2025-06-10 16:50:00,5951.3049
2025-06-10 17:00:00,5417.7273
2025-06-10 17:10:00,5956.2085
2025-06-10 17:20:00,5972.0751
2025-06-10 17:30:00,5944.1905
2025-06-10 17:40:00,5977.8542
2025-06-10 17:50:00,5804.2764
2025-06-10 18:00:00,5601.9091
2025-06-10 18:10:00,5803.9670
2025-06-10 18:20:00,5944.1905
2025-06-10 18:30:00,5835.7664
2025-06-10 18:40:00,5475.2785
2025-06-10 18:50:00,5668.9484
2025-06-10 19:00:00,5601.9091
2025-06-10 19:10:00,5944.1905
2025-06-10 19:20:00,5417.7273
2025-06-10 19:30:00,5475.7666
2025-06-10 19:40:00,5944.1905
2025-06-10 19:50:00,5970.1487
2025-06-10 20:00:00,5588.4622
2025-06-10 20:10:00,5974.5921
2025-06-10 20:20:00,5944.1905
2025-06-10 20:30:00,5801.2931
2025-06-10 20:40:00,5971.4858
2025-06-10 20:50:00,5944.1905
2025-06-10 21:00:00,5601.9091
2025-06-10 21:10:00,5950.9370
2025-06-10 21:20:00,5970.9474
2025-06-10 21:23:21,6241.3580
2025-06-10 21:30:00,5957.2836
2025-06-10 21:40:00,5956.8128
2025-06-10 21:50:00,5944.1905
2025-06-10 22:00:00,5971.8686
2025-06-10 22:10:00,6057.7714
2025-06-10 22:20:00,6005.1816
2025-06-10 22:30:00,5944.1905
2025-06-10 22:40:00,5944.1905
2025-06-10 22:50:00,6004.1322
2025-06-10 23:00:00,5954.3080
2025-06-10 23:10:00,5944.1905
2025-06-10 23:20:00,5944.1905
2025-06-10 23:30:00,6048.3466
2025-06-10 23:40:00,6280.5588
2025-06-10 23:50:00,6234.2657
2025-06-11 00:00:00,5954.5474
2025-06-11 00:10:00,6178.7778
2025-06-11 00:20:00,6209.6374
2025-06-11 00:30:00,6117.5660
2025-06-11 00:40:00,6058.0110
2025-06-11 00:50:00,6147.1757
2025-06-11 01:00:00,6220.1764
2025-06-11 01:10:00,6067.1423
2025-06-11 01:20:00,6035.2556
2025-06-11 01:30:00,6015.3743
2025-06-11 01:40:00,6139.6059
2025-06-11 01:50:00,6100.7005
2025-06-11 02:00:00,6022.9740
2025-06-11 02:10:00,6172.7496
2025-06-11 02:20:00,6169.8995
2025-06-11 02:30:00,6143.7249
2025-06-11 02:40:00,6057.7871
2025-06-11 02:50:00,6028.8038
2025-06-11 03:00:00,6016.3665
2025-06-11 03:10:00,6025.9171
2025-06-11 03:20:00,6166.4688
2025-06-11 03:30:00,6021.9119
2025-06-11 03:40:00,6083.8067
2025-06-11 03:50:00,6082.4819
2025-06-11 04:00:00,6023.0418
2025-06-11 04:10:00,6080.9980
2025-06-11 04:20:00,6047.9858
2025-06-11 04:30:00,6021.5595
2025-06-11 04:40:00,6111.2000
2025-06-11 04:50:00,6111.2000
2025-06-11 05:00:00,6234.0085
2025-06-11 05:10:00,6144.2577
2025-06-11 05:20:00,6127.8627
2025-06-11 05:30:00,6093.9990
2025-06-11 05:40:00,6114.5372
2025-06-11 05:50:00,6221.3643
2025-06-11 06:00:00,6212.3145
2025-06-11 06:10:00,6130.1802
2025-06-11 06:20:00,6173.0490
2025-06-11 06:30:00,6199.9292
2025-06-11 06:40:00,5944.1905
2025-06-11 06:50:00,6267.3849
2025-06-11 07:00:00,6330.3608
2025-06-11 07:10:00,6000.7789
2025-06-11 07:20:00,6251.7295
2025-06-11 07:30:00,5944.1905
2025-06-11 07:40:00,5957.4255
2025-06-11 07:50:00,5603.1285
2025-06-11 08:00:00,5972.1742
2025-06-11 08:10:00,5417.7273
2025-06-11 08:20:00,5972.9179
2025-06-11 08:30:00,5802.8712
2025-06-11 08:40:00,5590.7316
2025-06-11 08:50:00,5691.4510
2025-06-11 09:00:00,5590.8599
2025-06-11 09:10:00,6269.5283
2025-06-11 09:20:00,6032.6622
2025-06-11 09:30:00,5950.9529
2025-06-11 09:40:00,5791.1503
2025-06-11 09:50:00,5971.6347
2025-06-11 10:00:00,6258.1960
2025-06-11 10:10:00,6235.1983
2025-06-11 10:20:00,5944.1905
2025-06-11 10:30:00,5956.2454
2025-06-11 10:40:00,5956.2792
2025-06-11 10:50:00,6062.8779
2025-06-11 11:00:00,6072.8065
2025-06-11 11:10:00,5954.2591
2025-06-11 11:20:00,6046.7919
2025-06-11 11:30:00,6071.0309
2025-06-11 11:40:00,5944.1905
2025-06-11 11:50:00,6171.8119
2025-06-11 12:00:00,6165.9701
2025-06-11 12:10:00,6114.5131
2025-06-11 12:20:00,6022.3122
2025-06-11 12:30:00,6037.7360
2025-06-11 12:40:00,6111.2000
2025-06-11 12:50:00,6044.2600
2025-06-11 13:00:00,6005.2506
2025-06-11 13:10:00,6128.5086
2025-06-11 13:20:00,6137.7321
2025-06-11 13:30:00,6242.2950
2025-06-11 13:40:00,6218.3850
2025-06-11 13:50:00,6227.6723
2025-06-11 14:00:00,5945.9635
2025-06-11 14:10:00,6218.3244
2025-06-11 14:20:00,6068.0438
2025-06-11 14:30:00,6068.0617
2025-06-11 14:40:00,6218.8153
2025-06-11 14:50:00,6218.9011
2025-06-11 15:00:00,5924.7476
2025-06-11 15:10:00,5921.8499
2025-06-11 15:20:00,6068.5200
2025-06-11 15:30:00,6340.4650
2025-06-11 15:40:00,6246.5464
2025-06-11 15:50:00,6229.8675
2025-06-11 16:00:00,6007.9705
2025-06-11 16:10:00,6007.4978
2025-06-11 16:20:00,6084.6443
2025-06-11 16:30:00,6114.2688
2025-06-11 16:40:00,6172.9512
2025-06-11 16:50:00,6111.2000
2025-06-11 17:00:00,6064.7130
2025-06-11 17:10:00,6137.3175
2025-06-11 17:20:00,6086.6898
2025-06-11 17:30:00,6015.3601
2025-06-11 17:40:00,5944.1905
2025-06-11 17:50:00,6174.2158
2025-06-11 18:00:00,6195.4097
2025-06-11 18:10:00,6125.4616
2025-06-11 18:20:00,6122.5840
2025-06-11 18:30:00,6231.2547
2025-06-11 18:40:00,5956.6301
2025-06-11 18:50:00,6049.4796
2025-06-11 19:00:00,6005.9445
2025-06-11 19:10:00,5957.3066
2025-06-11 19:20:00,5944.1905
2025-06-11 19:30:00,5958.5814
2025-06-11 19:40:00,5601.9091
2025-06-11 19:50:00,5417.7273
2025-06-11 20:00:00,5955.5343
2025-06-11 20:10:00,5972.9345
2025-06-11 20:20:00,5417.7273
2025-06-11 20:30:00,5972.9852
2025-06-11 20:40:00,5944.1905
2025-06-11 20:50:00,5956.6151
2025-06-11 21:00:00,5956.8217
2025-06-11 21:10:00,5944.1905
2025-06-11 21:20:00,5627.3934
2025-06-11 21:30:00,6281.8731
2025-06-11 21:40:00,6209.3622
2025-06-11 21:50:00,5953.8994
2025-06-11 22:00:00,5956.0023
2025-06-11 22:10:00,6261.8238
2025-06-11 22:20:00,6114.6145
2025-06-11 22:30:00,6008.0481
2025-06-11 22:40:00,6072.9927
2025-06-11 22:50:00,6116.3992
2025-06-11 23:00:00,6236.6761
2025-06-11 23:10:00,6069.7442
2025-06-11 23:20:00,6137.4293
2025-06-11 23:30:00,6140.2935
2025-06-11 23:40:00,6111.2000
2025-06-11 23:50:00,6010.7815
2025-06-12 00:00:00,6113.5805
2025-06-12 00:10:00,6020.2628
2025-06-12 00:20:00,6105.6390
2025-06-12 00:30:00,6005.4521
2025-06-12 00:40:00,5915.0260
2025-06-12 00:50:00,6255.2751
2025-06-12 01:00:00,6141.1184
2025-06-12 01:10:00,6063.4865
2025-06-12 01:20:00,6067.5011
2025-06-12 01:30:00,5917.5393
2025-06-12 01:40:00,5918.1537
2025-06-12 01:50:00,6258.6898
2025-06-12 02:00:00,6228.8543
2025-06-12 02:10:00,6066.1090
2025-06-12 02:20:00,5994.9558
2025-06-12 02:30:00,6240.6492
2025-06-12 02:40:00,6110.8688
2025-06-12 02:50:00,6131.5455
2025-06-12 03:00:00,6007.2967
2025-06-12 03:10:00,6018.0940
2025-06-12 03:20:00,6019.4204
2025-06-12 03:30:00,6023.8313
2025-06-12 03:40:00,6031.6129
2025-06-12 03:50:00,6172.2198
2025-06-12 04:00:00,6058.2585
2025-06-12 04:10:00,6111.2000
2025-06-12 04:20:00,6083.0713
2025-06-12 04:30:00,6086.9611
2025-06-12 04:40:00,6088.4673
2025-06-12 04:50:00,6238.3556
2025-06-12 05:00:00,6070.6334
2025-06-12 05:10:00,6114.6665
2025-06-12 05:20:00,6217.2852
2025-06-12 05:30:00,6198.1971
2025-06-12 05:40:00,6202.4809
2025-06-12 05:50:00,5944.1905
2025-06-12 06:00:00,6201.5942
2025-06-12 06:10:00,6112.1488
2025-06-12 06:20:00,6031.3090
2025-06-12 06:30:00,6414.7723
2025-06-12 06:40:00,6264.3193
2025-06-12 06:50:00,5955.6311
2025-06-12 07:00:00,5957.5942
2025-06-12 07:10:00,5958.5126
2025-06-12 07:20:00,5614.7576
2025-06-12 07:30:00,5944.1905
2025-06-12 07:40:00,5944.1905
2025-06-12 07:50:00,5601.9091
2025-06-12 08:00:00,5590.9757
2025-06-12 08:10:00,5802.2151
2025-06-12 08:20:00,5417.7273
2025-06-12 08:30:00,5803.9872
2025-06-12 08:40:00,6032.2121
2025-06-12 08:50:00,5954.8571
2025-06-12 09:00:00,5956.6779
2025-06-12 09:10:00,5951.2777
2025-06-12 09:20:00,5607.3983
2025-06-12 09:30:00,5944.1905
2025-06-12 09:40:00,6110.6074
2025-06-12 09:50:00,5601.9091
2025-06-12 10:00:00,5603.3991
2025-06-12 10:10:00,5944.1905
2025-06-12 10:20:00,5944.1905
2025-06-12 10:30:00,5944.1905
2025-06-12 10:40:00,5954.6034
2025-06-12 10:50:00,5601.9091
2025-06-12 11:00:00,5944.1905
2025-06-12 11:10:00,6140.4712
2025-06-12 11:20:00,5944.1905
2025-06-12 11:30:00,6171.5175
2025-06-12 11:40:00,6067.5249
2025-06-12 11:50:00,6111.2000
2025-06-12 12:00:00,6138.7239
2025-06-12 12:10:00,6116.3219
2025-06-12 12:20:00,6024.3726
2025-06-12 12:30:00,6118.2481
2025-06-12 12:40:00,6242.3030
2025-06-12 12:50:00,6256.5991
2025-06-12 13:00:00,6255.6592
2025-06-12 13:10:00,5924.9524
2025-06-12 13:20:00,6538.6289
2025-06-12 13:30:00,6218.5886
2025-06-12 13:40:00,6218.0628
2025-06-12 13:50:00,6258.4942
2025-06-12 14:00:00,6228.1875
2025-06-12 14:10:00,6541.0873
2025-06-12 14:20:00,6068.1300
2025-06-12 14:30:00,5939.7545
2025-06-12 14:40:00,6262.7575
2025-06-12 14:50:00,6263.4296
2025-06-12 15:00:00,6254.4995
2025-06-12 15:10:00,6229.0876
2025-06-12 15:20:00,6009.2577
2025-06-12 15:30:00,6243.4202
2025-06-12 15:40:00,6245.4883
2025-06-12 15:50:00,6137.2751
2025-06-12 16:00:00,6118.5765
2025-06-12 16:10:00,6018.9251
2025-06-12 16:20:00,6084.4873
2025-06-12 16:30:00,5847.9764
2025-06-12 16:40:00,6173.4172
2025-06-12 16:50:00,5840.2545
2025-06-12 17:00:00,6083.6955
2025-06-12 17:10:00,6071.3028
2025-06-12 17:20:00,6085.0556
2025-06-12 17:30:00,6135.1409
2025-06-12 17:40:00,6240.4125
2025-06-12 17:50:00,6083.5959
2025-06-12 18:00:00,6173.2848
2025-06-12 18:10:00,6210.5115
2025-06-12 18:20:00,6182.1235
2025-06-12 18:30:00,6058.5746
2025-06-12 18:40:00,6123.6697
2025-06-12 18:50:00,6225.3381
2025-06-12 19:00:00,5944.1905
2025-06-12 19:10:00,6266.6322
2025-06-12 19:20:00,6061.4384
2025-06-12 19:30:00,5944.1905
2025-06-12 19:40:00,6001.9549
2025-06-12 19:50:00,6000.5601
2025-06-12 20:00:00,5956.3800
2025-06-12 20:10:00,6247.6631
2025-06-12 20:20:00,5944.1905
2025-06-12 20:30:00,5594.5082
2025-06-12 20:40:00,5955.9541
2025-06-12 20:50:00,5944.1905
2025-06-12 21:00:00,5417.7273
2025-06-12 21:10:00,5802.8242
2025-06-12 21:20:00,5417.7273
2025-06-12 21:30:00,5944.1905
2025-06-12 21:40:00,6246.2615
2025-06-12 21:50:00,5955.3650
2025-06-12 22:00:00,5956.0851
2025-06-12 22:10:00,6001.1104
2025-06-12 22:20:00,6001.7149
2025-06-12 22:30:00,5944.1905
2025-06-12 22:40:00,6287.6522
2025-06-12 22:50:00,6110.9535
2025-06-12 23:00:00,6205.6602
2025-06-12 23:10:00,6108.0743
2025-06-12 23:20:00,6081.7956
2025-06-12 23:30:00,6235.7897
2025-06-12 23:40:00,6084.4125
2025-06-12 23:50:00,6043.3286
2025-06-13 00:00:00,6011.2846
2025-06-13 00:10:00,6052.6384
2025-06-13 00:20:00,6094.2487
2025-06-13 00:30:00,6082.1904
2025-06-13 00:40:00,6141.8142
2025-06-13 00:50:00,6144.3758
2025-06-13 01:00:00,6007.0940
2025-06-13 01:10:00,6121.9704
2025-06-13 01:20:00,6012.4287
2025-06-13 01:30:00,6133.6340
2025-06-13 01:40:00,6007.5336
2025-06-13 01:50:00,6068.6089
2025-06-13 02:00:00,6111.5949
2025-06-13 02:10:00,6109.6496
2025-06-13 02:20:00,6084.2900
2025-06-13 02:30:00,6048.4301
2025-06-13 02:40:00,6026.5451
2025-06-13 02:50:00,6023.1277
2025-06-13 03:00:00,6232.7062
2025-06-13 03:10:00,6084.3463
2025-06-13 03:20:00,6081.8626
2025-06-13 03:30:00,6235.8863
2025-06-13 03:40:00,6134.8017
2025-06-13 03:50:00,6137.0803
2025-06-13 04:00:00,6238.4147
2025-06-13 04:10:00,6127.3818
2025-06-13 04:20:00,6148.7238
2025-06-13 04:30:00,5950.1780
2025-06-13 04:40:00,5944.1905
2025-06-13 04:50:00,6045.4429
2025-06-13 05:00:00,5955.6188
2025-06-13 05:10:00,5944.1905
2025-06-13 05:20:00,6415.3829
2025-06-13 05:30:00,5956.8198
2025-06-13 05:40:00,5955.7211
2025-06-13 05:50:00,5944.1905
2025-06-13 06:00:00,6213.8503
2025-06-13 06:10:00,5957.6378
2025-06-13 06:20:00,6182.0323
2025-06-13 06:30:00,5601.9091
2025-06-13 06:40:00,5417.7273
2025-06-13 06:50:00,5949.0388
2025-06-13 07:00:00,5601.9091
2025-06-13 07:10:00,5604.6513
2025-06-13 07:20:00,6070.6572
2025-06-13 07:30:00,5956.6147
2025-06-13 07:40:00,5957.6849
2025-06-13 07:50:00,5958.1969
2025-06-13 08:00:00,5944.1905
2025-06-13 08:10:00,5944.1905
2025-06-13 08:20:00,6060.0532
2025-06-13 08:30:00,5601.9091
2025-06-13 08:40:00,5600.5322
2025-06-13 08:50:00,5957.5115
2025-06-13 09:00:00,6249.8047
2025-06-13 09:10:00,5949.4932
2025-06-13 09:20:00,5954.9634
2025-06-13 09:30:00,5954.8870
2025-06-13 09:40:00,5944.1905
2025-06-13 09:50:00,5944.1905
2025-06-13 10:00:00,6114.4256
2025-06-13 10:10:00,5949.4118
2025-06-13 10:20:00,6210.9346
2025-06-13 10:30:00,6012.3122
2025-06-13 10:40:00,6234.2034
2025-06-13 10:50:00,5944.1905
2025-06-13 11:00:00,6179.6348
2025-06-13 11:10:00,6233.2236
2025-06-13 11:20:00,6170.7682
2025-06-13 11:30:00,6039.7183
2025-06-13 11:40:00,5939.2100
2025-06-13 11:50:00,6043.0314
2025-06-13 12:00:00,6005.4278
2025-06-13 12:10:00,6268.4198
2025-06-13 12:20:00,6116.1610
2025-06-13 12:30:00,6022.1367
2025-06-13 12:40:00,6146.1760
2025-06-13 12:50:00,6007.3662
2025-06-13 13:00:00,6242.1484
2025-06-13 13:10:00,6240.9661
2025-06-13 13:20:00,6324.5336
2025-06-13 13:30:00,6014.4235
2025-06-13 13:40:00,6008.0536
2025-06-13 13:50:00,6024.1138
2025-06-13 14:00:00,6269.0705
2025-06-13 14:10:00,6082.8202
2025-06-13 14:20:00,6445.4189
2025-06-13 14:30:00,6017.1599
2025-06-13 14:40:00,6047.9202
2025-06-13 14:50:00,6015.4343
2025-06-13 15:00:00,6015.1728
2025-06-13 15:10:00,6065.8420
2025-06-13 15:20:00,6015.4817
2025-06-13 15:30:00,6015.3261
2025-06-13 15:40:00,6106.1600
2025-06-13 15:50:00,6094.0301
2025-06-13 16:00:00,6094.9953
2025-06-13 16:10:00,6213.6848
2025-06-13 16:20:00,6096.4852
2025-06-13 16:30:00,6102.9386
2025-06-13 16:40:00,6116.2060
2025-06-13 16:50:00,6098.0391
2025-06-13 17:00:00,6277.0035
2025-06-13 17:10:00,6268.8347
2025-06-13 17:20:00,6243.0606
2025-06-13 17:30:00,6242.8046
2025-06-13 17:40:00,6007.5582
2025-06-13 17:50:00,6094.6744
2025-06-13 18:00:00,6216.4327
2025-06-13 18:10:00,5944.1905
2025-06-13 18:20:00,6214.1097
2025-06-13 18:30:00,5973.1198
2025-06-13 18:40:00,5804.0780
2025-06-13 18:50:00,6182.8869
2025-06-13 19:00:00,5944.1905
2025-06-13 19:10:00,5475.1350
2025-06-13 19:20:00,5974.6694
2025-06-13 19:30:00,5616.8546
2025-06-13 19:40:00,5417.7273
2025-06-13 19:50:00,5971.8236
2025-06-13 20:00:00,6250.5282
2025-06-13 20:10:00,5976.8623
2025-06-13 20:20:00,5840.7927
2025-06-13 20:30:00,5976.3487
2025-06-13 20:40:00,5417.7273
2025-06-13 20:50:00,5944.1905
2025-06-13 21:00:00,5944.1905
2025-06-13 21:10:00,5590.6794
2025-06-13 21:20:00,5944.1905
2025-06-13 21:30:00,5944.1905
2025-06-13 21:35:43,5972.8277
2025-06-13 21:40:00,5643.3141
2025-06-13 21:50:00,5944.1905
2025-06-13 22:00:00,5668.1759
2025-06-13 22:10:00,5640.5123
2025-06-13 22:20:00,5944.1905
2025-06-13 22:30:00,5944.1905
2025-06-13 22:40:00,5597.0334
2025-06-13 22:50:00,5778.0997
2025-06-13 23:00:00,5417.7273
2025-06-13 23:10:00,5417.7273
2025-06-13 23:20:00,5564.7312
2025-06-13 23:30:00,5603.0707
2025-06-13 23:40:00,6106.2003
2025-06-13 23:50:00,6241.1713
2025-06-14 00:00:00,5944.1905
2025-06-14 00:10:00,5944.1905
2025-06-14 00:20:00,5944.1905
2025-06-14 00:30:00,6196.5569
2025-06-14 00:40:00,5944.1905
2025-06-14 00:50:00,5975.8568
2025-06-14 01:00:00,5601.9091
2025-06-14 01:10:00,5944.1905
2025-06-14 01:20:00,5971.5640
2025-06-14 01:30:00,6263.0728
2025-06-14 01:40:00,5956.8367
2025-06-14 01:50:00,6248.7227
2025-06-14 02:00:00,6159.2700
2025-06-14 02:10:00,6211.2521
2025-06-14 02:20:00,6110.7030
2025-06-14 02:30:00,6145.4762
2025-06-14 02:40:00,6151.9256
2025-06-14 02:50:00,6023.6443
2025-06-14 03:00:00,6201.2253
2025-06-14 03:10:00,6144.2369
2025-06-14 03:20:00,6137.0235
2025-06-14 03:30:00,6028.7046
2025-06-14 03:40:00,6084.5429
2025-06-14 03:50:00,5930.6710
2025-06-14 04:00:00,6022.7702
2025-06-14 04:10:00,6100.8800
2025-06-14 04:20:00,6012.8038
2025-06-14 04:30:00,6006.7625
2025-06-14 04:40:00,6021.0481
2025-06-14 04:50:00,6014.5293
2025-06-14 05:00:00,6242.2659
2025-06-14 05:10:00,6272.9582
2025-06-14 05:20:00,6025.4435
2025-06-14 05:30:00,6010.1681
2025-06-14 05:40:00,6013.4189
2025-06-14 05:50:00,6170.1622
2025-06-14 06:00:00,6059.3740
2025-06-14 06:10:00,6047.7678
2025-06-14 06:20:00,6055.0375
2025-06-14 06:30:00,6065.0614
2025-06-14 06:40:00,6081.6844
2025-06-14 06:50:00,6065.5821
2025-06-14 07:00:00,5949.9987
2025-06-14 07:10:00,5939.0351
2025-06-14 07:20:00,6168.2663
2025-06-14 07:30:00,6145.9249
2025-06-14 07:40:00,6057.4597
2025-06-14 07:50:00,6041.7910
2025-06-14 08:00:00,5966.6328
2025-06-14 08:10:00,5944.1905
2025-06-14 08:20:00,5944.1905
2025-06-14 08:30:00,5950.4088
2025-06-14 08:40:00,6224.6215
2025-06-14 08:50:00,5958.6221
2025-06-14 09:00:00,5957.6297
2025-06-14 09:10:00,5779.7143
2025-06-14 09:20:00,5417.7273
2025-06-14 09:30:00,5590.9026
2025-06-14 09:40:00,5972.7531
2025-06-14 09:50:00,5781.8131
2025-06-14 10:00:00,5475.5294
2025-06-14 10:10:00,5976.6889
2025-06-14 10:20:00,5954.5145
2025-06-14 10:30:00,5969.8906
2025-06-14 10:40:00,5973.0211
2025-06-14 10:50:00,5955.4621
2025-06-14 11:00:00,5957.4982
2025-06-14 11:10:00,5944.1905
2025-06-14 11:20:00,5956.4969
2025-06-14 11:30:00,5977.1601
2025-06-14 11:40:00,5949.5833
2025-06-14 11:50:00,5417.7273
2025-06-14 12:00:00,5944.1905
2025-06-14 12:10:00,5972.5026
2025-06-14 12:20:00,5609.3108
2025-06-14 12:30:00,5944.1905
2025-06-14 12:40:00,5955.2411
2025-06-14 12:50:00,5944.1905
2025-06-14 13:00:00,5956.1530
2025-06-14 13:10:00,5601.9091
2025-06-14 13:20:00,5944.1905
2025-06-14 13:30:00,5975.4222
2025-06-14 13:40:00,6182.3055
2025-06-14 13:50:00,5955.8237
2025-06-14 14:00:00,5950.8275
2025-06-14 14:10:00,5944.1905
2025-06-14 14:20:00,5950.8401
2025-06-14 14:30:00,5944.1905
2025-06-14 14:40:00,5999.8065
2025-06-14 14:50:00,5601.9091
2025-06-14 15:00:00,5976.0524
2025-06-14 15:10:00,5944.1905
2025-06-14 15:20:00,5955.1420
2025-06-14 15:30:00,6256.4028
2025-06-14 15:40:00,5783.8065
2025-06-14 15:50:00,5601.9091
2025-06-14 16:00:00,6247.2570
2025-06-14 16:10:00,6261.8133
2025-06-14 16:20:00,5957.4716
2025-06-14 16:30:00,5944.1905
2025-06-14 16:40:00,5973.0990
2025-06-14 16:50:00,5613.5055
2025-06-14 17:00:00,6032.7024
2025-06-14 17:10:00,5971.3435
2025-06-14 17:20:00,5601.9091
2025-06-14 17:30:00,5417.7273
2025-06-14 17:40:00,6261.2278
2025-06-14 17:50:00,6265.8985
2025-06-14 18:00:00,5956.5301
2025-06-14 18:10:00,5778.2856
2025-06-14 18:20:00,5944.1905
2025-06-14 18:30:00,5944.1905
2025-06-14 18:40:00,6032.9756
2025-06-14 18:50:00,5970.2622
2025-06-14 19:00:00,5780.5110
2025-06-14 19:10:00,5951.0939
2025-06-14 19:20:00,6261.8600
2025-06-14 19:30:00,5944.1905
2025-06-14 19:40:00,5970.7938
2025-06-14 19:50:00,5970.3933
2025-06-14 20:00:00,5957.8144
2025-06-14 20:10:00,6038.6350
2025-06-14 20:20:00,6038.5732
2025-06-14 20:30:00,5955.4345
2025-06-14 20:40:00,6259.8625
2025-06-14 20:50:00,6281.8731
2025-06-14 21:00:00,5944.1905
2025-06-14 21:10:00,6187.5036
2025-06-14 21:20:00,6115.3911
2025-06-14 21:30:00,5944.1905
2025-06-14 21:40:00,6139.3038
2025-06-14 21:50:00,6160.8948
2025-06-14 22:00:00,5944.1905
2025-06-14 22:10:00,6085.3921
2025-06-14 22:20:00,6111.2000
2025-06-14 22:30:00,6078.2935
2025-06-14 22:40:00,6056.2597
2025-06-14 22:50:00,6026.6985
2025-06-14 23:00:00,6114.4680
2025-06-14 23:10:00,6146.4485
2025-06-14 23:20:00,6062.0308
2025-06-14 23:30:00,6132.6571
2025-06-14 23:40:00,6151.4978
2025-06-14 23:50:00,6067.1734
2025-06-15 00:00:00,6258.2480
2025-06-15 00:10:00,6233.2829
2025-06-15 00:20:00,6059.4554
2025-06-15 00:30:00,6131.7092
2025-06-15 00:40:00,6062.3209
2025-06-15 00:50:00,6150.0547
2025-06-15 01:00:00,6119.7935
2025-06-15 01:10:00,6112.8499
2025-06-15 01:20:00,6009.6957
2025-06-15 01:30:00,6166.7039
2025-06-15 01:40:00,6080.8199
2025-06-15 01:50:00,6047.8289
2025-06-15 02:00:00,6015.1999
2025-06-15 02:10:00,6066.8899
2025-06-15 02:20:00,6076.8440
2025-06-15 02:30:00,6087.1860
2025-06-15 02:40:00,6071.8887
2025-06-15 02:50:00,6070.7016
2025-06-15 03:00:00,6117.4555
2025-06-15 03:10:00,6168.4963
2025-06-15 03:20:00,6133.5651
2025-06-15 03:30:00,6070.2961
2025-06-15 03:40:00,6053.4812
2025-06-15 03:50:00,6221.5261
2025-06-15 04:00:00,6272.8551
2025-06-15 04:10:00,5944.1905
2025-06-15 04:20:00,6261.5988
2025-06-15 04:30:00,6256.8553
2025-06-15 04:40:00,5954.8241
2025-06-15 04:50:00,6247.8075
2025-06-15 05:00:00,5944.1905
2025-06-15 05:10:00,5958.1183
2025-06-15 05:20:00,5957.4918
2025-06-15 05:30:00,5944.1905
2025-06-15 05:40:00,5417.7273
2025-06-15 05:50:00,5975.4693
2025-06-15 06:00:00,5944.1905
2025-06-15 06:10:00,5974.8818
2025-06-15 06:20:00,5944.1905
2025-06-15 06:30:00,5948.6578
2025-06-15 06:40:00,6262.5974
2025-06-15 06:50:00,5944.1905
2025-06-15 07:00:00,5944.1905
2025-06-15 07:10:00,5603.4043
2025-06-15 07:20:00,5944.1905
2025-06-15 07:30:00,5957.5523
2025-06-15 07:40:00,5956.4580
2025-06-15 07:50:00,5944.1905
2025-06-15 08:00:00,5804.0780
2025-06-15 08:10:00,5417.7273
2025-06-15 08:20:00,5944.1905
2025-06-15 08:30:00,5795.5411
2025-06-15 08:40:00,5976.3107
2025-06-15 08:50:00,5944.1905
2025-06-15 09:00:00,5601.9091
2025-06-15 09:10:00,5973.4612
2025-06-15 09:20:00,5977.5352
2025-06-15 09:30:00,5601.9091
2025-06-15 09:40:00,5475.3439
2025-06-15 09:50:00,5652.9162
2025-06-15 10:00:00,5417.7273
2025-06-15 10:10:00,5475.0129
2025-06-15 10:20:00,5974.7021
2025-06-15 10:30:00,5601.9091
2025-06-15 10:40:00,5417.7273
2025-06-15 10:50:00,5592.6497
2025-06-15 11:00:00,5417.7273
2025-06-15 11:10:00,5974.2114
2025-06-15 11:20:00,5949.0933
2025-06-15 11:30:00,5587.5334
2025-06-15 11:40:00,5949.2255
2025-06-15 11:50:00,5774.1798
2025-06-15 12:00:00,5976.7350
2025-06-15 12:10:00,5948.5117
2025-06-15 12:20:00,5974.8587
2025-06-15 12:30:00,5601.9091
2025-06-15 12:40:00,5417.7273
2025-06-15 12:50:00,5944.1905
2025-06-15 13:00:00,5944.1905
2025-06-15 13:10:00,5469.9734
2025-06-15 13:20:00,5972.3970
2025-06-15 13:30:00,5600.4479
2025-06-15 13:40:00,5600.4512
2025-06-15 13:50:00,5600.4347
2025-06-15 14:00:00,5600.4092
2025-06-15 14:10:00,5552.3824
2025-06-15 14:20:00,5976.4790
2025-06-15 14:30:00,5957.3263
2025-06-15 14:40:00,5476.8158
2025-06-15 14:50:00,5587.9213
2025-06-15 15:00:00,6242.0204
2025-06-15 15:10:00,5944.1905
2025-06-15 15:20:00,6160.0268
2025-06-15 15:30:00,5972.5828
2025-06-15 15:40:00,5807.4057
2025-06-15 15:50:00,5944.1905
2025-06-15 16:00:00,6109.3976
2025-06-15 16:10:00,6115.1445
2025-06-15 16:20:00,6236.8025
2025-06-15 16:30:00,5949.5149
2025-06-15 16:40:00,6234.9408
2025-06-15 16:50:00,6141.3841
2025-06-15 17:00:00,6141.3493
2025-06-15 17:10:00,6231.4438
2025-06-15 17:20:00,6023.3549
2025-06-15 17:30:00,6137.7321
2025-06-15 17:40:00,6163.9935
2025-06-15 17:50:00,6056.5104
2025-06-15 18:00:00,6236.0725
2025-06-15 18:10:00,6053.3721
2025-06-15 18:20:00,6544.8575
2025-06-15 18:30:00,6548.4346
2025-06-15 18:40:00,6220.7206
2025-06-15 18:50:00,6069.8315
2025-06-15 19:00:00,6537.7388
2025-06-15 19:10:00,6234.1551
2025-06-15 19:20:00,6537.4512
2025-06-15 19:30:00,6537.7227
2025-06-15 19:40:00,6069.3589
2025-06-15 19:50:00,6549.4449
2025-06-15 20:00:00,5945.0902
2025-06-15 20:10:00,6069.1600
2025-06-15 20:20:00,6555.8062
2025-06-15 20:30:00,5947.1935
2025-06-15 20:40:00,6220.2785
2025-06-15 20:50:00,6222.7611
2025-06-15 21:00:00,5947.6760
2025-06-15 21:10:00,5947.8410
2025-06-15 21:20:00,6538.8533
2025-06-15 21:30:00,6069.0385
2025-06-15 21:40:00,6249.0846
2025-06-15 21:50:00,6068.6819
2025-06-15 22:00:00,6063.1948
2025-06-15 22:10:00,6246.8811
2025-06-15 22:20:00,6010.2971
2025-06-15 22:30:00,6125.5856
2025-06-15 22:40:00,6074.4862
2025-06-15 22:50:00,6110.8930
2025-06-15 23:00:00,6085.8146
2025-06-15 23:10:00,6109.7998
2025-06-15 23:20:00,6018.0940
2025-06-15 23:30:00,5851.1686
2025-06-15 23:40:00,6023.6719
2025-06-15 23:50:00,6021.4002
2025-06-16 00:00:00,6039.1164
2025-06-16 00:10:00,6049.3761
2025-06-16 00:20:00,6082.0570
2025-06-16 00:30:00,6121.0666
2025-06-16 00:40:00,5944.1905
2025-06-16 00:50:00,6111.2000
2025-06-16 01:00:00,6175.3558
2025-06-16 01:10:00,6048.1213
2025-06-16 01:20:00,6121.3757
2025-06-16 01:30:00,6120.3695
2025-06-16 01:40:00,6232.0241
2025-06-16 01:50:00,6111.2000
2025-06-16 02:00:00,6170.6881
2025-06-16 02:10:00,6232.2566
2025-06-16 02:20:00,6111.2000
2025-06-16 02:30:00,6047.7069
2025-06-16 02:40:00,6232.4742
2025-06-16 02:50:00,6047.6405
2025-06-16 03:00:00,6021.1384
2025-06-16 03:10:00,6232.4742
2025-06-16 03:20:00,6167.4341
2025-06-16 03:30:00,6141.6832
2025-06-16 03:40:00,6111.2000
2025-06-16 03:50:00,6168.0924
2025-06-16 04:00:00,6111.2000
2025-06-16 04:10:00,5939.2275
2025-06-16 04:20:00,6111.2000
2025-06-16 04:30:00,6111.2000
2025-06-16 04:40:00,5944.1905
2025-06-16 04:50:00,6170.1515
2025-06-16 05:00:00,6111.2000
2025-06-16 05:10:00,6021.6157
2025-06-16 05:20:00,6111.2000
2025-06-16 05:30:00,6170.4500
2025-06-16 05:40:00,6232.3540
2025-06-16 05:50:00,6122.3941
2025-06-16 06:00:00,6098.8638
2025-06-16 06:10:00,6048.4301
2025-06-16 06:20:00,6041.8706
2025-06-16 06:30:00,6038.4582
2025-06-16 06:40:00,6219.2368
2025-06-16 06:50:00,6062.8178
2025-06-16 07:00:00,6068.3749
2025-06-16 07:10:00,6071.0911
2025-06-16 07:20:00,6073.5397
2025-06-16 07:30:00,6076.3693
2025-06-16 07:40:00,6186.0071
2025-06-16 07:50:00,6138.5986
2025-06-16 08:00:00,6008.3731
2025-06-16 08:10:00,6008.6348
2025-06-16 08:20:00,6133.1039
2025-06-16 08:30:00,6235.8618
2025-06-16 08:40:00,6009.0451
2025-06-16 08:50:00,6218.0455
2025-06-16 09:00:00,6228.7838
2025-06-16 09:10:00,6058.3912
2025-06-16 09:20:00,6246.5464
2025-06-16 09:30:00,6139.2976
2025-06-16 09:40:00,6009.5472
2025-06-16 09:50:00,6137.8933
2025-06-16 10:00:00,6242.8874
2025-06-16 10:10:00,6008.8125
2025-06-16 10:20:00,6230.4126
2025-06-16 10:30:00,6129.6692
2025-06-16 10:40:00,6186.4708
2025-06-16 10:50:00,6117.9487
2025-06-16 11:00:00,6055.5626
2025-06-16 11:10:00,6052.6228
2025-06-16 11:20:00,6118.5380
2025-06-16 11:30:00,6116.4752
2025-06-16 11:40:00,6013.0314
2025-06-16 11:50:00,6067.5766
2025-06-16 12:00:00,5851.6337
2025-06-16 12:10:00,6019.7530
2025-06-16 12:20:00,6084.3297
2025-06-16 12:30:00,6023.6085
2025-06-16 12:40:00,6018.1563
2025-06-16 12:50:00,6082.2095
2025-06-16 13:00:00,6017.1339
2025-06-16 13:10:00,6172.0092
2025-06-16 13:20:00,6025.0768
2025-06-16 13:30:00,6023.1277
2025-06-16 13:40:00,6015.1471
2025-06-16 13:50:00,6015.1849
2025-06-16 14:00:00,6015.2268
2025-06-16 14:10:00,6022.3846
2025-06-16 14:20:00,6111.2000
2025-06-16 14:30:00,6086.9611
2025-06-16 14:40:00,6015.3447
2025-06-16 14:50:00,6090.0055
2025-06-16 15:00:00,6088.9841
2025-06-16 15:10:00,6094.7884
2025-06-16 15:20:00,5938.8987
2025-06-16 15:30:00,6019.1397
2025-06-16 15:40:00,5898.9984
2025-06-16 15:50:00,6190.1573
2025-06-16 16:00:00,5900.5517
2025-06-16 16:10:00,6413.4760
2025-06-16 16:20:00,5999.3965
2025-06-16 16:30:00,6016.9684
2025-06-16 16:40:00,6261.4875
2025-06-16 16:50:00,5974.3425
2025-06-16 17:00:00,6196.4440
2025-06-16 17:10:00,6244.0367
2025-06-16 17:20:00,5950.9529
2025-06-16 17:30:00,5967.9797
2025-06-16 17:40:00,6182.4031
2025-06-16 17:50:00,5944.1905
2025-06-16 18:00:00,6183.0450
2025-06-16 18:10:00,5944.1905
2025-06-16 18:20:00,5634.0785
2025-06-16 18:30:00,5621.6312
2025-06-16 18:40:00,6184.2334
2025-06-16 18:50:00,6032.8037
2025-06-16 19:00:00,5950.8137
2025-06-16 19:10:00,5975.9491
2025-06-16 19:20:00,5802.4221
2025-06-16 19:30:00,6182.1302
2025-06-16 19:40:00,6193.1669
2025-06-16 19:50:00,5971.9833
2025-06-16 20:00:00,6182.5532
2025-06-16 20:10:00,5944.1905
2025-06-16 20:20:00,5944.1905
2025-06-16 20:30:00,6182.3328
2025-06-16 20:40:00,6241.3783
2025-06-16 20:50:00,5678.1323
2025-06-16 21:00:00,5654.7954
2025-06-16 21:10:00,6238.2991
2025-06-16 21:20:00,5417.7273
2025-06-16 21:30:00,5783.6393
2025-06-16 21:40:00,6183.8153
2025-06-16 21:50:00,5758.2733
2025-06-16 22:00:00,5563.5058
2025-06-16 22:10:00,5568.0655
2025-06-16 22:20:00,5944.1905
2025-06-16 22:30:00,6194.1767
2025-06-16 22:40:00,5690.7379
2025-06-16 22:50:00,5944.1905
2025-06-16 23:00:00,5975.8562
2025-06-16 23:10:00,5975.8525
2025-06-16 23:20:00,5944.1905
2025-06-16 23:30:00,5779.1599
2025-06-16 23:40:00,5944.1905
2025-06-16 23:50:00,5972.7595
2025-06-17 00:00:00,6191.8712
2025-06-17 00:10:00,5944.1905
2025-06-17 00:20:00,5955.8542
2025-06-17 00:30:00,5619.0636
2025-06-17 00:40:00,5956.9165
2025-06-17 00:50:00,6163.9284
2025-06-17 01:00:00,6002.8609
2025-06-17 01:10:00,6001.9910
2025-06-17 01:20:00,5954.6646
2025-06-17 01:30:00,6171.2586
2025-06-17 01:40:00,6139.2952
2025-06-17 01:50:00,6140.8403
2025-06-17 02:00:00,6145.0229
2025-06-17 02:10:00,6128.1972
2025-06-17 02:20:00,6096.5023
2025-06-17 02:30:00,6014.9343
2025-06-17 02:40:00,6029.7524
2025-06-17 02:50:00,6026.4689
2025-06-17 03:00:00,6143.1849
2025-06-17 03:10:00,6207.5780
2025-06-17 03:20:00,6007.8738
2025-06-17 03:30:00,6149.4838
2025-06-17 03:40:00,6229.6147
2025-06-17 03:50:00,6352.1116
2025-06-17 04:00:00,6067.1375
2025-06-17 04:10:00,6342.4998
2025-06-17 04:20:00,6258.1204
2025-06-17 04:30:00,6065.6827
2025-06-17 04:40:00,6228.7303
2025-06-17 04:50:00,5992.2330
2025-06-17 05:00:00,6135.5215
2025-06-17 05:10:00,6019.4357
2025-06-17 05:20:00,6022.3814
2025-06-17 05:30:00,6116.5648
2025-06-17 05:40:00,6084.4873
2025-06-17 05:50:00,6022.6001
2025-06-17 06:00:00,6115.5245
2025-06-17 06:10:00,6016.5773
2025-06-17 06:20:00,6021.4141
2025-06-17 06:30:00,6111.2000
2025-06-17 06:40:00,6023.0009
2025-06-17 06:50:00,6083.8773
2025-06-17 07:00:00,6137.9419
2025-06-17 07:10:00,5949.9604
2025-06-17 07:20:00,5950.0240
2025-06-17 07:30:00,6114.6336
2025-06-17 07:40:00,6214.8144
2025-06-17 07:50:00,6215.5891
2025-06-17 08:00:00,6123.3403
2025-06-17 08:10:00,6104.1660
2025-06-17 08:20:00,6152.6862
2025-06-17 08:30:00,5944.1905
2025-06-17 08:40:00,6191.0208
2025-06-17 08:50:00,6255.1249
2025-06-17 09:00:00,5944.1905
2025-06-17 09:10:00,6329.7359
2025-06-17 09:20:00,6261.1330
2025-06-17 09:30:00,5955.3121
2025-06-17 09:40:00,6001.7255
2025-06-17 09:50:00,6004.8026
2025-06-17 10:00:00,5955.8144
2025-06-17 10:10:00,6248.7945
2025-06-17 10:20:00,5944.1905
2025-06-17 10:30:00,5958.4427
2025-06-17 10:40:00,5944.1905
2025-06-17 10:50:00,5944.1905
2025-06-17 11:00:00,5417.7273
2025-06-17 11:10:00,5973.0272
2025-06-17 11:20:00,5949.2420
2025-06-17 11:30:00,5590.7781
2025-06-17 11:40:00,5944.1905
2025-06-17 11:50:00,5690.2058
2025-06-17 12:00:00,5601.9091
2025-06-17 12:10:00,5954.6248
2025-06-17 12:20:00,5955.7710
2025-06-17 12:30:00,5601.9091
2025-06-17 12:40:00,5956.9132
2025-06-17 12:50:00,5944.1905
2025-06-17 13:00:00,5944.1905
2025-06-17 13:10:00,6262.8825
2025-06-17 13:20:00,5944.1905
2025-06-17 13:30:00,5601.9091
2025-06-17 13:40:00,6258.5575
2025-06-17 13:50:00,6227.5855
2025-06-17 14:00:00,5944.1905
2025-06-17 14:10:00,5956.9330
2025-06-17 14:20:00,5944.1905
2025-06-17 14:30:00,5944.1905
2025-06-17 14:40:00,6013.8032
2025-06-17 14:50:00,6146.8608
2025-06-17 15:00:00,5949.4352
2025-06-17 15:10:00,6117.2674
2025-06-17 15:20:00,6040.2353
2025-06-17 15:30:00,6139.1320
2025-06-17 15:40:00,6140.2972
2025-06-17 15:50:00,6082.5637
2025-06-17 16:00:00,6170.7682
2025-06-17 16:10:00,6022.3073
2025-06-17 16:20:00,6030.6431
2025-06-17 16:30:00,6017.1382
2025-06-17 16:40:00,6108.5058
2025-06-17 16:50:00,5991.2350
2025-06-17 17:00:00,6007.7112
2025-06-17 17:10:00,6136.6371
2025-06-17 17:20:00,6072.1949
2025-06-17 17:30:00,6224.3605
2025-06-17 17:40:00,6067.3441
2025-06-17 17:50:00,6229.7322
2025-06-17 18:00:00,6168.9589
2025-06-17 18:10:00,6251.2985
2025-06-17 18:20:00,6067.3111
2025-06-17 18:30:00,6232.3893
2025-06-17 18:40:00,6062.1913
2025-06-17 18:50:00,5995.2721
2025-06-17 19:00:00,6252.7550
2025-06-17 19:10:00,6146.9195
2025-06-17 19:20:00,6020.6499
2025-06-17 19:30:00,6113.4961
2025-06-17 19:40:00,6013.8852
2025-06-17 19:50:00,6084.0124
2025-06-17 20:00:00,6173.6421
2025-06-17 20:10:00,6047.9695
2025-06-17 20:20:00,6167.1809
2025-06-17 20:30:00,6111.2000
2025-06-17 20:40:00,6081.8626
2025-06-17 20:50:00,6094.8003
2025-06-17 21:00:00,5950.0063
2025-06-17 21:10:00,6114.5890
2025-06-17 21:20:00,6173.0782
2025-06-17 21:30:00,6115.9128
2025-06-17 21:40:00,6125.7714
2025-06-17 21:50:00,6121.3765
2025-06-17 22:00:00,6267.3034
2025-06-17 22:10:00,6061.4132
2025-06-17 22:20:00,5950.0030
2025-06-17 22:30:00,5957.9968
2025-06-17 22:40:00,5958.4259
2025-06-17 22:50:00,6214.0453
2025-06-17 23:00:00,5973.1900
2025-06-17 23:10:00,5955.5550
2025-06-17 23:20:00,5417.7273
2025-06-17 23:30:00,5944.1905
2025-06-17 23:40:00,5791.8593
2025-06-17 23:50:00,5972.7210
2025-06-18 00:00:00,5944.1905
2025-06-18 00:10:00,6255.7439
2025-06-18 00:20:00,5944.1905
2025-06-18 00:30:00,5977.0927
2025-06-18 00:40:00,5956.2856
2025-06-18 00:50:00,5973.4412
2025-06-18 01:00:00,5944.1905
2025-06-18 01:10:00,5956.8934
2025-06-18 01:20:00,5950.2619
2025-06-18 01:30:00,5975.7334
2025-06-18 01:40:00,5588.2946
2025-06-18 01:50:00,5977.5425
2025-06-18 02:00:00,5944.1905
2025-06-18 02:10:00,5949.0564
2025-06-18 02:20:00,5975.3904
2025-06-18 02:30:00,5944.1905
2025-06-18 02:40:00,5474.9545
2025-06-18 02:50:00,5972.6342
2025-06-18 03:00:00,5623.4173
2025-06-18 03:10:00,5618.1895
2025-06-18 03:20:00,5610.9286
2025-06-18 03:30:00,5976.6259
2025-06-18 03:40:00,5944.1905
2025-06-18 03:50:00,6253.4197
2025-06-18 04:00:00,5950.2921
2025-06-18 04:10:00,5806.3344
2025-06-18 04:20:00,5973.4119
2025-06-18 04:30:00,6253.9278
2025-06-18 04:40:00,5799.2570
2025-06-18 04:50:00,5978.0712
2025-06-18 05:00:00,5590.9102
2025-06-18 05:10:00,5944.1905
2025-06-18 05:20:00,6257.5972
2025-06-18 05:30:00,6260.6276
2025-06-18 05:40:00,5958.2915
2025-06-18 05:50:00,6213.4345
2025-06-18 06:00:00,6017.1468
2025-06-18 06:10:00,6046.9985
2025-06-18 06:20:00,6237.0067
2025-06-18 06:30:00,6262.6890
2025-06-18 06:40:00,6004.5084
2025-06-18 06:50:00,6007.9236
2025-06-18 07:00:00,6064.3533
2025-06-18 07:10:00,5944.1905
2025-06-18 07:20:00,6139.2032
2025-06-18 07:30:00,6021.8753
2025-06-18 07:40:00,6081.4103
2025-06-18 07:50:00,6023.8284
2025-06-18 08:00:00,5928.3248
2025-06-18 08:10:00,6077.0976
2025-06-18 08:20:00,6230.3245
2025-06-18 08:30:00,6137.7321
2025-06-18 08:40:00,6162.7166
2025-06-18 08:50:00,6216.9105
2025-06-18 09:00:00,6549.4861
2025-06-18 09:10:00,6218.9056
2025-06-18 09:20:00,6218.4558
2025-06-18 09:30:00,5938.7340
2025-06-18 09:40:00,6224.6480
2025-06-18 09:50:00,6269.9691
2025-06-18 10:00:00,6537.6696
2025-06-18 10:10:00,6234.7424
2025-06-18 10:20:00,6107.9647
2025-06-18 10:30:00,5901.5727
2025-06-18 10:40:00,6008.6746
2025-06-18 10:50:00,6125.5856
2025-06-18 11:00:00,6023.5885
2025-06-18 11:10:00,6013.6623
2025-06-18 11:20:00,6083.4807
2025-06-18 11:30:00,6028.8600
2025-06-18 11:40:00,6111.2000
2025-06-18 11:50:00,6075.8228
2025-06-18 12:00:00,6090.0360
2025-06-18 12:10:00,6134.7779
2025-06-18 12:20:00,6172.8829
2025-06-18 12:30:00,6150.3963
2025-06-18 12:40:00,6189.8007
2025-06-18 12:50:00,6236.3226
2025-06-18 13:00:00,6182.0372
2025-06-18 13:10:00,6192.0227
2025-06-18 13:20:00,5944.1905
2025-06-18 13:30:00,5944.1905
2025-06-18 13:40:00,5417.7273
2025-06-18 13:50:00,5944.1905
2025-06-18 14:00:00,6205.5269
2025-06-18 14:10:00,5590.7209
2025-06-18 14:20:00,5835.7664
2025-06-18 14:30:00,5417.7273
2025-06-18 14:40:00,5972.7278
2025-06-18 14:50:00,6182.2982
2025-06-18 15:00:00,6253.7796
2025-06-18 15:10:00,5977.4015
2025-06-18 15:20:00,5949.8194
2025-06-18 15:30:00,5794.0589
2025-06-18 15:40:00,6245.5917
2025-06-18 15:50:00,5971.5611
2025-06-18 16:00:00,5977.0344
2025-06-18 16:10:00,5975.7148
2025-06-18 16:20:00,5785.1924
2025-06-18 16:30:00,5779.2531
2025-06-18 16:40:00,5944.1905
2025-06-18 16:50:00,5651.2709
2025-06-18 17:00:00,5634.0785
2025-06-18 17:10:00,5972.5533
2025-06-18 17:20:00,5417.7273
2025-06-18 17:30:00,5417.7273
2025-06-18 17:40:00,5603.5523
2025-06-18 17:50:00,5469.0737
2025-06-18 18:00:00,5557.7572
2025-06-18 18:10:00,5944.1905
2025-06-18 18:20:00,6001.9745
2025-06-18 18:30:00,5956.7288
2025-06-18 18:40:00,5595.4943
2025-06-18 18:50:00,5950.4197
2025-06-18 19:00:00,6196.1549
2025-06-18 19:10:00,5955.7156
2025-06-18 19:20:00,6000.8938
2025-06-18 19:30:00,5944.1905
2025-06-18 19:40:00,5944.1905
2025-06-18 19:50:00,6002.4471
2025-06-18 20:00:00,6113.7485
2025-06-18 20:10:00,6192.5817
2025-06-18 20:20:00,6046.3675
2025-06-18 20:30:00,6201.5091
2025-06-18 20:40:00,6084.1028
2025-06-18 20:50:00,6138.1055
2025-06-18 21:00:00,6023.1032
2025-06-18 21:10:00,6075.8584
2025-06-18 21:20:00,6038.4122
2025-06-18 21:30:00,5925.8238
2025-06-18 21:40:00,6077.1983
2025-06-18 21:50:00,6057.9944
2025-06-18 22:00:00,6024.5422
2025-06-18 22:10:00,6015.8081
2025-06-18 22:20:00,6110.2732
2025-06-18 22:30:00,6024.5591
2025-06-18 22:40:00,6008.4018
2025-06-18 22:50:00,6168.5565
2025-06-18 23:00:00,6025.2521
2025-06-18 23:10:00,6037.7170
2025-06-18 23:20:00,6020.2596
2025-06-18 23:30:00,6082.8027
2025-06-18 23:40:00,5930.7464
2025-06-18 23:50:00,6022.9539
2025-06-19 00:00:00,6170.2071
2025-06-19 00:10:00,6021.4141
2025-06-19 00:20:00,6174.8166
2025-06-19 00:30:00,6190.3672
2025-06-19 00:40:00,6204.1430
2025-06-19 00:50:00,6138.1262
2025-06-19 01:00:00,6091.7228
2025-06-19 01:10:00,6070.2071
2025-06-19 01:20:00,5944.1905
2025-06-19 01:30:00,6116.2011
2025-06-19 01:40:00,6146.4068
2025-06-19 01:50:00,6073.4885
2025-06-19 02:00:00,6122.3833
2025-06-19 02:10:00,6259.8200
2025-06-19 02:20:00,5944.1905
2025-06-19 02:30:00,5944.1905
2025-06-19 02:40:00,6046.8041
2025-06-19 02:50:00,5955.0120
2025-06-19 03:00:00,5944.1905
2025-06-19 03:10:00,5944.1905
2025-06-19 03:20:00,5609.0795
2025-06-19 03:30:00,5956.9051
2025-06-19 03:40:00,5949.9306
2025-06-19 03:50:00,5601.9091
2025-06-19 04:00:00,5590.7874
2025-06-19 04:10:00,5417.7273
2025-06-19 04:20:00,5595.8182
2025-06-19 04:30:00,5417.7273
2025-06-19 04:40:00,5944.1905
2025-06-19 04:50:00,5795.1611
2025-06-19 05:00:00,5956.2530
2025-06-19 05:10:00,5950.8886
2025-06-19 05:20:00,5602.4792
2025-06-19 05:30:00,5956.6400
2025-06-19 05:40:00,6060.1711
2025-06-19 05:50:00,5970.7632
2025-06-19 06:00:00,5958.2582
2025-06-19 06:10:00,5957.7379
2025-06-19 06:20:00,6171.1829
2025-06-19 06:30:00,6111.1673
2025-06-19 06:40:00,5944.1905
2025-06-19 06:50:00,6258.2696
2025-06-19 07:00:00,6111.1245
2025-06-19 07:10:00,6114.5742
2025-06-19 07:20:00,6147.3926
2025-06-19 07:30:00,6111.4374
2025-06-19 07:40:00,6159.9591
2025-06-19 07:50:00,6093.2393
2025-06-19 08:00:00,6114.4970
2025-06-19 08:10:00,6168.8295
2025-06-19 08:20:00,6213.3181
2025-06-19 08:30:00,6013.6985
2025-06-19 08:40:00,6041.8473
2025-06-19 08:50:00,6023.7949
2025-06-19 09:00:00,6144.2792
2025-06-19 09:10:00,6091.2195
2025-06-19 09:20:00,6022.9249
2025-06-19 09:30:00,6111.2000
2025-06-19 09:40:00,6022.9688
2025-06-19 09:50:00,6035.1532
2025-06-19 10:00:00,6100.8667
2025-06-19 10:10:00,6100.2120
2025-06-19 10:20:00,6015.1962
2025-06-19 10:30:00,6073.7912
2025-06-19 10:40:00,6022.7088
2025-06-19 10:50:00,6022.6314
2025-06-19 11:00:00,6082.5895
2025-06-19 11:10:00,6087.4421
2025-06-19 11:20:00,6023.8198
2025-06-19 11:30:00,6073.2357
2025-06-19 11:40:00,6093.3523
2025-06-19 11:50:00,6120.8293
2025-06-19 12:00:00,6364.9688
2025-06-19 12:10:00,6184.0429
2025-06-19 12:20:00,6018.8182
2025-06-19 12:30:00,6230.1700
2025-06-19 12:40:00,6017.1603
2025-06-19 12:50:00,6332.5535
2025-06-19 13:00:00,6260.5710
2025-06-19 13:10:00,6341.6681
2025-06-19 13:20:00,6213.8039
2025-06-19 13:30:00,5944.1905
2025-06-19 13:40:00,6182.4183
2025-06-19 13:50:00,5944.1905
2025-06-19 14:00:00,5801.5080
2025-06-19 14:10:00,5944.1905
2025-06-19 14:20:00,5944.1905
2025-06-19 14:30:00,5944.1905
2025-06-19 14:40:00,5944.1905
2025-06-19 14:50:00,6033.6818
2025-06-19 15:00:00,5956.0431
2025-06-19 15:10:00,5944.1905
2025-06-19 15:20:00,5944.1905
2025-06-19 15:30:00,5957.2081
2025-06-19 15:40:00,6188.3173
2025-06-19 15:50:00,6183.7081
2025-06-19 16:00:00,5950.5966
2025-06-19 16:10:00,5972.8380
2025-06-19 16:20:00,5944.1905
2025-06-19 16:30:00,5970.1178
2025-06-19 16:40:00,5955.7961
2025-06-19 16:50:00,5944.1905
2025-06-19 17:00:00,5590.9828
2025-06-19 17:10:00,5973.1355
2025-06-19 17:20:00,6264.4469
2025-06-19 17:30:00,5954.9973
2025-06-19 17:40:00,5944.1905
2025-06-19 17:50:00,5944.1905
2025-06-19 18:00:00,5956.9132
2025-06-19 18:10:00,6328.3163
2025-06-19 18:20:00,6032.7820
2025-06-19 18:30:00,5951.1926
2025-06-19 18:40:00,5949.9146
2025-06-19 18:50:00,5944.1905
2025-06-19 19:00:00,5944.1905
2025-06-19 19:10:00,6263.6426
2025-06-19 19:20:00,5951.3092
2025-06-19 19:30:00,5417.7273
2025-06-19 19:40:00,5944.1905
2025-06-19 19:50:00,6162.8782
2025-06-19 20:00:00,6246.2297
2025-06-19 20:10:00,6247.4024
2025-06-19 20:20:00,5958.3809
2025-06-19 20:30:00,6001.1104
2025-06-19 20:40:00,6234.1546
2025-06-19 20:50:00,6276.9955
2025-06-19 21:00:00,6001.6552
2025-06-19 21:10:00,6192.9530
2025-06-19 21:20:00,6017.6031
2025-06-19 21:30:00,6148.5799
2025-06-19 21:40:00,6194.7131
2025-06-19 21:50:00,6267.8968
2025-06-19 22:00:00,6111.1558
2025-06-19 22:10:00,6114.4462
2025-06-19 22:20:00,6059.6248
2025-06-19 22:30:00,6165.4506
2025-06-19 22:40:00,6169.8649
2025-06-19 22:50:00,6080.1211
2025-06-19 23:00:00,6048.7468
2025-06-19 23:10:00,6057.8536
2025-06-19 23:20:00,6065.8572
2025-06-19 23:30:00,6169.8666
2025-06-19 23:40:00,6017.0422
2025-06-19 23:50:00,6011.7541
2025-06-20 00:00:00,6081.3276
2025-06-20 00:10:00,6023.4512
2025-06-20 00:20:00,6019.8727
2025-06-20 00:30:00,6132.6571
2025-06-20 00:40:00,6132.1424
2025-06-20 00:50:00,6012.4287
2025-06-20 01:00:00,6146.8389
2025-06-20 01:10:00,6141.7149
2025-06-20 01:20:00,6149.2657
2025-06-20 01:30:00,6135.8571
2025-06-20 01:40:00,6144.5197
2025-06-20 01:50:00,6026.1423
2025-06-20 02:00:00,6007.6366
2025-06-20 02:10:00,6109.7998
2025-06-20 02:20:00,6017.4747
2025-06-20 02:30:00,6038.2741
2025-06-20 02:40:00,6023.3100
2025-06-20 02:50:00,5846.7144
2025-06-20 03:00:00,6111.2000
2025-06-20 03:10:00,6168.9202
2025-06-20 03:20:00,6055.0375
2025-06-20 03:30:00,6111.2000
2025-06-20 03:40:00,6081.8889
2025-06-20 03:50:00,6081.4964
2025-06-20 04:00:00,6144.5191
2025-06-20 04:10:00,6084.9508
2025-06-20 04:20:00,6134.8873
2025-06-20 04:30:00,6237.5378
2025-06-20 04:40:00,6135.4882
2025-06-20 04:50:00,6070.4656
2025-06-20 05:00:00,6058.4649
2025-06-20 05:10:00,5944.1905
2025-06-20 05:20:00,6116.3284
2025-06-20 05:30:00,6168.2663
2025-06-20 05:40:00,5944.1905
2025-06-20 05:50:00,6302.8135
2025-06-20 06:00:00,6147.0072
2025-06-20 06:10:00,6123.0734
2025-06-20 06:20:00,6115.7384
2025-06-20 06:30:00,6143.2008
2025-06-20 06:40:00,5944.1905
2025-06-20 06:50:00,6123.6264
2025-06-20 07:00:00,6059.4990
2025-06-20 07:10:00,5944.1905
2025-06-20 07:20:00,6115.7246
2025-06-20 07:30:00,6115.6867
2025-06-20 07:40:00,5944.1905
2025-06-20 07:50:00,6224.6937
2025-06-20 08:00:00,6233.6228
2025-06-20 08:10:00,6204.2275
2025-06-20 08:20:00,6231.1940
2025-06-20 08:30:00,6230.8490
2025-06-20 08:40:00,6236.3029
2025-06-20 08:50:00,6072.1158
2025-06-20 09:00:00,6087.4675
2025-06-20 09:10:00,5839.9482
2025-06-20 09:20:00,5947.8420
2025-06-20 09:30:00,6070.1714
2025-06-20 09:40:00,6015.3810
2025-06-20 09:50:00,6118.5443
2025-06-20 10:00:00,6015.4374
2025-06-20 10:10:00,6069.6225
2025-06-20 10:20:00,6097.4404
2025-06-20 10:30:00,6241.7194
2025-06-20 10:40:00,6164.5933
2025-06-20 10:50:00,6272.9709
2025-06-20 11:00:00,6061.1217
2025-06-20 11:10:00,6049.9176
2025-06-20 11:20:00,6050.5244
2025-06-20 11:30:00,5953.9133
2025-06-20 11:40:00,6253.3834
2025-06-20 11:50:00,5958.4049
2025-06-20 12:00:00,5958.2463
2025-06-20 12:10:00,5944.1905
2025-06-20 12:20:00,5955.7741
2025-06-20 12:30:00,6182.7914
2025-06-20 12:40:00,6239.3366
2025-06-20 12:50:00,5676.0948
2025-06-20 13:00:00,5662.1063
2025-06-20 13:10:00,5650.4436
2025-06-20 13:20:00,5467.2833
2025-06-20 13:30:00,5974.2989
2025-06-20 13:40:00,6248.2027
2025-06-20 13:50:00,5950.8782
2025-06-20 14:00:00,6241.1497
2025-06-20 14:10:00,5949.1345
2025-06-20 14:20:00,5944.1905
2025-06-20 14:30:00,5944.1905
2025-06-20 14:40:00,6263.1949
2025-06-20 14:50:00,5788.4240
2025-06-20 15:00:00,5944.1905
2025-06-20 15:10:00,5944.1905
2025-06-20 15:20:00,5619.9418
2025-06-20 15:30:00,5608.1111
2025-06-20 15:40:00,5618.8394
2025-06-20 15:50:00,5556.2599
2025-06-20 16:00:00,5590.4507
2025-06-20 16:10:00,5417.7273
2025-06-20 16:20:00,5555.2325
2025-06-20 16:30:00,5417.7273
2025-06-20 16:40:00,5576.5632
2025-06-20 16:50:00,5417.7273
2025-06-20 17:00:00,5591.2084
2025-06-20 17:10:00,6105.6261
2025-06-20 17:20:00,5976.1227
2025-06-20 17:30:00,5601.9091
2025-06-20 17:40:00,5671.1512
2025-06-20 17:50:00,5944.1905
2025-06-20 18:00:00,5976.2815
2025-06-20 18:10:00,5944.1905
2025-06-20 18:20:00,5474.8802
2025-06-20 18:30:00,5610.6395
2025-06-20 18:40:00,5944.1905
2025-06-20 18:50:00,6183.6607
2025-06-20 19:00:00,5944.1905
2025-06-20 19:10:00,5972.4359
2025-06-20 19:20:00,5972.4063
2025-06-20 19:30:00,5417.7273
2025-06-20 19:40:00,5417.7273
2025-06-20 19:50:00,5560.0315
2025-06-20 20:00:00,5417.7273
2025-06-20 20:10:00,5744.8938
2025-06-20 20:20:00,5748.4146
2025-06-20 20:30:00,5970.2616
2025-06-20 20:40:00,6246.2406
2025-06-20 20:50:00,5944.1905
2025-06-20 21:00:00,5677.1879
2025-06-20 21:10:00,6345.8906
2025-06-20 21:20:00,6247.3989
2025-06-20 21:30:00,6000.5953
2025-06-20 21:40:00,5977.4308
2025-06-20 21:50:00,5944.1905
2025-06-20 22:00:00,5970.1900
2025-06-20 22:10:00,6108.1656
2025-06-20 22:20:00,6271.9526
2025-06-20 22:30:00,6001.1534
2025-06-20 22:40:00,6005.5031
2025-06-20 22:50:00,6212.6728
2025-06-20 23:00:00,6113.3592
2025-06-20 23:10:00,6072.1433
2025-06-20 23:20:00,6071.3735
2025-06-20 23:30:00,6218.2254
2025-06-20 23:40:00,6087.0955
2025-06-20 23:50:00,6080.5731
2025-06-21 00:00:00,6099.1727
2025-06-21 00:10:00,6100.9275
2025-06-21 00:20:00,6082.6978
2025-06-21 00:30:00,6184.6098
2025-06-21 00:40:00,6077.7271
2025-06-21 00:50:00,6023.6827
2025-06-21 01:00:00,6015.5447
2025-06-21 01:10:00,6023.7536
2025-06-21 01:20:00,6045.4206
2025-06-21 01:30:00,6093.5750
2025-06-21 01:40:00,6206.3944
2025-06-21 01:50:00,6095.1024
2025-06-21 02:00:00,6117.7323
2025-06-21 02:10:00,6074.2834
2025-06-21 02:20:00,6215.6390
2025-06-21 02:30:00,6327.9202
2025-06-21 02:40:00,5970.7775
2025-06-21 02:50:00,6332.6788
2025-06-21 03:00:00,6005.5911
2025-06-21 03:10:00,5944.1905
2025-06-21 03:20:00,5944.1905
2025-06-21 03:30:00,5601.9091
2025-06-21 03:40:00,5956.4653
2025-06-21 03:50:00,5972.9511
2025-06-21 04:00:00,5944.1905
2025-06-21 04:10:00,5788.1260
2025-06-21 04:20:00,5972.6568
2025-06-21 04:30:00,5944.1905
2025-06-21 04:40:00,5417.7273
2025-06-21 04:50:00,6141.7171
2025-06-21 05:00:00,6254.2778
2025-06-21 05:10:00,5608.9978
2025-06-21 05:20:00,5976.7117
2025-06-21 05:30:00,5944.1905
2025-06-21 05:40:00,5799.5773
2025-06-21 05:50:00,5956.1292
2025-06-21 06:00:00,5950.3675
2025-06-21 06:10:00,5417.7273
2025-06-21 06:20:00,5764.3469
2025-06-21 06:30:00,5944.1905
2025-06-21 06:40:00,5475.1367
2025-06-21 06:50:00,5707.0553
2025-06-21 07:00:00,5673.5597
2025-06-21 07:10:00,5600.3036
2025-06-21 07:20:00,5634.5465
2025-06-21 07:30:00,5632.1753
2025-06-21 07:40:00,5468.9450
2025-06-21 07:50:00,5592.5543
2025-06-21 08:00:00,5602.1656
2025-06-21 08:10:00,5555.0353
2025-06-21 08:20:00,5772.0090
2025-06-21 08:30:00,6003.2731
2025-06-21 08:40:00,5475.5229
2025-06-21 08:50:00,5587.7557
2025-06-21 09:00:00,5949.4517
2025-06-21 09:10:00,6246.1308
2025-06-21 09:20:00,5944.1905
2025-06-21 09:30:00,5950.7948
2025-06-21 09:40:00,5944.1905
2025-06-21 09:50:00,5596.9415
2025-06-21 10:00:00,6192.0182
2025-06-21 10:10:00,6185.9031
2025-06-21 10:20:00,5944.1905
2025-06-21 10:30:00,5956.5139
2025-06-21 10:40:00,6190.6268
2025-06-21 10:50:00,6216.8681
2025-06-21 11:00:00,6142.7833
2025-06-21 11:10:00,6175.1580
2025-06-21 11:20:00,5944.1905
2025-06-21 11:30:00,6221.6782
2025-06-21 11:40:00,6116.9117
2025-06-21 11:50:00,6221.3265
2025-06-21 12:00:00,5902.1857
2025-06-21 12:10:00,6017.1405
2025-06-21 12:20:00,6100.4032
2025-06-21 12:30:00,6164.6684
2025-06-21 12:40:00,6189.7195
2025-06-21 12:50:00,6248.0238
2025-06-21 13:00:00,6094.7783
2025-06-21 13:10:00,5944.1905
2025-06-21 13:20:00,5956.0437
2025-06-21 13:30:00,5944.1905
2025-06-21 13:40:00,5944.1905
2025-06-21 13:50:00,5417.7273
2025-06-21 14:00:00,5944.1905
2025-06-21 14:10:00,5944.1905
2025-06-21 14:20:00,5949.3836
2025-06-21 14:30:00,5585.4168
2025-06-21 14:40:00,5637.8102
2025-06-21 14:50:00,5417.7273
2025-06-21 15:00:00,5417.7273
2025-06-21 15:10:00,5944.1905
2025-06-21 15:20:00,6032.7825
2025-06-21 15:30:00,5956.3067
2025-06-21 15:40:00,5588.4296
2025-06-21 15:50:00,5601.9091
2025-06-21 16:00:00,6182.2980
2025-06-21 16:10:00,5972.0006
2025-06-21 16:20:00,6097.2571
2025-06-21 16:30:00,5948.6331
2025-06-21 16:40:00,5944.1905
2025-06-21 16:50:00,5968.2282
2025-06-21 17:00:00,5944.1905
2025-06-21 17:10:00,5974.2425
2025-06-21 17:20:00,5677.1879
2025-06-21 17:30:00,5944.1905
2025-06-21 17:40:00,5972.4669
2025-06-21 17:50:00,5595.9591
2025-06-21 18:00:00,5784.6426
2025-06-21 18:10:00,5573.8018
2025-06-21 18:20:00,5806.2157
2025-06-21 18:30:00,5801.5944
2025-06-21 18:40:00,6183.3971
2025-06-21 18:50:00,6195.3250
2025-06-21 19:00:00,5687.8098
2025-06-21 19:10:00,5944.1905
2025-06-21 19:20:00,6183.1346
2025-06-21 19:30:00,5944.1905
2025-06-21 19:40:00,6347.0741
2025-06-21 19:50:00,6242.1945
2025-06-21 20:00:00,5944.1905
2025-06-21 20:10:00,5972.4349
2025-06-21 20:20:00,5972.6673
2025-06-21 20:30:00,5797.2878
2025-06-21 20:40:00,6239.8143
2025-06-21 20:50:00,5624.5414
2025-06-21 21:00:00,5600.5320
2025-06-21 21:10:00,5565.9954
2025-06-21 21:20:00,5972.4724
2025-06-21 21:30:00,5417.7273
2025-06-21 21:40:00,5972.3972
2025-06-21 21:50:00,5563.7211
2025-06-21 22:00:00,5552.9218
2025-06-21 22:10:00,5469.8187
2025-06-21 22:20:00,6247.7374
2025-06-21 22:30:00,5976.0622
2025-06-21 22:40:00,5651.4069
2025-06-21 22:50:00,6239.7057
2025-06-21 23:00:00,5601.9091
2025-06-21 23:10:00,5944.1905
2025-06-21 23:20:00,5971.5612
2025-06-21 23:30:00,5475.3028
2025-06-21 23:40:00,5696.9088
2025-06-21 23:50:00,5970.2649
2025-06-21 23:59:44,6258.2611
2025-06-22 00:00:00,6258.2611
2025-06-22 00:10:00,5954.4744
2025-06-22 00:20:00,5944.1905
2025-06-22 00:30:00,6000.0403
2025-06-22 00:40:00,5944.1905
2025-06-22 00:50:00,6173.6138
2025-06-22 01:00:00,6114.5802
2025-06-22 01:10:00,5944.1905
2025-06-22 01:20:00,6071.2138
2025-06-22 01:30:00,6082.4857
2025-06-22 01:40:00,6102.5318
2025-06-22 01:50:00,6005.4278
2025-06-22 02:00:00,6147.4136
2025-06-22 02:10:00,6257.0352
2025-06-22 02:20:00,6269.9626
2025-06-22 02:30:00,5936.9579
2025-06-22 02:40:00,6218.6211
2025-06-22 02:50:00,5945.6239
2025-06-22 03:00:00,5945.4831
2025-06-22 03:10:00,6254.3711
2025-06-22 03:20:00,6542.0564
2025-06-22 03:30:00,6068.6254
2025-06-22 03:40:00,5945.5600
2025-06-22 03:50:00,5945.6537
2025-06-22 04:00:00,6068.2776
2025-06-22 04:10:00,6225.9045
2025-06-22 04:20:00,6222.1883
2025-06-22 04:30:00,6067.6567
2025-06-22 04:40:00,6260.8713
2025-06-22 04:50:00,6009.7464
2025-06-22 05:00:00,6135.7273
2025-06-22 05:10:00,6075.4493
2025-06-22 05:20:00,6021.3907
2025-06-22 05:30:00,6084.0126
2025-06-22 05:40:00,6082.3880
2025-06-22 05:50:00,6171.7986
2025-06-22 06:00:00,6111.2000
2025-06-22 06:10:00,6111.2000
2025-06-22 06:20:00,6111.2000
2025-06-22 06:30:00,6082.7946
2025-06-22 06:40:00,6137.3317
2025-06-22 06:50:00,6091.4722
2025-06-22 07:00:00,6136.1927
2025-06-22 07:10:00,6232.2324
2025-06-22 07:20:00,6238.7036
2025-06-22 07:30:00,6172.5716
2025-06-22 07:40:00,5944.1905
2025-06-22 07:50:00,6214.8463
2025-06-22 08:00:00,6263.3752
2025-06-22 08:10:00,6126.6699
2025-06-22 08:20:00,6126.9443
2025-06-22 08:30:00,6126.4082
2025-06-22 08:40:00,5944.1905
2025-06-22 08:50:00,6174.2158
2025-06-22 09:00:00,6171.1094
2025-06-22 09:10:00,5944.1905
2025-06-22 09:20:00,6143.7733
2025-06-22 09:30:00,6231.3294
2025-06-22 09:40:00,6239.8146
2025-06-22 09:50:00,5944.1905
2025-06-22 10:00:00,6235.8930
2025-06-22 10:10:00,5944.1905
2025-06-22 10:20:00,6137.0461
2025-06-22 10:30:00,6074.6772
2025-06-22 10:40:00,6105.5329
2025-06-22 10:50:00,6194.0301
2025-06-22 11:00:00,6111.2000
2025-06-22 11:10:00,6232.0625
2025-06-22 11:20:00,6111.2000
2025-06-22 11:30:00,6015.2514
2025-06-22 11:40:00,6078.1349
2025-06-22 11:50:00,6015.4952
2025-06-22 12:00:00,6088.3389
2025-06-22 12:10:00,6172.8829
2025-06-22 12:20:00,6265.4600
2025-06-22 12:30:00,5938.7464
2025-06-22 12:40:00,6208.4110
2025-06-22 12:50:00,6053.0219
2025-06-22 13:00:00,6226.7258
2025-06-22 13:10:00,6226.8949
2025-06-22 13:20:00,5944.1905
2025-06-22 13:30:00,6048.4102
2025-06-22 13:40:00,6120.2857
2025-06-22 13:50:00,6046.0418
2025-06-22 14:00:00,5944.1905
2025-06-22 14:10:00,6123.5150
2025-06-22 14:20:00,5944.1905
2025-06-22 14:30:00,6121.5607
2025-06-22 14:40:00,5944.1905
2025-06-22 14:50:00,5944.1905
2025-06-22 15:00:00,5944.1905
2025-06-22 15:10:00,6117.3804
2025-06-22 15:20:00,5944.1905
2025-06-22 15:30:00,5944.1905
2025-06-22 15:40:00,6233.9197
2025-06-22 15:50:00,6233.4068
2025-06-22 16:00:00,5944.1905
2025-06-22 16:10:00,6171.1018
2025-06-22 16:20:00,6040.5159
2025-06-22 16:30:00,6012.9827
2025-06-22 16:40:00,6170.4931
2025-06-22 16:50:00,6138.0509
2025-06-22 17:00:00,6234.1387
2025-06-22 17:10:00,6137.7321
2025-06-22 17:20:00,6260.0350
2025-06-22 17:30:00,6067.6314
2025-06-22 17:40:00,6137.7321
2025-06-22 17:50:00,6171.2065
2025-06-22 18:00:00,6068.0096
2025-06-22 18:10:00,6067.8681
2025-06-22 18:20:00,6067.9404
2025-06-22 18:30:00,6251.6321
2025-06-22 18:40:00,6137.7321
2025-06-22 18:50:00,6159.1430
2025-06-22 19:00:00,6246.2498
2025-06-22 19:10:00,6140.8637
2025-06-22 19:20:00,6076.2471
2025-06-22 19:30:00,6008.3907
2025-06-22 19:40:00,6086.4612
2025-06-22 19:50:00,6018.6453
2025-06-22 20:00:00,6113.4805
2025-06-22 20:10:00,6173.4957
2025-06-22 20:20:00,6111.2000
2025-06-22 20:30:00,6022.8075
2025-06-22 20:40:00,6082.8391
2025-06-22 20:50:00,6111.2000
2025-06-22 21:00:00,6082.8529
2025-06-22 21:10:00,6135.8774
2025-06-22 21:20:00,6070.2502
2025-06-22 21:30:00,6210.1111
2025-06-22 21:40:00,6174.3174
2025-06-22 21:50:00,5944.1905
2025-06-22 22:00:00,6208.8235
2025-06-22 22:10:00,6226.9412
2025-06-22 22:20:00,5944.1905
2025-06-22 22:30:00,6321.2170
2025-06-22 22:40:00,5948.3357
2025-06-22 22:50:00,5955.4140
2025-06-22 23:00:00,5950.1339
2025-06-22 23:10:00,5951.0082
2025-06-22 23:20:00,5963.0000
2025-06-22 23:30:00,5963.0000
2025-06-22 23:40:00,5957.7087
2025-06-22 23:50:00,5595.8182
2025-06-23 00:00:00,5601.9091
2025-06-23 00:10:00,5949.3859
2025-06-23 00:20:00,5948.8665
2025-06-23 00:30:00,5798.8187
2025-06-23 00:40:00,5801.5248
2025-06-23 00:50:00,5601.9091
2025-06-23 01:00:00,6060.8789
2025-06-23 01:10:00,5956.2711
2025-06-23 01:20:00,5944.1905
2025-06-23 01:30:00,5603.6655
2025-06-23 01:40:00,6259.8237
2025-06-23 01:50:00,5951.4112
2025-06-23 02:00:00,5957.1901
2025-06-23 02:10:00,5808.6139
2025-06-23 02:20:00,5957.5828
2025-06-23 02:30:00,5949.8612
2025-06-23 02:40:00,6121.2866
2025-06-23 02:50:00,5601.9091
2025-06-23 03:00:00,5956.6884
2025-06-23 03:10:00,6147.1534
2025-06-23 03:20:00,5939.4530
2025-06-23 03:30:00,6235.1628
2025-06-23 03:40:00,6064.4468
2025-06-23 03:50:00,5944.1905
2025-06-23 04:00:00,6231.7391
2025-06-23 04:10:00,6065.7666
2025-06-23 04:20:00,6082.2822
2025-06-23 04:30:00,6113.0249
2025-06-23 04:40:00,5926.7289
2025-06-23 04:50:00,5997.4258
2025-06-23 05:00:00,6138.0509
2025-06-23 05:10:00,6082.8532
2025-06-23 05:20:00,6068.5671
2025-06-23 05:30:00,5850.1830
2025-06-23 05:40:00,5881.8753
2025-06-23 05:50:00,6171.7986
2025-06-23 06:00:00,6082.8423
2025-06-23 06:10:00,6081.4970
2025-06-23 06:20:00,5961.6826
2025-06-23 06:30:00,6112.8311
2025-06-23 06:40:00,5933.5201
2025-06-23 06:50:00,6020.1554
2025-06-23 07:00:00,6059.1079
2025-06-23 07:10:00,6236.7436
2025-06-23 07:20:00,6262.4305
2025-06-23 07:30:00,5944.1905
2025-06-23 07:40:00,6214.3328
2025-06-23 07:50:00,6182.3750
2025-06-23 08:00:00,5804.7982
2025-06-23 08:10:00,5799.5437
2025-06-23 08:20:00,5972.6520
2025-06-23 08:30:00,5636.3939
2025-06-23 08:40:00,5944.1905
2025-06-23 08:50:00,5972.2076
2025-06-23 09:00:00,5417.7273
2025-06-23 09:10:00,6265.4114
2025-06-23 09:20:00,5976.2792
2025-06-23 09:30:00,5949.7782
2025-06-23 09:40:00,6240.9278
2025-06-23 09:50:00,5944.1905
2025-06-23 10:00:00,5956.2367
2025-06-23 10:10:00,6222.6354
2025-06-23 10:20:00,5973.1311
2025-06-23 10:30:00,5789.0091
2025-06-23 10:40:00,5972.6078
2025-06-23 10:50:00,5976.0761
2025-06-23 11:00:00,5475.0280
2025-06-23 11:10:00,5647.8583
2025-06-23 11:20:00,5608.0185
2025-06-23 11:30:00,5417.7273
2025-06-23 11:40:00,5776.8226
2025-06-23 11:50:00,5972.3433
2025-06-23 12:00:00,5417.7273
2025-06-23 12:10:00,5740.1899
2025-06-23 12:20:00,5740.1691
2025-06-23 12:30:00,5552.0944
2025-06-23 12:40:00,6183.8555
2025-06-23 12:50:00,6096.1800
2025-06-23 13:00:00,5474.6703
2025-06-23 13:10:00,5972.6274
2025-06-23 13:20:00,5768.7366
2025-06-23 13:30:00,5417.7273
2025-06-23 13:40:00,5976.7237
2025-06-23 13:50:00,5944.1905
2025-06-23 14:00:00,5595.8182
2025-06-23 14:10:00,5475.3510
2025-06-23 14:20:00,5944.1905
2025-06-23 14:30:00,5950.7172
2025-06-23 14:40:00,5970.1053
2025-06-23 14:50:00,5944.1905
2025-06-23 15:00:00,5624.3631
2025-06-23 15:10:00,6032.3693
2025-06-23 15:20:00,6060.2968
2025-06-23 15:30:00,5944.1905
2025-06-23 15:40:00,6259.1152
2025-06-23 15:50:00,6267.8901
2025-06-23 16:00:00,6108.9109
2025-06-23 16:10:00,6115.7166
2025-06-23 16:20:00,6069.9519
2025-06-23 16:30:00,6163.4218
2025-06-23 16:40:00,6409.9450
2025-06-23 16:50:00,6064.7898
2025-06-23 17:00:00,5944.1905
2025-06-23 17:10:00,6129.1390
2025-06-23 17:20:00,6103.5614
2025-06-23 17:30:00,6141.0017
2025-06-23 17:40:00,6023.5568
2025-06-23 17:50:00,6089.9661
2025-06-23 18:00:00,6136.8578
2025-06-23 18:10:00,6023.5901
2025-06-23 18:20:00,6083.1035
2025-06-23 18:30:00,6134.3431
2025-06-23 18:40:00,6143.0920
2025-06-23 18:50:00,6208.9295
2025-06-23 19:00:00,6133.9493
2025-06-23 19:10:00,6134.7939
2025-06-23 19:20:00,6071.4085
2025-06-23 19:30:00,6114.4406
2025-06-23 19:40:00,6114.4709
2025-06-23 19:50:00,6069.6139
2025-06-23 20:00:00,6059.9077
2025-06-23 20:10:00,6150.9014
2025-06-23 20:20:00,6072.3283
2025-06-23 20:30:00,6017.9288
2025-06-23 20:40:00,6048.7808
2025-06-23 20:50:00,6031.6365
2025-06-23 21:00:00,5949.4677
2025-06-23 21:10:00,5950.6023
2025-06-23 21:20:00,6259.6697
2025-06-23 21:30:00,5958.4555
2025-06-23 21:40:00,5957.3793
2025-06-23 21:50:00,5972.9106
2025-06-23 22:00:00,5800.1533
2025-06-23 22:10:00,5830.2713
2025-06-23 22:20:00,5944.1905
2025-06-23 22:30:00,5601.9091
2025-06-23 22:40:00,5471.2928
2025-06-23 22:50:00,5417.7273
2025-06-23 23:00:00,5595.8182
2025-06-23 23:10:00,5639.1869
2025-06-23 23:20:00,6032.8233
2025-06-23 23:30:00,5950.1795
2025-06-23 23:40:00,5590.9006
2025-06-23 23:50:00,5977.2749
2025-06-24 00:00:00,5598.5465
2025-06-24 00:10:00,6032.4005
2025-06-24 00:20:00,5973.3818
2025-06-24 00:30:00,5944.1905
2025-06-24 00:40:00,5601.9091
2025-06-24 00:50:00,5949.4013
2025-06-24 01:00:00,5944.1905
2025-06-24 01:10:00,5475.5684
2025-06-24 01:20:00,5944.1905
2025-06-24 01:30:00,5944.1905
2025-06-24 01:40:00,5601.9091
2025-06-24 01:50:00,5944.1905
2025-06-24 02:00:00,5944.1905
2025-06-24 02:10:00,5417.7273
2025-06-24 02:20:00,5604.3662
2025-06-24 02:30:00,5417.7273
2025-06-24 02:40:00,5601.9091
2025-06-24 02:50:00,5944.1905
2025-06-24 03:00:00,5694.4876
2025-06-24 03:10:00,5417.7273
2025-06-24 03:20:00,6182.0744
2025-06-24 03:30:00,5944.1905
2025-06-24 03:40:00,5588.0391
2025-06-24 03:50:00,5475.3028
2025-06-24 04:00:00,5623.7963
2025-06-24 04:10:00,5417.7273
2025-06-24 04:20:00,5972.8466
2025-06-24 04:30:00,5656.0272
2025-06-24 04:40:00,5417.7273
2025-06-24 04:50:00,5556.4408
2025-06-24 05:00:00,5417.7273
2025-06-24 05:10:00,5584.9369
2025-06-24 05:20:00,5769.9798
2025-06-24 05:30:00,5417.7273
2025-06-24 05:40:00,5417.7273
2025-06-24 05:50:00,5553.4109
2025-06-24 06:00:00,5417.7273
2025-06-24 06:10:00,6246.3527
2025-06-24 06:20:00,6254.6177
2025-06-24 06:30:00,5590.0836
2025-06-24 06:40:00,5601.9091
2025-06-24 06:50:00,5944.1905
2025-06-24 07:00:00,5944.1905
2025-06-24 07:10:00,6145.6507
2025-06-24 07:20:00,5944.1905
2025-06-24 07:30:00,5957.2724
2025-06-24 07:40:00,5944.1905
2025-06-24 07:50:00,6166.9897
2025-06-24 08:00:00,6169.7461
2025-06-24 08:10:00,6002.1348
2025-06-24 08:20:00,6160.2741
2025-06-24 08:30:00,6008.2707
2025-06-24 08:40:00,6140.4072
2025-06-24 08:50:00,6106.7849
2025-06-24 09:00:00,6368.2523
2025-06-24 09:10:00,5844.7019
2025-06-24 09:20:00,5950.5347
2025-06-24 09:30:00,6015.2955
2025-06-24 09:40:00,6085.7897
2025-06-24 09:50:00,6089.2848
2025-06-24 10:00:00,6074.2739
2025-06-24 10:10:00,6111.2000
2025-06-24 10:20:00,6035.2438
2025-06-24 10:30:00,6024.0947
2025-06-24 10:40:00,6088.1340
2025-06-24 10:50:00,6015.4181
2025-06-24 11:00:00,6088.1716
2025-06-24 11:10:00,6175.8765
2025-06-24 11:20:00,5939.8101
2025-06-24 11:30:00,5853.0997
2025-06-24 11:40:00,6122.4780
2025-06-24 11:50:00,6152.6862
2025-06-24 12:00:00,6256.1315
2025-06-24 12:10:00,6330.3899
2025-06-24 12:20:00,6415.3052
2025-06-24 12:30:00,6095.5103
2025-06-24 12:40:00,5944.1905
2025-06-24 12:50:00,6241.4482
2025-06-24 13:00:00,5975.5984
2025-06-24 13:10:00,5944.1905
2025-06-24 13:20:00,5630.8870
2025-06-24 13:30:00,6183.5610
2025-06-24 13:40:00,5417.7273
2025-06-24 13:50:00,5619.5385
2025-06-24 14:00:00,5617.7513
2025-06-24 14:10:00,5417.7273
2025-06-24 14:20:00,5555.9215
2025-06-24 14:30:00,6181.0258
2025-06-24 14:40:00,5601.9091
2025-06-24 14:50:00,5949.5495
2025-06-24 15:00:00,5838.2164
2025-06-24 15:10:00,5601.9091
2025-06-24 15:20:00,5950.9392
2025-06-24 15:30:00,5944.1905
2025-06-24 15:40:00,5595.8182
2025-06-24 15:50:00,5601.9091
2025-06-24 16:00:00,5417.7273
2025-06-24 16:10:00,5792.8573
2025-06-24 16:20:00,5956.9879
2025-06-24 16:30:00,5970.0087
2025-06-24 16:40:00,5595.8182
2025-06-24 16:50:00,5957.8345
2025-06-24 17:00:00,5954.7625
2025-06-24 17:10:00,6264.0231
2025-06-24 17:20:00,5954.2211
2025-06-24 17:30:00,6002.1125
2025-06-24 17:40:00,6230.2643
2025-06-24 17:50:00,6236.0544
2025-06-24 18:00:00,5944.1905
2025-06-24 18:10:00,5944.1905
2025-06-24 18:20:00,6236.1745
2025-06-24 18:30:00,6186.6084
2025-06-24 18:40:00,6133.2068
2025-06-24 18:50:00,6099.8648
2025-06-24 19:00:00,6204.6468
2025-06-24 19:10:00,6079.0753
2025-06-24 19:20:00,6129.6206
2025-06-24 19:30:00,6110.3667
2025-06-24 19:40:00,6007.5131
2025-06-24 19:50:00,6278.3123
2025-06-24 20:00:00,6131.8719
2025-06-24 20:10:00,6151.2688
2025-06-24 20:20:00,6236.3795
2025-06-24 20:30:00,6149.8461
2025-06-24 20:40:00,6150.3072
2025-06-24 20:50:00,6245.4927
2025-06-24 21:00:00,6138.0509
2025-06-24 21:10:00,6007.8838
2025-06-24 21:20:00,6118.3976
2025-06-24 21:30:00,6023.5739
2025-06-24 21:40:00,6023.8523
2025-06-24 21:50:00,6111.2000
2025-06-24 22:00:00,6111.2000
2025-06-24 22:10:00,5981.6548
2025-06-24 22:20:00,6111.2000
2025-06-24 22:30:00,6023.5195
2025-06-24 22:40:00,6081.7281
2025-06-24 22:50:00,6135.3920
2025-06-24 23:00:00,6114.5202
2025-06-24 23:10:00,6373.7423
2025-06-24 23:20:00,6358.3077
2025-06-24 23:30:00,6115.0320
2025-06-24 23:40:00,6070.7240
2025-06-24 23:50:00,6121.3172
2025-06-25 00:00:00,6413.6781
2025-06-25 00:10:00,5999.1801
2025-06-25 00:20:00,5950.4999
2025-06-25 00:30:00,6340.2749
2025-06-25 00:40:00,5944.1905
2025-06-25 00:50:00,5595.8929
2025-06-25 01:00:00,5972.9653
2025-06-25 01:10:00,5802.5263
2025-06-25 01:20:00,5972.7351
2025-06-25 01:30:00,5944.1905
2025-06-25 01:40:00,5639.7841
2025-06-25 01:50:00,5601.9091
2025-06-25 02:00:00,5599.4015
2025-06-25 02:10:00,5944.1905
2025-06-25 02:20:00,5601.9091
2025-06-25 02:30:00,5956.2802
2025-06-25 02:40:00,5956.8582
2025-06-25 02:50:00,5601.9091
2025-06-25 03:00:00,5944.1905
2025-06-25 03:10:00,5944.1905
2025-06-25 03:20:00,5970.2869
2025-06-25 03:30:00,5944.1905
2025-06-25 03:40:00,5944.1905
2025-06-25 03:50:00,5954.3348
2025-06-25 04:00:00,6212.2422
2025-06-25 04:10:00,6059.5004
2025-06-25 04:20:00,5944.1905
2025-06-25 04:30:00,6308.7107
2025-06-25 04:40:00,6056.1254
2025-06-25 04:50:00,5944.1905
2025-06-25 05:00:00,5944.1905
2025-06-25 05:10:00,6171.7212
2025-06-25 05:20:00,6233.3510
2025-06-25 05:30:00,6127.7687
2025-06-25 05:40:00,6142.2701
2025-06-25 05:50:00,6111.2000
2025-06-25 06:00:00,6053.4161
2025-06-25 06:10:00,6077.0938
2025-06-25 06:20:00,6185.8665
2025-06-25 06:30:00,6005.1084
2025-06-25 06:40:00,6128.3715
2025-06-25 06:50:00,6150.9041
2025-06-25 07:00:00,6257.8764
2025-06-25 07:10:00,6247.3223
2025-06-25 07:20:00,6255.0262
2025-06-25 07:30:00,6225.3816
2025-06-25 07:40:00,6230.2007
2025-06-25 07:50:00,6255.0262
2025-06-25 08:00:00,6249.5203
2025-06-25 08:10:00,6010.4860
2025-06-25 08:20:00,5994.2172
2025-06-25 08:30:00,6232.6291
2025-06-25 08:40:00,6131.3139
2025-06-25 08:50:00,6117.6736
2025-06-25 09:00:00,6086.1152
2025-06-25 09:10:00,6017.1731
2025-06-25 09:20:00,6082.0820
2025-06-25 09:30:00,6174.0123
2025-06-25 09:40:00,6022.0196
2025-06-25 09:50:00,6233.5642
2025-06-25 10:00:00,6134.0567
2025-06-25 10:10:00,6111.2000
2025-06-25 10:20:00,6065.9721
2025-06-25 10:30:00,6041.8467
2025-06-25 10:40:00,6373.7458
2025-06-25 10:50:00,6413.0135
2025-06-25 11:00:00,6132.2499
2025-06-25 11:10:00,6069.7461
2025-06-25 11:20:00,6236.7436
2025-06-25 11:30:00,5955.4867
2025-06-25 11:40:00,5955.6887
2025-06-25 11:50:00,6250.2816
2025-06-25 12:00:00,5950.0958
2025-06-25 12:10:00,6184.5215
2025-06-25 12:20:00,5968.1322
2025-06-25 12:30:00,5944.1905
2025-06-25 12:40:00,5784.3411
2025-06-25 12:50:00,6183.3753
2025-06-25 13:00:00,5417.7273
2025-06-25 13:10:00,6183.5046
2025-06-25 13:20:00,5646.4219
2025-06-25 13:30:00,5944.1905
2025-06-25 13:40:00,6059.5668
2025-06-25 13:50:00,5950.3416
2025-06-25 14:00:00,5601.9091
2025-06-25 14:10:00,5973.3988
2025-06-25 14:20:00,5944.1905
2025-06-25 14:30:00,5955.5942
2025-06-25 14:40:00,5944.1905
2025-06-25 14:50:00,5944.1905
2025-06-25 15:00:00,5417.7273
2025-06-25 15:10:00,6261.9807
2025-06-25 15:20:00,5944.1905
2025-06-25 15:30:00,5954.8929
2025-06-25 15:40:00,5601.9091
2025-06-25 15:50:00,5944.1905
2025-06-25 16:00:00,5944.1905
2025-06-25 16:10:00,6154.8430
2025-06-25 16:20:00,6046.8433
2025-06-25 16:30:00,5955.8688
2025-06-25 16:40:00,5944.1905
2025-06-25 16:50:00,6230.2831
2025-06-25 17:00:00,6071.1807
2025-06-25 17:10:00,6264.7426
2025-06-25 17:20:00,5996.2304
2025-06-25 17:30:00,6250.3801
2025-06-25 17:40:00,5944.1905
2025-06-25 17:50:00,6148.9826
2025-06-25 18:00:00,6204.8531
2025-06-25 18:10:00,6347.3473
2025-06-25 18:20:00,5960.3515
2025-06-25 18:30:00,6139.2584
2025-06-25 18:40:00,6239.3133
2025-06-25 18:50:00,6266.4039
2025-06-25 19:00:00,6093.7570
2025-06-25 19:10:00,6074.2739
2025-06-25 19:20:00,6082.9538
2025-06-25 19:30:00,6136.7650
2025-06-25 19:40:00,6082.4622
2025-06-25 19:50:00,6068.1195
2025-06-25 20:00:00,6067.3632
2025-06-25 20:10:00,6023.3021
2025-06-25 20:20:00,6083.7695
2025-06-25 20:30:00,6111.2000
2025-06-25 20:40:00,5921.0385
2025-06-25 20:50:00,6137.1186
2025-06-25 21:00:00,6134.6811
2025-06-25 21:10:00,6093.9602
2025-06-25 21:20:00,6373.4862
2025-06-25 21:30:00,5939.1509
2025-06-25 21:40:00,6059.9431
2025-06-25 21:50:00,6211.1954
2025-06-25 22:00:00,6064.0256
2025-06-25 22:10:00,6192.7645
2025-06-25 22:20:00,6206.2866
2025-06-25 22:30:00,6112.8023
2025-06-25 22:40:00,6096.0617
2025-06-25 22:50:00,5999.4251
2025-06-25 23:00:00,6001.9530
2025-06-25 23:10:00,5957.5093
2025-06-25 23:20:00,6213.8847
2025-06-25 23:30:00,5417.7273
2025-06-25 23:40:00,5775.7538
2025-06-25 23:50:00,5944.1905
2025-06-26 00:00:00,5590.0944
2025-06-26 00:10:00,5417.7273
2025-06-26 00:20:00,6183.2495
2025-06-26 00:30:00,5601.9091
2025-06-26 00:40:00,5601.9091
2025-06-26 00:50:00,5610.1818
2025-06-26 01:00:00,5956.1665
2025-06-26 01:10:00,5608.7887
2025-06-26 01:20:00,5976.2395
2025-06-26 01:30:00,5417.7273
2025-06-26 01:40:00,5800.2843
2025-06-26 01:50:00,5944.1905
2025-06-26 02:00:00,5957.6434
2025-06-26 02:10:00,5601.9091
2025-06-26 02:20:00,5826.7533
2025-06-26 02:30:00,5601.9091
2025-06-26 02:40:00,5417.7273
2025-06-26 02:50:00,5417.7273
2025-06-26 03:00:00,5474.6150
2025-06-26 03:10:00,5601.9091
2025-06-26 03:20:00,5944.1905
2025-06-26 03:30:00,5557.2831
2025-06-26 03:40:00,5556.3001
2025-06-26 03:50:00,5417.7273
2025-06-26 04:00:00,5595.8182
2025-06-26 04:10:00,5583.4647
2025-06-26 04:20:00,5623.4173
2025-06-26 04:30:00,5956.2570
2025-06-26 04:40:00,5601.9091
2025-06-26 04:50:00,5601.9091
2025-06-26 05:00:00,5944.1905
2025-06-26 05:10:00,5950.5210
2025-06-26 05:20:00,6257.0575
2025-06-26 05:30:00,5800.5798
2025-06-26 05:40:00,5590.9572
2025-06-26 05:50:00,5769.8097
2025-06-26 06:00:00,6257.2349
2025-06-26 06:10:00,5954.4988
2025-06-26 06:20:00,6266.4028
2025-06-26 06:30:00,5601.9091
2025-06-26 06:40:00,5957.5771
2025-06-26 06:50:00,6179.8181
2025-06-26 07:00:00,6111.3171
2025-06-26 07:10:00,5944.1905
2025-06-26 07:20:00,6255.2902
2025-06-26 07:30:00,6282.4919
2025-06-26 07:40:00,5944.1905
2025-06-26 07:50:00,5944.1905
2025-06-26 08:00:00,6231.1586
2025-06-26 08:10:00,5944.1905
2025-06-26 08:20:00,6116.2968
2025-06-26 08:30:00,6205.5541
2025-06-26 08:40:00,5944.1905
2025-06-26 08:50:00,6123.9337
2025-06-26 09:00:00,6359.3367
2025-06-26 09:10:00,6114.5802
2025-06-26 09:20:00,6117.6546
2025-06-26 09:30:00,6366.8397
2025-06-26 09:40:00,6223.8638
2025-06-26 09:50:00,6114.5910
2025-06-26 10:00:00,5950.0655
2025-06-26 10:10:00,6223.1546
2025-06-26 10:20:00,6117.0030
2025-06-26 10:30:00,6370.5857
2025-06-26 10:40:00,6222.4085
2025-06-26 10:50:00,6353.5524
2025-06-26 11:00:00,6180.7116
2025-06-26 11:10:00,6057.4303
2025-06-26 11:20:00,5898.9863
2025-06-26 11:30:00,6327.2221
2025-06-26 11:40:00,6002.3580
2025-06-26 11:50:00,6016.7481
2025-06-26 12:00:00,6214.0471
2025-06-26 12:10:00,5944.1905
2025-06-26 12:20:00,6182.7732
2025-06-26 12:30:00,5975.2032
2025-06-26 12:40:00,5475.4882
2025-06-26 12:50:00,5944.1905
2025-06-26 13:00:00,5631.5725
2025-06-26 13:10:00,5417.7273
2025-06-26 13:20:00,5944.1905
2025-06-26 13:30:00,5467.6756
2025-06-26 13:40:00,5793.8895
2025-06-26 13:50:00,5971.5779
2025-06-26 14:00:00,5588.3630
2025-06-26 14:10:00,5417.7273
2025-06-26 14:20:00,5972.9111
2025-06-26 14:30:00,5802.8147
2025-06-26 14:40:00,5609.1710
2025-06-26 14:50:00,5807.2528
2025-06-26 15:00:00,5944.1905
2025-06-26 15:10:00,5601.9091
2025-06-26 15:20:00,5972.8121
2025-06-26 15:30:00,5791.6542
2025-06-26 15:40:00,5601.9091
2025-06-26 15:50:00,5686.6835
2025-06-26 16:00:00,5474.1390
2025-06-26 16:10:00,5466.1829
2025-06-26 16:20:00,5944.1905
2025-06-26 16:30:00,5618.2524
2025-06-26 16:40:00,5600.5320
2025-06-26 16:50:00,5470.4950
2025-06-26 17:00:00,5417.7273
2025-06-26 17:10:00,5944.1905
2025-06-26 17:20:00,5944.1905
2025-06-26 17:30:00,5948.3496
2025-06-26 17:40:00,5417.7273
2025-06-26 17:50:00,5772.0721
2025-06-26 18:00:00,5949.8090
2025-06-26 18:10:00,5944.1905
2025-06-26 18:20:00,5949.2156
2025-06-26 18:30:00,5944.1905
2025-06-26 18:40:00,5475.6691
2025-06-26 18:50:00,5944.1905
2025-06-26 19:00:00,6000.5524
2025-06-26 19:10:00,6195.7396
2025-06-26 19:20:00,6202.0390
2025-06-26 19:30:00,5970.0743
2025-06-26 19:40:00,6058.9588
2025-06-26 19:50:00,6263.4196
2025-06-26 20:00:00,6262.0938
2025-06-26 20:10:00,6016.8372
2025-06-26 20:20:00,6322.4403
2025-06-26 20:30:00,6147.4086
2025-06-26 20:40:00,6276.8916
2025-06-26 20:50:00,6419.7861
2025-06-26 21:00:00,6078.8096
2025-06-26 21:10:00,6073.7680
2025-06-26 21:20:00,6171.2585
2025-06-26 21:30:00,6100.3482
2025-06-26 21:40:00,6108.0711
2025-06-26 21:50:00,6183.8178
2025-06-26 22:00:00,6118.5315
2025-06-26 22:10:00,6015.4648
2025-06-26 22:20:00,6116.2719
2025-06-26 22:30:00,6117.4991
2025-06-26 22:40:00,6015.4512
2025-06-26 22:50:00,6087.8764
2025-06-26 23:00:00,6015.4571
2025-06-26 23:10:00,6094.9027
2025-06-26 23:20:00,6117.4115
2025-06-26 23:30:00,5947.3669
2025-06-26 23:40:00,5848.7312
2025-06-26 23:50:00,5930.7278
2025-06-27 00:00:00,6350.6895
2025-06-27 00:10:00,6263.2057
2025-06-27 00:20:00,6263.0644
2025-06-27 00:30:00,6218.0685
2025-06-27 00:40:00,6362.7557
2025-06-27 00:50:00,6218.0976
2025-06-27 01:00:00,6115.8279
2025-06-27 01:10:00,6371.0303
2025-06-27 01:20:00,6211.2236
2025-06-27 01:30:00,6209.7784
2025-06-27 01:40:00,6213.1361
2025-06-27 01:50:00,5944.1905
2025-06-27 02:00:00,6364.9688
2025-06-27 02:10:00,6351.1558
2025-06-27 02:20:00,6211.2236
2025-06-27 02:30:00,6167.9536
2025-06-27 02:40:00,6358.3074
2025-06-27 02:50:00,6122.3697
2025-06-27 03:00:00,6198.6681
2025-06-27 03:10:00,6210.3962
2025-06-27 03:20:00,6115.7081
2025-06-27 03:30:00,6074.4110
2025-06-27 03:40:00,6198.8697
2025-06-27 03:50:00,6057.4303
2025-06-27 04:00:00,6019.4223
2025-06-27 04:10:00,6070.8074
2025-06-27 04:20:00,6116.1695
2025-06-27 04:30:00,6041.7910
2025-06-27 04:40:00,6238.8206
2025-06-27 04:50:00,5944.1905
2025-06-27 05:00:00,6316.5087
2025-06-27 05:10:00,5967.5096
2025-06-27 05:20:00,5944.1905
2025-06-27 05:30:00,6331.8478
2025-06-27 05:40:00,6260.0151
2025-06-27 05:50:00,5944.1905
2025-06-27 06:00:00,6260.0840
2025-06-27 06:10:00,5944.1905
2025-06-27 06:20:00,5958.2598
2025-06-27 06:30:00,5944.1905
2025-06-27 06:40:00,5944.1905
2025-06-27 06:50:00,5944.1905
2025-06-27 07:00:00,6239.4218
2025-06-27 07:10:00,5944.1905
2025-06-27 07:20:00,5601.9091
2025-06-27 07:30:00,5627.9932
2025-06-27 07:40:00,5617.3181
2025-06-27 07:50:00,5607.5555
2025-06-27 08:00:00,5944.1905
2025-06-27 08:10:00,5614.8522
2025-06-27 08:20:00,5955.3263
2025-06-27 08:30:00,5950.7436
2025-06-27 08:40:00,5842.3879
2025-06-27 08:50:00,5590.7458
2025-06-27 09:00:00,6245.7425
2025-06-27 09:10:00,6193.8325
2025-06-27 09:20:00,5956.4321
2025-06-27 09:30:00,5944.1905
2025-06-27 09:40:00,5948.8340
2025-06-27 09:50:00,5957.1201
2025-06-27 10:00:00,5944.1905
2025-06-27 10:10:00,6032.5614
2025-06-27 10:20:00,5950.2310
2025-06-27 10:30:00,5417.7273
2025-06-27 10:40:00,6182.0097
2025-06-27 10:50:00,6193.8119
2025-06-27 11:00:00,5973.3144
2025-06-27 11:10:00,5944.1905
2025-06-27 11:20:00,5633.2956
2025-06-27 11:30:00,5630.3524
2025-06-27 11:40:00,5973.1164
2025-06-27 11:50:00,5474.8625
2025-06-27 12:00:00,5601.9091
2025-06-27 12:10:00,5944.1905
2025-06-27 12:20:00,5417.7273
2025-06-27 12:30:00,5601.9091
2025-06-27 12:40:00,5474.3519
2025-06-27 12:50:00,5601.9091
2025-06-27 13:00:00,5601.9091
2025-06-27 13:10:00,5972.1886
2025-06-27 13:20:00,5595.8182
2025-06-27 13:30:00,6038.2487
2025-06-27 13:40:00,5607.1810
2025-06-27 13:50:00,5601.9091
2025-06-27 14:00:00,5837.2648
2025-06-27 14:10:00,5944.1905
2025-06-27 14:20:00,5956.0114
2025-06-27 14:30:00,5944.1905
2025-06-27 14:40:00,5955.4475
2025-06-27 14:50:00,5975.8475
2025-06-27 15:00:00,5944.1905
2025-06-27 15:10:00,6101.7568
2025-06-27 15:20:00,5949.4936
2025-06-27 15:30:00,5601.9091
2025-06-27 15:40:00,5956.9276
2025-06-27 15:50:00,6173.8540
2025-06-27 16:00:00,6114.7321
2025-06-27 16:10:00,6075.6873
2025-06-27 16:20:00,6310.6036
2025-06-27 16:30:00,6222.7475
2025-06-27 16:40:00,6233.3347
2025-06-27 16:50:00,6194.2776
2025-06-27 17:00:00,6144.4110
2025-06-27 17:10:00,6142.8117
2025-06-27 17:20:00,6111.2000
2025-06-27 17:30:00,6070.2312
2025-06-27 17:40:00,6021.9270
2025-06-27 17:50:00,6055.3601
2025-06-27 18:00:00,6132.7477
2025-06-27 18:10:00,5992.7501
2025-06-27 18:20:00,5992.7501
2025-06-27 18:30:00,6142.4734
2025-06-27 18:40:00,6239.6506
2025-06-27 18:50:00,6137.7321
2025-06-27 19:00:00,6167.1007
2025-06-27 19:10:00,6243.7719
2025-06-27 19:20:00,6242.2899
2025-06-27 19:30:00,6258.6898
2025-06-27 19:40:00,6060.9037
2025-06-27 19:50:00,5999.8069
2025-06-27 20:00:00,6230.4360
2025-06-27 20:10:00,6147.6179
2025-06-27 20:20:00,6142.4240
2025-06-27 20:30:00,6068.3749
2025-06-27 20:40:00,6024.8052
2025-06-27 20:50:00,6082.5376
2025-06-27 21:00:00,6174.1901
2025-06-27 21:10:00,6023.4051
2025-06-27 21:20:00,6057.6989
2025-06-27 21:30:00,6134.0567
2025-06-27 21:40:00,5917.0013
2025-06-27 21:50:00,6084.1673
2025-06-27 22:00:00,6114.4013
2025-06-27 22:10:00,5950.1684
2025-06-27 22:20:00,6373.7601
2025-06-27 22:30:00,5944.1905
2025-06-27 22:40:00,6063.8351
2025-06-27 22:50:00,6189.2606
2025-06-27 23:00:00,5944.1905
2025-06-27 23:10:00,6328.4619
2025-06-27 23:20:00,6415.2503
2025-06-27 23:30:00,5949.8260
2025-06-27 23:40:00,6259.5695
2025-06-27 23:50:00,5944.1905
2025-06-28 00:00:00,5944.1905
2025-06-28 00:10:00,6242.6835
2025-06-28 00:20:00,5944.1905
2025-06-28 00:30:00,5417.7273
2025-06-28 00:40:00,5944.1905
2025-06-28 00:50:00,5944.1905
2025-06-28 01:00:00,5601.9091
2025-06-28 01:10:00,5972.5408
2025-06-28 01:20:00,5618.9021
2025-06-28 01:30:00,5944.1905
2025-06-28 01:40:00,5971.4404
2025-06-28 01:50:00,5944.1905
2025-06-28 02:00:00,5590.9991
2025-06-28 02:10:00,5973.1035
2025-06-28 02:20:00,5804.5442
2025-06-28 02:30:00,6001.0451
2025-06-28 02:40:00,5973.3542
2025-06-28 02:50:00,5590.8599
2025-06-28 03:00:00,5830.2439
2025-06-28 03:10:00,5976.9537
2025-06-28 03:20:00,5944.1905
2025-06-28 03:30:00,5590.8559
2025-06-28 03:40:00,5583.1641
2025-06-28 03:50:00,5685.0928
2025-06-28 04:00:00,5601.9091
2025-06-28 04:10:00,5976.5311
2025-06-28 04:20:00,5944.1905
2025-06-28 04:30:00,5601.9091
2025-06-28 04:40:00,5601.9091
2025-06-28 04:50:00,5417.7273
2025-06-28 05:00:00,5601.9091
2025-06-28 05:10:00,5417.7273
2025-06-28 05:20:00,5600.5670
2025-06-28 05:30:00,5595.8182
2025-06-28 05:40:00,5601.9091
2025-06-28 05:50:00,6222.0985
2025-06-28 06:00:00,5944.1905
2025-06-28 06:10:00,5417.7273
2025-06-28 06:20:00,5764.3469
2025-06-28 06:30:00,5601.9091
2025-06-28 06:40:00,5957.2699
2025-06-28 06:50:00,5417.7273
2025-06-28 07:00:00,5417.7273
2025-06-28 07:10:00,5601.9091
2025-06-28 07:20:00,5944.1905
2025-06-28 07:30:00,5595.8182
2025-06-28 07:40:00,5474.9985
2025-06-28 07:50:00,5944.1905
2025-06-28 08:00:00,5599.3449
2025-06-28 08:10:00,5417.7273
2025-06-28 08:20:00,5417.7273
2025-06-28 08:30:00,5556.5421
2025-06-28 08:40:00,5555.2931
2025-06-28 08:50:00,5554.2341
2025-06-28 09:00:00,5562.1937
2025-06-28 09:10:00,5601.9091
2025-06-28 09:20:00,6032.9618
2025-06-28 09:30:00,5601.9091
2025-06-28 09:40:00,5590.6586
2025-06-28 09:50:00,5787.0167
2025-06-28 10:00:00,6250.5938
2025-06-28 10:10:00,6174.1387
2025-06-28 10:20:00,6246.8069
2025-06-28 10:30:00,5830.2439
2025-06-28 10:40:00,5944.1905
2025-06-28 10:50:00,6179.2896
2025-06-28 11:00:00,6095.3712
2025-06-28 11:10:00,5973.1803
2025-06-28 11:20:00,5975.0706
2025-06-28 11:30:00,5949.2605
2025-06-28 11:40:00,6002.7012
2025-06-28 11:50:00,5970.1635
2025-06-28 12:00:00,5949.4602
2025-06-28 12:10:00,5601.9091
2025-06-28 12:20:00,5951.0235
2025-06-28 12:30:00,6259.5700
2025-06-28 12:40:00,5793.7091
2025-06-28 12:50:00,5949.6566
2025-06-28 13:00:00,5944.1905
2025-06-28 13:10:00,5957.4028
2025-06-28 13:20:00,5944.1905
2025-06-28 13:30:00,5970.4185
2025-06-28 13:40:00,5772.7029
2025-06-28 13:50:00,5971.4311
2025-06-28 14:00:00,6266.6670
2025-06-28 14:10:00,5944.1905
2025-06-28 14:20:00,5944.1905
2025-06-28 14:30:00,5976.7840
2025-06-28 14:40:00,5944.1905
2025-06-28 14:50:00,6189.0454
2025-06-28 15:00:00,5679.2280
2025-06-28 15:10:00,5600.2782
2025-06-28 15:20:00,5600.2005
2025-06-28 15:30:00,5570.4972
2025-06-28 15:40:00,5547.9502
2025-06-28 15:50:00,5748.5006
2025-06-28 16:00:00,5548.6018
2025-06-28 16:10:00,5548.6018
2025-06-28 16:20:00,5601.9091
2025-06-28 16:30:00,6250.0064
2025-06-28 16:40:00,5601.9091
2025-06-28 16:50:00,5944.1905
2025-06-28 17:00:00,5999.8599
2025-06-28 17:10:00,6073.7796
2025-06-28 17:20:00,6154.6296
2025-06-28 17:30:00,5944.1905
2025-06-28 17:40:00,6263.5908
2025-06-28 17:50:00,6019.6134
2025-06-28 18:00:00,6009.3621
2025-06-28 18:10:00,6109.9512
2025-06-28 18:20:00,6255.1249
2025-06-28 18:30:00,5934.0759
2025-06-28 18:40:00,6139.2647
2025-06-28 18:50:00,6092.3143
2025-06-28 19:00:00,6206.4561
2025-06-28 19:10:00,6114.5762
2025-06-28 19:20:00,6072.4743
2025-06-28 19:30:00,6166.4210
2025-06-28 19:40:00,5944.1905
2025-06-28 19:50:00,6079.0510
2025-06-28 20:00:00,6015.2459
2025-06-28 20:10:00,6010.1112
2025-06-28 20:20:00,6050.1953
2025-06-28 20:30:00,6166.8539
2025-06-28 20:40:00,6022.7942
2025-06-28 20:50:00,6018.5840
2025-06-28 21:00:00,6024.4845
2025-06-28 21:10:00,6169.2111
2025-06-28 21:20:00,6125.5096
2025-06-28 21:30:00,6022.7404
2025-06-28 21:40:00,6022.8980
2025-06-28 21:50:00,6086.1710
2025-06-28 22:00:00,5950.0437
2025-06-28 22:10:00,6060.7765
2025-06-28 22:20:00,6245.6298
2025-06-28 22:30:00,6187.4363
2025-06-28 22:40:00,6327.3986
2025-06-28 22:50:00,6251.8150
2025-06-28 23:00:00,6016.7734
2025-06-28 23:10:00,5957.4138
2025-06-28 23:20:00,5956.0521
2025-06-28 23:30:00,5972.7990
2025-06-28 23:40:00,5417.7273
2025-06-28 23:50:00,5417.7273
2025-06-29 00:00:00,5621.7775
2025-06-29 00:10:00,5417.7273
2025-06-29 00:20:00,5600.2627
2025-06-29 00:30:00,5596.5037
2025-06-29 00:40:00,5972.5644
2025-06-29 00:50:00,6250.7039
2025-06-29 01:00:00,5944.1905
2025-06-29 01:10:00,5601.9091
2025-06-29 01:20:00,5799.1266
2025-06-29 01:30:00,5944.1905
2025-06-29 01:40:00,5770.7723
2025-06-29 01:50:00,5944.1905
2025-06-29 02:00:00,5630.5640
2025-06-29 02:10:00,5601.9091
2025-06-29 02:20:00,5417.7273
2025-06-29 02:30:00,5417.7273
2025-06-29 02:40:00,5554.8374
2025-06-29 02:50:00,5571.9658
2025-06-29 03:00:00,5751.1414
2025-06-29 03:10:00,5595.8182
2025-06-29 03:20:00,5595.8182
2025-06-29 03:30:00,5417.7273
2025-06-29 03:40:00,5569.2923
2025-06-29 03:50:00,5595.8182
2025-06-29 04:00:00,5595.8182
2025-06-29 04:10:00,5944.1905
2025-06-29 04:20:00,5957.3955
2025-06-29 04:30:00,5475.8154
2025-06-29 04:40:00,5948.6486
2025-06-29 04:50:00,5601.9091
2025-06-29 05:00:00,5970.6572
2025-06-29 05:10:00,6213.8514
2025-06-29 05:20:00,5601.9091
2025-06-29 05:30:00,5953.9036
2025-06-29 05:40:00,6189.1575
2025-06-29 05:50:00,5944.1905
2025-06-29 06:00:00,6039.8740
2025-06-29 06:10:00,6068.7060
2025-06-29 06:20:00,6135.9329
2025-06-29 06:30:00,6067.5641
2025-06-29 06:40:00,6011.3973
2025-06-29 06:50:00,6075.1333
2025-06-29 07:00:00,6058.7401
2025-06-29 07:10:00,6063.6395
2025-06-29 07:20:00,6257.6097
2025-06-29 07:30:00,6168.4931
2025-06-29 07:40:00,6249.2040
2025-06-29 07:50:00,6258.6154
2025-06-29 08:00:00,6298.6441
2025-06-29 08:10:00,5925.5288
2025-06-29 08:20:00,6225.3459
2025-06-29 08:30:00,5913.8086
2025-06-29 08:40:00,5811.3303
2025-06-29 08:50:00,6009.5632
2025-06-29 09:00:00,5880.2953
2025-06-29 09:10:00,5888.6854
2025-06-29 09:20:00,6049.0047
2025-06-29 09:30:00,6015.2807
2025-06-29 09:40:00,5688.9556
2025-06-29 09:50:00,6410.5437
2025-06-29 10:00:00,5943.6980
2025-06-29 10:10:00,6189.2606
2025-06-29 10:20:00,5950.4137
2025-06-29 10:30:00,6267.3849
2025-06-29 10:40:00,5944.1905
2025-06-29 10:50:00,5957.6368
2025-06-29 11:00:00,5956.4004
2025-06-29 11:10:00,5950.6924
2025-06-29 11:20:00,5807.2560
2025-06-29 11:30:00,5809.1116
2025-06-29 11:40:00,5956.1824
2025-06-29 11:50:00,5956.1396
2025-06-29 12:00:00,5950.0708
2025-06-29 12:10:00,5949.3995
2025-06-29 12:20:00,5595.8182
2025-06-29 12:30:00,5583.1247
2025-06-29 12:40:00,5475.3701
2025-06-29 12:50:00,5808.1586
2025-06-29 13:00:00,6172.2774
2025-06-29 13:10:00,5957.4440
2025-06-29 13:20:00,5595.8182
2025-06-29 13:30:00,5944.1905
2025-06-29 13:40:00,5958.3114
2025-06-29 13:50:00,5797.5233
2025-06-29 14:00:00,5957.1606
2025-06-29 14:10:00,5956.9161
2025-06-29 14:20:00,5601.9091
2025-06-29 14:30:00,5955.5230
2025-06-29 14:40:00,6001.7311
2025-06-29 14:50:00,5944.1905
2025-06-29 15:00:00,6002.8268
2025-06-29 15:10:00,5944.1905
2025-06-29 15:20:00,6114.5515
2025-06-29 15:30:00,6219.0762
2025-06-29 15:40:00,6114.5265
2025-06-29 15:50:00,5950.4348
2025-06-29 16:00:00,6368.4034
2025-06-29 16:10:00,6137.0235
2025-06-29 16:20:00,5944.1905
2025-06-29 16:30:00,6233.4508
2025-06-29 16:40:00,6111.2000
2025-06-29 16:50:00,6014.3125
2025-06-29 17:00:00,6077.0964
2025-06-29 17:10:00,6115.4365
2025-06-29 17:20:00,5944.1905
2025-06-29 17:30:00,6141.5628
2025-06-29 17:40:00,6218.3850
2025-06-29 17:50:00,6150.1011
2025-06-29 18:00:00,6173.2139
2025-06-29 18:10:00,6226.0003
2025-06-29 18:20:00,6257.7528
2025-06-29 18:30:00,6221.3214
2025-06-29 18:40:00,6067.6842
2025-06-29 18:50:00,5915.2923
2025-06-29 19:00:00,6067.6790
2025-06-29 19:10:00,6220.2868
2025-06-29 19:20:00,6144.8445
2025-06-29 19:30:00,6220.8221
2025-06-29 19:40:00,6246.1834
2025-06-29 19:50:00,6009.8081
2025-06-29 20:00:00,6106.1685
2025-06-29 20:10:00,6122.0936
2025-06-29 20:20:00,6067.8402
2025-06-29 20:30:00,6082.9895
2025-06-29 20:40:00,6023.6439
2025-06-29 20:50:00,6015.2637
2025-06-29 21:00:00,6083.5874
2025-06-29 21:10:00,6222.4982
2025-06-29 21:20:00,5944.1905
2025-06-29 21:30:00,6074.0002
2025-06-29 21:40:00,6204.2795
2025-06-29 21:50:00,6332.0716
2025-06-29 22:00:00,5950.5383
2025-06-29 22:10:00,5950.1070
2025-06-29 22:20:00,5603.2221
2025-06-29 22:30:00,5972.9942
2025-06-29 22:40:00,5972.8255
2025-06-29 22:50:00,5972.7515
2025-06-29 23:00:00,5784.3411
2025-06-29 23:10:00,5417.7273
2025-06-29 23:20:00,5972.5705
2025-06-29 23:30:00,5417.7273
2025-06-29 23:40:00,5944.1905
2025-06-29 23:50:00,6249.8645
2025-06-30 00:00:00,5594.5473
2025-06-30 00:10:00,5590.8616
2025-06-30 00:20:00,5944.1905
2025-06-30 00:30:00,5417.7273
2025-06-30 00:40:00,6246.8052
2025-06-30 00:50:00,5976.3441
2025-06-30 01:00:00,5475.3821
2025-06-30 01:10:00,5665.4879
2025-06-30 01:20:00,5944.1905
2025-06-30 01:30:00,5417.7273
2025-06-30 01:40:00,5944.1905
2025-06-30 01:50:00,5417.7273
2025-06-30 02:00:00,5555.9108
2025-06-30 02:10:00,5587.0421
2025-06-30 02:20:00,5577.8059
2025-06-30 02:30:00,5554.7746
2025-06-30 02:40:00,5567.5007
2025-06-30 02:50:00,5566.9846
2025-06-30 03:00:00,5554.5177
2025-06-30 03:10:00,6253.7222
2025-06-30 03:20:00,5944.1905
2025-06-30 03:30:00,5590.6360
2025-06-30 03:40:00,5972.9325
2025-06-30 03:50:00,5789.8203
2025-06-30 04:00:00,5944.1905
2025-06-30 04:10:00,6097.2778
2025-06-30 04:20:00,5949.8567
2025-06-30 04:30:00,5590.8938
2025-06-30 04:40:00,6141.1803
2025-06-30 04:50:00,6266.6691
2025-06-30 05:00:00,5944.1905
2025-06-30 05:10:00,5944.1905
2025-06-30 05:20:00,5944.1905
2025-06-30 05:30:00,6279.1392
2025-06-30 05:40:00,6111.2129
2025-06-30 05:50:00,6063.9261
2025-06-30 06:00:00,5954.5820
2025-06-30 06:10:00,5975.6012
2025-06-30 06:20:00,6166.7127
2025-06-30 06:30:00,6145.0351
2025-06-30 06:40:00,6158.4553
2025-06-30 06:50:00,6045.1704
2025-06-30 07:00:00,6412.4001
2025-06-30 07:10:00,6118.6527
2025-06-30 07:20:00,6191.5038
2025-06-30 07:30:00,6168.8416
2025-06-30 07:40:00,5851.7997
2025-06-30 07:50:00,6119.5512
2025-06-30 08:00:00,6171.9706
2025-06-30 08:10:00,6179.5665
2025-06-30 08:20:00,6099.3835
2025-06-30 08:30:00,6096.7511
2025-06-30 08:40:00,5688.9556
2025-06-30 08:50:00,6016.9921
2025-06-30 09:00:00,6222.7721
2025-06-30 09:10:00,6016.6654
2025-06-30 09:20:00,5968.0265
2025-06-30 09:30:00,6182.7996
2025-06-30 09:40:00,6183.2023
2025-06-30 09:50:00,5972.5923
2025-06-30 10:00:00,5473.7499
2025-06-30 10:10:00,5643.0351
2025-06-30 10:20:00,5637.1502
2025-06-30 10:30:00,5600.5866
2025-06-30 10:40:00,5556.4408
2025-06-30 10:50:00,5944.1905
2025-06-30 11:00:00,5956.5193
2025-06-30 11:10:00,5950.5393
2025-06-30 11:20:00,5843.6975
2025-06-30 11:30:00,5601.9091
2025-06-30 11:40:00,5944.1905
2025-06-30 11:50:00,6215.6937
2025-06-30 12:00:00,5417.7273
2025-06-30 12:10:00,5417.7273
2025-06-30 12:20:00,5638.2102
2025-06-30 12:30:00,5601.9091
2025-06-30 12:40:00,5782.7362
2025-06-30 12:50:00,5973.1674
2025-06-30 13:00:00,5475.2085
2025-06-30 13:10:00,5601.9091
2025-06-30 13:20:00,5600.4481
2025-06-30 13:30:00,5600.3499
2025-06-30 13:40:00,5417.7273
2025-06-30 13:50:00,5612.9189
2025-06-30 14:00:00,5556.5196
2025-06-30 14:10:00,5417.7273
2025-06-30 14:20:00,5554.2921
2025-06-30 14:30:00,5601.7806
2025-06-30 14:40:00,5949.7394
2025-06-30 14:50:00,5944.1905
2025-06-30 15:00:00,5475.1062
2025-06-30 15:10:00,5950.1491
2025-06-30 15:20:00,5417.7273
2025-06-30 15:30:00,5972.9888
2025-06-30 15:40:00,5949.5285
2025-06-30 15:50:00,5944.1905
2025-06-30 16:00:00,5417.7273
2025-06-30 16:10:00,5417.7273
2025-06-30 16:20:00,5601.9091
2025-06-30 16:30:00,5944.1905
2025-06-30 16:40:00,5696.9147
2025-06-30 16:50:00,5648.8521
2025-06-30 17:00:00,5600.5239
2025-06-30 17:10:00,5417.7273
2025-06-30 17:20:00,5751.6182
2025-06-30 17:30:00,5795.9725
2025-06-30 17:40:00,5743.0031
2025-06-30 17:50:00,5795.9729
2025-06-30 18:00:00,5551.8214
2025-06-30 18:10:00,5551.5926
2025-06-30 18:20:00,5635.1644
2025-06-30 18:30:00,6244.6762
2025-06-30 18:40:00,5473.9206
2025-06-30 18:50:00,5944.1905
2025-06-30 19:00:00,5972.8144
2025-06-30 19:10:00,5949.1902
2025-06-30 19:20:00,5944.1905
2025-06-30 19:30:00,5976.2809
2025-06-30 19:40:00,5417.7273
2025-06-30 19:50:00,5972.7680
2025-06-30 20:00:00,6196.3442
2025-06-30 20:10:00,5951.1633
2025-06-30 20:20:00,5974.4925
2025-06-30 20:30:00,5944.1905
2025-06-30 20:40:00,5801.3846
2025-06-30 20:50:00,6095.6457
2025-06-30 21:00:00,6250.8583
2025-06-30 21:10:00,5950.1134
2025-06-30 21:20:00,5806.3394
2025-06-30 21:30:00,5971.7865
2025-06-30 21:40:00,5944.1905
2025-06-30 21:50:00,6187.4148
2025-06-30 22:00:00,5977.3451
2025-06-30 22:10:00,5772.0126
2025-06-30 22:20:00,6249.3565
2025-06-30 22:30:00,6257.5625
2025-06-30 22:40:00,6255.2823
2025-06-30 22:50:00,5975.7650
2025-06-30 23:00:00,5969.2960
2025-06-30 23:10:00,5957.2593
2025-06-30 23:20:00,6032.6795
2025-06-30 23:30:00,6000.7459
2025-06-30 23:40:00,5958.2300
2025-06-30 23:50:00,6219.7893
2025-07-01 00:00:00,6267.9115
2025-07-01 00:10:00,5944.1905
2025-07-01 00:20:00,6004.9589
2025-07-01 00:30:00,5944.1905
2025-07-01 00:40:00,5955.8268
2025-07-01 00:50:00,6100.2971
2025-07-01 01:00:00,6280.5588
2025-07-01 01:10:00,5956.9958
2025-07-01 01:20:00,6334.0250
2025-07-01 01:30:00,6242.3474
2025-07-01 01:40:00,6069.9270
2025-07-01 01:50:00,6170.1666
2025-07-01 02:00:00,6265.8366
2025-07-01 02:10:00,5944.1905
2025-07-01 02:20:00,6144.6903
2025-07-01 02:30:00,6075.5000
2025-07-01 02:40:00,6120.5753
2025-07-01 02:50:00,6044.5302
2025-07-01 03:00:00,6165.8132
2025-07-01 03:10:00,5944.1905
2025-07-01 03:20:00,6115.8514
2025-07-01 03:30:00,6226.5332
2025-07-01 03:40:00,6057.9674
2025-07-01 03:50:00,6165.4912
2025-07-01 04:00:00,6149.4184
2025-07-01 04:10:00,5944.1905
2025-07-01 04:20:00,6072.7524
2025-07-01 04:30:00,6206.6033
2025-07-01 04:40:00,6147.5972
2025-07-01 04:50:00,6071.1812
2025-07-01 05:00:00,6193.3625
2025-07-01 05:10:00,5944.1905
2025-07-01 05:20:00,6107.1257
2025-07-01 05:30:00,6098.3023
2025-07-01 05:40:00,6111.4013
2025-07-01 05:50:00,6031.7613
2025-07-01 06:00:00,6410.5547
2025-07-01 06:10:00,5944.1905
2025-07-01 06:20:00,5999.3896
2025-07-01 06:30:00,6001.1541
2025-07-01 06:40:00,6192.5913
2025-07-01 06:50:00,5944.1905
2025-07-01 07:00:00,5944.1905
2025-07-01 07:10:00,5607.8756
2025-07-01 07:20:00,5955.3743
2025-07-01 07:30:00,5950.1303
2025-07-01 07:40:00,5973.1146
2025-07-01 07:50:00,5804.7202
2025-07-01 08:00:00,5758.3715
2025-07-01 08:10:00,5601.9091
2025-07-01 08:20:00,5631.6775
2025-07-01 08:30:00,5593.3624
2025-07-01 08:40:00,5766.4621
2025-07-01 08:50:00,5417.7273
2025-07-01 09:00:00,5561.0892
2025-07-01 09:10:00,5972.6924
2025-07-01 09:20:00,5605.9898
2025-07-01 09:30:00,5779.1059
2025-07-01 09:40:00,6206.8876
2025-07-01 09:50:00,5417.7273
2025-07-01 10:00:00,5417.7273
2025-07-01 10:10:00,5601.9091
2025-07-01 10:20:00,5600.5469
2025-07-01 10:30:00,5469.6372
2025-07-01 10:40:00,5944.1905
2025-07-01 10:50:00,5600.6156
2025-07-01 11:00:00,5600.5106
2025-07-01 11:10:00,5599.5479
2025-07-01 11:20:00,5600.4690
2025-07-01 11:30:00,5573.9590
2025-07-01 11:40:00,5569.5967
2025-07-01 11:50:00,5553.2742
2025-07-01 12:00:00,5417.7273
2025-07-01 12:10:00,5548.8976
2025-07-01 12:20:00,5552.3477
2025-07-01 12:30:00,5551.1595
2025-07-01 12:40:00,5417.7273
2025-07-01 12:50:00,5969.5312
2025-07-01 13:00:00,5417.7273
2025-07-01 13:10:00,5974.5516
2025-07-01 13:20:00,5417.7273
2025-07-01 13:30:00,6183.2488
2025-07-01 13:40:00,5972.7506
2025-07-01 13:50:00,5976.3950
2025-07-01 14:00:00,5669.6101
2025-07-01 14:10:00,5944.1905
2025-07-01 14:20:00,5417.7273
2025-07-01 14:30:00,6183.0193
2025-07-01 14:40:00,5975.4367
2025-07-01 14:50:00,5639.0138
2025-07-01 15:00:00,5610.6528
2025-07-01 15:10:00,5771.4472
2025-07-01 15:20:00,5591.1654
2025-07-01 15:30:00,6238.1349
2025-07-01 15:40:00,5583.0839
2025-07-01 15:50:00,5417.7273
2025-07-01 16:00:00,5550.1824
2025-07-01 16:10:00,5740.9181
2025-07-01 16:20:00,5553.0166
2025-07-01 16:30:00,5974.1764
2025-07-01 16:40:00,5614.5504
2025-07-01 16:50:00,5464.0181
2025-07-01 17:00:00,5944.1905
2025-07-01 17:10:00,5636.7912
2025-07-01 17:20:00,5614.9705
2025-07-01 17:30:00,5972.4780
2025-07-01 17:40:00,5944.1905
2025-07-01 17:50:00,5417.7273
2025-07-01 18:00:00,5417.7273
2025-07-01 18:10:00,5563.9302
2025-07-01 18:20:00,5417.7273
2025-07-01 18:30:00,5738.8648
2025-07-01 18:40:00,5549.3959
2025-07-01 18:50:00,5417.7273
2025-07-01 19:00:00,5553.6170
2025-07-01 19:10:00,5417.7273
2025-07-01 19:20:00,5551.2983
2025-07-01 19:30:00,5554.4499
2025-07-01 19:40:00,5556.2049
2025-07-01 19:50:00,5601.9091
2025-07-01 20:00:00,6250.3608
2025-07-01 20:10:00,5417.7273
2025-07-01 20:20:00,5666.8827
2025-07-01 20:30:00,5944.1905
2025-07-01 20:40:00,5972.5320
2025-07-01 20:50:00,5944.1905
2025-07-01 21:00:00,5956.5965
2025-07-01 21:10:00,5977.8216
2025-07-01 21:20:00,5944.1905
2025-07-01 21:30:00,6227.8350
2025-07-01 21:40:00,6118.2121
2025-07-01 21:50:00,5944.1905
2025-07-01 22:00:00,6229.7460
2025-07-01 22:10:00,6199.1548
2025-07-01 22:20:00,6065.8435
2025-07-01 22:30:00,6139.2734
2025-07-01 22:40:00,6144.2094
2025-07-01 22:50:00,6140.4110
2025-07-01 23:00:00,6111.2000
2025-07-01 23:10:00,6169.3212
2025-07-01 23:20:00,6084.0744
2025-07-01 23:30:00,6071.2138
2025-07-01 23:40:00,6021.1347
2025-07-01 23:50:00,6111.2000
2025-07-02 00:00:00,6165.1698
2025-07-02 00:10:00,6064.9176
2025-07-02 00:20:00,6015.5150
2025-07-02 00:30:00,6061.0510
2025-07-02 00:40:00,6015.5261
2025-07-02 00:50:00,6140.5808
2025-07-02 01:00:00,6138.0158
2025-07-02 01:10:00,6070.6921
2025-07-02 01:20:00,6097.8918
2025-07-02 01:30:00,6171.9971
2025-07-02 01:40:00,6214.3683
2025-07-02 01:50:00,5944.1905
2025-07-02 02:00:00,6226.6283
2025-07-02 02:10:00,6223.7300
2025-07-02 02:20:00,6181.3015
2025-07-02 02:30:00,6048.1635
2025-07-02 02:40:00,6191.9684
2025-07-02 02:50:00,6195.1573
2025-07-02 03:00:00,5957.9535
2025-07-02 03:10:00,5955.2982
2025-07-02 03:20:00,5972.7474
2025-07-02 03:30:00,5770.8529
2025-07-02 03:40:00,5627.4963
2025-07-02 03:50:00,5600.2733
2025-07-02 04:00:00,5466.2001
2025-07-02 04:10:00,5595.9397
2025-07-02 04:20:00,5774.6429
2025-07-02 04:30:00,5576.2737
2025-07-02 04:40:00,5972.7897
2025-07-02 04:50:00,6194.7917
2025-07-02 05:00:00,5475.4134
2025-07-02 05:10:00,5472.2015
2025-07-02 05:20:00,5972.7227
2025-07-02 05:30:00,5972.9510
2025-07-02 05:40:00,6188.7437
2025-07-02 05:50:00,5976.1649
2025-07-02 06:00:00,5601.9091
2025-07-02 06:10:00,5609.4570
2025-07-02 06:20:00,5944.1905
2025-07-02 06:30:00,5657.5104
2025-07-02 06:40:00,5944.1905
2025-07-02 06:50:00,5781.4350
2025-07-02 07:00:00,5554.8374
2025-07-02 07:10:00,5417.7273
2025-07-02 07:20:00,5556.7752
2025-07-02 07:30:00,5740.1373
2025-07-02 07:40:00,5739.3435
2025-07-02 07:50:00,5739.9767
2025-07-02 08:00:00,5600.3472
2025-07-02 08:10:00,5551.3695
2025-07-02 08:20:00,6188.5102
2025-07-02 08:30:00,5944.1905
2025-07-02 08:40:00,5974.5245
2025-07-02 08:50:00,5944.1905
2025-07-02 09:00:00,5593.5955
2025-07-02 09:10:00,6184.8933
2025-07-02 09:20:00,5968.1267
2025-07-02 09:30:00,5585.6286
2025-07-02 09:40:00,6183.8899
2025-07-02 09:50:00,5547.2544
2025-07-02 10:00:00,5550.4308
2025-07-02 10:10:00,5795.9732
2025-07-02 10:20:00,5556.5914
2025-07-02 10:30:00,5417.7273
2025-07-02 10:40:00,5752.2137
2025-07-02 10:50:00,5557.6564
2025-07-02 11:00:00,5550.8932
2025-07-02 11:10:00,5550.6976
2025-07-02 11:20:00,5417.7273
2025-07-02 11:30:00,5600.2978
2025-07-02 11:40:00,6095.5394
2025-07-02 11:50:00,5949.3639
2025-07-02 12:00:00,5595.8182
2025-07-02 12:10:00,5637.1138
2025-07-02 12:20:00,5944.1905
2025-07-02 12:30:00,5972.3430
2025-07-02 12:40:00,6180.9477
2025-07-02 12:50:00,5948.4767
2025-07-02 13:00:00,5590.7168
2025-07-02 13:10:00,5971.0528
2025-07-02 13:20:00,6259.6314
2025-07-02 13:30:00,5944.1905
2025-07-02 13:40:00,5944.1905
2025-07-02 13:50:00,6263.2519
2025-07-02 14:00:00,5944.1905
2025-07-02 14:10:00,6119.3454
2025-07-02 14:20:00,6074.7493
2025-07-02 14:30:00,6109.5379
2025-07-02 14:40:00,6196.0011
2025-07-02 14:50:00,6061.6116
2025-07-02 15:00:00,5944.1905
2025-07-02 15:10:00,6197.3807
2025-07-02 15:20:00,6010.9858
2025-07-02 15:30:00,6091.2692
2025-07-02 15:40:00,6042.4995
2025-07-02 15:50:00,6067.6503
2025-07-02 16:00:00,6139.2530
2025-07-02 16:10:00,6069.1590
2025-07-02 16:20:00,6045.1269
2025-07-02 16:30:00,6165.9301
2025-07-02 16:40:00,6069.2331
2025-07-02 16:50:00,6085.6245
2025-07-02 17:00:00,5939.4984
2025-07-02 17:10:00,6069.1066
2025-07-02 17:20:00,6169.8649
2025-07-02 17:30:00,6056.6365
2025-07-02 17:40:00,6232.1179
2025-07-02 17:50:00,6210.1479
2025-07-02 18:00:00,5944.1905
2025-07-02 18:10:00,6151.5429
2025-07-02 18:20:00,6412.3384
2025-07-02 18:30:00,5937.2500
2025-07-02 18:40:00,6151.0048
2025-07-02 18:50:00,6073.4985
2025-07-02 19:00:00,5944.1905
2025-07-02 19:10:00,6072.7524
2025-07-02 19:20:00,6330.5747
2025-07-02 19:30:00,5944.1905
2025-07-02 19:40:00,6051.7383
2025-07-02 19:50:00,6188.2510
2025-07-02 20:00:00,6050.6519
2025-07-02 20:10:00,6049.0184
2025-07-02 20:20:00,6238.8206
2025-07-02 20:30:00,6410.5547
2025-07-02 20:40:00,5944.1905
2025-07-02 20:50:00,6323.6515
2025-07-02 21:00:00,5955.5908
2025-07-02 21:10:00,5944.1905
2025-07-02 21:20:00,6261.5166
2025-07-02 21:30:00,6001.0180
2025-07-02 21:40:00,5944.1905
2025-07-02 21:50:00,6257.7812
2025-07-02 22:00:00,6006.4424
2025-07-02 22:10:00,5955.8688
2025-07-02 22:20:00,5944.1905
2025-07-02 22:30:00,5944.1905
2025-07-02 22:40:00,5944.1905
2025-07-02 22:50:00,5958.3553
2025-07-02 23:00:00,5970.3032
2025-07-02 23:10:00,5957.3975
2025-07-02 23:20:00,6184.8776
2025-07-02 23:30:00,5944.1905
2025-07-02 23:40:00,5802.3454
2025-07-02 23:50:00,5601.9091
2025-07-03 00:00:00,5944.1905
2025-07-03 00:10:00,5474.9414
2025-07-03 00:20:00,5944.1905
2025-07-03 00:30:00,5608.8241
2025-07-03 00:40:00,5469.3730
2025-07-03 00:50:00,5556.0585
2025-07-03 01:00:00,5417.7273
2025-07-03 01:10:00,5956.5858
2025-07-03 01:20:00,5944.1905
2025-07-03 01:30:00,5842.2361
2025-07-03 01:40:00,5601.9091
2025-07-03 01:50:00,5789.4637
2025-07-03 02:00:00,5971.5044
2025-07-03 02:10:00,5950.8032
2025-07-03 02:20:00,5944.1905
2025-07-03 02:30:00,5684.0168
2025-07-03 02:40:00,5949.5799
2025-07-03 02:50:00,5956.7611
2025-07-03 03:00:00,6258.1236
2025-07-03 03:10:00,5944.1905
2025-07-03 03:20:00,5975.9727
2025-07-03 03:30:00,5944.1905
2025-07-03 03:40:00,5944.1905
2025-07-03 03:50:00,5974.3770
2025-07-03 04:00:00,5944.1905
2025-07-03 04:10:00,5955.3706
2025-07-03 04:20:00,6252.0521
2025-07-03 04:30:00,6056.9786
2025-07-03 04:40:00,5956.0105
2025-07-03 04:50:00,5944.1905
2025-07-03 05:00:00,5944.1905
2025-07-03 05:10:00,6000.7393
2025-07-03 05:20:00,6161.6536
2025-07-03 05:30:00,6254.2603
2025-07-03 05:40:00,5957.6760
2025-07-03 05:50:00,6262.2416
2025-07-03 06:00:00,6285.4870
2025-07-03 06:10:00,5949.5201
2025-07-03 06:20:00,6188.6899
2025-07-03 06:30:00,5972.6735
2025-07-03 06:40:00,6064.3929
2025-07-03 06:50:00,6138.6585
2025-07-03 07:00:00,6291.6909
2025-07-03 07:10:00,6046.8041
2025-07-03 07:20:00,6060.8029
2025-07-03 07:30:00,6070.3528
2025-07-03 07:40:00,5944.1905
2025-07-03 07:50:00,5944.1905
2025-07-03 08:00:00,6267.0439
2025-07-03 08:10:00,6109.8291
2025-07-03 08:20:00,6116.9615
2025-07-03 08:30:00,6072.2649
2025-07-03 08:40:00,6112.0040
2025-07-03 08:50:00,6111.9088
2025-07-03 09:00:00,6137.2942
2025-07-03 09:10:00,6070.0173
2025-07-03 09:20:00,6265.1113
2025-07-03 09:30:00,6095.0973
2025-07-03 09:40:00,6001.1541
2025-07-03 09:50:00,5998.2554
2025-07-03 10:00:00,6189.6002
2025-07-03 10:10:00,5958.1628
2025-07-03 10:20:00,5955.8464
2025-07-03 10:30:00,6143.3040
2025-07-03 10:40:00,5595.4801
2025-07-03 10:50:00,5807.2528
2025-07-03 11:00:00,5944.1905
2025-07-03 11:10:00,5417.7273
2025-07-03 11:20:00,5417.7273
2025-07-03 11:30:00,5972.6616
2025-07-03 11:40:00,5595.8182
2025-07-03 11:50:00,5417.7273
2025-07-03 12:00:00,5417.7273
2025-07-03 12:10:00,5588.6349
2025-07-03 12:20:00,5792.2384
2025-07-03 12:30:00,6247.3627
2025-07-03 12:40:00,5601.9091
2025-07-03 12:50:00,5601.9091
2025-07-03 13:00:00,5417.7273
2025-07-03 13:10:00,5973.1840
2025-07-03 13:20:00,5955.6734
2025-07-03 13:30:00,5977.7714
2025-07-03 13:40:00,5975.3584
2025-07-03 13:50:00,5417.7273
2025-07-03 14:00:00,5956.5501
2025-07-03 14:10:00,6252.4458
2025-07-03 14:20:00,5944.1905
2025-07-03 14:30:00,5944.1905
2025-07-03 14:40:00,5973.0225
2025-07-03 14:50:00,5957.4349
2025-07-03 15:00:00,5944.1905
2025-07-03 15:10:00,5970.2622
2025-07-03 15:20:00,5604.3746
2025-07-03 15:30:00,5971.0368
2025-07-03 15:40:00,6264.6838
2025-07-03 15:50:00,6032.4699
2025-07-03 16:00:00,5956.9210
2025-07-03 16:10:00,5973.0531
2025-07-03 16:20:00,5958.1099
2025-07-03 16:30:00,6171.0398
2025-07-03 16:40:00,6265.1458
2025-07-03 16:50:00,5956.4054
2025-07-03 17:00:00,6214.4416
2025-07-03 17:10:00,6263.1564
2025-07-03 17:20:00,6038.9676
2025-07-03 17:30:00,6180.6349
2025-07-03 17:40:00,5955.8228
2025-07-03 17:50:00,5956.8827
2025-07-03 18:00:00,6289.8268
2025-07-03 18:10:00,6229.6914
2025-07-03 18:20:00,5944.1905
2025-07-03 18:30:00,6257.3309
2025-07-03 18:40:00,6329.9594
2025-07-03 18:50:00,6055.1600
2025-07-03 19:00:00,5944.1905
2025-07-03 19:10:00,6276.5974
2025-07-03 19:20:00,5944.1905
2025-07-03 19:30:00,6148.2656
2025-07-03 19:40:00,6173.6907
2025-07-03 19:50:00,6108.7875
2025-07-03 20:00:00,6231.1586
2025-07-03 20:10:00,6147.3723
2025-07-03 20:20:00,6182.9302
2025-07-03 20:30:00,6115.9904
2025-07-03 20:40:00,6212.5319
2025-07-03 20:50:00,6218.3497
2025-07-03 21:00:00,6248.8858
2025-07-03 21:10:00,6166.7843
2025-07-03 21:20:00,6116.1482
2025-07-03 21:30:00,6174.9187
2025-07-03 21:40:00,6167.5506
2025-07-03 21:50:00,6047.3579
2025-07-03 22:00:00,6219.2018
2025-07-03 22:10:00,6062.5133
2025-07-03 22:20:00,6049.3082
2025-07-03 22:30:00,6096.2140
2025-07-03 22:40:00,6276.7829
2025-07-03 22:50:00,5944.1905
2025-07-03 23:00:00,6248.0814
2025-07-03 23:10:00,5944.1905
2025-07-03 23:20:00,6259.7307
2025-07-03 23:30:00,6259.8676
2025-07-03 23:40:00,6214.0999
2025-07-03 23:50:00,5601.9091
2025-07-04 00:00:00,5972.6997
2025-07-04 00:10:00,5802.1563
2025-07-04 00:20:00,5972.8400
2025-07-04 00:30:00,5972.5891
2025-07-04 00:40:00,5617.7481
2025-07-04 00:50:00,5601.9091
2025-07-04 01:00:00,5972.4466
2025-07-04 01:10:00,5601.2745
2025-07-04 01:20:00,5617.7026
2025-07-04 01:30:00,6247.5025
2025-07-04 01:40:00,5948.6867
2025-07-04 01:50:00,5595.8182
2025-07-04 02:00:00,5646.1487
2025-07-04 02:10:00,5944.1905
2025-07-04 02:20:00,5417.7273
2025-07-04 02:30:00,5663.8369
2025-07-04 02:40:00,5629.9273
2025-07-04 02:50:00,5595.8182
2025-07-04 03:00:00,5417.7273
2025-07-04 03:10:00,5417.7273
2025-07-04 03:20:00,5555.3606
2025-07-04 03:30:00,5417.7273
2025-07-04 03:40:00,5554.2341
2025-07-04 03:50:00,5600.4117
2025-07-04 04:00:00,5600.3997
2025-07-04 04:10:00,5417.7273
2025-07-04 04:20:00,5600.3688
2025-07-04 04:30:00,5551.9282
2025-07-04 04:40:00,5417.7273
2025-07-04 04:50:00,5944.1905
2025-07-04 05:00:00,5949.7612
2025-07-04 05:10:00,5475.0280
2025-07-04 05:20:00,5601.9091
2025-07-04 05:30:00,5944.1905
2025-07-04 05:40:00,5973.5123
2025-07-04 05:50:00,5957.8592
2025-07-04 06:00:00,5804.9856
2025-07-04 06:10:00,5805.0422
2025-07-04 06:20:00,6186.1556
2025-07-04 06:30:00,6062.2520
2025-07-04 06:40:00,5944.1905
2025-07-04 06:50:00,5608.8878
2025-07-04 07:00:00,5944.1905
2025-07-04 07:10:00,6100.8509
2025-07-04 07:20:00,6197.6904
2025-07-04 07:30:00,6060.1745
2025-07-04 07:40:00,6046.6362
2025-07-04 07:50:00,5939.2500
2025-07-04 08:00:00,6114.7175
2025-07-04 08:10:00,6108.0711
2025-07-04 08:20:00,6159.0353
2025-07-04 08:30:00,6108.4624
2025-07-04 08:40:00,6169.5642
2025-07-04 08:50:00,6118.7817
2025-07-04 09:00:00,6144.4937
2025-07-04 09:10:00,6098.8342
2025-07-04 09:20:00,5942.9335
2025-07-04 09:30:00,6183.8178
2025-07-04 09:40:00,6114.9734
2025-07-04 09:50:00,6097.7530
2025-07-04 10:00:00,6255.1249
2025-07-04 10:10:00,5908.0359
2025-07-04 10:20:00,6017.1750
2025-07-04 10:30:00,6261.1341
2025-07-04 10:40:00,5944.1905
2025-07-04 10:50:00,6141.3592
2025-07-04 11:00:00,5944.1905
2025-07-04 11:10:00,6142.9679
2025-07-04 11:20:00,5972.8273
2025-07-04 11:30:00,5767.9293
2025-07-04 11:40:00,5629.1723
2025-07-04 11:50:00,5972.4886
2025-07-04 12:00:00,5417.7273
2025-07-04 12:10:00,5417.7273
2025-07-04 12:20:00,5591.9768
2025-07-04 12:30:00,5555.1474
2025-07-04 12:40:00,5554.5291
2025-07-04 12:50:00,5762.0791
2025-07-04 13:00:00,5956.3343
2025-07-04 13:10:00,5944.1905
2025-07-04 13:20:00,5669.5660
2025-07-04 13:30:00,5417.7273
2025-07-04 13:40:00,5417.7273
2025-07-04 13:50:00,5970.1635
2025-07-04 14:00:00,5476.8109
2025-07-04 14:10:00,5587.2706
2025-07-04 14:20:00,5417.7273
2025-07-04 14:30:00,5417.7273
2025-07-04 14:40:00,5944.1905
2025-07-04 14:50:00,5969.9880
2025-07-04 15:00:00,5944.1905
2025-07-04 15:10:00,5944.1905
2025-07-04 15:20:00,5944.1905
2025-07-04 15:30:00,5944.1905
2025-07-04 15:40:00,5971.5719
2025-07-04 15:50:00,5944.1905
2025-07-04 16:00:00,5951.0863
2025-07-04 16:10:00,6180.6413
2025-07-04 16:20:00,6038.9676
2025-07-04 16:30:00,5954.9079
2025-07-04 16:40:00,5944.1905
2025-07-04 16:50:00,6032.4640
2025-07-04 17:00:00,6110.4381
2025-07-04 17:10:00,6130.4688
2025-07-04 17:20:00,6040.8616
2025-07-04 17:30:00,5944.1905
2025-07-04 17:40:00,6149.1561
2025-07-04 17:50:00,6007.9252
2025-07-04 18:00:00,6170.6744
2025-07-04 18:10:00,6206.0712
2025-07-04 18:20:00,6093.4622
2025-07-04 18:30:00,6140.7048
2025-07-04 18:40:00,6085.1946
2025-07-04 18:50:00,6087.4131
2025-07-04 19:00:00,6085.8762
2025-07-04 19:10:00,6081.6951
2025-07-04 19:20:00,5946.0121
2025-07-04 19:30:00,6082.5275
2025-07-04 19:40:00,6023.7830
2025-07-04 19:50:00,6081.5085
2025-07-04 20:00:00,6082.4676
2025-07-04 20:10:00,6084.0977
2025-07-04 20:20:00,6098.5759
2025-07-04 20:30:00,6114.3898
2025-07-04 20:40:00,5949.9791
2025-07-04 20:50:00,6373.4869
2025-07-04 21:00:00,6371.1622
2025-07-04 21:10:00,6149.2671
2025-07-04 21:20:00,6200.5571
2025-07-04 21:30:00,5944.1905
2025-07-04 21:40:00,5944.1905
2025-07-04 21:50:00,6415.2256
2025-07-04 22:00:00,5949.9063
2025-07-04 22:10:00,6002.9681
2025-07-04 22:20:00,6197.6066
2025-07-04 22:30:00,5956.9254
2025-07-04 22:40:00,5808.4399
2025-07-04 22:50:00,5944.1905
2025-07-04 23:00:00,5417.7273
2025-07-04 23:10:00,5417.7273
2025-07-04 23:20:00,5944.1905
2025-07-04 23:30:00,5467.8323
2025-07-04 23:40:00,5467.9239
2025-07-04 23:50:00,5944.1905
2025-07-05 00:00:00,5470.5142
2025-07-05 00:10:00,5944.1905
2025-07-05 00:20:00,5944.1905
2025-07-05 00:30:00,5417.7273
2025-07-05 00:40:00,5641.0131
2025-07-05 00:50:00,5655.4844
2025-07-05 01:00:00,5944.1905
2025-07-05 01:10:00,5949.9132
2025-07-05 01:20:00,5944.1905
2025-07-05 01:30:00,5944.1905
2025-07-05 01:40:00,5466.0554
2025-07-05 01:50:00,5469.4521
2025-07-05 02:00:00,5595.8182
2025-07-05 02:10:00,5417.7273
2025-07-05 02:20:00,5589.9642
2025-07-05 02:30:00,5565.9954
2025-07-05 02:40:00,5417.7273
2025-07-05 02:50:00,5552.7365
2025-07-05 03:00:00,5547.2544
2025-07-05 03:10:00,5417.7273
2025-07-05 03:20:00,5551.8645
2025-07-05 03:30:00,5972.6925
2025-07-05 03:40:00,5944.1905
2025-07-05 03:50:00,5475.0998
2025-07-05 04:00:00,5944.1905
2025-07-05 04:10:00,5944.1905
2025-07-05 04:20:00,5973.0270
2025-07-05 04:30:00,6254.7414
2025-07-05 04:40:00,5950.7603
2025-07-05 04:50:00,5949.1460
2025-07-05 05:00:00,5970.1417
2025-07-05 05:10:00,5944.1905
2025-07-05 05:20:00,6160.3984
2025-07-05 05:30:00,6266.4028
2025-07-05 05:40:00,5944.1905
2025-07-05 05:50:00,6001.7683
2025-07-05 06:00:00,6149.1205
2025-07-05 06:10:00,6114.3796
2025-07-05 06:20:00,6103.4206
2025-07-05 06:30:00,6115.3267
2025-07-05 06:40:00,6114.5494
2025-07-05 06:50:00,6228.3698
2025-07-05 07:00:00,6250.6169
2025-07-05 07:10:00,6114.6365
2025-07-05 07:20:00,6092.9450
2025-07-05 07:30:00,6023.8861
2025-07-05 07:40:00,6139.3569
2025-07-05 07:50:00,6069.7429
2025-07-05 08:00:00,6082.7691
2025-07-05 08:10:00,6092.9994
2025-07-05 08:20:00,6035.3963
2025-07-05 08:30:00,6118.9278
2025-07-05 08:40:00,6239.0526
2025-07-05 08:50:00,6257.2601
2025-07-05 09:00:00,6374.3152
2025-07-05 09:10:00,5938.5997
2025-07-05 09:20:00,5939.0586
2025-07-05 09:30:00,6352.7699
2025-07-05 09:40:00,6072.6047
2025-07-05 09:50:00,6017.3406
2025-07-05 10:00:00,6326.8649
2025-07-05 10:10:00,5997.7110
2025-07-05 10:20:00,6335.2739
2025-07-05 10:30:00,6259.9993
2025-07-05 10:40:00,5958.2463
2025-07-05 10:50:00,5973.0254
2025-07-05 11:00:00,5944.1905
2025-07-05 11:10:00,5772.2192
2025-07-05 11:20:00,6183.4199
2025-07-05 11:30:00,5620.6289
2025-07-05 11:40:00,5601.9091
2025-07-05 11:50:00,5944.1905
2025-07-05 12:00:00,5592.6408
2025-07-05 12:10:00,5417.7273
2025-07-05 12:20:00,5944.1905
2025-07-05 12:30:00,6249.6559
2025-07-05 12:40:00,5601.9091
2025-07-05 12:50:00,5944.1905
2025-07-05 13:00:00,5974.6614
2025-07-05 13:10:00,5621.0932
2025-07-05 13:20:00,5800.2707
2025-07-05 13:30:00,5944.1905
2025-07-05 13:40:00,5595.8182
2025-07-05 13:50:00,5601.9091
2025-07-05 14:00:00,5417.7273
2025-07-05 14:10:00,5601.9091
2025-07-05 14:20:00,5417.7273
2025-07-05 14:30:00,5417.7273
2025-07-05 14:40:00,5557.1964
2025-07-05 14:50:00,5555.9983
2025-07-05 15:00:00,5417.7273
2025-07-05 15:10:00,5599.5606
2025-07-05 15:20:00,5600.4423
2025-07-05 15:30:00,5417.7273
2025-07-05 15:40:00,5595.8182
2025-07-05 15:50:00,5552.8372
2025-07-05 16:00:00,5944.1905
2025-07-05 16:10:00,5956.2836
2025-07-05 16:20:00,5588.0199
2025-07-05 16:30:00,5948.2529
2025-07-05 16:40:00,5601.9091
2025-07-05 16:50:00,5951.2296
2025-07-05 17:00:00,6064.0387
2025-07-05 17:10:00,5944.1905
2025-07-05 17:20:00,5417.7273
2025-07-05 17:30:00,5944.1905
2025-07-05 17:40:00,6050.6275
2025-07-05 17:50:00,6114.7266
2025-07-05 18:00:00,5944.1905
2025-07-05 18:10:00,6174.5851
2025-07-05 18:20:00,6139.2930
2025-07-05 18:30:00,6082.7898
2025-07-05 18:40:00,5944.1905
2025-07-05 18:50:00,6140.1977
2025-07-05 19:00:00,6111.2000
2025-07-05 19:10:00,6025.6679
2025-07-05 19:20:00,6112.9460
2025-07-05 19:30:00,6169.7044
2025-07-05 19:40:00,6027.8654
2025-07-05 19:50:00,6028.5480
2025-07-05 20:00:00,6037.6169
2025-07-05 20:10:00,6016.8386
2025-07-05 20:20:00,6023.4611
2025-07-05 20:30:00,6015.9867
2025-07-05 20:40:00,6025.8653
2025-07-05 20:50:00,6056.9506
2025-07-05 21:00:00,6023.4904
2025-07-05 21:10:00,6082.9867
2025-07-05 21:20:00,6023.8434
2025-07-05 21:30:00,6101.0363
2025-07-05 21:40:00,6119.6474
2025-07-05 21:50:00,6060.3659
2025-07-05 22:00:00,5902.0137
2025-07-05 22:10:00,6203.8248
2025-07-05 22:20:00,6232.0713
2025-07-05 22:30:00,5967.5096
2025-07-05 22:40:00,6263.4683
2025-07-05 22:50:00,5949.9382
2025-07-05 23:00:00,6259.8042
2025-07-05 23:10:00,5944.1905
2025-07-05 23:20:00,5955.3741
2025-07-05 23:30:00,5949.2610
2025-07-05 23:40:00,5944.1905
2025-07-05 23:50:00,5475.3737
2025-07-06 00:00:00,5974.7206
2025-07-06 00:10:00,5417.7273
2025-07-06 00:20:00,5601.9091
2025-07-06 00:30:00,5554.3875
2025-07-06 00:40:00,5621.1053
2025-07-06 00:50:00,5970.6685
2025-07-06 01:00:00,5970.3731
2025-07-06 01:10:00,5948.8920
2025-07-06 01:20:00,5475.3967
2025-07-06 01:30:00,5944.1905
2025-07-06 01:40:00,5944.1905
2025-07-06 01:50:00,6248.5450
2025-07-06 02:00:00,5975.7792
2025-07-06 02:10:00,5638.5463
2025-07-06 02:20:00,5601.9091
2025-07-06 02:30:00,5417.7273
2025-07-06 02:40:00,5626.6697
2025-07-06 02:50:00,5615.5604
2025-07-06 03:00:00,5944.1905
2025-07-06 03:10:00,5595.8182
2025-07-06 03:20:00,5595.8182
2025-07-06 03:30:00,5767.7900
2025-07-06 03:40:00,5417.7273
2025-07-06 03:50:00,5600.4401
2025-07-06 04:00:00,5761.7086
2025-07-06 04:10:00,5552.8749
2025-07-06 04:20:00,5944.1905
2025-07-06 04:30:00,5944.1905
2025-07-06 04:40:00,5809.5794
2025-07-06 04:50:00,5670.5943
2025-07-06 05:00:00,5944.1905
2025-07-06 05:10:00,5944.1905
2025-07-06 05:20:00,5944.1905
2025-07-06 05:30:00,5588.3119
2025-07-06 05:40:00,5689.4830
2025-07-06 05:50:00,5588.2597
2025-07-06 06:00:00,5944.1905
2025-07-06 06:10:00,5944.1905
2025-07-06 06:20:00,5956.6351
2025-07-06 06:30:00,5951.4791
2025-07-06 06:40:00,6259.5836
2025-07-06 06:50:00,5944.1905
2025-07-06 07:00:00,6110.8745
2025-07-06 07:10:00,6181.4975
2025-07-06 07:20:00,5944.1905
2025-07-06 07:30:00,6173.2153
2025-07-06 07:40:00,6066.5351
2025-07-06 07:50:00,6236.0879
2025-07-06 08:00:00,6236.0172
2025-07-06 08:10:00,6137.1429
2025-07-06 08:20:00,6231.4438
2025-07-06 08:30:00,6111.2000
2025-07-06 08:40:00,6101.2946
2025-07-06 08:50:00,6096.2430
2025-07-06 09:00:00,6057.4618
2025-07-06 09:10:00,6038.4550
2025-07-06 09:20:00,6106.3759
2025-07-06 09:30:00,6025.6139
2025-07-06 09:40:00,6007.2550
2025-07-06 09:50:00,6129.6656
2025-07-06 10:00:00,6110.8363
2025-07-06 10:10:00,5924.7703
2025-07-06 10:20:00,6063.1971
2025-07-06 10:30:00,6083.8946
2025-07-06 10:40:00,6080.7439
2025-07-06 10:50:00,6173.8374
2025-07-06 11:00:00,6111.2000
2025-07-06 11:10:00,5688.9556
2025-07-06 11:20:00,6084.1547
2025-07-06 11:30:00,6373.7352
2025-07-06 11:40:00,6370.0816
2025-07-06 11:50:00,6074.4978
2025-07-06 12:00:00,6223.5133
2025-07-06 12:10:00,6185.7174
2025-07-06 12:20:00,5955.4056
2025-07-06 12:30:00,5957.0264
2025-07-06 12:40:00,5944.1905
2025-07-06 12:50:00,6182.4346
2025-07-06 13:00:00,5799.0830
2025-07-06 13:10:00,5972.6952
2025-07-06 13:20:00,5944.1905
2025-07-06 13:30:00,5417.7273
2025-07-06 13:40:00,5417.7273
2025-07-06 13:50:00,5634.2315
2025-07-06 14:00:00,5949.9344
2025-07-06 14:10:00,6250.3094
2025-07-06 14:20:00,5949.6566
2025-07-06 14:30:00,5601.9091
2025-07-06 14:40:00,5417.7273
2025-07-06 14:50:00,5969.1793
2025-07-06 15:00:00,5956.0105
2025-07-06 15:10:00,5944.1905
2025-07-06 15:20:00,5944.1905
2025-07-06 15:30:00,5601.9091
2025-07-06 15:40:00,5475.9002
2025-07-06 15:50:00,5944.1905
2025-07-06 16:00:00,5588.0583
2025-07-06 16:10:00,5825.0089
2025-07-06 16:20:00,5662.8345
2025-07-06 16:30:00,5601.9091
2025-07-06 16:40:00,5417.7273
2025-07-06 16:50:00,5836.4529
2025-07-06 17:00:00,5601.9091
2025-07-06 17:10:00,5944.1905
2025-07-06 17:20:00,5622.6460
2025-07-06 17:30:00,5601.9091
2025-07-06 17:40:00,5555.2731
2025-07-06 17:50:00,5615.5604
2025-07-06 18:00:00,5595.8182
2025-07-06 18:10:00,5976.1987
2025-07-06 18:20:00,5944.1905
2025-07-06 18:30:00,5601.9091
2025-07-06 18:40:00,5474.9778
2025-07-06 18:50:00,5417.7273
2025-07-06 19:00:00,5417.7273
2025-07-06 19:10:00,5973.0497
2025-07-06 19:20:00,5944.1905
2025-07-06 19:30:00,5601.9091
2025-07-06 19:40:00,5634.8732
2025-07-06 19:50:00,5629.8854
2025-07-06 20:00:00,5601.9091
2025-07-06 20:10:00,5944.1905
2025-07-06 20:20:00,5649.8815
2025-07-06 20:30:00,5555.9108
2025-07-06 20:40:00,5417.7273
2025-07-06 20:50:00,5578.5272
2025-07-06 21:00:00,5554.3506
2025-07-06 21:10:00,5562.5835
2025-07-06 21:20:00,5417.7273
2025-07-06 21:30:00,5950.3882
2025-07-06 21:40:00,5970.6935
2025-07-06 21:50:00,5590.6360
2025-07-06 22:00:00,5783.3007
2025-07-06 22:10:00,5794.8295
2025-07-06 22:20:00,5944.1905
2025-07-06 22:30:00,5954.7735
2025-07-06 22:40:00,5601.9091
2025-07-06 22:50:00,5949.9433
2025-07-06 23:00:00,5956.4913
2025-07-06 23:10:00,6225.4095
2025-07-06 23:20:00,6109.1926
2025-07-06 23:30:00,5957.0340
2025-07-06 23:40:00,5969.2727
2025-07-06 23:50:00,6207.5420
2025-07-07 00:00:00,6171.7221
2025-07-07 00:10:00,6117.1532
2025-07-07 00:20:00,6176.2572
2025-07-07 00:30:00,5944.1905
2025-07-07 00:40:00,6140.5456
2025-07-07 00:50:00,6023.9278
2025-07-07 01:00:00,6236.7811
2025-07-07 01:10:00,6098.6994
2025-07-07 01:20:00,5922.7988
2025-07-07 01:30:00,6137.0662
2025-07-07 01:40:00,6140.2972
2025-07-07 01:50:00,6087.4535
2025-07-07 02:00:00,6139.7056
2025-07-07 02:10:00,6082.0901
2025-07-07 02:20:00,6082.3098
2025-07-07 02:30:00,6134.8468
2025-07-07 02:40:00,6134.5773
2025-07-07 02:50:00,6092.4232
2025-07-07 03:00:00,6137.6101
2025-07-07 03:10:00,6114.0650
2025-07-07 03:20:00,6257.8480
2025-07-07 03:30:00,6259.7692
2025-07-07 03:40:00,5938.8909
2025-07-07 03:50:00,6061.2839
2025-07-07 04:00:00,6020.1166
2025-07-07 04:10:00,6054.0570
2025-07-07 04:20:00,6227.0035
2025-07-07 04:30:00,5950.4246
2025-07-07 04:40:00,5969.0390
2025-07-07 04:50:00,6189.2228
2025-07-07 05:00:00,5954.8161
2025-07-07 05:10:00,6005.6290
2025-07-07 05:20:00,5972.2317
2025-07-07 05:30:00,5957.0045
2025-07-07 05:40:00,5955.4890
2025-07-07 05:50:00,5975.3830
2025-07-07 06:00:00,5975.4055
2025-07-07 06:10:00,5762.5696
2025-07-07 06:20:00,5601.9091
2025-07-07 06:30:00,5601.9091
2025-07-07 06:40:00,5601.9091
2025-07-07 06:50:00,5605.2721
2025-07-07 07:00:00,5944.1905
2025-07-07 07:10:00,6000.2210
2025-07-07 07:20:00,5616.9337
2025-07-07 07:30:00,5595.8182
2025-07-07 07:40:00,5601.9091
2025-07-07 07:50:00,5944.1905
2025-07-07 08:00:00,6214.0135
2025-07-07 08:10:00,5951.1427
2025-07-07 08:20:00,5805.3287
2025-07-07 08:30:00,5944.1905
2025-07-07 08:40:00,5417.7273
2025-07-07 08:50:00,5973.1982
2025-07-07 09:00:00,5973.5025
2025-07-07 09:10:00,5417.7273
2025-07-07 09:20:00,5601.9091
2025-07-07 09:30:00,5615.1126
2025-07-07 09:40:00,5417.7273
2025-07-07 09:50:00,5972.7993
2025-07-07 10:00:00,5678.2061
2025-07-07 10:10:00,5600.3325
2025-07-07 10:20:00,5600.5034
2025-07-07 10:30:00,5610.4182
2025-07-07 10:40:00,5469.6372
2025-07-07 10:50:00,5764.0626
2025-07-07 11:00:00,5650.0305
2025-07-07 11:10:00,5673.0222
2025-07-07 11:20:00,5474.9407
2025-07-07 11:30:00,6184.1285
2025-07-07 11:40:00,5770.1259
2025-07-07 11:50:00,5972.6231
2025-07-07 12:00:00,5944.1905
2025-07-07 12:10:00,5624.4870
2025-07-07 12:20:00,5595.9992
2025-07-07 12:30:00,5581.1457
2025-07-07 12:40:00,5762.0046
2025-07-07 12:50:00,5805.5854
2025-07-07 13:00:00,5555.9917
2025-07-07 13:10:00,5417.7273
2025-07-07 13:20:00,5739.7087
2025-07-07 13:30:00,5546.6527
2025-07-07 13:40:00,5547.5364
2025-07-07 13:50:00,5549.4203
2025-07-07 14:00:00,5417.7273
2025-07-07 14:10:00,5555.5042
2025-07-07 14:20:00,6059.0863
2025-07-07 14:30:00,5950.2033
2025-07-07 14:40:00,5775.1931
2025-07-07 14:50:00,5944.1905
2025-07-07 15:00:00,5944.1905
2025-07-07 15:10:00,6038.5371
2025-07-07 15:20:00,6060.1933
2025-07-07 15:30:00,5956.5064
2025-07-07 15:40:00,5955.4572
2025-07-07 15:50:00,6114.7924
2025-07-07 16:00:00,6139.2973
2025-07-07 16:10:00,5944.1905
2025-07-07 16:20:00,6209.2687
2025-07-07 16:30:00,6075.8584
2025-07-07 16:40:00,6095.4337
2025-07-07 16:50:00,6050.9897
2025-07-07 17:00:00,6168.2112
2025-07-07 17:10:00,6011.6448
2025-07-07 17:20:00,6104.8117
2025-07-07 17:30:00,6007.2298
2025-07-07 17:40:00,6015.5997
2025-07-07 17:50:00,6083.1454
2025-07-07 18:00:00,6392.7986
2025-07-07 18:10:00,6105.9751
2025-07-07 18:20:00,6024.5774
2025-07-07 18:30:00,6029.1058
2025-07-07 18:40:00,6026.3984
2025-07-07 18:50:00,6045.5222
2025-07-07 19:00:00,6022.5625
2025-07-07 19:10:00,6111.2000
2025-07-07 19:20:00,5944.6940
2025-07-07 19:30:00,5950.0376
2025-07-07 19:40:00,6175.7799
2025-07-07 19:50:00,6073.7501
2025-07-07 20:00:00,6017.3016
2025-07-07 20:10:00,5944.1905
2025-07-07 20:20:00,5996.3712
2025-07-07 20:30:00,6001.8328
2025-07-07 20:37:00,5950.1954
2025-07-07 20:37:30,5944.1905
2025-07-07 20:40:00,5944.1905
2025-07-07 20:50:00,5956.8454
2025-07-07 21:00:00,6182.6481
2025-07-07 21:10:00,5417.7273
2025-07-07 21:20:00,5417.7273
2025-07-07 21:30:00,5633.7604
2025-07-07 21:40:00,5972.5293
2025-07-07 21:50:00,5467.2833
2025-07-07 22:00:00,5944.1905
2025-07-07 22:10:00,5599.5424
2025-07-07 22:20:00,5601.9091
2025-07-07 22:30:00,5950.7988
2025-07-07 22:40:00,5595.8182
2025-07-07 22:50:00,5417.7273
2025-07-07 23:00:00,5944.1905
2025-07-07 23:10:00,5944.1905
2025-07-07 23:20:00,5417.7273
2025-07-07 23:30:00,5610.2633
2025-07-07 23:40:00,5769.8170
2025-07-07 23:50:00,5417.7273
2025-07-08 00:00:00,5743.2170
2025-07-08 00:10:00,5556.5468
2025-07-08 00:20:00,5417.7273
2025-07-08 00:30:00,5550.7112
2025-07-08 00:40:00,5560.7457
2025-07-08 00:50:00,5550.1168
2025-07-08 01:00:00,5562.4994
2025-07-08 01:10:00,5417.7273
2025-07-08 01:20:00,5549.6136
2025-07-08 01:30:00,5549.4459
2025-07-08 01:40:00,5975.5592
2025-07-08 01:50:00,5656.7555
2025-07-08 02:00:00,5470.0000
2025-07-08 02:10:00,5595.8182
2025-07-08 02:20:00,5555.8586
2025-07-08 02:30:00,5972.3558
2025-07-08 02:40:00,5615.0338
2025-07-08 02:50:00,5574.5485
2025-07-08 03:00:00,5417.7273
2025-07-08 03:10:00,5551.0372
2025-07-08 03:20:00,5550.7489
2025-07-08 03:30:00,5417.7273
2025-07-08 03:40:00,5745.0442
2025-07-08 03:50:00,5417.7273
2025-07-08 04:00:00,5417.7273
2025-07-08 04:10:00,5574.8561
2025-07-08 04:20:00,5417.7273
2025-07-08 04:30:00,5747.1224
2025-07-08 04:40:00,5417.7273
2025-07-08 04:50:00,5595.8182
2025-07-08 05:00:00,5972.3617
2025-07-08 05:10:00,5786.1846
2025-07-08 05:20:00,5417.7273
2025-07-08 05:30:00,5417.7273
2025-07-08 05:40:00,5564.7030
2025-07-08 05:50:00,5417.7273
2025-07-08 06:00:00,5944.1905
2025-07-08 06:10:00,5562.9030
2025-07-08 06:20:00,5554.1750
2025-07-08 06:30:00,5743.5794
2025-07-08 06:40:00,5561.8629
2025-07-08 06:50:00,5417.7273
2025-07-08 07:00:00,5564.4458
2025-07-08 07:10:00,5417.7273
2025-07-08 07:20:00,5549.0053
2025-07-08 07:30:00,5755.5254
2025-07-08 07:40:00,5600.2006
2025-07-08 07:50:00,5600.1952
2025-07-08 08:00:00,5417.7273
2025-07-08 08:10:00,5417.7273
2025-07-08 08:20:00,5770.0921
2025-07-08 08:30:00,6242.6761
2025-07-08 08:40:00,5470.0348
2025-07-08 08:50:00,5417.7273
2025-07-08 09:00:00,5972.3538
2025-07-08 09:10:00,5571.9658
2025-07-08 09:20:00,5417.7273
2025-07-08 09:30:00,5582.1086
2025-07-08 09:40:00,5560.7920
2025-07-08 09:50:00,5595.8182
2025-07-08 10:00:00,5417.7273
2025-07-08 10:10:00,5417.7273
2025-07-08 10:20:00,5551.2401
2025-07-08 10:30:00,5565.8407
2025-07-08 10:40:00,5600.2942
2025-07-08 10:50:00,5599.7730
2025-07-08 11:00:00,5599.7715
2025-07-08 11:10:00,5599.7752
2025-07-08 11:20:00,5417.7273
2025-07-08 11:30:00,5549.8238
2025-07-08 11:40:00,5557.3414
2025-07-08 11:50:00,5643.9822
2025-07-08 12:00:00,5600.4033
2025-07-08 12:10:00,5600.5380
2025-07-08 12:20:00,5944.1905
2025-07-08 12:30:00,5417.7273
2025-07-08 12:40:00,5944.1905
2025-07-08 12:50:00,5976.2566
2025-07-08 13:00:00,5600.3412
2025-07-08 13:10:00,5600.4604
2025-07-08 13:20:00,5972.7054
2025-07-08 13:30:00,5948.9509
2025-07-08 13:40:00,5976.4773
2025-07-08 13:50:00,5944.1905
2025-07-08 14:00:00,5600.4881
2025-07-08 14:10:00,5647.2723
2025-07-08 14:20:00,5944.1905
2025-07-08 14:30:00,5672.1490
2025-07-08 14:40:00,5944.1905
2025-07-08 14:50:00,5579.2286
2025-07-08 15:00:00,5555.3350
2025-07-08 15:10:00,5944.1905
2025-07-08 15:20:00,5606.2500
2025-07-08 15:30:00,5417.7273
2025-07-08 15:40:00,5575.2911
2025-07-08 15:50:00,5417.7273
2025-07-08 16:00:00,5595.8182
2025-07-08 16:10:00,5643.2538
2025-07-08 16:20:00,5599.4077
2025-07-08 16:30:00,5652.2623
2025-07-08 16:40:00,5607.5920
2025-07-08 16:50:00,5601.9091
2025-07-08 17:00:00,5700.5724
2025-07-08 17:10:00,5601.9091
2025-07-08 17:20:00,5595.8182
2025-07-08 17:30:00,5595.8182
2025-07-08 17:40:00,5600.4873
2025-07-08 17:50:00,5600.4660
2025-07-08 18:00:00,5663.9483
2025-07-08 18:10:00,5599.6656
2025-07-08 18:20:00,5600.4059
2025-07-08 18:30:00,5944.1905
2025-07-08 18:40:00,5621.6758
2025-07-08 18:50:00,5590.6566
2025-07-08 19:00:00,5590.3537
2025-07-08 19:10:00,5417.7273
2025-07-08 19:20:00,6032.8320
2025-07-08 19:30:00,5944.1905
2025-07-08 19:40:00,5955.5034
2025-07-08 19:50:00,5944.1905
2025-07-08 20:00:00,5944.1905
2025-07-08 20:10:00,6234.1908
2025-07-08 20:20:00,6233.4636
2025-07-08 20:30:00,5944.1905
2025-07-08 20:40:00,6231.5177
2025-07-08 20:50:00,6186.2638
2025-07-08 21:00:00,6267.3387
2025-07-08 21:10:00,6132.3066
2025-07-08 21:20:00,6224.5230
2025-07-08 21:30:00,6221.9417
2025-07-08 21:40:00,6219.4767
2025-07-08 21:50:00,6222.0242
2025-07-08 22:00:00,6222.2097
2025-07-08 22:10:00,6250.2309
2025-07-08 22:20:00,6069.2264
2025-07-08 22:30:00,6069.2370
2025-07-08 22:40:00,6222.5684
2025-07-08 22:50:00,5944.9741
2025-07-08 23:00:00,6069.3696
2025-07-08 23:10:00,6250.8809
2025-07-08 23:20:00,6261.8320
2025-07-08 23:30:00,6225.6411
2025-07-08 23:40:00,6251.5056
2025-07-08 23:50:00,5919.1949
2025-07-09 00:00:00,5918.8451
2025-07-09 00:10:00,6204.5307
2025-07-09 00:20:00,5917.3992
2025-07-09 00:30:00,5891.9459
2025-07-09 00:40:00,6118.4425
2025-07-09 00:50:00,5891.8045
2025-07-09 01:00:00,6225.8653
2025-07-09 01:10:00,6149.6821
2025-07-09 01:20:00,6225.2022
2025-07-09 01:30:00,6259.5956
2025-07-09 01:40:00,6119.2595
2025-07-09 01:50:00,6111.0043
2025-07-09 02:00:00,6243.0217
2025-07-09 02:10:00,6139.7690
2025-07-09 02:20:00,6145.6134
2025-07-09 02:30:00,6241.0897
2025-07-09 02:40:00,6136.4110
2025-07-09 02:50:00,6133.0582
2025-07-09 03:00:00,6076.6706
2025-07-09 03:10:00,6232.5060
2025-07-09 03:20:00,5998.3794
2025-07-09 03:30:00,6217.3957
2025-07-09 03:40:00,6107.2099
2025-07-09 03:50:00,6238.9808
2025-07-09 04:00:00,6076.6838
2025-07-09 04:10:00,6247.6685
2025-07-09 04:20:00,6245.4617
2025-07-09 04:30:00,6142.5070
2025-07-09 04:40:00,5939.0921
2025-07-09 04:50:00,6244.1489
2025-07-09 05:00:00,6258.8223
2025-07-09 05:10:00,6258.9930
2025-07-09 05:20:00,6236.3296
2025-07-09 05:30:00,6258.8465
2025-07-09 05:40:00,6228.0897
2025-07-09 05:50:00,6230.5604
2025-07-09 06:00:00,6257.7297
2025-07-09 06:10:00,6150.8865
2025-07-09 06:20:00,6118.0653
2025-07-09 06:30:00,6233.9094
2025-07-09 06:40:00,5944.1905
2025-07-09 06:50:00,6150.9335
2025-07-09 07:00:00,6259.4425
2025-07-09 07:10:00,6257.5079
2025-07-09 07:20:00,6230.2700
2025-07-09 07:30:00,6246.6257
2025-07-09 07:40:00,5944.1905
2025-07-09 07:50:00,6193.6624
2025-07-09 08:00:00,6138.2517
2025-07-09 08:10:00,6193.7048
2025-07-09 08:20:00,6139.8228
2025-07-09 08:30:00,6235.5823
2025-07-09 08:40:00,5944.1905
2025-07-09 08:50:00,6193.7922
2025-07-09 09:00:00,6137.2479
2025-07-09 09:10:00,5944.1905
2025-07-09 09:20:00,6193.7191
2025-07-09 09:30:00,6138.5814
2025-07-09 09:40:00,6136.5728
2025-07-09 09:50:00,6138.1185
2025-07-09 10:00:00,6138.5385
2025-07-09 10:10:00,6142.2320
2025-07-09 10:20:00,6193.8071
2025-07-09 10:30:00,6010.4892
2025-07-09 10:40:00,5944.1905
2025-07-09 10:50:00,6193.8221
2025-07-09 11:00:00,6122.5694
2025-07-09 11:10:00,5846.8582
2025-07-09 11:20:00,6136.4109
2025-07-09 11:30:00,6122.2900
2025-07-09 11:40:00,6005.6084
2025-07-09 11:50:00,6235.2899
2025-07-09 12:00:00,6044.2136
2025-07-09 12:10:00,6108.4534
2025-07-09 12:20:00,6235.6265
2025-07-09 12:30:00,6082.1497
2025-07-09 12:40:00,6172.9698
2025-07-09 12:50:00,6111.2000
2025-07-09 13:00:00,6111.2000
2025-07-09 13:10:00,6081.7405
2025-07-09 13:20:00,6112.7709
2025-07-09 13:30:00,6226.0617
2025-07-09 13:40:00,5950.1595
2025-07-09 13:50:00,5944.1905
2025-07-09 14:00:00,6059.5293
2025-07-09 14:10:00,6236.4228
2025-07-09 14:20:00,5956.1589
2025-07-09 14:30:00,5967.7497
2025-07-09 14:40:00,6001.7931
2025-07-09 14:50:00,5963.0000
2025-07-09 15:00:00,5601.9091
2025-07-09 15:10:00,5601.9091
2025-07-09 15:20:00,5601.9091
2025-07-09 15:30:00,5956.4350
2025-07-09 15:40:00,5595.8182
2025-07-09 15:50:00,5601.9091
2025-07-09 16:00:00,5601.9091
2025-07-09 16:10:00,5949.7065
2025-07-09 16:20:00,5957.5224
2025-07-09 16:30:00,5944.1905
2025-07-09 16:40:00,5595.8182
2025-07-09 16:50:00,5601.9091
2025-07-09 17:00:00,5601.9091
2025-07-09 17:10:00,5944.1905
2025-07-09 17:20:00,5801.1696
2025-07-09 17:30:00,5944.1905
2025-07-09 17:40:00,5956.2298
2025-07-09 17:50:00,5595.8182
2025-07-09 18:00:00,5944.1905
2025-07-09 18:10:00,5957.6479
2025-07-09 18:20:00,5601.9091
2025-07-09 18:30:00,5955.7399
2025-07-09 18:40:00,5417.7273
2025-07-09 18:50:00,5601.9091
2025-07-09 19:00:00,5956.6351
2025-07-09 19:10:00,5417.7273
2025-07-09 19:20:00,5601.9091
2025-07-09 19:30:00,5595.8182
2025-07-09 19:40:00,5810.1798
2025-07-09 19:50:00,5609.2644
2025-07-09 20:00:00,5625.0631
2025-07-09 20:10:00,5591.0513
2025-07-09 20:20:00,5601.9091
2025-07-09 20:30:00,5417.7273
2025-07-09 20:40:00,5957.0958
2025-07-09 20:50:00,5601.9091
2025-07-09 21:00:00,5601.9091
2025-07-09 21:10:00,5584.1870
2025-07-09 21:20:00,5475.4167
2025-07-09 21:30:00,5948.6486
2025-07-09 21:40:00,5601.9091
2025-07-09 21:50:00,5595.8182
2025-07-09 22:00:00,5601.9091
2025-07-09 22:10:00,5473.9266
2025-07-09 22:20:00,5600.4299
2025-07-09 22:30:00,5944.1905
2025-07-09 22:40:00,5954.7943
2025-07-09 22:50:00,5595.8182
2025-07-09 23:00:00,5601.9091
2025-07-09 23:10:00,5957.9681
2025-07-09 23:20:00,5955.3334
2025-07-09 23:30:00,5944.1905
2025-07-09 23:40:00,5949.4641
2025-07-09 23:50:00,5951.6404
2025-07-10 00:00:00,5944.1905
2025-07-10 00:10:00,6111.2000
2025-07-10 00:20:00,5944.1905
2025-07-10 00:30:00,6232.2168
2025-07-10 00:40:00,6041.3177
2025-07-10 00:50:00,6146.0965
2025-07-10 01:00:00,6149.9113
2025-07-10 01:10:00,6145.9118
2025-07-10 01:20:00,6169.7434
2025-07-10 01:30:00,6166.7530
2025-07-10 01:40:00,6222.0519
2025-07-10 01:50:00,6148.3530
2025-07-10 02:00:00,6256.8241
2025-07-10 02:10:00,6225.7531
2025-07-10 02:20:00,6225.7256
2025-07-10 02:30:00,6225.7776
2025-07-10 02:40:00,6257.4808
2025-07-10 02:50:00,6149.4926
2025-07-10 03:00:00,6259.1031
2025-07-10 03:10:00,6260.0959
2025-07-10 03:20:00,6119.3115
2025-07-10 03:30:00,6241.2236
2025-07-10 03:40:00,6051.9918
2025-07-10 03:50:00,6076.2044
2025-07-10 04:00:00,6044.3173
2025-07-10 04:10:00,6235.8357
2025-07-10 04:20:00,6231.6917
2025-07-10 04:30:00,5844.6760
2025-07-10 04:40:00,5944.1905
2025-07-10 04:50:00,5944.1905
2025-07-10 05:00:00,6136.2858
2025-07-10 05:10:00,6114.2380
2025-07-10 05:20:00,5944.1905
2025-07-10 05:30:00,5950.1181
2025-07-10 05:40:00,5944.1905
2025-07-10 05:50:00,5949.6258
2025-07-10 06:00:00,6234.2970
2025-07-10 06:10:00,6263.4587
2025-07-10 06:20:00,5955.9882
2025-07-10 06:30:00,5974.1049
2025-07-10 06:40:00,5601.9091
2025-07-10 06:50:00,5601.9091
2025-07-10 07:00:00,5944.1905
2025-07-10 07:10:00,5950.1362
2025-07-10 07:20:00,5601.9091
2025-07-10 07:30:00,5601.9091
2025-07-10 07:40:00,5595.8182
2025-07-10 07:50:00,5595.8182
2025-07-10 08:00:00,5475.4195
2025-07-10 08:10:00,5944.1905
2025-07-10 08:20:00,5956.6248
2025-07-10 08:30:00,5601.9091
2025-07-10 08:40:00,5417.7273
2025-07-10 08:50:00,5601.9091
2025-07-10 09:00:00,5957.9809
2025-07-10 09:10:00,5939.5308
2025-07-10 09:20:00,5601.9091
2025-07-10 09:30:00,5601.9091
2025-07-10 09:40:00,5955.7857
2025-07-10 09:50:00,5957.5691
2025-07-10 10:00:00,6263.9182
2025-07-10 10:10:00,5944.1905
2025-07-10 10:20:00,5601.9091
2025-07-10 10:30:00,5601.9091
2025-07-10 10:40:00,5955.3974
2025-07-10 10:50:00,5949.4749
2025-07-10 11:00:00,5956.6394
2025-07-10 11:10:00,5944.1905
2025-07-10 11:20:00,5595.8182
2025-07-10 11:30:00,5949.4335
2025-07-10 11:40:00,5944.1905
2025-07-10 11:50:00,5601.9091
2025-07-10 12:00:00,5957.8228
2025-07-10 12:10:00,5968.7144
2025-07-10 12:20:00,5951.1264
2025-07-10 12:30:00,5944.1905
2025-07-10 12:40:00,5944.1905
2025-07-10 12:50:00,6239.6123
2025-07-10 13:00:00,6057.9896
2025-07-10 13:10:00,6207.9286
2025-07-10 13:20:00,5944.1905
2025-07-10 13:30:00,5949.3467
2025-07-10 13:40:00,6063.9076
2025-07-10 13:50:00,6114.6059
2025-07-10 14:00:00,5944.1905
2025-07-10 14:10:00,6336.9288
2025-07-10 14:20:00,5951.1314
2025-07-10 14:30:00,5944.1905
2025-07-10 14:40:00,5944.1905
2025-07-10 14:50:00,6135.4309
2025-07-10 15:00:00,6236.9481
2025-07-10 15:10:00,6085.4372
2025-07-10 15:20:00,6082.2408
2025-07-10 15:30:00,5944.1905
2025-07-10 15:40:00,6235.2618
2025-07-10 15:50:00,6111.2000
2025-07-10 16:00:00,6111.2000
2025-07-10 16:10:00,6231.3866
2025-07-10 16:20:00,6049.2074
2025-07-10 16:30:00,5950.8871
2025-07-10 16:40:00,5939.1999
2025-07-10 16:50:00,6041.2485
2025-07-10 17:00:00,6189.9138
2025-07-10 17:10:00,6085.1151
2025-07-10 17:20:00,6051.1750
2025-07-10 17:30:00,5944.1905
2025-07-10 17:40:00,6074.1768
2025-07-10 17:50:00,6116.6362
2025-07-10 18:00:00,6108.7681
2025-07-10 18:10:00,6043.5095
2025-07-10 18:20:00,6051.2215
2025-07-10 18:30:00,5944.1905
2025-07-10 18:40:00,6235.7767
2025-07-10 18:50:00,6111.2000
2025-07-10 19:00:00,6047.4567
2025-07-10 19:10:00,6047.2290
2025-07-10 19:20:00,6046.7541
2025-07-10 19:30:00,5950.2202
2025-07-10 19:40:00,6044.6228
2025-07-10 19:50:00,6081.1833
2025-07-10 20:00:00,5944.1905
2025-07-10 20:10:00,5944.1905
2025-07-10 20:20:00,6037.3414
2025-07-10 20:30:00,5950.1517
2025-07-10 20:40:00,5950.1401
2025-07-10 20:50:00,6066.2785
2025-07-10 21:00:00,6199.4096
2025-07-10 21:10:00,5944.1905
2025-07-10 21:20:00,5956.0523
2025-07-10 21:30:00,5955.9981
2025-07-10 21:40:00,5955.9262
2025-07-10 21:50:00,6414.8345
2025-07-10 22:00:00,5949.9023
2025-07-10 22:10:00,5963.0000
2025-07-10 22:20:00,5963.0000
2025-07-10 22:30:00,5950.0805
2025-07-10 22:40:00,5957.6365
2025-07-10 22:50:00,5778.1772
2025-07-10 23:00:00,5601.9091
2025-07-10 23:10:00,5591.7963
2025-07-10 23:20:00,5595.8182
2025-07-10 23:30:00,5595.8182
2025-07-10 23:40:00,5601.9091
2025-07-10 23:50:00,5776.6571
2025-07-11 00:00:00,5997.8221
2025-07-11 00:10:00,5807.0787
2025-07-11 00:20:00,5601.9091
2025-07-11 00:30:00,5956.1646
2025-07-11 00:40:00,5417.7273
2025-07-11 00:50:00,5944.1905
2025-07-11 01:00:00,6000.6687
2025-07-11 01:10:00,5601.9091
2025-07-11 01:20:00,5805.3027
2025-07-11 01:30:00,5791.6084
2025-07-11 01:40:00,5417.7273
2025-07-11 01:50:00,5957.6725
2025-07-11 02:00:00,5956.4793
2025-07-11 02:10:00,5601.9091
2025-07-11 02:20:00,5595.8182
2025-07-11 02:30:00,5834.8626
2025-07-11 02:40:00,5601.9091
2025-07-11 02:50:00,5805.8270
2025-07-11 03:00:00,5475.5151
2025-07-11 03:10:00,5601.9091
2025-07-11 03:20:00,5601.9091
2025-07-11 03:30:00,5417.7273
2025-07-11 03:40:00,5647.8748
2025-07-11 03:50:00,5633.1105
2025-07-11 04:00:00,5417.7273
2025-07-11 04:10:00,5624.8408
2025-07-11 04:20:00,5798.2991
2025-07-11 04:30:00,5778.3761
2025-07-11 04:40:00,5590.8595
2025-07-11 04:50:00,5944.1905
2025-07-11 05:00:00,5957.6854
2025-07-11 05:10:00,5601.9091
2025-07-11 05:20:00,5809.9885
2025-07-11 05:30:00,5417.7273
2025-07-11 05:40:00,5601.9091
2025-07-11 05:50:00,5944.1905
2025-07-11 06:00:00,5956.3641
2025-07-11 06:10:00,5601.9091
2025-07-11 06:20:00,5802.0350
2025-07-11 06:30:00,5957.2067
2025-07-11 06:40:00,5944.1905
2025-07-11 06:50:00,5944.1905
2025-07-11 07:00:00,5608.0668
2025-07-11 07:10:00,5601.9091
2025-07-11 07:20:00,5955.0913
2025-07-11 07:30:00,5954.4933
2025-07-11 07:40:00,5944.1905
2025-07-11 07:50:00,5944.1905
2025-07-11 08:00:00,5955.9045
2025-07-11 08:10:00,5951.5093
2025-07-11 08:20:00,6227.9787
2025-07-11 08:30:00,6117.0207
2025-07-11 08:40:00,6119.1492
2025-07-11 08:50:00,5944.1905
2025-07-11 09:00:00,6111.2000
2025-07-11 09:10:00,5944.1905
2025-07-11 09:20:00,6140.3747
2025-07-11 09:30:00,6142.9429
2025-07-11 09:40:00,6076.8333
2025-07-11 09:50:00,6149.4553
2025-07-11 10:00:00,6147.3105
2025-07-11 10:10:00,5944.1905
2025-07-11 10:20:00,6067.9869
2025-07-11 10:30:00,6225.8458
2025-07-11 10:40:00,6225.8551
2025-07-11 10:50:00,6171.4235
2025-07-11 11:00:00,6266.0444
2025-07-11 11:10:00,6148.9708
2025-07-11 11:20:00,6258.9437
2025-07-11 11:30:00,6225.8952
2025-07-11 11:40:00,6150.3338
2025-07-11 11:50:00,6259.3510
2025-07-11 12:00:00,6065.6496
2025-07-11 12:10:00,6234.7952
2025-07-11 12:20:00,6076.2065
2025-07-11 12:30:00,6114.0223
2025-07-11 12:40:00,6231.6294
2025-07-11 12:50:00,6173.7157
2025-07-11 13:00:00,5962.2302
2025-07-11 13:10:00,6040.9021
2025-07-11 13:20:00,6114.4374
2025-07-11 13:30:00,6262.4890
2025-07-11 13:40:00,5950.4118
2025-07-11 13:50:00,5944.1905
2025-07-11 14:00:00,6249.3366
2025-07-11 14:10:00,5957.0598
2025-07-11 14:20:00,5955.5250
2025-07-11 14:30:00,5963.0000
2025-07-11 14:40:00,5614.9445
2025-07-11 14:50:00,5796.1260
2025-07-11 15:00:00,5777.3039
2025-07-11 15:10:00,5595.8182
2025-07-11 15:20:00,5595.8182
2025-07-11 15:30:00,5601.9091
2025-07-11 15:40:00,5829.6943
2025-07-11 15:50:00,5595.8182
2025-07-11 16:00:00,6002.1379
2025-07-11 16:10:00,5595.8182
2025-07-11 16:20:00,5595.8182
2025-07-11 16:30:00,5601.9091
2025-07-11 16:40:00,5595.8182
2025-07-11 16:50:00,5957.6450
2025-07-11 17:00:00,5957.9809
2025-07-11 17:10:00,5956.8070
2025-07-11 17:20:00,5601.9091
2025-07-11 17:30:00,5601.9091
2025-07-11 17:40:00,5944.1905
2025-07-11 17:50:00,5601.9091
2025-07-11 18:00:00,5956.0758
2025-07-11 18:10:00,5595.8182
2025-07-11 18:20:00,5595.8182
2025-07-11 18:30:00,5601.9091
2025-07-11 18:40:00,5944.1905
2025-07-11 18:50:00,5595.8182
2025-07-11 19:00:00,5834.0044
2025-07-11 19:10:00,5595.8182
2025-07-11 19:20:00,5595.8182
2025-07-11 19:30:00,5601.9091
2025-07-11 19:40:00,5417.7273
2025-07-11 19:50:00,5595.8182
2025-07-11 20:00:00,5417.7273
2025-07-11 20:10:00,5475.1037
2025-07-11 20:20:00,5595.8182
2025-07-11 20:30:00,5650.4105
2025-07-11 20:40:00,5956.5882
2025-07-11 20:50:00,5595.8182
2025-07-11 21:00:00,5783.9527
2025-07-11 21:10:00,5591.0758
2025-07-11 21:20:00,5595.8182
2025-07-11 21:30:00,5601.9091
2025-07-11 21:40:00,5944.1905
2025-07-11 21:50:00,5601.9091
2025-07-11 22:00:00,5956.3267
2025-07-11 22:10:00,5954.7751
2025-07-11 22:20:00,5951.1754
2025-07-11 22:30:00,5944.1905
2025-07-11 22:40:00,5949.8404
2025-07-11 22:50:00,5944.1905
2025-07-11 23:00:00,6086.2171
2025-07-11 23:10:00,6111.2000
2025-07-11 23:20:00,5944.1905
2025-07-11 23:30:00,6234.9211
2025-07-11 23:40:00,6041.0178
2025-07-11 23:50:00,6146.2035
2025-07-12 00:00:00,6226.1444
2025-07-12 00:10:00,6258.8130
2025-07-12 00:20:00,6145.8577
2025-07-12 00:30:00,6068.6749
2025-07-12 00:40:00,6225.7375
2025-07-12 00:50:00,6148.6483
2025-07-12 01:00:00,6068.6324
2025-07-12 01:10:00,6225.7253
2025-07-12 01:20:00,6147.8581
2025-07-12 01:30:00,6225.7460
2025-07-12 01:40:00,6225.7726
2025-07-12 01:50:00,6225.7922
2025-07-12 02:00:00,6256.4618
2025-07-12 02:10:00,6172.0276
2025-07-12 02:20:00,5944.1905
2025-07-12 02:30:00,6240.6549
2025-07-12 02:40:00,6253.0515
2025-07-12 02:50:00,6244.6629
2025-07-12 03:00:00,6050.4741
2025-07-12 03:10:00,6050.9942
2025-07-12 03:20:00,5944.1905
2025-07-12 03:30:00,5996.8539
2025-07-12 03:40:00,6111.2000
2025-07-12 03:50:00,5944.1905
2025-07-12 04:00:00,6083.7494
2025-07-12 04:10:00,6044.1459
2025-07-12 04:20:00,5951.2441
2025-07-12 04:30:00,5944.1905
2025-07-12 04:40:00,5944.1905
2025-07-12 04:50:00,5944.1905
2025-07-12 05:00:00,5950.1831
2025-07-12 05:10:00,5944.1905
2025-07-12 05:20:00,5951.3947
2025-07-12 05:30:00,5944.1905
2025-07-12 05:40:00,5950.1423
2025-07-12 05:50:00,5950.1357
2025-07-12 06:00:00,5944.1905
2025-07-12 06:10:00,5944.1905
2025-07-12 06:20:00,5944.1905
2025-07-12 06:30:00,5950.2227
2025-07-12 06:40:00,5950.4297
2025-07-12 06:50:00,6121.9637
2025-07-12 07:00:00,5949.5756
2025-07-12 07:10:00,5955.9695
2025-07-12 07:20:00,5601.9091
2025-07-12 07:30:00,5955.9221
2025-07-12 07:40:00,5955.8229
2025-07-12 07:50:00,5999.5607
2025-07-12 08:00:00,5956.3172
2025-07-12 08:10:00,5955.9794
2025-07-12 08:20:00,5722.4171
2025-07-12 08:30:00,5963.0000
2025-07-12 08:40:00,5963.0000
2025-07-12 08:50:00,5950.5758
2025-07-12 09:00:00,5963.0000
2025-07-12 09:10:00,5806.1776
2025-07-12 09:20:00,5595.8182
2025-07-12 09:30:00,5601.9091
2025-07-12 09:40:00,5601.9091
2025-07-12 09:50:00,5417.7273
2025-07-12 10:00:00,5595.8182
2025-07-12 10:10:00,5601.9091
2025-07-12 10:20:00,5794.9822
2025-07-12 10:30:00,5601.9091
2025-07-12 10:40:00,5417.7273
2025-07-12 10:50:00,5417.7273
2025-07-12 11:00:00,5955.0074
2025-07-12 11:10:00,5595.8182
2025-07-12 11:20:00,5597.7738
2025-07-12 11:30:00,5601.9091
2025-07-12 11:40:00,5958.0745
2025-07-12 11:50:00,5944.1905
2025-07-12 12:00:00,5797.4457
2025-07-12 12:10:00,5963.0000
2025-07-12 12:20:00,5956.8925
2025-07-12 12:30:00,5957.5307
2025-07-12 12:40:00,6001.7809
2025-07-12 12:50:00,6107.9488
2025-07-12 13:00:00,5957.5472
2025-07-12 13:10:00,5963.0000
2025-07-12 13:20:00,6245.5574
2025-07-12 13:30:00,5944.1905
2025-07-12 13:40:00,6121.9135
2025-07-12 13:50:00,5944.1905
2025-07-12 14:00:00,5957.5110
2025-07-12 14:10:00,6243.4972
2025-07-12 14:20:00,6219.5255
2025-07-12 14:30:00,5951.5107
2025-07-12 14:40:00,6053.4490
2025-07-12 14:50:00,6413.1125
2025-07-12 15:00:00,5944.1905
2025-07-12 15:10:00,6135.2184
2025-07-12 15:20:00,6229.0240
2025-07-12 15:30:00,6135.3553
2025-07-12 15:40:00,6082.8609
2025-07-12 15:50:00,6111.2000
2025-07-12 16:00:00,5944.1905
2025-07-12 16:10:00,6111.2000
2025-07-12 16:20:00,6172.5762
2025-07-12 16:30:00,6013.6649
2025-07-12 16:40:00,6083.4943
2025-07-12 16:50:00,6046.8140
2025-07-12 17:00:00,5944.1905
2025-07-12 17:10:00,6075.9483
2025-07-12 17:20:00,6231.1832
2025-07-12 17:30:00,6076.5992
2025-07-12 17:40:00,6120.9789
2025-07-12 17:50:00,6238.9808
2025-07-12 18:00:00,6229.8782
2025-07-12 18:10:00,6245.5560
2025-07-12 18:20:00,6247.7779
2025-07-12 18:30:00,6145.1515
2025-07-12 18:40:00,6246.0656
2025-07-12 18:50:00,6258.8285
2025-07-12 19:00:00,6351.4927
2025-07-12 19:10:00,6143.4121
2025-07-12 19:20:00,6136.9548
2025-07-12 19:30:00,6233.6956
2025-07-12 19:40:00,6124.6420
2025-07-12 19:50:00,6120.5735
2025-07-12 20:00:00,5950.2643
2025-07-12 20:10:00,6049.8093
2025-07-12 20:20:00,5853.7059
2025-07-12 20:30:00,5996.8211
2025-07-12 20:40:00,6111.2000
2025-07-12 20:50:00,5944.1905
2025-07-12 21:00:00,6173.1418
2025-07-12 21:10:00,5944.1905
2025-07-12 21:20:00,6111.2000
2025-07-12 21:30:00,6111.2000
2025-07-12 21:40:00,5944.1905
2025-07-12 21:50:00,5944.1905
2025-07-12 22:00:00,6137.4006
2025-07-12 22:10:00,6229.4852
2025-07-12 22:20:00,6136.1540
2025-07-12 22:30:00,6042.9032
2025-07-12 22:40:00,5944.1905
2025-07-12 22:50:00,6063.7367
2025-07-12 23:00:00,6063.0715
2025-07-12 23:10:00,5950.5470
2025-07-12 23:20:00,6056.1026
2025-07-12 23:30:00,5944.1905
2025-07-12 23:40:00,5955.1074
2025-07-12 23:50:00,5954.9536
2025-07-13 00:00:00,5944.1905
2025-07-13 00:10:00,5957.7751
2025-07-13 00:20:00,6000.8437
2025-07-13 00:30:00,5963.0000
2025-07-13 00:40:00,5957.9157
2025-07-13 00:50:00,5963.0000
2025-07-13 01:00:00,5957.1013
2025-07-13 01:10:00,5601.9091
2025-07-13 01:20:00,5805.6543
2025-07-13 01:30:00,5417.7273
2025-07-13 01:40:00,5590.9484
2025-07-13 01:50:00,5584.6102
2025-07-13 02:00:00,5417.7273
2025-07-13 02:10:00,5944.1905
2025-07-13 02:20:00,5955.5948
2025-07-13 02:30:00,5970.1841
2025-07-13 02:40:00,5957.3319
2025-07-13 02:50:00,5601.9091
2025-07-13 03:00:00,5601.9091
2025-07-13 03:10:00,5955.6645
2025-07-13 03:20:00,5956.8805
2025-07-13 03:30:00,5957.6192
2025-07-13 03:40:00,5595.8182
2025-07-13 03:50:00,5595.8182
2025-07-13 04:00:00,5957.1483
2025-07-13 04:10:00,6062.0671
2025-07-13 04:20:00,5601.9091
2025-07-13 04:30:00,5944.1905
2025-07-13 04:40:00,5601.9091
2025-07-13 04:50:00,5951.4273
2025-07-13 05:00:00,5951.5498
2025-07-13 05:10:00,6236.7155
2025-07-13 05:20:00,5957.1369
2025-07-13 05:30:00,6260.1768
2025-07-13 05:40:00,6140.3543
2025-07-13 05:50:00,5944.1905
2025-07-13 06:00:00,5944.1905
2025-07-13 06:10:00,6134.1051
2025-07-13 06:20:00,6111.2000
2025-07-13 06:30:00,6014.6669
2025-07-13 06:40:00,6120.6646
2025-07-13 06:50:00,6104.9910
2025-07-13 07:00:00,6139.3863
2025-07-13 07:10:00,6221.0813
2025-07-13 07:20:00,6139.0917
2025-07-13 07:30:00,6138.1434
2025-07-13 07:40:00,6239.6110
2025-07-13 07:50:00,6150.2926
2025-07-13 08:00:00,6230.5604
2025-07-13 08:10:00,6255.6801
2025-07-13 08:20:00,6150.7619
2025-07-13 08:30:00,6068.0584
2025-07-13 08:40:00,6055.5124
2025-07-13 08:50:00,6230.7140
2025-07-13 09:00:00,6240.7506
2025-07-13 09:10:00,6254.1524
2025-07-13 09:20:00,6116.9262
2025-07-13 09:30:00,6010.6378
2025-07-13 09:40:00,6116.4399
2025-07-13 09:50:00,6050.0514
2025-07-13 10:00:00,6112.3044
2025-07-13 10:10:00,6051.4719
2025-07-13 10:20:00,6046.7482
2025-07-13 10:30:00,6172.0928
2025-07-13 10:40:00,6084.0422
2025-07-13 10:50:00,5944.1905
2025-07-13 11:00:00,6111.2000
2025-07-13 11:10:00,6114.4082
2025-07-13 11:20:00,5950.2514
2025-07-13 11:30:00,6268.7426
2025-07-13 11:40:00,6062.8257
2025-07-13 11:50:00,5720.1999
2025-07-13 12:00:00,5944.1905
2025-07-13 12:10:00,5944.1905
2025-07-13 12:20:00,5956.1046
2025-07-13 12:30:00,5998.7397
2025-07-13 12:40:00,5963.0000
2025-07-13 12:50:00,5601.9091
2025-07-13 13:00:00,5944.1905
2025-07-13 13:10:00,5956.6326
2025-07-13 13:20:00,5417.7273
2025-07-13 13:30:00,5944.1905
2025-07-13 13:40:00,5417.7273
2025-07-13 13:50:00,5595.8182
2025-07-13 14:00:00,5601.9091
2025-07-13 14:10:00,5601.9091
2025-07-13 14:20:00,5944.1905
2025-07-13 14:30:00,5944.1905
2025-07-13 14:40:00,5601.9091
2025-07-13 14:50:00,5676.4191
2025-07-13 15:00:00,5956.2698
2025-07-13 15:10:00,5612.9646
2025-07-13 15:20:00,5957.4516
2025-07-13 15:30:00,5601.9091
2025-07-13 15:40:00,5769.8584
2025-07-13 15:50:00,5597.1850
2025-07-13 16:00:00,5601.9091
2025-07-13 16:10:00,5601.9091
2025-07-13 16:20:00,5601.9091
2025-07-13 16:30:00,5595.8182
2025-07-13 16:40:00,5417.7273
2025-07-13 16:50:00,5673.0974
2025-07-13 17:00:00,5601.9091
2025-07-13 17:10:00,5944.1905
2025-07-13 17:20:00,5595.8182
2025-07-13 17:30:00,5601.9091
2025-07-13 17:40:00,5955.6303
2025-07-13 17:50:00,5601.9091
2025-07-13 18:00:00,5956.6375
2025-07-13 18:10:00,5956.9014
2025-07-13 18:20:00,5950.4063
2025-07-13 18:30:00,6237.8555
2025-07-13 18:40:00,5944.1905
2025-07-13 18:50:00,5950.8866
2025-07-13 19:00:00,5944.1905
2025-07-13 19:10:00,6232.8759
2025-07-13 19:20:00,5944.1905
2025-07-13 19:30:00,6111.2000
2025-07-13 19:40:00,6111.2000
2025-07-13 19:50:00,5944.1905
2025-07-13 20:00:00,6142.9744
2025-07-13 20:10:00,6149.5610
2025-07-13 20:20:00,6245.3699
2025-07-13 20:30:00,6257.3854
2025-07-13 20:40:00,6260.8222
2025-07-13 20:50:00,6144.4301
2025-07-13 21:00:00,6145.9223
2025-07-13 21:10:00,6137.7321
2025-07-13 21:20:00,6068.0884
2025-07-13 21:30:00,6258.4250
2025-07-13 21:40:00,6117.6548
2025-07-13 21:50:00,6051.2126
2025-07-13 22:00:00,6078.6594
2025-07-13 22:10:00,6051.9206
2025-07-13 22:20:00,6129.7641
2025-07-13 22:30:00,6051.0138
2025-07-13 22:40:00,6111.2000
2025-07-13 22:50:00,6173.3439
2025-07-13 23:00:00,6047.4567
2025-07-13 23:10:00,6111.2000
2025-07-13 23:20:00,6111.2000
2025-07-13 23:30:00,6042.8961
2025-07-13 23:40:00,6111.2000
2025-07-13 23:50:00,5951.3069
2025-07-14 00:00:00,5950.2667
2025-07-14 00:10:00,6373.7196
2025-07-14 00:20:00,6046.1137
2025-07-14 00:30:00,5950.2401
2025-07-14 00:40:00,6062.9346
2025-07-14 00:50:00,6063.4021
2025-07-14 01:00:00,5957.1384
2025-07-14 01:10:00,6053.4490
2025-07-14 01:20:00,5955.9981
2025-07-14 01:30:00,5955.9304
2025-07-14 01:40:00,5727.1028
2025-07-14 01:50:00,5727.3254
2025-07-14 02:00:00,5957.9048
2025-07-14 02:10:00,5973.8823
2025-07-14 02:20:00,5601.9091
2025-07-14 02:30:00,5601.9091
2025-07-14 02:40:00,5601.9091
2025-07-14 02:50:00,5417.7273
2025-07-14 03:00:00,5955.8912
2025-07-14 03:10:00,5949.6334
2025-07-14 03:20:00,5595.8182
2025-07-14 03:30:00,5601.9091
2025-07-14 03:40:00,5770.1028
2025-07-14 03:50:00,5417.7273
2025-07-14 04:00:00,5944.1905
2025-07-14 04:10:00,5957.5369
2025-07-14 04:20:00,5956.0575
2025-07-14 04:30:00,5616.5798
2025-07-14 04:40:00,5963.0000
2025-07-14 04:50:00,5806.0280
2025-07-14 05:00:00,5974.3633
2025-07-14 05:10:00,5963.0000
2025-07-14 05:20:00,5801.8699
2025-07-14 05:30:00,5601.9091
2025-07-14 05:40:00,6039.2240
2025-07-14 05:50:00,5944.1905
2025-07-14 06:00:00,5944.1905
2025-07-14 06:10:00,5944.1905
2025-07-14 06:20:00,5944.1905
2025-07-14 06:30:00,5944.1905
2025-07-14 06:40:00,6237.7851
2025-07-14 06:50:00,5951.4271
2025-07-14 07:00:00,6114.4445
2025-07-14 07:10:00,6111.2000
2025-07-14 07:20:00,6231.9152
2025-07-14 07:30:00,6194.0846
2025-07-14 07:40:00,6111.2000
2025-07-14 07:50:00,5944.1905
2025-07-14 08:00:00,6135.0393
2025-07-14 08:10:00,6076.6216
2025-07-14 08:20:00,6233.7925
2025-07-14 08:30:00,6076.6838
2025-07-14 08:40:00,6258.9321
2025-07-14 08:50:00,6145.8833
2025-07-14 09:00:00,6233.6311
2025-07-14 09:10:00,6226.8017
2025-07-14 09:20:00,6118.8178
2025-07-14 09:30:00,6258.5971
2025-07-14 09:40:00,6226.7514
2025-07-14 09:50:00,6245.5321
2025-07-14 10:00:00,6010.8058
2025-07-14 10:10:00,6018.9059
2025-07-14 10:20:00,6230.2056
2025-07-14 10:30:00,6171.4113
2025-07-14 10:40:00,6111.2000
2025-07-14 10:50:00,6229.8094
2025-07-14 11:00:00,6039.5333
2025-07-14 11:10:00,6370.5604
2025-07-14 11:20:00,5949.8247
2025-07-14 11:30:00,5955.3282
2025-07-14 11:40:00,5955.1477
2025-07-14 11:50:00,5999.8654
2025-07-14 12:00:00,5963.0000
2025-07-14 12:10:00,5944.1905
2025-07-14 12:20:00,5944.1905
2025-07-14 12:30:00,5601.9091
2025-07-14 12:40:00,5799.2923
2025-07-14 12:50:00,5944.1905
2025-07-14 13:00:00,5417.7273
2025-07-14 13:10:00,5972.5084
2025-07-14 13:20:00,5944.1905
2025-07-14 13:30:00,5972.8367
2025-07-14 13:40:00,6222.2663
2025-07-14 13:50:00,5944.1905
2025-07-14 14:00:00,5476.9001
2025-07-14 14:10:00,5944.1905
2025-07-14 14:20:00,5841.8141
2025-07-14 14:30:00,5601.9091
2025-07-14 14:40:00,5773.6459
2025-07-14 14:50:00,5629.2570
2025-07-14 15:00:00,5601.9091
2025-07-14 15:10:00,5615.0366
2025-07-14 15:20:00,5417.7273
2025-07-14 15:30:00,5599.3786
2025-07-14 15:40:00,5417.7273
2025-07-14 15:50:00,5554.5883
2025-07-14 16:00:00,5595.8182
2025-07-14 16:10:00,5417.7273
2025-07-14 16:20:00,5556.7608
2025-07-14 16:30:00,5652.5609
2025-07-14 16:40:00,5469.9076
2025-07-14 16:50:00,5599.5404
2025-07-14 17:00:00,5944.1905
2025-07-14 17:10:00,5625.0557
2025-07-14 17:20:00,5769.7542
2025-07-14 17:30:00,5647.2346
2025-07-14 17:40:00,5595.8182
2025-07-14 17:50:00,5944.1905
2025-07-14 18:00:00,5949.5248
2025-07-14 18:10:00,5601.9091
2025-07-14 18:20:00,5956.7086
2025-07-14 18:30:00,5799.5007
2025-07-14 18:40:00,5944.1905
2025-07-14 18:50:00,6114.3408
2025-07-14 19:00:00,5944.1905
2025-07-14 19:10:00,6044.1242
2025-07-14 19:20:00,6114.5553
2025-07-14 19:30:00,5944.1905
2025-07-14 19:40:00,5944.1905
2025-07-14 19:50:00,6229.4358
2025-07-14 20:00:00,6133.8338
2025-07-14 20:10:00,6111.2000
2025-07-14 20:20:00,5944.1905
2025-07-14 20:30:00,5944.1905
2025-07-14 20:40:00,6231.8919
2025-07-14 20:50:00,6084.5854
2025-07-14 21:00:00,6124.8231
2025-07-14 21:10:00,6234.2036
2025-07-14 21:20:00,6011.6187
2025-07-14 21:30:00,6085.1151
2025-07-14 21:40:00,6076.2144
2025-07-14 21:50:00,6085.2953
2025-07-14 22:00:00,6115.9780
2025-07-14 22:10:00,6049.9656
2025-07-14 22:20:00,6083.0387
2025-07-14 22:30:00,6172.0563
2025-07-14 22:40:00,6111.2000
2025-07-14 22:50:00,6111.2000
2025-07-14 23:00:00,6111.2000
2025-07-14 23:10:00,6111.2000
2025-07-14 23:20:00,6042.6083
2025-07-14 23:30:00,6137.4560
2025-07-14 23:40:00,5944.1905
2025-07-14 23:50:00,6114.5763
2025-07-15 00:00:00,6265.0043
2025-07-15 00:10:00,6063.3328
2025-07-15 00:20:00,5944.1905
2025-07-15 00:30:00,5996.1239
2025-07-15 00:40:00,5957.6548
2025-07-15 00:50:00,5950.9825
2025-07-15 01:00:00,5963.0000
2025-07-15 01:10:00,5601.9091
2025-07-15 01:20:00,5417.7273
2025-07-15 01:30:00,5417.7273
2025-07-15 01:40:00,5601.9091
2025-07-15 01:50:00,5797.4630
2025-07-15 02:00:00,5475.7765
2025-07-15 02:10:00,5601.9091
2025-07-15 02:20:00,5601.9091
2025-07-15 02:30:00,5944.1905
2025-07-15 02:40:00,5957.4873
2025-07-15 02:50:00,5957.2547
2025-07-15 03:00:00,5417.7273
2025-07-15 03:10:00,5601.9091
2025-07-15 03:20:00,5955.6109
2025-07-15 03:30:00,5944.1905
2025-07-15 03:40:00,5956.5249
2025-07-15 03:50:00,5601.9091
2025-07-15 04:00:00,5417.7273
2025-07-15 04:10:00,5417.7273
2025-07-15 04:20:00,5948.9992
2025-07-15 04:30:00,5590.8126
2025-07-15 04:40:00,5475.5151
2025-07-15 04:50:00,5666.2178
2025-07-15 05:00:00,5473.3887
2025-07-15 05:10:00,5600.2526
2025-07-15 05:20:00,5467.7857
2025-07-15 05:30:00,5417.7273
2025-07-15 05:40:00,5595.8182
2025-07-15 05:50:00,5599.4945
2025-07-15 06:00:00,5609.6771
2025-07-15 06:10:00,5957.7914
2025-07-15 06:20:00,5601.9091
2025-07-15 06:30:00,5773.6091
2025-07-15 06:40:00,5595.8182
2025-07-15 06:50:00,5944.1905
2025-07-15 07:00:00,5944.1905
2025-07-15 07:10:00,5595.8182
2025-07-15 07:20:00,5595.8182
2025-07-15 07:30:00,5417.7273
2025-07-15 07:40:00,5601.9091
2025-07-15 07:50:00,5809.2542
2025-07-15 08:00:00,6268.2153
2025-07-15 08:10:00,5595.8182
2025-07-15 08:20:00,5601.9091
2025-07-15 08:30:00,5944.1905
2025-07-15 08:40:00,5793.2406
2025-07-15 08:50:00,5951.5918
2025-07-15 09:00:00,5955.6233
2025-07-15 09:10:00,5957.1169
2025-07-15 09:20:00,5944.1905
2025-07-15 09:30:00,6236.5198
2025-07-15 09:40:00,6069.8993
2025-07-15 09:50:00,5944.1905
2025-07-15 10:00:00,6074.3046
2025-07-15 10:10:00,5944.1905
2025-07-15 10:20:00,6231.9206
2025-07-15 10:30:00,6111.2000
2025-07-15 10:40:00,6080.4844
2025-07-15 10:50:00,6043.8709
2025-07-15 11:00:00,6111.2767
2025-07-15 11:10:00,6044.0737
2025-07-15 11:20:00,6044.1223
2025-07-15 11:30:00,6117.5606
2025-07-15 11:40:00,6193.7143
2025-07-15 11:50:00,6120.4101
2025-07-15 12:00:00,6084.9731
2025-07-15 12:10:00,6234.1324
2025-07-15 12:20:00,6044.0829
2025-07-15 12:30:00,6047.8780
2025-07-15 12:40:00,5850.1542
2025-07-15 12:50:00,6111.2000
2025-07-15 13:00:00,6111.2000
2025-07-15 13:10:00,5944.1905
2025-07-15 13:20:00,5944.1905
2025-07-15 13:30:00,6229.6242
2025-07-15 13:40:00,5944.1905
2025-07-15 13:50:00,6046.6698
2025-07-15 14:00:00,6360.2803
2025-07-15 14:10:00,6204.2147
2025-07-15 14:20:00,5955.1010
2025-07-15 14:30:00,5999.3065
2025-07-15 14:40:00,6000.8042
2025-07-15 14:50:00,5950.6492
2025-07-15 15:00:00,5614.0229
2025-07-15 15:10:00,5601.9091
2025-07-15 15:20:00,5417.7273
2025-07-15 15:30:00,5595.8182
2025-07-15 15:40:00,5798.7426
2025-07-15 15:50:00,5779.1607
2025-07-15 16:00:00,5417.7273
2025-07-15 16:10:00,5620.8235
2025-07-15 16:20:00,5970.6263
2025-07-15 16:30:00,5956.4031
2025-07-15 16:40:00,5944.1905
2025-07-15 16:50:00,5949.9380
2025-07-15 17:00:00,5955.9606
2025-07-15 17:10:00,5977.2243
2025-07-15 17:20:00,6250.3908
2025-07-15 17:30:00,5976.1867
2025-07-15 17:40:00,5822.9873
2025-07-15 17:50:00,5824.4255
2025-07-15 18:00:00,5949.1708
2025-07-15 18:10:00,5944.1905
2025-07-15 18:20:00,5944.1905
2025-07-15 18:30:00,5417.7273
2025-07-15 18:40:00,5972.4447
2025-07-15 18:50:00,5604.0762
2025-07-15 19:00:00,5417.7273
2025-07-15 19:10:00,5600.2965
2025-07-15 19:20:00,5586.6994
2025-07-15 19:30:00,5579.3934
2025-07-15 19:40:00,5569.4452
2025-07-15 19:50:00,5417.7273
2025-07-15 20:00:00,5601.9091
2025-07-15 20:10:00,5944.1905
2025-07-15 20:20:00,5633.1105
2025-07-15 20:30:00,5475.2593
2025-07-15 20:40:00,5944.1905
2025-07-15 20:50:00,5601.9091
2025-07-15 21:00:00,5789.9328
2025-07-15 21:10:00,5417.7273
2025-07-15 21:20:00,5628.2490
2025-07-15 21:30:00,5417.7273
2025-07-15 21:40:00,5601.9091
2025-07-15 21:50:00,5474.9597
2025-07-15 22:00:00,5584.4146
2025-07-15 22:10:00,5474.6236
2025-07-15 22:20:00,5417.7273
2025-07-15 22:30:00,5627.3192
2025-07-15 22:40:00,5601.9091
2025-07-15 22:50:00,5972.4510
2025-07-15 23:00:00,5554.5968
2025-07-15 23:10:00,5595.8182
2025-07-15 23:20:00,5417.7273
2025-07-15 23:30:00,5600.4011
2025-07-15 23:40:00,5552.6825
2025-07-15 23:50:00,5417.7273
2025-07-16 00:00:00,5417.7273
2025-07-16 00:10:00,5683.6450
2025-07-16 00:20:00,5597.4157
2025-07-16 00:30:00,5601.9091
2025-07-16 00:40:00,5672.8568
2025-07-16 00:50:00,5957.0777
2025-07-16 01:00:00,5663.6653
2025-07-16 01:10:00,5595.8182
2025-07-16 01:20:00,5595.8182
2025-07-16 01:30:00,5657.6417
2025-07-16 01:40:00,5601.9091
2025-07-16 01:50:00,5944.1905
2025-07-16 02:00:00,5601.9091
2025-07-16 02:10:00,5944.1905
2025-07-16 02:20:00,5944.1905
2025-07-16 02:30:00,6144.9837
2025-07-16 02:40:00,6143.9934
2025-07-16 02:50:00,6146.9609
2025-07-16 03:00:00,6146.7233
2025-07-16 03:10:00,5944.1905
2025-07-16 03:20:00,6249.2793
2025-07-16 03:30:00,6146.4400
2025-07-16 03:40:00,5944.1905
2025-07-16 03:50:00,6249.2714
2025-07-16 04:00:00,6231.4046
2025-07-16 04:10:00,5944.1905
2025-07-16 04:20:00,6117.6345
2025-07-16 04:30:00,6117.6860
2025-07-16 04:40:00,6246.0047
2025-07-16 04:50:00,6230.5866
2025-07-16 05:00:00,6118.0455
2025-07-16 05:10:00,5944.1905
2025-07-16 05:20:00,5944.1905
2025-07-16 05:30:00,6118.8181
2025-07-16 05:40:00,6051.0533
2025-07-16 05:50:00,5950.4389
2025-07-16 06:00:00,6075.6738
2025-07-16 06:10:00,5950.5201
2025-07-16 06:20:00,5951.2151
2025-07-16 06:30:00,5944.1905
2025-07-16 06:40:00,5944.1905
2025-07-16 06:50:00,5957.2135
2025-07-16 07:00:00,5944.1905
2025-07-16 07:10:00,5950.5483
2025-07-16 07:20:00,5944.1905
2025-07-16 07:30:00,5944.1905
2025-07-16 07:40:00,5956.6780
2025-07-16 07:50:00,5601.9091
2025-07-16 08:00:00,5957.3419
2025-07-16 08:10:00,5417.7273
2025-07-16 08:20:00,5595.8182
2025-07-16 08:30:00,5795.1565
2025-07-16 08:40:00,5601.9091
2025-07-16 08:50:00,5763.9549
2025-07-16 09:00:00,5595.8182
2025-07-16 09:10:00,5636.9985
2025-07-16 09:20:00,5601.9091
2025-07-16 09:30:00,5944.1905
2025-07-16 09:40:00,5417.7273
2025-07-16 09:50:00,5601.9091
2025-07-16 10:00:00,5417.7273
2025-07-16 10:10:00,5601.9091
2025-07-16 10:20:00,5595.8182
2025-07-16 10:30:00,5949.6390
2025-07-16 10:40:00,5601.9091
2025-07-16 10:50:00,5595.8182
2025-07-16 11:00:00,5417.7273
2025-07-16 11:10:00,5601.9091
2025-07-16 11:20:00,5656.0122
2025-07-16 11:30:00,5417.7273
2025-07-16 11:40:00,5417.7273
2025-07-16 11:50:00,5595.8182
2025-07-16 12:00:00,5554.7217
2025-07-16 12:10:00,5595.8182
2025-07-16 12:20:00,5598.1069
2025-07-16 12:30:00,5471.1534
2025-07-16 12:40:00,5595.8182
2025-07-16 12:50:00,5655.8313
2025-07-16 13:00:00,5595.8182
2025-07-16 13:10:00,5957.9388
2025-07-16 13:20:00,5475.8468
2025-07-16 13:30:00,5595.8182
2025-07-16 13:40:00,5601.9091
2025-07-16 13:50:00,5417.7273
2025-07-16 14:00:00,5417.7273
2025-07-16 14:10:00,5417.7273
2025-07-16 14:20:00,5601.9091
2025-07-16 14:30:00,5615.5973
2025-07-16 14:40:00,5774.5823
2025-07-16 14:50:00,5595.8182
2025-07-16 15:00:00,5799.7559
2025-07-16 15:10:00,5601.9091
2025-07-16 15:20:00,5599.4737
2025-07-16 15:30:00,5595.8182
2025-07-16 15:40:00,5417.7273
2025-07-16 15:50:00,5601.9091
2025-07-16 16:00:00,5595.8182
2025-07-16 16:10:00,5600.4488
2025-07-16 16:20:00,5553.3270
2025-07-16 16:30:00,5595.8182
2025-07-16 16:40:00,5555.2387
2025-07-16 16:50:00,5556.3707
2025-07-16 17:00:00,5417.7273
2025-07-16 17:10:00,5552.4443
2025-07-16 17:20:00,5624.9004
2025-07-16 17:30:00,5601.9091
2025-07-16 17:40:00,5944.1905
2025-07-16 17:50:00,5597.7117
2025-07-16 18:00:00,5554.9744
2025-07-16 18:10:00,5600.4914
2025-07-16 18:20:00,5601.9091
2025-07-16 18:30:00,5595.8182
2025-07-16 18:40:00,5601.6770
2025-07-16 18:50:00,5654.4167
2025-07-16 19:00:00,5417.7273
2025-07-16 19:10:00,5595.8182
2025-07-16 19:20:00,5555.5524
2025-07-16 19:30:00,5551.9529
2025-07-16 19:40:00,5553.7572
2025-07-16 19:50:00,5595.8182
2025-07-16 20:00:00,5595.8182
2025-07-16 20:10:00,5551.6499
2025-07-16 20:20:00,5417.7273
2025-07-16 20:30:00,5944.1905
2025-07-16 20:40:00,5944.1905
2025-07-16 20:50:00,5590.6576
2025-07-16 21:00:00,5601.9091
2025-07-16 21:10:00,5417.7273
2025-07-16 21:20:00,5944.1905
2025-07-16 21:30:00,6109.7344
2025-07-16 21:40:00,5956.1683
2025-07-16 21:50:00,5944.1905
2025-07-16 22:00:00,5944.1905
2025-07-16 22:10:00,5944.1905
2025-07-16 22:20:00,6157.2061
2025-07-16 22:30:00,5950.8818
2025-07-16 22:40:00,6024.0758
2025-07-16 22:50:00,6079.3636
2025-07-16 23:00:00,6100.6280
2025-07-16 23:10:00,6103.3254
2025-07-16 23:20:00,6084.4160
2025-07-16 23:30:00,6135.9109
2025-07-16 23:40:00,6066.0992
2025-07-16 23:50:00,6246.3465
2025-07-17 00:00:00,6141.8111
2025-07-17 00:10:00,6237.9625
2025-07-17 00:20:00,6067.9912
2025-07-17 00:30:00,6145.9914
2025-07-17 00:40:00,6156.3532
2025-07-17 00:50:00,5947.6149
2025-07-17 01:00:00,6115.3952
2025-07-17 01:10:00,6078.8060
2025-07-17 01:20:00,6117.7904
2025-07-17 01:30:00,6112.7266
2025-07-17 01:40:00,5852.7857
2025-07-17 01:50:00,5851.5746
2025-07-17 02:00:00,6046.0432
2025-07-17 02:10:00,6111.2000
2025-07-17 02:20:00,6043.1412
2025-07-17 02:30:00,6041.7623
2025-07-17 02:40:00,6066.1044
2025-07-17 02:50:00,6114.5883
2025-07-17 03:00:00,5950.4178
2025-07-17 03:10:00,6414.2207
2025-07-17 03:20:00,6073.7943
2025-07-17 03:30:00,6049.9238
2025-07-17 03:40:00,6410.2769
2025-07-17 03:50:00,5956.0877
2025-07-17 04:00:00,5957.7068
2025-07-17 04:10:00,5972.9471
2025-07-17 04:20:00,5963.0000
2025-07-17 04:30:00,5601.9091
2025-07-17 04:40:00,5944.1905
2025-07-17 04:50:00,5799.9852
2025-07-17 05:00:00,5601.9091
2025-07-17 05:10:00,5779.1607
2025-07-17 05:20:00,5665.6337
2025-07-17 05:30:00,5655.6844
2025-07-17 05:40:00,5649.6854
2025-07-17 05:50:00,5944.1905
2025-07-17 06:00:00,5956.8709
2025-07-17 06:10:00,5786.2687
2025-07-17 06:20:00,5591.1042
2025-07-17 06:30:00,5601.9091
2025-07-17 06:40:00,5944.1905
2025-07-17 06:50:00,5956.9176
2025-07-17 07:00:00,5601.9091
2025-07-17 07:10:00,5591.0686
2025-07-17 07:20:00,5601.9091
2025-07-17 07:30:00,5601.9091
2025-07-17 07:40:00,5949.5440
2025-07-17 07:50:00,5780.1147
2025-07-17 08:00:00,5595.8182
2025-07-17 08:10:00,5601.9091
2025-07-17 08:20:00,5601.9091
2025-07-17 08:30:00,5601.9091
2025-07-17 08:40:00,5595.8182
2025-07-17 08:50:00,5601.9091
2025-07-17 09:00:00,5650.2242
2025-07-17 09:10:00,5595.8182
2025-07-17 09:20:00,5595.8182
2025-07-17 09:30:00,5601.9091
2025-07-17 09:40:00,5977.2855
2025-07-17 09:50:00,5601.9091
2025-07-17 10:00:00,5595.8182
2025-07-17 10:10:00,5601.9091
2025-07-17 10:20:00,5595.8182
2025-07-17 10:30:00,5417.7273
2025-07-17 10:40:00,5601.9091
2025-07-17 10:50:00,5601.9091
2025-07-17 11:00:00,5672.2980
2025-07-17 11:10:00,5601.9091
2025-07-17 11:20:00,5601.9091
2025-07-17 11:30:00,5957.7152
2025-07-17 11:40:00,5631.7904
2025-07-17 11:50:00,5955.5593
2025-07-17 12:00:00,5957.3016
2025-07-17 12:10:00,5963.0000
2025-07-17 12:20:00,6001.2077
2025-07-17 12:30:00,5954.3536
2025-07-17 12:40:00,5956.7035
2025-07-17 12:50:00,5995.0543
2025-07-17 13:00:00,5601.9091
2025-07-17 13:10:00,5944.1905
2025-07-17 13:20:00,5944.1905
2025-07-17 13:30:00,6228.7916
2025-07-17 13:40:00,5944.1905
2025-07-17 13:50:00,6061.7950
2025-07-17 14:00:00,5951.4370
2025-07-17 14:10:00,5944.1905
2025-07-17 14:20:00,5944.1905
2025-07-17 14:30:00,6260.9258
2025-07-17 14:40:00,5944.1905
2025-07-17 14:50:00,6229.6607
2025-07-17 15:00:00,6229.7101
2025-07-17 15:10:00,5944.1905
2025-07-17 15:20:00,6085.0666
2025-07-17 15:30:00,6135.5612
2025-07-17 15:40:00,6227.6631
2025-07-17 15:50:00,6083.6540
2025-07-17 16:00:00,6137.3537
2025-07-17 16:10:00,6039.7556
2025-07-17 16:20:00,6037.9914
2025-07-17 16:30:00,6088.0985
2025-07-17 16:40:00,6039.9510
2025-07-17 16:50:00,6263.7569
2025-07-17 17:00:00,6266.4122
2025-07-17 17:10:00,5944.1905
2025-07-17 17:20:00,6072.7457
2025-07-17 17:30:00,6051.3952
2025-07-17 17:40:00,6045.5549
2025-07-17 17:50:00,5956.1233
2025-07-17 18:00:00,5949.9125
2025-07-17 18:10:00,5963.0000
2025-07-17 18:20:00,5944.1905
2025-07-17 18:30:00,5957.5427
2025-07-17 18:40:00,5417.7273
2025-07-17 18:50:00,5601.9091
2025-07-17 19:00:00,5417.7273
2025-07-17 19:10:00,5601.9091
2025-07-17 19:20:00,5627.1632
2025-07-17 19:30:00,5417.7273
2025-07-17 19:40:00,5600.3498
2025-07-17 19:50:00,5417.7273
2025-07-17 20:00:00,5944.1905
2025-07-17 20:10:00,5944.1905
2025-07-17 20:20:00,5944.1905
2025-07-17 20:30:00,5829.7768
2025-07-17 20:40:00,5804.5873
2025-07-17 20:50:00,5601.9091
2025-07-17 21:00:00,5805.3272
2025-07-17 21:10:00,5595.8182
2025-07-17 21:20:00,5618.2726
2025-07-17 21:30:00,5604.3264
2025-07-17 21:40:00,5595.8182
2025-07-17 21:50:00,5599.5442
2025-07-17 22:00:00,5469.8787
2025-07-17 22:10:00,5599.5371
2025-07-17 22:20:00,5417.7273
2025-07-17 22:30:00,5417.7273
2025-07-17 22:40:00,5595.8182
2025-07-17 22:50:00,5595.8182
2025-07-17 23:00:00,5553.3412
2025-07-17 23:10:00,5654.9612
2025-07-17 23:20:00,5417.7273
2025-07-17 23:30:00,6001.9745
2025-07-17 23:40:00,5595.8182
2025-07-17 23:50:00,5601.9091
2025-07-18 00:00:00,5601.9091
2025-07-18 00:10:00,5601.9091
2025-07-18 00:20:00,5944.1905
2025-07-18 00:30:00,5954.7386
2025-07-18 00:40:00,5595.8182
2025-07-18 00:50:00,5944.1905
2025-07-18 01:00:00,5944.1905
2025-07-18 01:10:00,5944.1905
2025-07-18 01:20:00,6221.9889
2025-07-18 01:30:00,5954.5318
2025-07-18 01:40:00,5957.1353
2025-07-18 01:50:00,6368.3823
2025-07-18 02:00:00,5944.1905
2025-07-18 02:10:00,5944.1905
2025-07-18 02:20:00,6266.4527
2025-07-18 02:30:00,6040.8731
2025-07-18 02:40:00,5944.1905
2025-07-18 02:50:00,6314.3704
2025-07-18 03:00:00,6135.5193
2025-07-18 03:10:00,6230.0150
2025-07-18 03:20:00,6111.2000
2025-07-18 03:30:00,6104.4426
2025-07-18 03:40:00,6230.1054
2025-07-18 03:50:00,6111.2000
2025-07-18 04:00:00,6045.9325
2025-07-18 04:10:00,6047.9344
2025-07-18 04:20:00,6084.1333
2025-07-18 04:30:00,6111.2000
2025-07-18 04:40:00,5950.2065
2025-07-18 04:50:00,6042.2974
2025-07-18 05:00:00,6111.2000
2025-07-18 05:10:00,6136.4257
2025-07-18 05:20:00,5944.1905
2025-07-18 05:30:00,6041.2484
2025-07-18 05:40:00,5944.1905
2025-07-18 05:50:00,5950.4138
2025-07-18 06:00:00,6061.5162
2025-07-18 06:10:00,5956.2011
2025-07-18 06:20:00,5944.1905
2025-07-18 06:30:00,5999.7472
2025-07-18 06:40:00,5721.9699
2025-07-18 06:50:00,5957.3044
2025-07-18 07:00:00,5975.7649
2025-07-18 07:10:00,5944.1905
2025-07-18 07:20:00,5417.7273
2025-07-18 07:30:00,5601.9091
2025-07-18 07:40:00,5601.9091
2025-07-18 07:50:00,5601.9091
2025-07-18 08:00:00,5417.7273
2025-07-18 08:10:00,5944.1905
2025-07-18 08:20:00,5417.7273
2025-07-18 08:30:00,5972.8586
2025-07-18 08:40:00,5795.1377
2025-07-18 08:50:00,5601.9091
2025-07-18 09:00:00,5475.7167
2025-07-18 09:10:00,5972.7328
2025-07-18 09:20:00,5601.9091
2025-07-18 09:30:00,5417.7273
2025-07-18 09:40:00,5595.8182
2025-07-18 09:50:00,5601.9091
2025-07-18 10:00:00,5614.3258
2025-07-18 10:10:00,5611.4461
2025-07-18 10:20:00,5652.3034
2025-07-18 10:30:00,5595.8182
2025-07-18 10:40:00,5417.7273
2025-07-18 10:50:00,5587.3133
2025-07-18 11:00:00,5554.1443
2025-07-18 11:10:00,5553.7036
2025-07-18 11:20:00,5655.1143
2025-07-18 11:30:00,5553.1920
2025-07-18 11:40:00,5552.7650
2025-07-18 11:50:00,5654.0740
2025-07-18 12:00:00,5944.1905
2025-07-18 12:10:00,5944.1905
2025-07-18 12:20:00,5601.9091
2025-07-18 12:30:00,5601.9091
2025-07-18 12:40:00,5417.7273
2025-07-18 12:50:00,5944.1905
2025-07-18 13:00:00,5957.0205
2025-07-18 13:10:00,5955.5424
2025-07-18 13:20:00,5944.1905
2025-07-18 13:30:00,5621.8986
2025-07-18 13:40:00,5944.1905
2025-07-18 13:50:00,6009.4705
2025-07-18 14:00:00,5601.9091
2025-07-18 14:10:00,6246.6938
2025-07-18 14:20:00,6229.7460
2025-07-18 14:30:00,5944.1905
2025-07-18 14:40:00,5949.3506
2025-07-18 14:50:00,5949.3187
2025-07-18 15:00:00,5950.4000
2025-07-18 15:10:00,6218.4876
2025-07-18 15:20:00,6174.9826
2025-07-18 15:30:00,5944.1905
2025-07-18 15:40:00,6061.7730
2025-07-18 15:50:00,6114.5902
2025-07-18 16:00:00,5944.1905
2025-07-18 16:10:00,6135.9668
2025-07-18 16:20:00,6212.4081
2025-07-18 16:30:00,5944.1905
2025-07-18 16:40:00,6235.1876
2025-07-18 16:50:00,6086.9589
2025-07-18 17:00:00,6229.1838
2025-07-18 17:10:00,6373.7298
2025-07-18 17:20:00,6170.8764
2025-07-18 17:30:00,6036.6631
2025-07-18 17:40:00,6259.9282
2025-07-18 17:50:00,6412.2102
2025-07-18 18:00:00,6355.6214
2025-07-18 18:10:00,6063.0210
2025-07-18 18:20:00,5944.1905
2025-07-18 18:30:00,5944.1905
2025-07-18 18:40:00,5948.3802
2025-07-18 18:50:00,6414.9383
2025-07-18 19:00:00,5955.7725
2025-07-18 19:10:00,5944.1905
2025-07-18 19:20:00,5944.1905
2025-07-18 19:30:00,5417.7273
2025-07-18 19:40:00,5795.0078
2025-07-18 19:50:00,5944.1905
2025-07-18 20:00:00,5974.1870
2025-07-18 20:10:00,5602.4162
2025-07-18 20:20:00,5593.9845
2025-07-18 20:30:00,5585.7700
2025-07-18 20:40:00,5417.7273
2025-07-18 20:50:00,5762.4635
2025-07-18 21:00:00,5601.9091
2025-07-18 21:10:00,6247.4654
2025-07-18 21:20:00,5975.2718
2025-07-18 21:30:00,5647.6312
2025-07-18 21:40:00,5417.7273
2025-07-18 21:50:00,5635.0211
2025-07-18 22:00:00,5417.7273
2025-07-18 22:10:00,5417.7273
2025-07-18 22:20:00,5595.8182
2025-07-18 22:30:00,5417.7273
2025-07-18 22:40:00,5600.4951
2025-07-18 22:50:00,5609.1964
2025-07-18 23:00:00,5417.7273
2025-07-18 23:10:00,5595.8182
2025-07-18 23:20:00,5595.8182
2025-07-18 23:30:00,5417.7273
2025-07-18 23:40:00,5654.9612
2025-07-18 23:50:00,5417.7273
2025-07-19 00:00:00,5417.7273
2025-07-19 00:10:00,5599.6513
2025-07-19 00:20:00,5599.6577
2025-07-19 00:30:00,5553.6935
2025-07-19 00:40:00,5956.0976
2025-07-19 00:50:00,5595.0821
2025-07-19 01:00:00,5417.7273
2025-07-19 01:10:00,5417.7273
2025-07-19 01:20:00,5794.1076
2025-07-19 01:30:00,5970.8684
2025-07-19 01:40:00,5957.1575
2025-07-19 01:50:00,5949.6119
2025-07-19 02:00:00,5949.6178
2025-07-19 02:10:00,5957.3302
2025-07-19 02:20:00,5944.1905
2025-07-19 02:30:00,5944.1905
2025-07-19 02:40:00,5963.0000
2025-07-19 02:50:00,5974.4959
2025-07-19 03:00:00,6230.2247
2025-07-19 03:10:00,5944.1905
2025-07-19 03:20:00,6110.0128
2025-07-19 03:30:00,6031.2664
2025-07-19 03:40:00,6070.6569
2025-07-19 03:50:00,6114.6606
2025-07-19 04:00:00,6231.0036
2025-07-19 04:10:00,5944.1905
2025-07-19 04:20:00,5942.3951
2025-07-19 04:30:00,6191.6354
2025-07-19 04:40:00,6229.7765
2025-07-19 04:50:00,5902.1310
2025-07-19 05:00:00,6016.9160
2025-07-19 05:10:00,5974.5527
2025-07-19 05:20:00,6016.5897
2025-07-19 05:30:00,5944.1905
2025-07-19 05:40:00,5972.7836
2025-07-19 05:50:00,5789.4995
2025-07-19 06:00:00,5972.5136
2025-07-19 06:10:00,5468.4676
2025-07-19 06:20:00,5596.7402
2025-07-19 06:30:00,5603.0670
2025-07-19 06:40:00,5471.2325
2025-07-19 06:50:00,5417.7273
2025-07-19 07:00:00,5586.6116
2025-07-19 07:10:00,5774.2072
2025-07-19 07:20:00,5972.7561
2025-07-19 07:30:00,5651.1486
2025-07-19 07:40:00,5780.9344
2025-07-19 07:50:00,5601.9091
2025-07-19 08:00:00,5972.5687
2025-07-19 08:10:00,5601.9091
2025-07-19 08:20:00,5417.7273
2025-07-19 08:30:00,5417.7273
2025-07-19 08:40:00,5417.7273
2025-07-19 08:50:00,5555.9704
2025-07-19 09:00:00,5588.8182
2025-07-19 09:10:00,5653.8459
2025-07-19 09:20:00,5553.5458
2025-07-19 09:30:00,5417.7273
2025-07-19 09:40:00,5595.8182
2025-07-19 09:50:00,5595.8182
2025-07-19 10:00:00,5557.6859
2025-07-19 10:10:00,5681.6278
2025-07-19 10:20:00,5595.8182
2025-07-19 10:30:00,5554.1335
2025-07-19 10:40:00,5957.7120
2025-07-19 10:50:00,5601.9091
2025-07-19 11:00:00,5833.2853
2025-07-19 11:10:00,5601.9091
2025-07-19 11:20:00,5417.7273
2025-07-19 11:30:00,5614.2388
2025-07-19 11:40:00,5601.9091
2025-07-19 11:50:00,5778.9367
2025-07-19 12:00:00,5950.2683
2025-07-19 12:10:00,5957.0867
2025-07-19 12:20:00,5949.5406
2025-07-19 12:30:00,5944.1905
2025-07-19 12:40:00,6049.6399
2025-07-19 12:50:00,5967.2033
2025-07-19 13:00:00,6358.1270
2025-07-19 13:10:00,5944.1905
2025-07-19 13:20:00,5944.1905
2025-07-19 13:30:00,6118.8790
2025-07-19 13:40:00,6220.4754
2025-07-19 13:50:00,6111.2000
2025-07-19 14:00:00,6055.3675
2025-07-19 14:10:00,5944.1905
2025-07-19 14:20:00,6232.6252
2025-07-19 14:30:00,6107.1976
2025-07-19 14:40:00,6084.5758
2025-07-19 14:50:00,6043.7094
2025-07-19 15:00:00,6084.2755
2025-07-19 15:10:00,6112.7216
2025-07-19 15:20:00,6076.6570
2025-07-19 15:30:00,6150.9553
2025-07-19 15:40:00,6085.4988
2025-07-19 15:50:00,6078.2728
2025-07-19 16:00:00,5854.4277
2025-07-19 16:10:00,6009.0061
2025-07-19 16:20:00,6045.7773
2025-07-19 16:30:00,6172.1892
2025-07-19 16:40:00,5850.7902
2025-07-19 16:50:00,6111.2000
2025-07-19 17:00:00,5898.5582
2025-07-19 17:10:00,6081.1472
2025-07-19 17:20:00,6084.0940
2025-07-19 17:30:00,6112.7674
2025-07-19 17:40:00,6039.6170
2025-07-19 17:50:00,5950.3110
2025-07-19 18:00:00,5957.2407
2025-07-19 18:10:00,5944.1905
2025-07-19 18:20:00,6051.8820
2025-07-19 18:30:00,5956.1110
2025-07-19 18:40:00,5956.3445
2025-07-19 18:50:00,6258.9447
2025-07-19 19:00:00,5791.3984
2025-07-19 19:10:00,5956.0554
2025-07-19 19:20:00,5796.9976
2025-07-19 19:30:00,5944.1905
2025-07-19 19:40:00,5633.9916
2025-07-19 19:50:00,5972.4765
2025-07-19 20:00:00,5595.8182
2025-07-19 20:10:00,5601.9091
2025-07-19 20:20:00,5470.2707
2025-07-19 20:30:00,5600.2295
2025-07-19 20:40:00,5971.6293
2025-07-19 20:50:00,6248.4507
2025-07-19 21:00:00,5836.0077
2025-07-19 21:10:00,5475.4835
2025-07-19 21:20:00,5417.7273
2025-07-19 21:30:00,5762.5720
2025-07-19 21:40:00,5792.6529
2025-07-19 21:50:00,5972.2704
2025-07-19 22:00:00,5944.1905
2025-07-19 22:10:00,5600.4979
2025-07-19 22:20:00,5417.7273
2025-07-19 22:30:00,5767.8181
2025-07-19 22:40:00,5553.2414
2025-07-19 22:50:00,5751.5345
2025-07-19 23:00:00,5567.4217
2025-07-19 23:10:00,5417.7273
2025-07-19 23:20:00,5551.9517
2025-07-19 23:30:00,5417.7273
2025-07-19 23:40:00,5600.3062
2025-07-19 23:50:00,5752.4288
2025-07-20 00:00:00,5417.7273
2025-07-20 00:10:00,5970.3916
2025-07-20 00:20:00,5948.7411
2025-07-20 00:30:00,5475.2321
2025-07-20 00:40:00,5601.9091
2025-07-20 00:50:00,5944.1905
2025-07-20 01:00:00,5973.1908
2025-07-20 01:10:00,5944.1905
2025-07-20 01:20:00,5944.1905
2025-07-20 01:30:00,5657.0752
2025-07-20 01:40:00,5417.7273
2025-07-20 01:50:00,6215.6485
2025-07-20 02:00:00,5971.5777
2025-07-20 02:10:00,5601.9091
2025-07-20 02:20:00,5590.9816
2025-07-20 02:30:00,5973.2982
2025-07-20 02:40:00,6256.7422
2025-07-20 02:50:00,6250.0385
2025-07-20 03:00:00,5955.2803
2025-07-20 03:10:00,5595.8182
2025-07-20 03:20:00,5973.2648
2025-07-20 03:30:00,5944.1905
2025-07-20 03:40:00,5417.7273
2025-07-20 03:50:00,5944.1905
2025-07-20 04:00:00,5627.6548
2025-07-20 04:10:00,5601.9091
2025-07-20 04:20:00,5944.1905
2025-07-20 04:30:00,5944.1905
2025-07-20 04:40:00,5601.9091
2025-07-20 04:50:00,5417.7273
2025-07-20 05:00:00,5595.7142
2025-07-20 05:10:00,5595.8182
2025-07-20 05:20:00,5944.1905
2025-07-20 05:30:00,5417.7273
2025-07-20 05:40:00,5553.4843
2025-07-20 05:50:00,5566.0428
2025-07-20 06:00:00,5600.3363
2025-07-20 06:10:00,5950.5222
2025-07-20 06:20:00,5474.8613
2025-07-20 06:30:00,5474.5249
2025-07-20 06:40:00,5601.9091
2025-07-20 06:50:00,5417.7273
2025-07-20 07:00:00,5625.8065
2025-07-20 07:10:00,5601.9091
2025-07-20 07:20:00,5601.9091
2025-07-20 07:30:00,5944.1905
2025-07-20 07:40:00,5553.8551
2025-07-20 07:50:00,5553.7036
2025-07-20 08:00:00,5417.7273
2025-07-20 08:10:00,5595.8182
2025-07-20 08:20:00,5552.0738
2025-07-20 08:30:00,5551.8346
2025-07-20 08:40:00,5554.9855
2025-07-20 08:50:00,5551.2432
2025-07-20 09:00:00,5550.9703
2025-07-20 09:10:00,5598.3474
2025-07-20 09:20:00,5550.5806
2025-07-20 09:30:00,6263.9982
2025-07-20 09:40:00,5417.7273
2025-07-20 09:50:00,5474.4031
2025-07-20 10:00:00,5417.7273
2025-07-20 10:10:00,5601.9091
2025-07-20 10:20:00,5790.2207
2025-07-20 10:30:00,5944.1905
2025-07-20 10:40:00,5944.1905
2025-07-20 10:50:00,5600.2625
2025-07-20 11:00:00,5417.7273
2025-07-20 11:10:00,5972.0604
2025-07-20 11:20:00,5956.2819
2025-07-20 11:30:00,5976.9995
2025-07-20 11:40:00,5595.8182
2025-07-20 11:50:00,5944.1905
2025-07-20 12:00:00,6254.8241
2025-07-20 12:10:00,5601.9091
2025-07-20 12:20:00,5955.3743
2025-07-20 12:30:00,5944.1905
2025-07-20 12:40:00,5971.6369
2025-07-20 12:50:00,5944.1905
2025-07-20 13:00:00,5956.4747
2025-07-20 13:10:00,5601.9091
2025-07-20 13:20:00,5601.9091
2025-07-20 13:30:00,6246.2330
2025-07-20 13:40:00,6254.6601
2025-07-20 13:50:00,5805.3193
2025-07-20 14:00:00,5949.3253
2025-07-20 14:10:00,5799.3582
2025-07-20 14:20:00,5944.1905
2025-07-20 14:30:00,5971.5750
2025-07-20 14:40:00,5944.1905
2025-07-20 14:50:00,5417.7273
2025-07-20 15:00:00,5417.7273
2025-07-20 15:10:00,5944.1905
2025-07-20 15:20:00,5956.5932
2025-07-20 15:30:00,5788.1186
2025-07-20 15:40:00,5656.9596
2025-07-20 15:50:00,5467.6540
2025-07-20 16:00:00,5600.4779
2025-07-20 16:10:00,5417.7273
2025-07-20 16:20:00,5555.2325
2025-07-20 16:30:00,5587.0955
2025-07-20 16:40:00,5417.7273
2025-07-20 16:50:00,5553.1431
2025-07-20 17:00:00,5601.9091
2025-07-20 17:10:00,6191.4007
2025-07-20 17:20:00,5601.9091
2025-07-20 17:30:00,5944.1905
2025-07-20 17:40:00,5829.6022
2025-07-20 17:50:00,5475.0629
2025-07-20 18:00:00,5944.1905
2025-07-20 18:10:00,5944.1905
2025-07-20 18:20:00,5595.8182
2025-07-20 18:30:00,5624.4705
2025-07-20 18:40:00,5653.2898
2025-07-20 18:50:00,5417.7273
2025-07-20 19:00:00,5623.5494
2025-07-20 19:10:00,5586.4617
2025-07-20 19:20:00,5471.0378
2025-07-20 19:30:00,5757.9829
2025-07-20 19:40:00,5553.7572
2025-07-20 19:50:00,5417.7273
2025-07-20 20:00:00,5795.9745
2025-07-20 20:10:00,5417.7273
2025-07-20 20:20:00,5561.0322
2025-07-20 20:30:00,5561.4790
2025-07-20 20:40:00,5972.7837
2025-07-20 20:50:00,5641.4558
2025-07-20 21:00:00,5648.1228
2025-07-20 21:10:00,5465.7168
2025-07-20 21:20:00,5972.4952
2025-07-20 21:30:00,5597.7815
2025-07-20 21:40:00,5976.3166
2025-07-20 21:50:00,5640.0819
2025-07-20 22:00:00,5769.8804
2025-07-20 22:10:00,5417.7273
2025-07-20 22:20:00,5746.7610
2025-07-20 22:30:00,5554.6227
2025-07-20 22:40:00,5417.7273
2025-07-20 22:50:00,5562.6352
2025-07-20 23:00:00,5417.7273
2025-07-20 23:10:00,5557.0209
2025-07-20 23:20:00,5550.7112
2025-07-20 23:30:00,5417.7273
2025-07-20 23:40:00,5561.8629
2025-07-20 23:50:00,5550.0612
2025-07-21 00:00:00,5743.7266
2025-07-21 00:10:00,6191.2357
2025-07-21 00:20:00,5601.9091
2025-07-21 00:30:00,5417.7273
2025-07-21 00:40:00,5597.9029
2025-07-21 00:50:00,5944.1905
2025-07-21 01:00:00,5944.1905
2025-07-21 01:10:00,5688.4234
2025-07-21 01:20:00,5600.4432
2025-07-21 01:30:00,5973.8896
2025-07-21 01:40:00,5417.7273
2025-07-21 01:45:40,5417.7273
2025-07-21 01:50:00,5470.7136
2025-07-21 02:00:00,5780.2052
2025-07-21 02:06:09,5759.5958
2025-07-21 02:10:00,5417.7273
2025-07-21 02:20:00,5417.7273
2025-07-21 02:26:09,5550.8716
2025-07-21 02:30:00,5559.5481
2025-07-21 02:40:00,5595.8182
2025-07-21 02:46:54,5744.4919
2025-07-21 02:50:00,5417.7273
2025-07-21 03:00:00,5600.2488
2025-07-21 03:07:22,5573.8556
2025-07-21 03:10:00,5600.2362
2025-07-21 03:20:00,5417.7273
2025-07-21 03:27:23,5563.4279
2025-07-21 03:30:00,5742.5814
2025-07-21 03:40:00,5975.7303
2025-07-21 03:50:00,5600.5718
2025-07-21 04:00:00,5417.7273
2025-07-21 04:10:00,5764.9736
2025-07-21 04:20:00,5619.0210
2025-07-21 04:30:00,5972.5454
2025-07-21 04:40:00,5467.0061
2025-07-21 04:50:00,5553.8110
2025-07-21 05:00:00,5417.7273
2025-07-21 05:10:00,5759.2449
2025-07-21 05:20:00,5417.7273
2025-07-21 05:30:00,5747.8625
2025-07-21 05:40:00,5741.6880
2025-07-21 05:50:00,5550.5500
2025-07-21 06:00:00,5600.2688
2025-07-21 06:10:00,5417.7273
2025-07-21 06:20:00,5549.8188
2025-07-21 06:30:00,5745.7425
2025-07-21 06:40:00,5565.0263
2025-07-21 06:50:00,5549.5190
2025-07-21 07:00:00,5417.7273
2025-07-21 07:10:00,6200.6718
2025-07-21 07:20:00,5469.6294
2025-07-21 07:30:00,5944.1905
2025-07-21 07:40:00,5944.1905
2025-07-21 07:50:00,5417.7273
2025-07-21 08:00:00,5417.7273
2025-07-21 08:10:00,5972.7365
2025-07-21 08:20:00,5604.3662
2025-07-21 08:30:00,5760.1184
2025-07-21 08:40:00,5588.6349
2025-07-21 08:50:00,5417.7273
2025-07-21 09:00:00,5417.7273
2025-07-21 09:10:00,5602.1963
2025-07-21 09:20:00,5595.8182
2025-07-21 09:30:00,5741.1444
2025-07-21 09:40:00,5578.9003
2025-07-21 09:50:00,5556.6969
2025-07-21 10:00:00,5554.3284
2025-07-21 10:10:00,5417.7273
2025-07-21 10:20:00,5555.6086
2025-07-21 10:30:00,5551.3493
2025-07-21 10:40:00,5551.2498
2025-07-21 10:50:00,5554.8255
2025-07-21 11:00:00,5417.7273
2025-07-21 11:10:00,5417.7273
2025-07-21 11:20:00,5555.8970
2025-07-21 11:30:00,5944.1905
2025-07-21 11:40:00,5601.9091
2025-07-21 11:50:00,5641.3486
2025-07-21 12:00:00,5470.2566
2025-07-21 12:10:00,5578.4480
2025-07-21 12:20:00,5972.4568
2025-07-21 12:30:00,5417.7273
2025-07-21 12:40:00,5554.8767
2025-07-21 12:50:00,5579.9906
2025-07-21 13:00:00,5552.1558
2025-07-21 13:10:00,5741.7660
2025-07-21 13:20:00,5600.3316
2025-07-21 13:30:00,5600.3162
2025-07-21 13:40:00,5600.2824
2025-07-21 13:50:00,5417.7273
2025-07-21 14:00:00,5550.4949
2025-07-21 14:10:00,5417.7273
2025-07-21 14:20:00,5944.1905
2025-07-21 14:30:00,5944.1905
2025-07-21 14:40:00,5475.2562
2025-07-21 14:50:00,5638.8594
2025-07-21 15:00:00,5417.7273
2025-07-21 15:10:00,6182.2461
2025-07-21 15:20:00,6256.6689
2025-07-21 15:30:00,5587.8680
2025-07-21 15:40:00,5974.4406
2025-07-21 15:50:00,5944.1905
2025-07-21 16:00:00,6341.7079
2025-07-21 16:10:00,6193.3958
2025-07-21 16:20:00,5944.1905
2025-07-21 16:30:00,5601.9091
2025-07-21 16:40:00,5972.9524
2025-07-21 16:50:00,6253.0291
2025-07-21 17:00:00,5944.1905
2025-07-21 17:10:00,5975.5337
2025-07-21 17:20:00,5974.6015
2025-07-21 17:30:00,5417.7273
2025-07-21 17:40:00,5951.2334
2025-07-21 17:50:00,5944.1905
2025-07-21 18:00:00,5944.1905
2025-07-21 18:10:00,5601.9091
2025-07-21 18:20:00,6182.6203
2025-07-21 18:30:00,5957.8694
2025-07-21 18:40:00,5949.4058
2025-07-21 18:50:00,5601.9091
2025-07-21 19:00:00,5600.3755
2025-07-21 19:10:00,5944.1905
2025-07-21 19:20:00,6182.4793
2025-07-21 19:30:00,5601.9091
2025-07-21 19:40:00,5417.7273
2025-07-21 19:50:00,5568.6666
2025-07-21 20:00:00,5743.9436
2025-07-21 20:10:00,5417.7273
2025-07-21 20:20:00,5743.4563
2025-07-21 20:30:00,5417.7273
2025-07-21 20:40:00,5417.7273
2025-07-21 20:50:00,5417.7273
2025-07-21 21:00:00,5745.6398
2025-07-21 21:10:00,5944.1905
2025-07-21 21:20:00,5685.3001
2025-07-21 21:30:00,5634.6420
2025-07-21 21:40:00,5601.9091
2025-07-21 21:50:00,5417.7273
2025-07-21 22:00:00,5637.9812
2025-07-21 22:10:00,5944.1905
2025-07-21 22:20:00,5944.1905
2025-07-21 22:30:00,5606.7845
2025-07-21 22:40:00,5600.4048
2025-07-21 22:50:00,5417.7273
2025-07-21 23:00:00,5944.1905
2025-07-21 23:10:00,5557.5078
2025-07-21 23:20:00,5756.7794
2025-07-21 23:30:00,5555.5524
2025-07-21 23:40:00,5551.5308
2025-07-21 23:50:00,5752.3372
2025-07-22 00:00:00,5559.3923
2025-07-22 00:10:00,5550.2533
2025-07-22 00:20:00,5562.2628
2025-07-22 00:30:00,5417.7273
2025-07-22 00:40:00,5595.8182
2025-07-22 00:50:00,5552.8749
2025-07-22 01:00:00,5944.1905
2025-07-22 01:10:00,5468.5448
2025-07-22 01:20:00,5765.6896
2025-07-22 01:30:00,5417.7273
2025-07-22 01:40:00,5470.1003
2025-07-22 01:50:00,5972.5976
2025-07-22 02:00:00,5622.6192
2025-07-22 02:10:00,5417.7273
2025-07-22 02:20:00,5552.6735
2025-07-22 02:30:00,5556.1064
2025-07-22 02:40:00,5743.3059
2025-07-22 02:50:00,5417.7273
2025-07-22 03:00:00,5417.7273
2025-07-22 03:10:00,5549.9790
2025-07-22 03:20:00,5549.5886
2025-07-22 03:30:00,5549.5886
2025-07-22 03:40:00,5564.3313
2025-07-22 03:50:00,5417.7273
2025-07-22 04:00:00,5576.1653
2025-07-22 04:10:00,5417.7273
2025-07-22 04:20:00,6242.9281
2025-07-22 04:30:00,5972.6230
2025-07-22 04:40:00,5603.8640
2025-07-22 04:50:00,5580.2432
2025-07-22 05:00:00,6237.5906
2025-07-22 05:10:00,5972.5080
2025-07-22 05:20:00,5793.1886
2025-07-22 05:30:00,5470.0479
2025-07-22 05:40:00,5556.9768
2025-07-22 05:50:00,5417.7273
2025-07-22 06:00:00,5795.9728
2025-07-22 06:10:00,5570.5754
2025-07-22 06:20:00,5417.7273
2025-07-22 06:30:00,5417.7273
2025-07-22 06:40:00,5417.7273
2025-07-22 06:50:00,5417.7273
2025-07-22 07:00:00,5745.1635
2025-07-22 07:10:00,5417.7273
2025-07-22 07:20:00,5549.5143
2025-07-22 07:30:00,5549.6688
2025-07-22 07:40:00,5972.5384
2025-07-22 07:50:00,5680.3543
2025-07-22 08:00:00,5624.6579
2025-07-22 08:10:00,5471.1509
2025-07-22 08:20:00,5599.4775
2025-07-22 08:30:00,5972.5652
2025-07-22 08:40:00,5944.1905
2025-07-22 08:50:00,5601.9091
2025-07-22 09:00:00,5600.4952
2025-07-22 09:10:00,5944.1905
2025-07-22 09:20:00,5417.7273
2025-07-22 09:30:00,5944.1905
2025-07-22 09:40:00,5944.1905
2025-07-22 09:50:00,5601.9091
2025-07-22 10:00:00,5417.7273
2025-07-22 10:10:00,6219.6639
2025-07-22 10:20:00,5601.9091
2025-07-22 10:30:00,5944.1905
2025-07-22 10:40:00,5950.8431
2025-07-22 10:50:00,5944.1905
2025-07-22 11:00:00,5944.1905
2025-07-22 11:10:00,6286.6361
2025-07-22 11:20:00,5956.6360
2025-07-22 11:30:00,6108.2972
2025-07-22 11:40:00,6147.6854
2025-07-22 11:50:00,6230.6996
2025-07-22 12:00:00,6228.9557
2025-07-22 12:10:00,6387.7822
2025-07-22 12:20:00,6235.3081
2025-07-22 12:30:00,6136.5163
2025-07-22 12:40:00,6111.2000
2025-07-22 12:50:00,6023.6453
2025-07-22 13:00:00,6082.6411
2025-07-22 13:10:00,6022.0296
2025-07-22 13:20:00,6022.3331
2025-07-22 13:30:00,6111.2000
2025-07-22 13:40:00,6084.4460
2025-07-22 13:50:00,5960.8492
2025-07-22 14:00:00,6056.0065
2025-07-22 14:10:00,6023.2238
2025-07-22 14:20:00,6024.0983
2025-07-22 14:30:00,6135.8077
2025-07-22 14:40:00,5966.1697
2025-07-22 14:50:00,6083.1480
2025-07-22 15:00:00,6114.4412
2025-07-22 15:10:00,6095.8106
2025-07-22 15:20:00,6363.2824
2025-07-22 15:30:00,6128.4923
2025-07-22 15:40:00,6159.8047
2025-07-22 15:50:00,6041.9735
2025-07-22 16:00:00,6414.8753
2025-07-22 16:10:00,6335.7229
2025-07-22 16:20:00,6260.1251
2025-07-22 16:29:26,5944.1905
2025-07-22 16:30:00,5963.0000
2025-07-22 16:40:00,5957.3304
2025-07-22 16:50:00,5955.5827
2025-07-22 17:00:00,5972.8074
2025-07-22 17:10:00,5417.7273
2025-07-22 17:20:00,5634.0568
2025-07-22 17:30:00,5599.4746
2025-07-22 17:40:00,5468.8402
2025-07-22 17:50:00,5598.8580
2025-07-22 18:00:00,5417.7273
2025-07-22 18:10:00,5556.7893
2025-07-22 18:20:00,6240.8643
2025-07-22 18:30:00,5679.7715
2025-07-22 18:40:00,5470.3712
2025-07-22 18:50:00,6183.4817
2025-07-22 19:00:00,5944.1905
2025-07-22 19:10:00,5596.5167
2025-07-22 19:20:00,5944.1905
2025-07-22 19:30:00,6237.5906
2025-07-22 19:40:00,5757.2385
2025-07-22 19:50:00,5752.6216
2025-07-22 20:00:00,5744.4618
2025-07-22 20:10:00,5744.3020
2025-07-22 20:20:00,5417.7273
2025-07-22 20:30:00,5795.9756
2025-07-22 20:40:00,5564.5809
2025-07-22 20:50:00,5795.9760
2025-07-22 21:00:00,5746.5594
2025-07-22 21:10:00,5417.7273
2025-07-22 21:20:00,5566.5824
2025-07-22 21:30:00,5567.0644
2025-07-22 21:40:00,5417.7273
2025-07-22 21:50:00,6200.6718
2025-07-22 22:00:00,5974.6878
2025-07-22 22:10:00,5572.1706
2025-07-22 22:20:00,6237.1036
2025-07-22 22:30:00,5798.8081
2025-07-22 22:40:00,5417.7273
2025-07-22 22:50:00,5968.1600
2025-07-22 23:00:00,5762.1207
2025-07-22 23:10:00,5556.7290
2025-07-22 23:20:00,5795.9750
2025-07-22 23:30:00,5743.7013
2025-07-22 23:40:00,5417.7273
2025-07-22 23:50:00,5795.9740
2025-07-23 00:00:00,5562.6771
2025-07-23 00:10:00,5595.8182
2025-07-23 00:20:00,5562.5239
2025-07-23 00:30:00,5417.7273
2025-07-23 00:40:00,5600.2430
2025-07-23 00:50:00,5563.8864
2025-07-23 01:00:00,5745.3292
2025-07-23 01:10:00,5550.2300
2025-07-23 01:20:00,6191.3823
2025-07-23 01:30:00,5473.4434
2025-07-23 01:40:00,5609.9858
2025-07-23 01:50:00,5601.9091
2025-07-23 02:00:00,5972.5822
2025-07-23 02:10:00,5779.9650
2025-07-23 02:20:00,5950.9044
2025-07-23 02:30:00,5475.3252
2025-07-23 02:40:00,5601.9091
2025-07-23 02:50:00,5944.1905
2025-07-23 03:00:00,6195.9476
2025-07-23 03:10:00,5956.5009
2025-07-23 03:20:00,5949.8977
2025-07-23 03:30:00,5944.1905
2025-07-23 03:40:00,5944.1905
2025-07-23 03:50:00,6189.8855
2025-07-23 04:00:00,6251.1537
2025-07-23 04:10:00,6246.2750
2025-07-23 04:20:00,5957.9755
2025-07-23 04:30:00,5997.5506
2025-07-23 04:40:00,6186.1681
2025-07-23 04:50:00,5956.4482
2025-07-23 05:00:00,6196.8388
2025-07-23 05:10:00,6256.7370
2025-07-23 05:20:00,6059.6032
2025-07-23 05:30:00,6256.9313
2025-07-23 05:40:00,6245.8144
2025-07-23 05:50:00,5950.0917
2025-07-23 06:00:00,6016.9672
2025-07-23 06:10:00,6262.2378
2025-07-23 06:20:00,5963.0000
2025-07-23 06:30:00,5973.1169
2025-07-23 06:40:00,5972.3700
2025-07-23 06:50:00,5944.1905
2025-07-23 07:00:00,6182.3016
2025-07-23 07:10:00,5944.1905
2025-07-23 07:20:00,5651.7938
2025-07-23 07:30:00,5974.1824
2025-07-23 07:40:00,5974.6387
2025-07-23 07:50:00,5417.7273
2025-07-23 08:00:00,5781.8047
2025-07-23 08:10:00,5580.4843
2025-07-23 08:20:00,5598.1868
2025-07-23 08:30:00,5600.3381
2025-07-23 08:40:00,5607.9735
2025-07-23 08:50:00,5949.5768
2025-07-23 09:00:00,5474.9693
2025-07-23 09:10:00,5617.8331
2025-07-23 09:20:00,5600.4029
2025-07-23 09:30:00,5467.0046
2025-07-23 09:40:00,5661.3888
2025-07-23 09:50:00,5417.7273
2025-07-23 10:00:00,5555.8091
2025-07-23 10:10:00,5417.7273
2025-07-23 10:20:00,5655.0577
2025-07-23 10:30:00,5552.7736
2025-07-23 10:40:00,5552.2891
2025-07-23 10:50:00,5551.9605
2025-07-23 11:00:00,5556.9095
2025-07-23 11:10:00,5417.7273
2025-07-23 11:18:47,5559.7315
2025-07-23 11:20:00,5657.5328
2025-07-23 11:30:00,5550.6797
2025-07-23 11:40:00,5560.3064
2025-07-23 11:50:00,5417.7273
2025-07-23 12:00:00,5550.8981
2025-07-23 12:10:00,5971.7497
2025-07-23 12:20:00,5944.1905
2025-07-23 12:30:00,5600.2784
2025-07-23 12:40:00,5944.1905
2025-07-23 12:50:00,5651.0228
2025-07-23 13:00:00,5790.6073
2025-07-23 13:10:00,5950.1724
2025-07-23 13:20:00,5475.5065
2025-07-23 13:30:00,5600.3835
2025-07-23 13:40:00,5975.9202
2025-07-23 13:50:00,5970.2075
2025-07-23 14:00:00,5944.1905
2025-07-23 14:10:00,5975.3711
2025-07-23 14:20:00,5823.6034
2025-07-23 14:30:00,5956.4401
2025-07-23 14:40:00,6264.0951
2025-07-23 14:50:00,5950.5577
2025-07-23 15:00:00,5601.9091
2025-07-23 15:10:00,5944.1905
2025-07-23 15:20:00,5977.6670
2025-07-23 15:30:00,5944.1905
2025-07-23 15:40:00,5975.8710
2025-07-23 15:50:00,5630.5258
2025-07-23 16:00:00,5417.7273
2025-07-23 16:10:00,5972.7844
2025-07-23 16:20:00,5976.9792
2025-07-23 16:30:00,5665.8778
2025-07-23 16:40:00,5944.1905
2025-07-23 16:50:00,5417.7273
2025-07-23 17:00:00,5470.8495
2025-07-23 17:10:00,5944.1905
2025-07-23 17:20:00,5584.8928
2025-07-23 17:30:00,5417.7273
2025-07-23 17:40:00,5551.8272
2025-07-23 17:50:00,5417.7273
2025-07-23 18:00:00,5554.8528
2025-07-23 18:10:00,5949.5768
2025-07-23 18:20:00,5475.1868
2025-07-23 18:30:00,5974.4749
2025-07-23 18:40:00,5417.7273
2025-07-23 18:50:00,5974.3680
2025-07-23 19:00:00,5974.9590
2025-07-23 19:10:00,5600.3296
2025-07-23 19:20:00,5605.3097
2025-07-23 19:30:00,5599.6543
2025-07-23 19:40:00,5417.7273
2025-07-23 19:50:00,5553.5449
2025-07-23 20:00:00,5595.8182
2025-07-23 20:10:00,5595.8182
2025-07-23 20:20:00,5417.7273
2025-07-23 20:30:00,5562.0352
2025-07-23 20:40:00,5550.1731
2025-07-23 20:50:00,5563.7900
2025-07-23 21:00:00,5564.6023
2025-07-23 21:10:00,5595.8182
2025-07-23 21:20:00,5611.7163
2025-07-23 21:30:00,6245.7499
2025-07-23 21:40:00,5601.9091
2025-07-23 21:50:00,5973.3087
2025-07-23 22:00:00,5628.6248
2025-07-23 22:10:00,5601.9091
2025-07-23 22:20:00,5973.2803
2025-07-23 22:30:00,5693.7268
2025-07-23 22:40:00,5600.4156
2025-07-23 22:50:00,5582.2918
2025-07-23 23:00:00,5972.5129
2025-07-23 23:10:00,5601.9091
2025-07-23 23:20:00,5976.7608
2025-07-23 23:30:00,5646.7452
2025-07-23 23:40:00,5554.9691
2025-07-23 23:50:00,5944.1905
2025-07-24 00:00:00,5944.1905
2025-07-24 00:10:00,5601.9091
2025-07-24 00:20:00,5469.0548
2025-07-24 00:30:00,5470.7625
2025-07-24 00:40:00,5417.7273
2025-07-24 00:50:00,5784.4473
2025-07-24 01:00:00,5624.7193
2025-07-24 01:10:00,5554.3008
2025-07-24 01:20:00,5553.0854
2025-07-24 01:30:00,5417.7273
2025-07-24 01:40:00,5552.9040
2025-07-24 01:50:00,5569.1122
2025-07-24 02:00:00,5417.7273
2025-07-24 02:10:00,5599.7409
2025-07-24 02:20:00,5595.8182
2025-07-24 02:30:00,5549.8377
2025-07-24 02:40:00,5417.7273
2025-07-24 02:50:00,5950.1299
2025-07-24 03:00:00,5600.2490
2025-07-24 03:10:00,5652.3754
2025-07-24 03:20:00,5417.7273
2025-07-24 03:30:00,5417.7273
2025-07-24 03:40:00,5782.2428
2025-07-24 03:50:00,5600.2624
2025-07-24 04:00:00,5605.3097
2025-07-24 04:10:00,5552.4879
2025-07-24 04:20:00,5417.7273
2025-07-24 04:30:00,5417.7273
2025-07-24 04:40:00,5551.7202
2025-07-24 04:50:00,5550.8655
2025-07-24 05:00:00,5417.7273
2025-07-24 05:10:00,5561.8884
2025-07-24 05:20:00,5600.2461
2025-07-24 05:30:00,5754.0669
2025-07-24 05:40:00,5600.2327
2025-07-24 05:50:00,5595.8182
2025-07-24 06:00:00,5630.8847
2025-07-24 06:10:00,5976.3114
2025-07-24 06:20:00,5601.9091
2025-07-24 06:30:00,5611.0704
2025-07-24 06:40:00,5610.0889
2025-07-24 06:50:00,5417.7273
2025-07-24 07:00:00,5973.1188
2025-07-24 07:10:00,5653.0343
2025-07-24 07:20:00,5553.6171
2025-07-24 07:30:00,5470.4016
2025-07-24 07:40:00,5944.1905
2025-07-24 07:50:00,5948.8447
2025-07-24 08:00:00,5972.8024
2025-07-24 08:10:00,5615.5466
2025-07-24 08:20:00,5417.7273
2025-07-24 08:30:00,5790.3916
2025-07-24 08:40:00,6203.5596
2025-07-24 08:50:00,5601.9091
2025-07-24 09:00:00,5553.8072
2025-07-24 09:10:00,5576.3273
2025-07-24 09:20:00,5601.9091
2025-07-24 09:30:00,5662.9409
2025-07-24 09:40:00,5972.4682
2025-07-24 09:50:00,5600.4145
2025-07-24 10:00:00,5600.3609
2025-07-24 10:10:00,5417.7273
2025-07-24 10:20:00,5417.7273
2025-07-24 10:30:00,5552.0332
2025-07-24 10:40:00,5742.8262
2025-07-24 10:50:00,5657.6546
2025-07-24 11:00:00,5417.7273
2025-07-24 11:10:00,5595.8182
2025-07-24 11:20:00,6200.0742
2025-07-24 11:30:00,5601.9091
2025-07-24 11:40:00,5619.8515
2025-07-24 11:50:00,5944.1905
2025-07-24 12:00:00,5600.5696
2025-07-24 12:10:00,5474.8756
2025-07-24 12:20:00,6242.2283
2025-07-24 12:30:00,5599.4336
2025-07-24 12:40:00,5944.1905
2025-07-24 12:50:00,5470.9627
2025-07-24 13:00:00,5556.0805
2025-07-24 13:10:00,5601.9091
2025-07-24 13:20:00,5417.7273
2025-07-24 13:30:00,5553.4843
2025-07-24 13:40:00,5564.2771
2025-07-24 13:50:00,5417.7273
2025-07-24 14:00:00,5595.8182
2025-07-24 14:10:00,5551.4575
2025-07-24 14:20:00,5417.7273
2025-07-24 14:30:00,5559.7315
2025-07-24 14:40:00,5744.3020
2025-07-24 14:50:00,5417.7273
2025-07-24 15:00:00,5949.8679
2025-07-24 15:10:00,5470.3960
2025-07-24 15:20:00,5652.3710
2025-07-24 15:30:00,5417.7273
2025-07-24 15:40:00,5944.1905
2025-07-24 15:50:00,5944.1905
2025-07-24 16:00:00,5601.9091
2025-07-24 16:10:00,5632.4259
2025-07-24 16:20:00,5630.5604
2025-07-24 16:30:00,5944.1905
2025-07-24 16:40:00,5972.7581
2025-07-24 16:50:00,5801.1172
2025-07-24 17:00:00,5595.8182
2025-07-24 17:10:00,5601.9091
2025-07-24 17:20:00,5791.4289
2025-07-24 17:30:00,5944.1905
2025-07-24 17:40:00,5601.9091
2025-07-24 17:50:00,5417.7273
2025-07-24 18:00:00,5595.8182
2025-07-24 18:10:00,5798.3766
2025-07-24 18:20:00,5950.0162
2025-07-24 18:30:00,5601.9091
2025-07-24 18:40:00,5601.9091
2025-07-24 18:50:00,5417.7273
2025-07-24 19:00:00,5595.8182
2025-07-24 19:10:00,5641.5816
2025-07-24 19:20:00,5619.3067
2025-07-24 19:30:00,5578.8315
2025-07-24 19:40:00,5552.5718
2025-07-24 19:50:00,5417.7273
2025-07-24 20:00:00,5555.0230
2025-07-24 20:10:00,5550.9310
2025-07-24 20:20:00,5550.3670
2025-07-24 20:30:00,5417.7273
2025-07-24 20:40:00,5972.5000
2025-07-24 20:50:00,5417.7273
2025-07-24 21:00:00,5616.3600
2025-07-24 21:10:00,5470.1228
2025-07-24 21:20:00,5974.2525
2025-07-24 21:30:00,5944.1905
2025-07-24 21:40:00,5944.1905
2025-07-24 21:50:00,5618.0569
2025-07-24 22:00:00,5417.7273
2025-07-24 22:10:00,5552.2311
2025-07-24 22:20:00,5741.7597
2025-07-24 22:30:00,5417.7273
2025-07-24 22:40:00,5550.5777
2025-07-24 22:50:00,5743.4434
2025-07-24 23:00:00,5417.7273
2025-07-24 23:10:00,5417.7273
2025-07-24 23:20:00,5572.1508
2025-07-24 23:30:00,5600.2560
2025-07-24 23:40:00,5600.2416
2025-07-24 23:50:00,5549.9739
2025-07-25 00:00:00,6247.4787
2025-07-25 00:10:00,5601.9091
2025-07-25 00:20:00,5628.2628
2025-07-25 00:30:00,5417.7273
2025-07-25 00:40:00,5595.8182
2025-07-25 00:50:00,5944.1905
2025-07-25 01:00:00,6247.8939
2025-07-25 01:10:00,5475.4875
2025-07-25 01:20:00,5624.1233
2025-07-25 01:30:00,5944.1905
2025-07-25 01:40:00,5950.9587
2025-07-25 01:50:00,5956.7734
2025-07-25 02:00:00,5949.4602
2025-07-25 02:10:00,5944.1905
2025-07-25 02:20:00,5950.3680
2025-07-25 02:30:00,6191.0267
2025-07-25 02:40:00,5801.3636
2025-07-25 02:50:00,5949.5027
2025-07-25 03:00:00,5795.8514
2025-07-25 03:10:00,6183.7358
2025-07-25 03:20:00,5944.1905
2025-07-25 03:30:00,6246.0995
2025-07-25 03:40:00,5595.8182
2025-07-25 03:50:00,5590.2220
2025-07-25 04:00:00,5944.1905
2025-07-25 04:10:00,6249.1447
2025-07-25 04:20:00,5590.9965
2025-07-25 04:30:00,5944.1905
2025-07-25 04:40:00,5944.1905
2025-07-25 04:50:00,5944.1905
2025-07-25 05:00:00,5788.3980
2025-07-25 05:10:00,5601.9091
2025-07-25 05:20:00,5602.4580
2025-07-25 05:30:00,5590.1856
2025-07-25 05:40:00,5595.8182
2025-07-25 05:50:00,5555.4781
2025-07-25 06:00:00,5417.7273
2025-07-25 06:10:00,5558.7538
2025-07-25 06:20:00,5595.8182
2025-07-25 06:30:00,5557.8025
2025-07-25 06:40:00,5564.6691
2025-07-25 06:50:00,5604.7601
2025-07-25 07:00:00,5595.8182
2025-07-25 07:10:00,5659.9129
2025-07-25 07:20:00,5944.1905
2025-07-25 07:30:00,5944.1905
2025-07-25 07:40:00,5640.8058
2025-07-25 07:50:00,5474.7636
2025-07-25 08:00:00,5628.2628
2025-07-25 08:10:00,5771.8387
2025-07-25 08:20:00,5552.5718
2025-07-25 08:30:00,5560.0695
2025-07-25 08:40:00,5417.7273
2025-07-25 08:50:00,5552.9129
2025-07-25 09:00:00,5595.8182
2025-07-25 09:10:00,5551.2017
2025-07-25 09:20:00,5551.5308
2025-07-25 09:30:00,5417.7273
2025-07-25 09:40:00,5550.3670
2025-07-25 09:50:00,5679.2018
2025-07-25 10:00:00,5549.7877
2025-07-25 10:10:00,5799.9499
2025-07-25 10:20:00,5772.9057
2025-07-25 10:30:00,5417.7273
2025-07-25 10:40:00,5601.6770
2025-07-25 10:50:00,5595.8182
2025-07-25 11:00:00,5417.7273
2025-07-25 11:10:00,5944.1905
2025-07-25 11:20:00,5621.6291
2025-07-25 11:30:00,5470.7331
2025-07-25 11:40:00,5417.7273
2025-07-25 11:50:00,5583.1198
2025-07-25 12:00:00,5417.7273
2025-07-25 12:10:00,5748.6274
2025-07-25 12:20:00,5595.8182
2025-07-25 12:30:00,5417.7273
2025-07-25 12:40:00,5550.5195
2025-07-25 12:50:00,5657.9916
2025-07-25 13:00:00,5595.8182
2025-07-25 13:10:00,5550.0063
2025-07-25 13:20:00,5417.7273
2025-07-25 13:30:00,5595.8182
2025-07-25 13:40:00,5949.3061
2025-07-25 13:50:00,5654.2290
2025-07-25 14:00:00,5471.0728
2025-07-25 14:10:00,5612.8623
2025-07-25 14:20:00,6182.9753
2025-07-25 14:30:00,5417.7273
2025-07-25 14:40:00,5972.7200
2025-07-25 14:50:00,5620.4933
2025-07-25 15:00:00,5417.7273
2025-07-25 15:10:00,5972.3915
2025-07-25 15:20:00,5944.1905
2025-07-25 15:30:00,5417.7273
2025-07-25 15:40:00,5770.5252
2025-07-25 15:50:00,5564.7484
2025-07-25 16:00:00,5547.5688
2025-07-25 16:10:00,5762.8360
2025-07-25 16:20:00,5417.7273
2025-07-25 16:30:00,5551.9057
2025-07-25 16:40:00,5417.7273
2025-07-25 16:50:00,5551.1736
2025-07-25 17:00:00,5553.4716
2025-07-25 17:10:00,5644.4987
2025-07-25 17:20:00,5600.6163
2025-07-25 17:30:00,5466.6815
2025-07-25 17:40:00,5604.3662
2025-07-25 17:50:00,5590.7612
2025-07-25 18:00:00,5417.7273
2025-07-25 18:10:00,6183.6695
2025-07-25 18:20:00,5552.4010
2025-07-25 18:30:00,5417.7273
2025-07-25 18:40:00,5550.8655
2025-07-25 18:50:00,5417.7273
2025-07-25 19:00:00,5417.7273
2025-07-25 19:10:00,5417.7273
2025-07-25 19:20:00,5561.1736
2025-07-25 19:30:00,5658.2047
2025-07-25 19:40:00,5595.8182
2025-07-25 19:50:00,5417.7273
2025-07-25 19:58:21,5599.7940
2025-07-25 20:00:00,5417.7273
2025-07-25 20:10:00,5944.1905
2025-07-25 20:20:00,6248.4246
2025-07-25 20:30:00,5601.9091
2025-07-25 20:40:00,5470.5830
2025-07-25 20:50:00,5614.4917
2025-07-25 21:00:00,5417.7273
2025-07-25 21:10:00,6215.6180
2025-07-25 21:20:00,5975.9415
2025-07-25 21:30:00,5600.2370
2025-07-25 21:40:00,5554.1972
2025-07-25 21:50:00,5972.9056
2025-07-25 22:00:00,5944.1905
2025-07-25 22:10:00,6244.4600
2025-07-25 22:20:00,5658.5344
2025-07-25 22:30:00,5601.9091
2025-07-25 22:40:00,5955.9657
2025-07-25 22:50:00,6142.4401
2025-07-25 23:00:00,5417.7273
2025-07-25 23:10:00,5417.7273
2025-07-25 23:20:00,5944.1905
2025-07-25 23:30:00,5972.6027
2025-07-25 23:40:00,5475.3086
2025-07-25 23:50:00,5629.0942
2025-07-26 00:00:00,5600.4325
2025-07-26 00:10:00,5417.7273
2025-07-26 00:20:00,5558.7538
2025-07-26 00:30:00,5417.7273
2025-07-26 00:40:00,5655.9848
2025-07-26 00:50:00,5551.4143
2025-07-26 01:00:00,5557.4406
2025-07-26 01:10:00,5550.6115
2025-07-26 01:20:00,5417.7273
2025-07-26 01:30:00,6247.3262
2025-07-26 01:40:00,5601.9091
2025-07-26 01:50:00,5601.9091
2025-07-26 02:00:00,5617.9154
2025-07-26 02:10:00,5417.7273
2025-07-26 02:20:00,5977.1059
2025-07-26 02:30:00,5949.2842
2025-07-26 02:40:00,5595.8182
2025-07-26 02:50:00,5600.2898
2025-07-26 03:00:00,5601.9091
2025-07-26 03:10:00,5800.2095
2025-07-26 03:20:00,5977.7504
2025-07-26 03:30:00,5475.5556
2025-07-26 03:40:00,5595.8182
2025-07-26 03:50:00,5417.7273
2025-07-26 04:00:00,5969.5807
2025-07-26 04:10:00,5417.7273
2025-07-26 04:20:00,5944.1905
2025-07-26 04:30:00,5472.9487
2025-07-26 04:40:00,5595.8182
2025-07-26 04:50:00,5956.5932
2025-07-26 05:00:00,5944.1905
2025-07-26 05:10:00,5600.2261
2025-07-26 05:20:00,5611.0704
2025-07-26 05:30:00,5466.9704
2025-07-26 05:40:00,5681.3330
2025-07-26 05:50:00,5601.9091
2025-07-26 06:00:00,5583.7704
2025-07-26 06:10:00,5417.7273
2025-07-26 06:20:00,5556.8052
2025-07-26 06:30:00,5551.5239
2025-07-26 06:40:00,5557.4406
2025-07-26 06:50:00,5599.7657
2025-07-26 07:00:00,5563.3198
2025-07-26 07:10:00,5949.8176
2025-07-26 07:20:00,5474.7106
2025-07-26 07:30:00,5417.7273
2025-07-26 07:40:00,5585.4675
2025-07-26 07:50:00,5417.7273
2025-07-26 08:00:00,5944.1905
2025-07-26 08:10:00,5417.7273
2025-07-26 08:20:00,5591.4934
2025-07-26 08:30:00,5552.6612
2025-07-26 08:40:00,5417.7273
2025-07-26 08:50:00,5565.3528
2025-07-26 09:00:00,5550.9310
2025-07-26 09:10:00,5595.8182
2025-07-26 09:20:00,5417.7273
2025-07-26 09:30:00,5417.7273
2025-07-26 09:40:00,5550.3754
2025-07-26 09:50:00,5417.7273
2025-07-26 10:00:00,5595.8182
2025-07-26 10:04:04,5595.8182
2025-07-26 10:10:00,5657.8477
2025-07-26 10:20:00,5812.1818
2025-07-26 10:30:00,5417.7273
2025-07-26 10:40:00,5417.7273
2025-07-26 10:50:00,5679.3702
2025-07-26 11:00:00,5550.3167
2025-07-26 11:10:00,5550.3167
2025-07-26 11:13:32,192.0476
2025-07-26 11:13:36,0.0000
2025-07-26 11:13:38,0.0000
2025-07-26 11:20:00,0.0000
2025-07-26 11:28:31,0.0000
2025-07-26 11:30:00,0.0000
2025-07-26 11:40:00,0.0000
2025-07-26 11:50:00,0.0000
2025-07-26 12:00:00,0.0000
2025-07-26 12:10:00,0.0000
2025-07-27 10:30:00,2774.0145
2025-07-27 11:00:00,2774.0845
2025-07-27 16:00:00,2773.4220
2025-07-27 16:10:00,2773.4104
2025-07-27 16:20:00,2773.5494
2025-07-27 17:00:00,2773.8561
2025-07-27 17:30:00,2773.4640
2025-07-27 18:50:00,2773.9112
2025-07-27 19:00:00,2774.3734
2025-07-27 19:50:00,2773.3026
2025-07-27 20:00:00,2773.4012
2025-07-27 22:00:00,2773.8943
2025-07-27 22:10:00,2773.9143
2025-07-27 22:40:00,2774.5208
2025-07-27 23:00:00,2773.8863
2025-07-27 23:50:00,2772.9329
2025-07-28 00:10:00,2773.0097
2025-07-28 00:30:00,2772.9277
2025-07-28 01:40:00,2772.5924
2025-07-28 04:00:00,2772.8800
2025-07-28 04:10:00,2773.3270
2025-07-28 04:50:00,2773.8561
2025-07-28 05:10:00,2773.3846
2025-07-28 05:40:00,2772.6625
2025-07-28 05:50:00,2773.4871
2025-07-28 06:00:00,2772.9337
2025-07-28 06:20:00,2772.5809
2025-07-28 06:30:00,2772.5749
2025-07-28 06:50:00,2772.3003
2025-07-28 07:00:00,2773.2345
2025-07-28 07:10:00,2773.9545
2025-07-28 07:50:00,2774.4106
2025-07-28 08:00:00,2775.2978
2025-07-28 08:30:00,2776.2989
2025-07-28 08:40:00,2774.6355
2025-07-28 08:50:00,2774.5714
2025-07-28 09:50:00,2773.8943
2025-07-28 10:10:00,2774.5162
2025-07-28 11:00:00,2774.5005
2025-07-28 11:50:00,2772.9508
2025-07-28 12:00:00,2772.3089
2025-07-28 12:40:00,2773.8238
2025-07-28 13:10:00,2776.2613
2025-07-28 13:20:00,2776.3635
2025-07-28 13:40:00,2773.8793
2025-07-28 14:10:00,2772.9947
2025-07-28 14:30:00,2773.3309
2025-07-28 16:20:00,2773.6035
2025-07-28 17:00:00,2772.5494
2025-07-28 17:10:00,2772.9759
2025-07-28 17:20:00,2772.6068
2025-07-28 17:30:00,2772.8942
2025-07-28 17:40:00,2773.4075
2025-07-28 17:50:00,2773.3086
2025-07-28 18:20:00,2773.2811
2025-07-28 18:30:00,2773.4018
2025-07-28 19:00:00,2773.9686
2025-07-28 19:10:00,2773.9402
2025-07-28 19:40:00,2773.7375
2025-07-28 19:50:00,2773.8741
2025-07-28 20:10:00,2774.3304
2025-07-28 21:00:00,2772.9352
2025-07-28 21:50:00,2773.0236
2025-07-28 22:40:00,2773.9048
2025-07-28 22:50:00,2773.9002
2025-07-28 23:20:00,2773.9502
2025-07-28 23:30:00,2773.3620
2025-07-28 23:50:00,2772.6408
2025-07-29 00:10:00,2772.3086
2025-07-29 00:20:00,2772.5749
2025-07-29 01:20:00,2772.0076
2025-07-29 01:30:00,2771.8073
2025-07-29 02:20:00,2772.0414
2025-07-29 02:30:00,2772.0530
2025-07-29 02:40:00,2771.8462
2025-07-29 03:10:00,2773.0174
2025-07-29 03:30:00,2772.6758
2025-07-29 04:30:00,2773.3618
2025-07-29 05:10:00,2774.5048
2025-07-29 05:30:00,2772.8906
2025-07-29 06:10:00,2772.6355
2025-07-29 07:20:00,2775.1399
2025-07-29 08:30:00,2773.3192
2025-07-29 08:50:00,2772.2734
2025-07-29 09:10:00,2772.2863
2025-07-29 09:30:00,2772.0102
2025-07-29 09:50:00,2772.2674
2025-07-29 10:10:00,2772.5849
2025-07-29 10:30:00,2772.8138
2025-07-29 10:50:00,2772.8339
2025-07-29 11:10:00,2772.8865
2025-07-29 11:40:00,2772.5730
2025-07-29 11:50:02,2772.0281
2025-07-29 12:00:00,2771.2872
2025-07-29 12:50:00,2772.5588
2025-07-29 13:00:00,2773.2416
2025-07-29 13:10:00,2772.5339
2025-07-29 13:20:00,2772.9569
2025-07-29 13:40:00,2773.3590
2025-07-29 14:00:00,2773.2970
2025-07-29 14:10:00,2773.8281
2025-07-29 14:30:00,2773.2888
2025-07-29 14:40:00,2772.9305
2025-07-29 15:10:00,2772.2540
2025-07-29 15:20:00,2772.2738
2025-07-29 16:00:00,2771.9911
2025-07-29 16:10:00,2771.7927
2025-07-29 16:30:00,2771.5900
2025-07-29 16:40:00,2771.4275
2025-07-29 17:00:00,2771.7154
