Reading Time,discharge_pressure
2025-02-01 10:00:00,1546.2648411701123
2025-02-01 10:30:00,1546.2648355451402
2025-02-01 11:00:00,2037.9878491486118
2025-02-01 11:30:00,2038.0782228070366
2025-02-01 12:00:00,2038.1523019176482
2025-02-01 12:30:00,1546.2648227939424
2025-02-01 13:00:00,1546.2648180038905
2025-02-01 13:30:00,1546.2648151673354
2025-02-01 14:00:00,1546.2648109831716
2025-02-01 14:30:00,1546.2648098854818
2025-02-01 15:00:00,1546.2648081015534
2025-02-01 15:30:00,1546.264805810387
2025-02-01 16:00:00,2038.7544962277805
2025-02-01 16:30:00,2038.7595936382284
2025-02-01 17:00:00,2104.3113584973125
2025-02-01 17:30:00,2212.630793455888
2025-02-01 18:00:00,2234.6229200311373
2025-02-01 18:30:00,2234.2451979014227
2025-02-01 19:00:00,2234.056493817105
2025-02-01 19:30:00,2234.496244157215
2025-02-01 20:00:00,2235.312903310834
2025-02-01 20:30:00,2231.149022608763
2025-02-01 21:00:00,2232.814888866553
2025-02-01 21:30:00,2227.304366971439
2025-02-01 22:00:00,2232.853994011117
2025-02-01 22:30:00,2235.314133063682
2025-02-01 23:00:00,2235.3139015250517
2025-02-01 23:30:00,2235.3132361216435
2025-02-02 00:00:00,2235.3130261691495
2025-02-02 00:30:00,2234.810280151278
2025-02-02 01:00:00,2233.4282252586145
2025-02-02 01:30:00,2233.6167227413994
2025-02-02 02:00:00,2235.3123344573423
2025-02-02 02:30:00,2232.926711738967
2025-02-02 03:00:00,2233.805233785929
2025-02-02 03:30:00,2234.0563196335324
2025-02-02 04:00:00,2235.3120376064808
2025-02-02 04:30:00,2233.993549141406
2025-02-02 05:00:00,2235.1873331315414
2025-02-02 05:30:00,2235.3134996106205
2025-02-02 06:00:00,2235.3147137996402
2025-02-02 06:30:00,2235.1260184260555
2025-02-02 07:00:00,2233.6162085501833
2025-02-02 07:30:00,2234.2453725614396
2025-02-02 08:00:00,2235.3147477284274
2025-02-02 08:30:00,2234.371130679785
2025-02-02 09:00:00,2234.5602107669047
2025-02-02 09:30:00,2233.4895895802842
2025-02-02 10:00:00,2233.552503884249
2025-02-02 10:30:00,2233.4268435352574
2025-02-02 11:00:00,2234.3085511137087
2025-02-02 11:30:00,2235.315632353233
2025-02-02 12:00:00,2229.9303832472137
2025-02-02 12:30:00,2235.315606592486
2025-02-02 13:00:00,2233.5209547821246
2025-02-02 13:30:00,2226.3371541343677
2025-02-02 14:00:00,2235.315514557164
2025-02-02 14:30:00,2235.31420808792
2025-02-02 15:00:00,2235.313723722061
2025-02-02 15:30:00,2235.3133737473427
2025-02-02 16:00:00,2223.7931466591785
2025-02-02 16:30:00,1300.9086930909666
2025-02-02 17:00:00,529.811582691239
2025-02-02 17:30:00,2232.88990399316
2025-02-02 18:00:00,2234.1843540673613
2025-02-02 18:30:00,2101.542230666627
2025-02-02 19:00:00,1827.84104110267
2025-02-02 19:30:00,1827.959164050719
2025-02-02 20:00:00,1964.122782554725
2025-02-02 20:30:00,2133.5296132037133
2025-02-02 21:00:00,2135.855373837557
2025-02-02 21:30:00,2134.7015590425804
2025-02-02 22:00:00,2131.7808508521152
2025-02-02 22:30:00,2131.789433212536
2025-02-02 23:00:00,2132.965209449168
2025-02-02 23:30:00,2131.7495802759777
2025-02-03 00:00:00,2131.632282727952
2025-02-03 00:30:00,2131.6318352100648
2025-02-03 01:00:00,2131.7216458920557
2025-02-03 01:30:00,2132.013564502836
2025-02-03 02:00:00,2131.7399967407846
2025-02-03 02:30:00,2132.010339976502
2025-02-03 03:00:00,2131.780291200998
2025-02-03 03:30:00,2137.0025609404565
2025-02-03 04:00:00,2095.834132404705
2025-02-03 04:30:00,2144.0348909179643
2025-02-03 05:00:00,2041.5427843610894
2025-02-03 05:30:00,1904.4693555992983
2025-02-03 06:00:00,1915.518055389148
2025-02-03 06:30:00,1935.8886908255797
2025-02-03 07:00:00,1911.332433711577
2025-02-03 07:30:00,1834.4329034606974
2025-02-03 08:00:00,2035.9630090056403
2025-02-03 08:30:00,1914.1417636975739
2025-02-03 09:00:00,1980.4502024018645
2025-02-03 09:30:00,1886.033999299692
2025-02-03 10:00:00,1936.514952274375
2025-02-03 10:30:00,1816.2121502057425
2025-02-03 11:00:00,1769.1449960589391
2025-02-03 11:30:00,1721.2500723550081
2025-02-03 12:00:00,1757.0429968042627
2025-02-03 12:30:00,1731.9929454157111
2025-02-03 13:00:00,1722.6433424522534
2025-02-03 13:30:00,1807.9757556873994
2025-02-03 14:00:00,1877.0873653442966
2025-02-03 14:30:00,1888.402134892855
2025-02-03 15:00:00,1992.2921425012507
2025-02-03 15:30:00,1807.8634736980991
2025-02-03 16:00:00,1762.5689573358652
2025-02-03 16:30:00,1774.1145780690213
2025-02-03 17:00:00,1846.952950876791
2025-02-03 17:30:00,1843.3584845070375
2025-02-03 18:00:00,1920.2974659127206
2025-02-03 18:30:00,2021.4039409016955
2025-02-03 19:00:00,2004.9637002925635
2025-02-03 19:30:00,2042.0672997517415
2025-02-03 20:00:00,2005.0118952156188
2025-02-03 20:30:00,2005.053436155505
2025-02-03 21:00:00,2005.1091791265324
2025-02-03 21:30:00,2005.180450231161
2025-02-03 22:00:00,2008.4486930813234
2025-02-03 22:30:00,2029.4585823550403
2025-02-03 23:00:00,2005.0559098725214
2025-02-03 23:30:00,2004.9482711122955
2025-02-04 00:00:00,2004.993471849622
2025-02-04 00:30:00,2009.0482093313638
2025-02-04 01:00:00,2004.9628735091076
2025-02-04 01:30:00,2013.3943089550005
2025-02-04 02:00:00,2005.1748959466838
2025-02-04 02:30:00,2005.2032286049107
2025-02-04 03:00:00,1990.0161037796877
2025-02-04 03:30:00,2017.8966159773663
2025-02-04 04:00:00,2026.2655047873168
2025-02-04 04:30:00,2034.644512303378
2025-02-04 05:00:00,2034.2833466145462
2025-02-04 05:30:00,2097.046285903277
2025-02-04 06:00:00,2013.5191579923103
2025-02-04 06:30:00,2030.54704966746
2025-02-04 07:00:00,2005.130759508375
2025-02-04 07:30:00,2004.9753387094077
2025-02-04 08:00:00,1994.7960421322075
2025-02-04 08:30:00,2072.5695081504214
2025-02-04 09:00:00,1983.1319177423647
2025-02-04 09:30:00,1959.5198158249093
2025-02-04 10:00:00,2005.1365909088736
2025-02-04 10:30:00,2005.1049215445385
2025-02-04 11:00:00,2005.103402430012
2025-02-04 11:30:00,2005.1812150031606
2025-02-04 12:00:00,2005.072725674617
2025-02-04 12:30:00,2004.9848817253953
2025-02-04 13:00:00,2009.323641260082
2025-02-04 13:30:00,2009.4927879437455
2025-02-04 14:00:00,2005.2312600411499
2025-02-04 14:30:00,2058.509052421104
2025-02-04 15:00:00,2097.1467339185097
2025-02-04 15:30:00,2020.7784394100854
2025-02-04 16:00:00,2126.1875027618876
2025-02-04 16:30:00,2132.177211012485
2025-02-04 17:00:00,2132.009431954758
2025-02-04 17:30:00,2131.6097788214565
2025-02-04 18:00:00,2131.4729530725517
2025-02-04 18:30:00,2131.4550300186766
2025-02-04 19:00:00,2131.625352844388
2025-02-04 19:30:00,2131.676650545726
2025-02-04 20:00:00,2131.745941466936
2025-02-04 20:30:00,2132.567082334496
2025-02-04 21:00:00,2133.1293619811395
2025-02-04 21:30:00,2131.4134743397126
2025-02-04 22:00:00,2073.008079535686
2025-02-04 22:30:00,1874.9358901691717
2025-02-04 23:00:00,1739.005528022003
2025-02-04 23:30:00,2047.3043039977247
2025-02-05 00:00:00,1927.810148333112
2025-02-05 00:30:00,2120.7782085758286
2025-02-05 01:00:00,2130.2573458143493
2025-02-05 01:30:00,1950.7804183586884
2025-02-05 02:00:00,1758.746889835812
2025-02-05 02:30:00,1910.154966596276
2025-02-05 03:00:00,1842.9494336296202
2025-02-05 03:30:00,1919.7579864619227
2025-02-05 04:00:00,1914.6135820327738
2025-02-05 04:30:00,1919.4072704458224
2025-02-05 05:00:00,2037.0546632653677
2025-02-05 05:30:00,2019.5601177615374
2025-02-05 06:00:00,1994.8080909286284
2025-02-05 06:30:00,1999.8772698314817
2025-02-05 07:00:00,2014.8350795114104
2025-02-05 07:30:00,2019.8432418425098
2025-02-05 08:00:00,2019.815977176721
2025-02-05 08:30:00,2019.857842490728
2025-02-05 09:00:00,2047.6161866548798
2025-02-05 09:30:00,2087.495115438035
2025-02-05 10:00:00,2075.022818947361
2025-02-05 10:30:00,2087.4976269956765
2025-02-05 11:00:00,2087.5601773558665
2025-02-05 11:30:00,2079.1796299599273
2025-02-05 12:00:00,2062.034452964383
2025-02-05 12:30:00,2068.114518741481
2025-02-05 13:00:00,2063.9182861776776
2025-02-05 13:30:00,2087.4725558346167
2025-02-05 14:00:00,2087.505371888458
2025-02-05 14:30:00,2087.5503762084827
2025-02-05 15:00:00,2087.5854366305493
2025-02-05 15:30:00,2089.864559943604
2025-02-05 16:00:00,2101.2109085786387
2025-02-05 16:30:00,2114.534563080498
2025-02-05 17:00:00,2143.493082882372
2025-02-05 17:30:00,2103.146673184253
2025-02-05 18:00:00,2116.598383922853
2025-02-05 18:30:00,2119.689564880807
2025-02-05 19:00:00,2118.7820355522495
2025-02-05 19:30:00,2116.8074898466834
2025-02-05 20:00:00,2119.3993305128824
2025-02-05 20:30:00,2110.5359944201787
2025-02-05 21:00:00,1973.4630153174614
2025-02-05 21:30:00,1652.4942531036465
2025-02-05 22:00:00,1896.6764939370464
2025-02-05 22:30:00,2077.058136695081
2025-02-05 23:00:00,2078.029081099676
2025-02-05 23:30:00,2063.452709824975
2025-02-06 00:00:00,2107.3591744921296
2025-02-06 00:30:00,2107.460425105148
2025-02-06 01:00:00,2089.9858705361753
2025-02-06 01:30:00,2043.2640032890508
2025-02-06 02:00:00,2049.143692763445
2025-02-06 02:30:00,2024.4111361032167
2025-02-06 03:00:00,2052.8052474857
2025-02-06 03:30:00,2051.49643167801
2025-02-06 04:00:00,2059.8065908568487
2025-02-06 04:30:00,2087.517319391488
2025-02-06 05:00:00,2070.8705441631732
2025-02-06 05:30:00,2065.3249981021518
2025-02-06 06:00:00,2087.502114762732
2025-02-06 06:30:00,2087.5298101079534
2025-02-06 07:00:00,2087.527391356066
2025-02-06 07:30:00,2087.5097220051857
2025-02-06 08:00:00,2087.5140038499067
2025-02-06 08:30:00,2087.510093773495
2025-02-06 09:00:00,2083.349924175677
2025-02-06 09:30:00,2087.5028819439326
2025-02-06 10:00:00,2083.3285118903686
2025-02-06 10:30:00,2087.4905547412104
2025-02-06 11:00:00,2095.1202131234872
2025-02-06 11:30:00,2089.0113084721165
2025-02-06 12:00:00,2116.215790168497
2025-02-06 12:30:00,2118.58605876866
2025-02-06 13:00:00,2118.891971986315
2025-02-06 13:30:00,2116.9289038660645
2025-02-06 14:00:00,2116.778279448586
2025-02-06 14:30:00,2121.481250462884
2025-02-06 15:00:00,2116.56981200815
2025-02-06 15:30:00,2118.1256879183616
2025-02-06 16:00:00,2063.687579920829
2025-02-06 16:30:00,2092.7032788051133
2025-02-06 17:00:00,2048.867052693279
2025-02-06 17:30:00,2092.9054579946337
2025-02-06 18:00:00,2107.5757103765286
2025-02-06 18:30:00,2102.152794448639
2025-02-06 19:00:00,2041.4336832987092
2025-02-06 19:30:00,2043.7830607465762
2025-02-06 20:00:00,2045.8906183969925
2025-02-06 20:30:00,2045.9154742120752
2025-02-06 21:00:00,2064.7096748026047
2025-02-06 21:30:00,2052.652471723647
2025-02-06 22:00:00,2054.257307251647
2025-02-06 22:30:00,2068.1222355100817
2025-02-06 23:00:00,2087.531419455962
2025-02-06 23:30:00,2087.487335599697
2025-02-07 00:00:00,2077.777875812234
2025-02-07 00:30:00,2079.165203599035
2025-02-07 01:00:00,2047.2822431849343
2025-02-07 01:30:00,2048.6162059079056
2025-02-07 02:00:00,2066.752351967259
2025-02-07 02:30:00,2069.526658447007
2025-02-07 03:00:00,2045.956005246548
2025-02-07 03:30:00,2045.9560007823482
2025-02-07 04:00:00,2048.725740706065
2025-02-07 04:30:00,2072.755450540925
2025-02-07 05:00:00,2083.0893220137905
2025-02-07 05:30:00,2087.4104283502234
2025-02-07 06:00:00,2062.510125230016
2025-02-07 06:30:00,2055.630236031223
2025-02-07 07:00:00,2087.5139137619253
2025-02-07 07:30:00,2087.5222517268417
2025-02-07 08:00:00,2087.519975112124
2025-02-07 08:30:00,2087.516830031618
2025-02-07 09:00:00,2078.322123618023
2025-02-07 09:30:00,2069.85134490218
2025-02-07 10:00:00,2068.0500155809377
2025-02-07 10:30:00,2070.805807972066
2025-02-07 11:00:00,2087.469796217
2025-02-07 11:30:00,2087.5291299621213
2025-02-07 12:00:00,2087.520215584138
2025-02-07 12:30:00,2087.4917464731657
2025-02-07 13:00:00,2087.4913991874187
2025-02-07 13:30:00,2082.864972344541
2025-02-07 14:00:00,2066.7638399250545
2025-02-07 14:30:00,2072.349679903674
2025-02-07 15:00:00,2069.226418798059
2025-02-07 15:30:00,2062.302596710422
2025-02-07 16:00:00,2083.485200948137
2025-02-07 16:30:00,2087.532409884308
2025-02-07 17:00:00,2086.1156589479638
2025-02-07 17:30:00,2086.1090539293364
2025-02-07 18:00:00,2087.4889728157145
2025-02-07 18:30:00,2070.9177897355758
2025-02-07 19:00:00,2068.5439341134384
2025-02-07 19:30:00,2036.1101722207613
2025-02-07 20:00:00,2083.470684178132
2025-02-07 20:30:00,2071.1534068427236
2025-02-07 21:00:00,2081.9812902409194
2025-02-07 21:30:00,2087.5110663795203
2025-02-07 22:00:00,2063.9460994913784
2025-02-07 22:30:00,2086.220621768067
2025-02-07 23:00:00,2025.6650982261722
2025-02-07 23:30:00,2033.599241903367
2025-02-08 00:00:00,2045.8842413428854
2025-02-08 00:30:00,2082.4730379187895
2025-02-08 01:00:00,2081.993056980273
2025-02-08 01:30:00,2087.547421045415
2025-02-08 02:00:00,2087.5389412857808
2025-02-08 02:30:00,2080.606934674425
2025-02-08 03:00:00,2076.44165168529
2025-02-08 03:30:00,2056.6698746150832
2025-02-08 04:00:00,2061.187922387824
2025-02-08 04:30:00,2080.558278407624
2025-02-08 05:00:00,2083.311763586341
2025-02-08 05:30:00,2079.149159514077
2025-02-08 06:00:00,2056.9914017035194
2025-02-08 06:30:00,2084.7476223531994
2025-02-08 07:00:00,2087.5816486439767
2025-02-08 07:30:00,2087.5627153729515
2025-02-08 08:00:00,2081.9962517973167
2025-02-08 08:30:00,2067.782845997991
2025-02-08 09:00:00,2035.9478406991188
2025-02-08 09:30:00,2037.5511139010657
2025-02-08 10:00:00,2056.993974486236
2025-02-08 10:30:00,2069.482497471845
2025-02-08 11:00:00,2087.524191549142
2025-02-08 11:30:00,2079.2004795453386
2025-02-08 12:00:00,2083.3458526635145
2025-02-08 12:30:00,2072.600269508864
2025-02-08 13:00:00,2075.4618773147913
2025-02-08 13:30:00,2055.5684588279787
2025-02-08 14:00:00,2045.879443798719
2025-02-08 14:30:00,2073.6427168270357
2025-02-08 15:00:00,2087.5651874235978
2025-02-08 15:30:00,2087.5238221035843
2025-02-08 16:00:00,2069.474823755436
2025-02-08 16:30:00,2087.5185672749385
2025-02-08 17:00:00,2087.524251837433
2025-02-08 17:30:00,2080.593860469997
2025-02-08 18:00:00,2023.5199323298207
2025-02-08 18:30:00,2018.5616651505948
2025-02-08 19:00:00,2083.330308330879
2025-02-08 19:30:00,2083.4951230419238
2025-02-08 20:00:00,2045.9535311255927
2025-02-08 20:30:00,2086.1604397634355
2025-02-08 21:00:00,2066.048054718297
2025-02-08 21:30:00,2087.5132513422923
2025-02-08 22:00:00,2060.0647744535686
2025-02-08 22:30:00,2043.776801838447
2025-02-08 23:00:00,2008.1598366745088
2025-02-08 23:30:00,2055.3109641344267
2025-02-09 00:00:00,2052.44455947854
2025-02-09 00:30:00,2072.328443374368
2025-02-09 01:00:00,2087.544786956869
2025-02-09 01:30:00,2065.366911680994
2025-02-09 02:00:00,2056.564003669425
2025-02-09 02:30:00,2042.0368325626744
2025-02-09 03:00:00,2016.4563331885918
2025-02-09 03:30:00,2047.1181060363672
2025-02-09 04:00:00,2075.4211106548455
2025-02-09 04:30:00,2070.0700705050544
2025-02-09 05:00:00,2077.79325932749
2025-02-09 05:30:00,2086.1335235591127
2025-02-09 06:00:00,2052.131246458966
2025-02-09 06:30:00,2069.5029182919257
2025-02-09 07:00:00,2051.482040965214
2025-02-09 07:30:00,2059.781253394982
2025-02-09 08:00:00,2070.845394346378
2025-02-09 08:30:00,2087.533974068975
2025-02-09 09:00:00,2086.122876921147
2025-02-09 09:30:00,2077.821994285097
2025-02-09 10:00:00,2087.551242275883
2025-02-09 10:30:00,2084.7403194906565
2025-02-09 11:00:00,2075.0355404256966
2025-02-09 11:30:00,2083.274328902826
2025-02-09 12:00:00,2069.431095646439
2025-02-09 12:30:00,2067.704519464768
2025-02-09 13:00:00,2029.2800526807314
2025-02-09 13:30:00,2047.2730593415015
2025-02-09 14:00:00,2074.0975355503924
2025-02-09 14:30:00,2086.168639296901
2025-02-09 15:00:00,2045.9228519283229
2025-02-09 15:30:00,2066.709802321839
2025-02-09 16:00:00,2052.882542192581
2025-02-09 16:30:00,2052.130096892001
2025-02-09 17:00:00,2045.8678596461662
2025-02-09 17:30:00,2039.6373309807025
2025-02-09 18:00:00,2052.8314529991026
2025-02-09 18:30:00,2064.712207755263
2025-02-09 19:00:00,2087.50760873091
2025-02-09 19:30:00,2087.509487504991
2025-02-09 20:00:00,2036.8064415016222
2025-02-09 20:30:00,1994.379967952846
2025-02-09 21:00:00,2020.8071226416969
2025-02-09 21:30:00,2077.7794425061616
2025-02-09 22:00:00,2072.230017118131
2025-02-09 22:30:00,2045.9097291083929
2025-02-09 23:00:00,2066.073379965383
2025-02-09 23:30:00,2068.1246933143834
2025-02-10 00:00:00,2045.9474578430647
2025-02-10 00:30:00,2066.0295640880236
2025-02-10 01:00:00,2036.0783740182533
2025-02-10 01:30:00,2039.7832238846022
2025-02-10 02:00:00,2032.8241187792878
2025-02-10 02:30:00,2055.6341115620844
2025-02-10 03:00:00,2045.942942018813
2025-02-10 03:30:00,2072.3013305514846
2025-02-10 04:00:00,2070.078382501174
2025-02-10 04:30:00,2050.0816981038547
2025-02-10 05:00:00,2047.653117437016
2025-02-10 05:30:00,2038.7125976718266
2025-02-10 06:00:00,2038.984831014533
2025-02-10 06:30:00,2052.5454991189995
2025-02-10 07:00:00,2089.7218993201573
2025-02-10 07:30:00,2087.4790518993514
2025-02-10 08:00:00,2091.8116610458374
2025-02-10 08:30:00,2066.7084086930427
2025-02-10 09:00:00,2058.4023922803067
2025-02-10 09:30:00,2069.1526042946944
2025-02-10 10:00:00,2070.7918055464556
2025-02-10 10:30:00,2067.1646664392124
2025-02-10 11:00:00,2032.7407097603812
2025-02-10 11:30:00,2062.8271705042343
2025-02-10 12:00:00,2062.570152779573
2025-02-10 12:30:00,2063.9454454165966
2025-02-10 13:00:00,2047.2182723117219
2025-02-10 13:30:00,2050.056951946978
2025-02-10 14:00:00,2074.998723013536
2025-02-10 14:30:00,2024.732670566827
2025-02-10 15:00:00,2045.9023686577652
2025-02-10 15:30:00,2068.0938013412087
2025-02-10 16:00:00,2057.0269597344322
2025-02-10 16:30:00,2048.7078784661494
2025-02-10 17:00:00,2066.73282821315
2025-02-10 17:30:00,2032.319728302912
2025-02-10 18:00:00,2073.592748230204
2025-02-10 18:30:00,2084.7034530804617
2025-02-10 19:00:00,2058.384727466048
2025-02-10 19:30:00,2050.0852846561693
2025-02-10 20:00:00,2045.9133000160946
2025-02-10 20:30:00,2051.467414227342
2025-02-10 21:00:00,2087.5041649401855
2025-02-10 21:30:00,2066.9264816688983
2025-02-10 22:00:00,2073.446317455521
2025-02-10 22:30:00,2062.019335402318
2025-02-10 23:00:00,2033.6661853212297
2025-02-10 23:30:00,2054.2201285440374
2025-02-11 00:00:00,2076.4204826383466
2025-02-11 00:30:00,2048.6850001806242
2025-02-11 01:00:00,2062.5486151584373
2025-02-11 01:30:00,2083.303785848296
2025-02-11 02:00:00,2082.5250908839016
2025-02-11 02:30:00,2071.658012882447
2025-02-11 03:00:00,2061.254975553695
2025-02-11 03:30:00,2048.689773890665
2025-02-11 04:00:00,2045.915404081393
2025-02-11 04:30:00,2045.9167668751559
2025-02-11 05:00:00,2045.9253907683435
2025-02-11 05:30:00,2073.6509819575126
2025-02-11 06:00:00,2080.41852689491
2025-02-11 06:30:00,2071.7696774206634
2025-02-11 07:00:00,2067.614723157027
2025-02-11 07:30:00,2042.1958581005617
2025-02-11 08:00:00,2069.4450625384084
2025-02-11 08:30:00,2079.191062131619
2025-02-11 09:00:00,2086.1419984179006
2025-02-11 09:30:00,2047.300059120456
2025-02-11 10:00:00,2065.340203419852
2025-02-11 10:30:00,2083.356895808227
2025-02-11 11:00:00,2045.913157114617
2025-02-11 11:30:00,2059.91855335002
2025-02-11 12:00:00,2073.6223717617368
2025-02-11 12:30:00,2083.3239588572796
2025-02-11 13:00:00,2068.0940611882
2025-02-11 13:30:00,2076.430495622706
2025-02-11 14:00:00,2068.095953233717
2025-02-11 14:30:00,2045.930712604587
2025-02-11 15:00:00,2045.915251175191
2025-02-11 15:30:00,2045.8987266518839
2025-02-11 16:00:00,2045.9097865034362
2025-02-11 16:30:00,2066.713059946899
2025-02-11 17:00:00,2051.49136061895
2025-02-11 17:30:00,2070.870383945404
2025-02-11 18:00:00,2050.0684811702217
2025-02-11 18:30:00,2070.870997480753
2025-02-11 19:00:00,2087.5167326966157
2025-02-11 19:30:00,2079.1983068999302
2025-02-11 20:00:00,2054.2432718102878
2025-02-11 20:30:00,2043.801520201591
2025-02-11 21:00:00,2035.316801471562
2025-02-11 21:30:00,2045.950576734927
2025-02-11 22:00:00,2045.936640725144
2025-02-11 22:30:00,2079.1978341949343
2025-02-11 23:00:00,2053.9917474477897
2025-02-11 23:30:00,2058.4306944028876
2025-02-12 00:00:00,2045.9603974684903
2025-02-12 00:30:00,2048.969168640022
2025-02-12 01:00:00,2045.885119841628
2025-02-12 01:30:00,2062.608427097708
2025-02-12 02:00:00,2035.048959100526
2025-02-12 02:30:00,2045.9144360366604
2025-02-12 03:00:00,2045.9296406942683
2025-02-12 03:30:00,2072.285893725307
2025-02-12 04:00:00,2054.2424814129768
2025-02-12 04:30:00,2037.4182879073308
2025-02-12 05:00:00,2079.15804796777
2025-02-12 05:30:00,2054.219397865956
2025-02-12 06:00:00,2045.926322053667
2025-02-12 06:30:00,2045.9280941445322
2025-02-12 07:00:00,2045.9094144570997
2025-02-12 07:30:00,2045.9017238191939
2025-02-12 08:00:00,2066.6746162387335
2025-02-12 08:30:00,2069.4934967510585
2025-02-12 09:00:00,2047.3195509739041
2025-02-12 09:30:00,2081.9541444778574
2025-02-12 10:00:00,2045.9162105537246
2025-02-12 10:30:00,2068.0624759442458
2025-02-12 11:00:00,2028.898927013768
2025-02-12 11:30:00,2030.4170094507483
2025-02-12 12:00:00,2051.4560471633213
2025-02-12 12:30:00,2069.487035397983
2025-02-12 13:00:00,2059.7770380013926
2025-02-12 13:30:00,2058.3688891277275
2025-02-12 14:00:00,2052.2245129037365
2025-02-12 14:30:00,2040.5708588998282
2025-02-12 15:00:00,2048.329052689824
2025-02-12 15:30:00,2037.4397620109062
2025-02-12 16:00:00,2045.9084935231908
2025-02-12 16:30:00,2069.4872271041186
2025-02-12 17:00:00,2059.786645523939
2025-02-12 17:30:00,2067.516855199052
2025-02-12 18:00:00,2059.0877404575567
2025-02-12 18:30:00,2060.2916588243634
2025-02-12 19:00:00,2024.8852636526187
2025-02-12 19:30:00,2059.779384624071
2025-02-12 20:00:00,2045.9273923439716
2025-02-12 20:30:00,2087.512119230594
2025-02-12 21:00:00,2052.1846798554793
2025-02-12 21:30:00,2046.5573227085176
2025-02-12 22:00:00,2041.811449670763
2025-02-12 22:30:00,2045.9070384293598
2025-02-12 23:00:00,2045.9339180037578
2025-02-12 23:30:00,2045.9276779500997
2025-02-13 00:00:00,2045.9276979813837
2025-02-13 00:30:00,2045.9169271723283
2025-02-13 01:00:00,2045.922884032664
2025-02-13 01:30:00,2059.7661019511856
2025-02-13 02:00:00,2024.711440863627
2025-02-13 02:30:00,2003.3655308629088
2025-02-13 03:00:00,2045.9464708460248
2025-02-13 03:30:00,2073.6799859272473
2025-02-13 04:00:00,2066.7251883575036
2025-02-13 04:30:00,2024.7150284528234
2025-02-13 05:00:00,2045.9145989157234
2025-02-13 05:30:00,2061.588196379527
2025-02-13 06:00:00,2079.901175974745
2025-02-13 06:30:00,2087.4232755480593
2025-02-13 07:00:00,2003.4726667019343
2025-02-13 07:30:00,1546.033056329962
2025-02-13 08:00:00,281.09690692417075
2025-02-13 08:30:00,1542.0508050895558
2025-02-13 09:00:00,2078.1687963026893
2025-02-13 09:30:00,2089.4691965937755
2025-02-13 10:00:00,2043.5140343365208
2025-02-13 10:30:00,2079.9064140889313
2025-02-13 11:00:00,2079.893738009566
2025-02-13 11:30:00,2076.9451772130096
2025-02-13 12:00:00,2061.398648074166
2025-02-13 12:30:00,2053.852142584109
2025-02-13 13:00:00,1949.5863676318406
2025-02-13 13:30:00,1546.033072048064
2025-02-13 14:00:00,1546.0330505497586
2025-02-13 14:30:00,1546.0330415974247
2025-02-13 15:00:00,343.56291053080736
2025-02-13 15:30:00,1966.2049650912152
2025-02-13 16:00:00,2045.9150590754189
2025-02-13 16:30:00,2059.8058039846005
2025-02-13 17:00:00,2087.589133716486
2025-02-13 17:30:00,2087.6264989873016
2025-02-13 18:00:00,2087.616520597872
2025-02-13 18:30:00,2059.7676397555792
2025-02-13 19:00:00,2059.766340000924
2025-02-13 19:30:00,2051.0064698232395
2025-02-13 20:00:00,2073.7404168424096
2025-02-13 20:30:00,2039.8893627287632
2025-02-13 21:00:00,2073.6644748246767
2025-02-13 21:30:00,2059.8168337469965
2025-02-13 22:00:00,2045.9550105203436
2025-02-13 22:30:00,2045.9651142865898
2025-02-13 23:00:00,2045.96276008961
2025-02-13 23:30:00,2045.9415184514528
2025-02-14 00:00:00,2045.943846684116
2025-02-14 00:30:00,2073.6963315872053
2025-02-14 01:00:00,2087.5844444473855
2025-02-14 01:30:00,2087.604359749852
2025-02-14 02:00:00,2087.587830813843
2025-02-14 02:30:00,2087.6047759602898
2025-02-14 03:00:00,2087.6058506340196
2025-02-14 03:30:00,2087.5730499006527
2025-02-14 04:00:00,2087.5796541428444
2025-02-14 04:30:00,2087.5866498031655
2025-02-14 05:00:00,2087.5551943737
2025-02-14 05:30:00,2087.5150249482463
2025-02-14 06:00:00,2087.515765281894
2025-02-14 06:30:00,2059.7855907321104
2025-02-14 07:00:00,2073.6356355002313
2025-02-14 07:30:00,2062.4646696366026
2025-02-14 08:00:00,2100.7990297104984
2025-02-14 08:30:00,2020.1074866765118
2025-02-14 09:00:00,2037.2456372610116
2025-02-14 09:30:00,2073.5524133162503
2025-02-14 10:00:00,2087.513380274699
2025-02-14 10:30:00,2073.645971841493
2025-02-14 11:00:00,2059.7877503312366
2025-02-14 11:30:00,2087.527921320514
2025-02-14 12:00:00,2087.522599177408
2025-02-14 12:30:00,2087.5300113081603
2025-02-14 13:00:00,2073.6788266516523
2025-02-14 13:30:00,2087.552254002597
2025-02-14 14:00:00,2087.5326266816624
2025-02-14 14:30:00,2087.5679832311926
2025-02-14 15:00:00,2087.554180440917
2025-02-14 15:30:00,2087.522432596461
2025-02-14 16:00:00,2087.5293557374102
2025-02-14 16:30:00,2087.550402917221
2025-02-14 17:00:00,2087.544216426063
2025-02-14 17:30:00,2059.7956949073864
2025-02-14 18:00:00,2037.1621656700274
2025-02-14 18:30:00,2019.8928074076005
2025-02-14 19:00:00,2028.5406478061204
2025-02-14 19:30:00,2045.9480981002528
2025-02-14 20:00:00,2045.9578530181996
2025-02-14 20:30:00,2045.9631643483401
2025-02-14 21:00:00,2058.5114622231044
2025-02-14 21:30:00,2045.9367811643888
2025-02-14 22:00:00,2087.5211085435726
2025-02-14 22:30:00,2059.7950431366367
2025-02-14 23:00:00,2059.8117163028933
2025-02-14 23:30:00,2073.6788904442674
2025-02-15 00:00:00,2087.5455967248304
2025-02-15 00:30:00,2073.6829147413664
2025-02-15 01:00:00,2077.1543310263373
2025-02-15 01:30:00,2087.5497924738024
2025-02-15 02:00:00,2087.564449632585
2025-02-15 02:30:00,2087.5577951005225
2025-02-15 03:00:00,2087.543706800261
2025-02-15 03:30:00,2087.5692743089962
2025-02-15 04:00:00,2087.5392524971794
2025-02-15 04:30:00,2073.6623048975366
2025-02-15 05:00:00,2059.776698717509
2025-02-15 05:30:00,2028.4534084008226
2025-02-15 06:00:00,2019.86865641098
2025-02-15 06:30:00,2037.2499434891672
2025-02-15 07:00:00,2045.8786647195557
2025-02-15 07:30:00,2045.9403073486344
2025-02-15 08:00:00,2055.3115306129043
2025-02-15 08:30:00,2045.9392361387181
2025-02-15 09:00:00,2045.950015971992
2025-02-15 09:30:00,2087.5254965669533
2025-02-15 10:00:00,2087.5253814652992
2025-02-15 10:30:00,2087.5285661056746
2025-02-15 11:00:00,2087.5360519793153
2025-02-15 11:30:00,2087.56166673527
2025-02-15 12:00:00,2087.5770675513504
2025-02-15 12:30:00,2087.530110854306
2025-02-15 13:00:00,2087.5754914897807
2025-02-15 13:30:00,2087.598979268223
2025-02-15 14:00:00,2087.5799652459073
2025-02-15 14:30:00,2087.569482820169
2025-02-15 15:00:00,2087.5078479746408
2025-02-15 15:30:00,2087.4945942972354
2025-02-15 16:00:00,2073.6418282865125
2025-02-15 16:30:00,2059.7270823496347
2025-02-15 17:00:00,2019.854281738304
2025-02-15 17:30:00,1970.4430336978567
2025-02-15 18:00:00,1983.9343840068796
2025-02-15 18:30:00,2045.8868979805957
2025-02-15 19:00:00,2045.9431977234633
2025-02-15 19:30:00,2045.9502166632217
2025-02-15 20:00:00,2045.9550639896215
2025-02-15 20:30:00,2045.963096577182
2025-02-15 21:00:00,2059.8260529299605
2025-02-15 21:30:00,2087.5547360785768
2025-02-15 22:00:00,2073.6924020928477
2025-02-15 22:30:00,2087.5542972404014
2025-02-15 23:00:00,2087.57099514519
2025-02-15 23:30:00,2087.567946030731
2025-02-16 00:00:00,2087.608741473853
2025-02-16 00:30:00,2087.60927941647
2025-02-16 01:00:00,2087.6104024985348
2025-02-16 01:30:00,2087.612001229683
2025-02-16 02:00:00,2087.585738487996
2025-02-16 02:30:00,2087.602601690818
2025-02-16 03:00:00,2087.564664176143
2025-02-16 03:30:00,2045.9643289521282
2025-02-16 04:00:00,2073.6737002618775
2025-02-16 04:30:00,1993.8112128337655
2025-02-16 05:00:00,2006.869217686571
2025-02-16 05:30:00,2073.648884106631
2025-02-16 06:00:00,2087.5138307919347
2025-02-16 06:30:00,2073.662900702433
2025-02-16 07:00:00,2045.9476228785215
2025-02-16 07:30:00,2087.5320996977216
2025-02-16 08:00:00,2087.527361605345
2025-02-16 08:30:00,2087.5266520371247
2025-02-16 09:00:00,2087.5051857423246
2025-02-16 09:30:00,2083.0142056026802
2025-02-16 10:00:00,2082.9810539073487
2025-02-16 10:30:00,2079.9035686174957
2025-02-16 11:00:00,2087.466193276841
2025-02-16 11:30:00,2087.478807878558
2025-02-16 12:00:00,2087.4813521297565
2025-02-16 12:30:00,2073.6266289422583
2025-02-16 13:00:00,2087.4850902633684
2025-02-16 13:30:00,2087.4864202435515
2025-02-16 14:00:00,2045.90201163622
2025-02-16 14:30:00,2045.9004021709509
2025-02-16 15:00:00,2078.5199719070256
2025-02-16 15:30:00,2078.5520850210855
2025-02-16 16:00:00,2087.548406241965
2025-02-16 16:30:00,2087.490422541966
2025-02-16 17:00:00,2087.518079674414
2025-02-16 17:30:00,2059.8024499061116
2025-02-16 18:00:00,2087.513820553387
2025-02-16 18:30:00,2073.6619802442888
2025-02-16 19:00:00,2069.1707969063505
2025-02-16 19:30:00,2087.4443815365034
2025-02-16 20:00:00,2078.576062020895
2025-02-16 20:30:00,2078.5268900679253
2025-02-16 21:00:00,2087.4924067896613
2025-02-16 21:30:00,2087.499671774662
2025-02-16 22:00:00,2087.5140777559923
2025-02-16 22:30:00,2087.5251140395153
2025-02-16 23:00:00,2073.6637666807055
2025-02-16 23:30:00,2087.5281520245485
2025-02-17 00:00:00,2045.9403602803668
2025-02-17 00:30:00,2087.499660541857
2025-02-17 01:00:00,2087.529553397793
2025-02-17 01:30:00,2073.647616797076
2025-02-17 02:00:00,2087.569705200125
2025-02-17 02:30:00,2087.5255734700872
2025-02-17 03:00:00,2087.554353598986
2025-02-17 03:30:00,2045.9535582521864
2025-02-17 04:00:00,2087.5261998226915
2025-02-17 04:30:00,2087.5296919538287
2025-02-17 05:00:00,2073.6484334403613
2025-02-17 05:30:00,2073.5970000555058
2025-02-17 06:00:00,2087.4281997347493
2025-02-17 06:30:00,2087.5078314044117
2025-02-17 07:00:00,2087.475214003652
2025-02-17 07:30:00,2083.0051848368053
2025-02-17 08:00:00,2073.617981734256
2025-02-17 08:30:00,2073.6502373701096
2025-02-17 09:00:00,2073.637992050694
2025-02-17 09:30:00,2087.499851229188
2025-02-17 10:00:00,2073.6368063969453
2025-02-17 10:30:00,2083.0139381076096
2025-02-17 11:00:00,2087.4259997179984
2025-02-17 11:30:00,2081.6805181171244
2025-02-17 12:00:00,2087.5073456748632
2025-02-17 12:30:00,2087.4751046696347
2025-02-17 13:00:00,2087.465908463087
2025-02-17 13:30:00,2087.5096832461536
2025-02-17 14:00:00,2087.5166773753535
2025-02-17 14:30:00,2073.6574802192504
2025-02-17 15:00:00,2087.535584033722
2025-02-17 15:30:00,2087.5317883189177
2025-02-17 16:00:00,2045.9432574751484
2025-02-17 16:30:00,2073.644715229416
2025-02-17 17:00:00,2067.839125026381
2025-02-17 17:30:00,2087.4965997021154
2025-02-17 18:00:00,2087.496773405135
2025-02-17 18:30:00,2087.5108952652595
2025-02-17 19:00:00,2087.5138565195116
2025-02-17 19:30:00,2073.653586208255
2025-02-17 20:00:00,2073.6843961314776
2025-02-17 20:30:00,2087.5558104330207
2025-02-17 21:00:00,2059.810951482047
2025-02-17 21:30:00,2059.799086001776
2025-02-17 22:00:00,2087.4599279217405
2025-02-17 22:30:00,2079.90747422704
2025-02-17 23:00:00,2073.6182609853604
2025-02-17 23:30:00,2087.491503566611
2025-02-18 00:00:00,2059.778001356613
2025-02-18 00:30:00,2045.9197608587638
2025-02-18 01:00:00,2059.782215327799
2025-02-18 01:30:00,2087.507433534246
2025-02-18 02:00:00,2087.54112180023
2025-02-18 02:30:00,2059.787954860469
2025-02-18 03:00:00,2052.20997359475
2025-02-18 03:30:00,2087.4650481465565
2025-02-18 04:00:00,2087.46932804798
2025-02-18 04:30:00,2059.776292457505
2025-02-18 05:00:00,2087.484145798188
2025-02-18 05:30:00,2087.4871313291856
2025-02-18 06:00:00,2073.636050723744
2025-02-18 06:30:00,2045.9259635705268
2025-02-18 07:00:00,2087.498503299295
2025-02-18 07:30:00,2059.799452103727
2025-02-18 08:00:00,2059.792011228465
2025-02-18 08:30:00,2078.514119127189
2025-02-18 09:00:00,2087.460951713674
2025-02-18 09:30:00,2087.463529179441
2025-02-18 10:00:00,2087.467014225565
2025-02-18 10:30:00,2087.47037602759
2025-02-18 11:00:00,2075.442763147886
2025-02-18 11:30:00,2059.774966391555
2025-02-18 12:00:00,2059.8050199387276
2025-02-18 12:30:00,2087.5347654867082
2025-02-18 13:00:00,2087.5120068344436
2025-02-18 13:30:00,2073.627413407377
2025-02-18 14:00:00,2078.5176241041518
2025-02-18 14:30:00,2087.402179220379
2025-02-18 15:00:00,2087.447667079097
2025-02-18 15:30:00,2087.4780278606463
2025-02-18 16:00:00,2087.497954606512
2025-02-18 16:30:00,2087.5161318654614
2025-02-18 17:00:00,2087.529309694189
2025-02-18 17:30:00,2087.5178185018735
2025-02-18 18:00:00,2087.51540392979
2025-02-18 18:30:00,2087.5295610227827
2025-02-18 19:00:00,2073.6617018512197
2025-02-18 19:30:00,2073.6237563827576
2025-02-18 20:00:00,2087.4736879887005
2025-02-18 20:30:00,2087.48447302487
2025-02-18 21:00:00,2087.5028310569246
2025-02-18 21:30:00,2087.491333274012
2025-02-18 22:00:00,2073.634316002833
2025-02-18 22:30:00,2073.645931188577
2025-02-18 23:00:00,2059.795102775003
2025-02-18 23:30:00,2087.521782732088
2025-02-19 00:00:00,2087.5308174221877
2025-02-19 00:30:00,2073.6553447605534
2025-02-19 01:00:00,2045.903927098837
2025-02-19 01:30:00,2087.4825217889834
2025-02-19 02:00:00,2087.5061922059563
2025-02-19 02:30:00,2045.9305290331029
2025-02-19 03:00:00,2087.522450327497
2025-02-19 03:30:00,2045.9497663691793
2025-02-19 04:00:00,2045.945309816154
2025-02-19 04:30:00,2045.9432038393777
2025-02-19 05:00:00,2073.6437128224366
2025-02-19 05:30:00,2087.5075342150903
2025-02-19 06:00:00,2073.646859022638
2025-02-19 06:30:00,2079.9393031712275
2025-02-19 07:00:00,2078.524370279268
2025-02-19 07:30:00,2087.487165253259
2025-02-19 08:00:00,2087.553587767577
2025-02-19 08:30:00,2087.5130643982725
2025-02-19 09:00:00,2087.5181587410807
2025-02-19 09:30:00,2073.633999486967
2025-02-19 10:00:00,2087.4989384664127
2025-02-19 10:30:00,2066.0752577590642
2025-02-19 11:00:00,2059.783381410163
2025-02-19 11:30:00,2087.5259069352364
2025-02-19 12:00:00,2087.5275912174484
2025-02-19 12:30:00,2059.773911571953
2025-02-19 13:00:00,2087.4716483557518
2025-02-19 13:30:00,2087.447043914807
2025-02-19 14:00:00,2083.0046378933885
2025-02-19 14:30:00,2087.4837487610403
2025-02-19 15:00:00,2073.630671103329
2025-02-19 15:30:00,2087.5063982299275
2025-02-19 16:00:00,2087.517939046064
2025-02-19 16:30:00,2087.5663738315893
2025-02-19 17:00:00,2087.521344761943
2025-02-19 17:30:00,2059.7880056713566
2025-02-19 18:00:00,2074.077699306789
2025-02-19 18:30:00,2087.4609560970166
2025-02-19 19:00:00,2087.4869323090693
2025-02-19 19:30:00,2059.7831749330016
2025-02-19 20:00:00,2087.50932996884
2025-02-19 20:30:00,2087.505234381389
2025-02-19 21:00:00,2087.5126284309977
2025-02-19 21:30:00,2087.5174359463012
2025-02-19 22:00:00,2073.6575509792006
2025-02-19 22:30:00,2087.5321956950975
2025-02-19 23:00:00,2059.810332211339
2025-02-19 23:30:00,2045.935978497689
2025-02-20 00:00:00,2087.50999979327
2025-02-20 00:30:00,2087.5153037904056
2025-02-20 01:00:00,2059.8020541488177
2025-02-20 01:30:00,2073.676148728593
2025-02-20 02:00:00,2073.683655192734
2025-02-20 02:30:00,2073.6873899373727
2025-02-20 03:00:00,2087.531450681305
2025-02-20 03:30:00,2087.516490455489
2025-02-20 04:00:00,2087.516416763139
2025-02-20 04:30:00,2073.6427613700234
2025-02-20 05:00:00,2052.2128324657274
2025-02-20 05:30:00,2078.582570785391
2025-02-20 06:00:00,2087.527136556852
2025-02-20 06:30:00,2087.5199795701046
2025-02-20 07:00:00,2087.517228501863
2025-02-20 07:30:00,2073.6344530558986
2025-02-20 08:00:00,2070.9653109108035
2025-02-20 08:30:00,2059.8033005199
2025-02-20 09:00:00,2087.5283591979482
2025-02-20 09:30:00,2059.7938685419545
2025-02-20 10:00:00,2087.4946325837823
2025-02-20 10:30:00,2087.4745065282364
2025-02-20 11:00:00,2073.6248346185225
2025-02-20 11:30:00,2087.5070714401622
2025-02-20 12:00:00,2059.792966348733
2025-02-20 12:30:00,2066.0706398612183
2025-02-20 13:00:00,2087.5027905398115
2025-02-20 13:30:00,2052.215374507757
2025-02-20 14:00:00,2087.5327648639704
2025-02-20 14:30:00,2073.6844192799467
2025-02-20 15:00:00,2045.9301923477312
2025-02-20 15:30:00,2055.2898568018963
2025-02-20 16:00:00,2087.489177387747
2025-02-20 16:30:00,2087.5058178362037
2025-02-20 17:00:00,2087.5109404545656
2025-02-20 17:30:00,2087.4899137563634
2025-02-20 18:00:00,2059.784267500361
2025-02-20 18:30:00,2087.516976505917
2025-02-20 19:00:00,2087.5257788251506
2025-02-20 19:30:00,2087.5463613489032
2025-02-20 20:00:00,2087.5089389371788
2025-02-20 20:30:00,2055.291163623918
2025-02-20 21:00:00,2074.108611066558
2025-02-20 21:30:00,2087.4635130745687
2025-02-20 22:00:00,2087.4885860336485
2025-02-20 22:30:00,2059.8092545274244
2025-02-20 23:00:00,2087.538104689483
2025-02-20 23:30:00,2070.914283632917
2025-02-21 00:00:00,2087.522799146756
2025-02-21 00:30:00,2087.5279292206455
2025-02-21 01:00:00,2087.5308127417447
2025-02-21 01:30:00,2087.521142961513
2025-02-21 02:00:00,2087.4996771768333
2025-02-21 02:30:00,2087.5076016362186
2025-02-21 03:00:00,2045.9353975765523
2025-02-21 03:30:00,2073.667980420047
2025-02-21 04:00:00,2073.663455217995
2025-02-21 04:30:00,2059.7989381022594
2025-02-21 05:00:00,2052.2218831504088
2025-02-21 05:30:00,2073.6761166821657
2025-02-21 06:00:00,2087.5498481933305
2025-02-21 06:30:00,2059.821113872324
2025-02-21 07:00:00,2059.7840960606677
2025-02-21 07:30:00,2087.46521630388
2025-02-21 08:00:00,2087.4627101826536
2025-02-21 08:30:00,2087.4772932835735
2025-02-21 09:00:00,2083.0068544427995
2025-02-21 09:30:00,2087.4704525475404
2025-02-21 10:00:00,2073.643964989586
2025-02-21 10:30:00,2087.5164000498808
2025-02-21 11:00:00,2087.53479013335
2025-02-21 11:30:00,2087.523799794964
2025-02-21 12:00:00,2052.223896128124
2025-02-21 12:30:00,2087.4675546959656
2025-02-21 13:00:00,2087.4838862492184
2025-02-21 13:30:00,2087.487173283442
2025-02-21 14:00:00,2087.499841827392
2025-02-21 14:30:00,2087.5097777140586
2025-02-21 15:00:00,2087.5253999219785
2025-02-21 15:30:00,2087.5276306965256
2025-02-21 16:00:00,2073.677484351589
2025-02-21 16:30:00,2087.539064291132
2025-02-21 17:00:00,2059.7940736029636
2025-02-21 17:30:00,2087.494312896423
2025-02-21 18:00:00,2087.499394113292
2025-02-21 18:30:00,2073.6347443190666
2025-02-21 19:00:00,2087.465563469655
2025-02-21 19:30:00,2074.0454975753087
2025-02-21 20:00:00,2070.9666527960358
2025-02-21 20:30:00,2087.4889036346817
2025-02-21 21:00:00,2087.49546629803
2025-02-21 21:30:00,2087.5190996228835
2025-02-21 22:00:00,2073.6531270935516
2025-02-21 22:30:00,2052.2178072271217
2025-02-21 23:00:00,2078.5235362885414
2025-02-21 23:30:00,2073.627328766843
2025-02-22 00:00:00,2073.6424218723673
2025-02-22 00:30:00,2079.939090693241
2025-02-22 01:00:00,2087.5044569186816
2025-02-22 01:30:00,2045.934001959582
2025-02-22 02:00:00,2059.803893198728
2025-02-22 02:30:00,2087.5524723999383
2025-02-22 03:00:00,2073.7046178785317
2025-02-22 03:30:00,2073.6752757012405
2025-02-22 04:00:00,2073.6485667317907
2025-02-22 04:30:00,2073.6241077084046
2025-02-22 05:00:00,2087.472730395921
2025-02-22 05:30:00,2087.4815762754697
2025-02-22 06:00:00,2087.5127730535255
2025-02-22 06:30:00,2087.5210594867717
2025-02-22 07:00:00,2055.3077635761942
2025-02-22 07:30:00,2083.011756384605
2025-02-22 08:00:00,2087.513748888347
2025-02-22 08:30:00,2087.5085382286784
2025-02-22 09:00:00,2073.6394351940085
2025-02-22 09:30:00,2074.0506518732655
2025-02-22 10:00:00,2087.460619134934
2025-02-22 10:30:00,2082.9905749976247
2025-02-22 11:00:00,2083.00152516719
2025-02-22 11:30:00,2073.6379494300813
2025-02-22 12:00:00,2059.8121919614064
2025-02-22 12:30:00,2073.6835839600076
2025-02-22 13:00:00,2059.8186966744784
2025-02-22 13:30:00,2087.52784850095
2025-02-22 14:00:00,2087.545340161123
2025-02-22 14:30:00,2066.7250760239413
2025-02-22 15:00:00,2083.0081960291386
2025-02-22 15:30:00,2061.587080861979
2025-02-22 16:00:00,2045.9156829885687
2025-02-22 16:30:00,2087.508856785384
2025-02-22 17:00:00,2087.514966696876
2025-02-22 17:30:00,2087.51637188214
2025-02-22 18:00:00,2087.522974381776
2025-02-22 18:30:00,2087.5339414178156
2025-02-22 19:00:00,2087.532645667874
2025-02-22 19:30:00,2087.5153900324026
2025-02-22 20:00:00,2087.5037321214168
2025-02-22 20:30:00,2070.9734700471704
2025-02-22 21:00:00,2087.4595083878307
2025-02-22 21:30:00,2087.4764970096576
2025-02-22 22:00:00,2087.503207779289
2025-02-22 22:30:00,2087.4964489374647
2025-02-22 23:00:00,2073.649117933621
2025-02-22 23:30:00,2059.8068307112294
2025-02-23 00:00:00,2087.530862277284
2025-02-23 00:30:00,2087.538453988716
2025-02-23 01:00:00,2087.5313324586473
2025-02-23 01:30:00,2087.5360139779746
2025-02-23 02:00:00,2073.6352816392478
2025-02-23 02:30:00,2073.641740111219
2025-02-23 03:00:00,2087.5130524307456
2025-02-23 03:30:00,2087.517309169869
2025-02-23 04:00:00,2087.5152525900817
2025-02-23 04:30:00,2087.507907348954
2025-02-23 05:00:00,2073.661797452169
2025-02-23 05:30:00,2087.557002383143
2025-02-23 06:00:00,2087.582296203829
2025-02-23 06:30:00,2087.537408709764
2025-02-23 07:00:00,2073.6526184957697
2025-02-23 07:30:00,2087.5043623920833
2025-02-23 08:00:00,2087.510680323506
2025-02-23 08:30:00,2073.6593175085823
2025-02-23 09:00:00,2087.5297632436195
2025-02-23 09:30:00,2087.5344183626503
2025-02-23 10:00:00,2045.9577026490572
2025-02-23 10:30:00,2045.9576658199737
2025-02-23 11:00:00,2087.5417266336603
2025-02-23 11:30:00,2073.6785363139875
2025-02-23 12:00:00,2045.9499943236642
2025-02-23 12:30:00,2073.6582590815215
2025-02-23 13:00:00,2087.5185760785735
2025-02-23 13:30:00,2087.5232060997087
2025-02-23 14:00:00,2059.8126708929894
2025-02-23 14:30:00,2045.9513841863318
2025-02-23 15:00:00,2087.5390864060028
2025-02-23 15:30:00,2087.548360404512
2025-02-23 16:00:00,2087.5499418456134
2025-02-23 16:30:00,2087.591477002093
2025-02-23 17:00:00,2087.569082187051
2025-02-23 17:30:00,2087.5867095568065
2025-02-23 18:00:00,2059.800913295779
2025-02-23 18:30:00,2059.78847829973
2025-02-23 19:00:00,2087.4972763122987
2025-02-23 19:30:00,2087.5042566820744
2025-02-23 20:00:00,2087.505085426155
2025-02-23 20:30:00,2087.516942327863
2025-02-23 21:00:00,2087.528917268703
2025-02-23 21:30:00,2087.534493790888
2025-02-23 22:00:00,2087.5537873725293
2025-02-23 22:30:00,2087.5505925390676
2025-02-23 23:00:00,2073.67892582043
2025-02-23 23:30:00,2087.5308839220775
2025-02-24 00:00:00,2045.9565816694196
2025-02-24 00:30:00,2073.6858429355902
2025-02-24 01:00:00,2087.548945314347
2025-02-24 01:30:00,2087.5436034395825
2025-02-24 02:00:00,2073.6649183422855
2025-02-24 02:30:00,2073.6695010252392
2025-02-24 03:00:00,2073.6732278124887
2025-02-24 03:30:00,2087.538544683069
2025-02-24 04:00:00,2087.5223323835767
2025-02-24 04:30:00,2078.529943827313
2025-02-24 05:00:00,2073.6291138523243
2025-02-24 05:30:00,2087.484127733365
2025-02-24 06:00:00,2073.6582577928443
2025-02-24 06:30:00,2087.5154086021357
2025-02-24 07:00:00,2083.011483422302
2025-02-24 07:30:00,2059.7919836830183
2025-02-24 08:00:00,2073.6439627183713
2025-02-24 08:30:00,2087.5312168739943
2025-02-24 09:00:00,2087.5333969882554
2025-02-24 09:30:00,2059.7985115420975
2025-02-24 10:00:00,2052.2084852720013
2025-02-24 10:30:00,2064.8100812699213
2025-02-24 11:00:00,2045.9178271695912
2025-02-24 11:30:00,2059.804975400069
2025-02-24 12:00:00,2087.5177389236983
2025-02-24 12:30:00,2087.519349225439
2025-02-24 13:00:00,2087.5047802588897
2025-02-24 13:30:00,2087.5477939201865
2025-02-24 14:00:00,2087.544406388275
2025-02-24 14:30:00,2059.810494034892
2025-02-24 15:00:00,2045.9316294335433
2025-02-24 15:30:00,2087.5087563779675
2025-02-24 16:00:00,2059.786034508286
2025-02-24 16:30:00,2073.6658974380757
2025-02-24 17:00:00,2073.679103165248
2025-02-24 17:30:00,2077.151332595318
2025-02-24 18:00:00,2087.5555226468236
2025-02-24 18:30:00,2087.555161203648
2025-02-24 19:00:00,2087.540119845586
2025-02-24 19:30:00,2087.510321522182
2025-02-24 20:00:00,2087.4918365323533
2025-02-24 20:30:00,2087.512489696999
2025-02-24 21:00:00,2087.5223788421704
2025-02-24 21:30:00,2045.959684254206
2025-02-24 22:00:00,2073.6697132296586
2025-02-24 22:30:00,2087.5311860172937
2025-02-24 23:00:00,2087.5368669511186
2025-02-24 23:30:00,2087.5477080705887
2025-02-25 00:00:00,2087.5491558124677
2025-02-25 00:30:00,2087.541061408821
2025-02-25 01:00:00,2059.8048508013603
2025-02-25 01:30:00,2073.6529315237085
2025-02-25 02:00:00,2087.5242204328315
2025-02-25 02:30:00,2087.5366860209274
2025-02-25 03:00:00,2087.5617424072166
2025-02-25 03:30:00,2087.5663643351577
2025-02-25 04:00:00,2087.549076069324
2025-02-25 04:30:00,2087.5381109281125
2025-02-25 05:00:00,2087.597833815683
2025-02-25 05:30:00,2073.667475564429
2025-02-25 06:00:00,2059.7833313703036
2025-02-25 06:30:00,2045.9318966249432
2025-02-25 07:00:00,2045.937679804889
2025-02-25 07:30:00,2087.5068860519145
2025-02-25 08:00:00,2087.5048157844253
2025-02-25 08:30:00,2073.6474862085065
2025-02-25 09:00:00,2045.9521183095803
2025-02-25 09:30:00,2059.813910979065
2025-02-25 10:00:00,2087.538090215648
2025-02-25 10:30:00,2059.8089672346373
2025-02-25 11:00:00,2059.7865614417283
2025-02-25 11:30:00,2073.635255975214
2025-02-25 12:00:00,2045.9410253991493
2025-02-25 12:30:00,2045.9499138762178
2025-02-25 13:00:00,2087.5078644102473
2025-02-25 13:30:00,2087.4905674505926
2025-02-25 14:00:00,2087.492827530407
2025-02-25 14:30:00,2087.5025573323164
2025-02-25 15:00:00,2087.5090832769497
2025-02-25 15:30:00,2087.525551574297
2025-02-25 16:00:00,2087.529315056337
2025-02-25 16:30:00,2069.1734728217066
2025-02-25 17:00:00,2087.472430343643
2025-02-25 17:30:00,2059.7712489471137
2025-02-25 18:00:00,2087.5098128797777
2025-02-25 18:30:00,2087.5304330686204
2025-02-25 19:00:00,2087.535716771992
2025-02-25 19:30:00,2073.6728357920806
2025-02-25 20:00:00,2079.225178876769
2025-02-25 20:30:00,2087.565895429664
2025-02-25 21:00:00,2087.584178662357
2025-02-25 21:30:00,2087.5505878802937
2025-02-25 22:00:00,2083.0107760393003
2025-02-25 22:30:00,2061.5902588117915
2025-02-25 23:00:00,2045.9169477867808
2025-02-25 23:30:00,2052.2192979147394
2025-02-26 00:00:00,2087.5182764780434
2025-02-26 00:30:00,2087.5236863616446
2025-02-26 01:00:00,2073.669364442639
2025-02-26 01:30:00,2059.8121131424145
2025-02-26 02:00:00,2087.579938978818
2025-02-26 02:30:00,2087.5595987989623
2025-02-26 03:00:00,2073.669507329398
2025-02-26 03:30:00,2059.788889610137
2025-02-26 04:00:00,2045.9240855741098
2025-02-26 04:30:00,2059.78400048045
2025-02-26 05:00:00,2087.4981336840997
2025-02-26 05:30:00,2087.526919637471
2025-02-26 06:00:00,2079.2313284146644
2025-02-26 06:30:00,2087.5556067766865
2025-02-26 07:00:00,2087.5279853018437
2025-02-26 07:30:00,2087.5265449128697
2025-02-26 08:00:00,2059.7755108357815
2025-02-26 08:30:00,2055.283808585028
2025-02-26 09:00:00,2078.5219337341946
2025-02-26 09:30:00,2072.367513295238
2025-02-26 10:00:00,2073.6409173341667
2025-02-26 10:30:00,2087.501417674288
2025-02-26 11:00:00,2073.643920762857
2025-02-26 11:30:00,2087.5257699523813
2025-02-26 12:00:00,2087.5272979002584
2025-02-26 12:30:00,2087.529566351555
2025-02-26 13:00:00,2087.5171239350207
2025-02-26 13:30:00,2087.507651204107
2025-02-26 14:00:00,2078.5182396640553
2025-02-26 14:30:00,2074.04872242859
2025-02-26 15:00:00,2079.922925364904
2025-02-26 15:30:00,2045.9186606922092
2025-02-26 16:00:00,2087.504298005388
2025-02-26 16:30:00,2087.5176514245736
2025-02-26 17:00:00,2087.5331635538473
2025-02-26 17:30:00,2087.5320069530294
2025-02-26 18:00:00,2087.583134849868
2025-02-26 18:30:00,2087.6021298935157
2025-02-26 19:00:00,2087.6017335791876
2025-02-26 19:30:00,2087.5695152170233
2025-02-26 20:00:00,2045.9396829641773
2025-02-26 20:30:00,2052.21469503317
2025-02-26 21:00:00,2059.7789716854536
2025-02-26 21:30:00,2045.92939844962
2025-02-26 22:00:00,2059.8066850493396
2025-02-26 22:30:00,2087.5420949172308
2025-02-26 23:00:00,2087.54704317191
2025-02-26 23:30:00,2087.5511405601733
2025-02-27 00:00:00,2087.5593748166953
2025-02-27 00:30:00,2087.5593174482856
2025-02-27 01:00:00,2087.605376655626
2025-02-27 01:30:00,2087.6175398873856
2025-02-27 02:00:00,2087.6145025642404
2025-02-27 02:30:00,2087.5493276841476
2025-02-27 03:00:00,2087.5272931044838
2025-02-27 03:30:00,2045.915185577653
2025-02-27 04:00:00,2045.917948118359
2025-02-27 04:30:00,2058.5114048698606
2025-02-27 05:00:00,2052.2313845635204
2025-02-27 05:30:00,2087.530260148595
2025-02-27 06:00:00,2087.528494373473
2025-02-27 06:30:00,2073.6727792462443
2025-02-27 07:00:00,2087.5275279942216
2025-02-27 07:30:00,2087.5265274225926
2025-02-27 08:00:00,2073.6534094752747
2025-02-27 08:30:00,2055.2916139883623
2025-02-27 09:00:00,2052.2147357308336
2025-02-27 09:30:00,2072.3739502681215
2025-02-27 10:00:00,2052.220451598126
2025-02-27 10:30:00,2087.5014948424614
2025-02-27 11:00:00,2073.651242647364
2025-02-27 11:30:00,2087.528896353485
2025-02-27 12:00:00,2087.535363741045
2025-02-27 12:30:00,2073.678546799865
2025-02-27 13:00:00,2087.5178930811844
2025-02-27 13:30:00,2082.999487106659
2025-02-27 14:00:00,2074.0541908006653
2025-02-27 14:30:00,2070.965711405962
2025-02-27 15:00:00,2066.0741362897493
2025-02-27 15:30:00,2087.50908101542
2025-02-27 16:00:00,2087.5772005193267
2025-02-27 16:30:00,2087.535907726265
2025-02-27 17:00:00,2087.519664878501
2025-02-27 17:30:00,2087.550285411569
2025-02-27 18:00:00,2087.531616676241
2025-02-27 18:30:00,2087.5149916952155
2025-02-27 19:00:00,2078.5266025380834
2025-02-27 19:30:00,2064.6651959755277
2025-02-27 20:00:00,2073.6402429157133
2025-02-27 20:30:00,2075.4527883558662
2025-02-27 21:00:00,2087.522483076604
2025-02-27 21:30:00,2087.5299607772245
2025-02-27 22:00:00,2087.512985873649
2025-02-27 22:30:00,2087.5698795924177
2025-02-27 23:00:00,2087.5367327283907
2025-02-27 23:30:00,2087.5200138114046
2025-02-28 00:00:00,2087.509068033715
2025-02-28 00:30:00,2052.2112594170044
2025-02-28 01:00:00,2064.809874342811
2025-02-28 01:30:00,2079.937006469282
2025-02-28 02:00:00,2087.5081012111186
2025-02-28 02:30:00,2087.5181414095687
2025-02-28 03:00:00,2087.5291282822777
2025-02-28 03:30:00,2087.535395790657
2025-02-28 04:00:00,2087.5791626814316
2025-02-28 04:30:00,2087.532621257742
2025-02-28 05:00:00,2087.5363578643387
2025-02-28 05:30:00,2087.5537311561966
2025-02-28 06:00:00,2087.5369145498003
2025-02-28 06:30:00,2087.549541941666
2025-02-28 07:00:00,2087.497797727438
2025-02-28 07:30:00,2070.9663889426192
2025-02-28 08:00:00,2065.3477194036363
2025-02-28 08:30:00,2045.929712527741
2025-02-28 09:00:00,2087.4940727038525
2025-02-28 09:30:00,2087.507085516037
2025-02-28 10:00:00,2087.5254107192336
2025-02-28 10:30:00,2087.5509635370277
2025-02-28 11:00:00,2087.5441146037333
2025-02-28 11:30:00,2087.544870777183
2025-02-28 12:00:00,2087.498786235971
2025-02-28 12:30:00,2061.5904509151965
2025-02-28 13:00:00,2069.1594184265987
2025-02-28 13:30:00,2064.6765981302374
2025-02-28 14:00:00,2045.9472290029216
2025-02-28 14:30:00,2045.9562278282729
2025-02-28 15:00:00,2087.5297178861715
2025-02-28 15:30:00,2087.5330003252056
2025-02-28 16:00:00,2087.5800439602726
2025-02-28 16:30:00,2087.541406472389
2025-02-28 17:00:00,2087.524359220215
2025-02-28 17:30:00,2087.489780061396
2025-02-28 18:00:00,2078.5237847480244
2025-02-28 18:30:00,2055.2930318770636
2025-02-28 19:00:00,2059.7943019430463
2025-02-28 19:30:00,2087.5202844307023
2025-02-28 20:00:00,2087.510511818917
2025-02-28 20:30:00,2087.5373481809347
2025-02-28 21:00:00,2073.6601191586037
2025-02-28 21:30:00,2087.5532726434253
2025-02-28 22:00:00,2087.550120033349
2025-02-28 22:30:00,2087.504536878864
2025-02-28 23:00:00,2045.9358422802009
2025-02-28 23:30:00,2045.9515805342107
2025-03-01 00:00:00,2045.9543397077125
2025-03-01 00:30:00,2059.795950899158
2025-03-01 01:00:00,2087.5237063348627
2025-03-01 01:30:00,2087.5751945736015
2025-03-01 02:00:00,2087.556325276051
2025-03-01 02:30:00,2073.671165868285
2025-03-01 03:00:00,2087.518944568996
2025-03-01 03:30:00,2083.003230271505
2025-03-01 04:00:00,2078.524202063275
2025-03-01 04:30:00,2059.7883831803324
2025-03-01 05:00:00,2087.5296453972005
2025-03-01 05:30:00,2087.539563249246
2025-03-01 06:00:00,2087.543703985059
2025-03-01 06:30:00,2077.1513300539573
2025-03-01 07:00:00,2087.58552546475
2025-03-01 07:30:00,2087.575050662936
2025-03-01 08:00:00,2087.56538464842
2025-03-01 08:30:00,2078.5350950755014
2025-03-01 09:00:00,2074.054176556488
2025-03-01 09:30:00,2045.9346084354886
2025-03-01 10:00:00,2059.8133654540597
2025-03-01 10:30:00,2045.949918308278
2025-03-01 11:00:00,2087.577168857267
2025-03-01 11:30:00,2087.543169041418
2025-03-01 12:00:00,2073.6920344707373
2025-03-01 12:30:00,2087.593335441865
2025-03-01 13:00:00,2087.601146120459
2025-03-01 13:30:00,2087.566878741765
2025-03-01 14:00:00,2087.5288932556546
2025-03-01 14:30:00,2045.924662371007
2025-03-01 15:00:00,2045.91273346481
2025-03-01 15:30:00,2066.073344822346
2025-03-01 16:00:00,2066.0789341732343
2025-03-01 16:30:00,2087.574543290747
2025-03-01 17:00:00,2087.603376409317
2025-03-01 17:30:00,2087.570716718942
2025-03-01 18:00:00,2087.602422055426
2025-03-01 18:30:00,2087.560755484949
2025-03-01 19:00:00,2059.801269489612
2025-03-01 19:30:00,2087.5337980555687
2025-03-01 20:00:00,2087.5260485231242
2025-03-01 20:30:00,2087.516115110318
2025-03-01 21:00:00,2087.5271207418205
2025-03-01 21:30:00,2087.5817625545405
2025-03-01 22:00:00,2073.724592691143
2025-03-01 22:30:00,2087.5351228506916
2025-03-01 23:00:00,2087.515158031281
2025-03-01 23:30:00,2087.5259843093813
2025-03-02 00:00:00,2045.943854757964
2025-03-02 00:30:00,2087.5354940132415
2025-03-02 01:00:00,2087.5373585901248
2025-03-02 01:30:00,2087.5468259064173
2025-03-02 02:00:00,2087.547560219373
2025-03-02 02:30:00,2087.5600234464277
2025-03-02 03:00:00,2087.5341015172794
2025-03-02 03:30:00,2066.081202027665
2025-03-02 04:00:00,2087.491408854346
2025-03-02 04:30:00,2087.5160484793937
2025-03-02 05:00:00,2087.556526749046
2025-03-02 05:30:00,2087.539872507404
2025-03-02 06:00:00,2087.5141493926735
2025-03-02 06:30:00,2087.537742209974
2025-03-02 07:00:00,2087.5387538686123
2025-03-02 07:30:00,2087.4981395822047
2025-03-02 08:00:00,2087.5636889041616
2025-03-02 08:30:00,2087.490269357712
2025-03-02 09:00:00,2087.486518416343
2025-03-02 09:30:00,2079.9287563271314
2025-03-02 10:00:00,2087.4925453589935
2025-03-02 10:30:00,2087.496240216981
2025-03-02 11:00:00,2087.5370327611195
2025-03-02 11:30:00,2087.5458617610434
2025-03-02 12:00:00,2087.5617400439332
2025-03-02 12:30:00,2087.559487192017
2025-03-02 13:00:00,2066.08452422514
2025-03-02 13:30:00,2045.9118940667993
2025-03-02 14:00:00,2073.6361749765297
2025-03-02 14:30:00,2059.783211725047
2025-03-02 15:00:00,2087.4906321256403
2025-03-02 15:30:00,2087.5060798877626
2025-03-02 16:00:00,2087.527527158732
2025-03-02 16:30:00,2087.586446873014
2025-03-02 17:00:00,2087.564954343008
2025-03-02 17:30:00,2087.5604278542064
2025-03-02 18:00:00,2087.5262911999575
2025-03-02 18:30:00,2073.669579704089
2025-03-02 19:00:00,2045.9523075242062
2025-03-02 19:30:00,2045.9443161959668
2025-03-02 20:00:00,2073.655442248261
2025-03-02 20:30:00,2087.5062651046064
2025-03-02 21:00:00,2087.5200220913653
2025-03-02 21:30:00,2087.533917180786
2025-03-02 22:00:00,2087.557450327636
2025-03-02 22:30:00,2087.52851038119
2025-03-02 23:00:00,2045.9264873871823
2025-03-02 23:30:00,2045.9331662948837
2025-03-03 00:00:00,2059.806089241732
2025-03-03 00:30:00,2059.813666585085
2025-03-03 01:00:00,2087.5628925482447
2025-03-03 01:30:00,2087.5440992486006
2025-03-03 02:00:00,2087.545756986065
2025-03-03 02:30:00,2087.5868106398707
2025-03-03 03:00:00,2087.5716217971576
2025-03-03 03:30:00,2087.5262244605747
2025-03-03 04:00:00,2087.4976468026985
2025-03-03 04:30:00,2059.7971435909226
2025-03-03 05:00:00,2059.785876542103
2025-03-03 05:30:00,2087.5142919706554
2025-03-03 06:00:00,2087.5175882365597
2025-03-03 06:30:00,2087.51712671918
2025-03-03 07:00:00,2087.5188381853845
2025-03-03 07:30:00,2087.542561903337
2025-03-03 08:00:00,2087.5127382591213
2025-03-03 08:30:00,2083.0198050523054
2025-03-03 09:00:00,2074.0568101115064
2025-03-03 09:30:00,2069.1599438626113
2025-03-03 10:00:00,2056.33324361175
2025-03-03 10:30:00,2087.5181956126435
2025-03-03 11:00:00,2087.524732588067
2025-03-03 11:30:00,2054.270591342933
2025-03-03 12:00:00,2073.6734208748126
2025-03-03 12:30:00,2087.597697397661
2025-03-03 13:00:00,2087.5178654967276
2025-03-03 13:30:00,2087.4901649267226
2025-03-03 14:00:00,2074.0520083753217
2025-03-03 14:30:00,2074.051471721366
2025-03-03 15:00:00,2064.6723230253874
2025-03-03 15:30:00,2059.7943458064638
2025-03-03 16:00:00,2087.5293168518515
2025-03-03 16:30:00,2059.807479326388
2025-03-03 17:00:00,2087.5901837817705
2025-03-03 17:30:00,2087.592878769426
2025-03-03 18:00:00,2087.5556751761924
2025-03-03 18:30:00,2087.479511948097
2025-03-03 19:00:00,2078.5211764808555
2025-03-03 19:30:00,2055.289409273196
2025-03-03 20:00:00,2075.444186400628
2025-03-03 20:30:00,2087.524745485969
2025-03-03 21:00:00,2087.536516920841
2025-03-03 21:30:00,2077.1494915785297
2025-03-03 22:00:00,2087.5527495363526
2025-03-03 22:30:00,2087.5793422916913
2025-03-03 23:00:00,2087.527258141616
2025-03-03 23:30:00,2059.7803658855096
2025-03-04 00:00:00,2059.792354474026
2025-03-04 00:30:00,2045.9431039509816
2025-03-04 01:00:00,2045.9568660330694
2025-03-04 01:30:00,2059.8229426492503
2025-03-04 02:00:00,2087.5497964348697
2025-03-04 02:30:00,2073.6930475561608
2025-03-04 03:00:00,2087.609631199883
2025-03-04 03:30:00,2087.5630681870825
2025-03-04 04:00:00,2087.578974506174
2025-03-04 04:30:00,2059.8075097877045
2025-03-04 05:00:00,2073.640847358163
2025-03-04 05:30:00,2073.6419506548186
2025-03-04 06:00:00,2064.809552865742
2025-03-04 06:30:00,2087.500450318538
2025-03-04 07:00:00,2083.0174106459967
2025-03-04 07:30:00,2069.1736296234035
2025-03-04 08:00:00,2087.5259774354718
2025-03-04 08:30:00,2087.548286517745
2025-03-04 09:00:00,2083.040575198225
2025-03-04 09:30:00,2087.467097265215
2025-03-04 10:00:00,2078.5204966304623
2025-03-04 10:30:00,2055.9779659284122
2025-03-04 11:00:00,2087.5231042186692
2025-03-04 11:30:00,2070.906180890187
2025-03-04 12:00:00,2073.673420906696
2025-03-04 12:30:00,2087.5777039490144
2025-03-04 13:00:00,2087.5422348184898
2025-03-04 13:30:00,2087.5227369533427
2025-03-04 14:00:00,2059.7789532295055
2025-03-04 14:30:00,2087.4903149723027
2025-03-04 15:00:00,2069.1493703299216
2025-03-04 15:30:00,2052.2174681096712
2025-03-04 16:00:00,2073.6658040579973
2025-03-04 16:30:00,2070.907485550271
2025-03-04 17:00:00,2066.091404907139
2025-03-04 17:30:00,2087.528186951847
2025-03-04 18:00:00,2087.540211069152
2025-03-04 18:30:00,2087.5868646864983
2025-03-04 19:00:00,2087.5466249373276
2025-03-04 19:30:00,2087.538872184316
2025-03-04 20:00:00,2079.926076014359
2025-03-04 20:30:00,2074.0467783170648
2025-03-04 21:00:00,2059.7765519973495
2025-03-04 21:30:00,2073.6510372197445
2025-03-04 22:00:00,2087.5227321520865
2025-03-04 22:30:00,2087.5242388059037
2025-03-04 23:00:00,2087.5515358997977
2025-03-04 23:30:00,2087.5375442877425
2025-03-05 00:00:00,2087.5573410268057
2025-03-05 00:30:00,2073.6607511354773
2025-03-05 01:00:00,2059.790795916755
2025-03-05 01:30:00,2087.5270506793404
2025-03-05 02:00:00,2087.5410552338303
2025-03-05 02:30:00,2087.542794535306
2025-03-05 03:00:00,2087.5435143550403
2025-03-05 03:30:00,2087.546496308243
2025-03-05 04:00:00,2087.5749279437787
2025-03-05 04:30:00,2087.5515915308874
2025-03-05 05:00:00,2087.5340951048097
2025-03-05 05:30:00,2087.4925547997123
2025-03-05 06:00:00,2067.8872210332306
2025-03-05 06:30:00,2087.497382838283
2025-03-05 07:00:00,2087.487485807682
2025-03-05 07:30:00,2087.492452782443
2025-03-05 08:00:00,2087.514992250059
2025-03-05 08:30:00,2087.504226200928
2025-03-05 09:00:00,2087.5219605779826
2025-03-05 09:30:00,2087.53734167571
2025-03-05 10:00:00,2073.6559495302695
2025-03-05 10:30:00,2059.7972229360116
2025-03-05 11:00:00,2073.6628792081224
2025-03-05 11:30:00,2073.665427733778
2025-03-05 12:00:00,2087.5162542722246
2025-03-05 12:30:00,2087.5098716169705
2025-03-05 13:00:00,2087.538234895592
2025-03-05 13:30:00,2087.566935164998
2025-03-05 14:00:00,2087.5374655646756
2025-03-05 14:30:00,2087.485843829436
2025-03-05 15:00:00,2082.9947906171074
2025-03-05 15:30:00,2074.0482092493608
2025-03-05 16:00:00,2069.1625421768213
2025-03-05 16:30:00,2073.6700171432135
2025-03-05 17:00:00,2087.5412385850027
2025-03-05 17:30:00,2087.5443121932876
2025-03-05 18:00:00,2087.5869428901474
2025-03-05 18:30:00,2087.5755729754414
2025-03-05 19:00:00,2087.582987689483
2025-03-05 19:30:00,2073.6676570192035
2025-03-05 20:00:00,2087.5203197472056
2025-03-05 20:30:00,2087.5176648583088
2025-03-05 21:00:00,2059.8125622503244
2025-03-05 21:30:00,2087.5351448707283
2025-03-05 22:00:00,2087.5236367985776
2025-03-05 22:30:00,2087.5212092585098
2025-03-05 23:00:00,2087.556676864439
2025-03-05 23:30:00,2087.5576067024444
2025-03-06 00:00:00,2087.5728048795813
2025-03-06 00:30:00,2059.7974415289245
2025-03-06 01:00:00,2059.810684339922
2025-03-06 01:30:00,2045.9510920876282
2025-03-06 02:00:00,2073.6524487511874
2025-03-06 02:30:00,2073.6541511767286
2025-03-06 03:00:00,2087.522375164143
2025-03-06 03:30:00,2087.5472460443084
2025-03-06 04:00:00,2087.572080887829
2025-03-06 04:30:00,2087.5281656419174
2025-03-06 05:00:00,2087.51028727736
2025-03-06 05:30:00,2087.488604816555
2025-03-06 06:00:00,2061.58840242048
2025-03-06 06:30:00,2087.495025737791
2025-03-06 07:00:00,2083.0839534939864
2025-03-06 07:30:00,2087.511537849776
2025-03-06 08:00:00,2087.5099193910173
2025-03-06 08:30:00,2087.5398405081482
2025-03-06 09:00:00,2087.5799904652285
2025-03-06 09:30:00,2087.5175158335837
2025-03-06 10:00:00,2061.58839406373
2025-03-06 10:30:00,2058.512252791979
2025-03-06 11:00:00,2061.5894950593815
2025-03-06 11:30:00,2073.6572598872795
2025-03-06 12:00:00,2087.529978982541
2025-03-06 12:30:00,2087.509797875397
2025-03-06 13:00:00,2087.5415194073425
2025-03-06 13:30:00,2087.5255670835622
2025-03-06 14:00:00,2087.5109388120622
2025-03-06 14:30:00,2082.99474674335
2025-03-06 15:00:00,2083.085738907923
2025-03-06 15:30:00,2073.644299613011
2025-03-06 16:00:00,2059.8083138833676
2025-03-06 16:30:00,2059.8021995034374
2025-03-06 17:00:00,2087.534935938109
2025-03-06 17:30:00,2087.582031792295
2025-03-06 18:00:00,2087.5924994411707
2025-03-06 18:30:00,2087.6052665481157
2025-03-06 19:00:00,2073.715182086394
2025-03-06 19:30:00,2059.806278978102
2025-03-06 20:00:00,2087.5267605700933
2025-03-06 20:30:00,2059.8098014119246
2025-03-06 21:00:00,2073.675268513222
2025-03-06 21:30:00,2059.796758955748
2025-03-06 22:00:00,2087.517550512742
2025-03-06 22:30:00,2087.521334157633
2025-03-06 23:00:00,2087.531495428959
2025-03-06 23:30:00,2087.525173468545
2025-03-07 00:00:00,2087.5073639624607
2025-03-07 00:30:00,2073.6395596798943
2025-03-07 01:00:00,2087.5131985837934
2025-03-07 01:30:00,2059.8056919606815
2025-03-07 02:00:00,2087.531047685487
2025-03-07 02:30:00,2087.558527983609
2025-03-07 03:00:00,2087.575820386007
2025-03-07 03:30:00,2087.583528376322
2025-03-07 04:00:00,2087.533162535638
2025-03-07 04:30:00,2059.801698874124
2025-03-07 05:00:00,2045.9359113248236
2025-03-07 05:30:00,2087.5299225142985
2025-03-07 06:00:00,2059.8193204907443
2025-03-07 06:30:00,2087.535115552926
2025-03-07 07:00:00,2087.526196224137
2025-03-07 07:30:00,2087.5194995583975
2025-03-07 08:00:00,2087.504791883301
2025-03-07 08:30:00,2087.519355810408
2025-03-07 09:00:00,2087.516773594911
2025-03-07 09:30:00,2047.9525270078782
2025-03-07 10:00:00,2073.6576060355587
2025-03-07 10:30:00,2045.9365182767149
2025-03-07 11:00:00,2045.9562593829608
2025-03-07 11:30:00,2087.5253565853823
2025-03-07 12:00:00,2087.594909012513
2025-03-07 12:30:00,2087.5151636313826
2025-03-07 13:00:00,2087.571490433515
2025-03-07 13:30:00,2087.52190949139
2025-03-07 14:00:00,2066.076731917156
2025-03-07 14:30:00,2073.651241536452
2025-03-07 15:00:00,2059.8010622329234
2025-03-07 15:30:00,2045.9428130141193
2025-03-07 16:00:00,2073.6720879403983
2025-03-07 16:30:00,2087.5327256155165
2025-03-07 17:00:00,2087.514139634734
2025-03-07 17:30:00,2087.539682305418
2025-03-07 18:00:00,2087.5156467165625
2025-03-07 18:30:00,2078.5303941365432
2025-03-07 19:00:00,2074.0465641115466
2025-03-07 19:30:00,2073.636614799108
2025-03-07 20:00:00,2078.523234419618
2025-03-07 20:30:00,2087.479852497913
2025-03-07 21:00:00,2083.009556213999
2025-03-07 21:30:00,2087.504350729964
2025-03-07 22:00:00,2087.563142957039
2025-03-07 22:30:00,2087.560784883983
2025-03-07 23:00:00,2083.046278875116
2025-03-07 23:30:00,2074.0472321990032
2025-03-08 00:00:00,2055.290901436492
2025-03-08 00:30:00,2087.5110866901705
2025-03-08 01:00:00,2059.7960745896526
2025-03-08 01:30:00,2059.8020138869856
2025-03-08 02:00:00,2073.669166785504
2025-03-08 02:30:00,2087.53771442239
2025-03-08 03:00:00,2087.6006241965147
2025-03-08 03:30:00,2087.5219831988666
2025-03-08 04:00:00,2079.9341205360474
2025-03-08 04:30:00,2073.658698864236
2025-03-08 05:00:00,2087.531833968064
2025-03-08 05:30:00,2073.6528474868974
2025-03-08 06:00:00,2087.5329260859726
2025-03-08 06:30:00,2087.4845723586245
2025-03-08 07:00:00,2074.3266464995213
2025-03-08 07:30:00,2087.5372764224744
2025-03-08 08:00:00,2087.4994952103675
2025-03-08 08:30:00,2083.0226206076322
2025-03-08 09:00:00,2069.4306238100007
2025-03-08 09:30:00,2074.045691098782
2025-03-08 10:00:00,2083.007722905564
2025-03-08 10:30:00,2074.044030251874
2025-03-08 11:00:00,2083.0011420521787
2025-03-08 11:30:00,2087.4959498384883
2025-03-08 12:00:00,2087.523299028497
2025-03-08 12:30:00,2087.54989548025
2025-03-08 13:00:00,2083.0458847735426
2025-03-08 13:30:00,2074.049489731124
2025-03-08 14:00:00,2074.044968139363
2025-03-08 14:30:00,2075.449366568029
2025-03-08 15:00:00,2087.489201666282
2025-03-08 15:30:00,2087.5003575464616
2025-03-08 16:00:00,2087.527927073372
2025-03-08 16:30:00,2087.5152027521
2025-03-08 17:00:00,2087.522582995749
2025-03-08 17:30:00,2073.6695006429313
2025-03-08 18:00:00,2045.9269591855464
2025-03-08 18:30:00,2073.654163914913
2025-03-08 19:00:00,2073.6484540983506
2025-03-08 19:30:00,2087.516695414855
2025-03-08 20:00:00,2087.516554435939
2025-03-08 20:30:00,2087.537186577848
2025-03-08 21:00:00,2087.5461347337955
2025-03-08 21:30:00,2087.529799431937
2025-03-08 22:00:00,2083.0281062278536
2025-03-08 22:30:00,2045.9218127440342
2025-03-08 23:00:00,2073.6623383046212
2025-03-08 23:30:00,2045.9553514567924
2025-03-09 00:00:00,2073.676475136311
2025-03-09 00:30:00,2087.5413093473153
2025-03-09 01:00:00,2073.6889665829435
2025-03-09 01:30:00,2077.1592926908315
2025-03-09 02:00:00,2087.5241688020315
2025-03-09 02:30:00,2083.050542047063
2025-03-09 03:00:00,2083.000487194283
2025-03-09 03:30:00,2087.480182120646
2025-03-09 04:00:00,2082.997436240404
2025-03-09 04:30:00,2045.9275736769016
2025-03-09 05:00:00,2073.6637283809046
2025-03-09 05:30:00,2059.8125428549483
2025-03-09 06:00:00,2073.6730426286827
2025-03-09 06:30:00,2087.53318780391
2025-03-09 07:00:00,2087.5419427082097
2025-03-09 07:30:00,2083.0021142038063
2025-03-09 08:00:00,2074.0467479686554
2025-03-09 08:30:00,2082.998288008425
2025-03-09 09:00:00,2073.64199606546
2025-03-09 09:30:00,2087.5127374654676
2025-03-09 10:00:00,2087.541270253881
2025-03-09 10:30:00,2087.5380707480053
2025-03-09 11:00:00,2087.5325538814873
2025-03-09 11:30:00,2083.0055874836657
2025-03-09 12:00:00,2082.999077950804
2025-03-09 12:30:00,2075.447369801594
2025-03-09 13:00:00,2069.1469483724813
2025-03-09 13:30:00,2087.4823978793775
2025-03-09 14:00:00,2087.4814133723785
2025-03-09 14:30:00,2087.4786944559683
2025-03-09 15:00:00,2087.4943030466657
2025-03-09 15:30:00,2087.5167964281386
2025-03-09 16:00:00,2064.6789523663415
2025-03-09 16:30:00,2066.077770553889
2025-03-09 17:00:00,2073.6641301373234
2025-03-09 17:30:00,2073.6653902278417
2025-03-09 18:00:00,2087.5153323937393
2025-03-09 18:30:00,2087.545246565449
2025-03-09 19:00:00,2087.526594553798
2025-03-09 19:30:00,2087.5233892770075
2025-03-09 20:00:00,2073.652659771356
2025-03-09 20:30:00,2061.587944355992
2025-03-09 21:00:00,2059.776692584875
2025-03-09 21:30:00,2073.6563231823416
2025-03-09 22:00:00,2059.8064262017056
2025-03-09 22:30:00,2073.65876512732
2025-03-09 23:00:00,2073.6658286996058
2025-03-09 23:30:00,2059.81522203855
2025-03-10 00:00:00,2087.5351056234435
2025-03-10 00:30:00,2087.526039319272
2025-03-10 01:00:00,2059.7930708995336
2025-03-10 01:30:00,2059.801646715519
2025-03-10 02:00:00,2087.5312075466372
2025-03-10 02:30:00,2087.5319968908625
2025-03-10 03:00:00,2087.5339135260247
2025-03-10 03:30:00,2087.5316826265303
2025-03-10 04:00:00,2059.8053901374005
2025-03-10 04:30:00,2087.531967040802
2025-03-10 05:00:00,2045.9451288856005
2025-03-10 05:30:00,2073.6582017514584
2025-03-10 06:00:00,2045.9280045013159
2025-03-10 06:30:00,2045.9302079997854
2025-03-10 07:00:00,2078.5311775968607
2025-03-10 07:30:00,2086.504252970505
2025-03-10 08:00:00,2087.556248904579
2025-03-10 08:30:00,2078.531658114829
2025-03-10 09:00:00,2078.5247820064014
2025-03-10 09:30:00,2056.6504275571283
2025-03-10 10:00:00,2047.9526231288403
2025-03-10 10:30:00,2074.0516936668096
2025-03-10 11:00:00,2056.654309992166
2025-03-10 11:30:00,2078.519092633984
2025-03-10 12:00:00,2087.5398573928105
2025-03-10 12:30:00,2087.5424218305343
2025-03-10 13:00:00,2064.672763849418
2025-03-10 13:30:00,2083.006216633926
2025-03-10 14:00:00,2087.493364526491
2025-03-10 14:30:00,2087.5458573813626
2025-03-10 15:00:00,2087.557899283656
2025-03-10 15:30:00,2083.007771824267
2025-03-10 16:00:00,2087.5112903714125
2025-03-10 16:30:00,2073.6595417396943
2025-03-10 17:00:00,2073.6472884733
2025-03-10 17:30:00,2087.495456206545
2025-03-10 18:00:00,2079.93572330407
2025-03-10 18:30:00,2087.5575270299487
2025-03-10 19:00:00,2087.4940726340064
2025-03-10 19:30:00,2072.3711885156767
2025-03-10 20:00:00,2066.749654142839
2025-03-10 20:30:00,2065.352759361605
2025-03-10 21:00:00,2074.0506197942736
2025-03-10 21:30:00,2087.491523050588
2025-03-10 22:00:00,2072.371292520057
2025-03-10 22:30:00,2059.781772527448
2025-03-10 23:00:00,2059.7885430298907
2025-03-10 23:30:00,2045.9327075006615
2025-03-11 00:00:00,2087.5442157855705
2025-03-11 00:30:00,2087.5598204129983
2025-03-11 01:00:00,2087.561129168332
2025-03-11 01:30:00,2059.7912293042405
2025-03-11 02:00:00,2087.5090550957416
2025-03-11 02:30:00,2045.9371371076693
2025-03-11 03:00:00,2059.796665282748
2025-03-11 03:30:00,2059.7972891261597
2025-03-11 04:00:00,2073.6510901743463
2025-03-11 04:30:00,2087.5273797415216
2025-03-11 05:00:00,2087.5402589486525
2025-03-11 05:30:00,2087.5798503997116
2025-03-11 06:00:00,2087.530732708976
2025-03-11 06:30:00,2073.651459280875
2025-03-11 07:00:00,2059.7862796742884
2025-03-11 07:30:00,2087.5615268714723
2025-03-11 08:00:00,2065.3485175202545
2025-03-11 08:30:00,2091.018742569047
2025-03-11 09:00:00,2087.506537764039
2025-03-11 09:30:00,2079.9395802999475
2025-03-11 10:00:00,2067.88729830713
2025-03-11 10:30:00,2065.3486755579447
2025-03-11 11:00:00,2065.3533692048427
2025-03-11 11:30:00,2064.6709049061715
2025-03-11 12:00:00,2083.0100796504566
2025-03-11 12:30:00,2087.470291504386
2025-03-11 13:00:00,2087.5601330188197
2025-03-11 13:30:00,2087.4837600352243
2025-03-11 14:00:00,2078.5229223620363
2025-03-11 14:30:00,2069.150644197507
2025-03-11 15:00:00,2075.450411156166
2025-03-11 15:30:00,2073.645082421031
2025-03-11 16:00:00,2069.157305731514
2025-03-11 16:30:00,2073.6458254506138
2025-03-11 17:00:00,2073.650511765199
2025-03-11 17:30:00,2078.523022319536
2025-03-11 18:00:00,2074.0446380124654
2025-03-11 18:30:00,2073.66622540828
2025-03-11 19:00:00,2073.6735812911334
2025-03-11 19:30:00,2087.5313809701743
2025-03-11 20:00:00,2087.5040118182656
2025-03-11 20:30:00,2078.5226194076263
2025-03-11 21:00:00,2059.7865698066776
2025-03-11 21:30:00,2087.5220637183083
2025-03-11 22:00:00,2059.8078167324543
2025-03-11 22:30:00,2073.6749658341187
2025-03-11 23:00:00,2087.535541736812
2025-03-11 23:30:00,2087.512390118548
2025-03-12 00:00:00,2073.677667629136
2025-03-12 00:30:00,2066.0845428666566
2025-03-12 01:00:00,2066.078851915208
2025-03-12 01:30:00,2045.9258409839686
2025-03-12 02:00:00,2073.66038784227
2025-03-12 02:30:00,2059.8069349087514
2025-03-12 03:00:00,2087.57685174862
2025-03-12 03:30:00,2073.6682762913015
2025-03-12 04:00:00,2073.6687772886
2025-03-12 04:30:00,2087.5355533638267
2025-03-12 05:00:00,2087.518559618425
2025-03-12 05:30:00,2059.8005616110777
2025-03-12 06:00:00,2078.521466578172
2025-03-12 06:30:00,2083.008565924653
2025-03-12 07:00:00,2086.5139112501424
2025-03-12 07:30:00,2087.508853413737
2025-03-12 08:00:00,2078.531104192247
2025-03-12 08:30:00,2087.49966873648
2025-03-12 09:00:00,2087.4974003939865
2025-03-12 09:30:00,2074.0542057960834
2025-03-12 10:00:00,2056.6526051773963
2025-03-12 10:30:00,2087.473083828182
2025-03-12 11:00:00,2087.477575521254
2025-03-12 11:30:00,2083.0147285279727
2025-03-12 12:00:00,2087.5497312269395
2025-03-12 12:30:00,2059.8042944103117
2025-03-12 13:00:00,2087.497276634151
2025-03-12 13:30:00,2087.4701422062267
2025-03-12 14:00:00,2069.1525122561893
2025-03-12 14:30:00,2064.668274859061
2025-03-12 15:00:00,2087.5049893328815
2025-03-12 15:30:00,2059.7897187991643
2025-03-12 16:00:00,2087.506276955141
2025-03-12 16:30:00,2073.6475312924226
2025-03-12 17:00:00,2073.642231130382
2025-03-12 17:30:00,2045.9288153806137
2025-03-12 18:00:00,2059.798953047009
2025-03-12 18:30:00,2087.5103537930568
2025-03-12 19:00:00,2087.5033673206062
2025-03-12 19:30:00,2078.5317152214825
2025-03-12 20:00:00,2047.9539388994165
2025-03-12 20:30:00,2087.5018211657225
2025-03-12 21:00:00,2078.5183566051264
2025-03-12 21:30:00,2087.4943504351018
2025-03-12 22:00:00,2069.1517566250222
2025-03-12 22:30:00,2066.0900194266956
2025-03-12 23:00:00,2087.5733028374602
2025-03-12 23:30:00,2073.6598521448027
2025-03-13 00:00:00,2045.9320137586935
2025-03-13 00:30:00,2045.9361891774424
2025-03-13 01:00:00,2073.6654397887937
2025-03-13 01:30:00,2073.6782723726446
2025-03-13 02:00:00,2083.0138345893224
2025-03-13 02:30:00,2073.6449273593166
2025-03-13 03:00:00,2059.7904213350344
2025-03-13 03:30:00,2087.5343869378758
2025-03-13 04:00:00,2087.477033355139
2025-03-13 04:30:00,2083.007724903208
2025-03-13 05:00:00,2087.4930054235974
2025-03-13 05:30:00,2067.8861136819655
2025-03-13 06:00:00,2083.010305472058
2025-03-13 06:30:00,2087.5567404382473
2025-03-13 07:00:00,2083.0062636547786
2025-03-13 07:30:00,2087.478540851851
2025-03-13 08:00:00,2073.644062371121
2025-03-13 08:30:00,2087.526197389637
2025-03-13 09:00:00,2087.543807182285
2025-03-13 09:30:00,2087.5385255505516
2025-03-13 10:00:00,2083.0394196671114
2025-03-13 10:30:00,2065.3526231517235
2025-03-13 11:00:00,2065.352410545035
2025-03-13 11:30:00,2083.011152338279
2025-03-13 12:00:00,2059.801227868797
2025-03-13 12:30:00,2087.5181494696667
2025-03-13 13:00:00,2077.1083224445683
2025-03-13 13:30:00,2077.1297671169677
2025-03-13 14:00:00,2087.520040483756
2025-03-13 14:30:00,2083.0358876736177
2025-03-13 15:00:00,2074.0476713557864
2025-03-13 15:30:00,2078.5215826336325
2025-03-13 16:00:00,2058.519256411016
2025-03-13 16:30:00,2073.651158737845
2025-03-13 17:00:00,2087.5289158910387
2025-03-13 17:30:00,2073.6480348995356
2025-03-13 18:00:00,2073.659051178475
2025-03-13 18:30:00,2087.5119625572183
2025-03-13 19:00:00,2083.0212916847954
2025-03-13 19:30:00,2087.5000577223377
2025-03-13 20:00:00,2083.0084678880007
2025-03-13 20:30:00,2078.523213503525
2025-03-13 21:00:00,2087.495542668376
2025-03-13 21:30:00,2083.016239003011
2025-03-13 22:00:00,2045.935028620813
2025-03-13 22:30:00,2087.5217809411524
2025-03-13 23:00:00,2087.5351171096268
2025-03-13 23:30:00,2045.930073362378
2025-03-14 00:00:00,2059.8001257453207
2025-03-14 00:30:00,2087.522883568924
2025-03-14 01:00:00,2073.663229593288
2025-03-14 01:30:00,2087.5349078491377
2025-03-14 02:00:00,2087.603560889958
2025-03-14 02:30:00,2087.5434889052585
2025-03-14 03:00:00,2073.6816921287614
2025-03-14 03:30:00,2087.568852215807
2025-03-14 04:00:00,2087.5933340343972
2025-03-14 04:30:00,2087.5409051154115
2025-03-14 05:00:00,2087.5562426083197
2025-03-14 05:30:00,2087.478431782952
2025-03-14 06:00:00,2074.0447452116573
2025-03-14 06:30:00,2074.042893031412
2025-03-14 07:00:00,2078.523705445938
2025-03-14 07:30:00,2066.7531577670884
2025-03-14 08:00:00,2078.555453125804
2025-03-14 08:30:00,2070.9640980075733
2025-03-14 09:00:00,2073.6367164618764
2025-03-14 09:30:00,2083.041017169665
2025-03-14 10:00:00,2072.613512628968
2025-03-14 10:30:00,2087.4957279020705
2025-03-14 11:00:00,2087.5021161537124
2025-03-14 11:30:00,2064.670114595361
2025-03-14 12:00:00,2075.44392124298
2025-03-14 12:30:00,2083.041931749666
2025-03-14 13:00:00,2069.161912447913
2025-03-14 13:30:00,2087.518130313097
2025-03-14 14:00:00,2087.5236766457597
2025-03-14 14:30:00,2087.499945531221
2025-03-14 15:00:00,2087.5079024806805
2025-03-14 15:30:00,2073.656376077727
2025-03-14 16:00:00,2069.1580265083444
2025-03-14 16:30:00,2078.5341866742137
2025-03-14 17:00:00,2067.884579725878
2025-03-14 17:30:00,2087.517861984118
2025-03-14 18:00:00,2087.5106919483624
2025-03-14 18:30:00,2087.506624206832
2025-03-14 19:00:00,2087.492035224641
2025-03-14 19:30:00,2074.0445720735097
2025-03-14 20:00:00,2074.043552984302
2025-03-14 20:30:00,2074.0431364506458
2025-03-14 21:00:00,2078.5250844390125
2025-03-14 21:30:00,2087.502504586488
2025-03-14 22:00:00,2087.513879128995
2025-03-14 22:30:00,2087.5113130747804
2025-03-14 23:00:00,2066.744389809855
2025-03-14 23:30:00,2087.545428701325
2025-03-15 00:00:00,2087.5420009885115
2025-03-15 00:30:00,2087.524261183102
2025-03-15 01:00:00,2058.5132724402747
2025-03-15 01:30:00,2045.933169990858
2025-03-15 02:00:00,2045.937751166336
2025-03-15 02:30:00,2073.6672620964214
2025-03-15 03:00:00,2066.7344158917076
2025-03-15 03:30:00,2087.5236908308384
2025-03-15 04:00:00,2087.5253123085377
2025-03-15 04:30:00,2066.7387906192666
2025-03-15 05:00:00,2087.5319802944164
2025-03-15 05:30:00,2059.810568784096
2025-03-15 06:00:00,2045.9468755699306
2025-03-15 06:30:00,2045.9451087958741
2025-03-15 07:00:00,2059.7976362921972
2025-03-15 07:30:00,2083.0141108287785
2025-03-15 08:00:00,2074.043344509086
2025-03-15 08:30:00,2083.003586339161
2025-03-15 09:00:00,2083.008016547958
2025-03-15 09:30:00,2059.802804976011
2025-03-15 10:00:00,2087.521604619233
2025-03-15 10:30:00,2087.5074006214254
2025-03-15 11:00:00,2083.0435647523004
2025-03-15 11:30:00,2055.2943570381735
2025-03-15 12:00:00,2064.673875304706
2025-03-15 12:30:00,2069.900497703853
2025-03-15 13:00:00,2069.830542628284
2025-03-15 13:30:00,2074.0376392086546
2025-03-15 14:00:00,2087.5021738003948
2025-03-15 14:30:00,2073.6579882413603
2025-03-15 15:00:00,2087.532187938638
2025-03-15 15:30:00,2087.51203950878
2025-03-15 16:00:00,2064.6720322099745
2025-03-15 16:30:00,2046.6082707542498
2025-03-15 17:00:00,2078.5254215088135
2025-03-15 17:30:00,2075.443369982606
2025-03-15 18:00:00,2073.6574096509635
2025-03-15 18:30:00,2087.52516556227
2025-03-15 19:00:00,2045.948661670387
2025-03-15 19:30:00,2087.528101989216
2025-03-15 20:00:00,2087.5159113805357
2025-03-15 20:30:00,2069.1500065963132
2025-03-15 21:00:00,2061.593525302884
2025-03-15 21:30:00,2059.795699068917
2025-03-15 22:00:00,2045.9345369097825
2025-03-15 22:30:00,2073.6636770754753
2025-03-15 23:00:00,2073.674275916617
2025-03-15 23:30:00,2087.5367853803396
2025-03-16 00:00:00,2087.5147563029755
2025-03-16 00:30:00,2087.503535780174
2025-03-16 01:00:00,2087.487302434501
2025-03-16 01:30:00,2087.4784952672535
2025-03-16 02:00:00,2074.0400147182286
2025-03-16 02:30:00,2074.0381459545474
2025-03-16 03:00:00,2078.523176570046
2025-03-16 03:30:00,2078.5274629566393
2025-03-16 04:00:00,2078.525015658673
2025-03-16 04:30:00,2087.5067439920936
2025-03-16 05:00:00,2087.5134329548487
2025-03-16 05:30:00,2066.0847903187196
2025-03-16 06:00:00,2058.5152279750255
2025-03-16 06:30:00,2079.944979831387
2025-03-16 07:00:00,2045.9311737511255
2025-03-16 07:30:00,2079.9399787430775
2025-03-16 08:00:00,2087.5013815034363
2025-03-16 08:30:00,2072.3738736706896
2025-03-16 09:00:00,2087.486217078634
2025-03-16 09:30:00,2087.5327004510364
2025-03-16 10:00:00,2087.506400573749
2025-03-16 10:30:00,2087.4930261807967
2025-03-16 11:00:00,2076.4391407939033
2025-03-16 11:30:00,2074.0375796382946
2025-03-16 12:00:00,2074.0439346223015
2025-03-16 12:30:00,2071.962570549596
2025-03-16 13:00:00,2063.2655608281634
2025-03-16 13:30:00,2046.6069090051196
2025-03-16 14:00:00,2059.791466972
2025-03-16 14:30:00,2078.5278754121414
2025-03-16 15:00:00,2078.525109535776
2025-03-16 15:30:00,2083.008734500973
2025-03-16 16:00:00,2087.5546091653687
2025-03-16 16:30:00,2087.502638687156
2025-03-16 17:00:00,2083.018916355511
2025-03-16 17:30:00,2070.9629993087733
2025-03-16 18:00:00,2074.0430078925756
2025-03-16 18:30:00,2058.515612481199
2025-03-16 19:00:00,2087.5156664532255
2025-03-16 19:30:00,2066.7302290589096
2025-03-16 20:00:00,2045.948783250987
2025-03-16 20:30:00,2073.671910968562
2025-03-16 21:00:00,2087.547244994672
2025-03-16 21:30:00,2059.781793479361
2025-03-16 22:00:00,2080.7606098808496
2025-03-16 22:30:00,2080.7645688070183
2025-03-16 23:00:00,2072.374310832469
2025-03-16 23:30:00,2059.792030981637
2025-03-17 00:00:00,2059.79560667751
2025-03-17 00:30:00,2073.6526302503644
2025-03-17 01:00:00,2045.935400020033
2025-03-17 01:30:00,2087.53291117723
2025-03-17 02:00:00,2087.5730532218136
2025-03-17 02:30:00,2073.656462888323
2025-03-17 03:00:00,2073.645376635143
2025-03-17 03:30:00,2074.042816334188
2025-03-17 04:00:00,2078.5253529717515
2025-03-17 04:30:00,2069.1535575056064
2025-03-17 05:00:00,2087.5099712405317
2025-03-17 05:30:00,2087.514993128845
2025-03-17 06:00:00,2087.5102670544675
2025-03-17 06:30:00,2087.5148733542615
2025-03-17 07:00:00,2087.5899718003025
2025-03-17 07:30:00,2092.734447817972
2025-03-17 08:00:00,2061.001207167526
2025-03-17 08:30:00,2074.044638567218
2025-03-17 09:00:00,2065.3478164804055
2025-03-17 09:30:00,2074.0479359578117
2025-03-17 10:00:00,2081.315530095491
2025-03-17 10:30:00,2094.5608473679326
2025-03-17 11:00:00,2078.5281608304776
2025-03-17 11:30:00,2087.5330651825466
2025-03-17 12:00:00,2087.565759901334
2025-03-17 12:30:00,2074.0474614525415
2025-03-17 13:00:00,2061.846711821965
2025-03-17 13:30:00,2043.7441153378807
2025-03-17 14:00:00,2059.7341573643316
2025-03-17 14:30:00,2087.5018702637776
2025-03-17 15:00:00,2087.505436374083
2025-03-17 15:30:00,2059.796092657231
2025-03-17 16:00:00,2087.512765838051
2025-03-17 16:30:00,2087.547768644954
2025-03-17 17:00:00,2087.538624538376
2025-03-17 17:30:00,2087.53672245974
2025-03-17 18:00:00,2087.5242759088646
2025-03-17 18:30:00,2078.5212771169386
2025-03-17 19:00:00,2074.041400630312
2025-03-17 19:30:00,2083.0076528231207
2025-03-17 20:00:00,2073.6304342110157
2025-03-17 20:30:00,2045.9330217453996
2025-03-17 21:00:00,2045.955230462759
2025-03-17 21:30:00,2087.5436250728035
2025-03-17 22:00:00,2078.534148880066
2025-03-17 22:30:00,2087.4859533135946
2025-03-17 23:00:00,2072.3747879969137
2025-03-17 23:30:00,2087.541412658444
2025-03-18 00:00:00,2087.5684628680015
2025-03-18 00:30:00,2087.5918070544053
2025-03-18 01:00:00,2087.5152531402314
2025-03-18 01:30:00,2067.885936209767
2025-03-18 02:00:00,2072.371576417714
2025-03-18 02:30:00,2087.5059021441702
2025-03-18 03:00:00,2072.373590834952
2025-03-18 03:30:00,2070.959566436449
2025-03-18 04:00:00,2073.6472467574636
2025-03-18 04:30:00,2087.5203065290893
2025-03-18 05:00:00,2087.5459031179194
2025-03-18 05:30:00,2083.0230607435346
2025-03-18 06:00:00,2045.9239641776167
2025-03-18 06:30:00,2078.527868321911
2025-03-18 07:00:00,2066.079878454198
2025-03-18 07:30:00,2074.039639688321
2025-03-18 08:00:00,2087.4846098198755
2025-03-18 08:30:00,2060.5258796965427
2025-03-18 09:00:00,2073.6577094201216
2025-03-18 09:30:00,2087.503819347225
2025-03-18 10:00:00,2087.4909780675334
2025-03-18 10:30:00,2061.16267268994
2025-03-18 11:00:00,2054.3173977805823
2025-03-18 11:30:00,2074.0447633474305
2025-03-18 12:00:00,2064.674704953715
2025-03-18 12:30:00,2074.34219197947
2025-03-18 13:00:00,2090.988940671508
2025-03-18 13:30:00,2061.5898088676163
2025-03-18 14:00:00,2087.5104089624256
2025-03-18 14:30:00,2087.542301113757
2025-03-18 15:00:00,2087.5309290806163
2025-03-18 15:30:00,2083.008689312735
2025-03-18 16:00:00,2064.809539521772
2025-03-18 16:30:00,2064.669646297473
2025-03-18 17:00:00,2074.038488280478
2025-03-18 17:30:00,2058.5163270853004
2025-03-18 18:00:00,2058.517431005517
2025-03-18 18:30:00,2059.792202708317
2025-03-18 19:00:00,2087.5705822283185
2025-03-18 19:30:00,2087.594879355496
2025-03-18 20:00:00,2087.5589167500752
2025-03-18 20:30:00,2078.5268023619433
2025-03-18 21:00:00,2070.964846147343
2025-03-18 21:30:00,2069.157090877224
2025-03-18 22:00:00,2045.9363233285414
2025-03-18 22:30:00,2073.6634198966435
2025-03-18 23:00:00,2059.7962854116668
2025-03-18 23:30:00,2087.5661402027895
2025-03-19 00:00:00,2087.5636889319244
2025-03-19 00:30:00,2083.0175441708298
2025-03-19 01:00:00,2070.9631505186476
2025-03-19 01:30:00,2074.04514240358
2025-03-19 02:00:00,2078.5252444040125
2025-03-19 02:30:00,2078.526301060057
2025-03-19 03:00:00,2040.4359914900608
2025-03-19 03:30:00,2073.646386780505
2025-03-19 04:00:00,2087.490961722741
2025-03-19 04:30:00,2087.494993495626
2025-03-19 05:00:00,2079.931956233955
2025-03-19 05:30:00,2078.5600508314624
2025-03-19 06:00:00,2065.3508555252656
2025-03-19 06:30:00,2056.652900189901
2025-03-19 07:00:00,2063.9468777985844
2025-03-19 07:30:00,2052.223830031719
2025-03-19 08:00:00,2066.077411855536
2025-03-19 08:30:00,2087.4716520713264
2025-03-19 09:00:00,2087.547625133421
2025-03-19 09:30:00,2087.5518576074787
2025-03-19 10:00:00,2087.4769663740076
2025-03-19 10:30:00,2087.4745143699206
2025-03-19 11:00:00,2067.887889465042
2025-03-19 11:30:00,2052.223297098549
2025-03-19 12:00:00,2061.592737320354
2025-03-19 12:30:00,2061.5914923782107
2025-03-19 13:00:00,2069.154241937955
2025-03-19 13:30:00,2087.5570971862203
2025-03-19 14:00:00,2087.526292219048
2025-03-19 14:30:00,2087.548813870052
2025-03-19 15:00:00,2073.6367591463345
2025-03-19 15:30:00,2074.0443816692623
2025-03-19 16:00:00,2059.7934186580646
2025-03-19 16:30:00,2064.672500827857
2025-03-19 17:00:00,2073.6490930568943
2025-03-19 17:30:00,2073.663302497718
2025-03-19 18:00:00,2069.167592768582
2025-03-19 18:30:00,2087.4784290581547
2025-03-19 19:00:00,2087.515138733837
2025-03-19 19:30:00,2087.5162581249383
2025-03-19 20:00:00,2052.2223905091937
2025-03-19 20:30:00,2052.2198388399806
2025-03-19 21:00:00,2024.6276363016987
2025-03-19 21:30:00,2045.9513116130522
2025-03-19 22:00:00,2077.146273188409
2025-03-19 22:30:00,2087.580304289448
2025-03-19 23:00:00,2087.5567732277145
2025-03-19 23:30:00,2087.587292852391
2025-03-20 00:00:00,2087.609295569575
2025-03-20 00:30:00,2087.513629879288
2025-03-20 01:00:00,2083.0172216190244
2025-03-20 01:30:00,2074.044433621839
2025-03-20 02:00:00,2074.04150919239
2025-03-20 02:30:00,2071.958169180665
2025-03-20 03:00:00,2074.0404679922667
2025-03-20 03:30:00,2074.0389390696578
2025-03-20 04:00:00,2078.5273275323298
2025-03-20 04:30:00,2087.5100857398957
2025-03-20 05:00:00,2087.593398637844
2025-03-20 05:30:00,2087.5959205629465
2025-03-20 06:00:00,2087.545007219838
2025-03-20 06:30:00,2079.934409563781
2025-03-20 07:00:00,2074.0475917288677
2025-03-20 07:30:00,2073.01127322768
2025-03-20 08:00:00,2056.65395362631
2025-03-20 08:30:00,2044.8543625583052
2025-03-20 09:00:00,2050.471492656537
2025-03-20 09:30:00,2073.639999722975
2025-03-20 10:00:00,2087.4964469282572
2025-03-20 10:30:00,2087.485847952685
2025-03-20 11:00:00,2087.5460357886686
2025-03-20 11:30:00,2087.478862331672
2025-03-20 12:00:00,2087.5066944380574
2025-03-20 12:30:00,2078.528889307538
2025-03-20 13:00:00,2086.5094053189214
2025-03-20 13:30:00,2079.934332597842
2025-03-20 14:00:00,2073.6386059189194
2025-03-20 14:30:00,2087.494456986663
2025-03-20 15:00:00,2087.513546874438
2025-03-20 15:30:00,2087.567344284955
2025-03-20 16:00:00,2087.54777878096
2025-03-20 16:30:00,2087.5186511709153
2025-03-20 17:00:00,2087.496025907953
2025-03-20 17:30:00,2055.2965241651095
2025-03-20 18:00:00,2061.591112355866
2025-03-20 18:30:00,2058.516082489673
2025-03-20 19:00:00,2087.5104116333678
2025-03-20 19:30:00,2087.520378025086
2025-03-20 20:00:00,2087.544620266817
2025-03-20 20:30:00,2087.622225643031
2025-03-20 21:00:00,2087.5767039113643
2025-03-20 21:30:00,2087.607607325057
2025-03-20 22:00:00,2087.6155341183517
2025-03-20 22:30:00,2087.636764567502
2025-03-20 23:00:00,2087.625505093752
2025-03-20 23:30:00,2087.6033188703577
2025-03-21 00:00:00,2087.5930848541907
2025-03-21 00:30:00,2087.5689830308634
2025-03-21 01:00:00,2073.643391319341
2025-03-21 01:30:00,2045.9301611766923
2025-03-21 02:00:00,2045.921830840497
2025-03-21 02:30:00,2003.349120337082
2025-03-21 03:00:00,2045.9392010606553
2025-03-21 03:30:00,2073.6545385797376
2025-03-21 04:00:00,2087.543302094194
2025-03-21 04:30:00,2087.5513294109282
2025-03-21 05:00:00,2087.5905940688567
2025-03-21 05:30:00,2087.6027172121817
2025-03-21 06:00:00,2087.5630112368435
2025-03-21 06:30:00,2087.620079639478
2025-03-21 07:00:00,2065.3461390657694
2025-03-21 07:30:00,2082.9973284629164
2025-03-21 08:00:00,2065.3489175034774
2025-03-21 08:30:00,2090.009000310096
2025-03-21 09:00:00,2073.643728525956
2025-03-21 09:30:00,2073.67518382377
2025-03-21 10:00:00,2087.558577274387
2025-03-21 10:30:00,2087.5901184251475
2025-03-21 11:00:00,2087.5926123678096
2025-03-21 11:30:00,2087.557187690796
2025-03-21 12:00:00,2083.073253295435
2025-03-21 12:30:00,2063.951027611851
2025-03-21 13:00:00,2046.2502457646185
2025-03-21 13:30:00,2061.530659424172
2025-03-21 14:00:00,2068.127708147535
2025-03-21 14:30:00,2087.4978361008825
2025-03-21 15:00:00,2055.296698653029
2025-03-21 15:30:00,2087.5126571506376
2025-03-21 16:00:00,2087.5225754154794
2025-03-21 16:30:00,2087.5731894334417
2025-03-21 17:00:00,2087.5557334666228
2025-03-21 17:30:00,2087.5062815273864
2025-03-21 18:00:00,2083.0062202195445
2025-03-21 18:30:00,2074.046619781479
2025-03-21 19:00:00,2065.350161158016
2025-03-21 19:30:00,2078.523696479057
2025-03-21 20:00:00,2082.998614881484
2025-03-21 20:30:00,2083.002322551834
2025-03-21 21:00:00,2087.5334174721243
2025-03-21 21:30:00,2087.5624654303847
2025-03-21 22:00:00,2083.022579286045
2025-03-21 22:30:00,2074.0464502657906
2025-03-21 23:00:00,2070.9629576715165
2025-03-21 23:30:00,2045.931758167669
2025-03-22 00:00:00,2059.7950770796783
2025-03-22 00:30:00,2087.516304564284
2025-03-22 01:00:00,2059.802859717145
2025-03-22 01:30:00,2087.5356819974695
2025-03-22 02:00:00,2087.5793740385097
2025-03-22 02:30:00,2087.5427251692463
2025-03-22 03:00:00,2069.155614545632
2025-03-22 03:30:00,2079.934511553047
2025-03-22 04:00:00,2058.51460301069
2025-03-22 04:30:00,2052.959694257663
2025-03-22 05:00:00,2056.3418864954338
2025-03-22 05:30:00,2087.514002500126
2025-03-22 06:00:00,2087.537849979865
2025-03-22 06:30:00,2087.509691143334
2025-03-22 07:00:00,2087.5661359448204
2025-03-22 07:30:00,2086.5027869556607
2025-03-22 08:00:00,2046.5551387736243
2025-03-22 08:30:00,2063.23412016156
2025-03-22 09:00:00,2047.954478026301
2025-03-22 09:30:00,2061.5325431237966
2025-03-22 10:00:00,2077.204190214723
2025-03-22 10:30:00,2087.5419110810294
2025-03-22 11:00:00,2087.539139689934
2025-03-22 11:30:00,2073.649919120346
2025-03-22 12:00:00,2074.0440989032586
2025-03-22 12:30:00,2074.040536539062
2025-03-22 13:00:00,2074.0405938767394
2025-03-22 13:30:00,2074.041187227364
2025-03-22 14:00:00,2087.49983271036
2025-03-22 14:30:00,2066.0805211204474
2025-03-22 15:00:00,2087.5111096170476
2025-03-22 15:30:00,2087.5901375187036
2025-03-22 16:00:00,2087.4974498614515
2025-03-22 16:30:00,2055.3034845045527
2025-03-22 17:00:00,2074.0431633686353
2025-03-22 17:30:00,2083.0001490651703
2025-03-22 18:00:00,2078.5225511406716
2025-03-22 18:30:00,2070.9628230733592
2025-03-22 19:00:00,2083.0102464023907
2025-03-22 19:30:00,2087.4914746304553
2025-03-22 20:00:00,2087.587839738591
2025-03-22 20:30:00,2087.5907610514055
2025-03-22 21:00:00,2087.503467765333
2025-03-22 21:30:00,2087.498052846728
2025-03-22 22:00:00,2074.0444706614653
2025-03-22 22:30:00,2074.043481709195
2025-03-22 23:00:00,2072.371631054692
2025-03-22 23:30:00,2079.941746064265
2025-03-23 00:00:00,2087.5089899519485
2025-03-23 00:30:00,2087.515194250533
2025-03-23 01:00:00,2087.5483538296344
2025-03-23 01:30:00,2087.51779727358
2025-03-23 02:00:00,2087.5078547715766
2025-03-23 02:30:00,2072.3685624188993
2025-03-23 03:00:00,2070.9613184504356
2025-03-23 03:30:00,2074.040838861291
2025-03-23 04:00:00,2074.039603672509
2025-03-23 04:30:00,2066.0890264378904
2025-03-23 05:00:00,2087.530679604359
2025-03-23 05:30:00,2087.5750636590633
2025-03-23 06:00:00,2087.5323468143793
2025-03-23 06:30:00,2087.502136332519
2025-03-23 07:00:00,2082.999090980032
2025-03-23 07:30:00,2076.4089406972416
2025-03-23 08:00:00,2061.5307116810254
2025-03-23 08:30:00,2083.0059852372137
2025-03-23 09:00:00,2087.555285817772
2025-03-23 09:30:00,2094.562120842355
2025-03-23 10:00:00,2091.0090829696055
2025-03-23 10:30:00,2087.5334321071527
2025-03-23 11:00:00,2087.5432731681835
2025-03-23 11:30:00,2087.5950662321557
2025-03-23 12:00:00,2087.536798046109
2025-03-23 12:30:00,2087.5610845217466
2025-03-23 13:00:00,2069.835441793068
2025-03-23 13:30:00,2069.8618376171776
2025-03-23 14:00:00,2064.6350603292376
2025-03-23 14:30:00,2061.2025108277926
2025-03-23 15:00:00,2094.5617977342013
2025-03-23 15:30:00,2072.9721602656628
2025-03-23 16:00:00,2069.8324787524953
2025-03-23 16:30:00,2087.559159032521
2025-03-23 17:00:00,2087.5167545826866
2025-03-23 17:30:00,2087.4910609182703
2025-03-23 18:00:00,2087.51418836568
2025-03-23 18:30:00,2059.8001528282325
2025-03-23 19:00:00,2073.6684618054915
2025-03-23 19:30:00,2073.6663308465454
2025-03-23 20:00:00,2087.5249735571783
2025-03-23 20:30:00,2073.6610854269516
2025-03-23 21:00:00,2087.5689685185193
2025-03-23 21:30:00,2087.5980498120593
2025-03-23 22:00:00,2087.5777958131166
2025-03-23 22:30:00,2087.551578670986
2025-03-23 23:00:00,2087.5277614829415
2025-03-23 23:30:00,2074.0454558165
2025-03-24 00:00:00,2083.004867114159
2025-03-24 00:30:00,2087.490612681151
2025-03-24 01:00:00,2087.4945162148247
2025-03-24 01:30:00,2087.4985862525314
2025-03-24 02:00:00,2087.499469209552
2025-03-24 02:30:00,2087.5627172833933
2025-03-24 03:00:00,2087.5876895138804
2025-03-24 03:30:00,2091.0214357221485
2025-03-24 04:00:00,2046.59908433964
2025-03-24 04:30:00,2045.9385673842742
2025-03-24 05:00:00,2073.662847488022
2025-03-24 05:30:00,2079.9318919510038
2025-03-24 06:00:00,2083.0023858255468
2025-03-24 06:30:00,2087.512107262835
2025-03-24 07:00:00,2087.630111042364
2025-03-24 07:30:00,2087.5428146886097
2025-03-24 08:00:00,2087.556041338997
2025-03-24 08:30:00,2053.242186709373
2025-03-24 09:00:00,2083.0772677176287
2025-03-24 09:30:00,2061.1647819652158
2025-03-24 10:00:00,2062.933196117762
2025-03-24 10:30:00,2078.5186570979517
2025-03-24 11:00:00,2073.6618275028895
2025-03-24 11:30:00,2083.0224174497157
2025-03-24 12:00:00,2087.5723236263957
2025-03-24 12:30:00,2087.5245342505036
2025-03-24 13:00:00,2087.547901619579
2025-03-24 13:30:00,2074.323976241019
2025-03-24 14:00:00,2045.9325504980743
2025-03-24 14:30:00,2073.655527174889
2025-03-24 15:00:00,2087.508455980112
2025-03-24 15:30:00,2044.9015345035857
2025-03-24 16:00:00,2045.9415745891577
2025-03-24 16:30:00,2073.652001794691
2025-03-24 17:00:00,2087.5411543327477
2025-03-24 17:30:00,2087.538231339509
2025-03-24 18:00:00,2087.550769072682
2025-03-24 18:30:00,2087.5975913120947
2025-03-24 19:00:00,2087.5147724365806
2025-03-24 19:30:00,2087.5099835603487
2025-03-24 20:00:00,2078.5230553146143
2025-03-24 20:30:00,2074.044819858763
2025-03-24 21:00:00,2083.012565818628
2025-03-24 21:30:00,2078.5234727205625
2025-03-24 22:00:00,2064.6669683131518
2025-03-24 22:30:00,2087.546380825088
2025-03-24 23:00:00,2087.5974957866297
2025-03-24 23:30:00,2087.553770947645
2025-03-25 00:00:00,2059.79169936292
2025-03-25 00:30:00,2087.521257240675
2025-03-25 01:00:00,2087.488133872117
2025-03-25 01:30:00,2084.130226014441
2025-03-25 02:00:00,2081.8266845331937
2025-03-25 02:30:00,2079.195161763776
2025-03-25 03:00:00,2087.5175738965195
2025-03-25 03:30:00,2087.5700182522482
2025-03-25 04:00:00,2083.019544767985
2025-03-25 04:30:00,2069.4267138391024
2025-03-25 05:00:00,2087.499657509685
2025-03-25 05:30:00,2087.5070830887935
2025-03-25 06:00:00,2078.52773663156
2025-03-25 06:30:00,2078.5250545563845
2025-03-25 07:00:00,2087.4859336900845
2025-03-25 07:30:00,2087.525259033729
2025-03-25 08:00:00,2087.5305226568553
2025-03-25 08:30:00,2091.013816326458
2025-03-25 09:00:00,2061.8323576766534
2025-03-25 09:30:00,2052.1339485978438
2025-03-25 10:00:00,2083.0072024535825
2025-03-25 10:30:00,2083.0081197605437
2025-03-25 11:00:00,2064.666111224526
2025-03-25 11:30:00,2073.6581775028512
2025-03-25 12:00:00,2087.507379920568
2025-03-25 12:30:00,2087.5299707439913
2025-03-25 13:00:00,2072.9346836062587
2025-03-25 13:30:00,2047.953779923257
2025-03-25 14:00:00,2045.1425056800106
2025-03-25 14:30:00,2061.126495991902
2025-03-25 15:00:00,2065.3509856669043
2025-03-25 15:30:00,2087.5544553367868
2025-03-25 16:00:00,2087.5291650766053
2025-03-25 16:30:00,2087.5073759250904
2025-03-25 17:00:00,2087.5628625478785
2025-03-25 17:30:00,2087.5926318991246
2025-03-25 18:00:00,2087.5609581510125
2025-03-25 18:30:00,2087.552431029466
2025-03-25 19:00:00,2056.653072608006
2025-03-25 19:30:00,2065.3507700355262
2025-03-25 20:00:00,2047.9567837609532
2025-03-25 20:30:00,2061.1661189009915
2025-03-25 21:00:00,2087.547973275991
2025-03-25 21:30:00,2078.526597263013
2025-03-25 22:00:00,2087.5529970527905
2025-03-25 22:30:00,2087.584021721777
2025-03-25 23:00:00,2083.0462264956145
2025-03-25 23:30:00,2074.0416470742093
2025-03-26 00:00:00,2052.2196964759332
2025-03-26 00:30:00,2066.721884765889
2025-03-26 01:00:00,2087.524134512592
2025-03-26 01:30:00,2035.556989207
2025-03-26 02:00:00,1815.1265406071598
2025-03-26 02:30:00,1546.0331662511755
2025-03-26 03:00:00,1786.1730769871374
2025-03-26 03:30:00,2020.0718260298677
2025-03-26 04:00:00,2059.7823219456673
2025-03-26 04:30:00,2087.516458237892
2025-03-26 05:00:00,2084.1397756579527
2025-03-26 05:30:00,2068.830948147811
2025-03-26 06:00:00,2056.6541970614853
2025-03-26 06:30:00,2069.2281475097357
2025-03-26 07:00:00,2053.85400170685
2025-03-26 07:30:00,2063.6445977488506
2025-03-26 08:00:00,2082.9969949530428
2025-03-26 08:30:00,2087.5048442933203
2025-03-26 09:00:00,2087.554417010746
2025-03-26 09:30:00,2087.5871861630685
2025-03-26 10:00:00,2087.486620511472
2025-03-26 10:30:00,2087.6959906151387
2025-03-26 11:00:00,2074.4091855057814
2025-03-26 11:30:00,2083.0212211507837
2025-03-26 12:00:00,2087.5201227195134
2025-03-26 12:30:00,2087.591420357097
2025-03-26 13:00:00,2087.593961247662
2025-03-26 13:30:00,2087.525576937421
2025-03-26 14:00:00,2087.5188604590153
2025-03-26 14:30:00,2087.5183457553
2025-03-26 15:00:00,2031.2013689054236
2025-03-26 15:30:00,1954.2056134730647
2025-03-26 16:00:00,1741.8086722372627
2025-03-26 16:30:00,1814.5396140000032
2025-03-26 17:00:00,2040.0182849869295
2025-03-26 17:30:00,2087.5072795502056
2025-03-26 18:00:00,2087.4899841465644
2025-03-26 18:30:00,2087.502222325865
2025-03-26 19:00:00,2087.5093921253133
2025-03-26 19:30:00,2054.2191676711336
2025-03-26 20:00:00,2047.7926573433724
2025-03-26 20:30:00,2045.9184400779584
2025-03-26 21:00:00,2045.9401475075463
2025-03-26 21:30:00,2052.4651369823728
2025-03-26 22:00:00,2063.953460824999
2025-03-26 22:30:00,2076.4394288841004
2025-03-26 23:00:00,2087.5595954790256
2025-03-26 23:30:00,2087.605202755144
2025-03-27 00:00:00,2084.0256050358494
2025-03-27 00:30:00,2038.3667489632805
2025-03-27 01:00:00,1949.6958120787065
2025-03-27 01:30:00,2026.260566552079
2025-03-27 02:00:00,2084.2834772982164
2025-03-27 02:30:00,2087.6135185236867
2025-03-27 03:00:00,2087.6213192114765
2025-03-27 03:30:00,2087.510511358752
2025-03-27 04:00:00,2087.5547120191873
2025-03-27 04:30:00,2087.5072926570324
2025-03-27 05:00:00,2086.1275745729213
2025-03-27 05:30:00,2071.921742371631
2025-03-27 06:00:00,2080.117793011526
2025-03-27 06:30:00,2076.283016566819
2025-03-27 07:00:00,2072.3056286243714
2025-03-27 07:30:00,2051.9714960842994
2025-03-27 08:00:00,2074.039349832572
2025-03-27 08:30:00,2070.471362235642
2025-03-27 09:00:00,2087.5512092085237
2025-03-27 09:30:00,2087.4989055452365
2025-03-27 10:00:00,2087.5255074821544
2025-03-27 10:30:00,2087.5928386328137
2025-03-27 11:00:00,2087.5955903698405
2025-03-27 11:30:00,2087.605624335318
2025-03-27 12:00:00,2087.5880348564083
2025-03-27 12:30:00,2087.5366456498828
2025-03-27 13:00:00,2087.529902353642
2025-03-27 13:30:00,2084.739462915439
2025-03-27 14:00:00,2068.457138833732
2025-03-27 14:30:00,2049.0582903395016
2025-03-27 15:00:00,2063.3378802932825
2025-03-27 15:30:00,2088.5072049543296
2025-03-27 16:00:00,2097.9905882317425
2025-03-27 16:30:00,2092.473207020322
2025-03-27 17:00:00,2087.49512326902
2025-03-27 17:30:00,2087.508785005738
2025-03-27 18:00:00,2086.520446096434
2025-03-27 18:30:00,2060.882228407208
2025-03-27 19:00:00,2087.553615879075
2025-03-27 19:30:00,2081.976146954022
2025-03-27 20:00:00,2084.741517983919
2025-03-27 20:30:00,2051.479399539395
2025-03-27 21:00:00,2047.821299760027
2025-03-27 21:30:00,2045.9364699080058
2025-03-27 22:00:00,2047.19951117121
2025-03-27 22:30:00,2045.9516686937593
2025-03-27 23:00:00,2055.661293806471
2025-03-27 23:30:00,2065.4555784952863
2025-03-28 00:00:00,2056.396628711289
2025-03-28 00:30:00,2087.534787827395
2025-03-28 01:00:00,2087.533825823202
2025-03-28 01:30:00,2087.532203449416
2025-03-28 02:00:00,2087.528691962491
2025-03-28 02:30:00,2069.499971513832
2025-03-28 03:00:00,2068.1117717602583
2025-03-28 03:30:00,2077.7113032560414
2025-03-28 04:00:00,2068.82860787502
2025-03-28 04:30:00,2074.03800662652
2025-03-28 05:00:00,2060.99281400318
2025-03-28 05:30:00,2078.498428579425
2025-03-28 06:00:00,2083.0160612174386
2025-03-28 06:30:00,2087.5077703255997
2025-03-28 07:00:00,2087.5708081984794
2025-03-28 07:30:00,2087.5659053017503
2025-03-28 08:00:00,2087.496636227133
2025-03-28 08:30:00,2087.5478685028843
2025-03-28 09:00:00,2086.1460235540194
2025-03-28 09:30:00,2045.936681963006
2025-03-28 10:00:00,2045.9336729632394
2025-03-28 10:30:00,2074.9143537857153
2025-03-28 11:00:00,2061.830098649221
2025-03-28 11:30:00,2053.554876809908
2025-03-28 12:00:00,2076.4523260739666
2025-03-28 12:30:00,2058.436787034457
2025-03-28 13:00:00,2087.5348025967714
2025-03-28 13:30:00,2068.1200995427243
2025-03-28 14:00:00,2087.5424448718327
2025-03-28 14:30:00,2081.984177873998
2025-03-28 15:00:00,2075.038165218063
2025-03-28 15:30:00,2070.8781704519733
2025-03-28 16:00:00,2060.5512475239284
2025-03-28 16:30:00,2074.0695427500077
2025-03-28 17:00:00,2087.500100896077
2025-03-28 17:30:00,2084.3591105341006
2025-03-28 18:00:00,2087.505957139142
2025-03-28 18:30:00,2087.5072153371675
2025-03-28 19:00:00,2087.506414544875
2025-03-28 19:30:00,2079.061371985765
2025-03-28 20:00:00,2087.551721316712
2025-03-28 20:30:00,2077.818112868011
2025-03-28 21:00:00,2081.9814462450445
2025-03-28 21:30:00,2052.8756976525447
2025-03-28 22:00:00,2060.4250750200595
2025-03-28 22:30:00,2045.9378917346514
2025-03-28 23:00:00,2084.3101628234126
2025-03-28 23:30:00,2083.448876233953
2025-03-29 00:00:00,2087.570827198571
2025-03-29 00:30:00,2087.5299668931834
2025-03-29 01:00:00,2087.5384218724844
2025-03-29 01:30:00,2087.5898797324026
2025-03-29 02:00:00,2087.604090556663
2025-03-29 02:30:00,2087.5349391570567
2025-03-29 03:00:00,2069.5098442950684
2025-03-29 03:30:00,2045.9384766522371
2025-03-29 04:00:00,2074.229151860455
2025-03-29 04:30:00,2066.7264586919077
2025-03-29 05:00:00,2072.277892495929
2025-03-29 05:30:00,2066.74361011848
2025-03-29 06:00:00,2083.3802800428666
2025-03-29 06:30:00,2087.511555505629
2025-03-29 07:00:00,2087.56137205713
2025-03-29 07:30:00,2087.6141967642734
2025-03-29 08:00:00,2039.5578288281806
2025-03-29 08:30:00,1958.315896567561
2025-03-29 09:00:00,1940.357547172826
2025-03-29 09:30:00,2061.552936003361
2025-03-29 10:00:00,2088.261682316209
2025-03-29 10:30:00,2087.510698463969
2025-03-29 11:00:00,2087.6171456436773
2025-03-29 11:30:00,2087.6222173566016
2025-03-29 12:00:00,2087.6195494725043
2025-03-29 12:30:00,2087.632469976049
2025-03-29 13:00:00,2087.6340455411696
2025-03-29 13:30:00,2088.5369499303506
2025-03-29 14:00:00,2101.3342077110538
2025-03-29 14:30:00,2113.9249274430094
2025-03-29 15:00:00,2068.5913895952353
2025-03-29 15:30:00,1977.8758871651469
2025-03-29 16:00:00,2008.8890508383822
2025-03-29 16:30:00,2011.4739846107657
2025-03-29 17:00:00,1944.517176752226
2025-03-29 17:30:00,1943.1853340126631
2025-03-29 18:00:00,1742.0970949227224
2025-03-29 18:30:00,1546.0328824245303
2025-03-29 19:00:00,1597.3723419220623
2025-03-29 19:30:00,1963.5791154824176
2025-03-29 20:00:00,2127.3425963950212
2025-03-29 20:30:00,2117.8850435305817
2025-03-29 21:00:00,2076.1850824887824
2025-03-29 21:30:00,1790.6999366360985
2025-03-29 22:00:00,1546.0329056258367
2025-03-29 22:30:00,1632.676247553614
2025-03-29 23:00:00,1546.0329174701847
2025-03-29 23:30:00,1546.0328497984276
2025-03-30 00:00:00,1546.032828294798
2025-03-30 00:30:00,1546.0329501253825
2025-03-30 01:00:00,1802.7802840123024
2025-03-30 01:30:00,2034.5620107626012
2025-03-30 02:00:00,1619.2976978696372
2025-03-30 02:30:00,1546.0330260929181
2025-03-30 03:00:00,1546.0327430723696
2025-03-30 03:30:00,1546.033003378218
2025-03-30 04:00:00,1546.0330870147664
2025-03-30 04:30:00,1545.6545935692018
2025-03-30 05:00:00,1544.5200496098223
2025-03-30 05:30:00,1546.0325797299233
2025-03-30 06:00:00,1546.0325403285262
2025-03-30 06:30:00,1546.0324978514143
2025-03-30 07:00:00,1546.032683222075
2025-03-30 07:30:00,1546.03305623837
2025-03-30 08:00:00,1771.1201251940233
2025-03-30 08:30:00,2106.0438555507235
2025-03-30 09:00:00,2006.5550631304181
2025-03-30 09:30:00,1585.254068196613
2025-03-30 10:00:00,1546.0327281787331
2025-03-30 10:30:00,1546.0327430113837
2025-03-30 11:00:00,1544.8983302197203
2025-03-30 11:30:00,1344.131702624319
2025-03-30 12:00:00,1431.5116682256305
2025-03-30 12:30:00,2024.2299518665236
2025-03-30 13:00:00,1901.0633065679774
2025-03-30 13:30:00,1546.0327906026205
2025-03-30 14:00:00,1546.0325817610656
2025-03-30 14:30:00,1613.8965950188872
2025-03-30 15:00:00,2116.9715795042366
2025-03-30 15:30:00,1945.0519807789663
2025-03-30 16:00:00,1644.8129809398765
2025-03-30 16:30:00,1619.6642991146987
2025-03-30 17:00:00,1546.032623536253
2025-03-30 17:30:00,1546.0324933939576
2025-03-30 18:00:00,1546.0324365660601
2025-03-30 18:30:00,1546.0323840012975
2025-03-30 19:00:00,1963.0212024598459
2025-03-30 19:30:00,2018.087426566458
2025-03-30 20:00:00,2095.691161150477
2025-03-30 20:30:00,1794.8827632068048
2025-03-30 21:00:00,1546.032809684776
2025-03-30 21:30:00,1541.874089958565
2025-03-30 22:00:00,1544.5204659392361
2025-03-30 22:30:00,1546.0327201050557
2025-03-30 23:00:00,1546.0326905149138
2025-03-30 23:30:00,1546.0326590943978
2025-03-31 00:00:00,1543.7637922946674
2025-03-31 00:30:00,1546.0325862073298
2025-03-31 01:00:00,1546.0325464772895
2025-03-31 01:30:00,1546.0324965935304
2025-03-31 02:00:00,1546.032450926411
2025-03-31 02:30:00,1546.0324007351062
2025-03-31 03:00:00,1932.0114496992023
2025-03-31 03:30:00,2103.887024575802
2025-03-31 04:00:00,1895.8427346561057
2025-03-31 04:30:00,1546.0327132056898
2025-03-31 05:00:00,1546.0326461794693
2025-03-31 05:30:00,1546.0326054647417
2025-03-31 06:00:00,1546.0325601655275
2025-03-31 06:30:00,1546.0325146665375
2025-03-31 07:00:00,1546.0324688243734
2025-03-31 07:30:00,1546.0324119067088
2025-03-31 08:00:00,1546.0323634806218
2025-03-31 08:30:00,1546.032302827728
2025-03-31 09:00:00,1546.0322371883433
2025-03-31 09:30:00,1689.3869974305148
2025-03-31 10:00:00,2035.3350806491978
2025-03-31 10:30:00,2088.2125979558
2025-03-31 11:00:00,2102.3009376192413
2025-03-31 11:30:00,1714.5683145584464
2025-03-31 12:00:00,1546.0326448799347
2025-03-31 12:30:00,1546.032608299879
2025-03-31 13:00:00,1546.0325609181755
2025-03-31 13:30:00,1546.032521265189
2025-03-31 14:00:00,1546.032477968028
2025-03-31 14:30:00,1541.871522289016
2025-03-31 15:00:00,1546.0323552204748
2025-03-31 15:30:00,1546.0322930769184
2025-03-31 16:00:00,1546.0322202936238
2025-03-31 16:30:00,1546.0321461658916
2025-03-31 17:00:00,1546.0320773001044
2025-03-31 17:30:00,1546.0319911916645
2025-03-31 18:00:00,1546.0318965606884
2025-03-31 18:30:00,1546.0317939637994
2025-03-31 19:00:00,1546.0316486143513
2025-03-31 19:30:00,1546.031490550877
2025-03-31 20:00:00,1544.515489595559
2025-03-31 20:30:00,1546.0311068776246
2025-03-31 21:00:00,1546.030820828166
2025-03-31 21:30:00,1546.0304549556915
2025-03-31 22:00:00,1546.5733830075117
2025-03-31 22:30:00,1546.633968950452
2025-03-31 23:00:00,1546.6339625400437
2025-03-31 23:30:00,1546.633905353015
2025-04-01 00:00:00,1546.6338649865113
2025-04-01 00:30:00,1546.633830822936
2025-04-01 01:00:00,1546.6337987569734
2025-04-01 01:30:00,1546.6337705827257
2025-04-01 02:00:00,1545.6044162187377
2025-04-01 02:30:00,1546.633727347342
2025-04-01 03:00:00,1546.6337078613346
2025-04-01 03:30:00,1546.6336882458938
2025-04-01 04:00:00,1546.6336740075078
2025-04-01 04:30:00,1546.6335895714299
2025-04-01 05:00:00,1546.6336416337203
2025-04-01 05:30:00,1546.6336319167644
2025-04-01 06:00:00,1546.6336233016177
2025-04-01 06:30:00,1546.633613821693
2025-04-01 07:00:00,1546.633604694094
2025-04-01 07:30:00,1546.6335963665013
2025-04-01 08:00:00,1546.633588600107
2025-04-01 08:30:00,1546.633581781653
2025-04-01 09:00:00,1546.6335752308744
2025-04-01 09:30:00,1546.6335696437263
2025-04-01 10:00:00,1546.6335643879959
2025-04-01 10:30:00,1546.6335579303893
2025-04-01 11:00:00,1546.6335536103668
2025-04-01 11:30:00,1542.8582390045963
2025-04-01 12:00:00,1546.2903335167305
2025-04-01 12:30:00,1546.6335398330723
2025-04-01 13:00:00,1546.6335357423302
2025-04-01 13:30:00,1546.6335308548796
2025-04-01 14:00:00,1546.6335291346088
2025-04-01 14:30:00,1546.6335126631132
2025-04-01 15:00:00,1546.6335225822813
2025-04-01 15:30:00,1546.6335192282884
2025-04-01 16:00:00,1546.6335171576363
2025-04-01 16:30:00,1546.6335137452863
2025-04-01 17:00:00,1546.6335112262966
2025-04-01 17:30:00,1546.6335086604106
2025-04-01 18:00:00,1546.6335063404877
2025-04-01 18:30:00,1546.6335035274828
2025-04-01 19:00:00,1546.633501385162
2025-04-01 19:30:00,1542.5146607371419
2025-04-01 20:00:00,1539.0822582462729
2025-04-01 20:30:00,1546.6334951669046
2025-04-01 21:00:00,1546.6334927668152
2025-04-01 21:30:00,1543.8875611096762
2025-04-01 22:00:00,1545.6037599928873
2025-04-01 22:30:00,1546.633489539666
2025-04-01 23:00:00,1543.6836081090296
2025-04-01 23:30:00,1545.2766000711013
2025-04-02 00:00:00,1545.2771319562137
2025-04-02 00:30:00,1544.521222738526
2025-04-02 01:00:00,1546.032967420848
2025-04-02 01:30:00,1546.0329525624068
2025-04-02 02:00:00,1546.0331280455932
2025-04-02 02:30:00,1546.0330624696996
2025-04-02 03:00:00,1546.0328518868264
2025-04-02 03:30:00,1546.032825253148
2025-04-02 04:00:00,1546.0327960344976
2025-04-02 04:30:00,1546.0327658221104
2025-04-02 05:00:00,1546.032735513282
2025-04-02 05:30:00,1546.0326997918626
2025-04-02 06:00:00,1546.0326628955522
2025-04-02 06:30:00,1545.2763462794392
2025-04-02 07:00:00,1546.032582693252
2025-04-02 07:30:00,1546.0325378062166
2025-04-02 08:00:00,1546.0324907828792
2025-04-02 08:30:00,1541.4933040185656
2025-04-02 09:00:00,1534.683753570899
2025-04-02 09:30:00,1575.134376273137
2025-04-02 10:00:00,1546.032235011842
2025-04-02 10:30:00,1546.0321589821515
2025-04-02 11:00:00,1658.254735265126
2025-04-02 11:30:00,1546.0320476448915
2025-04-02 12:00:00,1546.0319077701618
2025-04-02 12:30:00,1546.0317922150086
2025-04-02 13:00:00,1542.244772312594
2025-04-02 13:30:00,1546.0315117480095
2025-04-02 14:00:00,1546.0313287544298
2025-04-02 14:30:00,1546.0311174562694
2025-04-02 15:00:00,1546.031124948654
2025-04-02 15:30:00,1748.0975328737438
2025-04-02 16:00:00,1568.9565355293328
2025-04-02 16:30:00,1588.004839067579
2025-04-02 17:00:00,1792.5556767404248
2025-04-02 17:30:00,1302.452013227576
2025-04-02 18:00:00,1546.6336060584908
2025-04-02 18:30:00,1546.6337060634432
2025-04-02 19:00:00,1546.6337090680433
2025-04-02 19:30:00,1546.6337054294872
2025-04-02 20:00:00,1546.6336990768407
2025-04-02 20:30:00,1546.6336893258897
2025-04-02 21:00:00,1546.6336792683862
2025-04-02 21:30:00,1546.6336686171771
2025-04-02 22:00:00,1546.6336560455472
2025-04-02 22:30:00,1546.633648363241
2025-04-02 23:00:00,1546.6336395100977
2025-04-02 23:30:00,1546.6336299876573
2025-04-03 00:00:00,1546.63361910589
2025-04-03 00:30:00,1546.6336104321388
2025-04-03 01:00:00,1546.633603769704
2025-04-03 01:30:00,1546.633596674052
2025-04-03 02:00:00,1546.6335293143218
2025-04-03 02:30:00,1546.6335235272975
2025-04-03 03:00:00,1546.6335770546011
2025-04-03 03:30:00,1546.6335730141511
2025-04-03 04:00:00,1546.633565487649
2025-04-03 04:30:00,1543.2015416311476
2025-04-03 05:00:00,1546.633556375803
2025-04-03 05:30:00,1543.2014809317143
2025-04-03 06:00:00,1546.633547367747
2025-04-03 06:30:00,1546.6335433794293
2025-04-03 07:00:00,1546.6335405006885
2025-04-03 07:30:00,1546.6335360877822
2025-04-03 08:00:00,1539.7691546299104
2025-04-03 08:30:00,1539.7691255411246
2025-04-03 09:00:00,1546.6335259402833
2025-04-03 09:30:00,1546.6335234906394
2025-04-03 10:00:00,1546.633520600736
2025-04-03 10:30:00,1546.6335175861143
2025-04-03 11:00:00,1546.6335142732053
2025-04-03 11:30:00,1546.63351229863
2025-04-03 12:00:00,1539.7688772186036
2025-04-03 12:30:00,1543.2011816336387
2025-04-03 13:00:00,1546.6335041122175
2025-04-03 13:30:00,1546.6335017067202
2025-04-03 14:00:00,1546.6334990614532
2025-04-03 14:30:00,1546.6334968379354
2025-04-03 15:00:00,1546.633495246934
2025-04-03 15:30:00,1546.6334942276426
2025-04-03 16:00:00,1546.6334921007244
2025-04-03 16:30:00,1546.6334893757885
2025-04-03 17:00:00,1546.6334878424177
2025-04-03 17:30:00,1546.6334857470329
2025-04-03 18:00:00,1546.6334859869864
2025-04-03 18:30:00,1539.7685759798326
2025-04-03 19:00:00,1546.6334834480506
2025-04-03 19:30:00,1546.6334823124434
2025-04-03 20:00:00,1546.6334807714236
2025-04-03 20:30:00,1546.6334796479478
2025-04-03 21:00:00,1546.6334785551317
2025-04-03 21:30:00,1546.6334774415843
2025-04-03 22:00:00,1546.6334760474974
2025-04-03 22:30:00,1546.633475329256
2025-04-03 23:00:00,1546.6334741783746
2025-04-03 23:30:00,1546.6334730494536
2025-04-04 00:00:00,1543.2009464030482
2025-04-04 00:30:00,1539.7684179340933
2025-04-04 01:00:00,1546.63347187857
2025-04-04 01:30:00,1546.6334706567134
2025-04-04 02:00:00,1539.7684067637358
2025-04-04 02:30:00,1536.3358453516933
2025-04-04 03:00:00,1536.3358373380308
2025-04-04 03:30:00,1546.6334682998543
2025-04-04 04:00:00,1546.6334680155633
2025-04-04 04:30:00,1543.2009147426113
2025-04-04 05:00:00,1546.633466454088
2025-04-04 05:30:00,1546.633465769862
2025-04-04 06:00:00,1546.6334649106132
2025-04-04 06:30:00,1546.6334638804972
2025-04-04 07:00:00,1539.7683328342753
2025-04-04 07:30:00,1542.6341449948711
2025-04-04 08:00:00,1542.24962625913
2025-04-04 08:30:00,1542.25259507167
2025-04-04 09:00:00,1546.0327872669077
2025-04-04 09:30:00,1542.2519886706875
2025-04-04 10:00:00,1546.0326802437291
2025-04-04 10:30:00,1546.0326162386664
2025-04-04 11:00:00,1542.2507565303122
2025-04-04 11:30:00,1546.0324274391305
2025-04-04 12:00:00,1546.032312628896
2025-04-04 12:30:00,1546.032211405427
2025-04-04 13:00:00,1546.0320950747466
2025-04-04 13:30:00,1546.0319634553343
2025-04-04 14:00:00,1546.0318000554305
2025-04-04 14:30:00,1546.0316084517606
2025-04-04 15:00:00,1538.4528575850306
2025-04-04 15:30:00,1546.031102984787
2025-04-04 16:00:00,1546.0307039449856
2025-04-04 16:30:00,1546.0303127316777
2025-04-04 17:00:00,1546.6341685427215
2025-04-04 17:30:00,1546.6340574452263
2025-04-04 18:00:00,1546.6339737998487
2025-04-04 18:30:00,1546.6339126907412
2025-04-04 19:00:00,1539.7728430256218
2025-04-04 19:30:00,1546.6338324980964
2025-04-04 20:00:00,1539.772041898889
2025-04-04 20:30:00,1546.6337626352831
2025-04-04 21:00:00,1546.6337383456455
2025-04-04 21:30:00,1539.7712920946294
2025-04-04 22:00:00,1546.6336887916161
2025-04-04 22:30:00,1546.6336752267816
2025-04-04 23:00:00,1546.63365721626
2025-04-04 23:30:00,1546.6336411046766
2025-04-05 00:00:00,1546.6336252750782
2025-04-05 00:30:00,1543.2018372344628
2025-04-05 01:00:00,1536.3381245836702
2025-04-05 01:30:00,1546.63359146885
2025-04-05 02:00:00,1546.6335839484598
2025-04-05 02:30:00,1546.6335780881534
2025-04-05 03:00:00,1546.633515473246
2025-04-05 03:30:00,1546.6335651314664
2025-04-05 04:00:00,1543.201517552401
2025-04-05 04:30:00,1546.6335534745238
2025-04-05 05:00:00,1546.6335486319651
2025-04-05 05:30:00,1546.633543521766
2025-04-05 06:00:00,1546.6335384817776
2025-04-05 06:30:00,1546.6335351832458
2025-04-05 07:00:00,1546.6335327816096
2025-04-05 07:30:00,1546.6335301483869
2025-04-05 08:00:00,1536.3368735490792
2025-04-05 08:30:00,1536.3367883232888
2025-04-05 09:00:00,1536.3367232438916
2025-04-05 09:30:00,1546.6335146782467
2025-04-05 10:00:00,1546.6335125348494
2025-04-05 10:30:00,969.0686274665461
2025-04-05 11:00:00,1769.6853311230416
2025-04-05 11:30:00,1939.9310839759498
2025-04-05 12:00:00,1315.9687972329248
2025-04-05 12:30:00,1546.6334863683414
2025-04-05 13:00:00,1546.6334876230405
2025-04-05 13:30:00,1546.6334872493678
2025-04-05 14:00:00,1539.7686056579269
2025-04-05 14:30:00,1543.2010436989929
2025-04-05 15:00:00,1536.3361366229747
2025-04-05 15:30:00,1546.6334842307467
2025-04-05 16:00:00,1546.633483308585
2025-04-05 16:30:00,1543.2010119693296
2025-04-05 17:00:00,1536.3360554228923
2025-04-05 17:30:00,1543.2009887933825
2025-04-05 18:00:00,1543.200985979129
2025-04-05 18:30:00,1546.6334766016564
2025-04-05 19:00:00,1546.633475888371
2025-04-05 19:30:00,1546.6334746355187
2025-04-05 20:00:00,1546.6334736436945
2025-04-05 20:30:00,1543.200950991962
2025-04-05 21:00:00,1546.633471436667
2025-04-05 21:30:00,1546.6334710910587
2025-04-05 22:00:00,1546.6334699963365
2025-04-05 22:30:00,1546.633468247279
2025-04-05 23:00:00,1543.2009149734865
2025-04-05 23:30:00,1543.2009104449369
2025-04-06 00:00:00,1539.7683438969436
2025-04-06 00:30:00,1536.3357732546017
2025-04-06 01:00:00,1543.200896373169
2025-04-06 01:30:00,1546.6334638548142
2025-04-06 02:00:00,1546.6334627828526
2025-04-06 02:30:00,1546.6334624244464
2025-04-06 03:00:00,1546.6334615556636
2025-04-06 03:30:00,1546.6334610162478
2025-04-06 04:00:00,1546.6334599327802
2025-04-06 04:30:00,1546.6334596717224
2025-04-06 05:00:00,1536.3356605471702
2025-04-06 05:30:00,1543.2008641559357
2025-04-06 06:00:00,1546.6334580656348
2025-04-06 06:30:00,1546.6334575332164
2025-04-06 07:00:00,1546.6334568123768
2025-04-06 07:30:00,1546.6334562416669
2025-04-06 08:00:00,1546.6334557163784
2025-04-06 08:30:00,1546.6334549350333
2025-04-06 09:00:00,1546.6334546005285
2025-04-06 09:30:00,1546.633453683714
2025-04-06 10:00:00,1543.200822762624
2025-04-06 10:30:00,1536.3355547630078
2025-04-06 11:00:00,1539.7681825643156
2025-04-06 11:30:00,1546.6334518115266
2025-04-06 12:00:00,1546.6334513339168
2025-04-06 12:30:00,1546.6334509445198
2025-04-06 13:00:00,1543.20080561951
2025-04-06 13:30:00,1546.6334503431515
2025-04-06 14:00:00,1546.633450164294
2025-04-06 14:30:00,1546.6334498111846
2025-04-06 15:00:00,1546.6334493185004
2025-04-06 15:30:00,1546.63344894555
2025-04-06 16:00:00,1546.6334279050886
2025-04-06 16:30:00,1546.633448192185
2025-04-06 17:00:00,1546.633448001858
2025-04-06 17:30:00,1546.6334473421941
2025-04-06 18:00:00,1546.6334471192158
2025-04-06 18:30:00,1546.6334467485133
2025-04-06 19:00:00,1546.6334463982687
2025-04-06 19:30:00,1546.6334458614074
2025-04-06 20:00:00,1546.6334458486317
2025-04-06 20:30:00,1546.6334454152666
2025-04-06 21:00:00,1543.2007705160152
2025-04-06 21:30:00,1543.200766662755
2025-04-06 22:00:00,1546.6334447266252
2025-04-06 22:30:00,1546.6334443461083
2025-04-06 23:00:00,1546.6334439424643
2025-04-06 23:30:00,1546.633443915699
2025-04-07 00:00:00,1546.6334436764257
2025-04-07 00:30:00,1546.6334432648316
2025-04-07 01:00:00,1543.2007548089775
2025-04-07 01:30:00,1546.6334430794243
2025-04-07 02:00:00,1543.2007524753178
2025-04-07 02:30:00,1546.6334425930988
2025-04-07 03:00:00,1546.6334422111292
2025-04-07 03:30:00,1546.6334548370241
2025-04-07 04:00:00,1546.4331310475382
2025-04-07 04:30:00,1546.0324211058924
2025-04-07 05:00:00,1546.0323594953497
2025-04-07 05:30:00,1546.032274475565
2025-04-07 06:00:00,1546.0321112399513
2025-04-07 06:30:00,1546.0322576653925
2025-04-07 07:00:00,1546.031567106999
2025-04-07 07:30:00,1546.0311104405762
2025-04-07 08:00:00,1542.8038082989226
2025-04-07 08:30:00,1536.347282321848
2025-04-07 09:00:00,1546.6340202458223
2025-04-07 09:30:00,1546.633753277255
2025-04-07 10:00:00,1546.633856240908
2025-04-07 10:30:00,1546.6338092537574
2025-04-07 11:00:00,1546.6337688126969
2025-04-07 11:30:00,1546.6337390578303
2025-04-07 12:00:00,1546.6337086254136
2025-04-07 12:30:00,1546.63368707486
2025-04-07 13:00:00,1546.6336666425798
2025-04-07 13:30:00,1546.6336496388094
2025-04-07 14:00:00,1539.7703662490176
2025-04-07 14:30:00,1546.6336201846777
2025-04-07 15:00:00,1546.6336083980693
2025-04-07 15:30:00,1543.2017619530707
2025-04-07 16:00:00,1543.201706904534
2025-04-07 16:30:00,1546.6335810639528
2025-04-07 17:00:00,1546.6335732277503
2025-04-07 17:30:00,1546.6335654295847
2025-04-07 18:00:00,1546.6335594297361
2025-04-07 18:30:00,1546.633554236496
2025-04-07 19:00:00,1546.6335475896274
2025-04-07 19:30:00,1546.6335430886938
2025-04-07 20:00:00,1546.6335374855946
2025-04-07 20:30:00,1546.6335326886763
2025-04-07 21:00:00,1546.633528924153
2025-04-07 21:30:00,1546.633524736749
2025-04-07 22:00:00,1546.633520671042
2025-04-07 22:30:00,1543.2012354244873
2025-04-07 23:00:00,1536.336633995784
2025-04-07 23:30:00,1546.6335100868748
2025-04-08 00:00:00,1546.633507751643
2025-04-08 00:30:00,1546.633504764083
2025-04-08 01:00:00,1546.6334672553003
2025-04-08 01:30:00,1546.6334649060675
2025-04-08 02:00:00,1546.6334975817338
2025-04-08 02:30:00,1546.633462011652
2025-04-08 03:00:00,1546.633492848346
2025-04-08 03:30:00,1546.6334916284704
2025-04-08 04:00:00,1546.6334888822785
2025-04-08 04:30:00,1546.6334871402844
2025-04-08 05:00:00,1546.6334857206803
2025-04-08 05:30:00,1546.6334836729259
2025-04-08 06:00:00,1546.633482290067
2025-04-08 06:30:00,1546.633480860876
2025-04-08 07:00:00,1546.633478638347
2025-04-08 07:30:00,1546.633477589956
2025-04-08 08:00:00,1546.6334770189435
2025-04-08 08:30:00,1546.633475971811
2025-04-08 09:00:00,1546.6334741034716
2025-04-08 09:30:00,1546.6334728164372
2025-04-08 10:00:00,1546.633471874876
2025-04-08 10:30:00,1546.633470257451
2025-04-08 11:00:00,1546.6334698357384
2025-04-08 11:30:00,1546.6334685949703
2025-04-08 12:00:00,1536.33581961199
2025-04-08 12:30:00,1536.3357995973195
2025-04-08 13:00:00,1543.200906511727
2025-04-08 13:30:00,1546.633464096123
2025-04-08 14:00:00,1539.7683104906398
2025-04-08 14:30:00,1536.3357248443706
2025-04-08 15:00:00,1536.335708950813
2025-04-08 15:30:00,1543.2008742961189
2025-04-08 16:00:00,1546.633459953994
2025-04-08 16:30:00,1546.6334593805193
2025-04-08 17:00:00,1546.633458392266
2025-04-08 17:30:00,1543.2008560652912
2025-04-08 18:00:00,1546.6334572064582
2025-04-08 18:30:00,1546.633456433845
2025-04-08 19:00:00,1546.6334555846565
2025-04-08 19:30:00,
2025-04-08 20:00:00,1546.6334544310944
2025-04-08 20:30:00,
2025-04-08 21:00:00,1546.6334538876097
2025-04-08 21:30:00,
2025-04-08 22:00:00,1546.6334529121552
2025-04-08 22:30:00,
2025-04-08 23:00:00,1536.3355435217118
2025-04-08 23:30:00,
2025-04-09 00:00:00,1536.3355140267638
2025-04-09 00:30:00,
2025-04-09 01:00:00,1546.6334496098118
2025-04-09 01:30:00,
2025-04-09 02:00:00,1546.6334486202777
2025-04-09 02:30:00,
2025-04-09 03:00:00,1546.6334477278856
2025-04-09 03:30:00,
2025-04-09 04:00:00,1536.3354499337606
2025-04-09 04:30:00,
2025-04-09 05:00:00,1546.6334461663573
2025-04-09 05:30:00,
2025-04-09 06:00:00,1546.6334455432896
2025-04-09 06:30:00,
2025-04-09 07:00:00,1546.6334450253162
2025-04-09 07:30:00,
2025-04-09 08:00:00,1536.3354032397217
2025-04-09 08:30:00,
2025-04-09 09:00:00,1546.6334617363184
2025-04-09 09:30:00,
2025-04-09 10:00:00,1546.633452452939
2025-04-09 10:30:00,
2025-04-09 11:00:00,1546.6334529789667
2025-04-09 11:30:00,
2025-04-09 12:00:00,1546.6334524238505
2025-04-09 12:30:00,
2025-04-09 13:00:00,1546.6334518450558
2025-04-09 13:30:00,
2025-04-09 14:00:00,1546.6334510725485
2025-04-09 14:30:00,
2025-04-09 15:00:00,1546.6334502819961
2025-04-09 15:30:00,
2025-04-09 16:00:00,1546.6334491708765
2025-04-09 16:30:00,
2025-04-09 17:00:00,1546.6334480557796
2025-04-09 17:30:00,
2025-04-09 18:00:00,1546.6334472252424
2025-04-09 18:30:00,
2025-04-09 19:00:00,1546.6334465358334
2025-04-09 19:30:00,
2025-04-09 20:00:00,1546.6334458307851
2025-04-09 20:30:00,
2025-04-09 21:00:00,1546.6334450832283
2025-04-09 21:30:00,
2025-04-09 22:00:00,1536.3353992174987
2025-04-09 22:30:00,
2025-04-09 23:00:00,1546.6334435178626
2025-04-09 23:30:00,
2025-04-10 00:00:00,1546.6334428497955
2025-04-10 00:30:00,
2025-04-10 01:00:00,1546.6334423703308
2025-04-10 01:30:00,
2025-04-10 02:00:00,1546.6334419797838
2025-04-10 02:30:00,
2025-04-10 03:00:00,1546.6334411868802
2025-04-10 03:30:00,
2025-04-10 04:00:00,1546.6334407082595
2025-04-10 04:30:00,
2025-04-10 05:00:00,1546.6334400073213
2025-04-10 05:30:00,
2025-04-10 06:00:00,1546.6334397048504
2025-04-10 06:30:00,
2025-04-10 07:00:00,1546.6334394466553
2025-04-10 07:30:00,
2025-04-10 08:00:00,1984.5796915883802
2025-04-10 08:30:00,2074.739916232394
2025-04-10 09:00:00,2125.9033060663633
2025-04-10 09:30:00,
2025-04-10 10:00:00,2132.21496570771
2025-04-10 10:30:00,2134.2255092241867
2025-04-10 11:00:00,2134.3493347129793
2025-04-10 11:30:00,1768.1306851233999
2025-04-10 12:00:00,2042.9864826632593
2025-04-10 12:30:00,2002.624047647336
2025-04-10 13:00:00,2113.10726510646
2025-04-10 13:30:00,2020.861218013208
2025-04-10 14:00:00,2125.6040350809003
2025-04-10 14:30:00,2118.6859751387215
2025-04-10 15:00:00,2151.716449309987
2025-04-10 15:30:00,2096.402183043551
2025-04-10 16:00:00,2105.2900553604536
2025-04-10 16:30:00,2095.2481369823277
2025-04-10 17:00:00,2056.2000259835486
2025-04-10 17:30:00,2097.1398083756576
2025-04-10 18:00:00,2114.739145264469
2025-04-10 18:30:00,2081.8195453799403
2025-04-10 19:00:00,2092.9581553481717
2025-04-10 19:30:00,2095.1783871398916
2025-04-10 20:00:00,2074.849514742911
2025-04-10 20:30:00,2093.4771233303222
2025-04-10 21:00:00,2103.0109530467944
2025-04-10 21:30:00,2122.243327526062
2025-04-10 22:00:00,2120.2200639077196
2025-04-10 22:30:00,2068.3141307204055
2025-04-10 23:00:00,2045.7789348339888
2025-04-10 23:30:00,2067.7742092958265
2025-04-11 00:00:00,2092.486010550152
2025-04-11 00:30:00,2094.5762563504845
2025-04-11 01:00:00,2080.6773004437514
2025-04-11 01:30:00,2069.687238864717
2025-04-11 02:00:00,2093.4385727989834
2025-04-11 02:30:00,2100.69081745497
2025-04-11 03:00:00,2078.8742310294892
2025-04-11 03:30:00,2049.9689993510183
2025-04-11 04:00:00,2066.478829764644
2025-04-11 04:30:00,2088.5781749336707
2025-04-11 05:00:00,2083.4860449629687
2025-04-11 05:30:00,2087.3892853267944
2025-04-11 06:00:00,2086.483283180152
2025-04-11 06:30:00,2087.48207081767
2025-04-11 07:00:00,2090.007024136162
2025-04-11 07:30:00,2120.234079799706
2025-04-11 08:00:00,2127.5944498559184
2025-04-11 08:30:00,2118.8390917134607
2025-04-11 09:00:00,2118.850057744897
2025-04-11 09:30:00,2119.7194467689433
2025-04-11 10:00:00,1966.0744919972067
2025-04-11 10:30:00,2001.5405532451675
2025-04-11 11:00:00,1813.779590998627
2025-04-11 11:30:00,1619.2916349904503
2025-04-11 12:00:00,1546.0331098238796
2025-04-11 12:30:00,1546.0329089930935
2025-04-11 13:00:00,1546.0326811017142
2025-04-11 13:30:00,1546.0325966743753
2025-04-11 14:00:00,1546.0326552273777
2025-04-11 14:30:00,1545.276022305777
2025-04-11 15:00:00,1456.6469263103895
2025-04-11 15:30:00,1545.5565887521034
2025-04-11 16:00:00,1386.098292464953
2025-04-11 16:30:00,1546.0325899825718
2025-04-11 17:00:00,1546.0319996473277
2025-04-11 17:30:00,1546.0317642683683
2025-04-11 18:00:00,1543.3801062135185
2025-04-11 18:30:00,1546.0313519915205
2025-04-11 19:00:00,1546.0310365801636
2025-04-11 19:30:00,1538.9678269482029
2025-04-11 20:00:00,1546.633941291748
2025-04-11 20:30:00,1546.6338862024918
2025-04-11 21:00:00,1546.6338402287597
2025-04-11 21:30:00,1546.6337993898283
2025-04-11 22:00:00,1546.633766538332
2025-04-11 22:30:00,1546.6337398594444
2025-04-11 23:00:00,1546.6337164861793
2025-04-11 23:30:00,1546.6336880899455
2025-04-12 00:00:00,1546.6336701605667
2025-04-12 00:30:00,1546.6336515072878
2025-04-12 01:00:00,1546.6336383405333
2025-04-12 01:30:00,1546.6336255359456
2025-04-12 02:00:00,1546.63361409385
2025-04-12 02:30:00,1546.6335903436236
2025-04-12 03:00:00,1546.6335921884909
2025-04-12 03:30:00,1546.6335423966764
2025-04-12 04:00:00,1546.6335760890984
2025-04-12 04:30:00,1546.6335677944871
2025-04-12 05:00:00,1546.6335591940885
2025-04-12 05:30:00,1546.633554671496
2025-04-12 06:00:00,1545.2607092021472
2025-04-12 06:30:00,1546.633541787295
2025-04-12 07:00:00,1546.633537623974
2025-04-12 07:30:00,1546.6335334653006
2025-04-12 08:00:00,1546.6336137869516
2025-04-12 08:30:00,1544.6537628823646
2025-04-12 09:00:00,1542.5211495780402
2025-04-12 09:30:00,1538.0615475536663
2025-04-12 10:00:00,1546.6338859720054
2025-04-12 10:30:00,1546.6339082596344
2025-04-12 11:00:00,1546.6339107784509
2025-04-12 11:30:00,1546.6338890080374
2025-04-12 12:00:00,1546.6338633417668
2025-04-12 12:30:00,1546.6338452333455
2025-04-12 13:00:00,1546.6338303623318
2025-04-12 13:30:00,1546.6338157432915
2025-04-12 14:00:00,1546.372602023356
2025-04-12 14:30:00,1546.0311117476472
2025-04-12 15:00:00,1543.00772761644
2025-04-12 15:30:00,1536.5821887906857
2025-04-12 16:00:00,1542.2531023869901
2025-04-12 16:30:00,1546.0329033763735
2025-04-12 17:00:00,1546.032877817503
2025-04-12 17:30:00,1546.0329147728569
2025-04-12 18:00:00,1546.032818579704
2025-04-12 18:30:00,1546.0327850682354
2025-04-12 19:00:00,1536.5807721643516
2025-04-12 19:30:00,1540.7394289580955
2025-04-12 20:00:00,1546.032674294162
2025-04-12 20:30:00,1546.0326257172167
2025-04-12 21:00:00,1546.0325728695375
2025-04-12 21:30:00,1546.0325174811924
2025-04-12 22:00:00,1546.0324568863134
2025-04-12 22:30:00,1546.0323963227236
2025-04-12 23:00:00,1546.032319580125
2025-04-12 23:30:00,1546.03223425586
2025-04-13 00:00:00,1546.0321403442504
2025-04-13 00:30:00,1546.0320331278958
2025-04-13 01:00:00,1546.0319478559434
2025-04-13 01:30:00,1546.0317780149999
2025-04-13 02:00:00,1546.031614717819
2025-04-13 02:30:00,1546.0315733614448
2025-04-13 03:00:00,1546.031180173976
2025-04-13 03:30:00,1546.0308341942177
2025-04-13 04:00:00,1546.0322729723705
2025-04-13 04:30:00,1546.1911687510585
2025-04-13 05:00:00,1546.6341712346289
2025-04-13 05:30:00,1546.634064205404
2025-04-13 06:00:00,1546.6339808704704
2025-04-13 06:30:00,1546.6339154293125
2025-04-13 07:00:00,1546.6338677131155
2025-04-13 07:30:00,1546.6337179557058
2025-04-13 08:00:00,1545.947609310382
2025-04-13 08:30:00,1542.5165931637162
2025-04-13 09:00:00,1545.9475686021094
2025-04-13 09:30:00,1990.278541856974
2025-04-13 10:00:00,2134.634157332858
2025-04-13 10:30:00,2091.9578596307433
2025-04-13 11:00:00,2082.1724208648207
2025-04-13 11:30:00,2102.538701534269
2025-04-13 12:00:00,2055.112385801012
2025-04-13 12:30:00,2131.6266658299255
2025-04-13 13:00:00,2136.7619885590266
2025-04-13 13:30:00,2130.3086422073143
2025-04-13 14:00:00,2132.2414876359285
2025-04-13 14:30:00,2130.6097237716185
2025-04-13 15:00:00,2130.466872443089
2025-04-13 15:30:00,2126.9732595876476
2025-04-13 16:00:00,2130.267637832799
2025-04-13 16:30:00,2128.029352179761
2025-04-13 17:00:00,2127.8672521107123
2025-04-13 17:30:00,2126.465495500034
2025-04-13 18:00:00,2131.2923125609427
2025-04-13 18:30:00,2119.6673586969064
2025-04-13 19:00:00,2129.3708575129467
2025-04-13 19:30:00,2132.4383624210723
2025-04-13 20:00:00,2084.3234240518277
2025-04-13 20:30:00,1947.0709790276464
2025-04-13 21:00:00,1704.648416615176
2025-04-13 21:30:00,1949.2589195917517
2025-04-13 22:00:00,2132.776410214325
2025-04-13 22:30:00,2131.464333388383
2025-04-13 23:00:00,2129.9588048214355
2025-04-13 23:30:00,2023.0538641842384
2025-04-14 00:00:00,1839.868406577096
2025-04-14 00:30:00,1546.0328659124339
2025-04-14 01:00:00,1546.0327136111805
2025-04-14 01:30:00,1546.032529917803
2025-04-14 02:00:00,1540.3590272799086
2025-04-14 02:30:00,1543.7627675398994
2025-04-14 03:00:00,1539.2231596127883
2025-04-14 03:30:00,1546.032288379169
2025-04-14 04:00:00,1546.0322129061062
2025-04-14 04:30:00,1546.03212851148
2025-04-14 05:00:00,1543.7610741198653
2025-04-14 05:30:00,1546.0319260471892
2025-04-14 06:00:00,1546.0318524740135
2025-04-14 06:30:00,1546.031697610997
2025-04-14 07:00:00,1546.0314918865001
2025-04-14 07:30:00,1546.031265952766
2025-04-14 08:00:00,1657.5006510994444
2025-04-14 08:30:00,2018.7310017780594
2025-04-14 09:00:00,2118.9887358561105
2025-04-14 09:30:00,2128.4414501542196
2025-04-14 10:00:00,2120.5388421136863
2025-04-14 10:30:00,2119.045860960902
2025-04-14 11:00:00,2096.9757039646574
2025-04-14 11:30:00,1679.146327267408
2025-04-14 12:00:00,1546.0323120405262
2025-04-14 12:30:00,1546.0322859557095
2025-04-14 13:00:00,1543.7611622458912
2025-04-14 13:30:00,1913.944676563473
2025-04-14 14:00:00,2121.5027462513403
2025-04-14 14:30:00,2119.8362776641843
2025-04-14 15:00:00,2122.5627351029134
2025-04-14 15:30:00,2134.1306221599134
2025-04-14 16:00:00,2078.609360457037
2025-04-14 16:30:00,2000.873697295347
2025-04-14 17:00:00,2163.146174829997
2025-04-14 17:30:00,2145.6176800649373
2025-04-14 18:00:00,2116.9163328562686
2025-04-14 18:30:00,2097.616768842686
2025-04-14 19:00:00,2092.791851645259
2025-04-14 19:30:00,2090.6691441665334
2025-04-14 20:00:00,2088.5464927327307
2025-04-14 20:30:00,2098.2135735614397
2025-04-14 21:00:00,2101.201273656103
2025-04-14 21:30:00,2116.669733489959
2025-04-14 22:00:00,2119.597672300215
2025-04-14 22:30:00,2118.683545089711
2025-04-14 23:00:00,2118.3635512164174
2025-04-14 23:30:00,2116.2721936737025
2025-04-15 00:00:00,2115.662704899466
2025-04-15 00:30:00,2125.2029581937877
2025-04-15 01:00:00,2132.0980665407787
2025-04-15 01:30:00,1974.248594715381
2025-04-15 02:00:00,1718.027085264658
2025-04-15 02:30:00,1546.0327663127428
2025-04-15 03:00:00,1546.0326943109767
2025-04-15 03:30:00,1546.0327658232752
2025-04-15 04:00:00,1546.0328535828771
2025-04-15 04:30:00,1546.0324696483158
2025-04-15 05:00:00,1546.0323876391215
2025-04-15 05:30:00,1560.7282416309924
2025-04-15 06:00:00,2082.7494015728807
2025-04-15 06:30:00,2131.9379671001734
2025-04-15 07:00:00,2131.9558885139886
2025-04-15 07:30:00,2095.910160365356
2025-04-15 08:00:00,1756.641357008571
2025-04-15 08:30:00,1546.0324494932604
2025-04-15 09:00:00,1546.0323442195695
2025-04-15 09:30:00,1546.0322318727965
2025-04-15 10:00:00,1546.0321310206857
2025-04-15 10:30:00,1546.0320072112
2025-04-15 11:00:00,1546.0318752113546
2025-04-15 11:30:00,1546.0317123559623
2025-04-15 12:00:00,1546.0317865939762
2025-04-15 12:30:00,1546.031396817562
2025-04-15 13:00:00,1544.0940110192632
2025-04-15 13:30:00,1540.3799165480602
2025-04-15 14:00:00,1538.4019394934585
2025-04-15 14:30:00,1544.9188162613152
2025-04-15 15:00:00,1546.6338345977858
2025-04-15 15:30:00,1546.6338265775453
2025-04-15 16:00:00,1546.633792975451
2025-04-15 16:30:00,1546.6337642923281
2025-04-15 17:00:00,1546.633716171344
2025-04-15 17:30:00,1546.2905808829114
2025-04-15 18:00:00,1546.633692058732
2025-04-15 18:30:00,1969.161136289892
2025-04-15 19:00:00,1836.9666913873798
2025-04-15 19:30:00,1624.285879591887
2025-04-15 20:00:00,1546.6334429660078
2025-04-15 20:30:00,1546.6337013875489
2025-04-15 21:00:00,1546.6337861644447
2025-04-15 21:30:00,1546.633801446073
2025-04-15 22:00:00,1546.633803172829
2025-04-15 22:30:00,1546.633775896873
2025-04-15 23:00:00,1546.6337223540747
2025-04-15 23:30:00,1545.2612377269993
2025-04-16 00:00:00,1541.4868221958864
2025-04-16 00:30:00,1546.6336282424159
2025-04-16 01:00:00,1546.6336677772758
2025-04-16 01:30:00,1546.6336512375008
2025-04-16 02:00:00,1546.6336365324773
2025-04-16 02:30:00,1537.403548025804
2025-04-16 03:00:00,1541.8291998916552
2025-04-16 03:30:00,1546.6334739241684
2025-04-16 04:00:00,1546.633588582044
2025-04-16 04:30:00,1546.633588551986
2025-04-16 05:00:00,1546.6335798272203
2025-04-16 05:30:00,1543.544809631651
2025-04-16 06:00:00,1538.7399218462929
2025-04-16 06:30:00,1536.3374351978262
2025-04-16 07:00:00,1536.3373397031492
2025-04-16 07:30:00,1546.2903395509718
2025-04-16 08:00:00,1546.6335449000178
2025-04-16 08:30:00,1959.79040774462
2025-04-16 09:00:00,2121.6873263470893
2025-04-16 09:30:00,1910.6589045611972
2025-04-16 10:00:00,1546.6335488358811
2025-04-16 10:30:00,1546.6338278771175
2025-04-16 11:00:00,1546.2723891088738
2025-04-16 11:30:00,1546.0325117723298
2025-04-16 12:00:00,1546.032871696943
2025-04-16 12:30:00,1546.032945537863
2025-04-16 13:00:00,1546.0329270044924
2025-04-16 13:30:00,1546.0329663538453
2025-04-16 14:00:00,1546.0329491558798
2025-04-16 14:30:00,1546.0328489631947
2025-04-16 15:00:00,1546.0330101189147
2025-04-16 15:30:00,1541.4963098688988
2025-04-16 16:00:00,1546.0327837924785
2025-04-16 16:30:00,1546.0327448274625
2025-04-16 17:00:00,1546.0327127842572
2025-04-16 17:30:00,1546.0326764186682
2025-04-16 18:00:00,1546.0326333029436
2025-04-16 18:30:00,1546.0325867603126
2025-04-16 19:00:00,1541.8723720671003
2025-04-16 19:30:00,1539.9811578427154
2025-04-16 20:00:00,1546.0324409778125
2025-04-16 20:30:00,1546.0323835790114
2025-04-16 21:00:00,1544.1406891417719
2025-04-16 21:30:00,1546.0322482730048
2025-04-16 22:00:00,1546.0321526850914
2025-04-16 22:30:00,1543.0041622004073
2025-04-16 23:00:00,1541.1112422618473
2025-04-16 23:30:00,1546.0318323482816
2025-04-17 00:00:00,1546.0317038240892
2025-04-17 00:30:00,1546.0319440771755
2025-04-17 01:00:00,1546.0313635553896
2025-04-17 01:30:00,1546.0311479251416
2025-04-17 02:00:00,1546.0308512184492
2025-04-17 02:30:00,1546.030472384589
2025-04-17 03:00:00,1546.1711950857955
2025-04-17 03:30:00,1545.6053225919984
2025-04-17 04:00:00,1546.291114418073
2025-04-17 04:30:00,1546.6339671720743
2025-04-17 05:00:00,1546.6339065672755
2025-04-17 05:30:00,1543.5464351848311
2025-04-17 06:00:00,1546.6338245667107
2025-04-17 06:30:00,1546.6337962112934
2025-04-17 07:00:00,1543.202796803039
2025-04-17 07:30:00,1546.6337383811203
2025-04-17 08:00:00,1536.3401238323877
2025-04-17 08:30:00,1536.3399912114119
2025-04-17 09:00:00,1543.2024623059258
2025-04-17 09:30:00,1718.8472734787117
2025-04-17 10:00:00,1852.0231089537363
2025-04-17 10:30:00,1856.6122254980326
2025-04-17 11:00:00,1880.8650584807847
2025-04-17 11:30:00,1546.033224873675
2025-04-17 12:00:00,1546.0324002896211
2025-04-17 12:30:00,1546.0323204347817
2025-04-17 13:00:00,1546.0324871162466
2025-04-17 13:30:00,1542.2473753494298
2025-04-17 14:00:00,1288.1404362558435
2025-04-17 14:30:00,1744.9388744848056
2025-04-17 15:00:00,1940.2288038646382
2025-04-17 15:30:00,1703.7275122083229
2025-04-17 16:00:00,2072.050011151796
2025-04-17 16:30:00,2061.443219670085
2025-04-17 17:00:00,2133.941785496534
2025-04-17 17:30:00,2095.204706493139
2025-04-17 18:00:00,2102.619347278836
2025-04-17 18:30:00,2111.0335311948543
2025-04-17 19:00:00,2082.2809723249256
2025-04-17 19:30:00,2082.5891538702335
2025-04-17 20:00:00,2048.4645441734424
2025-04-17 20:30:00,2061.7529074541094
2025-04-17 21:00:00,2053.021662766396
2025-04-17 21:30:00,2043.4357088901247
2025-04-17 22:00:00,2082.30655576553
2025-04-17 22:30:00,2059.008538318958
2025-04-17 23:00:00,2087.30496520187
2025-04-17 23:30:00,2098.1161381806555
2025-04-18 00:00:00,2101.7065332442344
2025-04-18 00:30:00,2115.924895470711
2025-04-18 01:00:00,2144.207358461085
2025-04-18 01:30:00,2159.798247214863
2025-04-18 02:00:00,2167.441729192792
2025-04-18 02:30:00,2173.035156356632
2025-04-18 03:00:00,2149.9925483735465
2025-04-18 03:30:00,2147.217056542326
2025-04-18 04:00:00,2136.176972220767
2025-04-18 04:30:00,2131.6916005585417
2025-04-18 05:00:00,2125.6311650586217
2025-04-18 05:30:00,2118.91806145169
2025-04-18 06:00:00,2118.975041721765
2025-04-18 06:30:00,2118.9914655880457
2025-04-18 07:00:00,2120.1407484093475
2025-04-18 07:30:00,2139.5164218662007
2025-04-18 08:00:00,2149.581599408541
2025-04-18 08:30:00,2097.744840128498
2025-04-18 09:00:00,2057.3881815142554
2025-04-18 09:30:00,2056.664627354658
2025-04-18 10:00:00,2059.3016120042766
2025-04-18 10:30:00,2044.562280709688
2025-04-18 11:00:00,2035.6168825190457
2025-04-18 11:30:00,2052.6212736731013
2025-04-18 12:00:00,2067.5278503933964
2025-04-18 12:30:00,2042.8939584300267
2025-04-18 13:00:00,2038.7021849185733
2025-04-18 13:30:00,2028.5087112236793
2025-04-18 14:00:00,2039.8406093601047
2025-04-18 14:30:00,2026.4506594893433
2025-04-18 15:00:00,2030.330265964452
2025-04-18 15:30:00,2028.9097695934338
2025-04-18 16:00:00,2025.4791649997128
2025-04-18 16:30:00,2024.7774446689593
2025-04-18 17:00:00,2026.6876377825927
2025-04-18 17:30:00,2082.0672865361516
2025-04-18 18:00:00,2090.35605093842
2025-04-18 18:30:00,2097.8466213498787
2025-04-18 19:00:00,2097.851264991163
2025-04-18 19:30:00,2097.847425501839
2025-04-18 20:00:00,2068.7601592546953
2025-04-18 20:30:00,2097.8384382119534
2025-04-18 21:00:00,2064.21944648778
2025-04-18 21:30:00,2097.9826747449583
2025-04-18 22:00:00,2097.846968458366
2025-04-18 22:30:00,2085.298400524104
2025-04-18 23:00:00,2020.8438718611035
2025-04-18 23:30:00,2021.617479105354
2025-04-19 00:00:00,2005.9744178137005
2025-04-19 00:30:00,2023.6487219795563
2025-04-19 01:00:00,2016.8014137871721
2025-04-19 01:30:00,2012.21707018563
2025-04-19 02:00:00,2019.5900761153343
2025-04-19 02:30:00,2018.4527866314015
2025-04-19 03:00:00,2033.2945814257337
2025-04-19 03:30:00,2026.846872434785
2025-04-19 04:00:00,1988.6014583350266
2025-04-19 04:30:00,2001.6200836227415
2025-04-19 05:00:00,2034.6634891205165
2025-04-19 05:30:00,2079.419055621655
2025-04-19 06:00:00,2095.380603730617
2025-04-19 06:30:00,2049.5975907378747
2025-04-19 07:00:00,2049.2777765679552
2025-04-19 07:30:00,2097.868847725132
2025-04-19 08:00:00,2097.8681803931354
2025-04-19 08:30:00,2097.8661952047846
2025-04-19 09:00:00,2097.876242312719
2025-04-19 09:30:00,2073.458077084209
2025-04-19 10:00:00,2086.103255471088
2025-04-19 10:30:00,2033.9316009013116
2025-04-19 11:00:00,2071.4684349400923
2025-04-19 11:30:00,2025.1632225586625
2025-04-19 12:00:00,2018.3003536220726
2025-04-19 12:30:00,2021.1895812127734
2025-04-19 13:00:00,2006.0330688927456
2025-04-19 13:30:00,2036.6626445121917
2025-04-19 14:00:00,2024.7441900383049
2025-04-19 14:30:00,1988.410111074109
2025-04-19 15:00:00,2015.9764028104394
2025-04-19 15:30:00,2046.4091102213097
2025-04-19 16:00:00,2035.0592439211644
2025-04-19 16:30:00,2033.9369862895
2025-04-19 17:00:00,2093.240979535454
2025-04-19 17:30:00,2081.5535236636188
2025-04-19 18:00:00,2063.0043155290023
2025-04-19 18:30:00,2092.8804700419328
2025-04-19 19:00:00,2097.9622591827147
2025-04-19 19:30:00,2051.224019619865
2025-04-19 20:00:00,2034.6310061032561
2025-04-19 20:30:00,2031.519957876368
2025-04-19 21:00:00,2034.2045392088114
2025-04-19 21:30:00,2043.6184403475252
2025-04-19 22:00:00,2000.5848804227878
2025-04-19 22:30:00,2018.4390373014987
2025-04-19 23:00:00,2003.1165413537196
2025-04-19 23:30:00,2061.340219589879
2025-04-20 00:00:00,2019.8133539672651
2025-04-20 00:30:00,2067.4608465485335
2025-04-20 01:00:00,2038.1789309458393
2025-04-20 01:30:00,2039.16128925443
2025-04-20 02:00:00,2080.440363168711
2025-04-20 02:30:00,2089.9964794621487
2025-04-20 03:00:00,2068.5430380097046
2025-04-20 03:30:00,2085.5679558386587
2025-04-20 04:00:00,2034.1116460001767
2025-04-20 04:30:00,2030.7258276505502
2025-04-20 05:00:00,2035.0441615974087
2025-04-20 05:30:00,2019.9703361960724
2025-04-20 06:00:00,2031.4296324482177
2025-04-20 06:30:00,2010.119599225269
2025-04-20 07:00:00,2026.0865361598715
2025-04-20 07:30:00,2037.299008134206
2025-04-20 08:00:00,2025.1719139200825
2025-04-20 08:30:00,2027.6699992398328
2025-04-20 09:00:00,2018.8894404637408
2025-04-20 09:30:00,2020.2781269526604
2025-04-20 10:00:00,2031.1637168313132
2025-04-20 10:30:00,2044.364668380967
2025-04-20 11:00:00,2080.437923251958
2025-04-20 11:30:00,2097.900344107592
2025-04-20 12:00:00,2095.503741474272
2025-04-20 12:30:00,2063.2865402895054
2025-04-20 13:00:00,2030.055113117003
2025-04-20 13:30:00,2032.4747390573586
2025-04-20 14:00:00,2032.5557494237867
2025-04-20 14:30:00,2017.2468932320253
2025-04-20 15:00:00,2034.3804095679914
2025-04-20 15:30:00,2036.2810335301272
2025-04-20 16:00:00,2033.5039939135663
2025-04-20 16:30:00,2041.3660601370243
2025-04-20 17:00:00,2021.9131527853785
2025-04-20 17:30:00,2031.084290622837
2025-04-20 18:00:00,2019.273551072071
2025-04-20 18:30:00,2082.891764593339
2025-04-20 19:00:00,2051.6695045157257
2025-04-20 19:30:00,2095.492315934456
2025-04-20 20:00:00,2098.0047458488903
2025-04-20 20:30:00,2098.008627621529
2025-04-20 21:00:00,2097.9983082560957
2025-04-20 21:30:00,2061.329614116631
2025-04-20 22:00:00,2061.9429255769533
2025-04-20 22:30:00,2034.5887029013293
2025-04-20 23:00:00,2017.238244619053
2025-04-20 23:30:00,2000.5143855121564
2025-04-21 00:00:00,2026.30347482898
2025-04-21 00:30:00,2031.9586141175748
2025-04-21 01:00:00,2027.4469197819863
2025-04-21 01:30:00,2032.9494377965254
2025-04-21 02:00:00,2037.337239486907
2025-04-21 02:30:00,2090.3888436246352
2025-04-21 03:00:00,2095.381402979327
2025-04-21 03:30:00,2097.925237970757
2025-04-21 04:00:00,2097.993685130038
2025-04-21 04:30:00,2097.9897682613705
2025-04-21 05:00:00,2097.996373900676
2025-04-21 05:30:00,2068.7382036249483
2025-04-21 06:00:00,2072.1542332750173
2025-04-21 06:30:00,2082.823858272958
2025-04-21 07:00:00,2034.2964051883332
2025-04-21 07:30:00,2031.5193087903353
2025-04-21 08:00:00,2001.846243740702
2025-04-21 08:30:00,2043.9246689810498
2025-04-21 09:00:00,2037.325457734215
2025-04-21 09:30:00,2021.093101470739
2025-04-21 10:00:00,2024.610096041474
2025-04-21 10:30:00,2021.531274413551
2025-04-21 11:00:00,2016.6732088668457
2025-04-21 11:30:00,2036.2806799461753
2025-04-21 12:00:00,2097.892511195019
2025-04-21 12:30:00,2097.9701213886447
2025-04-21 13:00:00,2097.9384776563556
2025-04-21 13:30:00,2097.9962281817943
2025-04-21 14:00:00,2097.9923085945957
2025-04-21 14:30:00,2077.480312246826
2025-04-21 15:00:00,2032.1472079510168
2025-04-21 15:30:00,2033.8047534782388
2025-04-21 16:00:00,2030.395923432641
2025-04-21 16:30:00,2027.5467819382784
2025-04-21 17:00:00,2005.184274937168
2025-04-21 17:30:00,2009.9410998722146
2025-04-21 18:00:00,2017.0227855401638
2025-04-21 18:30:00,2029.7674095711236
2025-04-21 19:00:00,2026.5995380557024
2025-04-21 19:30:00,2019.4087862939678
2025-04-21 20:00:00,2087.8863243601527
2025-04-21 20:30:00,2097.886992747871
2025-04-21 21:00:00,2097.945237164084
2025-04-21 21:30:00,2097.9953192118937
2025-04-21 22:00:00,2097.997503340268
2025-04-21 22:30:00,2098.001715960718
2025-04-21 23:00:00,2077.718791716791
2025-04-21 23:30:00,2032.4894848918454
2025-04-22 00:00:00,2031.743798178131
2025-04-22 00:30:00,2036.1537030266607
2025-04-22 01:00:00,2033.471036792274
2025-04-22 01:30:00,2029.252316762013
2025-04-22 02:00:00,2015.4601179776207
2025-04-22 02:30:00,1987.6305185494666
2025-04-22 03:00:00,2040.4348893281108
2025-04-22 03:30:00,2075.9446721874874
2025-04-22 04:00:00,2018.4995471002544
2025-04-22 04:30:00,2067.748074110507
2025-04-22 05:00:00,2093.985249485935
2025-04-22 05:30:00,2080.4571392557377
2025-04-22 06:00:00,2090.491054186829
2025-04-22 06:30:00,2097.994127258963
2025-04-22 07:00:00,2098.0038745401384
2025-04-22 07:30:00,2098.0034222204345
2025-04-22 08:00:00,2078.4110025171562
2025-04-22 08:30:00,2036.5845948193985
2025-04-22 09:00:00,2033.5655894477798
2025-04-22 09:30:00,2034.955388475458
2025-04-22 10:00:00,2016.7595839713417
2025-04-22 10:30:00,2027.8560086231587
2025-04-22 11:00:00,2016.1889149486622
2025-04-22 11:30:00,2025.4456662773869
2025-04-22 12:00:00,2020.2731133333905
2025-04-22 12:30:00,2021.7874253432685
2025-04-22 13:00:00,2029.6755934996365
2025-04-22 13:30:00,2040.9666464971785
2025-04-22 14:00:00,2073.710491903686
2025-04-22 14:30:00,2097.8906130415357
2025-04-22 15:00:00,2048.6397160026618
2025-04-22 15:30:00,2092.9911475876393
2025-04-22 16:00:00,2097.995854151411
2025-04-22 16:30:00,2097.9963146115247
2025-04-22 17:00:00,2057.285705571296
2025-04-22 17:30:00,2035.817154069253
2025-04-22 18:00:00,2033.4475166004859
2025-04-22 18:30:00,2035.0397423035158
2025-04-22 19:00:00,2008.629827316911
2025-04-22 19:30:00,2021.621476822219
2025-04-22 20:00:00,2022.6525578043047
2025-04-22 20:30:00,2017.8968239074998
2025-04-22 21:00:00,2015.6567000454734
2025-04-22 21:30:00,2027.34064611372
2025-04-22 22:00:00,2032.0034739298906
2025-04-22 22:30:00,2061.6253664913993
2025-04-22 23:00:00,2097.8847436849983
2025-04-22 23:30:00,2097.948702757162
2025-04-23 00:00:00,2097.9946334568717
2025-04-23 00:30:00,2097.995753552642
2025-04-23 01:00:00,2098.00046214725
2025-04-23 01:30:00,2097.9997412418556
2025-04-23 02:00:00,2077.389898349554
2025-04-23 02:30:00,2031.3712103754467
2025-04-23 03:00:00,2032.832415681952
2025-04-23 03:30:00,2029.65075984137
2025-04-23 04:00:00,2028.8023421359223
2025-04-23 04:30:00,2035.2016772339307
2025-04-23 05:00:00,2030.2809717927328
2025-04-23 05:30:00,2014.5323736751461
2025-04-23 06:00:00,2023.7391140572179
2025-04-23 06:30:00,2061.049725217842
2025-04-23 07:00:00,2037.4725507468163
2025-04-23 07:30:00,2032.9653812923502
2025-04-23 08:00:00,2020.467125288874
2025-04-23 08:30:00,2072.930050506473
2025-04-23 09:00:00,2047.586343392636
2025-04-23 09:30:00,2097.9783561092877
2025-04-23 10:00:00,2091.5704042517727
2025-04-23 10:30:00,2098.006592600286
2025-04-23 11:00:00,2059.189174205272
2025-04-23 11:30:00,2030.940475257475
2025-04-23 12:00:00,2050.7789731418825
2025-04-23 12:30:00,2030.811633942709
2025-04-23 13:00:00,2033.8448668773985
2025-04-23 13:30:00,2019.9097895818827
2025-04-23 14:00:00,2027.6344655665223
2025-04-23 14:30:00,2018.6007100211095
2025-04-23 15:00:00,2026.9861860810765
2025-04-23 15:30:00,2029.8102404010092
2025-04-23 16:00:00,2032.954600544257
2025-04-23 16:30:00,2041.0166363340807
2025-04-23 17:00:00,2097.917055818399
2025-04-23 17:30:00,2097.995239083995
2025-04-23 18:00:00,2097.986301139571
2025-04-23 18:30:00,2069.5234073921406
2025-04-23 19:00:00,2097.9966169604095
2025-04-23 19:30:00,2097.9926578165823
2025-04-23 20:00:00,2031.044609047248
2025-04-23 20:30:00,2038.853047591949
2025-04-23 21:00:00,2025.072440263496
2025-04-23 21:30:00,2025.6335148741375
2025-04-23 22:00:00,2084.620111336191
2025-04-23 22:30:00,2026.161691004785
2025-04-23 23:00:00,2024.0843166494867
2025-04-23 23:30:00,2025.9440696852132
2025-04-24 00:00:00,2012.2183877961854
2025-04-24 00:30:00,2012.5866111933085
2025-04-24 01:00:00,2016.4885994449214
2025-04-24 01:30:00,2069.4528741313993
2025-04-24 02:00:00,2097.885582814325
2025-04-24 02:30:00,2097.985402332227
2025-04-24 03:00:00,2098.0040746812406
2025-04-24 03:30:00,2097.9997168355226
2025-04-24 04:00:00,2097.99936487605
2025-04-24 04:30:00,2097.992658420355
2025-04-24 05:00:00,2058.807638280298
2025-04-24 05:30:00,2029.0221211131945
2025-04-24 06:00:00,2029.3722608878677
2025-04-24 06:30:00,2034.2750318655026
2025-04-24 07:00:00,2024.9577964098123
2025-04-24 07:30:00,2023.5763173526595
2025-04-24 08:00:00,2002.32891380987
2025-04-24 08:30:00,2024.4313645216716
2025-04-24 09:00:00,2033.7153834130374
2025-04-24 09:30:00,2029.4038094195485
2025-04-24 10:00:00,2047.787402786853
2025-04-24 10:30:00,2033.7202876837543
2025-04-24 11:00:00,2056.937080962049
2025-04-24 11:30:00,2097.8860847267474
2025-04-24 12:00:00,2071.4565062737133
2025-04-24 12:30:00,2097.9940417674857
2025-04-24 13:00:00,2098.0008897521993
2025-04-24 13:30:00,2097.9967000604843
2025-04-24 14:00:00,2098.0010965526594
2025-04-24 14:30:00,2098.0050710571454
2025-04-24 15:00:00,2098.0058661291214
2025-04-24 15:30:00,2079.653225583391
2025-04-24 16:00:00,2097.9493136544934
2025-04-24 16:30:00,2097.9916446761704
2025-04-24 17:00:00,2097.9759291412206
2025-04-24 17:30:00,2052.347608137237
2025-04-24 18:00:00,2076.4014651789125
2025-04-24 18:30:00,2052.879329313421
2025-04-24 19:00:00,2012.5691282094983
2025-04-24 19:30:00,2034.2784632127414
2025-04-24 20:00:00,2008.703114802689
2025-04-24 20:30:00,2025.0320826066738
2025-04-24 21:00:00,2035.2055882397574
2025-04-24 21:30:00,2046.4271824689934
2025-04-24 22:00:00,2028.621534100519
2025-04-24 22:30:00,2076.4994755703415
2025-04-24 23:00:00,2097.885707045585
2025-04-24 23:30:00,2069.4587134544113
2025-04-25 00:00:00,2097.985565264354
2025-04-25 00:30:00,2098.00939756737
2025-04-25 01:00:00,2098.0098755865783
2025-04-25 01:30:00,2098.009896098504
2025-04-25 02:00:00,2098.0067894073704
2025-04-25 02:30:00,2097.9995436179775
2025-04-25 03:00:00,2078.0724025615164
2025-04-25 03:30:00,2059.286812092007
2025-04-25 04:00:00,2073.0520041846808
2025-04-25 04:30:00,2097.9911366510173
2025-04-25 05:00:00,2097.9392886849623
2025-04-25 05:30:00,2097.768999652158
2025-04-25 06:00:00,2055.0194639986958
2025-04-25 06:30:00,2034.6936111331843
2025-04-25 07:00:00,2027.2971146597313
2025-04-25 07:30:00,2035.0134007370064
2025-04-25 08:00:00,2030.0068976732346
2025-04-25 08:30:00,2029.048660673574
2025-04-25 09:00:00,2021.6893995930725
2025-04-25 09:30:00,2020.0618175952532
2025-04-25 10:00:00,2035.1736747686082
2025-04-25 10:30:00,2050.013290100641
2025-04-25 11:00:00,2071.4001544923563
2025-04-25 11:30:00,2097.9057922306215
2025-04-25 12:00:00,2097.951000078369
2025-04-25 12:30:00,2097.9944044707695
2025-04-25 13:00:00,2098.006126098189
2025-04-25 13:30:00,2098.009275630577
2025-04-25 14:00:00,2097.999853993321
2025-04-25 14:30:00,2098.009685791674
2025-04-25 15:00:00,2097.959389037842
2025-04-25 15:30:00,2073.706693653677
2025-04-25 16:00:00,2073.616789116713
2025-04-25 16:30:00,2033.6467909985968
2025-04-25 17:00:00,2033.0722036341328
2025-04-25 17:30:00,2024.8546535269609
2025-04-25 18:00:00,2037.4170791590943
2025-04-25 18:30:00,2032.3695690500344
2025-04-25 19:00:00,2021.5672062187023
2025-04-25 19:30:00,2018.4406837261893
2025-04-25 20:00:00,2038.0612003137321
2025-04-25 20:30:00,2048.1695273721093
2025-04-25 21:00:00,2047.927517497166
2025-04-25 21:30:00,2097.88147417155
2025-04-25 22:00:00,2097.88444339866
2025-04-25 22:30:00,2097.894577889775
2025-04-25 23:00:00,2097.9184634519797
2025-04-25 23:30:00,2073.1007235093857
2025-04-26 00:00:00,2098.002879322811
2025-04-26 00:30:00,2098.0096745042333
2025-04-26 01:00:00,2098.009702999274
2025-04-26 01:30:00,2097.999858579447
2025-04-26 02:00:00,2097.9494507292675
2025-04-26 02:30:00,2029.0046408349256
2025-04-26 03:00:00,2033.6588276357154
2025-04-26 03:30:00,2033.6468203248148
2025-04-26 04:00:00,2026.3483017000424
2025-04-26 04:30:00,2027.4722032581085
2025-04-26 05:00:00,2041.8118404624383
2025-04-26 05:30:00,2014.1330955389083
2025-04-26 06:00:00,2023.0697381113575
2025-04-26 06:30:00,2023.0685857034575
2025-04-26 07:00:00,2018.108475498969
2025-04-26 07:30:00,2045.254791669834
2025-04-26 08:00:00,2018.111237099798
2025-04-26 08:30:00,2014.5400647064398
2025-04-26 09:00:00,2071.3981306561445
2025-04-26 09:30:00,2097.930470605373
2025-04-26 10:00:00,2097.9549049082257
2025-04-26 10:30:00,2097.99701558147
2025-04-26 11:00:00,2098.0014429986045
2025-04-26 11:30:00,2098.003095046891
2025-04-26 12:00:00,2098.009371497215
2025-04-26 12:30:00,2097.998505247235
2025-04-26 13:00:00,2078.293568058922
2025-04-26 13:30:00,2097.7965862195488
2025-04-26 14:00:00,2030.9644864377988
2025-04-26 14:30:00,2097.8045507968586
2025-04-26 15:00:00,2037.5199201023358
2025-04-26 15:30:00,2034.134423822271
2025-04-26 16:00:00,2037.7405330719046
2025-04-26 16:30:00,1999.896539751909
2025-04-26 17:00:00,2016.1673556283986
2025-04-26 17:30:00,2030.1273384638896
2025-04-26 18:00:00,2019.7377514480615
2025-04-26 18:30:00,2023.0701089489219
2025-04-26 19:00:00,2072.9026558154173
2025-04-26 19:30:00,2097.875572940818
2025-04-26 20:00:00,2082.401672897117
2025-04-26 20:30:00,2097.9902492717483
2025-04-26 21:00:00,2050.9633517959114
2025-04-26 21:30:00,2097.998383413892
2025-04-26 22:00:00,2098.0048397418727
2025-04-26 22:30:00,2098.0094008352003
2025-04-26 23:00:00,2098.0093125621383
2025-04-26 23:30:00,2097.990358854346
2025-04-27 00:00:00,2053.9093686083825
2025-04-27 00:30:00,2055.0683809142424
2025-04-27 01:00:00,2033.6467306615389
2025-04-27 01:30:00,2031.4519438290138
2025-04-27 02:00:00,2017.248853350643
2025-04-27 02:30:00,2038.7967965010148
2025-04-27 03:00:00,2031.2905011618839
2025-04-27 03:30:00,2023.0682613810932
2025-04-27 04:00:00,2014.5377320150303
2025-04-27 04:30:00,2019.9452384620806
2025-04-27 05:00:00,2063.1286293491626
2025-04-27 05:30:00,2072.8996808486613
2025-04-27 06:00:00,2097.8779764589603
2025-04-27 06:30:00,2080.720495043417
2025-04-27 07:00:00,2097.9860057017663
2025-04-27 07:30:00,2097.995355997034
2025-04-27 08:00:00,2098.0100155601285
2025-04-27 08:30:00,2097.997358325136
2025-04-27 09:00:00,2078.402859415282
2025-04-27 09:30:00,2049.291733536288
2025-04-27 10:00:00,2081.6316518695307
2025-04-27 10:30:00,2034.038313117702
2025-04-27 11:00:00,1997.6548537369017
2025-04-27 11:30:00,2030.659730903466
2025-04-27 12:00:00,2022.9450393230516
2025-04-27 12:30:00,2019.7454109814578
2025-04-27 13:00:00,2023.7977780574747
2025-04-27 13:30:00,2018.4414529419453
2025-04-27 14:00:00,2016.0387788994037
2025-04-27 14:30:00,2012.584471397151
2025-04-27 15:00:00,2069.451638861992
2025-04-27 15:30:00,2041.018785593055
2025-04-27 16:00:00,2016.1572212761473
2025-04-27 16:30:00,2098.0053386156255
2025-04-27 17:00:00,2097.9953596638584
2025-04-27 17:30:00,2098.009930742019
2025-04-27 18:00:00,2098.009627386608
2025-04-27 18:30:00,2078.068082348497
2025-04-27 19:00:00,2072.152885599881
2025-04-27 19:30:00,2033.6520459872727
2025-04-27 20:00:00,2073.6475241593757
2025-04-27 20:30:00,2029.5164643359085
2025-04-27 21:00:00,2029.2802132758673
2025-04-27 21:30:00,2043.839567542994
2025-04-27 22:00:00,2026.1834669534176
2025-04-27 22:30:00,2016.1594946003704
2025-04-27 23:00:00,2023.308707691522
2025-04-27 23:30:00,2035.948230978056
2025-04-28 00:00:00,2041.0184683837417
2025-04-28 00:30:00,2014.537280738533
2025-04-28 01:00:00,2069.4507270226636
2025-04-28 01:30:00,2097.966905481105
2025-04-28 02:00:00,2097.9996956879486
2025-04-28 02:30:00,2098.002479480769
2025-04-28 03:00:00,2098.009627998384
2025-04-28 03:30:00,2098.0003187724205
2025-04-28 04:00:00,2028.5335119231138
2025-04-28 04:30:00,2035.9385149238094
2025-04-28 05:00:00,2031.997736564832
2025-04-28 05:30:00,2047.3818244700353
2025-04-28 06:00:00,2025.158900949965
2025-04-28 06:30:00,2034.1358759281923
2025-04-28 07:00:00,2007.5169859959697
2025-04-28 07:30:00,2018.4345406904179
2025-04-28 08:00:00,2025.931460007837
2025-04-28 08:30:00,2027.2941672618856
2025-04-28 09:00:00,2021.5820193327588
2025-04-28 09:30:00,2025.9330750573642
2025-04-28 10:00:00,2097.883064560882
2025-04-28 10:30:00,2097.9426906561825
2025-04-28 11:00:00,2098.000894791519
2025-04-28 11:30:00,2097.994995894361
2025-04-28 12:00:00,2097.9959093922853
2025-04-28 12:30:00,2098.000539142323
2025-04-28 13:00:00,2097.9511996848246
2025-04-28 13:30:00,2076.940317284809
2025-04-28 14:00:00,2031.466588512995
2025-04-28 14:30:00,2036.6356000290405
2025-04-28 15:00:00,2019.7879035089102
2025-04-28 15:30:00,2026.1600481693486
2025-04-28 16:00:00,2022.3766690555049
2025-04-28 16:30:00,1999.0564063352458
2025-04-28 17:00:00,2022.9511091407946
2025-04-28 17:30:00,2047.9302085598226
2025-04-28 18:00:00,2071.4019011027112
2025-04-28 18:30:00,2023.3109750240608
2025-04-28 19:00:00,2097.8828078248634
2025-04-28 19:30:00,2048.167099275613
2025-04-28 20:00:00,2097.979788146601
2025-04-28 20:30:00,2098.004966961429
2025-04-28 21:00:00,2097.999371799007
2025-04-28 21:30:00,2098.0025518652706
2025-04-28 22:00:00,2098.009635627787
2025-04-28 22:30:00,2097.980010655223
2025-04-28 23:00:00,2097.816969301394
2025-04-28 23:30:00,2097.78758245676
2025-04-29 00:00:00,2060.0370298882226
2025-04-29 00:30:00,2022.599432617437
2025-04-29 01:00:00,2010.317219241794
2025-04-29 01:30:00,1986.9566296898129
2025-04-29 02:00:00,1999.4565281554271
2025-04-29 02:30:00,2023.1911560264143
2025-04-29 03:00:00,1999.1058369159603
2025-04-29 03:30:00,2048.048683473008
2025-04-29 04:00:00,2097.884470120021
2025-04-29 04:30:00,2097.8851817162645
2025-04-29 05:00:00,2097.8853634844904
2025-04-29 05:30:00,2071.414511810761
2025-04-29 06:00:00,2098.005021145719
2025-04-29 06:30:00,2098.0096515062683
2025-04-29 07:00:00,2098.010274414516
2025-04-29 07:30:00,2098.0084601033873
2025-04-29 08:00:00,2078.381091136822
2025-04-29 08:30:00,2037.658590557664
2025-04-29 09:00:00,2033.6381960080507
2025-04-29 09:30:00,2036.6366777909698
2025-04-29 10:00:00,2028.1427251571938
2025-04-29 10:30:00,2018.6481902634005
2025-04-29 11:00:00,2043.9152670703945
2025-04-29 11:30:00,2028.9422426135945
2025-04-29 12:00:00,2030.1293517455613
2025-04-29 12:30:00,2040.9793156522082
2025-04-29 13:00:00,2047.9145619247959
2025-04-29 13:30:00,2068.556241294886
2025-04-29 14:00:00,2072.1832404390507
2025-04-29 14:30:00,2042.986479249654
2025-04-29 15:00:00,2097.9880209692133
2025-04-29 15:30:00,2098.0006583681425
2025-04-29 16:00:00,2097.99696433146
2025-04-29 16:30:00,2098.001220683958
2025-04-29 17:00:00,2098.0007026361486
2025-04-29 17:30:00,2079.455151881822
2025-04-29 18:00:00,2031.0001738717115
2025-04-29 18:30:00,2036.1789789239856
2025-04-29 19:00:00,2036.4102794403216
2025-04-29 19:30:00,2031.9462555691673
2025-04-29 20:00:00,2019.5574985549965
2025-04-29 20:30:00,2051.2132692773935
2025-04-29 21:00:00,2030.7206109110073
2025-04-29 21:30:00,2015.6890342028362
2025-04-29 22:00:00,2028.6263613361032
2025-04-29 22:30:00,2033.7226621502614
2025-04-29 23:00:00,2028.6258549554823
2025-04-29 23:30:00,2045.34885416276
2025-04-30 00:00:00,2076.4982943777754
2025-04-30 00:30:00,2097.900337616876
2025-04-30 01:00:00,2097.9979619883743
2025-04-30 01:30:00,2098.0059050797686
2025-04-30 02:00:00,2098.000714811785
2025-04-30 02:30:00,2098.0058596136787
2025-04-30 03:00:00,2097.996491980896
2025-04-30 03:30:00,2098.0099257893903
2025-04-30 04:00:00,2098.009998130896
2025-04-30 04:30:00,2097.9945492763695
2025-04-30 05:00:00,2097.94763356303
2025-04-30 05:30:00,2097.99264221534
2025-04-30 06:00:00,2053.4838438633124
2025-04-30 06:30:00,2055.085932230321
2025-04-30 07:00:00,2038.844836791867
2025-04-30 07:30:00,2041.085277770798
2025-04-30 08:00:00,2016.5091388831358
2025-04-30 08:30:00,2032.9337298434805
2025-04-30 09:00:00,2031.0192802704685
2025-04-30 09:30:00,2035.3826821559996
2025-04-30 10:00:00,2038.023930523382
2025-04-30 10:30:00,2054.40970837608
2025-04-30 11:00:00,2016.1557675066476
2025-04-30 11:30:00,2073.024991224169
2025-04-30 12:00:00,2097.8847672419256
2025-04-30 12:30:00,2097.9616973727957
2025-04-30 13:00:00,2097.9979949382573
2025-04-30 13:30:00,2098.0059982106627
2025-04-30 14:00:00,2097.997402783161
2025-04-30 14:30:00,2098.0018064495594
2025-04-30 15:00:00,2098.007848342277
2025-04-30 15:30:00,2098.001122337078
2025-04-30 16:00:00,2098.0094554132693
2025-04-30 16:30:00,
2025-04-30 17:00:00,
2025-04-30 17:30:00,
2025-04-30 18:00:00,
2025-04-30 18:30:00,
2025-04-30 19:00:00,2025.3524975696182
2025-04-30 19:30:00,2023.9752000837768
2025-04-30 20:00:00,2033.0498976357655
2025-04-30 20:30:00,2024.0578985498325
2025-04-30 21:00:00,2030.0284320004557
2025-04-30 21:30:00,2030.0079275660128
2025-04-30 22:00:00,2020.7093145365634
2025-04-30 22:30:00,2023.1920818643257
2025-04-30 23:00:00,2071.4020033152497
2025-04-30 23:30:00,2018.435259522744
2025-05-01 00:00:00,2071.4040313331116
2025-05-01 00:30:00,2097.884108038834
2025-05-01 01:00:00,2044.5942957551288
2025-05-01 01:30:00,2097.9465442607875
2025-05-01 02:00:00,2071.3364922084106
2025-05-01 02:30:00,2027.5371599605776
2025-05-01 03:00:00,2073.683327022455
2025-05-01 03:30:00,2014.3127489769493
2025-05-01 04:00:00,2042.9644458349223
2025-05-01 04:30:00,2025.9360411050009
2025-05-01 05:00:00,2028.6170392870215
2025-05-01 05:30:00,2025.0302607525919
2025-05-01 06:00:00,2019.7364532279043
2025-05-01 06:30:00,2072.904565318757
2025-05-01 07:00:00,2097.880705321099
2025-05-01 07:30:00,2097.883248135879
2025-05-01 08:00:00,2097.883929540519
2025-05-01 08:30:00,2097.978911276625
2025-05-01 09:00:00,2097.955040716711
2025-05-01 09:30:00,2076.5717248642864
2025-05-01 10:00:00,2098.0039160943124
2025-05-01 10:30:00,2083.277733953901
2025-05-01 11:00:00,2030.615625273235
2025-05-01 11:30:00,2076.40775350354
2025-05-01 12:00:00,2060.2581428760036
2025-05-01 12:30:00,2023.0427233303235
2025-05-01 13:00:00,2013.7881076805504
2025-05-01 13:30:00,2035.3591289755357
2025-05-01 14:00:00,2021.4440682957438
2025-05-01 14:30:00,2016.4923876382416
2025-05-01 15:00:00,2018.4389798139327
2025-05-01 15:30:00,2023.1917951574596
2025-05-01 16:00:00,2097.8854533926333
2025-05-01 16:30:00,2097.8812708847922
2025-05-01 17:00:00,2097.878894159372
2025-05-01 17:30:00,2097.988174268709
2025-05-01 18:00:00,2098.0074144164314
2025-05-01 18:30:00,2097.9988654460703
2025-05-01 19:00:00,2098.005610222938
2025-05-01 19:30:00,2098.0060284038404
2025-05-01 20:00:00,2098.0057680666523
2025-05-01 20:30:00,2098.0057612349297
2025-05-01 21:00:00,2098.0098378497114
2025-05-01 21:30:00,2097.993799300464
2025-05-01 22:00:00,2097.856087733314
2025-05-01 22:30:00,2097.9554759456496
2025-05-01 23:00:00,2097.9777532106577
2025-05-01 23:30:00,2055.0922488734564
2025-05-02 00:00:00,2033.6354769491343
2025-05-02 00:30:00,2033.6405197261745
2025-05-02 01:00:00,2020.2029032034625
2025-05-02 01:30:00,2012.9862521316084
2025-05-02 02:00:00,2034.9627547068242
2025-05-02 02:30:00,2040.1663110672373
2025-05-02 03:00:00,2022.9497910743012
2025-05-02 03:30:00,2022.9516362931497
2025-05-02 04:00:00,2032.3803861236404
2025-05-02 04:30:00,2073.0271601088975
2025-05-02 05:00:00,2033.7222251230105
2025-05-02 05:30:00,2097.890254440341
2025-05-02 06:00:00,2097.886199569177
2025-05-02 06:30:00,2097.959338804333
2025-05-02 07:00:00,2097.98591493598
2025-05-02 07:30:00,2097.996797202531
2025-05-02 08:00:00,2098.005774952952
2025-05-02 08:30:00,2098.014392450367
2025-05-02 09:00:00,2098.01028096847
2025-05-02 09:30:00,2097.9973471356525
2025-05-02 10:00:00,2098.0088853537673
2025-05-02 10:30:00,2097.899446123123
2025-05-02 11:00:00,2097.7955814123566
2025-05-02 11:30:00,2030.9903855033135
2025-05-02 12:00:00,2027.7724366067025
2025-05-02 12:30:00,2036.298804979295
2025-05-02 13:00:00,2017.557183148593
2025-05-02 13:30:00,2023.55233629744
2025-05-02 14:00:00,2022.9442948551375
2025-05-02 14:30:00,2019.9368175738766
2025-05-02 15:00:00,2016.4839351794242
2025-05-02 15:30:00,2044.5827771700726
2025-05-02 16:00:00,2097.884005259617
2025-05-02 16:30:00,2097.8816237043843
2025-05-02 17:00:00,2097.8865006049955
2025-05-02 17:30:00,2097.8851113921082
2025-05-02 18:00:00,2082.3669698564904
2025-05-02 18:30:00,2027.5833096756303
2025-05-02 19:00:00,2029.823897761573
2025-05-02 19:30:00,2039.650927678007
2025-05-02 20:00:00,2015.7967692608554
2025-05-02 20:30:00,2003.2195617906855
2025-05-02 21:00:00,2035.787852679956
2025-05-02 21:30:00,2051.278447200341
2025-05-02 22:00:00,2030.8879223047868
2025-05-02 22:30:00,2046.549697981004
2025-05-02 23:00:00,2019.7345433249368
2025-05-02 23:30:00,2075.9077945080257
2025-05-03 00:00:00,2097.8809602846727
2025-05-03 00:30:00,2072.903669031413
2025-05-03 01:00:00,2097.8906611876337
2025-05-03 01:30:00,2098.000155862985
2025-05-03 02:00:00,2098.0094844165465
2025-05-03 02:30:00,2098.0114278960295
2025-05-03 03:00:00,2098.010006911712
2025-05-03 03:30:00,2098.010030670229
2025-05-03 04:00:00,2098.010321042159
2025-05-03 04:30:00,2098.000385959285
2025-05-03 05:00:00,2078.2082323249183
2025-05-03 05:30:00,2049.6627402359068
2025-05-03 06:00:00,2030.9629052112005
2025-05-03 06:30:00,2039.3799934382475
2025-05-03 07:00:00,2021.450688079097
2025-05-03 07:30:00,1987.3576497318627
2025-05-03 08:00:00,2023.068123082552
2025-05-03 08:30:00,2018.8950860272544
2025-05-03 09:00:00,2023.646338018172
2025-05-03 09:30:00,2022.920951595693
2025-05-03 10:00:00,2019.939304467154
2025-05-03 10:30:00,2097.8899970946454
2025-05-03 11:00:00,2097.888996384371
2025-05-03 11:30:00,2097.919286499216
2025-05-03 12:00:00,2097.8775969165995
2025-05-03 12:30:00,2097.9351640693817
2025-05-03 13:00:00,2098.0063903161513
2025-05-03 13:30:00,2098.006528599653
2025-05-03 14:00:00,2098.010189975566
2025-05-03 14:30:00,2098.0117483663366
2025-05-03 15:00:00,2098.0099330561175
2025-05-03 15:30:00,2098.0118926405016
2025-05-03 16:00:00,2098.0088572111495
2025-05-03 16:30:00,2097.9560550368933
2025-05-03 17:00:00,2097.8072102071974
2025-05-03 17:30:00,2076.393322551841
2025-05-03 18:00:00,2033.6369329434428
2025-05-03 18:30:00,2034.1623078768168
2025-05-03 19:00:00,2009.0262140113098
2025-05-03 19:30:00,2005.288624666082
2025-05-03 20:00:00,2051.130048163768
2025-05-03 20:30:00,2029.7492661462672
2025-05-03 21:00:00,2035.3114683397587
2025-05-03 21:30:00,2027.4424970918844
2025-05-03 22:00:00,2050.016258865034
2025-05-03 22:30:00,2097.889431904578
2025-05-03 23:00:00,2076.4988488931635
2025-05-03 23:30:00,2097.88665417346
2025-05-04 00:00:00,2097.919434756208
2025-05-04 00:30:00,2097.933135577238
2025-05-04 01:00:00,2097.9892731238665
2025-05-04 01:30:00,2098.009867179734
2025-05-04 02:00:00,2098.0099910200656
2025-05-04 02:30:00,2098.0137385322087
2025-05-04 03:00:00,2098.0117851933937
2025-05-04 03:30:00,2098.0096209752624
2025-05-04 04:00:00,2098.0135222305676
2025-05-04 04:30:00,2097.9699311445884
2025-05-04 05:00:00,2057.0873067124303
2025-05-04 05:30:00,2028.2520026388481
2025-05-04 06:00:00,2033.3025651764874
2025-05-04 06:30:00,2026.3541780123999
2025-05-04 07:00:00,2002.6811418054688
2025-05-04 07:30:00,2011.1367682159453
2025-05-04 08:00:00,2032.3672278112226
2025-05-04 08:30:00,1998.2575315654656
2025-05-04 09:00:00,2023.3128148029346
2025-05-04 09:30:00,2041.0170326211098
2025-05-04 10:00:00,2016.1541287431521
2025-05-04 10:30:00,2048.1682304967967
2025-05-04 11:00:00,2097.9019033202762
2025-05-04 11:30:00,2097.8802230408614
2025-05-04 12:00:00,2097.9367628739087
2025-05-04 12:30:00,2071.4287541292592
2025-05-04 13:00:00,2024.0791152096251
2025-05-04 13:30:00,2097.902202165457
2025-05-04 14:00:00,2073.7589225672477
2025-05-04 14:30:00,2029.5325183519337
2025-05-04 15:00:00,2036.3908992120435
2025-05-04 15:30:00,2030.6920504613345
2025-05-04 16:00:00,2014.261327605076
2025-05-04 16:30:00,2008.1368396809337
2025-05-04 17:00:00,2022.0650386968393
2025-05-04 17:30:00,2039.4402753896995
2025-05-04 18:00:00,2047.9279373436211
2025-05-04 18:30:00,2097.8830267729195
2025-05-04 19:00:00,2097.8879666966072
2025-05-04 19:30:00,2097.9320070314234
2025-05-04 20:00:00,2075.973588356906
2025-05-04 20:30:00,2098.0046172242533
2025-05-04 21:00:00,2098.0098235336623
2025-05-04 21:30:00,2098.0097229532403
2025-05-04 22:00:00,2098.0100411792505
2025-05-04 22:30:00,2098.0100761687972
2025-05-04 23:00:00,2098.014081813652
2025-05-04 23:30:00,2098.0053981463593
2025-05-05 00:00:00,2098.0119777040286
2025-05-05 00:30:00,2098.009888745367
2025-05-05 01:00:00,2098.0073731047682
2025-05-05 01:30:00,2057.145781039658
2025-05-05 02:00:00,2076.421894892415
2025-05-05 02:30:00,2033.6390054433875
2025-05-05 03:00:00,2029.3774040170454
2025-05-05 03:30:00,2030.682861398658
2025-05-05 04:00:00,2038.311251682712
2025-05-05 04:30:00,2041.8137211901385
2025-05-05 05:00:00,2004.207767653729
2025-05-05 05:30:00,2028.6216015737225
2025-05-05 06:00:00,2044.9192031712619
2025-05-05 06:30:00,2097.8901488595925
2025-05-05 07:00:00,2088.1161149946392
2025-05-05 07:30:00,2097.8904956267475
2025-05-05 08:00:00,2088.5346671768452
2025-05-05 08:30:00,2097.9223434451264
2025-05-05 09:00:00,2098.0031495160256
2025-05-05 09:30:00,2097.9967208412763
2025-05-05 10:00:00,2098.010376707587
2025-05-05 10:30:00,2097.996955817957
2025-05-05 11:00:00,2098.0020352801907
2025-05-05 11:30:00,2098.0101027728138
2025-05-05 12:00:00,2098.0101643789417
2025-05-05 12:30:00,2098.0040214672017
2025-05-05 13:00:00,2059.2669519876285
2025-05-05 13:30:00,2027.1569468411647
2025-05-05 14:00:00,2033.6370909278291
2025-05-05 14:30:00,2055.0218116911055
2025-05-05 15:00:00,2054.0770594469714
2025-05-05 15:30:00,2003.9598505473089
2025-05-05 16:00:00,2032.9578823991267
2025-05-05 16:30:00,2049.5884352087305
2025-05-05 17:00:00,2030.1202321350977
2025-05-05 17:30:00,2029.39966417286
2025-05-05 18:00:00,2023.5305918437452
2025-05-05 18:30:00,2042.9701972003131
2025-05-05 19:00:00,2088.0811977154262
2025-05-05 19:30:00,2097.8813971532095
2025-05-05 20:00:00,2097.9089563507937
2025-05-05 20:30:00,2097.987264146755
2025-05-05 21:00:00,2097.9900833126553
2025-05-05 21:30:00,2073.4563239181384
2025-05-05 22:00:00,2098.0015440140432
2025-05-05 22:30:00,2097.994286670075
2025-05-05 23:00:00,2098.0089529602847
2025-05-05 23:30:00,2097.9992226254067
2025-05-06 00:00:00,2098.0046759655124
2025-05-06 00:30:00,2098.0094270427185
2025-05-06 01:00:00,2098.0028401695404
2025-05-06 01:30:00,2078.0698816654713
2025-05-06 02:00:00,2076.8713926760465
2025-05-06 02:30:00,2097.787086941956
2025-05-06 03:00:00,2055.0319153360224
2025-05-06 03:30:00,2018.2546197699355
2025-05-06 04:00:00,1993.3780688351633
2025-05-06 04:30:00,2018.9173640375266
2025-05-06 05:00:00,2025.93607037587
2025-05-06 05:30:00,2028.6193106151304
2025-05-06 06:00:00,2023.529915237088
2025-05-06 06:30:00,2016.1580216318553
2025-05-06 07:00:00,2050.0157328502623
2025-05-06 07:30:00,2076.4996353342303
2025-05-06 08:00:00,2097.8879584548918
2025-05-06 08:30:00,2097.9206275178644
2025-05-06 09:00:00,2097.883352943349
2025-05-06 09:30:00,2097.9954232041136
2025-05-06 10:00:00,
2025-05-06 10:30:00,
2025-05-06 11:00:00,
2025-05-06 11:30:00,2098.016564706204
2025-05-06 12:00:00,2098.010100240234
2025-05-06 12:30:00,2098.0101815945204
2025-05-06 13:00:00,2098.014830037507
2025-05-06 13:30:00,2098.0123503743057
2025-05-06 14:00:00,2098.0009934601526
2025-05-06 14:30:00,2098.0004590107096
2025-05-06 15:00:00,2098.0082032612745
2025-05-06 15:30:00,2097.9978461474107
2025-05-06 16:00:00,2076.530049646612
2025-05-06 16:30:00,2033.6267413087307
2025-05-06 17:00:00,2028.1359317865529
2025-05-06 17:30:00,2041.0728334119838
2025-05-06 18:00:00,2042.2467310285047
2025-05-06 18:30:00,2011.7096203909389
2025-05-06 19:00:00,2010.9837933601923
2025-05-06 19:30:00,2023.210820817431
2025-05-06 20:00:00,2036.0872036236685
2025-05-06 20:30:00,2040.6641122509493
2025-05-06 21:00:00,2036.6413713277473
2025-05-06 21:30:00,2097.888804899062
2025-05-06 22:00:00,2086.5527695563687
2025-05-06 22:30:00,2097.905029889342
2025-05-06 23:00:00,2097.8873191146026
2025-05-06 23:30:00,2097.8900252153094
2025-05-07 00:00:00,2097.935533613559
2025-05-07 00:30:00,2098.003790663342
2025-05-07 01:00:00,2098.010491728019
2025-05-07 01:30:00,2098.0062444253185
2025-05-07 02:00:00,2098.010336313721
2025-05-07 02:30:00,2098.014252309729
2025-05-07 03:00:00,2098.013197474068
2025-05-07 03:30:00,2098.0119483452304
2025-05-07 04:00:00,2098.0123912388735
2025-05-07 04:30:00,2098.007983132704
2025-05-07 05:00:00,2098.008560497059
2025-05-07 05:30:00,2097.999215110442
2025-05-07 06:00:00,2076.5079806140398
2025-05-07 06:30:00,2029.368226185133
2025-05-07 07:00:00,2041.2662402137805
2025-05-07 07:30:00,2041.129979909006
2025-05-07 08:00:00,2055.142195729584
2025-05-07 08:30:00,1991.539577487066
2025-05-07 09:00:00,1987.5340475458706
2025-05-07 09:30:00,2011.1411556153032
2025-05-07 10:00:00,2023.086220544267
2025-05-07 10:30:00,2033.7180527338871
2025-05-07 11:00:00,2028.628892822065
2025-05-07 11:30:00,2051.6381641139023
2025-05-07 12:00:00,2076.999288219546
2025-05-07 12:30:00,2097.897536537597
2025-05-07 13:00:00,2097.902443456947
2025-05-07 13:30:00,2097.9575023249913
2025-05-07 14:00:00,2097.995107110191
2025-05-07 14:30:00,2097.9944067001857
2025-05-07 15:00:00,2098.005921216792
2025-05-07 15:30:00,2098.0053602942885
2025-05-07 16:00:00,2098.0100024348144
2025-05-07 16:30:00,2098.0097169113565
2025-05-07 17:00:00,2098.014347146837
2025-05-07 17:30:00,2098.0143536916635
2025-05-07 18:00:00,2098.0117504191553
2025-05-07 18:30:00,2098.0138838996736
2025-05-07 19:00:00,2098.010332953952
2025-05-07 19:30:00,2098.0040471909165
2025-05-07 20:00:00,2098.0087553203552
2025-05-07 20:30:00,2097.9893957378204
2025-05-07 21:00:00,2097.9891652726533
2025-05-07 21:30:00,2055.038946357349
2025-05-07 22:00:00,2055.031192997065
2025-05-07 22:30:00,2033.6442429578512
2025-05-07 23:00:00,2076.4374058361045
2025-05-07 23:30:00,2037.7535423245672
2025-05-08 00:00:00,2040.0911815877744
2025-05-08 00:30:00,2011.1422354425079
2025-05-08 01:00:00,2021.4396160601173
2025-05-08 01:30:00,2018.4339310116932
2025-05-08 02:00:00,2018.4355007392016
2025-05-08 02:30:00,2051.7259402784366
2025-05-08 03:00:00,2019.7363846973733
2025-05-08 03:30:00,2073.037304488332
2025-05-08 04:00:00,2097.946107140749
2025-05-08 04:30:00,2097.97260204078
2025-05-08 05:00:00,2097.9992514963815
2025-05-08 05:30:00,2098.0021151263923
2025-05-08 06:00:00,2098.009763352687
2025-05-08 06:30:00,2098.0120352298145
2025-05-08 07:00:00,2098.01053373022
2025-05-08 07:30:00,2098.014032005721
2025-05-08 08:00:00,2098.0102269074323
2025-05-08 08:30:00,2098.009644914496
2025-05-08 09:00:00,2098.015941457929
2025-05-08 09:30:00,2098.0113854226797
2025-05-08 10:00:00,2098.011950763479
2025-05-08 10:30:00,2098.00622201381
2025-05-08 11:00:00,2097.996196847532
2025-05-08 11:30:00,2098.003147766692
2025-05-08 12:00:00,2097.9945616652512
2025-05-08 12:30:00,2076.9078908103866
2025-05-08 13:00:00,2035.7975896099813
2025-05-08 13:30:00,2028.1153947245919
2025-05-08 14:00:00,2028.2922523983677
2025-05-08 14:30:00,2044.4644592732939
2025-05-08 15:00:00,2058.562111990837
2025-05-08 15:30:00,2029.5093554192945
2025-05-08 16:00:00,2044.784521242652
2025-05-08 16:30:00,2011.260871789794
2025-05-08 17:00:00,2064.57775698492
2025-05-08 17:30:00,2021.687418984794
2025-05-08 18:00:00,2097.872190788015
2025-05-08 18:30:00,2047.927176502202
2025-05-08 19:00:00,2072.9811739231423
2025-05-08 19:30:00,2097.9920217338326
2025-05-08 20:00:00,2098.011112276177
2025-05-08 20:30:00,2098.0095831607246
2025-05-08 21:00:00,2097.9945551634687
2025-05-08 21:30:00,2098.0087739175774
2025-05-08 22:00:00,2098.009637942103
2025-05-08 22:30:00,2098.010101394107
2025-05-08 23:00:00,2098.009885013338
2025-05-08 23:30:00,2098.0096923724695
2025-05-09 00:00:00,2098.009649969883
2025-05-09 00:30:00,2098.0095971126566
2025-05-09 01:00:00,2098.0096759100306
2025-05-09 01:30:00,2098.018862112151
2025-05-09 02:00:00,2098.0079997413536
2025-05-09 02:30:00,2098.0153107492392
2025-05-09 03:00:00,2097.9985751570507
2025-05-09 03:30:00,2097.968925560936
2025-05-09 04:00:00,2097.829944504027
2025-05-09 04:30:00,2055.0075770781978
2025-05-09 05:00:00,2033.6380292015137
2025-05-09 05:30:00,2073.721591391079
2025-05-09 06:00:00,2053.7809614099683
2025-05-09 06:30:00,2047.865942772816
2025-05-09 07:00:00,2032.391281671314
2025-05-09 07:30:00,2021.4393898176706
2025-05-09 08:00:00,2029.3969923098266
2025-05-09 08:30:00,2048.0650685075248
2025-05-09 09:00:00,2066.707233051586
2025-05-09 09:30:00,2076.4973047009803
2025-05-09 10:00:00,2025.0359945656721
2025-05-09 10:30:00,2097.937277165315
2025-05-09 11:00:00,2097.984328292004
2025-05-09 11:30:00,2097.995249596882
2025-05-09 12:00:00,2097.99475062772
2025-05-09 12:30:00,2098.0014385301497
2025-05-09 13:00:00,2098.008962528281
2025-05-09 13:30:00,2098.013588501708
2025-05-09 14:00:00,2098.010252014448
2025-05-09 14:30:00,2098.010224398761
2025-05-09 15:00:00,2098.0099865887914
2025-05-09 15:30:00,2097.9960470629017
2025-05-09 16:00:00,2097.9697136023838
2025-05-09 16:30:00,2076.5343019800625
2025-05-09 17:00:00,2055.0818910263365
2025-05-09 17:30:00,2097.852315454351
2025-05-09 18:00:00,2055.2494334260286
2025-05-09 18:30:00,2073.468371491966
2025-05-09 19:00:00,2082.3452277645533
2025-05-09 19:30:00,2051.2061961065147
2025-05-09 20:00:00,2032.3714589817982
2025-05-09 20:30:00,2048.0493659136478
2025-05-09 21:00:00,2097.9055811612575
2025-05-09 21:30:00,2097.917618320828
2025-05-09 22:00:00,2097.8993899945876
2025-05-09 22:30:00,2097.9848243172437
2025-05-09 23:00:00,2097.9952110610234
2025-05-09 23:30:00,2098.0027468038797
2025-05-10 00:00:00,2097.979400442816
2025-05-10 00:30:00,2055.071836698125
2025-05-10 01:00:00,2034.467755159691
2025-05-10 01:30:00,2031.6820749779688
2025-05-10 02:00:00,2026.1365773584546
2025-05-10 02:30:00,2052.0809355228753
2025-05-10 03:00:00,2024.6525413236907
2025-05-10 03:30:00,2035.8792091280884
2025-05-10 04:00:00,2072.9067025364848
2025-05-10 04:30:00,2072.9073139329644
2025-05-10 05:00:00,2052.163874757116
2025-05-10 05:30:00,2041.011290326176
2025-05-10 06:00:00,2097.9369593633323
2025-05-10 06:30:00,2097.9709947801443
2025-05-10 07:00:00,2048.088808081637
2025-05-10 07:30:00,2078.698060321106
2025-05-10 08:00:00,2097.990818695112
2025-05-10 08:30:00,2073.438668038067
2025-05-10 09:00:00,2031.9819199574608
2025-05-10 09:30:00,2029.5929938066893
2025-05-10 10:00:00,2035.8024011442858
2025-05-10 10:30:00,2035.3849927507279
2025-05-10 11:00:00,2032.3931675048864
2025-05-10 11:30:00,2041.8633739118968
2025-05-10 12:00:00,2023.1913839028318
2025-05-10 12:30:00,2016.154509917219
2025-05-10 13:00:00,2097.894379892832
2025-05-10 13:30:00,2097.8927685722288
2025-05-10 14:00:00,2097.8909040506924
2025-05-10 14:30:00,2097.8879438028202
2025-05-10 15:00:00,2097.9043802447054
2025-05-10 15:30:00,2097.963225204188
2025-05-10 16:00:00,2098.014214998763
2025-05-10 16:30:00,2097.9958595459384
2025-05-10 17:00:00,2098.005790501953
2025-05-10 17:30:00,2098.0104186514695
2025-05-10 18:00:00,2098.013438012325
2025-05-10 18:30:00,2097.986265041172
2025-05-10 19:00:00,2055.088167093398
2025-05-10 19:30:00,2097.8613882558066
2025-05-10 20:00:00,2060.57146712475
2025-05-10 20:30:00,2027.557558572499
2025-05-10 21:00:00,2026.162144870358
2025-05-10 21:30:00,2042.3299791803904
2025-05-10 22:00:00,2050.9259049529724
2025-05-10 22:30:00,2072.905609806792
2025-05-10 23:00:00,2052.0545105531783
2025-05-10 23:30:00,2097.9298335436665
2025-05-11 00:00:00,2082.4298817660933
2025-05-11 00:30:00,2097.995295016197
2025-05-11 01:00:00,2097.99765585957
2025-05-11 01:30:00,2072.9927981360606
2025-05-11 02:00:00,2098.005991433852
2025-05-11 02:30:00,2097.980965805271
2025-05-11 03:00:00,2097.85670420004
2025-05-11 03:30:00,2033.6626016263413
2025-05-11 04:00:00,2022.8071343539516
2025-05-11 04:30:00,2028.414398467353
2025-05-11 05:00:00,2043.1400958263287
2025-05-11 05:30:00,2025.9418754382216
2025-05-11 06:00:00,2030.7223658443133
2025-05-11 06:30:00,2072.909403543775
2025-05-11 07:00:00,2032.5198399324934
2025-05-11 07:30:00,2071.4077207561295
2025-05-11 08:00:00,2097.891723330742
2025-05-11 08:30:00,2097.90344025609
2025-05-11 09:00:00,2097.9313628678824
2025-05-11 09:30:00,2097.9763951481923
2025-05-11 10:00:00,2098.0029727876718
2025-05-11 10:30:00,2098.014840461461
2025-05-11 11:00:00,2098.0102291279595
2025-05-11 11:30:00,2098.012468285668
2025-05-11 12:00:00,2098.0102089061074
2025-05-11 12:30:00,2098.0072505983953
2025-05-11 13:00:00,2097.9086938358582
2025-05-11 13:30:00,2097.874445493441
2025-05-11 14:00:00,2097.811876185374
2025-05-11 14:30:00,2047.014357799763
2025-05-11 15:00:00,2039.0645183277236
2025-05-11 15:30:00,2065.1457360298714
2025-05-11 16:00:00,2049.6127971994597
2025-05-11 16:30:00,2047.9277224776997
2025-05-11 17:00:00,2023.070334355698
2025-05-11 17:30:00,2073.0369372042883
2025-05-11 18:00:00,2097.886494721712
2025-05-11 18:30:00,2097.972256464245
2025-05-11 19:00:00,2082.345855607496
2025-05-11 19:30:00,2097.9954462648693
2025-05-11 20:00:00,2081.4859155096347
2025-05-11 20:30:00,2098.01201196937
2025-05-11 21:00:00,2097.996766094789
2025-05-11 21:30:00,2097.998006010637
2025-05-11 22:00:00,2098.0021401255403
2025-05-11 22:30:00,2098.0134980619573
2025-05-11 23:00:00,2097.9993070044043
2025-05-11 23:30:00,2097.983937228522
2025-05-12 00:00:00,2097.942705093381
2025-05-12 00:30:00,2053.6351425606035
2025-05-12 01:00:00,2031.0845697837842
2025-05-12 01:30:00,2056.296604764331
2025-05-12 02:00:00,2031.780980496258
2025-05-12 02:30:00,2036.7187248420626
2025-05-12 03:00:00,2049.4554373591413
2025-05-12 03:30:00,2063.5015959946168
2025-05-12 04:00:00,2097.9928954938637
2025-05-12 04:30:00,2097.9599114942707
2025-05-12 05:00:00,2097.9835149642713
2025-05-12 05:30:00,2097.9810755953545
2025-05-12 06:00:00,2097.999549731415
2025-05-12 06:30:00,2098.003566895551
2025-05-12 07:00:00,2098.011556164196
2025-05-12 07:30:00,2097.998092011414
2025-05-12 08:00:00,2098.0108071220707
2025-05-12 08:30:00,2098.010435255972
2025-05-12 09:00:00,2098.0158452493893
2025-05-12 09:30:00,2097.832145382345
2025-05-12 10:00:00,2031.4446080820562
2025-05-12 10:30:00,2035.3804315008988
2025-05-12 11:00:00,2030.6980019791165
2025-05-12 11:30:00,2029.4326155256374
2025-05-12 12:00:00,2073.466070202748
2025-05-12 12:30:00,2024.6526006889828
2025-05-12 13:00:00,2074.9853135658423
2025-05-12 13:30:00,2072.9070989132747
2025-05-12 14:00:00,2097.8819025870953
2025-05-12 14:30:00,2097.95490743199
2025-05-12 15:00:00,2072.965968710976
2025-05-12 15:30:00,2097.995742754932
2025-05-12 16:00:00,2057.513300125752
2025-05-12 16:30:00,2097.995904579587
2025-05-12 17:00:00,2098.0138415448105
2025-05-12 17:30:00,2097.988278161379
2025-05-12 18:00:00,2055.1001484403737
2025-05-12 18:30:00,2097.9452894593564
2025-05-12 19:00:00,2034.3036554293722
2025-05-12 19:30:00,2024.0506269264235
2025-05-12 20:00:00,2047.9214325085484
2025-05-12 20:30:00,2025.9415031790002
2025-05-12 21:00:00,2023.0693335709364
2025-05-12 21:30:00,2019.490771163313
2025-05-12 22:00:00,2077.064909790153
2025-05-12 22:30:00,2023.3077123703285
2025-05-12 23:00:00,2023.0707001047501
2025-05-12 23:30:00,2073.064667707813
2025-05-13 00:00:00,2097.9932971802664
2025-05-13 00:30:00,2098.00738004008
2025-05-13 01:00:00,2098.0203304752013
2025-05-13 01:30:00,2098.0060864963175
2025-05-13 02:00:00,2098.0021985177227
2025-05-13 02:30:00,2097.998195202745
2025-05-13 03:00:00,2098.0127650237723
2025-05-13 03:30:00,2097.898228627281
2025-05-13 04:00:00,2097.864890035458
2025-05-13 04:30:00,2048.3469217938446
2025-05-13 05:00:00,2021.8497466966771
2025-05-13 05:30:00,2053.843057294965
2025-05-13 06:00:00,2057.350565184694
2025-05-13 06:30:00,2022.9477031772076
2025-05-13 07:00:00,2026.5358210354252
2025-05-13 07:30:00,2073.0311028345573
2025-05-13 08:00:00,2097.8910235421777
2025-05-13 08:30:00,2088.0704544684922
2025-05-13 09:00:00,2066.72677326176
2025-05-13 09:30:00,2097.908921799788
2025-05-13 10:00:00,2097.903889528691
2025-05-13 10:30:00,2098.0021309573835
2025-05-13 11:00:00,2098.0105263098103
2025-05-13 11:30:00,2098.010304754014
2025-05-13 12:00:00,2098.0110121963635
2025-05-13 12:30:00,2098.010818074909
2025-05-13 13:00:00,2098.010607173481
2025-05-13 13:30:00,2097.9964505809253
2025-05-13 14:00:00,2097.8300950173225
2025-05-13 14:30:00,2097.817608858971
2025-05-13 15:00:00,2097.805324294491
2025-05-13 15:30:00,2034.3276257574637
2025-05-13 16:00:00,2043.9236781209845
2025-05-13 16:30:00,2082.3275218350436
2025-05-13 17:00:00,2060.363260504475
2025-05-13 17:30:00,2039.5087483862233
2025-05-13 18:00:00,2097.8858545628464
2025-05-13 18:30:00,2097.8817931219005
2025-05-13 19:00:00,2097.942484310058
2025-05-13 19:30:00,2097.9010188312864
2025-05-13 20:00:00,2097.9549986100315
2025-05-13 20:30:00,2097.9826529045517
2025-05-13 21:00:00,2097.995098665124
2025-05-13 21:30:00,2098.0104255877354
2025-05-13 22:00:00,2097.9840454894493
2025-05-13 22:30:00,2097.9005100683703
2025-05-13 23:00:00,2065.7397824964128
2025-05-13 23:30:00,2053.9840961595687
2025-05-14 00:00:00,2026.0664725465456
2025-05-14 00:30:00,2026.162701266717
2025-05-14 01:00:00,2034.9632825995468
2025-05-14 01:30:00,2097.881069870628
2025-05-14 02:00:00,2044.8076252468875
2025-05-14 02:30:00,2075.926810256354
2025-05-14 03:00:00,2097.9772353013213
2025-05-14 03:30:00,2097.935223071159
2025-05-14 04:00:00,2097.992814448322
2025-05-14 04:30:00,2098.005264417458
2025-05-14 05:00:00,2097.99786807949
2025-05-14 05:30:00,2097.9995223836822
2025-05-14 06:00:00,2098.009688137022
2025-05-14 06:30:00,2098.006619477368
2025-05-14 07:00:00,2098.0108073947467
2025-05-14 07:30:00,2098.011141202507
2025-05-14 08:00:00,2098.0109669758435
2025-05-14 08:30:00,2098.0078705777805
2025-05-14 09:00:00,2097.864511029564
2025-05-14 09:30:00,2076.409396847039
2025-05-14 10:00:00,2033.8655502370884
2025-05-14 10:30:00,2026.3722629079184
2025-05-14 11:00:00,2031.8885200938946
2025-05-14 11:30:00,2031.8579569163767
2025-05-14 12:00:00,2040.1669554731623
2025-05-14 12:30:00,2064.4239700946714
2025-05-14 13:00:00,2076.5002406489025
2025-05-14 13:30:00,2089.446699992411
2025-05-14 14:00:00,2097.88847247591
2025-05-14 14:30:00,2097.980919395501
2025-05-14 15:00:00,2098.009828335035
2025-05-14 15:30:00,2097.992375979529
2025-05-14 16:00:00,2098.0091840417426
2025-05-14 16:30:00,2097.9826819966106
2025-05-14 17:00:00,2097.838823343023
2025-05-14 17:30:00,2081.774599015076
2025-05-14 18:00:00,2097.8329257897763
2025-05-14 18:30:00,2034.1645211178902
2025-05-14 19:00:00,2043.8739854789658
2025-05-14 19:30:00,2051.240261405482
2025-05-14 20:00:00,2044.044852399568
2025-05-14 20:30:00,2089.4345316398158
2025-05-14 21:00:00,2097.8843646513305
2025-05-14 21:30:00,2097.8868698375704
2025-05-14 22:00:00,2072.9108273862075
2025-05-14 22:30:00,2097.9120483556194
2025-05-14 23:00:00,2097.984554906732
2025-05-14 23:30:00,2097.999972901622
2025-05-15 00:00:00,2098.018043782796
2025-05-15 00:30:00,2098.0094577569844
2025-05-15 01:00:00,2098.010009697215
2025-05-15 01:30:00,2098.012169792042
2025-05-15 02:00:00,2098.014557263132
2025-05-15 02:30:00,2098.015314987629
2025-05-15 03:00:00,2097.948241817767
2025-05-15 03:30:00,2055.0718715135613
2025-05-15 04:00:00,2070.0380280184263
2025-05-15 04:30:00,2027.3909198600538
2025-05-15 05:00:00,2050.9160487932295
2025-05-15 05:30:00,2010.9640629408323
2025-05-15 06:00:00,2039.5478874356843
2025-05-15 06:30:00,2023.070467374103
2025-05-15 07:00:00,2097.8868510886546
2025-05-15 07:30:00,2097.8925544045073
2025-05-15 08:00:00,2097.8757523060563
2025-05-15 08:30:00,2097.8844217030055
2025-05-15 09:00:00,2097.881999699873
2025-05-15 09:30:00,2097.925937432147
2025-05-15 10:00:00,2098.0029781378253
2025-05-15 10:30:00,2098.0188218732806
2025-05-15 11:00:00,2098.0070270217866
2025-05-15 11:30:00,2098.0072601672346
2025-05-15 12:00:00,2098.0108470492505
2025-05-15 12:30:00,2098.0165207340565
2025-05-15 13:00:00,2098.010892099272
2025-05-15 13:30:00,2098.0078659777882
2025-05-15 14:00:00,2098.0108221559385
2025-05-15 14:30:00,2098.016881312023
2025-05-15 15:00:00,2097.935560882282
2025-05-15 15:30:00,2097.991256983416
2025-05-15 16:00:00,2097.9962490096345
2025-05-15 16:30:00,2097.897725316127
2025-05-15 17:00:00,2076.4112463247147
2025-05-15 17:30:00,2097.799390403153
2025-05-15 18:00:00,2062.2860388460326
2025-05-15 18:30:00,2030.8508047854132
2025-05-15 19:00:00,2031.9202009077662
2025-05-15 19:30:00,2067.4163779226196
2025-05-15 20:00:00,2030.7702640929176
2025-05-15 20:30:00,2048.0492369890776
2025-05-15 21:00:00,2047.9283685845228
2025-05-15 21:30:00,2072.9117813483754
2025-05-15 22:00:00,2097.9167637873466
2025-05-15 22:30:00,2097.9419219780393
2025-05-15 23:00:00,2098.004744938518
2025-05-15 23:30:00,2098.006679217333
2025-05-16 00:00:00,2097.972958124155
2025-05-16 00:30:00,2097.9907653525574
2025-05-16 01:00:00,2098.0059542343147
2025-05-16 01:30:00,2098.0093554537125
2025-05-16 02:00:00,2098.009112671116
2025-05-16 02:30:00,2098.0092197072727
2025-05-16 03:00:00,2098.0099684763895
2025-05-16 03:30:00,2098.013822451094
2025-05-16 04:00:00,2097.940682899103
2025-05-16 04:30:00,2097.8056550749648
2025-05-16 05:00:00,2052.2678741451455
2025-05-16 05:30:00,2097.807855082531
2025-05-16 06:00:00,2051.666543729118
2025-05-16 06:30:00,2038.364922154912
2025-05-16 07:00:00,2057.3709063295414
2025-05-16 07:30:00,2023.1824981547168
2025-05-16 08:00:00,2041.5284245821433
2025-05-16 08:30:00,2034.0750395582654
2025-05-16 09:00:00,2071.405089197944
2025-05-16 09:30:00,2097.889585019431
2025-05-16 10:00:00,2076.5010892875302
2025-05-16 10:30:00,2097.8964197947093
2025-05-16 11:00:00,2097.9500414468457
2025-05-16 11:30:00,2098.0026632043755
2025-05-16 12:00:00,2097.955723224908
2025-05-16 12:30:00,2097.8966468485414
2025-05-16 13:00:00,2097.8112989351253
2025-05-16 13:30:00,2083.01052141982
2025-05-16 14:00:00,2038.38547658895
2025-05-16 14:30:00,2022.9452748033461
2025-05-16 15:00:00,2032.3706679454988
2025-05-16 15:30:00,2064.294203126156
2025-05-16 16:00:00,2030.8545040972015
2025-05-16 16:30:00,2033.204004466228
2025-05-16 17:00:00,2097.8926237076616
2025-05-16 17:30:00,2097.9083368353704
2025-05-16 18:00:00,2097.9211711926346
2025-05-16 18:30:00,2097.8810204573588
2025-05-16 19:00:00,2097.940427020613
2025-05-16 19:30:00,2098.005931265548
2025-05-16 20:00:00,2098.015374495017
2025-05-16 20:30:00,2098.001077939299
2025-05-16 21:00:00,2098.006645749736
2025-05-16 21:30:00,2098.0107537381423
2025-05-16 22:00:00,2098.0126980910422
2025-05-16 22:30:00,2098.0166748638258
2025-05-16 23:00:00,2097.905738920417
2025-05-16 23:30:00,2052.7837501754293
2025-05-17 00:00:00,2097.788672918056
2025-05-17 00:30:00,2097.817819716267
2025-05-17 01:00:00,2033.1758331356568
2025-05-17 01:30:00,2047.9405347031468
2025-05-17 02:00:00,2097.882884141058
2025-05-17 02:30:00,2057.8618793188557
2025-05-17 03:00:00,2075.8990873056114
2025-05-17 03:30:00,2050.926482877203
2025-05-17 04:00:00,2047.9294731964953
2025-05-17 04:30:00,2097.8901026182525
2025-05-17 05:00:00,2097.922592372013
2025-05-17 05:30:00,2097.9464540641325
2025-05-17 06:00:00,2072.9333293738287
2025-05-17 06:30:00,2098.0037945994936
2025-05-17 07:00:00,2098.0054689312633
2025-05-17 07:30:00,2097.922425943489
2025-05-17 08:00:00,2097.8289776410343
2025-05-17 08:30:00,2062.279551529617
2025-05-17 09:00:00,2074.8628369656885
2025-05-17 09:30:00,2032.315130730508
2025-05-17 10:00:00,2010.9643298947456
2025-05-17 10:30:00,2021.5714450910525
2025-05-17 11:00:00,2033.7158983886927
2025-05-17 11:30:00,2033.7197175759957
2025-05-17 12:00:00,2048.168522727851
2025-05-17 12:30:00,2073.025326599762
2025-05-17 13:00:00,2097.8852519929974
2025-05-17 13:30:00,2097.904278999584
2025-05-17 14:00:00,2097.953766247425
2025-05-17 14:30:00,2097.9711587368433
2025-05-17 15:00:00,2097.851418495234
2025-05-17 15:30:00,2050.4519438443926
2025-05-17 16:00:00,2064.932257112217
2025-05-17 16:30:00,2006.8845329214994
2025-05-17 17:00:00,2035.3811232151256
2025-05-17 17:30:00,2023.1919410949715
2025-05-17 18:00:00,2032.421167276654
2025-05-17 18:30:00,2089.4219652425995
2025-05-17 19:00:00,2048.167866402953
2025-05-17 19:30:00,2097.8959837107286
2025-05-17 20:00:00,2097.8834091887707
2025-05-17 20:30:00,2097.919524464709
2025-05-17 21:00:00,2097.958479837657
2025-05-17 21:30:00,2098.01092121708
2025-05-17 22:00:00,2098.0024148188318
2025-05-17 22:30:00,2097.888636642947
2025-05-17 23:00:00,2079.7319216937613
2025-05-17 23:30:00,2029.5883430638735
2025-05-18 00:00:00,2026.7916198140335
2025-05-18 00:30:00,2038.366631205928
2025-05-18 01:00:00,2057.9404030891615
2025-05-18 01:30:00,2066.7974690121573
2025-05-18 02:00:00,2097.8866933462946
2025-05-18 02:30:00,2097.920782934332
2025-05-18 03:00:00,2072.9821233194175
2025-05-18 03:30:00,2097.994031455779
2025-05-18 04:00:00,2097.9948841801347
2025-05-18 04:30:00,2098.009590343157
2025-05-18 05:00:00,2097.933597689008
2025-05-18 05:30:00,2056.056744315844
2025-05-18 06:00:00,2033.686748711015
2025-05-18 06:30:00,2010.5331358588064
2025-05-18 07:00:00,2022.9455986590237
2025-05-18 07:30:00,2023.0775649539844
2025-05-18 08:00:00,2014.5150668983977
2025-05-18 08:30:00,2036.1199780445306
2025-05-18 09:00:00,2048.0494707543853
2025-05-18 09:30:00,2097.885756940364
2025-05-18 10:00:00,2097.9545520250035
2025-05-18 10:30:00,2097.9746095519995
2025-05-18 11:00:00,2097.951425022447
2025-05-18 11:30:00,2097.991692289529
2025-05-18 12:00:00,2098.0018075624803
2025-05-18 12:30:00,2079.2352554251424
2025-05-18 13:00:00,2098.0102256182845
2025-05-18 13:30:00,2097.998264394677
2025-05-18 14:00:00,2098.0066784534065
2025-05-18 14:30:00,2098.007708363344
2025-05-18 15:00:00,2098.0108044858466
2025-05-18 15:30:00,2098.010803827712
2025-05-18 16:00:00,2098.0142742617522
2025-05-18 16:30:00,2097.9824339770407
2025-05-18 17:00:00,2097.832006003922
2025-05-18 17:30:00,2097.7935842740767
2025-05-18 18:00:00,2085.6795535478304
2025-05-18 18:30:00,2028.6443214348153
2025-05-18 19:00:00,2031.7812194521787
2025-05-18 19:30:00,2060.338332547524
2025-05-18 20:00:00,2089.3438949486954
2025-05-18 20:30:00,2022.9478247830473
2025-05-18 21:00:00,2047.9279913861901
2025-05-18 21:30:00,2072.9029056783893
2025-05-18 22:00:00,2097.8872386864173
2025-05-18 22:30:00,2097.9131212460943
2025-05-18 23:00:00,2097.9562583331676
2025-05-18 23:30:00,2097.998234631208
2025-05-19 00:00:00,2098.0075930355974
2025-05-19 00:30:00,2097.9252248029134
2025-05-19 01:00:00,2097.8255528104823
2025-05-19 01:30:00,2048.160486323293
2025-05-19 02:00:00,2027.4732925819455
2025-05-19 02:30:00,2031.8121078697202
2025-05-19 03:00:00,2074.9791414958563
2025-05-19 03:30:00,2097.881969647569
2025-05-19 04:00:00,2039.4872583950844
2025-05-19 04:30:00,2073.027900520123
2025-05-19 05:00:00,2097.88698543914
2025-05-19 05:30:00,2097.8872254111643
2025-05-19 06:00:00,2097.8859423827575
2025-05-19 06:30:00,2044.5892923644985
2025-05-19 07:00:00,2097.885381091954
2025-05-19 07:30:00,2097.9330548299304
2025-05-19 08:00:00,2097.9493535509646
2025-05-19 08:30:00,2097.8947144647614
2025-05-19 09:00:00,2050.8388312917978
2025-05-19 09:30:00,2006.5379943651426
2025-05-19 10:00:00,2027.226389992143
2025-05-19 10:30:00,2019.5941000508967
2025-05-19 11:00:00,2023.192327246321
2025-05-19 11:30:00,2023.1823620500647
2025-05-19 12:00:00,2023.313601411801
2025-05-19 12:30:00,2023.3096410841415
2025-05-19 13:00:00,2073.0324698863933
2025-05-19 13:30:00,2072.182251389748
2025-05-19 14:00:00,2097.9541246229887
2025-05-19 14:30:00,2097.9966306794363
2025-05-19 15:00:00,2097.9887249678286
2025-05-19 15:30:00,2097.919318582668
2025-05-19 16:00:00,2097.895470285917
2025-05-19 16:30:00,2060.5644938209093
2025-05-19 17:00:00,2027.2675473606757
2025-05-19 17:30:00,2042.3059099379088
2025-05-19 18:00:00,2023.5544473702614
2025-05-19 18:30:00,2073.8164028039905
2025-05-19 19:00:00,2032.3699120445951
2025-05-19 19:30:00,2023.190558003509
2025-05-19 20:00:00,2023.069634208574
2025-05-19 20:30:00,2097.8900420948316
2025-05-19 21:00:00,2047.9461787163661
2025-05-19 21:30:00,2097.8844282011596
2025-05-19 22:00:00,2097.9449901807534
2025-05-19 22:30:00,2098.000104541071
2025-05-19 23:00:00,2098.0213859120727
2025-05-19 23:30:00,2098.0077156870843
2025-05-20 00:00:00,2098.0059995755364
2025-05-20 00:30:00,2098.0104927397438
2025-05-20 01:00:00,2098.01755602785
2025-05-20 01:30:00,2098.010385746692
2025-05-20 02:00:00,2098.0103260607025
2025-05-20 02:30:00,2098.0150620076784
2025-05-20 03:00:00,2098.000709242494
2025-05-20 03:30:00,2097.8356202689492
2025-05-20 04:00:00,2081.612048851306
2025-05-20 04:30:00,2097.8159707026052
2025-05-20 05:00:00,2078.1656179341558
2025-05-20 05:30:00,1997.5442683332565
2025-05-20 06:00:00,2022.9461222367697
2025-05-20 06:30:00,2022.945127459165
2025-05-20 07:00:00,2069.0757558198566
2025-05-20 07:30:00,2023.5294688513459
2025-05-20 08:00:00,2055.9314326930144
2025-05-20 08:30:00,2033.7214719905216
2025-05-20 09:00:00,2055.1133649241006
2025-05-20 09:30:00,2088.091913519174
2025-05-20 10:00:00,2097.882477914463
2025-05-20 10:30:00,2073.0902058371444
2025-05-20 11:00:00,2097.996855061244
2025-05-20 11:30:00,2098.0021481644667
2025-05-20 12:00:00,2098.0107687233653
2025-05-20 12:30:00,2098.010854305075
2025-05-20 13:00:00,2098.0126627856066
2025-05-20 13:30:00,2098.0068679059636
2025-05-20 14:00:00,2098.010915886038
2025-05-20 14:30:00,2098.014785122888
2025-05-20 15:00:00,2098.0147530141917
2025-05-20 15:30:00,2098.0145877855834
2025-05-20 16:00:00,2098.012277620013
2025-05-20 16:30:00,2098.0147036264875
2025-05-20 17:00:00,2098.0084639539427
2025-05-20 17:30:00,2098.0084103271115
2025-05-20 18:00:00,2098.004188195324
2025-05-20 18:30:00,2081.574495294763
2025-05-20 19:00:00,2023.9932717254105
2025-05-20 19:30:00,2073.699281020852
2025-05-20 20:00:00,2070.0364520226244
2025-05-20 20:30:00,2020.6348051561392
2025-05-20 21:00:00,2061.1266156448996
2025-05-20 21:30:00,2097.880504456929
2025-05-20 22:00:00,2055.9119838687106
2025-05-20 22:30:00,2047.9256964499375
2025-05-20 23:00:00,2072.9026518626047
2025-05-20 23:30:00,2072.9032928379934
2025-05-21 00:00:00,2097.944772228927
2025-05-21 00:30:00,2097.9562238996155
2025-05-21 01:00:00,2097.9946202879014
2025-05-21 01:30:00,2097.9961501750945
2025-05-21 02:00:00,2097.99609845748
2025-05-21 02:30:00,2097.996418695067
2025-05-21 03:00:00,2097.997305036059
2025-05-21 03:30:00,2098.001707574935
2025-05-21 04:00:00,2098.0103787273524
2025-05-21 04:30:00,2098.0073470297357
2025-05-21 05:00:00,2098.012691862965
2025-05-21 05:30:00,2098.0092287725597
2025-05-21 06:00:00,2098.0169183122243
2025-05-21 06:30:00,2098.0107917892556
2025-05-21 07:00:00,2098.010569127723
2025-05-21 07:30:00,2098.0143828713035
2025-05-21 08:00:00,2098.0054688017444
2025-05-21 08:30:00,2098.008711277334
2025-05-21 09:00:00,2098.0103901091984
2025-05-21 09:30:00,2097.8875676622424
2025-05-21 10:00:00,2073.6915204568786
2025-05-21 10:30:00,2097.7814384343105
2025-05-21 11:00:00,2097.7979905949123
2025-05-21 11:30:00,2047.6850207530038
2025-05-21 12:00:00,2035.7805777713413
2025-05-21 12:30:00,2073.8493357771245
2025-05-21 13:00:00,2037.1311185133234
2025-05-21 13:30:00,2033.0687166063528
2025-05-21 14:00:00,2052.482434542226
2025-05-21 14:30:00,2018.114467685932
2025-05-21 15:00:00,2047.9264091025973
2025-05-21 15:30:00,2097.9208664272537
2025-05-21 16:00:00,2097.8727460903724
2025-05-21 16:30:00,2097.931611276287
2025-05-21 17:00:00,2097.931403571825
2025-05-21 17:30:00,2097.9862775924144
2025-05-21 18:00:00,2098.011724344109
2025-05-21 18:30:00,2098.0091893470662
2025-05-21 19:00:00,2098.009895299925
2025-05-21 19:30:00,2098.010467148022
2025-05-21 20:00:00,2098.0105438474566
2025-05-21 20:30:00,2098.0086650365715
2025-05-21 21:00:00,2098.0104235111835
2025-05-21 21:30:00,2098.012467395788
2025-05-21 22:00:00,2098.0146014820666
2025-05-21 22:30:00,2098.014247585265
2025-05-21 23:00:00,2098.0162771837963
2025-05-21 23:30:00,2098.014140292086
2025-05-22 00:00:00,2098.017308968388
2025-05-22 00:30:00,2098.01718533593
2025-05-22 01:00:00,2098.017210367519
2025-05-22 01:30:00,2098.01596282509
2025-05-22 02:00:00,2098.0175200192466
2025-05-22 02:30:00,2098.0186790580296
2025-05-22 03:00:00,2098.0153487120238
2025-05-22 03:30:00,2098.016214773234
2025-05-22 04:00:00,2098.007074672756
2025-05-22 04:30:00,2097.971567721665
2025-05-22 05:00:00,2097.884296334789
2025-05-22 05:30:00,2049.6306512214182
2025-05-22 06:00:00,2097.7794293760226
2025-05-22 06:30:00,2097.7986081660947
2025-05-22 07:00:00,2063.1175160843227
2025-05-22 07:30:00,2036.7162206413075
2025-05-22 08:00:00,2019.4607025394569
2025-05-22 08:30:00,2044.5543229533657
2025-05-22 09:00:00,2097.8812948017508
2025-05-22 09:30:00,2072.9042774307677
2025-05-22 10:00:00,2047.926091726523
2025-05-22 10:30:00,2097.881067070793
2025-05-22 11:00:00,2097.9517211864
2025-05-22 11:30:00,2097.9524066166737
2025-05-22 12:00:00,2098.0048566459905
2025-05-22 12:30:00,2098.010028523234
2025-05-22 13:00:00,2098.0101014188826
2025-05-22 13:30:00,2098.009753467641
2025-05-22 14:00:00,2098.0094456278725
2025-05-22 14:30:00,2098.0042687079163
2025-05-22 15:00:00,2123.1359889782675
2025-05-22 15:30:00,2098.0178745421017
2025-05-22 16:00:00,2098.0175888280755
2025-05-22 16:30:00,2098.019838533201
2025-05-22 17:00:00,2098.0187524550897
2025-05-22 17:30:00,2098.01769849557
2025-05-22 18:00:00,2098.018734056129
2025-05-22 18:30:00,2098.0145275920736
2025-05-22 19:00:00,2098.0164524111183
2025-05-22 19:30:00,2098.0163583637072
2025-05-22 20:00:00,2098.0174597588957
2025-05-22 20:30:00,2098.016200461484
2025-05-22 21:00:00,2098.0221816202748
2025-05-22 21:30:00,2098.017329332019
2025-05-22 22:00:00,2098.0121263174733
2025-05-22 22:30:00,2097.9798057749126
2025-05-22 23:00:00,2097.8325482586315
2025-05-22 23:30:00,2055.031611326679
2025-05-23 00:00:00,2097.8247457312214
2025-05-23 00:30:00,2052.3142733171853
2025-05-23 01:00:00,2023.6129626203046
2025-05-23 01:30:00,2043.1672627706992
2025-05-23 02:00:00,2080.796463999897
2025-05-23 02:30:00,2097.9097711520776
2025-05-23 03:00:00,2097.8733806398272
2025-05-23 03:30:00,2097.876375327692
2025-05-23 04:00:00,2097.875445857357
2025-05-23 04:30:00,2097.96890565858
2025-05-23 05:00:00,2097.953735799962
2025-05-23 05:30:00,2097.9617671630936
2025-05-23 06:00:00,2098.0114743121244
2025-05-23 06:30:00,2098.015848005328
2025-05-23 07:00:00,2098.011859977117
2025-05-23 07:30:00,2098.010009129763
2025-05-23 08:00:00,2098.0140470452393
2025-05-23 08:30:00,2098.0096140047303
2025-05-23 09:00:00,2098.013481945627
2025-05-23 09:30:00,2098.011835686383
2025-05-23 10:00:00,2098.018593432155
2025-05-23 10:30:00,2098.0197912633084
2025-05-23 11:00:00,2098.021505915551
2025-05-23 11:30:00,2098.019947071118
2025-05-23 12:00:00,2098.01740839716
2025-05-23 12:30:00,2098.016316310104
2025-05-23 13:00:00,2098.020191565385
2025-05-23 13:30:00,2098.0205317721866
2025-05-23 14:00:00,2098.0197021584413
2025-05-23 14:30:00,2098.023116648115
2025-05-23 15:00:00,2098.018184325663
2025-05-23 15:30:00,2097.9947976327335
2025-05-23 16:00:00,2097.98077236763
2025-05-23 16:30:00,2097.8800485128336
2025-05-23 17:00:00,2055.0599359798234
2025-05-23 17:30:00,2097.808166899487
2025-05-23 18:00:00,2073.7748942510057
2025-05-23 18:30:00,2078.226381811045
2025-05-23 19:00:00,2073.4687809625307
2025-05-23 19:30:00,2089.448672507402
2025-05-23 20:00:00,2064.4244458695553
2025-05-23 20:30:00,2080.7838258134507
2025-05-23 21:00:00,2097.880963766887
2025-05-23 21:30:00,2097.9354441887667
2025-05-23 22:00:00,2097.918551284319
2025-05-23 22:30:00,2097.991791984212
2025-05-23 23:00:00,2098.016820094735
2025-05-23 23:30:00,2098.013806808324
2025-05-24 00:00:00,2098.009406387293
2025-05-24 00:30:00,2098.011611531792
2025-05-24 01:00:00,2098.009342758431
2025-05-24 01:30:00,2098.0157714233583
2025-05-24 02:00:00,2098.01572065057
2025-05-24 02:30:00,2098.0185311398373
2025-05-24 03:00:00,2098.0185593757155
2025-05-24 03:30:00,2098.0173409317135
2025-05-24 04:00:00,2098.0198180050033
2025-05-24 04:30:00,2098.0198583005917
2025-05-24 05:00:00,2098.0222751203823
2025-05-24 05:30:00,2098.0222856120304
2025-05-24 06:00:00,2098.020641115521
2025-05-24 06:30:00,2098.0206531216077
2025-05-24 07:00:00,2098.0191962803565
2025-05-24 07:30:00,2098.025206944326
2025-05-24 08:00:00,2098.017997172712
2025-05-24 08:30:00,2097.9068880771765
2025-05-24 09:00:00,2097.911153320891
2025-05-24 09:30:00,2097.7720658109133
2025-05-24 10:00:00,2097.7775057112885
2025-05-24 10:30:00,2046.4510581201857
2025-05-24 11:00:00,2048.0630402151533
2025-05-24 11:30:00,2097.874019826255
2025-05-24 12:00:00,2097.8750940715818
2025-05-24 12:30:00,2046.584267369007
2025-05-24 13:00:00,2068.7053767901984
2025-05-24 13:30:00,2069.083724137432
2025-05-24 14:00:00,2088.1190092948273
2025-05-24 14:30:00,2097.882583322317
2025-05-24 15:00:00,2097.965343500921
2025-05-24 15:30:00,2098.0061081744116
2025-05-24 16:00:00,2098.020988998786
2025-05-24 16:30:00,2098.0024982877517
2025-05-24 17:00:00,2098.01298865207
2025-05-24 17:30:00,2098.0190296261276
2025-05-24 18:00:00,2098.0197612910665
2025-05-24 18:30:00,2098.0111777989873
2025-05-24 19:00:00,2098.0088064816123
2025-05-24 19:30:00,2098.009075922124
2025-05-24 20:00:00,2098.0158576619706
2025-05-24 20:30:00,2098.0094514483835
2025-05-24 21:00:00,2098.016240779583
2025-05-24 21:30:00,2098.018610907336
2025-05-24 22:00:00,2098.017460558814
2025-05-24 22:30:00,2098.0142264310766
2025-05-24 23:00:00,2098.0204355757364
2025-05-24 23:30:00,2098.019622028233
2025-05-25 00:00:00,2098.018384072659
2025-05-25 00:30:00,2098.0195794652886
2025-05-25 01:00:00,2098.0196966277945
2025-05-25 01:30:00,2098.0169086989713
2025-05-25 02:00:00,2098.015574020797
2025-05-25 02:30:00,2098.018677951606
2025-05-25 03:00:00,2098.015482731885
2025-05-25 03:30:00,2097.9919712221513
2025-05-25 04:00:00,2097.8798949233233
2025-05-25 04:30:00,2097.8074145259347
2025-05-25 05:00:00,2097.8647352670655
2025-05-25 05:30:00,2097.8424608657074
2025-05-25 06:00:00,2097.820016581203
2025-05-25 06:30:00,2097.882056265888
2025-05-25 07:00:00,2097.8947621471016
2025-05-25 07:30:00,2069.1010523634754
2025-05-25 08:00:00,2097.892513703659
2025-05-25 08:30:00,2049.746664415748
2025-05-25 09:00:00,2097.8933424480747
2025-05-25 09:30:00,2097.8799675599334
2025-05-25 10:00:00,2097.8973260954463
2025-05-25 10:30:00,2097.933708808552
2025-05-25 11:00:00,2097.998448176784
2025-05-25 11:30:00,2098.00892272211
2025-05-25 12:00:00,2098.013346897085
2025-05-25 12:30:00,2098.0156122514304
2025-05-25 13:00:00,2098.0169533426356
2025-05-25 13:30:00,2098.01565045125
2025-05-25 14:00:00,2098.0159007796487
2025-05-25 14:30:00,2098.017580577416
2025-05-25 15:00:00,2098.016440832917
2025-05-25 15:30:00,2098.0164379772027
2025-05-25 16:00:00,2098.0174705053046
2025-05-25 16:30:00,2098.019894607873
2025-05-25 17:00:00,2098.0175794922548
2025-05-25 17:30:00,2098.0173987648654
2025-05-25 18:00:00,2098.0160151349987
2025-05-25 18:30:00,2098.0162025326204
2025-05-25 19:00:00,2098.0161719174953
2025-05-25 19:30:00,2098.0213854258654
2025-05-25 20:00:00,2098.019910917876
2025-05-25 20:30:00,2098.0132705389
2025-05-25 21:00:00,2097.9878150975906
2025-05-25 21:30:00,2097.873985149003
2025-05-25 22:00:00,2097.850601337204
2025-05-25 22:30:00,2097.823801455407
2025-05-25 23:00:00,2097.79461588862
2025-05-25 23:30:00,2097.8784115724884
2025-05-26 00:00:00,2097.874610278127
2025-05-26 00:30:00,2097.909407617174
2025-05-26 01:00:00,2097.8783841032473
2025-05-26 01:30:00,2097.8885208902266
2025-05-26 02:00:00,2097.932594209122
2025-05-26 02:30:00,2097.914048668826
2025-05-26 03:00:00,2097.909654008297
2025-05-26 03:30:00,2097.991862778223
2025-05-26 04:00:00,2097.9933535977375
2025-05-26 04:30:00,2098.0047279426662
2025-05-26 05:00:00,2098.005012742019
2025-05-26 05:30:00,2098.0091904249607
2025-05-26 06:00:00,2098.00922567357
2025-05-26 06:30:00,2098.0156404835748
2025-05-26 07:00:00,2098.011671095393
2025-05-26 07:30:00,2098.016026661
2025-05-26 08:00:00,2098.00931746099
2025-05-26 08:30:00,2098.0116712842823
2025-05-26 09:00:00,2098.016479770987
2025-05-26 09:30:00,2098.0166010113026
2025-05-26 10:00:00,2098.0177524872574
2025-05-26 10:30:00,2098.0207550093082
2025-05-26 11:00:00,2098.0199213694373
2025-05-26 11:30:00,2098.0198283223776
2025-05-26 12:00:00,2098.0185336939
2025-05-26 12:30:00,2098.0223232869444
2025-05-26 13:00:00,2098.0216968395384
2025-05-26 13:30:00,2098.0182756933864
2025-05-26 14:00:00,2098.0177713605044
2025-05-26 14:30:00,2098.009660735739
2025-05-26 15:00:00,2097.9420264196415
2025-05-26 15:30:00,2097.844353024942
2025-05-26 16:00:00,2097.7559111298665
2025-05-26 16:30:00,2097.8169770855166
2025-05-26 17:00:00,2097.839915867148
2025-05-26 17:30:00,2097.85672035544
2025-05-26 18:00:00,2097.915131175508
2025-05-26 18:30:00,2097.9328734343994
2025-05-26 19:00:00,2097.934464158368
2025-05-26 19:30:00,2097.933761135439
2025-05-26 20:00:00,2097.9345601841305
2025-05-26 20:30:00,2097.9349746129883
2025-05-26 21:00:00,2097.912792525702
2025-05-26 21:30:00,2097.9945662098494
2025-05-26 22:00:00,2097.993181979247
2025-05-26 22:30:00,2098.0031033895193
2025-05-26 23:00:00,2098.0156648893626
2025-05-26 23:30:00,2098.015635510988
2025-05-27 00:00:00,2098.0136969340806
2025-05-27 00:30:00,2098.0157206712024
2025-05-27 01:00:00,2098.016862139853
2025-05-27 01:30:00,2098.016806699264
2025-05-27 02:00:00,2098.0179807257787
2025-05-27 02:30:00,2098.0167743868305
2025-05-27 03:00:00,2098.019348581994
2025-05-27 03:30:00,2098.022270604066
2025-05-27 04:00:00,2098.020757927016
2025-05-27 04:30:00,2098.0223135393503
2025-05-27 05:00:00,2098.019794501705
2025-05-27 05:30:00,2098.021441999535
2025-05-27 06:00:00,2098.020620364694
2025-05-27 06:30:00,2098.0186089579315
2025-05-27 07:00:00,2098.0197937621056
2025-05-27 07:30:00,2098.0197585224646
2025-05-27 08:00:00,2098.021949973364
2025-05-27 08:30:00,2098.023918676947
2025-05-27 09:00:00,2098.0180243886484
2025-05-27 09:30:00,2097.9561934069498
2025-05-27 10:00:00,2097.8933283255215
2025-05-27 10:30:00,2097.7721901882887
2025-05-27 11:00:00,2076.8488324936066
2025-05-27 11:30:00,2097.842252987289
2025-05-27 12:00:00,2097.8274736617714
2025-05-27 12:30:00,2097.8403406888424
2025-05-27 13:00:00,2097.8712207223707
2025-05-27 13:30:00,2051.6474361390387
2025-05-27 14:00:00,2057.515865473464
2025-05-27 14:30:00,2049.670975336732
2025-05-27 15:00:00,2088.0490037801105
2025-05-27 15:30:00,2097.9121850199595
2025-05-27 16:00:00,2097.9405277055025
2025-05-27 16:30:00,2097.966279586904
2025-05-27 17:00:00,2098.009638880697
2025-05-27 17:30:00,2098.0095648945075
2025-05-27 18:00:00,2098.018174298142
2025-05-27 18:30:00,2098.0170276364433
2025-05-27 19:00:00,2098.0194838965976
2025-05-27 19:30:00,2098.0196729195363
2025-05-27 20:00:00,2098.019502482323
2025-05-27 20:30:00,2098.0194045181365
2025-05-27 21:00:00,2098.0193150165555
2025-05-27 21:30:00,2098.019412616566
2025-05-27 22:00:00,2098.0205681682314
2025-05-27 22:30:00,2098.023246267039
2025-05-27 23:00:00,2098.022093446336
2025-05-27 23:30:00,2098.0222583100135
2025-05-28 00:00:00,2098.0221948001586
2025-05-28 00:30:00,2098.0186549911664
2025-05-28 01:00:00,2098.018616309025
2025-05-28 01:30:00,2098.0197780893654
2025-05-28 02:00:00,2098.020890550003
2025-05-28 02:30:00,2098.0244216602136
2025-05-28 03:00:00,2098.017933644262
2025-05-28 03:30:00,2098.020093044809
2025-05-28 04:00:00,2098.0189706599335
2025-05-28 04:30:00,2097.947144055041
2025-05-28 05:00:00,2097.8908782222375
2025-05-28 05:30:00,2097.772964932344
2025-05-28 06:00:00,2097.78887938335
2025-05-28 06:30:00,2097.803864668281
2025-05-28 07:00:00,2097.821283599631
2025-05-28 07:30:00,2056.0665306480664
2025-05-28 08:00:00,2051.726243859937
2025-05-28 08:30:00,2097.880027420777
2025-05-28 09:00:00,2028.8709051275673
2025-05-28 09:30:00,2035.8019745017343
2025-05-28 10:00:00,2078.241880807134
2025-05-28 10:30:00,2097.9401354591046
2025-05-28 11:00:00,2097.9441871462463
2025-05-28 11:30:00,2097.936508790059
2025-05-28 12:00:00,2097.9873180787677
2025-05-28 12:30:00,2098.017974967286
2025-05-28 13:00:00,2098.0185552913117
2025-05-28 13:30:00,2098.019821777642
2025-05-28 14:00:00,2098.019721371182
2025-05-28 14:30:00,2098.018592489306
2025-05-28 15:00:00,2098.019727506557
2025-05-28 15:30:00,2098.018371653047
2025-05-28 16:00:00,2098.0219385066507
2025-05-28 16:30:00,2098.021852357495
2025-05-28 17:00:00,2098.0196563517597
2025-05-28 17:30:00,2098.0233316164067
2025-05-28 18:00:00,2098.023845884759
2025-05-28 18:30:00,2098.023805828012
2025-05-28 19:00:00,2098.0221280856454
2025-05-28 19:30:00,2098.022120285527
2025-05-28 20:00:00,2098.022076711556
2025-05-28 20:30:00,2098.0205027775373
2025-05-28 21:00:00,2098.0196488447577
2025-05-28 21:30:00,2098.0211983696495
2025-05-28 22:00:00,2098.0197581360057
2025-05-28 22:30:00,2098.0222961897907
2025-05-28 23:00:00,2098.0249679847457
2025-05-28 23:30:00,2098.018654938228
2025-05-29 00:00:00,2098.0072864959984
2025-05-29 00:30:00,2097.7751754185624
2025-05-29 01:00:00,2072.0115394840195
2025-05-29 01:30:00,2097.752400717117
2025-05-29 02:00:00,2097.7712550781166
2025-05-29 02:30:00,2097.830213948382
2025-05-29 03:00:00,2097.8119739173308
2025-05-29 03:30:00,2076.9518596818234
2025-05-29 04:00:00,2097.861394803597
2025-05-29 04:30:00,2097.934792761087
2025-05-29 05:00:00,2097.917801347377
2025-05-29 05:30:00,2097.877319364337
2025-05-29 06:00:00,2089.4391563176773
2025-05-29 06:30:00,2097.934979516451
2025-05-29 07:00:00,2097.984124646969
2025-05-29 07:30:00,2097.9699397214404
2025-05-29 08:00:00,2098.0211807933138
2025-05-29 08:30:00,2098.0184711931993
2025-05-29 09:00:00,2098.0172536567793
2025-05-29 09:30:00,2098.0196607924627
2025-05-29 10:00:00,2098.019527744005
2025-05-29 10:30:00,2098.018207693313
2025-05-29 11:00:00,2098.019411424095
2025-05-29 11:30:00,2098.019267823883
2025-05-29 12:00:00,2098.0208527161626
2025-05-29 12:30:00,2098.01931723843
2025-05-29 13:00:00,2098.022164587405
2025-05-29 13:30:00,2098.0227737498003
2025-05-29 14:00:00,2098.020704401857
2025-05-29 14:30:00,2098.019849987497
2025-05-29 15:00:00,2098.0198428718795
2025-05-29 15:30:00,2098.0205691096266
2025-05-29 16:00:00,2098.019691912784
2025-05-29 16:30:00,2098.020440204448
2025-05-29 17:00:00,2098.022033538857
2025-05-29 17:30:00,2098.021287089479
2025-05-29 18:00:00,2098.025091542035
2025-05-29 18:30:00,2098.0224139690154
2025-05-29 19:00:00,2098.0165071427346
2025-05-29 19:30:00,2098.019506585844
2025-05-29 20:00:00,2097.971567525911
2025-05-29 20:30:00,2097.938464353705
2025-05-29 21:00:00,2097.7886667465705
2025-05-29 21:30:00,2097.801771604114
2025-05-29 22:00:00,2097.8641474805568
2025-05-29 22:30:00,2097.7952003938553
2025-05-29 23:00:00,2097.810461682102
2025-05-29 23:30:00,2097.822818842566
2025-05-30 00:00:00,2097.8651155829634
2025-05-30 00:30:00,2097.929670819062
2025-05-30 01:00:00,2097.943054099103
2025-05-30 01:30:00,2097.956511363173
2025-05-30 02:00:00,2097.9343755176446
2025-05-30 02:30:00,2080.8948865468833
2025-05-30 03:00:00,2097.9670606520635
2025-05-30 03:30:00,2097.9768560518346
2025-05-30 04:00:00,2097.9982552062916
2025-05-30 04:30:00,2098.015932831008
2025-05-30 05:00:00,2098.0172622889318
2025-05-30 05:30:00,2098.0196548153085
2025-05-30 06:00:00,2098.0223549126226
2025-05-30 06:30:00,2098.0220018020686
2025-05-30 07:00:00,2098.0205585466288
2025-05-30 07:30:00,2098.021966879296
2025-05-30 08:00:00,2098.019622251117
2025-05-30 08:30:00,2098.0195053158354
2025-05-30 09:00:00,2098.019380519458
2025-05-30 09:30:00,2098.018203481734
2025-05-30 10:00:00,2098.021334896875
2025-05-30 10:30:00,2098.0205605430747
2025-05-30 11:00:00,2098.022196112089
2025-05-30 11:30:00,2098.020639014932
2025-05-30 12:00:00,2098.0198483227537
2025-05-30 12:30:00,2098.019869998318
2025-05-30 13:00:00,2098.020591068558
2025-05-30 13:30:00,2098.020577838822
2025-05-30 14:00:00,2098.019714853441
2025-05-30 14:30:00,2098.0212624219816
2025-05-30 15:00:00,2098.033114563907
2025-05-30 15:30:00,2098.069435997438
2025-05-30 16:00:00,2098.0542461345526
2025-05-30 16:30:00,2098.10686126692
2025-05-30 17:00:00,2124.629216315694
2025-05-30 17:30:00,2098.0466170877176
2025-05-30 18:00:00,2098.0086266735525
2025-05-30 18:30:00,2097.9070880499207
2025-05-30 19:00:00,2097.910889623123
2025-05-30 19:30:00,2097.9027963326703
2025-05-30 20:00:00,2097.870645897267
2025-05-30 20:30:00,2097.8027140926506
2025-05-30 21:00:00,2097.9154949944623
2025-05-30 21:30:00,2097.9171962850232
2025-05-30 22:00:00,2097.954933281961
2025-05-30 22:30:00,2097.9506061520883
2025-05-30 23:00:00,2070.0151673316577
2025-05-30 23:30:00,2089.4053450136544
2025-05-31 00:00:00,2097.9494016789126
2025-05-31 00:30:00,2097.960460146466
2025-05-31 01:00:00,2097.952050759434
2025-05-31 01:30:00,2097.969960994799
2025-05-31 02:00:00,2097.9995942416576
2025-05-31 02:30:00,2097.9803518061485
2025-05-31 03:00:00,2098.019259908857
2025-05-31 03:30:00,2098.0211550166423
2025-05-31 04:00:00,2098.0199383025792
2025-05-31 04:30:00,2098.0221355161348
2025-05-31 05:00:00,2098.021034847545
2025-05-31 05:30:00,2098.0232553033375
2025-05-31 06:00:00,2098.0204081638476
2025-05-31 06:30:00,2098.020394785626
2025-05-31 07:00:00,2098.022005509169
2025-05-31 07:30:00,2098.0211518679607
2025-05-31 08:00:00,2098.0194209354468
2025-05-31 08:30:00,2098.019617390834
2025-05-31 09:00:00,2098.019952431899
2025-05-31 09:30:00,2098.0205903444294
2025-05-31 10:00:00,2098.0221581908463
2025-05-31 10:30:00,2098.022044817715
2025-05-31 11:00:00,2098.022066945503
2025-05-31 11:30:00,2098.0226688326534
2025-05-31 12:00:00,2098.022093486619
2025-05-31 12:30:00,2098.0220921224504
2025-05-31 13:00:00,2098.020553519295
2025-05-31 13:30:00,2098.0334826445537
2025-05-31 14:00:00,2098.0732520574293
2025-05-31 14:30:00,2115.7964857900174
2025-05-31 15:00:00,2124.6844996348345
2025-05-31 15:30:00,2124.7879268035663
2025-05-31 16:00:00,2143.394654633035
2025-05-31 16:30:00,2124.746767390791
2025-05-31 17:00:00,2106.8650300423346
2025-05-31 17:30:00,2097.92450421308
2025-05-31 18:00:00,2097.9471839389403
2025-05-31 18:30:00,2097.8044200191416
2025-05-31 19:00:00,2097.9175354166778
2025-05-31 19:30:00,2097.881835199107
2025-05-31 20:00:00,2097.79502707498
2025-05-31 20:30:00,2097.8767665258038
2025-05-31 21:00:00,2097.9139750605464
2025-05-31 21:30:00,2097.916536168019
2025-05-31 22:00:00,2097.923171418652
2025-05-31 22:30:00,2097.888388576473
2025-05-31 23:00:00,2097.943256334409
2025-05-31 23:30:00,2097.948815485264
2025-06-01 00:00:00,2097.9407541535857
2025-06-01 00:30:00,2097.95530323324
2025-06-01 01:00:00,2097.9909511712185
2025-06-01 01:30:00,2098.017896373904
2025-06-01 02:00:00,2098.0147092044067
2025-06-01 02:30:00,2098.0171348227827
2025-06-01 03:00:00,2098.0191797361367
2025-06-01 03:30:00,2098.021144226248
2025-06-01 04:00:00,2098.0195954374135
2025-06-01 04:30:00,2098.018409677887
2025-06-01 05:00:00,2098.018525003112
2025-06-01 05:30:00,2098.0205368829656
2025-06-01 06:00:00,2098.0212506462626
2025-06-01 06:30:00,2098.021920049364
2025-06-01 07:00:00,2098.0209866625883
2025-06-01 07:30:00,2098.021804037413
2025-06-01 08:00:00,2098.0201667093484
2025-06-01 08:30:00,2098.02050380061
2025-06-01 09:00:00,2098.022165727108
2025-06-01 09:30:00,2098.020605302048
2025-06-01 10:00:00,2098.021391245531
2025-06-01 10:30:00,2098.021373727933
2025-06-01 11:00:00,2098.022148887992
2025-06-01 11:30:00,2098.021322372713
2025-06-01 12:00:00,2098.022090326102
2025-06-01 12:30:00,2098.0263620963583
2025-06-01 13:00:00,2098.068964195865
2025-06-01 13:30:00,2115.797109551896
2025-06-01 14:00:00,2124.7169057497376
2025-06-01 14:30:00,2124.7907237173326
2025-06-01 15:00:00,2143.405220043436
2025-06-01 15:30:00,2124.8023276494123
2025-06-01 16:00:00,2124.697898932418
2025-06-01 16:30:00,2098.038380865401
2025-06-01 17:00:00,2097.88514705219
2025-06-01 17:30:00,2097.7905089793308
2025-06-01 18:00:00,2097.7544316896056
2025-06-01 18:30:00,2097.8710168876555
2025-06-01 19:00:00,2097.8666308036986
2025-06-01 19:30:00,2097.7986926032168
2025-06-01 20:00:00,2097.8127044792705
2025-06-01 20:30:00,2097.852151631535
2025-06-01 21:00:00,2097.9189733512967
2025-06-01 21:30:00,2097.9214476453244
2025-06-01 22:00:00,2097.8914725998657
2025-06-01 22:30:00,2089.41756557043
2025-06-01 23:00:00,2097.9380816359844
2025-06-01 23:30:00,2097.958844438819
2025-06-02 00:00:00,2097.977364797716
2025-06-02 00:30:00,2097.9678766588772
2025-06-02 01:00:00,2098.0062505940587
2025-06-02 01:30:00,2098.0172586064296
2025-06-02 02:00:00,2098.02329247875
2025-06-02 02:30:00,2098.019702765128
2025-06-02 03:00:00,2098.019746915604
2025-06-02 03:30:00,2098.0221540247226
2025-06-02 04:00:00,2098.0230487388853
2025-06-02 04:30:00,2098.022538987733
2025-06-02 05:00:00,2098.024062868251
2025-06-02 05:30:00,2098.024987605792
2025-06-02 06:00:00,2098.0250014289777
2025-06-02 06:30:00,2098.023033146823
2025-06-02 07:00:00,2098.0245477144836
2025-06-02 07:30:00,2098.023388042533
2025-06-02 08:00:00,2098.0206565325557
2025-06-02 08:30:00,2098.02220676721
2025-06-02 09:00:00,2098.02218134535
2025-06-02 09:30:00,2098.02140008889
2025-06-02 10:00:00,2098.021415508468
2025-06-02 10:30:00,2098.0221874500653
2025-06-02 11:00:00,2098.022175527645
2025-06-02 11:30:00,2098.021297057906
2025-06-02 12:00:00,2098.0368034089556
2025-06-02 12:30:00,2098.081474119824
2025-06-02 13:00:00,2124.6554336149675
2025-06-02 13:30:00,2124.7355987304236
2025-06-02 14:00:00,2134.1082222283226
2025-06-02 14:30:00,2143.4581669364607
2025-06-02 15:00:00,2156.571240699591
2025-06-02 15:30:00,2161.819433604926
2025-06-02 16:00:00,2164.444085579593
2025-06-02 16:30:00,2164.448637378773
2025-06-02 17:00:00,2164.449657033118
2025-06-02 17:30:00,2164.4445722048204
2025-06-02 18:00:00,2162.476558605857
2025-06-02 18:30:00,2122.052925778324
2025-06-02 19:00:00,2097.9048901849187
2025-06-02 19:30:00,2097.789048198582
2025-06-02 20:00:00,2097.8041788074643
2025-06-02 20:30:00,2097.904387020299
2025-06-02 21:00:00,2097.8709430006265
2025-06-02 21:30:00,2097.843516253223
2025-06-02 22:00:00,2097.8230352334326
2025-06-02 22:30:00,2097.832169896093
2025-06-02 23:00:00,2074.8989448277207
2025-06-02 23:30:00,2078.305354815316
2025-06-03 00:00:00,2075.8351703399344
2025-06-03 00:30:00,2029.506570706294
2025-06-03 01:00:00,2053.911485971071
2025-06-03 01:30:00,2097.8606570345873
2025-06-03 02:00:00,2073.4564544431937
2025-06-03 02:30:00,2097.9639782783656
2025-06-03 03:00:00,2098.0008469116888
2025-06-03 03:30:00,2098.0217681733293
2025-06-03 04:00:00,2097.97393837106
2025-06-03 04:30:00,2097.98111743771
2025-06-03 05:00:00,2098.018413457638
2025-06-03 05:30:00,2098.018667630393
2025-06-03 06:00:00,2098.0214737895208
2025-06-03 06:30:00,2098.0215077096486
2025-06-03 07:00:00,2098.022317096337
2025-06-03 07:30:00,2098.0223618131654
2025-06-03 08:00:00,2098.0223231603522
2025-06-03 08:30:00,2098.022364778551
2025-06-03 09:00:00,2098.023243330321
2025-06-03 09:30:00,2098.0234934629575
2025-06-03 10:00:00,2098.0220340812634
2025-06-03 10:30:00,2098.022592173354
2025-06-03 11:00:00,2098.0248694037646
2025-06-03 11:30:00,2098.024893577087
2025-06-03 12:00:00,2098.0248263568706
2025-06-03 12:30:00,2098.0213356780764
2025-06-03 13:00:00,2098.021470667016
2025-06-03 13:30:00,2098.0214709477577
2025-06-03 14:00:00,2098.0199260908016
2025-06-03 14:30:00,2098.021421233024
2025-06-03 15:00:00,2098.020573327951
2025-06-03 15:30:00,2098.0206166410057
2025-06-03 16:00:00,2098.021298014143
2025-06-03 16:30:00,2098.035429341892
2025-06-03 17:00:00,2098.080698281292
2025-06-03 17:30:00,2115.799757348493
2025-06-03 18:00:00,2124.692241851893
2025-06-03 18:30:00,2130.9885100382603
2025-06-03 19:00:00,2143.445192884707
2025-06-03 19:30:00,2156.568986272323
2025-06-03 20:00:00,2159.19559213564
2025-06-03 20:30:00,2164.4399466625905
2025-06-03 21:00:00,2164.4364704900677
2025-06-03 21:30:00,2164.275232503984
2025-06-03 22:00:00,2145.6907881918223
2025-06-03 22:30:00,2145.6382177542946
2025-06-03 23:00:00,2145.573252448032
2025-06-03 23:30:00,2145.524318763458
2025-06-04 00:00:00,2145.5717980710815
2025-06-04 00:30:00,2150.3552369366557
2025-06-04 01:00:00,2148.590536176858
2025-06-04 01:30:00,2097.9439490334125
2025-06-04 02:00:00,2097.700414710847
2025-06-04 02:30:00,2097.925700558956
2025-06-04 03:00:00,2097.9150210321754
2025-06-04 03:30:00,2097.8284599173844
2025-06-04 04:00:00,2097.8456873925206
2025-06-04 04:30:00,2097.8535340222056
2025-06-04 05:00:00,2097.8407830658966
2025-06-04 05:30:00,2097.851928820865
2025-06-04 06:00:00,2097.8583775704087
2025-06-04 06:30:00,2097.8553554888344
2025-06-04 07:00:00,2073.4570224940594
2025-06-04 07:30:00,2097.868412035854
2025-06-04 08:00:00,2097.8915565242896
2025-06-04 08:30:00,2097.9286473124143
2025-06-04 09:00:00,2097.9549725668844
2025-06-04 09:30:00,2097.9886473391375
2025-06-04 10:00:00,2097.9848780752914
2025-06-04 10:30:00,2098.01854240848
2025-06-04 11:00:00,2098.022571372749
2025-06-04 11:30:00,2098.01972282582
2025-06-04 12:00:00,2098.018587387152
2025-06-04 12:30:00,2098.0206458895045
2025-06-04 13:00:00,2098.0215109655796
2025-06-04 13:30:00,2098.0211096524818
2025-06-04 14:00:00,2098.020412933042
2025-06-04 14:30:00,2098.0197461415664
2025-06-04 15:00:00,2098.0197933003797
2025-06-04 15:30:00,2098.020571153023
2025-06-04 16:00:00,2098.02221226967
2025-06-04 16:30:00,2098.020668475846
2025-06-04 17:00:00,2098.02361056897
2025-06-04 17:30:00,2098.023163773068
2025-06-04 18:00:00,2098.0239032109585
2025-06-04 18:30:00,2098.0231308275847
2025-06-04 19:00:00,2098.0197549532245
2025-06-04 19:30:00,2098.0197598363097
2025-06-04 20:00:00,2098.019744075184
2025-06-04 20:30:00,2098.0196475926437
2025-06-04 21:00:00,2098.0196621088617
2025-06-04 21:30:00,2098.051072663907
2025-06-04 22:00:00,2098.0971673873096
2025-06-04 22:30:00,2124.6572588186896
2025-06-04 23:00:00,2124.7399832206497
2025-06-04 23:30:00,2138.7714996103164
2025-06-05 00:00:00,2147.8568684570964
2025-06-05 00:30:00,2156.573972286604
2025-06-05 01:00:00,2164.4369410171457
2025-06-05 01:30:00,2164.439123123668
2025-06-05 02:00:00,2164.444014364833
2025-06-05 02:30:00,2159.5154930938
2025-06-05 03:00:00,2145.680592708109
2025-06-05 03:30:00,2145.6135429182705
2025-06-05 04:00:00,2145.5532177544183
2025-06-05 04:30:00,2145.5995527993605
2025-06-05 05:00:00,2145.5567617364195
2025-06-05 05:30:00,2141.009421302749
2025-06-05 06:00:00,2151.8680032776606
2025-06-05 06:30:00,2151.0448633049623
2025-06-05 07:00:00,2097.956797139676
2025-06-05 07:30:00,2097.726122216738
2025-06-05 08:00:00,2097.851683494745
2025-06-05 08:30:00,2097.9189758657117
2025-06-05 09:00:00,2097.84021245911
2025-06-05 09:30:00,2097.823483630463
2025-06-05 10:00:00,2097.8922443295014
2025-06-05 10:30:00,2097.874335709564
2025-06-05 11:00:00,2097.87937917032
2025-06-05 11:30:00,2097.85586686305
2025-06-05 12:00:00,2097.8553852974073
2025-06-05 12:30:00,2097.861947341464
2025-06-05 13:00:00,2097.8674748389344
2025-06-05 13:30:00,2097.8677832967464
2025-06-05 14:00:00,2097.9106569530345
2025-06-05 14:30:00,2097.930764418001
2025-06-05 15:00:00,2097.964468889632
2025-06-05 15:30:00,2097.9782137988964
2025-06-05 16:00:00,2097.9788623947693
2025-06-05 16:30:00,2097.9873102505976
2025-06-05 17:00:00,2098.009221937002
2025-06-05 17:30:00,2098.009846931926
2025-06-05 18:00:00,2098.01158820568
2025-06-05 18:30:00,2098.019718326359
2025-06-05 19:00:00,2098.0112664789726
2025-06-05 19:30:00,2098.0136824944143
2025-06-05 20:00:00,2098.01717465475
2025-06-05 20:30:00,2098.0158981034724
2025-06-05 21:00:00,2098.0195785127903
2025-06-05 21:30:00,2098.018100927487
2025-06-05 22:00:00,2098.0128304938485
2025-06-05 22:30:00,2098.0125825084538
2025-06-05 23:00:00,2098.0149880428294
2025-06-05 23:30:00,2098.012620366793
2025-06-06 00:00:00,2098.014965649391
2025-06-06 00:30:00,2098.0170551198958
2025-06-06 01:00:00,2098.015663615223
2025-06-06 01:30:00,2098.0181892262576
2025-06-06 02:00:00,2098.0172666604926
2025-06-06 02:30:00,2098.0570421487423
2025-06-06 03:00:00,2106.918276054334
2025-06-06 03:30:00,2124.6550902367912
2025-06-06 04:00:00,2124.77606135003
2025-06-06 04:30:00,2143.4418212946493
2025-06-06 05:00:00,2152.223837623346
2025-06-06 05:30:00,2159.197784667301
2025-06-06 06:00:00,2164.438328496533
2025-06-06 06:30:00,2164.4351140304893
2025-06-06 07:00:00,2164.2772106186553
2025-06-06 07:30:00,2105.3721230005676
2025-06-06 08:00:00,1947.7614690100652
2025-06-06 08:30:00,1953.838892398896
2025-06-06 09:00:00,2098.9602483332733
2025-06-06 09:30:00,2144.8920919576
2025-06-06 10:00:00,2152.0180418752266
2025-06-06 10:30:00,2126.252016014049
2025-06-06 11:00:00,2097.9680247781675
2025-06-06 11:30:00,2097.8980863402694
2025-06-06 12:00:00,2097.9202097305897
2025-06-06 12:30:00,2097.8520097302026
2025-06-06 13:00:00,2097.9050673573765
2025-06-06 13:30:00,2097.9105534401733
2025-06-06 14:00:00,2097.9144598292223
2025-06-06 14:30:00,2097.825998042746
2025-06-06 15:00:00,2097.8375417714415
2025-06-06 15:30:00,2097.843709348625
2025-06-06 16:00:00,2097.8498810318274
2025-06-06 16:30:00,2097.903280418399
2025-06-06 17:00:00,2097.937363667823
2025-06-06 17:30:00,2097.9631001685516
2025-06-06 18:00:00,2097.9563698718166
2025-06-06 18:30:00,2097.9808834059218
2025-06-06 19:00:00,2097.9843732049535
2025-06-06 19:30:00,2097.987255590542
2025-06-06 20:00:00,2097.9785120585416
2025-06-06 20:30:00,2098.003251466482
2025-06-06 21:00:00,2098.022321294115
2025-06-06 21:30:00,2098.021445732838
2025-06-06 22:00:00,2098.0217943863604
2025-06-06 22:30:00,2098.0210200463675
2025-06-06 23:00:00,2098.0246895229507
2025-06-06 23:30:00,2098.0229471023376
2025-06-07 00:00:00,2098.023870136484
2025-06-07 00:30:00,2098.023741835709
2025-06-07 01:00:00,2098.0234715716547
2025-06-07 01:30:00,2098.0240784855005
2025-06-07 02:00:00,2098.022842891117
2025-06-07 02:30:00,2098.020954596066
2025-06-07 03:00:00,2098.023188334944
2025-06-07 03:30:00,2098.0220766580023
2025-06-07 04:00:00,2098.0232229839944
2025-06-07 04:30:00,2098.023796392544
2025-06-07 05:00:00,2098.0340839814567
2025-06-07 05:30:00,2098.0745120899073
2025-06-07 06:00:00,2124.6672576579444
2025-06-07 06:30:00,2124.7353527120217
2025-06-07 07:00:00,2141.330140695586
2025-06-07 07:30:00,2147.823101797521
2025-06-07 08:00:00,2156.5709878515913
2025-06-07 08:30:00,2163.8795063006796
2025-06-07 09:00:00,2164.439277945223
2025-06-07 09:30:00,2164.4405052673396
2025-06-07 10:00:00,2164.112057993681
2025-06-07 10:30:00,2145.649762652836
2025-06-07 11:00:00,2145.593684211916
2025-06-07 11:30:00,2145.5495996178997
2025-06-07 12:00:00,2135.4063607387925
2025-06-07 12:30:00,2131.9865608545283
2025-06-07 13:00:00,2131.9402138374558
2025-06-07 13:30:00,2120.6373437319157
2025-06-07 14:00:00,2119.0261304503574
2025-06-07 14:30:00,2119.0289554416736
2025-06-07 15:00:00,2119.025996449112
2025-06-07 15:30:00,2119.023834201304
2025-06-07 16:00:00,2119.0264094653426
2025-06-07 16:30:00,2123.294817620966
2025-06-07 17:00:00,2140.9459873048486
2025-06-07 17:30:00,2143.584412840515
2025-06-07 18:00:00,2097.963975502305
2025-06-07 18:30:00,2097.733385314268
2025-06-07 19:00:00,2097.9124053567234
2025-06-07 19:30:00,2097.903657379967
2025-06-07 20:00:00,2097.816807944348
2025-06-07 20:30:00,2029.9573459492012
2025-06-07 21:00:00,2055.897031270337
2025-06-07 21:30:00,2097.9317863637652
2025-06-07 22:00:00,2097.9418042218326
2025-06-07 22:30:00,2097.9799018432955
2025-06-07 23:00:00,2097.9548008951638
2025-06-07 23:30:00,2097.968384761009
2025-06-08 00:00:00,2097.972051975137
2025-06-08 00:30:00,2098.009521203391
2025-06-08 01:00:00,2098.0226854373823
2025-06-08 01:30:00,2098.023307345611
2025-06-08 02:00:00,2098.0219963682775
2025-06-08 02:30:00,2098.0211700910427
2025-06-08 03:00:00,2098.0347900703027
2025-06-08 03:30:00,2098.08082709271
2025-06-08 04:00:00,2124.631503635433
2025-06-08 04:30:00,2124.7564393345333
2025-06-08 05:00:00,2143.4451658454504
2025-06-08 05:30:00,2152.217216341766
2025-06-08 06:00:00,2159.196339711134
2025-06-08 06:30:00,2164.4388875039817
2025-06-08 07:00:00,2164.4388506345094
2025-06-08 07:30:00,2158.03695342133
2025-06-08 08:00:00,2145.6646537419037
2025-06-08 08:30:00,2145.5864373816858
2025-06-08 09:00:00,2141.037436637989
2025-06-08 09:30:00,2132.002088879332
2025-06-08 10:00:00,2131.9309205493028
2025-06-08 10:30:00,2126.730965773608
2025-06-08 11:00:00,2119.0222169379235
2025-06-08 11:30:00,2119.0242799510943
2025-06-08 12:00:00,2119.024143378771
2025-06-08 12:30:00,2119.029328286804
2025-06-08 13:00:00,2119.030433999185
2025-06-08 13:30:00,2119.0212234453006
2025-06-08 14:00:00,2119.0271935054516
2025-06-08 14:30:00,2119.0197616866353
2025-06-08 15:00:00,2119.0221672092885
2025-06-08 15:30:00,2133.4779566837024
2025-06-08 16:00:00,2150.5679752532874
2025-06-08 16:30:00,2106.9347602976454
2025-06-08 17:00:00,2097.703293676486
2025-06-08 17:30:00,2097.8463181095053
2025-06-08 18:00:00,2097.944824791012
2025-06-08 18:30:00,2097.947466746403
2025-06-08 19:00:00,2097.9132403574677
2025-06-08 19:30:00,2072.859438013509
2025-06-08 20:00:00,2097.829266372317
2025-06-08 20:30:00,2089.37013757039
2025-06-08 21:00:00,2097.8619082947607
2025-06-08 21:30:00,2097.8723068434606
2025-06-08 22:00:00,2097.9732448789223
2025-06-08 22:30:00,2098.0080768727366
2025-06-08 23:00:00,2098.004013160047
2025-06-08 23:30:00,2098.0086701573982
2025-06-09 00:00:00,2098.01929685566
2025-06-09 00:30:00,2098.0213722005105
2025-06-09 01:00:00,2098.0205341302567
2025-06-09 01:30:00,2098.0240884723876
2025-06-09 02:00:00,2098.0610693762055
2025-06-09 02:30:00,2115.7849782625794
2025-06-09 03:00:00,2124.7075337165898
2025-06-09 03:30:00,2130.990592052863
2025-06-09 04:00:00,2143.4658634385514
2025-06-09 04:30:00,2156.561679014469
2025-06-09 05:00:00,2162.471364506358
2025-06-09 05:30:00,2164.432957750069
2025-06-09 06:00:00,2164.4349259031387
2025-06-09 06:30:00,2158.027521505746
2025-06-09 07:00:00,2145.648831747188
2025-06-09 07:30:00,2145.567853969351
2025-06-09 08:00:00,2136.528243950117
2025-06-09 08:30:00,2131.990529595543
2025-06-09 09:00:00,2131.9334731767885
2025-06-09 09:30:00,2127.6195946317875
2025-06-09 10:00:00,2119.025366452846
2025-06-09 10:30:00,2119.028863366476
2025-06-09 11:00:00,2119.0294090812295
2025-06-09 11:30:00,2119.0316013616475
2025-06-09 12:00:00,2119.0301905212364
2025-06-09 12:30:00,2119.030210395303
2025-06-09 13:00:00,2119.0274713398585
2025-06-09 13:30:00,2119.028845172527
2025-06-09 14:00:00,2119.028744048756
2025-06-09 14:30:00,2119.030877242441
2025-06-09 15:00:00,2119.030950990565
2025-06-09 15:30:00,2119.0311794915
2025-06-09 16:00:00,2119.0199143725426
2025-06-09 16:30:00,2119.005342872934
2025-06-09 17:00:00,2129.9652329147675
2025-06-09 17:30:00,2150.1206970829517
2025-06-09 18:00:00,2107.105343548595
2025-06-09 18:30:00,2082.9757199606406
2025-06-09 19:00:00,2097.9600310048677
2025-06-09 19:30:00,2097.9716123838407
2025-06-09 20:00:00,2097.95714347038
2025-06-09 20:30:00,2089.3983712021086
2025-06-09 21:00:00,2043.990951631894
2025-06-09 21:30:00,2049.6323652603473
2025-06-09 22:00:00,2048.6181101976404
2025-06-09 22:30:00,2038.5006729475292
2025-06-09 23:00:00,2088.087107510343
2025-06-09 23:30:00,2097.931871261231
2025-06-10 00:00:00,2097.9296194950907
2025-06-10 00:30:00,2097.9574228950532
2025-06-10 01:00:00,2098.010827647882
2025-06-10 01:30:00,2098.02042110115
2025-06-10 02:00:00,2098.0194792089546
2025-06-10 02:30:00,2098.0185572552014
2025-06-10 03:00:00,2098.0476086744584
2025-06-10 03:30:00,2098.0934585633236
2025-06-10 04:00:00,2124.656849978423
2025-06-10 04:30:00,2124.7754278489156
2025-06-10 05:00:00,2143.4521738424523
2025-06-10 05:30:00,2156.583255857842
2025-06-10 06:00:00,2161.817579715947
2025-06-10 06:30:00,2164.438351207911
2025-06-10 07:00:00,2164.434186293445
2025-06-10 07:30:00,2157.875882180577
2025-06-10 08:00:00,2145.6516764261924
2025-06-10 08:30:00,2145.5725559460684
2025-06-10 09:00:00,2141.0159926786805
2025-06-10 09:30:00,2131.9895810198427
2025-06-10 10:00:00,2131.9123035045063
2025-06-10 10:30:00,2123.298094745158
2025-06-10 11:00:00,2119.0158241028057
2025-06-10 11:30:00,2119.019161883699
2025-06-10 12:00:00,2119.0236326091217
2025-06-10 12:30:00,2119.023971889235
2025-06-10 13:00:00,2119.0184537534947
2025-06-10 13:30:00,2119.018684881174
2025-06-10 14:00:00,2119.021511590747
2025-06-10 14:30:00,2119.021471494751
2025-06-10 15:00:00,2119.0244768775797
2025-06-10 15:30:00,2119.0266240791207
2025-06-10 16:00:00,2119.0287116923923
2025-06-10 16:30:00,2119.027212606239
2025-06-10 17:00:00,2119.0225215890373
2025-06-10 17:30:00,2119.0237284881377
2025-06-10 18:00:00,2119.025034943719
2025-06-10 18:30:00,2119.026804844751
2025-06-10 19:00:00,2119.0194431047385
2025-06-10 19:30:00,2119.0208661046354
2025-06-10 20:00:00,2119.014909505788
2025-06-10 20:30:00,2118.995648545538
2025-06-10 21:00:00,2125.297299401722
2025-06-10 21:30:00,2137.2937634561235
2025-06-10 22:00:00,2154.269877238316
2025-06-10 22:30:00,2117.2520623519176
2025-06-10 23:00:00,2097.760576135161
2025-06-10 23:30:00,2097.820317893213
2025-06-11 00:00:00,2089.2476498494125
2025-06-11 00:30:00,2037.2657180130557
2025-06-11 01:00:00,2038.1037789182926
2025-06-11 01:30:00,2040.05116125725
2025-06-11 02:00:00,2055.9444882179546
2025-06-11 02:30:00,2061.614661867962
2025-06-11 03:00:00,2089.450747004758
2025-06-11 03:30:00,2097.8628724766563
2025-06-11 04:00:00,2088.08809815576
2025-06-11 04:30:00,2097.9263715793745
2025-06-11 05:00:00,2097.963098944337
2025-06-11 05:30:00,2098.0086880506456
2025-06-11 06:00:00,2098.0142691564592
2025-06-11 06:30:00,2098.0141877454475
2025-06-11 07:00:00,2098.014040454121
2025-06-11 07:30:00,2098.0187313326833
2025-06-11 08:00:00,2098.016586876223
2025-06-11 08:30:00,2098.064316152732
2025-06-11 09:00:00,2118.011522758085
2025-06-11 09:30:00,2124.741000905404
2025-06-11 10:00:00,2137.193900622598
2025-06-11 10:30:00,2147.8144548410064
2025-06-11 11:00:00,2156.5677345517074
2025-06-11 11:30:00,2164.43790551205
2025-06-11 12:00:00,2164.443028227989
2025-06-11 12:30:00,2164.4361203373687
2025-06-11 13:00:00,2158.0434117229283
2025-06-11 13:30:00,2145.695369429087
2025-06-11 14:00:00,2145.602472671044
2025-06-11 14:30:00,2145.5281928438662
2025-06-11 15:00:00,2136.5079516821893
2025-06-11 15:30:00,2131.9748923387674
2025-06-11 16:00:00,2131.8739132410233
2025-06-11 16:30:00,2131.815862510714
2025-06-11 17:00:00,2119.010987845933
2025-06-11 17:30:00,2119.010352979925
2025-06-11 18:00:00,2118.9998819164484
2025-06-11 18:30:00,2119.0143095212934
2025-06-11 19:00:00,2119.016540931942
2025-06-11 19:30:00,2119.0133775332997
2025-06-11 20:00:00,2119.013248484303
2025-06-11 20:30:00,2119.013982283815
2025-06-11 21:00:00,2119.0046330332975
2025-06-11 21:30:00,2119.014219161567
2025-06-11 22:00:00,2119.014862267855
2025-06-11 22:30:00,2119.011083025925
2025-06-11 23:00:00,2119.0246432832423
2025-06-11 23:30:00,2119.0248113123503
2025-06-12 00:00:00,2119.0251385114293
2025-06-12 00:30:00,2119.0225454697515
2025-06-12 01:00:00,2119.017213413465
2025-06-12 01:30:00,2119.0200666967826
2025-06-12 02:00:00,2119.0275800015875
2025-06-12 02:30:00,2119.0255589074295
2025-06-12 03:00:00,2119.0254647126953
2025-06-12 03:30:00,2119.0274673785643
2025-06-12 04:00:00,2119.0256658384137
2025-06-12 04:30:00,2119.0205737086235
2025-06-12 05:00:00,2119.027701869268
2025-06-12 05:30:00,2119.025317400641
2025-06-12 06:00:00,2118.9987810334924
2025-06-12 06:30:00,2125.5293294722305
2025-06-12 07:00:00,2127.7390619708135
2025-06-12 07:30:00,2152.930626754785
2025-06-12 08:00:00,2168.1837821651575
2025-06-12 08:30:00,2114.05283207729
2025-06-12 09:00:00,2097.7901457288226
2025-06-12 09:30:00,2076.3215023265907
2025-06-12 10:00:00,2046.0179327182493
2025-06-12 10:30:00,2039.4557898398753
2025-06-12 11:00:00,2023.0674668294935
2025-06-12 11:30:00,2022.8889212007573
2025-06-12 12:00:00,2019.1767653631043
2025-06-12 12:30:00,2023.641883952295
2025-06-12 13:00:00,2053.891557558394
2025-06-12 13:30:00,2089.433772014739
2025-06-12 14:00:00,2097.9192782692935
2025-06-12 14:30:00,2098.006232811563
2025-06-12 15:00:00,2098.0106432462053
2025-06-12 15:30:00,2098.0111201587515
2025-06-12 16:00:00,2098.017856111072
2025-06-12 16:30:00,2098.1044724214057
2025-06-12 17:00:00,2115.772754472819
2025-06-12 17:30:00,2124.72026292959
2025-06-12 18:00:00,2137.2521547722063
2025-06-12 18:30:00,2152.2455910585136
2025-06-12 19:00:00,2156.598510120814
2025-06-12 19:30:00,2164.4230217691434
2025-06-12 20:00:00,2164.4248475833565
2025-06-12 20:30:00,2164.264322431294
2025-06-12 21:00:00,2145.7358124312545
2025-06-12 21:30:00,2145.6529154031978
2025-06-12 22:00:00,2145.5822951516498
2025-06-12 22:30:00,2145.4907720732294
2025-06-12 23:00:00,2131.9759975554707
2025-06-12 23:30:00,2131.8716300498745
2025-06-13 00:00:00,2127.555005638737
2025-06-13 00:30:00,2119.013567369388
2025-06-13 01:00:00,2131.7946692054124
2025-06-13 01:30:00,2131.7849763635877
2025-06-13 02:00:00,2131.8019024297487
2025-06-13 02:30:00,2127.473774162905
2025-06-13 03:00:00,2118.9886395817016
2025-06-13 03:30:00,2118.9781932603623
2025-06-13 04:00:00,2118.988673112786
2025-06-13 04:30:00,2118.984222065483
2025-06-13 05:00:00,2119.000622094725
2025-06-13 05:30:00,2118.995164138929
2025-06-13 06:00:00,2118.9959880327606
2025-06-13 06:30:00,2119.000962832914
2025-06-13 07:00:00,2118.98661095447
2025-06-13 07:30:00,2118.9986034577205
2025-06-13 08:00:00,2119.007844753912
2025-06-13 08:30:00,2118.9986096483694
2025-06-13 09:00:00,2119.0139138232503
2025-06-13 09:30:00,2119.0046975074856
2025-06-13 10:00:00,2119.014664878965
2025-06-13 10:30:00,2119.0150296520346
2025-06-13 11:00:00,2119.01505322129
2025-06-13 11:30:00,2119.014917676432
2025-06-13 12:00:00,2119.009091593699
2025-06-13 12:30:00,2119.0153527790685
2025-06-13 13:00:00,2119.020882139317
2025-06-13 13:30:00,2119.017055806845
2025-06-13 14:00:00,2119.0168331068785
2025-06-13 14:30:00,2119.0166764296378
2025-06-13 15:00:00,2119.0166135451923
2025-06-13 15:30:00,2119.0163150405983
2025-06-13 16:00:00,2119.016410812205
2025-06-13 16:30:00,2119.007465165609
2025-06-13 17:00:00,2119.004165419438
2025-06-13 17:30:00,2123.1557618482607
2025-06-13 18:00:00,2128.6795657322346
2025-06-13 18:30:00,2112.3958174998043
2025-06-13 19:00:00,2121.8371090531878
2025-06-13 19:30:00,2151.4563670977514
2025-06-13 20:00:00,2128.851228305017
2025-06-13 20:30:00,2091.7119287717765
2025-06-13 21:00:00,2097.8196320914208
2025-06-13 21:30:00,2097.9079314421374
2025-06-13 22:00:00,2089.4115804558896
2025-06-13 22:30:00,2089.3477012093044
2025-06-13 23:00:00,2072.4022781262684
2025-06-13 23:30:00,2072.572332751251
2025-06-14 00:00:00,2080.9995715928694
2025-06-14 00:30:00,2097.9139148286927
2025-06-14 01:00:00,2097.912576638538
2025-06-14 01:30:00,2097.8938643255547
2025-06-14 02:00:00,2098.003473097696
2025-06-14 02:30:00,2098.0303689317184
2025-06-14 03:00:00,2106.9375926938064
2025-06-14 03:30:00,2124.397866083253
2025-06-14 04:00:00,2137.212656127327
2025-06-14 04:30:00,2147.8996239853045
2025-06-14 05:00:00,2156.6099367481984
2025-06-14 05:30:00,2164.4037874091096
2025-06-14 06:00:00,2164.4211598595443
2025-06-14 06:30:00,2164.0966469798327
2025-06-14 07:00:00,2145.717574621123
2025-06-14 07:30:00,2145.62957433003
2025-06-14 08:00:00,2145.496302627914
2025-06-14 08:30:00,2136.4914869943836
2025-06-14 09:00:00,2131.9344954926037
2025-06-14 09:30:00,2131.862688412467
2025-06-14 10:00:00,2131.7596680637976
2025-06-14 10:30:00,2118.9949281004133
2025-06-14 11:00:00,2119.010607127028
2025-06-14 11:30:00,2119.0136333643272
2025-06-14 12:00:00,2119.000154304782
2025-06-14 12:30:00,2119.0023483395867
2025-06-14 13:00:00,2118.9690975543035
2025-06-14 13:30:00,2123.124136510915
2025-06-14 14:00:00,2131.5048938948676
2025-06-14 14:30:00,2118.9161066752526
2025-06-14 15:00:00,2118.9328158099643
2025-06-14 15:30:00,2118.9645257949746
2025-06-14 16:00:00,2118.9887285929335
2025-06-14 16:30:00,2118.995246378961
2025-06-14 17:00:00,2118.9963651061025
2025-06-14 17:30:00,2119.002191660169
2025-06-14 18:00:00,2119.0028788881477
2025-06-14 18:30:00,2118.9984170533758
2025-06-14 19:00:00,2118.998924169106
2025-06-14 19:30:00,2118.999475568417
2025-06-14 20:00:00,2119.0048413187724
2025-06-14 20:30:00,2119.0005708886124
2025-06-14 21:00:00,2119.005327709617
2025-06-14 21:30:00,2119.00582162698
2025-06-14 22:00:00,2119.01556963792
2025-06-14 22:30:00,2119.0115211670027
2025-06-14 23:00:00,2119.0116368049707
2025-06-14 23:30:00,2119.015861822861
2025-06-15 00:00:00,2119.016172234174
2025-06-15 00:30:00,2119.01209901588
2025-06-15 01:00:00,2119.012102188508
2025-06-15 01:30:00,2119.0123100562237
2025-06-15 02:00:00,2119.0128899600577
2025-06-15 02:30:00,2119.017186564414
2025-06-15 03:00:00,2119.010788168407
2025-06-15 03:30:00,2119.012570280764
2025-06-15 04:00:00,2119.007920530081
2025-06-15 04:30:00,2123.143561462857
2025-06-15 05:00:00,2120.711257301269
2025-06-15 05:30:00,2112.6485455330726
2025-06-15 06:00:00,2110.5413327535493
2025-06-15 06:30:00,2166.3655220408677
2025-06-15 07:00:00,2160.515187253222
2025-06-15 07:30:00,2121.8818595649714
2025-06-15 08:00:00,2092.6699185059892
2025-06-15 08:30:00,2077.0209501915906
2025-06-15 09:00:00,2080.31738231817
2025-06-15 09:30:00,2072.321304080606
2025-06-15 10:00:00,2065.093443362229
2025-06-15 10:30:00,2032.2915964691692
2025-06-15 11:00:00,2087.887265892504
2025-06-15 11:30:00,2092.814052996686
2025-06-15 12:00:00,2097.9106590216866
2025-06-15 12:30:00,2097.8387513914886
2025-06-15 13:00:00,2097.9415134331603
2025-06-15 13:30:00,2098.286705661702
2025-06-15 14:00:00,2115.7552320958866
2025-06-15 14:30:00,2143.5287442639487
2025-06-15 15:00:00,2156.6177935423107
2025-06-15 15:30:00,2161.8075430697754
2025-06-15 16:00:00,2164.4139721694396
2025-06-15 16:30:00,2164.413923269285
2025-06-15 17:00:00,2164.2555311517976
2025-06-15 17:30:00,2145.7808393558084
2025-06-15 18:00:00,2145.6036665815036
2025-06-15 18:30:00,2145.4606460983864
2025-06-15 19:00:00,2131.9710089188557
2025-06-15 19:30:00,2131.8641940487664
2025-06-15 20:00:00,2131.827407519783
2025-06-15 20:30:00,2118.99368288209
2025-06-15 21:00:00,2118.993170586931
2025-06-15 21:30:00,2118.993089509948
2025-06-15 22:00:00,2118.992856786445
2025-06-15 22:30:00,2118.9968757027077
2025-06-15 23:00:00,2118.952590601724
2025-06-15 23:30:00,2118.90492917052
2025-06-16 00:00:00,2127.1620899258855
2025-06-16 00:30:00,2118.9083296617864
2025-06-16 01:00:00,2118.894288710314
2025-06-16 01:30:00,2118.928387086853
2025-06-16 02:00:00,2118.9854199466313
2025-06-16 02:30:00,2118.9942154976325
2025-06-16 03:00:00,2118.9858983749273
2025-06-16 03:30:00,2118.996439999607
2025-06-16 04:00:00,2119.007685912884
2025-06-16 04:30:00,2118.9983455998486
2025-06-16 05:00:00,2118.999233340768
2025-06-16 05:30:00,2118.9990090373053
2025-06-16 06:00:00,2118.9992684782046
2025-06-16 06:30:00,2119.00412327694
2025-06-16 07:00:00,2119.0006688221297
2025-06-16 07:30:00,2119.005752379838
2025-06-16 08:00:00,2123.1811015366457
2025-06-16 08:30:00,2119.004887031373
2025-06-16 09:00:00,2119.0022789888076
2025-06-16 09:30:00,2119.006982387602
2025-06-16 10:00:00,2119.0027841686147
2025-06-16 10:30:00,2119.0159080438425
2025-06-16 11:00:00,2119.003373575262
2025-06-16 11:30:00,2118.9957515386345
2025-06-16 12:00:00,2119.0067673412755
2025-06-16 12:30:00,2118.9873519105327
2025-06-16 13:00:00,2119.0015327039578
2025-06-16 13:30:00,2118.285318463817
2025-06-16 14:00:00,2128.679382329456
2025-06-16 14:30:00,2113.2943772607955
2025-06-16 15:00:00,2118.144555868946
2025-06-16 15:30:00,2138.432983717257
2025-06-16 16:00:00,2167.6807643185225
2025-06-16 16:30:00,2115.4810176707074
2025-06-16 17:00:00,2098.2224389078388
2025-06-16 17:30:00,2097.8607050684273
2025-06-16 18:00:00,2097.8663533471245
2025-06-16 18:30:00,2097.7858350737065
2025-06-16 19:00:00,2097.7904170756956
2025-06-16 19:30:00,2097.835098895132
2025-06-16 20:00:00,2097.838064118778
2025-06-16 20:30:00,2083.2308975586443
2025-06-16 21:00:00,2097.823278145056
2025-06-16 21:30:00,2097.8693767161926
2025-06-16 22:00:00,2097.9488302711056
2025-06-16 22:30:00,2098.1069300659183
2025-06-16 23:00:00,2106.9692625061357
2025-06-16 23:30:00,2130.9598847427796
2025-06-17 00:00:00,2152.309726917529
2025-06-17 00:30:00,2161.8182986247707
2025-06-17 01:00:00,2164.4130052280684
2025-06-17 01:30:00,2164.2587733678015
2025-06-17 02:00:00,2145.744928560362
2025-06-17 02:30:00,2145.5908841521964
2025-06-17 03:00:00,2145.4746819417087
2025-06-17 03:30:00,2131.99905235135
2025-06-17 04:00:00,2131.879183960226
2025-06-17 04:30:00,2127.5671257862377
2025-06-17 05:00:00,2118.9951550033325
2025-06-17 05:30:00,2118.9951987314257
2025-06-17 06:00:00,2119.0000260143756
2025-06-17 06:30:00,2119.0049323364456
2025-06-17 07:00:00,2118.9868003300267
2025-06-17 07:30:00,2119.0018150213086
2025-06-17 08:00:00,2118.9918938566548
2025-06-17 08:30:00,2118.928833238761
2025-06-17 09:00:00,2118.9522032496498
2025-06-17 09:30:00,2118.953016882541
2025-06-17 10:00:00,2118.95784479403
2025-06-17 10:30:00,2118.9569845811116
2025-06-17 11:00:00,2118.9866086948045
2025-06-17 11:30:00,2116.8563001167236
2025-06-17 12:00:00,2102.252843067008
2025-06-17 12:30:00,2102.312108066198
2025-06-17 13:00:00,2102.2821099646358
2025-06-17 13:30:00,2102.249317385585
2025-06-17 14:00:00,2107.693580219459
2025-06-17 14:30:00,2110.4241857870234
2025-06-17 15:00:00,2110.440257808233
2025-06-17 15:30:00,2110.462754122307
2025-06-17 16:00:00,2110.4383556376997
2025-06-17 16:30:00,2110.438882154867
2025-06-17 17:00:00,2110.41974889806
2025-06-17 17:30:00,2110.4152572388566
2025-06-17 18:00:00,2110.4262550259195
2025-06-17 18:30:00,2110.4385365953876
2025-06-17 19:00:00,2110.425869044034
2025-06-17 19:30:00,2110.445782963286
2025-06-17 20:00:00,2110.4298079844652
2025-06-17 20:30:00,2110.423622237742
2025-06-17 21:00:00,2110.4298069622955
2025-06-17 21:30:00,2110.4236043834367
2025-06-17 22:00:00,2104.9819832702256
2025-06-17 22:30:00,2102.238579228526
2025-06-17 23:00:00,2102.1037590408355
2025-06-17 23:30:00,2099.3017625038156
2025-06-18 00:00:00,2097.9438156953825
2025-06-18 00:30:00,2097.9264258131884
2025-06-18 01:00:00,2100.2415505623135
2025-06-18 01:30:00,2138.7943256609074
2025-06-18 02:00:00,2161.281181168098
2025-06-18 02:30:00,2133.5715565138626
2025-06-18 03:00:00,2112.8948621343657
2025-06-18 03:30:00,2097.222660863755
2025-06-18 04:00:00,2081.863775662283
2025-06-18 04:30:00,2075.405025436328
2025-06-18 05:00:00,2073.31827464872
2025-06-18 05:30:00,2072.4368196734245
2025-06-18 06:00:00,2074.2017136725485
2025-06-18 06:30:00,2074.5235077243296
2025-06-18 07:00:00,2081.325142149349
2025-06-18 07:30:00,2093.5003454132843
2025-06-18 08:00:00,2112.663489527062
2025-06-18 08:30:00,2122.822880101492
2025-06-18 09:00:00,2132.5077415448086
2025-06-18 09:30:00,2146.18957563294
2025-06-18 10:00:00,2162.0992302783975
2025-06-18 10:30:00,2165.164987281296
2025-06-18 11:00:00,2153.7467088872604
2025-06-18 11:30:00,2146.3638456650006
2025-06-18 12:00:00,2145.1767609164467
2025-06-18 12:30:00,2143.746238411864
2025-06-18 13:00:00,2142.9005071380616
2025-06-18 13:30:00,2142.795221362981
2025-06-18 14:00:00,2142.6397526863957
2025-06-18 14:30:00,2123.8602486397053
2025-06-18 15:00:00,2128.8935727173375
2025-06-18 15:30:00,2110.9790104045837
2025-06-18 16:00:00,2110.4328019331224
2025-06-18 16:30:00,2110.4299262421578
2025-06-18 17:00:00,2110.4371828048297
2025-06-18 17:30:00,2102.3415680166477
2025-06-18 18:00:00,2102.196321798164
2025-06-18 18:30:00,2102.20460345675
2025-06-18 19:00:00,2102.174820083755
2025-06-18 19:30:00,2102.213573057923
2025-06-18 20:00:00,2102.222231362061
2025-06-18 20:30:00,2102.215654885828
2025-06-18 21:00:00,2102.2031726814785
2025-06-18 21:30:00,2102.227849657335
2025-06-18 22:00:00,2104.9683932722046
2025-06-18 22:30:00,2102.195630232363
2025-06-18 23:00:00,2102.1767935692947
2025-06-18 23:30:00,2104.9659014710755
2025-06-19 00:00:00,2102.205878863661
2025-06-19 00:30:00,2102.2519798609014
2025-06-19 01:00:00,2102.2024469202315
2025-06-19 01:30:00,2102.233376643633
2025-06-19 02:00:00,2102.290139567391
2025-06-19 02:30:00,2102.2164826850158
2025-06-19 03:00:00,2102.189764966729
2025-06-19 03:30:00,2102.2103107081753
2025-06-19 04:00:00,2102.1522020116768
2025-06-19 04:30:00,2102.148031274642
2025-06-19 05:00:00,2102.163596141609
2025-06-19 05:30:00,2102.1334918778452
2025-06-19 06:00:00,2102.0446326761903
2025-06-19 06:30:00,2099.2827992551797
2025-06-19 07:00:00,2097.955709370947
2025-06-19 07:30:00,2097.9558162283342
2025-06-19 08:00:00,2099.1041584194727
2025-06-19 08:30:00,2117.307446266485
2025-06-19 09:00:00,2167.0122534012926
2025-06-19 09:30:00,2151.638908493292
2025-06-19 10:00:00,2131.2242876195064
2025-06-19 10:30:00,2113.1975498962333
2025-06-19 11:00:00,2112.1269964412477
2025-06-19 11:30:00,2103.447318060406
2025-06-19 12:00:00,2088.6312300027057
2025-06-19 12:30:00,2087.651250559103
2025-06-19 13:00:00,2091.5669752811123
2025-06-19 13:30:00,2097.4380304958217
2025-06-19 14:00:00,2112.662907347519
2025-06-19 14:30:00,2112.663768442809
2025-06-19 15:00:00,2119.4714380631913
2025-06-19 15:30:00,2132.7578107869044
2025-06-19 16:00:00,2143.1657699227458
2025-06-19 16:30:00,2155.7013186449317
2025-06-19 17:00:00,2164.1630018225756
2025-06-19 17:30:00,2165.17086254891
2025-06-19 18:00:00,2149.4370093587245
2025-06-19 18:30:00,2147.328516737033
2025-06-19 19:00:00,2146.174129759435
2025-06-19 19:30:00,2143.00198098598
2025-06-19 20:00:00,2130.4490559904807
2025-06-19 20:30:00,2124.1292059882794
2025-06-19 21:00:00,2125.726805289031
2025-06-19 21:30:00,2115.206755183402
2025-06-19 22:00:00,2108.5138214465755
2025-06-19 22:30:00,2110.4229910742038
2025-06-19 23:00:00,2110.4120172566345
2025-06-19 23:30:00,2110.408849929102
2025-06-20 00:00:00,2102.2832640268684
2025-06-20 00:30:00,2102.2028602494697
2025-06-20 01:00:00,2102.216900725896
2025-06-20 01:30:00,2102.2716505093417
2025-06-20 02:00:00,2102.21313627497
2025-06-20 02:30:00,2102.210635805896
2025-06-20 03:00:00,2102.20801974509
2025-06-20 03:30:00,2102.2394572654066
2025-06-20 04:00:00,2102.1959543188536
2025-06-20 04:30:00,2102.206980467553
2025-06-20 05:00:00,2102.2096345868636
2025-06-20 05:30:00,2102.2031576445256
2025-06-20 06:00:00,2102.273103607469
2025-06-20 06:30:00,2102.199873601659
2025-06-20 07:00:00,2102.1802104005887
2025-06-20 07:30:00,2102.196951351734
2025-06-20 08:00:00,2102.160966075476
2025-06-20 08:30:00,2102.2174380618912
2025-06-20 09:00:00,2102.2595083112665
2025-06-20 09:30:00,2110.4193206240957
2025-06-20 10:00:00,2104.9551387058204
2025-06-20 10:30:00,2102.1855108823534
2025-06-20 11:00:00,2102.1987951975993
2025-06-20 11:30:00,2102.1495174838806
2025-06-20 12:00:00,2102.1696925294623
2025-06-20 12:30:00,2102.2249703609045
2025-06-20 13:00:00,2104.9550913169655
2025-06-20 13:30:00,2110.405953243723
2025-06-20 14:00:00,2110.40623542945
2025-06-20 14:30:00,2110.416757387884
2025-06-20 15:00:00,2110.4176096459682
2025-06-20 15:30:00,2110.417756897483
2025-06-20 16:00:00,2102.15394700723
2025-06-20 16:30:00,2102.080256133904
2025-06-20 17:00:00,2099.2945286590257
2025-06-20 17:30:00,2097.9592767151366
2025-06-20 18:00:00,2097.9638943643254
2025-06-20 18:30:00,2097.9644879328134
2025-06-20 19:00:00,2098.8175778753257
2025-06-20 19:30:00,2116.7097760558563
2025-06-20 20:00:00,2167.003833260165
2025-06-20 20:30:00,2167.0037916345245
2025-06-20 21:00:00,2162.2544740998733
2025-06-20 21:30:00,2150.6061647205393
2025-06-20 22:00:00,2145.491870581059
2025-06-20 22:30:00,2139.100380756228
2025-06-20 23:00:00,2140.2724313806502
2025-06-20 23:30:00,2141.037913832821
2025-06-21 00:00:00,2140.9541515568185
2025-06-21 00:30:00,2144.6349791857247
2025-06-21 01:00:00,2151.358295655071
2025-06-21 01:30:00,2156.4421661314823
2025-06-21 02:00:00,2163.659209958032
2025-06-21 02:30:00,2163.661715868878
2025-06-21 03:00:00,2165.1654888907815
2025-06-21 03:30:00,2165.171170437594
2025-06-21 04:00:00,2165.171556743742
2025-06-21 04:30:00,2159.943507831412
2025-06-21 05:00:00,2142.009912123464
2025-06-21 05:30:00,2126.3272564027925
2025-06-21 06:00:00,2107.076774348017
2025-06-21 06:30:00,2107.0878021311814
2025-06-21 07:00:00,2106.2507123862015
2025-06-21 07:30:00,2104.5587909993887
2025-06-21 08:00:00,2104.9843907155278
2025-06-21 08:30:00,2107.7057134768615
2025-06-21 09:00:00,2104.9921283704
2025-06-21 09:30:00,2104.9773713864356
2025-06-21 10:00:00,2104.973112843227
2025-06-21 10:30:00,2102.1802834167524
2025-06-21 11:00:00,2102.181378254713
2025-06-21 11:30:00,2102.2575928587416
2025-06-21 12:00:00,2102.263834740091
2025-06-21 12:30:00,2102.3100926602424
2025-06-21 13:00:00,2102.2123358455483
2025-06-21 13:30:00,2102.1339898660103
2025-06-21 14:00:00,2102.2020801777758
2025-06-21 14:30:00,2102.1471017845565
2025-06-21 15:00:00,2102.147068769762
2025-06-21 15:30:00,2102.1571733469073
2025-06-21 16:00:00,2102.219965556262
2025-06-21 16:30:00,2102.1816319176705
2025-06-21 17:00:00,2102.216008405155
2025-06-21 17:30:00,2102.187977243731
2025-06-21 18:00:00,2102.187125665297
2025-06-21 18:30:00,2102.165695816092
2025-06-21 19:00:00,2102.1646444191992
2025-06-21 19:30:00,2102.1807992277936
2025-06-21 20:00:00,2102.1885652622746
2025-06-21 20:30:00,2102.1666692796516
2025-06-21 21:00:00,2102.1357420819786
2025-06-21 21:30:00,2102.074152092182
2025-06-21 22:00:00,2099.2966646061545
2025-06-21 22:30:00,2097.9576439888297
2025-06-21 23:00:00,2097.960127364151
2025-06-21 23:30:00,2097.961827394715
2025-06-22 00:00:00,2097.963611853022
2025-06-22 00:30:00,2097.966481975439
2025-06-22 01:00:00,2102.693695719671
2025-06-22 01:30:00,2145.131016963839
2025-06-22 02:00:00,2167.0032930869334
2025-06-22 02:30:00,2167.000384517941
2025-06-22 03:00:00,2154.141260761096
2025-06-22 03:30:00,2145.491802668668
2025-06-22 04:00:00,2138.4964003857763
2025-06-22 04:30:00,2130.6216827825724
2025-06-22 05:00:00,2131.7162142143384
2025-06-22 05:30:00,2132.250790653052
2025-06-22 06:00:00,2135.6714503647454
2025-06-22 06:30:00,2143.1710730762948
2025-06-22 07:00:00,2144.9645860919795
2025-06-22 07:30:00,2152.2081482771064
2025-06-22 08:00:00,2162.100618490634
2025-06-22 08:30:00,2164.6650954121455
2025-06-22 09:00:00,2165.172175582808
2025-06-22 09:30:00,2165.171922728507
2025-06-22 10:00:00,2154.7153119391783
2025-06-22 10:30:00,2134.723017454875
2025-06-22 11:00:00,2125.2164969119513
2025-06-22 11:30:00,2124.0851489733745
2025-06-22 12:00:00,2125.39901123179
2025-06-22 12:30:00,2104.544716002287
2025-06-22 13:00:00,2104.51708970107
2025-06-22 13:30:00,2102.948596291692
2025-06-22 14:00:00,2102.208809764081
2025-06-22 14:30:00,2102.2185787053013
2025-06-22 15:00:00,2102.206013066136
2025-06-22 15:30:00,2102.1694916899323
2025-06-22 16:00:00,2102.137790089764
2025-06-22 16:30:00,2102.2464053013223
2025-06-22 17:00:00,2102.1698757398285
2025-06-22 17:30:00,2102.2040922723622
2025-06-22 18:00:00,2102.180180229035
2025-06-22 18:30:00,2102.1893489197028
2025-06-22 19:00:00,2102.213648469062
2025-06-22 19:30:00,2102.1936403786144
2025-06-22 20:00:00,2102.192264531676
2025-06-22 20:30:00,2102.1853826746283
2025-06-22 21:00:00,2102.1702619541124
2025-06-22 21:30:00,2102.1799047020227
2025-06-22 22:00:00,2102.1829899272766
2025-06-22 22:30:00,2102.2079253789293
2025-06-22 23:00:00,2102.161096011756
2025-06-22 23:30:00,2102.148105085813
2025-06-23 00:00:00,2102.191540195174
2025-06-23 00:30:00,2102.100144112912
2025-06-23 01:00:00,2102.096037944406
2025-06-23 01:30:00,2102.079774369586
2025-06-23 02:00:00,2102.0401880120503
2025-06-23 02:30:00,2100.635248208217
2025-06-23 03:00:00,2097.9577298461422
2025-06-23 03:30:00,2097.958610616788
2025-06-23 04:00:00,2097.953548345621
2025-06-23 04:30:00,2097.943407234592
2025-06-23 05:00:00,2097.931838758363
2025-06-23 05:30:00,2097.9396143238077
2025-06-23 06:00:00,2097.9483646155695
2025-06-23 06:30:00,2100.6689852938584
2025-06-23 07:00:00,2101.374130592858
2025-06-23 07:30:00,2138.602004860437
2025-06-23 08:00:00,2167.0035955838457
2025-06-23 08:30:00,2167.005660931989
2025-06-23 09:00:00,2167.011310630615
2025-06-23 09:30:00,2164.779280014053
2025-06-23 10:00:00,2160.2054851503194
2025-06-23 10:30:00,2156.0819951652065
2025-06-23 11:00:00,2157.368931090211
2025-06-23 11:30:00,2164.7801750373415
2025-06-23 12:00:00,2165.1834261672902
2025-06-23 12:30:00,2165.1814411106657
2025-06-23 13:00:00,2165.1809668687506
2025-06-23 13:30:00,2165.1790687507814
2025-06-23 14:00:00,2165.1727567311978
2025-06-23 14:30:00,2165.1721464445077
2025-06-23 15:00:00,2165.1715436539566
2025-06-23 15:30:00,2146.4437353038156
2025-06-23 16:00:00,2127.3488344636316
2025-06-23 16:30:00,2107.0820196917607
2025-06-23 17:00:00,2107.109338116114
2025-06-23 17:30:00,2104.5530431148836
2025-06-23 18:00:00,2103.740522538563
2025-06-23 18:30:00,2102.1998240689445
2025-06-23 19:00:00,2102.2156729759395
2025-06-23 19:30:00,2102.2339894296297
2025-06-23 20:00:00,2102.2002323375104
2025-06-23 20:30:00,2102.2267958503157
2025-06-23 21:00:00,2102.266258855517
2025-06-23 21:30:00,2102.196055289711
2025-06-23 22:00:00,2102.149010463822
2025-06-23 22:30:00,2102.1260708552077
2025-06-23 23:00:00,2102.1508895079933
2025-06-23 23:30:00,2102.1120252223286
2025-06-24 00:00:00,2102.1427101004374
2025-06-24 00:30:00,2102.14705656264
2025-06-24 01:00:00,2102.1621724859633
2025-06-24 01:30:00,2102.135789447033
2025-06-24 02:00:00,2102.1224982713834
2025-06-24 02:30:00,2102.127388975627
2025-06-24 03:00:00,2102.1315477188714
2025-06-24 03:30:00,2102.163674631998
2025-06-24 04:00:00,2102.125456652369
2025-06-24 04:30:00,2102.1667726196974
2025-06-24 05:00:00,2102.138175025499
2025-06-24 05:30:00,2102.1323276387984
2025-06-24 06:00:00,2102.098475871815
2025-06-24 06:30:00,2102.081705586765
2025-06-24 07:00:00,2102.1173817548256
2025-06-24 07:30:00,2102.0892389587484
2025-06-24 08:00:00,2102.1030498401237
2025-06-24 08:30:00,2102.1002866041704
2025-06-24 09:00:00,2102.0836369452677
2025-06-24 09:30:00,2102.0836511701186
2025-06-24 10:00:00,2102.072012049775
2025-06-24 10:30:00,2102.048512943876
2025-06-24 11:00:00,2101.97885417543
2025-06-24 11:30:00,2097.95631696963
2025-06-24 12:00:00,2097.9604143493525
2025-06-24 12:30:00,2097.9473430673647
2025-06-24 13:00:00,2097.9455379057513
2025-06-24 13:30:00,2097.9620934892155
2025-06-24 14:00:00,2097.970371082824
2025-06-24 14:30:00,2136.922414120159
2025-06-24 15:00:00,2105.3342748346286
2025-06-24 15:30:00,2139.932336096041
2025-06-24 16:00:00,2167.002996335166
2025-06-24 16:30:00,2167.00401192601
2025-06-24 17:00:00,2167.0122074606793
2025-06-24 17:30:00,2167.005466255866
2025-06-24 18:00:00,2167.004741730161
2025-06-24 18:30:00,2167.0054527686093
2025-06-24 19:00:00,2167.0047279914215
2025-06-24 19:30:00,2167.005539934355
2025-06-24 20:00:00,2167.00447502709
2025-06-24 20:30:00,2167.0044744387847
2025-06-24 21:00:00,2165.7915682720354
2025-06-24 21:30:00,2165.1737812259857
2025-06-24 22:00:00,2158.996916567228
2025-06-24 22:30:00,2146.550191080694
2025-06-24 23:00:00,2138.7918776566435
2025-06-24 23:30:00,2103.250748906988
2025-06-25 00:00:00,2106.986026569877
2025-06-25 00:30:00,2106.155730269926
2025-06-25 01:00:00,2104.453653595056
2025-06-25 01:30:00,2102.1711785484954
2025-06-25 02:00:00,2102.178368817229
2025-06-25 02:30:00,2102.1767930503156
2025-06-25 03:00:00,2102.177065780621
2025-06-25 03:30:00,2102.2099326322077
2025-06-25 04:00:00,2102.2027385438037
2025-06-25 04:30:00,2102.172655077153
2025-06-25 05:00:00,2102.135467081878
2025-06-25 05:30:00,2102.142361822263
2025-06-25 06:00:00,2102.1045484533715
2025-06-25 06:30:00,2102.1395321505456
2025-06-25 07:00:00,2102.140121315952
2025-06-25 07:30:00,2102.1412084163717
2025-06-25 08:00:00,2102.1367327928815
2025-06-25 08:30:00,2102.1199858413293
2025-06-25 09:00:00,2102.1302161891344
2025-06-25 09:30:00,2102.141181055816
2025-06-25 10:00:00,2102.1282211795397
2025-06-25 10:30:00,2102.143701580736
2025-06-25 11:00:00,2102.126561959883
2025-06-25 11:30:00,2102.133393278153
2025-06-25 12:00:00,2102.1288065091235
2025-06-25 12:30:00,2102.2170448553784
2025-06-25 13:00:00,2102.165473386982
2025-06-25 13:30:00,2102.1241565030673
2025-06-25 14:00:00,2102.1149666135702
2025-06-25 14:30:00,2102.1002786154127
2025-06-25 15:00:00,2102.0947832081233
2025-06-25 15:30:00,2102.1164795553855
2025-06-25 16:00:00,2102.1042567263266
2025-06-25 16:30:00,2102.0950189364426
2025-06-25 17:00:00,2102.0961483255905
2025-06-25 17:30:00,2102.0733063323078
2025-06-25 18:00:00,2102.028983749265
2025-06-25 18:30:00,2100.6313475633237
2025-06-25 19:00:00,2097.960706711096
2025-06-25 19:30:00,2097.961981063885
2025-06-25 20:00:00,2097.9574954554255
2025-06-25 20:30:00,2097.9630433718835
2025-06-25 21:00:00,2097.964760482518
2025-06-25 21:30:00,2097.9642194038292
2025-06-25 22:00:00,2100.666853440736
2025-06-25 22:30:00,2105.3373977804663
2025-06-25 23:00:00,2105.3343510541977
2025-06-25 23:30:00,2160.9263322513993
2025-06-26 00:00:00,2167.002143751524
2025-06-26 00:30:00,2167.005381138252
2025-06-26 01:00:00,2167.0054014476864
2025-06-26 01:30:00,2167.0047187750583
2025-06-26 02:00:00,2167.0030093276278
2025-06-26 02:30:00,2167.0033844693958
2025-06-26 03:00:00,2167.004080947702
2025-06-26 03:30:00,2167.0038563345665
2025-06-26 04:00:00,2165.7874511240025
2025-06-26 04:30:00,2165.17402458449
2025-06-26 05:00:00,2165.1718710505015
2025-06-26 05:30:00,2146.616290045233
2025-06-26 06:00:00,2140.132483783758
2025-06-26 06:30:00,2110.087240076664
2025-06-26 07:00:00,2106.9985264861066
2025-06-26 07:30:00,2106.1637294058132
2025-06-26 08:00:00,2104.4501167526482
2025-06-26 08:30:00,2102.132791410608
2025-06-26 09:00:00,2102.1944094064984
2025-06-26 09:30:00,2102.1804702938716
2025-06-26 10:00:00,2102.20336417755
2025-06-26 10:30:00,2102.18925511733
2025-06-26 11:00:00,2104.979268156662
2025-06-26 11:30:00,2110.446103125761
2025-06-26 12:00:00,2110.4279410570857
2025-06-26 12:30:00,2102.1717190668483
2025-06-26 13:00:00,2102.0997003347825
2025-06-26 13:30:00,2102.122386646641
2025-06-26 14:00:00,2102.1026063974464
2025-06-26 14:30:00,2102.1064211838534
2025-06-26 15:00:00,2102.1003910717627
2025-06-26 15:30:00,2102.088185004451
2025-06-26 16:00:00,2102.091283666179
2025-06-26 16:30:00,2102.089653861654
2025-06-26 17:00:00,2102.101308186827
2025-06-26 17:30:00,2102.1180656841957
2025-06-26 18:00:00,2102.1168335975267
2025-06-26 18:30:00,2102.0996333280605
2025-06-26 19:00:00,2102.1133046789937
2025-06-26 19:30:00,2102.113478794188
2025-06-26 20:00:00,2102.109007404873
2025-06-26 20:30:00,2102.1143627655533
2025-06-26 21:00:00,2102.1016935268126
2025-06-26 21:30:00,2102.1032622192406
2025-06-26 22:00:00,2102.107390960297
2025-06-26 22:30:00,2102.093599916036
2025-06-26 23:00:00,2102.1075385324975
2025-06-26 23:30:00,2102.100634392709
2025-06-27 00:00:00,2102.0954458498854
2025-06-27 00:30:00,2102.0877883830585
2025-06-27 01:00:00,2102.088992249021
2025-06-27 01:30:00,2102.0826702096742
2025-06-27 02:00:00,2102.0682745652284
2025-06-27 02:30:00,2102.03724290722
2025-06-27 03:00:00,2099.290388097577
2025-06-27 03:30:00,2097.962198698468
2025-06-27 04:00:00,2097.961830660192
2025-06-27 04:30:00,2097.9646355826662
2025-06-27 05:00:00,2097.9652193672787
2025-06-27 05:30:00,2097.9650998778575
2025-06-27 06:00:00,2097.9656738603107
2025-06-27 06:30:00,2097.98224303929
2025-06-27 07:00:00,2102.1871384956607
2025-06-27 07:30:00,2101.371902798979
2025-06-27 08:00:00,2101.3686605474204
2025-06-27 08:30:00,2099.9922600902955
2025-06-27 09:00:00,2097.9668139717974
2025-06-27 09:30:00,2097.9668681107423
2025-06-27 10:00:00,2097.9645020493817
2025-06-27 10:30:00,2097.956178525182
2025-06-27 11:00:00,2097.9530217156534
2025-06-27 11:30:00,2097.9524447236363
2025-06-27 12:00:00,2097.9575353998216
2025-06-27 12:30:00,2097.95399538356
2025-06-27 13:00:00,2097.9558428157648
2025-06-27 13:30:00,2097.9561635571554
2025-06-27 14:00:00,2097.947480628957
2025-06-27 14:30:00,2097.9565060183827
2025-06-27 15:00:00,2097.95525579977
2025-06-27 15:30:00,2097.955456160125
2025-06-27 16:00:00,2101.9621731050734
2025-06-27 16:30:00,2101.984859819537
2025-06-27 17:00:00,2102.0231637003785
2025-06-27 17:30:00,2102.0415201675655
2025-06-27 18:00:00,2102.062160553343
2025-06-27 18:30:00,2102.104574641203
2025-06-27 19:00:00,2102.0962075600205
2025-06-27 19:30:00,2102.1186921880394
2025-06-27 20:00:00,2102.105334430827
2025-06-27 20:30:00,2102.115189862345
2025-06-27 21:00:00,2102.1462657407556
2025-06-27 21:30:00,2102.140232406268
2025-06-27 22:00:00,2102.1501221343638
2025-06-27 22:30:00,2102.149296155021
2025-06-27 23:00:00,2102.140031505191
2025-06-27 23:30:00,2102.1328047621014
2025-06-28 00:00:00,2102.125324246137
2025-06-28 00:30:00,2102.1434668302722
2025-06-28 01:00:00,2102.166463780563
2025-06-28 01:30:00,2102.1429312414984
2025-06-28 02:00:00,2102.125286293443
2025-06-28 02:30:00,2102.156072674867
2025-06-28 03:00:00,2102.15776838978
2025-06-28 03:30:00,2102.1479655660078
2025-06-28 04:00:00,2102.1712036096824
2025-06-28 04:30:00,2102.152198642548
2025-06-28 05:00:00,2102.1609846820866
2025-06-28 05:30:00,2102.1432051735424
2025-06-28 06:00:00,2102.1493273102074
2025-06-28 06:30:00,2102.138049323748
2025-06-28 07:00:00,2102.1291377627904
2025-06-28 07:30:00,2102.158548045399
2025-06-28 08:00:00,2102.1706377901082
2025-06-28 08:30:00,2102.166079030572
2025-06-28 09:00:00,2102.177180645454
2025-06-28 09:30:00,2102.150499862907
2025-06-28 10:00:00,2104.9044813414944
2025-06-28 10:30:00,2104.925053371331
2025-06-28 11:00:00,2102.1730456047194
2025-06-28 11:30:00,2102.1627138872664
2025-06-28 12:00:00,2102.1610902338584
2025-06-28 12:30:00,2102.1501223502655
2025-06-28 13:00:00,2102.1337777200915
2025-06-28 13:30:00,2102.148116041029
2025-06-28 14:00:00,2102.1498885946025
2025-06-28 14:30:00,2102.1653870835794
2025-06-28 15:00:00,2102.15691467033
2025-06-28 15:30:00,2102.128791572392
2025-06-28 16:00:00,2102.009108063807
2025-06-28 16:30:00,2097.958419647543
2025-06-28 17:00:00,2097.9628512527856
2025-06-28 17:30:00,2097.963382813393
2025-06-28 18:00:00,2097.9647113698634
2025-06-28 18:30:00,2067.570551530137
2025-06-28 19:00:00,1677.1491192588874
2025-06-28 19:30:00,1546.6336408874647
2025-06-28 20:00:00,1546.6336548515071
2025-06-28 20:30:00,1898.4656605426153
2025-06-28 21:00:00,2114.32928588208
2025-06-28 21:30:00,2097.9636007177487
2025-06-28 22:00:00,2097.9627072944277
2025-06-28 22:30:00,2097.9609259012627
2025-06-28 23:00:00,2097.9584063984007
2025-06-28 23:30:00,2097.9640862396923
2025-06-29 00:00:00,2097.96451144323
2025-06-29 00:30:00,2097.9651978359993
2025-06-29 01:00:00,2097.9650456006916
2025-06-29 01:30:00,2097.965024077976
2025-06-29 02:00:00,2097.9640415644512
2025-06-29 02:30:00,2097.96399704995
2025-06-29 03:00:00,2097.964956624528
2025-06-29 03:30:00,2097.964586866069
2025-06-29 04:00:00,2097.9624901381485
2025-06-29 04:30:00,2097.957016199027
2025-06-29 05:00:00,2097.9581619210353
2025-06-29 05:30:00,2097.9599560915162
2025-06-29 06:00:00,2097.957564851675
2025-06-29 06:30:00,2097.9601015955927
2025-06-29 07:00:00,2097.9601199614176
2025-06-29 07:30:00,2097.957802910376
2025-06-29 08:00:00,2097.95947289406
2025-06-29 08:30:00,2097.9614877172476
2025-06-29 09:00:00,2101.974163791878
2025-06-29 09:30:00,2102.012162120083
2025-06-29 10:00:00,2102.0249951503415
2025-06-29 10:30:00,2102.027117332024
2025-06-29 11:00:00,2120.230638961731
2025-06-29 11:30:00,2102.0972628446543
2025-06-29 12:00:00,2102.080802694627
2025-06-29 12:30:00,2107.6021501963805
2025-06-29 13:00:00,2110.378778696954
2025-06-29 13:30:00,2110.393355250782
2025-06-29 14:00:00,2110.4103470488135
2025-06-29 14:30:00,2110.397073578266
2025-06-29 15:00:00,2110.4012759417205
2025-06-29 15:30:00,2110.4048714777996
2025-06-29 16:00:00,2110.407091780797
2025-06-29 16:30:00,2110.403346264595
2025-06-29 17:00:00,2116.144681006273
2025-06-29 17:30:00,2119.0152419248993
2025-06-29 18:00:00,2119.0143933664353
2025-06-29 18:30:00,2119.0176765634374
2025-06-29 19:00:00,2119.017026596014
2025-06-29 19:30:00,2119.022312033132
2025-06-29 20:00:00,2119.0206976502363
2025-06-29 20:30:00,2119.0299549649494
2025-06-29 21:00:00,2119.028325078512
2025-06-29 21:30:00,2119.02112696323
2025-06-29 22:00:00,2119.0287147748204
2025-06-29 22:30:00,2119.0446802753413
2025-06-29 23:00:00,2119.039437674316
2025-06-29 23:30:00,2119.043700804212
2025-06-30 00:00:00,2119.0452822361917
2025-06-30 00:30:00,2119.0351567554653
2025-06-30 01:00:00,2119.0221386252565
2025-06-30 01:30:00,2119.019483634082
2025-06-30 02:00:00,2119.022364188215
2025-06-30 02:30:00,2119.008607799841
2025-06-30 03:00:00,2119.019921864474
2025-06-30 03:30:00,2119.0225496792787
2025-06-30 04:00:00,2119.0173214081265
2025-06-30 04:30:00,2119.0201886501322
2025-06-30 05:00:00,2119.0428349198633
2025-06-30 05:30:00,2119.046782031168
2025-06-30 06:00:00,2119.047789879083
2025-06-30 06:30:00,2119.0478986536496
2025-06-30 07:00:00,2119.0494885306557
2025-06-30 07:30:00,2119.04869411063
2025-06-30 08:00:00,2119.0524917412367
2025-06-30 08:30:00,2119.051579170662
2025-06-30 09:00:00,2119.049500594156
2025-06-30 09:30:00,2119.0507236694853
2025-06-30 10:00:00,2119.0408999437673
2025-06-30 10:30:00,2119.030255576107
2025-06-30 11:00:00,2119.0457893157045
2025-06-30 11:30:00,2119.0477761716747
2025-06-30 12:00:00,2119.043243288991
2025-06-30 12:30:00,2119.0324671465664
2025-06-30 13:00:00,2119.050654876634
2025-06-30 13:30:00,2119.04998133911
2025-06-30 14:00:00,2119.0504526854443
2025-06-30 14:30:00,2119.04636279759
2025-06-30 15:00:00,2119.0453295014763
2025-06-30 15:30:00,2119.0485166305784
2025-06-30 16:00:00,2119.050140362347
2025-06-30 16:30:00,2107.5724692372087
2025-06-30 17:00:00,2112.8003961744885
2025-06-30 17:30:00,2031.3012666988213
2025-06-30 18:00:00,2022.7000649229994
2025-06-30 18:30:00,2039.8457475005393
2025-06-30 19:00:00,2078.3410986368795
2025-06-30 19:30:00,2115.793511067253
2025-06-30 20:00:00,2125.8711723366127
2025-06-30 20:30:00,2146.4552448141785
2025-06-30 21:00:00,2162.099922333498
2025-06-30 21:30:00,2165.167076973372
2025-06-30 22:00:00,2165.1673008684224
2025-06-30 22:30:00,2165.1673368907814
2025-06-30 23:00:00,2140.2355501741235
2025-06-30 23:30:00,2117.2604573229514
2025-07-01 00:00:00,2106.9731618143173
2025-07-01 00:30:00,2106.0904276545994
2025-07-01 01:00:00,2104.320115137122
2025-07-01 01:30:00,2101.985752139875
2025-07-01 02:00:00,2101.9893161726104
2025-07-01 02:30:00,2102.008451219625
2025-07-01 03:00:00,2102.1383615959535
2025-07-01 03:30:00,2102.145820640952
2025-07-01 04:00:00,2102.15746036488
2025-07-01 04:30:00,2102.210346833824
2025-07-01 05:00:00,2102.114593153003
2025-07-01 05:30:00,2102.0853583827447
2025-07-01 06:00:00,2102.086192481716
2025-07-01 06:30:00,2102.014588173482
2025-07-01 07:00:00,2102.013345488516
2025-07-01 07:30:00,2102.007539095583
2025-07-01 08:00:00,2104.790496563855
2025-07-01 08:30:00,2110.354356887849
2025-07-01 09:00:00,2116.1516136387363
2025-07-01 09:30:00,2113.2503149521613
2025-07-01 10:00:00,2102.016582224717
2025-07-01 10:30:00,2102.0134294116574
2025-07-01 11:00:00,2104.7933411759304
2025-07-01 11:30:00,2110.34733909971
2025-07-01 12:00:00,2110.3512420455554
2025-07-01 12:30:00,2116.4151241948093
2025-07-01 13:00:00,2119.0517721843703
2025-07-01 13:30:00,2119.053659900354
2025-07-01 14:00:00,2112.5375340634364
2025-07-01 14:30:00,2116.155318315934
2025-07-01 15:00:00,2119.04067868044
2025-07-01 15:30:00,2119.0135876880145
2025-07-01 16:00:00,2112.0962566467306
2025-07-01 16:30:00,2110.3730920101375
2025-07-01 17:00:00,2111.8257692153943
2025-07-01 17:30:00,2113.2525595028314
2025-07-01 18:00:00,2112.5321918328336
2025-07-01 18:30:00,2110.410025509361
2025-07-01 19:00:00,2110.4398504042742
2025-07-01 19:30:00,2104.2724750201596
2025-07-01 20:00:00,2110.4157757315184
2025-07-01 20:30:00,2110.4327740617246
2025-07-01 21:00:00,2110.4284479751846
2025-07-01 21:30:00,2110.4450606732444
2025-07-01 22:00:00,2110.4283529829954
2025-07-01 22:30:00,2110.435807979264
2025-07-01 23:00:00,2110.4316394745047
2025-07-01 23:30:00,2110.4420211063757
2025-07-02 00:00:00,2110.4282905299096
2025-07-02 00:30:00,2110.4376036368967
2025-07-02 01:00:00,2110.4357889356065
2025-07-02 01:30:00,2110.43323076969
2025-07-02 02:00:00,2110.4359806368407
2025-07-02 02:30:00,2110.418859297747
2025-07-02 03:00:00,2110.429184547699
2025-07-02 03:30:00,2110.439162238906
2025-07-02 04:00:00,2110.454596185974
2025-07-02 04:30:00,2113.2964115102473
2025-07-02 05:00:00,2110.437283641544
2025-07-02 05:30:00,2118.9800882217532
2025-07-02 06:00:00,2110.4626798298073
2025-07-02 06:30:00,2118.991513551633
2025-07-02 07:00:00,2118.985694572453
2025-07-02 07:30:00,2118.9872939363795
2025-07-02 08:00:00,2118.994418038315
2025-07-02 08:30:00,2119.0237031794136
2025-07-02 09:00:00,2119.029196923266
2025-07-02 09:30:00,2119.0262130257047
2025-07-02 10:00:00,2119.0176864391983
2025-07-02 10:30:00,2118.9859376102645
2025-07-02 11:00:00,2118.989344285423
2025-07-02 11:30:00,2118.999849100324
2025-07-02 12:00:00,2118.9996339078907
2025-07-02 12:30:00,2119.000033708429
2025-07-02 13:00:00,2119.0086691360116
2025-07-02 13:30:00,2119.0033862968717
2025-07-02 14:00:00,2119.001558112374
2025-07-02 14:30:00,2119.0223566118743
2025-07-02 15:00:00,2119.02198573491
2025-07-02 15:30:00,2119.02296062882
2025-07-02 16:00:00,2119.0148213995785
2025-07-02 16:30:00,2119.02157801791
2025-07-02 17:00:00,2119.020911213595
2025-07-02 17:30:00,2119.0031646976636
2025-07-02 18:00:00,2118.9890936237252
2025-07-02 18:30:00,2119.011120601752
2025-07-02 19:00:00,2119.013173094667
2025-07-02 19:30:00,2119.0228848421716
2025-07-02 20:00:00,2119.0260453960436
2025-07-02 20:30:00,2119.0198908021416
2025-07-02 21:00:00,2119.0199187465955
2025-07-02 21:30:00,2119.025023451793
2025-07-02 22:00:00,2119.0224998505882
2025-07-02 22:30:00,2119.0251495650723
2025-07-02 23:00:00,2119.0270159462575
2025-07-02 23:30:00,2119.0277416930644
2025-07-03 00:00:00,2119.025441085129
2025-07-03 00:30:00,2119.0313645856527
2025-07-03 01:00:00,2119.025580291974
2025-07-03 01:30:00,2119.02811613349
2025-07-03 02:00:00,2119.025863147325
2025-07-03 02:30:00,2119.0282859378162
2025-07-03 03:00:00,2119.02841401631
2025-07-03 03:30:00,2119.0302060598056
2025-07-03 04:00:00,2119.0323949236495
2025-07-03 04:30:00,2119.0303260452183
2025-07-03 05:00:00,2119.030398608915
2025-07-03 05:30:00,2119.0304396656743
2025-07-03 06:00:00,2119.028944367565
2025-07-03 06:30:00,2119.0341131678715
2025-07-03 07:00:00,2119.0323848378325
2025-07-03 07:30:00,2119.034060692879
2025-07-03 08:00:00,2119.0325036082954
2025-07-03 08:30:00,2119.0312117271556
2025-07-03 09:00:00,2119.030011516655
2025-07-03 09:30:00,2119.0348865827186
2025-07-03 10:00:00,2119.034589918372
2025-07-03 10:30:00,508.6907423889097
2025-07-03 11:00:00,1784.1812647467837
2025-07-03 11:30:00,2119.026332343598
2025-07-03 12:00:00,2119.031885523426
2025-07-03 12:30:00,2119.0304410850854
2025-07-03 13:00:00,2119.034021932987
2025-07-03 13:30:00,2119.03405896734
2025-07-03 14:00:00,2119.031416065531
2025-07-03 14:30:00,2119.034693527796
2025-07-03 15:00:00,2119.036595286957
2025-07-03 15:30:00,2119.039784461164
2025-07-03 16:00:00,2119.038732930692
2025-07-03 16:30:00,2119.036939636496
2025-07-03 17:00:00,2119.0385335877777
2025-07-03 17:30:00,2119.040999501794
2025-07-03 18:00:00,2119.039094560961
2025-07-03 18:30:00,2119.039946087644
2025-07-03 19:00:00,2119.0419966894337
2025-07-03 19:30:00,2119.042939422125
2025-07-03 20:00:00,2119.0418911818256
2025-07-03 20:30:00,2119.0417010851475
2025-07-03 21:00:00,2119.0404912855674
2025-07-03 21:30:00,2119.039926878775
2025-07-03 22:00:00,2119.0404994715377
2025-07-03 22:30:00,2119.0410746504376
2025-07-03 23:00:00,2119.0435131136724
2025-07-03 23:30:00,2119.04199529519
2025-07-04 00:00:00,2119.0416102567547
2025-07-04 00:30:00,2119.041079109696
2025-07-04 01:00:00,2119.044002044011
2025-07-04 01:30:00,2119.0421071576443
2025-07-04 02:00:00,2119.0446602399898
2025-07-04 02:30:00,2119.0450072060034
2025-07-04 03:00:00,2119.042160457877
2025-07-04 03:30:00,2119.043304380155
2025-07-04 04:00:00,2119.042819366553
2025-07-04 04:30:00,2119.044150531672
2025-07-04 05:00:00,2119.042979097407
2025-07-04 05:30:00,2119.043142287311
2025-07-04 06:00:00,2119.0431095964946
2025-07-04 06:30:00,2119.0464381491665
2025-07-04 07:00:00,2119.045387696082
2025-07-04 07:30:00,1971.8058970767054
2025-07-04 08:00:00,1946.8503075918425
2025-07-04 08:30:00,1858.6725500519246
2025-07-04 09:00:00,1546.633520542949
2025-07-04 09:30:00,1546.6337130696356
2025-07-04 10:00:00,1546.6336954855135
2025-07-04 10:30:00,1546.633638333504
2025-07-04 11:00:00,1546.6336093092614
2025-07-04 11:30:00,1546.6335850144721
2025-07-04 12:00:00,1544.9176012522114
2025-07-04 12:30:00,1945.6907811819046
2025-07-04 13:00:00,2097.95371004282
2025-07-04 13:30:00,2097.963184172648
2025-07-04 14:00:00,2098.480242938613
2025-07-04 14:30:00,2101.9913984165078
2025-07-04 15:00:00,2102.0027508512953
2025-07-04 15:30:00,2102.125119963237
2025-07-04 16:00:00,2102.134183156263
2025-07-04 16:30:00,2100.9626203600574
2025-07-04 17:00:00,2102.3623038681812
2025-07-04 17:30:00,2102.317464999736
2025-07-04 18:00:00,2102.3672414867838
2025-07-04 18:30:00,2102.357668621173
2025-07-04 19:00:00,2108.2828095756354
2025-07-04 19:30:00,2110.4750512411492
2025-07-04 20:00:00,2110.48916684321
2025-07-04 20:30:00,2110.4878228720877
2025-07-04 21:00:00,2111.344361396453
2025-07-04 21:30:00,2113.8617735580037
2025-07-04 22:00:00,2118.9479991997705
2025-07-04 22:30:00,2118.9272796172104
2025-07-04 23:00:00,2118.9437085430213
2025-07-04 23:30:00,2118.947219236927
2025-07-05 00:00:00,2118.962292169509
2025-07-05 00:30:00,2118.9623485776146
2025-07-05 01:00:00,2118.960316055008
2025-07-05 01:30:00,2118.9724931743835
2025-07-05 02:00:00,2118.989396383682
2025-07-05 02:30:00,2118.9751803684476
2025-07-05 03:00:00,2106.7210960318816
2025-07-05 03:30:00,2109.9238310761352
2025-07-05 04:00:00,2110.4067005952556
2025-07-05 04:30:00,2111.675738055784
2025-07-05 05:00:00,2118.940674399644
2025-07-05 05:30:00,2118.935409237976
2025-07-05 06:00:00,2118.985152018528
2025-07-05 06:30:00,2119.001164032826
2025-07-05 07:00:00,2119.003722569045
2025-07-05 07:30:00,2119.0085327792603
2025-07-05 08:00:00,2118.999481987132
2025-07-05 08:30:00,2118.976177954965
2025-07-05 09:00:00,2119.0032994428993
2025-07-05 09:30:00,2119.0004731893246
2025-07-05 10:00:00,2119.010680785656
2025-07-05 10:30:00,2119.0068340690964
2025-07-05 11:00:00,2119.0159354519383
2025-07-05 11:30:00,2119.0058376276957
2025-07-05 12:00:00,2119.0015419075376
2025-07-05 12:30:00,2119.011489594669
2025-07-05 13:00:00,1993.2896654309736
2025-07-05 13:30:00,1952.826737087153
2025-07-05 14:00:00,1800.4244381149258
2025-07-05 14:30:00,1546.6334343661185
2025-07-05 15:00:00,1546.6334505167613
2025-07-05 15:30:00,1546.633440140116
2025-07-05 16:00:00,1546.6334233668733
2025-07-05 16:30:00,1546.633380087275
2025-07-05 17:00:00,1546.6334047081216
2025-07-05 17:30:00,1546.6334219287507
2025-07-05 18:00:00,1546.6334228923063
2025-07-05 18:30:00,1546.6333919936264
2025-07-05 19:00:00,1546.6334075460215
2025-07-05 19:30:00,1546.6333927574099
2025-07-05 20:00:00,1546.6334087899468
2025-07-05 20:30:00,1546.6334236988048
2025-07-05 21:00:00,1546.6334243726862
2025-07-05 21:30:00,1546.6334250719585
2025-07-05 22:00:00,1546.6334250686907
2025-07-05 22:30:00,1546.633425639339
2025-07-05 23:00:00,1546.6334111320182
2025-07-05 23:30:00,1546.633396482759
2025-07-06 00:00:00,1546.6334118892382
2025-07-06 00:30:00,1546.6334278516279
2025-07-06 01:00:00,1546.6334272400225
2025-07-06 01:30:00,1546.6334266524934
2025-07-06 02:00:00,1546.6334267661462
2025-07-06 02:30:00,1546.6334266261292
2025-07-06 03:00:00,1546.633427138974
2025-07-06 03:30:00,1546.633427518397
2025-07-06 04:00:00,1546.6334273639234
2025-07-06 04:30:00,1546.6334270751693
2025-07-06 05:00:00,1546.6334270142854
2025-07-06 05:30:00,1546.6334270396937
2025-07-06 06:00:00,1546.633426711294
2025-07-06 06:30:00,1546.6334270365169
2025-07-06 07:00:00,1546.6334265841504
2025-07-06 07:30:00,1546.6334262978226
2025-07-06 08:00:00,1546.6334114077483
2025-07-06 08:30:00,1546.633427985301
2025-07-06 09:00:00,1546.6334598116846
2025-07-06 09:30:00,1546.633538486956
2025-07-06 10:00:00,1545.9695415782712
2025-07-06 10:30:00,1546.633758732843
2025-07-06 11:00:00,1539.9917875114497
2025-07-06 11:30:00,2001.65611680244
2025-07-06 12:00:00,2101.621235115902
2025-07-06 12:30:00,2102.02138357542
2025-07-06 13:00:00,2102.1083336859206
2025-07-06 13:30:00,2102.0865674064853
2025-07-06 14:00:00,2102.2419295652367
2025-07-06 14:30:00,2103.595905523963
2025-07-06 15:00:00,2104.693677341621
2025-07-06 15:30:00,2105.5086317818955
2025-07-06 16:00:00,2104.450035680045
2025-07-06 16:30:00,2110.441329252674
2025-07-06 17:00:00,2110.4362034802766
2025-07-06 17:30:00,2110.470792882238
2025-07-06 18:00:00,2113.577090587487
2025-07-06 18:30:00,2112.160949800699
2025-07-06 19:00:00,2118.967287691555
2025-07-06 19:30:00,2114.145480747476
2025-07-06 20:00:00,2110.460661583586
2025-07-06 20:30:00,2116.7753975876717
2025-07-06 21:00:00,2116.1307221619095
2025-07-06 21:30:00,2118.9856197127033
2025-07-06 22:00:00,2118.984564299409
2025-07-06 22:30:00,2118.985463896841
2025-07-06 23:00:00,2118.9950638495993
2025-07-06 23:30:00,2119.002103523649
2025-07-07 00:00:00,2119.0144502993967
2025-07-07 00:30:00,2119.016962198785
2025-07-07 01:00:00,2119.021450713086
2025-07-07 01:30:00,2119.011119001229
2025-07-07 02:00:00,2119.012169675601
2025-07-07 02:30:00,2119.0226660606395
2025-07-07 03:00:00,2119.015004690269
2025-07-07 03:30:00,2119.0225140878833
2025-07-07 04:00:00,2119.0195353591257
2025-07-07 04:30:00,2119.0236093801946
2025-07-07 05:00:00,2119.020279126645
2025-07-07 05:30:00,2119.0173467031555
2025-07-07 06:00:00,2119.018394712583
2025-07-07 06:30:00,2119.0177340801943
2025-07-07 07:00:00,2119.014490477423
2025-07-07 07:30:00,2119.0152675042414
2025-07-07 08:00:00,2119.022087984085
2025-07-07 08:30:00,2119.0236604952047
2025-07-07 09:00:00,2119.0246606657056
2025-07-07 09:30:00,2115.8636656685376
2025-07-07 10:00:00,2111.290210543091
2025-07-07 10:30:00,2118.9879916814057
2025-07-07 11:00:00,2119.009469332401
2025-07-07 11:30:00,2119.02381114009
2025-07-07 12:00:00,2119.0241606682644
2025-07-07 12:30:00,2119.0243157926334
2025-07-07 13:00:00,2119.022198660511
2025-07-07 13:30:00,2119.0159422610295
2025-07-07 14:00:00,2119.0203156912844
2025-07-07 14:30:00,2119.0242308377683
2025-07-07 15:00:00,2119.0245185564727
2025-07-07 15:30:00,2119.0247875740915
2025-07-07 16:00:00,2119.02524639014
2025-07-07 16:30:00,2119.0254894812756
2025-07-07 17:00:00,2119.0262417200183
2025-07-07 17:30:00,2119.02674697319
2025-07-07 18:00:00,2119.0260918621957
2025-07-07 18:30:00,2119.029859340367
2025-07-07 19:00:00,2119.029821649166
2025-07-07 19:30:00,2119.0301366008466
2025-07-07 20:00:00,2119.0305501082466
2025-07-07 20:30:00,2119.031776329966
2025-07-07 21:00:00,2119.032280873878
2025-07-07 21:30:00,2119.0311893171724
2025-07-07 22:00:00,2119.029649475936
2025-07-07 22:30:00,2119.033711999697
2025-07-07 23:00:00,2119.0357026816673
2025-07-07 23:30:00,2119.0384864486846
2025-07-08 00:00:00,2119.041355664857
2025-07-08 00:30:00,2119.0417911479963
2025-07-08 01:00:00,2119.0439502694476
2025-07-08 01:30:00,2119.042085564622
2025-07-08 02:00:00,2119.0406841040253
2025-07-08 02:30:00,2119.0425190636724
2025-07-08 03:00:00,2119.041386274945
2025-07-08 03:30:00,2119.0433296199517
2025-07-08 04:00:00,2119.0414550934706
2025-07-08 04:30:00,2119.041450357798
2025-07-08 05:00:00,2119.0424829546123
2025-07-08 05:30:00,2119.041078538253
2025-07-08 06:00:00,2119.0400499486373
2025-07-08 06:30:00,2119.040815898881
2025-07-08 07:00:00,2119.041856393948
2025-07-08 07:30:00,2119.040684369294
2025-07-08 08:00:00,2119.038501227855
2025-07-08 08:30:00,2052.9394904562564
2025-07-08 09:00:00,1948.234274812907
2025-07-08 09:30:00,1949.7419373484734
2025-07-08 10:00:00,1948.653590064417
2025-07-08 10:30:00,1952.512136081057
2025-07-08 11:00:00,1951.8638719230767
2025-07-08 11:30:00,1953.0280399352048
2025-07-08 12:00:00,1952.237921576482
2025-07-08 12:30:00,1953.1093221204678
2025-07-08 13:00:00,1957.5296941199372
2025-07-08 13:30:00,1956.7732662019966
2025-07-08 14:00:00,1956.010685448928
2025-07-08 14:30:00,1956.98330659566
2025-07-08 15:00:00,1954.825730396121
2025-07-08 15:30:00,1953.4225972531121
2025-07-08 16:00:00,1946.7409580522162
2025-07-08 16:30:00,1949.3894886131068
2025-07-08 17:00:00,1947.3646689273046
2025-07-08 17:30:00,1944.989776043308
2025-07-08 18:00:00,1942.513407618455
2025-07-08 18:30:00,1944.5525017375458
2025-07-08 19:00:00,1944.1062298870759
2025-07-08 19:30:00,1943.1397520711682
2025-07-08 20:00:00,1942.3600949037173
2025-07-08 20:30:00,1942.041840060802
2025-07-08 21:00:00,1940.691235207911
2025-07-08 21:30:00,1939.0342732428207
2025-07-08 22:00:00,1939.6887026986908
2025-07-08 22:30:00,1938.6384390886494
2025-07-08 23:00:00,1938.1448280269633
2025-07-08 23:30:00,1937.7997514350748
2025-07-09 00:00:00,1676.5946624778026
2025-07-09 00:30:00,1546.633404446333
2025-07-09 01:00:00,1546.6334046796007
2025-07-09 01:30:00,1546.6334050417745
2025-07-09 02:00:00,1546.6334055830105
2025-07-09 02:30:00,1546.6334062382255
2025-07-09 03:00:00,1546.633406402736
2025-07-09 03:30:00,1546.6333859895576
2025-07-09 04:00:00,1546.6334066316529
2025-07-09 04:30:00,1546.6333758603605
2025-07-09 05:00:00,1546.6333864171627
2025-07-09 05:30:00,1546.6333716899899
2025-07-09 06:00:00,1546.6333717092675
2025-07-09 06:30:00,1546.6333967886521
2025-07-09 07:00:00,1546.6334072096633
2025-07-09 07:30:00,1546.6334075445636
2025-07-09 08:00:00,1546.633407747727
2025-07-09 08:30:00,1546.6334079696105
2025-07-09 09:00:00,1546.6334086874042
2025-07-09 09:30:00,1546.6333977298743
2025-07-09 10:00:00,1546.633408282334
2025-07-09 10:30:00,1546.6334084035268
2025-07-09 11:00:00,1546.633408213599
2025-07-09 11:30:00,1546.6334080592267
2025-07-09 12:00:00,1546.63339745921
2025-07-09 12:30:00,1546.6333760375028
2025-07-09 13:00:00,1546.6334067471832
2025-07-09 13:30:00,1546.6334066378959
2025-07-09 14:00:00,1546.6333861797539
2025-07-09 14:30:00,1546.6334078548396
2025-07-09 15:00:00,1546.6334099120413
2025-07-09 15:30:00,1546.6334102362196
2025-07-09 16:00:00,1546.6334103725396
2025-07-09 16:30:00,1546.6334101277844
2025-07-09 17:00:00,1546.6334098589057
2025-07-09 17:30:00,1546.633409607166
2025-07-09 18:00:00,1546.6334099834821
2025-07-09 18:30:00,1546.6334098413836
2025-07-09 19:00:00,1546.633409717616
2025-07-09 19:30:00,1546.6334099384546
2025-07-09 20:00:00,1546.6333769262844
2025-07-09 20:30:00,1546.6333993341111
2025-07-09 21:00:00,1546.6334108420585
2025-07-09 21:30:00,1546.6334109958761
2025-07-09 22:00:00,1546.6334114741092
2025-07-09 22:30:00,1546.6334112560692
2025-07-09 23:00:00,1546.633411518135
2025-07-09 23:30:00,1546.633411320571
2025-07-10 00:00:00,1546.6334110469743
2025-07-10 00:30:00,1546.63338817217
2025-07-10 01:00:00,1546.6334098470988
2025-07-10 01:30:00,1546.6334096097974
2025-07-10 02:00:00,1546.6334098126151
2025-07-10 02:30:00,1546.633409843764
2025-07-10 03:00:00,1546.6334099438973
2025-07-10 03:30:00,1546.633410004857
2025-07-10 04:00:00,1546.6334100706151
2025-07-10 04:30:00,1546.6334103217912
2025-07-10 05:00:00,1546.633410356081
2025-07-10 05:30:00,1546.6334109846018
2025-07-10 06:00:00,1546.6333885996946
2025-07-10 06:30:00,1546.633400029457
2025-07-10 07:00:00,1546.6334113637179
2025-07-10 07:30:00,1546.6334004877062
2025-07-10 08:00:00,1546.6334012134357
2025-07-10 08:30:00,1546.6334134611443
2025-07-10 09:00:00,1543.2005516528989
2025-07-10 09:30:00,1546.6334123902718
2025-07-10 10:00:00,1546.6334115301372
2025-07-10 10:30:00,1546.6334116307796
2025-07-10 11:00:00,1546.6334118141458
2025-07-10 11:30:00,1546.6334000746194
2025-07-10 12:00:00,1546.633411358572
2025-07-10 12:30:00,1546.6333996434266
2025-07-10 13:00:00,1546.6334095534785
2025-07-10 13:30:00,1546.6334096667827
2025-07-10 14:00:00,1546.6333998242487
2025-07-10 14:30:00,1546.63341250573
2025-07-10 15:00:00,1546.6334117994484
2025-07-10 15:30:00,1546.6334121318032
2025-07-10 16:00:00,1546.6334123963861
2025-07-10 16:30:00,1546.6334124017558
2025-07-10 17:00:00,1546.633412421812
2025-07-10 17:30:00,1546.6334123954714
2025-07-10 18:00:00,1546.6334122987162
2025-07-10 18:30:00,1546.6334123850481
2025-07-10 19:00:00,1546.6334125686883
2025-07-10 19:30:00,1546.6334127325251
2025-07-10 20:00:00,1546.633389370607
2025-07-10 20:30:00,1546.633401072672
2025-07-10 21:00:00,1546.6334130618632
2025-07-10 21:30:00,1546.6334131901133
2025-07-10 22:00:00,1546.6334132418804
2025-07-10 22:30:00,1546.6334015360028
2025-07-10 23:00:00,1546.6334016081225
2025-07-10 23:30:00,1546.6334138220318
2025-07-11 00:00:00,1546.6334134994183
2025-07-11 00:30:00,1546.6334017448623
2025-07-11 01:00:00,1546.6333779748068
2025-07-11 01:30:00,1546.6334014856511
2025-07-11 02:00:00,1546.6334133929238
2025-07-11 02:30:00,1546.6334133187745
2025-07-11 03:00:00,1546.633413552148
2025-07-11 03:30:00,1546.6334142734167
2025-07-11 04:00:00,1546.6334140190463
2025-07-11 04:30:00,1546.6334138776117
2025-07-11 05:00:00,1546.633413727928
2025-07-11 05:30:00,1546.6334138763425
2025-07-11 06:00:00,1546.6334138060984
2025-07-11 06:30:00,1546.6334138319573
2025-07-11 07:00:00,1546.633414115762
2025-07-11 07:30:00,1546.6334021290538
2025-07-11 08:00:00,1546.6333902629112
2025-07-11 08:30:00,1546.6334143405209
2025-07-11 09:00:00,1546.63341413151
2025-07-11 09:30:00,1546.6334022247202
2025-07-11 10:00:00,1546.6333899473163
2025-07-11 10:30:00,1546.6334134331198
2025-07-11 11:00:00,1546.63337802634
2025-07-11 11:30:00,1546.6333899120089
2025-07-11 12:00:00,1546.6333898422263
2025-07-11 12:30:00,1546.6333778888493
2025-07-11 13:00:00,1546.6333892656064
2025-07-11 13:30:00,1546.633401038541
2025-07-11 14:00:00,1546.633402261934
2025-07-11 14:30:00,1546.6334152818192
2025-07-11 15:00:00,1546.633378766316
2025-07-11 15:30:00,1546.6334160977622
2025-07-11 16:00:00,1546.6334161111727
2025-07-11 16:30:00,1546.633416073074
2025-07-11 17:00:00,1546.6334160800482
2025-07-11 17:30:00,1546.6334156246419
2025-07-11 18:00:00,1546.6333906820962
2025-07-11 18:30:00,1546.6334149583402
2025-07-11 19:00:00,1546.633415048751
2025-07-11 19:30:00,1546.633415501586
2025-07-11 20:00:00,1546.63340440662
2025-07-11 20:30:00,1546.6334040210768
2025-07-11 21:00:00,1543.2005745414226
2025-07-11 21:30:00,1546.6334161410716
2025-07-11 22:00:00,1543.2005727383087
2025-07-11 22:30:00,1543.2005704531919
2025-07-11 23:00:00,1546.633415849734
2025-07-11 23:30:00,1546.6334157158883
2025-07-12 00:00:00,1546.6334151945105
2025-07-12 00:30:00,1546.6334150239534
2025-07-12 01:00:00,1546.6334151008557
2025-07-12 01:30:00,1546.6334151008723
2025-07-12 02:00:00,1546.6334150848809
2025-07-12 02:30:00,1546.6334151851045
2025-07-12 03:00:00,1546.633415453055
2025-07-12 03:30:00,1546.633415840536
2025-07-12 04:00:00,1546.6334160659014
2025-07-12 04:30:00,1546.6334162204446
2025-07-12 05:00:00,1546.6334162439337
2025-07-12 05:30:00,1546.6334039700669
2025-07-12 06:00:00,1546.6334160045537
2025-07-12 06:30:00,1546.6334157339625
2025-07-12 07:00:00,1546.633415631334
2025-07-12 07:30:00,1546.633415669532
2025-07-12 08:00:00,1546.6334156552805
2025-07-12 08:30:00,1546.6334163191311
2025-07-12 09:00:00,1546.6334166086574
2025-07-12 09:30:00,1546.6334165279993
2025-07-12 10:00:00,1546.6334167185416
2025-07-12 10:30:00,1546.6334168121718
2025-07-12 11:00:00,1546.6334162176356
2025-07-12 11:30:00,1546.6334037583638
2025-07-12 12:00:00,1546.6334035371972
2025-07-12 12:30:00,1546.6334152473007
2025-07-12 13:00:00,1546.6334144552377
2025-07-12 13:30:00,1543.2005550387985
2025-07-12 14:00:00,1546.6334146194085
2025-07-12 14:30:00,1546.6334159655498
2025-07-12 15:00:00,1546.633415366128
2025-07-12 15:30:00,1543.2005711540648
2025-07-12 16:00:00,1546.633415582967
2025-07-12 16:30:00,1546.6334157800445
2025-07-12 17:00:00,1546.6334160513268
2025-07-12 17:30:00,1546.6334038627836
2025-07-12 18:00:00,1546.6334166967117
2025-07-12 18:30:00,1546.633416731359
2025-07-12 19:00:00,1546.6334166119284
2025-07-12 19:30:00,1546.6334164954894
2025-07-12 20:00:00,1546.6334166586903
2025-07-12 20:30:00,1546.6334041734772
2025-07-12 21:00:00,1546.633417007286
2025-07-12 21:30:00,1546.6334171426222
2025-07-12 22:00:00,1546.633416624675
2025-07-12 22:30:00,1546.633416683444
2025-07-12 23:00:00,1546.6334169661368
2025-07-12 23:30:00,1546.6334170084072
2025-07-13 00:00:00,1546.6334170754578
2025-07-13 00:30:00,1546.6334047024193
2025-07-13 01:00:00,1546.6334046709171
2025-07-13 01:30:00,1539.767742011084
2025-07-13 02:00:00,1546.6334170623895
2025-07-13 02:30:00,1546.6334170244263
2025-07-13 03:00:00,1546.6333917518775
2025-07-13 03:30:00,1546.63341721121
2025-07-13 04:00:00,1546.633417280819
2025-07-13 04:30:00,1546.6333920023828
2025-07-13 05:00:00,1546.6333790888136
2025-07-13 05:30:00,1546.6334167231205
2025-07-13 06:00:00,1546.6334166320473
2025-07-13 06:30:00,1546.6334166795095
2025-07-13 07:00:00,1546.633416646271
2025-07-13 07:30:00,1546.6334165988671
2025-07-13 08:00:00,1546.6334166473814
2025-07-13 08:30:00,1546.633417309741
2025-07-13 09:00:00,1546.6334169542527
2025-07-13 09:30:00,1546.6334167847524
2025-07-13 10:00:00,1546.6334041632088
2025-07-13 10:30:00,1546.6334042329115
2025-07-13 11:00:00,1546.6334167703835
2025-07-13 11:30:00,1546.6334170309592
2025-07-13 12:00:00,1546.6334178041463
2025-07-13 12:30:00,1546.633392097232
2025-07-13 13:00:00,1546.6333791295938
2025-07-13 13:30:00,1546.6334039942233
2025-07-13 14:00:00,1546.6334164635184
2025-07-13 14:30:00,1546.6334172054612
2025-07-13 15:00:00,1546.6334176623222
2025-07-13 15:30:00,1546.6334053818503
2025-07-13 16:00:00,1546.6334060998097
2025-07-13 16:30:00,1546.6334193696314
2025-07-13 17:00:00,1546.6334191181031
2025-07-13 17:30:00,1546.6334186962692
2025-07-13 18:00:00,1546.6334180154836
2025-07-13 18:30:00,1546.6334178361128
2025-07-13 19:00:00,1546.6334175841482
2025-07-13 19:30:00,1546.6334175676318
2025-07-13 20:00:00,1546.633417394194
2025-07-13 20:30:00,1546.6334170471
2025-07-13 21:00:00,1546.6334167024454
2025-07-13 21:30:00,1546.633416963234
2025-07-13 22:00:00,1546.6334172694744
2025-07-13 22:30:00,1546.63341727429
2025-07-13 23:00:00,1546.6334177455574
2025-07-13 23:30:00,1546.6334183973293
2025-07-14 00:00:00,1546.633418329011
2025-07-14 00:30:00,1546.6334183677172
2025-07-14 01:00:00,1546.633418396964
2025-07-14 01:30:00,1546.6334184568234
2025-07-14 02:00:00,1546.6334184229843
2025-07-14 02:30:00,1546.633418848235
2025-07-14 03:00:00,1546.6334190567832
2025-07-14 03:30:00,1546.63341895157
2025-07-14 04:00:00,1546.6334188649064
2025-07-14 04:30:00,1546.6334188763192
2025-07-14 05:00:00,1539.7677615393914
2025-07-14 05:30:00,1543.2005894064587
2025-07-14 06:00:00,1546.6334188989792
2025-07-14 06:30:00,1546.6334182407234
2025-07-14 07:00:00,1546.6334178865238
2025-07-14 07:30:00,1546.6334180578876
2025-07-14 08:00:00,1546.633405237403
2025-07-14 08:30:00,1546.6334180893891
2025-07-14 09:00:00,1546.633418639679
2025-07-14 09:30:00,1546.633417897575
2025-07-14 10:00:00,1546.6334164345924
2025-07-14 10:30:00,1546.6334155365957
2025-07-14 11:00:00,1546.6334165615044
2025-07-14 11:30:00,1546.6334175180912
2025-07-14 12:00:00,1546.633417623934
2025-07-14 12:30:00,1546.6334167317075
2025-07-14 13:00:00,1546.6334154150093
2025-07-14 13:30:00,1546.6334138436416
2025-07-14 14:00:00,1546.633414461943
2025-07-14 14:30:00,1546.6334157978129
2025-07-14 15:00:00,1546.6334178779564
2025-07-14 15:30:00,1546.633418808339
2025-07-14 16:00:00,1543.200592310401
2025-07-14 16:30:00,1546.633419514664
2025-07-14 17:00:00,1546.6333927361338
2025-07-14 17:30:00,1546.6334192668983
2025-07-14 18:00:00,1546.6334177114886
2025-07-14 18:30:00,1546.6334176051853
2025-07-14 19:00:00,1546.6334178194982
2025-07-14 19:30:00,1546.633417923633
2025-07-14 20:00:00,1546.6334177677654
2025-07-14 20:30:00,1546.633417741092
2025-07-14 21:00:00,1546.6334176296293
2025-07-14 21:30:00,1546.6334176061173
2025-07-14 22:00:00,1546.633417644977
2025-07-14 22:30:00,1546.6334051516208
2025-07-14 23:00:00,1546.6334181704976
2025-07-14 23:30:00,1546.6334181303234
2025-07-15 00:00:00,1546.633392164348
2025-07-15 00:30:00,1546.6333924336996
2025-07-15 01:00:00,1546.6334187137907
2025-07-15 01:30:00,1546.633418960324
2025-07-15 02:00:00,1546.6334191664257
2025-07-15 02:30:00,1546.6334190012685
2025-07-15 03:00:00,1546.6334191564517
2025-07-15 03:30:00,1546.6334192313006
2025-07-15 04:00:00,1546.6334192180439
2025-07-15 04:30:00,1546.6334059855396
2025-07-15 05:00:00,1546.6333798035064
2025-07-15 05:30:00,1546.6334194595759
2025-07-15 06:00:00,1543.200593644725
2025-07-15 06:30:00,1546.63341945871
2025-07-15 07:00:00,1546.6334059593507
2025-07-15 07:30:00,1543.2005929831648
2025-07-15 08:00:00,1543.200591183416
2025-07-15 08:30:00,1546.6334195894185
2025-07-15 09:00:00,1546.6334195647096
2025-07-15 09:30:00,1546.6334192505985
2025-07-15 10:00:00,1546.6334193297937
2025-07-15 10:30:00,1546.633418938469
2025-07-15 11:00:00,1546.6334184835057
2025-07-15 11:30:00,1546.6334185529552
2025-07-15 12:00:00,1546.6334186019633
2025-07-15 12:30:00,1546.6334186301146
2025-07-15 13:00:00,1546.6334187864068
2025-07-15 13:30:00,1546.6334185487967
2025-07-15 14:00:00,1546.6334176394903
2025-07-15 14:30:00,1546.6334182954108
2025-07-15 15:00:00,1546.6334198605846
2025-07-15 15:30:00,1546.6334204675861
2025-07-15 16:00:00,1546.6334215100426
2025-07-15 16:30:00,1546.6334203092274
2025-07-15 17:00:00,1546.6334201271973
2025-07-15 17:30:00,1546.6334205589137
2025-07-15 18:00:00,1546.633406949093
2025-07-15 18:30:00,1546.6334205543433
2025-07-15 19:00:00,1539.767783453897
2025-07-15 19:30:00,1546.6334204713137
2025-07-15 20:00:00,1546.6334198801658
2025-07-15 20:30:00,1546.633406551846
2025-07-15 21:00:00,1543.2005986703168
2025-07-15 21:30:00,1543.200600564378
2025-07-15 22:00:00,1546.6334203934287
2025-07-15 22:30:00,1546.6334068320302
2025-07-15 23:00:00,1539.7677809615427
2025-07-15 23:30:00,1546.6334203401393
2025-07-16 00:00:00,
2025-07-16 00:30:00,
2025-07-16 01:00:00,
2025-07-16 01:30:00,
2025-07-16 02:00:00,
2025-07-16 02:30:00,
2025-07-16 03:00:00,
2025-07-16 03:30:00,
2025-07-16 04:00:00,
2025-07-16 04:30:00,
2025-07-16 05:00:00,
2025-07-16 05:30:00,1262.6963894790067
2025-07-16 06:00:00,1546.6334071317751
2025-07-16 06:30:00,1546.6334210881869
2025-07-16 07:00:00,1546.633418834491
2025-07-16 07:30:00,1546.6334179984178
2025-07-16 08:00:00,1546.6334174529559
2025-07-16 08:30:00,1546.6334169185427
2025-07-16 09:00:00,1546.6334169766058
2025-07-16 09:30:00,1546.633416577658
2025-07-16 10:00:00,1546.6334169049196
2025-07-16 10:30:00,1546.6334174646156
2025-07-16 11:00:00,1546.633405035349
2025-07-16 11:30:00,1543.200585212324
2025-07-16 12:00:00,1546.6334181934244
2025-07-16 12:30:00,1546.63341793992
2025-07-16 13:00:00,1546.6334165311016
2025-07-16 13:30:00,1546.6334161501381
2025-07-16 14:00:00,1546.63341623027
2025-07-16 14:30:00,1546.6334164698828
2025-07-16 15:00:00,1546.6334038251
2025-07-16 15:30:00,1546.6334163131562
2025-07-16 16:00:00,1546.6334164754753
2025-07-16 16:30:00,1546.6334167524392
2025-07-16 17:00:00,1546.6334170780035
2025-07-16 17:30:00,1546.633418010869
2025-07-16 18:00:00,1546.6334180527326
2025-07-16 18:30:00,1546.6334176084881
2025-07-16 19:00:00,1546.633391889025
2025-07-16 19:30:00,1546.6334174080391
2025-07-16 20:00:00,1543.2005862929325
2025-07-16 20:30:00,1546.63341929991
2025-07-16 21:00:00,1546.6334202146206
2025-07-16 21:30:00,1546.63342004543
2025-07-16 22:00:00,1546.6334199222608
2025-07-16 22:30:00,1546.6334199573575
2025-07-16 23:00:00,1546.6334198754193
2025-07-16 23:30:00,1546.6334198695085
2025-07-17 00:00:00,1546.6334199199143
2025-07-17 00:30:00,1546.633419813231
2025-07-17 01:00:00,1546.6334198840166
2025-07-17 01:30:00,1546.633419927772
2025-07-17 02:00:00,1546.6334198818167
2025-07-17 02:30:00,1546.6334201615134
2025-07-17 03:00:00,1546.6334204486118
2025-07-17 03:30:00,1546.6334205033436
2025-07-17 04:00:00,1546.6334206279807
2025-07-17 04:30:00,1546.633420576855
2025-07-17 05:00:00,1546.6334206331892
2025-07-17 05:30:00,1546.6334206015727
2025-07-17 06:00:00,1546.633420429819
2025-07-17 06:30:00,1546.6334203571269
2025-07-17 07:00:00,1546.6334204867571
2025-07-17 07:30:00,1546.6334208545134
2025-07-17 08:00:00,1546.6334212035738
2025-07-17 08:30:00,
2025-07-17 09:00:00,1546.6334209195156
2025-07-17 09:30:00,
2025-07-17 10:00:00,1546.6334209195156
2025-07-17 10:30:00,
2025-07-17 11:00:00,1546.6333799959746
2025-07-17 11:30:00,
2025-07-17 12:00:00,1546.6334201050672
2025-07-17 12:30:00,
2025-07-17 13:00:00,1546.6334193548823
2025-07-17 13:30:00,
2025-07-17 14:00:00,1546.6334194156173
2025-07-17 14:30:00,
2025-07-17 15:00:00,1546.6334200279416
2025-07-17 15:30:00,
2025-07-17 16:00:00,1536.3349435839873
2025-07-17 16:30:00,
2025-07-17 17:00:00,1546.633418689648
2025-07-17 17:30:00,
2025-07-17 18:00:00,1546.6334192790841
2025-07-17 18:30:00,
2025-07-17 19:00:00,1546.6334193093874
2025-07-17 19:30:00,
2025-07-17 20:00:00,1546.6334188270853
2025-07-17 20:30:00,
2025-07-17 21:00:00,1546.6334186597805
2025-07-17 21:30:00,
2025-07-17 22:00:00,1546.6333802440208
2025-07-17 22:30:00,
2025-07-17 23:00:00,1546.6334211748467
2025-07-17 23:30:00,
2025-07-18 00:00:00,1546.6334215911038
2025-07-18 00:30:00,
2025-07-18 01:00:00,1536.3349672237798
2025-07-18 01:30:00,
2025-07-18 02:00:00,1546.6334204166114
2025-07-18 02:30:00,
2025-07-18 03:00:00,1546.633420093687
2025-07-18 03:30:00,
2025-07-18 04:00:00,1546.6334200474078
2025-07-18 04:30:00,
2025-07-18 05:00:00,1546.633419970385
2025-07-18 05:30:00,
2025-07-18 06:00:00,1546.6334204374632
2025-07-18 06:30:00,
2025-07-18 07:00:00,1546.633419709527
2025-07-18 07:30:00,
2025-07-18 08:00:00,1546.633419709527
2025-07-18 08:30:00,
2025-07-18 09:00:00,1546.6333799436297
2025-07-18 09:30:00,
2025-07-18 10:00:00,1546.633420684658
2025-07-18 10:30:00,
2025-07-18 11:00:00,1546.633421193599
2025-07-18 11:30:00,
2025-07-18 12:00:00,1546.6334207369557
2025-07-18 12:30:00,
2025-07-18 13:00:00,1546.6334210040654
2025-07-18 13:30:00,
2025-07-18 14:00:00,1546.6334210671525
2025-07-18 14:30:00,
2025-07-18 15:00:00,1546.6334209096053
2025-07-18 15:30:00,
2025-07-18 16:00:00,1546.6334206298743
2025-07-18 16:30:00,
2025-07-18 17:00:00,1546.6334202642556
2025-07-18 17:30:00,
2025-07-18 18:00:00,1546.6334206118192
2025-07-18 18:30:00,
2025-07-18 19:00:00,1546.6334199886257
2025-07-18 19:30:00,
2025-07-18 20:00:00,1546.633416933816
2025-07-18 20:30:00,
2025-07-18 21:00:00,1546.6334186478325
2025-07-18 21:30:00,
2025-07-18 22:00:00,1546.633421995203
2025-07-18 22:30:00,
2025-07-18 23:00:00,
2025-07-18 23:30:00,
2025-07-19 00:00:00,
2025-07-19 00:30:00,
2025-07-19 01:00:00,1546.6334214187018
2025-07-19 01:30:00,
2025-07-19 02:00:00,
2025-07-19 02:30:00,
2025-07-19 03:00:00,
2025-07-19 03:30:00,
2025-07-19 04:00:00,1546.633422027688
2025-07-19 04:30:00,
2025-07-19 05:00:00,
2025-07-19 05:30:00,
2025-07-19 06:00:00,
2025-07-19 06:30:00,
2025-07-19 07:00:00,1546.633379536215
2025-07-19 07:30:00,
2025-07-19 08:00:00,
2025-07-19 08:30:00,
2025-07-19 09:00:00,
2025-07-19 09:30:00,
2025-07-19 10:00:00,1546.6334220480624
2025-07-19 10:30:00,
2025-07-19 11:00:00,
2025-07-19 11:30:00,
2025-07-19 12:00:00,
2025-07-19 12:30:00,
2025-07-19 13:00:00,1546.6334212430393
2025-07-19 13:30:00,
2025-07-19 14:00:00,
2025-07-19 14:30:00,
2025-07-19 15:00:00,
2025-07-19 15:30:00,
2025-07-19 16:00:00,1546.6334217906044
2025-07-19 16:30:00,
2025-07-19 17:00:00,
2025-07-19 17:30:00,
2025-07-19 18:00:00,
2025-07-19 18:30:00,
2025-07-19 19:00:00,1546.6334208643639
2025-07-19 19:30:00,
2025-07-19 20:00:00,
2025-07-19 20:30:00,
2025-07-19 21:00:00,
2025-07-19 21:30:00,
2025-07-19 22:00:00,1546.6334201795096
2025-07-19 22:30:00,
2025-07-19 23:00:00,
2025-07-19 23:30:00,
2025-07-20 00:00:00,
2025-07-20 00:30:00,
2025-07-20 01:00:00,1546.6334209810648
2025-07-20 01:30:00,
2025-07-20 02:00:00,
2025-07-20 02:30:00,
2025-07-20 03:00:00,
2025-07-20 03:30:00,
2025-07-20 04:00:00,1546.6334208655867
2025-07-20 04:30:00,
2025-07-20 05:00:00,
2025-07-20 05:30:00,
2025-07-20 06:00:00,
2025-07-20 06:30:00,
2025-07-20 07:00:00,1546.6334206149368
2025-07-20 07:30:00,
2025-07-20 08:00:00,
2025-07-20 08:30:00,
2025-07-20 09:00:00,
2025-07-20 09:30:00,
2025-07-20 10:00:00,1546.6334203967924
2025-07-20 10:30:00,
2025-07-20 11:00:00,
2025-07-20 11:30:00,
2025-07-20 12:00:00,
2025-07-20 12:30:00,
2025-07-20 13:00:00,1546.6334212167521
2025-07-20 13:30:00,
2025-07-20 14:00:00,
2025-07-20 14:30:00,
2025-07-20 15:00:00,
2025-07-20 15:30:00,
2025-07-20 16:00:00,1546.6334218071215
2025-07-20 16:30:00,
2025-07-20 17:00:00,
2025-07-20 17:30:00,
2025-07-20 18:00:00,
2025-07-20 18:30:00,
2025-07-20 19:00:00,1546.6333801038018
2025-07-20 19:30:00,
2025-07-20 20:00:00,
2025-07-20 20:30:00,
2025-07-20 21:00:00,
2025-07-20 21:30:00,
2025-07-20 22:00:00,1536.3349545012627
2025-07-20 22:30:00,
2025-07-20 23:00:00,
2025-07-20 23:30:00,
2025-07-21 00:00:00,
2025-07-21 00:30:00,
2025-07-21 01:00:00,1546.6334205697706
2025-07-21 01:30:00,1546.6334198254829
2025-07-21 02:00:00,1546.633419665995
2025-07-21 02:30:00,1546.6334198739162
2025-07-21 03:00:00,1546.6334199726678
2025-07-21 03:30:00,
2025-07-21 04:00:00,1546.6334202416415
2025-07-21 04:30:00,
2025-07-21 05:00:00,
2025-07-21 05:30:00,
2025-07-21 06:00:00,
2025-07-21 06:30:00,
2025-07-21 07:00:00,1546.6334203232252
2025-07-21 07:30:00,
2025-07-21 08:00:00,
2025-07-21 08:30:00,
2025-07-21 09:00:00,
2025-07-21 09:30:00,
2025-07-21 10:00:00,1546.6334225301352
2025-07-21 10:30:00,
2025-07-21 11:00:00,
2025-07-21 11:30:00,
2025-07-21 12:00:00,
2025-07-21 12:30:00,
2025-07-21 13:00:00,1546.6334228689277
2025-07-21 13:30:00,
2025-07-21 14:00:00,
2025-07-21 14:30:00,
2025-07-21 15:00:00,
2025-07-21 15:30:00,
2025-07-21 16:00:00,1546.63342108029
2025-07-21 16:30:00,
2025-07-21 17:00:00,
2025-07-21 17:30:00,
2025-07-21 18:00:00,
2025-07-21 18:30:00,
2025-07-21 19:00:00,1546.6334228881694
2025-07-21 19:30:00,
2025-07-21 20:00:00,
2025-07-21 20:30:00,
2025-07-21 21:00:00,
2025-07-21 21:30:00,
2025-07-21 22:00:00,1546.63342217015
2025-07-21 22:30:00,
2025-07-21 23:00:00,
2025-07-21 23:30:00,
2025-07-22 00:00:00,
2025-07-22 00:30:00,
2025-07-22 01:00:00,1546.6334215754093
2025-07-22 01:30:00,
2025-07-22 02:00:00,
2025-07-22 02:30:00,
2025-07-22 03:00:00,
2025-07-22 03:30:00,
2025-07-22 04:00:00,1546.6334216898085
2025-07-22 04:30:00,
2025-07-22 05:00:00,
2025-07-22 05:30:00,
2025-07-22 06:00:00,
2025-07-22 06:30:00,
2025-07-22 07:00:00,1546.6334222511357
2025-07-22 07:30:00,
2025-07-22 08:00:00,
2025-07-22 08:30:00,
2025-07-22 09:00:00,
2025-07-22 09:30:00,
2025-07-22 10:00:00,1546.63342404762
2025-07-22 10:30:00,
2025-07-22 11:00:00,
2025-07-22 11:30:00,
2025-07-22 12:00:00,
2025-07-22 12:30:00,
2025-07-22 13:00:00,1546.6334228760475
2025-07-22 13:30:00,
2025-07-22 14:00:00,
2025-07-22 14:30:00,
2025-07-22 15:00:00,
2025-07-22 15:30:00,
2025-07-22 16:00:00,1546.6334229583256
2025-07-22 16:30:00,
2025-07-22 17:00:00,
2025-07-22 17:30:00,
2025-07-22 18:00:00,
2025-07-22 18:30:00,
2025-07-22 19:00:00,1546.6334229557617
2025-07-22 19:30:00,
2025-07-22 20:00:00,
2025-07-22 20:30:00,
2025-07-22 21:00:00,
2025-07-22 21:30:00,
2025-07-22 22:00:00,1546.6334235108588
2025-07-22 22:30:00,
2025-07-22 23:00:00,
2025-07-22 23:30:00,
2025-07-23 00:00:00,
2025-07-23 00:30:00,
2025-07-23 01:00:00,1546.6334233750717
2025-07-23 01:30:00,
2025-07-23 02:00:00,
2025-07-23 02:30:00,
2025-07-23 03:00:00,
2025-07-23 03:30:00,
2025-07-23 04:00:00,1546.6334227132177
2025-07-23 04:30:00,
2025-07-23 05:00:00,
2025-07-23 05:30:00,
2025-07-23 06:00:00,
2025-07-23 06:30:00,
2025-07-23 07:00:00,1546.633422143542
2025-07-23 07:30:00,
2025-07-23 08:00:00,
2025-07-23 08:30:00,
2025-07-23 09:00:00,
2025-07-23 09:30:00,
2025-07-23 10:00:00,1546.633423046377
2025-07-23 10:30:00,
2025-07-23 11:00:00,
2025-07-23 11:30:00,
2025-07-23 12:00:00,
2025-07-23 12:30:00,
2025-07-23 13:00:00,1546.6334225514572
2025-07-23 13:30:00,
2025-07-23 14:00:00,
2025-07-23 14:30:00,
2025-07-23 15:00:00,
2025-07-23 15:30:00,
2025-07-23 16:00:00,1546.6334229449035
2025-07-23 16:30:00,
2025-07-23 17:00:00,
2025-07-23 17:30:00,
2025-07-23 18:00:00,
2025-07-23 18:30:00,
2025-07-23 19:00:00,1536.3350003044595
2025-07-23 19:30:00,
2025-07-23 20:00:00,
2025-07-23 20:30:00,
2025-07-23 21:00:00,
2025-07-23 21:30:00,
2025-07-23 22:00:00,1546.6334223043007
2025-07-23 22:30:00,
2025-07-23 23:00:00,
2025-07-23 23:30:00,
2025-07-24 00:00:00,
2025-07-24 00:30:00,
2025-07-24 01:00:00,1536.3350044563367
2025-07-24 01:30:00,
2025-07-24 02:00:00,
2025-07-24 02:30:00,
2025-07-24 03:00:00,
2025-07-24 03:30:00,
2025-07-24 04:00:00,1546.6334226167914
2025-07-24 04:30:00,
2025-07-24 05:00:00,
2025-07-24 05:30:00,
2025-07-24 06:00:00,
2025-07-24 06:30:00,
2025-07-24 07:00:00,1546.6334223397794
2025-07-24 07:30:00,
2025-07-24 08:00:00,
2025-07-24 08:30:00,
2025-07-24 09:00:00,
2025-07-24 09:30:00,
2025-07-24 10:00:00,1546.6334230494294
2025-07-24 10:30:00,
2025-07-24 11:00:00,
2025-07-24 11:30:00,
2025-07-24 12:00:00,
2025-07-24 12:30:00,
2025-07-24 13:00:00,1546.633424036989
2025-07-24 13:30:00,
2025-07-24 14:00:00,
2025-07-24 14:30:00,
2025-07-24 15:00:00,
2025-07-24 15:30:00,
2025-07-24 16:00:00,1546.633423865989
2025-07-24 16:30:00,
2025-07-24 17:00:00,
2025-07-24 17:30:00,
2025-07-24 18:00:00,
2025-07-24 18:30:00,
2025-07-24 19:00:00,1536.3350224982794
2025-07-24 19:30:00,
2025-07-24 20:00:00,
2025-07-24 20:30:00,
2025-07-24 21:00:00,
2025-07-24 21:30:00,
2025-07-24 22:00:00,1536.3350108970096
2025-07-24 22:30:00,
2025-07-24 23:00:00,
2025-07-24 23:30:00,
2025-07-25 00:00:00,
2025-07-25 00:30:00,
2025-07-25 01:00:00,1546.633423461838
2025-07-25 01:30:00,
2025-07-25 02:00:00,
2025-07-25 02:30:00,
2025-07-25 03:00:00,
2025-07-25 03:30:00,
2025-07-25 04:00:00,1546.6334234810915
2025-07-25 04:30:00,
2025-07-25 05:00:00,
2025-07-25 05:30:00,
2025-07-25 06:00:00,
2025-07-25 06:30:00,
2025-07-25 07:00:00,1546.6334233812213
2025-07-25 07:30:00,
2025-07-25 08:00:00,
2025-07-25 08:30:00,
2025-07-25 09:00:00,
2025-07-25 09:30:00,
2025-07-25 10:00:00,1536.335029287723
2025-07-25 10:30:00,
2025-07-25 11:00:00,
2025-07-25 11:30:00,
2025-07-25 12:00:00,
2025-07-25 12:30:00,
2025-07-25 13:00:00,1546.6334232981646
2025-07-25 13:30:00,
2025-07-25 14:00:00,
2025-07-25 14:30:00,
2025-07-25 15:00:00,
2025-07-25 15:30:00,
2025-07-25 16:00:00,1546.63342322925
2025-07-25 16:30:00,
2025-07-25 17:00:00,
2025-07-25 17:30:00,
2025-07-25 18:00:00,
2025-07-25 18:30:00,
2025-07-25 19:00:00,1536.3350155146475
2025-07-25 19:30:00,
2025-07-25 20:00:00,
2025-07-25 20:30:00,
2025-07-25 21:00:00,
2025-07-25 21:30:00,
2025-07-25 22:00:00,1536.3350069764942
2025-07-25 22:30:00,
2025-07-25 23:00:00,
2025-07-25 23:30:00,
2025-07-26 00:00:00,
2025-07-26 00:30:00,
2025-07-26 01:00:00,1546.6334247545137
2025-07-26 01:30:00,
2025-07-26 02:00:00,
2025-07-26 02:30:00,
2025-07-26 03:00:00,
2025-07-26 03:30:00,
2025-07-26 04:00:00,1546.6334241234733
2025-07-26 04:30:00,
2025-07-26 05:00:00,
2025-07-26 05:30:00,
2025-07-26 06:00:00,
2025-07-26 06:30:00,
2025-07-26 07:00:00,1536.3350278221342
2025-07-26 07:30:00,
2025-07-26 08:00:00,
2025-07-26 08:30:00,
2025-07-26 09:00:00,
2025-07-26 09:30:00,
2025-07-26 10:00:00,1546.63342506857
2025-07-26 10:30:00,
2025-07-26 11:00:00,
2025-07-26 11:30:00,
2025-07-26 12:00:00,
2025-07-26 12:30:00,
2025-07-26 13:00:00,1546.6334280111423
2025-07-26 13:30:00,
2025-07-26 14:00:00,
2025-07-26 14:30:00,
2025-07-26 15:00:00,
2025-07-26 15:30:00,
2025-07-26 16:00:00,1546.6334249280542
2025-07-26 16:30:00,
2025-07-26 17:00:00,
2025-07-26 17:30:00,
2025-07-26 18:00:00,
2025-07-26 18:30:00,
2025-07-26 19:00:00,1546.633424670738
2025-07-26 19:30:00,
2025-07-26 20:00:00,
2025-07-26 20:30:00,
2025-07-26 21:00:00,
2025-07-26 21:30:00,
2025-07-26 22:00:00,1546.63342421383
2025-07-26 22:30:00,
2025-07-26 23:00:00,
2025-07-26 23:30:00,
2025-07-27 00:00:00,
2025-07-27 00:30:00,
2025-07-27 01:00:00,1546.6334236526757
2025-07-27 01:30:00,
2025-07-27 02:00:00,
2025-07-27 02:30:00,
2025-07-27 03:00:00,
2025-07-27 03:30:00,
2025-07-27 04:00:00,1546.6334248249539
2025-07-27 04:30:00,
2025-07-27 05:00:00,
2025-07-27 05:30:00,
2025-07-27 06:00:00,
2025-07-27 06:30:00,
2025-07-27 07:00:00,1546.6334248651463
2025-07-27 07:30:00,
2025-07-27 08:00:00,
2025-07-27 08:30:00,
2025-07-27 09:00:00,
2025-07-27 09:30:00,1546.6334129259824
2025-07-27 10:00:00,1546.6334248308005
2025-07-27 10:30:00,
2025-07-27 11:00:00,1546.6334128427636
2025-07-27 11:30:00,1546.6334127077778
2025-07-27 12:00:00,1541.484118108192
2025-07-27 12:30:00,
2025-07-27 13:00:00,1546.6334249656568
2025-07-27 13:30:00,1957.5187168082543
2025-07-27 14:00:00,
2025-07-27 14:30:00,
2025-07-27 15:00:00,
2025-07-27 15:30:00,
2025-07-27 16:00:00,1536.3350441663683
2025-07-27 16:30:00,1546.6333777730426
2025-07-27 17:00:00,
2025-07-27 17:30:00,
2025-07-27 18:00:00,1546.6334127574726
2025-07-27 18:30:00,1546.633412565926
2025-07-27 19:00:00,1536.3350373107526
2025-07-27 19:30:00,
2025-07-27 20:00:00,1546.633413030037
2025-07-27 20:30:00,1752.0760646935275
2025-07-27 21:00:00,1546.633412705767
2025-07-27 21:30:00,
2025-07-27 22:00:00,1541.4842243747466
2025-07-27 22:30:00,1957.5187168082543
2025-07-27 23:00:00,
2025-07-27 23:30:00,1957.5187168082543
2025-07-28 00:00:00,
2025-07-28 00:30:00,
2025-07-28 01:00:00,1536.3349199407314
2025-07-28 01:30:00,
2025-07-28 02:00:00,1536.3348174351172
2025-07-28 02:30:00,
2025-07-28 03:00:00,1957.5187168082543
2025-07-28 03:30:00,
2025-07-28 04:00:00,1546.63342457403
2025-07-28 04:30:00,1546.633412725153
2025-07-28 05:00:00,1546.6334127574726
2025-07-28 05:30:00,
2025-07-28 06:00:00,1546.633412712239
2025-07-28 06:30:00,
2025-07-28 07:00:00,1752.0760706399897
2025-07-28 07:30:00,1957.5187168082543
2025-07-28 08:00:00,1546.633412725153
2025-07-28 08:30:00,1546.6334840332834
2025-07-28 09:00:00,989.8454411501491
2025-07-28 09:30:00,847.0831381434406
2025-07-28 10:00:00,2048.212140297555
2025-07-28 10:30:00,2098.5347053919622
2025-07-28 11:00:00,2098.516444662439
2025-07-28 11:30:00,2097.9497602974925
2025-07-28 12:00:00,2098.489405696394
2025-07-28 12:30:00,2102.1265713954995
2025-07-28 13:00:00,1924.6012425727947
2025-07-28 13:30:00,1737.4409070679485
2025-07-28 14:00:00,2098.4313739626564
2025-07-28 14:30:00,2097.9633608319027
2025-07-28 15:00:00,1928.580315309262
2025-07-28 15:30:00,2069.5146153242918
2025-07-28 16:00:00,2100.381636775613
2025-07-28 16:30:00,2101.0515285712095
2025-07-28 17:00:00,2105.1188385835057
2025-07-28 17:30:00,2111.938985683033
2025-07-28 18:00:00,2119.02216190999
2025-07-28 18:30:00,2119.01609374077
2025-07-28 19:00:00,2122.058684199229
2025-07-28 19:30:00,2051.4213328407745
2025-07-28 20:00:00,1950.750685760655
2025-07-28 20:30:00,1945.4880836462405
2025-07-28 21:00:00,1943.4363095217748
2025-07-28 21:30:00,1938.9830883139086
2025-07-28 22:00:00,1546.6334059866533
2025-07-28 22:30:00,1546.6334087278015
2025-07-28 23:00:00,1628.810471394188
2025-07-28 23:30:00,1546.633410969701
2025-07-29 00:00:00,1546.6334125359365
2025-07-29 00:30:00,1649.3547394662671
2025-07-29 01:00:00,1546.6334154772987
2025-07-29 01:30:00,1649.3547324605552
2025-07-29 02:00:00,1546.633416845592
2025-07-29 02:30:00,1546.6334172145287
2025-07-29 03:00:00,1546.6334179350772
2025-07-29 03:30:00,1546.6333997166107
2025-07-29 04:00:00,1649.3547240950243
2025-07-29 04:30:00,1546.6334213556183
2025-07-29 05:00:00,1543.2006093137452
2025-07-29 05:30:00,1546.6334206410827
2025-07-29 06:00:00,1546.633422484919
2025-07-29 06:30:00,1546.6334228336902
2025-07-29 07:00:00,1546.633423430411
2025-07-29 07:30:00,1546.6334066461834
2025-07-29 08:00:00,1546.6334201281238
2025-07-29 08:30:00,1710.9875397921958
2025-07-29 09:00:00,1649.3547474350091
2025-07-29 09:30:00,1546.6334226360698
2025-07-29 10:00:00,1546.6334249388644
2025-07-29 10:30:00,1615.1143040309498
2025-07-29 11:00:00,1710.987540188456
2025-07-29 11:30:00,1615.1143042344422
2025-07-29 12:00:00,1546.633425435287
2025-07-29 12:30:00,1546.6334256611174
2025-07-29 13:00:00,1546.6334256252949
2025-07-29 13:30:00,1546.633425817167
2025-07-29 14:00:00,1538.9096074815259
2025-07-29 14:30:00,1546.6334259083471
2025-07-29 15:00:00,1626.008374245002
2025-07-29 15:30:00,2099.3906872167895
2025-07-29 16:00:00,2097.9514398182273
2025-07-29 16:30:00,2097.9527166851967
2025-07-29 17:00:00,2097.953532562669
2025-07-29 17:30:00,2102.1833379775767
2025-07-29 18:00:00,2102.273305514404
2025-07-29 18:30:00,2102.328944332205
2025-07-29 19:00:00,2107.749646125508
2025-07-29 19:30:00,2110.495346991823
2025-07-29 20:00:00,2113.320509027335
2025-07-29 20:30:00,2118.9637315870746
2025-07-29 21:00:00,2118.9960291851876
2025-07-29 21:30:00,2119.010947180911
2025-07-29 22:00:00,2119.012511610808
2025-07-29 22:30:00,2119.009667261567
2025-07-29 23:00:00,2119.0101699898364
2025-07-29 23:30:00,2119.0171012244937
2025-07-30 00:00:00,2119.016818157887
2025-07-30 00:30:00,2119.0136139258625
2025-07-30 01:00:00,2119.0142299673066
2025-07-30 01:30:00,2119.017946040647
2025-07-30 02:00:00,2119.0146582276175
2025-07-30 02:30:00,2119.0180883685794
2025-07-30 03:00:00,2119.0217991125382
2025-07-30 03:30:00,2119.0150817996355
2025-07-30 04:00:00,2119.024570722419
2025-07-30 04:30:00,2119.0247603467747
2025-07-30 05:00:00,2119.024330037696
2025-07-30 05:30:00,2119.0266304614875
2025-07-30 06:00:00,2119.0291456340738
2025-07-30 06:30:00,2119.029113195264
2025-07-30 07:00:00,2119.0296332400344
2025-07-30 07:30:00,2119.029561232442
2025-07-30 08:00:00,2119.0274424974764
2025-07-30 08:30:00,2119.0254816662805
2025-07-30 09:00:00,2119.023310883768
2025-07-30 09:30:00,2119.02315334611
2025-07-30 10:00:00,2119.0232543423413
2025-07-30 10:30:00,2119.0300305802
2025-07-30 11:00:00,2119.0302901922605
2025-07-30 11:30:00,2119.020588191608
2025-07-30 12:00:00,2119.0315223403645
2025-07-30 12:30:00,2119.028009406094
2025-07-30 13:00:00,2119.0260469483555
2025-07-30 13:30:00,2119.025899966246
2025-07-30 14:00:00,2119.028057404835
2025-07-30 14:30:00,2119.029787127755
2025-07-30 15:00:00,2119.0239881054235
2025-07-30 15:30:00,2119.0211569002204
2025-07-30 16:00:00,2119.030244605682
2025-07-30 16:30:00,2119.0358807128246
2025-07-30 17:00:00,2119.024446194859
2025-07-30 17:30:00,2119.024413474677
2025-07-30 18:00:00,2119.0265465767634
2025-07-30 18:30:00,2119.021458516398
2025-07-30 19:00:00,2119.032102080004
2025-07-30 19:30:00,2119.030528287756
2025-07-30 20:00:00,2119.0323666784157
2025-07-30 20:30:00,2119.029147021449
2025-07-30 21:00:00,2119.031241155
2025-07-30 21:30:00,2119.031593261672
2025-07-30 22:00:00,2119.0332685406256
2025-07-30 22:30:00,2119.0392148133806
2025-07-30 23:00:00,2119.039040334283
2025-07-30 23:30:00,2046.021515412535
2025-07-31 00:00:00,1947.5744523366222
2025-07-31 00:30:00,1951.2445336158844
2025-07-31 01:00:00,1951.3568698709005
2025-07-31 01:30:00,1954.6162485481084
2025-07-31 02:00:00,1956.3949638366942
2025-07-31 02:30:00,1956.6567603178828
2025-07-31 03:00:00,1956.8448549562443
2025-07-31 03:30:00,1956.2051235273832
2025-07-31 04:00:00,1961.3010954992008
2025-07-31 04:30:00,1954.09879533422
2025-07-31 05:00:00,1953.3347693890807
2025-07-31 05:30:00,1952.5080408409701
2025-07-31 06:00:00,1951.4374694725539
2025-07-31 06:30:00,1955.3933443088001
2025-07-31 07:00:00,1951.5709450254053
2025-07-31 07:30:00,1948.7546699882507
2025-07-31 08:00:00,1950.102711540056
2025-07-31 08:30:00,1947.2432290224322
2025-07-31 09:00:00,1946.6040288389843
2025-07-31 09:30:00,1946.5362875578132
2025-07-31 10:00:00,1946.8703675947254
2025-07-31 10:30:00,1943.0208167096737
2025-07-31 11:00:00,1943.1537282855509
2025-07-31 11:30:00,1941.5498101161436
2025-07-31 12:00:00,1941.0224193102683
2025-07-31 12:30:00,1940.3826382952632
2025-07-31 13:00:00,1940.6187081993057
2025-07-31 13:30:00,1939.4476306165736
2025-07-31 14:00:00,1939.2772617877938
2025-07-31 14:30:00,1939.2529918592152
2025-07-31 15:00:00,1937.9960562680183
2025-07-31 15:30:00,1741.848360034702
2025-07-31 16:00:00,1546.6333987748574
2025-07-31 16:30:00,1546.6333996091491
2025-07-31 17:00:00,1546.6333994984034
2025-07-31 17:30:00,1546.6333998208072
2025-07-31 18:00:00,1546.6333912247676
2025-07-31 18:30:00,1546.6333734529578
2025-07-31 19:00:00,1546.6333735324397
2025-07-31 19:30:00,1546.6334004735897
2025-07-31 20:00:00,1546.6333738213189
2025-07-31 20:30:00,1546.633382982988
2025-07-31 21:00:00,1546.6333924183848
2025-07-31 21:30:00,1546.633401790066
2025-07-31 22:00:00,1546.6334014291845
2025-07-31 22:30:00,1546.633391893245
2025-07-31 23:00:00,1546.6333736371218
2025-07-31 23:30:00,1546.6334008582005
2025-08-01 00:00:00,1546.6334016987762
