A,IP,DP,IT,MT,V,R
-0.530952380952381,-0.02142857142857143,-8.158755123820155,0.0,0.0,-2.7068294695622864e-17,-25.30418837301433
-0.0024805577902923034,-0.020969428801287,-0.08622376381620565,0.00025744167337090295,0.0013555913113434718,0.0,-1.3059092633275882
-0.02666666666666667,-0.06333333333333334,-0.07285028992088176,-4.042198674546348e-15,0.012499999999995957,-3.947459643111668e-18,-27.030859748438946
-4.175094652767978e-06,-0.024383953114465208,-0.00045961674355047606,0.0002498833048078862,0.00016954514807326088,-1.1399541150793924e-19,-3.975874218517392e-06
5.334562023242692e-05,-0.02120009727128433,0.004963418868737088,0.0002327855424153916,0.0001543797675728056,-3.586238673014897e-05,-3.2782009108784387e-06
1.06725656847878e-05,-0.01873083789342994,-0.002084081661508497,6.287111421585749e-05,0.00015077424612876936,1.2710055497341516e-05,-1.360411604044254e-06
-1.4356515985672083e-05,-0.01661782330249838,0.0020802409048745565,0.00016378912150603184,8.376714979458125e-05,-2.287679612498917e-05,-3.838099425816309e-06
-2.6224602299573722e-05,-0.014964771355069465,-0.005040512810905998,7.922507481485407e-05,7.528744684207942e-05,6.541712605659683e-05,-1.1656632481747528e-06
-0.00012670829173646808,-0.010991246326785139,0.003936062775165337,0.0,0.00015547358387340508,-7.586140769443364e-05,-5.761583371867336e-06
-9.052191420164514e-05,-0.009728201951370958,-0.004253408430494649,9.240617417792284e-05,5.170099633476724e-05,8.19782148572609e-05,-1.536008800048465e-06
9.808432056643419e-06,-0.008772348528415458,0.0032768340160366028,0.00013399532262393127,3.316336311011632e-05,-6.316374650155268e-05,-7.646049611225865e-06
1.9647242688102192e-05,-0.008182295155168566,-0.003764430139569502,0.0,-6.139763340013931e-06,7.256083947309665e-05,2.2694299764370624e-06
-0.00012319175427111996,-0.007581699975611707,0.004136740114224124,1.0140295480478924e-05,-3.3052228939782575e-06,-7.97425135096975e-05,-4.902949694314123e-06
-7.918552036199095e-05,-0.006901764050101645,0.0007569122280719732,9.618117034993436e-05,-3.8253874571010116e-07,-1.459112072922816e-05,-4.725575511020564e-06
-4.675727861280154e-05,-0.0065657062809983445,-9.934741731330977e-08,0.0,3.19287219677326e-05,-1.29126003545545e-19,-6.962528397483131e-07
-0.0001258293473229435,-0.008729439901249967,-3.215811616440963e-09,-1.157586906335137e-16,-6.43933549349061e-05,-1.1304559632179073e-19,-1.358276470310515e-06
-0.00012537150596290855,-0.00891388585831985,-1.3367631939166886e-08,-1.7242892792805847e-06,-3.4987397012903945e-05,-1.2830988795186336e-19,-1.183755738635256e-06
-3.0281978660110356e-05,-0.006848774173628995,-0.004005680551632114,0.0,-4.6432367278819213e-05,7.721904558328437e-05,1.7987999861832706e-06
-8.188421265811486e-05,-0.006134118239489564,1.8072950311930315e-11,0.00014378999107814088,4.373361357871605e-05,0.0,-4.6257329276971735e-06
-0.00020775305479963995,-0.0061106397737583674,-0.0001065119242440167,0.0,8.24929299397168e-05,2.0543194066485806e-06,-1.2260496041830107e-06
-0.00010182705937942755,-0.0064809156297582285,0.0020479411841532093,0.0,1.3230429988962419e-05,-3.9481283141702084e-05,-1.7971694196938064e-06
-7.389162561576354e-05,-0.007114121510673235,-0.00255529718633107,0.0001264367816091954,8.210180623973727e-07,4.926108374384237e-05,-2.3171372995082317e-06
4.2683887226331294e-05,-0.005418963616317694,0.0032609824182889147,1.181653920295798e-16,5.9668189216137305e-05,-6.287079330078232e-05,-1.6467371476235126e-06
9.03100154740937e-05,-0.0051989488287714734,-3.3982728866843796e-07,1.200947773324479e-16,-1.200947773324479e-16,-1.1728005598871864e-19,2.024241541917899e-07
-0.00012653678598438438,-0.005143256267461701,9.900760386897508e-08,1.118798947471414e-05,1.9313344958783736e-05,0.0,-8.200843998101092e-07
-9.664309518003948e-05,-0.0045385407353218735,8.885367433190247e-08,9.471944512188694e-05,-7.691890866727955e-05,0.0,-0.0418006125771691
-0.0001130489888135751,-0.004380696533862792,-0.0012975876207615236,-1.9507356587874322e-05,-9.852868242679184e-05,2.501790929630242e-05,-0.1483540754020965
-0.00011752616155068841,-0.0034501116263094623,3.40050538826485e-08,0.0,-0.0001352257178153202,0.0,-0.10876860181272231
-5.154639175257608e-05,-0.003630173872903874,0.000562664784820817,-1.1283787249419925e-05,-8.873159973289425e-06,-1.0847822741960345e-05,-0.002784132114921609
-9.064150180647677e-06,-0.0042547184112790605,-0.09713231741468233,0.00017003966750038328,2.7350362565816034e-05,-3.483539250612701e-05,-0.0006899590087212513
4.105090311986864e-06,-0.0043119868637110014,-1.1087667969777797e-07,9.195402298863318e-05,-2.4630541871921184e-05,-1.2445192963504766e-19,-0.0923776137022114
-6.403331082601518e-05,-0.0024643259059197033,6.384998576721038e-08,0.0,-8.845374746796201e-05,0.0,-0.05751862225375113
-4.7314407570303056e-05,-0.0017436358789814648,3.781291104011629e-08,0.0,0.0,0.0,-0.006784753969623136
-5.735373621982808e-05,-0.0035324260160305484,-0.002121633378335927,3.4788331805376204e-05,2.115506663842343e-05,4.089979550102256e-05,-0.003681585572160943
-1.1217735128169876e-05,-0.0023833799813403832,0.0025638864001288914,4.0983606557342565e-05,-9.174108134523968e-05,-4.942467457461461e-05,0.0016561372518818754
3.8735273965034335e-05,-0.002171938200384178,-1.2590320453806702e-07,0.0,-1.4366863382129204e-05,0.0,0.0014509505022762131
1.3414185961041188e-05,-0.0022672336850951243,-0.003744913881242193,1.181653920295798e-16,-3.071349818889487e-06,7.218984617000056e-05,-0.0023916325942064556
2.0528557816263192e-05,-0.003520612633821236,0.0005523969672139941,0.0,-1.2541337368927187e-05,-1.0649627263045732e-05,0.0012771853603268095
-3.926144909496068e-05,-0.0015570250505676912,0.00013319433274970358,1.9086146984065513e-05,1.7478346558812593e-05,-2.5672942274777845e-06,-0.0012860940523222882
-5.297265235553382e-05,-0.00044167013717980643,7.854355035479271e-08,2.4672194247811406e-05,4.464342053780768e-05,-1.29126003545545e-19,-0.0019420068531844873
-2.9308765691506562e-05,-0.00021445504013835844,-0.004228496584010328,-1.2125942686209828e-16,1.998814719033698e-05,8.151500457949457e-05,-0.0043293717510459115
-6.711160548757879e-05,-0.002370782350760104,1.3888559055894139e-08,0.0,-2.9662588060808306e-05,0.0,-0.0023066507037425147
-9.724583475008609e-05,-0.0006786807208436728,3.663310117876306e-08,1.68876799274975e-05,-4.22758698856848e-05,0.0,-0.00349615679353549
-7.101938519768586e-05,-0.001439159122295122,0.0038409389314226256,3.503657101940902e-05,-0.00020566722929768252,-7.40371336504527e-05,0.0004000452521471129
7.06289391335019e-05,-0.0008356472299356216,-1.6852353437363485e-07,0.0,0.00012946802415265602,0.0,0.00256921179288011
-2.941176470588345e-05,-0.0004432165929957204,5.6633844900160044e-08,0.0,-9.951263742508809e-05,0.0,-0.0010349111718054671
4.650322813670827e-05,-0.001285498216623775,-1.1753040845825387e-07,0.0,-1.0609959817651547e-05,0.0,0.0017193074776582376
-1.0144473999896447e-05,0.00036168048818677136,4.318994697998843e-08,7.16632764826467e-05,1.1738883961755627e-16,-1.146375386890198e-19,-0.0004635854204770778
-0.00016027811639351443,-0.0012744367691543633,5.440453516299014e-08,1.6253555465205463e-05,6.704591629417182e-05,0.0,-0.005748540169536201
3.4490149297505345e-05,-0.0001978036853415455,-1.9733246193319843e-08,2.0868937432722e-05,0.0001664438766589745,0.0,0.0012069997202715508
-5.00847588226229e-06,-0.00041685930035444596,-8.614009022620853e-09,-2.2345507782520588e-05,0.00020188010479272616,0.0,-0.00016319614985017472
-2.395838899873643e-05,-0.00011750595248683424,7.189311777508821e-09,0.0,4.3107287269081474e-05,0.0,-0.0008671278385228023
9.031198686371101e-06,-0.00014203612479474548,-2.2031605390492332e-09,-1.274387759462888e-16,-6.732348111658457e-05,1.2445192963504766e-19,0.0003346838071875042
0.00011310175768007195,3.877849058588142e-05,-0.003747343391616531,8.981380065714988e-05,0.00016272883742761643,7.223699994784336e-05,0.00105310333831622
-0.00028717663862879166,-0.000543485161085969,0.0042456657439044615,0.0,-0.0002430302068454907,-8.183886155636672e-05,-0.0070305281436057925
6.516228577726455e-05,-0.00018427288257025868,-1.2026022845907494e-07,-1.0414944618966666e-05,-1.2674271229318777e-05,-1.2111894689395367e-19,0.002383643765368648
2.740833463725258e-05,-2.730402127963345e-05,0.0007236163745472327,7.0150732801780485e-06,0.00010686903457982534,-5.73187693445099e-20,0.0009590418300662718
-9.249772313296904e-05,-4.553734061930783e-05,-0.0015510287508718374,7.399817850637523e-05,0.00011555100182136109,-6.471245316576504e-20,-0.0034236709143726186
-0.00019420979880202483,-0.00040626119899672876,0.11650612721643896,1.1522532237687023e-16,-0.00014887626068712983,3.875492755849073e-05,-0.007293322036402852
3.705332746877984e-05,-1.5327815322300828e-06,-5.35311457637385e-08,0.0,-5.7712556812896205e-05,-1.3637511022625776e-19,0.0013755724217625078
3.11842847617617e-05,0.00027104169872256204,-0.0015526448404614677,1.1543807878070506e-16,9.52967123147947e-05,2.9927681181720252e-05,-5.793764947976274e-05
3.6509675063907112e-06,5.439941584539328e-05,-2.4724906955608173e-10,3.697908517179554e-05,4.172534292732869e-07,1.146375386890198e-19,5.901886515928993e-05
8.503497027994852e-05,-0.0004983968048597469,-0.002611759396686349,0.00012381791703387022,0.00019013331833271584,5.0345952635427736e-05,0.0009123028145716355
7.947376519464509e-05,-0.00024914089347079037,-3.598521492981825e-08,-1.1543807878070506e-16,5.600861671021137e-05,1.127324988092823e-19,0.0028372639750314987
-2.0438498699371444e-05,0.0005029291538241586,5.6733779167350856e-08,0.0014184536690930551,-2.2405840820196996e-05,0.0,-0.001224827107018886
-1.9931812221346888e-05,0.0004619867704050489,0.0038925480715803593,0.0,1.1248069469978194e-05,-7.503569659352512e-05,0.0022247120577735357
1.589061345158787e-05,0.0004188223700415764,-0.0026328539057622006,0.0,-4.065040650408417e-05,5.075141660507511e-05,-0.001437651101716929
-7.438122040710917e-06,0.00012170210876296904,8.888910423041607e-07,0.00015220395996734382,-1.1767775168901457e-05,5.6452015786581434e-05,-0.0033791688263911314
3.1808803301237965e-05,0.00044226654439823805,-3.0762223028934425e-09,0.0,5.922359773759584e-06,-2.6063007272264104e-19,0.0011280973472241
-6.169047253364856e-06,0.0005528336661033581,-1.154691358405304e-06,7.157118722163287e-05,3.079404085398716e-05,-7.461731428863953e-05,0.0035280892406842103
5.257219059342588e-05,0.00042968148945966215,0.002757919186474892,0.0005562137764784883,4.149356311226971e-05,-5.31620249269118e-05,0.0036384902766314875
6.5978650490437125e-06,0.00037680046217868307,-0.2173098219342749,0.0,0.0,-7.155893436273155e-05,0.0006729556646087575
-4.521855635571119e-06,0.0003753140177525049,0.2510666859998683,0.0,0.0001250488472059918,8.290068665215202e-05,-0.0006907739808735831
5.283327152432094e-05,1.4834163723753094e-05,-0.003132565186445039,0.0,0.0,6.0384720811364254e-05,-0.00048686456803103334
-5.312842538531872e-05,-0.0002264948661166458,2.0840331829928708e-08,0.0,-4.9213699304279886e-05,0.0,-0.0019142612808418812
-9.45554661543451e-05,-0.0004533188831777505,3.206840495355612e-08,0.0,1.8938460948969008e-05,0.0,-0.003454881223240008
-1.0346061785565744e-05,-0.0008012885041276564,0.0005773473657418856,-6.677404201075956e-05,-2.315280853628776e-05,-1.1129007001767031e-05,0.00018118836886309183
1.279174019061977e-05,-0.0007154523079384444,-0.0011939437068241995,0.0,3.0237617995184173e-05,2.3013711146516645e-05,-0.0004116913139466006
-3.7813592030459506e-05,-0.0009673759974960909,0.004281873201428041,-0.00016272883742761643,-5.945861367584546e-06,-8.253794398372715e-05,0.0021274347093210304
-0.00013391289859987978,-0.0003261095937684852,2.37807192766792e-07,0.0,-0.00015512593941337634,0.0,-0.004923636632903248
2.8888543125357323e-05,-0.000927908303511615,-0.0011072376654854422,-2.1523779886947398e-05,-3.324516363259569e-05,2.13422540324672e-05,0.0002958739626554582
0.000152092943220488,-0.0009653183682762678,-6.876103320758798e-08,-9.675109490266606e-05,5.428718922247697e-05,0.0,0.00573763559136236
5.841803949059469e-07,-0.0003137048720644935,0.004303271344705427,0.0001454609183315808,0.0,-8.295361607664447e-05,0.0031183082810773374
-9.317379364456863e-05,-0.00035798352295044725,1.6169943495806092e-07,0.0,-4.882088836580795e-05,0.0,-0.0033741455982075983
2.333930774942971e-05,-0.0010617430777734973,-0.00422316764810111,0.0,0.00011959999329972029,8.140839880064998e-05,-0.0023132077367979285
2.9569271074128247e-05,-0.0007653336415465162,-1.5033368741162552e-08,0.0,-3.351826167360148e-05,0.0,0.0011114583735028518
2.091254752851551e-05,-0.0005960764864715932,-6.045342518530215e-08,-6.28203008765628e-06,4.017192924455028e-05,-1.2111894689395367e-19,0.0007903626176772204
-4.704140744954707e-05,-2.498883607736144e-05,9.209988688418412e-08,0.00011977513106137956,9.166651373625132e-05,0.0,-0.001860828428602527
-2.4676189013466624e-05,-0.0004753750063992994,-0.004281003371151995,-1.1522532237687023e-16,1.090462294583571e-05,8.252700558029997e-05,-0.004129721711621657
1.3099090768993682e-05,-0.0003016643550624133,-0.062835711763308,2.0033903528929558e-05,6.241331484049931e-05,-8.360302049622438e-05,0.0030287771937138586
-9.49801797558774e-05,5.102241061266141e-06,0.017406310577167343,4.317280897994427e-06,-7.535617567408453e-05,-7.986969661289693e-05,-0.0028535491664853072
0.0001755947465330631,0.00021697772720862267,0.0015591363155165398,-6.472016785640864e-05,7.157145216635585e-05,0.0,0.006348585136316352
-0.00011554418207901981,0.0004305765577139312,0.010416027083913997,6.203714474041333e-05,-3.082470629289287e-05,-5.0599046178899634e-05,-0.0038765451983185997
-9.126904234615234e-05,0.00024198599646514492,-0.017499649005565047,0.0,-4.6585240364181374e-05,6.755698722680804e-05,-0.003797093175004581
3.536956234298346e-05,0.0010724359821944255,0.25390140722738397,0.0001602097932918694,-3.856494336462604e-06,8.131693772312574e-05,0.00041247479442665697
0.00012384836127473192,0.00011780697779791572,-0.00370242291060029,0.00016009666213562905,0.00020351910587524543,7.136384231989126e-05,0.001555944495794181
0.00014242739789424745,-0.00023296309151929216,0.0025357331960651724,-2.1173203748716333e-05,0.00013837787805158453,-4.888348952909867e-05,0.007116807704591759
-0.0001862254211651825,0.00039915506180530805,0.002822437892396757,-0.0001365983414176307,-0.00022453450164299207,-5.439941584519897e-05,-0.004524877449518501
0.00010033034239542768,0.0003464131065581587,-0.0036997625352005598,0.00010490603098079442,1.0267398776857642e-05,7.131378063479303e-05,0.0007632318204742282
-3.9232588466727346e-05,0.0002760095484387069,1.5680862403059816e-08,0.0,2.265543841039613e-05,0.0,-0.0014540606145309334
3.0774935113088614e-05,0.00022988505747126436,-9.603605932217566e-09,0.0,-2.595476455309216e-05,0.0,0.0011174205986868317
-4.498189040775792e-05,-7.915644350975582e-05,1.8165387515292462e-08,0.0,-6.425984343965416e-05,0.0,-0.001657649952536796
4.375231738969225e-05,-7.563959955506118e-05,-1.8447261852028195e-08,0.0,5.635891731542068e-05,0.0,0.001612382229976517
-1.8048596519586162e-05,-0.00011604978180088404,5.5685112931516284e-09,-1.2125942686209828e-16,1.54086525510019e-05,1.1841740904501785e-19,-0.0006621796040730313
1.2997910462494204e-05,-0.0002589710261770769,-5.583665819660312e-09,0.0,-2.232130615284164e-05,0.0,0.000495044031276924
-4.142895952187188e-05,1.4553498661078124e-06,1.4568844176668381e-08,0.0,3.589863003070455e-05,0.0,-0.0015241301059806935
1.5300036305167873e-05,-0.00025870027488200816,0.000573053022314961,-1.1673130138412979e-16,8.090866656292955e-05,-1.1047144857631869e-05,0.0009935915486012192
7.389149291525163e-05,-0.0006264748666560921,-0.18679853086621018,-1.2125942686209828e-16,4.7411238619027045e-06,-6.090727870265609e-05,0.0031379940501246764
-6.63606659405655e-05,-0.0011586795290699078,0.250202854228139,-0.00011716197292671139,-0.00013464031948552397,8.194595715989833e-05,-0.0027181417370889874
1.3389384682066607e-05,-0.0013831739076225944,-0.0012105959794992639,-0.00016874781049419,-9.500228599434998e-07,2.333493649690935e-05,-0.00016369564064234936
2.997452165657035e-06,-0.00032142123639337207,1.0297566221579008e-09,0.00012317308065921742,3.68575599629721e-05,0.0,-2.2576611212469074e-05
-2.1901285510237498e-05,-0.000648098185473501,4.880509559946616e-09,1.1906555689506462e-16,0.0,1.1627495790533654e-19,-0.000760100625307886
5.287439454708728e-05,0.00029817870997408513,-1.776125818875701e-08,3.462861901945725e-05,8.76673899231438e-06,0.0,0.0018674795469916204
-2.88780972041275e-05,0.00014805665070474964,1.089348182871399e-08,0.0,4.546044208300584e-05,0.0,-0.0010526275894317133
-4.083834180921559e-05,0.00014447526583448913,2.2619106528044617e-08,0.00015795962397904145,2.2345507782400986e-05,0.0,-0.0016887901240333332
-2.1799810193717853e-05,4.2343549377616354e-05,7.793604279458872e-09,1.256459678438791e-16,2.5902975492784606e-05,1.2270114047253819e-19,-0.0008010394015857508
4.6156694704542715e-05,0.00011879066814830718,-1.8344493217436647e-08,1.1906555689506462e-16,3.438607628420412e-05,1.1627495790533654e-19,0.0016739850753119023
-1.158508516188182e-05,-0.00048005217124459643,1.6756829958471123e-09,1.151192379922974e-16,1.151192379922974e-16,1.1242113085185293e-19,-0.000398369290084965
0.00012944552685772753,-0.00028769989952956833,-5.661246037488905e-08,0.0,8.215239268828195e-05,0.0,0.004666886817614114
-1.8970189701897023e-05,0.00014289233801398333,4.721094934558736e-09,1.6260162601740744e-05,0.00012712490761276988,0.0,-0.0007229445091329567
2.4620991818851537e-05,-0.00035109146601527665,0.0037308470748146625,0.0,-0.00020472257764336395,-7.192431468341669e-05,0.00374528118562842
-7.408447447100004e-05,-0.0006535181177976163,1.1642790656400286e-07,0.0,0.0,0.0,-0.0026457912210794687
1.6724703885375185e-05,0.0006422785536877799,-1.571392330460686e-08,2.4650216547660835e-05,5.185906316691637e-05,-1.2770453932109484e-19,0.0005440718555333471
-0.00010679079956188062,0.00033604548062376153,-0.00277185170197292,3.8648098889006074e-05,1.356073645108835e-06,5.343451728993904e-05,-0.006041762139658619
-4.818654067649317e-05,0.00014526479091698692,2.2335975367720168e-08,0.0,-8.168206285421774e-05,0.0,-0.0017538982402381341
2.2146164686930506e-05,1.5043733082513083e-05,-4.1941702316985825e-09,0.0,-0.00012269870031090638,0.0,0.0008264676727734558
1.8087986750547514e-05,0.0001395035978138954,-5.359847918085568e-09,0.0,-2.4757931864972845e-05,0.0,0.0006545125353394922
-0.00015711806980957222,-0.00016623151994873755,6.140826067366858e-08,0.0,-0.00010153423427849536,0.0,-0.00576866542012979
5.107086163372816e-06,0.00030287948577835,-2.470954604669666e-09,0.0,7.006792099323352e-05,0.0,-0.0017554387104576753
3.0926904149173704e-05,-0.0007595151022622334,-1.7454838246644865e-08,-6.56914533387687e-05,0.0,0.0,0.021258891525696752
-4.748299096318266e-05,-3.9327410958721234e-05,1.8381440815082857e-08,2.594459679139173e-05,-3.448332484934071e-06,0.0,-0.0017947473471949123
0.00014729707389650863,-0.0011015870391800641,-6.001650609915089e-08,-1.1186421998002388e-05,-6.673279329911661e-05,1.2111894689395367e-19,0.005509734958044422
4.3818933315653176e-05,-0.0006016952898793717,-2.8920813621288027e-08,-7.238688857951736e-05,0.00011117741971118216,0.0,0.0016718607243088757
1.631946179081114e-05,-0.0007659322908859422,-1.609745223446764e-08,-5.661854090699919e-05,5.31215133803968e-05,0.0,0.0006793853453486392
6.921481180015366e-05,-0.0007940626183495534,-2.890479709113443e-08,0.0,-0.00013520770096034154,0.0,0.0025168961748432118
2.528057387481536e-05,-0.0006555594122415511,-1.819426882528598e-08,0.0,9.302325581393555e-05,0.0,0.0009206297453201944
-7.472428539275046e-05,-0.0003549403556151558,3.6711527107446834e-08,0.0,-0.00020819266261526263,0.0,-0.0026141692022344765
-1.9229494065378133e-05,-0.0004254801847799659,2.700259775382889e-10,0.0,0.0001317330857813802,0.0,-0.000691410961411781
-9.519413243063036e-05,-0.0003410781145818579,0.003368498005864881,8.703903164591415e-05,-0.00014925373134333533,-6.493306662563471e-05,-0.0009941533978996173
0.00011197626992955135,-4.8201705598813496e-05,-2.1023729530846493e-07,0.0,8.67630700778643e-05,0.0,0.004094567614670706
-8.972307095398625e-06,-6.620107667685144e-05,0.00011648172919118885,0.0,-9.94228624080818e-06,0.0,-0.00032467111379198827
-2.6475037821482603e-05,-0.00016431332997142377,0.019064604197000765,0.0,0.0,-7.816439737771054e-05,-0.0003710411558638574
4.554523021998368e-05,0.00035438651756224457,0.00048062935451891574,9.922822491751355e-06,4.184385992542721e-05,0.0,0.0015860545781636016
3.309772242791428e-05,0.00015137065709298453,-0.011286261119476136,6.264258199637847e-05,8.751262201292092e-05,5.067504394330379e-05,0.0007403692727094303
-8.342602892102336e-05,0.00011234705228031146,0.16361577428000337,0.0004671857619576157,8.083055246581773e-05,5.339265850945495e-05,-0.003510185901310648
9.571538218429944e-05,-0.00013612352702181625,-0.0037414355049450823,0.0,-0.00010293918461333585,7.212515237708242e-05,0.0006469214114545718
7.671853886055642e-05,-0.0010819057582496933,0.003713996975575218,0.0011573165947430537,-2.0051436293015118e-05,-7.15967045900353e-05,-0.0055411492527307465
-0.00016198580477753182,-0.00035640692971039784,-0.2592981421901471,0.0,0.00013508356864853438,-8.404563840341913e-05,-0.0052735693167235585
0.000290533462764005,-5.903903212197653e-05,0.02123449846119784,0.0,0.00011615854160157404,-7.595825312470863e-05,0.01079664972625817
-5.710395945997324e-05,-0.00030332539172295986,-0.01573507787355569,0.0,1.8183766340148893e-05,7.049754818540507e-05,-0.0024060921180147927
4.623722835952215e-05,-0.00015966495513724608,0.16442219148628634,-1.1673130138412979e-16,-0.00010647787977812849,5.3290804418857913e-05,0.001319341555083588
-1.166030077273495e-05,-0.00045437355821956654,-0.0017851731819028297,0.0,0.0,3.441364444276372e-05,-0.001743117146212577
-6.82239525398591e-05,-0.0003659621802002225,2.798692594572281e-08,0.0,-7.341490545038544e-05,0.0,-0.0024328746366097153
1.4661091322078647e-05,-0.00045593929069198355,-6.116582494354531e-09,-1.1618895369301568e-16,-7.025966651183205e-05,1.1346577509083563e-19,0.0005618831423227641
2.04679884130337e-05,-0.0006737090423412699,-1.535367405354225e-08,0.0,7.262088544283008e-05,0.0,0.0007547332867512528
8.774366095767415e-05,-0.000814329064444979,-4.517428819512608e-08,-1.157586906335137e-16,8.27032865299124e-05,1.1304559632179073e-19,0.0031526265825122454
4.375359815774323e-05,-0.0007605066206102475,-2.877266482657803e-08,0.0,0.00012588754557666475,0.0,0.0015610135370978774
0.00014185117475794005,-0.0006502358543798094,-6.83110162729339e-08,0.0,4.1641275644774316e-05,0.0,0.00501032945055976
-0.000549757471444222,0.008585849893079199,9.037915310688863e-07,0.00017451624680537916,0.0002452928597506587,3.113753716163352e-05,-0.10347106293940232
-0.00010010077258985881,0.0061862053521439374,-8.555118133725614e-06,-0.0014813010861046314,0.0010046467360878188,-4.954652334565003e-05,-0.0024397206901024928
-0.00012444369647331342,0.006711077452409989,7.975784399039173e-07,0.0010091065484871848,0.0010249074385728712,0.0,-0.006278157199930028
-0.0004987022617723397,0.00553540971449759,1.1758801457452002e-06,0.00027771598071931776,7.71227289582167e-05,0.0,-0.07954505929448094
-0.0002823894187369991,0.007758350013736803,6.1835402733134564e-06,0.0006526943757604301,0.00049373994269803,8.261705718434813e-05,-0.0155604164365624
0.0002929535764315832,0.005859224459084836,-6.795623016582415e-08,0.00043083567316921266,0.00039529463581136154,0.0,-0.01510560139530877
-7.071606799248921e-05,0.007122566904766408,-4.134959698542226e-06,0.00028012356041275864,0.0,-7.288579797529944e-05,0.0024788134861351532
1.6599134067985183e-05,0.006252824377374215,2.3621859182492383e-07,0.0004933982151196695,0.0006307355372944629,0.0,7.593765473526506e-05
0.0009221063711753714,-0.0029953343480176617,-1.5324422099780146e-06,-0.0009309018838044029,0.0004953936169708091,1.0421594426274525e-19,0.13981789737685926
2.0433674695895347e-05,0.009136617145055053,1.5469187813038108e-09,-0.00038138852829466694,-0.0008437905668541572,0.0,0.0023199663867247357
-0.00013809557388994438,0.007299732035823019,3.470574586413437e-07,3.8372940319224704e-05,0.0,0.0,-0.004789257017675908
-7.47975332078844e-05,0.006328426393121126,2.979914019011601e-07,0.0005966595060865275,0.0,0.0,-0.000948380333845082
0.0003115275771773485,0.001852890407581343,-1.6870755558674476e-07,0.0003851058583154479,0.0015002642054461257,1.1035699343972308e-19,0.07574099335377475
-8.63908194601576e-05,0.0061696568072843235,1.4208313944400423e-07,-0.00020718172512257298,-0.0004258121868434231,1.1841740904501785e-19,0.15486837385872718
-0.0001777947199171129,0.0038579572667117807,3.040880151622803e-07,-0.00016999970677083982,-0.00020154629602474217,1.1482508770391973e-19,-0.039940034977635354
0.0007807556442942689,0.00473462857727938,0.000349920467992589,8.152869502894128e-05,0.0,1.1252472888366234e-19,-0.06831912968963012
-8.797517743673319e-05,0.006315663978794181,1.654119436133156e-07,-4.229992691965684e-05,-0.00025064100182086,0.0,-0.01855159263144645
0.001310615989515072,0.004993272171253823,0.000927887644361717,0.00019711664482306685,0.00015517693315858454,0.0,0.3355076354455577
-0.000351655587608174,0.005731139470714015,0.02355170044795667,-0.00045663227977752586,0.0,-8.23743676575108e-05,-0.020219425747523393
-0.00014074147808967316,0.004129836087331333,-0.00016996822502692618,0.0001125931824717926,0.0,0.0,-0.01934657513325903
-0.0011880794769019004,0.004783645086845432,-0.0019498274683282053,8.01904935422251e-05,-1.1783404371324226e-16,0.0,-0.22658760983536846
0.0014299536318628538,0.0024836279834478683,0.002481118041057944,0.000122062735535272,-1.07529115705068e-16,0.0,0.2646168761430324
0.0024269445638160697,-0.002247099269445674,-0.02943015699417078,-0.0007742300530009894,0.0002427732416559277,-2.279043117031955e-05,0.15055208601491965
-0.00024717149491755894,-0.01869581622196947,-0.019922576594999547,-0.002320075832797205,-0.0019776102607282457,6.963696107479223e-05,-0.13953692488989705
0.001962582834976566,-0.028326113894725363,0.011769181437173691,-0.0011694413016539848,0.0008790744033187113,7.771671784925377e-05,0.29036415289002926
-0.0004397296487068379,-0.028063990406889467,-0.008438643228906575,-0.0004720246368516649,-0.00041860845392849153,-2.875207805303463e-05,-0.02421210019250027
-0.0002018978552692481,-0.023871599033071,-0.0035414050018835455,-0.00014493648099569919,-0.0003442370004628836,1.1304559632179073e-19,-0.003701596383603079
2.7555410335991964e-05,-0.021051217121385732,0.0007819956766115554,-4.767739476119191e-05,-0.0001305614550998954,-1.196942509004289e-19,0.015540941513301125
-0.0002560632138945385,-0.10610574766598845,0.00039646345864528766,-0.00044077609137851726,-0.00044476607729614114,-1.146375386890198e-19,0.20030508569067784
-0.0020651110998061175,-0.08722756383080937,0.027016837882579133,-0.00013616862525630654,-0.001184876182078232,4.9148451498759255e-05,-0.371368320713549
0.0030303574699525188,-0.056365628214341414,-0.04692681430779937,-8.411886545217353e-05,0.0014187132772541988,5.283848332417476e-05,0.3244375646588604
-0.0005765482081271555,0.006773879142300661,0.003403312336198586,0.0,-0.002572724546408757,-6.597690808217112e-05,0.00024540828085524164
-0.00014355480630528857,0.02868749891378029,0.028212862897095518,0.0005016597438259627,0.0006625940666330302,-4.6779865250815367e-05,-0.1493387183776411
-5.275667510773252e-05,0.016436425429828067,0.016387783817805597,0.0008458838686747522,0.000793349326935944,-7.90794793193834e-05,-1.4178236987777085e-05
-0.00010326275598750436,0.014137047321532597,0.0135819682734829,0.00048351266921207927,0.0004666203864399116,8.081684600254538e-05,-0.00012047507701307817
-0.0001570224087919281,0.014107223107406478,-0.010991886268506975,0.0003448007312987346,0.0003056951423785753,-5.8907341585978656e-05,0.00016037165076519526
-0.00019267987249544627,0.013921618852459546,-0.028110228511280057,0.0006617144808743169,0.0004903802367941712,2.305327868852459e-05,8.312191324700435e-05
0.0009811562172850994,0.012339769687100152,0.0004248659883230409,0.0006265751618781746,0.0014315071148850375,-7.851576131208561e-05,-0.0022631249212355883
-0.0023216266308630803,0.009970678516875633,-0.007005543376319332,-0.00021191490810733413,-0.000409126509247593,7.244631894379424e-05,-0.5797295736708089
-9.165252275883153e-05,0.01024363524147604,-0.001327918073509553,0.0009987141901969703,0.0005594558452913486,2.97793550378028e-05,-0.0008286826001089853
0.0004174537111146693,0.008174003521690145,0.003383213601144999,0.00040803585721144896,0.0008451256603171383,-7.254148658022518e-05,0.06313660518232062
-2.023719047702868e-05,0.009478222190800769,-0.012737132028585948,0.0005466987162492012,0.0001561238857761388,7.343714098870599e-05,-0.00042070487077881905
-1.3939203024097012e-05,0.009138683257205535,0.017784683330787844,0.000468866488160686,0.0003990129679214208,-6.210951855935322e-05,-3.2835488913676485e-05
-0.0008179351919505886,0.008438955784280874,0.005570187813712944,3.254903120177279e-05,-1.8358104103437265e-05,-1.9498446459518513e-05,-0.1539636066919327
4.9532806773009706e-05,0.00899925145836547,-0.013485683333346614,0.0005551597749213062,0.000327267564916632,4.710649940632904e-05,5.782153924486784e-05
0.0011569034830521175,0.005092799842259988,0.024103144354136984,0.00010759402001200087,0.0006812867952682974,-8.416432674015678e-05,0.04210791463175324
-0.00044526389725064883,0.009199754164158575,-0.02326585140763504,-0.0002993176801124094,-0.0009248444712022624,8.126379690949232e-05,-0.003074023248466546
-4.04143897996357e-05,0.008519751821493626,7.004045148911073e-07,0.0008085724043715847,0.0005749089253187613,0.0,-0.0003713697897637592
9.489276346242366e-06,0.008175153011366464,-0.0023988382644619813,0.00021915342282573157,0.00029684205112381776,8.383479915650862e-06,-0.00012252361901393625
0.0013013817629014283,0.0018277547031515873,0.006459450633492424,-0.00021532698102454708,0.000871922252083486,-2.2558840296441058e-05,0.013469912481211245
0.0008357547984421396,-0.002933872206357616,0.0031629833697925246,-0.0019420209888175125,-0.0013604274677149494,-1.105931783356795e-05,0.2565901190175196
0.0006016613321140071,-0.006378981862520957,8.597081724989798e-06,-0.0013416399939033684,-0.0007453132144490169,5.486968449931413e-05,0.06523944663995002
0.00010673913899720637,-0.009258143290401722,0.0021671303643296,-0.0010925006892749287,-0.0007313206506754436,-6.656426011264739e-05,-0.008550697435905736
4.572473708276177e-06,-0.00868427069044353,0.031245890805069176,-0.000557460752934004,-0.0004340039628105472,-8.154244779759183e-05,0.011373236318034316
-4.999210057101259e-05,-0.008896957591351536,0.004191999751996287,-0.00023816778387162303,-0.00027089398966308556,-1.0212833186629637e-05,0.0019360042567991272
5.49790924577677e-06,-0.008403851117650192,-0.03163534637349529,-0.0001839863713798938,-0.00022569820866238547,8.073924939342314e-05,-0.0008450449758174978
-5.1877856758012624e-05,-0.007105007038703751,0.028399924787666193,-0.0001502169542975029,-0.00010450882589777886,-7.589055539141569e-05,0.06969447519819368
-0.0001763678088979408,-0.005676993689042206,-0.027845879121124687,1.1738883961755627e-16,-0.00017389036666141055,7.223699994784336e-05,-0.014688899481723182
-9.454655472354863e-05,-0.005434157779290875,5.0431867055079283e-05,-4.160048407791992e-06,-0.0001268814764390426,-1.1629226230996142e-05,-0.00040535864463134746
-9.145400855037751e-06,-0.003430076248402447,-0.0016736259521877626,5.597426065489163e-05,-7.228172242052203e-05,0.0,0.00527104962221846
-0.00020780540145652238,-0.0035030134922271277,-0.0028815190088360538,0.0,-0.00018560372577224285,-7.362509417163261e-06,-0.06481661822049789
-0.00023490662252762982,-0.002746624088099737,9.824448934728572e-06,0.0,-0.0001176762356980735,0.0,0.018681052342684742
-5.617047443356281e-05,-0.001467882313986819,-0.003397910952569933,2.3414218816682862e-05,-3.926020528835741e-05,6.574901849486777e-05,-0.01257937280412073
-0.00016058880853464985,-0.0013719290147200542,0.0005260481838421224,-1.1543807878070506e-16,-2.0900651382208212e-05,-1.0078473611324801e-05,-0.01562749297719597
-6.319907709284246e-05,-0.0011079901690320372,-0.003962535978916766,0.0,2.9147369770314805e-05,7.663027425278523e-05,-0.014481537301191054
-3.0951742113531646e-05,-0.0010209603025550294,0.0036904188274528727,0.00011479934071848887,-7.410530619605408e-06,-7.129441527080377e-05,0.004739350284553244
0.0001095180207934356,-0.0006221933578681722,8.509133187565935e-05,0.00012456078999520523,0.00013535716862893936,-1.7207595765822956e-06,0.012214165562715783
1.8811952825407096e-05,0.00010123483587821976,2.93042133933219e-07,0.0,0.00011275112751121894,0.0,0.012351416059177594
-0.0004151622591592617,-0.000388955751444504,0.002052223463436492,5.249975604196523e-05,0.00104341367682607,5.2478070888766064e-05,0.011539147296009578
-0.00014976663076370973,0.0118865722931735,0.0042697559809208255,0.0009524798686977047,-0.0006658460275939371,-8.226906703595424e-05,-0.0010065774269376966
0.0007133259271015219,0.00925948262180557,0.01586755794387462,0.0006324128445220623,0.001330899857165669,-1.1627495790533654e-19,0.1525677925624564
-5.7053097334298096e-05,0.00846720610002938,0.0005043601681897896,0.000843406388232837,0.0006975659385661426,-1.7752573204878162e-06,-0.07859512697366952
2.9915853595582778e-05,0.00946190181198667,-0.021777792342251977,0.00036144236229407095,7.924216612453916e-05,0.00012221878065148952,-0.00021323190668851897
-0.00011933728189531205,0.008936022624192977,-1.135812435006491e-05,-0.0004092897924337014,-0.0005582412891520765,-8.118563577183724e-05,-0.0007600688961583088
-0.0004591065915109178,0.00941296931140144,0.017396903467270828,-0.0002560542132269299,0.0034752117875859407,-6.0761885925877136e-05,-0.003845659498851421
-0.00014035899809699827,0.00879221313583263,-0.021526511625353552,-0.000583757650568304,-9.036671295591938e-05,7.519415728025514e-05,-0.0016821316692276456
-0.00016204651651178639,0.007790754449519154,-0.0029376237098737764,-0.00043363784322991727,-0.0008331495773612724,1.0264083582716408e-05,-0.001355336987451383
4.684059269212379e-05,0.008353487851303402,1.63660928116455e-07,-0.0002566901802709663,0.00019016160937562662,0.0,-0.0004970978357268493
-0.00021292892156862746,0.00865234375,0.01720676064365631,-0.0008635876225490196,-0.00028377757352941176,-6.012561274509804e-05,0.0038222103009446584
-2.874663399569012e-05,0.008445639827967344,-0.0074598389064155085,-0.0003221792564799571,-0.0004250417958828865,2.6066592646477033e-05,-0.00018106449431315748
6.488691138301817e-05,0.008592880978865406,-0.0033953194233172536,-0.0004282536151279199,-9.566184649622189e-05,1.1865035224323435e-05,-0.00064496978508149
5.348893751519786e-05,0.009037972725062439,9.88527751645479e-08,-0.0003053511040381594,-2.7960126428414914e-05,0.0,-0.0006062080993850134
7.70898312208297e-05,0.008115612626363036,3.4143099336408755e-08,-0.00010916450992102992,-0.00019178445815922046,0.0,-0.0008879187381953262
-0.0007185030852897925,0.0066757084184810075,1.7588850653747163e-06,-0.00014564431634356024,-0.00036068269109146924,1.0426428894465845e-19,-0.003999949609579172
-8.58701214413209e-05,0.007745222850439175,3.1277880310559205e-07,-0.00016818312302645157,-0.0001251856566944388,0.0,0.00015516371882199218
-8.973556563918314e-05,0.007665649611432453,-0.011392368726409365,-7.685286600950467e-05,-0.00013597246127366205,3.9821624158973614e-05,-0.0001489957894695872
0.0003614082863256147,0.007417785126109749,-5.476987733929752e-07,0.0,-0.00012384101666343983,0.0,0.0008580607740211947
0.00029744595109731654,-0.00839097641997461,0.02344983841334388,0.0023934814572781843,-0.0013090181342917569,-8.193105701682732e-05,0.0038163792283599065
0.0006602828866072908,-0.01616494538895315,0.001807807810004321,0.00019715652227598104,0.000156168321184343,-6.285529300769459e-06,0.0011061305166235418
-0.010942248666769067,-0.003144376985699059,-0.3744839881639443,-0.0008279505566019985,-0.009230539139995322,-1.18458573734452e-19,-0.4204249435370384
0.0,-0.003140064825021936,7.942516768162447e-08,-0.0009268826403857105,-0.002027262705868752,-6.93496108853387e-05,0.0
0.0,-0.002010555775926387,4.594482696348667e-09,-0.0003206399576887137,-0.00041451804839354607,-7.712988672925208e-07,0.0
0.010801857797535754,-0.014498929776899682,0.16853434771760675,0.0002906753382179158,0.00995286902115745,-1.2063036301334084e-19,3.6002183145804487
-0.01593224370832785,-0.024151776125711243,-0.07865512306637633,0.00021986498627003253,0.014382553528579083,0.0,-3.2819680955679615
0.0,-0.0010888049880535943,-0.3190229534181981,-0.0001480509026792901,-0.008739890375253937,-1.3072962289273182e-19,0.0
0.0,-0.04070651813540174,-0.00047400279265649383,-0.000539033662666082,-0.0009508100700660359,0.0,0.0
0.0,-0.04681398227350128,1.2203179343361587e-07,-0.00011272462038322938,-2.099772340438251e-06,0.0,0.0
0.0,-0.05325897819171273,8.189363981870943e-08,0.0,3.8327392587526894e-05,-1.3071960184157298e-19,0.0
0.0,-0.021220008400273077,2.231971355837145e-08,1.8638105738485398e-05,-5.286921824962164e-05,-1.1539589065388653e-19,0.0
0.0,0.0062553363332179535,-7.1127180001913666e-09,0.0,-0.00015114803276797045,-1.3117207536819665e-19,0.0
0.0,0.01743293916290602,5.511410682896283e-08,0.0,2.9666511073105298e-05,2.8940407655204573e-05,0.0
0.0,0.011768756971724354,-9.796594643852232e-08,-1.818710897721345e-05,-5.577380086271683e-06,-3.067559047480483e-05,0.0
0.0,0.01247874862984608,1.5595426995759628e-07,-0.0001371272621524456,0.0,5.614835693353918e-05,0.0
0.0,0.01198467026085096,-2.860139497391992e-07,6.050209660732085e-05,5.865054729623992e-05,-8.413657899036102e-05,0.0
0.0,0.010720355170099666,-1.9471173519736434e-08,0.0,2.3385473129960544e-05,-1.1346577509083563e-19,0.0
0.0,0.009353923587279513,-1.9140153768760228e-08,1.4184397163085053e-05,-4.8043925875085785e-06,0.0,0.0
0.013986489747264894,0.006468090805113308,0.3132665933630315,0.001050778667361772,0.05465066139672694,0.00016706239473392086,0.7852290439642687
0.0,0.010176902043379918,-0.012925069584822901,0.000221150648486864,-0.017190259764253823,-0.00015223737205779126,0.0
0.0,0.008155229817243492,-0.0010683537091823285,-0.0008243450610205531,-0.0016543683834405105,-9.417604272268512e-06,0.0
0.0,0.008438692994041931,-3.607150846728479e-08,-0.0003001956161911228,-0.000389504717638304,0.0,0.0
0.0,0.008082738297630909,-3.527628962352921e-08,-0.00023427405644342177,-0.00015334920095209229,0.0,0.0
0.0,0.00781673571684316,-3.6230082528151295e-08,-0.0001553884711777821,-8.24510255230904e-05,-1.1242113085185293e-19,0.0
0.0,0.00756151133239961,8.243735958682718e-08,-6.099268710123507e-05,-5.3783517452365986e-05,1.776360147295264e-05,0.0
0.0,0.007741344676828548,-4.233830830391087e-08,0.0,-7.207845917523337e-05,-1.3433396871276856e-19,0.0
0.0,0.0072908517185629835,0.00027932914214838544,-0.00011583998330984665,-2.2270901789002415e-05,-1.146375386890198e-19,0.0
0.0,0.009693325796375699,-3.200628504492491e-08,0.0,2.3353146393930413e-05,1.1962063984195282e-05,0.0
0.0,0.007787711082730239,-8.500940698793203e-08,0.0,-8.798070100755763e-05,5.120382195733405e-05,0.0
0.0,0.00722948310373346,4.111234116364304e-08,-3.1790886612504414e-05,7.064641469323584e-06,-3.139840653086856e-05,0.0
0.0,0.007154804744768483,2.468387725993995e-08,-6.752854413788316e-05,0.0,-2.165800346528052e-05,0.0
0.0,0.007267986377181925,-5.570823828939431e-09,0.0,-2.4833262381155097e-05,-1.2547622535220852e-19,0.0
0.0,0.006760474601408973,8.64759726631024e-09,0.0,-4.449388209121246e-06,-1.075268817204301e-05,0.0
0.0,0.006894806314314493,7.10315207107792e-08,1.2125942686209828e-16,-3.43192715909285e-05,-6.492107106298148e-05,0.0
0.0,0.006395823701648944,-0.0032133813476615852,1.1558021266759131e-05,-1.849283402681461e-05,-3.120665742024977e-05,0.0
0.0,0.006448008102633635,0.00507554354126992,-2.205716857978843e-05,0.0,4.929101958136384e-05,0.0
0.0,0.006299310938845823,-3.0638667707500737e-09,-4.737295434969854e-05,0.0,0.0,0.0
0.0,0.006266908398909794,-2.9812057933078336e-09,-4.834644859380308e-06,1.157586906335137e-16,-1.1304559632179073e-19,0.0
0.0,0.006506519584832612,-2.8062271665935298e-09,-2.0080321285112227e-05,-1.3195639701692134e-05,-1.146375386890198e-19,0.0
0.0,0.006176387643332518,-2.563216088596486e-09,1.5961917009277037e-05,-3.2431456820987866e-05,0.0,0.0
0.0,0.005949815441062293,-2.456760596248482e-09,0.0,4.210596114321172e-05,0.0,0.0
0.0,0.005922700024332927,0.002238016956678574,0.0,2.654456168344024e-06,2.1733359877895032e-05,0.0
0.0,0.005820680422113817,-1.9538713744710557e-09,0.0,-4.782905444428574e-05,-1.1539589065388653e-19,0.0
0.0,0.005582171733801973,-1.8607193323825588e-09,-3.109794021920907e-06,0.0,-1.2477975822809354e-19,0.0
0.0,0.005399697092332109,-1.7470362244016885e-09,-6.3770035441138e-06,2.4588254049981866e-05,-1.2547754430111034e-19,0.0
0.0,0.005079459805936829,-3.349189857297127e-08,-7.183431691124641e-06,-2.3981610414870807e-05,5.370996618261386e-05,0.0
0.0,0.005340989486500407,4.731936237833839e-08,-5.122383279309076e-05,-9.268552186285212e-06,-7.530013107597471e-05,0.0
0.0,0.0051903069377855875,-4.834305477300869e-08,-2.788339670474936e-05,0.0,7.645891882955863e-05,0.0
0.0,0.005259463432561298,1.2564136661373092e-08,-1.4805481178166813e-05,0.0,-2.1709455557305646e-05,0.0
0.0,0.005043752317389692,-1.298633159245656e-09,3.707823507601038e-06,8.157211716722284e-06,0.0,0.0
0.0,0.004769300022507594,-1.8664704681435548e-08,0.0,-6.234526221023578e-05,3.1397704253882476e-05,0.0
0.0,0.00480678836599156,3.38459217894869e-08,-3.383017919945974e-05,1.3007313124589745e-05,-6.25244236029699e-05,0.0
0.0,0.004229549322546997,-4.08224891088576e-10,0.0,-2.5418296753431954e-06,-8.288575028181322e-07,0.0
0.0,0.004829825060049994,2.509652804799888e-08,0.0,-5.015799769325116e-06,-4.946135883588865e-05,0.0
0.0,0.003945555159880706,-7.734300936432041e-10,0.0,-5.013763827416243e-05,0.0,0.0
0.0,0.004467257942534675,-9.42320656014101e-10,0.0,2.0188383241708615e-05,0.0,0.0
0.0,0.004204495191070986,-3.0720615483427406e-08,-1.157586906335137e-16,-1.157586906335137e-16,6.187316772103077e-05,0.0
0.0,0.0034666295884320506,3.77947802459757e-08,-3.0898529228090216e-07,1.8044741070171576e-05,-8.008898776418243e-05,0.0
0.0,0.004238611497910867,0.001479538549847153,0.0,-2.265543841039613e-05,1.4366863382180683e-05,0.0
0.0,0.004098272963472057,-7.524454418752566e-10,-1.910438636666508e-06,2.8656579549330408e-06,-1.3031503636132052e-19,0.0
0.0,0.0035487257697326084,-6.457710547341423e-10,-1.0443604535508255e-05,2.232389540909734e-05,0.0,0.0
0.0,0.004022442662164301,-6.51561979221142e-10,-1.5669570334000586e-05,-3.153101295776041e-05,-1.308801232452696e-19,0.0
0.0,0.0036764949950727085,-6.27271056519404e-10,1.1673130138412979e-16,-1.1673130138412979e-16,-1.1399541150793924e-19,0.0
0.0,0.0035995550611790878,-3.187309021914997e-08,-2.5954764553207267e-06,0.0,7.415647015202076e-05,0.0
0.0,0.0034785459519648104,6.694794715454507e-05,-3.815434705141437e-06,0.0,-1.1078891884711697e-05,0.0
0.0,0.0034818866835159704,-3.285231422833788e-08,0.0,1.4728668468541208e-06,7.92402363656716e-05,0.0
0.0,0.003242435293857476,8.190175424485207e-09,0.0,1.1327719205198065e-05,-2.1439780739562084e-05,0.0
0.0,0.004675831440050794,-6.781232617991995e-10,0.0,-3.423954201803221e-05,-1.313337106414756e-19,0.0
0.0,0.0033884700210292267,-8.504205055181871e-09,1.1543807878070506e-16,-2.2824024209250708e-06,2.0695491614094503e-05,0.0
0.0,0.0025661846496106786,3.9987526663654215e-09,0.0,-2.5954764553207266e-05,-1.075268817204301e-05,0.0
0.0,0.0029882706908307462,-4.3489916173358703e-10,0.0,8.697082951312126e-06,0.0,0.0
0.0,0.0034907516046653233,-4.747863216302001e-10,0.0,-1.8404766834592314e-05,-1.2205548485844624e-19,0.0
0.0,0.003348261941531741,-4.688783525549619e-10,1.4468015931023256e-05,-7.802974884208234e-06,0.0,0.0
0.0,0.00313592655107162,-4.5041921438427855e-10,2.9717150017941595e-05,-2.608562221833598e-06,-1.1242113085185293e-19,0.0
0.0,0.003825201639561432,-5.106584507597268e-10,-2.8648243641951568e-06,9.916699722315306e-06,0.0,0.0
0.0,0.0030636806825105247,-3.7531162587904403e-10,-9.366465795454983e-06,-1.636310289566994e-05,0.0,0.0
0.0,0.0027753090283209147,-3.2331797673897513e-10,1.1738883961755627e-16,-3.989985917694333e-05,-1.146375386890198e-19,0.0
0.0,0.002795170346508766,1.2867234886221046e-08,-3.489698677935869e-05,1.3813390600200794e-05,-3.847616491063243e-05,0.0
0.0,0.0029884534279692866,-3.010244555405394e-10,-7.267397006637574e-05,-5.863292701779484e-06,-1.1304559632179073e-19,0.0
0.0,0.0015826194709340794,-0.0038451347756707235,3.286460858794117e-06,-7.70432627556158e-06,-3.733635041215454e-05,0.0
0.0,0.0026210807460907565,-3.1532838165258036e-10,0.0,0.0,0.0,0.0
0.0,0.0025706829663119275,-3.1381329485128536e-10,1.0605933740772483e-05,0.0,0.0,0.0
0.0,0.0024381549739304546,-2.737662717147426e-10,-1.3009137370283785e-05,1.1618895369301568e-16,-1.1346577509083563e-19,0.0
0.0,0.0028415110836809494,-0.0006435680472704252,0.0,-5.606130741092871e-06,-6.249035642647748e-06,0.0
0.0,0.0028649584100932973,0.0010866125364864287,0.0,-3.0480656506356845e-05,1.0550996483001116e-05,0.0
0.0,0.002540350604221869,-5.338618286864535e-09,-2.5413619625417337e-06,-4.408485037119366e-06,1.6259530107359567e-05,0.0
0.0,0.0022826075806536886,-2.519339101402712e-10,0.0,1.1543807878070506e-16,-1.127324988092823e-19,0.0
0.0,0.00235357796526913,-2.464751575489213e-10,0.0,-1.6517119771456097e-05,0.0,0.0
0.0,0.0017713554589711233,-1.9855945693363757e-10,0.0,1.1934300289181392e-05,0.0,0.0
0.0,0.002380400501577281,-0.0008283224675902614,0.0,1.2666084026816177e-05,-8.042963357018895e-06,0.0
0.0,0.0013888888888886185,0.0009764052146474325,8.28211499061122e-06,-1.961553550361181e-06,9.480842160324296e-06,0.0
0.0,0.001974214452976566,-2.1529809763294395e-10,0.0,1.2960845177811643e-05,-1.196942509004289e-19,0.0
0.0,0.0020875449851354114,-2.1665565973031268e-10,1.5542690241457088e-05,-1.8985031033167134e-05,-1.146375386890198e-19,0.0
0.0,0.0017054727360356317,-0.0003480215515879325,-5.48436954674005e-06,2.9582356949378183e-05,-3.379258003578773e-06,0.0
0.0,0.002308632102714883,-2.328433321602248e-10,8.885334755038612e-06,-1.3550135501406732e-05,0.0,0.0
0.0,0.00214689439400908,-2.048868902570373e-10,-2.6516900035934807e-05,1.4002154177581703e-05,-1.127324988092823e-19,0.0
0.0,0.0029570942768252706,0.00098732759274232,0.0,4.208571497477808e-05,9.58686057448806e-06,0.0
0.0,0.0009235971297303935,-9.101406071844259e-11,0.0,7.743534149185923e-07,-1.1346577509083563e-19,0.0
0.0,0.0033487996393285983,-6.299865547794758e-09,1.978685301367977e-05,-5.147086448505976e-05,2.1634043405843393e-05,0.0
0.0,0.001206083709350917,-0.0008759924656731854,-1.7011565790168186e-05,-1.5766817073783098e-05,-8.505782895078052e-06,0.0
0.0,0.002485966597299838,0.004190184922967292,-0.00010196894509364078,-8.003841844088059e-05,4.068619604076621e-05,0.0
0.0,0.0018912775466173525,-1.4442747832263153e-10,-3.7756202804746496e-05,-1.4640160271228232e-05,0.0,0.0
0.0,0.0020580743425111362,-1.7912450969611295e-10,-1.8841664368963856e-05,0.0,-1.343445516070619e-19,0.0
0.0,0.001758017181580856,-1.6085878779195534e-10,-2.080998879515977e-06,0.0,-1.1728005598871864e-19,0.0
0.0,0.0020881077077717133,-1.5542341534854155e-10,-3.7401470666007216e-05,-2.0261334179768037e-05,-1.1627495790533654e-19,0.0
0.0,0.0016064417961765612,-1.3386234037025465e-10,-1.8003577485092488e-05,0.0,0.0,0.0
0.0,0.0015737756219684903,-1.4680836104714977e-10,8.397225264638475e-06,0.0,-1.146375386890198e-19,0.0
0.0,0.0017390028959452107,-1.6197981842982688e-10,0.0,1.2482524465762483e-05,-1.2771888599642301e-19,0.0
0.0,0.0015507907746680888,-1.288334769941087e-10,0.0,-1.633000022368127e-05,0.0,0.0
0.0,0.0014285714285714286,-1.1821730611881533e-10,-1.274387759462888e-16,-1.477832512315271e-05,-1.2445192963504766e-19,0.0
0.0,0.0017648127653252426,-0.001136962674329976,0.0,-2.7530462456674167e-05,-1.1039715445140066e-05,0.0
0.0,0.0013511875135598516,0.008848852759311734,0.0,-2.6800413492138445e-05,8.592084944548665e-05,0.0
0.0,0.0017799803830470151,-1.3154820385960281e-10,-1.1618895369301568e-16,-4.233132001442656e-05,-1.1346577509083563e-19,0.0
0.0,0.0015011550375390135,-1.1266455669981881e-10,-1.181653920295798e-16,-3.092350501392518e-05,-1.1539589065388653e-19,0.0
0.0,0.0013269134148386626,-4.57654984126805e-09,-1.256459678438791e-16,-5.135934795923581e-06,1.7864121029419987e-05,0.0
0.0,0.0017213972260304664,-1.3342169208674657e-10,0.0,-2.2960405688928954e-05,0.0,0.0
0.0,0.00138910925999383,0.0004425664369904275,0.0,5.090572524130637e-05,4.297236546344061e-06,0.0
0.0,0.0013141809290953546,-1.1696778294204318e-10,-9.702332440763929e-06,2.7748670780500802e-05,-1.3236329924509958e-19,0.0
0.0,-4.742547425474255e-05,-0.005090183189747073,-5.775467590913879e-06,5.775467590744929e-05,-4.942467457461461e-05,0.0
0.0,0.003414163885799036,0.0011074005051095513,2.89210233592881e-05,2.0763811642565814e-05,1.075268817204301e-05,0.0
0.0,0.0014638889927818869,-0.0016884266410881806,-2.424854446399077e-05,4.2325865529694525e-05,-1.6394260138883663e-05,0.0
0.0,-0.0008295378432681711,0.008105282064842914,-1.5181960259038366e-05,-3.6392051797224204e-05,7.870060281312793e-05,0.0
0.0,0.0018104783095221927,-0.0009413910056911892,-2.251021417235704e-05,-7.1108855752496e-05,-9.140708356103765e-06,0.0
0.0,-0.001050537228307386,8.080254034053992e-11,7.553490205076687e-06,0.0,0.0,0.0
0.0,-0.08532663634066252,-0.0014314699808388879,7.45514278494544e-05,0.0,-1.3899418751579505e-05,0.0
0.0,0.7844358974358975,0.7439829651928236,0.1306512820532307,0.1306871794891282,5.128205128205128e-06,0.0
0.0,13.1225,12.888613156525146,2.2358333333666898,2.2375000000333403,0.0016666666666666668,0.0
0.00010416666666666667,0.47583912037037035,0.4473736202891666,0.06803819444444399,0.06961226851851807,5.787037037036993e-05,0.15820671383954257
-9.183594054011986e-05,-0.023207253482761304,0.0002637848844857781,-0.00033776947622383063,-0.0007673748929877812,-1.4787142968324443e-05,1.7178032984930763e-06
0.0003333333333333333,-0.03333333333333269,-0.027710330917798114,-0.0003333333333334142,-0.0005833333333334142,8.333333333333333e-05,-1.2564052051554124e-06
-0.0003333333333333333,-0.018583333333332685,0.019745834224010144,-8.084397349092696e-17,-8.333333333325249e-05,-8.333333333333333e-05,5.3203108849831755e-06
-0.00041666666666665656,-0.021750000000000647,0.014072671376189424,0.0,0.00016666666666666666,-7.894919286223336e-20,8.748909521899703e-06
-0.0006666666666666666,-0.019166666666666665,-0.0009229819447759332,0.00016666666666666666,0.0,8.333333333333333e-05,1.4278895261749211e-05
8.333333333332323e-05,0.004083333333333333,-0.004761270151925661,0.0002499999999999192,0.0,1.5789838572446672e-19,4.640966339502484e-06
0.0,0.00175,7.486830826189058e-05,0.0003333333333332525,8.333333333341417e-05,1.5789838572446672e-19,-1.5088699874468147e-06
8.333333333333333e-05,-0.00125,-0.0015793800365237985,0.0,8.333333333333333e-05,1.5789838572446672e-19,0.03961475117137242
-8.333333333332323e-05,-0.0005,0.0006539893134089652,0.00016666666666666666,8.084397349092696e-17,-8.333333333333333e-05,-0.0021491641785988274
0.00016666666666666666,-0.00125,0.006024385005761481,8.084397349092696e-17,0.0,-7.894919286223336e-20,0.5803983072072507
0.00025,0.0016666666666666668,-0.0005091325971343192,8.333333333333333e-05,0.0,0.0,0.09368697005521001
0.00016666666666666666,-0.00175,-0.0009808425126952998,-0.00016666666666666666,-0.00016666666666666666,-7.894919286223336e-20,0.08426915448049743
0.0,0.0021666666666666666,8.636300674730188e-05,0.00016666666666666666,-0.0004166666666666667,1.5789838572446672e-19,0.0033744727990020896
0.0003333333333333333,-0.0015833333333326867,-0.011083606549400915,8.084397349092696e-17,0.0005,0.00016666666666666666,0.10615079920920609
0.0,-0.0018333333333333333,2.0011484409527233e-06,-0.00016666666666666666,-0.00016666666666666666,-8.333333333333333e-05,-0.00175117979594571
0.00025,-0.0014166666666666668,-1.711259564358948e-06,8.084397349092696e-17,8.084397349092696e-17,-1.5789838572446672e-19,0.12220987475563565
0.00016666666666666666,-0.002,-2.654019196698856e-06,8.084397349092696e-17,0.00016666666666666666,0.0,0.07934811234415198
-0.0005,-0.0006666666666666666,0.004703129006404844,8.084397349092696e-17,-0.00016666666666666666,-1.5789838572446672e-19,-0.01927056972624786
0.0,-0.0005833333333333334,-4.3730228984107573e-07,0.00016666666666666666,0.0004166666666666667,-1.5789838572446672e-19,-0.006512445040322039
8.333333333333333e-05,-0.0019166666666666666,-9.45221937339132e-07,-0.00016666666666666666,-0.00016666666666666666,-1.5789838572446672e-19,0.04630271542458213
0.0005,-0.00125,0.004367572230689822,8.084397349092696e-17,0.00016666666666666666,8.333333333333333e-05,0.17518061555710995
0.0003333333333333333,-0.00125,0.007564165244030301,0.0,0.0,-1.5789838572446672e-19,0.14545379191232885
-8.333333333333333e-05,-0.0011666666666666668,-3.9223127274049655e-07,-8.084397349092696e-17,0.0,-8.333333333333333e-05,-0.04810201052165099
-0.0033333333333333435,0.012833333333333334,0.002308290528640565,0.0005833333333333334,-0.0028333333333333335,-1.5789838572446672e-19,-0.12520218857943674
-0.0002922077922077922,0.01099025974025974,0.004585460294586536,0.0019155844155844155,0.0011417748917749969,-0.00015692640692640693,0.012796685590586306
-0.0006666666666666666,0.009166666666666667,-2.3663015163037926e-05,0.0009166666666666666,0.0005833333333333334,8.333333333333318e-05,-0.6120724331183877
0.007337954049544346,0.008880118084969838,-0.013505752301063547,0.0010807341804646388,0.0019670132203824927,-6.225131562058786e-05,1.3665396385979252
-0.0003501436053387428,0.01066227403277594,-0.014198083581222924,-0.0014195810103057461,-0.0011028045277918569,2.7031593174522633e-05,-0.9508068091615098
-0.001322333811573407,0.010289335246293826,-0.013162581891242876,0.000430416068866571,0.0035760401721663814,0.0,-0.0623362128259841
-0.00016666666666666666,0.009916666666666667,-2.823958384170611e-05,0.0005,0.0,1.5789838572446672e-19,-8.084397349092696e-17
0.0025,-0.0003333333333333333,0.009477701395332244,-0.00075,-0.0010833333333333333,1.5789838572446672e-19,-0.04482307639365471
0.000375,-0.011508928571428571,0.0010808961659121061,-0.001142857142857143,-0.0003392857142857143,4.464285714285714e-05,0.00019795053442713754
-0.016645107550590423,-0.00911432047952721,-0.13471732086496283,-0.0007791905531872877,-0.0012356476717788794,-9.918010028255516e-05,-0.11114489080066423
0.0,0.012962024213918647,-0.33517102657063524,-0.0007005487326887902,-0.006554045814824492,-6.99416427140493e-05,0.0
0.0,0.008526785714285714,-3.1874976157846434e-08,-0.0007529761904761905,-0.001086309523809524,0.0,0.0
0.0,0.00691666666666759,-0.0006751614642867242,-8.035714285714285e-05,-0.00012797619047619048,-5.952380952381065e-06,0.0
0.0,0.009264880952380952,4.8028661810334716e-08,-0.0001488095238096393,-8.333333333333333e-05,1.785714285714286e-05,0.0
0.0,0.008571428571428572,-2.239904798833387e-08,-0.00014285714285714287,-3.5714285714401205e-05,0.0,0.0
0.0,0.008800595238095238,-2.603794333510219e-08,-0.00015476190476190475,-1.785714285714286e-05,0.0,0.0
0.0,0.008889880952380953,-0.009454485578326663,0.0,-5.357142857142857e-05,-8.333333333333338e-05,0.0
0.0,0.008830357142857143,0.004389626453867153,0.0,1.1904761904761905e-05,3.869047619047619e-05,0.0
-0.0031320402822183537,-0.2828336334938693,-0.17886516225457869,-0.044507298285375155,-0.03981764404333102,-2.605325994576879e-05,-0.25046868193776134
-0.005122448979591836,0.00779421768707483,0.14559146690147332,4.9319727891684427e-05,0.01082482993197279,0.00028401360544217687,-1.4363215483925633
0.0024063990692262936,0.00859367849524932,-0.14612707409764525,0.0008956369982548835,-0.007098817141749127,-0.00012565445026178004,0.11959973635508728
0.0,0.00907680203352902,-1.0090005592033694e-07,-0.000525933547176763,-0.0017788940668564015,0.0,0.0
0.0,0.009154761904761905,0.00012571396785400187,-0.00026785714285714287,-0.0003244047619047619,0.0,0.0
0.0,0.009008928571428572,-0.003983570260357016,-0.00016666666666655117,-2.380952380952381e-05,-3.869047619047619e-05,0.0
0.0,0.008071428571428571,0.003983552877551927,-4.1666666666666665e-05,-5.9523809523809524e-05,3.869047619047619e-05,0.0
0.0,0.00812202380952381,-7.576707358812055e-09,0.0,-2.380952380952381e-05,0.0,0.0
0.0,0.006345238095238096,-4.798822781248462e-08,0.0,0.0,3.273809523809535e-05,0.0
0.0,0.006919642857142857,-1.1599272496939178e-08,5.9523809523809525e-06,-4.1666666666666665e-05,5.9523809523809525e-06,0.0
0.0,0.008928571428571428,-0.002145189231394657,-5.357142857142857e-05,-7.738095238095238e-05,-2.0833333333333444e-05,0.0
0.0,0.007136904761904762,-4.590644190708796e-09,3.571428571428572e-05,0.0,0.0,0.0
0.0,0.007148809523809523,-4.294053984007665e-09,0.0,7.738095238095238e-05,0.0,0.0
0.0,0.005866071428571429,-5.374942806416324e-08,0.0,2.380952380952381e-05,5.357142857142857e-05,0.0
0.0,0.007175595238095238,5.108184672685133e-08,-0.0001607142857142857,-7.142857142857143e-05,-5.6547619047619046e-05,0.0
0.0,0.006811710547202757,-3.2003014308143587e-09,1.4604168083884004e-05,1.3606367780233736e-05,0.0,0.0
0.0,0.005907738095238095,-2.911438175018818e-09,5.9523809523809524e-05,9.523809523821074e-05,0.0,0.0
0.0,0.006386904761904762,-3.3181785265841185e-08,3.571428571428572e-05,0.0,3.869047619047619e-05,0.0
0.0,0.006544642857142857,-2.452225003036715e-09,1.1904761904761905e-05,0.0,0.0,0.0
0.0,0.006244047619047619,-1.4958484652673915e-08,-7.738095238095238e-05,-2.9761904761904762e-05,1.785714285714286e-05,0.0
0.0,0.006449404761904762,-2.0628333062170045e-09,4.761904761904762e-05,-8.928571428571429e-05,0.0,0.0
0.0,0.005788690476190476,-1.5426822568452548e-09,-0.00010714285714285714,-1.1904761904761905e-05,0.0,0.0
0.0,0.005851190476190476,-1.6671413230517555e-09,-5.357142857142857e-05,2.380952380952381e-05,0.0,0.0
0.0,0.006321428571428572,-1.7265343875993812e-09,4.761904761904762e-05,-8.928571428571429e-05,0.0,0.0
0.0,0.004281479435660199,-1.0169998216121634e-09,-3.792952657138254e-05,-3.5996225459734404e-05,0.0,0.0
0.0,0.00575,-1.5812129565765934e-09,2.9761904761904762e-05,2.9761904761904762e-05,0.0,0.0
0.0,0.005494047619047619,-1.0920403939154414e-09,-1.785714285714286e-05,-0.0001607142857142857,0.0,0.0
0.0,0.005288690476190476,-1.2422826821132311e-09,0.0,-5.9523809523809525e-06,0.0,0.0
0.0,0.004309523809523809,-1.20576060864897e-09,2.9761904761904762e-05,0.00013095238095238096,0.0,0.0
0.0,0.005071428571428571,-1.1204873093418659e-09,0.0,5.9523809523809525e-06,0.0,0.0
0.0,0.0043125,-0.00153247313972448,0.0,0.0,-1.4880952380952381e-05,0.0
0.0,0.005306547619047619,-2.5695485491601247e-09,1.1904761904761905e-05,0.0,2.9761904761904763e-06,0.0
0.0,0.0044136904761904764,2.667088420056398e-08,0.0,0.0,-5.6547619047619046e-05,0.0
0.0,0.004958333333333334,-8.986690007741489e-10,0.0,-4.1666666666666665e-05,0.0,0.0
0.0,0.0047232142857142854,-7.874332368373871e-10,0.0,-7.738095238095238e-05,0.0,0.0
0.0,0.004883928571428571,2.3424363924219968e-08,0.0,-1.1904761904761905e-05,-5.357142857142857e-05,0.0
0.0,0.004068452380952381,-9.732438243984704e-09,0.0,-1.785714285714286e-05,2.0833333333333333e-05,0.0
0.0,0.0039880952380952385,2.255906177211612e-08,0.0,3.571428571428572e-05,-5.357142857142857e-05,0.0
0.0,0.003907738095238095,-6.422134382384164e-10,0.0,0.0,0.0,0.0
0.0,0.003236111111111111,-2.3326343917115418e-08,-2.694799116364232e-16,0.0,5.555555555555556e-05,0.0
0.0,0.0,-1.034802860683865e-12,0.0,0.0,0.0,0.0
0.011589032655576094,-0.03943992606284658,0.31210161328376906,6.777572396796057e-05,0.019421441774491826,6.777572396796057e-05,0.5904898228287287
-0.008960048795364441,-0.13214671878898776,-0.4606450491019933,-0.000283900302198736,-0.005062796307077928,-0.00011228478749064294,-0.3500085262168704
0.0,-0.10816666666666666,-0.009955480752463013,-0.00016666666666666666,-0.0019166666666666666,-8.333333333333333e-05,0.0
0.0,-0.06572610985703536,3.452063579012315e-07,0.0,4.1384499623777275e-05,7.148231753197893e-05,0.0
0.0,-0.01599999999999935,-2.220245246361527e-07,0.0,-0.00016666666666666666,-8.333333333333333e-05,0.0
0.0,0.019916666666666666,-2.5642503492741122e-08,0.0,-0.00016666666666666666,-7.894919286223336e-20,0.0
0.0,0.016833333333333332,-2.6408352035408218e-08,0.0,-0.00016666666666666666,-7.894919286223336e-20,0.0
0.0,0.014583333333333334,2.6989992345786756e-07,0.0,0.0,8.333333333333333e-05,0.0
0.0,0.016916666666666667,-3.4219552245404983e-07,0.0,-0.00016666666666666666,-8.333333333333333e-05,0.0
0.0,0.014416666666667313,-3.6108190478343106e-08,0.0,0.0,-7.894919286223336e-20,0.0
0.0,0.012999999999999354,-4.19664377760556e-08,0.0,-0.00016666666666666666,-7.894919286223336e-20,0.0
0.0,0.011916666666666667,-4.356418826824261e-08,-8.084397349092696e-17,0.0,-7.894919286223336e-20,0.0
0.0,0.01083333333333398,-4.762002823149992e-08,-8.084397349092696e-17,0.0,-7.894919286223336e-20,0.0
0.0,0.009583333333332687,-5.647737675139473e-08,-0.00016666666666666666,0.0,-7.894919286223336e-20,0.0
0.0,0.00916666666666602,0.000501119144811269,-8.084397349092696e-17,-0.00016666666666666666,-7.894919286223336e-20,0.0
0.0,0.008749999999999354,-1.657890343469464e-07,-8.084397349092696e-17,-8.084397349092696e-17,8.333333333333333e-05,0.0
0.0,0.009,1.3649311472868754e-07,-8.084397349092696e-17,0.00016666666666666666,-8.333333333333333e-05,0.0
0.0,0.007666666666666666,-7.661667445467578e-10,-8.084397349092696e-17,0.0,1.5789838572446672e-19,0.0
0.0,0.006833333333333334,-6.574186651657025e-10,-8.084397349092696e-17,0.0,1.5789838572446672e-19,0.0
0.0,0.0085,-7.064381821288003e-09,-8.084397349092696e-17,0.0,-7.894919286223336e-20,0.0
0.0,0.006833333333333334,-5.581454994777838e-09,8.333333333333333e-05,0.0,-7.894919286223336e-20,0.0
0.0,0.0075,9.469395412856506e-08,-8.084397349092696e-17,-0.00016666666666666666,-8.333333333333333e-05,0.0
0.0,0.007166666666666667,-9.378799521881674e-08,-8.084397349092696e-17,0.00016666666666666666,8.333333333333333e-05,0.0
0.0,0.006333333333333333,-8.737072089893951e-08,-8.333333333333333e-05,-8.084397349092696e-17,8.333333333333333e-05,0.0
0.0,0.00775,7.873153921941088e-08,-8.333333333333333e-05,-8.084397349092696e-17,-8.333333333333333e-05,0.0
0.0,0.007587678218336976,-3.5983930342642464e-09,0.0,0.0,0.0,0.0
0.0,0.007,-3.0848217041542134e-09,8.084397349092696e-17,-8.084397349092696e-17,-7.894919286223336e-20,0.0
0.0,0.0069166666666666664,-2.8354044641471572e-09,0.0,-8.084397349092696e-17,-7.894919286223336e-20,0.0
0.0,0.006166666666666667,-2.1282758098095654e-09,-8.333333333333333e-05,-8.084397349092696e-17,-7.894919286223336e-20,0.0
0.0,0.006666666666666667,-2.3908059423168502e-09,8.084397349092696e-17,-8.084397349092696e-17,-7.894919286223336e-20,0.0
0.0,0.00675,-2.269920918883549e-09,8.084397349092696e-17,-8.084397349092696e-17,-7.894919286223336e-20,0.0
0.0,0.006666666666666667,-2.10325427663823e-09,8.084397349092696e-17,-8.084397349092696e-17,-7.894919286223336e-20,0.0
0.0,0.006083333333333333,-5.594900188346704e-08,8.084397349092696e-17,8.333333333333333e-05,8.333333333333333e-05,0.0
0.0,0.005416666666666667,-1.6757746278825734e-09,8.084397349092696e-17,8.333333333333333e-05,-7.894919286223336e-20,0.0
0.0,0.005992608236536431,5.707536312328263e-08,0.0,9.503695881731785e-05,-9.503695881731785e-05,0.0
0.0,0.005333333333333333,-1.3765465054247113e-09,8.084397349092696e-17,0.0,-7.894919286223336e-20,0.0
0.028925606247431155,-0.029982737361281347,0.19047082730306736,-0.0005433621043978627,-0.005183723797780518,-4.849979449239622e-05,2.8550110358668337
-0.0405,-0.019333333333333334,-0.24020842397711886,0.0,0.012833333333333334,0.00016666666666666666,-5.7546301053128985
-8.333333333332323e-05,-0.041,-0.052962782973131915,-0.00016666666666666666,-0.0005833333333333334,-7.894919286223336e-20,1.0071330522704457e-06
8.333333333333333e-05,-0.08741666666666667,0.0576246337885645,-0.0004166666666666667,-0.00075,-7.894919286223336e-20,2.043396735098213e-06
-8.301647655259518e-05,-0.05472306717363763,0.04771541781793556,-9.188846641332882e-05,-0.000212294043092596,2.5348542458807906e-06,2.6607237877044872e-06
-0.0007147093712929947,0.007710228021616535,0.02499937800931031,0.0002005623654496556,-0.0002843679978911125,4.020034269144584e-05,-8.081698395966402e-06
-0.0009877276326207497,0.006085978550349024,0.004095835865752608,0.0001920031670623261,-0.0009864080232251723,1.151659108903763e-05,-0.2196892557225449
-0.000317133327727793,0.0028595252109080076,-0.020713140288036856,0.0001198183805600259,-0.0005639872193728,0.0,-0.013140326690086118
-1.1880515953832184e-05,0.00809154058772159,-0.006765019538189728,0.00033883716419362683,0.00040830181359720466,-2.1132748744036865e-19,-0.000473266463335494
0.00033946175887706443,0.013448959240605157,0.003287039588457294,0.0012964681082036915,0.0013789588619178667,7.100390048093308e-06,-0.0766204478466218
-8.818440242244348e-05,0.013061549870226482,0.0024100863999786007,0.0007609689778765954,0.0004695958472377098,8.595970831788402e-05,-0.07428875344785735
-0.00013170667500287607,0.011262689415752014,-0.0027132125523415635,0.000875960446864854,0.0005872368197348353,-2.051147051887432e-05,-0.11365608203093294
0.00010752688172043011,0.008063403781979978,0.010849555279492794,0.0007067111605487578,0.0007686318131258104,-2.78086763070079e-05,0.11919404024851052
0.00040821015263413243,0.0002837386654612918,0.0037494100958664284,-0.0011655259559552639,-0.0003786270215652851,-2.1319617630310845e-05,0.609587459828271
0.0008548007029315412,-0.0046151849189228645,0.009373279083952024,-0.0010380222062465517,0.0002514178448758353,8.68679606997364e-05,0.20248969804105457
0.00010655787954279065,-0.008277212107025884,-0.005891901872207033,-0.0007918554557968887,2.229244341881904e-06,-1.2818154965920767e-06,2.2883217191928434e-06
-2.0274141654550536e-05,-0.007742408215433973,-0.00015300148375564852,-0.0003060954647626433,-0.00020869143637881074,3.283529463616733e-05,-1.5081154789752573e-06
-6.044994883002784e-05,-0.008454030863876744,0.010543448105754846,-0.00020612536353808896,-8.256578376784444e-05,0.0,1.3111036085956139e-06
-2.7450029632031973e-05,-0.007385701201444255,0.006705153845152093,-2.32207316416894e-05,-7.017402079631002e-05,3.712084478206996e-05,4.743380307519157e-07
-7.6240858876543835e-06,-0.007037186867901461,0.02471769604649382,-2.1523779886947398e-05,-5.850318966858163e-05,1.1399541150793924e-19,4.6470998162239634e-07
-0.00011865684140010752,-0.005975967174677851,0.005947989183128588,1.256459678438791e-16,-0.00018031597164068185,1.2270114047253819e-19,4.291331578412727e-06
8.120260385209371e-05,-0.005301433908238959,0.004634421069433424,-4.3733082790846786e-05,-8.09789052189412e-05,0.0,-0.0032043545416344994
-0.0007991246976751731,-0.002111173267082244,-0.009105788874856913,2.33084892259766e-05,-0.0009436647526284089,-4.722025699666002e-05,-0.709055490413372
-0.0004663280960694106,0.0004370205787439505,-0.0033967457992764584,0.0001566418028884345,-0.0006243188911814705,1.1627495790533654e-19,-0.03300702475761462
-0.00030700321298263915,0.014255731634263606,-0.015119708791110752,0.0015033763546262093,0.0006935685890103538,3.0332734302673927e-05,-0.36746420461083806
0.0006917557173093876,-0.0016438232409270632,0.00644348027925404,-0.00031490372205879975,0.0007079138919002193,-6.107067265499978e-05,0.2551225481608514
-0.0009569698563574647,0.012203666829470411,-0.009838831492149256,0.0004356238494195438,-0.0006400671250203357,8.46576749195376e-05,-0.42080722567605827
0.0006715792999497682,0.009518785239770068,0.006108853354197254,0.0015156590185898594,0.001353430469491305,1.2270114047253819e-19,0.2909837675757133
0.0001501471815825283,0.008911515311277653,-2.92780504512055e-05,0.0004839418303238506,0.00033082904969029375,0.0,-0.008406568758776694
-0.0006719832830767586,0.007686002221868888,-0.010138852215007259,0.00017330582447226494,-0.00019713802042003916,1.1627495790533654e-19,-0.3651389051903323
0.0003118476505573251,-0.0007381149316636855,0.019796922389430212,-0.0011784631139470307,-0.00015380676670994665,-9.787703336090437e-05,0.02717253343886332
0.0003539213890415358,-0.0040304907495292905,-0.0007808680333644502,-0.0013831298951446306,-0.0004295793020377468,-3.17230354198931e-05,-0.06748646750227602
-3.968253968253221e-05,-0.005422253043612267,0.0011554528950034374,-0.0008314069964555402,-0.00047233780243488983,-8.861149637848667e-06,-0.02715693433804689
1.8048896100348107e-05,-0.005008112887641516,0.006519601052983238,-0.000396498392615183,-9.364763936233728e-05,4.943695952064072e-05,-0.05381318181948758
0.00025338296304912566,-0.005367570082586949,0.004976746387300263,-0.0002659842580745221,3.5089759993796285e-05,-2.6559652591989454e-05,0.39834630665788007
3.438861763002714e-06,-0.0064581298892214655,-0.0010968004054449565,-0.00021911587126595064,-2.451829684465153e-05,-1.1539589065388653e-19,-0.009177863440290408
7.86475812158896e-05,-0.0055231947583497445,0.001139206455804726,-7.396753647005166e-05,2.0318243042891152e-05,8.007442412620146e-05,0.03001844229600598
-0.0019587685662655926,-0.001200471594164505,-0.013768308671691267,-4.209088104362625e-05,-0.0008912909339326916,0.0,-0.740262741419169
-4.727756141402309e-05,0.011373514579589156,-0.0039330605860795915,0.001079457509486733,0.00033531181346118337,8.388256440982619e-05,-0.2848691594524585
8.594473092690226e-06,0.00858488694962262,-1.3756891571069932e-05,0.001094693463793062,0.0010445590374190481,0.0,-0.006846459074957862
-0.00024234750544227076,0.003700964058820226,-0.001987758798174617,0.00016271269270073198,0.0003739615265005109,-1.5216135767914955e-05,-0.11487768388004829
-0.0001550696193156596,0.01002863773268146,4.024396629731176e-06,-0.0003011282279167943,-0.0008373450846788416,0.0,0.09903921918395762
-8.350526371475402e-05,0.010754404062847068,7.5211366432434634e-06,-0.0012431360101571303,0.004644262815426074,1.1627495790533654e-19,-0.37073497556973123
0.0001310701238528,0.00931046363123348,0.002259962422130158,8.530101874122006e-05,-0.00032243309869609314,6.299563396596276e-05,0.042014424076879844
-0.00010252344218878191,0.009510838743068798,-0.0024868918509893356,-0.00038281108046051254,-0.0002590891821800652,-3.163250136275796e-05,0.02881678185338502
-0.00021784854941993105,0.008488880446213327,0.003889929393062863,-0.00032081247900807373,-0.0006435520903879974,-1.3544987528700526e-05,-0.003285693879162088
-0.00016053154857170805,0.009303676220961099,1.9770234216528015e-06,-0.00020903050584416196,7.808332120859402e-05,0.0,-0.00495661306574242
0.0001761598119258445,0.009089814353431678,1.2905114610258603e-05,-0.0006664047427395667,-0.0006979314398150516,6.841964046149717e-05,0.36548103517802
0.0001396266421841869,0.0086391457363323,-8.818560376423606e-06,-0.00019749928957091777,-0.0003696417251404633,-4.0658403829759355e-05,0.009620223486701327
0.0004562344198297319,0.005984549174544651,-2.684195629920968e-06,0.00020213066177489865,0.0007805371337190527,-3.1748271482996687e-06,-0.1904846071980596
1.368345426326085e-05,0.009664440020402055,-0.000685889075392221,0.00032886907210270366,0.001830868117825818,4.667182195604836e-05,-0.0009001318245244258
-8.864120881175897e-05,0.009371781925171891,1.311743299724428e-07,-0.001246088441734866,-0.0008188403086858119,0.0,-0.0017171297067596653
0.0004948083438699079,0.008878607749443202,0.027603402028090182,-0.0003817796679749285,-0.0003596391840040651,-8.161053547677302e-05,0.46494306905344623
0.00030511700817377675,-0.0123069458440634,0.014366787521863301,0.0034886910760273207,-0.002117810622177391,-5.131937446347931e-05,0.3148220540851018
-0.0032297869632202016,-0.01447859965632644,-0.040783368088788706,-0.0006072767052487976,-4.3541590865107224e-05,5.396467439271725e-05,-0.3436407060121311
0.0,-0.0014253320375769356,-0.33752062657414067,-0.0013095238095238095,-0.011439099449303531,-6.802721088435374e-05,0.0
0.0,-0.0034521715858690824,-0.004684414067402276,-0.000899028903502104,-0.0017608451852985545,-4.5496253249732396e-05,0.0
0.004187955212523108,-0.01955836296906055,0.06496489450656061,2.614155782973659e-05,0.012167445736855404,1.721201579881866e-05,0.3171802005518039
-0.0014771968854282536,-0.01793474230626622,0.018261790792684172,0.000539488320355951,-0.000550241008527879,-7.007786429365962e-05,0.007545048541438556
-0.00043959409636744063,-0.014636085202778369,0.00725296457789773,2.2421783802289503e-06,-0.00021158535880636846,-6.668747038359761e-06,0.335903461833077
0.0016618464961067998,-0.03717686318131257,-0.02540298288543076,-0.00019169447534297368,0.0014727474972191323,8.194289951798295e-05,0.3177127973595023
0.00044375483975358935,-0.06554450261780086,-0.04553984590094081,-0.00035569732903375145,-0.0004886677530830276,2.172396222581339e-19,-0.9936481240739278
-0.001685205784204679,-0.05444011865035224,-0.051412959696445305,-0.00014015572858720415,-0.0024838709677419356,-2.0763811642565814e-05,0.07079327004530413
0.0003805122608369492,-0.04204431408660457,-0.019087453813583257,-2.6147357411356647e-06,0.00016724077168813495,2.4362516057887936e-05,0.3062938425220381
6.414534668149797e-05,-0.005230997404523544,0.008481135978557177,7.267334074898034e-05,0.00044123099740452353,2.002224694104572e-05,-0.23761817149246559
-7.934742306266221e-05,0.0232220986281053,0.0028490898213804528,0.0012020763811642567,0.0008183166481276642,-5.339265850945495e-05,-0.027023036736367422
-0.0004979606970708195,0.012346681497961157,4.991642985561548e-05,0.0006944753429736745,0.0004645902855024101,6.229143492769744e-05,-0.07903131268552661
0.00013459399332591769,0.01364293659621802,0.024656376037446012,0.0009258435298480943,0.0011802002224695256,6.525769373377827e-05,-0.02074381716772518
-0.0008235076010381906,0.014220244716351502,0.005905269151538548,0.0007408231368188025,0.00021690767519454563,-6.970708194289952e-05,-0.05044515751244321
-0.0006933629959213869,0.013506488691137842,0.016214486637886303,0.0007204301075268817,0.0002424916573971079,-4.6347793845012975e-05,-0.05726543396228917
0.0003303670745272597,0.011721913236930382,0.015035126520481692,0.0009540229885056321,0.0010263255469039674,2.7067111605487578e-05,-0.020093966884487655
0.0001668520578420467,0.01189581015943641,0.014895452081909427,0.0012439747868000332,0.0009406748238783833,3.633667037449017e-05,-0.01413545472405187
0.0005101965146459028,0.008206154987022618,0.002386201410437747,0.0004964775676678941,0.0008320355951055579,2.817945865776789e-05,-0.14701441468753518
-0.000342973674453096,0.010850203930292918,-0.0017372269704090755,0.00034408602150526123,-0.0003426028921023359,0.0,0.0632640060401929
-0.0005365220615498631,0.008822395253986832,-0.0007447572302093038,0.000646273637374861,0.00038375973303670746,0.0,-0.2701677891660324
0.000521319985168706,-0.0009592139414163886,-0.0012710411617742555,-0.0017296996662958843,-0.0004252873563219542,0.0,0.14019661968227642
-2.113459399332592e-05,-0.0008476084538375973,0.0024711203519017805,-0.002274749721913352,-0.0017612161661104931,0.0,0.008997408887703617
0.00018650352243232502,-0.002325546903967371,0.004502528200688711,-0.001085650723025699,-0.0007048572487950725,0.0,0.011985624871340453
-1.446051167964405e-05,-0.002336299592138493,0.0027207659364452013,-0.0007738227660363367,-0.0005695216907675195,-3.8561364479050686e-05,0.013440516664424987
-0.00020541342232109752,-0.0004590285502400877,-0.006455489854344795,-0.00027845754542083796,-0.0004568038561364479,7.119021134593994e-05,-0.03194702163768513
-1.4831294030404152e-06,-0.000832777159808114,-0.0002881197735617503,-0.00016091954022988506,-0.00012235817575083425,0.0,0.0003882310232114194
-7.563959955506118e-05,-0.000799777530589544,0.007188701889136381,-0.0001549870226177234,-0.00014015572858731924,-7.971820541342233e-05,0.018078756430329638
1.631442343345176e-05,-0.0002536151279189902,-0.008177150419982642,-9.862810530218762e-05,-7.119021134593994e-05,6.82239525398591e-05,-0.01400642874295279
-2.7067111605487578e-05,-0.00041416388579903595,0.0034701382418823486,-1.853911753800519e-05,6.896551724137931e-05,-3.0033370411568522e-05,0.006265739435343155
0.00015758249907304412,-0.0011946607341481337,-0.006032487947705126,0.0,0.0001535038932147981,7.526881720430108e-05,-0.019100106444807904
1.2977382276603633e-05,-0.001515016685206705,0.001595801045409778,-0.00014979606970708193,-0.00010011123470511292,-2.0763811642565702e-05,0.004538756096985377
-2.1876158694846125e-05,-0.0006151279199110122,-0.0048236640731335245,8.157211716722284e-06,4.597701149425287e-05,6.266221727845755e-05,-0.013637750379429025
2.4471635150166853e-05,-0.0008439006303299963,-0.0006223521666213854,2.076381164245071e-05,0.00013793103448287371,0.0,-0.0011894686899995453
-0.00013941416388579903,-0.0008883945124212088,0.0022068482722546997,-9.121245828698554e-05,-9.269558768991085e-05,-7.304412309974046e-05,0.01902073523184065
0.0002906933629959142,-0.00039340007415647016,-0.0005213835646185764,1.853911753800519e-05,0.00027882832777159807,0.0,-0.007136478132969214
-0.0009929551353355652,0.011657026325546905,-0.003929168362798016,0.0008172043010752689,-0.0006818687430478309,0.0,0.2976874439686476
0.00014497589914720058,0.009166481275490366,-0.005446292302575266,0.0009610678531701891,0.0008194289951799445,0.0,0.05788535178864718
-0.0001460882461994737,0.007974045235446793,-0.029199042843858488,0.0010152020763811642,0.0007901371894698964,-7.74935113088617e-05,-0.0968417338375161
0.00027549128661475715,0.009347052280311458,-0.002029272331140117,0.0010218761586948462,0.0006837226548017466,1.1865035224323322e-05,0.24562002987852877
1.1123470522731172e-06,0.008959584723767148,-0.0032595940982012885,-0.0003655913978494624,-0.00046236559139796457,4.486466444197256e-05,-0.14561560400019208
-0.0001449758991471934,0.009200964034111976,0.009862756692038826,-0.00067853170189099,0.0036028921023359287,-8.008898776418243e-05,-0.14620641150812988
-1.4089729328883945e-05,0.009229514275120504,-0.009045392737629615,0.0008895068594734891,0.0010129773822766036,8.008898776418243e-05,-0.06571048317689501
0.00018984056358917315,0.008580645161290323,0.006269423692651437,0.0,-0.00019688542825361513,-2.3730070448646643e-05,0.03992832405334554
-0.00025621060437523176,0.008738598442714126,-0.009970320974554102,-0.0006047460140898444,-0.000367816091954023,3.522432332220986e-05,-0.21323478232552817
-0.00030478309232481255,0.008542825361512792,0.006075663776683573,-0.0019899888765295922,-0.0006410826844642195,-2.0763811642565814e-05,-0.3329859075057428
-0.0001427594498306998,0.0094307269779295,0.017564656204363885,-0.00014995091713282196,0.00035508421296455303,-6.124880050296157e-05,0.16141396080089643
0.00030218761586948463,0.009883574341861327,-0.021273976769026204,0.0011675936225434519,-0.00018539117538016701,7.415647015202076e-05,0.014494229716214394
0.0001264367816091954,0.00896329254727475,-2.4366483300419674e-07,0.00025695216907675196,-0.0008001483129401889,0.0,0.009330824463541557
0.0001160548757879197,0.008884315906562848,0.00031896492132937534,-0.00043529847979224676,0.0002436040044493882,-1.1123470522803115e-06,0.005521641960897739
-2.113459399332592e-05,0.007621060437523174,1.4078708959736704e-06,0.0007582499073044123,0.00019317760474601409,0.0,-0.0074268895517466075
-0.0001764923989618094,0.009243604004449388,9.649225199064916e-07,-0.0012480533926585095,0.0001167964404894327,0.0,-0.020390339361393908
-1.4137427389597483e-05,0.009203844309908324,0.001627160164662849,-0.0022505714062725983,-0.0013385512481742523,2.0956644297243327e-19,0.03459488064218355
-0.00021911833428526922,0.004257879432992367,-0.0016776657222253065,0.0005828443844437442,0.00038562057566159547,0.0,-0.3249061012091212
0.0008245199852618076,0.004115571991975873,9.836664470125104e-05,0.0006738174192696186,0.0020627328429701315,-2.829369032510451e-05,-0.05237056194578269
0.0008116425658138672,-0.013167593622543567,0.0038992536075559644,0.0009332591768630662,-0.0009862810530219912,0.0,0.9836500999027544
0.003126436781609181,-0.021885057471264367,0.03273878627528205,-0.001807563959955506,-0.0006418242491656246,-4.7089358546533185e-05,0.4861778382010101
-0.0009484612532443456,-0.023617723396366332,-0.01619620913956943,-0.001078976640711902,-0.00035298479792373396,8.008898776418243e-05,1.1642095132255785
-0.002173155357804954,-0.01857100482017056,-7.194207909632902e-06,-0.0005383759733036707,-0.0037018909899888767,0.0,-0.30410048856762006
0.0007597330367074527,-0.025476455320726732,0.006664540970055477,-0.0002495365220614348,3.374119391916945e-05,-6.525769373377827e-05,0.18427520370077674
-0.004847622204991494,-0.047174163403940116,-0.3587986547083838,-0.0008831601279701091,-0.01187947683121404,-9.413829414036336e-20,-0.3983991869186366
0.0,-0.048474230626623094,4.196677141940398e-08,-0.00021802002224694105,-0.000799777530589544,0.0,0.0
0.0,-0.03626028921023313,2.5614408218820845e-08,0.0,-0.00014757137560252132,0.0,0.0
0.0,-0.0020281794586573076,-3.391955042781177e-08,-4.597701149425287e-05,-0.00011939191694475343,-2.0763811642565814e-05,0.0
0.0,0.01809862810530219,-5.562396743303176e-08,0.0001364479050797182,0.00010456062291434928,-2.7808676307007788e-05,0.0
0.011734356962372752,-0.009809778294435969,0.2634453894230368,0.00035864689372717756,0.013864630172300125,1.1840083526406443e-06,0.5794298191638699
-0.0009777530589543937,0.016593622543567388,0.02006603328200747,0.0016010381905821284,-0.00048238783833878,0.0,-0.009879249810820721
-0.0004855397343471652,0.010918247791207574,0.013147811685284548,0.0007476776299272982,0.0006038640412229348,3.84491230587138e-05,0.5319667449022512
3.2628846866889135e-05,0.011828698553948832,0.013439589157585433,0.0009903596588801222,0.0007263626251390434,0.0,-0.12865106349723063
-0.0016692621431219875,-0.0032113459399337194,-0.0032273185096359743,-0.0015305895439378238,-0.0012977382276603633,4.078605858361142e-06,-0.4801846393453522
-9.010011123471242e-05,0.012277715980719318,0.011634526132326378,0.001703374119391917,0.001078976640711902,2.3359288097886653e-05,-0.004120508535490123
-0.00041008527994067484,0.011268817204300154,0.002648936475547816,0.0018112717834631073,0.0013110863922878421,-7.78642936596218e-06,-0.4746276071000425
-0.0005910270671116055,0.0098576195773072,-0.0031126751753138664,0.0005265109380794625,4.7830923248053395e-05,5.932517612161661e-06,-0.297123138773516
-3.707823507601038e-06,0.009170930663700408,-2.061095696940379e-06,0.0010459770114942528,0.0008298109010012275,0.0,-0.009738416980221331
-0.0001067853170189171,0.007408972932889315,-0.02534805396483032,0.0002506488691137151,0.0002465702632553539,5.7100482017055765e-05,-0.06568859077598234
-1.0011123470522804e-05,0.008638487208008899,-0.0042089738472126685,0.0008001483129404191,0.0006158694846125324,-5.339265850945495e-05,-0.0022311854074441957
-0.00020318872821653688,0.008227660363366704,0.002340363066062882,0.0006014089729328884,0.0003548387096774194,4.189840563589196e-05,-0.02931437497948642
-0.0005973303670745272,0.0030808305524657026,-0.001982490806545113,-0.0012562106043752317,-0.001170930663700408,0.0,-0.22364584172509233
0.0012380422691879794,0.007922135706340379,0.01133828673836803,0.0005672969966629589,0.000924731182795814,-8.342602892102348e-05,0.2658264650040525
0.000135706340378198,-0.006663700407860585,0.001495632889797397,-0.003392658509454835,-0.0021153133110863925,0.0,0.0032308116935496497
0.0002602892102335785,-0.003675194660734149,0.0031597799974534086,-0.0017845754542083797,-0.0012131998516871749,-3.522432332220986e-05,0.06197549500452667
5.635891731555017e-05,-0.0073563218390804595,0.00835432646084522,-0.0011724137931033332,-0.0006277345198367406,-8.342602892102336e-05,0.18236219756345828
-3.707823507601038e-06,-0.006672228401928069,0.019058139989832367,-0.0006121616611050465,-0.0005198368557656656,3.114571746384872e-05,0.068659725239886
-0.0004716351501668521,-0.005659992584352064,0.0025986597468166486,-0.000350018539117538,-0.0004612532443455691,-6.525769373377827e-05,-0.16226631092404095
-0.0004182424916573971,0.00037226548016406507,-0.0034750287039296366,8.453837597341878e-05,-0.0009362254356691471,4.189840563589173e-05,0.34914088888250877
-0.00013793103448275863,-0.0001890989988885738,-0.004476974898220184,0.0,-0.00011494252873551708,-7.712272895810159e-05,7.766667700601352e-05
-0.0004352984797923619,0.0012940304041527623,-0.00869289552205544,2.0022246941045607e-05,-0.0002728958101594364,0.0,0.0004958966403901245
-8.416759362255076e-05,0.010877641824249166,-0.004680591733997522,0.001582499073044123,0.0010367074527252503,0.0,-0.09348974434785731
0.0004349276974415946,0.008484983314794216,-0.0020989833581456442,0.0013114571746386022,0.0011453466814979607,1.1865035224323322e-05,0.04196538227733937
0.0013362995921394213,-0.0007004078605858361,0.004938912472346372,-0.00012235817575083425,0.0011301446051167965,5.339265850945495e-05,0.565698513900045
-0.0011383018168335188,0.007344086021505376,-0.017674150806630796,-0.0004972191323692992,-0.0014734890619206526,-1.075268817204301e-05,-0.5689046502536297
-0.00015721171672227683,0.009621802002224695,-0.0030438078053598573,0.0013989618094178717,0.0012054134223209825,0.0,-0.20375047186060685
0.0010878754171301445,-0.003525027808676307,0.015987738844088748,-0.0006744530960327439,0.0003704115684093437,-4.412309974045235e-05,0.5127164374181653
-0.00047756766777900655,0.0020159436410826844,-0.010030549503848124,-0.0010593251761216167,-0.0012766036336671525,-3.633667037449017e-05,0.00043640693703749433
0.0005661846496106786,-0.0015016685205784205,0.006837275076603664,-0.0002625139043381535,0.00023804226918798665,-3.225806451612914e-05,-0.0007037786477537875
-5.4875787912495365e-05,-0.00478568780126066,0.004303877237893686,-0.0008832035595105673,-0.0006818687430478309,-3.4482758620689657e-05,-6.263381996466105e-05
-0.001420837968112718,0.00946347793845013,-0.018078844747035874,5.561735261413068e-05,-0.0016310715609938117,6.7853170189099e-05,-0.5000685169095264
-0.00010789766407118301,0.009169447534297367,0.010219733847008436,0.0005361512791991101,0.00019132369299221358,-7.415647015202076e-05,-0.014219418836103509
5.3021876158694844e-05,0.006971078976640712,-0.01047484095109701,0.0006077122728958102,0.0005150166852057842,5.9695958472376604e-05,-0.1290090726610596
0.000124953652206155,0.008882091212458287,0.017915924851828777,0.0007734519836856917,0.000146088246199596,-6.229143492769744e-05,0.06851813863177636
-8.63922877271042e-05,0.008383018168335187,-0.0025689312250587867,0.00016277345198380068,3.3370411568409345e-05,8.898776418242492e-06,-0.12748250009731873
-6.674082313689063e-06,0.008511679644048944,0.006180368132256649,-0.001003707823507601,-0.00041601779755283646,-2.150537634408602e-05,0.04477611493189571
-0.00020800889877641823,0.008728587319243603,-0.009473590312313604,-0.0009492028179459809,0.0023733778272154245,3.299962921764924e-05,-0.43062566620687964
0.0002487949573600297,0.007225064886911383,0.00033319697846125474,-0.00013274008157200206,-0.0004916573971078976,0.0,0.03280658355908577
0.0001657397107897736,0.009183166481275491,0.015023231173607545,-0.0010845383759734188,0.00040192806822395255,-5.3021876158694844e-05,0.21020951601803836
-0.00039340007415647016,0.008480904708935855,2.4426126344553725e-06,-0.0008794957360029662,-0.0009677419354837558,0.0,-0.005549945926964223
0.00019873934000741564,0.00817760474601409,0.0005543636344221286,-0.0003618835743418613,-0.0004742306266220577,1.124081945090753e-19,0.07477618793700411
0.0001164256581386654,-0.007869113830181683,0.005268983277187309,0.003635520949202818,-0.002139414163885799,0.0,0.30349444782421564
0.0004486466444197328,-0.013271041898405635,-0.003465865896345511,-0.0011386725991842789,-0.0008439006303301114,-4.1156840934371526e-05,0.3259531693477315
-0.014204177448830964,0.0020242898975556026,-0.14422334814283222,-0.0005674433879359049,-0.01006276207881143,8.00540856673995e-05,-1.1030694819157574
0.0,0.0009720853858784893,-0.022398990019516674,-0.0010180623973727423,-0.002255336617405583,-9.852216748768473e-06,0.0
0.0,0.956435966689174,0.9455754433915223,0.14659914472203467,0.14586090479405808,3.7137069547602974e-05,0.0
-0.0026210201408544014,-0.02423413753987251,0.08574438147380226,0.0005142673343876882,0.00962370598945094,9.933253695299378e-05,0.9639670204364438
5.4875787912495365e-05,-0.011687059695958473,0.004539247931044412,0.0003314794215795328,0.0003789395624768261,-0.00010270671116054876,0.03628029590524837
-9.56618464960924e-05,-0.013013348164627363,-0.007122705442934746,5.78420467185762e-05,-2.6325546904082476e-05,5.969595847237671e-05,-0.01118815583278964
8.231368186873585e-05,-0.015190211345939933,0.003148025614296148,-0.00013867259918427883,-0.00014089729328872435,-7.74935113088617e-05,0.015406899098855259
0.0004864685765676203,-0.05885151525909138,0.05923109918529873,-0.00044614055640365935,-0.00024418095542381844,0.0,-0.38845619899721584
-0.00018984056358917315,-0.05036744530960234,-0.041399456353612474,-0.0001757508342602892,-8.565072302558398e-05,0.0,-0.026711729045652065
-0.0014241750092695588,-0.04521913236929922,-0.05157474805658978,-0.0001638857990359659,-0.002603262884686574,3.819058212829069e-05,-0.01256627198838378
7.415647015202796e-05,-0.032236188357434185,-0.0051068861401853865,-2.224694104560623e-06,-1.705598813484967e-05,1.0011123470522804e-05,-0.004535682515976618
0.00028698553948832035,0.023240637745643767,0.007440080611010135,0.0006473859844271413,0.0011490545050055617,-1.3348164627363625e-05,0.0051330482011780415
-7.341490545050056e-05,0.013806822395253986,0.010440373733199552,0.0004938820912125734,0.0003615127919911012,0.0,-0.002293431118513757
-4.44938820912844e-06,0.01424842417500927,0.011345604091331118,0.001046718576195773,0.0006766777901371895,-1.8168335187244974e-05,-0.0009872591412757312
-1.260659992584353e-05,0.013271783463107156,0.021370460085604885,0.0006974416017796401,0.0006818687430478309,0.0,-0.0013499139037787611
-0.00011308861698183166,0.010994067482387378,0.010564862192950625,0.00082128290693363,0.0006848350018539117,3.411197626992955e-05,-0.002231465715619833
-0.00014979606970708914,0.012408231368187335,0.0108075379938727,0.0011056729699666296,0.0009543937708566223,-2.817945865776789e-05,-0.1659053692369493
-0.0003385242862439748,0.009915461624026697,0.0051902925243785146,0.000657026325546904,0.0003867259918426732,2.261772339636633e-05,-0.10810147687988919
-0.00010456062291434928,0.009920281794587498,-1.8956646067208317e-06,0.0007293288839451242,0.0005921394141638858,2.632554690396737e-05,-0.05629549402620645
-6.711160548757879e-05,0.008787170930663701,-2.757014422419044e-06,0.0003707823507601038,0.00019132369299232867,1.2977382276603633e-05,-0.049736298007597525
-6.970708194289952e-05,0.008338895068595656,-0.008854575179738273,0.00041119762699295514,0.0004872080088987764,-2.3730070448646643e-05,-0.12924930597607429
-0.00010344827586206896,0.008695958472376714,-0.01597397896853631,0.00036299592139414167,0.0005168705969594696,6.525769373377827e-05,-0.002327995030330744
0.00010233592880978866,0.008041156840934371,-0.015061854605977481,0.0004100852799405597,0.0002699295513533556,-4.931405265109381e-05,-0.003165456030978701
-0.00022803114571745664,0.008353355580274379,-0.0024044023939365656,0.00012384130515387469,-6.674082313681869e-06,6.562847608453837e-05,-0.1289134539503753
0.00011753800519094572,0.0071294030404152765,-0.001381883516520015,0.0003570634037820951,0.000528364849833263,-1.1494252873563218e-05,0.011473821499312307
0.00010530218761586229,0.008324805339265851,-0.002580525465659542,0.0003974786800148313,0.00027808676307007786,-9.529106414534669e-05,0.008790258656127788
0.0003704115684093509,0.007077122728958101,0.002309659677865095,0.00022728958101605874,0.00027512050426411214,0.0,0.06473578747078278
-0.00020541342232109752,0.008579162031887282,3.6727657549690074e-05,0.00022135706340389708,0.00010826844642195031,-5.4505005561735264e-05,-0.02238575830142252
-5.3021876158694844e-05,0.007807193177604746,1.743442876449313e-05,0.0004708935854653319,0.0003544679273266593,0.0,-0.011647666980317335
-5.598813496477568e-05,0.007688172043010753,-0.0012912524815843554,-6.377456433085297e-05,2.7808676307122893e-05,-8.898776418242492e-06,-0.042080849981189376
0.0008342602892102336,0.004822766036336671,0.009823919046117228,0.0008301816833519876,0.0011509084167593622,-7.78642936596218e-06,0.057239412431150834
0.00045921054199282783,0.001753464155079738,0.005302994555117542,-0.002063206681678987,-0.0014488567990372896,-1.0365657504379245e-06,0.6411024597951867
6.414534668149797e-05,-0.0003014460511679644,-0.0007004471428184954,-0.0018383388950685947,-0.0013982202447163515,5.4505005561735264e-05,0.33854188635437193
0.0001672228401928068,-0.004276603633667038,-0.0005358703121471105,-0.0019684835001855063,-0.0014872080088987763,5.339265850945495e-05,-0.0008163050853260191
0.0003974786800148241,-0.0064516129032258064,-0.000799039501082159,-0.001324805339265851,-0.0006662958843157915,0.0,-0.002356893670053752
1.3348164627363738e-05,-0.006720059325176122,-0.0008676067800869416,-0.0007256210604374081,-0.0005828698553948833,-6.414534668149797e-05,-0.0008528289965518162
1.853911753800519e-06,-0.0058583611420096405,0.00030617111570559446,-0.0004267704857248795,-0.00033444568038549854,-1.1123470522803115e-06,-0.00035048654201154936
-1.1865035224330516e-05,-0.0050344827586206896,3.860387279837495e-05,-0.00021023359288097887,-0.00015202076381175768,5.932517612161436e-06,-0.00014752130687859278
-0.00032480533926585093,-0.004417871709306637,0.001130273511226032,-0.0001653689284390063,-0.00025917686318142766,3.89321468298109e-05,0.0020105689996131756
1.3348164627363738e-05,-0.003409714497589915,0.0002345729364493606,0.0,-7.415647015202076e-05,-4.7460140897293286e-05,-0.00047341349949325183
-0.00033704115684094155,-0.0019788654060066743,-0.005158725906270733,0.0,7.971820541342233e-05,5.339265850945495e-05,-0.11906831396846652
-4.82017055988063e-05,0.011064886911383019,0.0003104656284057804,0.0013199851687059696,0.00085724879495736,0.0,-0.30099752672143143
0.0007059695958472449,0.007629959213941416,0.003791038210982483,0.0012740081572118317,0.0009495736002966259,-2.373007044864687e-05,0.27976935934895764
-0.0003867259918427883,0.0077011494252873566,-0.004375170345334243,-9.306637004078606e-05,-0.0007385984427140117,0.0,-0.18010923742449242
7.007786429365962e-05,0.009407119021134594,-8.032786447065396e-06,0.0001483129403039264,-0.00031368186874304783,-2.66963292547277e-05,0.004530758782606579
-3.781979977753059e-05,0.008652206154987022,2.1854559307914037e-06,9.64034111977421e-05,0.0001446051167963254,0.0,0.022004741052041542
5.190952910648647e-06,0.008677048572487949,1.731301528177101e-05,-0.0008461253244345569,-0.0007623285131627735,6.525769373377827e-05,-0.0006225898775783487
2.410085279941394e-05,0.00982239525398591,0.003136265891655578,-0.0012239525398591027,0.003364108268446422,1.1865035224323322e-05,-0.00029759716024713715
0.0001527623285131556,0.009203930292918057,-2.0554751164206557e-05,-0.0006340378197997775,-0.000342973674453096,0.0,0.0013176549101594163
9.417871709306637e-05,0.008195031516499815,-0.0022922321392356533,-0.0004397478680014831,-0.00030589543937708564,-7.007786429365962e-05,0.10104423845191618
9.60326288468597e-05,0.006474601408972933,0.003103529667765171,-0.0001853911753800519,2.5954764553207266e-05,8.82461994809047e-05,0.0606740428933234
3.411197626992236e-05,0.008655172413793103,-0.0022107099565953484,-0.00023730070448646644,-2.224694104549112e-05,-7.193177604746014e-05,-0.033873879333720915
-4.412309974044516e-05,0.008027067111605488,1.3611959732959362e-05,-0.00016017797552847994,-0.00025732295142751207,5.969595847237671e-05,-0.054131342647402894
-6.896551724137931e-05,0.006299592139414164,0.0020030435084313165,-6.192065257693734e-05,0.0002632554690395586,-4.449388209121246e-06,-0.0012307856782682414
0.00010567296996662959,0.007442343344456804,-1.1692172391292943e-05,-0.00012903225806451613,-9.71449758991472e-05,-5.969595847237671e-05,0.0009744982879950504
0.00014794215795328142,0.002222098628105302,0.0033248787133626067,-0.00011271783463107156,0.0005387467556544308,5.153874675565443e-05,0.004618858391937721
0.0006384872080088916,-0.012084538375973303,0.010083819106543495,0.0034898034853540973,-0.0014775676677788985,-6.52576937337785e-05,0.44323951589167365
0.0033159518902591925,-0.017208064815117358,-0.024053811181131243,-0.0012413556217082799,9.456202907071654e-05,2.715168962020235e-06,0.25733344608715875
-0.011863297660828824,0.0004286463465941095,-0.3482273073832651,-0.0007641926430502008,-0.013581081470467845,0.0,-0.5704793103010414
0.0030546202467067285,-0.0007729320724123675,0.09434804914125139,-0.0008150880980381847,-0.0014750849833254965,-8.954299395049586e-20,0.08005795048049653
-0.004406484954131671,-0.01622413853820013,-0.012641378035919897,8.381314598641045e-05,0.005317424682619337,8.346098991072844e-05,0.34481827575514623
0.001965692701099443,-0.01627165028968012,-0.007040040252966762,0.0005200396336053824,0.007055452433183085,9.999264441819512e-05,0.7987370963665463
-0.0002220986281053022,-0.02038301816833519,0.021972548392386868,-0.00030774935113077106,-0.0012209862810530219,-0.00015016685205784206,-0.0008518190413055969
0.0001731553578049685,-0.01578494623655914,-2.1974494013838176e-06,-5.4134223210975155e-05,0.0001349647756766778,0.0,-0.003214862970840414
0.002032628846866889,-0.06567556544308491,-0.021454503251113272,-0.00045161290322580643,0.0008872821653690435,3.8561364479050794e-05,0.15591508698395756
-0.0003192436040044494,-0.05737560252132091,-0.018825519989519857,-0.0001824249165739711,-0.0002413793103448276,3.559510567296997e-05,-0.008839362803764182
-0.0010614278614638492,-0.03682385652837001,-0.040003151125452475,-0.00016434459239456412,-0.0033192380854455846,0.0,-0.01610149118687994
0.00010381905821282906,-0.004361883574341861,-0.001582549546193412,-1.4831294030404153e-05,-1.1865035224323322e-05,0.0,0.000743173809123745
-9.75157582499145e-05,0.018212087504635238,0.024137665905342925,0.00042269187986651834,0.0006648127549128661,0.0,-0.001638678625770242
5.1538746755647234e-05,0.012316648127548669,0.011247423854611511,0.0005850945494994439,0.00042046718576195773,0.0,-0.0001608644539741043
0.0006585094549499444,0.011935854653318503,0.014428943525896189,0.0006510938079347423,0.0006288468668890209,0.0,-0.2767967557684715
-0.0002232109751575897,0.012351130886169818,0.005388584205159047,0.000778642936596218,0.0007208008898775268,0.0,0.08282513020386979
-0.0007423062662217278,0.012671857619577308,0.0103018002410389,0.0010140897293288839,0.0009562476826104229,0.0,0.0012458288010760927
-0.0002906933629959286,0.010734149054505926,0.003963621149252363,0.000913607712273011,0.00039043381535038934,0.0,0.031944625023015774
-0.00039043381535038213,0.009919169447534298,-0.001727635839820726,0.0009443826473859845,0.0006833518724508713,0.0,-0.005926525706044308
0.0008293034585281106,0.005354808088406498,-0.009273793015473302,0.00041624129099267085,0.002139415757706016,6.747801479411817e-05,0.5864410972040772
0.0002439747868001483,-0.0022550982573229512,0.024456183271512284,-0.0014849833147943308,0.0003767148683722655,-8.305524657026325e-05,-0.01457804616153638
-5.672969966629589e-05,-0.0014297367445318813,-0.0024721265113888924,-0.0006477567667780165,-0.00040044493882091214,4.820170559881349e-06,0.011333530431324871
-0.00019132369299221358,-0.0053674453096032625,0.007238487759154065,-0.0009206525769373377,-0.0007830923248054543,-5.969595847237671e-05,0.42657715124977785
-0.0002491657397107898,-0.004528364849833148,0.0031781132707632215,-0.000435669262143122,-0.0004875787912494214,0.0,0.49327196116754496
0.00015276232851316277,-0.004924360400444018,-0.0049041118784180875,-0.0003299962921766075,-0.0002324805339267002,0.0,0.3911185370949408
-0.0001067853170189099,-0.004292176492398962,-0.00210418574845536,-8.67630700778643e-05,-0.00019206525769373378,-1.0381905821282907e-05,-0.08293392702339496
8.305524657026325e-05,-0.004622914349277895,-0.0018626376487938115,-0.0001638857990359659,-2.7437893956247683e-05,0.0,0.07260953391783796
6.82239525398591e-05,-0.0029807193177595536,-0.003839440489792143,0.0,3.707823507601038e-05,0.0,0.27776342605311205
-5.413422321098955e-05,-0.0037560252131998515,-0.008576013842848305,0.0,-0.00011012235817563573,-9.047089358546533e-05,0.10623901131061188
2.7808676307022174e-05,-0.002376714868372726,-0.0069351551206175855,-6.674082313681869e-06,4.263997033752705e-05,4.6347793845012975e-05,0.07608773444427845
-1.9280682239525397e-05,-0.0023481646273637376,0.0003876361478483363,0.00013941416388579903,-2.9662588060808306e-05,0.0,-0.13920931029604766
-0.002612161661104931,0.005391175380051449,0.0018291158068120782,2.076381164245071e-05,-0.001954393770856507,0.0,-0.3190162899675035
-0.000106840263011547,0.011178078009312266,0.013540645225597026,0.001621969969576941,0.0009245641008864783,2.049595323872825e-19,0.0026331334721523382
0.000966098217135561,0.008540251242533591,-0.018039752665042076,0.0006320391227030822,-0.0013081748818262872,-2.5610627270378323e-05,-0.19707460429809692
-0.0014716351501668592,0.008335928809788654,-0.005395994680459303,-0.0001942899517982944,-0.0005706340378196847,-1.075268817204301e-05,-0.02883156070129113
0.0014385913084735446,0.010074838975350584,-0.000289469025141084,0.00046704981357396393,-0.0005432092134298362,7.803932627018123e-05,-0.6816044971053941
-0.0012047920081167617,0.008035321269692527,-0.012838724736589006,0.0003139891404933266,0.001035020236144015,-1.9065458072716796e-06,-0.21156262477754745
0.0021973398326059425,0.010710026639460034,-0.06802533003540694,-2.1519393905042605e-05,0.00011842279279794601,-4.8650078406922546e-05,0.08439295307681356
-0.0015726847513650572,0.008860988213711297,0.045530105445652856,0.001965376540500863,0.0014722779049584534,-4.44407542276047e-05,0.27582089111697894
-0.0011251237735169682,0.008846925915924026,0.006310099549506812,4.788909892890825e-05,-0.0006713925645873834,1.9893779818165453e-05,-0.03556254537987522
-0.0017291856914209384,0.00882925344409386,-0.00441404570249445,-0.0011670348877172558,-0.0002411700592099632,3.3974528922536646e-06,-0.31260711436972133
-0.002000191580890677,0.008864752599404358,-0.02196820877983147,-0.0002722190292073776,0.000764059424908999,-5.7300102757023184e-05,-0.09609215837667245
-0.0009192778584768624,0.008611053468907795,-0.000852932421476077,-0.0004969910769869267,0.0014449747527149478,0.0,0.2682905462105559
0.001501935919806663,0.009211657366188902,-0.006847699886121466,-0.0014055334481256302,-0.0002854449928111218,1.8197838142899064e-05,0.5288159782665361
-0.0011843050653009262,0.008130206406167932,-0.009898192799812446,0.000779803402187587,0.002421048613028035,4.2483295450763375e-05,0.038178689237710416
-0.0036607172466853683,0.008211824555120017,0.00529861553453669,0.0015346120938375097,0.0016911077063891083,0.0,-1.3295872417762882
-0.0004169246768918072,0.009192527230001827,0.005555900661940456,0.0005503358102315378,-0.0028289233431774523,0.0,0.09463959319119418
0.003611523305761652,0.008867123433561924,-0.005301877604960552,-0.0011829079247873031,-0.000851799259232952,1.1121104663897972e-19,1.3265878085949925
-0.0017976090591546598,-0.0035596634355050667,0.007472227603800484,0.0011790468369721463,0.0016849646833400653,8.244521008503363e-05,0.01993361640819082
0.0004349276974415946,-0.010139414163885798,0.002747909560202889,-0.0004660734149053354,-0.0006548016314423434,-4.152762328513163e-05,0.6863552361453822
-0.011924149368518887,-0.012200615990231633,-0.09165223897822275,-0.002205172130998159,-0.0018039280008262555,1.621986112882947e-05,-1.0061693062671204
0.0,-0.000626066479699789,-0.3029113915830514,-0.0013056906528453192,-0.007019039842853325,-8.114120723727034e-05,0.0
0.0,0.0021297738227660365,-4.0430440704985496e-08,-0.0006985539488320356,-0.0010548757879124953,0.0,0.0
0.0,0.005904338153503893,-3.1883761925803997e-08,-0.00025880608083055247,-0.0002150537634407451,0.0,0.0
0.0,0.007131627734519837,-3.6296908131430755e-08,-0.00016017797552824974,-0.00011865035224334832,0.0,0.0
0.016267874545329766,0.0032375540457072268,0.40509794383921216,0.00034710040491387,0.030279321940841396,0.00027155308489465376,0.7789796715502548
0.0,0.009789671588389651,-0.28842816873620936,0.0006817497763817699,-0.01462853921057418,-0.0003263555934258327,0.0
0.0,0.007309603262884687,-9.706040503377305e-08,-0.0005543196143863552,-0.0012054134223210976,6.525769373377827e-05,0.0
0.0031457569678777493,-0.002754707605829878,0.19654274160657306,0.00084015345392647,0.011782353963045717,0.0011489828776396122,1.819735553921013
0.0011267557132844705,-0.013464553531277625,0.005437815052034168,-0.00026780831074762866,0.0024760469459603144,-0.0007977734294291376,0.19930375411143975
0.00030515387467556544,-0.01885279940674824,0.0015963983035239709,-0.0003403781979977753,0.00014460511679644048,0.0,0.1974820422690761
-0.0014255476973053165,-0.018573130752473643,-0.001124813750449191,-4.0946741526197966e-05,-0.00011672272597432426,0.00023822008500552067,-0.014546482771873358
6.117908787540275e-05,-0.015512791991101223,0.002734350697378332,-9.269558769002595e-05,-0.00024582869855406395,-0.00014608824619948092,0.0256700374878489
0.0014990730441230998,-0.04047682610307749,-0.06766443783173826,-0.00024768261030774937,0.0006114200964034112,-8.342602892102336e-05,0.6506378837440814
-0.0003481646273637375,-0.05178272154245458,-0.06402427749458516,-0.00026918798665183537,-0.000232109751575825,0.0,3.0949195351268847e-06
-0.002302673625905411,-0.039436958528618095,-0.04634936948540582,-0.0001757562846185519,-0.004860903990910382,0.0,-0.8590326720672935
-0.0001546162402669633,-0.01957508342602892,0.0003337487127056833,-8.008898776418243e-05,-0.0006284760845382608,3.0033370411568522e-05,0.015513930740578259
-0.00038248589859874306,0.0147008134085131,0.006169350445336698,0.00026868766837784795,0.00037123386871374715,0.0,0.007872553051327282
-0.0002050426399703302,0.016633296255098257,0.016949030326209025,0.0007055988134964775,0.0005101965146459028,4.6347793845012975e-05,-0.00279821952177135
0.000542825361512792,0.008543566926214772,0.005986898752158003,0.0002584352984796773,0.0013948832035596257,0.0,0.0020957532740052925
-0.0003615127919911012,0.013272525027808676,0.011293666686522454,0.0008242491657397108,0.0009117538005190953,0.0,-0.11093160866842479
0.0002625139043381535,0.012588060808305985,0.009302318952628655,0.0009288097886541752,6.154987022606213e-05,0.0,0.0016769979254415937
-0.0005732295142751205,0.01135483870967788,0.010584346998160186,0.0008353726362625139,0.0004490174267706008,0.0,-0.006736537731425155
-2.261772339636633e-05,0.01060400444938821,0.008524215285862542,0.0009629217649238745,0.0007208008898775268,0.0,-0.02849643168552417
0.0003459399332591769,0.00946570263255377,0.0015776139461466342,0.0005294771968854283,0.00022840192806810884,0.0,0.02051487216036737
7.489803485353378e-05,0.00889358546533185,-0.0005831977973317218,0.0002643678160918389,0.000350389321468183,0.0,-0.0016483825543332955
0.0012668524996356217,0.001484295292231453,0.0020601502720186764,-0.0007231999708497304,0.00202621702375747,-7.979886313948404e-05,0.4831152075616987
-0.002608083055246585,0.0038561364479041587,-0.0007978647472199912,-0.0007152391546162403,-0.0015913978494623655,0.0,-0.07284656959831044
0.0004771968854282536,0.0073303670745281735,-0.006936132200989569,0.0014271412680756396,0.001368186874304668,0.0,-0.02230646499881007
-9.974045235446793e-05,-0.0032265480163135027,0.029438990127284667,-0.001518353726362625,-0.00045235446792732663,3.114571746384872e-05,-0.04320108193355981
-0.00013978494623655913,0.0012395253985910272,-0.0038836994830893285,-0.0007526881720431259,-0.0008850574712643678,-2.8550241008528106e-05,-0.07453116177445863
0.0003218390804597701,-0.0031983685576566557,0.007455622267758444,-0.0007708565072302558,-0.000395995550611906,-2.224694104560623e-05,0.4723612677343986
-0.0001472005932517756,-0.0028939562476816894,0.001033243096659533,-0.0006881720430106376,-0.0005465331850205081,-2.9662588060808306e-05,-0.03856641367694243
-0.00014942528735633622,-0.0024712643678160917,-0.006545392579218909,-0.00032035595105661457,-0.00046273637374849444,5.9695958472376604e-05,-0.0692198865852413
-8.67630700778643e-05,-0.0025936225435678473,0.00023391406616271316,-0.00019132369299221358,-0.0002143121987392249,0.0,-0.03197236804119361
1.5572858731938747e-05,-0.002389692250648869,0.0013835791622175376,-0.00014015572858731924,1.483129403051926e-05,-3.8561364479050794e-05,0.016700485232519015
-9.751575824989292e-05,-0.0023010752688162836,-0.001535185095379061,-0.00014238042269187987,-0.00011568409343703728,0.0,-0.03438210792165006
1.2235817575069037e-05,-0.002156840934371524,-0.0006135931295136589,0.0,-0.00015869484612532442,-8.194289951798295e-05,0.036207516634022996
-0.00010381905821284346,-0.0015331850203930293,-4.399680580974671e-05,0.0,-0.00016388579903585078,0.0,-0.012584504270651015
-3.3370411568409345e-06,-0.0024794215795328144,-0.001416163268572629,-0.00011049314052662605,-2.224694104675729e-06,0.0,-0.012770479096741335
-0.001725250278086763,0.010871338524285323,-0.006393963004079233,0.00047089358546521673,-0.0018516870596958434,-1.1865035224323322e-05,0.02321787436508695
-2.113459399332592e-05,0.009696329254726554,-0.0008038051645784277,0.0009113830181683352,0.0005287356321839081,1.124081945090753e-19,0.0006501962742790674
0.0003440860215053763,0.0055209492028188666,-0.003075884832490796,0.00041008527994067484,0.0009047089358547684,4.0044493882091214e-05,0.006656330047419083
-8.092359636224726e-05,0.00948861841746937,-0.032323434097378936,0.0007599520775472501,0.0002839405325927051,1.196942509004289e-19,-0.33768548681549554
5.784204671858339e-05,0.009128661475713756,-6.486188651729817e-05,-0.0006607341490543899,-0.0003333333333333333,0.0,0.15802343338707325
-4.523544679273986e-05,0.008695587690025954,0.0018400414394936003,0.000260659992584353,0.003266963292547275,-1.075268817204301e-05,-0.014482363302244982
4.263997033741194e-05,0.009948461253244346,0.00130106662165642,0.0006592510196513495,0.0015706340378197998,3.707823507601038e-05,-0.008288091246777195
5.598813496476848e-05,0.009079718205413423,9.66051470259479e-07,9.195402298850575e-05,-0.00031664812754901355,0.0,0.00038899363722997974
0.00012050426399702655,0.009078605858361143,0.0032764219852541247,-0.0001268075639599555,-1.4831294030404153e-05,7.74935113088617e-05,-0.005495001795713078
-2.076381164255862e-05,0.009409714497589915,-1.6650434873032195e-05,-0.0014838709677418205,-0.0002439747868001483,0.0,-0.009741512456072922
-0.0006347793845012977,0.007420096403411198,-0.002168591580690132,0.0011468298109010011,-0.001342973674453096,-4.6347793845012975e-05,-0.5660922433155574
-4.708935854652599e-05,0.008974416017797552,-0.00125531873628801,-0.0018186874304783093,-7.971820541342233e-05,-3.0404152762328512e-05,-0.0006917228211270409
7.526881720430826e-05,0.0071405265109380795,-0.0033438113734278953,-0.0006533185020393029,-0.0004171301446052319,-8.194289951798295e-05,0.0008808492264071414
-0.00014126807563959236,0.0089321468298109,0.0011677028592673622,0.000564330737856878,0.0011790878754171302,2.8550241008527994e-05,-0.0026804639748455902
0.0001549870226177306,0.00885576566555432,0.0029765250795625474,-0.001589914720059325,-0.0005494994438265889,7.415647015202076e-05,0.001128446249604389
-0.00028401928068223954,0.007175009269558769,0.020062911511981404,0.0019873934000741566,-0.0003296255098258474,-0.00010418984056358918,-0.004020179028902284
0.00010048201705598814,0.008132740081572117,-0.010631068423908825,-0.0014449388209121245,-0.0004946236559138634,3.707823507601038e-05,0.0007879513922004606
6.303299962921765e-06,0.008507601038190583,-4.298783209809796e-07,-0.0004920281794587729,-0.0001371894697811233,-4.078605858361142e-06,-0.0005273711789961563
0.0005739710789766407,-0.005698183166481276,0.0016357024207825405,0.0034267704857248796,-0.0016811271783463107,3.781979977753059e-05,0.5233143070777873
0.0003147942157953209,-0.010186874304783093,-0.007252021568649492,0.0005346681497960697,-0.00010307749351119376,3.781979977753059e-05,0.4850264048215733
0.0051260659992584355,-0.023159436410826843,0.0015422833506388565,-0.0012762328513162774,0.0006006674082314833,2.6696329254727476e-05,0.5699452969596617
-0.015181987228159124,-0.0029777047081781306,-0.09793201852138017,-0.0010108182052069967,-0.016651198641240098,3.305911316654217e-05,-0.33994138257409745
0.0,0.0011234705228031145,-0.11766516918685974,-0.0009184278828327771,-0.002553207267334075,-8.008898776418243e-05,0.0
0.0,-0.011049684835001855,2.4656205172297716e-08,-0.0003489061920652577,-0.0003388950685947349,0.0,0.0
0.0,-0.019096527670923957,4.6595700399918976e-08,-0.0002717854028825226,-0.0002513463609785922,-1.127324988092823e-19,0.0
0.0,-0.024702261772339636,6.500626414067635e-08,0.0,6.525769373377827e-05,0.0,0.0
0.0,-0.04350797182054134,9.84781038302925e-08,-0.00014386355209492028,-7.044864664441972e-05,8.527994067482387e-06,0.0
0.0,-0.02785279940674916,3.328428506674394e-08,0.0,0.0,0.0,0.0
0.0,-0.022695587690025956,2.0308987074177662e-08,0.0,-8.972932888394512e-05,0.0,0.0
0.0,0.0037938450129773823,-2.941676335964785e-09,0.0,5.85836114200964e-05,0.0,0.0
0.0,0.017423804226918797,-1.5302463958944382e-08,0.00014015572858731924,3.411197626992955e-05,0.0,0.0
0.0,0.011886911383018168,1.3572177715611507e-07,-7.415647014051016e-07,3.781979977753059e-05,5.9695958472376604e-05,0.0
0.0,0.013111976269929552,-2.0153475933383766e-07,0.0,1.853911753800519e-05,-7.415647015202076e-05,0.0
0.0,0.011645161290322581,0.00021023824087931957,9.862810530218762e-05,7.934742306266221e-05,1.853911753800519e-06,0.0
0.0,0.009569521690767519,-1.2849363750586948e-08,1.260659992584353e-05,0.00010233592880978866,0.0,0.0
0.0,0.009544679273266592,2.3360241827453824e-07,0.0,0.0,7.563959955506118e-05,0.0
0.0,0.009984797923618836,-1.439133935489756e-07,0.0001349647756766778,2.855024100841289e-05,-3.8561364479050794e-05,0.0
0.0,0.008530589543937709,-1.6161779908871066e-08,0.0,1.7055988134964774e-05,0.0,0.0
0.0,0.009128290693362996,-1.9246829504902498e-08,0.0,1.1123470522803115e-05,0.0,0.0
0.0,0.008648127549128661,-2.0511008218021036e-08,0.0,0.0,0.0,0.0
0.0,0.00900259547645532,-2.3939511991375207e-08,0.0,2.224694104560623e-06,0.0,0.0
0.0,0.008502410085279941,3.99214916457029e-07,5.116796440489433e-05,0.0,8.305524657026325e-05,0.0
0.0,0.007784204671857619,-4.612158874825367e-07,-1.1123470522803115e-06,7.415647015202076e-07,-8.305524657026325e-05,0.0
0.0,0.008101965146459028,-3.108548806427053e-08,-8.527994067482387e-06,0.0,0.0,0.0
0.0,0.007930292918057101,-3.4812419313742664e-08,-1.03819058211678e-05,0.0,0.0,0.0
0.0,0.007652206154987022,-3.879012047559366e-08,0.0,-2.6696329254727476e-05,0.0,0.0
0.0,0.007125324434556915,0.00048110729344341105,-1.5943641082684463e-05,2.6696329254727476e-05,-4.931405265109381e-05,0.0
0.0,0.007691509084167594,-9.392715181118036e-09,-3.670745272525028e-05,0.0,0.0,0.0
0.0,0.0077263626251390435,-8.541818543810026e-09,4.449388209121246e-06,0.0,0.0,0.0
0.0,0.0073819058212829065,-7.306370286089339e-09,1.8909899888765296e-05,0.0,0.0,0.0
0.0,0.007366332962550982,-6.4727229721951936e-09,1.4089729328883945e-05,0.0,0.0,0.0
0.0,0.007099369670003708,5.608956656310426e-08,-3.707823507601038e-07,0.0,-4.671857619577308e-05,0.0
0.0,0.0071954022988505745,-5.205140805129524e-09,2.7437893956247683e-05,0.0,0.0,0.0
0.0,0.006933259176863181,-0.006528678345906397,1.8168335187245086e-05,1.853911753800519e-05,-6.340378197997775e-05,0.0
0.0,0.006309232480533927,0.000763588360110543,-8.527994067482387e-06,-3.9302929180571004e-05,7.415647015201964e-06,0.0
0.0,0.00642899517982944,-3.3572006764834485e-09,-1.7055988134964774e-05,-2.4471635150166853e-05,0.0,0.0
0.0,0.006488691138301817,-3.2416692535627643e-09,-1.705598813484967e-05,5.190952910641453e-06,0.0,0.0
0.0,0.006090470893585465,-1.7469087455611843e-08,-1.9651464590170397e-05,1.7055988134964774e-05,1.6314423433444568e-05,0.0
0.0,0.005635213650939895,-2.5696026852462477e-09,-4.8871691102548955e-06,3.6754351710556947e-05,0.0,0.0
0.0,0.006123470522803115,-4.6267922258159015e-08,0.0,-4.0415276232851316e-05,5.339265850945495e-05,0.0
0.0,0.006172043010752688,-2.4426163546810073e-09,0.0,1.446051167964405e-05,0.0,0.0
0.0,0.005878012606599926,-5.198323123314489e-08,0.0,-2.4842417500926955e-05,6.637004078605859e-05,0.0
0.0,0.005854282536151279,-2.0719861132652763e-09,1.0752688172158117e-05,5.932517612161661e-06,0.0,0.0
0.0,0.0054994438264738595,-1.8214141831912506e-09,0.0,7.78642936596218e-06,0.0,0.0
0.0,0.005389321468298109,-1.6759174477993639e-09,0.0,-4.078605858361142e-06,0.0,0.0
0.0,0.004673711531331109,-1.4450691595255497e-09,0.0,2.92918057100482e-05,0.0,0.0
0.0,0.00507304412309974,-2.5040470409004344e-09,0.0,-1.7055988134964774e-05,1.8539117538004067e-06,0.0
0.0,0.004986281053021876,-1.3562054926408204e-09,0.0,-4.820170559881349e-06,0.0,0.0
0.0,0.004767105851594652,2.6163633864573354e-09,-1.7315123785920373e-05,-3.779513112490894e-05,-6.272432258878415e-06,0.0
0.0,0.004695216907675195,-4.728660475499049e-08,1.1123470522803115e-05,-2.4100852799291643e-05,8.008898776418243e-05,0.0
0.0,0.004651835372636262,3.304251460117929e-08,-2.9662588060808306e-05,-3.7078235074859324e-06,-5.969595847237671e-05,0.0
0.0,0.004449388209121246,-0.00855313271580156,-1.3348164627363738e-05,0.0,-8.305524657026331e-05,0.0
0.0,0.004576937337782722,0.0047729538952237215,-6.674082313796975e-06,0.0,4.6347793845012975e-05,0.0
0.0,0.004234705228031146,-9.421977886619092e-10,5.190952910641453e-06,0.0,0.0,0.0
0.0,0.004665183537263627,-9.727975653564807e-10,-6.674082313681869e-06,-9.640341119762699e-06,0.0,0.0
0.0,0.004039302929180571,-8.474738455543617e-10,8.157211716722284e-06,0.0,0.0,0.0
0.0,0.004017426770485725,-8.195970161870802e-10,-1.7055988134964774e-05,3.2628846867004244e-05,0.0,0.0
0.0,0.004048201705598813,-3.929011327582993e-09,0.0,1.112347052291822e-05,7.415647015202076e-06,0.0
0.0,0.004045606229143493,3.0079213072440044e-08,0.0,-1.6314423433444568e-05,-6.525769373377827e-05,0.0
0.0,0.0038409343715239156,-7.141939996420681e-10,0.0,5.932517612161661e-06,0.0,0.0
0.0,0.003788654060066741,-6.179165860775919e-10,0.0,-5.932517612173172e-05,0.0,0.0
0.0,0.0036670374490174267,-6.262382888157455e-10,0.0,-1.557285873192436e-05,0.0,0.0
0.0,0.0036967000370782353,2.558884455945226e-09,0.0,3.1887282165368925e-05,-7.415647015202076e-06,0.0
0.0,0.0036548016314423433,0.0006109540077386084,-3.707823507601038e-06,-2.3730070448646643e-05,5.932517612161549e-06,0.0
0.0,0.0035231738969225064,-6.72915149510032e-10,0.0,0.00010381905821294418,0.0,0.0
0.0,0.003397107897664071,-4.820371864605504e-10,-1.1865035224438428e-05,-4.6718576195888185e-05,0.0,0.0
0.0,0.003692250648869114,-4.157674443720298e-10,-4.226918798653673e-05,-0.00012161661104942916,0.0,0.0
0.0,0.003171672228401928,-4.426976420678693e-10,-3.8561364479050794e-05,0.0,0.0,0.0
0.0,0.003157211716722284,-5.142364760085216e-10,-4.449388209121246e-06,5.190952910641453e-05,0.0,0.0
0.0,0.003267334074898035,-4.89507104863992e-10,1.557285873192436e-05,-7.415647015202076e-06,0.0,0.0
0.0,0.003295884315906563,-4.36318007612859e-10,-1.260659992584353e-05,-2.966258806092341e-05,0.0,0.0
0.0,0.003111234705228031,-1.4254251710712327e-08,3.559510567296997e-05,0.0,3.707823507601038e-05,0.0
0.0,0.002310344827586207,3.047355146464658e-08,0.0,0.0,-8.305524657026325e-05,0.0
0.0,0.0030989988876529476,-1.9736245445821476e-08,-2.150537634408602e-05,2.4471635150051745e-05,5.339265850945495e-05,0.0
0.0,0.003246570263255469,1.0428123959739458e-08,-9.640341119762699e-06,1.260659992584353e-05,-3.0033370411568522e-05,0.0
0.0,0.0036177233963663328,-4.894573790758034e-10,8.157211716722284e-06,8.898776418242492e-06,0.0,0.0
0.0,0.002593251761216166,0.0019474527834667263,0.0,3.7078235074859324e-06,1.8909899888765296e-05,0.0
0.0,0.003078976640711902,-3.978219599235251e-10,0.0,9.640341119762699e-06,0.0,0.0
0.0,0.002457545420837968,0.0023293118593060267,0.0,-1.7797552836484984e-05,2.261772339636622e-05,0.0
0.0,0.0031171672228401926,-4.0592173831068887e-10,0.0,3.2628846866889135e-05,0.0,0.0
0.0,0.0024074898034853543,-2.343117538805047e-08,0.0,-8.157211716722284e-06,7.007786429365962e-05,0.0
0.0,0.0033203559510567296,2.7085035512627402e-08,0.0,-6.674082313796975e-06,-8.342602892102336e-05,0.0
0.0,0.0029310344827586207,0.0005727835914027764,0.0,1.4831294030289046e-05,5.5617352614015575e-06,0.0
0.0,0.0023667037449017427,-2.642242649314342e-08,0.0,4.301075268817204e-05,8.194289951798295e-05,0.0
0.0,0.0024879495736002968,-1.2420331491791646e-08,-2.2246941044455167e-06,-3.707823507601038e-05,3.8561364479050794e-05,0.0
0.0,0.002841675936225436,-2.8764342601654956e-10,-2.2246941044455167e-06,-4.449388209121246e-05,0.0,0.0
0.0,0.0024860956618464962,-2.8509912318756664e-10,0.0,1.557285873192436e-05,0.0,0.0
0.0,0.00282128290693363,-1.1614931188132408e-09,-6.674082313566763e-06,-7.267334074898034e-05,2.9662588060808304e-06,0.0
0.0,0.0025016685205784205,0.0021384048453847435,0.0,-4.523544679273266e-05,2.0763811642565814e-05,0.0
0.0,0.0016158694846125324,-1.9297012954512009e-10,-2.521319985168706e-05,6.377456433073785e-05,0.0,0.0
0.0,0.002014089729328884,0.001832915500570708,0.0,-2.3730070448646643e-05,3.559510567296997e-05,0.0
0.0,0.0023092324805339265,4.2820404816758215e-09,-2.6696329254727476e-05,-6.748238783822379e-05,-1.4831294030404153e-05,0.0
0.0,0.001725250278086763,-1.3354044587631894e-10,-6.154987022617723e-05,0.0,0.0,0.0
0.0,0.0021586948461253244,-2.038223223933153e-10,-2.521319985168706e-05,0.0,0.0,0.0
0.0,0.002439747868001483,-2.484033332002456e-10,0.0,0.0,0.0,0.0
0.0,0.0023448275862068967,-2.359985907430511e-10,0.0,0.0,0.0,0.0
0.0,0.0018153503893214684,-1.7056958281408944e-10,-1.4089729328883945e-05,0.0,0.0,0.0
0.0,0.0020715609936967,-1.9726864767964492e-10,-1.0381905821282907e-05,0.0,0.0,0.0
0.0,0.0020648869113830183,-0.00389497364232757,-2.150537634408602e-05,0.0,-4.7830923248053395e-05,0.0
0.0,0.001974786800148313,-1.8159765761680354e-10,1.4831294030404152e-06,-1.7797552836484984e-05,0.0,0.0
0.0,0.0037556544308490914,-3.9265508219155875e-10,-3.707823507601038e-06,6.599925843529847e-05,0.0,0.0
0.0,0.0021182795698924733,-2.0270625470286024e-10,0.0,5.932517612161661e-06,0.0,0.0
0.0,0.0005806451612903225,-0.0029403319974486194,2.224694104560623e-06,-2.9662588060808306e-05,-2.8550241008528106e-05,0.0
0.0,0.002067853170189099,-1.4218087249980281e-08,1.4089729328883945e-05,-2.1505376343970915e-05,5.228031145717464e-05,0.0
0.0,0.0016444197256210605,1.2301484095477126e-08,-2.0022246941045607e-05,-8.157211716722283e-05,-4.6347793845012975e-05,0.0
0.0,0.0022806822395253987,0.0010310234858786466,0.0,3.9302929180571004e-05,2.0763811642565814e-05,0.0
0.0,0.0017259918427882832,8.842919241467094e-09,-2.150537634408602e-05,8.602150537634408e-05,-3.411197626992944e-05,0.0
0.0,0.001995550611790879,-1.68820892596124e-10,0.0,-1.7797552836484984e-05,0.0,0.0
0.0,0.0027015202076381166,-2.085564108069343e-08,3.707823507601038e-06,2.521319985168706e-05,8.008898776418243e-05,0.0
0.0,0.0019139784946236558,4.862159022794579e-09,0.0,3.707823507716144e-06,-1.9280682239525285e-05,0.0
0.0,0.0015917686318131256,-1.427645795853025e-10,0.0,9.640341119877805e-06,0.0,0.0
0.0,0.0024123099740452356,5.698501658578132e-09,0.0,2.3730070448646643e-05,-2.3359288097886653e-05,0.0
0.0,0.0015520949202817945,-1.322531004709921e-10,0.0,0.0,0.0,0.0
0.0,0.0014052651093807934,0.0003054906450052695,9.640341119762699e-06,-1.1123470522803115e-05,2.966258806080718e-06,0.0
0.0,0.0008112717834631071,-6.461589920728525e-11,0.0,-7.415647015202076e-06,0.0,0.0
0.0,0.002649239896180942,-2.282947769655372e-10,0.0,1.4831294030404153e-05,0.0,0.0
0.0,0.0012658509454949944,-1.0435417075340451e-10,0.0,1.151059911772931e-16,0.0,0.0
0.0,0.0018157211716722285,-1.552789029460978e-10,0.0,1.4089729328999051e-05,0.0,0.0
0.0,0.0018060808305524656,-1.4004531564973014e-10,0.0,-1.3348164627248631e-05,0.0,0.0
0.0,0.001832406377456433,-0.0018329500446963732,0.0,-0.00010011123470522804,-1.7797552836485096e-05,0.0
0.0,0.0023629959213941417,0.0051933590149466176,0.0,-1.4089729328883945e-05,5.042639970337412e-05,0.0
0.0,0.0012639970337411939,-9.108106869876849e-11,0.0,-1.853911753800519e-05,0.0,0.0
0.0,0.0003192436040044494,-2.126974547370493e-11,0.0,-8.157211716722284e-06,0.0,0.0
0.0,0.0017319243604004449,-1.0492509646964388e-10,0.0,-6.599925843529847e-05,0.0,0.0
0.0,0.0015417130144605117,-1.2028023569269478e-10,0.0,7.415647015202076e-07,0.0,0.0
0.0,0.0012309974045235446,-2.9372369280970593e-09,0.0,5.932517612161661e-06,1.2235817575083313e-05,0.0
0.0,0.0009191694475342973,-1.0772859957379944e-08,0.0,-7.415647015202076e-07,4.6347793845012975e-05,0.0
0.0,0.0009918427882832778,1.848010573512676e-08,0.0,5.932517612161661e-06,-8.045977011494253e-05,0.0
0.0,0.0009314052651093808,-4.4523918235306394e-11,0.0,-5.85836114200964e-05,0.0,0.0
0.0,0.0021735261401557284,-1.0450844961549926e-08,0.0,3.3370411568409345e-05,4.523544679273266e-05,0.0
0.0,0.0013274008157211717,1.3060685458517446e-08,7.415647015202076e-07,-4.449388209121246e-06,-5.78420467185762e-05,0.0
0.0,0.0018479792361883575,-1.762558187782477e-10,0.0,8.67630700778643e-05,0.0,0.0
0.0,0.001046718576196694,-8.211753495381031e-11,0.0,1.0381905821282907e-05,0.0,0.0
0.0,0.0007345198368548449,0.0012219718150953812,9.640341119762699e-06,2.224694104560623e-05,1.186503522432321e-05,0.0
0.0,-0.003917686318131257,3.5975134397758245e-10,-0.00011197626992955135,-1.7055988134964774e-05,0.0,0.0
0.0,-0.15710530218761587,3.312605668787991e-08,0.0,-3.781979977753059e-05,-6.74823878383389e-05,0.0
0.0,-0.14406217150673134,4.784402317719246e-08,0.00013006750338772935,1.2073776685790516e-05,0.0,0.0
0.0,-0.07513681868743048,-0.0004926058176737783,3.707823507601038e-06,-3.8561364479050794e-05,0.0,0.0
0.0,0.02836670374490174,0.00048151862026807947,-2.150537634408602e-05,-6.525769373377827e-05,0.0,0.0
0.0,0.020234334445680385,-2.1789502433050314e-08,4.152762328513163e-05,0.0,0.0,0.0
0.0,0.017868743047830923,-1.473330995412121e-08,0.0,7.563959955506118e-05,0.0,0.0
0.0,0.013120504263997034,-8.633474221616752e-09,0.0,1.9280682239525397e-05,0.0,0.0
0.0,0.012654801631442343,-0.003970767811891978,0.0001171672228401928,4.375231738969225e-05,-3.8561364479050794e-05,0.0
0.0,0.011911549530182872,0.007946442710573608,-7.466222854092631e-06,4.9489731054016294e-05,7.717023219259608e-05,0.0
0.0,0.011116796440489433,-0.0021381742542644334,0.0,3.707823507601038e-06,-2.0763811642565925e-05,0.0
0.0,0.010793474230626623,0.0007636317146357051,0.0,7.4156470150869706e-06,7.415647015201964e-06,0.0
0.0,0.010203930292918058,-3.1579549682993426e-09,0.0,-0.00013199851687048186,0.0,0.0
0.0,0.00949870226177234,-2.981076656320808e-09,0.0,4.0044493882091214e-05,0.0,0.0
0.0,0.009193177604746014,-0.001680056452300865,0.0,-2.4471635150166853e-05,-1.631442343344468e-05,0.0
0.0,0.00851234938694734,0.001926101249896568,-1.517025311230217e-05,-7.693485506988867e-05,1.8703697160288836e-05,0.0
0.0,0.008757508342602893,-2.1310014153658392e-09,0.0,-3.7078235074859324e-06,0.0,0.0
0.0,0.007258064516129033,-1.6554488400242528e-09,0.0,0.0,0.0,0.0
0.0,0.008114571746384872,-1.7679700110636687e-09,9.640341119877805e-06,8.157211716722284e-06,0.0,0.0
0.0,0.006613274008157212,0.0005345750092611061,1.4831294030404153e-05,-2.0022246941045607e-05,5.190952910641341e-06,0.0
0.0,0.0063418613274008155,-3.413470286312865e-08,0.0,0.0,7.007786429365962e-05,0.0
0.0,0.006540600667408232,-0.0011073123760233187,5.190952910652964e-05,1.260659992584353e-05,-9.084167593622544e-05,0.0
0.0,0.005827215424545792,0.005574926118090972,-3.485354097144976e-05,6.377456433073785e-05,5.41342232109751e-05,0.0
0.0,0.006593622543566926,-1.0842643655167125e-09,-1.557285873192436e-05,-2.1505376343970915e-05,0.0,0.0
0.0,0.005083055246570263,-8.334677485479087e-10,-7.415647015202076e-06,7.415647015202076e-06,0.0,0.0
0.0,0.005718946978123841,-5.2858871975164305e-09,-8.898776418242492e-06,5.784204671846109e-05,1.075268817204301e-05,0.0
0.0,0.00524990730441231,2.2849074261339673e-08,-1.7797552836484984e-05,-2.4471635150281958e-05,-5.85836114200964e-05,0.0
0.0,0.004526510938079348,-6.173336893382702e-10,-1.0381905821282907e-05,-4.968483500173881e-05,0.0,0.0
0.0,0.00557026325546904,-7.516191011894885e-10,-2.150537634408602e-05,-3.262884686677403e-05,0.0,0.0
0.0,0.004915090841675936,-6.419986011277405e-10,-2.0022246941045607e-05,-2.817945865776789e-05,0.0,0.0
0.0,0.004396366332962551,0.00042003683523015857,0.0,0.0,4.078605858361142e-06,0.0
0.0,0.004577678902484242,-0.006300579896641263,7.415647015202076e-07,-5.190952910641453e-05,-6.117908787541725e-05,0.0
0.0,0.004794215795328142,-5.654116788380167e-10,0.0,-6.525769373377827e-05,0.0,0.0
0.0,0.003728958101594364,-5.290418690177098e-10,0.0,8.527994067482388e-05,0.0,0.0
0.0,0.004431219873934001,-5.275906126809465e-10,-1.4089729328883945e-05,0.0,0.0,0.0
0.0,0.003706340378197998,-4.3098629810152675e-10,0.0,-1.4831294030404153e-05,0.0,0.0
0.0,0.00410530218761587,1.4200414336518884e-09,0.0,2.4471635150166853e-05,-5.932517612161661e-06,0.0
0.0,0.004113088616981832,-4.609387187017173e-10,0.0,-1.260659992584353e-05,0.0,0.0
0.0,0.0038587319243604005,-4.2821915007362464e-10,0.0,-4.449388209121246e-06,0.0,0.0
0.0,0.0038409343715239156,-4.338344807472177e-10,0.0,2.0763811642565814e-05,0.0,0.0
0.0,0.003488320355951057,-3.646613051372411e-10,0.0,-1.4831294030404153e-05,0.0,0.0
0.0,0.0034905450500556175,0.005498761279326834,0.0,4.449388209121246e-05,5.339265850945495e-05,0.0
0.0,0.003229143492769744,-3.0757794199259787e-10,0.0,-4.301075268805694e-05,0.0,0.0
0.0,0.003577678902484242,-3.619991337732926e-10,-8.898776418242492e-06,8.157211716722284e-06,0.0,0.0
0.0,0.0033778272154245457,-2.87334021112265e-10,0.0,-8.527994067482388e-05,0.0,0.0
0.0,0.0036218020022246943,-3.547787651587234e-10,0.0,-2.9662588060808304e-06,0.0,0.0
0.0,0.002871338524286244,-3.2019171692977033e-10,0.0,7.415647015202076e-05,0.0,0.0
0.0,0.002839080459770115,-3.108716308665414e-09,-5.932517612161661e-06,-8.157211716722284e-06,1.0381905821282907e-05,0.0
0.0,0.0029451242120875046,-2.367150104321386e-10,-1.1123470522803115e-05,-5.85836114200964e-05,0.0,0.0
0.0,0.0028101594364108268,-2.396543570228419e-10,-1.0381905821282907e-05,-2.521319985168706e-05,0.0,0.0
0.0,0.0028921023359288096,-2.3260434527521506e-10,-3.485354097144976e-05,-1.6314423433444568e-05,0.0,0.0
0.0,0.0024671857619577306,-1.8444952365421214e-10,-3.559510567296997e-05,-2.817945865776789e-05,0.0,0.0
0.0,0.0028049684835001853,-2.465643998851972e-10,-1.0381905821282907e-05,5.932517612161661e-06,0.0,0.0
0.0,0.002968112717834631,-2.559625738528408e-10,-1.0381905821282907e-05,7.415647015202076e-07,0.0,0.0
0.0,0.0033741193919169447,-2.282045338684542e-10,-3.485354097144976e-05,-8.527994067482388e-05,0.0,0.0
0.0,0.0026692621431219873,-0.0001527454667884551,-7.415647015202076e-06,-1.7055988134964774e-05,-1.4831294030405276e-06,0.0
0.0,0.0025991842788283277,-2.297791838277596e-10,-1.9280682239525397e-05,4.152762328513163e-05,0.0,0.0
0.0,0.002296996662958843,-1.8338410259987512e-10,7.415647015202076e-07,-2.0022246941045607e-05,0.0,0.0
0.0,0.002145717463848721,2.7527883252907766e-09,0.0,-1.7055988134964774e-05,-1.1865035224323322e-05,0.0
0.0,0.0021735261401557284,-1.7118839262265856e-10,-1.260659992584353e-05,0.0,0.0,0.0
0.0,0.002639228772710419,-2.694247259873864e-09,-5.190952910756559e-06,3.707823507601038e-06,1.0381905821282907e-05,0.0
0.0,0.00242899517982944,-1.2627446766380562e-08,0.0,3.411197626992955e-05,5.190952910641453e-05,0.0
0.0,0.002350018539117538,6.612259058939955e-09,-3.707823507716144e-06,2.521319985168706e-05,-2.8550241008527994e-05,0.0
0.0,0.0021816833518724507,-1.504849686255459e-10,0.0,-4.671857619577308e-05,0.0,0.0
0.0,0.002317760474601409,-1.5660584481238966e-10,0.0,-5.339265850945495e-05,0.0,0.0
0.0,0.0016040044493882092,3.818616819568094e-05,0.0,8.231368186874305e-05,3.707823507601038e-07,0.0
0.0,0.002033370411568409,-1.4966541396836359e-10,0.0,-1.4089729328883945e-05,0.0,0.0
0.0,0.0015342973674453096,-9.855648456434873e-09,0.0,2.89210233592881e-05,4.263997033741194e-05,0.0
0.0,0.00207193177604746,1.0459966881138744e-08,8.157211716607179e-06,3.707823507601038e-06,-4.6347793845012975e-05,0.0
0.0,0.0022771739130431033,-1.5043515324096685e-10,0.0,-4.629629629640565e-05,-1.296750027688857e-19,0.0
0.0,0.00175,-1.3029267494049337e-10,-8.084397349092696e-17,0.0,-7.894919286223336e-20,0.0
0.0,0.0015,-3.796109619239966e-11,-8.084397349092696e-17,-0.00016666666666666666,-7.894919286223336e-20,0.0
0.0,0.0014166666666666668,-1.0415355467961894e-10,-8.084397349092696e-17,-8.084397349092696e-17,0.0,0.0
0.0,0.0,7.211541136105856e-11,-8.084397349092696e-17,-0.00016666666666666666,-7.894919286223336e-20,0.0
0.0,0.0020833333333326867,-1.514214091002941e-10,-8.084397349092696e-17,0.0,-7.894919286223336e-20,0.0
0.0,0.0018333333333333333,-1.3216696162190702e-10,-8.084397349092696e-17,0.0,-7.894919286223336e-20,0.0
0.0,0.0010833333333333333,-7.750414725806978e-11,-8.084397349092696e-17,0.0,-7.894919286223336e-20,0.0
0.0,0.0018333333333333333,-1.2978950204948583e-10,-8.084397349092696e-17,0.0,0.0,0.0
0.0,0.002,-7.131537939939234e-11,-8.084397349092696e-17,-0.00016666666666666666,-7.894919286223336e-20,0.0
0.0,0.0023333333333333335,-1.79494879881127e-08,-8.084397349092696e-17,-8.084397349092696e-17,8.333333333333333e-05,0.0
0.0,-8.333333333398008e-05,1.7716500830526153e-08,-8.084397349092696e-17,0.00016666666666666666,-8.333333333333333e-05,0.0
0.0,0.00175,-1.891988277849224e-10,-8.084397349092696e-17,0.00016666666666666666,-7.894919286223336e-20,0.0
0.0,0.0010833333333333333,-7.447928914593325e-11,-8.084397349092696e-17,0.0,-7.894919286223336e-20,0.0
0.0,0.0014166666666666668,-9.704963304102421e-11,-8.084397349092696e-17,0.0,-7.894919286223336e-20,0.0
0.0,0.0020833333333333333,-1.7484889960744316e-08,-8.084397349092696e-17,-0.00016666666666666666,8.333333333333333e-05,0.0
0.0,0.00166666666666602,-1.1271202108926243e-10,-8.084397349092696e-17,-8.084397349092696e-17,-7.894919286223336e-20,0.0
0.0,0.0013333333333333333,-5.281633800930447e-11,8.333333333333333e-05,-8.084397349092696e-17,0.0,0.0
0.0,0.00125,-8.33811807549662e-11,-8.084397349092696e-17,0.0,-7.894919286223336e-20,0.0
0.0,0.0010833333333326867,-7.185929765303929e-11,-8.084397349092696e-17,-8.084397349092696e-17,-7.894919286223336e-20,0.0
0.0,0.0018333333333333333,-1.2109004375007417e-10,0.0,-8.084397349092696e-17,-7.894919286223336e-20,0.0
0.0,0.0009166666666666666,-6.032706652250555e-11,0.0,-8.084397349092696e-17,-7.894919286223336e-20,0.0
0.0,0.0,-1.6901312887461648e-08,8.084397349092696e-17,-8.084397349092696e-17,8.333333333333333e-05,0.0
0.0,0.0009166666666666666,-5.983941567440828e-11,0.0,-8.084397349092696e-17,-7.894919286223336e-20,0.0
0.0,0.0013333333333333333,-8.664792403578758e-11,8.084397349092696e-17,-8.084397349092696e-17,-7.894919286223336e-20,0.0
0.0,0.0008333333333333334,-5.386860316826238e-11,8.084397349092696e-17,-8.084397349092696e-17,-7.894919286223336e-20,0.0
0.0,0.0013333333333333333,-8.585306608842479e-11,8.084397349092696e-17,-8.084397349092696e-17,-7.894919286223336e-20,0.0
0.0,0.0015,-9.614288703434998e-11,8.084397349092696e-17,-8.084397349092696e-17,-7.894919286223336e-20,0.0
0.0,0.0010833333333333333,-6.909508051143752e-11,8.084397349092696e-17,-8.084397349092696e-17,-7.894919286223336e-20,0.0
0.0,0.0009166666666666666,4.465821095638805e-12,8.084397349092696e-17,-0.00016666666666666666,-7.894919286223336e-20,0.0
0.0,0.0014166666666666668,-8.951432795988188e-11,8.084397349092696e-17,-8.084397349092696e-17,-7.894919286223336e-20,0.0
0.0,0.0006666666666666666,-4.191792363093959e-11,8.084397349092696e-17,0.0,-7.894919286223336e-20,0.0
0.0,0.0018333333333333333,0.008582511153896728,8.084397349092696e-17,-8.084397349092696e-17,8.333333333333333e-05,0.0
0.0,0.0008333333333326866,-5.20078982743952e-11,8.084397349092696e-17,0.0,-7.894919286223336e-20,0.0
0.0,0.00075,-1.0780964253677262e-10,8.084397349092696e-17,0.00016666666666666666,-7.894919286223336e-20,0.0
0.0,0.0008333333333333334,-5.1643777017792065e-11,8.084397349092696e-17,0.0,-7.894919286223336e-20,0.0
0.0,0.0010833333333333333,-3.6442522994346086e-11,8.084397349092696e-17,-8.333333333333333e-05,-7.894919286223336e-20,0.0
0.0,0.0011666666666666668,-1.6114350485925875e-08,8.084397349092696e-17,0.0,8.333333333333333e-05,0.0
0.0,0.00075,-0.008582521267039313,8.084397349092696e-17,8.333333333333333e-05,-8.333333333333333e-05,0.0
0.0,0.00125,-7.633611352907287e-11,8.084397349092696e-17,-8.084397349092696e-17,-7.894919286223336e-20,0.0
0.0,0.0010833333333333333,-6.595122007032235e-11,8.084397349092696e-17,-8.084397349092696e-17,-7.894919286223336e-20,0.0
0.0,0.0010833333333333333,-6.561296888523631e-11,8.084397349092696e-17,-8.084397349092696e-17,-7.894919286223336e-20,0.0
0.0,0.001,-9.028460933930344e-11,8.084397349092696e-17,8.333333333333333e-05,-7.894919286223336e-20,0.0
0.0,0.0014166666666666668,-8.532596338126394e-11,8.084397349092696e-17,-8.084397349092696e-17,-7.894919286223336e-20,0.0
0.0,-0.00275,1.3518535221616427e-10,8.084397349092696e-17,8.333333333333333e-05,-7.894919286223336e-20,0.0
0.0,0.0009166666666660199,-5.488141646815671e-11,8.084397349092696e-17,-8.084397349092696e-17,-7.894919286223336e-20,0.0
0.0,0.00075,-4.473388091557556e-11,8.084397349092696e-17,0.0,-7.894919286223336e-20,0.0
0.0,0.0014166666666666668,-8.425429566866822e-11,8.084397349092696e-17,8.084397349092696e-17,-7.894919286223336e-20,0.0
0.0,0.0011666666666666668,-6.923995291193326e-11,8.084397349092696e-17,8.084397349092696e-17,-7.894919286223336e-20,0.0
0.0,0.0015,-8.868971943027443e-11,8.084397349092696e-17,8.084397349092696e-17,-7.894919286223336e-20,0.0
0.0,0.00016666666666666666,-9.824159658617443e-12,8.084397349092696e-17,8.084397349092696e-17,-7.894919286223336e-20,0.0
0.0,0.00075,-7.298593926760885e-11,8.084397349092696e-17,8.333333333333333e-05,-7.894919286223336e-20,0.0
0.0,0.0005833333333333334,-3.413297235965729e-11,8.084397349092696e-17,-8.084397349092696e-17,-7.894919286223336e-20,0.0
0.0,0.0013333333333333333,-4.9113684023420016e-11,8.084397349092696e-17,-8.333333333333333e-05,-7.894919286223336e-20,0.0
0.0,0.0008333333333333334,-8.485383457607693e-12,0.0,-8.333333333333333e-05,1.5789838572446672e-19,0.0
0.0,0.0009999999999993532,-1.5341106336563826e-08,8.084397349092696e-17,-8.333333333333333e-05,8.333333333333333e-05,0.0
0.0,0.001,1.526191869440178e-08,0.0,8.084397349092696e-17,-8.333333333333333e-05,0.0
0.0,0.0007499999999993533,-1.412984501156542e-10,0.00016666666666666666,8.333333333333333e-05,-7.894919286223336e-20,0.0
0.0,-0.0018333333333326867,-1.5208173620825012e-08,8.084397349092696e-17,8.084397349092696e-17,8.333333333333333e-05,0.0
0.0,0.0010833333333333333,-6.290566590097216e-11,8.084397349092696e-17,8.084397349092696e-17,-7.894919286223336e-20,0.0
0.0,0.0010833333333326867,-6.262044836249616e-11,8.084397349092696e-17,-8.084397349092696e-17,-7.894919286223336e-20,0.0
0.0,0.002,-1.150914209170474e-10,0.0,0.0,0.0,0.0
0.0,0.0008333333333333334,-4.762292115224732e-11,8.084397349092696e-17,-8.084397349092696e-17,-7.894919286223336e-20,0.0
0.0,0.0005833333333333334,-6.15054482801093e-11,8.084397349092696e-17,8.333333333333333e-05,-7.894919286223336e-20,0.0
0.0,0.0005833333333333334,-6.126615011857616e-11,8.084397349092696e-17,8.333333333333333e-05,-7.894919286223336e-20,0.0
0.0,0.0008333333333326866,-4.7314420549405946e-11,8.084397349092696e-17,8.084397349092696e-17,-7.894919286223336e-20,0.0
0.0,0.0006666666666666666,-3.7777418684628274e-11,8.084397349092696e-17,8.084397349092696e-17,-7.894919286223336e-20,0.0
0.0,0.0005,6.726800671054258e-11,-0.00016666666666666666,-8.333333333333333e-05,-7.894919286223336e-20,0.0
0.0,0.00116666666666602,-6.595962784356541e-11,0.0,8.084397349092696e-17,-7.894919286223336e-20,0.0
0.0,0.0004166666666666667,-2.344604581594467e-11,0.0,8.084397349092696e-17,-7.894919286223336e-20,0.0
0.0,0.0004166666666666667,-5.120010529127386e-11,0.0,8.333333333333333e-05,-7.894919286223336e-20,0.0
0.0,0.0005,-5.5786222219467165e-11,0.0,8.333333333333333e-05,-7.894919286223336e-20,0.0
0.0,0.0008333333333333334,-4.6721995911664436e-11,0.0,8.084397349092696e-17,-7.894919286223336e-20,0.0
0.0,0.0005833333333333334,-3.263832897775703e-11,0.0,8.084397349092696e-17,-7.894919286223336e-20,0.0
0.0,0.0011666666666666668,-9.25812249382337e-11,0.0,8.333333333333333e-05,-7.894919286223336e-20,0.0
0.0,0.00116666666666602,-6.49073626846075e-11,0.0,8.084397349092696e-17,-7.894919286223336e-20,0.0
0.0,-0.0005833333333333334,3.240226457516352e-11,0.0,8.084397349092696e-17,-7.894919286223336e-20,0.0
0.0,0.0008333333333333334,2.0037663893567192e-11,-0.00016666666666666666,8.084397349092696e-17,-7.894919286223336e-20,0.0
0.0,0.0002499999999993532,-1.3827553225888146e-11,0.0,8.084397349092696e-17,-7.894919286223336e-20,0.0
0.0,0.00016666666666666666,-9.212979219026035e-12,0.0,8.084397349092696e-17,-7.894919286223336e-20,0.0
0.0,0.00016666666666666666,-3.6416652922828995e-11,0.0,8.333333333333333e-05,-7.894919286223336e-20,0.0
0.0,0.0010833333333333333,-5.965250440769726e-11,0.0,8.084397349092696e-17,-7.894919286223336e-20,0.0
0.0,0.00125,-1.4461369978057013e-11,0.0,-0.00016666666666666666,-7.894919286223336e-20,0.0
0.0,-8.333333333398008e-05,4.560246856676207e-12,0.0,8.084397349092696e-17,-7.894919286223336e-20,0.0
0.0,8.333333333268658e-05,-4.5518390834331516e-12,0.0,8.084397349092696e-17,-7.894919286223336e-20,0.0
0.0,-0.00016666666666731341,9.087509372168117e-12,0.0,8.084397349092696e-17,-7.894919286223336e-20,0.0
0.0,-0.0002499999999993532,1.3604423859053188e-11,0.0,0.0,-7.894919286223336e-20,0.0
0.0,-0.00016666666666666666,-1.7764331359002326e-11,0.0,8.333333333333333e-05,-7.894919286223336e-20,0.0
0.0,0.00075,-4.075894442697366e-11,0.0,8.084397349092696e-17,-7.894919286223336e-20,0.0
0.0,0.0003333333333333333,-1.808576699760225e-11,0.0,8.084397349092696e-17,-7.894919286223336e-20,0.0
0.0,0.00125,-6.768774862090747e-11,0.0,8.084397349092696e-17,-7.894919286223336e-20,0.0
0.0,-0.0011666666666666668,-2.77637607521481e-11,0.00016666666666666666,8.333333333333333e-05,-7.894919286223336e-20,0.0
0.0,0.0009166666666666666,1.4991706444157493e-11,-0.00016666666666666666,8.084397349092696e-17,-7.894919286223336e-20,0.0
0.0,0.0003333333333333333,3.2185007714562944e-09,0.0003333333333333333,-0.0009999999999996767,0.0,0.0
0.0,8.333333333333333e-05,-1.2169410991999838e-10,0.00016666666666666666,0.00016666666666666666,-7.894919286223336e-20,0.0
0.0,0.00025,-1.3345723143882221e-11,0.0,8.084397349092696e-17,-7.894919286223336e-20,0.0
0.0,0.0007500000000012935,-1.4284482070555289e-08,0.0,8.084397349092696e-17,8.333333333333333e-05,0.0
0.0,-0.001,7.962031910816828e-11,0.0,-8.333333333333333e-05,-7.894919286223336e-20,0.0
0.0,0.0025,-1.8565721499423187e-10,0.0,0.00016666666666666666,-7.894919286223336e-20,0.0
0.0,0.0,-2.612359821796417e-11,0.0,8.333333333333333e-05,-7.894919286223336e-20,0.0
0.0,0.0015833333333333333,-8.369744237926271e-11,0.0,8.084397349092696e-17,-7.894919286223336e-20,0.0
0.0,0.0010833333333333333,3.185963982509242e-11,-0.00016666666666666666,-8.333333333333333e-05,-7.894919286223336e-20,0.0
0.0,0.0005833333333333334,-3.069548660682307e-11,0.0,8.084397349092696e-17,-7.894919286223336e-20,0.0
0.0,0.0004166666666666667,-2.1916477837496333e-11,0.0,8.084397349092696e-17,0.0,0.0
0.0,0.0006666666666666666,1.4076610225149327e-08,0.0,8.084397349092696e-17,-8.333333333333333e-05,0.0
0.0,-0.00016666666666666666,8.75378544959757e-12,0.0,8.084397349092696e-17,-7.894919286223336e-20,0.0
0.0,0.0009166666666666666,-4.8154551121923656e-11,0.0,8.084397349092696e-17,-7.894919286223336e-20,0.0
0.0,0.00016666666666666666,1.7139569131864443e-11,0.0,-8.333333333333333e-05,-7.894919286223336e-20,0.0
0.0,0.0023333333333333335,-1.2263966103394827e-10,0.0,8.084397349092696e-17,-7.894919286223336e-20,0.0
0.0,-0.00025,1.310836523771286e-11,0.0,8.084397349092696e-17,-7.894919286223336e-20,0.0
0.0,-0.0715,4.251133779891663e-09,-0.00016666666666666666,-0.00016666666666666666,-7.894919286223336e-20,0.0
0.0,-0.139,1.3629817274502583e-08,0.00025,0.0004166666666666667,-7.894919286223336e-20,0.0
0.0,-0.05,8.014354130460157e-09,0.0,0.00016666666666666666,-7.894919286223336e-20,0.0
0.0,0.011333333333333334,-3.751499138565527e-08,0.00016666666666666666,8.084397349092696e-17,8.333333333333333e-05,0.0
0.0,0.00775,-1.238735340949562e-09,8.084397349092696e-17,8.084397349092696e-17,-7.894919286223336e-20,0.0
0.0,0.01275,-2.0416912674489947e-09,8.084397349092696e-17,0.00016666666666666666,-7.894919286223336e-20,0.0
0.0,0.003833333333333333,-3.1750224297866225e-08,8.084397349092696e-17,0.0,8.333333333333333e-05,0.0
0.0,0.00925,-1.2718787830736901e-09,8.084397349092696e-17,8.084397349092696e-17,-7.894919286223336e-20,0.0
0.0,0.010583333333333333,-1.3755931932893064e-09,8.084397349092696e-17,0.0,-7.894919286223336e-20,0.0
0.0,0.008833333333333334,-8.235181060930093e-10,-0.00016666666666666666,-0.00016666666666666666,-7.894919286223336e-20,0.0
0.0,0.009,-1.0638543042457766e-09,8.084397349092696e-17,8.084397349092696e-17,-7.894919286223336e-20,0.0
0.0,0.007,-7.912904645005862e-10,8.084397349092696e-17,8.084397349092696e-17,-7.894919286223336e-20,0.0
0.0,0.0085,-7.942991538180246e-10,-0.00016666666666666666,8.084397349092696e-17,-7.894919286223336e-20,0.0
0.0,0.007083333333333333,-7.423805072903633e-10,0.0,8.084397349092696e-17,-7.894919286223336e-20,0.0
0.0,0.007,-7.069708469013373e-10,0.0,8.084397349092696e-17,-7.894919286223336e-20,0.0
0.0,0.006583333333333333,-2.380479256519013e-08,0.0,8.084397349092696e-17,8.333333333333333e-05,0.0
0.0,0.005083333333333333,-4.841823182586167e-10,0.0,8.084397349092696e-17,-7.894919286223336e-20,0.0
0.0,0.00525,-4.878468138890134e-10,0.0,8.084397349092696e-17,-7.894919286223336e-20,0.0
0.0,0.0045,-4.0778605681326655e-10,0.0,8.084397349092696e-17,-7.894919286223336e-20,0.0
0.0,0.005,-2.1963318835736977e-08,0.0,8.084397349092696e-17,8.333333333333333e-05,0.0
0.0,0.00383333333333398,-3.337679016921255e-10,0.0,8.084397349092696e-17,-7.894919286223336e-20,0.0
0.0,0.003416666666666667,-2.9211708654959995e-10,0.0,0.0,-7.894919286223336e-20,0.0
0.0,0.0036666666666666666,-2.247029139349858e-10,0.0,-0.00016666666666666666,-7.894919286223336e-20,0.0
0.0,0.004083333333333333,-3.3677400400241214e-10,0.0,0.0,-7.894919286223336e-20,0.0
0.0,0.003416666666666667,-3.56404861021373e-10,0.0,0.00016666666666666666,-7.894919286223336e-20,0.0
0.0,0.00325,-2.5848793383273815e-10,0.0,8.084397349092696e-17,-7.894919286223336e-20,0.0
0.0,0.0035833333333333333,-1.971187690893809e-08,0.0,-0.00016666666666666666,8.333333333333333e-05,0.0
0.0,0.0028333333333333335,-2.1818559616804124e-10,0.0,8.084397349092696e-17,-7.894919286223336e-20,0.0
0.0,0.00325,1.8937727307072945e-08,0.0,8.084397349092696e-17,-8.333333333333333e-05,0.0
0.0,0.003,-1.9122935676326355e-08,-8.084397349092696e-17,0.0,8.333333333333333e-05,0.0
0.0,0.0016666666666666668,1.8711571788622274e-08,-8.084397349092696e-17,0.0,-8.333333333333333e-05,0.0
0.0,0.0025833333333333333,-2.627694306688176e-10,-8.084397349092696e-17,0.00016666666666666666,-7.894919286223336e-20,0.0
0.0,0.0021666666666666666,-1.5772853253616228e-10,-8.084397349092696e-17,0.0,-7.894919286223336e-20,0.0
0.0,0.002,-1.4400769335528215e-10,-8.084397349092696e-17,0.0,0.0,0.0
0.0,0.00208333333333398,-1.4825426559481356e-10,-8.084397349092696e-17,0.0,-7.894919286223336e-20,0.0
0.0,0.0026666666666666666,-1.8769771688514285e-10,-8.084397349092696e-17,0.0,-7.894919286223336e-20,0.0
0.0,0.0023333333333333335,-7.88235209054417e-11,-0.00016666666666666666,0.0,-7.894919286223336e-20,0.0
0.0,0.003166666666667313,-2.1675562796493371e-10,-8.084397349092696e-17,0.0,-7.894919286223336e-20,0.0
0.0,0.0025,-1.7003298530148135e-10,-8.084397349092696e-17,0.0,-7.894919286223336e-20,0.0
0.0,0.002916666666666667,-1.300527300271723e-10,-8.084397349092696e-17,-0.00016666666666666666,-7.894919286223336e-20,0.0
0.0,0.00175,-1.168699883338478e-10,-8.084397349092696e-17,-8.084397349092696e-17,-7.894919286223336e-20,0.0
0.0,0.00266666666666602,-2.418812881741259e-10,-8.084397349092696e-17,0.00016666666666666666,-7.894919286223336e-20,0.0
0.0,0.0034166666666660198,-2.2298643468982644e-10,-8.084397349092696e-17,0.0,0.0,0.0
0.0,0.002416666666666667,-6.443523387942049e-11,-8.084397349092696e-17,0.0,1.5789838572446672e-19,0.0
0.0,0.0010000000000006469,-3.917052203582393e-11,8.333333333333333e-05,-0.00016666666666666666,-7.894919286223336e-20,0.0
0.0,0.00225,-2.064632200118568e-10,0.0,0.00016666666666666666,-7.894919286223336e-20,0.0
0.0,0.0015,-1.6480466971794765e-08,-8.333333333333333e-05,-8.084397349092696e-17,8.333333333333333e-05,0.0
0.0,0.00175,-4.793724252118005e-11,8.084397349092696e-17,-0.00016666666666666666,-7.894919286223336e-20,0.0
0.0,0.0015833333333333333,-9.900541044771672e-11,8.084397349092696e-17,-8.084397349092696e-17,-7.894919286223336e-20,0.0
0.0,0.0018333333333333333,-1.6251733500717415e-08,8.084397349092696e-17,-8.084397349092696e-17,8.333333333333333e-05,0.0
0.0,0.0020833333333333333,-0.00858251996796203,8.084397349092696e-17,-8.084397349092696e-17,-8.333333333333333e-05,0.0
0.0,0.0025,-1.527918761389123e-10,8.084397349092696e-17,-8.084397349092696e-17,-7.894919286223336e-20,0.0
0.0,-8.333333333333333e-05,5.058892485168245e-12,8.084397349092696e-17,-8.084397349092696e-17,-7.894919286223336e-20,0.0
0.0,0.0015,-9.081947306791941e-11,8.084397349092696e-17,-8.084397349092696e-17,-7.894919286223336e-20,0.0
0.0,0.0010833333333333333,1.5750832648740876e-08,8.084397349092696e-17,8.084397349092696e-17,-8.333333333333333e-05,0.0
0.0,0.0009166666666666666,-2.535655059748226e-11,8.084397349092696e-17,-8.333333333333333e-05,-7.894919286223336e-20,0.0
0.0,0.0007499999999993533,-1.531831609706084e-11,8.084397349092696e-17,-8.333333333333333e-05,-7.894919286223336e-20,0.0
0.0,0.0014166666666666668,-8.397619239985943e-11,8.084397349092696e-17,-8.084397349092696e-17,-7.894919286223336e-20,0.0
0.0,0.00125,-1.0296482489340836e-10,8.084397349092696e-17,8.333333333333333e-05,-7.894919286223336e-20,0.0
0.0,0.0013333333333333333,-4.928701350258456e-11,8.084397349092696e-17,-8.333333333333333e-05,-7.894919286223336e-20,0.0
0.0,0.0003333333333333333,-4.841907260318597e-11,8.084397349092696e-17,8.333333333333333e-05,-7.894919286223336e-20,0.0
0.0,0.0010833333333333333,-1.5372894186940457e-08,-0.00016666666666666666,0.0,8.333333333333333e-05,0.0
0.0,0.0013333333333333333,1.526463117140035e-08,8.084397349092696e-17,8.084397349092696e-17,-8.333333333333333e-05,0.0
0.0,0.00075,1.5201135021117e-08,8.084397349092696e-17,8.333333333333333e-05,-8.333333333333333e-05,0.0
0.0,0.00175,-1.0084541928437021e-10,8.084397349092696e-17,0.0,-7.894919286223336e-20,0.0
0.0,0.001,-5.7197434620724783e-11,8.084397349092696e-17,-8.084397349092696e-17,-7.894919286223336e-20,0.0
0.0,0.001,-1.5120380299372805e-08,8.084397349092696e-17,0.0,8.333333333333333e-05,0.0
0.0,0.00125,-9.904615581035614e-11,8.084397349092696e-17,8.333333333333333e-05,-7.894919286223336e-20,0.0
0.0,0.0008333333333333334,-4.7132036545210415e-11,8.084397349092696e-17,0.0,-7.894919286223336e-20,0.0
0.0,0.0015,-5.670525651011202e-11,8.084397349092696e-17,-8.333333333333333e-05,-7.894919286223336e-20,0.0
0.0,0.0005000000000006467,-2.8072908106777402e-11,8.084397349092696e-17,-8.084397349092696e-17,-7.894919286223336e-20,0.0
0.0,0.0014166666666666668,-1.2423455094297727e-11,-0.00016666666666666666,8.084397349092696e-17,-7.894919286223336e-20,0.0
0.0,0.0010833333333326867,6.24891577495469e-12,-0.00016666666666666666,0.0,-7.894919286223336e-20,0.0
0.0,0.0005833333333333334,-3.251867989699046e-11,0.0,8.084397349092696e-17,-7.894919286223336e-20,0.0
0.0,0.0009166666666673134,1.5432791163523992e-11,-0.00016666666666666666,-8.084397349092696e-17,-7.894919286223336e-20,0.0
0.0,0.0004166666666673134,4.256273516350323e-12,0.0,-8.333333333333333e-05,-7.894919286223336e-20,0.0
0.0,0.0010833333333339801,-3.257494730254014e-11,0.0,-8.333333333333333e-05,-7.894919286223336e-20,0.0
0.0,0.00025,-1.378680786324872e-11,0.0,8.084397349092696e-17,-7.894919286223336e-20,0.0
0.0,0.0003333333333333333,-1.8345114464561144e-11,0.0,8.084397349092696e-17,-7.894919286223336e-20,0.0
0.0,0.0013333333333326867,0.008582563055516221,0.0,8.084397349092696e-17,8.333333333333333e-05,0.0
0.0,0.0015833333333333333,-2.121669240295887e-11,-0.00016666666666666666,8.084397349092696e-17,-7.894919286223336e-20,0.0
0.0,0.0011666666666666668,-6.358281502293215e-11,0.0,0.0,-7.894919286223336e-20,0.0
0.0,-0.00025,1.3589548567930857e-11,0.0,0.0,-7.894919286223336e-20,0.0
0.0,-0.00075,9.443675581779744e-11,0.0,-0.00016666666666666666,-7.894919286223336e-20,0.0
0.0,-0.00375,0.008582566716338948,0.0,8.084397349092696e-17,8.333333333333333e-05,0.0
0.0,0.0018333333333333333,-7.323752571311262e-11,0.0,-8.333333333333333e-05,-7.894919286223336e-20,0.0
0.0,8.333333333333333e-05,1.4465840326415168e-08,0.0,-8.084397349092696e-17,-8.333333333333333e-05,0.0
0.0,0.0011666666666666668,-8.979501823584238e-11,0.0,8.333333333333333e-05,-7.894919286223336e-20,0.0
0.0,-0.0008333333333333334,0.008582570464319239,0.0,8.084397349092696e-17,8.333333333333333e-05,0.0
0.0,0.0009166666666666666,-4.962720494303438e-11,0.0,8.084397349092696e-17,-7.894919286223336e-20,0.0
0.0,0.014333333333333333,-7.668464806758696e-10,0.0,0.0,0.0,0.0
0.0,0.001111111111107518,-4.9372312877281214e-11,0.0,0.0,0.0,0.0
0.0,-7.936507936566599e-05,4.918364027520216e-11,0.0,-0.00015873015873023205,0.0,0.0
0.0,-0.00015873015873015873,6.242782632149446e-11,-0.0001587301587300854,0.0,0.0,0.0
0.0,-0.0007509157509157509,2.2796629857386923e-11,-3.663003663003663e-05,9.157509157516773e-05,-3.718172348299844e-20,0.0
0.0,0.00016666666666537315,2.0004032800594964e-12,-0.00016666666666666666,0.00016666666666666666,-7.894919286223336e-20,0.0
0.0,-0.0003333333333333333,-1.3086663481468956e-08,-1.6168794698185392e-16,1.6168794698185392e-16,8.333333333333333e-05,0.0
0.0,-0.0005555555555555556,1.3284201878129374e-10,0.0,-0.00037037037037037035,0.0,0.0
0.0,0.00031746031746031746,-1.1559228984647027e-10,0.00015873015873023205,0.00015873015873015873,0.0,0.0
