timestamp,prediction
2025-07-09 21:49:55,0.0000
2025-07-09 22:00:00,0.0000
2025-07-09 22:10:00,0.0000
2025-07-09 22:20:00,0.0000
2025-07-09 22:30:00,0.0000
2025-07-09 22:40:00,0.0000
2025-07-09 22:50:00,0.0000
2025-07-09 23:00:00,0.0000
2025-07-09 23:10:00,0.0000
2025-07-09 23:20:00,0.0000
2025-07-09 23:30:00,0.0000
2025-07-09 23:40:00,0.0000
2025-07-09 23:42:21,444.5006
2025-07-09 23:50:00,3616.3754
2025-07-09 23:55:21,0.0000
2025-07-10 00:00:00,0.0000
2025-07-10 00:06:25,52.7482
2025-07-10 00:10:00,5687.5544
2025-07-10 00:12:00,3117.1707
2025-07-10 00:13:00,3123.6355
2025-07-10 00:14:00,3093.7562
2025-07-10 00:15:00,3090.8756
2025-07-10 00:16:00,3083.3930
2025-07-10 00:17:00,2981.0317
2025-07-10 00:17:16,0.0000
2025-07-10 00:18:00,0.0000
2025-07-10 00:19:00,0.0000
2025-07-10 00:20:00,0.0000
2025-07-10 00:21:00,0.0000
2025-07-10 00:22:00,0.0000
2025-07-10 00:23:00,0.0000
2025-07-10 00:24:00,0.0000
2025-07-10 00:25:00,0.0000
2025-07-10 00:26:00,0.0000
2025-07-10 00:26:41,455.2875
2025-07-10 00:27:00,455.2875
2025-07-10 00:28:00,1714.7018
2025-07-10 00:29:00,3869.1743
2025-07-10 00:30:00,3332.0020
2025-07-10 00:31:00,2882.9493
2025-07-10 00:32:00,4743.4614
2025-07-10 00:33:00,4762.6034
2025-07-10 00:34:00,4772.5271
2025-07-10 00:35:00,5841.6294
2025-07-10 00:36:00,5841.4927
2025-07-10 00:37:00,5841.5089
2025-07-10 00:38:00,5841.5062
2025-07-10 00:39:00,5841.4904
2025-07-10 00:40:00,5869.7228
2025-07-10 00:41:00,5870.0349
2025-07-10 00:42:00,5870.1445
2025-07-10 00:43:00,5870.3916
2025-07-10 00:44:00,5870.3102
2025-07-10 00:45:00,5870.7774
2025-07-10 00:46:00,5870.7600
2025-07-10 00:47:00,5870.6930
2025-07-10 00:48:00,5870.7039
2025-07-10 00:49:00,5870.4955
2025-07-10 00:50:00,5870.7275
2025-07-10 00:51:00,5870.4404
2025-07-10 00:52:00,5870.2940
2025-07-10 00:53:00,5870.5496
2025-07-10 00:54:00,5870.1348
2025-07-10 00:55:00,5870.1833
2025-07-10 00:56:00,5870.0901
2025-07-10 00:57:00,5869.9934
2025-07-10 00:58:00,5869.9068
2025-07-10 00:59:00,5869.9211
2025-07-10 01:00:00,5869.9056
2025-07-10 01:01:00,5869.9100
2025-07-10 01:02:00,5869.9363
2025-07-10 01:03:00,5869.9194
2025-07-10 01:04:00,5869.9418
2025-07-10 01:05:00,5869.9598
2025-07-10 01:06:00,5869.9481
2025-07-10 01:07:00,5869.9551
2025-07-10 01:08:00,5869.9677
2025-07-10 01:09:00,5869.9704
2025-07-10 01:10:00,5869.9852
2025-07-10 01:11:00,5869.9843
2025-07-10 01:12:00,5870.0029
2025-07-10 01:13:00,5870.0085
2025-07-10 01:14:00,5870.0108
2025-07-10 01:15:00,5869.9924
2025-07-10 01:16:00,5870.0079
2025-07-10 01:17:00,5870.0230
2025-07-10 01:18:00,5870.0244
2025-07-10 01:19:00,5870.0251
2025-07-10 01:20:00,5870.0419
2025-07-10 01:21:00,5870.0277
2025-07-10 01:22:00,5870.0294
2025-07-10 01:23:00,5870.0283
2025-07-10 01:24:00,5870.0390
2025-07-10 01:25:00,5870.0420
2025-07-10 01:26:00,5870.0757
2025-07-10 01:27:00,5870.0762
2025-07-10 01:28:00,5870.0820
2025-07-10 01:29:00,5870.0886
2025-07-10 01:30:00,5870.0994
2025-07-10 01:31:00,5870.1031
2025-07-10 01:32:00,5870.1010
2025-07-10 01:33:00,5870.0983
2025-07-10 01:34:00,5870.1026
2025-07-10 01:35:00,5870.1012
2025-07-10 01:36:00,5870.1118
2025-07-10 01:37:00,5870.1168
2025-07-10 01:38:00,5870.1347
2025-07-10 01:39:00,5870.1366
2025-07-10 01:40:00,5870.1233
2025-07-10 01:41:00,5870.1318
2025-07-10 01:42:00,5870.1359
2025-07-10 01:43:00,5870.1440
2025-07-10 01:44:00,5870.1514
2025-07-10 01:45:00,5870.1451
2025-07-10 01:46:00,5870.0475
2025-07-10 01:47:00,5870.0417
2025-07-10 01:48:00,5870.0322
2025-07-10 01:49:00,5870.0319
2025-07-10 01:50:00,5870.0485
2025-07-10 01:51:00,5870.0393
2025-07-10 01:52:00,5870.0377
2025-07-10 01:53:00,5870.0383
2025-07-10 01:54:00,5870.0401
2025-07-10 01:55:00,5870.0640
2025-07-10 01:56:00,5870.0535
2025-07-10 01:57:00,5870.0530
2025-07-10 01:58:00,5870.0509
2025-07-10 01:59:00,5870.0538
2025-07-10 02:00:00,5870.0380
2025-07-10 02:01:00,5870.0531
2025-07-10 02:02:00,5870.0442
2025-07-10 02:03:00,5870.0582
2025-07-10 02:04:00,5870.0531
2025-07-10 02:05:00,5870.0546
2025-07-10 02:06:00,5870.0722
2025-07-10 02:07:00,5870.0438
2025-07-10 02:08:00,5870.0552
2025-07-10 02:09:00,5870.0543
2025-07-10 02:10:00,5870.0566
2025-07-10 02:11:00,5870.0447
2025-07-10 02:12:00,5870.0572
2025-07-10 02:13:00,5870.0561
2025-07-10 02:14:00,5870.0537
2025-07-10 02:15:00,5870.0564
2025-07-10 02:16:00,5870.0427
2025-07-10 02:17:00,5870.0446
2025-07-10 02:18:00,5870.0546
2025-07-10 02:19:00,5870.0495
2025-07-10 02:20:00,5870.0573
2025-07-10 02:21:00,5870.0626
2025-07-10 02:22:00,5870.0549
2025-07-10 02:23:00,5870.0575
2025-07-10 02:24:00,5870.0524
2025-07-10 02:25:00,5870.0612
2025-07-10 02:26:00,5870.0462
2025-07-10 02:27:00,5870.0492
2025-07-10 02:28:00,5870.0467
2025-07-10 02:29:00,5870.0449
2025-07-10 02:30:00,5870.0548
2025-07-10 02:31:00,5870.0474
2025-07-10 02:32:00,5870.0521
2025-07-10 02:33:00,5870.0581
2025-07-10 02:34:00,5870.0459
2025-07-10 02:35:00,5870.0598
2025-07-10 02:36:00,5870.0485
2025-07-10 02:37:00,5870.0581
2025-07-10 02:38:00,5870.0435
2025-07-10 02:39:00,5870.0485
2025-07-10 02:40:00,5870.0579
2025-07-10 02:41:00,5870.0693
2025-07-10 02:42:00,5870.0559
2025-07-10 02:43:00,5870.0584
2025-07-10 02:44:00,5870.0523
2025-07-10 02:45:00,5870.0570
2025-07-10 02:46:00,5870.0565
2025-07-10 02:47:00,5870.0448
2025-07-10 02:48:00,5870.0592
2025-07-10 02:49:00,5870.0547
2025-07-10 02:50:00,5870.0579
2025-07-10 02:51:00,5870.0433
2025-07-10 02:52:00,5870.0462
2025-07-10 02:53:00,5870.0538
2025-07-10 02:54:00,5870.0639
2025-07-10 02:55:00,5870.0540
2025-07-10 02:56:00,5870.0438
2025-07-10 02:57:00,5870.0580
2025-07-10 02:58:00,5870.0538
2025-07-10 02:59:00,5870.0422
2025-07-10 03:00:00,5870.0455
2025-07-10 03:01:00,5870.0547
2025-07-10 03:02:00,5870.0568
2025-07-10 03:03:00,5870.0576
2025-07-10 03:04:00,5870.0422
2025-07-10 03:05:00,5870.0445
2025-07-10 03:06:00,5870.0460
2025-07-10 03:07:00,5870.0412
2025-07-10 03:08:00,5870.0307
2025-07-10 03:09:00,5870.0356
2025-07-10 03:10:00,5870.0444
2025-07-10 03:11:00,5870.0340
2025-07-10 03:12:00,5870.0436
2025-07-10 03:13:00,5870.0434
2025-07-10 03:14:00,5870.0417
2025-07-10 03:15:00,5870.0458
2025-07-10 03:16:00,5870.0473
2025-07-10 03:17:00,5870.0407
2025-07-10 03:18:00,5870.0363
2025-07-10 03:19:00,5870.0466
2025-07-10 03:20:00,5870.0302
2025-07-10 03:21:00,5870.0476
2025-07-10 03:22:00,5870.0345
2025-07-10 03:23:00,5870.0329
2025-07-10 03:24:00,5870.0376
2025-07-10 03:25:00,5870.0469
2025-07-10 03:26:00,5870.0470
2025-07-10 03:27:00,5870.0346
2025-07-10 03:28:00,5870.0335
2025-07-10 03:29:00,5870.0391
2025-07-10 03:30:00,5870.0316
2025-07-10 03:31:00,5870.0338
2025-07-10 03:32:00,5870.0329
2025-07-10 03:33:00,5870.0344
2025-07-10 03:34:00,5870.0237
2025-07-10 03:35:00,5870.0322
2025-07-10 03:36:00,5870.0304
2025-07-10 03:37:00,5870.0339
2025-07-10 03:38:00,5870.0229
2025-07-10 03:39:00,5870.0350
2025-07-10 03:40:00,5870.0310
2025-07-10 03:41:00,5870.0352
2025-07-10 03:42:00,5870.0324
2025-07-10 03:43:00,5870.0358
2025-07-10 03:44:00,5870.0330
2025-07-10 03:45:00,5870.0218
2025-07-10 03:46:00,5870.0357
2025-07-10 03:47:00,5870.0299
2025-07-10 03:48:00,5870.0217
2025-07-10 03:49:00,5870.0180
2025-07-10 03:50:00,5870.0356
2025-07-10 03:51:00,5870.0212
2025-07-10 03:52:00,5870.0203
2025-07-10 03:53:00,5870.0202
2025-07-10 03:54:00,5870.0482
2025-07-10 03:55:00,5870.0328
2025-07-10 03:56:00,5870.0290
2025-07-10 03:57:00,5870.0345
2025-07-10 03:58:00,5870.0194
2025-07-10 03:59:00,5870.0364
2025-07-10 04:00:00,5870.0331
2025-07-10 04:01:00,5870.0336
2025-07-10 04:02:00,5870.0232
2025-07-10 04:03:00,5870.0218
2025-07-10 04:04:00,5870.0213
2025-07-10 04:05:00,5870.0316
2025-07-10 04:06:00,5870.0205
2025-07-10 04:07:00,5870.0224
2025-07-10 04:08:00,5870.0314
2025-07-10 04:09:00,5870.0346
2025-07-10 04:10:00,5870.0320
2025-07-10 04:11:00,5870.0362
2025-07-10 04:12:00,5870.0363
2025-07-10 04:13:00,5870.0304
2025-07-10 04:14:00,5870.0346
2025-07-10 04:15:00,5870.0322
2025-07-10 04:16:00,5870.0220
2025-07-10 04:17:00,5870.0379
2025-07-10 04:18:00,5870.0352
2025-07-10 04:19:00,5870.0205
2025-07-10 04:20:00,5870.0345
2025-07-10 04:21:00,5870.0262
2025-07-10 04:22:00,5870.0280
2025-07-10 04:23:00,5870.0239
2025-07-10 04:24:00,5870.0220
2025-07-10 04:25:00,5870.0219
2025-07-10 04:26:00,5870.0243
2025-07-10 04:27:00,5870.0304
2025-07-10 04:28:00,5870.0229
2025-07-10 04:29:00,5870.0286
2025-07-10 04:30:00,5870.0232
2025-07-10 04:31:00,5870.0256
2025-07-10 04:32:00,5870.0255
2025-07-10 04:33:00,5870.0123
2025-07-10 04:34:00,5870.0233
2025-07-10 04:35:00,5870.0357
2025-07-10 04:36:00,5870.0368
2025-07-10 04:37:00,5870.0274
2025-07-10 04:38:00,5870.0345
2025-07-10 04:39:00,5870.0263
2025-07-10 04:40:00,5870.0240
2025-07-10 04:41:00,5870.0343
2025-07-10 04:42:00,5870.0250
2025-07-10 04:43:00,5870.0276
2025-07-10 04:44:00,5870.0247
2025-07-10 04:45:00,5870.0269
2025-07-10 04:46:00,5870.0225
2025-07-10 04:47:00,5870.0260
2025-07-10 04:48:00,5870.0248
2025-07-10 04:49:00,5870.0267
2025-07-10 04:50:00,5870.0213
2025-07-10 04:51:00,5870.0220
2025-07-10 04:52:00,5870.0272
2025-07-10 04:53:00,5870.0131
2025-07-10 04:54:00,5870.0257
2025-07-10 04:55:00,5870.0127
2025-07-10 04:56:00,5870.0252
2025-07-10 04:57:00,5870.0242
2025-07-10 04:58:00,5870.0318
2025-07-10 04:59:00,5870.0149
2025-07-10 05:00:00,5870.0144
2025-07-10 05:01:00,5870.0154
2025-07-10 05:02:00,5870.0271
2025-07-10 05:03:00,5870.0265
2025-07-10 05:04:00,5870.0140
2025-07-10 05:05:00,5870.0265
2025-07-10 05:06:00,5870.0303
2025-07-10 05:07:00,5870.0155
2025-07-10 05:08:00,5870.0282
2025-07-10 05:09:00,5870.0143
2025-07-10 05:10:00,5870.0267
2025-07-10 05:11:00,5870.0174
2025-07-10 05:12:00,5870.0123
2025-07-10 05:13:00,5870.0310
2025-07-10 05:14:00,5870.0146
2025-07-10 05:15:00,5870.0142
2025-07-10 05:16:00,5870.0152
2025-07-10 05:17:00,5870.0157
2025-07-10 05:18:00,5870.0158
2025-07-10 05:19:00,5870.0244
2025-07-10 05:20:00,5870.0185
2025-07-10 05:21:00,5870.0161
2025-07-10 05:22:00,5870.0206
2025-07-10 05:23:00,5870.0300
2025-07-10 05:24:00,5870.0286
2025-07-10 05:25:00,5870.0268
2025-07-10 05:26:00,5870.0273
2025-07-10 05:27:00,5870.0236
2025-07-10 05:28:00,5870.0289
2025-07-10 05:29:00,5870.0181
2025-07-10 05:30:00,5870.0308
2025-07-10 05:31:00,5870.0161
2025-07-10 05:32:00,5870.0186
2025-07-10 05:33:00,5870.0173
2025-07-10 05:34:00,5870.0237
2025-07-10 05:35:00,5870.0142
2025-07-10 05:36:00,5870.0510
2025-07-10 05:37:00,5870.0321
2025-07-10 05:38:00,5870.0275
2025-07-10 05:39:00,5870.0260
2025-07-10 05:40:00,5870.0135
2025-07-10 05:41:00,5870.0150
2025-07-10 05:42:00,5870.0237
2025-07-10 05:43:00,5870.0219
2025-07-10 05:44:00,5870.0290
2025-07-10 05:45:00,5870.0292
2025-07-10 05:46:00,5870.0401
2025-07-10 05:47:00,5870.0274
2025-07-10 05:48:00,5870.0309
2025-07-10 05:49:00,5870.0269
2025-07-10 05:50:00,5870.0187
2025-07-10 05:51:00,5870.0165
2025-07-10 05:52:00,5870.0293
2025-07-10 05:53:00,5870.0261
2025-07-10 05:54:00,5870.0179
2025-07-10 05:55:00,5870.0172
2025-07-10 05:56:00,5870.0308
2025-07-10 05:57:00,5870.0151
2025-07-10 05:58:00,5870.0188
2025-07-10 05:59:00,5870.0143
2025-07-10 06:00:00,5870.0169
2025-07-10 06:01:00,5870.0130
2025-07-10 06:02:00,5870.0162
2025-07-10 06:03:00,5870.0288
2025-07-10 06:04:00,5870.0168
2025-07-10 06:05:00,5870.0004
2025-07-10 06:06:00,5870.0168
2025-07-10 06:07:00,5870.0183
2025-07-10 06:08:00,5870.0185
2025-07-10 06:09:00,5870.0111
2025-07-10 06:10:00,5870.0023
2025-07-10 06:11:00,5870.0144
2025-07-10 06:12:00,5870.0021
2025-07-10 06:13:00,5870.0169
2025-07-10 06:14:00,5870.0047
2025-07-10 06:15:00,5870.0036
2025-07-10 06:16:00,5870.0181
2025-07-10 06:17:00,5870.0052
2025-07-10 06:18:00,5870.0038
2025-07-10 06:19:00,5869.9991
2025-07-10 06:20:00,5869.9898
2025-07-10 06:21:00,5870.0211
2025-07-10 06:22:00,5870.0106
2025-07-10 06:23:00,5870.0177
2025-07-10 06:24:00,5870.0002
2025-07-10 06:25:00,5870.0038
2025-07-10 06:26:00,5870.0067
2025-07-10 06:27:00,5869.9889
2025-07-10 06:28:00,5870.0015
2025-07-10 06:29:00,5869.9991
2025-07-10 06:30:00,5870.0044
2025-07-10 06:31:00,5870.0056
2025-07-10 06:32:00,5870.0026
2025-07-10 06:33:00,5869.9915
2025-07-10 06:34:00,5869.9923
2025-07-10 06:35:00,5870.0003
2025-07-10 06:36:00,5870.0000
2025-07-10 06:37:00,5870.0061
2025-07-10 06:38:00,5869.9882
2025-07-10 06:39:00,5869.9864
2025-07-10 06:40:00,5870.0013
2025-07-10 06:41:00,5870.0012
2025-07-10 06:42:00,5869.9907
2025-07-10 06:43:00,5869.9904
2025-07-10 06:44:00,5869.9888
2025-07-10 06:45:00,5870.0025
2025-07-10 06:46:00,5869.9913
2025-07-10 06:47:00,5869.9866
2025-07-10 06:48:00,5869.9868
2025-07-10 06:49:00,5870.0008
2025-07-10 06:50:00,5870.0014
2025-07-10 06:51:00,5869.9907
2025-07-10 06:52:00,5869.9891
2025-07-10 06:53:00,5869.9875
2025-07-10 06:54:00,5870.0044
2025-07-10 06:55:00,5870.0034
2025-07-10 06:56:00,5870.0004
2025-07-10 06:57:00,5869.9886
2025-07-10 06:58:00,5869.9880
2025-07-10 06:59:00,5869.9884
2025-07-10 07:00:00,5869.9888
2025-07-10 07:01:00,5869.9897
2025-07-10 07:02:00,5869.9914
2025-07-10 07:03:00,5870.0067
2025-07-10 07:04:00,5870.0031
2025-07-10 07:05:00,5869.9888
2025-07-10 07:06:00,5870.0035
2025-07-10 07:07:00,5869.9874
2025-07-10 07:08:00,5869.9922
2025-07-10 07:09:00,5869.9898
2025-07-10 07:10:00,5869.9925
2025-07-10 07:11:00,5869.9897
2025-07-10 07:12:00,5869.9874
2025-07-10 07:13:00,5869.9973
2025-07-10 07:14:00,5870.0014
2025-07-10 07:15:00,5869.9864
2025-07-10 07:16:00,5869.9989
2025-07-10 07:17:00,5869.9884
2025-07-10 07:18:00,5870.0378
2025-07-10 07:19:00,5869.9993
2025-07-10 07:20:00,5870.0145
2025-07-10 07:21:00,5869.9995
2025-07-10 07:22:00,5869.9997
2025-07-10 07:23:00,5870.0014
2025-07-10 07:24:00,5869.9901
2025-07-10 07:25:00,5869.9854
2025-07-10 07:26:00,5869.9888
2025-07-10 07:27:00,5869.9892
2025-07-10 07:28:00,5869.9995
2025-07-10 07:29:00,5869.9940
2025-07-10 07:30:00,5869.9997
2025-07-10 07:31:00,5869.9835
2025-07-10 07:32:00,5869.9873
2025-07-10 07:33:00,5869.9913
2025-07-10 07:34:00,5869.9861
2025-07-10 07:35:00,5869.9899
2025-07-10 07:36:00,5869.9797
2025-07-10 07:37:00,5869.9861
2025-07-10 07:38:00,5869.9744
2025-07-10 07:39:00,5869.9910
2025-07-10 07:40:00,5869.9792
2025-07-10 07:41:00,5869.9860
2025-07-10 07:42:00,5869.9896
2025-07-10 07:43:00,5869.9867
2025-07-10 07:44:00,5869.9889
2025-07-10 07:45:00,5869.9857
2025-07-10 07:46:00,5869.9909
2025-07-10 07:47:00,5869.9877
2025-07-10 07:48:00,5869.9873
2025-07-10 07:49:00,5869.9877
2025-07-10 07:50:00,5869.9909
2025-07-10 07:51:00,5869.9840
2025-07-10 07:52:00,5869.9895
2025-07-10 07:53:00,5869.9874
2025-07-10 07:54:00,5869.9911
2025-07-10 07:55:00,5869.9872
2025-07-10 07:56:00,5869.9742
2025-07-10 07:57:00,5869.9754
2025-07-10 07:58:00,5869.9694
2025-07-10 07:59:00,5869.9881
2025-07-10 08:00:00,5869.9727
2025-07-10 08:01:00,5869.9729
2025-07-10 08:02:00,5869.9802
2025-07-10 08:03:00,5869.9764
2025-07-10 08:04:00,5869.9860
2025-07-10 08:05:00,5869.9869
2025-07-10 08:06:00,5869.9886
2025-07-10 08:07:00,5869.9755
2025-07-10 08:08:00,5869.9872
2025-07-10 08:09:00,5869.9858
2025-07-10 08:10:00,5869.9726
2025-07-10 08:11:00,5869.9856
2025-07-10 08:12:00,5869.9881
2025-07-10 08:13:00,5869.9899
2025-07-10 08:14:00,5869.9888
2025-07-10 08:15:00,5869.9858
2025-07-10 08:16:00,5869.9778
2025-07-10 08:17:00,5869.9830
2025-07-10 08:18:00,5869.9881
2025-07-10 08:19:00,5869.9791
2025-07-10 08:20:00,5869.9897
2025-07-10 08:21:00,5869.9865
2025-07-10 08:22:00,5869.9834
2025-07-10 08:23:00,5869.9886
2025-07-10 08:24:00,5869.9768
2025-07-10 08:25:00,5869.9861
2025-07-10 08:26:00,5869.9862
2025-07-10 08:27:00,5869.9832
2025-07-10 08:28:00,5869.9721
2025-07-10 08:29:00,5869.9878
2025-07-10 08:30:00,5869.9881
2025-07-10 08:31:00,5869.9729
2025-07-10 08:32:00,5869.9839
2025-07-10 08:33:00,5869.9829
2025-07-10 08:34:00,5869.9855
2025-07-10 08:35:00,5869.9739
2025-07-10 08:36:00,5869.9726
2025-07-10 08:37:00,5869.9727
2025-07-10 08:38:00,5869.9742
2025-07-10 08:39:00,5869.9863
2025-07-10 08:40:00,5869.9839
2025-07-10 08:41:00,5869.9702
2025-07-10 08:42:00,5869.9737
2025-07-10 08:43:00,5869.9714
2025-07-10 08:44:00,5869.9681
2025-07-10 08:45:00,5869.9878
2025-07-10 08:46:00,5869.9582
2025-07-10 08:47:00,5869.9735
2025-07-10 08:48:00,5869.9700
2025-07-10 08:49:00,5869.9695
2025-07-10 08:50:00,5869.9746
2025-07-10 08:51:00,5869.9730
2025-07-10 08:52:00,5869.9712
2025-07-10 08:53:00,5869.9705
2025-07-10 08:54:00,5869.9700
2025-07-10 08:55:00,5869.9685
2025-07-10 08:56:00,5869.9738
2025-07-10 08:57:00,5869.9549
2025-07-10 08:58:00,5869.9722
2025-07-10 08:59:00,5869.9681
2025-07-10 09:00:00,5869.9674
2025-07-10 09:01:00,5869.9570
2025-07-10 09:02:00,5869.9692
2025-07-10 09:03:00,5869.9533
2025-07-10 09:04:00,5869.9595
2025-07-10 09:05:00,5869.9714
2025-07-10 09:06:00,5869.9576
2025-07-10 09:07:00,5869.9556
2025-07-10 09:08:00,5869.9531
2025-07-10 09:09:00,5869.9588
2025-07-10 09:10:00,5869.9694
2025-07-10 09:11:00,5869.9645
2025-07-10 09:12:00,5869.9670
2025-07-10 09:13:00,5869.9697
2025-07-10 09:14:00,5869.9528
2025-07-10 09:15:00,5869.9666
2025-07-10 09:16:00,5869.9674
2025-07-10 09:17:00,5869.9558
2025-07-10 09:18:00,5869.9528
2025-07-10 09:19:00,5869.9729
2025-07-10 09:20:00,5869.9565
2025-07-10 09:21:00,5869.9783
2025-07-10 09:22:00,5869.9675
2025-07-10 09:23:00,5869.9602
2025-07-10 09:24:00,5869.9677
2025-07-10 09:25:00,5869.9688
2025-07-10 09:26:00,5869.9644
2025-07-10 09:27:00,5869.9545
2025-07-10 09:28:00,5869.9577
2025-07-10 09:29:00,5869.9699
2025-07-10 09:30:00,5869.9535
2025-07-10 09:31:00,5869.9539
2025-07-10 09:32:00,5869.9533
2025-07-10 09:33:00,5869.9669
2025-07-10 09:34:00,5869.9665
2025-07-10 09:35:00,5869.9681
2025-07-10 09:36:00,5869.9642
2025-07-10 09:37:00,5869.9654
2025-07-10 09:38:00,5869.9702
2025-07-10 09:39:00,5869.9668
2025-07-10 09:40:00,5869.9671
2025-07-10 09:41:00,5869.9491
2025-07-10 09:42:00,5869.9655
2025-07-10 09:43:00,5869.9587
2025-07-10 09:44:00,5869.9661
2025-07-10 09:45:00,5869.9708
2025-07-10 09:46:00,5869.9508
2025-07-10 09:47:00,5869.9531
2025-07-10 09:48:00,5869.9516
2025-07-10 09:49:00,5869.9731
2025-07-10 09:50:00,5869.9560
2025-07-10 09:51:00,5869.9682
2025-07-10 09:52:00,5869.9605
2025-07-10 09:53:00,5869.9649
2025-07-10 09:54:00,5869.9498
2025-07-10 09:55:00,5869.9528
2025-07-10 09:56:00,5869.9496
2025-07-10 09:57:00,5869.9524
2025-07-10 09:58:00,5869.9506
2025-07-10 09:59:00,5869.9516
2025-07-10 10:00:00,5869.9629
2025-07-10 10:01:00,5869.9497
2025-07-10 10:02:00,5869.9331
2025-07-10 10:03:00,5869.9694
2025-07-10 10:04:00,5869.9510
2025-07-10 10:05:00,5869.9492
2025-07-10 10:06:00,5869.9502
2025-07-10 10:07:00,5869.9638
2025-07-10 10:08:00,5869.9633
2025-07-10 10:09:00,5869.9666
2025-07-10 10:10:00,5869.9632
2025-07-10 10:11:00,5869.9608
2025-07-10 10:12:00,5869.9635
2025-07-10 10:13:00,5869.9647
2025-07-10 10:14:00,5869.9520
2025-07-10 10:15:00,5869.9613
2025-07-10 10:16:00,5869.9502
2025-07-10 10:17:00,5869.9488
2025-07-10 10:18:00,5869.9649
2025-07-10 10:19:00,5869.9611
2025-07-10 10:20:00,5869.9514
2025-07-10 10:21:00,5869.9526
2025-07-10 10:22:00,5869.9609
2025-07-10 10:23:00,5869.9516
2025-07-10 10:24:00,5869.9576
2025-07-10 10:25:00,5869.9482
2025-07-10 10:26:00,5869.9527
2025-07-10 10:27:00,5869.9659
2025-07-10 10:28:00,5869.9486
2025-07-10 10:29:00,5869.9621
2025-07-10 10:30:00,5869.9500
2025-07-10 10:31:00,5869.9485
2025-07-10 10:32:00,5869.9344
2025-07-10 10:33:00,5869.9461
2025-07-10 10:34:00,5869.9596
2025-07-10 10:35:00,5869.9484
2025-07-10 10:36:00,5869.9463
2025-07-10 10:37:00,5869.9469
2025-07-10 10:38:00,5869.9434
2025-07-10 10:39:00,5869.9453
2025-07-10 10:40:00,5869.9656
2025-07-10 10:41:00,5869.9345
2025-07-10 10:42:00,5869.9461
2025-07-10 10:43:00,5869.9471
2025-07-10 10:44:00,5869.9456
2025-07-10 10:45:00,5869.9484
2025-07-10 10:46:00,5869.9305
2025-07-10 10:47:00,5869.9436
2025-07-10 10:48:00,5869.9435
2025-07-10 10:49:00,5869.9462
2025-07-10 10:50:00,5869.9465
2025-07-10 10:51:00,5869.9479
2025-07-10 10:52:00,5869.9495
2025-07-10 10:53:00,5869.9444
2025-07-10 10:54:00,5869.9502
2025-07-10 10:55:00,5869.9298
2025-07-10 10:56:00,5869.9286
2025-07-10 10:57:00,5869.9451
2025-07-10 10:58:00,5869.9444
2025-07-10 10:59:00,5869.9298
2025-07-10 11:00:00,5869.9324
2025-07-10 11:01:00,5869.9420
2025-07-10 11:02:00,5869.9335
2025-07-10 11:03:00,5869.9441
2025-07-10 11:04:00,5869.9398
2025-07-10 11:05:00,5869.9315
2025-07-10 11:06:00,5870.0406
2025-07-10 11:07:00,5869.9396
2025-07-10 11:08:00,5869.9333
2025-07-10 11:09:00,5869.9416
2025-07-10 11:10:00,5869.9298
2025-07-10 11:11:00,5869.9274
2025-07-10 11:12:00,5869.9274
2025-07-10 11:13:00,5869.9474
2025-07-10 11:14:00,5869.9321
2025-07-10 11:15:00,5869.9345
2025-07-10 11:16:00,5869.9329
2025-07-10 11:17:00,5869.9407
2025-07-10 11:18:00,5869.9432
2025-07-10 11:19:00,5869.9341
2025-07-10 11:20:00,5869.9260
2025-07-10 11:21:00,5869.9245
2025-07-10 11:22:00,5869.9287
2025-07-10 11:23:00,5869.9399
2025-07-10 11:24:00,5869.9255
2025-07-10 11:25:00,5869.9256
2025-07-10 11:26:00,5869.9091
2025-07-10 11:27:00,5869.9436
2025-07-10 11:28:00,5869.9752
2025-07-10 11:29:00,5869.9252
2025-07-10 11:30:00,5869.9236
2025-07-10 11:31:00,5869.9651
2025-07-10 11:32:00,5869.9116
2025-07-10 11:33:00,5869.9248
2025-07-10 11:34:00,5870.0268
2025-07-10 11:35:00,5869.9185
2025-07-10 11:36:00,5870.0059
2025-07-10 11:37:00,5869.9273
2025-07-10 11:38:00,5869.9240
2025-07-10 11:39:00,5869.9110
2025-07-10 11:40:00,5869.9246
2025-07-10 11:41:00,5869.9815
2025-07-10 11:42:00,5869.9106
2025-07-10 11:43:00,5869.9383
2025-07-10 11:44:00,5869.9249
2025-07-10 11:45:00,5869.9816
2025-07-10 11:46:00,5869.9953
2025-07-10 11:47:00,5870.0023
2025-07-10 11:48:00,5869.9094
2025-07-10 11:49:00,5870.0350
2025-07-10 11:50:00,5869.9432
2025-07-10 11:51:00,5870.0500
2025-07-10 11:52:00,5870.0156
2025-07-10 11:53:00,5870.1397
2025-07-10 11:54:00,5869.9474
2025-07-10 11:55:00,5869.9235
2025-07-10 11:56:00,5869.9641
2025-07-10 11:56:24,5869.9267
2025-07-10 11:57:00,5870.0570
2025-07-10 11:58:00,5869.9235
2025-07-10 11:59:00,5869.9228
2025-07-10 12:00:00,5869.9845
2025-07-10 12:01:00,5869.9738
2025-07-10 12:02:00,5870.0049
2025-07-10 12:03:00,5870.0360
2025-07-10 12:04:00,5869.9843
2025-07-10 12:05:00,5870.0356
2025-07-10 12:06:00,5870.0046
2025-07-10 12:07:00,5869.9224
2025-07-10 12:08:00,5869.9740
2025-07-10 12:09:00,5869.9506
2025-07-10 12:10:00,5870.0569
2025-07-10 12:11:00,5870.0458
2025-07-10 12:12:00,5870.0435
2025-07-10 12:13:00,5869.9227
2025-07-10 12:14:00,5869.9425
2025-07-10 12:15:00,5870.1803
2025-07-10 12:16:00,5869.9835
2025-07-10 12:17:00,5869.9218
2025-07-10 12:18:00,5869.9840
2025-07-10 12:19:00,5869.9735
2025-07-10 12:20:00,5870.1186
2025-07-10 12:21:00,5869.9800
2025-07-10 12:22:00,5870.2533
2025-07-10 12:23:00,5870.0973
2025-07-10 12:24:00,5870.0458
2025-07-10 12:25:00,5870.1179
2025-07-10 12:26:00,5869.9442
2025-07-10 12:27:00,5869.9797
2025-07-10 12:28:00,5870.1062
2025-07-10 12:29:00,5870.0185
2025-07-10 12:30:00,5870.0844
2025-07-10 12:31:00,5870.2107
2025-07-10 12:32:00,5870.1797
2025-07-10 12:33:00,5870.1159
2025-07-10 12:34:00,5870.1267
2025-07-10 12:35:00,5870.1311
2025-07-10 12:36:00,5870.1294
2025-07-10 12:37:00,5870.2313
2025-07-10 12:38:00,5870.2211
2025-07-10 12:39:00,5870.2420
2025-07-10 12:40:00,5870.2112
2025-07-10 12:41:00,5870.0238
2025-07-10 12:42:00,5870.0138
2025-07-10 12:43:00,5870.0981
2025-07-10 12:44:00,5869.9931
2025-07-10 12:45:00,5870.1896
2025-07-10 12:46:00,5870.2413
2025-07-10 12:47:00,5870.1273
2025-07-10 12:48:00,5870.1291
2025-07-10 12:49:00,5870.0472
2025-07-10 12:50:00,5870.2202
2025-07-10 12:51:00,5870.3648
2025-07-10 12:52:00,5870.0137
2025-07-10 12:53:00,5870.1996
2025-07-10 12:54:00,5870.1483
2025-07-10 12:55:00,5870.3772
2025-07-10 12:56:00,5870.1155
2025-07-10 12:57:00,5870.2620
2025-07-10 12:58:00,5870.0027
2025-07-10 12:59:00,5870.2506
2025-07-10 13:00:00,5870.1156
2025-07-10 13:00:41,5870.4474
2025-07-10 13:01:00,5870.4474
2025-07-10 13:01:20,5870.1992
2025-07-10 13:02:00,5870.1992
2025-07-10 13:02:20,5870.3957
2025-07-10 13:03:00,5870.3957
2025-07-10 13:03:24,5870.0953
2025-07-10 13:04:00,5870.1060
2025-07-10 13:05:00,5870.3353
2025-07-10 13:06:00,5870.1474
2025-07-10 13:07:00,5870.1474
2025-07-10 13:08:00,5870.2196
2025-07-10 13:09:00,5870.1989
2025-07-10 13:10:00,5870.3142
2025-07-10 13:11:00,5870.3332
2025-07-10 13:12:00,5870.2094
2025-07-10 13:13:00,5870.2932
2025-07-10 13:13:22,5870.4260
2025-07-10 13:13:39,5870.1986
2025-07-10 13:14:00,5870.1877
2025-07-10 13:15:00,5870.2717
2025-07-10 13:16:00,5870.3038
2025-07-10 13:17:00,5870.3146
2025-07-10 13:18:00,5870.2195
2025-07-10 13:19:00,5870.2181
2025-07-10 13:20:00,5870.1990
2025-07-10 13:21:00,5870.1678
2025-07-10 13:22:00,5870.2500
2025-07-10 13:23:00,5870.2707
2025-07-10 13:24:00,5870.3019
2025-07-10 13:25:00,5870.2908
2025-07-10 13:26:00,5870.3212
2025-07-10 13:26:24,5870.4434
2025-07-10 13:27:00,5870.4364
2025-07-10 13:28:00,5870.3927
2025-07-10 13:28:20,5870.1580
2025-07-10 13:29:00,5870.1466
2025-07-10 13:30:00,5870.2596
2025-07-10 13:31:00,5870.3820
2025-07-10 13:32:00,5870.3637
2025-07-10 13:32:39,5870.4130
2025-07-10 13:33:00,5870.4130
2025-07-10 13:34:00,5870.3742
2025-07-10 13:35:00,5870.3032
2025-07-10 13:35:20,5870.1766
2025-07-10 13:36:00,5870.1766
2025-07-10 13:37:00,5870.3449
2025-07-10 13:38:00,5870.2712
2025-07-10 13:39:00,5870.3033
2025-07-10 13:39:23,5870.3970
2025-07-10 13:40:00,5870.4047
2025-07-10 13:41:00,5870.3240
2025-07-10 13:42:00,5870.3012
2025-07-10 13:43:00,5870.3027
2025-07-10 13:44:00,5870.2913
2025-07-10 13:44:23,5870.1759
2025-07-10 13:45:00,5870.1759
2025-07-10 13:46:00,5870.3226
2025-07-10 13:46:26,5870.4596
2025-07-10 13:47:00,5870.2815
2025-07-10 13:48:00,5870.3544
2025-07-10 13:49:00,5870.4490
2025-07-10 13:50:00,5870.3540
2025-07-10 13:51:00,5870.3019
2025-07-10 13:52:00,5870.4277
2025-07-10 13:53:00,5870.4799
2025-07-10 13:54:00,5870.4095
2025-07-10 13:55:00,5870.3561
2025-07-10 13:55:20,5870.2378
2025-07-10 13:56:00,5870.2800
2025-07-10 13:56:24,5870.4274
2025-07-10 13:57:00,5870.4199
2025-07-10 13:58:00,5870.3641
2025-07-10 13:58:16,5870.2061
2025-07-10 13:59:00,5870.1951
2025-07-10 13:59:38,5870.4411
2025-07-10 14:00:00,5870.4411
2025-07-10 14:00:19,5870.2269
2025-07-10 14:00:33,5870.6164
2025-07-10 14:01:00,5870.6164
2025-07-10 14:02:00,5870.3449
2025-07-10 14:02:10,5870.1839
2025-07-10 14:03:00,5870.1950
2025-07-10 14:03:21,5870.3848
2025-07-10 14:04:00,5870.3766
2025-07-10 14:05:00,5870.3768
2025-07-10 14:06:00,5870.3717
2025-07-10 14:06:18,5870.2891
2025-07-10 14:06:41,5870.5370
2025-07-10 14:07:00,5870.5370
2025-07-10 14:08:00,5870.4090
2025-07-10 14:08:24,5870.2583
2025-07-10 14:09:00,5870.2583
2025-07-10 14:09:22,5870.4620
2025-07-10 14:10:00,5870.4688
2025-07-10 14:11:00,5870.5841
2025-07-10 14:12:00,5870.3252
2025-07-10 14:12:03,5870.2270
2025-07-10 14:13:00,5870.3118
2025-07-10 14:13:22,5870.4587
2025-07-10 14:14:00,5870.4587
2025-07-10 14:15:00,5870.4087
2025-07-10 14:16:00,5870.4302
2025-07-10 14:17:00,5870.3338
2025-07-10 14:18:00,5870.4552
2025-07-10 14:19:00,5870.3635
2025-07-10 14:20:00,5870.4080
2025-07-10 14:21:00,5870.5046
2025-07-10 14:22:00,5870.4476
2025-07-10 14:23:00,5870.4984
2025-07-10 14:24:00,5870.5308
2025-07-10 14:25:00,5870.4300
2025-07-10 14:26:00,5870.4999
2025-07-10 14:27:00,5870.4233
2025-07-10 14:28:00,5870.5476
2025-07-10 14:29:00,5870.3738
2025-07-10 14:30:00,5870.5167
2025-07-10 14:31:00,5870.4437
2025-07-10 14:32:00,5870.5318
2025-07-10 14:33:00,5870.5416
2025-07-10 14:34:00,5870.4937
2025-07-10 14:35:00,5870.4188
2025-07-10 14:36:00,5870.4508
2025-07-10 14:37:00,5870.4399
2025-07-10 14:38:00,5870.5629
2025-07-10 14:39:00,5870.4188
2025-07-10 14:40:00,5870.4054
2025-07-10 14:41:00,5870.4999
2025-07-10 14:42:00,5870.6607
2025-07-10 14:43:00,5870.5360
2025-07-10 14:44:00,5870.4504
2025-07-10 14:45:00,5870.5788
2025-07-10 14:46:00,5870.4184
2025-07-10 14:47:00,5870.4827
2025-07-10 14:48:00,5870.5359
2025-07-10 14:49:00,5870.5363
2025-07-10 14:50:00,5870.5059
2025-07-10 14:51:00,5870.5310
2025-07-10 14:52:00,5870.4996
2025-07-10 14:53:00,5870.4433
2025-07-10 14:54:00,5870.6993
2025-07-10 14:55:00,5870.4506
2025-07-10 14:56:00,5870.6000
2025-07-10 14:57:00,5870.5192
2025-07-10 14:58:00,5870.7069
2025-07-10 14:59:00,5870.5408
2025-07-10 15:00:00,5870.5084
2025-07-10 15:01:00,5870.5893
2025-07-10 15:02:00,5870.6573
2025-07-10 15:03:00,5870.7539
2025-07-10 15:04:00,5870.5309
2025-07-10 15:05:00,5870.6466
2025-07-10 15:06:00,5870.7203
2025-07-10 15:07:00,5870.4605
2025-07-10 15:08:00,5870.5732
2025-07-10 15:09:00,5870.5408
2025-07-10 15:10:00,5870.6383
2025-07-10 15:11:00,5870.5619
2025-07-10 15:12:00,5870.5299
2025-07-10 15:13:00,5870.5512
2025-07-10 15:14:00,5870.6603
2025-07-10 15:15:00,5870.5463
2025-07-10 15:16:00,5870.6057
2025-07-10 15:17:00,5870.5097
2025-07-10 15:18:00,5870.7411
2025-07-10 15:19:00,5870.5882
2025-07-10 15:20:00,5870.6254
2025-07-10 15:21:00,5870.6885
2025-07-10 15:22:00,5870.4843
2025-07-10 15:23:00,5870.6569
2025-07-10 15:24:00,5870.6041
2025-07-10 15:25:00,5870.6250
2025-07-10 15:26:00,5870.6779
2025-07-10 15:27:00,5870.6042
2025-07-10 15:28:00,5870.7305
2025-07-10 15:29:00,5870.7200
2025-07-10 15:30:00,5870.7515
2025-07-10 15:31:00,5870.6147
2025-07-10 15:32:00,5870.6252
2025-07-10 15:33:00,5870.8055
2025-07-10 15:34:00,5870.7936
2025-07-10 15:35:00,5870.7516
2025-07-10 15:36:00,5870.6675
2025-07-10 15:37:00,5870.6397
2025-07-10 15:38:00,5870.7434
2025-07-10 15:39:00,5870.6501
2025-07-10 15:40:00,5870.6356
2025-07-10 15:41:00,5870.7228
2025-07-10 15:42:00,5870.7123
2025-07-10 15:43:00,5870.5981
2025-07-10 15:44:00,5870.7094
2025-07-10 15:45:00,5870.7725
2025-07-10 15:46:00,5870.8356
2025-07-10 15:47:00,5870.7226
2025-07-10 15:48:00,5870.6462
2025-07-10 15:49:00,5870.7725
2025-07-10 15:50:00,5870.6672
2025-07-10 15:51:00,5870.6811
2025-07-10 15:52:00,5870.7303
2025-07-10 15:53:00,5870.7829
2025-07-10 15:54:00,5870.8355
2025-07-10 15:55:00,5870.6670
2025-07-10 15:56:00,5870.7847
2025-07-10 15:57:00,5870.7743
2025-07-10 15:58:00,5870.7408
2025-07-10 15:59:00,5870.6564
2025-07-10 16:00:00,5870.7170
2025-07-10 16:01:00,5870.7514
2025-07-10 16:02:00,5870.8025
2025-07-10 16:03:00,5870.6670
2025-07-10 16:04:00,5870.8039
2025-07-10 16:05:00,5870.9092
2025-07-10 16:06:00,5870.7091
2025-07-10 16:07:00,5870.7934
2025-07-10 16:08:00,5870.6776
2025-07-10 16:09:00,5870.8250
2025-07-10 16:10:00,5870.8565
2025-07-10 16:11:00,5870.7301
2025-07-10 16:12:00,5870.6563
2025-07-10 16:13:00,5870.8460
2025-07-10 16:14:00,5870.6880
2025-07-10 16:15:00,5870.7090
2025-07-10 16:16:00,5870.8670
2025-07-10 16:17:00,5870.8986
2025-07-10 16:18:00,5870.7381
2025-07-10 16:19:00,5871.0236
2025-07-10 16:20:00,5870.8039
2025-07-10 16:21:00,5870.6773
2025-07-10 16:22:00,5870.6952
2025-07-10 16:23:00,5870.7617
2025-07-10 16:24:00,5870.8665
2025-07-10 16:25:00,5870.7916
2025-07-10 16:26:00,5870.9092
2025-07-10 16:27:00,5870.8022
2025-07-10 16:28:00,5870.7827
2025-07-10 16:29:00,5870.8772
2025-07-10 16:30:00,5870.6560
2025-07-10 16:31:00,5870.8665
2025-07-10 16:32:00,5870.6522
2025-07-10 16:33:00,5870.7809
2025-07-10 16:34:00,5870.6523
2025-07-10 16:35:00,5870.8008
2025-07-10 16:36:00,5870.9855
2025-07-10 16:37:00,5870.7059
2025-07-10 16:38:00,5870.8130
2025-07-10 16:39:00,5870.8038
2025-07-10 16:40:00,5870.8772
2025-07-10 16:41:00,5870.9840
2025-07-10 16:42:00,5870.9093
2025-07-10 16:43:00,5870.8451
2025-07-10 16:44:00,5870.8986
2025-07-10 16:45:00,5870.9946
2025-07-10 16:46:00,5870.7487
2025-07-10 16:47:00,5871.0001
2025-07-10 16:48:00,5870.9637
2025-07-10 16:49:00,5870.7810
2025-07-10 16:50:00,5870.8357
2025-07-10 16:51:00,5870.8561
2025-07-10 16:52:00,5870.8027
2025-07-10 16:53:00,5870.8028
2025-07-10 16:54:00,5870.8878
2025-07-10 16:55:00,5870.8878
2025-07-10 16:56:00,5870.7034
2025-07-10 16:57:00,5870.8986
2025-07-10 16:58:00,5870.9094
2025-07-10 16:59:00,5870.7902
2025-07-10 17:00:00,5870.8565
2025-07-10 17:01:00,5870.7704
2025-07-10 17:02:00,5870.9090
2025-07-10 17:03:00,5870.7513
2025-07-10 17:04:00,5870.8145
2025-07-10 17:05:00,5870.7619
2025-07-10 17:06:00,5870.8775
2025-07-10 17:07:00,5870.7407
2025-07-10 17:08:00,5871.0088
2025-07-10 17:09:00,5870.9196
2025-07-10 17:10:00,5870.8452
2025-07-10 17:11:00,5870.7408
2025-07-10 17:12:00,5870.8452
2025-07-10 17:13:00,5870.7594
2025-07-10 17:14:00,5870.8023
2025-07-10 17:15:00,5871.0052
2025-07-10 17:16:00,5870.9626
2025-07-10 17:17:00,5870.8443
2025-07-10 17:18:00,5870.8558
2025-07-10 17:19:00,5871.0235
2025-07-10 17:20:00,5871.0052
2025-07-10 17:21:00,5871.0236
2025-07-10 17:22:00,5871.0214
2025-07-10 17:23:00,5870.8879
2025-07-10 17:24:00,5871.0236
2025-07-10 17:25:00,5870.8023
2025-07-10 17:26:00,5871.0257
2025-07-10 17:27:00,5870.9200
2025-07-10 17:28:00,5870.9626
2025-07-10 17:29:00,5870.9413
2025-07-10 17:30:00,5870.9207
2025-07-10 17:31:00,5870.9637
2025-07-10 17:32:00,5870.8130
2025-07-10 17:33:00,5870.8772
2025-07-10 17:34:00,5871.0256
2025-07-10 17:35:00,5870.9093
2025-07-10 17:36:00,5870.9093
2025-07-10 17:37:00,5870.9218
2025-07-10 17:38:00,5870.9854
2025-07-10 17:39:00,5871.0193
2025-07-10 17:40:00,5870.9445
2025-07-10 17:41:00,5870.9670
2025-07-10 17:42:00,5871.0212
2025-07-10 17:43:00,5870.9236
2025-07-10 17:44:00,5871.0392
2025-07-10 17:45:00,5871.0393
2025-07-10 17:46:00,5870.8288
2025-07-10 17:47:00,5871.0230
2025-07-10 17:48:00,5871.0465
2025-07-10 17:49:00,5870.9815
2025-07-10 17:50:00,5871.0789
2025-07-10 17:51:00,5871.0139
2025-07-10 17:52:00,5871.0807
2025-07-10 17:53:00,5871.0880
2025-07-10 17:54:00,5871.0157
2025-07-10 17:55:00,5871.0416
2025-07-10 17:56:00,5870.9851
2025-07-10 17:57:00,5871.0176
2025-07-10 17:58:00,5870.9742
2025-07-10 17:59:00,5871.0952
2025-07-10 18:00:00,5871.1136
2025-07-10 18:01:00,5871.1006
2025-07-10 18:02:00,5871.1265
2025-07-10 18:03:00,5871.1259
2025-07-10 18:04:00,5871.0750
2025-07-10 18:05:00,5870.8912
2025-07-10 18:06:00,5871.0673
2025-07-10 18:07:00,5871.1387
2025-07-10 18:08:00,5871.1379
2025-07-10 18:09:00,5871.0662
2025-07-10 18:10:00,5871.0789
2025-07-10 18:11:00,5871.1517
2025-07-10 18:12:00,5871.1112
2025-07-10 18:13:00,5871.1638
2025-07-10 18:14:00,5871.1131
2025-07-10 18:15:00,5871.1561
2025-07-10 18:16:00,5871.1636
2025-07-10 18:17:00,5871.1759
2025-07-10 18:18:00,5871.1767
2025-07-10 18:19:00,5871.1404
2025-07-10 18:20:00,5871.1363
2025-07-10 18:21:00,5871.0735
2025-07-10 18:22:00,5871.1703
2025-07-10 18:23:00,5871.1597
2025-07-10 18:24:00,5871.1889
2025-07-10 18:25:00,5871.1966
2025-07-10 18:26:00,5871.2014
2025-07-10 18:27:00,5871.1991
2025-07-10 18:28:00,5871.2192
2025-07-10 18:29:00,5871.1902
2025-07-10 18:30:00,5871.2182
2025-07-10 18:31:00,5871.2250
2025-07-10 18:32:00,5871.2306
2025-07-10 18:33:00,5871.2256
2025-07-10 18:34:00,5871.2317
2025-07-10 18:35:00,5871.2319
2025-07-10 18:36:00,5871.2436
2025-07-10 18:37:00,5871.2435
2025-07-10 18:38:00,5871.2440
2025-07-10 18:39:00,5871.2383
2025-07-10 18:40:00,5871.2550
2025-07-10 18:41:00,5871.2516
2025-07-10 18:42:00,5871.2548
2025-07-10 18:43:00,5871.2563
2025-07-10 18:44:00,5871.2683
2025-07-10 18:45:00,5871.2565
2025-07-10 18:46:00,5871.2696
2025-07-10 18:47:00,5867.9302
2025-07-10 18:48:00,5867.9376
2025-07-10 18:49:00,5867.9372
2025-07-10 18:50:00,5867.9386
2025-07-10 18:51:00,5867.9380
2025-07-10 18:52:00,5867.9315
2025-07-10 18:53:00,5867.9378
2025-07-10 18:54:00,5867.9116
2025-07-10 18:55:00,5867.9378
2025-07-10 18:56:00,5867.9398
2025-07-10 18:57:00,5867.9385
2025-07-10 18:58:00,5867.9383
2025-07-10 18:59:00,5867.9291
2025-07-10 19:00:00,5867.9385
2025-07-10 19:01:00,5867.9300
2025-07-10 19:02:00,5867.9381
2025-07-10 19:03:00,5867.9358
2025-07-10 19:04:00,5867.9391
2025-07-10 19:05:00,5867.9395
2025-07-10 19:06:00,5867.9364
2025-07-10 19:07:00,5867.9396
2025-07-10 19:08:00,5867.9367
2025-07-10 19:09:00,5867.9301
2025-07-10 19:10:00,5867.9377
2025-07-10 19:11:00,5867.9353
2025-07-10 19:12:00,5867.8811
2025-07-10 19:13:00,5867.9385
2025-07-10 19:14:00,5867.9379
2025-07-10 19:15:00,5867.9308
2025-07-10 19:16:00,5867.9356
2025-07-10 19:17:00,5867.9374
2025-07-10 19:18:00,5867.9304
2025-07-10 19:19:00,5867.9466
2025-07-10 19:20:00,5867.9390
2025-07-10 19:21:00,5867.9387
2025-07-10 19:22:00,5867.9365
2025-07-10 19:23:00,5867.9368
2025-07-10 19:24:00,5867.9378
2025-07-10 19:25:00,5867.9447
2025-07-10 19:26:00,5867.9304
2025-07-10 19:27:00,5867.9362
2025-07-10 19:28:00,5867.9450
2025-07-10 19:29:00,5867.9378
2025-07-10 19:30:00,5867.9303
2025-07-10 19:31:00,5867.9438
2025-07-10 19:32:00,5867.9355
2025-07-10 19:33:00,5867.9381
2025-07-10 19:34:00,5867.9363
2025-07-10 19:35:00,5867.9377
2025-07-10 19:36:00,5867.9463
2025-07-10 19:36:22,5867.9348
2025-07-10 19:36:38,5867.9258
2025-07-10 19:37:00,5867.9258
2025-07-10 19:38:00,5867.9320
2025-07-10 19:38:12,5867.9282
2025-07-10 19:39:00,5867.9420
2025-07-10 19:40:00,5867.9428
2025-07-10 19:40:20,5867.9459
2025-07-10 19:41:00,5867.9459
2025-07-10 19:42:00,5867.9438
2025-07-10 19:43:00,5867.9383
2025-07-10 19:44:00,5867.9381
2025-07-10 19:45:00,5867.9317
2025-07-10 19:45:40,5867.9339
2025-07-10 19:46:00,5867.9339
2025-07-10 19:47:00,5867.9038
2025-07-10 19:47:20,5867.9056
2025-07-10 19:48:00,5867.9376
2025-07-10 19:49:00,5867.9395
2025-07-10 19:50:00,5867.9318
2025-07-10 19:51:00,5867.9377
2025-07-10 19:52:00,5867.9379
2025-07-10 19:53:00,5867.9362
2025-07-10 19:53:16,5867.9350
2025-07-10 19:54:00,5867.9350
2025-07-10 19:54:38,5867.9445
2025-07-10 19:55:00,5867.9445
2025-07-10 19:56:00,5867.9370
2025-07-10 19:57:00,5867.9524
2025-07-10 19:58:00,5867.9392
2025-07-10 19:59:00,5867.9369
2025-07-10 20:00:00,5867.9445
2025-07-10 20:01:00,5867.9453
2025-07-10 20:02:00,5867.9371
2025-07-10 20:03:00,5867.9306
2025-07-10 20:04:00,5867.9369
2025-07-10 20:05:00,5867.9445
2025-07-10 20:06:00,5867.9446
2025-07-10 20:07:00,5867.9372
2025-07-10 20:07:23,5867.9350
2025-07-10 20:08:00,5867.9350
2025-07-10 20:09:00,5867.9441
2025-07-10 20:09:17,5867.9453
2025-07-10 20:10:00,5867.9452
2025-07-10 20:11:00,5867.9439
2025-07-10 20:12:00,5867.9433
2025-07-10 20:13:00,5867.9435
2025-07-10 20:13:23,5867.9417
2025-07-10 20:14:00,5867.9417
2025-07-10 20:14:18,5867.9468
2025-07-10 20:15:00,5867.9446
2025-07-10 20:16:00,5867.9367
2025-07-10 20:17:00,5867.9453
2025-07-10 20:18:00,5867.9461
2025-07-10 20:19:00,5867.9433
2025-07-10 20:19:39,5867.9419
2025-07-10 20:20:00,5867.9419
2025-07-10 20:20:01,5867.9450
2025-07-10 20:21:00,5867.9386
2025-07-10 20:21:32,5867.9359
2025-07-10 20:22:00,5867.9429
2025-07-10 20:23:00,5867.9436
2025-07-10 20:24:00,5867.9443
2025-07-10 20:24:23,5867.9451
2025-07-10 20:25:00,5867.9435
2025-07-10 20:25:22,5867.9429
2025-07-10 20:26:00,5867.9429
2025-07-10 20:27:00,5867.9359
2025-07-10 20:27:40,5867.9444
2025-07-10 20:28:00,5867.9373
2025-07-10 20:29:00,5867.9369
2025-07-10 20:29:22,5867.9344
2025-07-10 20:30:00,5867.9435
2025-07-10 20:30:19,5867.9455
2025-07-10 20:31:00,5867.9529
2025-07-10 20:31:22,5867.9348
2025-07-10 20:32:00,5867.9418
2025-07-10 20:33:00,5867.9424
2025-07-10 20:33:08,5867.9456
2025-07-10 20:33:40,5867.9512
2025-07-10 20:34:00,5867.9512
2025-07-10 20:34:20,5867.9466
2025-07-10 20:34:41,5867.9406
2025-07-10 20:35:00,5867.9406
2025-07-10 20:35:18,5867.9451
2025-07-10 20:36:00,5867.9448
2025-07-10 20:37:00,5867.9446
2025-07-10 20:37:07,5867.9427
2025-07-10 20:37:38,5867.9478
2025-07-10 20:38:00,5867.9478
2025-07-10 20:38:22,5867.9555
2025-07-10 20:38:36,5867.9627
2025-07-10 20:39:00,5867.9550
2025-07-10 20:40:00,5867.9521
2025-07-10 20:41:00,5867.9523
2025-07-10 20:41:17,5867.9488
2025-07-10 20:42:00,5867.9500
2025-07-10 20:43:00,5867.9432
2025-07-10 20:44:00,5867.9506
2025-07-10 20:45:00,5867.9524
2025-07-10 20:45:22,5867.9528
2025-07-10 20:46:00,5867.9528
2025-07-10 20:47:00,5867.9514
2025-07-10 20:48:00,5867.9441
2025-07-10 20:49:00,5867.9518
2025-07-10 20:50:00,5867.9438
2025-07-10 20:50:25,5867.9506
2025-07-10 20:51:00,5867.9506
2025-07-10 20:52:00,5867.9514
2025-07-10 20:53:00,5867.9507
2025-07-10 20:54:00,5867.9438
2025-07-10 20:55:00,5867.9489
2025-07-10 20:55:10,5867.9537
2025-07-10 20:56:00,5867.9519
2025-07-10 20:56:18,5867.9495
2025-07-10 20:57:00,5867.9563
2025-07-10 20:57:17,5867.9603
2025-07-10 20:57:37,5867.9510
2025-07-10 20:58:00,5867.9510
2025-07-10 20:59:00,5867.9507
2025-07-10 21:00:00,5867.9516
2025-07-10 21:00:15,5867.9531
2025-07-10 21:01:00,5867.9531
2025-07-10 21:01:19,5867.9502
2025-07-10 21:01:36,5867.9454
2025-07-10 21:02:00,5867.9454
2025-07-10 21:02:36,5867.9569
2025-07-10 21:03:00,5867.9569
2025-07-10 21:04:00,5867.9512
2025-07-10 21:05:00,5867.9522
2025-07-10 21:06:00,5867.9496
2025-07-10 21:06:25,5867.9465
2025-07-10 21:06:36,5867.9433
2025-07-10 21:07:00,5867.9433
2025-07-10 21:08:00,5867.9510
2025-07-10 21:09:00,5867.9495
2025-07-10 21:10:00,5867.9416
2025-07-10 21:11:00,5867.9417
2025-07-10 21:12:00,5867.9417
2025-07-10 21:13:00,5867.9483
2025-07-10 21:14:00,5867.9507
2025-07-10 21:15:00,5867.9507
2025-07-10 21:16:00,5867.9495
2025-07-10 21:17:00,5867.9503
2025-07-10 21:18:00,5867.9580
2025-07-10 21:19:00,5867.9497
2025-07-10 21:19:24,5867.9510
2025-07-10 21:20:00,5867.9510
2025-07-10 21:20:22,5867.9484
2025-07-10 21:21:00,5867.9481
2025-07-10 21:22:00,5867.9503
2025-07-10 21:23:00,5867.9417
2025-07-10 21:23:18,5867.9441
2025-07-10 21:24:00,5867.9514
2025-07-10 21:24:21,5867.9554
2025-07-10 21:25:00,5867.9479
2025-07-10 21:25:19,5867.9587
2025-07-10 21:25:39,5867.9560
2025-07-10 21:26:00,5867.9485
2025-07-10 21:27:00,5867.9509
2025-07-10 21:28:00,5867.9491
2025-07-10 21:29:00,5867.9512
2025-07-10 21:30:00,5867.9410
2025-07-10 21:31:00,5867.9496
2025-07-10 21:32:00,5867.9561
2025-07-10 21:33:00,5867.9490
2025-07-10 21:34:00,5867.9432
2025-07-10 21:35:00,5867.9506
2025-07-10 21:36:00,5867.9595
2025-07-10 21:36:23,5867.9523
2025-07-10 21:37:00,5867.9523
2025-07-10 21:37:22,5867.9503
2025-07-10 21:38:00,5867.9578
2025-07-10 21:39:00,5867.9574
2025-07-10 21:40:00,5867.9417
2025-07-10 21:41:00,5867.9515
2025-07-10 21:42:00,5867.9450
2025-07-10 21:43:00,5867.9494
2025-07-10 21:44:00,5867.9500
2025-07-10 21:44:23,5867.9528
2025-07-10 21:44:38,5867.9574
2025-07-10 21:45:00,5867.9574
2025-07-10 21:46:00,5867.9512
2025-07-10 21:47:00,5867.9419
2025-07-10 21:48:00,5867.9480
2025-07-10 21:49:00,5867.9485
2025-07-10 21:50:00,5867.9594
2025-07-10 21:51:00,5867.9483
2025-07-10 21:52:00,5867.9493
2025-07-10 21:53:00,5867.9572
2025-07-10 21:54:00,5867.9583
2025-07-10 21:55:00,5867.9585
2025-07-10 21:56:00,5867.9591
2025-07-10 21:57:00,5867.9574
2025-07-10 21:58:00,5867.9503
2025-07-10 21:59:00,5867.9592
2025-07-10 22:00:00,5867.9501
2025-07-10 22:01:00,5867.9570
2025-07-10 22:02:00,5867.9560
2025-07-10 22:03:00,5867.9561
2025-07-10 22:04:00,5867.9557
2025-07-10 22:05:00,5867.9502
2025-07-10 22:06:00,5867.9594
2025-07-10 22:07:00,5867.9579
2025-07-10 22:08:00,5867.9589
2025-07-10 22:09:00,5867.9562
2025-07-10 22:10:00,5867.9562
2025-07-10 22:11:00,5867.9499
2025-07-10 22:12:00,5867.9499
2025-07-10 22:13:00,5867.9492
2025-07-10 22:14:00,5867.9510
2025-07-10 22:15:00,5867.9417
2025-07-10 22:16:00,5867.9574
2025-07-10 22:17:00,5867.9501
2025-07-10 22:18:00,5867.9496
2025-07-10 22:19:00,5867.9506
2025-07-10 22:20:00,5867.9634
2025-07-10 22:21:00,5867.9474
2025-07-10 22:22:00,5867.9583
2025-07-10 22:23:00,5867.9572
2025-07-10 22:24:00,5867.9576
2025-07-10 22:25:00,5867.9508
2025-07-10 22:26:00,5867.9583
2025-07-10 22:27:00,5867.9582
2025-07-10 22:28:00,5867.9569
2025-07-10 22:29:00,5867.9584
2025-07-10 22:30:00,5867.9565
2025-07-10 22:31:00,5867.9488
2025-07-10 22:32:00,5867.9584
2025-07-10 22:33:00,5867.9503
2025-07-10 22:34:00,5867.9591
2025-07-10 22:35:00,5867.9562
2025-07-10 22:36:00,5867.9570
2025-07-10 22:37:00,5867.9560
2025-07-10 22:38:00,5867.9578
2025-07-10 22:39:00,5867.9484
2025-07-10 22:40:00,5867.9492
2025-07-10 22:41:00,5867.9489
2025-07-10 22:42:00,5867.9551
2025-07-10 22:43:00,5867.9569
2025-07-10 22:44:00,5867.9549
2025-07-10 22:45:00,5867.9636
2025-07-10 22:46:00,5867.9570
2025-07-10 22:47:00,5867.9521
2025-07-10 22:48:00,5867.9613
2025-07-10 22:49:00,5867.9547
2025-07-10 22:50:00,5867.9568
2025-07-10 22:51:00,5867.9577
2025-07-10 22:52:00,5867.9640
2025-07-10 22:53:00,5867.9555
2025-07-10 22:54:00,5867.9555
2025-07-10 22:55:00,5867.9508
2025-07-10 22:56:00,5867.9549
2025-07-10 22:57:00,5867.9578
2025-07-10 22:58:00,5867.9542
2025-07-10 22:59:00,5867.9495
2025-07-10 23:00:00,5867.9534
2025-07-10 23:01:00,5867.9545
2025-07-10 23:02:00,5867.9546
2025-07-10 23:03:00,5867.9555
2025-07-10 23:04:00,5867.9542
2025-07-10 23:05:00,5867.9563
2025-07-10 23:06:00,5867.9562
2025-07-10 23:07:00,5867.9558
2025-07-10 23:08:00,5867.9602
2025-07-10 23:09:00,5867.9563
2025-07-10 23:10:00,5867.9549
2025-07-10 23:11:00,5867.9640
2025-07-10 23:12:00,5867.9654
2025-07-10 23:13:00,5867.9636
2025-07-10 23:14:00,5867.9656
2025-07-10 23:15:00,5867.9635
2025-07-10 23:16:00,5867.9644
2025-07-10 23:17:00,5867.9550
2025-07-10 23:18:00,5867.9527
2025-07-10 23:19:00,5867.9481
2025-07-10 23:20:00,5867.9578
2025-07-10 23:21:00,5867.9404
2025-07-10 23:22:00,5867.9443
2025-07-10 23:23:00,5867.9398
2025-07-10 23:24:00,5867.9561
2025-07-10 23:25:00,5867.9559
2025-07-10 23:26:00,5867.9698
2025-07-10 23:27:00,5867.9625
2025-07-10 23:28:00,5867.9614
2025-07-10 23:29:00,5867.9556
2025-07-10 23:30:00,5867.9619
2025-07-10 23:31:00,5867.9643
2025-07-10 23:32:00,5867.9631
2025-07-10 23:33:00,5867.9572
2025-07-10 23:34:00,5867.9640
2025-07-10 23:35:00,5867.9638
2025-07-10 23:36:00,5867.9629
2025-07-10 23:37:00,5867.9732
2025-07-10 23:38:00,5867.9559
2025-07-10 23:39:00,5867.9621
2025-07-10 23:40:00,5867.9621
2025-07-10 23:41:00,5867.9640
2025-07-10 23:42:00,5867.9629
2025-07-10 23:43:00,5867.9630
2025-07-10 23:44:00,5867.9619
2025-07-10 23:45:00,5867.9625
2025-07-10 23:46:00,5867.9664
2025-07-10 23:47:00,5867.9642
2025-07-10 23:48:00,5867.9629
2025-07-10 23:49:00,5867.9637
2025-07-10 23:50:00,5867.9730
2025-07-10 23:51:00,5867.9627
2025-07-10 23:52:00,5867.9622
2025-07-10 23:53:00,5867.9711
2025-07-10 23:54:00,5867.9709
2025-07-10 23:55:00,5867.9621
2025-07-10 23:56:00,5867.9672
2025-07-10 23:57:00,5867.9643
2025-07-10 23:58:00,5867.9667
2025-07-10 23:59:00,5867.9667
2025-07-11 00:00:00,5867.9656
2025-07-11 00:01:00,5867.9622
2025-07-11 00:02:00,5867.9627
2025-07-11 00:03:00,5867.9527
2025-07-11 00:04:00,5867.9544
2025-07-11 00:05:00,5867.9557
2025-07-11 00:06:00,5867.9538
2025-07-11 00:07:00,5867.9607
2025-07-11 00:08:00,5867.9630
2025-07-11 00:09:00,5867.9618
2025-07-11 00:10:00,5867.9641
2025-07-11 00:11:00,5867.9609
2025-07-11 00:12:00,5867.9618
2025-07-11 00:13:00,5867.9685
2025-07-11 00:14:00,5867.9789
2025-07-11 00:15:00,5867.9477
2025-07-11 00:16:00,5867.9544
2025-07-11 00:17:00,5867.9619
2025-07-11 00:18:00,5867.9616
2025-07-11 00:19:00,5867.9567
2025-07-11 00:20:00,5867.9672
2025-07-11 00:21:00,5867.9628
2025-07-11 00:22:00,5867.9537
2025-07-11 00:23:00,5867.9631
2025-07-11 00:24:00,5867.9626
2025-07-11 00:25:00,5867.9632
2025-07-11 00:26:00,5867.9721
2025-07-11 00:27:00,5867.9642
2025-07-11 00:28:00,5867.9548
2025-07-11 00:29:00,5867.9649
2025-07-11 00:30:00,5867.9708
2025-07-11 00:31:00,5867.9782
2025-07-11 00:32:00,5867.9634
2025-07-11 00:33:00,5867.9640
2025-07-11 00:34:00,5867.9544
2025-07-11 00:35:00,5867.9617
2025-07-11 00:36:00,5867.9630
2025-07-11 00:37:00,5867.9632
2025-07-11 00:38:00,5867.9709
2025-07-11 00:39:00,5867.9700
2025-07-11 00:40:00,5867.9706
2025-07-11 00:41:00,5867.9711
2025-07-11 00:42:00,5867.9692
2025-07-11 00:43:00,5867.9692
2025-07-11 00:44:00,5867.9601
2025-07-11 00:45:00,5867.9645
2025-07-11 00:46:00,5867.9716
2025-07-11 00:47:00,5867.9544
2025-07-11 00:48:00,5867.9641
2025-07-11 00:49:00,5867.9718
2025-07-11 00:50:00,5867.9654
2025-07-11 00:51:00,5867.9608
2025-07-11 00:52:00,5867.9724
2025-07-11 00:53:00,5867.9708
2025-07-11 00:54:00,5867.9694
2025-07-11 00:55:00,5867.9626
2025-07-11 00:56:00,5867.9703
2025-07-11 00:57:00,5867.9629
2025-07-11 00:58:00,5867.9700
2025-07-11 00:59:00,5867.9594
2025-07-11 01:00:00,5867.9712
2025-07-11 01:01:00,5867.9641
2025-07-11 01:02:00,5867.9692
2025-07-11 01:03:00,5867.9697
2025-07-11 01:04:00,5867.9706
2025-07-11 01:05:00,5867.9700
2025-07-11 01:06:00,5867.9698
2025-07-11 01:07:00,5867.9714
2025-07-11 01:08:00,5867.9704
2025-07-11 01:09:00,5867.9696
2025-07-11 01:10:00,5867.9620
2025-07-11 01:11:00,5867.9698
2025-07-11 01:12:00,5867.9686
2025-07-11 01:13:00,5867.9691
2025-07-11 01:14:00,5867.9698
2025-07-11 01:15:00,5867.9709
2025-07-11 01:16:00,5867.9716
2025-07-11 01:17:00,5867.9678
2025-07-11 01:18:00,5867.9641
2025-07-11 01:19:00,5867.9623
2025-07-11 01:20:00,5867.9610
2025-07-11 01:21:00,5867.9786
2025-07-11 01:22:00,5867.9691
2025-07-11 01:23:00,5867.9790
2025-07-11 01:24:00,5867.9765
2025-07-11 01:25:00,5867.9723
2025-07-11 01:26:00,5867.9668
2025-07-11 01:27:00,5867.9611
2025-07-11 01:28:00,5867.9626
2025-07-11 01:29:00,5867.9686
2025-07-11 01:30:00,5867.9871
2025-07-11 01:31:00,5867.9692
2025-07-11 01:32:00,5867.9676
2025-07-11 01:33:00,5867.9691
2025-07-11 01:34:00,5867.9783
2025-07-11 01:35:00,5867.9712
2025-07-11 01:36:00,5867.9711
2025-07-11 01:37:00,5867.9783
2025-07-11 01:38:00,5867.9676
2025-07-11 01:39:00,5867.9690
2025-07-11 01:40:00,5867.9726
2025-07-11 01:41:00,5867.9692
2025-07-11 01:42:00,5867.9774
2025-07-11 01:43:00,5867.9807
2025-07-11 01:44:00,5867.9597
2025-07-11 01:45:00,5867.9782
2025-07-11 01:46:00,5867.9761
2025-07-11 01:47:00,5867.9791
2025-07-11 01:48:00,5867.9749
2025-07-11 01:49:00,5867.9730
2025-07-11 01:50:00,5867.9682
2025-07-11 01:51:00,5868.0025
2025-07-11 01:52:00,5867.9831
2025-07-11 01:53:00,5867.9934
2025-07-11 01:54:00,5868.0015
2025-07-11 01:55:00,5867.9949
2025-07-11 01:56:00,5868.0169
2025-07-11 01:57:00,5868.0090
2025-07-11 01:58:00,5868.0108
2025-07-11 01:59:00,5868.0006
2025-07-11 02:00:00,5867.9984
2025-07-11 02:01:00,5868.0086
2025-07-11 02:02:00,5868.0083
2025-07-11 02:03:00,5868.0086
2025-07-11 02:04:00,5868.0230
2025-07-11 02:05:00,5868.0325
2025-07-11 02:06:00,5868.0175
2025-07-11 02:07:00,5868.0249
2025-07-11 02:08:00,5868.0338
2025-07-11 02:09:00,5868.0491
2025-07-11 02:10:00,5868.0399
2025-07-11 02:11:00,5868.0507
2025-07-11 02:12:00,5868.0381
2025-07-11 02:13:00,5868.0488
2025-07-11 02:14:00,5868.0377
2025-07-11 02:15:00,5868.0559
2025-07-11 02:16:00,5868.0626
2025-07-11 02:17:00,5868.0642
2025-07-11 02:18:00,5868.0641
2025-07-11 02:19:00,5868.0531
2025-07-11 02:20:00,5868.0526
2025-07-11 02:21:00,5868.0513
2025-07-11 02:22:00,5868.0816
2025-07-11 02:23:00,5868.0779
2025-07-11 02:24:00,5868.0806
2025-07-11 02:25:00,5868.0768
2025-07-11 02:26:00,5868.0899
2025-07-11 02:27:00,5868.0798
2025-07-11 02:28:00,5868.0847
2025-07-11 02:29:00,5868.0822
2025-07-11 02:30:00,5868.0833
2025-07-11 02:31:00,5868.0910
2025-07-11 02:32:00,5868.0923
2025-07-11 02:33:00,5868.1035
2025-07-11 02:34:00,5868.0830
2025-07-11 02:35:00,5868.1088
2025-07-11 02:36:00,5868.1130
2025-07-11 02:37:00,5868.1104
2025-07-11 02:38:00,5868.1207
2025-07-11 02:39:00,5868.1097
2025-07-11 02:40:00,5868.1083
2025-07-11 02:41:00,5868.1107
2025-07-11 02:42:00,5868.1100
2025-07-11 02:43:00,5868.1084
2025-07-11 02:44:00,5868.1228
2025-07-11 02:45:00,5868.1217
2025-07-11 02:46:00,5868.1279
2025-07-11 02:47:00,5868.1159
2025-07-11 02:48:00,5868.1370
2025-07-11 02:49:00,5868.1127
2025-07-11 02:50:00,5868.1400
2025-07-11 02:51:00,5868.1255
2025-07-11 02:52:00,5868.1264
2025-07-11 02:53:00,5868.1254
2025-07-11 02:54:00,5868.1279
2025-07-11 02:55:00,5868.1582
2025-07-11 02:56:00,5868.1411
2025-07-11 02:57:00,5868.1450
2025-07-11 02:58:00,5868.1523
2025-07-11 02:59:00,5868.1580
2025-07-11 03:00:00,5868.1697
2025-07-11 03:01:00,5868.1659
2025-07-11 03:02:00,5868.1806
2025-07-11 03:03:00,5868.1806
2025-07-11 03:04:00,5868.1565
2025-07-11 03:05:00,5868.1890
2025-07-11 03:06:00,5868.1941
2025-07-11 03:07:00,5868.1861
2025-07-11 03:08:00,5868.1874
2025-07-11 03:09:00,5868.1871
2025-07-11 03:10:00,5868.1705
2025-07-11 03:11:00,5868.1795
2025-07-11 03:12:00,5868.1841
2025-07-11 03:13:00,5868.2011
2025-07-11 03:14:00,5868.1996
2025-07-11 03:15:00,5868.1979
2025-07-11 03:16:00,5868.1985
2025-07-11 03:17:00,5868.1965
2025-07-11 03:18:00,5868.1946
2025-07-11 03:19:00,5868.1852
2025-07-11 03:20:00,5868.1947
2025-07-11 03:21:00,5868.1922
2025-07-11 03:22:00,5868.2003
2025-07-11 03:23:00,5868.2127
2025-07-11 03:24:00,5868.2094
2025-07-11 03:25:00,5868.2098
2025-07-11 03:26:00,5868.2127
2025-07-11 03:27:00,5868.2247
2025-07-11 03:28:00,5868.2221
2025-07-11 03:29:00,5868.2401
2025-07-11 03:30:00,5868.2261
2025-07-11 03:31:00,5868.2170
2025-07-11 03:32:00,5868.2259
2025-07-11 03:33:00,5868.2223
2025-07-11 03:34:00,5868.2412
2025-07-11 03:35:00,5868.2372
2025-07-11 03:36:00,5868.2549
2025-07-11 03:37:00,5868.2499
2025-07-11 03:38:00,5868.2347
2025-07-11 03:39:00,5868.2672
2025-07-11 03:40:00,5868.2382
2025-07-11 03:41:00,5868.2563
2025-07-11 03:42:00,5868.2414
2025-07-11 03:43:00,5868.2578
2025-07-11 03:44:00,5868.2693
2025-07-11 03:45:00,5868.2780
2025-07-11 03:46:00,5868.2682
2025-07-11 03:47:00,5868.2682
2025-07-11 03:48:00,5868.2537
2025-07-11 03:49:00,5868.2590
2025-07-11 03:50:00,5868.2580
2025-07-11 03:51:00,5868.2668
2025-07-11 03:52:00,5868.2760
2025-07-11 03:53:00,5868.2721
2025-07-11 03:54:00,5868.2842
2025-07-11 03:55:00,5868.2805
2025-07-11 03:56:00,5868.2830
2025-07-11 03:57:00,5868.2849
2025-07-11 03:58:00,5868.2883
2025-07-11 03:59:00,5868.3003
2025-07-11 04:00:00,5868.3020
2025-07-11 04:01:00,5868.3090
2025-07-11 04:02:00,5868.2965
2025-07-11 04:03:00,5868.3236
2025-07-11 04:04:00,5868.3095
2025-07-11 04:05:00,5868.3224
2025-07-11 04:06:00,5868.3100
2025-07-11 04:07:00,5868.3257
2025-07-11 04:08:00,5868.3245
2025-07-11 04:09:00,5868.3297
2025-07-11 04:10:00,5868.3146
2025-07-11 04:11:00,5868.3115
2025-07-11 04:12:00,5868.3454
2025-07-11 04:13:00,5868.3268
2025-07-11 04:14:00,5868.3168
2025-07-11 04:15:00,5868.3310
2025-07-11 04:16:00,5868.3249
2025-07-11 04:17:00,5868.3420
2025-07-11 04:18:00,5868.3221
2025-07-11 04:19:00,5868.3241
2025-07-11 04:20:00,5868.3206
2025-07-11 04:21:00,5868.3387
2025-07-11 04:22:00,5868.3360
2025-07-11 04:23:00,5868.3262
2025-07-11 04:24:00,5868.3228
2025-07-11 04:25:00,5868.3287
2025-07-11 04:26:00,5868.3283
2025-07-11 04:27:00,5868.3433
2025-07-11 04:28:00,5868.3301
2025-07-11 04:29:00,5868.3194
2025-07-11 04:30:00,5868.3496
2025-07-11 04:31:00,5868.3502
2025-07-11 04:32:00,5868.3452
2025-07-11 04:33:00,5868.3511
2025-07-11 04:34:00,5868.3508
2025-07-11 04:35:00,5868.3428
2025-07-11 04:36:00,5868.3597
2025-07-11 04:37:00,5868.3724
2025-07-11 04:38:00,5868.3546
2025-07-11 04:39:00,5868.3687
2025-07-11 04:40:00,5868.3388
2025-07-11 04:41:00,5868.3491
2025-07-11 04:42:00,5868.3690
2025-07-11 04:43:00,5868.3418
2025-07-11 04:44:00,5868.3612
2025-07-11 04:45:00,5868.3571
2025-07-11 04:46:00,5868.3477
2025-07-11 04:47:00,5868.3573
2025-07-11 04:48:00,5868.3641
2025-07-11 04:49:00,5868.3726
2025-07-11 04:50:00,5868.3571
2025-07-11 04:51:00,5868.3689
2025-07-11 04:52:00,5868.3706
2025-07-11 04:53:00,5868.3537
2025-07-11 04:54:00,5868.3691
2025-07-11 04:55:00,5868.3640
2025-07-11 04:56:00,5868.3648
2025-07-11 04:57:00,5868.3686
2025-07-11 04:58:00,5868.3715
2025-07-11 04:59:00,5868.3876
2025-07-11 05:00:00,5868.3883
2025-07-11 05:01:00,5868.3890
2025-07-11 05:02:00,5868.3893
2025-07-11 05:03:00,5868.3908
2025-07-11 05:04:00,5868.3736
2025-07-11 05:05:00,5868.3951
2025-07-11 05:06:00,5868.3628
2025-07-11 05:07:00,5868.3773
2025-07-11 05:08:00,5868.3768
2025-07-11 05:09:00,5868.3914
2025-07-11 05:10:00,5868.3737
2025-07-11 05:10:39,5868.3673
2025-07-11 05:11:00,5868.3976
2025-07-11 05:12:00,5868.3977
2025-07-11 05:13:00,5868.3838
2025-07-11 05:14:00,5868.3832
2025-07-11 05:15:00,5868.3791
2025-07-11 05:16:00,5868.3989
2025-07-11 05:17:00,5868.3783
2025-07-11 05:18:00,5868.3926
2025-07-11 05:19:00,5868.3751
2025-07-11 05:20:00,5868.4040
2025-07-11 05:21:00,5868.3968
2025-07-11 05:22:00,5868.3759
2025-07-11 05:23:00,5868.3949
2025-07-11 05:24:00,5868.3934
2025-07-11 05:25:00,5868.3986
2025-07-11 05:26:00,5868.3941
2025-07-11 05:27:00,5868.3874
2025-07-11 05:28:00,5868.3928
2025-07-11 05:29:00,5868.3922
2025-07-11 05:30:00,5868.3934
2025-07-11 05:31:00,5868.3907
2025-07-11 05:32:00,5868.3882
2025-07-11 05:33:00,5868.3920
2025-07-11 05:34:00,5868.3927
2025-07-11 05:35:00,5868.3855
2025-07-11 05:36:00,5868.4058
2025-07-11 05:37:00,5868.3883
2025-07-11 05:37:23,5868.3868
2025-07-11 05:38:00,5868.3868
2025-07-11 05:39:00,5868.3880
2025-07-11 05:40:00,5868.3896
2025-07-11 05:41:00,5868.3699
2025-07-11 05:42:00,5868.3868
2025-07-11 05:43:00,5868.3714
2025-07-11 05:44:00,5868.3857
2025-07-11 05:45:00,5868.3859
2025-07-11 05:46:00,5868.3822
2025-07-11 05:47:00,5868.3814
2025-07-11 05:48:00,5868.3890
2025-07-11 05:49:00,5868.3989
2025-07-11 05:50:00,5868.3977
2025-07-11 05:51:00,5868.3817
2025-07-11 05:52:00,5868.3753
2025-07-11 05:53:00,5868.3908
2025-07-11 05:54:00,5868.3799
2025-07-11 05:55:00,5868.3982
2025-07-11 05:56:00,5868.3951
2025-07-11 05:57:00,5868.3805
2025-07-11 05:58:00,5868.3946
2025-07-11 05:59:00,5868.3971
2025-07-11 06:00:00,5868.3969
2025-07-11 06:01:00,5868.3953
2025-07-11 06:02:00,5868.3967
2025-07-11 06:03:00,5868.3906
2025-07-11 06:04:00,5868.3643
2025-07-11 06:05:00,5868.3776
2025-07-11 06:06:00,5868.3968
2025-07-11 06:07:00,5868.3937
2025-07-11 06:08:00,5868.3919
2025-07-11 06:09:00,5868.4050
2025-07-11 06:10:00,5868.3939
2025-07-11 06:11:00,5868.4003
2025-07-11 06:12:00,5868.4053
2025-07-11 06:13:00,5868.4067
2025-07-11 06:14:00,5868.3974
2025-07-11 06:15:00,5868.3996
2025-07-11 06:16:00,5868.3878
2025-07-11 06:17:00,5868.4071
2025-07-11 06:18:00,5868.3812
2025-07-11 06:19:00,5868.3862
2025-07-11 06:20:00,5868.3999
2025-07-11 06:21:00,5868.3863
2025-07-11 06:22:00,5868.4037
2025-07-11 06:23:00,5868.3886
2025-07-11 06:24:00,5868.4053
2025-07-11 06:25:00,5868.4027
2025-07-11 06:26:00,5868.4081
2025-07-11 06:27:00,5868.4055
2025-07-11 06:28:00,5868.3923
2025-07-11 06:29:00,5868.4002
2025-07-11 06:30:00,5868.3988
2025-07-11 06:31:00,5868.4029
2025-07-11 06:32:00,5868.3984
2025-07-11 06:33:00,5868.4164
2025-07-11 06:34:00,5868.4112
2025-07-11 06:35:00,5868.3972
2025-07-11 06:36:00,5868.4132
2025-07-11 06:37:00,5868.3973
2025-07-11 06:38:00,5868.4079
2025-07-11 06:39:00,5868.4156
2025-07-11 06:40:00,5868.3937
2025-07-11 06:41:00,5868.3947
2025-07-11 06:42:00,5868.4112
2025-07-11 06:43:00,5868.4003
2025-07-11 06:44:00,5868.3941
2025-07-11 06:45:00,5868.3908
2025-07-11 06:46:00,5868.3904
2025-07-11 06:47:00,5868.4100
2025-07-11 06:48:00,5868.3939
2025-07-11 06:49:00,5868.4043
2025-07-11 06:50:00,5868.4122
2025-07-11 06:51:00,5868.3890
2025-07-11 06:52:00,5868.4107
2025-07-11 06:53:00,5868.4081
2025-07-11 06:54:00,5868.4066
2025-07-11 06:55:00,5868.4017
2025-07-11 06:56:00,5868.4095
2025-07-11 06:57:00,5868.4124
2025-07-11 06:58:00,5868.4057
2025-07-11 06:59:00,5868.4084
2025-07-11 07:00:00,5868.4027
2025-07-11 07:01:00,5868.4028
2025-07-11 07:02:00,5868.4162
2025-07-11 07:03:00,5868.3921
2025-07-11 07:04:00,5868.4047
2025-07-11 07:05:00,5868.4304
2025-07-11 07:06:00,5868.4068
2025-07-11 07:07:00,5868.4227
2025-07-11 07:08:00,5868.4039
2025-07-11 07:09:00,5868.4006
2025-07-11 07:10:00,5868.4008
2025-07-11 07:11:00,5868.4023
2025-07-11 07:12:00,5868.4207
2025-07-11 07:13:00,5868.4207
2025-07-11 07:14:00,5868.4000
2025-07-11 07:15:00,5868.4021
2025-07-11 07:16:00,5868.4125
2025-07-11 07:17:00,5868.4176
2025-07-11 07:18:00,5868.4048
2025-07-11 07:19:00,5868.4131
2025-07-11 07:20:00,5868.4193
2025-07-11 07:21:00,5868.4234
2025-07-11 07:22:00,5868.4153
2025-07-11 07:23:00,5868.4190
2025-07-11 07:24:00,5868.4138
2025-07-11 07:25:00,5868.4082
2025-07-11 07:26:00,5868.4308
2025-07-11 07:27:00,5868.4110
2025-07-11 07:28:00,5868.3999
2025-07-11 07:29:00,5868.4257
2025-07-11 07:30:00,5868.4128
2025-07-11 07:31:00,5868.4119
2025-07-11 07:32:00,5868.4132
2025-07-11 07:33:00,5868.4115
2025-07-11 07:34:00,5868.4143
2025-07-11 07:35:00,5868.4136
2025-07-11 07:36:00,5868.4110
2025-07-11 07:37:00,5868.4263
2025-07-11 07:38:00,5868.4134
2025-07-11 07:39:00,5868.4158
2025-07-11 07:40:00,5868.4137
2025-07-11 07:41:00,5868.4223
2025-07-11 07:42:00,5868.4089
2025-07-11 07:43:00,5868.4266
2025-07-11 07:44:00,5868.4044
2025-07-11 07:44:25,5868.4374
2025-07-11 07:45:00,5868.4055
2025-07-11 07:46:00,5868.4299
2025-07-11 07:47:00,5868.4305
2025-07-11 07:48:00,5868.4270
2025-07-11 07:49:00,5868.4231
2025-07-11 07:50:00,5868.4232
2025-07-11 07:51:00,5868.4250
2025-07-11 07:52:00,5868.4210
2025-07-11 07:53:00,5868.4141
2025-07-11 07:54:00,5868.4228
2025-07-11 07:55:00,5868.4179
2025-07-11 07:56:00,5868.4167
2025-07-11 07:57:00,5868.4213
2025-07-11 07:58:00,5868.4204
2025-07-11 07:59:00,5868.4032
2025-07-11 08:00:00,5868.4210
2025-07-11 08:01:00,5868.4237
2025-07-11 08:02:00,5868.4178
2025-07-11 08:03:00,5868.4194
2025-07-11 08:04:00,5868.4185
2025-07-11 08:05:00,5868.4214
2025-07-11 08:06:00,5868.4122
2025-07-11 08:07:00,5868.4164
2025-07-11 08:08:00,5868.4209
2025-07-11 08:09:00,5868.4351
2025-07-11 08:10:00,5868.4170
2025-07-11 08:11:00,5868.4166
2025-07-11 08:12:00,5868.4152
2025-07-11 08:13:00,5868.4185
2025-07-11 08:14:00,5868.4306
2025-07-11 08:15:00,5868.4204
2025-07-11 08:16:00,5868.4297
2025-07-11 08:17:00,5868.4082
2025-07-11 08:18:00,5868.4281
2025-07-11 08:19:00,5868.4265
2025-07-11 08:20:00,5868.4288
2025-07-11 08:21:00,5868.4303
2025-07-11 08:22:00,5868.4300
2025-07-11 08:23:00,5868.4479
2025-07-11 08:24:00,5868.4264
2025-07-11 08:25:00,5868.4269
2025-07-11 08:26:00,5868.4268
2025-07-11 08:27:00,5868.4361
2025-07-11 08:28:00,5868.4347
2025-07-11 08:29:00,5868.4295
2025-07-11 08:30:00,5868.4237
2025-07-11 08:31:00,5868.4283
2025-07-11 08:32:00,5868.4270
2025-07-11 08:33:00,5868.4293
2025-07-11 08:34:00,5868.4283
2025-07-11 08:35:00,5868.4237
2025-07-11 08:36:00,5868.4308
2025-07-11 08:37:00,5868.4258
2025-07-11 08:38:00,5868.4331
2025-07-11 08:39:00,5868.4253
2025-07-11 08:40:00,5868.4423
2025-07-11 08:41:00,5868.4256
2025-07-11 08:42:00,5868.4284
2025-07-11 08:43:00,5868.4426
2025-07-11 08:44:00,5868.4382
2025-07-11 08:45:00,5868.4252
2025-07-11 08:46:00,5868.4273
2025-07-11 08:47:00,5868.4244
2025-07-11 08:48:00,5868.4399
2025-07-11 08:49:00,5868.4266
2025-07-11 08:50:00,5868.4423
2025-07-11 08:51:00,5868.4423
2025-07-11 08:52:00,5868.4561
2025-07-11 08:53:00,5868.4399
2025-07-11 08:54:00,5868.4372
2025-07-11 08:55:00,5868.4518
2025-07-11 08:56:00,5868.4412
2025-07-11 08:57:00,5868.4333
2025-07-11 08:58:00,5868.4385
2025-07-11 08:59:00,5868.4436
2025-07-11 09:00:00,5868.4379
2025-07-11 09:01:00,5868.4587
2025-07-11 09:02:00,5868.4378
2025-07-11 09:03:00,5868.4333
2025-07-11 09:04:00,5868.4382
2025-07-11 09:05:00,5868.4416
2025-07-11 09:06:00,5868.4509
2025-07-11 09:07:00,5868.4563
2025-07-11 09:08:00,5868.4379
2025-07-11 09:09:00,5868.4526
2025-07-11 09:10:00,5868.4502
2025-07-11 09:11:00,5868.4343
2025-07-11 09:12:00,5868.4423
2025-07-11 09:13:00,5868.4461
2025-07-11 09:14:00,5868.4524
2025-07-11 09:15:00,5868.4523
2025-07-11 09:16:00,5868.4528
2025-07-11 09:17:00,5868.4517
2025-07-11 09:18:00,5868.4546
2025-07-11 09:19:00,5868.4515
2025-07-11 09:20:00,5868.4489
2025-07-11 09:21:00,5868.4569
2025-07-11 09:22:00,5868.4494
2025-07-11 09:23:00,5868.4475
2025-07-11 09:24:00,5868.4678
2025-07-11 09:25:00,5868.4458
2025-07-11 09:26:00,5868.4473
2025-07-11 09:27:00,5868.4691
2025-07-11 09:28:00,5868.4889
2025-07-11 09:29:00,5868.4645
2025-07-11 09:30:00,5868.4496
2025-07-11 09:31:00,5868.4478
2025-07-11 09:32:00,5868.4667
2025-07-11 09:33:00,5868.4472
2025-07-11 09:34:00,5868.4448
2025-07-11 09:35:00,5868.4638
2025-07-11 09:36:00,5868.4537
2025-07-11 09:37:00,5868.4456
2025-07-11 09:38:00,5868.4433
2025-07-11 09:39:00,5868.4587
2025-07-11 09:40:00,5868.4503
2025-07-11 09:41:00,5868.4585
2025-07-11 09:42:00,5868.4668
2025-07-11 09:43:00,5868.4652
2025-07-11 09:44:00,5868.4675
2025-07-11 09:45:00,5868.4649
2025-07-11 09:46:00,5868.4634
2025-07-11 09:47:00,5868.4631
2025-07-11 09:48:00,5868.4659
2025-07-11 09:49:00,5868.4641
2025-07-11 09:50:00,5868.4624
2025-07-11 09:51:00,5868.4374
2025-07-11 09:52:00,5868.4591
2025-07-11 09:53:00,5868.4606
2025-07-11 09:54:00,5868.4613
2025-07-11 09:55:00,5868.4758
2025-07-11 09:56:00,5868.4662
2025-07-11 09:57:00,5868.4587
2025-07-11 09:58:00,5868.4760
2025-07-11 09:59:00,5868.4619
2025-07-11 10:00:00,5868.4774
2025-07-11 10:01:00,5868.4776
2025-07-11 10:02:00,5868.4707
2025-07-11 10:03:00,5868.4800
2025-07-11 10:04:00,5868.4870
2025-07-11 10:05:00,5868.4724
2025-07-11 10:06:00,5868.4773
2025-07-11 10:07:00,5868.4934
2025-07-11 10:08:00,5868.4756
2025-07-11 10:09:00,5868.4705
2025-07-11 10:10:00,5868.4549
2025-07-11 10:11:00,5868.4624
2025-07-11 10:12:00,5868.4711
2025-07-11 10:13:00,5868.4785
2025-07-11 10:14:00,5868.4755
2025-07-11 10:15:00,5868.4868
2025-07-11 10:16:00,5868.4966
2025-07-11 10:17:00,5868.4711
2025-07-11 10:18:00,5868.4689
2025-07-11 10:19:00,5868.4712
2025-07-11 10:20:00,5868.4697
2025-07-11 10:21:00,5868.4721
2025-07-11 10:22:00,5868.4717
2025-07-11 10:23:00,5868.4712
2025-07-11 10:24:00,5868.4674
2025-07-11 10:25:00,5868.4734
2025-07-11 10:26:00,5868.4664
2025-07-11 10:27:00,5868.4965
2025-07-11 10:28:00,5868.4707
2025-07-11 10:29:00,5868.4683
2025-07-11 10:30:00,5868.4714
2025-07-11 10:31:00,5868.4744
2025-07-11 10:32:00,5868.4731
2025-07-11 10:33:00,5868.4716
2025-07-11 10:34:00,5868.4696
2025-07-11 10:35:00,5868.4880
2025-07-11 10:36:00,5868.4915
2025-07-11 10:37:00,5868.4684
2025-07-11 10:38:00,5868.4907
2025-07-11 10:39:00,5868.4940
2025-07-11 10:40:00,5868.4910
2025-07-11 10:41:00,5868.4917
2025-07-11 10:42:00,5868.4913
2025-07-11 10:43:00,5868.4839
2025-07-11 10:44:00,5868.4730
2025-07-11 10:45:00,5868.4838
2025-07-11 10:46:00,5868.4665
2025-07-11 10:47:00,5868.4693
2025-07-11 10:48:00,5868.4601
2025-07-11 10:49:00,5868.4800
2025-07-11 10:50:00,5868.4634
2025-07-11 10:51:00,5868.4894
2025-07-11 10:52:00,5868.4805
2025-07-11 10:53:00,5868.4842
2025-07-11 10:54:00,5868.4623
2025-07-11 10:55:00,5868.4855
2025-07-11 10:56:00,5868.4802
2025-07-11 10:57:00,5868.4764
2025-07-11 10:58:00,5868.4874
2025-07-11 10:59:00,5868.4819
2025-07-11 11:00:00,5868.4812
2025-07-11 11:01:00,5868.4785
2025-07-11 11:02:00,5868.4879
2025-07-11 11:03:00,5868.4777
2025-07-11 11:04:00,5868.4999
2025-07-11 11:05:00,5868.4807
2025-07-11 11:06:00,5868.4980
2025-07-11 11:07:00,5868.4789
2025-07-11 11:08:00,5868.4762
2025-07-11 11:09:00,5868.4799
2025-07-11 11:10:00,5868.4971
2025-07-11 11:11:00,5868.4940
2025-07-11 11:12:00,5868.4958
2025-07-11 11:13:00,5868.4762
2025-07-11 11:14:00,5868.5013
2025-07-11 11:15:00,5868.5000
2025-07-11 11:16:00,5868.4898
2025-07-11 11:17:00,5868.5046
2025-07-11 11:18:00,5868.4804
2025-07-11 11:19:00,5868.5067
2025-07-11 11:20:00,5868.4972
2025-07-11 11:21:00,5868.4910
2025-07-11 11:22:00,5868.4958
2025-07-11 11:23:00,5868.4953
2025-07-11 11:24:00,5868.5020
2025-07-11 11:25:00,5868.5171
2025-07-11 11:26:00,5868.5159
2025-07-11 11:27:00,5868.5135
2025-07-11 11:28:00,5868.4952
2025-07-11 11:29:00,5868.5121
2025-07-11 11:30:00,5868.4876
2025-07-11 11:31:00,5868.4775
2025-07-11 11:32:00,5868.4901
2025-07-11 11:33:00,5868.4966
2025-07-11 11:34:00,5868.5223
2025-07-11 11:35:00,5868.4941
2025-07-11 11:36:00,5868.4872
2025-07-11 11:37:00,5868.4915
2025-07-11 11:38:00,5868.4929
2025-07-11 11:39:00,5868.4851
2025-07-11 11:40:00,5868.4887
2025-07-11 11:41:00,5868.4988
2025-07-11 11:42:00,5868.4954
2025-07-11 11:43:00,5868.5050
2025-07-11 11:44:00,5868.4884
2025-07-11 11:45:00,5868.4702
2025-07-11 11:46:00,5868.4882
2025-07-11 11:47:00,5868.4928
2025-07-11 11:48:00,5868.4877
2025-07-11 11:49:00,5868.4860
2025-07-11 11:50:00,5868.4818
2025-07-11 11:51:00,5868.4970
2025-07-11 11:52:00,5868.4943
2025-07-11 11:53:00,5868.4918
2025-07-11 11:54:00,5868.4815
2025-07-11 11:55:00,5868.4911
2025-07-11 11:56:00,5868.4888
2025-07-11 11:57:00,5868.4955
2025-07-11 11:58:00,5868.4883
2025-07-11 11:59:00,5868.4942
2025-07-11 12:00:00,5868.4848
2025-07-11 12:01:00,5868.5025
2025-07-11 12:02:00,5868.4627
2025-07-11 12:03:00,5868.4862
2025-07-11 12:04:00,5868.5107
2025-07-11 12:05:00,5868.5018
2025-07-11 12:06:00,5868.5104
2025-07-11 12:07:00,5868.5087
2025-07-11 12:08:00,5868.5045
2025-07-11 12:09:00,5868.5001
2025-07-11 12:10:00,5868.4777
2025-07-11 12:11:00,5868.4816
2025-07-11 12:12:00,5868.4860
2025-07-11 12:13:00,5868.5265
2025-07-11 12:14:00,5868.5055
2025-07-11 12:15:00,5868.5226
2025-07-11 12:16:00,5868.5225
2025-07-11 12:17:00,5868.4983
2025-07-11 12:18:00,5868.4956
2025-07-11 12:19:00,5868.5273
2025-07-11 12:20:00,5868.5067
2025-07-11 12:21:00,5868.4971
2025-07-11 12:22:00,5868.5037
2025-07-11 12:23:00,5868.5020
2025-07-11 12:24:00,5868.5054
2025-07-11 12:25:00,5868.5005
2025-07-11 12:26:00,5868.5247
2025-07-11 12:27:00,5868.5470
2025-07-11 12:28:00,5868.5465
2025-07-11 12:29:00,5868.5051
2025-07-11 12:30:00,5868.4967
2025-07-11 12:31:00,5868.5060
2025-07-11 12:32:00,5868.5067
2025-07-11 12:33:00,5868.5226
2025-07-11 12:34:00,5868.5148
2025-07-11 12:35:00,5868.5181
2025-07-11 12:36:00,5868.5237
2025-07-11 12:37:00,5868.4997
2025-07-11 12:38:00,5868.5005
2025-07-11 12:39:00,5868.4932
2025-07-11 12:40:00,5868.4988
2025-07-11 12:41:00,5868.5032
2025-07-11 12:42:00,5868.4784
2025-07-11 12:43:00,5868.5160
2025-07-11 12:44:00,5868.4993
2025-07-11 12:45:00,5868.5196
2025-07-11 12:46:00,5868.5325
2025-07-11 12:47:00,5868.4926
2025-07-11 12:48:00,5868.5151
2025-07-11 12:49:00,5868.5263
2025-07-11 12:50:00,5868.7765
2025-07-11 12:51:00,5868.5180
2025-07-11 12:52:00,5868.7736
2025-07-11 12:53:00,5868.5365
2025-07-11 12:54:00,5868.5383
2025-07-11 12:55:00,5868.5358
2025-07-11 12:56:00,5868.5197
2025-07-11 12:57:00,5868.7757
2025-07-11 12:58:00,5868.7783
2025-07-11 12:59:00,5868.5376
2025-07-11 13:00:00,5868.5152
2025-07-11 13:01:00,5868.5139
2025-07-11 13:02:00,5868.5373
2025-07-11 13:03:00,5868.5132
2025-07-11 13:04:00,5868.5435
2025-07-11 13:05:00,5868.5371
2025-07-11 13:06:00,5868.5367
2025-07-11 13:07:00,5868.5316
2025-07-11 13:08:00,5869.2176
2025-07-11 13:09:00,5868.5399
2025-07-11 13:10:00,5868.5384
2025-07-11 13:11:00,5868.5327
2025-07-11 13:12:00,5868.5235
2025-07-11 13:13:00,5868.5329
2025-07-11 13:14:00,5868.5441
2025-07-11 13:15:00,5868.5396
2025-07-11 13:16:00,5868.5287
2025-07-11 13:17:00,5868.5328
2025-07-11 13:18:00,5868.7778
2025-07-11 13:19:00,5868.5268
2025-07-11 13:20:00,5868.5349
2025-07-11 13:21:00,5868.7733
2025-07-11 13:22:00,5868.5343
2025-07-11 13:23:00,5868.7816
2025-07-11 13:24:00,5868.7736
2025-07-11 13:25:00,5868.5350
2025-07-11 13:26:00,5868.7703
2025-07-11 13:27:00,5869.2092
2025-07-11 13:28:00,5868.7832
2025-07-11 13:29:00,5868.7808
2025-07-11 13:30:00,5869.2081
2025-07-11 13:31:00,5868.7756
2025-07-11 13:32:00,5868.7722
2025-07-11 13:33:00,5868.7696
2025-07-11 13:34:00,5868.7654
2025-07-11 13:35:00,5869.2082
2025-07-11 13:36:00,5868.7754
2025-07-11 13:37:00,5868.7678
2025-07-11 13:38:00,5868.7772
2025-07-11 13:39:00,5868.7754
2025-07-11 13:40:00,5868.7752
2025-07-11 13:41:00,5869.2116
2025-07-11 13:42:00,5869.2056
2025-07-11 13:43:00,5869.2057
2025-07-11 13:44:00,5869.2087
2025-07-11 13:45:00,5868.7755
2025-07-11 13:46:00,5869.2086
2025-07-11 13:47:00,5802.3760
2025-07-11 13:48:00,5868.7653
2025-07-11 13:49:00,5869.2050
2025-07-11 13:50:00,5869.2059
2025-07-11 13:51:00,5869.2010
2025-07-11 13:52:00,5869.2070
2025-07-11 13:53:00,5869.2088
2025-07-11 13:54:00,5869.2139
2025-07-11 13:55:00,5869.2057
2025-07-11 13:56:00,5802.3929
2025-07-11 13:57:00,5869.2041
2025-07-11 13:58:00,5802.3845
2025-07-11 13:59:00,5802.3799
2025-07-11 14:00:00,5802.3887
2025-07-11 14:01:00,5869.2045
2025-07-11 14:02:00,5802.3932
2025-07-11 14:03:00,5802.3843
2025-07-11 14:04:00,5869.1968
2025-07-11 14:05:00,5869.2068
2025-07-11 14:06:00,5869.2093
2025-07-11 14:07:00,5869.2012
2025-07-11 14:08:00,5869.2020
2025-07-11 14:09:00,5869.2005
2025-07-11 14:10:00,5869.2012
2025-07-11 14:11:00,5869.2066
2025-07-11 14:12:00,5802.3804
2025-07-11 14:13:00,5869.2012
2025-07-11 14:14:00,5869.2021
2025-07-11 14:15:00,5802.3713
2025-07-11 14:16:00,5868.5089
2025-07-11 14:17:00,5869.2013
2025-07-11 14:18:00,5802.3803
2025-07-11 14:19:00,5869.2022
2025-07-11 14:20:00,5869.1976
2025-07-11 14:21:00,5869.2019
2025-07-11 14:22:00,5802.3797
2025-07-11 14:23:00,5802.3860
2025-07-11 14:24:00,5869.2027
2025-07-11 14:25:00,5802.3817
2025-07-11 14:26:00,5868.4988
2025-07-11 14:27:00,5868.5025
2025-07-11 14:28:00,5868.7553
2025-07-11 14:29:00,5868.5188
2025-07-11 14:30:00,5868.5273
2025-07-11 14:31:00,5868.5160
2025-07-11 14:32:00,5868.7466
2025-07-11 14:33:00,5868.5148
2025-07-11 14:34:00,5868.5123
2025-07-11 14:35:00,5868.5176
2025-07-11 14:36:00,5868.5220
2025-07-11 14:37:00,5868.5186
2025-07-11 14:38:00,5868.5254
2025-07-11 14:39:00,5868.5204
2025-07-11 14:40:00,5868.7571
2025-07-11 14:41:00,5868.7502
2025-07-11 14:42:00,5868.7551
2025-07-11 14:43:00,5869.2020
2025-07-11 14:44:00,5869.2012
2025-07-11 14:45:00,5869.1976
2025-07-11 14:46:00,5868.5191
2025-07-11 14:47:00,5868.7586
2025-07-11 14:48:00,5868.7624
2025-07-11 14:49:00,5868.7494
2025-07-11 14:50:00,5869.1929
2025-07-11 14:51:00,5868.7452
2025-07-11 14:52:00,5869.1991
2025-07-11 14:53:00,5869.1928
2025-07-11 14:54:00,5868.7577
2025-07-11 14:55:00,5868.7600
2025-07-11 14:56:00,5868.7585
2025-07-11 14:57:00,5869.1960
2025-07-11 14:58:00,5869.1907
2025-07-11 14:59:00,5868.7489
2025-07-11 15:00:00,5868.5149
2025-07-11 15:01:00,5869.2025
2025-07-11 15:02:00,5868.7472
2025-07-11 15:03:00,5868.7481
2025-07-11 15:04:00,5869.1957
2025-07-11 15:05:00,5802.3724
2025-07-11 15:06:00,5869.1876
2025-07-11 15:07:00,5802.3705
2025-07-11 15:08:00,5869.1912
2025-07-11 15:09:00,5869.2011
2025-07-11 15:10:00,5869.1932
2025-07-11 15:11:00,5802.3749
2025-07-11 15:12:00,5802.3719
2025-07-11 15:13:00,5868.7455
2025-07-11 15:14:00,5802.3667
2025-07-11 15:15:00,5802.3718
2025-07-11 15:16:00,5869.1963
2025-07-11 15:17:00,5869.1898
2025-07-11 15:18:00,5802.3703
2025-07-11 15:19:00,5801.1110
2025-07-11 15:20:00,5869.1912
2025-07-11 15:21:00,5801.1106
2025-07-11 15:22:00,5802.3655
2025-07-11 15:23:00,5869.1905
2025-07-11 15:24:00,5802.3622
2025-07-11 15:25:00,5802.3761
2025-07-11 15:26:00,5869.1954
2025-07-11 15:27:00,5802.3735
2025-07-11 15:28:00,5869.1975
2025-07-11 15:29:00,5802.3698
2025-07-11 15:30:00,5802.3711
2025-07-11 15:31:00,5869.1934
2025-07-11 15:32:00,5869.1891
2025-07-11 15:33:00,5869.1908
2025-07-11 15:34:00,5802.3720
2025-07-11 15:35:00,5802.3692
2025-07-11 15:36:00,5802.3691
2025-07-11 15:37:00,5869.1892
2025-07-11 15:38:00,5802.3662
2025-07-11 15:39:00,5802.3685
2025-07-11 15:40:00,5869.1928
2025-07-11 15:41:00,5801.1101
2025-07-11 15:42:00,5869.1921
2025-07-11 15:43:00,5802.3644
2025-07-11 15:44:00,5869.1978
2025-07-11 15:45:00,5869.1894
2025-07-11 15:46:00,5802.3715
2025-07-11 15:47:00,5801.1119
2025-07-11 15:48:00,5801.1123
2025-07-11 15:49:00,5802.3643
2025-07-11 15:50:00,5802.3606
2025-07-11 15:51:00,5801.1117
2025-07-11 15:52:00,5802.3711
2025-07-11 15:53:00,5801.1107
2025-07-11 15:54:00,5801.1136
2025-07-11 15:54:14,5841.0654
2025-07-11 15:55:00,5841.0655
2025-07-11 15:56:00,5841.0566
2025-07-11 15:57:00,5841.1497
2025-07-11 15:58:00,5841.0162
2025-07-11 15:58:39,6206.5817
2025-07-11 15:59:00,6205.4064
2025-07-11 16:00:00,5940.5014
2025-07-11 16:01:00,5940.3485
2025-07-11 16:02:00,5940.3897
2025-07-11 16:03:00,5940.1534
2025-07-11 16:04:00,6234.8507
2025-07-11 16:05:00,6254.9687
2025-07-11 16:06:00,6248.1298
2025-07-11 16:07:00,6248.2665
2025-07-11 16:08:00,6248.0095
2025-07-11 16:09:00,6254.9709
2025-07-11 16:10:00,5309.4275
2025-07-11 16:11:00,5309.8498
2025-07-11 16:12:00,5309.5263
2025-07-11 16:13:00,5311.5176
2025-07-11 16:14:00,5341.9691
2025-07-11 16:15:00,5340.2525
2025-07-11 16:15:04,5339.8362
2025-07-11 16:16:00,5354.2378
2025-07-11 16:17:00,5350.0483
2025-07-11 16:18:00,5357.5015
2025-07-11 16:19:00,5184.3091
2025-07-11 16:20:00,5182.3113
2025-07-11 16:21:00,5182.7250
2025-07-11 16:22:00,5182.8645
2025-07-11 16:23:00,5186.1251
2025-07-11 16:24:00,5053.7186
2025-07-11 16:24:40,5054.3127
2025-07-11 16:25:00,5054.3127
2025-07-11 16:26:00,5053.1425
2025-07-11 16:27:00,5053.3457
2025-07-11 16:28:00,5054.0250
2025-07-11 16:28:23,5055.0300
2025-07-11 16:29:00,5053.4041
2025-07-11 16:30:00,3556.2368
2025-07-11 16:31:00,3491.3480
2025-07-11 16:32:00,3564.0358
2025-07-11 16:33:00,3593.0678
2025-07-11 16:34:00,3567.6299
2025-07-11 16:35:00,3567.5316
2025-07-11 16:36:00,3571.9045
2025-07-11 16:37:00,3615.0834
2025-07-11 16:38:00,3617.8628
2025-07-11 16:39:00,3620.6126
2025-07-11 16:40:00,3572.0012
2025-07-11 16:41:00,3578.3517
2025-07-11 16:42:00,5017.9977
2025-07-11 16:43:00,3596.1129
2025-07-11 16:44:00,3621.7344
2025-07-11 16:45:00,3595.2917
2025-07-11 16:46:00,3625.1450
2025-07-11 16:47:00,3616.8735
2025-07-11 16:48:00,5017.9626
2025-07-11 16:49:00,5018.4817
2025-07-11 16:50:00,3551.6340
2025-07-11 16:51:00,3530.9873
2025-07-11 16:52:00,3510.3243
2025-07-11 16:53:00,3551.5117
2025-07-11 16:54:00,3556.9372
2025-07-11 16:55:00,3579.1122
2025-07-11 16:56:00,3609.2028
2025-07-11 16:57:00,3563.6128
2025-07-11 16:58:00,3626.5158
2025-07-11 16:59:00,3629.3168
2025-07-11 17:00:00,3604.0532
2025-07-11 17:01:00,3604.8482
2025-07-11 17:02:00,5017.9670
2025-07-11 17:03:00,5018.0463
2025-07-11 17:04:00,3624.6416
2025-07-11 17:05:00,5018.0897
2025-07-11 17:06:00,5018.0830
2025-07-11 17:07:00,5019.0492
2025-07-11 17:08:00,5018.5271
2025-07-11 17:09:00,5019.4022
2025-07-11 17:10:00,5019.1344
2025-07-11 17:11:00,5019.0214
2025-07-11 17:12:00,5019.6101
2025-07-11 17:13:00,5019.4914
2025-07-11 17:14:00,5019.3499
2025-07-11 17:15:00,5019.9738
2025-07-11 17:16:00,5021.3173
2025-07-11 17:17:00,5021.3912
2025-07-11 17:18:00,5021.2275
2025-07-11 17:19:00,5020.6432
2025-07-11 17:20:00,5020.5902
2025-07-11 17:21:00,5021.9970
2025-07-11 17:22:00,5021.2857
2025-07-11 17:23:00,5021.4282
2025-07-11 17:24:00,5021.0625
2025-07-11 17:25:00,5021.2846
2025-07-11 17:26:00,5020.6934
2025-07-11 17:27:00,5021.2861
2025-07-11 17:28:00,5020.8690
2025-07-11 17:29:00,5022.0136
2025-07-11 17:30:00,5021.0613
2025-07-11 17:31:00,5022.1448
2025-07-11 17:32:00,5021.5144
2025-07-11 17:33:00,5020.8090
2025-07-11 17:34:00,5022.0721
2025-07-11 17:35:00,5020.7963
2025-07-11 17:36:00,5022.0252
2025-07-11 17:37:00,5021.3519
2025-07-11 17:38:00,5021.8367
2025-07-11 17:39:00,5022.7883
2025-07-11 17:40:00,5022.1988
2025-07-11 17:41:00,5022.1401
2025-07-11 17:42:00,5021.4359
2025-07-11 17:43:00,5022.0896
2025-07-11 17:44:00,5021.2944
2025-07-11 17:45:00,5022.7514
2025-07-11 17:46:00,5022.6719
2025-07-11 17:47:00,5027.6053
2025-07-11 17:48:00,5022.8387
2025-07-11 17:49:00,5024.7377
2025-07-11 17:50:00,5024.2412
2025-07-11 17:51:00,5024.2243
2025-07-11 17:52:00,5023.3299
2025-07-11 17:53:00,5023.9520
2025-07-11 17:53:40,5023.8373
2025-07-11 17:54:00,5023.8373
2025-07-11 17:54:23,5023.3977
2025-07-11 17:55:00,5023.3977
2025-07-11 17:56:00,5022.6482
2025-07-11 17:57:00,5024.2277
2025-07-11 17:58:00,5023.2099
2025-07-11 17:59:00,5023.4536
2025-07-11 18:00:00,5024.0471
2025-07-11 18:01:00,5024.0564
2025-07-11 18:02:00,5024.2770
2025-07-11 18:03:00,5023.3096
2025-07-11 18:04:00,5023.0032
2025-07-11 18:05:00,5024.1496
2025-07-11 18:05:24,5023.8698
2025-07-11 18:06:00,5022.4554
2025-07-11 18:06:24,5022.7458
2025-07-11 18:07:00,5024.1892
2025-07-11 18:08:00,5024.3385
2025-07-11 18:09:00,5023.3819
2025-07-11 18:10:00,5023.5427
2025-07-11 18:11:00,5023.3391
2025-07-11 18:12:00,5022.8476
2025-07-11 18:13:00,5023.4853
2025-07-11 18:13:32,5022.5193
2025-07-11 18:14:00,5023.2128
2025-07-11 18:14:18,5023.4760
2025-07-11 18:15:00,5024.2161
2025-07-11 18:16:00,5023.5655
2025-07-11 18:17:00,5024.0941
2025-07-11 18:18:00,5022.5521
2025-07-11 18:19:00,5023.3481
2025-07-11 18:20:00,5023.4918
2025-07-11 18:21:00,5023.5017
2025-07-11 18:22:00,5024.0697
2025-07-11 18:23:00,5023.2986
2025-07-11 18:24:00,5023.3550
2025-07-11 18:25:00,5022.7872
2025-07-11 18:26:00,5022.5968
2025-07-11 18:27:00,5022.8808
2025-07-11 18:28:00,5022.6257
2025-07-11 18:29:00,5022.5761
2025-07-11 18:30:00,5022.7764
2025-07-11 18:31:00,5023.2754
2025-07-11 18:32:00,5023.0342
2025-07-11 18:33:00,5022.8738
2025-07-11 18:34:00,5022.0724
2025-07-11 18:35:00,5022.6950
2025-07-11 18:36:00,5022.0147
2025-07-11 18:37:00,5022.0792
2025-07-11 18:38:00,5021.5390
2025-07-11 18:39:00,5022.8286
2025-07-11 18:40:00,5022.8899
2025-07-11 18:41:00,5022.1744
2025-07-11 18:42:00,5022.2070
2025-07-11 18:43:00,5021.4249
2025-07-11 18:44:00,5021.0427
2025-07-11 18:45:00,5020.1281
2025-07-11 18:46:00,5020.9032
2025-07-11 18:47:00,5021.4624
2025-07-11 18:48:00,5020.9488
2025-07-11 18:49:00,5021.5018
2025-07-11 18:50:00,5021.5039
2025-07-11 18:51:00,5020.8246
2025-07-11 18:52:00,5022.0520
2025-07-11 18:53:00,5022.9407
2025-07-11 18:54:00,5021.3274
2025-07-11 18:55:00,5020.6394
2025-07-11 18:56:00,5021.5624
2025-07-11 18:57:00,5021.6980
2025-07-11 18:58:00,5020.7645
2025-07-11 18:59:00,5021.2870
2025-07-11 19:00:00,5020.8392
2025-07-11 19:01:00,5020.8275
2025-07-11 19:02:00,5020.3491
2025-07-11 19:03:00,5020.3835
2025-07-11 19:04:00,5020.8453
2025-07-11 19:05:00,5021.4181
2025-07-11 19:06:00,5020.8280
2025-07-11 19:07:00,5020.8242
2025-07-11 19:08:00,5020.7207
2025-07-11 19:09:00,5020.2061
2025-07-11 19:10:00,5019.6976
2025-07-11 19:11:00,5019.7752
2025-07-11 19:12:00,5019.1265
2025-07-11 19:13:00,5019.5177
2025-07-11 19:13:09,5019.4377
2025-07-11 19:13:41,5020.4735
2025-07-11 19:14:00,5020.4735
2025-07-11 19:15:00,5020.8345
2025-07-11 19:16:00,5019.5636
2025-07-11 19:17:00,5019.5710
2025-07-11 19:18:00,5020.7658
2025-07-11 19:19:00,5020.2731
2025-07-11 19:20:00,5019.7068
2025-07-11 19:20:18,5019.3521
2025-07-11 19:21:00,5019.3521
2025-07-11 19:21:23,5019.8103
2025-07-11 19:22:00,5019.8103
2025-07-11 19:23:00,5020.2689
2025-07-11 19:24:00,5019.6749
2025-07-11 19:25:00,5019.7363
2025-07-11 19:26:00,5019.8176
2025-07-11 19:27:00,5019.0796
2025-07-11 19:28:00,5019.6174
2025-07-11 19:29:00,5019.6860
2025-07-11 19:30:00,5019.1594
2025-07-11 19:31:00,5019.0912
2025-07-11 19:32:00,5019.7814
2025-07-11 19:33:00,5019.4207
2025-07-11 19:34:00,5018.5938
2025-07-11 19:35:00,5019.4987
2025-07-11 19:36:00,5019.8240
2025-07-11 19:37:00,5020.1570
2025-07-11 19:38:00,5019.6178
2025-07-11 19:39:00,5019.5916
2025-07-11 19:40:00,5020.3396
2025-07-11 19:41:00,5020.0269
2025-07-11 19:42:00,5020.0440
2025-07-11 19:43:00,5020.1999
2025-07-11 19:44:00,5020.9419
2025-07-11 19:45:00,5020.1607
2025-07-11 19:46:00,5019.7306
2025-07-11 19:47:00,5020.1061
2025-07-11 19:48:00,5019.6076
2025-07-11 19:49:00,5019.5347
2025-07-11 19:50:00,5020.2228
2025-07-11 19:51:00,5020.7107
2025-07-11 19:52:00,5020.7319
2025-07-11 19:53:00,5018.9408
2025-07-11 19:54:00,5020.1552
2025-07-11 19:55:00,5020.2603
2025-07-11 19:56:00,5020.1842
2025-07-11 19:57:00,5019.5080
2025-07-11 19:58:00,5019.7088
2025-07-11 19:59:00,5020.0406
2025-07-11 20:00:00,5020.0885
2025-07-11 20:01:00,5020.1090
2025-07-11 20:02:00,5020.0234
2025-07-11 20:03:00,5020.1561
2025-07-11 20:04:00,5239.2468
2025-07-11 20:05:00,5226.7581
2025-07-11 20:06:00,5239.6394
2025-07-11 20:07:00,5233.8607
2025-07-11 20:08:00,5238.7526
2025-07-11 20:09:00,6281.1778
2025-07-11 20:10:00,4178.9773
2025-07-11 20:11:00,4177.4044
2025-07-11 20:12:00,3254.2810
2025-07-11 20:13:00,3254.3446
2025-07-11 20:14:00,4172.8885
2025-07-11 20:15:00,4173.5576
2025-07-11 20:16:00,4173.3829
2025-07-11 20:17:00,4164.4427
2025-07-11 20:18:00,4172.8130
2025-07-11 20:19:00,4166.6617
2025-07-11 20:19:21,4160.4767
2025-07-11 20:20:00,4148.9404
2025-07-11 20:21:00,4146.2849
2025-07-11 20:22:00,4160.8877
2025-07-11 20:23:00,4140.9499
2025-07-11 20:24:00,4133.9915
2025-07-11 20:25:00,4136.5222
2025-07-11 20:26:00,4132.9050
2025-07-11 20:27:00,4137.0194
2025-07-11 20:28:00,4131.8648
2025-07-11 20:29:00,4102.4365
2025-07-11 20:29:38,4090.3792
2025-07-11 20:30:00,4090.3792
2025-07-11 20:31:00,4097.4934
2025-07-11 20:32:00,4090.9234
2025-07-11 20:33:00,4109.9582
2025-07-11 20:34:00,6281.1778
2025-07-11 20:35:00,6281.1778
2025-07-11 20:36:00,6281.1778
2025-07-11 20:37:00,6281.1778
2025-07-11 20:38:00,6281.1778
2025-07-11 20:39:00,6281.1778
2025-07-11 20:40:00,6281.1778
2025-07-11 20:41:00,6281.1778
2025-07-11 20:42:00,6281.1778
2025-07-11 20:43:00,6281.1778
2025-07-11 20:44:00,6281.1778
2025-07-11 20:45:00,6281.1778
2025-07-11 20:46:00,6281.1778
2025-07-11 20:47:00,6281.1778
2025-07-11 20:48:00,6281.1778
2025-07-11 20:49:00,6281.1778
2025-07-11 20:50:00,6281.1778
2025-07-11 20:51:00,6281.1778
2025-07-11 20:52:00,6281.1778
2025-07-11 20:53:00,6281.1778
2025-07-11 20:54:00,6281.1778
2025-07-11 20:55:00,6281.1778
2025-07-11 20:56:00,6281.1778
2025-07-11 20:57:00,6281.1778
2025-07-11 20:58:00,6281.1778
2025-07-11 20:59:00,6281.1778
2025-07-11 21:00:00,6281.1778
2025-07-11 21:01:00,6281.1778
2025-07-11 21:02:00,6281.1778
2025-07-11 21:03:00,6281.1778
2025-07-11 21:04:00,6281.1778
2025-07-11 21:05:00,6281.1778
2025-07-11 21:06:00,6281.1778
2025-07-11 21:07:00,6281.1778
2025-07-11 21:08:00,6281.1778
2025-07-11 21:09:00,6281.1778
2025-07-11 21:10:00,6281.1778
2025-07-11 21:11:00,6281.1778
2025-07-11 21:12:00,6281.1778
2025-07-11 21:13:00,6281.1778
2025-07-11 21:14:00,6281.1778
2025-07-11 21:15:00,6281.1778
2025-07-11 21:16:00,6281.1778
2025-07-11 21:17:00,6281.1778
2025-07-11 21:18:00,6281.1778
2025-07-11 21:19:00,6281.1778
2025-07-11 21:20:00,6281.1778
2025-07-11 21:21:00,6281.1778
2025-07-11 21:22:00,6281.1778
2025-07-11 21:23:00,6281.1778
2025-07-11 21:24:00,6281.1778
2025-07-11 21:25:00,6281.1778
2025-07-11 21:25:23,6281.1778
2025-07-11 21:26:00,6281.1778
2025-07-11 21:26:22,6281.1778
2025-07-11 21:27:00,6281.1778
2025-07-11 21:28:00,6281.1778
2025-07-11 21:29:00,6281.1778
2025-07-11 21:30:00,6281.1778
2025-07-11 21:31:00,6281.1778
2025-07-11 21:32:00,6281.1778
2025-07-11 21:33:00,6281.1778
2025-07-11 21:34:00,6281.1778
2025-07-11 21:34:22,6281.1778
2025-07-11 21:35:00,6281.1778
2025-07-11 21:36:00,6281.1778
2025-07-11 21:37:00,6281.1778
2025-07-11 21:38:00,6281.1778
2025-07-11 21:39:00,6281.1778
2025-07-11 21:40:00,6281.1778
2025-07-11 21:41:00,6281.1778
2025-07-11 21:41:40,6281.1778
2025-07-11 21:42:00,6281.1778
2025-07-11 21:42:17,6281.1778
2025-07-11 21:43:00,6281.1778
2025-07-11 21:44:00,6281.1778
2025-07-11 21:45:00,6281.1778
2025-07-11 21:46:00,6281.1778
2025-07-11 21:47:00,6281.1778
2025-07-11 21:48:00,6281.1778
2025-07-11 21:49:00,6281.1778
2025-07-11 21:50:00,6281.1778
2025-07-11 21:51:00,6281.1778
2025-07-11 21:52:00,6281.1778
2025-07-11 21:53:00,6281.1778
2025-07-11 21:54:00,6281.1778
2025-07-11 21:55:00,6281.1778
2025-07-11 21:56:00,6281.1778
2025-07-11 21:57:00,6281.1778
2025-07-11 21:58:00,6281.1778
2025-07-11 21:59:00,6281.1778
2025-07-11 22:00:00,6281.1778
2025-07-11 22:01:00,6281.1778
2025-07-11 22:02:00,6281.1778
2025-07-11 22:03:00,6281.1778
2025-07-11 22:04:00,6281.1778
2025-07-11 22:05:00,6281.1778
2025-07-11 22:06:00,6281.1778
2025-07-11 22:07:00,6281.1778
2025-07-11 22:08:00,6281.1778
2025-07-11 22:09:00,6281.1778
2025-07-11 22:10:00,6281.1778
2025-07-11 22:11:00,6281.1778
2025-07-11 22:12:00,6281.1778
2025-07-11 22:13:00,6281.1778
2025-07-11 22:14:00,6281.1778
2025-07-11 22:15:00,6281.1778
2025-07-11 22:16:00,6281.1778
2025-07-11 22:17:00,6281.1778
2025-07-11 22:18:00,6281.1778
2025-07-11 22:19:00,6281.1778
2025-07-11 22:20:00,6281.1778
2025-07-11 22:21:00,6281.1778
2025-07-11 22:22:00,6281.1778
2025-07-11 22:23:00,6281.1778
2025-07-11 22:24:00,6281.1778
2025-07-11 22:25:00,6281.1778
2025-07-11 22:26:00,6281.1778
2025-07-11 22:27:00,6281.1778
2025-07-11 22:28:00,6281.1778
2025-07-11 22:29:00,6281.1778
2025-07-11 22:30:00,6281.1778
2025-07-11 22:31:00,6281.1778
2025-07-11 22:32:00,6281.1778
2025-07-11 22:33:00,6281.1778
2025-07-11 22:34:00,6281.1778
2025-07-11 22:35:00,6281.1778
2025-07-11 22:36:00,6281.1778
2025-07-11 22:37:00,6281.1778
2025-07-11 22:38:00,6281.1778
2025-07-11 22:39:00,6281.1778
2025-07-11 22:40:00,6281.1778
2025-07-11 22:41:00,6281.1778
2025-07-11 22:42:00,6281.1778
2025-07-11 22:43:00,6281.1778
2025-07-11 22:44:00,6281.1778
2025-07-11 22:45:00,6281.1778
2025-07-11 22:46:00,6281.1778
2025-07-11 22:47:00,6281.1778
2025-07-11 22:48:00,6281.1778
2025-07-11 22:49:00,6281.1778
2025-07-11 22:50:00,6281.1778
2025-07-11 22:51:00,6281.1778
2025-07-11 22:52:00,6281.1778
2025-07-11 22:53:00,6281.1778
2025-07-11 22:54:00,6281.1778
2025-07-11 22:55:00,6281.1778
2025-07-11 22:56:00,6281.1778
2025-07-11 22:57:00,6281.1778
2025-07-11 22:58:00,6281.1778
2025-07-11 22:59:00,6281.1778
2025-07-11 23:00:00,6281.1778
2025-07-11 23:01:00,6281.1778
2025-07-11 23:02:00,6281.1778
2025-07-11 23:03:00,6281.1778
2025-07-11 23:04:00,6281.1778
2025-07-11 23:05:00,6281.1778
2025-07-11 23:06:00,6281.1778
2025-07-11 23:07:00,6281.1778
2025-07-11 23:08:00,6281.1778
2025-07-11 23:09:00,6281.1778
2025-07-11 23:10:00,6281.1778
2025-07-11 23:11:00,6281.1778
2025-07-11 23:12:00,6281.1778
2025-07-11 23:13:00,6281.1778
2025-07-11 23:14:00,6281.1778
2025-07-11 23:15:00,6281.1778
2025-07-11 23:16:00,6281.1778
2025-07-11 23:17:00,6281.1778
2025-07-11 23:18:00,6281.1778
2025-07-11 23:19:00,6281.1778
2025-07-11 23:20:00,6281.1778
2025-07-11 23:21:00,6281.1778
2025-07-11 23:22:00,6281.1778
2025-07-11 23:23:00,6281.1778
2025-07-11 23:24:00,6281.1778
2025-07-11 23:25:00,6281.1778
2025-07-11 23:26:00,6281.1778
2025-07-11 23:27:00,6281.1778
2025-07-11 23:28:00,6281.1778
2025-07-11 23:29:00,6281.1778
2025-07-11 23:30:00,6281.1778
2025-07-11 23:31:00,6281.1778
2025-07-11 23:32:00,6281.1778
2025-07-11 23:33:00,6281.1778
2025-07-11 23:34:00,6281.1778
2025-07-11 23:35:00,6281.1778
2025-07-11 23:36:00,6281.1778
2025-07-11 23:37:00,6281.1778
2025-07-11 23:38:00,6281.1778
2025-07-11 23:38:38,6281.1778
2025-07-11 23:39:00,6281.1778
2025-07-11 23:40:00,6281.1778
2025-07-11 23:41:00,6281.1778
2025-07-11 23:42:00,6281.1778
2025-07-11 23:43:00,6281.1778
2025-07-11 23:44:00,6281.1778
2025-07-11 23:45:00,6281.1778
2025-07-11 23:46:00,6281.1778
2025-07-11 23:47:00,6281.1778
2025-07-11 23:48:00,6281.1778
2025-07-11 23:49:00,6281.1778
2025-07-11 23:50:00,6281.1778
2025-07-11 23:51:00,6281.1778
2025-07-11 23:52:00,6281.1778
2025-07-11 23:53:00,6281.1778
2025-07-11 23:54:00,6281.1778
2025-07-11 23:55:00,6281.1778
2025-07-11 23:56:00,6281.1778
2025-07-11 23:57:00,6281.1778
2025-07-11 23:58:00,6281.1778
2025-07-11 23:59:00,6281.1778
2025-07-12 00:00:00,6281.1778
2025-07-12 00:01:00,6281.1778
2025-07-12 00:02:00,6281.1778
2025-07-12 00:03:00,6281.1778
2025-07-12 00:04:00,6281.1778
2025-07-12 00:05:00,6281.1778
2025-07-12 00:06:00,6281.1778
2025-07-12 00:07:00,6281.1778
2025-07-12 00:08:00,6281.1778
2025-07-12 00:09:00,6281.1778
2025-07-12 00:10:00,6281.1778
2025-07-12 00:11:00,6281.1778
2025-07-12 00:12:00,6281.1778
2025-07-12 00:13:00,6281.1778
2025-07-12 00:14:00,6281.1778
2025-07-12 00:15:00,6281.1778
2025-07-12 00:16:00,6281.1778
2025-07-12 00:17:00,6281.1778
2025-07-12 00:18:00,6281.1778
2025-07-12 00:19:00,6281.1778
2025-07-12 00:20:00,6281.1778
2025-07-12 00:21:00,6281.1778
2025-07-12 00:22:00,6281.1778
2025-07-12 00:23:00,6281.1778
2025-07-12 00:24:00,6281.1778
2025-07-12 00:25:00,6281.1778
2025-07-12 00:26:00,6281.1778
2025-07-12 00:27:00,6281.1778
2025-07-12 00:28:00,6281.1778
2025-07-12 00:29:00,6281.1778
2025-07-12 00:30:00,6281.1778
2025-07-12 00:31:00,6281.1778
2025-07-12 00:32:00,6281.1778
2025-07-12 00:33:00,6281.1778
2025-07-12 00:34:00,6281.1778
2025-07-12 00:35:00,6281.1778
2025-07-12 00:36:00,6281.1778
2025-07-12 00:37:00,6281.1778
2025-07-12 00:38:00,6281.1778
2025-07-12 00:39:00,6281.1778
2025-07-12 00:40:00,6281.1778
2025-07-12 00:41:00,6281.1778
2025-07-12 00:42:00,6281.1778
2025-07-12 00:43:00,6281.1778
2025-07-12 00:44:00,6281.1778
2025-07-12 00:45:00,6281.1778
2025-07-12 00:46:00,6281.1778
2025-07-12 00:47:00,6281.1778
2025-07-12 00:48:00,6281.1778
2025-07-12 00:49:00,6281.1778
2025-07-12 00:50:00,6281.1778
2025-07-12 00:51:00,6281.1778
2025-07-12 00:52:00,6281.1778
2025-07-12 00:53:00,6281.1778
2025-07-12 00:54:00,6281.1778
2025-07-12 00:55:00,6281.1778
2025-07-12 00:56:00,6281.1778
2025-07-12 00:57:00,6281.1778
2025-07-12 00:58:00,6281.1778
2025-07-12 00:59:00,6281.1778
2025-07-12 01:00:00,6281.1778
2025-07-12 01:01:00,6281.1778
2025-07-12 01:02:00,6281.1778
2025-07-12 01:03:00,6281.1778
2025-07-12 01:04:00,6281.1778
2025-07-12 01:05:00,6281.1778
2025-07-12 01:06:00,6281.1778
2025-07-12 01:07:00,6281.1778
2025-07-12 01:08:00,6281.1778
2025-07-12 01:09:00,6281.1778
2025-07-12 01:10:00,6281.1778
2025-07-12 01:11:00,6281.1778
2025-07-12 01:12:00,6281.1778
2025-07-12 01:13:00,6281.1778
2025-07-12 01:14:00,6281.1778
2025-07-12 01:15:00,6281.1778
2025-07-12 01:16:00,6281.1778
2025-07-12 01:17:00,6281.1778
2025-07-12 01:18:00,6281.1778
2025-07-12 01:19:00,6281.1778
2025-07-12 01:20:00,6281.1778
2025-07-12 01:21:00,6281.1778
2025-07-12 01:22:00,6281.1778
2025-07-12 01:23:00,6281.1778
2025-07-12 01:24:00,6281.1778
2025-07-12 01:25:00,6281.1778
2025-07-12 01:26:00,6281.1778
2025-07-12 01:27:00,6281.1778
2025-07-12 01:28:00,6281.1778
2025-07-12 01:29:00,6281.1778
2025-07-12 01:30:00,6281.1778
2025-07-12 01:31:00,6281.1778
2025-07-12 01:32:00,6281.1778
2025-07-12 01:33:00,6281.1778
2025-07-12 01:34:00,6281.1778
2025-07-12 01:35:00,6281.1778
2025-07-12 01:36:00,6281.1778
2025-07-12 01:37:00,6281.1778
2025-07-12 01:38:00,6281.1778
2025-07-12 01:39:00,6281.1778
2025-07-12 01:40:00,6281.1778
2025-07-12 01:41:00,6281.1778
2025-07-12 01:42:00,6281.1778
2025-07-12 01:43:00,6281.1778
2025-07-12 01:44:00,6281.1778
2025-07-12 01:45:00,6281.1778
2025-07-12 01:46:00,6281.1778
2025-07-12 01:47:00,6281.1778
2025-07-12 01:48:00,6281.1778
2025-07-12 01:49:00,6281.1778
2025-07-12 01:50:00,6281.1778
2025-07-12 01:51:00,6281.1778
2025-07-12 01:52:00,6281.1778
2025-07-12 01:53:00,6281.1778
2025-07-12 01:54:00,6281.1778
2025-07-12 01:55:00,6281.1778
2025-07-12 01:56:00,6281.1778
2025-07-12 01:57:00,6281.1778
2025-07-12 01:58:00,6281.1778
2025-07-12 01:59:00,6281.1778
2025-07-12 02:00:00,6281.1778
2025-07-12 02:01:00,6281.1778
2025-07-12 02:02:00,6281.1778
2025-07-12 02:03:00,6281.1778
2025-07-12 02:04:00,6281.1778
2025-07-12 02:05:00,6281.1778
2025-07-12 02:06:00,6281.1778
2025-07-12 02:07:00,6281.1778
2025-07-12 02:08:00,6281.1778
2025-07-12 02:09:00,6281.1778
2025-07-12 02:10:00,6281.1778
2025-07-12 02:11:00,6281.1778
2025-07-12 02:12:00,6281.1778
2025-07-12 02:13:00,6281.1778
2025-07-12 02:14:00,6281.1778
2025-07-12 02:15:00,6281.1778
2025-07-12 02:16:00,6281.1778
2025-07-12 02:17:00,6281.1778
2025-07-12 02:18:00,6281.1778
2025-07-12 02:19:00,6281.1778
2025-07-12 02:20:00,6281.1778
2025-07-12 02:21:00,6281.1778
2025-07-12 02:22:00,6281.1778
2025-07-12 02:23:00,6281.1778
2025-07-12 02:24:00,6281.1778
2025-07-12 02:25:00,6281.1778
2025-07-12 02:26:00,6281.1778
2025-07-12 02:27:00,6281.1778
2025-07-12 02:28:00,6281.1778
2025-07-12 02:29:00,6281.1778
2025-07-12 02:30:00,6281.1778
2025-07-12 02:31:00,6281.1778
2025-07-12 02:32:00,6281.1778
2025-07-12 02:33:00,6281.1778
2025-07-12 02:34:00,6281.1778
2025-07-12 02:35:00,6281.1778
2025-07-12 02:36:00,6281.1778
2025-07-12 02:37:00,6281.1778
2025-07-12 02:38:00,6281.1778
2025-07-12 02:39:00,6281.1778
2025-07-12 02:40:00,6281.1778
2025-07-12 02:41:00,6281.1778
2025-07-12 02:42:00,6281.1778
2025-07-12 02:43:00,6281.1778
2025-07-12 02:44:00,6281.1778
2025-07-12 02:45:00,6281.1778
2025-07-12 02:46:00,6281.1778
2025-07-12 02:47:00,6281.1778
2025-07-12 02:48:00,6281.1778
2025-07-12 02:49:00,6281.1778
2025-07-12 02:50:00,6281.1778
2025-07-12 02:51:00,6281.1778
2025-07-12 02:52:00,6281.1778
2025-07-12 02:53:00,6281.1778
2025-07-12 02:54:00,6281.1778
2025-07-12 02:55:00,6281.1778
2025-07-12 02:56:00,6281.1778
2025-07-12 02:57:00,6281.1778
2025-07-12 02:58:00,6281.1778
2025-07-12 02:59:00,6281.1778
2025-07-12 03:00:00,6281.1778
2025-07-12 03:01:00,6281.1778
2025-07-12 03:02:00,6281.1778
2025-07-12 03:03:00,6281.1778
2025-07-12 03:04:00,6281.1778
2025-07-12 03:05:00,6281.1778
2025-07-12 03:06:00,6281.1778
2025-07-12 03:07:00,6281.1778
2025-07-12 03:08:00,6281.1778
2025-07-12 03:09:00,6281.1778
2025-07-12 03:10:00,6281.1778
2025-07-12 03:11:00,6281.1778
2025-07-12 03:12:00,6281.1778
2025-07-12 03:13:00,6281.1778
2025-07-12 03:14:00,6281.1778
2025-07-12 03:15:00,6281.1778
2025-07-12 03:16:00,6281.1778
2025-07-12 03:17:00,6281.1778
2025-07-12 03:18:00,6281.1778
2025-07-12 03:19:00,6281.1778
2025-07-12 03:20:00,6281.1778
2025-07-12 03:21:00,6281.1778
2025-07-12 03:22:00,6281.1778
2025-07-12 03:23:00,6281.1778
2025-07-12 03:24:00,6281.1778
2025-07-12 03:25:00,6281.1778
2025-07-12 03:26:00,6281.1778
2025-07-12 03:27:00,6281.1778
2025-07-12 03:28:00,6281.1778
2025-07-12 03:29:00,6281.1778
2025-07-12 03:30:00,6281.1778
2025-07-12 03:31:00,6281.1778
2025-07-12 03:32:00,6281.1778
2025-07-12 03:33:00,6281.1778
2025-07-12 03:34:00,6281.1778
2025-07-12 03:35:00,6281.1778
2025-07-12 03:36:00,6281.1778
2025-07-12 03:37:00,6281.1778
2025-07-12 03:38:00,6281.1778
2025-07-12 03:39:00,6281.1778
2025-07-12 03:40:00,6281.1778
2025-07-12 03:41:00,6281.1778
2025-07-12 03:42:00,6281.1778
2025-07-12 03:43:00,6281.1778
2025-07-12 03:44:00,6281.1778
2025-07-12 03:45:00,6281.1778
2025-07-12 03:46:00,6281.1778
2025-07-12 03:47:00,6281.1778
2025-07-12 03:48:00,6281.1778
2025-07-12 03:49:00,6281.1778
2025-07-12 03:50:00,6281.1778
2025-07-12 03:51:00,6281.1778
2025-07-12 03:52:00,6281.1778
2025-07-12 03:53:00,6281.1778
2025-07-12 03:54:00,6281.1778
2025-07-12 03:55:00,6281.1778
2025-07-12 03:56:00,6281.1778
2025-07-12 03:57:00,6281.1778
2025-07-12 03:58:00,6281.1778
2025-07-12 03:59:00,6281.1778
2025-07-12 04:00:00,6281.1778
2025-07-12 04:01:00,6281.1778
2025-07-12 04:02:00,6281.1778
2025-07-12 04:03:00,6281.1778
2025-07-12 04:04:00,6281.1778
2025-07-12 04:05:00,6281.1778
2025-07-12 04:06:00,6281.1778
2025-07-12 04:07:00,6281.1778
2025-07-12 04:08:00,6281.1778
2025-07-12 04:09:00,6281.1778
2025-07-12 04:10:00,6281.1778
2025-07-12 04:11:00,6281.1778
2025-07-12 04:12:00,6281.1778
2025-07-12 04:13:00,6281.1778
2025-07-12 04:14:00,6281.1778
2025-07-12 04:15:00,6281.1778
2025-07-12 04:16:00,6281.1778
2025-07-12 04:17:00,6281.1778
2025-07-12 04:18:00,6281.1778
2025-07-12 04:19:00,6281.1778
2025-07-12 04:20:00,6281.1778
2025-07-12 04:21:00,6281.1778
2025-07-12 04:22:00,6281.1778
2025-07-12 04:23:00,6281.1778
2025-07-12 04:24:00,6281.1778
2025-07-12 04:25:00,6281.1778
2025-07-12 04:26:00,6281.1778
2025-07-12 04:27:00,6281.1778
2025-07-12 04:28:00,6281.1778
2025-07-12 04:29:00,6281.1778
2025-07-12 04:30:00,6281.1778
2025-07-12 04:31:00,6281.1778
2025-07-12 04:32:00,6281.1778
2025-07-12 04:33:00,6281.1778
2025-07-12 04:34:00,6281.1778
2025-07-12 04:35:00,6281.1778
2025-07-12 04:36:00,6281.1778
2025-07-12 04:37:00,6281.1778
2025-07-12 04:38:00,6281.1778
2025-07-12 04:39:00,6281.1778
2025-07-12 04:40:00,6281.1778
2025-07-12 04:41:00,6281.1778
2025-07-12 04:42:00,6281.1778
2025-07-12 04:43:00,6281.1778
2025-07-12 04:44:00,6281.1778
2025-07-12 04:45:00,6281.1778
2025-07-12 04:46:00,6281.1778
2025-07-12 04:47:00,6281.1778
2025-07-12 04:48:00,6281.1778
2025-07-12 04:49:00,6281.1778
2025-07-12 04:50:00,6281.1778
2025-07-12 04:51:00,6281.1778
2025-07-12 04:52:00,6281.1778
2025-07-12 04:53:00,6281.1778
2025-07-12 04:54:00,6281.1778
2025-07-12 04:55:00,6281.1778
2025-07-12 04:56:00,6281.1778
2025-07-12 04:57:00,6281.1778
2025-07-12 04:58:00,6281.1778
2025-07-12 04:59:00,6281.1778
2025-07-12 05:00:00,6281.1778
2025-07-12 05:01:00,6281.1778
2025-07-12 05:02:00,6281.1778
2025-07-12 05:03:00,6281.1778
2025-07-12 05:04:00,6281.1778
2025-07-12 05:05:00,6281.1778
2025-07-12 05:06:00,6281.1778
2025-07-12 05:07:00,6281.1778
2025-07-12 05:08:00,6281.1778
2025-07-12 05:09:00,6281.1778
2025-07-12 05:10:00,6281.1778
2025-07-12 05:11:00,6281.1778
2025-07-12 05:12:00,6281.1778
2025-07-12 05:13:00,6281.1778
2025-07-12 05:14:00,6281.1778
2025-07-12 05:15:00,6281.1778
2025-07-12 05:16:00,6281.1778
2025-07-12 05:17:00,6281.1778
2025-07-12 05:18:00,6281.1778
2025-07-12 05:19:00,6281.1778
2025-07-12 05:20:00,6281.1778
2025-07-12 05:21:00,6281.1778
2025-07-12 05:22:00,6281.1778
2025-07-12 05:23:00,6281.1778
2025-07-12 05:24:00,6281.1778
2025-07-12 05:25:00,6281.1778
2025-07-12 05:26:00,6281.1778
2025-07-12 05:27:00,6281.1778
2025-07-12 05:28:00,6281.1778
2025-07-12 05:29:00,6281.1778
2025-07-12 05:30:00,6281.1778
2025-07-12 05:31:00,6281.1778
2025-07-12 05:32:00,6281.1778
2025-07-12 05:33:00,6281.1778
2025-07-12 05:34:00,6281.1778
2025-07-12 05:35:00,6281.1778
2025-07-12 05:36:00,6281.1778
2025-07-12 05:37:00,6281.1778
2025-07-12 05:38:00,6281.1778
2025-07-12 05:39:00,6281.1778
2025-07-12 05:40:00,6281.1778
2025-07-12 05:41:00,6281.1778
2025-07-12 05:42:00,6281.1778
2025-07-12 05:43:00,6281.1778
2025-07-12 05:44:00,6281.1778
2025-07-12 05:45:00,6281.1778
2025-07-12 05:46:00,6281.1778
2025-07-12 05:47:00,6281.1778
2025-07-12 05:48:00,6281.1778
2025-07-12 05:49:00,6281.1778
2025-07-12 05:50:00,6281.1778
2025-07-12 05:51:00,6281.1778
2025-07-12 05:52:00,6281.1778
2025-07-12 05:53:00,6281.1778
2025-07-12 05:54:00,6281.1778
2025-07-12 05:55:00,6281.1778
2025-07-12 05:56:00,6281.1778
2025-07-12 05:57:00,6281.1778
2025-07-12 05:58:00,6281.1778
2025-07-12 05:59:00,6281.1778
2025-07-12 06:00:00,6281.1778
2025-07-12 06:01:00,6281.1778
2025-07-12 06:02:00,6281.1778
2025-07-12 06:03:00,6281.1778
2025-07-12 06:04:00,6281.1778
2025-07-12 06:05:00,6281.1778
2025-07-12 06:06:00,6281.1778
2025-07-12 06:07:00,6281.1778
2025-07-12 06:08:00,6281.1778
2025-07-12 06:09:00,6281.1778
2025-07-12 06:10:00,6281.1778
2025-07-12 06:11:00,6281.1778
2025-07-12 06:12:00,6281.1778
2025-07-12 06:13:00,6281.1778
2025-07-12 06:14:00,6281.1778
2025-07-12 06:15:00,6281.1778
2025-07-12 06:16:00,6281.1778
2025-07-12 06:17:00,6281.1778
2025-07-12 06:18:00,6281.1778
2025-07-12 06:19:00,6281.1778
2025-07-12 06:20:00,6281.1778
2025-07-12 06:21:00,6281.1778
2025-07-12 06:22:00,6281.1778
2025-07-12 06:23:00,6281.1778
2025-07-12 06:24:00,6281.1778
2025-07-12 06:25:00,6281.1778
2025-07-12 06:26:00,6281.1778
2025-07-12 06:27:00,6281.1778
2025-07-12 06:28:00,6281.1778
2025-07-12 06:29:00,6281.1778
2025-07-12 06:30:00,6281.1778
2025-07-12 06:31:00,6281.1778
2025-07-12 06:32:00,6281.1778
2025-07-12 06:33:00,6281.1778
2025-07-12 06:34:00,6281.1778
2025-07-12 06:35:00,6281.1778
2025-07-12 06:36:00,6281.1778
2025-07-12 06:37:00,6281.1778
2025-07-12 06:38:00,6281.1778
2025-07-12 06:39:00,6281.1778
2025-07-12 06:40:00,6281.1778
2025-07-12 06:41:00,6281.1778
2025-07-12 06:42:00,6281.1778
2025-07-12 06:43:00,6281.1778
2025-07-12 06:44:00,6281.1778
2025-07-12 06:45:00,6281.1778
2025-07-12 06:46:00,6281.1778
2025-07-12 06:47:00,6281.1778
2025-07-12 06:48:00,6281.1778
2025-07-12 06:49:00,6281.1778
2025-07-12 06:50:00,6281.1778
2025-07-12 06:51:00,6281.1778
2025-07-12 06:52:00,6281.1778
2025-07-12 06:53:00,6281.1778
2025-07-12 06:54:00,6281.1778
2025-07-12 06:55:00,6281.1778
2025-07-12 06:56:00,6281.1778
2025-07-12 06:57:00,6281.1778
2025-07-12 06:58:00,6281.1778
2025-07-12 06:59:00,6281.1778
2025-07-12 07:00:00,6281.1778
2025-07-12 07:01:00,6281.1778
2025-07-12 07:02:00,6281.1778
2025-07-12 07:03:00,6281.1778
2025-07-12 07:04:00,6281.1778
2025-07-12 07:05:00,6281.1778
2025-07-12 07:06:00,6281.1778
2025-07-12 07:07:00,6281.1778
2025-07-12 07:08:00,6281.1778
2025-07-12 07:09:00,6281.1778
2025-07-12 07:10:00,6281.1778
2025-07-12 07:11:00,6281.1778
2025-07-12 07:12:00,6281.1778
2025-07-12 07:13:00,6281.1778
2025-07-12 07:14:00,6281.1778
2025-07-12 07:15:00,6281.1778
2025-07-12 07:16:00,6281.1778
2025-07-12 07:17:00,6281.1778
2025-07-12 07:18:00,6281.1778
2025-07-12 07:19:00,6281.1778
2025-07-12 07:20:00,6281.1778
2025-07-12 07:21:00,6281.1778
2025-07-12 07:22:00,6281.1778
2025-07-12 07:23:00,6281.1778
2025-07-12 07:24:00,6281.1778
2025-07-12 07:25:00,6281.1778
2025-07-12 07:26:00,6281.1778
2025-07-12 07:27:00,6281.1778
2025-07-12 07:28:00,6281.1778
2025-07-12 07:29:00,6281.1778
2025-07-12 07:30:00,6281.1778
2025-07-12 07:31:00,6281.1778
2025-07-12 07:32:00,6281.1778
2025-07-12 07:33:00,6281.1778
2025-07-12 07:34:00,6281.1778
2025-07-12 07:35:00,6281.1778
2025-07-12 07:36:00,6281.1778
2025-07-12 07:37:00,6281.1778
2025-07-12 07:38:00,6281.1778
2025-07-12 07:39:00,6281.1778
2025-07-12 07:40:00,6281.1778
2025-07-12 07:41:00,6281.1778
2025-07-12 07:42:00,6281.1778
2025-07-12 07:43:00,6281.1778
2025-07-12 07:44:00,6281.1778
2025-07-12 07:45:00,6281.1778
2025-07-12 07:46:00,6281.1778
2025-07-12 07:47:00,6281.1778
2025-07-12 07:48:00,6281.1778
2025-07-12 07:49:00,6281.1778
2025-07-12 07:50:00,6281.1778
2025-07-12 07:51:00,6281.1778
2025-07-12 07:52:00,6281.1778
2025-07-12 07:53:00,6281.1778
2025-07-12 07:54:00,6281.1778
2025-07-12 07:55:00,6281.1778
2025-07-12 07:56:00,6281.1778
2025-07-12 07:57:00,6281.1778
2025-07-12 07:58:00,6281.1778
2025-07-12 07:59:00,6281.1778
2025-07-12 08:00:00,6281.1778
2025-07-12 08:01:00,6281.1778
2025-07-12 08:02:00,6281.1778
2025-07-12 08:02:17,6281.1778
2025-07-12 08:03:00,6281.1778
2025-07-12 08:04:00,6281.1778
2025-07-12 08:05:00,6281.1778
2025-07-12 08:06:00,6281.1778
2025-07-12 08:07:00,6281.1778
2025-07-12 08:08:00,6281.1778
2025-07-12 08:09:00,6281.1778
2025-07-12 08:10:00,6281.1778
2025-07-12 08:11:00,6281.1778
2025-07-12 08:12:00,6281.1778
2025-07-12 08:13:00,6281.1778
2025-07-12 08:14:00,6281.1778
2025-07-12 08:15:00,6281.1778
2025-07-12 08:16:00,6281.1778
2025-07-12 08:17:00,6281.1778
2025-07-12 08:18:00,6281.1778
2025-07-12 08:19:00,6281.1778
2025-07-12 08:20:00,6281.1778
2025-07-12 08:21:00,6281.1778
2025-07-12 08:22:00,6281.1778
2025-07-12 08:23:00,6281.1778
2025-07-12 08:24:00,6281.1778
2025-07-12 08:25:00,6281.1778
2025-07-12 08:26:00,6281.1778
2025-07-12 08:27:00,6281.1778
2025-07-12 08:28:00,6281.1778
2025-07-12 08:29:00,6281.1778
2025-07-12 08:30:00,6281.1778
2025-07-12 08:31:00,6281.1778
2025-07-12 08:32:00,6281.1778
2025-07-12 08:33:00,6281.1778
2025-07-12 08:34:00,6281.1778
2025-07-12 08:35:00,6281.1778
2025-07-12 08:36:00,6281.1778
2025-07-12 08:37:00,6281.1778
2025-07-12 08:38:00,6281.1778
2025-07-12 08:39:00,6281.1778
2025-07-12 08:40:00,6281.1778
2025-07-12 08:41:00,6281.1778
2025-07-12 08:42:00,6281.1778
2025-07-12 08:43:00,6281.1778
2025-07-12 08:44:00,6281.1778
2025-07-12 08:45:00,6281.1778
2025-07-12 08:46:00,6281.1778
2025-07-12 08:47:00,6281.1778
2025-07-12 08:48:00,6281.1778
2025-07-12 08:49:00,6281.1778
2025-07-12 08:50:00,6281.1778
2025-07-12 08:51:00,6281.1778
2025-07-12 08:52:00,6281.1778
2025-07-12 08:53:00,6281.1778
2025-07-12 08:54:00,6281.1778
2025-07-12 08:55:00,6281.1778
2025-07-12 08:56:00,6281.1778
2025-07-12 08:57:00,6281.1778
2025-07-12 08:58:00,6281.1778
2025-07-12 08:59:00,6281.1778
2025-07-12 09:00:00,6281.1778
2025-07-12 09:01:00,6281.1778
2025-07-12 09:02:00,6281.1778
2025-07-12 09:02:37,6281.1778
2025-07-12 09:03:00,6281.1778
2025-07-12 09:04:00,6281.1778
2025-07-12 09:04:02,6281.1778
2025-07-12 09:04:30,6281.1778
2025-07-12 09:05:00,6281.1778
2025-07-12 09:05:25,6281.1778
2025-07-12 09:06:00,6281.1778
2025-07-12 09:07:00,6281.1778
2025-07-12 09:08:00,6281.1778
2025-07-12 09:09:00,6281.1778
2025-07-12 09:10:00,6281.1778
2025-07-12 09:11:00,6281.1778
2025-07-12 09:12:00,6281.1778
2025-07-12 09:13:00,6281.1778
2025-07-12 09:14:00,6281.1778
2025-07-12 09:15:00,6281.1778
2025-07-12 09:16:00,6281.1778
2025-07-12 09:17:00,6281.1778
2025-07-12 09:18:00,6281.1778
2025-07-12 09:19:00,6281.1778
2025-07-12 09:20:00,6281.1778
2025-07-12 09:21:00,6281.1778
2025-07-12 09:22:00,6281.1778
2025-07-12 09:23:00,6281.1778
2025-07-12 09:24:00,6281.1778
2025-07-12 09:25:00,6281.1778
2025-07-12 09:26:00,6281.1778
2025-07-12 09:27:00,6281.1778
2025-07-12 09:28:00,6281.1778
2025-07-12 09:29:00,6281.1778
2025-07-12 09:30:00,6281.1778
2025-07-12 09:31:00,6281.1778
2025-07-12 09:32:00,6281.1778
2025-07-12 09:33:00,6281.1778
2025-07-12 09:34:00,6281.1778
2025-07-12 09:35:00,6281.1778
2025-07-12 09:36:00,6281.1778
2025-07-12 09:37:00,6281.1778
2025-07-12 09:37:08,6281.1778
2025-07-12 09:37:40,6281.1778
2025-07-12 09:38:00,6281.1778
2025-07-12 09:39:00,6281.1778
2025-07-12 09:39:40,6281.1778
2025-07-12 09:40:00,6281.1778
2025-07-12 09:40:21,6281.1778
2025-07-12 09:41:00,6281.1778
2025-07-12 09:42:00,6281.1778
2025-07-12 09:43:00,6281.1778
2025-07-12 09:44:00,6281.1778
2025-07-12 09:45:00,6281.1778
2025-07-12 09:46:00,6281.1778
2025-07-12 09:47:00,6281.1778
2025-07-12 09:48:00,6281.1778
2025-07-12 09:49:00,6281.1778
2025-07-12 09:50:00,6281.1778
2025-07-12 09:51:00,6281.1778
2025-07-12 09:52:00,6281.1778
2025-07-12 09:53:00,6281.1778
2025-07-12 09:54:00,6281.1778
2025-07-12 09:55:00,6281.1778
2025-07-12 09:56:00,6281.1778
2025-07-12 09:57:00,6281.1778
2025-07-12 09:58:00,6281.1778
2025-07-12 09:59:00,6281.1778
2025-07-12 10:00:00,6281.1778
2025-07-12 10:01:00,6281.1778
2025-07-12 10:02:00,6281.1778
2025-07-12 10:03:00,6281.1778
2025-07-12 10:04:00,6281.1778
2025-07-12 10:05:00,6281.1778
2025-07-12 10:06:00,6281.1778
2025-07-12 10:07:00,6281.1778
2025-07-12 10:08:00,6281.1778
2025-07-12 10:09:00,6281.1778
2025-07-12 10:10:00,6281.1778
2025-07-12 10:11:00,6281.1778
2025-07-12 10:12:00,6281.1778
2025-07-12 10:13:00,6281.1778
2025-07-12 10:14:00,6281.1778
2025-07-12 10:15:00,6281.1778
2025-07-12 10:16:00,6281.1778
2025-07-12 10:17:00,6281.1778
2025-07-12 10:18:00,6281.1778
2025-07-12 10:19:00,6281.1778
2025-07-12 10:20:00,6281.1778
2025-07-12 10:21:00,6281.1778
2025-07-12 10:22:00,6281.1778
2025-07-12 10:22:15,6281.1778
2025-07-12 10:22:38,6281.1778
2025-07-12 10:23:00,6281.1778
2025-07-12 10:24:00,6281.1778
2025-07-12 10:25:00,6281.1778
2025-07-12 10:26:00,6281.1778
2025-07-12 10:27:00,6281.1778
2025-07-12 10:28:00,6281.1778
2025-07-12 10:29:00,6281.1778
2025-07-12 10:30:00,6281.1778
2025-07-12 10:31:00,6281.1778
2025-07-12 10:32:00,6281.1778
2025-07-12 10:33:00,6281.1778
2025-07-12 10:34:00,6281.1778
2025-07-12 10:35:00,6281.1778
2025-07-12 10:36:00,6281.1778
2025-07-12 10:37:00,6281.1778
2025-07-12 10:38:00,6281.1778
2025-07-12 10:39:00,6281.1778
2025-07-12 10:40:00,6281.1778
2025-07-12 10:41:00,6281.1778
2025-07-12 10:42:00,6281.1778
2025-07-12 10:43:00,6281.1778
2025-07-12 10:44:00,6281.1778
2025-07-12 10:45:00,6281.1778
2025-07-12 10:46:00,6281.1778
2025-07-12 10:47:00,6281.1778
2025-07-12 10:48:00,6281.1778
2025-07-12 10:49:00,6281.1778
2025-07-12 10:50:00,6281.1778
2025-07-12 10:51:00,6281.1778
2025-07-12 10:52:00,6281.1778
2025-07-12 10:53:00,6281.1778
2025-07-12 10:54:00,6281.1778
2025-07-12 10:55:00,6281.1778
2025-07-12 10:56:00,6281.1778
2025-07-12 10:57:00,6281.1778
2025-07-12 10:58:00,6281.1778
2025-07-12 10:59:00,6281.1778
2025-07-12 11:00:00,6281.1778
2025-07-12 11:01:00,6281.1778
2025-07-12 11:02:00,6281.1778
2025-07-12 11:03:00,6281.1778
2025-07-12 11:04:00,6281.1778
2025-07-12 11:05:00,6281.1778
2025-07-12 11:06:00,6281.1778
2025-07-12 11:07:00,6281.1778
2025-07-12 11:08:00,6281.1778
2025-07-12 11:09:00,6281.1778
2025-07-12 11:10:00,6281.1778
2025-07-12 11:11:00,6281.1778
2025-07-12 11:12:00,6281.1778
2025-07-12 11:13:00,6281.1778
2025-07-12 11:14:00,6281.1778
2025-07-12 11:15:00,6281.1778
2025-07-12 11:16:00,6281.1778
2025-07-12 11:17:00,6281.1778
2025-07-12 11:18:00,6281.1778
2025-07-12 11:19:00,6281.1778
2025-07-12 11:20:00,6281.1778
2025-07-12 11:21:00,6281.1778
2025-07-12 11:22:00,6281.1778
2025-07-12 11:23:00,6281.1778
2025-07-12 11:24:00,6281.1778
2025-07-12 11:25:00,6281.1778
2025-07-12 11:26:00,6281.1778
2025-07-12 11:27:00,6281.1778
2025-07-12 11:28:00,6281.1778
2025-07-12 11:29:00,6281.1778
2025-07-12 11:30:00,6281.1778
2025-07-12 11:31:00,6281.1778
2025-07-12 11:32:00,6281.1778
2025-07-12 11:33:00,6281.1778
2025-07-12 11:34:00,6281.1778
2025-07-12 11:35:00,6281.1778
2025-07-12 11:36:00,6281.1778
2025-07-12 11:37:00,6281.1778
2025-07-12 11:38:00,6281.1778
2025-07-12 11:39:00,6281.1778
2025-07-12 11:40:00,6281.1778
2025-07-12 11:41:00,6281.1778
2025-07-12 11:42:00,6281.1778
2025-07-12 11:43:00,6281.1778
2025-07-12 11:44:00,6281.1778
2025-07-12 11:45:00,6281.1778
2025-07-12 11:46:00,6281.1778
2025-07-12 11:47:00,6281.1778
2025-07-12 11:48:00,6281.1778
2025-07-12 11:49:00,6281.1778
2025-07-12 11:50:00,6281.1778
2025-07-12 11:51:00,6281.1778
2025-07-12 11:52:00,6281.1778
2025-07-12 11:53:00,6281.1778
2025-07-12 11:54:00,6281.1778
2025-07-12 11:55:00,6281.1778
2025-07-12 11:56:00,6281.1778
2025-07-12 11:57:00,6281.1778
2025-07-12 11:58:00,6281.1778
2025-07-12 11:59:00,6281.1778
2025-07-12 12:00:00,6281.1778
2025-07-12 12:01:00,6281.1778
2025-07-12 12:02:00,6281.1778
2025-07-12 12:03:00,6281.1778
2025-07-12 12:04:00,6281.1778
2025-07-12 12:05:00,6281.1778
2025-07-12 12:06:00,6281.1778
2025-07-12 12:07:00,6281.1778
2025-07-12 12:08:00,6281.1778
2025-07-12 12:09:00,6281.1778
2025-07-12 12:10:00,6281.1778
2025-07-12 12:11:00,6281.1778
2025-07-12 12:12:00,6281.1778
2025-07-12 12:13:00,6281.1778
2025-07-12 12:14:00,6281.1778
2025-07-12 12:15:00,6281.1778
2025-07-12 12:16:00,6281.1778
2025-07-12 12:17:00,6281.1778
2025-07-12 12:18:00,6281.1778
2025-07-12 12:19:00,6281.1778
2025-07-12 12:20:00,6281.1778
2025-07-12 12:21:00,6281.1778
2025-07-12 12:22:00,6281.1778
2025-07-12 12:23:00,6281.1778
2025-07-12 12:24:00,6281.1778
2025-07-12 12:25:00,6281.1778
2025-07-12 12:26:00,6281.1778
2025-07-12 12:27:00,6281.1778
2025-07-12 12:28:00,6281.1778
2025-07-12 12:29:00,6281.1778
2025-07-12 12:30:00,6281.1778
2025-07-12 12:31:00,6281.1778
2025-07-12 12:32:00,6281.1778
2025-07-12 12:33:00,6281.1778
2025-07-12 12:34:00,6281.1778
2025-07-12 12:35:00,6281.1778
2025-07-12 12:36:00,6281.1778
2025-07-12 12:37:00,6281.1778
2025-07-12 12:38:00,6281.1778
2025-07-12 12:39:00,6281.1778
2025-07-12 12:40:00,6281.1778
2025-07-12 12:41:00,6281.1778
2025-07-12 12:42:00,6281.1778
2025-07-12 12:43:00,6281.1778
2025-07-12 12:44:00,6281.1778
2025-07-12 12:45:00,6281.1778
2025-07-12 12:46:00,6281.1778
2025-07-12 12:47:00,6281.1778
2025-07-12 12:48:00,6281.1778
2025-07-12 12:49:00,6281.1778
2025-07-12 12:50:00,6281.1778
2025-07-12 12:51:00,6281.1778
2025-07-12 12:52:00,6281.1778
2025-07-12 12:53:00,6281.1778
2025-07-12 12:54:00,6281.1778
2025-07-12 12:55:00,6281.1778
2025-07-12 12:56:00,6281.1778
2025-07-12 12:57:00,6281.1778
2025-07-12 12:58:00,6281.1778
2025-07-12 12:59:00,6281.1778
2025-07-12 13:00:00,6281.1778
2025-07-12 13:01:00,6281.1778
2025-07-12 13:02:00,6281.1778
2025-07-12 13:03:00,6281.1778
2025-07-12 13:04:00,6281.1778
2025-07-12 13:05:00,6281.1778
2025-07-12 13:06:00,6281.1778
2025-07-12 13:07:00,6281.1778
2025-07-12 13:08:00,6281.1778
2025-07-12 13:09:00,6281.1778
2025-07-12 13:10:00,6281.1778
2025-07-12 13:11:00,6281.1778
2025-07-12 13:12:00,6281.1778
2025-07-12 13:13:00,6281.1778
2025-07-12 13:14:00,6281.1778
2025-07-12 13:15:00,6281.1778
2025-07-12 13:16:00,6281.1778
2025-07-12 13:17:00,6281.1778
2025-07-12 13:18:00,6281.1778
2025-07-12 13:19:00,6281.1778
2025-07-12 13:20:00,6281.1778
2025-07-12 13:21:00,6281.1778
2025-07-12 13:22:00,6281.1778
2025-07-12 13:23:00,6281.1778
2025-07-12 13:24:00,6281.1778
2025-07-12 13:25:00,6281.1778
2025-07-12 13:26:00,6281.1778
2025-07-12 13:27:00,6281.1778
2025-07-12 13:28:00,6281.1778
2025-07-12 13:29:00,6281.1778
2025-07-12 13:30:00,6281.1778
2025-07-12 13:31:00,6281.1778
2025-07-12 13:32:00,6281.1778
2025-07-12 13:33:00,6281.1778
2025-07-12 13:34:00,6281.1778
2025-07-12 13:35:00,6281.1778
2025-07-12 13:36:00,6281.1778
2025-07-12 13:37:00,6281.1778
2025-07-12 13:38:00,6281.1778
2025-07-12 13:39:00,6281.1778
2025-07-12 13:40:00,6281.1778
2025-07-12 13:41:00,6281.1778
2025-07-12 13:42:00,6281.1778
2025-07-12 13:43:00,6281.1778
2025-07-12 13:44:00,6281.1778
2025-07-12 13:45:00,6281.1778
2025-07-12 13:46:00,6281.1778
2025-07-12 13:47:00,6281.1778
2025-07-12 13:48:00,6281.1778
2025-07-12 13:49:00,6281.1778
2025-07-12 13:50:00,6281.1778
2025-07-12 13:51:00,6281.1778
2025-07-12 13:52:00,6281.1778
2025-07-12 13:53:00,6281.1778
2025-07-12 13:54:00,6281.1778
2025-07-12 13:55:00,6281.1778
2025-07-12 13:56:00,6281.1778
2025-07-12 13:57:00,6281.1778
2025-07-12 13:58:00,6281.1778
2025-07-12 13:59:00,6281.1778
2025-07-12 14:00:00,6281.1778
2025-07-12 14:01:00,6281.1778
2025-07-12 14:02:00,6281.1778
2025-07-12 14:03:00,6281.1778
2025-07-12 14:04:00,6281.1778
2025-07-12 14:05:00,6281.1778
2025-07-12 14:06:00,6281.1778
2025-07-12 14:07:00,6281.1778
2025-07-12 14:08:00,6281.1778
2025-07-12 14:09:00,6281.1778
2025-07-12 14:10:00,6281.1778
2025-07-12 14:11:00,6281.1778
2025-07-12 14:12:00,6281.1778
2025-07-12 14:13:00,6281.1778
2025-07-12 14:14:00,6281.1778
2025-07-12 14:15:00,6281.1778
2025-07-12 14:16:00,6281.1778
2025-07-12 14:17:00,6281.1778
2025-07-12 14:18:00,6281.1778
2025-07-12 14:19:00,6281.1778
2025-07-12 14:20:00,6281.1778
2025-07-12 14:21:00,6281.1778
2025-07-12 14:22:00,6281.1778
2025-07-12 14:23:00,6281.1778
2025-07-12 14:24:00,6281.1778
2025-07-12 14:25:00,6281.1778
2025-07-12 14:26:00,6281.1778
2025-07-12 14:27:00,6281.1778
2025-07-12 14:28:00,6281.1778
2025-07-12 14:29:00,6281.1778
2025-07-12 14:30:00,6281.1778
2025-07-12 14:31:00,6281.1778
2025-07-12 14:32:00,6281.1778
2025-07-12 14:33:00,6281.1778
2025-07-12 14:34:00,6281.1778
2025-07-12 14:35:00,6281.1778
2025-07-12 14:36:00,6281.1778
2025-07-12 14:37:00,6281.1778
2025-07-12 14:38:00,6281.1778
2025-07-12 14:39:00,6281.1778
2025-07-12 14:40:00,6281.1778
2025-07-12 14:41:00,6281.1778
2025-07-12 14:42:00,6281.1778
2025-07-12 14:43:00,6281.1778
2025-07-12 14:44:00,6281.1778
2025-07-12 14:45:00,6281.1778
2025-07-12 14:46:00,6281.1778
2025-07-12 14:47:00,6281.1778
2025-07-12 14:48:00,6281.1778
2025-07-12 14:49:00,6281.1778
2025-07-12 14:50:00,6281.1778
2025-07-12 14:51:00,6281.1778
2025-07-12 14:52:00,6281.1778
2025-07-12 14:53:00,6281.1778
2025-07-12 14:54:00,6281.1778
2025-07-12 14:55:00,6281.1778
2025-07-12 14:56:00,6281.1778
2025-07-12 14:57:00,6281.1778
2025-07-12 14:58:00,6281.1778
2025-07-12 14:59:00,6281.1778
2025-07-12 15:00:00,6281.1778
2025-07-12 15:01:00,6281.1778
2025-07-12 15:02:00,6281.1778
2025-07-12 15:03:00,6281.1778
2025-07-12 15:04:00,6281.1778
2025-07-12 15:05:00,6281.1778
2025-07-12 15:06:00,6281.1778
2025-07-12 15:07:00,6281.1778
2025-07-12 15:08:00,6281.1778
2025-07-12 15:09:00,6281.1778
2025-07-12 15:10:00,6281.1778
2025-07-12 15:11:00,6281.1778
2025-07-12 15:12:00,6281.1778
2025-07-12 15:13:00,6281.1778
2025-07-12 15:14:00,6281.1778
2025-07-12 15:15:00,6281.1778
2025-07-12 15:16:00,6281.1778
2025-07-12 15:17:00,6281.1778
2025-07-12 15:18:00,6281.1778
2025-07-12 15:19:00,6281.1778
2025-07-12 15:20:00,6281.1778
2025-07-12 15:21:00,6281.1778
2025-07-12 15:22:00,6281.1778
2025-07-12 15:23:00,6281.1778
2025-07-12 15:24:00,6281.1778
2025-07-12 15:25:00,6281.1778
2025-07-12 15:26:00,6281.1778
2025-07-12 15:27:00,6281.1778
2025-07-12 15:28:00,6281.1778
2025-07-12 15:29:00,6281.1778
2025-07-12 15:30:00,6281.1778
2025-07-12 15:31:00,6281.1778
2025-07-12 15:32:00,6281.1778
2025-07-12 15:33:00,6281.1778
2025-07-12 15:34:00,6281.1778
2025-07-12 15:35:00,6281.1778
2025-07-12 15:36:00,6281.1778
2025-07-12 15:37:00,6281.1778
2025-07-12 15:38:00,6281.1778
2025-07-12 15:39:00,6281.1778
2025-07-12 15:40:00,6281.1778
2025-07-12 15:41:00,6281.1778
2025-07-12 15:42:00,6281.1778
2025-07-12 15:43:00,6281.1778
2025-07-12 15:44:00,6281.1778
2025-07-12 15:45:00,6281.1778
2025-07-12 15:46:00,6281.1778
2025-07-12 15:47:00,6281.1778
2025-07-12 15:48:00,6281.1778
2025-07-12 15:49:00,6281.1778
2025-07-12 15:50:00,6281.1778
2025-07-12 15:51:00,6281.1778
2025-07-12 15:52:00,6281.1778
2025-07-12 15:53:00,6281.1778
2025-07-12 15:54:00,6281.1778
2025-07-12 15:55:00,6281.1778
2025-07-12 15:56:00,6281.1778
2025-07-12 15:57:00,6281.1778
2025-07-12 15:58:00,6281.1778
2025-07-12 15:59:00,6281.1778
2025-07-12 16:00:00,6281.1778
2025-07-12 16:01:00,6281.1778
2025-07-12 16:02:00,6281.1778
2025-07-12 16:03:00,6281.1778
2025-07-12 16:04:00,6281.1778
2025-07-12 16:05:00,6281.1778
2025-07-12 16:06:00,6281.1778
2025-07-12 16:07:00,6281.1778
2025-07-12 16:08:00,6281.1778
2025-07-12 16:09:00,6281.1778
2025-07-12 16:10:00,6281.1778
2025-07-12 16:11:00,6281.1778
2025-07-12 16:12:00,6281.1778
2025-07-12 16:13:00,6281.1778
2025-07-12 16:14:00,6281.1778
2025-07-12 16:15:00,6281.1778
2025-07-12 16:16:00,6281.1778
2025-07-12 16:17:00,6281.1778
2025-07-12 16:18:00,6281.1778
2025-07-12 16:19:00,6281.1778
2025-07-12 16:20:00,6281.1778
2025-07-12 16:21:00,6281.1778
2025-07-12 16:22:00,6281.1778
2025-07-12 16:23:00,6281.1778
2025-07-12 16:24:00,6281.1778
2025-07-12 16:25:00,6281.1778
2025-07-12 16:26:00,6281.1778
2025-07-12 16:27:00,6281.1778
2025-07-12 16:28:00,6281.1778
2025-07-12 16:29:00,6281.1778
2025-07-12 16:30:00,6281.1778
2025-07-12 16:31:00,6281.1778
2025-07-12 16:32:00,6281.1778
2025-07-12 16:33:00,6281.1778
2025-07-12 16:34:00,6281.1778
2025-07-12 16:35:00,6281.1778
2025-07-12 16:36:00,6281.1778
2025-07-12 16:37:00,6281.1778
2025-07-12 16:38:00,6281.1778
2025-07-12 16:39:00,6281.1778
2025-07-12 16:40:00,6281.1778
2025-07-12 16:41:00,6281.1778
2025-07-12 16:42:00,6281.1778
2025-07-12 16:43:00,6281.1778
2025-07-12 16:44:00,6281.1778
2025-07-12 16:45:00,6281.1778
2025-07-12 16:46:00,6281.1778
2025-07-12 16:47:00,6281.1778
2025-07-12 16:48:00,6281.1778
2025-07-12 16:49:00,6281.1778
2025-07-12 16:50:00,6281.1778
2025-07-12 16:51:00,6281.1778
2025-07-12 16:52:00,6281.1778
2025-07-12 16:53:00,6281.1778
2025-07-12 16:54:00,6281.1778
2025-07-12 16:55:00,6281.1778
2025-07-12 16:56:00,6281.1778
2025-07-12 16:57:00,6281.1778
2025-07-12 16:58:00,6281.1778
2025-07-12 16:59:00,6281.1778
2025-07-12 17:00:00,6281.1778
2025-07-12 17:01:00,6281.1778
2025-07-12 17:02:00,6281.1778
2025-07-12 17:03:00,6281.1778
2025-07-12 17:04:00,6281.1778
2025-07-12 17:05:00,6281.1778
2025-07-12 17:06:00,6281.1778
2025-07-12 17:07:00,6281.1778
2025-07-12 17:08:00,6281.1778
2025-07-12 17:09:00,6281.1778
2025-07-12 17:10:00,6281.1778
2025-07-12 17:11:00,6281.1778
2025-07-12 17:12:00,6281.1778
2025-07-12 17:13:00,6281.1778
2025-07-12 17:14:00,6281.1778
2025-07-12 17:15:00,6281.1778
2025-07-12 17:16:00,6281.1778
2025-07-12 17:17:00,6281.1778
2025-07-12 17:18:00,6281.1778
2025-07-12 17:19:00,6281.1778
2025-07-12 17:20:00,6281.1778
2025-07-12 17:21:00,6281.1778
2025-07-12 17:22:00,6281.1778
2025-07-12 17:23:00,6281.1778
2025-07-12 17:24:00,6281.1778
2025-07-12 17:25:00,6281.1778
2025-07-12 17:26:00,6281.1778
2025-07-12 17:27:00,6281.1778
2025-07-12 17:28:00,6281.1778
2025-07-12 17:29:00,6281.1778
2025-07-12 17:30:00,6281.1778
2025-07-12 17:31:00,6281.1778
2025-07-12 17:32:00,6281.1778
2025-07-12 17:33:00,6281.1778
2025-07-12 17:34:00,6281.1778
2025-07-12 17:35:00,6281.1778
2025-07-12 17:36:00,6281.1778
2025-07-12 17:37:00,6281.1778
2025-07-12 17:38:00,6281.1778
2025-07-12 17:39:00,6281.1778
2025-07-12 17:40:00,6281.1778
2025-07-12 17:41:00,6281.1778
2025-07-12 17:42:00,6281.1778
2025-07-12 17:43:00,6281.1778
2025-07-12 17:44:00,6281.1778
2025-07-12 17:45:00,6281.1778
2025-07-12 17:46:00,6281.1778
2025-07-12 17:47:00,6281.1778
2025-07-12 17:48:00,6281.1778
2025-07-12 17:49:00,6281.1778
2025-07-12 17:50:00,6281.1778
2025-07-12 17:51:00,6281.1778
2025-07-12 17:52:00,6281.1778
2025-07-12 17:53:00,6281.1778
2025-07-12 17:54:00,6281.1778
2025-07-12 17:55:00,6281.1778
2025-07-12 17:56:00,6281.1778
2025-07-12 17:57:00,6281.1778
2025-07-12 17:58:00,6281.1778
2025-07-12 17:59:00,6281.1778
2025-07-12 18:00:00,6281.1778
2025-07-12 18:01:00,6281.1778
2025-07-12 18:02:00,6281.1778
2025-07-12 18:03:00,6281.1778
2025-07-12 18:04:00,6281.1778
2025-07-12 18:05:00,6281.1778
2025-07-12 18:06:00,6281.1778
2025-07-12 18:07:00,6281.1778
2025-07-12 18:08:00,6281.1778
2025-07-12 18:09:00,6281.1778
2025-07-12 18:10:00,6281.1778
2025-07-12 18:11:00,6281.1778
2025-07-12 18:12:00,6281.1778
2025-07-12 18:13:00,6281.1778
2025-07-12 18:14:00,6281.1778
2025-07-12 18:15:00,6281.1778
2025-07-12 18:16:00,6281.1778
2025-07-12 18:17:00,6281.1778
2025-07-12 18:18:00,6281.1778
2025-07-12 18:19:00,6281.1778
2025-07-12 18:20:00,6281.1778
2025-07-12 18:21:00,6281.1778
2025-07-12 18:22:00,6281.1778
2025-07-12 18:23:00,6281.1778
2025-07-12 18:24:00,6281.1778
2025-07-12 18:25:00,6281.1778
2025-07-12 18:26:00,6281.1778
2025-07-12 18:27:00,6281.1778
2025-07-12 18:28:00,6281.1778
2025-07-12 18:29:00,6281.1778
2025-07-12 18:30:00,6281.1778
2025-07-12 18:31:00,6281.1778
2025-07-12 18:32:00,6281.1778
2025-07-12 18:33:00,6281.1778
2025-07-12 18:34:00,6281.1778
2025-07-12 18:35:00,6281.1778
2025-07-12 18:36:00,6281.1778
2025-07-12 18:37:00,6281.1778
2025-07-12 18:38:00,6281.1778
2025-07-12 18:39:00,6281.1778
2025-07-12 18:40:00,6281.1778
2025-07-12 18:41:00,6281.1778
2025-07-12 18:42:00,6281.1778
2025-07-12 18:43:00,6281.1778
2025-07-12 18:44:00,6281.1778
2025-07-12 18:45:00,6281.1778
2025-07-12 18:46:00,6281.1778
2025-07-12 18:47:00,6281.1778
2025-07-12 18:48:00,6281.1778
2025-07-12 18:49:00,6281.1778
2025-07-12 18:50:00,6281.1778
2025-07-12 18:51:00,6281.1778
2025-07-12 18:52:00,6281.1778
2025-07-12 18:53:00,6281.1778
2025-07-12 18:54:00,6281.1778
2025-07-12 18:55:00,6281.1778
2025-07-12 18:56:00,6281.1778
2025-07-12 18:57:00,6281.1778
2025-07-12 18:58:00,6281.1778
2025-07-12 18:59:00,6281.1778
2025-07-12 19:00:00,6281.1778
2025-07-12 19:01:00,6281.1778
2025-07-12 19:02:00,6281.1778
2025-07-12 19:03:00,6281.1778
2025-07-12 19:04:00,6281.1778
2025-07-12 19:05:00,6281.1778
2025-07-12 19:06:00,6281.1778
2025-07-12 19:07:00,6281.1778
2025-07-12 19:08:00,6281.1778
2025-07-12 19:09:00,6281.1778
2025-07-12 19:10:00,6281.1778
2025-07-12 19:11:00,6281.1778
2025-07-12 19:12:00,6281.1778
2025-07-12 19:13:00,6281.1778
2025-07-12 19:14:00,6281.1778
2025-07-12 19:15:00,6281.1778
2025-07-12 19:16:00,6281.1778
2025-07-12 19:17:00,6281.1778
2025-07-12 19:18:00,6281.1778
2025-07-12 19:19:00,6281.1778
2025-07-12 19:20:00,6281.1778
2025-07-12 19:21:00,6281.1778
2025-07-12 19:22:00,6281.1778
2025-07-12 19:23:00,6281.1778
2025-07-12 19:24:00,6281.1778
2025-07-12 19:25:00,6281.1778
2025-07-12 19:26:00,6281.1778
2025-07-12 19:27:00,6281.1778
2025-07-12 19:28:00,6281.1778
2025-07-12 19:29:00,6281.1778
2025-07-12 19:30:00,6281.1778
2025-07-12 19:31:00,6281.1778
2025-07-12 19:32:00,6281.1778
2025-07-12 19:33:00,6281.1778
2025-07-12 19:34:00,6281.1778
2025-07-12 19:35:00,6281.1778
2025-07-12 19:36:00,6281.1778
2025-07-12 19:37:00,6281.1778
2025-07-12 19:38:00,6281.1778
2025-07-12 19:39:00,6281.1778
2025-07-12 19:40:00,6281.1778
2025-07-12 19:41:00,6281.1778
2025-07-12 19:42:00,6281.1778
2025-07-12 19:43:00,6281.1778
2025-07-12 19:44:00,6281.1778
2025-07-12 19:45:00,6281.1778
2025-07-12 19:46:00,6281.1778
2025-07-12 19:47:00,6281.1778
2025-07-12 19:48:00,6281.1778
2025-07-12 19:49:00,6281.1778
2025-07-12 19:50:00,6281.1778
2025-07-12 19:51:00,6281.1778
2025-07-12 19:52:00,6281.1778
2025-07-12 19:53:00,6281.1778
2025-07-12 19:54:00,6281.1778
2025-07-12 19:55:00,6281.1778
2025-07-12 19:56:00,6281.1778
2025-07-12 19:57:00,6281.1778
2025-07-12 19:58:00,6281.1778
2025-07-12 19:59:00,6281.1778
2025-07-12 20:00:00,6281.1778
2025-07-12 20:01:00,6281.1778
2025-07-12 20:02:00,6281.1778
2025-07-12 20:03:00,6281.1778
2025-07-12 20:04:00,6281.1778
2025-07-12 20:05:00,6281.1778
2025-07-12 20:06:00,6281.1778
2025-07-12 20:07:00,6281.1778
2025-07-12 20:08:00,6281.1778
2025-07-12 20:09:00,6281.1778
2025-07-12 20:10:00,6281.1778
2025-07-12 20:11:00,6281.1778
2025-07-12 20:12:00,6281.1778
2025-07-12 20:13:00,6281.1778
2025-07-12 20:14:00,6281.1778
2025-07-12 20:15:00,6281.1778
2025-07-12 20:16:00,6281.1778
2025-07-12 20:17:00,6281.1778
2025-07-12 20:18:00,6281.1778
2025-07-12 20:19:00,6281.1778
2025-07-12 20:20:00,6281.1778
2025-07-12 20:21:00,6281.1778
2025-07-12 20:22:00,6281.1778
2025-07-12 20:23:00,6281.1778
2025-07-12 20:24:00,6281.1778
2025-07-12 20:25:00,6281.1778
2025-07-12 20:26:00,6281.1778
2025-07-12 20:27:00,6281.1778
2025-07-12 20:28:00,6281.1778
2025-07-12 20:29:00,6281.1778
2025-07-12 20:30:00,6281.1778
2025-07-12 20:31:00,6281.1778
2025-07-12 20:32:00,6281.1778
2025-07-12 20:33:00,6281.1778
2025-07-12 20:34:00,6281.1778
2025-07-12 20:35:00,6281.1778
2025-07-12 20:36:00,6281.1778
2025-07-12 20:37:00,6281.1778
2025-07-12 20:38:00,6281.1778
2025-07-12 20:39:00,6281.1778
2025-07-12 20:40:00,6281.1778
2025-07-12 20:41:00,6281.1778
2025-07-12 20:42:00,6281.1778
2025-07-12 20:43:00,6281.1778
2025-07-12 20:44:00,6281.1778
2025-07-12 20:45:00,6281.1778
2025-07-12 20:46:00,6281.1778
2025-07-12 20:47:00,6281.1778
2025-07-12 20:48:00,6281.1778
2025-07-12 20:49:00,6281.1778
2025-07-12 20:50:00,6281.1778
2025-07-12 20:51:00,6281.1778
2025-07-12 20:52:00,6281.1778
2025-07-12 20:53:00,6281.1778
2025-07-12 20:54:00,6281.1778
2025-07-12 20:55:00,6281.1778
2025-07-12 20:56:00,6281.1778
2025-07-12 20:57:00,6281.1778
2025-07-12 20:58:00,6281.1778
2025-07-12 20:59:00,6281.1778
2025-07-12 21:00:00,6281.1778
2025-07-12 21:01:00,6281.1778
2025-07-12 21:02:00,6281.1778
2025-07-12 21:03:00,6281.1778
2025-07-12 21:04:00,6281.1778
2025-07-12 21:05:00,6281.1778
2025-07-12 21:06:00,6281.1778
2025-07-12 21:07:00,6281.1778
2025-07-12 21:08:00,6281.1778
2025-07-12 21:09:00,6281.1778
2025-07-12 21:10:00,6281.1778
2025-07-12 21:11:00,6281.1778
2025-07-12 21:12:00,6281.1778
2025-07-12 21:13:00,6281.1778
2025-07-12 21:14:00,6281.1778
2025-07-12 21:15:00,6281.1778
2025-07-12 21:16:00,6281.1778
2025-07-12 21:17:00,6281.1778
2025-07-12 21:18:00,6281.1778
2025-07-12 21:19:00,6281.1778
2025-07-12 21:20:00,6281.1778
2025-07-12 21:21:00,6281.1778
2025-07-12 21:22:00,6281.1778
2025-07-12 21:23:00,6281.1778
2025-07-12 21:24:00,6281.1778
2025-07-12 21:25:00,6281.1778
2025-07-12 21:26:00,6281.1778
2025-07-12 21:27:00,6281.1778
2025-07-12 21:28:00,6281.1778
2025-07-12 21:29:00,6281.1778
2025-07-12 21:30:00,6281.1778
2025-07-12 21:31:00,6281.1778
2025-07-12 21:32:00,6281.1778
2025-07-12 21:33:00,6281.1778
2025-07-12 21:34:00,6281.1778
2025-07-12 21:35:00,6281.1778
2025-07-12 21:36:00,6281.1778
2025-07-12 21:37:00,6281.1778
2025-07-12 21:38:00,6281.1778
2025-07-12 21:39:00,6281.1778
2025-07-12 21:40:00,6281.1778
2025-07-12 21:41:00,6281.1778
2025-07-12 21:42:00,6281.1778
2025-07-12 21:43:00,6281.1778
2025-07-12 21:44:00,6281.1778
2025-07-12 21:45:00,6281.1778
2025-07-12 21:46:00,6281.1778
2025-07-12 21:47:00,6281.1778
2025-07-12 21:48:00,6281.1778
2025-07-12 21:49:00,6281.1778
2025-07-12 21:50:00,6281.1778
2025-07-12 21:51:00,6281.1778
2025-07-12 21:52:00,6281.1778
2025-07-12 21:53:00,6281.1778
2025-07-12 21:54:00,6281.1778
2025-07-12 21:55:00,6281.1778
2025-07-12 21:56:00,6281.1778
2025-07-12 21:57:00,6281.1778
2025-07-12 21:58:00,6281.1778
2025-07-12 21:59:00,6281.1778
2025-07-12 22:00:00,6281.1778
2025-07-12 22:01:00,6281.1778
2025-07-12 22:02:00,6281.1778
2025-07-12 22:03:00,6281.1778
2025-07-12 22:04:00,6281.1778
2025-07-12 22:05:00,6281.1778
2025-07-12 22:06:00,6281.1778
2025-07-12 22:07:00,6281.1778
2025-07-12 22:08:00,6281.1778
2025-07-12 22:09:00,6281.1778
2025-07-12 22:10:00,6281.1778
2025-07-12 22:11:00,6281.1778
2025-07-12 22:12:00,6281.1778
2025-07-12 22:13:00,6281.1778
2025-07-12 22:14:00,6281.1778
2025-07-12 22:15:00,6281.1778
2025-07-12 22:16:00,6281.1778
2025-07-12 22:17:00,6281.1778
2025-07-12 22:18:00,6281.1778
2025-07-12 22:19:00,6281.1778
2025-07-12 22:20:00,6281.1778
2025-07-12 22:21:00,6281.1778
2025-07-12 22:22:00,6281.1778
2025-07-12 22:23:00,6281.1778
2025-07-12 22:24:00,6281.1778
2025-07-12 22:25:00,6281.1778
2025-07-12 22:26:00,6281.1778
2025-07-12 22:27:00,6281.1778
2025-07-12 22:28:00,6281.1778
2025-07-12 22:29:00,6281.1778
2025-07-12 22:30:00,6281.1778
2025-07-12 22:31:00,6281.1778
2025-07-12 22:32:00,6281.1778
2025-07-12 22:33:00,6281.1778
2025-07-12 22:34:00,6281.1778
2025-07-12 22:35:00,6281.1778
2025-07-12 22:36:00,6281.1778
2025-07-12 22:37:00,6281.1778
2025-07-12 22:38:00,6281.1778
2025-07-12 22:39:00,6281.1778
2025-07-12 22:40:00,6281.1778
2025-07-12 22:41:00,6281.1778
2025-07-12 22:42:00,6281.1778
2025-07-12 22:43:00,6281.1778
2025-07-12 22:44:00,6281.1778
2025-07-12 22:45:00,6281.1778
2025-07-12 22:46:00,6281.1778
2025-07-12 22:47:00,6281.1778
2025-07-12 22:48:00,6281.1778
2025-07-12 22:49:00,6281.1778
2025-07-12 22:50:00,6281.1778
2025-07-12 22:51:00,6281.1778
2025-07-12 22:52:00,6281.1778
2025-07-12 22:53:00,6281.1778
2025-07-12 22:54:00,6281.1778
2025-07-12 22:55:00,6281.1778
2025-07-12 22:56:00,6281.1778
2025-07-12 22:57:00,6281.1778
2025-07-12 22:58:00,6281.1778
2025-07-12 22:59:00,6281.1778
2025-07-12 23:00:00,6281.1778
2025-07-12 23:01:00,6281.1778
2025-07-12 23:02:00,6281.1778
2025-07-12 23:03:00,6281.1778
2025-07-12 23:04:00,6281.1778
2025-07-12 23:05:00,6281.1778
2025-07-12 23:06:00,6281.1778
2025-07-12 23:07:00,6281.1778
2025-07-12 23:08:00,6281.1778
2025-07-12 23:09:00,6281.1778
2025-07-12 23:10:00,6281.1778
2025-07-12 23:11:00,6281.1778
2025-07-12 23:12:00,6281.1778
2025-07-12 23:13:00,6281.1778
2025-07-12 23:14:00,6281.1778
2025-07-12 23:15:00,6281.1778
2025-07-12 23:16:00,6281.1778
2025-07-12 23:17:00,6281.1778
2025-07-12 23:18:00,6281.1778
2025-07-12 23:19:00,6281.1778
2025-07-12 23:20:00,6281.1778
2025-07-12 23:21:00,6281.1778
2025-07-12 23:22:00,6281.1778
2025-07-12 23:23:00,6281.1778
2025-07-12 23:24:00,6281.1778
2025-07-12 23:25:00,6281.1778
2025-07-12 23:26:00,6281.1778
2025-07-12 23:27:00,6281.1778
2025-07-12 23:28:00,6281.1778
2025-07-12 23:29:00,6281.1778
2025-07-12 23:30:00,6281.1778
2025-07-12 23:31:00,6281.1778
2025-07-12 23:32:00,6281.1778
2025-07-12 23:33:00,6281.1778
2025-07-12 23:34:00,6281.1778
2025-07-12 23:35:00,6281.1778
2025-07-12 23:36:00,6281.1778
2025-07-12 23:37:00,6281.1778
2025-07-12 23:38:00,6281.1778
2025-07-12 23:39:00,6281.1778
2025-07-12 23:40:00,6281.1778
2025-07-12 23:41:00,6281.1778
2025-07-12 23:42:00,6281.1778
2025-07-12 23:43:00,6281.1778
2025-07-12 23:44:00,6281.1778
2025-07-12 23:45:00,6281.1778
2025-07-12 23:46:00,6281.1778
2025-07-12 23:47:00,6281.1778
2025-07-12 23:48:00,6281.1778
2025-07-12 23:49:00,6281.1778
2025-07-12 23:50:00,6281.1778
2025-07-12 23:51:00,6281.1778
2025-07-12 23:52:00,6281.1778
2025-07-12 23:53:00,6281.1778
2025-07-12 23:54:00,6281.1778
2025-07-12 23:55:00,6281.1778
2025-07-12 23:56:00,6281.1778
2025-07-12 23:57:00,6281.1778
2025-07-12 23:58:00,6281.1778
2025-07-12 23:59:00,6281.1778
2025-07-13 00:00:00,6281.1778
2025-07-13 00:01:00,6281.1778
2025-07-13 00:02:00,6281.1778
2025-07-13 00:03:00,6281.1778
2025-07-13 00:04:00,6281.1778
2025-07-13 00:05:00,6281.1778
2025-07-13 00:06:00,6281.1778
2025-07-13 00:07:00,6281.1778
2025-07-13 00:08:00,6281.1778
2025-07-13 00:09:00,6281.1778
2025-07-13 00:10:00,6281.1778
2025-07-13 00:11:00,6281.1778
2025-07-13 00:12:00,6281.1778
2025-07-13 00:13:00,6281.1778
2025-07-13 00:14:00,6281.1778
2025-07-13 00:15:00,6281.1778
2025-07-13 00:16:00,6281.1778
2025-07-13 00:17:00,6281.1778
2025-07-13 00:18:00,6281.1778
2025-07-13 00:19:00,6281.1778
2025-07-13 00:20:00,6281.1778
2025-07-13 00:21:00,6281.1778
2025-07-13 00:22:00,6281.1778
2025-07-13 00:23:00,6281.1778
2025-07-13 00:24:00,6281.1778
2025-07-13 00:25:00,6281.1778
2025-07-13 00:26:00,6281.1778
2025-07-13 00:27:00,6281.1778
2025-07-13 00:28:00,6281.1778
2025-07-13 00:29:00,6281.1778
2025-07-13 00:30:00,6281.1778
2025-07-13 00:31:00,6281.1778
2025-07-13 00:32:00,6281.1778
2025-07-13 00:33:00,6281.1778
2025-07-13 00:34:00,6281.1778
2025-07-13 00:35:00,6281.1778
2025-07-13 00:36:00,6281.1778
2025-07-13 00:37:00,6281.1778
2025-07-13 00:38:00,6281.1778
2025-07-13 00:39:00,6281.1778
2025-07-13 00:40:00,6281.1778
2025-07-13 00:41:00,6281.1778
2025-07-13 00:42:00,6281.1778
2025-07-13 00:43:00,6281.1778
2025-07-13 00:44:00,6281.1778
2025-07-13 00:45:00,6281.1778
2025-07-13 00:46:00,6281.1778
2025-07-13 00:47:00,6281.1778
2025-07-13 00:48:00,6281.1778
2025-07-13 00:49:00,6281.1778
2025-07-13 00:50:00,6281.1778
2025-07-13 00:51:00,6281.1778
2025-07-13 00:52:00,6281.1778
2025-07-13 00:53:00,6281.1778
2025-07-13 00:54:00,6281.1778
2025-07-13 00:55:00,6281.1778
2025-07-13 00:56:00,6281.1778
2025-07-13 00:57:00,6281.1778
2025-07-13 00:58:00,6281.1778
2025-07-13 00:59:00,6281.1778
2025-07-13 01:00:00,6281.1778
2025-07-13 01:01:00,6281.1778
2025-07-13 01:02:00,6281.1778
2025-07-13 01:03:00,6281.1778
2025-07-13 01:04:00,6281.1778
2025-07-13 01:05:00,6281.1778
2025-07-13 01:06:00,6281.1778
2025-07-13 01:07:00,6281.1778
2025-07-13 01:08:00,6281.1778
2025-07-13 01:09:00,6281.1778
2025-07-13 01:10:00,6281.1778
2025-07-13 01:11:00,6281.1778
2025-07-13 01:12:00,6281.1778
2025-07-13 01:13:00,6281.1778
2025-07-13 01:14:00,6281.1778
2025-07-13 01:15:00,6281.1778
2025-07-13 01:16:00,6281.1778
2025-07-13 01:17:00,6281.1778
2025-07-13 01:18:00,6281.1778
2025-07-13 01:19:00,6281.1778
2025-07-13 01:20:00,6281.1778
2025-07-13 01:21:00,6281.1778
2025-07-13 01:22:00,6281.1778
2025-07-13 01:22:35,6281.1778
2025-07-13 01:23:00,6281.1778
2025-07-13 01:23:18,6281.1778
2025-07-13 01:24:00,6281.1778
2025-07-13 01:25:00,6281.1778
2025-07-13 01:26:00,6281.1778
2025-07-13 01:27:00,6281.1778
2025-07-13 01:28:00,6281.1778
2025-07-13 01:29:00,6281.1778
2025-07-13 01:30:00,6281.1778
2025-07-13 01:31:00,6281.1778
2025-07-13 01:32:00,6281.1778
2025-07-13 01:33:00,6281.1778
2025-07-13 01:34:00,6281.1778
2025-07-13 01:35:00,6281.1778
2025-07-13 01:36:00,6281.1778
2025-07-13 01:37:00,6281.1778
2025-07-13 01:38:00,6281.1778
2025-07-13 01:39:00,6281.1778
2025-07-13 01:40:00,6281.1778
2025-07-13 01:41:00,6281.1778
2025-07-13 01:42:00,6281.1778
2025-07-13 01:43:00,6281.1778
2025-07-13 01:44:00,6281.1778
2025-07-13 01:45:00,6281.1778
2025-07-13 01:46:00,6281.1778
2025-07-13 01:47:00,6281.1778
2025-07-13 01:48:00,6281.1778
2025-07-13 01:49:00,6281.1778
2025-07-13 01:50:00,6281.1778
2025-07-13 01:51:00,6281.1778
2025-07-13 01:52:00,6281.1778
2025-07-13 01:53:00,6281.1778
2025-07-13 01:54:00,6281.1778
2025-07-13 01:55:00,6281.1778
2025-07-13 01:56:00,6281.1778
2025-07-13 01:57:00,6281.1778
2025-07-13 01:58:00,6281.1778
2025-07-13 01:59:00,6281.1778
2025-07-13 02:00:00,6281.1778
2025-07-13 02:01:00,6281.1778
2025-07-13 02:02:00,6281.1778
2025-07-13 02:03:00,6281.1778
2025-07-13 02:04:00,6281.1778
2025-07-13 02:05:00,6281.1778
2025-07-13 02:06:00,6281.1778
2025-07-13 02:07:00,6281.1778
2025-07-13 02:08:00,6281.1778
2025-07-13 02:09:00,6281.1778
2025-07-13 02:10:00,6281.1778
2025-07-13 02:11:00,6281.1778
2025-07-13 02:12:00,6281.1778
2025-07-13 02:13:00,6281.1778
2025-07-13 02:14:00,6281.1778
2025-07-13 02:15:00,6281.1778
2025-07-13 02:16:00,6281.1778
2025-07-13 02:17:00,6281.1778
2025-07-13 02:18:00,6281.1778
2025-07-13 02:19:00,6281.1778
2025-07-13 02:20:00,6281.1778
2025-07-13 02:21:00,6281.1778
2025-07-13 02:22:00,6281.1778
2025-07-13 02:23:00,6281.1778
2025-07-13 02:24:00,6281.1778
2025-07-13 02:25:00,6281.1778
2025-07-13 02:26:00,6281.1778
2025-07-13 02:27:00,6281.1778
2025-07-13 02:28:00,6281.1778
2025-07-13 02:29:00,6281.1778
2025-07-13 02:30:00,6281.1778
2025-07-13 02:31:00,6281.1778
2025-07-13 02:32:00,6281.1778
2025-07-13 02:33:00,6281.1778
2025-07-13 02:34:00,6281.1778
2025-07-13 02:35:00,6281.1778
2025-07-13 02:36:00,6281.1778
2025-07-13 02:37:00,6281.1778
2025-07-13 02:38:00,6281.1778
2025-07-13 02:39:00,6281.1778
2025-07-13 02:40:00,6281.1778
2025-07-13 02:41:00,6281.1778
2025-07-13 02:42:00,6281.1778
2025-07-13 02:43:00,6281.1778
2025-07-13 02:44:00,6281.1778
2025-07-13 02:45:00,6281.1778
2025-07-13 02:46:00,6281.1778
2025-07-13 02:47:00,6281.1778
2025-07-13 02:48:00,6281.1778
2025-07-13 02:49:00,6281.1778
2025-07-13 02:50:00,6281.1778
2025-07-13 02:51:00,6281.1778
2025-07-13 02:52:00,6281.1778
2025-07-13 02:53:00,6281.1778
2025-07-13 02:54:00,6281.1778
2025-07-13 02:55:00,6281.1778
2025-07-13 02:56:00,6281.1778
2025-07-13 02:57:00,6281.1778
2025-07-13 02:58:00,6281.1778
2025-07-13 02:59:00,6281.1778
2025-07-13 03:00:00,6281.1778
2025-07-13 03:01:00,6281.1778
2025-07-13 03:02:00,6281.1778
2025-07-13 03:03:00,6281.1778
2025-07-13 03:04:00,6281.1778
2025-07-13 03:05:00,6281.1778
2025-07-13 03:06:00,6281.1778
2025-07-13 03:07:00,6281.1778
2025-07-13 03:08:00,6281.1778
2025-07-13 03:09:00,6281.1778
2025-07-13 03:10:00,6281.1778
2025-07-13 03:11:00,6281.1778
2025-07-13 03:12:00,6281.1778
2025-07-13 03:13:00,6281.1778
2025-07-13 03:14:00,6281.1778
2025-07-13 03:15:00,6281.1778
2025-07-13 03:16:00,6281.1778
2025-07-13 03:17:00,6281.1778
2025-07-13 03:18:00,6281.1778
2025-07-13 03:19:00,6281.1778
2025-07-13 03:20:00,6281.1778
2025-07-13 03:21:00,6281.1778
2025-07-13 03:22:00,6281.1778
2025-07-13 03:23:00,6281.1778
2025-07-13 03:24:00,6281.1778
2025-07-13 03:25:00,6281.1778
2025-07-13 03:26:00,6281.1778
2025-07-13 03:27:00,6281.1778
2025-07-13 03:28:00,6281.1778
2025-07-13 03:29:00,6281.1778
2025-07-13 03:30:00,6281.1778
2025-07-13 03:31:00,6281.1778
2025-07-13 03:32:00,6281.1778
2025-07-13 03:33:00,6281.1778
2025-07-13 03:34:00,6281.1778
2025-07-13 03:35:00,6281.1778
2025-07-13 03:36:00,6281.1778
2025-07-13 03:37:00,6281.1778
2025-07-13 03:38:00,6281.1778
2025-07-13 03:39:00,6281.1778
2025-07-13 03:40:00,6281.1778
2025-07-13 03:41:00,6281.1778
2025-07-13 03:42:00,6281.1778
2025-07-13 03:43:00,6281.1778
2025-07-13 03:44:00,6281.1778
2025-07-13 03:45:00,6281.1778
2025-07-13 03:46:00,6281.1778
2025-07-13 03:47:00,6281.1778
2025-07-13 03:48:00,6281.1778
2025-07-13 03:49:00,6281.1778
2025-07-13 03:50:00,6281.1778
2025-07-13 03:51:00,6281.1778
2025-07-13 03:52:00,6281.1778
2025-07-13 03:53:00,6281.1778
2025-07-13 03:54:00,6281.1778
2025-07-13 03:55:00,6281.1778
2025-07-13 03:56:00,6281.1778
2025-07-13 03:57:00,6281.1778
2025-07-13 03:58:00,6281.1778
2025-07-13 03:59:00,6281.1778
2025-07-13 04:00:00,6281.1778
2025-07-13 04:01:00,6281.1778
2025-07-13 04:02:00,6281.1778
2025-07-13 04:03:00,6281.1778
2025-07-13 04:04:00,6281.1778
2025-07-13 04:05:00,6281.1778
2025-07-13 04:06:00,6281.1778
2025-07-13 04:07:00,6281.1778
2025-07-13 04:08:00,6281.1778
2025-07-13 04:09:00,6281.1778
2025-07-13 04:10:00,6281.1778
2025-07-13 04:11:00,6281.1778
2025-07-13 04:12:00,6281.1778
2025-07-13 04:13:00,6281.1778
2025-07-13 04:14:00,6281.1778
2025-07-13 04:15:00,6281.1778
2025-07-13 04:16:00,6281.1778
2025-07-13 04:17:00,6281.1778
2025-07-13 04:18:00,6281.1778
2025-07-13 04:19:00,6281.1778
2025-07-13 04:20:00,6281.1778
2025-07-13 04:21:00,6281.1778
2025-07-13 04:22:00,6281.1778
2025-07-13 04:23:00,6281.1778
2025-07-13 04:24:00,6281.1778
2025-07-13 04:25:00,6281.1778
2025-07-13 04:26:00,6281.1778
2025-07-13 04:27:00,6281.1778
2025-07-13 04:28:00,6281.1778
2025-07-13 04:29:00,6281.1778
2025-07-13 04:30:00,6281.1778
2025-07-13 04:31:00,6281.1778
2025-07-13 04:32:00,6281.1778
2025-07-13 04:33:00,6281.1778
2025-07-13 04:34:00,6281.1778
2025-07-13 04:35:00,6281.1778
2025-07-13 04:36:00,6281.1778
2025-07-13 04:37:00,6281.1778
2025-07-13 04:38:00,6281.1778
2025-07-13 04:39:00,6281.1778
2025-07-13 04:40:00,6281.1778
2025-07-13 04:41:00,6281.1778
2025-07-13 04:42:00,6281.1778
2025-07-13 04:43:00,6281.1778
2025-07-13 04:44:00,6281.1778
2025-07-13 04:45:00,6281.1778
2025-07-13 04:46:00,6281.1778
2025-07-13 04:47:00,6281.1778
2025-07-13 04:48:00,6281.1778
2025-07-13 04:49:00,6281.1778
2025-07-13 04:50:00,6281.1778
2025-07-13 04:51:00,6281.1778
2025-07-13 04:52:00,6281.1778
2025-07-13 04:53:00,6281.1778
2025-07-13 04:54:00,6281.1778
2025-07-13 04:55:00,6281.1778
2025-07-13 04:56:00,6281.1778
2025-07-13 04:57:00,6281.1778
2025-07-13 04:58:00,6281.1778
2025-07-13 04:59:00,6281.1778
2025-07-13 05:00:00,6281.1778
2025-07-13 05:01:00,6281.1778
2025-07-13 05:02:00,6281.1778
2025-07-13 05:03:00,6281.1778
2025-07-13 05:04:00,6281.1778
2025-07-13 05:05:00,6281.1778
2025-07-13 05:06:00,6281.1778
2025-07-13 05:07:00,6281.1778
2025-07-13 05:08:00,6281.1778
2025-07-13 05:09:00,6281.1778
2025-07-13 05:10:00,6281.1778
2025-07-13 05:11:00,6281.1778
2025-07-13 05:12:00,6281.1778
2025-07-13 05:13:00,6281.1778
2025-07-13 05:14:00,6281.1778
2025-07-13 05:15:00,6281.1778
2025-07-13 05:16:00,6281.1778
2025-07-13 05:17:00,6281.1778
2025-07-13 05:18:00,6281.1778
2025-07-13 05:19:00,6281.1778
2025-07-13 05:20:00,6281.1778
2025-07-13 05:21:00,6281.1778
2025-07-13 05:22:00,6281.1778
2025-07-13 05:23:00,6281.1778
2025-07-13 05:24:00,6281.1778
2025-07-13 05:25:00,6281.1778
2025-07-13 05:26:00,6281.1778
2025-07-13 05:27:00,6281.1778
2025-07-13 05:28:00,6281.1778
2025-07-13 05:29:00,6281.1778
2025-07-13 05:30:00,6281.1778
2025-07-13 05:31:00,6281.1778
2025-07-13 05:32:00,6281.1778
2025-07-13 05:33:00,6281.1778
2025-07-13 05:34:00,6281.1778
2025-07-13 05:35:00,6281.1778
2025-07-13 05:36:00,6281.1778
2025-07-13 05:37:00,6281.1778
2025-07-13 05:38:00,6281.1778
2025-07-13 05:39:00,6281.1778
2025-07-13 05:40:00,6281.1778
2025-07-13 05:41:00,6281.1778
2025-07-13 05:42:00,6281.1778
2025-07-13 05:43:00,6281.1778
2025-07-13 05:44:00,6281.1778
2025-07-13 05:45:00,6281.1778
2025-07-13 05:46:00,6281.1778
2025-07-13 05:47:00,6281.1778
2025-07-13 05:48:00,6281.1778
2025-07-13 05:49:00,6281.1778
2025-07-13 05:50:00,6281.1778
2025-07-13 05:51:00,6281.1778
2025-07-13 05:52:00,6281.1778
2025-07-13 05:53:00,6281.1778
2025-07-13 05:54:00,6281.1778
2025-07-13 05:55:00,6281.1778
2025-07-13 05:56:00,6281.1778
2025-07-13 05:57:00,6281.1778
2025-07-13 05:58:00,6281.1778
2025-07-13 05:59:00,6281.1778
2025-07-13 06:00:00,6281.1778
2025-07-13 06:01:00,6281.1778
2025-07-13 06:02:00,6281.1778
2025-07-13 06:03:00,6281.1778
2025-07-13 06:04:00,6281.1778
2025-07-13 06:05:00,6281.1778
2025-07-13 06:06:00,6281.1778
2025-07-13 06:07:00,6281.1778
2025-07-13 06:08:00,6281.1778
2025-07-13 06:09:00,6281.1778
2025-07-13 06:10:00,6281.1778
2025-07-13 06:11:00,6281.1778
2025-07-13 06:12:00,6281.1778
2025-07-13 06:13:00,6281.1778
2025-07-13 06:14:00,6281.1778
2025-07-13 06:15:00,6281.1778
2025-07-13 06:16:00,6281.1778
2025-07-13 06:17:00,6281.1778
2025-07-13 06:18:00,6281.1778
2025-07-13 06:19:00,6281.1778
2025-07-13 06:20:00,6281.1778
2025-07-13 06:21:00,6281.1778
2025-07-13 06:22:00,6281.1778
2025-07-13 06:23:00,6281.1778
2025-07-13 06:24:00,6281.1778
2025-07-13 06:25:00,6281.1778
2025-07-13 06:26:00,6281.1778
2025-07-13 06:27:00,6281.1778
2025-07-13 06:28:00,6281.1778
2025-07-13 06:29:00,6281.1778
2025-07-13 06:30:00,6281.1778
2025-07-13 06:31:00,6281.1778
2025-07-13 06:32:00,6281.1778
2025-07-13 06:33:00,6281.1778
2025-07-13 06:34:00,6281.1778
2025-07-13 06:35:00,6281.1778
2025-07-13 06:36:00,6281.1778
2025-07-13 06:37:00,6281.1778
2025-07-13 06:38:00,6281.1778
2025-07-13 06:39:00,6281.1778
2025-07-13 06:40:00,6281.1778
2025-07-13 06:41:00,6281.1778
2025-07-13 06:42:00,6281.1778
2025-07-13 06:43:00,6281.1778
2025-07-13 06:44:00,6281.1778
2025-07-13 06:45:00,6281.1778
2025-07-13 06:46:00,6281.1778
2025-07-13 06:47:00,6281.1778
2025-07-13 06:48:00,6281.1778
2025-07-13 06:49:00,6281.1778
2025-07-13 06:50:00,6281.1778
2025-07-13 06:51:00,6281.1778
2025-07-13 06:52:00,6281.1778
2025-07-13 06:53:00,6281.1778
2025-07-13 06:54:00,6281.1778
2025-07-13 06:55:00,6281.1778
2025-07-13 06:56:00,6281.1778
2025-07-13 06:57:00,6281.1778
2025-07-13 06:58:00,6281.1778
2025-07-13 06:59:00,6281.1778
2025-07-13 07:00:00,6281.1778
2025-07-13 07:01:00,6281.1778
2025-07-13 07:02:00,6281.1778
2025-07-13 07:03:00,6281.1778
2025-07-13 07:04:00,6281.1778
2025-07-13 07:05:00,6281.1778
2025-07-13 07:06:00,6281.1778
2025-07-13 07:07:00,6281.1778
2025-07-13 07:08:00,6281.1778
2025-07-13 07:09:00,6281.1778
2025-07-13 07:10:00,6281.1778
2025-07-13 07:11:00,6281.1778
2025-07-13 07:12:00,6281.1778
2025-07-13 07:13:00,6281.1778
2025-07-13 07:14:00,6281.1778
2025-07-13 07:15:00,6281.1778
2025-07-13 07:16:00,6281.1778
2025-07-13 07:17:00,6281.1778
2025-07-13 07:18:00,6281.1778
2025-07-13 07:19:00,6281.1778
2025-07-13 07:20:00,6281.1778
2025-07-13 07:21:00,6281.1778
2025-07-13 07:22:00,6281.1778
2025-07-13 07:23:00,6281.1778
2025-07-13 07:24:00,6281.1778
2025-07-13 07:25:00,6281.1778
2025-07-13 07:26:00,6281.1778
2025-07-13 07:27:00,6281.1778
2025-07-13 07:28:00,6281.1778
2025-07-13 07:29:00,6281.1778
2025-07-13 07:30:00,6281.1778
2025-07-13 07:31:00,6281.1778
2025-07-13 07:32:00,6281.1778
2025-07-13 07:33:00,6281.1778
2025-07-13 07:34:00,6281.1778
2025-07-13 07:35:00,6281.1778
2025-07-13 07:36:00,6281.1778
2025-07-13 07:37:00,6281.1778
2025-07-13 07:38:00,6281.1778
2025-07-13 07:39:00,6281.1778
2025-07-13 07:40:00,6281.1778
2025-07-13 07:41:00,6281.1778
2025-07-13 07:42:00,6281.1778
2025-07-13 07:43:00,6281.1778
2025-07-13 07:44:00,6281.1778
2025-07-13 07:45:00,6281.1778
2025-07-13 07:46:00,6281.1778
2025-07-13 07:47:00,6281.1778
2025-07-13 07:48:00,6281.1778
2025-07-13 07:49:00,6281.1778
2025-07-13 07:50:00,6281.1778
2025-07-13 07:51:00,6281.1778
2025-07-13 07:52:00,6281.1778
2025-07-13 07:53:00,6281.1778
2025-07-13 07:54:00,6281.1778
2025-07-13 07:55:00,6281.1778
2025-07-13 07:56:00,6281.1778
2025-07-13 07:57:00,6281.1778
2025-07-13 07:58:00,6281.1778
2025-07-13 07:59:00,6281.1778
2025-07-13 08:00:00,6281.1778
2025-07-13 08:01:00,6281.1778
2025-07-13 08:02:00,6281.1778
2025-07-13 08:03:00,6281.1778
2025-07-13 08:04:00,6281.1778
2025-07-13 08:05:00,6281.1778
2025-07-13 08:06:00,6281.1778
2025-07-13 08:07:00,6281.1778
2025-07-13 08:08:00,6281.1778
2025-07-13 08:09:00,6281.1778
2025-07-13 08:10:00,6281.1778
2025-07-13 08:11:00,6281.1778
2025-07-13 08:12:00,6281.1778
2025-07-13 08:13:00,6281.1778
2025-07-13 08:14:00,6281.1778
2025-07-13 08:15:00,6281.1778
2025-07-13 08:16:00,6281.1778
2025-07-13 08:17:00,6281.1778
2025-07-13 08:18:00,6281.1778
2025-07-13 08:19:00,6281.1778
2025-07-13 08:20:00,6281.1778
2025-07-13 08:21:00,6281.1778
2025-07-13 08:22:00,6281.1778
2025-07-13 08:23:00,6281.1778
2025-07-13 08:24:00,6281.1778
2025-07-13 08:25:00,6281.1778
2025-07-13 08:26:00,6281.1778
2025-07-13 08:27:00,6281.1778
2025-07-13 08:28:00,6281.1778
2025-07-13 08:29:00,6281.1778
2025-07-13 08:30:00,6281.1778
2025-07-13 08:31:00,6281.1778
2025-07-13 08:32:00,6281.1778
2025-07-13 08:33:00,6281.1778
2025-07-13 08:34:00,6281.1778
2025-07-13 08:35:00,6281.1778
2025-07-13 08:36:00,6281.1778
2025-07-13 08:37:00,6281.1778
2025-07-13 08:38:00,6281.1778
2025-07-13 08:39:00,6281.1778
2025-07-13 08:40:00,6281.1778
2025-07-13 08:41:00,6281.1778
2025-07-13 08:42:00,6281.1778
2025-07-13 08:43:00,6281.1778
2025-07-13 08:44:00,6281.1778
2025-07-13 08:45:00,6281.1778
2025-07-13 08:46:00,6281.1778
2025-07-13 08:47:00,6281.1778
2025-07-13 08:48:00,6281.1778
2025-07-13 08:49:00,6281.1778
2025-07-13 08:50:00,6281.1778
2025-07-13 08:51:00,6281.1778
2025-07-13 08:52:00,6281.1778
2025-07-13 08:53:00,6281.1778
2025-07-13 08:54:00,6281.1778
2025-07-13 08:55:00,6281.1778
2025-07-13 08:56:00,6281.1778
2025-07-13 08:57:00,6281.1778
2025-07-13 08:58:00,6281.1778
2025-07-13 08:59:00,6281.1778
2025-07-13 09:00:00,6281.1778
2025-07-13 09:01:00,6281.1778
2025-07-13 09:02:00,6281.1778
2025-07-13 09:03:00,6281.1778
2025-07-13 09:04:00,6281.1778
2025-07-13 09:05:00,6281.1778
2025-07-13 09:06:00,6281.1778
2025-07-13 09:07:00,6281.1778
2025-07-13 09:08:00,6281.1778
2025-07-13 09:09:00,6281.1778
2025-07-13 09:10:00,6281.1778
2025-07-13 09:11:00,6281.1778
2025-07-13 09:12:00,6281.1778
2025-07-13 09:13:00,6281.1778
2025-07-13 09:14:00,6281.1778
2025-07-13 09:15:00,6281.1778
2025-07-13 09:16:00,6281.1778
2025-07-13 09:17:00,6281.1778
2025-07-13 09:18:00,6281.1778
2025-07-13 09:19:00,6281.1778
2025-07-13 09:20:00,6281.1778
2025-07-13 09:21:00,6281.1778
2025-07-13 09:22:00,6281.1778
2025-07-13 09:23:00,6281.1778
2025-07-13 09:24:00,6281.1778
2025-07-13 09:25:00,6281.1778
2025-07-13 09:26:00,6281.1778
2025-07-13 09:27:00,6281.1778
2025-07-13 09:28:00,6281.1778
2025-07-13 09:29:00,6281.1778
2025-07-13 09:30:00,6281.1778
2025-07-13 09:31:00,6281.1778
2025-07-13 09:32:00,6281.1778
2025-07-13 09:33:00,6281.1778
2025-07-13 09:34:00,6281.1778
2025-07-13 09:35:00,6281.1778
2025-07-13 09:36:00,6281.1778
2025-07-13 09:37:00,6281.1778
2025-07-13 09:38:00,6281.1778
2025-07-13 09:39:00,6281.1778
2025-07-13 09:40:00,6281.1778
2025-07-13 09:41:00,6281.1778
2025-07-13 09:42:00,6281.1778
2025-07-13 09:43:00,6281.1778
2025-07-13 09:44:00,6281.1778
2025-07-13 09:45:00,6281.1778
2025-07-13 09:46:00,6281.1778
2025-07-13 09:47:00,6281.1778
2025-07-13 09:48:00,6281.1778
2025-07-13 09:49:00,6281.1778
2025-07-13 09:50:00,6281.1778
2025-07-13 09:51:00,6281.1778
2025-07-13 09:52:00,6281.1778
2025-07-13 09:53:00,6281.1778
2025-07-13 09:54:00,6281.1778
2025-07-13 09:55:00,6281.1778
2025-07-13 09:56:00,6281.1778
2025-07-13 09:57:00,6281.1778
2025-07-13 09:58:00,6281.1778
2025-07-13 09:59:00,6281.1778
2025-07-13 10:00:00,6281.1778
2025-07-13 10:01:00,6281.1778
2025-07-13 10:02:00,6281.1778
2025-07-13 10:03:00,6281.1778
2025-07-13 10:04:00,6281.1778
2025-07-13 10:05:00,6281.1778
2025-07-13 10:06:00,6281.1778
2025-07-13 10:07:00,6281.1778
2025-07-13 10:08:00,6281.1778
2025-07-13 10:09:00,6281.1778
2025-07-13 10:10:00,6281.1778
2025-07-13 10:11:00,6281.1778
2025-07-13 10:12:00,6281.1778
2025-07-13 10:13:00,6281.1778
2025-07-13 10:14:00,6281.1778
2025-07-13 10:15:00,6281.1778
2025-07-13 10:16:00,6281.1778
2025-07-13 10:17:00,6281.1778
2025-07-13 10:18:00,6281.1778
2025-07-13 10:19:00,6281.1778
2025-07-13 10:20:00,6281.1778
2025-07-13 10:21:00,6281.1778
2025-07-13 10:22:00,6281.1778
2025-07-13 10:23:00,6281.1778
2025-07-13 10:24:00,6281.1778
2025-07-13 10:25:00,6281.1778
2025-07-13 10:26:00,6281.1778
2025-07-13 10:27:00,6281.1778
2025-07-13 10:28:00,6281.1778
2025-07-13 10:29:00,6281.1778
2025-07-13 10:30:00,6281.1778
2025-07-13 10:31:00,6281.1778
2025-07-13 10:32:00,6281.1778
2025-07-13 10:33:00,6281.1778
2025-07-13 10:34:00,6281.1778
2025-07-13 10:35:00,6281.1778
2025-07-13 10:36:00,6281.1778
2025-07-13 10:37:00,6281.1778
2025-07-13 10:38:00,6281.1778
2025-07-13 10:39:00,6281.1778
2025-07-13 10:40:00,6281.1778
2025-07-13 10:41:00,6281.1778
2025-07-13 10:42:00,6281.1778
2025-07-13 10:43:00,6281.1778
2025-07-13 10:44:00,6281.1778
2025-07-13 10:45:00,6281.1778
2025-07-13 10:46:00,6281.1778
2025-07-13 10:47:00,6281.1778
2025-07-13 10:48:00,6281.1778
2025-07-13 10:49:00,6281.1778
2025-07-13 10:50:00,6281.1778
2025-07-13 10:51:00,6281.1778
2025-07-13 10:52:00,6281.1778
2025-07-13 10:53:00,6281.1778
2025-07-13 10:54:00,6281.1778
2025-07-13 10:55:00,6281.1778
2025-07-13 10:56:00,6281.1778
2025-07-13 10:57:00,6281.1778
2025-07-13 10:58:00,6281.1778
2025-07-13 10:59:00,6281.1778
2025-07-13 11:00:00,6281.1778
2025-07-13 11:01:00,6281.1778
2025-07-13 11:02:00,6281.1778
2025-07-13 11:03:00,6281.1778
2025-07-13 11:04:00,6281.1778
2025-07-13 11:05:00,6281.1778
2025-07-13 11:06:00,6281.1778
2025-07-13 11:07:00,6281.1778
2025-07-13 11:08:00,6281.1778
2025-07-13 11:09:00,6281.1778
2025-07-13 11:10:00,6281.1778
2025-07-13 11:11:00,6281.1778
2025-07-13 11:12:00,6281.1778
2025-07-13 11:13:00,6281.1778
2025-07-13 11:14:00,6281.1778
2025-07-13 11:15:00,6281.1778
2025-07-13 11:16:00,6281.1778
2025-07-13 11:17:00,6281.1778
2025-07-13 11:18:00,6281.1778
2025-07-13 11:19:00,6281.1778
2025-07-13 11:20:00,6281.1778
2025-07-13 11:21:00,6281.1778
2025-07-13 11:22:00,6281.1778
2025-07-13 11:23:00,6281.1778
2025-07-13 11:24:00,6281.1778
2025-07-13 11:25:00,6281.1778
2025-07-13 11:26:00,6281.1778
2025-07-13 11:27:00,6281.1778
2025-07-13 11:28:00,6281.1778
2025-07-13 11:29:00,6281.1778
2025-07-13 11:30:00,6281.1778
2025-07-13 11:31:00,6281.1778
2025-07-13 11:32:00,6281.1778
2025-07-13 11:33:00,6281.1778
2025-07-13 11:34:00,6281.1778
2025-07-13 11:35:00,6281.1778
2025-07-13 11:36:00,6281.1778
2025-07-13 11:37:00,6281.1778
2025-07-13 11:38:00,6281.1778
2025-07-13 11:39:00,6281.1778
2025-07-13 11:40:00,6281.1778
2025-07-13 11:41:00,6281.1778
2025-07-13 11:42:00,6281.1778
2025-07-13 11:43:00,6281.1778
2025-07-13 11:44:00,6281.1778
2025-07-13 11:45:00,6281.1778
2025-07-13 11:46:00,6281.1778
2025-07-13 11:47:00,6281.1778
2025-07-13 11:48:00,6281.1778
2025-07-13 11:49:00,6281.1778
2025-07-13 11:50:00,6281.1778
2025-07-13 11:51:00,6281.1778
2025-07-13 11:52:00,6281.1778
2025-07-13 11:53:00,6281.1778
2025-07-13 11:54:00,6281.1778
2025-07-13 11:55:00,6281.1778
2025-07-13 11:56:00,6281.1778
2025-07-13 11:57:00,6281.1778
2025-07-13 11:58:00,6281.1778
2025-07-13 11:59:00,6281.1778
2025-07-13 12:00:00,6281.1778
2025-07-13 12:01:00,6281.1778
2025-07-13 12:02:00,6281.1778
2025-07-13 12:03:00,6281.1778
2025-07-13 12:04:00,6281.1778
2025-07-13 12:05:00,6281.1778
2025-07-13 12:06:00,6281.1778
2025-07-13 12:07:00,6281.1778
2025-07-13 12:08:00,6281.1778
2025-07-13 12:09:00,6281.1778
2025-07-13 12:10:00,6281.1778
2025-07-13 12:11:00,6281.1778
2025-07-13 12:12:00,6281.1778
2025-07-13 12:13:00,6281.1778
2025-07-13 12:14:00,6281.1778
2025-07-13 12:15:00,6281.1778
2025-07-13 12:16:00,6281.1778
2025-07-13 12:17:00,6281.1778
2025-07-13 12:18:00,6281.1778
2025-07-13 12:19:00,6281.1778
2025-07-13 12:20:00,6281.1778
2025-07-13 12:21:00,6281.1778
2025-07-13 12:22:00,6281.1778
2025-07-13 12:23:00,6281.1778
2025-07-13 12:24:00,6281.1778
2025-07-13 12:25:00,6281.1778
2025-07-13 12:26:00,6281.1778
2025-07-13 12:27:00,6281.1778
2025-07-13 12:28:00,6281.1778
2025-07-13 12:29:00,6281.1778
2025-07-13 12:30:00,6281.1778
2025-07-13 12:31:00,6281.1778
2025-07-13 12:32:00,6281.1778
2025-07-13 12:33:00,6281.1778
2025-07-13 12:34:00,6281.1778
2025-07-13 12:35:00,6281.1778
2025-07-13 12:36:00,6281.1778
2025-07-13 12:37:00,6281.1778
2025-07-13 12:38:00,6281.1778
2025-07-13 12:39:00,6281.1778
2025-07-13 12:40:00,6281.1778
2025-07-13 12:41:00,6281.1778
2025-07-13 12:42:00,6281.1778
2025-07-13 12:43:00,6281.1778
2025-07-13 12:44:00,6281.1778
2025-07-13 12:45:00,6281.1778
2025-07-13 12:46:00,6281.1778
2025-07-13 12:47:00,6281.1778
2025-07-13 12:48:00,6281.1778
2025-07-13 12:49:00,6281.1778
2025-07-13 12:50:00,6281.1778
2025-07-13 12:51:00,6281.1778
2025-07-13 12:52:00,6281.1778
2025-07-13 12:53:00,6281.1778
2025-07-13 12:54:00,6281.1778
2025-07-13 12:55:00,6281.1778
2025-07-13 12:56:00,6281.1778
2025-07-13 12:57:00,6281.1778
2025-07-13 12:58:00,6281.1778
2025-07-13 12:59:00,6281.1778
2025-07-13 13:00:00,6281.1778
2025-07-13 13:01:00,6281.1778
2025-07-13 13:02:00,6281.1778
2025-07-13 13:03:00,6281.1778
2025-07-13 13:04:00,6281.1778
2025-07-13 13:05:00,6281.1778
2025-07-13 13:06:00,6281.1778
2025-07-13 13:07:00,6281.1778
2025-07-13 13:08:00,6281.1778
2025-07-13 13:09:00,6281.1778
2025-07-13 13:10:00,6281.1778
2025-07-13 13:11:00,6281.1778
2025-07-13 13:12:00,6281.1778
2025-07-13 13:13:00,6281.1778
2025-07-13 13:14:00,6281.1778
2025-07-13 13:15:00,6281.1778
2025-07-13 13:16:00,6281.1778
2025-07-13 13:17:00,6281.1778
2025-07-13 13:18:00,6281.1778
2025-07-13 13:19:00,6281.1778
2025-07-13 13:20:00,6281.1778
2025-07-13 13:21:00,6281.1778
2025-07-13 13:22:00,6281.1778
2025-07-13 13:23:00,6281.1778
2025-07-13 13:24:00,6281.1778
2025-07-13 13:25:00,6281.1778
2025-07-13 13:26:00,6281.1778
2025-07-13 13:27:00,6281.1778
2025-07-13 13:28:00,6281.1778
2025-07-13 13:29:00,6281.1778
2025-07-13 13:30:00,6281.1778
2025-07-13 13:31:00,6281.1778
2025-07-13 13:32:00,6281.1778
2025-07-13 13:33:00,6281.1778
2025-07-13 13:34:00,6281.1778
2025-07-13 13:35:00,6281.1778
2025-07-13 13:36:00,6281.1778
2025-07-13 13:37:00,6281.1778
2025-07-13 13:38:00,6281.1778
2025-07-13 13:39:00,6281.1778
2025-07-13 13:40:00,6281.1778
2025-07-13 13:41:00,6281.1778
2025-07-13 13:42:00,6281.1778
2025-07-13 13:43:00,6281.1778
2025-07-13 13:44:00,6281.1778
2025-07-13 13:45:00,6281.1778
2025-07-13 13:46:00,6281.1778
2025-07-13 13:47:00,6281.1778
2025-07-13 13:48:00,6281.1778
2025-07-13 13:49:00,6281.1778
2025-07-13 13:50:00,6281.1778
2025-07-13 13:51:00,6281.1778
2025-07-13 13:52:00,6281.1778
2025-07-13 13:53:00,6281.1778
2025-07-13 13:54:00,6281.1778
2025-07-13 13:55:00,6281.1778
2025-07-13 13:56:00,6281.1778
2025-07-13 13:57:00,6281.1778
2025-07-13 13:58:00,6281.1778
2025-07-13 13:59:00,6281.1778
2025-07-13 14:00:00,6281.1778
2025-07-13 14:01:00,6281.1778
2025-07-13 14:02:00,6281.1778
2025-07-13 14:03:00,6281.1778
2025-07-13 14:04:00,6281.1778
2025-07-13 14:05:00,6281.1778
2025-07-13 14:06:00,6281.1778
2025-07-13 14:07:00,6281.1778
2025-07-13 14:08:00,6281.1778
2025-07-13 14:09:00,6281.1778
2025-07-13 14:10:00,6281.1778
2025-07-13 14:11:00,6281.1778
2025-07-13 14:12:00,6281.1778
2025-07-13 14:13:00,6281.1778
2025-07-13 14:14:00,6281.1778
2025-07-13 14:15:00,6281.1778
2025-07-13 14:16:00,6281.1778
2025-07-13 14:17:00,6281.1778
2025-07-13 14:18:00,6281.1778
2025-07-13 14:19:00,6281.1778
2025-07-13 14:20:00,6281.1778
2025-07-13 14:21:00,6281.1778
2025-07-13 14:22:00,6281.1778
2025-07-13 14:23:00,6281.1778
2025-07-13 14:24:00,6281.1778
2025-07-13 14:25:00,6281.1778
2025-07-13 14:26:00,6281.1778
2025-07-13 14:27:00,6281.1778
2025-07-13 14:28:00,6281.1778
2025-07-13 14:29:00,6281.1778
2025-07-13 14:30:00,6281.1778
2025-07-13 14:31:00,6281.1778
2025-07-13 14:32:00,6281.1778
2025-07-13 14:33:00,6281.1778
2025-07-13 14:34:00,6281.1778
2025-07-13 14:35:00,6281.1778
2025-07-13 14:36:00,6281.1778
2025-07-13 14:37:00,6281.1778
2025-07-13 14:38:00,6281.1778
2025-07-13 14:39:00,6281.1778
2025-07-13 14:40:00,6281.1778
2025-07-13 14:41:00,6281.1778
2025-07-13 14:42:00,6281.1778
2025-07-13 14:43:00,6281.1778
2025-07-13 14:44:00,6281.1778
2025-07-13 14:45:00,6281.1778
2025-07-13 14:46:00,6281.1778
2025-07-13 14:47:00,6281.1778
2025-07-13 14:48:00,6281.1778
2025-07-13 14:49:00,6281.1778
2025-07-13 14:50:00,6281.1778
2025-07-13 14:51:00,6281.1778
2025-07-13 14:52:00,6281.1778
2025-07-13 14:53:00,6281.1778
2025-07-13 14:54:00,6281.1778
2025-07-13 14:55:00,6281.1778
2025-07-13 14:56:00,6281.1778
2025-07-13 14:57:00,6281.1778
2025-07-13 14:58:00,6281.1778
2025-07-13 14:59:00,6281.1778
2025-07-13 15:00:00,6281.1778
2025-07-13 15:01:00,6281.1778
2025-07-13 15:02:00,6281.1778
2025-07-13 15:03:00,6281.1778
2025-07-13 15:04:00,6281.1778
2025-07-13 15:05:00,6281.1778
2025-07-13 15:06:00,6281.1778
2025-07-13 15:07:00,6281.1778
2025-07-13 15:08:00,6281.1778
2025-07-13 15:09:00,6281.1778
2025-07-13 15:10:00,6281.1778
2025-07-13 15:11:00,6281.1778
2025-07-13 15:12:00,6281.1778
2025-07-13 15:13:00,6281.1778
2025-07-13 15:14:00,6281.1778
2025-07-13 15:15:00,6281.1778
2025-07-13 15:16:00,6281.1778
2025-07-13 15:17:00,6281.1778
2025-07-13 15:18:00,6281.1778
2025-07-13 15:19:00,6281.1778
2025-07-13 15:20:00,6281.1778
2025-07-13 15:21:00,6281.1778
2025-07-13 15:22:00,6281.1778
2025-07-13 15:23:00,6281.1778
2025-07-13 15:24:00,6281.1778
2025-07-13 15:25:00,6281.1778
2025-07-13 15:26:00,6281.1778
2025-07-13 15:27:00,6281.1778
2025-07-13 15:28:00,6281.1778
2025-07-13 15:29:00,6281.1778
2025-07-13 15:30:00,6281.1778
2025-07-13 15:31:00,6281.1778
2025-07-13 15:32:00,6281.1778
2025-07-13 15:33:00,6281.1778
2025-07-13 15:34:00,6281.1778
2025-07-13 15:35:00,6281.1778
2025-07-13 15:36:00,6281.1778
2025-07-13 15:37:00,6281.1778
2025-07-13 15:38:00,6281.1778
2025-07-13 15:39:00,6281.1778
2025-07-13 15:40:00,6281.1778
2025-07-13 15:41:00,6281.1778
2025-07-13 15:42:00,6281.1778
2025-07-13 15:43:00,6281.1778
2025-07-13 15:44:00,6281.1778
2025-07-13 15:45:00,6281.1778
2025-07-13 15:46:00,6281.1778
2025-07-13 15:47:00,6281.1778
2025-07-13 15:48:00,6281.1778
2025-07-13 15:49:00,6281.1778
2025-07-13 15:50:00,6281.1778
2025-07-13 15:51:00,6281.1778
2025-07-13 15:52:00,6281.1778
2025-07-13 15:53:00,6281.1778
2025-07-13 15:54:00,6281.1778
2025-07-13 15:55:00,6281.1778
2025-07-13 15:56:00,6281.1778
2025-07-13 15:57:00,6281.1778
2025-07-13 15:58:00,6281.1778
2025-07-13 15:59:00,6281.1778
2025-07-13 16:00:00,6281.1778
2025-07-13 16:01:00,6281.1778
2025-07-13 16:02:00,6281.1778
2025-07-13 16:03:00,6281.1778
2025-07-13 16:04:00,6281.1778
2025-07-13 16:05:00,6281.1778
2025-07-13 16:06:00,6281.1778
2025-07-13 16:07:00,6281.1778
2025-07-13 16:08:00,6281.1778
2025-07-13 16:09:00,6281.1778
2025-07-13 16:10:00,6281.1778
2025-07-13 16:11:00,6281.1778
2025-07-13 16:12:00,6281.1778
2025-07-13 16:13:00,6281.1778
2025-07-13 16:14:00,6281.1778
2025-07-13 16:15:00,6281.1778
2025-07-13 16:16:00,6281.1778
2025-07-13 16:17:00,6281.1778
2025-07-13 16:18:00,6281.1778
2025-07-13 16:19:00,6281.1778
2025-07-13 16:20:00,6281.1778
2025-07-13 16:21:00,6281.1778
2025-07-13 16:22:00,6281.1778
2025-07-13 16:23:00,6281.1778
2025-07-13 16:24:00,6281.1778
2025-07-13 16:25:00,6281.1778
2025-07-13 16:26:00,6281.1778
2025-07-13 16:27:00,6281.1778
2025-07-13 16:28:00,6281.1778
2025-07-13 16:29:00,6281.1778
2025-07-13 16:30:00,6281.1778
2025-07-13 16:31:00,6281.1778
2025-07-13 16:32:00,6281.1778
2025-07-13 16:33:00,6281.1778
2025-07-13 16:34:00,6281.1778
2025-07-13 16:35:00,6281.1778
2025-07-13 16:36:00,6281.1778
2025-07-13 16:37:00,6281.1778
2025-07-13 16:38:00,6281.1778
2025-07-13 16:39:00,6281.1778
2025-07-13 16:40:00,6281.1778
2025-07-13 16:41:00,6281.1778
2025-07-13 16:42:00,6281.1778
2025-07-13 16:43:00,6281.1778
2025-07-13 16:44:00,6281.1778
2025-07-13 16:45:00,6281.1778
2025-07-13 16:46:00,6281.1778
2025-07-13 16:47:00,6281.1778
2025-07-13 16:48:00,6281.1778
2025-07-13 16:49:00,6281.1778
2025-07-13 16:50:00,6281.1778
2025-07-13 16:51:00,6281.1778
2025-07-13 16:52:00,6281.1778
2025-07-13 16:53:00,6281.1778
2025-07-13 16:54:00,6281.1778
2025-07-13 16:55:00,6281.1778
2025-07-13 16:56:00,6281.1778
2025-07-13 16:57:00,6281.1778
2025-07-13 16:58:00,6281.1778
2025-07-13 16:59:00,6281.1778
2025-07-13 17:00:00,6281.1778
2025-07-13 17:01:00,6281.1778
2025-07-13 17:02:00,6281.1778
2025-07-13 17:03:00,6281.1778
2025-07-13 17:04:00,6281.1778
2025-07-13 17:05:00,6281.1778
2025-07-13 17:06:00,6281.1778
2025-07-13 17:07:00,6281.1778
2025-07-13 17:08:00,6281.1778
2025-07-13 17:09:00,6281.1778
2025-07-13 17:10:00,6281.1778
2025-07-13 17:11:00,6281.1778
2025-07-13 17:12:00,6281.1778
2025-07-13 17:13:00,6281.1778
2025-07-13 17:14:00,6281.1778
2025-07-13 17:15:00,6281.1778
2025-07-13 17:16:00,6281.1778
2025-07-13 17:17:00,6281.1778
2025-07-13 17:18:00,6281.1778
2025-07-13 17:19:00,6281.1778
2025-07-13 17:20:00,6281.1778
2025-07-13 17:21:00,6281.1778
2025-07-13 17:22:00,6281.1778
2025-07-13 17:23:00,6281.1778
2025-07-13 17:24:00,6281.1778
2025-07-13 17:25:00,6281.1778
2025-07-13 17:26:00,6281.1778
2025-07-13 17:27:00,6281.1778
2025-07-13 17:28:00,6281.1778
2025-07-13 17:29:00,6281.1778
2025-07-13 17:30:00,6281.1778
2025-07-13 17:31:00,6281.1778
2025-07-13 17:32:00,6281.1778
2025-07-13 17:33:00,6281.1778
2025-07-13 17:34:00,6281.1778
2025-07-13 17:35:00,6281.1778
2025-07-13 17:36:00,6281.1778
2025-07-13 17:37:00,6281.1778
2025-07-13 17:38:00,6281.1778
2025-07-13 17:39:00,6281.1778
2025-07-13 17:40:00,6281.1778
2025-07-13 17:41:00,6281.1778
2025-07-13 17:42:00,6281.1778
2025-07-13 17:43:00,6281.1778
2025-07-13 17:44:00,6281.1778
2025-07-13 17:45:00,6281.1778
2025-07-13 17:46:00,6281.1778
2025-07-13 17:47:00,6281.1778
2025-07-13 17:48:00,6281.1778
2025-07-13 17:49:00,6281.1778
2025-07-13 17:50:00,6281.1778
2025-07-13 17:51:00,6281.1778
2025-07-13 17:52:00,6281.1778
2025-07-13 17:53:00,6281.1778
2025-07-13 17:54:00,6281.1778
2025-07-13 17:55:00,6281.1778
2025-07-13 17:56:00,6281.1778
2025-07-13 17:57:00,6281.1778
2025-07-13 17:58:00,6281.1778
2025-07-13 17:59:00,6281.1778
2025-07-13 18:00:00,6281.1778
2025-07-13 18:01:00,6281.1778
2025-07-13 18:02:00,6281.1778
2025-07-13 18:03:00,6281.1778
2025-07-13 18:04:00,6281.1778
2025-07-13 18:05:00,6281.1778
2025-07-13 18:06:00,6281.1778
2025-07-13 18:07:00,6281.1778
2025-07-13 18:08:00,6281.1778
2025-07-13 18:09:00,6281.1778
2025-07-13 18:10:00,6281.1778
2025-07-13 18:11:00,6281.1778
2025-07-13 18:12:00,6281.1778
2025-07-13 18:13:00,6281.1778
2025-07-13 18:14:00,6281.1778
2025-07-13 18:15:00,6281.1778
2025-07-13 18:16:00,6281.1778
2025-07-13 18:17:00,6281.1778
2025-07-13 18:18:00,6281.1778
2025-07-13 18:19:00,6281.1778
2025-07-13 18:20:00,6281.1778
2025-07-13 18:21:00,6281.1778
2025-07-13 18:22:00,6281.1778
2025-07-13 18:23:00,6281.1778
2025-07-13 18:24:00,6281.1778
2025-07-13 18:25:00,6281.1778
2025-07-13 18:26:00,6281.1778
2025-07-13 18:27:00,6281.1778
2025-07-13 18:28:00,6281.1778
2025-07-13 18:29:00,6281.1778
2025-07-13 18:30:00,6281.1778
2025-07-13 18:31:00,6281.1778
2025-07-13 18:32:00,6281.1778
2025-07-13 18:33:00,6281.1778
2025-07-13 18:34:00,6281.1778
2025-07-13 18:35:00,6281.1778
2025-07-13 18:36:00,6281.1778
2025-07-13 18:37:00,6281.1778
2025-07-13 18:38:00,6281.1778
2025-07-13 18:39:00,6281.1778
2025-07-13 18:40:00,6281.1778
2025-07-13 18:41:00,6281.1778
2025-07-13 18:42:00,6281.1778
2025-07-13 18:43:00,6281.1778
2025-07-13 18:44:00,6281.1778
2025-07-13 18:45:00,6281.1778
2025-07-13 18:46:00,6281.1778
2025-07-13 18:47:00,6281.1778
2025-07-13 18:48:00,6281.1778
2025-07-13 18:49:00,6281.1778
2025-07-13 18:50:00,6281.1778
2025-07-13 18:51:00,6281.1778
2025-07-13 18:52:00,6281.1778
2025-07-13 18:53:00,6281.1778
2025-07-13 18:54:00,6281.1778
2025-07-13 18:55:00,6281.1778
2025-07-13 18:56:00,6281.1778
2025-07-13 18:57:00,6281.1778
2025-07-13 18:58:00,6281.1778
2025-07-13 18:59:00,6281.1778
2025-07-13 19:00:00,6281.1778
2025-07-13 19:01:00,6281.1778
2025-07-13 19:02:00,6281.1778
2025-07-13 19:03:00,6281.1778
2025-07-13 19:04:00,6281.1778
2025-07-13 19:05:00,6281.1778
2025-07-13 19:06:00,6281.1778
2025-07-13 19:07:00,6281.1778
2025-07-13 19:08:00,6281.1778
2025-07-13 19:09:00,6281.1778
2025-07-13 19:10:00,6281.1778
2025-07-13 19:11:00,6281.1778
2025-07-13 19:12:00,6281.1778
2025-07-13 19:13:00,6281.1778
2025-07-13 19:14:00,6281.1778
2025-07-13 19:15:00,6281.1778
2025-07-13 19:16:00,6281.1778
2025-07-13 19:17:00,6281.1778
2025-07-13 19:18:00,6281.1778
2025-07-13 19:19:00,6281.1778
2025-07-13 19:20:00,6281.1778
2025-07-13 19:21:00,6281.1778
2025-07-13 19:22:00,6281.1778
2025-07-13 19:23:00,6281.1778
2025-07-13 19:24:00,6281.1778
2025-07-13 19:25:00,6281.1778
2025-07-13 19:26:00,6281.1778
2025-07-13 19:27:00,6281.1778
2025-07-13 19:28:00,6281.1778
2025-07-13 19:29:00,6281.1778
2025-07-13 19:30:00,6281.1778
2025-07-13 19:31:00,6281.1778
2025-07-13 19:32:00,6281.1778
2025-07-13 19:33:00,6281.1778
2025-07-13 19:34:00,6281.1778
2025-07-13 19:35:00,6281.1778
2025-07-13 19:36:00,6281.1778
2025-07-13 19:37:00,6281.1778
2025-07-13 19:38:00,6281.1778
2025-07-13 19:39:00,6281.1778
2025-07-13 19:40:00,6281.1778
2025-07-13 19:41:00,6281.1778
2025-07-13 19:42:00,6281.1778
2025-07-13 19:43:00,6281.1778
2025-07-13 19:44:00,6281.1778
2025-07-13 19:45:00,6281.1778
2025-07-13 19:46:00,6281.1778
2025-07-13 19:47:00,6281.1778
2025-07-13 19:48:00,6281.1778
2025-07-13 19:49:00,6281.1778
2025-07-13 19:50:00,6281.1778
2025-07-13 19:51:00,6281.1778
2025-07-13 19:52:00,6281.1778
2025-07-13 19:53:00,6281.1778
2025-07-13 19:54:00,6281.1778
2025-07-13 19:55:00,6281.1778
2025-07-13 19:56:00,6281.1778
2025-07-13 19:57:00,6281.1778
2025-07-13 19:58:00,6281.1778
2025-07-13 19:59:00,6281.1778
2025-07-13 20:00:00,6281.1778
2025-07-13 20:01:00,6281.1778
2025-07-13 20:02:00,6281.1778
2025-07-13 20:03:00,6281.1778
2025-07-13 20:04:00,6281.1778
2025-07-13 20:05:00,6281.1778
2025-07-13 20:06:00,6281.1778
2025-07-13 20:07:00,6281.1778
2025-07-13 20:08:00,6281.1778
2025-07-13 20:09:00,6281.1778
2025-07-13 20:10:00,6281.1778
2025-07-13 20:11:00,6281.1778
2025-07-13 20:12:00,6281.1778
2025-07-13 20:13:00,6281.1778
2025-07-13 20:14:00,6281.1778
2025-07-13 20:15:00,6281.1778
2025-07-13 20:16:00,6281.1778
2025-07-13 20:17:00,6281.1778
2025-07-13 20:18:00,6281.1778
2025-07-13 20:19:00,6281.1778
2025-07-13 20:20:00,6281.1778
2025-07-13 20:21:00,6281.1778
2025-07-13 20:22:00,6281.1778
2025-07-13 20:23:00,6281.1778
2025-07-13 20:24:00,6281.1778
2025-07-13 20:25:00,6281.1778
2025-07-13 20:26:00,6281.1778
2025-07-13 20:27:00,6281.1778
2025-07-13 20:28:00,6281.1778
2025-07-13 20:29:00,6281.1778
2025-07-13 20:30:00,6281.1778
2025-07-13 20:31:00,6281.1778
2025-07-13 20:32:00,6281.1778
2025-07-13 20:33:00,6281.1778
2025-07-13 20:34:00,6281.1778
2025-07-13 20:35:00,6281.1778
2025-07-13 20:36:00,6281.1778
2025-07-13 20:37:00,6281.1778
2025-07-13 20:38:00,6281.1778
2025-07-13 20:39:00,6281.1778
2025-07-13 20:40:00,6281.1778
2025-07-13 20:41:00,6281.1778
2025-07-13 20:42:00,6281.1778
2025-07-13 20:43:00,6281.1778
2025-07-13 20:44:00,6281.1778
2025-07-13 20:45:00,6281.1778
2025-07-13 20:46:00,6281.1778
2025-07-13 20:47:00,6281.1778
2025-07-13 20:48:00,6281.1778
2025-07-13 20:49:00,6281.1778
2025-07-13 20:50:00,6281.1778
2025-07-13 20:51:00,6281.1778
2025-07-13 20:52:00,6281.1778
2025-07-13 20:53:00,6281.1778
2025-07-13 20:54:00,6281.1778
2025-07-13 20:55:00,6281.1778
2025-07-13 20:56:00,6281.1778
2025-07-13 20:57:00,6281.1778
2025-07-13 20:58:00,6281.1778
2025-07-13 20:59:00,6281.1778
2025-07-13 21:00:00,6281.1778
2025-07-13 21:01:00,6281.1778
2025-07-13 21:02:00,6281.1778
2025-07-13 21:03:00,6281.1778
2025-07-13 21:04:00,6281.1778
2025-07-13 21:05:00,6281.1778
2025-07-13 21:06:00,6281.1778
2025-07-13 21:07:00,6281.1778
2025-07-13 21:08:00,6281.1778
2025-07-13 21:09:00,6281.1778
2025-07-13 21:10:00,6281.1778
2025-07-13 21:11:00,6281.1778
2025-07-13 21:12:00,6281.1778
2025-07-13 21:13:00,6281.1778
2025-07-13 21:14:00,6281.1778
2025-07-13 21:15:00,6281.1778
2025-07-13 21:16:00,6281.1778
2025-07-13 21:17:00,6281.1778
2025-07-13 21:18:00,6281.1778
2025-07-13 21:19:00,6281.1778
2025-07-13 21:20:00,6281.1778
2025-07-13 21:21:00,6281.1778
2025-07-13 21:22:00,6281.1778
2025-07-13 21:23:00,6281.1778
2025-07-13 21:24:00,6281.1778
2025-07-13 21:25:00,6281.1778
2025-07-13 21:26:00,6281.1778
2025-07-13 21:27:00,6281.1778
2025-07-13 21:28:00,6281.1778
2025-07-13 21:29:00,6281.1778
2025-07-13 21:30:00,6281.1778
2025-07-13 21:31:00,6281.1778
2025-07-13 21:32:00,6281.1778
2025-07-13 21:33:00,6281.1778
2025-07-13 21:34:00,6281.1778
2025-07-13 21:35:00,6281.1778
2025-07-13 21:36:00,6281.1778
2025-07-13 21:37:00,6281.1778
2025-07-13 21:38:00,6281.1778
2025-07-13 21:39:00,6281.1778
2025-07-13 21:40:00,6281.1778
2025-07-13 21:41:00,6281.1778
2025-07-13 21:42:00,6281.1778
2025-07-13 21:43:00,6281.1778
2025-07-13 21:44:00,6281.1778
2025-07-13 21:45:00,6281.1778
2025-07-13 21:46:00,6281.1778
2025-07-13 21:47:00,6281.1778
2025-07-13 21:48:00,6281.1778
2025-07-13 21:49:00,6281.1778
2025-07-13 21:50:00,6281.1778
2025-07-13 21:51:00,6281.1778
2025-07-13 21:52:00,6281.1778
2025-07-13 21:53:00,6281.1778
2025-07-13 21:54:00,6281.1778
2025-07-13 21:55:00,6281.1778
2025-07-13 21:56:00,6281.1778
2025-07-13 21:57:00,6281.1778
2025-07-13 21:58:00,6281.1778
2025-07-13 21:59:00,6281.1778
2025-07-13 22:00:00,6281.1778
2025-07-13 22:01:00,6281.1778
2025-07-13 22:02:00,6281.1778
2025-07-13 22:03:00,6281.1778
2025-07-13 22:04:00,6281.1778
2025-07-13 22:05:00,6281.1778
2025-07-13 22:06:00,6281.1778
2025-07-13 22:07:00,6281.1778
2025-07-13 22:08:00,6281.1778
2025-07-13 22:09:00,6281.1778
2025-07-13 22:10:00,6281.1778
2025-07-13 22:11:00,6281.1778
2025-07-13 22:12:00,6281.1778
2025-07-13 22:13:00,6281.1778
2025-07-13 22:14:00,6281.1778
2025-07-13 22:15:00,6281.1778
2025-07-13 22:16:00,6281.1778
2025-07-13 22:17:00,6281.1778
2025-07-13 22:18:00,6281.1778
2025-07-13 22:19:00,6281.1778
2025-07-13 22:20:00,6281.1778
2025-07-13 22:21:00,6281.1778
2025-07-13 22:22:00,6281.1778
2025-07-13 22:23:00,6281.1778
2025-07-13 22:24:00,6281.1778
2025-07-13 22:25:00,6281.1778
2025-07-13 22:26:00,6281.1778
2025-07-13 22:27:00,6281.1778
2025-07-13 22:28:00,6281.1778
2025-07-13 22:29:00,6281.1778
2025-07-13 22:30:00,6281.1778
2025-07-13 22:31:00,6281.1778
2025-07-13 22:32:00,6281.1778
2025-07-13 22:33:00,6281.1778
2025-07-13 22:34:00,6281.1778
2025-07-13 22:35:00,6281.1778
2025-07-13 22:36:00,6281.1778
2025-07-13 22:37:00,6281.1778
2025-07-13 22:38:00,6281.1778
2025-07-13 22:39:00,6281.1778
2025-07-13 22:40:00,6281.1778
2025-07-13 22:41:00,6281.1778
2025-07-13 22:42:00,6281.1778
2025-07-13 22:43:00,6281.1778
2025-07-13 22:44:00,6281.1778
2025-07-13 22:45:00,6281.1778
2025-07-13 22:46:00,6281.1778
2025-07-13 22:47:00,6281.1778
2025-07-13 22:48:00,6281.1778
2025-07-13 22:49:00,6281.1778
2025-07-13 22:50:00,6281.1778
2025-07-13 22:51:00,6281.1778
2025-07-13 22:52:00,6281.1778
2025-07-13 22:53:00,6281.1778
2025-07-13 22:54:00,6281.1778
2025-07-13 22:55:00,6281.1778
2025-07-13 22:56:00,6281.1778
2025-07-13 22:57:00,6281.1778
2025-07-13 22:58:00,6281.1778
2025-07-13 22:59:00,6281.1778
2025-07-13 23:00:00,6281.1778
2025-07-13 23:01:00,6281.1778
2025-07-13 23:02:00,6281.1778
2025-07-13 23:03:00,6281.1778
2025-07-13 23:04:00,6281.1778
2025-07-13 23:05:00,6281.1778
2025-07-13 23:06:00,6281.1778
2025-07-13 23:07:00,6281.1778
2025-07-13 23:08:00,6281.1778
2025-07-13 23:09:00,6281.1778
2025-07-13 23:10:00,6281.1778
2025-07-13 23:11:00,6281.1778
2025-07-13 23:12:00,6281.1778
2025-07-13 23:13:00,6281.1778
2025-07-13 23:14:00,6281.1778
2025-07-13 23:15:00,6281.1778
2025-07-13 23:16:00,6281.1778
2025-07-13 23:17:00,6281.1778
2025-07-13 23:18:00,6281.1778
2025-07-13 23:19:00,6281.1778
2025-07-13 23:20:00,6281.1778
2025-07-13 23:21:00,6281.1778
2025-07-13 23:22:00,6281.1778
2025-07-13 23:23:00,6281.1778
2025-07-13 23:24:00,6281.1778
2025-07-13 23:25:00,6281.1778
2025-07-13 23:26:00,6281.1778
2025-07-13 23:27:00,6281.1778
2025-07-13 23:28:00,6281.1778
2025-07-13 23:29:00,6281.1778
2025-07-13 23:30:00,6281.1778
2025-07-13 23:31:00,6281.1778
2025-07-13 23:32:00,6281.1778
2025-07-13 23:33:00,6281.1778
2025-07-13 23:34:00,6281.1778
2025-07-13 23:35:00,6281.1778
2025-07-13 23:36:00,6281.1778
2025-07-13 23:37:00,6281.1778
2025-07-13 23:38:00,6281.1778
2025-07-13 23:39:00,6281.1778
2025-07-13 23:40:00,6281.1778
2025-07-13 23:41:00,6281.1778
2025-07-13 23:42:00,6281.1778
2025-07-13 23:43:00,6281.1778
2025-07-13 23:44:00,6281.1778
2025-07-13 23:45:00,6281.1778
2025-07-13 23:46:00,6281.1778
2025-07-13 23:47:00,6281.1778
2025-07-13 23:48:00,6281.1778
2025-07-13 23:49:00,6281.1778
2025-07-13 23:50:00,6281.1778
2025-07-13 23:51:00,6281.1778
2025-07-13 23:52:00,6281.1778
2025-07-13 23:53:00,6281.1778
2025-07-13 23:54:00,6281.1778
2025-07-13 23:55:00,6281.1778
2025-07-13 23:56:00,6281.1778
2025-07-13 23:57:00,6281.1778
2025-07-13 23:58:00,6281.1778
2025-07-13 23:59:00,6281.1778
2025-07-14 00:00:00,6281.1778
2025-07-14 00:01:00,6281.1778
2025-07-14 00:02:00,6281.1778
2025-07-14 00:03:00,6281.1778
2025-07-14 00:04:00,6281.1778
2025-07-14 00:05:00,6281.1778
2025-07-14 00:06:00,6281.1778
2025-07-14 00:07:00,6281.1778
2025-07-14 00:08:00,6281.1778
2025-07-14 00:09:00,6281.1778
2025-07-14 00:10:00,6281.1778
2025-07-14 00:11:00,6281.1778
2025-07-14 00:12:00,6281.1778
2025-07-14 00:13:00,6281.1778
2025-07-14 00:14:00,6281.1778
2025-07-14 00:15:00,6281.1778
2025-07-14 00:16:00,6281.1778
2025-07-14 00:17:00,6281.1778
2025-07-14 00:18:00,6281.1778
2025-07-14 00:19:00,6281.1778
2025-07-14 00:20:00,6281.1778
2025-07-14 00:21:00,6281.1778
2025-07-14 00:22:00,6281.1778
2025-07-14 00:23:00,6281.1778
2025-07-14 00:24:00,6281.1778
2025-07-14 00:25:00,6281.1778
2025-07-14 00:26:00,6281.1778
2025-07-14 00:27:00,6281.1778
2025-07-14 00:28:00,6281.1778
2025-07-14 00:29:00,6281.1778
2025-07-14 00:30:00,6281.1778
2025-07-14 00:31:00,6281.1778
2025-07-14 00:32:00,6281.1778
2025-07-14 00:33:00,6281.1778
2025-07-14 00:34:00,6281.1778
2025-07-14 00:35:00,6281.1778
2025-07-14 00:36:00,6281.1778
2025-07-14 00:37:00,6281.1778
2025-07-14 00:38:00,6281.1778
2025-07-14 00:39:00,6281.1778
2025-07-14 00:40:00,6281.1778
2025-07-14 00:41:00,6281.1778
2025-07-14 00:42:00,6281.1778
2025-07-14 00:43:00,6281.1778
2025-07-14 00:44:00,6281.1778
2025-07-14 00:45:00,6281.1778
2025-07-14 00:46:00,6281.1778
2025-07-14 00:47:00,6281.1778
2025-07-14 00:48:00,6281.1778
2025-07-14 00:49:00,6281.1778
2025-07-14 00:50:00,6281.1778
2025-07-14 00:51:00,6281.1778
2025-07-14 00:52:00,6281.1778
2025-07-14 00:53:00,6281.1778
2025-07-14 00:54:00,6281.1778
2025-07-14 00:55:00,6281.1778
2025-07-14 00:56:00,6281.1778
2025-07-14 00:57:00,6281.1778
2025-07-14 00:58:00,6281.1778
2025-07-14 00:59:00,6281.1778
2025-07-14 01:00:00,6281.1778
2025-07-14 01:01:00,6281.1778
2025-07-14 01:02:00,6281.1778
2025-07-14 01:03:00,6281.1778
2025-07-14 01:04:00,6281.1778
2025-07-14 01:05:00,6281.1778
2025-07-14 01:06:00,6281.1778
2025-07-14 01:07:00,6281.1778
2025-07-14 01:08:00,6281.1778
2025-07-14 01:09:00,6281.1778
2025-07-14 01:10:00,6281.1778
2025-07-14 01:11:00,6281.1778
2025-07-14 01:12:00,6281.1778
2025-07-14 01:13:00,6281.1778
2025-07-14 01:14:00,6281.1778
2025-07-14 01:15:00,6281.1778
2025-07-14 01:16:00,6281.1778
2025-07-14 01:17:00,6281.1778
2025-07-14 01:18:00,6281.1778
2025-07-14 01:19:00,6281.1778
2025-07-14 01:20:00,6281.1778
2025-07-14 01:21:00,6281.1778
2025-07-14 01:22:00,6281.1778
2025-07-14 01:23:00,6281.1778
2025-07-14 01:24:00,6281.1778
2025-07-14 01:25:00,6281.1778
2025-07-14 01:26:00,6281.1778
2025-07-14 01:27:00,6281.1778
2025-07-14 01:28:00,6281.1778
2025-07-14 01:29:00,6281.1778
2025-07-14 01:30:00,6281.1778
2025-07-14 01:31:00,6281.1778
2025-07-14 01:32:00,6281.1778
2025-07-14 01:33:00,6281.1778
2025-07-14 01:34:00,6281.1778
2025-07-14 01:35:00,6281.1778
2025-07-14 01:36:00,6281.1778
2025-07-14 01:37:00,6281.1778
2025-07-14 01:38:00,6281.1778
2025-07-14 01:39:00,6281.1778
2025-07-14 01:40:00,6281.1778
2025-07-14 01:41:00,6281.1778
2025-07-14 01:42:00,6281.1778
2025-07-14 01:43:00,6281.1778
2025-07-14 01:44:00,6281.1778
2025-07-14 01:45:00,6281.1778
2025-07-14 01:46:00,6281.1778
2025-07-14 01:47:00,6281.1778
2025-07-14 01:48:00,6281.1778
2025-07-14 01:49:00,6281.1778
2025-07-14 01:50:00,6281.1778
2025-07-14 01:51:00,6281.1778
2025-07-14 01:52:00,6281.1778
2025-07-14 01:53:00,6281.1778
2025-07-14 01:54:00,6281.1778
2025-07-14 01:55:00,6281.1778
2025-07-14 01:56:00,6281.1778
2025-07-14 01:57:00,6281.1778
2025-07-14 01:58:00,6281.1778
2025-07-14 01:59:00,6281.1778
2025-07-14 02:00:00,6281.1778
2025-07-14 02:01:00,6281.1778
2025-07-14 02:02:00,6281.1778
2025-07-14 02:03:00,6281.1778
2025-07-14 02:04:00,6281.1778
2025-07-14 02:05:00,6281.1778
2025-07-14 02:06:00,6281.1778
2025-07-14 02:07:00,6281.1778
2025-07-14 02:08:00,6281.1778
2025-07-14 02:09:00,6281.1778
2025-07-14 02:10:00,6281.1778
2025-07-14 02:11:00,6281.1778
2025-07-14 02:12:00,6281.1778
2025-07-14 02:13:00,6281.1778
2025-07-14 02:14:00,6281.1778
2025-07-14 02:15:00,6281.1778
2025-07-14 02:16:00,6281.1778
2025-07-14 02:17:00,6281.1778
2025-07-14 02:18:00,6281.1778
2025-07-14 02:19:00,6281.1778
2025-07-14 02:20:00,6281.1778
2025-07-14 02:21:00,6281.1778
2025-07-14 02:22:00,6281.1778
2025-07-14 02:23:00,6281.1778
2025-07-14 02:24:00,6281.1778
2025-07-14 02:25:00,6281.1778
2025-07-14 02:26:00,6281.1778
2025-07-14 02:27:00,6281.1778
2025-07-14 02:28:00,6281.1778
2025-07-14 02:29:00,6281.1778
2025-07-14 02:30:00,6281.1778
2025-07-14 02:31:00,6281.1778
2025-07-14 02:32:00,6281.1778
2025-07-14 02:33:00,6281.1778
2025-07-14 02:34:00,6281.1778
2025-07-14 02:35:00,6281.1778
2025-07-14 02:36:00,6281.1778
2025-07-14 02:37:00,6281.1778
2025-07-14 02:38:00,6281.1778
2025-07-14 02:39:00,6281.1778
2025-07-14 02:40:00,6281.1778
2025-07-14 02:41:00,6281.1778
2025-07-14 02:42:00,6281.1778
2025-07-14 02:43:00,6281.1778
2025-07-14 02:44:00,6281.1778
2025-07-14 02:45:00,6281.1778
2025-07-14 02:46:00,6281.1778
2025-07-14 02:47:00,6281.1778
2025-07-14 02:48:00,6281.1778
2025-07-14 02:49:00,6281.1778
2025-07-14 02:50:00,6281.1778
2025-07-14 02:51:00,6281.1778
2025-07-14 02:52:00,6281.1778
2025-07-14 02:53:00,6281.1778
2025-07-14 02:54:00,6281.1778
2025-07-14 02:55:00,6281.1778
2025-07-14 02:56:00,6281.1778
2025-07-14 02:57:00,6281.1778
2025-07-14 02:58:00,6281.1778
2025-07-14 02:59:00,6281.1778
2025-07-14 03:00:00,6281.1778
2025-07-14 03:01:00,6281.1778
2025-07-14 03:02:00,6281.1778
2025-07-14 03:03:00,6281.1778
2025-07-14 03:04:00,6281.1778
2025-07-14 03:05:00,6281.1778
2025-07-14 03:06:00,6281.1778
2025-07-14 03:07:00,6281.1778
2025-07-14 03:08:00,6281.1778
2025-07-14 03:09:00,6281.1778
2025-07-14 03:10:00,6281.1778
2025-07-14 03:11:00,6281.1778
2025-07-14 03:12:00,6281.1778
2025-07-14 03:13:00,6281.1778
2025-07-14 03:14:00,6281.1778
2025-07-14 03:15:00,6281.1778
2025-07-14 03:16:00,6281.1778
2025-07-14 03:17:00,6281.1778
2025-07-14 03:18:00,6281.1778
2025-07-14 03:19:00,6281.1778
2025-07-14 03:20:00,6281.1778
2025-07-14 03:21:00,6281.1778
2025-07-14 03:22:00,6281.1778
2025-07-14 03:23:00,6281.1778
2025-07-14 03:24:00,6281.1778
2025-07-14 03:25:00,6281.1778
2025-07-14 03:26:00,6281.1778
2025-07-14 03:27:00,6281.1778
2025-07-14 03:28:00,6281.1778
2025-07-14 03:29:00,6281.1778
2025-07-14 03:30:00,6281.1778
2025-07-14 03:31:00,6281.1778
2025-07-14 03:32:00,6281.1778
2025-07-14 03:33:00,6281.1778
2025-07-14 03:34:00,6281.1778
2025-07-14 03:35:00,6281.1778
2025-07-14 03:36:00,6281.1778
2025-07-14 03:37:00,6281.1778
2025-07-14 03:38:00,6281.1778
2025-07-14 03:39:00,6281.1778
2025-07-14 03:40:00,6281.1778
2025-07-14 03:41:00,6281.1778
2025-07-14 03:42:00,6281.1778
2025-07-14 03:43:00,6281.1778
2025-07-14 03:44:00,6281.1778
2025-07-14 03:45:00,6281.1778
2025-07-14 03:46:00,6281.1778
2025-07-14 03:47:00,6281.1778
2025-07-14 03:48:00,6281.1778
2025-07-14 03:49:00,6281.1778
2025-07-14 03:50:00,6281.1778
2025-07-14 03:51:00,6281.1778
2025-07-14 03:52:00,6281.1778
2025-07-14 03:53:00,6281.1778
2025-07-14 03:54:00,6281.1778
2025-07-14 03:55:00,6281.1778
2025-07-14 03:56:00,6281.1778
2025-07-14 03:57:00,6281.1778
2025-07-14 03:58:00,6281.1778
2025-07-14 03:59:00,6281.1778
2025-07-14 04:00:00,6281.1778
2025-07-14 04:01:00,6281.1778
2025-07-14 04:02:00,6281.1778
2025-07-14 04:03:00,6281.1778
2025-07-14 04:04:00,6281.1778
2025-07-14 04:05:00,6281.1778
2025-07-14 04:06:00,6281.1778
2025-07-14 04:07:00,6281.1778
2025-07-14 04:08:00,6281.1778
2025-07-14 04:09:00,6281.1778
2025-07-14 04:10:00,6281.1778
2025-07-14 04:11:00,6281.1778
2025-07-14 04:12:00,6281.1778
2025-07-14 04:13:00,6281.1778
2025-07-14 04:14:00,6281.1778
2025-07-14 04:15:00,6281.1778
2025-07-14 04:16:00,6281.1778
2025-07-14 04:16:21,6281.1778
2025-07-14 04:17:00,6281.1778
2025-07-14 04:18:00,6281.1778
2025-07-14 04:19:00,6281.1778
2025-07-14 04:20:00,6281.1778
2025-07-14 04:21:00,6281.1778
2025-07-14 04:22:00,6281.1778
2025-07-14 04:23:00,6281.1778
2025-07-14 04:24:00,6281.1778
2025-07-14 04:25:00,6281.1778
2025-07-14 04:26:00,6281.1778
2025-07-14 04:27:00,6281.1778
2025-07-14 04:28:00,6281.1778
2025-07-14 04:29:00,6281.1778
2025-07-14 04:30:00,6281.1778
2025-07-14 04:31:00,6281.1778
2025-07-14 04:32:00,6281.1778
2025-07-14 04:33:00,6281.1778
2025-07-14 04:34:00,6281.1778
2025-07-14 04:35:00,6281.1778
2025-07-14 04:36:00,6281.1778
2025-07-14 04:37:00,6281.1778
2025-07-14 04:38:00,6281.1778
2025-07-14 04:39:00,6281.1778
2025-07-14 04:40:00,6281.1778
2025-07-14 04:41:00,6281.1778
2025-07-14 04:42:00,6281.1778
2025-07-14 04:43:00,6281.1778
2025-07-14 04:44:00,6281.1778
2025-07-14 04:45:00,6281.1778
2025-07-14 04:46:00,6281.1778
2025-07-14 04:47:00,6281.1778
2025-07-14 04:48:00,6281.1778
2025-07-14 04:49:00,6281.1778
2025-07-14 04:50:00,6281.1778
2025-07-14 04:51:00,6281.1778
2025-07-14 04:52:00,6281.1778
2025-07-14 04:53:00,6281.1778
2025-07-14 04:54:00,6281.1778
2025-07-14 04:55:00,6281.1778
2025-07-14 04:56:00,6281.1778
2025-07-14 04:57:00,6281.1778
2025-07-14 04:58:00,6281.1778
2025-07-14 04:59:00,6281.1778
2025-07-14 05:00:00,6281.1778
2025-07-14 05:01:00,6281.1778
2025-07-14 05:02:00,6281.1778
2025-07-14 05:03:00,6281.1778
2025-07-14 05:04:00,6281.1778
2025-07-14 05:05:00,6281.1778
2025-07-14 05:06:00,6281.1778
2025-07-14 05:07:00,6281.1778
2025-07-14 05:08:00,6281.1778
2025-07-14 05:09:00,6281.1778
2025-07-14 05:10:00,6281.1778
2025-07-14 05:11:00,6281.1778
2025-07-14 05:12:00,6281.1778
2025-07-14 05:13:00,6281.1778
2025-07-14 05:14:00,6281.1778
2025-07-14 05:15:00,6281.1778
2025-07-14 05:16:00,6281.1778
2025-07-14 05:17:00,6281.1778
2025-07-14 05:18:00,6281.1778
2025-07-14 05:19:00,6281.1778
2025-07-14 05:20:00,6281.1778
2025-07-14 05:21:00,6281.1778
2025-07-14 05:22:00,6281.1778
2025-07-14 05:23:00,6281.1778
2025-07-14 05:24:00,6281.1778
2025-07-14 05:25:00,6281.1778
2025-07-14 05:26:00,6281.1778
2025-07-14 05:27:00,6281.1778
2025-07-14 05:28:00,6281.1778
2025-07-14 05:29:00,6281.1778
2025-07-14 05:30:00,6281.1778
2025-07-14 05:31:00,6281.1778
2025-07-14 05:32:00,6281.1778
2025-07-14 05:33:00,6281.1778
2025-07-14 05:34:00,6281.1778
2025-07-14 05:35:00,6281.1778
2025-07-14 05:36:00,6281.1778
2025-07-14 05:37:00,6281.1778
2025-07-14 05:38:00,6281.1778
2025-07-14 05:39:00,6281.1778
2025-07-14 05:40:00,6281.1778
2025-07-14 05:41:00,6281.1778
2025-07-14 05:42:00,6281.1778
2025-07-14 05:43:00,6281.1778
2025-07-14 05:44:00,6281.1778
2025-07-14 05:45:00,6281.1778
2025-07-14 05:46:00,6281.1778
2025-07-14 05:47:00,6281.1778
2025-07-14 05:48:00,6281.1778
2025-07-14 05:49:00,6281.1778
2025-07-14 05:50:00,6281.1778
2025-07-14 05:51:00,6281.1778
2025-07-14 05:52:00,6281.1778
2025-07-14 05:53:00,6281.1778
2025-07-14 05:54:00,6281.1778
2025-07-14 05:55:00,6281.1778
2025-07-14 05:56:00,6281.1778
2025-07-14 05:57:00,6281.1778
2025-07-14 05:58:00,6281.1778
2025-07-14 05:59:00,6281.1778
2025-07-14 06:00:00,6281.1778
2025-07-14 06:01:00,6281.1778
2025-07-14 06:02:00,6281.1778
2025-07-14 06:03:00,6281.1778
2025-07-14 06:04:00,6281.1778
2025-07-14 06:05:00,6281.1778
2025-07-14 06:06:00,6281.1778
2025-07-14 06:07:00,6281.1778
2025-07-14 06:08:00,6281.1778
2025-07-14 06:09:00,6281.1778
2025-07-14 06:10:00,6281.1778
2025-07-14 06:11:00,6281.1778
2025-07-14 06:12:00,6281.1778
2025-07-14 06:13:00,6281.1778
2025-07-14 06:14:00,6281.1778
2025-07-14 06:15:00,6281.1778
2025-07-14 06:16:00,6281.1778
2025-07-14 06:17:00,6281.1778
2025-07-14 06:18:00,6281.1778
2025-07-14 06:19:00,6281.1778
2025-07-14 06:20:00,6281.1778
2025-07-14 06:21:00,6281.1778
2025-07-14 06:22:00,6281.1778
2025-07-14 06:23:00,6281.1778
2025-07-14 06:24:00,6281.1778
2025-07-14 06:25:00,6281.1778
2025-07-14 06:26:00,6281.1778
2025-07-14 06:27:00,6281.1778
2025-07-14 06:28:00,6281.1778
2025-07-14 06:29:00,6281.1778
2025-07-14 06:30:00,6281.1778
2025-07-14 06:31:00,6281.1778
2025-07-14 06:32:00,6281.1778
2025-07-14 06:33:00,6281.1778
2025-07-14 06:34:00,6281.1778
2025-07-14 06:35:00,6281.1778
2025-07-14 06:36:00,6281.1778
2025-07-14 06:37:00,6281.1778
2025-07-14 06:38:00,6281.1778
2025-07-14 06:39:00,6281.1778
2025-07-14 06:40:00,6281.1778
2025-07-14 06:41:00,6281.1778
2025-07-14 06:42:00,6281.1778
2025-07-14 06:43:00,6281.1778
2025-07-14 06:44:00,6281.1778
2025-07-14 06:45:00,6281.1778
2025-07-14 06:46:00,6281.1778
2025-07-14 06:47:00,6281.1778
2025-07-14 06:48:00,6281.1778
2025-07-14 06:49:00,6281.1778
2025-07-14 06:50:00,6281.1778
2025-07-14 06:51:00,6281.1778
2025-07-14 06:52:00,6281.1778
2025-07-14 06:53:00,6281.1778
2025-07-14 06:54:00,6281.1778
2025-07-14 06:55:00,6281.1778
2025-07-14 06:56:00,6281.1778
2025-07-14 06:57:00,6281.1778
2025-07-14 06:58:00,6281.1778
2025-07-14 06:59:00,6281.1778
2025-07-14 07:00:00,6281.1778
2025-07-14 07:01:00,6281.1778
2025-07-14 07:02:00,6281.1778
2025-07-14 07:03:00,6281.1778
2025-07-14 07:04:00,6281.1778
2025-07-14 07:05:00,6281.1778
2025-07-14 07:06:00,6281.1778
2025-07-14 07:07:00,6281.1778
2025-07-14 07:08:00,6281.1778
2025-07-14 07:09:00,6281.1778
2025-07-14 07:10:00,6281.1778
2025-07-14 07:11:00,6281.1778
2025-07-14 07:12:00,6281.1778
2025-07-14 07:13:00,6281.1778
2025-07-14 07:14:00,6281.1778
2025-07-14 07:15:00,6281.1778
2025-07-14 07:16:00,6281.1778
2025-07-14 07:17:00,6281.1778
2025-07-14 07:18:00,6281.1778
2025-07-14 07:19:00,6281.1778
2025-07-14 07:20:00,6281.1778
2025-07-14 07:21:00,6281.1778
2025-07-14 07:22:00,6281.1778
2025-07-14 07:23:00,6281.1778
2025-07-14 07:24:00,6281.1778
2025-07-14 07:25:00,6281.1778
2025-07-14 07:26:00,6281.1778
2025-07-14 07:27:00,6281.1778
2025-07-14 07:28:00,6281.1778
2025-07-14 07:29:00,6281.1778
2025-07-14 07:30:00,6281.1778
2025-07-14 07:31:00,6281.1778
2025-07-14 07:32:00,6281.1778
2025-07-14 07:33:00,6281.1778
2025-07-14 07:34:00,6281.1778
2025-07-14 07:35:00,6281.1778
2025-07-14 07:36:00,6281.1778
2025-07-14 07:37:00,6281.1778
2025-07-14 07:38:00,6281.1778
2025-07-14 07:39:00,6281.1778
2025-07-14 07:40:00,6281.1778
2025-07-14 07:41:00,6281.1778
2025-07-14 07:42:00,6281.1778
2025-07-14 07:43:00,6281.1778
2025-07-14 07:44:00,6281.1778
2025-07-14 07:45:00,6281.1778
2025-07-14 07:46:00,6281.1778
2025-07-14 07:47:00,6281.1778
2025-07-14 07:48:00,6281.1778
2025-07-14 07:49:00,6281.1778
2025-07-14 07:50:00,6281.1778
2025-07-14 07:51:00,6281.1778
2025-07-14 07:52:00,6281.1778
2025-07-14 07:53:00,6281.1778
2025-07-14 07:54:00,6281.1778
2025-07-14 07:55:00,6281.1778
2025-07-14 07:56:00,6281.1778
2025-07-14 07:57:00,6281.1778
2025-07-14 07:58:00,6281.1778
2025-07-14 07:59:00,6281.1778
2025-07-14 08:00:00,6281.1778
2025-07-14 08:01:00,6281.1778
2025-07-14 08:02:00,6281.1778
2025-07-14 08:03:00,6281.1778
2025-07-14 08:04:00,6281.1778
2025-07-14 08:05:00,6281.1778
2025-07-14 08:06:00,6281.1778
2025-07-14 08:07:00,6281.1778
2025-07-14 08:08:00,6281.1778
2025-07-14 08:09:00,6281.1778
2025-07-14 08:10:00,6281.1778
2025-07-14 08:11:00,6281.1778
2025-07-14 08:12:00,6281.1778
2025-07-14 08:13:00,6281.1778
2025-07-14 08:14:00,6281.1778
2025-07-14 08:15:00,6281.1778
2025-07-14 08:16:00,6281.1778
2025-07-14 08:17:00,6281.1778
2025-07-14 08:18:00,6281.1778
2025-07-14 08:19:00,6281.1778
2025-07-14 08:19:35,6281.1778
2025-07-14 08:20:00,6281.1778
2025-07-14 08:20:19,6281.1778
2025-07-14 08:21:00,6281.1778
2025-07-14 08:22:00,6281.1778
2025-07-14 08:23:00,6281.1778
2025-07-14 08:24:00,6281.1778
2025-07-14 08:25:00,6281.1778
2025-07-14 08:26:00,6281.1778
2025-07-14 08:27:00,6281.1778
2025-07-14 08:28:00,6281.1778
2025-07-14 08:29:00,6281.1778
2025-07-14 08:30:00,6281.1778
2025-07-14 08:31:00,6281.1778
2025-07-14 08:32:00,6281.1778
2025-07-14 08:32:30,6281.1778
2025-07-14 08:33:00,6281.1778
2025-07-14 08:34:00,6281.1778
2025-07-14 08:35:00,6281.1778
2025-07-14 08:36:00,6281.1778
2025-07-14 08:37:00,6281.1778
2025-07-14 08:38:00,6281.1778
2025-07-14 08:39:00,6281.1778
2025-07-14 08:40:00,6281.1778
2025-07-14 08:41:00,6281.1778
2025-07-14 08:42:00,6281.1778
2025-07-14 08:43:00,6281.1778
2025-07-14 08:44:00,6281.1778
2025-07-14 08:45:00,6281.1778
2025-07-14 08:46:00,6281.1778
2025-07-14 08:47:00,6281.1778
2025-07-14 08:48:00,6281.1778
2025-07-14 08:49:00,6281.1778
2025-07-14 08:50:00,6281.1778
2025-07-14 08:51:00,6281.1778
2025-07-14 08:52:00,6281.1778
2025-07-14 08:53:00,6281.1778
2025-07-14 08:54:00,6281.1778
2025-07-14 08:55:00,6281.1778
2025-07-14 08:56:00,6281.1778
2025-07-14 08:57:00,6281.1778
2025-07-14 08:58:00,6281.1778
2025-07-14 08:59:00,6281.1778
2025-07-14 09:00:00,6281.1778
2025-07-14 09:01:00,6281.1778
2025-07-14 09:02:00,6281.1778
2025-07-14 09:03:00,6281.1778
2025-07-14 09:04:00,6281.1778
2025-07-14 09:05:00,6281.1778
2025-07-14 09:06:00,6281.1778
2025-07-14 09:07:00,6281.1778
2025-07-14 09:08:00,6281.1778
2025-07-14 09:09:00,6281.1778
2025-07-14 09:10:00,6281.1778
2025-07-14 09:11:00,6281.1778
2025-07-14 09:12:00,6281.1778
2025-07-14 09:13:00,6281.1778
2025-07-14 09:14:00,6281.1778
2025-07-14 09:15:00,6281.1778
2025-07-14 09:16:00,6281.1778
2025-07-14 09:17:00,6281.1778
2025-07-14 09:18:00,6281.1778
2025-07-14 09:19:00,6281.1778
2025-07-14 09:20:00,6281.1778
2025-07-14 09:21:00,6281.1778
2025-07-14 09:22:00,6281.1778
2025-07-14 09:23:00,6281.1778
2025-07-14 09:24:00,6281.1778
2025-07-14 09:25:00,6281.1778
2025-07-14 09:26:00,6281.1778
2025-07-14 09:27:00,6281.1778
2025-07-14 09:28:00,6281.1778
2025-07-14 09:29:00,6281.1778
2025-07-14 09:30:00,6281.1778
2025-07-14 09:31:00,6281.1778
2025-07-14 09:32:00,6281.1778
2025-07-14 09:33:00,6281.1778
2025-07-14 09:34:00,6281.1778
2025-07-14 09:35:00,6281.1778
2025-07-14 09:36:00,6281.1778
2025-07-14 09:37:00,6281.1778
2025-07-14 09:38:00,6281.1778
2025-07-14 09:39:00,6281.1778
2025-07-14 09:40:00,6281.1778
2025-07-14 09:41:00,6281.1778
2025-07-14 09:42:00,6281.1778
2025-07-14 09:43:00,6281.1778
2025-07-14 09:44:00,6281.1778
2025-07-14 09:45:00,6281.1778
2025-07-14 09:46:00,6281.1778
2025-07-14 09:47:00,6281.1778
2025-07-14 09:48:00,6281.1778
2025-07-14 09:49:00,6281.1778
2025-07-14 09:50:00,6281.1778
2025-07-14 09:51:00,6281.1778
2025-07-14 09:52:00,6281.1778
2025-07-14 09:53:00,6281.1778
2025-07-14 09:54:00,6281.1778
2025-07-14 09:55:00,6281.1778
2025-07-14 09:56:00,6281.1778
2025-07-14 09:57:00,6281.1778
2025-07-14 09:58:00,6281.1778
2025-07-14 09:59:00,6281.1778
2025-07-14 10:00:00,6281.1778
2025-07-14 10:01:00,6281.1778
2025-07-14 10:02:00,6281.1778
2025-07-14 10:03:00,6281.1778
2025-07-14 10:04:00,6281.1778
2025-07-14 10:05:00,6281.1778
2025-07-14 10:06:00,6281.1778
2025-07-14 10:07:00,6281.1778
2025-07-14 10:08:00,6281.1778
2025-07-14 10:09:00,6281.1778
2025-07-14 10:10:00,6281.1778
2025-07-14 10:11:00,6281.1778
2025-07-14 10:12:00,6281.1778
2025-07-14 10:13:00,6281.1778
2025-07-14 10:14:00,6281.1778
2025-07-14 10:15:00,6281.1778
2025-07-14 10:16:00,6281.1778
2025-07-14 10:17:00,6281.1778
2025-07-14 10:18:00,6281.1778
2025-07-14 10:19:00,6281.1778
2025-07-14 10:20:00,6281.1778
2025-07-14 10:21:00,6281.1778
2025-07-14 10:22:00,6281.1778
2025-07-14 10:23:00,6281.1778
2025-07-14 10:24:00,6281.1778
2025-07-14 10:25:00,6281.1778
2025-07-14 10:26:00,6281.1778
2025-07-14 10:27:00,6281.1778
2025-07-14 10:28:00,6281.1778
2025-07-14 10:29:00,6281.1778
2025-07-14 10:30:00,6281.1778
2025-07-14 10:31:00,6281.1778
2025-07-14 10:32:00,6281.1778
2025-07-14 10:33:00,6281.1778
2025-07-14 10:34:00,6281.1778
2025-07-14 10:35:00,6281.1778
2025-07-14 10:36:00,6281.1778
2025-07-14 10:37:00,6281.1778
2025-07-14 10:38:00,6281.1778
2025-07-14 10:39:00,6281.1778
2025-07-14 10:40:00,6281.1778
2025-07-14 10:41:00,6281.1778
2025-07-14 10:42:00,6281.1778
2025-07-14 10:43:00,6281.1778
2025-07-14 10:44:00,6281.1778
2025-07-14 10:45:00,6281.1778
2025-07-14 10:46:00,6281.1778
2025-07-14 10:47:00,6281.1778
2025-07-14 10:48:00,6281.1778
2025-07-14 10:49:00,6281.1778
2025-07-14 10:50:00,6281.1778
2025-07-14 10:51:00,6281.1778
2025-07-14 10:52:00,6281.1778
2025-07-14 10:53:00,6281.1778
2025-07-14 10:54:00,6281.1778
2025-07-14 10:55:00,6281.1778
2025-07-14 10:56:00,6281.1778
2025-07-14 10:57:00,6281.1778
2025-07-14 10:58:00,6281.1778
2025-07-14 10:59:00,6281.1778
2025-07-14 11:00:00,6281.1778
2025-07-14 11:01:00,6281.1778
2025-07-14 11:02:00,6281.1778
2025-07-14 11:03:00,6281.1778
2025-07-14 11:04:00,6281.1778
2025-07-14 11:05:00,6281.1778
2025-07-14 11:06:00,6281.1778
2025-07-14 11:07:00,6281.1778
2025-07-14 11:08:00,6281.1778
2025-07-14 11:09:00,6281.1778
2025-07-14 11:10:00,6281.1778
2025-07-14 11:11:00,6281.1778
2025-07-14 11:12:00,6281.1778
2025-07-14 11:13:00,6281.1778
2025-07-14 11:14:00,6281.1778
2025-07-14 11:15:00,6281.1778
2025-07-14 11:16:00,6281.1778
2025-07-14 11:17:00,6281.1778
2025-07-14 11:18:00,6281.1778
2025-07-14 11:19:00,6281.1778
2025-07-14 11:20:00,6281.1778
2025-07-14 11:21:00,6281.1778
2025-07-14 11:22:00,6281.1778
2025-07-14 11:23:00,6281.1778
2025-07-14 11:24:00,6281.1778
2025-07-14 11:25:00,6281.1778
2025-07-14 11:26:00,6281.1778
2025-07-14 11:27:00,6281.1778
2025-07-14 11:28:00,6281.1778
2025-07-14 11:29:00,6281.1778
2025-07-14 11:30:00,6281.1778
2025-07-14 11:31:00,6281.1778
2025-07-14 11:32:00,6281.1778
2025-07-14 11:33:00,6281.1778
2025-07-14 11:34:00,6281.1778
2025-07-14 11:35:00,6281.1778
2025-07-14 11:36:00,6281.1778
2025-07-14 11:37:00,6281.1778
2025-07-14 11:38:00,6281.1778
2025-07-14 11:39:00,6281.1778
2025-07-14 11:40:00,6281.1778
2025-07-14 11:41:00,6281.1778
2025-07-14 11:42:00,6281.1778
2025-07-14 11:43:00,6281.1778
2025-07-14 11:44:00,6281.1778
2025-07-14 11:45:00,6281.1778
2025-07-14 11:46:00,6281.1778
2025-07-14 11:47:00,6281.1778
2025-07-14 11:48:00,6281.1778
2025-07-14 11:49:00,6281.1778
2025-07-14 11:50:00,6281.1778
2025-07-14 11:51:00,6281.1778
2025-07-14 11:52:00,6281.1778
2025-07-14 11:53:00,6281.1778
2025-07-14 11:54:00,6281.1778
2025-07-14 11:55:00,6281.1778
2025-07-14 11:56:00,6281.1778
2025-07-14 11:57:00,6281.1778
2025-07-14 11:58:00,6281.1778
2025-07-14 11:59:00,6281.1778
2025-07-14 12:00:00,6281.1778
2025-07-14 12:01:00,6281.1778
2025-07-14 12:02:00,6281.1778
2025-07-14 12:03:00,6281.1778
2025-07-14 12:04:00,6281.1778
2025-07-14 12:05:00,6281.1778
2025-07-14 12:06:00,6281.1778
2025-07-14 12:07:00,6281.1778
2025-07-14 12:08:00,6281.1778
2025-07-14 12:09:00,6281.1778
2025-07-14 12:10:00,6281.1778
2025-07-14 12:11:00,6281.1778
2025-07-14 12:12:00,6281.1778
2025-07-14 12:13:00,6281.1778
2025-07-14 12:14:00,6281.1778
2025-07-14 12:15:00,6281.1778
2025-07-14 12:16:00,6281.1778
2025-07-14 12:17:00,6281.1778
2025-07-14 12:18:00,6281.1778
2025-07-14 12:19:00,6281.1778
2025-07-14 12:20:00,6281.1778
2025-07-14 12:21:00,6281.1778
2025-07-14 12:22:00,6281.1778
2025-07-14 12:23:00,6281.1778
2025-07-14 12:24:00,6281.1778
2025-07-14 12:25:00,6281.1778
2025-07-14 12:26:00,6281.1778
2025-07-14 12:27:00,6281.1778
2025-07-14 12:28:00,6281.1778
2025-07-14 12:29:00,6281.1778
2025-07-14 12:30:00,6281.1778
2025-07-14 12:31:00,6281.1778
2025-07-14 12:32:00,6281.1778
2025-07-14 12:33:00,6281.1778
2025-07-14 12:34:00,6281.1778
2025-07-14 12:35:00,6281.1778
2025-07-14 12:36:00,6281.1778
2025-07-14 12:37:00,6281.1778
2025-07-14 12:38:00,6281.1778
2025-07-14 12:39:00,6281.1778
2025-07-14 12:40:00,6281.1778
2025-07-14 12:41:00,6281.1778
2025-07-14 12:42:00,6281.1778
2025-07-14 12:43:00,6281.1778
2025-07-14 12:44:00,6281.1778
2025-07-14 12:45:00,6281.1778
2025-07-14 12:46:00,6281.1778
2025-07-14 12:47:00,6281.1778
2025-07-14 12:48:00,6281.1778
2025-07-14 12:49:00,6281.1778
2025-07-14 12:50:00,6281.1778
2025-07-14 12:51:00,6281.1778
2025-07-14 12:52:00,6281.1778
2025-07-14 12:53:00,6281.1778
2025-07-14 12:54:00,6281.1778
2025-07-14 12:55:00,6281.1778
2025-07-14 12:56:00,6281.1778
2025-07-14 12:57:00,6281.1778
2025-07-14 12:58:00,6281.1778
2025-07-14 12:59:00,6281.1778
2025-07-14 13:00:00,6281.1778
2025-07-14 13:01:00,6281.1778
2025-07-14 13:02:00,6281.1778
2025-07-14 13:03:00,6281.1778
2025-07-14 13:04:00,6281.1778
2025-07-14 13:05:00,6281.1778
2025-07-14 13:06:00,6281.1778
2025-07-14 13:07:00,6281.1778
2025-07-14 13:08:00,6281.1778
2025-07-14 13:09:00,6281.1778
2025-07-14 13:10:00,6281.1778
2025-07-14 13:11:00,6281.1778
2025-07-14 13:12:00,6281.1778
2025-07-14 13:13:00,6281.1778
2025-07-14 13:14:00,6281.1778
2025-07-14 13:15:00,6281.1778
2025-07-14 13:16:00,6281.1778
2025-07-14 13:17:00,6281.1778
2025-07-14 13:18:00,6281.1778
2025-07-14 13:19:00,6281.1778
2025-07-14 13:20:00,6281.1778
2025-07-14 13:21:00,6281.1778
2025-07-14 13:22:00,6281.1778
2025-07-14 13:23:00,6281.1778
2025-07-14 13:24:00,6281.1778
2025-07-14 13:25:00,6281.1778
2025-07-14 13:26:00,6281.1778
2025-07-14 13:27:00,6281.1778
2025-07-14 13:28:00,6281.1778
2025-07-14 13:29:00,6281.1778
2025-07-14 13:30:00,6281.1778
2025-07-14 13:31:00,6281.1778
2025-07-14 13:32:00,6281.1778
2025-07-14 13:33:00,6281.1778
2025-07-14 13:34:00,6281.1778
2025-07-14 13:35:00,6281.1778
2025-07-14 13:36:00,6281.1778
2025-07-14 13:37:00,6281.1778
2025-07-14 13:38:00,6281.1778
2025-07-14 13:39:00,6281.1778
2025-07-14 13:40:00,6281.1778
2025-07-14 13:41:00,6281.1778
2025-07-14 13:42:00,6281.1778
2025-07-14 13:43:00,6281.1778
2025-07-14 13:44:00,6281.1778
2025-07-14 13:45:00,6281.1778
2025-07-14 13:46:00,6281.1778
2025-07-14 13:47:00,6281.1778
2025-07-14 13:48:00,6281.1778
2025-07-14 13:49:00,6281.1778
2025-07-14 13:50:00,6281.1778
2025-07-14 13:51:00,6281.1778
2025-07-14 13:52:00,6281.1778
2025-07-14 13:53:00,6281.1778
2025-07-14 13:54:00,6281.1778
2025-07-14 13:55:00,6281.1778
2025-07-14 13:56:00,6281.1778
2025-07-14 13:57:00,6281.1778
2025-07-14 13:58:00,6281.1778
2025-07-14 13:59:00,6281.1778
2025-07-14 14:00:00,6281.1778
2025-07-14 14:01:00,6281.1778
2025-07-14 14:02:00,6281.1778
2025-07-14 14:03:00,6281.1778
2025-07-14 14:04:00,6281.1778
2025-07-14 14:05:00,6281.1778
2025-07-14 14:06:00,6281.1778
2025-07-14 14:07:00,6281.1778
2025-07-14 14:08:00,6281.1778
2025-07-14 14:09:00,6281.1778
2025-07-14 14:10:00,6281.1778
2025-07-14 14:11:00,6281.1778
2025-07-14 14:12:00,6281.1778
2025-07-14 14:13:00,6281.1778
2025-07-14 14:14:00,6281.1778
2025-07-14 14:15:00,6281.1778
2025-07-14 14:16:00,6281.1778
2025-07-14 14:17:00,6281.1778
2025-07-14 14:18:00,6281.1778
2025-07-14 14:19:00,6281.1778
2025-07-14 14:20:00,6281.1778
2025-07-14 14:21:00,6281.1778
2025-07-14 14:22:00,6281.1778
2025-07-14 14:23:00,6281.1778
2025-07-14 14:24:00,6281.1778
2025-07-14 14:25:00,6281.1778
2025-07-14 14:26:00,6281.1778
2025-07-14 14:27:00,6281.1778
2025-07-14 14:28:00,6281.1778
2025-07-14 14:29:00,6281.1778
2025-07-14 14:30:00,6281.1778
2025-07-14 14:31:00,6281.1778
2025-07-14 14:32:00,6281.1778
2025-07-14 14:33:00,6281.1778
2025-07-14 14:34:00,6281.1778
2025-07-14 14:35:00,6281.1778
2025-07-14 14:36:00,6281.1778
2025-07-14 14:37:00,6281.1778
2025-07-14 14:38:00,6281.1778
2025-07-14 14:39:00,6281.1778
2025-07-14 14:40:00,6281.1778
2025-07-14 14:41:00,6281.1778
2025-07-14 14:42:00,6281.1778
2025-07-14 14:43:00,6281.1778
2025-07-14 14:44:00,6281.1778
2025-07-14 14:45:00,6281.1778
2025-07-14 14:46:00,6281.1778
2025-07-14 14:47:00,6281.1778
2025-07-14 14:48:00,6281.1778
2025-07-14 14:49:00,6281.1778
2025-07-14 14:50:00,6281.1778
2025-07-14 14:51:00,6281.1778
2025-07-14 14:52:00,6281.1778
2025-07-14 14:53:00,6281.1778
2025-07-14 14:54:00,6281.1778
2025-07-14 14:55:00,6281.1778
2025-07-14 14:56:00,6281.1778
2025-07-14 14:57:00,6281.1778
2025-07-14 14:58:00,6281.1778
2025-07-14 14:59:00,6281.1778
2025-07-14 15:00:00,6281.1778
2025-07-14 15:01:00,6281.1778
2025-07-14 15:02:00,6281.1778
2025-07-14 15:03:00,6281.1778
2025-07-14 15:04:00,6281.1778
2025-07-14 15:05:00,6281.1778
2025-07-14 15:06:00,6281.1778
2025-07-14 15:07:00,6281.1778
2025-07-14 15:08:00,6281.1778
2025-07-14 15:09:00,6281.1778
2025-07-14 15:10:00,6281.1778
2025-07-14 15:11:00,6281.1778
2025-07-14 15:12:00,6281.1778
2025-07-14 15:13:00,6281.1778
2025-07-14 15:14:00,6281.1778
2025-07-14 15:15:00,6281.1778
2025-07-14 15:16:00,6281.1778
2025-07-14 15:17:00,6281.1778
2025-07-14 15:18:00,6281.1778
2025-07-14 15:19:00,6281.1778
2025-07-14 15:20:00,6281.1778
2025-07-14 15:21:00,6281.1778
2025-07-14 15:22:00,6281.1778
2025-07-14 15:23:00,6281.1778
2025-07-14 15:24:00,6281.1778
2025-07-14 15:25:00,6281.1778
2025-07-14 15:26:00,6281.1778
2025-07-14 15:27:00,6281.1778
2025-07-14 15:28:00,6281.1778
2025-07-14 15:29:00,6281.1778
2025-07-14 15:30:00,6281.1778
2025-07-14 15:31:00,6281.1778
2025-07-14 15:32:00,6281.1778
2025-07-14 15:33:00,6281.1778
2025-07-14 15:34:00,6281.1778
2025-07-14 15:35:00,6281.1778
2025-07-14 15:36:00,6281.1778
2025-07-14 15:37:00,6281.1778
2025-07-14 15:38:00,6281.1778
2025-07-14 15:39:00,6281.1778
2025-07-14 15:40:00,6281.1778
2025-07-14 15:41:00,6281.1778
2025-07-14 15:42:00,6281.1778
2025-07-14 15:43:00,6281.1778
2025-07-14 15:44:00,6281.1778
2025-07-14 15:45:00,6281.1778
2025-07-14 15:46:00,6281.1778
2025-07-14 15:47:00,6281.1778
2025-07-14 15:48:00,6281.1778
2025-07-14 15:49:00,6281.1778
2025-07-14 15:50:00,6281.1778
2025-07-14 15:51:00,6281.1778
2025-07-14 15:52:00,6281.1778
2025-07-14 15:53:00,6281.1778
2025-07-14 15:54:00,6281.1778
2025-07-14 15:55:00,6281.1778
2025-07-14 15:56:00,6281.1778
2025-07-14 15:57:00,6281.1778
2025-07-14 15:58:00,6281.1778
2025-07-14 15:59:00,6281.1778
2025-07-14 16:00:00,6281.1778
2025-07-14 16:01:00,6281.1778
2025-07-14 16:02:00,6281.1778
2025-07-14 16:03:00,6281.1778
2025-07-14 16:04:00,6281.1778
2025-07-14 16:05:00,6281.1778
2025-07-14 16:06:00,6281.1778
2025-07-14 16:07:00,6281.1778
2025-07-14 16:08:00,6281.1778
2025-07-14 16:09:00,6281.1778
2025-07-14 16:10:00,6281.1778
2025-07-14 16:11:00,6281.1778
2025-07-14 16:12:00,6281.1778
2025-07-14 16:13:00,6281.1778
2025-07-14 16:14:00,6281.1778
2025-07-14 16:15:00,6281.1778
2025-07-14 16:16:00,6281.1778
2025-07-14 16:17:00,6281.1778
2025-07-14 16:18:00,6281.1778
2025-07-14 16:19:00,6281.1778
2025-07-14 16:20:00,6281.1778
2025-07-14 16:21:00,6281.1778
2025-07-14 16:22:00,6281.1778
2025-07-14 16:23:00,6281.1778
2025-07-14 16:24:00,6281.1778
2025-07-14 16:25:00,6281.1778
2025-07-14 16:26:00,6281.1778
2025-07-14 16:27:00,6281.1778
2025-07-14 16:28:00,6281.1778
2025-07-14 16:29:00,6281.1778
2025-07-14 16:30:00,6281.1778
2025-07-14 16:31:00,6281.1778
2025-07-14 16:32:00,6281.1778
2025-07-14 16:33:00,6281.1778
2025-07-14 16:34:00,6281.1778
2025-07-14 16:35:00,6281.1778
2025-07-14 16:36:00,6281.1778
2025-07-14 16:37:00,6281.1778
2025-07-14 16:38:00,6281.1778
2025-07-14 16:39:00,6281.1778
2025-07-14 16:40:00,6281.1778
2025-07-14 16:41:00,6281.1778
2025-07-14 16:42:00,6281.1778
2025-07-14 16:43:00,6281.1778
2025-07-14 16:44:00,6281.1778
2025-07-14 16:45:00,6281.1778
2025-07-14 16:46:00,6281.1778
2025-07-14 16:47:00,6281.1778
2025-07-14 16:48:00,6281.1778
2025-07-14 16:49:00,6281.1778
2025-07-14 16:50:00,6281.1778
2025-07-14 16:51:00,6281.1778
2025-07-14 16:52:00,6281.1778
2025-07-14 16:53:00,6281.1778
2025-07-14 16:54:00,6281.1778
2025-07-14 16:55:00,6281.1778
2025-07-14 16:56:00,6281.1778
2025-07-14 16:57:00,6281.1778
2025-07-14 16:58:00,6281.1778
2025-07-14 16:59:00,6281.1778
2025-07-14 17:00:00,6281.1778
2025-07-14 17:01:00,6281.1778
2025-07-14 17:02:00,6281.1778
2025-07-14 17:03:00,6281.1778
2025-07-14 17:04:00,6281.1778
2025-07-14 17:05:00,6281.1778
2025-07-14 17:06:00,6281.1778
2025-07-14 17:07:00,6281.1778
2025-07-14 17:08:00,6281.1778
2025-07-14 17:09:00,6281.1778
2025-07-14 17:10:00,6281.1778
2025-07-14 17:11:00,6281.1778
2025-07-14 17:12:00,6281.1778
2025-07-14 17:13:00,6281.1778
2025-07-14 17:14:00,6281.1778
2025-07-14 17:15:00,6281.1778
2025-07-14 17:16:00,6281.1778
2025-07-14 17:17:00,6281.1778
2025-07-14 17:18:00,6281.1778
2025-07-14 17:19:00,6281.1778
2025-07-14 17:20:00,6281.1778
2025-07-14 17:21:00,6281.1778
2025-07-14 17:22:00,6281.1778
2025-07-14 17:23:00,6281.1778
2025-07-14 17:24:00,6281.1778
2025-07-14 17:25:00,6281.1778
2025-07-14 17:26:00,6281.1778
2025-07-14 17:27:00,6281.1778
2025-07-14 17:28:00,6281.1778
2025-07-14 17:29:00,6281.1778
2025-07-14 17:30:00,6281.1778
2025-07-14 17:31:00,6281.1778
2025-07-14 17:32:00,6281.1778
2025-07-14 17:33:00,6281.1778
2025-07-14 17:34:00,6281.1778
2025-07-14 17:35:00,6281.1778
2025-07-14 17:36:00,6281.1778
2025-07-14 17:37:00,6281.1778
2025-07-14 17:38:00,6281.1778
2025-07-14 17:39:00,6281.1778
2025-07-14 17:40:00,6281.1778
2025-07-14 17:41:00,6281.1778
2025-07-14 17:42:00,6281.1778
2025-07-14 17:43:00,6281.1778
2025-07-14 17:44:00,6281.1778
2025-07-14 17:45:00,6281.1778
2025-07-14 17:46:00,6281.1778
2025-07-14 17:47:00,6281.1778
2025-07-14 17:48:00,6281.1778
2025-07-14 17:49:00,6281.1778
2025-07-14 17:50:00,6281.1778
2025-07-14 17:51:00,6281.1778
2025-07-14 17:52:00,6281.1778
2025-07-14 17:53:00,6281.1778
2025-07-14 17:54:00,6281.1778
2025-07-14 17:55:00,6281.1778
2025-07-14 17:56:00,6281.1778
2025-07-14 17:57:00,6281.1778
2025-07-14 17:58:00,6281.1778
2025-07-14 17:59:00,6281.1778
2025-07-14 18:00:00,6281.1778
2025-07-14 18:01:00,6281.1778
2025-07-14 18:02:00,6281.1778
2025-07-14 18:03:00,6281.1778
2025-07-14 18:04:00,6281.1778
2025-07-14 18:05:00,6281.1778
2025-07-14 18:06:00,6281.1778
2025-07-14 18:07:00,6281.1778
2025-07-14 18:08:00,6281.1778
2025-07-14 18:09:00,6281.1778
2025-07-14 18:10:00,6281.1778
2025-07-14 18:11:00,6281.1778
2025-07-14 18:12:00,6281.1778
2025-07-14 18:13:00,6281.1778
2025-07-14 18:14:00,6281.1778
2025-07-14 18:15:00,6281.1778
2025-07-14 18:16:00,6281.1778
2025-07-14 18:17:00,6281.1778
2025-07-14 18:18:00,6281.1778
2025-07-14 18:19:00,6281.1778
2025-07-14 18:20:00,6281.1778
2025-07-14 18:21:00,6281.1778
2025-07-14 18:22:00,6281.1778
2025-07-14 18:23:00,6281.1778
2025-07-14 18:24:00,6281.1778
2025-07-14 18:25:00,6281.1778
2025-07-14 18:26:00,6281.1778
2025-07-14 18:27:00,6281.1778
2025-07-14 18:28:00,6281.1778
2025-07-14 18:29:00,6281.1778
2025-07-14 18:30:00,6281.1778
2025-07-14 18:31:00,6281.1778
2025-07-14 18:32:00,6281.1778
2025-07-14 18:33:00,6281.1778
2025-07-14 18:34:00,6281.1778
2025-07-14 18:35:00,6281.1778
2025-07-14 18:36:00,6281.1778
2025-07-14 18:37:00,6281.1778
2025-07-14 18:38:00,6281.1778
2025-07-14 18:39:00,6281.1778
2025-07-14 18:40:00,6281.1778
2025-07-14 18:41:00,6281.1778
2025-07-14 18:42:00,6281.1778
2025-07-14 18:43:00,6281.1778
2025-07-14 18:44:00,6281.1778
2025-07-14 18:45:00,6281.1778
2025-07-14 18:46:00,6281.1778
2025-07-14 18:47:00,6281.1778
2025-07-14 18:48:00,6281.1778
2025-07-14 18:49:00,6281.1778
2025-07-14 18:50:00,6281.1778
2025-07-14 18:51:00,6281.1778
2025-07-14 18:52:00,6281.1778
2025-07-14 18:53:00,6281.1778
2025-07-14 18:54:00,6281.1778
2025-07-14 18:55:00,6281.1778
2025-07-14 18:56:00,6281.1778
2025-07-14 18:57:00,6281.1778
2025-07-14 18:58:00,6281.1778
2025-07-14 18:59:00,6281.1778
2025-07-14 19:00:00,6281.1778
2025-07-14 19:01:00,6281.1778
2025-07-14 19:02:00,6281.1778
2025-07-14 19:03:00,6281.1778
2025-07-14 19:04:00,6281.1778
2025-07-14 19:05:00,6281.1778
2025-07-14 19:06:00,6281.1778
2025-07-14 19:07:00,6281.1778
2025-07-14 19:08:00,6281.1778
2025-07-14 19:09:00,6281.1778
2025-07-14 19:10:00,6281.1778
2025-07-14 19:11:00,6281.1778
2025-07-14 19:12:00,6281.1778
2025-07-14 19:13:00,6281.1778
2025-07-14 19:14:00,6281.1778
2025-07-14 19:15:00,6281.1778
2025-07-14 19:16:00,6281.1778
2025-07-14 19:17:00,6281.1778
2025-07-14 19:18:00,6281.1778
2025-07-14 19:19:00,6281.1778
2025-07-14 19:20:00,6281.1778
2025-07-14 19:21:00,6281.1778
2025-07-14 19:22:00,6281.1778
2025-07-14 19:23:00,6281.1778
2025-07-14 19:24:00,6281.1778
2025-07-14 19:25:00,6281.1778
2025-07-14 19:26:00,6281.1778
2025-07-14 19:27:00,6281.1778
2025-07-14 19:28:00,6281.1778
2025-07-14 19:29:00,6281.1778
2025-07-14 19:30:00,6281.1778
2025-07-14 19:31:00,6281.1778
2025-07-14 19:32:00,6281.1778
2025-07-14 19:33:00,6281.1778
2025-07-14 19:34:00,6281.1778
2025-07-14 19:35:00,6281.1778
2025-07-14 19:36:00,6281.1778
2025-07-14 19:37:00,6281.1778
2025-07-14 19:38:00,6281.1778
2025-07-14 19:39:00,6281.1778
2025-07-14 19:40:00,6281.1778
2025-07-14 19:41:00,6281.1778
2025-07-14 19:42:00,6281.1778
2025-07-14 19:43:00,6281.1778
2025-07-14 19:44:00,6281.1778
2025-07-14 19:45:00,6281.1778
2025-07-14 19:46:00,6281.1778
2025-07-14 19:47:00,6281.1778
2025-07-14 19:48:00,6281.1778
2025-07-14 19:49:00,6281.1778
2025-07-14 19:50:00,6281.1778
2025-07-14 19:51:00,6281.1778
2025-07-14 19:52:00,6281.1778
2025-07-14 19:53:00,6281.1778
2025-07-14 19:54:00,6281.1778
2025-07-14 19:55:00,6281.1778
2025-07-14 19:56:00,6281.1778
2025-07-14 19:57:00,6281.1778
2025-07-14 19:58:00,6281.1778
2025-07-14 19:59:00,6281.1778
2025-07-14 20:00:00,6281.1778
2025-07-14 20:01:00,6281.1778
2025-07-14 20:02:00,6281.1778
2025-07-14 20:03:00,6281.1778
2025-07-14 20:04:00,6281.1778
2025-07-14 20:05:00,6281.1778
2025-07-14 20:06:00,6281.1778
2025-07-14 20:07:00,6281.1778
2025-07-14 20:08:00,6281.1778
2025-07-14 20:09:00,6281.1778
2025-07-14 20:10:00,6281.1778
2025-07-14 20:11:00,6281.1778
2025-07-14 20:12:00,6281.1778
2025-07-14 20:13:00,6281.1778
2025-07-14 20:14:00,6281.1778
2025-07-14 20:15:00,6281.1778
2025-07-14 20:16:00,6281.1778
2025-07-14 20:17:00,6281.1778
2025-07-14 20:18:00,6281.1778
2025-07-14 20:19:00,6281.1778
2025-07-14 20:20:00,6281.1778
2025-07-14 20:21:00,6281.1778
2025-07-14 20:22:00,6281.1778
2025-07-14 20:23:00,6281.1778
2025-07-14 20:24:00,6281.1778
2025-07-14 20:25:00,6281.1778
2025-07-14 20:26:00,6281.1778
2025-07-14 20:27:00,6281.1778
2025-07-14 20:28:00,6281.1778
2025-07-14 20:29:00,6281.1778
2025-07-14 20:30:00,6281.1778
2025-07-14 20:31:00,6281.1778
2025-07-14 20:32:00,6281.1778
2025-07-14 20:33:00,6281.1778
2025-07-14 20:34:00,6281.1778
2025-07-14 20:35:00,6281.1778
2025-07-14 20:36:00,6281.1778
2025-07-14 20:37:00,6281.1778
2025-07-14 20:38:00,6281.1778
2025-07-14 20:39:00,6281.1778
2025-07-14 20:40:00,6281.1778
2025-07-14 20:41:00,6281.1778
2025-07-14 20:42:00,6281.1778
2025-07-14 20:43:00,6281.1778
2025-07-14 20:44:00,6281.1778
2025-07-14 20:45:00,6281.1778
2025-07-14 20:46:00,6281.1778
2025-07-14 20:47:00,6281.1778
2025-07-14 20:48:00,6281.1778
2025-07-14 20:49:00,6281.1778
2025-07-14 20:50:00,6281.1778
2025-07-14 20:51:00,6281.1778
2025-07-14 20:52:00,6281.1778
2025-07-14 20:53:00,6281.1778
2025-07-14 20:54:00,6281.1778
2025-07-14 20:55:00,6281.1778
2025-07-14 20:56:00,6281.1778
2025-07-14 20:57:00,6281.1778
2025-07-14 20:58:00,6281.1778
2025-07-14 20:59:00,6281.1778
2025-07-14 21:00:00,6281.1778
2025-07-14 21:01:00,6281.1778
2025-07-14 21:02:00,6281.1778
2025-07-14 21:03:00,6281.1778
2025-07-14 21:04:00,6281.1778
2025-07-14 21:05:00,6281.1778
2025-07-14 21:06:00,6281.1778
2025-07-14 21:07:00,6281.1778
2025-07-14 21:08:00,6281.1778
2025-07-14 21:09:00,6281.1778
2025-07-14 21:10:00,6281.1778
2025-07-14 21:11:00,6281.1778
2025-07-14 21:12:00,6281.1778
2025-07-14 21:13:00,6281.1778
2025-07-14 21:14:00,6281.1778
2025-07-14 21:15:00,6281.1778
2025-07-14 21:16:00,6281.1778
2025-07-14 21:17:00,6281.1778
2025-07-14 21:18:00,6281.1778
2025-07-14 21:19:00,6281.1778
2025-07-14 21:20:00,6281.1778
2025-07-14 21:21:00,6281.1778
2025-07-14 21:22:00,6281.1778
2025-07-14 21:23:00,6281.1778
2025-07-14 21:24:00,6281.1778
2025-07-14 21:25:00,6281.1778
2025-07-14 21:26:00,6281.1778
2025-07-14 21:27:00,6281.1778
2025-07-14 21:28:00,6281.1778
2025-07-14 21:29:00,6281.1778
2025-07-14 21:30:00,6281.1778
2025-07-14 21:31:00,6281.1778
2025-07-14 21:32:00,6281.1778
2025-07-14 21:33:00,6281.1778
2025-07-14 21:34:00,6281.1778
2025-07-14 21:35:00,6281.1778
2025-07-14 21:36:00,6281.1778
2025-07-14 21:37:00,6281.1778
2025-07-14 21:38:00,6281.1778
2025-07-14 21:39:00,6281.1778
2025-07-14 21:40:00,6281.1778
2025-07-14 21:41:00,6281.1778
2025-07-14 21:42:00,6281.1778
2025-07-14 21:43:00,6281.1778
2025-07-14 21:44:00,6281.1778
2025-07-14 21:45:00,6281.1778
2025-07-14 21:46:00,6281.1778
2025-07-14 21:47:00,6281.1778
2025-07-14 21:48:00,6281.1778
2025-07-14 21:49:00,6281.1778
2025-07-14 21:50:00,6281.1778
2025-07-14 21:51:00,6281.1778
2025-07-14 21:52:00,6281.1778
2025-07-14 21:53:00,6281.1778
2025-07-14 21:54:00,6281.1778
2025-07-14 21:55:00,6281.1778
2025-07-14 21:56:00,6281.1778
2025-07-14 21:57:00,6281.1778
2025-07-14 21:58:00,6281.1778
2025-07-14 21:59:00,6281.1778
2025-07-14 22:00:00,6281.1778
2025-07-14 22:01:00,6281.1778
2025-07-14 22:02:00,6281.1778
2025-07-14 22:03:00,6281.1778
2025-07-14 22:04:00,6281.1778
2025-07-14 22:05:00,6281.1778
2025-07-14 22:06:00,6281.1778
2025-07-14 22:07:00,6281.1778
2025-07-14 22:08:00,6281.1778
2025-07-14 22:09:00,6281.1778
2025-07-14 22:10:00,6281.1778
2025-07-14 22:11:00,6281.1778
2025-07-14 22:12:00,6281.1778
2025-07-14 22:13:00,6281.1778
2025-07-14 22:14:00,6281.1778
2025-07-14 22:15:00,6281.1778
2025-07-14 22:16:00,6281.1778
2025-07-14 22:17:00,6281.1778
2025-07-14 22:18:00,6281.1778
2025-07-14 22:19:00,6281.1778
2025-07-14 22:20:00,6281.1778
2025-07-14 22:21:00,6281.1778
2025-07-14 22:22:00,6281.1778
2025-07-14 22:23:00,6281.1778
2025-07-14 22:24:00,6281.1778
2025-07-14 22:25:00,6281.1778
2025-07-14 22:26:00,6281.1778
2025-07-14 22:27:00,6281.1778
2025-07-14 22:28:00,6281.1778
2025-07-14 22:29:00,6281.1778
2025-07-14 22:30:00,6281.1778
2025-07-14 22:31:00,6281.1778
2025-07-14 22:32:00,6281.1778
2025-07-14 22:33:00,6281.1778
2025-07-14 22:34:00,6281.1778
2025-07-14 22:35:00,6281.1778
2025-07-14 22:36:00,6281.1778
2025-07-14 22:37:00,6281.1778
2025-07-14 22:38:00,6281.1778
2025-07-14 22:39:00,6281.1778
2025-07-14 22:40:00,6281.1778
2025-07-14 22:41:00,6281.1778
2025-07-14 22:42:00,6281.1778
2025-07-14 22:43:00,6281.1778
2025-07-14 22:44:00,6281.1778
2025-07-14 22:45:00,6281.1778
2025-07-14 22:46:00,6281.1778
2025-07-14 22:47:00,6281.1778
2025-07-14 22:48:00,6281.1778
2025-07-14 22:49:00,6281.1778
2025-07-14 22:50:00,6281.1778
2025-07-14 22:51:00,6281.1778
2025-07-14 22:52:00,6281.1778
2025-07-14 22:53:00,6281.1778
2025-07-14 22:54:00,6281.1778
2025-07-14 22:55:00,6281.1778
2025-07-14 22:56:00,6281.1778
2025-07-14 22:57:00,6281.1778
2025-07-14 22:58:00,6281.1778
2025-07-14 22:59:00,6281.1778
2025-07-14 23:00:00,6281.1778
2025-07-14 23:01:00,6281.1778
2025-07-14 23:02:00,6281.1778
2025-07-14 23:03:00,6281.1778
2025-07-14 23:04:00,6281.1778
2025-07-14 23:05:00,6281.1778
2025-07-14 23:06:00,6281.1778
2025-07-14 23:07:00,6281.1778
2025-07-14 23:08:00,6281.1778
2025-07-14 23:09:00,6281.1778
2025-07-14 23:10:00,6281.1778
2025-07-14 23:11:00,6281.1778
2025-07-14 23:12:00,6281.1778
2025-07-14 23:13:00,6281.1778
2025-07-14 23:14:00,6281.1778
2025-07-14 23:15:00,6281.1778
2025-07-14 23:16:00,6281.1778
2025-07-14 23:17:00,6281.1778
2025-07-14 23:18:00,6281.1778
2025-07-14 23:19:00,6281.1778
2025-07-14 23:20:00,6281.1778
2025-07-14 23:21:00,6281.1778
2025-07-14 23:22:00,6281.1778
2025-07-14 23:23:00,6281.1778
2025-07-14 23:24:00,6281.1778
2025-07-14 23:25:00,6281.1778
2025-07-14 23:26:00,6281.1778
2025-07-14 23:27:00,6281.1778
2025-07-14 23:28:00,6281.1778
2025-07-14 23:29:00,6281.1778
2025-07-14 23:30:00,6281.1778
2025-07-14 23:31:00,6281.1778
2025-07-14 23:32:00,6281.1778
2025-07-14 23:33:00,6281.1778
2025-07-14 23:34:00,6281.1778
2025-07-14 23:35:00,6281.1778
2025-07-14 23:36:00,6281.1778
2025-07-14 23:37:00,6281.1778
2025-07-14 23:38:00,6281.1778
2025-07-14 23:39:00,6281.1778
2025-07-14 23:40:00,6281.1778
2025-07-14 23:41:00,6281.1778
2025-07-14 23:42:00,6281.1778
2025-07-14 23:43:00,6281.1778
2025-07-14 23:44:00,6281.1778
2025-07-14 23:45:00,6281.1778
2025-07-14 23:46:00,6281.1778
2025-07-14 23:47:00,6281.1778
2025-07-14 23:48:00,6281.1778
2025-07-14 23:49:00,6281.1778
2025-07-14 23:50:00,6281.1778
2025-07-14 23:51:00,6281.1778
2025-07-14 23:52:00,6281.1778
2025-07-14 23:53:00,6281.1778
2025-07-14 23:54:00,6281.1778
2025-07-14 23:55:00,6281.1778
2025-07-14 23:56:00,6281.1778
2025-07-14 23:57:00,6281.1778
2025-07-14 23:58:00,6281.1778
2025-07-14 23:59:00,6281.1778
2025-07-15 00:00:00,6281.1778
2025-07-15 00:01:00,6281.1778
2025-07-15 00:02:00,6281.1778
2025-07-15 00:03:00,6281.1778
2025-07-15 00:04:00,6281.1778
2025-07-15 00:05:00,6281.1778
2025-07-15 00:06:00,6281.1778
2025-07-15 00:07:00,6281.1778
2025-07-15 00:08:00,6281.1778
2025-07-15 00:09:00,6281.1778
2025-07-15 00:10:00,6281.1778
2025-07-15 00:11:00,6281.1778
2025-07-15 00:12:00,6281.1778
2025-07-15 00:13:00,6281.1778
2025-07-15 00:14:00,6281.1778
2025-07-15 00:15:00,6281.1778
2025-07-15 00:16:00,6281.1778
2025-07-15 00:17:00,6281.1778
2025-07-15 00:18:00,6281.1778
2025-07-15 00:19:00,6281.1778
2025-07-15 00:20:00,6281.1778
2025-07-15 00:21:00,6281.1778
2025-07-15 00:22:00,6281.1778
2025-07-15 00:23:00,6281.1778
2025-07-15 00:24:00,6281.1778
2025-07-15 00:25:00,6281.1778
2025-07-15 00:26:00,6281.1778
2025-07-15 00:27:00,6281.1778
2025-07-15 00:28:00,6281.1778
2025-07-15 00:29:00,6281.1778
2025-07-15 00:30:00,6281.1778
2025-07-15 00:31:00,6281.1778
2025-07-15 00:32:00,6281.1778
2025-07-15 00:33:00,6281.1778
2025-07-15 00:34:00,6281.1778
2025-07-15 00:35:00,6281.1778
2025-07-15 00:36:00,6281.1778
2025-07-15 00:37:00,6281.1778
2025-07-15 00:38:00,6281.1778
2025-07-15 00:39:00,6281.1778
2025-07-15 00:40:00,6281.1778
2025-07-15 00:41:00,6281.1778
2025-07-15 00:42:00,6281.1778
2025-07-15 00:43:00,6281.1778
2025-07-15 00:44:00,6281.1778
2025-07-15 00:45:00,6281.1778
2025-07-15 00:46:00,6281.1778
2025-07-15 00:47:00,6281.1778
2025-07-15 00:48:00,6281.1778
2025-07-15 00:49:00,6281.1778
2025-07-15 00:50:00,6281.1778
2025-07-15 00:51:00,6281.1778
2025-07-15 00:52:00,6281.1778
2025-07-15 00:53:00,6281.1778
2025-07-15 00:54:00,6281.1778
2025-07-15 00:55:00,6281.1778
2025-07-15 00:56:00,6281.1778
2025-07-15 00:57:00,6281.1778
2025-07-15 00:58:00,6281.1778
2025-07-15 00:59:00,6281.1778
2025-07-15 01:00:00,6281.1778
2025-07-15 01:01:00,6281.1778
2025-07-15 01:02:00,6281.1778
2025-07-15 01:03:00,6281.1778
2025-07-15 01:04:00,6281.1778
2025-07-15 01:05:00,6281.1778
2025-07-15 01:06:00,6281.1778
2025-07-15 01:07:00,6281.1778
2025-07-15 01:08:00,6281.1778
2025-07-15 01:09:00,6281.1778
2025-07-15 01:10:00,6281.1778
2025-07-15 01:11:00,6281.1778
2025-07-15 01:12:00,6281.1778
2025-07-15 01:13:00,6281.1778
2025-07-15 01:14:00,6281.1778
2025-07-15 01:15:00,6281.1778
2025-07-15 01:16:00,6281.1778
2025-07-15 01:17:00,6281.1778
2025-07-15 01:18:00,6281.1778
2025-07-15 01:19:00,6281.1778
2025-07-15 01:20:00,6281.1778
2025-07-15 01:21:00,6281.1778
2025-07-15 01:22:00,6281.1778
2025-07-15 01:23:00,6281.1778
2025-07-15 01:24:00,6281.1778
2025-07-15 01:25:00,6281.1778
2025-07-15 01:26:00,6281.1778
2025-07-15 01:27:00,6281.1778
2025-07-15 01:28:00,6281.1778
2025-07-15 01:29:00,6281.1778
2025-07-15 01:30:00,6281.1778
2025-07-15 01:31:00,6281.1778
2025-07-15 01:32:00,6281.1778
2025-07-15 01:33:00,6281.1778
2025-07-15 01:34:00,6281.1778
2025-07-15 01:35:00,6281.1778
2025-07-15 01:36:00,6281.1778
2025-07-15 01:37:00,6281.1778
2025-07-15 01:38:00,6281.1778
2025-07-15 01:39:00,6281.1778
2025-07-15 01:40:00,6281.1778
2025-07-15 01:41:00,6281.1778
2025-07-15 01:42:00,6281.1778
2025-07-15 01:43:00,6281.1778
2025-07-15 01:44:00,6281.1778
2025-07-15 01:45:00,6281.1778
2025-07-15 01:46:00,6281.1778
2025-07-15 01:47:00,6281.1778
2025-07-15 01:48:00,6281.1778
2025-07-15 01:49:00,6281.1778
2025-07-15 01:50:00,6281.1778
2025-07-15 01:51:00,6281.1778
2025-07-15 01:52:00,6281.1778
2025-07-15 01:53:00,6281.1778
2025-07-15 01:54:00,6281.1778
2025-07-15 01:55:00,6281.1778
2025-07-15 01:56:00,6281.1778
2025-07-15 01:57:00,6281.1778
2025-07-15 01:58:00,6281.1778
2025-07-15 01:59:00,6281.1778
2025-07-15 02:00:00,6281.1778
2025-07-15 02:01:00,6281.1778
2025-07-15 02:02:00,6281.1778
2025-07-15 02:03:00,6281.1778
2025-07-15 02:04:00,6281.1778
2025-07-15 02:05:00,6281.1778
2025-07-15 02:06:00,6281.1778
2025-07-15 02:07:00,6281.1778
2025-07-15 02:08:00,6281.1778
2025-07-15 02:09:00,6281.1778
2025-07-15 02:10:00,6281.1778
2025-07-15 02:11:00,6281.1778
2025-07-15 02:12:00,6281.1778
2025-07-15 02:13:00,6281.1778
2025-07-15 02:14:00,6281.1778
2025-07-15 02:15:00,6281.1778
2025-07-15 02:16:00,6281.1778
2025-07-15 02:17:00,6281.1778
2025-07-15 02:18:00,6281.1778
2025-07-15 02:19:00,6281.1778
2025-07-15 02:20:00,6281.1778
2025-07-15 02:21:00,6281.1778
2025-07-15 02:22:00,6281.1778
2025-07-15 02:23:00,6281.1778
2025-07-15 02:24:00,6281.1778
2025-07-15 02:25:00,6281.1778
2025-07-15 02:26:00,6281.1778
2025-07-15 02:27:00,6281.1778
2025-07-15 02:28:00,6281.1778
2025-07-15 02:29:00,6281.1778
2025-07-15 02:30:00,6281.1778
2025-07-15 02:31:00,6281.1778
2025-07-15 02:32:00,6281.1778
2025-07-15 02:33:00,6281.1778
2025-07-15 02:34:00,6281.1778
2025-07-15 02:35:00,6281.1778
2025-07-15 02:36:00,6281.1778
2025-07-15 02:37:00,6281.1778
2025-07-15 02:38:00,6281.1778
2025-07-15 02:39:00,6281.1778
2025-07-15 02:40:00,6281.1778
2025-07-15 02:41:00,6281.1778
2025-07-15 02:42:00,6281.1778
2025-07-15 02:43:00,6281.1778
2025-07-15 02:44:00,6281.1778
2025-07-15 02:45:00,6281.1778
2025-07-15 02:46:00,6281.1778
2025-07-15 02:47:00,6281.1778
2025-07-15 02:48:00,6281.1778
2025-07-15 02:49:00,6281.1778
2025-07-15 02:50:00,6281.1778
2025-07-15 02:51:00,6281.1778
2025-07-15 02:52:00,6281.1778
2025-07-15 02:53:00,6281.1778
2025-07-15 02:54:00,6281.1778
2025-07-15 02:55:00,6281.1778
2025-07-15 02:56:00,6281.1778
2025-07-15 02:57:00,6281.1778
2025-07-15 02:58:00,6281.1778
2025-07-15 02:59:00,6281.1778
2025-07-15 03:00:00,6281.1778
2025-07-15 03:01:00,6281.1778
2025-07-15 03:02:00,6281.1778
2025-07-15 03:03:00,6281.1778
2025-07-15 03:04:00,6281.1778
2025-07-15 03:05:00,6281.1778
2025-07-15 03:06:00,6281.1778
2025-07-15 03:07:00,6281.1778
2025-07-15 03:08:00,6281.1778
2025-07-15 03:09:00,6281.1778
2025-07-15 03:10:00,6281.1778
2025-07-15 03:11:00,6281.1778
2025-07-15 03:12:00,6281.1778
2025-07-15 03:13:00,6281.1778
2025-07-15 03:14:00,6281.1778
2025-07-15 03:15:00,6281.1778
2025-07-15 03:16:00,6281.1778
2025-07-15 03:17:00,6281.1778
2025-07-15 03:18:00,6281.1778
2025-07-15 03:19:00,6281.1778
2025-07-15 03:20:00,6281.1778
2025-07-15 03:21:00,6281.1778
2025-07-15 03:22:00,6281.1778
2025-07-15 03:23:00,6281.1778
2025-07-15 03:24:00,6281.1778
2025-07-15 03:25:00,6281.1778
2025-07-15 03:26:00,6281.1778
2025-07-15 03:27:00,6281.1778
2025-07-15 03:28:00,6281.1778
2025-07-15 03:29:00,6281.1778
2025-07-15 03:30:00,6281.1778
2025-07-15 03:31:00,6281.1778
2025-07-15 03:32:00,6281.1778
2025-07-15 03:33:00,6281.1778
2025-07-15 03:34:00,6281.1778
2025-07-15 03:35:00,6281.1778
2025-07-15 03:36:00,6281.1778
2025-07-15 03:37:00,6281.1778
2025-07-15 03:38:00,6281.1778
2025-07-15 03:39:00,6281.1778
2025-07-15 03:40:00,6281.1778
2025-07-15 03:41:00,6281.1778
2025-07-15 03:42:00,6281.1778
2025-07-15 03:43:00,6281.1778
2025-07-15 03:44:00,6281.1778
2025-07-15 03:45:00,6281.1778
2025-07-15 03:46:00,6281.1778
2025-07-15 03:47:00,6281.1778
2025-07-15 03:48:00,6281.1778
2025-07-15 03:49:00,6281.1778
2025-07-15 03:50:00,6281.1778
2025-07-15 03:51:00,6281.1778
2025-07-15 03:52:00,6281.1778
2025-07-15 03:53:00,6281.1778
2025-07-15 03:54:00,6281.1778
2025-07-15 03:55:00,6281.1778
2025-07-15 03:56:00,6281.1778
2025-07-15 03:57:00,6281.1778
2025-07-15 03:58:00,6281.1778
2025-07-15 03:59:00,6281.1778
2025-07-15 04:00:00,6281.1778
2025-07-15 04:01:00,6281.1778
2025-07-15 04:02:00,6281.1778
2025-07-15 04:03:00,6281.1778
2025-07-15 04:04:00,6281.1778
2025-07-15 04:05:00,6281.1778
2025-07-15 04:06:00,6281.1778
2025-07-15 04:07:00,6281.1778
2025-07-15 04:08:00,6281.1778
2025-07-15 04:09:00,6281.1778
2025-07-15 04:10:00,6281.1778
2025-07-15 04:11:00,6281.1778
2025-07-15 04:12:00,6281.1778
2025-07-15 04:13:00,6281.1778
2025-07-15 04:14:00,6281.1778
2025-07-15 04:15:00,6281.1778
2025-07-15 04:16:00,6281.1778
2025-07-15 04:17:00,6281.1778
2025-07-15 04:18:00,6281.1778
2025-07-15 04:19:00,6281.1778
2025-07-15 04:20:00,6281.1778
2025-07-15 04:21:00,6281.1778
2025-07-15 04:22:00,6281.1778
2025-07-15 04:23:00,6281.1778
2025-07-15 04:24:00,6281.1778
2025-07-15 04:25:00,6281.1778
2025-07-15 04:26:00,6281.1778
2025-07-15 04:27:00,6281.1778
2025-07-15 04:28:00,6281.1778
2025-07-15 04:29:00,6281.1778
2025-07-15 04:30:00,6281.1778
2025-07-15 04:31:00,6281.1778
2025-07-15 04:32:00,6281.1778
2025-07-15 04:33:00,6281.1778
2025-07-15 04:34:00,6281.1778
2025-07-15 04:35:00,6281.1778
2025-07-15 04:36:00,6281.1778
2025-07-15 04:37:00,6281.1778
2025-07-15 04:38:00,6281.1778
2025-07-15 04:39:00,6281.1778
2025-07-15 04:40:00,6281.1778
2025-07-15 04:41:00,6281.1778
2025-07-15 04:42:00,6281.1778
2025-07-15 04:43:00,6281.1778
2025-07-15 04:44:00,6281.1778
2025-07-15 04:45:00,6281.1778
2025-07-15 04:46:00,6281.1778
2025-07-15 04:47:00,6281.1778
2025-07-15 04:48:00,6281.1778
2025-07-15 04:49:00,6281.1778
2025-07-15 04:50:00,6281.1778
2025-07-15 04:51:00,6281.1778
2025-07-15 04:52:00,6281.1778
2025-07-15 04:53:00,6281.1778
2025-07-15 04:54:00,6281.1778
2025-07-15 04:55:00,6281.1778
2025-07-15 04:56:00,6281.1778
2025-07-15 04:57:00,6281.1778
2025-07-15 04:58:00,6281.1778
2025-07-15 04:59:00,6281.1778
2025-07-15 05:00:00,6281.1778
2025-07-15 05:01:00,6281.1778
2025-07-15 05:02:00,6281.1778
2025-07-15 05:03:00,6281.1778
2025-07-15 05:04:00,6281.1778
2025-07-15 05:05:00,6281.1778
2025-07-15 05:06:00,6281.1778
2025-07-15 05:07:00,6281.1778
2025-07-15 05:08:00,6281.1778
2025-07-15 05:09:00,6281.1778
2025-07-15 05:10:00,6281.1778
2025-07-15 05:11:00,6281.1778
2025-07-15 05:12:00,6281.1778
2025-07-15 05:13:00,6281.1778
2025-07-15 05:14:00,6281.1778
2025-07-15 05:15:00,6281.1778
2025-07-15 05:16:00,6281.1778
2025-07-15 05:17:00,6281.1778
2025-07-15 05:18:00,6281.1778
2025-07-15 05:19:00,6281.1778
2025-07-15 05:20:00,6281.1778
2025-07-15 05:21:00,6281.1778
2025-07-15 05:22:00,6281.1778
2025-07-15 05:23:00,6281.1778
2025-07-15 05:24:00,6281.1778
2025-07-15 05:25:00,6281.1778
2025-07-15 05:26:00,6281.1778
2025-07-15 05:27:00,6281.1778
2025-07-15 05:28:00,6281.1778
2025-07-15 05:29:00,6281.1778
2025-07-15 05:30:00,6281.1778
2025-07-15 05:31:00,6281.1778
2025-07-15 05:32:00,6281.1778
2025-07-15 05:33:00,6281.1778
2025-07-15 05:34:00,6281.1778
2025-07-15 05:35:00,6281.1778
2025-07-15 05:36:00,6281.1778
2025-07-15 05:37:00,6281.1778
2025-07-15 05:38:00,6281.1778
2025-07-15 05:39:00,6281.1778
2025-07-15 05:40:00,6281.1778
2025-07-15 05:41:00,6281.1778
2025-07-15 05:42:00,6281.1778
2025-07-15 05:43:00,6281.1778
2025-07-15 05:44:00,6281.1778
2025-07-15 05:45:00,6281.1778
2025-07-15 05:46:00,6281.1778
2025-07-15 05:47:00,6281.1778
2025-07-15 05:48:00,6281.1778
2025-07-15 05:49:00,6281.1778
2025-07-15 05:50:00,6281.1778
2025-07-15 05:51:00,6281.1778
2025-07-15 05:52:00,6281.1778
2025-07-15 05:53:00,6281.1778
2025-07-15 05:54:00,6281.1778
2025-07-15 05:55:00,6281.1778
2025-07-15 05:56:00,6281.1778
2025-07-15 05:57:00,6281.1778
2025-07-15 05:58:00,6281.1778
2025-07-15 05:59:00,6281.1778
2025-07-15 06:00:00,6281.1778
2025-07-15 06:01:00,6281.1778
2025-07-15 06:02:00,6281.1778
2025-07-15 06:03:00,6281.1778
2025-07-15 06:04:00,6281.1778
2025-07-15 06:05:00,6281.1778
2025-07-15 06:06:00,6281.1778
2025-07-15 06:07:00,6281.1778
2025-07-15 06:08:00,6281.1778
2025-07-15 06:09:00,6281.1778
2025-07-15 06:10:00,6281.1778
2025-07-15 06:11:00,6281.1778
2025-07-15 06:12:00,6281.1778
2025-07-15 06:13:00,6281.1778
2025-07-15 06:14:00,6281.1778
2025-07-15 06:15:00,6281.1778
2025-07-15 06:16:00,6281.1778
2025-07-15 06:17:00,6281.1778
2025-07-15 06:18:00,6281.1778
2025-07-15 06:19:00,6281.1778
2025-07-15 06:20:00,6281.1778
2025-07-15 06:21:00,6281.1778
2025-07-15 06:22:00,6281.1778
2025-07-15 06:23:00,6281.1778
2025-07-15 06:24:00,6281.1778
2025-07-15 06:25:00,6281.1778
2025-07-15 06:26:00,6281.1778
2025-07-15 06:27:00,6281.1778
2025-07-15 06:28:00,6281.1778
2025-07-15 06:29:00,6281.1778
2025-07-15 06:30:00,6281.1778
2025-07-15 06:31:00,6281.1778
2025-07-15 06:32:00,6281.1778
2025-07-15 06:33:00,6281.1778
2025-07-15 06:34:00,6281.1778
2025-07-15 06:35:00,6281.1778
2025-07-15 06:36:00,6281.1778
2025-07-15 06:37:00,6281.1778
2025-07-15 06:38:00,6281.1778
2025-07-15 06:39:00,6281.1778
2025-07-15 06:40:00,6281.1778
2025-07-15 06:41:00,6281.1778
2025-07-15 06:42:00,6281.1778
2025-07-15 06:43:00,6281.1778
2025-07-15 06:44:00,6281.1778
2025-07-15 06:45:00,6281.1778
2025-07-15 06:46:00,6281.1778
2025-07-15 06:47:00,6281.1778
2025-07-15 06:48:00,6281.1778
2025-07-15 06:49:00,6281.1778
2025-07-15 06:50:00,6281.1778
2025-07-15 06:51:00,6281.1778
2025-07-15 06:52:00,6281.1778
2025-07-15 06:53:00,6281.1778
2025-07-15 06:54:00,6281.1778
2025-07-15 06:55:00,6281.1778
2025-07-15 06:56:00,6281.1778
2025-07-15 06:57:00,6281.1778
2025-07-15 06:58:00,6281.1778
2025-07-15 06:59:00,6281.1778
2025-07-15 07:00:00,6281.1778
2025-07-15 07:01:00,6281.1778
2025-07-15 07:02:00,6281.1778
2025-07-15 07:03:00,6281.1778
2025-07-15 07:04:00,6281.1778
2025-07-15 07:05:00,6281.1778
2025-07-15 07:06:00,6281.1778
2025-07-15 07:07:00,6281.1778
2025-07-15 07:08:00,6281.1778
2025-07-15 07:09:00,6281.1778
2025-07-15 07:10:00,6281.1778
2025-07-15 07:11:00,6281.1778
2025-07-15 07:12:00,6281.1778
2025-07-15 07:13:00,6281.1778
2025-07-15 07:14:00,6281.1778
2025-07-15 07:15:00,6281.1778
2025-07-15 07:16:00,6281.1778
2025-07-15 07:17:00,6281.1778
2025-07-15 07:18:00,6281.1778
2025-07-15 07:19:00,6281.1778
2025-07-15 07:20:00,6281.1778
2025-07-15 07:21:00,6281.1778
2025-07-15 07:22:00,6281.1778
2025-07-15 07:23:00,6281.1778
2025-07-15 07:24:00,6281.1778
2025-07-15 07:25:00,6281.1778
2025-07-15 07:26:00,6281.1778
2025-07-15 07:27:00,6281.1778
2025-07-15 07:28:00,6281.1778
2025-07-15 07:29:00,6281.1778
2025-07-15 07:30:00,6281.1778
2025-07-15 07:31:00,6281.1778
2025-07-15 07:32:00,6281.1778
2025-07-15 07:33:00,6281.1778
2025-07-15 07:34:00,6281.1778
2025-07-15 07:35:00,6281.1778
2025-07-15 07:36:00,6281.1778
2025-07-15 07:37:00,6281.1778
2025-07-15 07:38:00,6281.1778
2025-07-15 07:39:00,6281.1778
2025-07-15 07:40:00,6281.1778
2025-07-15 07:41:00,6281.1778
2025-07-15 07:42:00,6281.1778
2025-07-15 07:43:00,6281.1778
2025-07-15 07:44:00,6281.1778
2025-07-15 07:45:00,6281.1778
2025-07-15 07:46:00,6281.1778
2025-07-15 07:47:00,6281.1778
2025-07-15 07:48:00,6281.1778
2025-07-15 07:49:00,6281.1778
2025-07-15 07:50:00,6281.1778
2025-07-15 07:51:00,6281.1778
2025-07-15 07:52:00,6281.1778
2025-07-15 07:53:00,6281.1778
2025-07-15 07:54:00,6281.1778
2025-07-15 07:55:00,6281.1778
2025-07-15 07:56:00,6281.1778
2025-07-15 07:57:00,6281.1778
2025-07-15 07:58:00,6281.1778
2025-07-15 07:59:00,6281.1778
2025-07-15 08:00:00,6281.1778
2025-07-15 08:01:00,6281.1778
2025-07-15 08:02:00,6281.1778
2025-07-15 08:03:00,6281.1778
2025-07-15 08:04:00,6281.1778
2025-07-15 08:05:00,6281.1778
2025-07-15 08:06:00,6281.1778
2025-07-15 08:07:00,6281.1778
2025-07-15 08:08:00,6281.1778
2025-07-15 08:09:00,6281.1778
2025-07-15 08:10:00,6281.1778
2025-07-15 08:11:00,6281.1778
2025-07-15 08:12:00,6281.1778
2025-07-15 08:13:00,6281.1778
2025-07-15 08:14:00,6281.1778
2025-07-15 08:15:00,6281.1778
2025-07-15 08:16:00,6281.1778
2025-07-15 08:17:00,6281.1778
2025-07-15 08:18:00,6281.1778
2025-07-15 08:19:00,6281.1778
2025-07-15 08:20:00,6281.1778
2025-07-15 08:21:00,6281.1778
2025-07-15 08:22:00,6281.1778
2025-07-15 08:23:00,6281.1778
2025-07-15 08:24:00,6281.1778
2025-07-15 08:25:00,6281.1778
2025-07-15 08:26:00,6281.1778
2025-07-15 08:27:00,6281.1778
2025-07-15 08:28:00,6281.1778
2025-07-15 08:29:00,6281.1778
2025-07-15 08:30:00,6281.1778
2025-07-15 08:31:00,6281.1778
2025-07-15 08:32:00,6281.1778
2025-07-15 08:33:00,6281.1778
2025-07-15 08:34:00,6281.1778
2025-07-15 08:35:00,6281.1778
2025-07-15 08:36:00,6281.1778
2025-07-15 08:37:00,6281.1778
2025-07-15 08:38:00,6281.1778
2025-07-15 08:39:00,6281.1778
2025-07-15 08:40:00,6281.1778
2025-07-15 08:41:00,6281.1778
2025-07-15 08:42:00,6281.1778
2025-07-15 08:43:00,6281.1778
2025-07-15 08:44:00,6281.1778
2025-07-15 08:45:00,6281.1778
2025-07-15 08:46:00,6281.1778
2025-07-15 08:47:00,6281.1778
2025-07-15 08:48:00,6281.1778
2025-07-15 08:49:00,6281.1778
2025-07-15 08:50:00,6281.1778
2025-07-15 08:51:00,6281.1778
2025-07-15 08:52:00,6281.1778
2025-07-15 08:53:00,6281.1778
2025-07-15 08:54:00,6281.1778
2025-07-15 08:55:00,6281.1778
2025-07-15 08:56:00,6281.1778
2025-07-15 08:57:00,6281.1778
2025-07-15 08:58:00,6281.1778
2025-07-15 08:59:00,6281.1778
2025-07-15 09:00:00,6281.1778
2025-07-15 09:01:00,6281.1778
2025-07-15 09:02:00,6281.1778
2025-07-15 09:03:00,6281.1778
2025-07-15 09:04:00,6281.1778
2025-07-15 09:05:00,6281.1778
2025-07-15 09:06:00,6281.1778
2025-07-15 09:07:00,6281.1778
2025-07-15 09:08:00,6281.1778
2025-07-15 09:09:00,6281.1778
2025-07-15 09:10:00,6281.1778
2025-07-15 09:11:00,6281.1778
2025-07-15 09:12:00,6281.1778
2025-07-15 09:13:00,6281.1778
2025-07-15 09:14:00,6281.1778
2025-07-15 09:15:00,6281.1778
2025-07-15 09:16:00,6281.1778
2025-07-15 09:17:00,6281.1778
2025-07-15 09:18:00,6281.1778
2025-07-15 09:19:00,6281.1778
2025-07-15 09:20:00,6281.1778
2025-07-15 09:21:00,6281.1778
2025-07-15 09:22:00,6281.1778
2025-07-15 09:23:00,6281.1778
2025-07-15 09:24:00,6281.1778
2025-07-15 09:25:00,6281.1778
2025-07-15 09:26:00,6281.1778
2025-07-15 09:27:00,6281.1778
2025-07-15 09:28:00,6281.1778
2025-07-15 09:29:00,6281.1778
2025-07-15 09:30:00,6281.1778
2025-07-15 09:31:00,6281.1778
2025-07-15 09:32:00,6281.1778
2025-07-15 09:33:00,6281.1778
2025-07-15 09:34:00,6281.1778
2025-07-15 09:35:00,6281.1778
2025-07-15 09:36:00,6281.1778
2025-07-15 09:37:00,6281.1778
2025-07-15 09:38:00,6281.1778
2025-07-15 09:39:00,6281.1778
2025-07-15 09:40:00,6281.1778
2025-07-15 09:41:00,6281.1778
2025-07-15 09:42:00,6281.1778
2025-07-15 09:43:00,6281.1778
2025-07-15 09:44:00,6281.1778
2025-07-15 09:45:00,6281.1778
2025-07-15 09:46:00,6281.1778
2025-07-15 09:47:00,6281.1778
2025-07-15 09:48:00,6281.1778
2025-07-15 09:49:00,6281.1778
2025-07-15 09:50:00,6281.1778
2025-07-15 09:51:00,6281.1778
2025-07-15 09:52:00,6281.1778
2025-07-15 09:53:00,6281.1778
2025-07-15 09:54:00,6281.1778
2025-07-15 09:55:00,6281.1778
2025-07-15 09:56:00,6281.1778
2025-07-15 09:57:00,6281.1778
2025-07-15 09:58:00,6281.1778
2025-07-15 09:59:00,6281.1778
2025-07-15 10:00:00,6281.1778
2025-07-15 10:01:00,6281.1778
2025-07-15 10:02:00,6281.1778
2025-07-15 10:03:00,6281.1778
2025-07-15 10:04:00,6281.1778
2025-07-15 10:05:00,6281.1778
2025-07-15 10:06:00,6281.1778
2025-07-15 10:07:00,6281.1778
2025-07-15 10:08:00,6281.1778
2025-07-15 10:09:00,6281.1778
2025-07-15 10:10:00,6281.1778
2025-07-15 10:11:00,6281.1778
2025-07-15 10:12:00,6281.1778
2025-07-15 10:13:00,6281.1778
2025-07-15 10:14:00,6281.1778
2025-07-15 10:15:00,6281.1778
2025-07-15 10:16:00,6281.1778
2025-07-15 10:17:00,6281.1778
2025-07-15 10:18:00,6281.1778
2025-07-15 10:19:00,6281.1778
2025-07-15 10:20:00,6281.1778
2025-07-15 10:21:00,6281.1778
2025-07-15 10:22:00,6281.1778
2025-07-15 10:23:00,6281.1778
2025-07-15 10:24:00,6281.1778
2025-07-15 10:25:00,6281.1778
2025-07-15 10:26:00,6281.1778
2025-07-15 10:27:00,6281.1778
2025-07-15 10:28:00,6281.1778
2025-07-15 10:29:00,6281.1778
2025-07-15 10:30:00,6281.1778
2025-07-15 10:31:00,6281.1778
2025-07-15 10:32:00,6281.1778
2025-07-15 10:33:00,6281.1778
2025-07-15 10:34:00,6281.1778
2025-07-15 10:35:00,6281.1778
2025-07-15 10:36:00,6281.1778
2025-07-15 10:37:00,6281.1778
2025-07-15 10:38:00,6281.1778
2025-07-15 10:39:00,6281.1778
2025-07-15 10:40:00,6281.1778
2025-07-15 10:41:00,6281.1778
2025-07-15 10:42:00,6281.1778
2025-07-15 10:43:00,6281.1778
2025-07-15 10:44:00,6281.1778
2025-07-15 10:45:00,6281.1778
2025-07-15 10:46:00,6281.1778
2025-07-15 10:47:00,6281.1778
2025-07-15 10:48:00,6281.1778
2025-07-15 10:49:00,6281.1778
2025-07-15 10:50:00,6281.1778
2025-07-15 10:51:00,6281.1778
2025-07-15 10:52:00,6281.1778
2025-07-15 10:53:00,6281.1778
2025-07-15 10:54:00,6281.1778
2025-07-15 10:55:00,6281.1778
2025-07-15 10:56:00,6281.1778
2025-07-15 10:57:00,6281.1778
2025-07-15 10:58:00,6281.1778
2025-07-15 10:59:00,6281.1778
2025-07-15 11:00:00,6281.1778
2025-07-15 11:01:00,6281.1778
2025-07-15 11:02:00,6281.1778
2025-07-15 11:03:00,6281.1778
2025-07-15 11:04:00,6281.1778
2025-07-15 11:05:00,6281.1778
2025-07-15 11:06:00,6281.1778
2025-07-15 11:07:00,6281.1778
2025-07-15 11:08:00,6281.1778
2025-07-15 11:09:00,6281.1778
2025-07-15 11:10:00,6281.1778
2025-07-15 11:11:00,6281.1778
2025-07-15 11:12:00,6281.1778
2025-07-15 11:13:00,6281.1778
2025-07-15 11:14:00,6281.1778
2025-07-15 11:15:00,6281.1778
2025-07-15 11:16:00,6281.1778
2025-07-15 11:17:00,6281.1778
2025-07-15 11:18:00,6281.1778
2025-07-15 11:19:00,6281.1778
2025-07-15 11:20:00,6281.1778
2025-07-15 11:21:00,6281.1778
2025-07-15 11:22:00,6281.1778
2025-07-15 11:23:00,6281.1778
2025-07-15 11:24:00,6281.1778
2025-07-15 11:25:00,6281.1778
2025-07-15 11:26:00,6281.1778
2025-07-15 11:27:00,6281.1778
2025-07-15 11:28:00,6281.1778
2025-07-15 11:29:00,6281.1778
2025-07-15 11:30:00,6281.1778
2025-07-15 11:31:00,6281.1778
2025-07-15 11:32:00,6281.1778
2025-07-15 11:33:00,6281.1778
2025-07-15 11:34:00,6281.1778
2025-07-15 11:35:00,6281.1778
2025-07-15 11:36:00,6281.1778
2025-07-15 11:37:00,6281.1778
2025-07-15 11:38:00,6281.1778
2025-07-15 11:39:00,6281.1778
2025-07-15 11:40:00,6281.1778
2025-07-15 11:41:00,6281.1778
2025-07-15 11:42:00,6281.1778
2025-07-15 11:43:00,6281.1778
2025-07-15 11:44:00,6281.1778
2025-07-15 11:45:00,6281.1778
2025-07-15 11:46:00,6281.1778
2025-07-15 11:47:00,6281.1778
2025-07-15 11:48:00,6281.1778
2025-07-15 11:49:00,6281.1778
2025-07-15 11:50:00,6281.1778
2025-07-15 11:51:00,6281.1778
2025-07-15 11:52:00,6281.1778
2025-07-15 11:53:00,6281.1778
2025-07-15 11:54:00,6281.1778
2025-07-15 11:55:00,6281.1778
2025-07-15 11:56:00,6281.1778
2025-07-15 11:57:00,6281.1778
2025-07-15 11:58:00,6281.1778
2025-07-15 11:59:00,6281.1778
2025-07-15 12:00:00,6281.1778
2025-07-15 12:01:00,6281.1778
2025-07-15 12:02:00,6281.1778
2025-07-15 12:03:00,6281.1778
2025-07-15 12:04:00,6281.1778
2025-07-15 12:05:00,6281.1778
2025-07-15 12:06:00,6281.1778
2025-07-15 12:07:00,6281.1778
2025-07-15 12:08:00,6281.1778
2025-07-15 12:09:00,6281.1778
2025-07-15 12:10:00,6281.1778
2025-07-15 12:11:00,6281.1778
2025-07-15 12:12:00,6281.1778
2025-07-15 12:13:00,6281.1778
2025-07-15 12:14:00,6281.1778
2025-07-15 12:15:00,6281.1778
2025-07-15 12:16:00,6281.1778
2025-07-15 12:17:00,6281.1778
2025-07-15 12:18:00,6281.1778
2025-07-15 12:19:00,6281.1778
2025-07-15 12:20:00,6281.1778
2025-07-15 12:21:00,6281.1778
2025-07-15 12:22:00,6281.1778
2025-07-15 12:23:00,6281.1778
2025-07-15 12:24:00,6281.1778
2025-07-15 12:25:00,6281.1778
2025-07-15 12:26:00,6281.1778
2025-07-15 12:27:00,6281.1778
2025-07-15 12:28:00,6281.1778
2025-07-15 12:29:00,6281.1778
2025-07-15 12:30:00,6281.1778
2025-07-15 12:31:00,6281.1778
2025-07-15 12:32:00,6281.1778
2025-07-15 12:33:00,6281.1778
2025-07-15 12:34:00,6281.1778
2025-07-15 12:35:00,6281.1778
2025-07-15 12:36:00,6281.1778
2025-07-15 12:37:00,6281.1778
2025-07-15 12:38:00,6281.1778
2025-07-15 12:39:00,6281.1778
2025-07-15 12:40:00,6281.1778
2025-07-15 12:41:00,6281.1778
2025-07-15 12:42:00,6281.1778
2025-07-15 12:43:00,6281.1778
2025-07-15 12:44:00,6281.1778
2025-07-15 12:45:00,6281.1778
2025-07-15 12:46:00,6281.1778
2025-07-15 12:47:00,6281.1778
2025-07-15 12:48:00,6281.1778
2025-07-15 12:49:00,6281.1778
2025-07-15 12:50:00,6281.1778
2025-07-15 12:51:00,6281.1778
2025-07-15 12:52:00,6281.1778
2025-07-15 12:53:00,6281.1778
2025-07-15 12:54:00,6281.1778
2025-07-15 12:55:00,6281.1778
2025-07-15 12:56:00,6281.1778
2025-07-15 12:57:00,6281.1778
2025-07-15 12:58:00,6281.1778
2025-07-15 12:59:00,6281.1778
2025-07-15 13:00:00,6281.1778
2025-07-15 13:01:00,6281.1778
2025-07-15 13:02:00,6281.1778
2025-07-15 13:03:00,6281.1778
2025-07-15 13:04:00,6281.1778
2025-07-15 13:05:00,6281.1778
2025-07-15 13:06:00,6281.1778
2025-07-15 13:07:00,6281.1778
2025-07-15 13:08:00,6281.1778
2025-07-15 13:09:00,6281.1778
2025-07-15 13:10:00,6281.1778
2025-07-15 13:11:00,6281.1778
2025-07-15 13:12:00,6281.1778
2025-07-15 13:13:00,6281.1778
2025-07-15 13:14:00,6281.1778
2025-07-15 13:15:00,6281.1778
2025-07-15 13:16:00,6281.1778
2025-07-15 13:17:00,6281.1778
2025-07-15 13:18:00,6281.1778
2025-07-15 13:19:00,6281.1778
2025-07-15 13:20:00,6281.1778
2025-07-15 13:21:00,6281.1778
2025-07-15 13:22:00,6281.1778
2025-07-15 13:23:00,6281.1778
2025-07-15 13:24:00,6281.1778
2025-07-15 13:25:00,6281.1778
2025-07-15 13:26:00,6281.1778
2025-07-15 13:27:00,6281.1778
2025-07-15 13:28:00,6281.1778
2025-07-15 13:29:00,6281.1778
2025-07-15 13:30:00,6281.1778
2025-07-15 13:31:00,6281.1778
2025-07-15 13:32:00,6281.1778
2025-07-15 13:33:00,6281.1778
2025-07-15 13:34:00,6281.1778
2025-07-15 13:35:00,6281.1778
2025-07-15 13:36:00,6281.1778
2025-07-15 13:37:00,6281.1778
2025-07-15 13:38:00,6281.1778
2025-07-15 13:39:00,6281.1778
2025-07-15 13:40:00,6281.1778
2025-07-15 13:41:00,6281.1778
2025-07-15 13:42:00,6281.1778
2025-07-15 13:43:00,6281.1778
2025-07-15 13:44:00,6281.1778
2025-07-15 13:45:00,6281.1778
2025-07-15 13:46:00,6281.1778
2025-07-15 13:47:00,6281.1778
2025-07-15 13:48:00,6281.1778
2025-07-15 13:49:00,6281.1778
2025-07-15 13:50:00,6281.1778
2025-07-15 13:51:00,6281.1778
2025-07-15 13:52:00,6281.1778
2025-07-15 13:53:00,6281.1778
2025-07-15 13:54:00,6281.1778
2025-07-15 13:55:00,6281.1778
2025-07-15 13:56:00,6281.1778
2025-07-15 13:57:00,6281.1778
2025-07-15 13:58:00,6281.1778
2025-07-15 13:59:00,6281.1778
2025-07-15 14:00:00,6281.1778
2025-07-15 14:01:00,6281.1778
2025-07-15 14:02:00,6281.1778
2025-07-15 14:03:00,6281.1778
2025-07-15 14:04:00,6281.1778
2025-07-15 14:05:00,6281.1778
2025-07-15 14:06:00,6281.1778
2025-07-15 14:07:00,6281.1778
2025-07-15 14:08:00,6281.1778
2025-07-15 14:09:00,6281.1778
2025-07-15 14:10:00,6281.1778
2025-07-15 14:11:00,6281.1778
2025-07-15 14:12:00,6281.1778
2025-07-15 14:13:00,6281.1778
2025-07-15 14:14:00,6281.1778
2025-07-15 14:15:00,6281.1778
2025-07-15 14:16:00,6281.1778
2025-07-15 14:17:00,6281.1778
2025-07-15 14:18:00,6281.1778
2025-07-15 14:19:00,6281.1778
2025-07-15 14:20:00,6281.1778
2025-07-15 14:21:00,6281.1778
2025-07-15 14:22:00,6281.1778
2025-07-15 14:23:00,6281.1778
2025-07-15 14:24:00,6281.1778
2025-07-15 14:25:00,6281.1778
2025-07-15 14:26:00,6281.1778
2025-07-15 14:27:00,6281.1778
2025-07-15 14:28:00,6281.1778
2025-07-15 14:29:00,6281.1778
2025-07-15 14:30:00,6281.1778
2025-07-15 14:31:00,6281.1778
2025-07-15 14:32:00,6281.1778
2025-07-15 14:33:00,6281.1778
2025-07-15 14:34:00,6281.1778
2025-07-15 14:35:00,6281.1778
2025-07-15 14:36:00,6281.1778
2025-07-15 14:37:00,6281.1778
2025-07-15 14:38:00,6281.1778
2025-07-15 14:39:00,6281.1778
2025-07-15 14:40:00,6281.1778
2025-07-15 14:41:00,6281.1778
2025-07-15 14:42:00,6281.1778
2025-07-15 14:43:00,6281.1778
2025-07-15 14:44:00,6281.1778
2025-07-15 14:45:00,6281.1778
2025-07-15 14:46:00,6281.1778
2025-07-15 14:47:00,6281.1778
2025-07-15 14:48:00,6281.1778
2025-07-15 14:49:00,6281.1778
2025-07-15 14:50:00,6281.1778
2025-07-15 14:51:00,6281.1778
2025-07-15 14:52:00,6281.1778
2025-07-15 14:53:00,6281.1778
2025-07-15 14:54:00,6281.1778
2025-07-15 14:55:00,6281.1778
2025-07-15 14:56:00,6281.1778
2025-07-15 14:57:00,6281.1778
2025-07-15 14:58:00,6281.1778
2025-07-15 14:59:00,6281.1778
2025-07-15 15:00:00,6281.1778
2025-07-15 15:01:00,6281.1778
2025-07-15 15:02:00,6281.1778
2025-07-15 15:03:00,6281.1778
2025-07-15 15:04:00,6281.1778
2025-07-15 15:05:00,6281.1778
2025-07-15 15:06:00,6281.1778
2025-07-15 15:07:00,6281.1778
2025-07-15 15:08:00,6281.1778
2025-07-15 15:09:00,6281.1778
2025-07-15 15:10:00,6281.1778
2025-07-15 15:11:00,6281.1778
2025-07-15 15:12:00,6281.1778
2025-07-15 15:13:00,6281.1778
2025-07-15 15:14:00,6281.1778
2025-07-15 15:15:00,6281.1778
2025-07-15 15:16:00,6281.1778
2025-07-15 15:17:00,6281.1778
2025-07-15 15:18:00,6281.1778
2025-07-15 15:19:00,6281.1778
2025-07-15 15:20:00,6281.1778
2025-07-15 15:21:00,6281.1778
2025-07-15 15:22:00,6281.1778
2025-07-15 15:23:00,6281.1778
2025-07-15 15:24:00,6281.1778
2025-07-15 15:25:00,6281.1778
2025-07-15 15:26:00,6281.1778
2025-07-15 15:27:00,6281.1778
2025-07-15 15:28:00,6281.1778
2025-07-15 15:29:00,6281.1778
2025-07-15 15:30:00,6281.1778
2025-07-15 15:31:00,6281.1778
2025-07-15 15:32:00,6281.1778
2025-07-15 15:33:00,6281.1778
2025-07-15 15:34:00,6281.1778
2025-07-15 15:35:00,6281.1778
2025-07-15 15:36:00,6281.1778
2025-07-15 15:37:00,6281.1778
2025-07-15 15:38:00,6281.1778
2025-07-15 15:39:00,6281.1778
2025-07-15 15:40:00,6281.1778
2025-07-15 15:41:00,6281.1778
2025-07-15 15:42:00,6281.1778
2025-07-15 15:43:00,6281.1778
2025-07-15 15:44:00,6281.1778
2025-07-15 15:45:00,6281.1778
2025-07-15 15:46:00,6281.1778
2025-07-15 15:47:00,6281.1778
2025-07-15 15:48:00,6281.1778
2025-07-15 15:49:00,6281.1778
2025-07-15 15:50:00,6281.1778
2025-07-15 15:51:00,6281.1778
2025-07-15 15:52:00,6281.1778
2025-07-15 15:53:00,6281.1778
2025-07-15 15:54:00,6281.1778
2025-07-15 15:55:00,6281.1778
2025-07-15 15:56:00,6281.1778
2025-07-15 15:57:00,6281.1778
2025-07-15 15:58:00,6281.1778
2025-07-15 15:59:00,6281.1778
2025-07-15 16:00:00,6281.1778
2025-07-15 16:01:00,6281.1778
2025-07-15 16:02:00,6281.1778
2025-07-15 16:03:00,6281.1778
2025-07-15 16:04:00,6281.1778
2025-07-15 16:05:00,6281.1778
2025-07-15 16:06:00,6281.1778
2025-07-15 16:07:00,6281.1778
2025-07-15 16:08:00,6281.1778
2025-07-15 16:09:00,6281.1778
2025-07-15 16:10:00,6281.1778
2025-07-15 16:11:00,6281.1778
2025-07-15 16:12:00,6281.1778
2025-07-15 16:13:00,6281.1778
2025-07-15 16:14:00,6281.1778
2025-07-15 16:15:00,6281.1778
2025-07-15 16:16:00,6281.1778
2025-07-15 16:17:00,6281.1778
2025-07-15 16:18:00,6281.1778
2025-07-15 16:19:00,6281.1778
2025-07-15 16:20:00,6281.1778
2025-07-15 16:21:00,6281.1778
2025-07-15 16:22:00,6281.1778
2025-07-15 16:23:00,6281.1778
2025-07-15 16:24:00,6281.1778
2025-07-15 16:25:00,6281.1778
2025-07-15 16:26:00,6281.1778
2025-07-15 16:27:00,6281.1778
2025-07-15 16:28:00,6281.1778
2025-07-15 16:29:00,6281.1778
2025-07-15 16:30:00,6281.1778
2025-07-15 16:31:00,6281.1778
2025-07-15 16:32:00,6281.1778
2025-07-15 16:33:00,6281.1778
2025-07-15 16:34:00,6281.1778
2025-07-15 16:35:00,6281.1778
2025-07-15 16:36:00,6281.1778
2025-07-15 16:37:00,6281.1778
2025-07-15 16:38:00,6281.1778
2025-07-15 16:39:00,6281.1778
2025-07-15 16:40:00,6281.1778
2025-07-15 16:41:00,6281.1778
2025-07-15 16:42:00,6281.1778
2025-07-15 16:43:00,6281.1778
2025-07-15 16:44:00,6281.1778
2025-07-15 16:45:00,6281.1778
2025-07-15 16:46:00,6281.1778
2025-07-15 16:47:00,6281.1778
2025-07-15 16:48:00,6281.1778
2025-07-15 16:49:00,6281.1778
2025-07-15 16:50:00,6281.1778
2025-07-15 16:51:00,6281.1778
2025-07-15 16:52:00,6281.1778
2025-07-15 16:53:00,6281.1778
2025-07-15 16:54:00,6281.1778
2025-07-15 16:55:00,6281.1778
2025-07-15 16:56:00,6281.1778
2025-07-15 16:57:00,6281.1778
2025-07-15 16:58:00,6281.1778
2025-07-15 16:59:00,6281.1778
2025-07-15 17:00:00,6281.1778
2025-07-15 17:01:00,6281.1778
2025-07-15 17:02:00,6281.1778
2025-07-15 17:03:00,6281.1778
2025-07-15 17:04:00,6281.1778
2025-07-15 17:05:00,6281.1778
2025-07-15 17:06:00,6281.1778
2025-07-15 17:07:00,6281.1778
2025-07-15 17:08:00,6281.1778
2025-07-15 17:09:00,6281.1778
2025-07-15 17:10:00,6281.1778
2025-07-15 17:11:00,6281.1778
2025-07-15 17:12:00,6281.1778
2025-07-15 17:13:00,6281.1778
2025-07-15 17:14:00,6281.1778
2025-07-15 17:15:00,6281.1778
2025-07-15 17:16:00,6281.1778
2025-07-15 17:17:00,6281.1778
2025-07-15 17:18:00,6281.1778
2025-07-15 17:19:00,6281.1778
2025-07-15 17:20:00,6281.1778
2025-07-15 17:21:00,6281.1778
2025-07-15 17:22:00,6281.1778
2025-07-15 17:23:00,6281.1778
2025-07-15 17:24:00,6281.1778
2025-07-15 17:25:00,6281.1778
2025-07-15 17:26:00,6281.1778
2025-07-15 17:27:00,6281.1778
2025-07-15 17:28:00,6281.1778
2025-07-15 17:29:00,6281.1778
2025-07-15 17:30:00,6281.1778
2025-07-15 17:31:00,6281.1778
2025-07-15 17:32:00,6281.1778
2025-07-15 17:33:00,6281.1778
2025-07-15 17:34:00,6281.1778
2025-07-15 17:35:00,6281.1778
2025-07-15 17:36:00,6281.1778
2025-07-15 17:37:00,6281.1778
2025-07-15 17:38:00,6281.1778
2025-07-15 17:39:00,6281.1778
2025-07-15 17:40:00,6281.1778
2025-07-15 17:41:00,6281.1778
2025-07-15 17:42:00,6281.1778
2025-07-15 17:43:00,6281.1778
2025-07-15 17:44:00,6281.1778
2025-07-15 17:45:00,6281.1778
2025-07-15 17:46:00,6281.1778
2025-07-15 17:47:00,6281.1778
2025-07-15 17:48:00,6281.1778
2025-07-15 17:49:00,6281.1778
2025-07-15 17:50:00,6281.1778
2025-07-15 17:51:00,6281.1778
2025-07-15 17:52:00,6281.1778
2025-07-15 17:53:00,6281.1778
2025-07-15 17:54:00,6281.1778
2025-07-15 17:55:00,6281.1778
2025-07-15 17:56:00,6281.1778
2025-07-15 17:57:00,6281.1778
2025-07-15 17:58:00,6281.1778
2025-07-15 17:59:00,6281.1778
2025-07-15 18:00:00,6281.1778
2025-07-15 18:01:00,6281.1778
2025-07-15 18:02:00,6281.1778
2025-07-15 18:03:00,6281.1778
2025-07-15 18:04:00,6281.1778
2025-07-15 18:05:00,6281.1778
2025-07-15 18:06:00,6281.1778
2025-07-15 18:07:00,6281.1778
2025-07-15 18:08:00,6281.1778
2025-07-15 18:09:00,6281.1778
2025-07-15 18:10:00,6281.1778
2025-07-15 18:11:00,6281.1778
2025-07-15 18:12:00,6281.1778
2025-07-15 18:13:00,6281.1778
2025-07-15 18:14:00,6281.1778
2025-07-15 18:15:00,6281.1778
2025-07-15 18:16:00,6281.1778
2025-07-15 18:17:00,6281.1778
2025-07-15 18:18:00,6281.1778
2025-07-15 18:19:00,6281.1778
2025-07-15 18:20:00,6281.1778
2025-07-15 18:21:00,6281.1778
2025-07-15 18:22:00,6281.1778
2025-07-15 18:23:00,6281.1778
2025-07-15 18:24:00,6281.1778
2025-07-15 18:25:00,6281.1778
2025-07-15 18:26:00,6281.1778
2025-07-15 18:27:00,6281.1778
2025-07-15 18:28:00,6281.1778
2025-07-15 18:29:00,6281.1778
2025-07-15 18:30:00,6281.1778
2025-07-15 18:31:00,6281.1778
2025-07-15 18:32:00,6281.1778
2025-07-15 18:33:00,6281.1778
2025-07-15 18:34:00,6281.1778
2025-07-15 18:35:00,6281.1778
2025-07-15 18:36:00,6281.1778
2025-07-15 18:37:00,6281.1778
2025-07-15 18:38:00,6281.1778
2025-07-15 18:39:00,6281.1778
2025-07-15 18:40:00,6281.1778
2025-07-15 18:41:00,6281.1778
2025-07-15 18:42:00,6281.1778
2025-07-15 18:43:00,6281.1778
2025-07-15 18:44:00,6281.1778
2025-07-15 18:45:00,6281.1778
2025-07-15 18:46:00,6281.1778
2025-07-15 18:47:00,6281.1778
2025-07-15 18:48:00,6281.1778
2025-07-15 18:49:00,6281.1778
2025-07-15 18:50:00,6281.1778
2025-07-15 18:51:00,6281.1778
2025-07-15 18:52:00,6281.1778
2025-07-15 18:53:00,6281.1778
2025-07-15 18:54:00,6281.1778
2025-07-15 18:55:00,6281.1778
2025-07-15 18:56:00,6281.1778
2025-07-15 18:57:00,6281.1778
2025-07-15 18:58:00,6281.1778
2025-07-15 18:59:00,6281.1778
2025-07-15 19:00:00,6281.1778
2025-07-15 19:01:00,6281.1778
2025-07-15 19:02:00,6281.1778
2025-07-15 19:03:00,6281.1778
2025-07-15 19:04:00,6281.1778
2025-07-15 19:05:00,6281.1778
2025-07-15 19:06:00,6281.1778
2025-07-15 19:07:00,6281.1778
2025-07-15 19:08:00,6281.1778
2025-07-15 19:09:00,6281.1778
2025-07-15 19:10:00,6281.1778
2025-07-15 19:11:00,6281.1778
2025-07-15 19:12:00,6281.1778
2025-07-15 19:13:00,6281.1778
2025-07-15 19:14:00,6281.1778
2025-07-15 19:15:00,6281.1778
2025-07-15 19:16:00,6281.1778
2025-07-15 19:17:00,6281.1778
2025-07-15 19:18:00,6281.1778
2025-07-15 19:19:00,6281.1778
2025-07-15 19:20:00,6281.1778
2025-07-15 19:21:00,6281.1778
2025-07-15 19:22:00,6281.1778
2025-07-15 19:23:00,6281.1778
2025-07-15 19:24:00,6281.1778
2025-07-15 19:25:00,6281.1778
2025-07-15 19:26:00,6281.1778
2025-07-15 19:27:00,6281.1778
2025-07-15 19:28:00,6281.1778
2025-07-15 19:29:00,6281.1778
2025-07-15 19:30:00,6281.1778
2025-07-15 19:31:00,6281.1778
2025-07-15 19:32:00,6281.1778
2025-07-15 19:33:00,6281.1778
2025-07-15 19:34:00,6281.1778
2025-07-15 19:35:00,6281.1778
2025-07-15 19:36:00,6281.1778
2025-07-15 19:37:00,6281.1778
2025-07-15 19:38:00,6281.1778
2025-07-15 19:39:00,6281.1778
2025-07-15 19:40:00,6281.1778
2025-07-15 19:41:00,6281.1778
2025-07-15 19:42:00,6281.1778
2025-07-15 19:43:00,6281.1778
2025-07-15 19:44:00,6281.1778
2025-07-15 19:45:00,6281.1778
2025-07-15 19:46:00,6281.1778
2025-07-15 19:47:00,6281.1778
2025-07-15 19:48:00,6281.1778
2025-07-15 19:49:00,6281.1778
2025-07-15 19:50:00,6281.1778
2025-07-15 19:51:00,6281.1778
2025-07-15 19:52:00,6281.1778
2025-07-15 19:53:00,6281.1778
2025-07-15 19:54:00,6281.1778
2025-07-15 19:55:00,6281.1778
2025-07-15 19:56:00,6281.1778
2025-07-15 19:57:00,6281.1778
2025-07-15 19:58:00,6281.1778
2025-07-15 19:59:00,6281.1778
2025-07-15 20:00:00,6281.1778
2025-07-15 20:01:00,6281.1778
2025-07-15 20:02:00,6281.1778
2025-07-15 20:03:00,6281.1778
2025-07-15 20:04:00,6281.1778
2025-07-15 20:05:00,6281.1778
2025-07-15 20:06:00,6281.1778
2025-07-15 20:07:00,6281.1778
2025-07-15 20:08:00,6281.1778
2025-07-15 20:09:00,6281.1778
2025-07-15 20:10:00,6281.1778
2025-07-15 20:11:00,6281.1778
2025-07-15 20:12:00,6281.1778
2025-07-15 20:13:00,6281.1778
2025-07-15 20:14:00,6281.1778
2025-07-15 20:15:00,6281.1778
2025-07-15 20:16:00,6281.1778
2025-07-15 20:17:00,6281.1778
2025-07-15 20:18:00,6281.1778
2025-07-15 20:19:00,6281.1778
2025-07-15 20:20:00,6281.1778
2025-07-15 20:21:00,6281.1778
2025-07-15 20:22:00,6281.1778
2025-07-15 20:23:00,6281.1778
2025-07-15 20:24:00,6281.1778
2025-07-15 20:25:00,6281.1778
2025-07-15 20:26:00,6281.1778
2025-07-15 20:27:00,6281.1778
2025-07-15 20:28:00,6281.1778
2025-07-15 20:29:00,6281.1778
2025-07-15 20:30:00,6281.1778
2025-07-15 20:31:00,6281.1778
2025-07-15 20:32:00,6281.1778
2025-07-15 20:33:00,6281.1778
2025-07-15 20:34:00,6281.1778
2025-07-15 20:35:00,6281.1778
2025-07-15 20:36:00,6281.1778
2025-07-15 20:37:00,6281.1778
2025-07-15 20:38:00,6281.1778
2025-07-15 20:39:00,6281.1778
2025-07-15 20:40:00,6281.1778
2025-07-15 20:41:00,6281.1778
2025-07-15 20:42:00,6281.1778
2025-07-15 20:43:00,6281.1778
2025-07-15 20:44:00,6281.1778
2025-07-15 20:45:00,6281.1778
2025-07-15 20:46:00,6281.1778
2025-07-15 20:47:00,6281.1778
2025-07-15 20:48:00,6281.1778
2025-07-15 20:49:00,6281.1778
2025-07-15 20:50:00,6281.1778
2025-07-15 20:51:00,6281.1778
2025-07-15 20:52:00,6281.1778
2025-07-15 20:53:00,6281.1778
2025-07-15 20:54:00,6281.1778
2025-07-15 20:55:00,6281.1778
2025-07-15 20:56:00,6281.1778
2025-07-15 20:57:00,6281.1778
2025-07-15 20:58:00,6281.1778
2025-07-15 20:59:00,6281.1778
2025-07-15 21:00:00,6281.1778
2025-07-15 21:01:00,6281.1778
2025-07-15 21:02:00,6281.1778
2025-07-15 21:03:00,6281.1778
2025-07-15 21:04:00,6281.1778
2025-07-15 21:05:00,6281.1778
2025-07-15 21:06:00,6281.1778
2025-07-15 21:07:00,6281.1778
2025-07-15 21:08:00,6281.1778
2025-07-15 21:09:00,6281.1778
2025-07-15 21:10:00,6281.1778
2025-07-15 21:11:00,6281.1778
2025-07-15 21:12:00,6281.1778
2025-07-15 21:13:00,6281.1778
2025-07-15 21:14:00,6281.1778
2025-07-15 21:15:00,6281.1778
2025-07-15 21:16:00,6281.1778
2025-07-15 21:17:00,6281.1778
2025-07-15 21:18:00,6281.1778
2025-07-15 21:19:00,6281.1778
2025-07-15 21:20:00,6281.1778
2025-07-15 21:21:00,6281.1778
2025-07-15 21:22:00,6281.1778
2025-07-15 21:23:00,6281.1778
2025-07-15 21:24:00,6281.1778
2025-07-15 21:25:00,6281.1778
2025-07-15 21:26:00,6281.1778
2025-07-15 21:27:00,6281.1778
2025-07-15 21:28:00,6281.1778
2025-07-15 21:29:00,6281.1778
2025-07-15 21:30:00,6281.1778
2025-07-15 21:31:00,6281.1778
2025-07-15 21:32:00,6281.1778
2025-07-15 21:33:00,6281.1778
2025-07-15 21:34:00,6281.1778
2025-07-15 21:35:00,6281.1778
2025-07-15 21:36:00,6281.1778
2025-07-15 21:37:00,6281.1778
2025-07-15 21:38:00,6281.1778
2025-07-15 21:39:00,6281.1778
2025-07-15 21:40:00,6281.1778
2025-07-15 21:41:00,6281.1778
2025-07-15 21:42:00,6281.1778
2025-07-15 21:43:00,6281.1778
2025-07-15 21:44:00,6281.1778
2025-07-15 21:45:00,6281.1778
2025-07-15 21:46:00,6281.1778
2025-07-15 21:47:00,6281.1778
2025-07-15 21:48:00,6281.1778
2025-07-15 21:49:00,6281.1778
2025-07-15 21:50:00,6281.1778
2025-07-15 21:51:00,6281.1778
2025-07-15 21:52:00,6281.1778
2025-07-15 21:53:00,6281.1778
2025-07-15 21:54:00,6281.1778
2025-07-15 21:55:00,6281.1778
2025-07-15 21:56:00,6281.1778
2025-07-15 21:57:00,6281.1778
2025-07-15 21:58:00,6281.1778
2025-07-15 21:59:00,6281.1778
2025-07-15 22:00:00,6281.1778
2025-07-15 22:01:00,6281.1778
2025-07-15 22:02:00,6281.1778
2025-07-15 22:03:00,6281.1778
2025-07-15 22:04:00,6281.1778
2025-07-15 22:05:00,6281.1778
2025-07-15 22:06:00,6281.1778
2025-07-15 22:07:00,6281.1778
2025-07-15 22:08:00,6281.1778
2025-07-15 22:09:00,6281.1778
2025-07-15 22:10:00,6281.1778
2025-07-15 22:11:00,6281.1778
2025-07-15 22:12:00,6281.1778
2025-07-15 22:13:00,6281.1778
2025-07-15 22:14:00,6281.1778
2025-07-15 22:15:00,6281.1778
2025-07-15 22:16:00,6281.1778
2025-07-15 22:17:00,6281.1778
2025-07-15 22:18:00,6281.1778
2025-07-15 22:19:00,6281.1778
2025-07-15 22:20:00,6281.1778
2025-07-15 22:21:00,6281.1778
2025-07-15 22:22:00,6281.1778
2025-07-15 22:23:00,6281.1778
2025-07-15 22:24:00,6281.1778
2025-07-15 22:25:00,6281.1778
2025-07-15 22:26:00,6281.1778
2025-07-15 22:27:00,6281.1778
2025-07-15 22:28:00,6281.1778
2025-07-15 22:29:00,6281.1778
2025-07-15 22:30:00,6281.1778
2025-07-15 22:31:00,6281.1778
2025-07-15 22:32:00,6281.1778
2025-07-15 22:33:00,6281.1778
2025-07-15 22:34:00,6281.1778
2025-07-15 22:35:00,6281.1778
2025-07-15 22:36:00,6281.1778
2025-07-15 22:37:00,6281.1778
2025-07-15 22:38:00,6281.1778
2025-07-15 22:39:00,6281.1778
2025-07-15 22:40:00,6281.1778
2025-07-15 22:41:00,6281.1778
2025-07-15 22:42:00,6281.1778
2025-07-15 22:43:00,6281.1778
2025-07-15 22:44:00,6281.1778
2025-07-15 22:45:00,6281.1778
2025-07-15 22:46:00,6281.1778
2025-07-15 22:47:00,6281.1778
2025-07-15 22:48:00,6281.1778
2025-07-15 22:49:00,6281.1778
2025-07-15 22:50:00,6281.1778
2025-07-15 22:51:00,6281.1778
2025-07-15 22:52:00,6281.1778
2025-07-15 22:53:00,6281.1778
2025-07-15 22:54:00,6281.1778
2025-07-15 22:55:00,6281.1778
2025-07-15 22:56:00,6281.1778
2025-07-15 22:57:00,6281.1778
2025-07-15 22:58:00,6281.1778
2025-07-15 22:59:00,6281.1778
2025-07-15 23:00:00,6281.1778
2025-07-15 23:01:00,6281.1778
2025-07-15 23:02:00,6281.1778
2025-07-15 23:03:00,6281.1778
2025-07-15 23:04:00,6281.1778
2025-07-15 23:05:00,6281.1778
2025-07-15 23:06:00,6281.1778
2025-07-15 23:07:00,6281.1778
2025-07-15 23:08:00,6281.1778
2025-07-15 23:09:00,6281.1778
2025-07-15 23:10:00,6281.1778
2025-07-15 23:11:00,6281.1778
2025-07-15 23:12:00,6281.1778
2025-07-15 23:13:00,6281.1778
2025-07-15 23:14:00,6281.1778
2025-07-15 23:15:00,6281.1778
2025-07-15 23:16:00,6281.1778
2025-07-15 23:17:00,6281.1778
2025-07-15 23:18:00,6281.1778
2025-07-15 23:19:00,6281.1778
2025-07-15 23:20:00,6281.1778
2025-07-15 23:21:00,6281.1778
2025-07-15 23:22:00,6281.1778
2025-07-15 23:23:00,6281.1778
2025-07-15 23:24:00,6281.1778
2025-07-15 23:25:00,6281.1778
2025-07-15 23:26:00,6281.1778
2025-07-15 23:27:00,6281.1778
2025-07-15 23:28:00,6281.1778
2025-07-15 23:29:00,6281.1778
2025-07-15 23:30:00,6281.1778
2025-07-15 23:31:00,6281.1778
2025-07-15 23:32:00,6281.1778
2025-07-15 23:33:00,6281.1778
2025-07-15 23:34:00,6281.1778
2025-07-15 23:35:00,6281.1778
2025-07-15 23:36:00,6281.1778
2025-07-15 23:37:00,6281.1778
2025-07-15 23:38:00,6281.1778
2025-07-15 23:39:00,6281.1778
2025-07-15 23:40:00,6281.1778
2025-07-15 23:41:00,6281.1778
2025-07-15 23:42:00,6281.1778
2025-07-15 23:43:00,6281.1778
2025-07-15 23:44:00,6281.1778
2025-07-15 23:45:00,6281.1778
2025-07-15 23:46:00,6281.1778
2025-07-15 23:47:00,6281.1778
2025-07-15 23:48:00,6281.1778
2025-07-15 23:49:00,6281.1778
2025-07-15 23:50:00,6281.1778
2025-07-15 23:51:00,6281.1778
2025-07-15 23:52:00,6281.1778
2025-07-15 23:53:00,6281.1778
2025-07-16 05:52:51,0.0000
2025-07-16 05:53:00,0.0000
2025-07-16 05:54:00,0.0000
2025-07-16 05:54:22,0.0000
2025-07-16 05:55:00,0.0000
2025-07-16 05:56:00,0.0000
2025-07-16 05:57:00,0.0000
2025-07-16 05:58:00,0.0000
2025-07-16 05:59:00,0.0000
2025-07-16 06:00:00,0.0000
2025-07-16 06:01:00,0.0000
2025-07-16 06:02:00,0.0000
2025-07-16 06:03:00,0.0000
2025-07-16 06:04:00,0.0000
2025-07-16 06:05:00,0.0000
2025-07-16 06:06:00,0.0000
2025-07-16 06:07:00,0.0000
2025-07-16 06:08:00,0.0000
2025-07-16 06:09:00,0.0000
2025-07-16 06:10:00,0.0000
2025-07-16 06:11:00,0.0000
2025-07-16 06:12:00,0.0000
2025-07-16 06:13:00,0.0000
2025-07-16 06:14:00,0.0000
2025-07-16 06:15:00,0.0000
2025-07-16 06:16:00,0.0000
2025-07-16 06:17:00,0.0000
2025-07-16 06:18:00,0.0000
2025-07-16 06:19:00,0.0000
2025-07-16 06:20:00,0.0000
2025-07-16 06:21:00,0.0000
2025-07-16 06:22:00,0.0000
2025-07-16 06:23:00,0.0000
2025-07-16 06:24:00,0.0000
2025-07-16 06:25:00,0.0000
2025-07-16 06:26:00,0.0000
2025-07-16 06:27:00,0.0000
2025-07-16 06:28:00,0.0000
2025-07-16 06:29:00,0.0000
2025-07-16 06:30:00,0.0000
2025-07-16 06:31:00,0.0000
2025-07-16 06:32:00,0.0000
2025-07-16 06:33:00,0.0000
2025-07-16 06:34:00,0.0000
2025-07-16 06:35:00,0.0000
2025-07-16 06:36:00,0.0000
2025-07-16 06:37:00,0.0000
2025-07-16 06:38:00,0.0000
2025-07-16 06:39:00,0.0000
2025-07-16 06:40:00,0.0000
2025-07-16 06:41:00,0.0000
2025-07-16 06:41:22,0.0000
2025-07-16 06:41:24,486.7335
2025-07-16 06:42:00,509.6499
2025-07-16 06:43:00,1682.9952
2025-07-16 06:43:05,1683.2224
2025-07-16 06:44:00,1814.2399
2025-07-16 06:45:00,3834.5879
2025-07-16 06:46:00,5691.0538
2025-07-16 06:46:02,5691.2215
2025-07-16 06:47:00,3676.1425
2025-07-16 06:48:00,3454.9831
2025-07-16 06:49:00,3914.7012
2025-07-16 06:50:00,3913.0730
2025-07-16 06:51:00,3913.1978
2025-07-16 06:52:00,3930.2462
2025-07-16 06:53:00,3932.1460
2025-07-16 06:54:00,3939.9049
2025-07-16 06:55:00,3943.5049
2025-07-16 06:56:00,3957.4006
2025-07-16 06:56:20,3958.5297
2025-07-16 06:56:21,3966.8055
2025-07-16 06:57:00,3966.8055
2025-07-16 06:58:00,3974.0282
2025-07-16 06:59:00,3996.1633
2025-07-16 07:00:00,4000.0194
2025-07-16 07:01:00,4014.8359
2025-07-16 07:02:00,4015.5982
2025-07-16 07:03:00,4031.6600
2025-07-16 07:04:00,4030.8517
2025-07-16 07:05:00,4032.9715
2025-07-16 07:07:00,4044.4764
2025-07-16 07:08:00,6120.3784
2025-07-16 07:09:00,6120.5635
2025-07-16 07:10:00,6119.7153
2025-07-16 07:11:00,6120.4013
2025-07-16 07:12:00,6121.0411
2025-07-16 07:13:00,6121.9020
2025-07-16 07:14:00,6281.1778
2025-07-16 07:15:00,6281.1778
2025-07-16 07:17:00,6281.1778
2025-07-16 07:18:00,6281.1778
2025-07-16 07:18:30,6281.1778
2025-07-16 07:19:00,6281.1778
2025-07-16 07:20:00,6281.1778
2025-07-16 07:21:00,6281.1778
2025-07-16 07:22:00,6281.1778
2025-07-16 07:23:00,6281.1778
2025-07-16 07:24:00,6281.1778
2025-07-16 07:25:00,6281.1778
2025-07-16 07:26:00,6281.1778
2025-07-16 07:27:00,6281.1778
2025-07-16 07:28:00,6281.1778
2025-07-16 07:29:00,6281.1778
2025-07-16 07:30:00,6281.1778
2025-07-16 07:31:00,6281.1778
2025-07-16 07:32:00,6281.1778
2025-07-16 07:33:00,6281.1778
2025-07-16 07:34:00,6281.1778
2025-07-16 07:35:00,6281.1778
2025-07-16 07:36:00,6281.1778
2025-07-16 07:37:00,6281.1778
2025-07-16 07:38:00,6281.1778
2025-07-16 07:39:00,6281.1778
2025-07-16 07:40:00,6281.1778
2025-07-16 07:41:00,6281.1778
2025-07-16 07:42:00,6281.1778
2025-07-16 07:43:00,6281.1778
2025-07-16 07:44:00,6281.1778
2025-07-16 07:45:00,6281.1778
2025-07-16 07:46:00,6281.1778
2025-07-16 07:47:00,6281.1778
2025-07-16 07:48:00,6281.1778
2025-07-16 07:49:00,6281.1778
2025-07-16 07:50:00,6281.1778
2025-07-16 07:51:00,6281.1778
2025-07-16 07:52:00,6281.1778
2025-07-16 07:53:00,6281.1778
2025-07-16 07:54:00,6281.1778
2025-07-16 07:55:00,6281.1778
2025-07-16 07:56:00,6281.1778
2025-07-16 07:57:00,6281.1778
2025-07-16 07:58:00,6281.1778
2025-07-16 07:59:00,6281.1778
2025-07-16 08:00:00,6281.1778
2025-07-16 08:01:00,6281.1778
2025-07-16 08:01:07,6281.1778
2025-07-16 08:01:39,6281.1778
2025-07-16 08:02:00,6281.1778
2025-07-16 08:03:00,6281.1778
2025-07-16 08:04:00,6281.1778
2025-07-16 08:05:00,6281.1778
2025-07-16 08:06:00,6281.1778
2025-07-16 08:07:00,6281.1778
2025-07-16 08:08:00,6281.1778
2025-07-16 08:09:00,6281.1778
2025-07-16 08:10:00,6281.1778
2025-07-16 08:11:00,6281.1778
2025-07-16 08:12:00,6281.1778
2025-07-16 08:13:00,6281.1778
2025-07-16 08:14:00,6281.1778
2025-07-16 08:15:00,6281.1778
2025-07-16 08:16:00,6281.1778
2025-07-16 08:17:00,6281.1778
2025-07-16 08:18:00,6281.1778
2025-07-16 08:19:00,6281.1778
2025-07-16 08:20:00,6281.1778
2025-07-16 08:21:00,6281.1778
2025-07-16 08:22:00,6281.1778
2025-07-16 08:23:00,6281.1778
2025-07-16 08:24:00,6281.1778
2025-07-16 08:25:00,6281.1778
2025-07-16 08:26:00,6281.1778
2025-07-16 08:27:00,6281.1778
2025-07-16 08:28:00,6281.1778
2025-07-16 08:29:00,6281.1778
2025-07-16 08:30:00,6281.1778
2025-07-16 08:31:00,6281.1778
2025-07-16 08:32:00,6281.1778
2025-07-16 08:33:00,6281.1778
2025-07-16 08:34:00,6281.1778
2025-07-16 08:35:00,6281.1778
2025-07-16 08:36:00,6281.1778
2025-07-16 08:37:00,6281.1778
2025-07-16 08:38:00,6281.1778
2025-07-16 08:39:00,6281.1778
2025-07-16 08:40:00,6281.1778
2025-07-16 08:41:00,6281.1778
2025-07-16 08:42:00,6281.1778
2025-07-16 08:43:00,6281.1778
2025-07-16 08:44:00,6281.1778
2025-07-16 08:45:00,6281.1778
2025-07-16 08:46:00,6281.1778
2025-07-16 08:47:00,6281.1778
2025-07-16 08:48:00,6281.1778
2025-07-16 08:49:00,6281.1778
2025-07-16 08:50:00,6281.1778
2025-07-16 08:51:00,6281.1778
2025-07-16 08:52:00,6281.1778
2025-07-16 08:53:00,6281.1778
2025-07-16 08:54:00,6281.1778
2025-07-16 08:55:00,6281.1778
2025-07-16 08:56:00,6281.1778
2025-07-16 08:57:00,6281.1778
2025-07-16 08:58:00,6281.1778
2025-07-16 08:59:00,6281.1778
2025-07-16 09:00:00,6281.1778
2025-07-16 09:01:00,6281.1778
2025-07-16 09:02:00,6281.1778
2025-07-16 09:03:00,6281.1778
2025-07-16 09:04:00,6281.1778
2025-07-16 09:05:00,6281.1778
2025-07-16 09:06:00,6281.1778
2025-07-16 09:07:00,6281.1778
2025-07-16 09:08:00,6281.1778
2025-07-16 09:09:00,6281.1778
2025-07-16 09:10:00,6281.1778
2025-07-16 09:11:00,6281.1778
2025-07-16 09:12:00,6281.1778
2025-07-16 09:13:00,6281.1778
2025-07-16 09:14:00,6281.1778
2025-07-16 09:15:00,6281.1778
2025-07-16 09:16:00,6281.1778
2025-07-16 09:17:00,6281.1778
2025-07-16 09:18:00,6281.1778
2025-07-16 09:19:00,6281.1778
2025-07-16 09:20:00,6281.1778
2025-07-16 09:21:00,6281.1778
2025-07-16 09:22:00,6281.1778
2025-07-16 09:23:00,6281.1778
2025-07-16 09:24:00,6281.1778
2025-07-16 09:25:00,6281.1778
2025-07-16 09:26:00,6281.1778
2025-07-16 09:27:00,6281.1778
2025-07-16 09:28:00,6281.1778
2025-07-16 09:29:00,6281.1778
2025-07-16 09:30:00,6281.1778
2025-07-16 09:31:00,6281.1778
2025-07-16 09:32:00,6281.1778
2025-07-16 09:33:00,6281.1778
2025-07-16 09:34:00,6281.1778
2025-07-16 09:35:00,6281.1778
2025-07-16 09:36:00,6281.1778
2025-07-16 09:37:00,6281.1778
2025-07-16 09:38:00,6281.1778
2025-07-16 09:39:00,6281.1778
2025-07-16 09:40:00,6281.1778
2025-07-16 09:41:00,6281.1778
2025-07-16 09:42:00,6281.1778
2025-07-16 09:43:00,6281.1778
2025-07-16 09:44:00,6281.1778
2025-07-16 09:45:00,6281.1778
2025-07-16 09:46:00,6281.1778
2025-07-16 09:47:00,6281.1778
2025-07-16 09:48:00,6281.1778
2025-07-16 09:49:00,6281.1778
2025-07-16 09:50:00,6281.1778
2025-07-16 09:51:00,6281.1778
2025-07-16 09:52:00,6281.1778
2025-07-16 09:53:00,6281.1778
2025-07-16 09:54:00,6281.1778
2025-07-16 09:55:00,6281.1778
2025-07-16 09:56:00,6281.1778
2025-07-16 09:57:00,6281.1778
2025-07-16 09:58:00,6281.1778
2025-07-16 09:59:00,6281.1778
2025-07-16 10:00:00,6281.1778
2025-07-16 10:01:00,6281.1778
2025-07-16 10:02:00,6281.1778
2025-07-16 10:03:00,6281.1778
2025-07-16 10:04:00,6281.1778
2025-07-16 10:05:00,6281.1778
2025-07-16 10:06:00,6281.1778
2025-07-16 10:07:00,6281.1778
2025-07-16 10:08:00,6281.1778
2025-07-16 10:08:02,6281.1778
2025-07-16 10:08:30,6281.1778
2025-07-16 10:09:00,6281.1778
2025-07-16 10:10:00,6281.1778
2025-07-16 10:11:00,6281.1778
2025-07-16 10:11:32,6281.1778
2025-07-16 10:12:00,6281.1778
2025-07-16 10:13:00,6281.1778
2025-07-16 10:13:20,6281.1778
2025-07-16 10:14:00,6281.1778
2025-07-16 10:15:00,6281.1778
2025-07-16 10:16:00,6281.1778
2025-07-16 10:17:00,6281.1778
2025-07-16 10:18:00,6281.1778
2025-07-16 10:19:00,6281.1778
2025-07-16 10:20:00,6281.1778
2025-07-16 10:20:39,6281.1778
2025-07-16 10:21:00,6281.1778
2025-07-16 10:22:00,6281.1778
2025-07-16 10:22:19,6281.1778
2025-07-16 10:23:00,6281.1778
2025-07-16 10:24:00,6281.1778
2025-07-16 10:24:02,6281.1778
2025-07-16 10:25:00,6281.1778
2025-07-16 10:25:05,6281.1778
2025-07-16 10:26:00,6281.1778
2025-07-16 10:27:00,6281.1778
2025-07-16 10:28:00,6281.1778
2025-07-16 10:28:40,6281.1778
2025-07-16 10:29:00,6281.1778
2025-07-16 10:30:00,6281.1778
2025-07-16 10:31:00,6281.1778
2025-07-16 10:32:00,6281.1778
2025-07-16 10:32:07,6281.1778
2025-07-16 10:33:00,6281.1778
2025-07-16 10:34:00,6281.1778
2025-07-16 10:35:00,6281.1778
2025-07-16 10:35:23,6281.1778
2025-07-16 10:36:00,6281.1778
2025-07-16 10:37:00,6281.1778
2025-07-16 10:37:37,6281.1778
2025-07-16 10:38:00,6281.1778
2025-07-16 10:38:18,6281.1778
2025-07-16 10:38:37,6281.1778
2025-07-16 10:39:00,6281.1778
2025-07-16 10:40:00,6281.1778
2025-07-16 10:41:00,6281.1778
2025-07-16 10:42:00,6281.1778
2025-07-16 10:42:30,6281.1778
2025-07-16 10:43:00,6281.1778
2025-07-16 10:43:06,6281.1778
2025-07-16 10:44:00,6281.1778
2025-07-16 10:45:00,6281.1778
2025-07-16 10:46:00,6281.1778
2025-07-16 10:47:00,6281.1778
2025-07-16 10:48:00,6281.1778
2025-07-16 10:49:00,6281.1778
2025-07-16 10:49:14,6281.1778
2025-07-16 10:50:00,6281.1778
2025-07-16 10:51:00,6281.1778
2025-07-16 10:52:00,6281.1778
2025-07-16 10:52:36,6281.1778
2025-07-16 10:53:00,6281.1778
2025-07-16 10:53:15,6281.1778
2025-07-16 10:54:00,6281.1778
2025-07-16 10:55:00,6281.1778
2025-07-16 10:56:00,6281.1778
2025-07-16 10:57:00,6281.1778
2025-07-16 10:58:00,6281.1778
2025-07-16 10:59:00,6281.1778
2025-07-16 11:00:00,6281.1778
2025-07-16 11:01:00,6281.1778
2025-07-16 11:01:21,6281.1778
2025-07-16 11:02:00,6281.1778
2025-07-16 11:03:00,6281.1778
2025-07-16 11:04:00,6281.1778
2025-07-16 11:04:06,6281.1778
2025-07-16 11:05:00,6281.1778
2025-07-16 11:06:00,6281.1778
2025-07-16 11:06:11,6281.1778
2025-07-16 11:07:00,6281.1778
2025-07-16 11:07:40,6281.1778
2025-07-16 11:08:00,6281.1778
2025-07-16 11:09:00,6281.1778
2025-07-16 11:10:00,6281.1778
2025-07-16 11:11:00,6281.1778
2025-07-16 11:12:00,6281.1778
2025-07-16 11:12:01,6281.1778
2025-07-16 11:13:00,6281.1778
2025-07-16 11:14:00,6281.1778
2025-07-16 11:15:00,6281.1778
2025-07-16 11:16:00,6281.1778
2025-07-16 11:17:00,6281.1778
2025-07-16 11:18:00,6281.1778
2025-07-16 11:19:00,6281.1778
2025-07-16 11:19:30,6281.1778
2025-07-16 11:20:00,6281.1778
2025-07-16 11:20:23,6281.1778
2025-07-16 11:21:00,6281.1778
2025-07-16 11:22:00,6281.1778
2025-07-16 11:23:00,6281.1778
2025-07-16 11:24:00,6281.1778
2025-07-16 11:25:00,6281.1778
2025-07-16 11:26:00,6281.1778
2025-07-16 11:26:39,6281.1778
2025-07-16 11:27:00,6281.1778
2025-07-16 11:28:00,6281.1778
2025-07-16 11:28:03,6281.1778
2025-07-16 11:29:00,6281.1778
2025-07-16 11:30:00,6281.1778
2025-07-16 11:31:00,6281.1778
2025-07-16 11:32:00,6281.1778
2025-07-16 11:33:00,6281.1778
2025-07-16 11:34:00,6281.1778
2025-07-16 11:34:38,6281.1778
2025-07-16 11:35:00,6281.1778
2025-07-16 11:35:18,6281.1778
2025-07-16 11:36:00,6281.1778
2025-07-16 11:37:00,6281.1778
2025-07-16 11:38:00,6281.1778
2025-07-16 11:39:00,6281.1778
2025-07-16 11:40:00,6281.1778
2025-07-16 11:41:00,6281.1778
2025-07-16 11:42:00,6281.1778
2025-07-16 11:42:21,6281.1778
2025-07-16 11:43:00,6281.1778
2025-07-16 11:44:00,6281.1778
2025-07-16 11:45:00,6281.1778
2025-07-16 11:46:00,6281.1778
2025-07-16 11:46:01,6281.1778
2025-07-16 11:47:00,6281.1778
2025-07-16 11:47:06,6281.1778
2025-07-16 11:47:39,6281.1778
2025-07-16 11:48:00,6281.1778
2025-07-16 11:49:00,6281.1778
2025-07-16 11:50:00,6281.1778
2025-07-16 11:51:00,6281.1778
2025-07-16 11:52:00,6281.1778
2025-07-16 11:53:00,6281.1778
2025-07-16 11:54:00,6281.1778
2025-07-16 11:54:37,6281.1778
2025-07-16 11:55:00,6281.1778
2025-07-16 11:55:39,6281.1778
2025-07-16 11:56:00,6281.1778
2025-07-16 11:57:00,6281.1778
2025-07-16 11:58:00,6281.1778
2025-07-16 11:59:00,6281.1778
2025-07-16 12:00:00,6281.1778
2025-07-16 12:01:00,6281.1778
2025-07-16 12:02:00,6281.1778
2025-07-16 12:03:00,6281.1778
2025-07-16 12:04:00,6281.1778
2025-07-16 12:05:00,6281.1778
2025-07-16 12:06:00,6281.1778
2025-07-16 12:07:00,6281.1778
2025-07-16 12:08:00,6281.1778
2025-07-16 12:09:00,6281.1778
2025-07-16 12:10:00,6281.1778
2025-07-16 12:11:00,6281.1778
2025-07-16 12:12:00,6281.1778
2025-07-16 12:12:34,6281.1778
2025-07-16 12:13:00,6281.1778
2025-07-16 12:13:20,6281.1778
2025-07-16 12:14:00,6281.1778
2025-07-16 12:15:00,6281.1778
2025-07-16 12:16:00,6281.1778
2025-07-16 12:17:00,6281.1778
2025-07-16 12:18:00,6281.1778
2025-07-16 12:19:00,6281.1778
2025-07-16 12:20:00,6281.1778
2025-07-16 12:21:00,6281.1778
2025-07-16 12:22:00,6281.1778
2025-07-16 12:23:00,6281.1778
2025-07-16 12:24:00,6281.1778
2025-07-16 12:24:23,6281.1778
2025-07-16 12:25:00,6281.1778
2025-07-16 12:26:00,6281.1778
2025-07-16 12:26:37,6281.1778
2025-07-16 12:27:00,6281.1778
2025-07-16 12:28:00,6281.1778
2025-07-16 12:29:00,6281.1778
2025-07-16 12:30:00,6281.1778
2025-07-16 12:31:00,6281.1778
2025-07-16 12:31:30,6281.1778
2025-07-16 12:32:00,6281.1778
2025-07-16 12:33:00,6281.1778
2025-07-16 12:33:38,6281.1778
2025-07-16 12:34:00,6281.1778
2025-07-16 12:35:00,6281.1778
2025-07-16 12:36:00,6281.1778
2025-07-16 12:36:39,6281.1778
2025-07-16 12:37:00,6281.1778
2025-07-16 12:37:19,6281.1778
2025-07-16 12:38:00,6281.1778
2025-07-16 12:39:00,6281.1778
2025-07-16 12:40:00,6281.1778
2025-07-16 12:41:00,6281.1778
2025-07-16 12:42:00,6281.1778
2025-07-16 12:43:00,6281.1778
2025-07-16 12:44:00,6281.1778
2025-07-16 12:44:21,6281.1778
2025-07-16 12:45:00,6281.1778
2025-07-16 12:45:34,6281.1778
2025-07-16 12:46:00,6281.1778
2025-07-16 12:47:00,6281.1778
2025-07-16 12:48:00,6281.1778
2025-07-16 12:49:00,6281.1778
2025-07-16 12:50:00,6281.1778
2025-07-16 12:51:00,6281.1778
2025-07-16 12:52:00,6281.1778
2025-07-16 12:53:00,6281.1778
2025-07-16 12:54:00,6281.1778
2025-07-16 12:55:00,6281.1778
2025-07-16 12:56:00,6281.1778
2025-07-16 12:57:00,6281.1778
2025-07-16 12:58:00,6281.1778
2025-07-16 12:59:00,6281.1778
2025-07-16 13:00:00,6281.1778
2025-07-16 13:01:00,6281.1778
2025-07-16 13:02:00,6281.1778
2025-07-16 13:03:00,6281.1778
2025-07-16 13:04:00,6281.1778
2025-07-16 13:05:00,6281.1778
2025-07-16 13:06:00,6281.1778
2025-07-16 13:07:00,6281.1778
2025-07-16 13:07:18,6281.1778
2025-07-16 13:08:00,6281.1778
2025-07-16 13:08:23,6281.1778
2025-07-16 13:09:00,6281.1778
2025-07-16 13:10:00,6281.1778
2025-07-16 13:11:00,6281.1778
2025-07-16 13:12:00,6281.1778
2025-07-16 13:13:00,6281.1778
2025-07-16 13:14:00,6281.1778
2025-07-16 13:15:00,6281.1778
2025-07-16 13:16:00,6281.1778
2025-07-16 13:17:00,6281.1778
2025-07-16 13:18:00,6281.1778
2025-07-16 13:19:00,6281.1778
2025-07-16 13:20:00,6281.1778
2025-07-16 13:21:00,6281.1778
2025-07-16 13:22:00,6281.1778
2025-07-16 13:23:00,6281.1778
2025-07-16 13:24:00,6281.1778
2025-07-16 13:25:00,6281.1778
2025-07-16 13:26:00,6281.1778
2025-07-16 13:27:00,6281.1778
2025-07-16 13:28:00,6281.1778
2025-07-16 13:29:00,6281.1778
2025-07-16 13:30:00,6281.1778
2025-07-16 13:31:00,6281.1778
2025-07-16 13:32:00,6281.1778
2025-07-16 13:33:00,6281.1778
2025-07-16 13:34:00,6281.1778
2025-07-16 13:35:00,6281.1778
2025-07-16 13:36:00,6281.1778
2025-07-16 13:36:30,6281.1778
2025-07-16 13:37:00,6281.1778
2025-07-16 13:37:42,6281.1778
2025-07-16 13:38:00,6281.1778
2025-07-16 13:39:00,6281.1778
2025-07-16 13:40:00,6281.1778
2025-07-16 13:41:00,6281.1778
2025-07-16 13:42:00,6281.1778
2025-07-16 13:43:00,6281.1778
2025-07-16 13:44:00,6281.1778
2025-07-16 13:45:00,6281.1778
2025-07-16 13:46:00,6281.1778
2025-07-16 13:47:00,6281.1778
2025-07-16 13:48:00,6281.1778
2025-07-16 13:49:00,6281.1778
2025-07-16 13:50:00,6281.1778
2025-07-16 13:51:00,6281.1778
2025-07-16 13:52:00,6281.1778
2025-07-16 13:53:00,6281.1778
2025-07-16 13:54:00,6281.1778
2025-07-16 13:55:00,6281.1778
2025-07-16 13:56:00,6281.1778
2025-07-16 13:57:00,6281.1778
2025-07-16 13:58:00,6281.1778
2025-07-16 13:59:00,6281.1778
2025-07-16 14:00:00,6281.1778
2025-07-16 14:01:00,6281.1778
2025-07-16 14:02:00,6281.1778
2025-07-16 14:03:00,6281.1778
2025-07-16 14:04:00,6281.1778
2025-07-16 14:05:00,6281.1778
2025-07-16 14:06:00,6281.1778
2025-07-16 14:07:00,6281.1778
2025-07-16 14:08:00,6281.1778
2025-07-16 14:09:00,6281.1778
2025-07-16 14:10:00,6281.1778
2025-07-16 14:11:00,6281.1778
2025-07-16 14:12:00,6281.1778
2025-07-16 14:13:00,6281.1778
2025-07-16 14:14:00,6281.1778
2025-07-16 14:15:00,6281.1778
2025-07-16 14:16:00,6281.1778
2025-07-16 14:17:00,6281.1778
2025-07-16 14:18:00,6281.1778
2025-07-16 14:19:00,6281.1778
2025-07-16 14:20:00,6281.1778
2025-07-16 14:21:00,6281.1778
2025-07-16 14:22:00,6281.1778
2025-07-16 14:23:00,6281.1778
2025-07-16 14:24:00,6281.1778
2025-07-16 14:25:00,6281.1778
2025-07-16 14:25:06,6281.1778
2025-07-16 14:25:39,6281.1778
2025-07-16 14:26:00,6281.1778
2025-07-16 14:27:00,6281.1778
2025-07-16 14:28:00,6281.1778
2025-07-16 14:29:00,6281.1778
2025-07-16 14:30:00,6281.1778
2025-07-16 14:31:00,6281.1778
2025-07-16 14:32:00,6281.1778
2025-07-16 14:33:00,6281.1778
2025-07-16 14:34:00,6281.1778
2025-07-16 14:35:00,6281.1778
2025-07-16 14:36:00,6281.1778
2025-07-16 14:37:00,6281.1778
2025-07-16 14:38:00,6281.1778
2025-07-16 14:39:00,6281.1778
2025-07-16 14:40:00,6281.1778
2025-07-16 14:41:00,6281.1778
2025-07-16 14:42:00,6281.1778
2025-07-16 14:43:00,6281.1778
2025-07-16 14:44:00,6281.1778
2025-07-16 14:45:00,6281.1778
2025-07-16 14:46:00,6281.1778
2025-07-16 14:47:00,6281.1778
2025-07-16 14:48:00,6281.1778
2025-07-16 14:49:00,6281.1778
2025-07-16 14:50:00,6281.1778
2025-07-16 14:51:00,6281.1778
2025-07-16 14:52:00,6281.1778
2025-07-16 14:53:00,6281.1778
2025-07-16 14:54:00,6281.1778
2025-07-16 14:55:00,6281.1778
2025-07-16 14:56:00,6281.1778
2025-07-16 14:57:00,6281.1778
2025-07-16 14:58:00,6281.1778
2025-07-16 14:59:00,6281.1778
2025-07-16 15:00:00,6281.1778
2025-07-16 15:01:00,6281.1778
2025-07-16 15:02:00,6281.1778
2025-07-16 15:03:00,6281.1778
2025-07-16 15:04:00,6281.1778
2025-07-16 15:05:00,6281.1778
2025-07-16 15:06:00,6281.1778
2025-07-16 15:07:00,6281.1778
2025-07-16 15:08:00,6281.1778
2025-07-16 15:09:00,6281.1778
2025-07-16 15:10:00,6281.1778
2025-07-16 15:11:00,6281.1778
2025-07-16 15:12:00,6281.1778
2025-07-16 15:13:00,6281.1778
2025-07-16 15:14:00,6281.1778
2025-07-16 15:15:00,6281.1778
2025-07-16 15:16:00,6281.1778
2025-07-16 15:17:00,6281.1778
2025-07-16 15:18:00,6281.1778
2025-07-16 15:19:00,6281.1778
2025-07-16 15:20:00,6281.1778
2025-07-16 15:21:00,6281.1778
2025-07-16 15:22:00,6281.1778
2025-07-16 15:23:00,6281.1778
2025-07-16 15:24:00,6281.1778
2025-07-16 15:25:00,6281.1778
2025-07-16 15:26:00,6281.1778
2025-07-16 15:27:00,6281.1778
2025-07-16 15:28:00,6281.1778
2025-07-16 15:29:00,6281.1778
2025-07-16 15:30:00,6281.1778
2025-07-16 15:31:00,6281.1778
2025-07-16 15:32:00,6281.1778
2025-07-16 15:33:00,6281.1778
2025-07-16 15:34:00,6281.1778
2025-07-16 15:35:00,6281.1778
2025-07-16 15:36:00,6281.1778
2025-07-16 15:37:00,6281.1778
2025-07-16 15:38:00,6281.1778
2025-07-16 15:39:00,6281.1778
2025-07-16 15:40:00,6281.1778
2025-07-16 15:41:00,6281.1778
2025-07-16 15:42:00,6281.1778
2025-07-16 15:43:00,6281.1778
2025-07-16 15:44:00,6281.1778
2025-07-16 15:45:00,6281.1778
2025-07-16 15:46:00,6281.1778
2025-07-16 15:47:00,6281.1778
2025-07-16 15:48:00,6281.1778
2025-07-16 15:49:00,6281.1778
2025-07-16 15:50:00,6281.1778
2025-07-16 15:51:00,6281.1778
2025-07-16 15:52:00,6281.1778
2025-07-16 15:53:00,6281.1778
2025-07-16 15:54:00,6281.1778
2025-07-16 15:55:00,6281.1778
2025-07-16 15:56:00,6281.1778
2025-07-16 15:57:00,6281.1778
2025-07-16 15:58:00,6281.1778
2025-07-16 15:59:00,6281.1778
2025-07-16 15:59:21,6281.1778
2025-07-16 16:00:00,6281.1778
2025-07-16 16:00:01,6281.1778
2025-07-16 16:01:00,6281.1778
2025-07-16 16:02:00,6281.1778
2025-07-16 16:03:00,6281.1778
2025-07-16 16:04:00,6281.1778
2025-07-16 16:05:00,6281.1778
2025-07-16 16:06:00,6281.1778
2025-07-16 16:07:00,6281.1778
2025-07-16 16:08:00,6281.1778
2025-07-16 16:09:00,6281.1778
2025-07-16 16:10:00,6281.1778
2025-07-16 16:11:00,6281.1778
2025-07-16 16:12:00,6281.1778
2025-07-16 16:13:00,6281.1778
2025-07-16 16:14:00,6281.1778
2025-07-16 16:15:00,6281.1778
2025-07-16 16:15:39,6281.1778
2025-07-16 16:16:00,6281.1778
2025-07-16 16:16:39,6281.1778
2025-07-16 16:17:00,6281.1778
2025-07-16 16:18:00,6281.1778
2025-07-16 16:19:00,6281.1778
2025-07-16 16:20:00,6281.1778
2025-07-16 16:21:00,6281.1778
2025-07-16 16:22:00,6281.1778
2025-07-16 16:23:00,6281.1778
2025-07-16 16:24:00,6281.1778
2025-07-16 16:25:00,6281.1778
2025-07-16 16:26:00,6281.1778
2025-07-16 16:27:00,6281.1778
2025-07-16 16:28:00,6281.1778
2025-07-16 16:29:00,6281.1778
2025-07-16 16:30:00,6281.1778
2025-07-16 16:31:00,6281.1778
2025-07-16 16:32:00,6281.1778
2025-07-16 16:33:00,6281.1778
2025-07-16 16:34:00,6281.1778
2025-07-16 16:35:00,6281.1778
2025-07-16 16:36:00,6281.1778
2025-07-16 16:37:00,6281.1778
2025-07-16 16:38:00,6281.1778
2025-07-16 16:39:00,6281.1778
2025-07-16 16:40:00,6281.1778
2025-07-16 16:41:00,6281.1778
2025-07-16 16:42:00,6281.1778
2025-07-16 16:43:00,6281.1778
2025-07-16 16:44:00,6281.1778
2025-07-16 16:45:00,6281.1778
2025-07-16 16:46:00,6281.1778
2025-07-16 16:47:00,6281.1778
2025-07-16 16:48:00,6281.1778
2025-07-16 16:49:00,6281.1778
2025-07-16 16:50:00,6281.1778
2025-07-16 16:51:00,6281.1778
2025-07-16 16:52:00,6281.1778
2025-07-16 16:53:00,6281.1778
2025-07-16 16:54:00,6281.1778
2025-07-16 16:55:00,6281.1778
2025-07-16 16:56:00,6281.1778
2025-07-16 16:57:00,6281.1778
2025-07-16 16:58:00,6281.1778
2025-07-16 16:59:00,6281.1778
2025-07-16 17:00:00,6281.1778
2025-07-16 17:01:00,6281.1778
2025-07-16 17:02:00,6281.1778
2025-07-16 17:03:00,6281.1778
2025-07-16 17:04:00,6281.1778
2025-07-16 17:05:00,6281.1778
2025-07-16 17:06:00,6281.1778
2025-07-16 17:07:00,6281.1778
2025-07-16 17:08:00,6281.1778
2025-07-16 17:09:00,6281.1778
2025-07-16 17:10:00,6281.1778
2025-07-16 17:11:00,6281.1778
2025-07-16 17:12:00,6281.1778
2025-07-16 17:13:00,6281.1778
2025-07-16 17:14:00,6281.1778
2025-07-16 17:15:00,6281.1778
2025-07-16 17:16:00,6281.1778
2025-07-16 17:17:00,6281.1778
2025-07-16 17:18:00,6281.1778
2025-07-16 17:19:00,6281.1778
2025-07-16 17:20:00,6281.1778
2025-07-16 17:21:00,6281.1778
2025-07-16 17:22:00,6281.1778
2025-07-16 17:23:00,6281.1778
2025-07-16 17:24:00,6281.1778
2025-07-16 17:25:00,6281.1778
2025-07-16 17:26:00,6281.1778
2025-07-16 17:27:00,6281.1778
2025-07-16 17:28:00,6281.1778
2025-07-16 17:29:00,6281.1778
2025-07-16 17:30:00,6281.1778
2025-07-16 17:31:00,6281.1778
2025-07-16 17:32:00,6281.1778
2025-07-16 17:33:00,6281.1778
2025-07-16 17:34:00,6281.1778
2025-07-16 17:35:00,6281.1778
2025-07-16 17:36:00,6281.1778
2025-07-16 17:37:00,6281.1778
2025-07-16 17:38:00,6281.1778
2025-07-16 17:39:00,6281.1778
2025-07-16 17:40:00,6281.1778
2025-07-16 17:41:00,6281.1778
2025-07-16 17:42:00,6281.1778
2025-07-16 17:43:00,6281.1778
2025-07-16 17:44:00,6281.1778
2025-07-16 17:45:00,6281.1778
2025-07-16 17:46:00,6281.1778
2025-07-16 17:47:00,6281.1778
2025-07-16 17:48:00,6281.1778
2025-07-16 17:49:00,6281.1778
2025-07-16 17:50:00,6281.1778
2025-07-16 17:51:00,6281.1778
2025-07-16 17:52:00,6281.1778
2025-07-16 17:53:00,6281.1778
2025-07-16 17:54:00,6281.1778
2025-07-16 17:55:00,6281.1778
2025-07-16 17:56:00,6281.1778
2025-07-16 17:57:00,6281.1778
2025-07-16 17:58:00,6281.1778
2025-07-16 17:59:00,6281.1778
2025-07-16 18:00:00,6281.1778
2025-07-16 18:01:00,6281.1778
2025-07-16 18:02:00,6281.1778
2025-07-16 18:03:00,6281.1778
2025-07-16 18:04:00,6281.1778
2025-07-16 18:05:00,6281.1778
2025-07-16 18:06:00,6281.1778
2025-07-16 18:07:00,6281.1778
2025-07-16 18:08:00,6281.1778
2025-07-16 18:09:00,6281.1778
2025-07-16 18:10:00,6281.1778
2025-07-16 18:11:00,6281.1778
2025-07-16 18:12:00,6281.1778
2025-07-16 18:13:00,6281.1778
2025-07-16 18:14:00,6281.1778
2025-07-16 18:15:00,6281.1778
2025-07-16 18:16:00,6281.1778
2025-07-16 18:17:00,6281.1778
2025-07-16 18:18:00,6281.1778
2025-07-16 18:19:00,6281.1778
2025-07-16 18:20:00,6281.1778
2025-07-16 18:21:00,6281.1778
2025-07-16 18:22:00,6281.1778
2025-07-16 18:23:00,6281.1778
2025-07-16 18:24:00,6281.1778
2025-07-16 18:25:00,6281.1778
2025-07-16 18:26:00,6281.1778
2025-07-16 18:27:00,6281.1778
2025-07-16 18:28:00,6281.1778
2025-07-16 18:29:00,6281.1778
2025-07-16 18:30:00,6281.1778
2025-07-16 18:31:00,6281.1778
2025-07-16 18:31:03,6281.1778
2025-07-16 18:31:40,6281.1778
2025-07-16 18:32:00,6281.1778
2025-07-16 18:33:00,6281.1778
2025-07-16 18:34:00,6281.1778
2025-07-16 18:35:00,6281.1778
2025-07-16 18:36:00,6281.1778
2025-07-16 18:37:00,6281.1778
2025-07-16 18:38:00,6281.1778
2025-07-16 18:39:00,6281.1778
2025-07-16 18:40:00,6281.1778
2025-07-16 18:41:00,6281.1778
2025-07-16 18:42:00,6281.1778
2025-07-16 18:43:00,6281.1778
2025-07-16 18:44:00,6281.1778
2025-07-16 18:45:00,6281.1778
2025-07-16 18:46:00,6281.1778
2025-07-16 18:47:00,6281.1778
2025-07-16 18:48:00,6281.1778
2025-07-16 18:49:00,6281.1778
2025-07-16 18:50:00,6281.1778
2025-07-16 18:51:00,6281.1778
2025-07-16 18:52:00,6281.1778
2025-07-16 18:53:00,6281.1778
2025-07-16 18:54:00,6281.1778
2025-07-16 18:55:00,6281.1778
2025-07-16 18:56:00,6281.1778
2025-07-16 18:57:00,6281.1778
2025-07-16 18:57:07,6281.1778
2025-07-16 18:57:41,6281.1778
2025-07-16 18:58:00,6281.1778
2025-07-16 18:59:00,6281.1778
2025-07-16 19:00:00,6281.1778
2025-07-16 19:01:00,6281.1778
2025-07-16 19:02:00,6281.1778
2025-07-16 19:03:00,6281.1778
2025-07-16 19:04:00,6281.1778
2025-07-16 19:05:00,6281.1778
2025-07-16 19:06:00,6281.1778
2025-07-16 19:07:00,6281.1778
2025-07-16 19:08:00,6281.1778
2025-07-16 19:09:00,6281.1778
2025-07-16 19:10:00,6281.1778
2025-07-16 19:11:00,6281.1778
2025-07-16 19:12:00,6281.1778
2025-07-16 19:13:00,6281.1778
2025-07-16 19:14:00,6281.1778
2025-07-16 19:15:00,6281.1778
2025-07-16 19:16:00,6281.1778
2025-07-16 19:17:00,6281.1778
2025-07-16 19:18:00,6281.1778
2025-07-16 19:19:00,6281.1778
2025-07-16 19:20:00,6281.1778
2025-07-16 19:21:00,6281.1778
2025-07-16 19:22:00,6281.1778
2025-07-16 19:23:00,6281.1778
2025-07-16 19:24:00,6281.1778
2025-07-16 19:25:00,6281.1778
2025-07-16 19:26:00,6281.1778
2025-07-16 19:27:00,6281.1778
2025-07-16 19:28:00,6281.1778
2025-07-16 19:29:00,6281.1778
2025-07-16 19:30:00,6281.1778
2025-07-16 19:31:00,6281.1778
2025-07-16 19:32:00,6281.1778
2025-07-16 19:33:00,6281.1778
2025-07-16 19:34:00,6281.1778
2025-07-16 19:35:00,6281.1778
2025-07-16 19:36:00,6281.1778
2025-07-16 19:37:00,6281.1778
2025-07-16 19:38:00,6281.1778
2025-07-16 19:39:00,6281.1778
2025-07-16 19:40:00,6281.1778
2025-07-16 19:41:00,6281.1778
2025-07-16 19:42:00,6281.1778
2025-07-16 19:43:00,6281.1778
2025-07-16 19:44:00,6281.1778
2025-07-16 19:45:00,6281.1778
2025-07-16 19:46:00,6281.1778
2025-07-16 19:47:00,6281.1778
2025-07-16 19:48:00,6281.1778
2025-07-16 19:49:00,6281.1778
2025-07-16 19:50:00,6281.1778
2025-07-16 19:51:00,6281.1778
2025-07-16 19:52:00,6281.1778
2025-07-16 19:53:00,6281.1778
2025-07-16 19:54:00,6281.1778
2025-07-16 19:55:00,6281.1778
2025-07-16 19:56:00,6281.1778
2025-07-16 19:57:00,6281.1778
2025-07-16 19:58:00,6281.1778
2025-07-16 19:59:00,6281.1778
2025-07-16 20:00:00,6281.1778
2025-07-16 20:01:00,6281.1778
2025-07-16 20:02:00,6281.1778
2025-07-16 20:03:00,6281.1778
2025-07-16 20:04:00,6281.1778
2025-07-16 20:05:00,6281.1778
2025-07-16 20:06:00,6281.1778
2025-07-16 20:07:00,6281.1778
2025-07-16 20:08:00,6281.1778
2025-07-16 20:09:00,6281.1778
2025-07-16 20:10:00,6281.1778
2025-07-16 20:11:00,6281.1778
2025-07-16 20:12:00,6281.1778
2025-07-16 20:13:00,6281.1778
2025-07-16 20:14:00,6281.1778
2025-07-16 20:15:00,6281.1778
2025-07-16 20:16:00,6281.1778
2025-07-16 20:17:00,6281.1778
2025-07-16 20:18:00,6281.1778
2025-07-16 20:19:00,6281.1778
2025-07-16 20:20:00,6281.1778
2025-07-16 20:21:00,6281.1778
2025-07-16 20:22:00,6281.1778
2025-07-16 20:23:00,6281.1778
2025-07-16 20:24:00,6281.1778
2025-07-16 20:24:38,6281.1778
2025-07-16 20:25:00,6281.1778
2025-07-16 20:25:24,6281.1778
2025-07-16 20:26:00,6281.1778
2025-07-16 20:27:00,6281.1778
2025-07-16 20:28:00,6281.1778
2025-07-16 20:29:00,6281.1778
2025-07-16 20:30:00,6281.1778
2025-07-16 20:31:00,6281.1778
2025-07-16 20:32:00,6281.1778
2025-07-16 20:33:00,6281.1778
2025-07-16 20:34:00,6281.1778
2025-07-16 20:35:00,6281.1778
2025-07-16 20:36:00,6281.1778
2025-07-16 20:37:00,6281.1778
2025-07-16 20:38:00,6281.1778
2025-07-16 20:39:00,6281.1778
2025-07-16 20:40:00,6281.1778
2025-07-16 20:41:00,6281.1778
2025-07-16 20:42:00,6281.1778
2025-07-16 20:43:00,6281.1778
2025-07-16 20:44:00,6281.1778
2025-07-16 20:45:00,6281.1778
2025-07-16 20:46:00,6281.1778
2025-07-16 20:46:18,6281.1778
2025-07-16 20:47:00,6281.1778
2025-07-16 20:47:21,6281.1778
2025-07-16 20:48:00,6281.1778
2025-07-16 20:49:00,6281.1778
2025-07-16 20:50:00,6281.1778
2025-07-16 20:51:00,6281.1778
2025-07-16 20:52:00,6281.1778
2025-07-16 20:53:00,6281.1778
2025-07-16 20:54:00,6281.1778
2025-07-16 20:55:00,6281.1778
2025-07-16 20:56:00,6281.1778
2025-07-16 20:57:00,6281.1778
2025-07-16 20:58:00,6281.1778
2025-07-16 20:59:00,6281.1778
2025-07-16 21:00:00,6281.1778
2025-07-16 21:01:00,6281.1778
2025-07-16 21:02:00,6281.1778
2025-07-16 21:03:00,6281.1778
2025-07-16 21:04:00,6281.1778
2025-07-16 21:05:00,6281.1778
2025-07-16 21:06:00,6281.1778
2025-07-16 21:07:00,6281.1778
2025-07-16 21:08:00,6281.1778
2025-07-16 21:09:00,6281.1778
2025-07-16 21:10:00,6281.1778
2025-07-16 21:11:00,6281.1778
2025-07-16 21:12:00,6281.1778
2025-07-16 21:13:00,6281.1778
2025-07-16 21:14:00,6281.1778
2025-07-16 21:15:00,6281.1778
2025-07-16 21:16:00,6281.1778
2025-07-16 21:17:00,6281.1778
2025-07-16 21:18:00,6281.1778
2025-07-16 21:19:00,6281.1778
2025-07-16 21:20:00,6281.1778
2025-07-16 21:21:00,6281.1778
2025-07-16 21:22:00,6281.1778
2025-07-16 21:23:00,6281.1778
2025-07-16 21:24:00,6281.1778
2025-07-16 21:25:00,6281.1778
2025-07-16 21:26:00,6281.1778
2025-07-16 21:27:00,6281.1778
2025-07-16 21:28:00,6281.1778
2025-07-16 21:29:00,6281.1778
2025-07-16 21:30:00,6281.1778
2025-07-16 21:31:00,6281.1778
2025-07-16 21:32:00,6281.1778
2025-07-16 21:33:00,6281.1778
2025-07-16 21:34:00,6281.1778
2025-07-16 21:35:00,6281.1778
2025-07-16 21:36:00,6281.1778
2025-07-16 21:37:00,6281.1778
2025-07-16 21:38:00,6281.1778
2025-07-16 21:39:00,6281.1778
2025-07-16 21:40:00,6281.1778
2025-07-16 21:41:00,6281.1778
2025-07-16 21:42:00,6281.1778
2025-07-16 21:43:00,6281.1778
2025-07-16 21:44:00,6281.1778
2025-07-16 21:45:00,6281.1778
2025-07-16 21:46:00,6281.1778
2025-07-16 21:47:00,6281.1778
2025-07-16 21:48:00,6281.1778
2025-07-16 21:49:00,6281.1778
2025-07-16 21:50:00,6281.1778
2025-07-16 21:51:00,6281.1778
2025-07-16 21:52:00,6281.1778
2025-07-16 21:53:00,6281.1778
2025-07-16 21:54:00,6281.1778
2025-07-16 21:55:00,6281.1778
2025-07-16 21:56:00,6281.1778
2025-07-16 21:57:00,6281.1778
2025-07-16 21:58:00,6281.1778
2025-07-16 21:59:00,6281.1778
2025-07-16 22:00:00,6281.1778
2025-07-16 22:01:00,6281.1778
2025-07-16 22:02:00,6281.1778
2025-07-16 22:03:00,6281.1778
2025-07-16 22:04:00,6281.1778
2025-07-16 22:05:00,6281.1778
2025-07-16 22:06:00,6281.1778
2025-07-16 22:07:00,6281.1778
2025-07-16 22:08:00,6281.1778
2025-07-16 22:09:00,6281.1778
2025-07-16 22:10:00,6281.1778
2025-07-16 22:11:00,6281.1778
2025-07-16 22:12:00,6281.1778
2025-07-16 22:13:00,6281.1778
2025-07-16 22:14:00,6281.1778
2025-07-16 22:15:00,6281.1778
2025-07-16 22:16:00,6281.1778
2025-07-16 22:17:00,6281.1778
2025-07-16 22:18:00,6281.1778
2025-07-16 22:19:00,6281.1778
2025-07-16 22:20:00,6281.1778
2025-07-16 22:21:00,6281.1778
2025-07-16 22:22:00,6281.1778
2025-07-16 22:23:00,6281.1778
2025-07-16 22:24:00,6281.1778
2025-07-16 22:25:00,6281.1778
2025-07-16 22:26:00,6281.1778
2025-07-16 22:27:00,6281.1778
2025-07-16 22:28:00,6281.1778
2025-07-16 22:29:00,6281.1778
2025-07-16 22:30:00,6281.1778
2025-07-16 22:31:00,6281.1778
2025-07-16 22:32:00,6281.1778
2025-07-16 22:33:00,6281.1778
2025-07-16 22:34:00,6281.1778
2025-07-16 22:35:00,6281.1778
2025-07-16 22:36:00,6281.1778
2025-07-16 22:37:00,6281.1778
2025-07-16 22:38:00,6281.1778
2025-07-16 22:39:00,6281.1778
2025-07-16 22:40:00,6281.1778
2025-07-16 22:41:00,6281.1778
2025-07-16 22:42:00,6281.1778
2025-07-16 22:43:00,6281.1778
2025-07-16 22:44:00,6281.1778
2025-07-16 22:45:00,6281.1778
2025-07-16 22:46:00,6281.1778
2025-07-16 22:47:00,6281.1778
2025-07-16 22:48:00,6281.1778
2025-07-16 22:49:00,6281.1778
2025-07-16 22:50:00,6281.1778
2025-07-16 22:51:00,6281.1778
2025-07-16 22:52:00,6281.1778
2025-07-16 22:53:00,6281.1778
2025-07-16 22:54:00,6281.1778
2025-07-16 22:55:00,6281.1778
2025-07-16 22:56:00,6281.1778
2025-07-16 22:57:00,6281.1778
2025-07-16 22:58:00,6281.1778
2025-07-16 22:59:00,6281.1778
2025-07-16 22:59:05,6281.1778
2025-07-16 23:00:00,6281.1778
2025-07-16 23:01:00,6281.1778
2025-07-16 23:02:00,6281.1778
2025-07-16 23:03:00,6281.1778
2025-07-16 23:04:00,6281.1778
2025-07-16 23:05:00,6281.1778
2025-07-16 23:06:00,6281.1778
2025-07-16 23:07:00,6281.1778
2025-07-16 23:08:00,6281.1778
2025-07-16 23:09:00,6281.1778
2025-07-16 23:10:00,6281.1778
2025-07-16 23:11:00,6281.1778
2025-07-16 23:12:00,6281.1778
2025-07-16 23:13:00,6281.1778
2025-07-16 23:14:00,6281.1778
2025-07-16 23:15:00,6281.1778
2025-07-16 23:16:00,6281.1778
2025-07-16 23:17:00,6281.1778
2025-07-16 23:18:00,6281.1778
2025-07-16 23:19:00,6281.1778
2025-07-16 23:20:00,6281.1778
2025-07-16 23:21:00,6281.1778
2025-07-16 23:22:00,6281.1778
2025-07-16 23:23:00,6281.1778
2025-07-16 23:24:00,6281.1778
2025-07-16 23:25:00,6281.1778
2025-07-16 23:26:00,6281.1778
2025-07-16 23:27:00,6281.1778
2025-07-16 23:28:00,6281.1778
2025-07-16 23:29:00,6281.1778
2025-07-16 23:30:00,6281.1778
2025-07-16 23:31:00,6281.1778
2025-07-16 23:32:00,6281.1778
2025-07-16 23:33:00,6281.1778
2025-07-16 23:34:00,6281.1778
2025-07-16 23:35:00,6281.1778
2025-07-16 23:36:00,6281.1778
2025-07-16 23:37:00,6281.1778
2025-07-16 23:38:00,6281.1778
2025-07-16 23:39:00,6281.1778
2025-07-16 23:40:00,6281.1778
2025-07-16 23:41:00,6281.1778
2025-07-16 23:42:00,6281.1778
2025-07-16 23:43:00,6281.1778
2025-07-16 23:44:00,6281.1778
2025-07-16 23:45:00,6281.1778
2025-07-16 23:46:00,6281.1778
2025-07-16 23:47:00,6281.1778
2025-07-16 23:48:00,6281.1778
2025-07-16 23:49:00,6281.1778
2025-07-16 23:50:00,6281.1778
2025-07-16 23:51:00,6281.1778
2025-07-16 23:52:00,6281.1778
2025-07-16 23:53:00,6281.1778
2025-07-16 23:54:00,6281.1778
2025-07-16 23:55:00,6281.1778
2025-07-16 23:56:00,6281.1778
2025-07-16 23:57:00,6281.1778
2025-07-16 23:58:00,6281.1778
2025-07-16 23:59:00,6281.1778
2025-07-17 00:00:00,6281.1778
2025-07-17 00:01:00,6281.1778
2025-07-17 00:02:00,6281.1778
2025-07-17 00:03:00,6281.1778
2025-07-17 00:04:00,6281.1778
2025-07-17 00:05:00,6281.1778
2025-07-17 00:06:00,6281.1778
2025-07-17 00:07:00,6281.1778
2025-07-17 00:08:00,6281.1778
2025-07-17 00:09:00,6281.1778
2025-07-17 00:10:00,6281.1778
2025-07-17 00:11:00,6281.1778
2025-07-17 00:12:00,6281.1778
2025-07-17 00:13:00,6281.1778
2025-07-17 00:14:00,6281.1778
2025-07-17 00:15:00,6281.1778
2025-07-17 00:16:00,6281.1778
2025-07-17 00:17:00,6281.1778
2025-07-17 00:18:00,6281.1778
2025-07-17 00:19:00,6281.1778
2025-07-17 00:20:00,6281.1778
2025-07-17 00:21:00,6281.1778
2025-07-17 00:22:00,6281.1778
2025-07-17 00:23:00,6281.1778
2025-07-17 00:24:00,6281.1778
2025-07-17 00:25:00,6281.1778
2025-07-17 00:26:00,6281.1778
2025-07-17 00:27:00,6281.1778
2025-07-17 00:28:00,6281.1778
2025-07-17 00:29:00,6281.1778
2025-07-17 00:30:00,6281.1778
2025-07-17 00:31:00,6281.1778
2025-07-17 00:32:00,6281.1778
2025-07-17 00:33:00,6281.1778
2025-07-17 00:34:00,6281.1778
2025-07-17 00:35:00,6281.1778
2025-07-17 00:36:00,6281.1778
2025-07-17 00:37:00,6281.1778
2025-07-17 00:38:00,6281.1778
2025-07-17 00:39:00,6281.1778
2025-07-17 00:40:00,6281.1778
2025-07-17 00:41:00,6281.1778
2025-07-17 00:42:00,6281.1778
2025-07-17 00:43:00,6281.1778
2025-07-17 00:44:00,6281.1778
2025-07-17 00:45:00,6281.1778
2025-07-17 00:46:00,6281.1778
2025-07-17 00:47:00,6281.1778
2025-07-17 00:48:00,6281.1778
2025-07-17 00:49:00,6281.1778
2025-07-17 00:50:00,6281.1778
2025-07-17 00:51:00,6281.1778
2025-07-17 00:52:00,6281.1778
2025-07-17 00:53:00,6281.1778
2025-07-17 00:54:00,6281.1778
2025-07-17 00:55:00,6281.1778
2025-07-17 00:56:00,6281.1778
2025-07-17 00:57:00,6281.1778
2025-07-17 00:58:00,6281.1778
2025-07-17 00:59:00,6281.1778
2025-07-17 01:00:00,6281.1778
2025-07-17 01:01:00,6281.1778
2025-07-17 01:02:00,6281.1778
2025-07-17 01:03:00,6281.1778
2025-07-17 01:04:00,6281.1778
2025-07-17 01:05:00,6281.1778
2025-07-17 01:06:00,6281.1778
2025-07-17 01:07:00,6281.1778
2025-07-17 01:08:00,6281.1778
2025-07-17 01:09:00,6281.1778
2025-07-17 01:10:00,6281.1778
2025-07-17 01:11:00,6281.1778
2025-07-17 01:12:00,6281.1778
2025-07-17 01:13:00,6281.1778
2025-07-17 01:14:00,6281.1778
2025-07-17 01:15:00,6281.1778
2025-07-17 01:16:00,6281.1778
2025-07-17 01:17:00,6281.1778
2025-07-17 01:18:00,6281.1778
2025-07-17 01:19:00,6281.1778
2025-07-17 01:20:00,6281.1778
2025-07-17 01:21:00,6281.1778
2025-07-17 01:22:00,6281.1778
2025-07-17 01:23:00,6281.1778
2025-07-17 01:24:00,6281.1778
2025-07-17 01:25:00,6281.1778
2025-07-17 01:26:00,6281.1778
2025-07-17 01:27:00,6281.1778
2025-07-17 01:28:00,6281.1778
2025-07-17 01:29:00,6281.1778
2025-07-17 01:30:00,6281.1778
2025-07-17 01:31:00,6281.1778
2025-07-17 01:32:00,6281.1778
2025-07-17 01:33:00,6281.1778
2025-07-17 01:34:00,6281.1778
2025-07-17 01:35:00,6281.1778
2025-07-17 01:36:00,6281.1778
2025-07-17 01:37:00,6281.1778
2025-07-17 01:38:00,6281.1778
2025-07-17 01:39:00,6281.1778
2025-07-17 01:40:00,6281.1778
2025-07-17 01:41:00,6281.1778
2025-07-17 01:42:00,6281.1778
2025-07-17 01:43:00,6281.1778
2025-07-17 01:44:00,6281.1778
2025-07-17 01:45:00,6281.1778
2025-07-17 01:46:00,6281.1778
2025-07-17 01:47:00,6281.1778
2025-07-17 01:48:00,6281.1778
2025-07-17 01:49:00,6281.1778
2025-07-17 01:50:00,6281.1778
2025-07-17 01:51:00,6281.1778
2025-07-17 01:52:00,6281.1778
2025-07-17 01:53:00,6281.1778
2025-07-17 01:54:00,6281.1778
2025-07-17 01:55:00,6281.1778
2025-07-17 01:56:00,6281.1778
2025-07-17 01:57:00,6281.1778
2025-07-17 01:58:00,6281.1778
2025-07-17 01:59:00,6281.1778
2025-07-17 02:00:00,6281.1778
2025-07-17 02:01:00,6281.1778
2025-07-17 02:02:00,6281.1778
2025-07-17 02:03:00,6281.1778
2025-07-17 02:04:00,6281.1778
2025-07-17 02:05:00,6281.1778
2025-07-17 02:06:00,6281.1778
2025-07-17 02:07:00,6281.1778
2025-07-17 02:08:00,6281.1778
2025-07-17 02:09:00,6281.1778
2025-07-17 02:10:00,6281.1778
2025-07-17 02:11:00,6281.1778
2025-07-17 02:12:00,6281.1778
2025-07-17 02:13:00,6281.1778
2025-07-17 02:14:00,6281.1778
2025-07-17 02:15:00,6281.1778
2025-07-17 02:16:00,6281.1778
2025-07-17 02:17:00,6281.1778
2025-07-17 02:18:00,6281.1778
2025-07-17 02:19:00,6281.1778
2025-07-17 02:20:00,6281.1778
2025-07-17 02:21:00,6281.1778
2025-07-17 02:22:00,6281.1778
2025-07-17 02:23:00,6281.1778
2025-07-17 02:24:00,6281.1778
2025-07-17 02:25:00,6281.1778
2025-07-17 02:26:00,6281.1778
2025-07-17 02:27:00,6281.1778
2025-07-17 02:28:00,6281.1778
2025-07-17 02:29:00,6281.1778
2025-07-17 02:30:00,6281.1778
2025-07-17 02:31:00,6281.1778
2025-07-17 02:32:00,6281.1778
2025-07-17 02:33:00,6281.1778
2025-07-17 02:34:00,6281.1778
2025-07-17 02:35:00,6281.1778
2025-07-17 02:36:00,6281.1778
2025-07-17 02:37:00,6281.1778
2025-07-17 02:38:00,6281.1778
2025-07-17 02:39:00,6281.1778
2025-07-17 02:40:00,6281.1778
2025-07-17 02:41:00,6281.1778
2025-07-17 02:42:00,6281.1778
2025-07-17 02:43:00,6281.1778
2025-07-17 02:44:00,6281.1778
2025-07-17 02:45:00,6281.1778
2025-07-17 02:46:00,6281.1778
2025-07-17 02:47:00,6281.1778
2025-07-17 02:48:00,6281.1778
2025-07-17 02:49:00,6281.1778
2025-07-17 02:50:00,6281.1778
2025-07-17 02:51:00,6281.1778
2025-07-17 02:52:00,6281.1778
2025-07-17 02:53:00,6281.1778
2025-07-17 02:54:00,6281.1778
2025-07-17 02:55:00,6281.1778
2025-07-17 02:56:00,6281.1778
2025-07-17 02:57:00,6281.1778
2025-07-17 02:58:00,6281.1778
2025-07-17 02:59:00,6281.1778
2025-07-17 03:00:00,6281.1778
2025-07-17 03:01:00,6281.1778
2025-07-17 03:02:00,6281.1778
2025-07-17 03:03:00,6281.1778
2025-07-17 03:04:00,6281.1778
2025-07-17 03:05:00,6281.1778
2025-07-17 03:06:00,6281.1778
2025-07-17 03:07:00,6281.1778
2025-07-17 03:08:00,6281.1778
2025-07-17 03:09:00,6281.1778
2025-07-17 03:10:00,6281.1778
2025-07-17 03:11:00,6281.1778
2025-07-17 03:12:00,6281.1778
2025-07-17 03:13:00,6281.1778
2025-07-17 03:14:00,6281.1778
2025-07-17 03:15:00,6281.1778
2025-07-17 03:16:00,6281.1778
2025-07-17 03:17:00,6281.1778
2025-07-17 03:18:00,6281.1778
2025-07-17 03:19:00,6281.1778
2025-07-17 03:20:00,6281.1778
2025-07-17 03:21:00,6281.1778
2025-07-17 03:22:00,6281.1778
2025-07-17 03:23:00,6281.1778
2025-07-17 03:24:00,6281.1778
2025-07-17 03:25:00,6281.1778
2025-07-17 03:26:00,6281.1778
2025-07-17 03:27:00,6281.1778
2025-07-17 03:28:00,6281.1778
2025-07-17 03:29:00,6281.1778
2025-07-17 03:30:00,6281.1778
2025-07-17 03:31:00,6281.1778
2025-07-17 03:32:00,6281.1778
2025-07-17 03:33:00,6281.1778
2025-07-17 03:34:00,6281.1778
2025-07-17 03:35:00,6281.1778
2025-07-17 03:36:00,6281.1778
2025-07-17 03:37:00,6281.1778
2025-07-17 03:38:00,6281.1778
2025-07-17 03:39:00,6281.1778
2025-07-17 03:40:00,6281.1778
2025-07-17 03:41:00,6281.1778
2025-07-17 03:42:00,6281.1778
2025-07-17 03:43:00,6281.1778
2025-07-17 03:44:00,6281.1778
2025-07-17 03:45:00,6281.1778
2025-07-17 03:46:00,6281.1778
2025-07-17 03:47:00,6281.1778
2025-07-17 03:48:00,6281.1778
2025-07-17 03:49:00,6281.1778
2025-07-17 03:50:00,6281.1778
2025-07-17 03:51:00,6281.1778
2025-07-17 03:52:00,6281.1778
2025-07-17 03:53:00,6281.1778
2025-07-17 03:54:00,6281.1778
2025-07-17 03:55:00,6281.1778
2025-07-17 03:56:00,6281.1778
2025-07-17 03:57:00,6281.1778
2025-07-17 03:58:00,6281.1778
2025-07-17 03:59:00,6281.1778
2025-07-17 04:00:00,6281.1778
2025-07-17 04:01:00,6281.1778
2025-07-17 04:02:00,6281.1778
2025-07-17 04:03:00,6281.1778
2025-07-17 04:04:00,6281.1778
2025-07-17 04:05:00,6281.1778
2025-07-17 04:06:00,6281.1778
2025-07-17 04:07:00,6281.1778
2025-07-17 04:08:00,6281.1778
2025-07-17 04:09:00,6281.1778
2025-07-17 04:10:00,6281.1778
2025-07-17 04:11:00,6281.1778
2025-07-17 04:12:00,6281.1778
2025-07-17 04:13:00,6281.1778
2025-07-17 04:14:00,6281.1778
2025-07-17 04:15:00,6281.1778
2025-07-17 04:16:00,6281.1778
2025-07-17 04:17:00,6281.1778
2025-07-17 04:18:00,6281.1778
2025-07-17 04:19:00,6281.1778
2025-07-17 04:20:00,6281.1778
2025-07-17 04:21:00,6281.1778
2025-07-17 04:22:00,6281.1778
2025-07-17 04:23:00,6281.1778
2025-07-17 04:24:00,6281.1778
2025-07-17 04:25:00,6281.1778
2025-07-17 04:26:00,6281.1778
2025-07-17 04:27:00,6281.1778
2025-07-17 04:28:00,6281.1778
2025-07-17 04:29:00,6281.1778
2025-07-17 04:30:00,6281.1778
2025-07-17 04:31:00,6281.1778
2025-07-17 04:32:00,6281.1778
2025-07-17 04:33:00,6281.1778
2025-07-17 04:34:00,6281.1778
2025-07-17 04:35:00,6281.1778
2025-07-17 04:36:00,6281.1778
2025-07-17 04:37:00,6281.1778
2025-07-17 04:38:00,6281.1778
2025-07-17 04:39:00,6281.1778
2025-07-17 04:40:00,6281.1778
2025-07-17 04:41:00,6281.1778
2025-07-17 04:42:00,6281.1778
2025-07-17 04:43:00,6281.1778
2025-07-17 04:44:00,6281.1778
2025-07-17 04:45:00,6281.1778
2025-07-17 04:46:00,6281.1778
2025-07-17 04:47:00,6281.1778
2025-07-17 04:48:00,6281.1778
2025-07-17 04:49:00,6281.1778
2025-07-17 04:50:00,6281.1778
2025-07-17 04:51:00,6281.1778
2025-07-17 04:52:00,6281.1778
2025-07-17 04:53:00,6281.1778
2025-07-17 04:54:00,6281.1778
2025-07-17 04:55:00,6281.1778
2025-07-17 04:56:00,6281.1778
2025-07-17 04:57:00,6281.1778
2025-07-17 04:58:00,6281.1778
2025-07-17 05:00:00,6281.1778
2025-07-17 05:10:00,6281.1778
2025-07-17 05:20:00,6281.1778
2025-07-17 05:30:00,6281.1778
2025-07-17 05:40:00,6281.1778
2025-07-17 05:50:00,6281.1778
2025-07-17 06:00:00,6281.1778
2025-07-17 06:10:00,6281.1778
2025-07-17 06:20:00,6281.1778
2025-07-17 06:30:00,6281.1778
2025-07-17 06:40:00,6281.1778
2025-07-17 06:50:00,6281.1778
2025-07-17 07:00:00,6281.1778
2025-07-17 07:10:00,6281.1778
2025-07-17 07:20:00,6281.1778
2025-07-17 07:30:00,6281.1778
2025-07-17 07:40:00,6281.1778
2025-07-17 07:50:00,6281.1778
2025-07-17 08:00:00,6281.1778
2025-07-17 08:10:00,6281.1778
2025-07-17 08:20:00,6281.1778
2025-07-17 08:30:00,6281.1778
2025-07-17 08:40:00,6281.1778
2025-07-17 08:50:00,6281.1778
2025-07-17 09:00:00,6281.1778
2025-07-17 09:10:00,6281.1778
2025-07-17 09:20:00,6281.1778
2025-07-17 09:30:00,6281.1778
2025-07-17 09:40:00,6281.1778
2025-07-17 09:50:00,6281.1778
2025-07-17 10:00:00,6281.1778
2025-07-17 10:10:00,6281.1778
2025-07-17 10:20:00,6281.1778
2025-07-17 10:30:00,6281.1778
2025-07-17 10:40:00,6281.1778
2025-07-17 10:50:00,6281.1778
2025-07-17 11:00:00,6281.1778
2025-07-17 11:10:00,6281.1778
2025-07-17 11:20:00,6281.1778
2025-07-17 11:30:00,6281.1778
2025-07-17 11:40:00,6281.1778
2025-07-17 11:50:00,6281.1778
2025-07-17 12:00:00,6281.1778
2025-07-17 12:10:00,6281.1778
2025-07-17 12:20:00,6281.1778
2025-07-17 12:30:00,6281.1778
2025-07-17 12:40:00,6281.1778
2025-07-17 12:50:00,6281.1778
2025-07-17 13:00:00,6281.1778
2025-07-17 13:10:00,6281.1778
2025-07-17 13:20:00,6281.1778
2025-07-17 13:30:00,6281.1778
2025-07-17 13:40:00,6281.1778
2025-07-17 13:50:00,6281.1778
2025-07-17 14:00:00,6281.1778
2025-07-17 14:10:00,6281.1778
2025-07-17 14:20:00,6281.1778
2025-07-17 14:30:00,6281.1778
2025-07-17 14:40:00,6281.1778
2025-07-17 14:50:00,6281.1778
2025-07-17 15:00:00,6281.1778
2025-07-17 15:10:00,6281.1778
2025-07-17 15:20:00,6281.1778
2025-07-17 15:30:00,6281.1778
2025-07-17 15:40:00,6281.1778
2025-07-17 15:50:00,6281.1778
2025-07-17 16:00:00,6281.1778
2025-07-17 16:10:00,6281.1778
2025-07-17 16:20:00,6281.1778
2025-07-17 16:30:00,6281.1778
2025-07-17 16:40:00,6281.1778
2025-07-17 16:50:00,6281.1778
2025-07-17 17:00:00,6281.1778
2025-07-17 17:10:00,6281.1778
2025-07-17 17:20:00,6281.1778
2025-07-17 17:30:00,6281.1778
2025-07-17 17:40:00,6281.1778
2025-07-17 17:50:00,6281.1778
2025-07-17 18:00:00,6281.1778
2025-07-17 18:10:00,6281.1778
2025-07-17 18:20:00,6281.1778
2025-07-17 18:30:00,6281.1778
2025-07-17 18:40:00,6281.1778
2025-07-17 18:50:00,6281.1778
2025-07-17 19:00:00,6281.1778
2025-07-17 19:10:00,6281.1778
2025-07-17 19:20:00,6281.1778
2025-07-17 19:30:00,6281.1778
2025-07-17 19:40:00,6281.1778
2025-07-17 19:50:00,6281.1778
2025-07-17 20:00:00,6281.1778
2025-07-17 20:10:00,6281.1778
2025-07-17 20:20:00,6281.1778
2025-07-17 20:30:00,6281.1778
2025-07-17 20:40:00,6281.1778
2025-07-17 20:50:00,6281.1778
2025-07-17 21:00:00,6281.1778
2025-07-17 21:10:00,6281.1778
2025-07-17 21:20:00,6281.1778
2025-07-17 21:30:00,6281.1778
2025-07-17 21:40:00,6281.1778
2025-07-17 21:50:00,6281.1778
2025-07-17 22:00:00,6281.1778
2025-07-17 22:10:00,6281.1778
2025-07-17 22:20:00,6281.1778
2025-07-17 22:30:00,6281.1778
2025-07-17 22:40:00,6281.1778
2025-07-17 22:50:00,6281.1778
2025-07-17 23:00:00,6281.1778
2025-07-17 23:10:00,6281.1778
2025-07-17 23:20:00,6281.1778
2025-07-17 23:30:00,6281.1778
2025-07-17 23:40:00,6281.1778
2025-07-17 23:50:00,6281.1778
2025-07-18 00:00:00,6281.1778
2025-07-18 00:10:00,6281.1778
2025-07-18 00:20:00,6281.1778
2025-07-18 00:30:00,6281.1778
2025-07-18 00:40:00,6281.1778
2025-07-18 00:50:00,6281.1778
2025-07-18 01:00:00,6281.1778
2025-07-18 01:10:00,6281.1778
2025-07-18 01:20:00,6281.1778
2025-07-18 01:30:00,6281.1778
2025-07-18 01:40:00,6281.1778
2025-07-18 01:50:00,6281.1778
2025-07-18 02:00:00,6281.1778
2025-07-18 02:10:00,6281.1778
2025-07-18 02:20:00,6281.1778
2025-07-18 02:30:00,6281.1778
2025-07-18 02:40:00,6281.1778
2025-07-18 02:50:00,6281.1778
2025-07-18 03:00:00,6281.1778
2025-07-18 03:10:00,6281.1778
2025-07-18 03:20:00,6281.1778
2025-07-18 03:30:00,6281.1778
2025-07-18 03:40:00,6281.1778
2025-07-18 03:50:00,6281.1778
2025-07-18 04:00:00,6281.1778
2025-07-18 04:10:00,6281.1778
2025-07-18 04:20:00,6281.1778
2025-07-18 04:30:00,6281.1778
2025-07-18 04:40:00,6281.1778
2025-07-18 04:44:23,6281.1778
2025-07-18 04:50:00,6281.1778
2025-07-18 05:00:00,6281.1778
2025-07-18 05:10:00,6281.1778
2025-07-18 05:20:00,6281.1778
2025-07-18 05:30:00,6281.1778
2025-07-18 05:40:00,6281.1778
2025-07-18 05:50:00,6281.1778
2025-07-18 06:00:00,6281.1778
2025-07-18 06:10:00,6281.1778
2025-07-18 06:20:00,6281.1778
2025-07-18 06:30:00,6281.1778
2025-07-18 06:40:00,6281.1778
2025-07-18 06:50:00,6281.1778
2025-07-18 07:00:00,6281.1778
2025-07-18 07:10:00,6281.1778
2025-07-18 07:20:00,6281.1778
2025-07-18 07:20:30,6281.1778
2025-07-18 07:21:20,6281.1778
2025-07-18 07:30:00,6281.1778
2025-07-18 07:40:00,6281.1778
2025-07-18 07:50:00,6281.1778
2025-07-18 08:00:00,6281.1778
2025-07-18 08:10:00,6281.1778
2025-07-18 08:20:00,6281.1778
2025-07-18 08:30:00,6281.1778
2025-07-18 08:32:39,6281.1778
2025-07-18 08:33:21,6281.1778
2025-07-18 08:40:00,6281.1778
2025-07-18 08:50:00,6281.1778
2025-07-18 09:00:00,6281.1778
2025-07-18 09:10:00,6281.1778
2025-07-18 09:20:00,6281.1778
2025-07-18 09:30:00,6281.1778
2025-07-18 09:40:00,6281.1778
2025-07-18 09:50:00,6281.1778
2025-07-18 10:00:00,6281.1778
2025-07-18 10:02:23,6281.1778
2025-07-18 10:08:24,6281.1778
2025-07-18 10:10:00,6281.1778
2025-07-18 10:11:08,6281.1778
2025-07-18 10:20:00,6281.1778
2025-07-18 10:30:00,6281.1778
2025-07-18 10:40:00,6281.1778
2025-07-18 10:50:00,6281.1778
2025-07-18 11:00:00,6281.1778
2025-07-18 11:10:00,6281.1778
2025-07-18 11:20:00,6281.1778
2025-07-18 11:30:00,6281.1778
2025-07-18 11:40:00,6281.1778
2025-07-18 11:50:00,6281.1778
2025-07-18 12:00:00,6281.1778
2025-07-18 12:10:00,6281.1778
2025-07-18 12:20:00,6281.1778
2025-07-18 12:30:00,6281.1778
2025-07-18 12:40:00,6281.1778
2025-07-18 12:50:00,6281.1778
2025-07-18 13:00:00,6281.1778
2025-07-18 13:10:00,6281.1778
2025-07-18 13:20:00,6281.1778
2025-07-18 13:30:00,6281.1778
2025-07-18 13:40:00,6281.1778
2025-07-18 13:50:00,6281.1778
2025-07-18 14:00:00,6281.1778
2025-07-18 14:03:20,6281.1778
2025-07-18 14:10:00,6281.1778
2025-07-18 14:20:00,6281.1778
2025-07-18 14:30:00,6281.1778
2025-07-18 14:40:00,6281.1778
2025-07-18 14:50:00,6281.1778
2025-07-18 15:00:00,6281.1778
2025-07-18 15:10:00,6281.1778
2025-07-18 15:20:00,6281.1778
2025-07-18 15:30:00,6281.1778
2025-07-18 15:40:00,6281.1778
2025-07-18 15:50:00,6281.1778
2025-07-18 16:00:00,6281.1778
2025-07-18 16:10:00,6281.1778
2025-07-18 16:20:00,6281.1778
2025-07-18 16:30:00,6281.1778
2025-07-18 16:40:00,6281.1778
2025-07-18 16:50:00,6281.1778
2025-07-18 17:00:00,6281.1778
2025-07-18 17:10:00,6281.1778
2025-07-18 17:20:00,6281.1778
2025-07-18 17:30:00,6281.1778
2025-07-18 17:40:00,6281.1778
2025-07-18 17:46:19,6281.1778
2025-07-18 17:46:39,6281.1778
2025-07-18 17:50:00,6281.1778
2025-07-18 17:52:22,6281.1778
2025-07-18 17:52:30,6281.1778
2025-07-18 18:00:00,6281.1778
2025-07-18 18:10:00,6281.1778
2025-07-18 18:20:00,6281.1778
2025-07-18 18:30:00,6281.1778
2025-07-18 18:40:00,6281.1778
2025-07-18 18:50:00,6281.1778
2025-07-18 19:00:00,6281.1778
2025-07-18 19:10:00,6281.1778
2025-07-18 19:20:00,6281.1778
2025-07-18 19:30:00,6281.1778
2025-07-18 19:40:00,6281.1778
2025-07-18 19:50:00,6281.1778
2025-07-18 20:00:00,6281.1778
2025-07-18 20:10:00,6281.1778
2025-07-18 20:20:00,6281.1778
2025-07-18 20:30:00,6281.1778
2025-07-18 20:40:00,6281.1778
2025-07-18 20:50:00,6281.1778
2025-07-18 21:00:00,6281.1778
2025-07-18 21:10:00,6281.1778
2025-07-18 21:20:00,6281.1778
2025-07-18 21:30:00,6281.1778
2025-07-18 21:40:00,6281.1778
2025-07-18 21:50:00,6281.1778
2025-07-18 22:00:00,6281.1778
2025-07-18 22:10:00,6281.1778
2025-07-18 22:15:22,6281.1778
2025-07-18 22:20:00,6281.1778
2025-07-18 22:30:00,6281.1778
2025-07-18 22:40:00,6281.1778
2025-07-18 22:50:00,6281.1778
2025-07-18 23:00:00,6281.1778
2025-07-18 23:10:00,6281.1778
2025-07-18 23:20:00,6281.1778
2025-07-18 23:30:00,6281.1778
2025-07-18 23:40:00,6281.1778
2025-07-18 23:50:00,6281.1778
2025-07-19 00:00:00,6281.1778
2025-07-19 00:10:00,6281.1778
2025-07-19 00:20:00,6281.1778
2025-07-19 00:30:00,6281.1778
2025-07-19 00:40:00,6281.1778
2025-07-19 00:50:00,6281.1778
2025-07-19 01:00:00,6281.1778
2025-07-19 01:10:00,6281.1778
2025-07-19 01:20:00,6281.1778
2025-07-19 01:30:00,6281.1778
2025-07-19 01:40:00,6281.1778
2025-07-19 01:50:00,6281.1778
2025-07-19 02:00:00,6281.1778
2025-07-19 02:10:00,6281.1778
2025-07-19 02:20:00,6281.1778
2025-07-19 02:30:00,6281.1778
2025-07-19 02:40:00,6281.1778
2025-07-19 02:50:00,6281.1778
2025-07-19 03:00:00,6281.1778
2025-07-19 03:10:00,6281.1778
2025-07-19 03:20:00,6281.1778
2025-07-19 03:30:00,6281.1778
2025-07-19 03:38:21,6281.1778
2025-07-19 03:40:00,6281.1778
2025-07-19 03:50:00,6281.1778
2025-07-19 04:00:00,6281.1778
2025-07-19 04:10:00,6281.1778
2025-07-19 04:20:00,6281.1778
2025-07-19 04:30:00,6281.1778
2025-07-19 04:40:00,6281.1778
2025-07-19 04:50:00,6281.1778
2025-07-19 05:00:00,6281.1778
2025-07-19 05:10:00,6281.1778
2025-07-19 05:20:00,6281.1778
2025-07-19 05:30:00,6281.1778
2025-07-19 05:40:00,6281.1778
2025-07-19 05:50:00,6281.1778
2025-07-19 06:00:00,6281.1778
2025-07-19 06:10:00,6281.1778
2025-07-19 06:20:00,6281.1778
2025-07-19 06:30:00,6281.1778
2025-07-19 06:40:00,6281.1778
2025-07-19 06:50:00,6281.1778
2025-07-19 07:00:00,6281.1778
2025-07-19 07:03:38,6281.1778
2025-07-19 07:04:16,6281.1778
2025-07-19 07:10:00,6281.1778
2025-07-19 07:20:00,6281.1778
2025-07-19 07:30:00,6281.1778
2025-07-19 07:40:00,6281.1778
2025-07-19 07:46:37,6281.1778
2025-07-19 07:47:22,6281.1778
2025-07-19 07:50:00,6281.1778
2025-07-19 08:00:00,6281.1778
2025-07-19 08:10:00,6281.1778
2025-07-19 08:20:00,6281.1778
2025-07-19 08:30:00,6281.1778
2025-07-19 08:40:00,6281.1778
2025-07-19 08:50:00,6281.1778
2025-07-19 09:00:00,6281.1778
2025-07-19 09:10:00,6281.1778
2025-07-19 09:20:00,6281.1778
2025-07-19 09:30:00,6281.1778
2025-07-19 09:40:00,6281.1778
2025-07-19 09:50:00,6281.1778
2025-07-19 10:00:00,6281.1778
2025-07-19 10:10:00,6281.1778
2025-07-19 10:20:00,6281.1778
2025-07-19 10:30:00,6281.1778
2025-07-19 10:40:00,6281.1778
2025-07-19 10:50:00,6281.1778
2025-07-19 11:00:00,6281.1778
2025-07-19 11:10:00,6281.1778
2025-07-19 11:20:00,6281.1778
2025-07-19 11:30:00,6281.1778
2025-07-19 11:40:00,6281.1778
2025-07-19 11:50:00,6281.1778
2025-07-19 12:00:00,6281.1778
2025-07-19 12:10:00,6281.1778
2025-07-19 12:20:00,6281.1778
2025-07-19 12:30:00,6281.1778
2025-07-19 12:40:00,6281.1778
2025-07-19 12:50:00,6281.1778
2025-07-19 13:00:00,6281.1778
2025-07-19 13:10:00,6281.1778
2025-07-19 13:20:00,6281.1778
2025-07-19 13:30:00,6281.1778
2025-07-19 13:40:00,6281.1778
2025-07-19 13:50:00,6281.1778
2025-07-19 14:00:00,6281.1778
2025-07-19 14:10:00,6281.1778
2025-07-19 14:20:00,6281.1778
2025-07-19 14:30:00,6281.1778
2025-07-19 14:40:00,6281.1778
2025-07-19 14:50:00,6281.1778
2025-07-19 15:00:00,6281.1778
2025-07-19 15:10:00,6281.1778
2025-07-19 15:20:00,6281.1778
2025-07-19 15:30:00,6281.1778
2025-07-19 15:40:00,6281.1778
2025-07-19 15:50:00,6281.1778
2025-07-19 16:00:00,6281.1778
2025-07-19 16:10:00,6281.1778
2025-07-19 16:20:00,6281.1778
2025-07-19 16:30:00,6281.1778
2025-07-19 16:40:00,6281.1778
2025-07-19 16:50:00,6281.1778
2025-07-19 17:00:00,6281.1778
2025-07-19 17:10:00,6281.1778
2025-07-19 17:20:00,6281.1778
2025-07-19 17:30:00,6281.1778
2025-07-19 17:40:00,6281.1778
2025-07-19 17:50:00,6281.1778
2025-07-19 18:00:00,6281.1778
2025-07-19 18:10:00,6281.1778
2025-07-19 18:20:00,6281.1778
2025-07-19 18:30:00,6281.1778
2025-07-19 18:40:00,6281.1778
2025-07-19 18:50:00,6281.1778
2025-07-19 19:00:00,6281.1778
2025-07-19 19:10:00,6281.1778
2025-07-19 19:20:00,6281.1778
2025-07-19 19:30:00,6281.1778
2025-07-19 19:40:00,6281.1778
2025-07-19 19:50:00,6281.1778
2025-07-19 20:00:00,6281.1778
2025-07-19 20:10:00,6281.1778
2025-07-19 20:20:00,6281.1778
2025-07-19 20:30:00,6281.1778
2025-07-19 20:40:00,6281.1778
2025-07-19 20:50:00,6281.1778
2025-07-19 21:00:00,6281.1778
2025-07-19 21:10:00,6281.1778
2025-07-19 21:20:00,6281.1778
2025-07-19 21:30:00,6281.1778
2025-07-19 21:40:00,6281.1778
2025-07-19 21:50:00,6281.1778
2025-07-19 22:00:00,6281.1778
2025-07-19 22:10:00,6281.1778
2025-07-19 22:20:00,6281.1778
2025-07-19 22:30:00,6281.1778
2025-07-19 22:40:00,6281.1778
2025-07-19 22:50:00,6281.1778
2025-07-19 23:00:00,6281.1778
2025-07-19 23:10:00,6281.1778
2025-07-19 23:20:00,6281.1778
2025-07-19 23:30:00,6281.1778
2025-07-19 23:40:00,6281.1778
2025-07-19 23:50:00,6281.1778
2025-07-20 00:00:00,6281.1778
2025-07-20 00:10:00,6281.1778
2025-07-20 00:20:00,6281.1778
2025-07-20 00:30:00,6281.1778
2025-07-20 00:40:00,6281.1778
2025-07-20 00:50:00,6281.1778
2025-07-20 01:00:00,6281.1778
2025-07-20 01:10:00,6281.1778
2025-07-20 01:20:00,6281.1778
2025-07-20 01:30:00,6281.1778
2025-07-20 01:40:00,6281.1778
2025-07-20 01:50:00,6281.1778
2025-07-20 02:00:00,6281.1778
2025-07-20 02:10:00,6281.1778
2025-07-20 02:20:00,6281.1778
2025-07-20 02:30:00,6281.1778
2025-07-20 02:40:00,6281.1778
2025-07-20 02:50:00,6281.1778
2025-07-20 03:00:00,6281.1778
2025-07-20 03:10:00,6281.1778
2025-07-20 03:20:00,6281.1778
2025-07-20 03:30:00,6281.1778
2025-07-20 03:40:00,6281.1778
2025-07-20 03:50:00,6281.1778
2025-07-20 04:00:00,6281.1778
2025-07-20 04:10:00,6281.1778
2025-07-20 04:20:00,6281.1778
2025-07-20 04:30:00,6281.1778
2025-07-20 04:40:00,6281.1778
2025-07-20 04:50:00,6281.1778
2025-07-20 05:00:00,6281.1778
2025-07-20 05:10:00,6281.1778
2025-07-20 05:20:00,6281.1778
2025-07-20 05:30:00,6281.1778
2025-07-20 05:40:00,6281.1778
2025-07-20 05:50:00,6281.1778
2025-07-20 06:00:00,6281.1778
2025-07-20 06:10:00,6281.1778
2025-07-20 06:20:00,6281.1778
2025-07-20 06:30:00,6281.1778
2025-07-20 06:40:00,6281.1778
2025-07-20 06:50:00,6281.1778
2025-07-20 07:00:00,6281.1778
2025-07-20 07:10:00,6281.1778
2025-07-20 07:20:00,6281.1778
2025-07-20 07:30:00,6281.1778
2025-07-20 07:40:00,6281.1778
2025-07-20 07:50:00,6281.1778
2025-07-20 08:00:00,6281.1778
2025-07-20 08:10:00,6281.1778
2025-07-20 08:20:00,6281.1778
2025-07-20 08:30:00,6281.1778
2025-07-20 08:40:00,6281.1778
2025-07-20 08:50:00,6281.1778
2025-07-20 09:00:00,6281.1778
2025-07-20 09:10:00,6281.1778
2025-07-20 09:20:00,6281.1778
2025-07-20 09:30:00,6281.1778
2025-07-20 09:40:00,6281.1778
2025-07-20 09:50:00,6281.1778
2025-07-20 10:00:00,6281.1778
2025-07-20 10:10:00,6281.1778
2025-07-20 10:20:00,6281.1778
2025-07-20 10:30:00,6281.1778
2025-07-20 10:40:00,6281.1778
2025-07-20 10:50:00,6281.1778
2025-07-20 11:00:00,6281.1778
2025-07-20 11:10:00,6281.1778
2025-07-20 11:20:00,6281.1778
2025-07-20 11:30:00,6281.1778
2025-07-20 11:40:00,6281.1778
2025-07-20 11:50:00,6281.1778
2025-07-20 12:00:00,6281.1778
2025-07-20 12:10:00,6281.1778
2025-07-20 12:20:00,6281.1778
2025-07-20 12:30:00,6281.1778
2025-07-20 12:40:00,6281.1778
2025-07-20 12:50:00,6281.1778
2025-07-20 13:00:00,6281.1778
2025-07-20 13:10:00,6281.1778
2025-07-20 13:20:00,6281.1778
2025-07-20 13:30:00,6281.1778
2025-07-20 13:40:00,6281.1778
2025-07-20 13:50:00,6281.1778
2025-07-20 14:00:00,6281.1778
2025-07-20 14:10:00,6281.1778
2025-07-20 14:20:00,6281.1778
2025-07-20 14:30:00,6281.1778
2025-07-20 14:40:00,6281.1778
2025-07-20 14:50:00,6281.1778
2025-07-20 15:00:00,6281.1778
2025-07-20 15:10:00,6281.1778
2025-07-20 15:20:00,6281.1778
2025-07-20 15:30:00,6281.1778
2025-07-20 15:40:00,6281.1778
2025-07-20 15:50:00,6281.1778
2025-07-20 16:00:00,6281.1778
2025-07-20 16:10:00,6281.1778
2025-07-20 16:20:00,6281.1778
2025-07-20 16:30:00,6281.1778
2025-07-20 16:40:00,6281.1778
2025-07-20 16:50:00,6281.1778
2025-07-20 17:00:00,6281.1778
2025-07-20 17:10:00,6281.1778
2025-07-20 17:20:00,6281.1778
2025-07-20 17:30:00,6281.1778
2025-07-20 17:40:00,6281.1778
2025-07-20 17:50:00,6281.1778
2025-07-20 18:00:00,6281.1778
2025-07-20 18:10:00,6281.1778
2025-07-20 18:20:00,6281.1778
2025-07-20 18:30:00,6281.1778
2025-07-20 18:40:00,6281.1778
2025-07-20 18:50:00,6281.1778
2025-07-20 19:00:00,6281.1778
2025-07-20 19:10:00,6281.1778
2025-07-20 19:20:00,6281.1778
2025-07-20 19:30:00,6281.1778
2025-07-20 19:40:00,6281.1778
2025-07-20 19:50:00,6281.1778
2025-07-20 20:00:00,6281.1778
2025-07-20 20:10:00,6281.1778
2025-07-20 20:20:00,6281.1778
2025-07-20 20:30:00,6281.1778
2025-07-20 20:40:00,6281.1778
2025-07-20 20:50:00,6281.1778
2025-07-20 21:00:00,6281.1778
2025-07-20 21:10:00,6281.1778
2025-07-20 21:20:00,6281.1778
2025-07-20 21:30:00,6281.1778
2025-07-20 21:40:00,6281.1778
2025-07-20 21:50:00,6281.1778
2025-07-20 22:00:00,6281.1778
2025-07-20 22:10:00,6281.1778
2025-07-20 22:20:00,6281.1778
2025-07-20 22:30:00,6281.1778
2025-07-20 22:40:00,6281.1778
2025-07-20 22:50:00,6281.1778
2025-07-20 23:00:00,6281.1778
2025-07-20 23:10:00,6281.1778
2025-07-20 23:20:00,6281.1778
2025-07-20 23:30:00,6281.1778
2025-07-20 23:40:00,6281.1778
2025-07-20 23:50:00,6281.1778
2025-07-21 00:00:00,6281.1778
2025-07-21 00:10:00,6281.1778
2025-07-21 00:20:00,6281.1778
2025-07-21 00:30:00,6281.1778
2025-07-21 00:40:00,6281.1778
2025-07-21 00:50:00,6281.1778
2025-07-21 01:00:00,6281.1778
2025-07-21 01:10:00,6281.1778
2025-07-21 01:20:00,6281.1778
2025-07-21 01:30:00,6281.1778
2025-07-21 01:46:26,6281.1778
2025-07-21 01:50:00,6281.1778
2025-07-21 02:00:00,6281.1778
2025-07-21 02:06:54,6281.1778
2025-07-21 02:10:00,6281.1778
2025-07-21 02:20:00,6281.1778
2025-07-21 02:27:22,6281.1778
2025-07-21 02:30:00,6281.1778
2025-07-21 02:40:00,6281.1778
2025-07-21 02:47:52,6281.1778
2025-07-21 02:50:00,6281.1778
2025-07-21 03:00:00,6281.1778
2025-07-21 03:08:21,6281.1778
2025-07-21 03:10:00,6281.1778
2025-07-21 03:20:00,6281.1778
2025-07-21 03:28:51,6281.1778
2025-07-21 03:30:00,6281.1778
2025-07-21 03:40:00,6281.1778
2025-07-21 03:50:00,6281.1778
2025-07-21 04:00:00,6281.1778
2025-07-21 04:10:00,6281.1778
2025-07-21 04:20:00,6281.1778
2025-07-21 04:30:00,6281.1778
2025-07-21 04:40:00,6281.1778
2025-07-21 04:50:00,6281.1778
2025-07-21 05:00:00,6281.1778
2025-07-21 05:10:00,6281.1778
2025-07-21 05:20:00,6281.1778
2025-07-21 05:30:00,6281.1778
2025-07-21 05:40:00,6281.1778
2025-07-21 05:50:00,6281.1778
2025-07-21 06:00:00,6281.1778
2025-07-21 06:10:00,6281.1778
2025-07-21 06:20:00,6281.1778
2025-07-21 06:30:00,6281.1778
2025-07-21 06:40:00,6281.1778
2025-07-21 06:50:00,6281.1778
2025-07-21 07:00:00,6281.1778
2025-07-21 07:10:00,6281.1778
2025-07-21 07:20:00,6281.1778
2025-07-21 07:30:00,6281.1778
2025-07-21 07:40:00,6281.1778
2025-07-21 07:50:00,6281.1778
2025-07-21 08:00:00,6281.1778
2025-07-21 08:10:00,6281.1778
2025-07-21 08:20:00,6281.1778
2025-07-21 08:30:00,6281.1778
2025-07-21 08:40:00,6281.1778
2025-07-21 08:50:00,6281.1778
2025-07-21 09:00:00,6281.1778
2025-07-21 09:10:00,6281.1778
2025-07-21 09:20:00,6281.1778
2025-07-21 09:30:00,6281.1778
2025-07-21 09:40:00,6281.1778
2025-07-21 09:50:00,6281.1778
2025-07-21 10:00:00,6281.1778
2025-07-21 10:10:00,6281.1778
2025-07-21 10:20:00,6281.1778
2025-07-21 10:30:00,6281.1778
2025-07-21 10:40:00,6281.1778
2025-07-21 10:50:00,6281.1778
2025-07-21 11:00:00,6281.1778
2025-07-21 11:10:00,6281.1778
2025-07-21 11:20:00,6281.1778
2025-07-21 11:30:00,6281.1778
2025-07-21 11:40:00,6281.1778
2025-07-21 11:50:00,6281.1778
2025-07-21 12:00:00,6281.1778
2025-07-21 12:10:00,6281.1778
2025-07-21 12:20:00,6281.1778
2025-07-21 12:30:00,6281.1778
2025-07-21 12:40:00,6281.1778
2025-07-21 12:50:00,6281.1778
2025-07-21 13:00:00,6281.1778
2025-07-21 13:10:00,6281.1778
2025-07-21 13:20:00,6281.1778
2025-07-21 13:30:00,6281.1778
2025-07-21 13:40:00,6281.1778
2025-07-21 13:50:00,6281.1778
2025-07-21 14:00:00,6281.1778
2025-07-21 14:10:00,6281.1778
2025-07-21 14:20:00,6281.1778
2025-07-21 14:30:00,6281.1778
2025-07-21 14:40:00,6281.1778
2025-07-21 14:50:00,6281.1778
2025-07-21 15:00:00,6281.1778
2025-07-21 15:10:00,6281.1778
2025-07-21 15:20:00,6281.1778
2025-07-21 15:30:00,6281.1778
2025-07-21 15:40:00,6281.1778
2025-07-21 15:50:00,6281.1778
2025-07-21 16:00:00,6281.1778
2025-07-21 16:10:00,6281.1778
2025-07-21 16:20:00,6281.1778
2025-07-21 16:30:00,6281.1778
2025-07-21 16:40:00,6281.1778
2025-07-21 16:50:00,6281.1778
2025-07-21 17:00:00,6281.1778
2025-07-21 17:10:00,6281.1778
2025-07-21 17:20:00,6281.1778
2025-07-21 17:30:00,6281.1778
2025-07-21 17:40:00,6281.1778
2025-07-21 17:50:00,6281.1778
2025-07-21 18:00:00,6281.1778
2025-07-21 18:10:00,6281.1778
2025-07-21 18:20:00,6281.1778
2025-07-21 18:30:00,6281.1778
2025-07-21 18:40:00,6281.1778
2025-07-21 18:50:00,6281.1778
2025-07-21 19:00:00,6281.1778
2025-07-21 19:10:00,6281.1778
2025-07-21 19:20:00,6281.1778
2025-07-21 19:30:00,6281.1778
2025-07-21 19:40:00,6281.1778
2025-07-21 19:50:00,6281.1778
2025-07-21 20:00:00,6281.1778
2025-07-21 20:10:00,6281.1778
2025-07-21 20:20:00,6281.1778
2025-07-21 20:30:00,6281.1778
2025-07-21 20:40:00,6281.1778
2025-07-21 20:50:00,6281.1778
2025-07-21 21:00:00,6281.1778
2025-07-21 21:10:00,6281.1778
2025-07-21 21:20:00,6281.1778
2025-07-21 21:30:00,6281.1778
2025-07-21 21:40:00,6281.1778
2025-07-21 21:50:00,6281.1778
2025-07-21 22:00:00,6281.1778
2025-07-21 22:10:00,6281.1778
2025-07-21 22:20:00,6281.1778
2025-07-21 22:30:00,6281.1778
2025-07-21 22:40:00,6281.1778
2025-07-21 22:50:00,6281.1778
2025-07-21 23:00:00,6281.1778
2025-07-21 23:10:00,6281.1778
2025-07-21 23:20:00,6281.1778
2025-07-21 23:30:00,6281.1778
2025-07-21 23:40:00,6281.1778
2025-07-21 23:50:00,6281.1778
2025-07-22 00:00:00,6281.1778
2025-07-22 00:10:00,6281.1778
2025-07-22 00:20:00,6281.1778
2025-07-22 00:30:00,6281.1778
2025-07-22 00:40:00,6281.1778
2025-07-22 00:50:00,6281.1778
2025-07-22 01:00:00,6281.1778
2025-07-22 01:10:00,6281.1778
2025-07-22 01:20:00,6281.1778
2025-07-22 01:30:00,6281.1778
2025-07-22 01:40:00,6281.1778
2025-07-22 01:50:00,6281.1778
2025-07-22 02:00:00,6281.1778
2025-07-22 02:10:00,6281.1778
2025-07-22 02:20:00,6281.1778
2025-07-22 02:30:00,6281.1778
2025-07-22 02:40:00,6281.1778
2025-07-22 02:50:00,6281.1778
2025-07-22 03:00:00,6281.1778
2025-07-22 03:10:00,6281.1778
2025-07-22 03:20:00,6281.1778
2025-07-22 03:30:00,6281.1778
2025-07-22 03:40:00,6281.1778
2025-07-22 03:50:00,6281.1778
2025-07-22 04:00:00,6281.1778
2025-07-22 04:10:00,6281.1778
2025-07-22 04:20:00,6281.1778
2025-07-22 04:30:00,6281.1778
2025-07-22 04:40:00,6281.1778
2025-07-22 04:50:00,6281.1778
2025-07-22 05:00:00,6281.1778
2025-07-22 05:10:00,6281.1778
2025-07-22 05:20:00,6281.1778
2025-07-22 05:30:00,6281.1778
2025-07-22 05:40:00,6281.1778
2025-07-22 05:50:00,6281.1778
2025-07-22 06:00:00,6281.1778
2025-07-22 06:10:00,6281.1778
2025-07-22 06:20:00,6281.1778
2025-07-22 06:30:00,6281.1778
2025-07-22 06:40:00,6281.1778
2025-07-22 06:50:00,6281.1778
2025-07-22 07:00:00,6281.1778
2025-07-22 07:10:00,6281.1778
2025-07-22 07:20:00,6281.1778
2025-07-22 07:30:00,6281.1778
2025-07-22 07:40:00,6281.1778
2025-07-22 07:50:00,6281.1778
2025-07-22 08:00:00,6281.1778
2025-07-22 08:10:00,6281.1778
2025-07-22 08:20:00,6281.1778
2025-07-22 08:30:00,6281.1778
2025-07-22 08:40:00,6281.1778
2025-07-22 08:50:00,6281.1778
2025-07-22 09:00:00,6281.1778
2025-07-22 09:10:00,6281.1778
2025-07-22 09:20:00,6281.1778
2025-07-22 09:30:00,6281.1778
2025-07-22 09:40:00,6281.1778
2025-07-22 09:50:00,6281.1778
2025-07-22 10:00:00,6281.1778
2025-07-22 10:10:00,6281.1778
2025-07-22 10:20:00,6281.1778
2025-07-22 10:30:00,6281.1778
2025-07-22 10:40:00,6281.1778
2025-07-22 10:50:00,6281.1778
2025-07-22 11:00:00,6281.1778
2025-07-22 11:10:00,6281.1778
2025-07-22 11:20:00,6281.1778
2025-07-22 11:30:00,6281.1778
2025-07-22 11:40:00,6281.1778
2025-07-22 11:50:00,6281.1778
2025-07-22 12:00:00,6281.1778
2025-07-22 12:10:00,6281.1778
2025-07-22 12:20:00,6281.1778
2025-07-22 12:30:00,6281.1778
2025-07-22 12:40:00,6281.1778
2025-07-22 12:50:00,6281.1778
2025-07-22 13:00:00,6281.1778
2025-07-22 13:10:00,6281.1778
2025-07-22 13:20:00,6281.1778
2025-07-22 13:30:00,6281.1778
2025-07-22 13:40:00,6281.1778
2025-07-22 13:50:00,6281.1778
2025-07-22 14:00:00,6281.1778
2025-07-22 14:10:00,6281.1778
2025-07-22 14:20:00,6281.1778
2025-07-22 14:30:00,6281.1778
2025-07-22 14:40:00,6281.1778
2025-07-22 14:50:00,6281.1778
2025-07-22 15:00:00,6281.1778
2025-07-22 15:10:00,6281.1778
2025-07-22 15:20:00,6281.1778
2025-07-22 15:30:00,6281.1778
2025-07-22 15:40:00,6281.1778
2025-07-22 15:50:00,6281.1778
2025-07-22 16:00:00,6281.1778
2025-07-22 16:10:00,6281.1778
2025-07-22 16:20:00,6281.1778
2025-07-22 16:30:00,6281.1778
2025-07-22 16:40:00,6281.1778
2025-07-22 16:50:00,6281.1778
2025-07-22 17:00:00,6281.1778
2025-07-22 17:10:00,6281.1778
2025-07-22 17:20:00,6281.1778
2025-07-22 17:30:00,6281.1778
2025-07-22 17:40:00,6281.1778
2025-07-22 17:50:00,6281.1778
2025-07-22 18:00:00,6281.1778
2025-07-22 18:10:00,6281.1778
2025-07-22 18:20:00,6281.1778
2025-07-22 18:30:00,6281.1778
2025-07-22 18:40:00,6281.1778
2025-07-22 18:50:00,6281.1778
2025-07-22 19:00:00,6281.1778
2025-07-22 19:10:00,6281.1778
2025-07-22 19:20:00,6281.1778
2025-07-22 19:30:00,6281.1778
2025-07-22 19:40:00,6281.1778
2025-07-22 19:50:00,6281.1778
2025-07-22 20:00:00,6281.1778
2025-07-22 20:10:00,6281.1778
2025-07-22 20:20:00,6281.1778
2025-07-22 20:30:00,6281.1778
2025-07-22 20:40:00,6281.1778
2025-07-22 20:50:00,6281.1778
2025-07-22 21:00:00,6281.1778
2025-07-22 21:10:00,6281.1778
2025-07-22 21:20:00,6281.1778
2025-07-22 21:30:00,6281.1778
2025-07-22 21:40:00,6281.1778
2025-07-22 21:50:00,6281.1778
2025-07-22 22:00:00,6281.1778
2025-07-22 22:10:00,6281.1778
2025-07-22 22:20:00,6281.1778
2025-07-22 22:30:00,6281.1778
2025-07-22 22:40:00,6281.1778
2025-07-22 22:50:00,6281.1778
2025-07-22 23:00:00,6281.1778
2025-07-22 23:10:00,6281.1778
2025-07-22 23:20:00,6281.1778
2025-07-22 23:30:00,6281.1778
2025-07-22 23:40:00,6281.1778
2025-07-22 23:50:00,6281.1778
2025-07-23 00:00:00,6281.1778
2025-07-23 00:10:00,6281.1778
2025-07-23 00:20:00,6281.1778
2025-07-23 00:30:00,6281.1778
2025-07-23 00:40:00,6281.1778
2025-07-23 00:50:00,6281.1778
2025-07-23 01:00:00,6281.1778
2025-07-23 01:10:00,6281.1778
2025-07-23 01:20:00,6281.1778
2025-07-23 01:30:00,6281.1778
2025-07-23 01:40:00,6281.1778
2025-07-23 01:50:00,6281.1778
2025-07-23 02:00:00,6281.1778
2025-07-23 02:10:00,6281.1778
2025-07-23 02:20:00,6281.1778
2025-07-23 02:30:00,6281.1778
2025-07-23 02:40:00,6281.1778
2025-07-23 02:50:00,6281.1778
2025-07-23 03:00:00,6281.1778
2025-07-23 03:10:00,6281.1778
2025-07-23 03:20:00,6281.1778
2025-07-23 03:30:00,6281.1778
2025-07-23 03:40:00,6281.1778
2025-07-23 03:50:00,6281.1778
2025-07-23 04:00:00,6281.1778
2025-07-23 04:10:00,6281.1778
2025-07-23 04:20:00,6281.1778
2025-07-23 04:30:00,6281.1778
2025-07-23 04:40:00,6281.1778
2025-07-23 04:50:00,6281.1778
2025-07-23 05:00:00,6281.1778
2025-07-23 05:10:00,6281.1778
2025-07-23 05:20:00,6281.1778
2025-07-23 05:30:00,6281.1778
2025-07-23 05:40:00,6281.1778
2025-07-23 05:50:00,6281.1778
2025-07-23 05:59:02,6281.1778
2025-07-23 06:00:00,6281.1778
2025-07-23 06:10:00,6281.1778
2025-07-23 06:20:00,6281.1778
2025-07-23 06:30:00,6281.1778
2025-07-23 06:40:00,6281.1778
2025-07-23 06:50:00,6281.1778
2025-07-23 07:00:00,6281.1778
2025-07-23 07:10:00,6281.1778
2025-07-23 07:20:00,6281.1778
2025-07-23 07:30:00,6281.1778
2025-07-23 07:40:00,6281.1778
2025-07-23 07:50:00,6281.1778
2025-07-23 08:00:00,6281.1778
2025-07-23 08:10:00,6281.1778
2025-07-23 08:20:00,6281.1778
2025-07-23 08:30:00,6281.1778
2025-07-23 08:40:00,6281.1778
2025-07-23 08:50:00,6281.1778
2025-07-23 09:00:00,6281.1778
2025-07-23 09:10:00,6281.1778
2025-07-23 09:20:00,6281.1778
2025-07-23 09:30:00,6281.1778
2025-07-23 09:40:00,6281.1778
2025-07-23 09:50:00,6281.1778
2025-07-23 10:00:00,6281.1778
2025-07-23 10:10:00,6281.1778
2025-07-23 10:20:00,6281.1778
2025-07-23 10:30:00,6281.1778
2025-07-23 10:40:00,6281.1778
2025-07-23 10:50:00,6281.1778
2025-07-23 11:00:00,6281.1778
2025-07-23 11:10:00,6281.1778
2025-07-23 11:20:00,6281.1778
2025-07-23 11:30:00,6281.1778
2025-07-23 11:40:00,6281.1778
2025-07-23 11:50:00,6281.1778
2025-07-23 12:00:00,6281.1778
2025-07-23 12:10:00,6281.1778
2025-07-23 12:20:00,6281.1778
2025-07-23 12:30:00,6281.1778
2025-07-23 12:40:00,6281.1778
2025-07-23 12:50:00,6281.1778
2025-07-23 13:00:00,6281.1778
2025-07-23 13:10:00,6281.1778
2025-07-23 13:20:00,6281.1778
2025-07-23 13:30:00,6281.1778
2025-07-23 13:40:00,6281.1778
2025-07-23 13:50:00,6281.1778
2025-07-23 14:00:00,6281.1778
2025-07-23 14:10:00,6281.1778
2025-07-23 14:14:17,6281.1778
2025-07-23 14:16:24,6281.1778
2025-07-23 14:20:00,6281.1778
2025-07-23 14:30:00,6281.1778
2025-07-23 14:40:00,6281.1778
2025-07-23 14:50:00,6281.1778
2025-07-23 15:00:00,6281.1778
2025-07-23 15:04:21,6281.1778
2025-07-23 15:05:06,6281.1778
2025-07-23 15:06:14,6281.1778
2025-07-23 15:10:00,6281.1778
2025-07-23 15:20:00,6281.1778
2025-07-23 15:30:00,6281.1778
2025-07-23 15:40:00,6281.1778
2025-07-23 15:50:00,6281.1778
2025-07-23 16:00:00,6281.1778
2025-07-23 16:10:00,6281.1778
2025-07-23 16:20:00,6281.1778
2025-07-23 16:30:00,6281.1778
2025-07-23 16:40:00,6281.1778
2025-07-23 16:50:00,6281.1778
2025-07-23 17:00:00,6281.1778
2025-07-23 17:10:00,6281.1778
2025-07-23 17:20:00,6281.1778
2025-07-23 17:30:00,6281.1778
2025-07-23 17:40:00,6281.1778
2025-07-23 17:50:00,6281.1778
2025-07-23 18:00:00,6281.1778
2025-07-23 18:10:00,6281.1778
2025-07-23 18:20:00,6281.1778
2025-07-23 18:30:00,6281.1778
2025-07-23 18:40:00,6281.1778
2025-07-23 18:50:00,6281.1778
2025-07-23 19:00:00,6281.1778
2025-07-23 19:10:00,6281.1778
2025-07-23 19:20:00,6281.1778
2025-07-23 19:30:00,6281.1778
2025-07-23 19:40:00,6281.1778
2025-07-23 19:50:00,6281.1778
2025-07-23 20:00:00,6281.1778
2025-07-23 20:10:00,6281.1778
2025-07-23 20:20:00,6281.1778
2025-07-23 20:30:00,6281.1778
2025-07-23 20:40:00,6281.1778
2025-07-23 20:50:00,6281.1778
2025-07-23 21:00:00,6281.1778
2025-07-23 21:10:00,6281.1778
2025-07-23 21:20:00,6281.1778
2025-07-23 21:30:00,6281.1778
2025-07-23 21:40:00,6281.1778
2025-07-23 21:50:00,6281.1778
2025-07-23 22:00:00,6281.1778
2025-07-23 22:10:00,6281.1778
2025-07-23 22:20:00,6281.1778
2025-07-23 22:30:00,6281.1778
2025-07-23 22:40:00,6281.1778
2025-07-23 22:50:00,6281.1778
2025-07-23 23:00:00,6281.1778
2025-07-23 23:10:00,6281.1778
2025-07-23 23:20:00,6281.1778
2025-07-23 23:30:00,6281.1778
2025-07-23 23:40:00,6281.1778
2025-07-23 23:50:00,6281.1778
2025-07-24 00:00:00,6281.1778
2025-07-24 00:10:00,6281.1778
2025-07-24 00:20:00,6281.1778
2025-07-24 00:30:00,6281.1778
2025-07-24 00:40:00,6281.1778
2025-07-24 00:50:00,6281.1778
2025-07-24 01:00:00,6281.1778
2025-07-24 01:10:00,6281.1778
2025-07-24 01:20:00,6281.1778
2025-07-24 01:30:00,6281.1778
2025-07-24 01:40:00,6281.1778
2025-07-24 01:50:00,6281.1778
2025-07-24 02:00:00,6281.1778
2025-07-24 02:10:00,6281.1778
2025-07-24 02:20:00,6281.1778
2025-07-24 02:30:00,6281.1778
2025-07-24 02:40:00,6281.1778
2025-07-24 02:50:00,6281.1778
2025-07-24 03:00:00,6281.1778
2025-07-24 03:10:00,6281.1778
2025-07-24 03:20:00,6281.1778
2025-07-24 03:30:00,6281.1778
2025-07-24 03:40:00,6281.1778
2025-07-24 03:50:00,6281.1778
2025-07-24 04:00:00,6281.1778
2025-07-24 04:10:00,6281.1778
2025-07-24 04:20:00,6281.1778
2025-07-24 04:22:40,6281.1778
2025-07-24 04:30:00,6281.1778
2025-07-24 04:30:39,6281.1778
2025-07-24 04:38:16,6281.1778
2025-07-24 04:40:00,6281.1778
2025-07-24 04:43:41,6281.1778
2025-07-24 04:50:00,6281.1778
2025-07-24 05:00:00,6281.1778
2025-07-24 05:10:00,6281.1778
2025-07-24 05:20:00,6281.1778
2025-07-24 05:30:00,6281.1778
2025-07-24 05:33:37,6281.1778
2025-07-24 05:40:00,6281.1778
2025-07-24 05:50:00,6281.1778
2025-07-24 06:00:00,6281.1778
2025-07-24 06:10:00,6281.1778
2025-07-24 06:20:00,6281.1778
2025-07-24 06:30:00,6281.1778
2025-07-24 06:40:00,6281.1778
2025-07-24 06:50:00,6281.1778
2025-07-24 07:00:00,6281.1778
2025-07-24 07:10:00,6281.1778
2025-07-24 07:20:00,6281.1778
2025-07-24 07:30:00,6281.1778
2025-07-24 07:40:00,6281.1778
2025-07-24 07:50:00,6281.1778
2025-07-24 08:00:00,6281.1778
2025-07-24 08:10:00,6281.1778
2025-07-24 08:20:00,6281.1778
2025-07-24 08:30:00,6281.1778
2025-07-24 08:40:00,6281.1778
2025-07-24 08:50:00,6281.1778
2025-07-24 09:00:00,6281.1778
2025-07-24 09:10:00,6281.1778
2025-07-24 09:20:00,6281.1778
2025-07-24 09:30:00,6281.1778
2025-07-24 09:40:00,6281.1778
2025-07-24 09:50:00,6281.1778
2025-07-24 10:00:00,6281.1778
2025-07-24 10:10:00,6281.1778
2025-07-24 10:20:00,6281.1778
2025-07-24 10:30:00,6281.1778
2025-07-24 10:40:00,6281.1778
2025-07-24 10:50:00,6281.1778
2025-07-24 11:00:00,6281.1778
2025-07-24 11:10:00,6281.1778
2025-07-24 11:20:00,6281.1778
2025-07-24 11:30:00,6281.1778
2025-07-24 11:40:00,6281.1778
2025-07-24 11:50:00,6281.1778
2025-07-24 12:00:00,6281.1778
2025-07-24 12:10:00,6281.1778
2025-07-24 12:20:00,6281.1778
2025-07-24 12:30:00,6281.1778
2025-07-24 12:40:00,6281.1778
2025-07-24 12:50:00,6281.1778
2025-07-24 13:00:00,6281.1778
2025-07-24 13:10:00,6281.1778
2025-07-24 13:20:00,6281.1778
2025-07-24 13:30:00,6281.1778
2025-07-24 13:40:00,6281.1778
2025-07-24 13:50:00,6281.1778
2025-07-24 14:00:00,6281.1778
2025-07-24 14:10:00,6281.1778
2025-07-24 14:20:00,6281.1778
2025-07-24 14:30:00,6281.1778
2025-07-24 14:40:00,6281.1778
2025-07-24 14:50:00,6281.1778
2025-07-24 15:00:00,6281.1778
2025-07-24 15:10:00,6281.1778
2025-07-24 15:20:00,6281.1778
2025-07-24 15:26:18,6281.1778
2025-07-24 15:30:00,6281.1778
2025-07-24 15:40:00,6281.1778
2025-07-24 15:50:00,6281.1778
2025-07-24 16:00:00,6281.1778
2025-07-24 16:10:00,6281.1778
2025-07-24 16:20:00,6281.1778
2025-07-24 16:30:00,6281.1778
2025-07-24 16:40:00,6281.1778
2025-07-24 16:50:00,6281.1778
2025-07-24 17:00:00,6281.1778
2025-07-24 17:10:00,6281.1778
2025-07-24 17:20:00,6281.1778
2025-07-24 17:30:00,6281.1778
2025-07-24 17:40:00,6281.1778
2025-07-24 17:50:00,6281.1778
2025-07-24 18:00:00,6281.1778
2025-07-24 18:10:00,6281.1778
2025-07-24 18:20:00,6281.1778
2025-07-24 18:30:00,6281.1778
2025-07-24 18:40:00,6281.1778
2025-07-24 18:50:00,6281.1778
2025-07-24 19:00:00,6281.1778
2025-07-24 19:10:00,6281.1778
2025-07-24 19:20:00,6281.1778
2025-07-24 19:30:00,6281.1778
2025-07-24 19:40:00,6281.1778
2025-07-24 19:50:00,6281.1778
2025-07-24 20:00:00,6281.1778
2025-07-24 20:10:00,6281.1778
2025-07-24 20:20:00,6281.1778
2025-07-24 20:30:00,6281.1778
2025-07-24 20:40:00,6281.1778
2025-07-24 20:50:00,6281.1778
2025-07-24 21:00:00,6281.1778
2025-07-24 21:10:00,6281.1778
2025-07-24 21:20:00,6281.1778
2025-07-24 21:30:00,6281.1778
2025-07-24 21:40:00,6281.1778
2025-07-24 21:50:00,6281.1778
2025-07-24 22:00:00,6281.1778
2025-07-24 22:10:00,6281.1778
2025-07-24 22:20:00,6281.1778
2025-07-24 22:30:00,6281.1778
2025-07-24 22:40:00,6281.1778
2025-07-24 22:50:00,6281.1778
2025-07-24 23:00:00,6281.1778
2025-07-24 23:10:00,6281.1778
2025-07-24 23:20:00,6281.1778
2025-07-24 23:30:00,6281.1778
2025-07-24 23:40:00,6281.1778
2025-07-24 23:50:00,6281.1778
2025-07-25 00:00:00,6281.1778
2025-07-25 00:10:00,6281.1778
2025-07-25 00:20:00,6281.1778
2025-07-25 00:30:00,6281.1778
2025-07-25 00:40:00,6281.1778
2025-07-25 00:50:00,6281.1778
2025-07-25 01:00:00,6281.1778
2025-07-25 01:10:00,6281.1778
2025-07-25 01:20:00,6281.1778
2025-07-25 01:30:00,6281.1778
2025-07-25 01:40:00,6281.1778
2025-07-25 01:50:00,6281.1778
2025-07-25 02:00:00,6281.1778
2025-07-25 02:10:00,6281.1778
2025-07-25 02:20:00,6281.1778
2025-07-25 02:30:00,6281.1778
2025-07-25 02:40:00,6281.1778
2025-07-25 02:50:00,6281.1778
2025-07-25 03:00:00,6281.1778
2025-07-25 03:10:00,6281.1778
2025-07-25 03:20:00,6281.1778
2025-07-25 03:30:00,6281.1778
2025-07-25 03:40:00,6281.1778
2025-07-25 03:50:00,6281.1778
2025-07-25 04:00:00,6281.1778
2025-07-25 04:10:00,6281.1778
2025-07-25 04:20:00,6281.1778
2025-07-25 04:30:00,6281.1778
2025-07-25 04:40:00,6281.1778
2025-07-25 04:50:00,6281.1778
2025-07-25 05:00:00,6281.1778
2025-07-25 05:10:00,6281.1778
2025-07-25 05:20:00,6281.1778
2025-07-25 05:30:00,6281.1778
2025-07-25 05:40:00,6281.1778
2025-07-25 05:50:00,6281.1778
2025-07-25 06:00:00,6281.1778
2025-07-25 06:10:00,6281.1778
2025-07-25 06:20:00,6281.1778
2025-07-25 06:30:00,6281.1778
2025-07-25 06:40:00,6281.1778
2025-07-25 06:50:00,6281.1778
2025-07-25 07:00:00,6281.1778
2025-07-25 07:10:00,6281.1778
2025-07-25 07:20:00,6281.1778
2025-07-25 07:30:00,6281.1778
2025-07-25 07:40:00,6281.1778
2025-07-25 07:50:00,6281.1778
2025-07-25 08:00:00,6281.1778
2025-07-25 08:10:00,6281.1778
2025-07-25 08:20:00,6281.1778
2025-07-25 08:30:00,6281.1778
2025-07-25 08:40:00,6281.1778
2025-07-25 08:50:00,6281.1778
2025-07-25 09:00:00,6281.1778
2025-07-25 09:10:00,6281.1778
2025-07-25 09:20:00,6281.1778
2025-07-25 09:30:00,6281.1778
2025-07-25 09:40:00,6281.1778
2025-07-25 09:50:00,6281.1778
2025-07-25 10:00:00,6281.1778
2025-07-25 10:10:00,6281.1778
2025-07-25 10:20:00,6281.1778
2025-07-25 10:30:00,6281.1778
2025-07-25 10:40:00,6281.1778
2025-07-25 10:50:00,6281.1778
2025-07-25 11:00:00,6281.1778
2025-07-25 11:10:00,6281.1778
2025-07-25 11:20:00,6281.1778
2025-07-25 11:30:00,6281.1778
2025-07-25 11:40:00,6281.1778
2025-07-25 11:50:00,6281.1778
2025-07-25 12:00:00,6281.1778
2025-07-25 12:10:00,6281.1778
2025-07-25 12:20:00,6281.1778
2025-07-25 12:30:00,6281.1778
2025-07-25 12:40:00,6281.1778
2025-07-25 12:50:00,6281.1778
2025-07-25 13:00:00,6281.1778
2025-07-25 13:10:00,6281.1778
2025-07-25 13:20:00,6281.1778
2025-07-25 13:30:00,6281.1778
2025-07-25 13:40:00,6281.1778
2025-07-25 13:50:00,6281.1778
2025-07-25 14:00:00,6281.1778
2025-07-25 14:10:00,6281.1778
2025-07-25 14:20:00,6281.1778
2025-07-25 14:30:00,6281.1778
2025-07-25 14:40:00,6281.1778
2025-07-25 14:50:00,6281.1778
2025-07-25 15:00:00,6281.1778
2025-07-25 15:10:00,6281.1778
2025-07-25 15:20:00,6281.1778
2025-07-25 15:30:00,6281.1778
2025-07-25 15:40:00,6281.1778
2025-07-25 15:50:00,6281.1778
2025-07-25 16:00:00,6281.1778
2025-07-25 16:10:00,6281.1778
2025-07-25 16:20:00,6281.1778
2025-07-25 16:30:00,6281.1778
2025-07-25 16:40:00,6281.1778
2025-07-25 16:50:00,6281.1778
2025-07-25 17:00:00,6281.1778
2025-07-25 17:10:00,6281.1778
2025-07-25 17:20:00,6281.1778
2025-07-25 17:30:00,6281.1778
2025-07-25 17:40:00,6281.1778
2025-07-25 17:50:00,6281.1778
2025-07-25 18:00:00,6281.1778
2025-07-25 18:10:00,6281.1778
2025-07-25 18:20:00,6281.1778
2025-07-25 18:30:00,6281.1778
2025-07-25 18:40:00,6281.1778
2025-07-25 18:50:00,6281.1778
2025-07-25 19:00:00,6281.1778
2025-07-25 19:10:00,6281.1778
2025-07-25 19:20:00,6281.1778
2025-07-25 19:30:00,6281.1778
2025-07-25 19:40:00,6281.1778
2025-07-25 19:50:00,6281.1778
2025-07-25 20:00:00,6281.1778
2025-07-25 20:10:00,6281.1778
2025-07-25 20:20:00,6281.1778
2025-07-25 20:30:00,6281.1778
2025-07-25 20:40:00,6281.1778
2025-07-25 20:50:00,6281.1778
2025-07-25 21:00:00,6281.1778
2025-07-25 21:10:00,6281.1778
2025-07-25 21:20:00,6281.1778
2025-07-25 21:30:00,6281.1778
2025-07-25 21:40:00,6281.1778
2025-07-25 21:50:00,6281.1778
2025-07-25 22:00:00,6281.1778
2025-07-25 22:10:00,6281.1778
2025-07-25 22:20:00,6281.1778
2025-07-25 22:30:00,6281.1778
2025-07-25 22:40:00,6281.1778
2025-07-25 22:50:00,6281.1778
2025-07-25 23:00:00,6281.1778
2025-07-25 23:10:00,6281.1778
2025-07-25 23:20:00,6281.1778
2025-07-25 23:30:00,6281.1778
2025-07-25 23:40:00,6281.1778
2025-07-25 23:50:00,6281.1778
2025-07-26 00:00:00,6281.1778
2025-07-26 00:10:00,6281.1778
2025-07-26 00:20:00,6281.1778
2025-07-26 00:30:00,6281.1778
2025-07-26 00:40:00,6281.1778
2025-07-26 00:50:00,6281.1778
2025-07-26 01:00:00,6281.1778
2025-07-26 01:10:00,6281.1778
2025-07-26 01:20:00,6281.1778
2025-07-26 01:30:00,6281.1778
2025-07-26 01:40:00,6281.1778
2025-07-26 01:50:00,6281.1778
2025-07-26 02:00:00,6281.1778
2025-07-26 02:10:00,6281.1778
2025-07-26 02:20:00,6281.1778
2025-07-26 02:30:00,6281.1778
2025-07-26 02:40:00,6281.1778
2025-07-26 02:50:00,6281.1778
2025-07-26 03:00:00,6281.1778
2025-07-26 03:10:00,6281.1778
2025-07-26 03:20:00,6281.1778
2025-07-26 03:30:00,6281.1778
2025-07-26 03:40:00,6281.1778
2025-07-26 03:50:00,6281.1778
2025-07-26 04:00:00,6281.1778
2025-07-26 04:10:00,6281.1778
2025-07-26 04:20:00,6281.1778
2025-07-26 04:30:00,6281.1778
2025-07-26 04:40:00,6281.1778
2025-07-26 04:50:00,6281.1778
2025-07-26 05:00:00,6281.1778
2025-07-26 05:10:00,6281.1778
2025-07-26 05:20:00,6281.1778
2025-07-26 05:30:00,6281.1778
2025-07-26 05:40:00,6281.1778
2025-07-26 05:50:00,6281.1778
2025-07-26 06:00:00,6281.1778
2025-07-26 06:10:00,6281.1778
2025-07-26 06:20:00,6281.1778
2025-07-26 06:30:00,6281.1778
2025-07-26 06:40:00,6281.1778
2025-07-26 06:50:00,6281.1778
2025-07-26 07:00:00,6281.1778
2025-07-26 07:10:00,6281.1778
2025-07-26 07:20:00,6281.1778
2025-07-26 07:30:00,6281.1778
2025-07-26 07:40:00,6281.1778
2025-07-26 07:50:00,6281.1778
2025-07-26 08:00:00,6281.1778
2025-07-26 08:10:00,6281.1778
2025-07-26 08:20:00,6281.1778
2025-07-26 08:30:00,6281.1778
2025-07-26 08:40:00,6281.1778
2025-07-26 08:50:00,6281.1778
2025-07-26 09:00:00,6281.1778
2025-07-26 09:10:00,6281.1778
2025-07-26 09:20:00,6281.1778
2025-07-26 09:30:00,6281.1778
2025-07-26 09:40:00,6281.1778
2025-07-26 09:50:00,6281.1778
2025-07-26 10:00:00,6281.1778
2025-07-26 10:10:00,6281.1778
2025-07-26 10:20:00,6281.1778
2025-07-26 10:30:00,6281.1778
2025-07-26 10:40:00,6281.1778
2025-07-26 10:50:00,6281.1778
2025-07-26 11:00:00,6281.1778
2025-07-26 11:10:00,6281.1778
2025-07-26 11:20:00,6281.1778
2025-07-26 11:30:00,6281.1778
2025-07-26 11:40:00,6281.1778
2025-07-26 11:50:00,6281.1778
2025-07-26 12:00:00,6281.1778
2025-07-26 12:10:00,6281.1778
2025-07-26 12:20:00,6281.1778
2025-07-26 12:30:00,6281.1778
2025-07-26 12:40:00,6281.1778
2025-07-26 12:50:00,6281.1778
2025-07-26 13:00:00,6281.1778
2025-07-26 13:10:00,6281.1778
2025-07-26 13:20:00,6281.1778
2025-07-26 13:30:00,6281.1778
2025-07-26 13:40:00,6281.1778
2025-07-26 13:50:00,6281.1778
2025-07-26 14:00:00,6281.1778
2025-07-26 14:10:00,6281.1778
2025-07-26 14:20:00,6281.1778
2025-07-26 14:30:00,6281.1778
2025-07-26 14:40:00,6281.1778
2025-07-26 14:50:00,6281.1778
2025-07-26 15:00:00,6281.1778
2025-07-26 15:10:00,6281.1778
2025-07-26 15:20:00,6281.1778
2025-07-26 15:30:00,6281.1778
2025-07-26 15:40:00,6281.1778
2025-07-26 15:50:00,6281.1778
2025-07-26 16:00:00,6281.1778
2025-07-26 16:10:00,6281.1778
2025-07-26 16:20:00,6281.1778
2025-07-26 16:30:00,6281.1778
2025-07-26 16:40:00,6281.1778
2025-07-26 16:50:00,6281.1778
2025-07-26 17:00:00,6281.1778
2025-07-26 17:10:00,6281.1778
2025-07-26 17:20:00,6281.1778
2025-07-26 17:30:00,6281.1778
2025-07-26 17:40:00,6281.1778
2025-07-26 17:50:00,6281.1778
2025-07-26 18:00:00,6281.1778
2025-07-26 18:10:00,6281.1778
2025-07-26 18:20:00,6281.1778
2025-07-26 18:30:00,6281.1778
2025-07-26 18:40:00,6281.1778
2025-07-26 18:50:00,6281.1778
2025-07-26 19:00:00,6281.1778
2025-07-26 19:10:00,6281.1778
2025-07-26 19:20:00,6281.1778
2025-07-26 19:30:00,6281.1778
2025-07-26 19:40:00,6281.1778
2025-07-26 19:50:00,6281.1778
2025-07-26 20:00:00,6281.1778
2025-07-26 20:10:00,6281.1778
2025-07-26 20:20:00,6281.1778
2025-07-26 20:30:00,6281.1778
2025-07-26 20:40:00,6281.1778
2025-07-26 20:50:00,6281.1778
2025-07-26 21:00:00,6281.1778
2025-07-26 21:10:00,6281.1778
2025-07-26 21:20:00,6281.1778
2025-07-26 21:30:00,6281.1778
2025-07-26 21:40:00,6281.1778
2025-07-26 21:50:00,6281.1778
2025-07-26 22:00:00,6281.1778
2025-07-26 22:10:00,6281.1778
2025-07-26 22:20:00,6281.1778
2025-07-26 22:30:00,6281.1778
2025-07-26 22:40:00,6281.1778
2025-07-26 22:50:00,6281.1778
2025-07-26 23:00:00,6281.1778
2025-07-26 23:10:00,6281.1778
2025-07-26 23:20:00,6281.1778
2025-07-26 23:30:00,6281.1778
2025-07-26 23:40:00,6281.1778
2025-07-26 23:50:00,6281.1778
2025-07-27 00:00:00,6281.1778
2025-07-27 00:10:00,6281.1778
2025-07-27 00:20:00,6281.1778
2025-07-27 00:30:00,6281.1778
2025-07-27 00:40:00,6281.1778
2025-07-27 00:50:00,6281.1778
2025-07-27 01:00:00,6281.1778
2025-07-27 01:10:00,6281.1778
2025-07-27 01:20:00,6281.1778
2025-07-27 01:30:00,6281.1778
2025-07-27 01:40:00,6281.1778
2025-07-27 01:50:00,6281.1778
2025-07-27 02:00:00,6281.1778
2025-07-27 02:10:00,6281.1778
2025-07-27 02:20:00,6281.1778
2025-07-27 02:30:00,6281.1778
2025-07-27 02:40:00,6281.1778
2025-07-27 02:50:00,6281.1778
2025-07-27 03:00:00,6281.1778
2025-07-27 03:10:00,6281.1778
2025-07-27 03:20:00,6281.1778
2025-07-27 03:30:00,6281.1778
2025-07-27 03:40:00,6281.1778
2025-07-27 03:50:00,6281.1778
2025-07-27 04:00:00,6281.1778
2025-07-27 04:10:00,6281.1778
2025-07-27 04:20:00,6281.1778
2025-07-27 04:30:00,6281.1778
2025-07-27 04:40:00,6281.1778
2025-07-27 04:50:00,6281.1778
2025-07-27 05:00:00,6281.1778
2025-07-27 05:10:00,6281.1778
2025-07-27 05:20:00,6281.1778
2025-07-27 05:30:00,6281.1778
2025-07-27 05:40:00,6281.1778
2025-07-27 05:50:00,6281.1778
2025-07-27 06:00:00,6281.1778
2025-07-27 06:10:00,6281.1778
2025-07-27 06:20:00,6281.1778
2025-07-27 06:30:00,6281.1778
2025-07-27 06:40:00,6281.1778
2025-07-27 06:50:00,6281.1778
2025-07-27 07:00:00,6281.1778
2025-07-27 07:10:00,6281.1778
2025-07-27 07:20:00,6281.1778
2025-07-27 07:30:00,6281.1778
2025-07-27 07:40:00,6281.1778
2025-07-27 07:50:00,6281.1778
2025-07-27 08:00:00,6281.1778
2025-07-27 08:10:00,6281.1778
2025-07-27 08:20:00,6281.1778
2025-07-27 08:30:00,6281.1778
2025-07-27 08:40:00,6281.1778
2025-07-27 08:50:00,6281.1778
2025-07-27 09:00:00,6281.1778
2025-07-27 09:10:00,6281.1778
2025-07-27 09:20:00,6281.1778
2025-07-27 09:30:00,6281.1778
2025-07-27 09:40:00,6281.1778
2025-07-27 09:50:00,6281.1778
2025-07-27 10:00:00,6281.1778
2025-07-27 10:10:00,6281.1778
2025-07-27 10:20:00,6281.1778
2025-07-27 10:30:00,6281.1778
2025-07-27 10:40:00,6281.1778
2025-07-27 10:50:00,6281.1778
2025-07-27 11:00:00,6281.1778
2025-07-27 11:10:00,6281.1778
2025-07-27 11:20:00,6281.1778
2025-07-27 11:30:00,6281.1778
2025-07-27 11:40:00,6281.1778
2025-07-27 11:50:00,6281.1778
2025-07-27 12:10:00,6281.1778
2025-07-27 12:20:00,6281.1778
2025-07-27 12:40:00,6281.1778
2025-07-27 12:50:00,6281.1778
2025-07-27 13:00:00,6281.1778
2025-07-27 13:10:00,6281.1778
2025-07-27 13:20:00,6281.1778
2025-07-27 13:30:00,6281.1778
2025-07-27 13:50:00,6281.1778
2025-07-27 14:00:00,6281.1778
2025-07-27 14:20:00,6281.1778
2025-07-27 14:30:00,6281.1778
2025-07-27 14:40:00,6281.1778
2025-07-27 14:50:00,6281.1778
2025-07-27 15:00:00,6281.1778
2025-07-27 15:20:00,6281.1778
2025-07-27 15:30:00,6281.1778
2025-07-27 15:40:00,6281.1778
2025-07-27 16:00:00,6281.1778
2025-07-27 16:10:00,6281.1778
2025-07-27 16:20:00,6281.1778
2025-07-27 16:30:00,6281.1778
2025-07-27 16:40:00,6281.1778
2025-07-27 16:50:00,6281.1778
2025-07-27 17:00:00,6281.1778
2025-07-27 17:20:00,6281.1778
2025-07-27 17:30:00,6281.1778
2025-07-27 17:40:00,6281.1778
2025-07-27 17:50:00,6281.1778
2025-07-27 18:20:00,6281.1778
2025-07-27 18:40:00,6281.1778
2025-07-27 18:50:00,6281.1778
2025-07-27 19:00:00,6281.1778
2025-07-27 19:10:00,6281.1778
2025-07-27 19:30:00,6281.1778
2025-07-27 19:40:00,6281.1778
2025-07-27 19:50:00,6281.1778
2025-07-27 20:00:00,6281.1778
2025-07-27 20:20:00,6281.1778
2025-07-27 20:30:00,6281.1778
2025-07-27 20:40:00,6281.1778
2025-07-27 20:50:00,6281.1778
2025-07-27 21:00:00,6281.1778
2025-07-27 21:10:00,6281.1778
2025-07-27 21:20:00,6281.1778
2025-07-27 21:30:00,6281.1778
2025-07-27 21:40:00,6281.1778
2025-07-27 21:50:00,6281.1778
2025-07-27 22:00:00,6281.1778
2025-07-27 22:10:00,6281.1778
2025-07-27 22:20:00,6281.1778
2025-07-27 22:30:00,6281.1778
2025-07-27 22:40:00,6281.1778
2025-07-27 22:50:00,6281.1778
2025-07-27 23:00:00,6281.1778
2025-07-27 23:10:00,6281.1778
2025-07-27 23:20:00,6281.1778
2025-07-27 23:30:00,6281.1778
2025-07-27 23:40:00,6281.1778
2025-07-27 23:50:00,6281.1778
2025-07-28 00:00:00,6281.1778
2025-07-28 00:10:00,6281.1778
2025-07-28 00:20:00,6281.1778
2025-07-28 00:40:00,6281.1778
2025-07-28 00:50:00,6281.1778
2025-07-28 01:10:00,6281.1778
2025-07-28 01:20:00,6281.1778
2025-07-28 01:40:00,6281.1778
2025-07-28 02:00:00,6281.1778
2025-07-28 02:10:00,6281.1778
2025-07-28 02:20:00,6281.1778
2025-07-28 02:30:00,6281.1778
2025-07-28 02:40:00,6281.1778
2025-07-28 02:50:00,6281.1778
2025-07-28 03:00:00,6281.1778
2025-07-28 03:20:00,6281.1778
2025-07-28 03:30:00,6281.1778
2025-07-28 03:40:00,6281.1778
2025-07-28 03:50:00,6281.1778
2025-07-28 04:00:00,6281.1778
2025-07-28 04:10:00,6281.1778
2025-07-28 04:30:00,6281.1778
2025-07-28 04:40:00,6281.1778
2025-07-28 04:50:00,6281.1778
2025-07-28 05:10:00,6281.1778
2025-07-28 05:20:00,6281.1778
2025-07-28 05:30:00,6281.1778
2025-07-28 05:40:00,6281.1778
2025-07-28 05:50:00,6281.1778
2025-07-28 06:00:00,6281.1778
2025-07-28 06:10:00,6281.1778
2025-07-28 06:20:00,6281.1778
2025-07-28 06:30:00,6281.1778
2025-07-28 06:40:00,6281.1778
2025-07-28 06:50:00,6281.1778
2025-07-28 07:00:00,6281.1778
2025-07-28 07:10:00,6281.1778
2025-07-28 07:20:00,6281.1778
2025-07-28 07:30:00,6281.1778
2025-07-28 07:40:00,6281.1778
2025-07-28 07:50:00,6281.1778
2025-07-28 08:00:00,6281.1778
2025-07-28 08:10:00,6281.1778
2025-07-28 08:30:00,6281.1778
2025-07-28 08:40:00,6281.1778
2025-07-28 08:50:00,6281.1778
2025-07-28 09:00:00,6281.1778
2025-07-28 09:10:00,6281.1778
2025-07-28 09:30:00,6281.1778
2025-07-28 09:40:00,6281.1778
2025-07-28 09:50:00,6281.1778
2025-07-28 10:00:00,6281.1778
2025-07-28 10:10:00,6281.1778
2025-07-28 10:20:00,6281.1778
2025-07-28 10:30:00,6281.1778
2025-07-28 10:40:00,6281.1778
2025-07-28 10:50:00,6281.1778
2025-07-28 11:00:00,6281.1778
2025-07-28 11:10:00,6281.1778
2025-07-28 11:20:00,6281.1778
2025-07-28 11:30:00,6281.1778
2025-07-28 11:40:00,6281.1778
2025-07-28 11:50:00,6281.1778
2025-07-28 12:00:00,6281.1778
2025-07-28 12:10:00,6281.1778
2025-07-28 12:30:00,6281.1778
2025-07-28 12:40:00,6281.1778
2025-07-28 12:50:00,6281.1778
2025-07-28 13:00:00,6281.1778
2025-07-28 13:10:00,6281.1778
2025-07-28 13:20:00,6281.1778
2025-07-28 13:40:00,6281.1778
2025-07-28 13:50:00,6281.1778
2025-07-28 14:00:00,6281.1778
2025-07-28 14:10:00,6281.1778
2025-07-28 14:20:00,6281.1778
2025-07-28 14:30:00,6281.1778
2025-07-28 14:40:00,6281.1778
2025-07-28 14:50:00,6281.1778
2025-07-28 15:00:00,6281.1778
2025-07-28 15:10:00,6281.1778
2025-07-28 15:20:00,6281.1778
2025-07-28 15:30:00,6281.1778
2025-07-28 15:40:00,6281.1778
2025-07-28 16:00:00,6281.1778
2025-07-28 16:10:00,6281.1778
2025-07-28 16:20:00,6281.1778
2025-07-28 16:30:00,6281.1778
2025-07-28 16:40:00,6281.1778
2025-07-28 16:50:00,6281.1778
2025-07-28 17:00:00,6281.1778
2025-07-28 17:10:00,6281.1778
2025-07-28 17:20:00,6281.1778
2025-07-28 17:30:00,6281.1778
2025-07-28 17:40:00,6281.1778
2025-07-28 17:50:00,6281.1778
2025-07-28 18:00:00,6281.1778
2025-07-28 18:10:00,6281.1778
2025-07-28 18:20:00,6281.1778
2025-07-28 18:30:00,6281.1778
2025-07-28 18:40:00,6281.1778
2025-07-28 18:50:00,6281.1778
2025-07-28 19:10:00,6281.1778
2025-07-28 19:20:00,6281.1778
2025-07-28 20:00:00,6281.1778
2025-07-28 20:10:00,6281.1778
2025-07-28 20:20:00,6281.1778
2025-07-28 20:30:00,6281.1778
2025-07-28 20:40:00,6281.1778
2025-07-28 21:10:00,6281.1778
2025-07-28 21:20:00,6281.1778
2025-07-28 21:30:00,6281.1778
2025-07-28 21:40:00,6281.1778
2025-07-28 21:50:00,6281.1778
2025-07-28 22:00:00,6281.1778
2025-07-28 22:10:00,6281.1778
2025-07-28 22:20:00,6281.1778
2025-07-28 22:30:00,6281.1778
2025-07-28 22:40:00,6281.1778
2025-07-28 23:00:00,6281.1778
2025-07-28 23:10:00,6281.1778
2025-07-28 23:30:00,6281.1778
2025-07-28 23:40:00,6281.1778
2025-07-28 23:50:00,6281.1778
2025-07-29 00:00:00,6281.1778
2025-07-29 00:10:00,6281.1778
2025-07-29 00:20:00,6281.1778
2025-07-29 00:30:00,6281.1778
2025-07-29 01:00:00,6281.1778
2025-07-29 01:20:00,6281.1778
2025-07-29 01:30:00,6281.1778
2025-07-29 01:40:00,6281.1778
2025-07-29 01:50:00,6281.1778
2025-07-29 02:00:00,6281.1778
2025-07-29 02:20:00,6281.1778
2025-07-29 02:30:00,6281.1778
2025-07-29 02:40:00,6281.1778
2025-07-29 02:50:00,6281.1778
2025-07-29 03:00:00,6281.1778
2025-07-29 03:10:00,6281.1778
2025-07-29 03:20:00,6281.1778
2025-07-29 03:30:00,6281.1778
2025-07-29 03:40:00,6281.1778
2025-07-29 03:50:00,6281.1778
2025-07-29 04:20:00,6281.1778
2025-07-29 04:30:00,6281.1778
2025-07-29 04:50:00,6281.1778
2025-07-29 05:00:00,6281.1778
2025-07-29 05:10:00,6281.1778
2025-07-29 05:20:00,6281.1778
2025-07-29 05:30:00,6281.1778
2025-07-29 05:40:00,6281.1778
2025-07-29 05:50:00,6281.1778
2025-07-29 06:00:00,6281.1778
2025-07-29 06:10:00,6281.1778
2025-07-29 06:20:00,6281.1778
2025-07-29 06:40:00,6281.1778
2025-07-29 07:00:00,6281.1778
2025-07-29 07:10:00,6281.1778
2025-07-29 07:30:00,6281.1778
2025-07-29 08:00:00,6281.1778
2025-07-29 08:20:00,6281.1778
2025-07-29 08:30:00,6281.1778
2025-07-29 08:50:00,6281.1778
2025-07-29 09:00:00,6281.1778
2025-07-29 09:10:00,6281.1778
2025-07-29 09:20:00,6281.1778
2025-07-29 09:30:00,6281.1778
2025-07-29 09:40:00,6281.1778
2025-07-29 10:00:00,6281.1778
2025-07-29 10:10:00,6281.1778
2025-07-29 10:20:00,6281.1778
2025-07-29 10:30:00,6281.1778
2025-07-29 10:40:00,6281.1778
2025-07-29 10:50:00,6281.1778
2025-07-29 11:00:00,6281.1778
2025-07-29 11:10:00,6281.1778
2025-07-29 11:20:00,6281.1778
2025-07-29 11:30:00,6281.1778
2025-07-29 11:40:00,6281.1778
2025-07-29 12:00:00,6281.1778
2025-07-29 12:10:00,6281.1778
2025-07-29 12:20:00,6281.1778
2025-07-29 12:30:00,6281.1778
2025-07-29 12:40:00,6281.1778
2025-07-29 12:50:00,6281.1778
2025-07-29 13:00:00,6281.1778
2025-07-29 13:10:00,6281.1778
2025-07-29 13:20:00,6281.1778
2025-07-29 13:30:00,6281.1778
2025-07-29 13:40:00,6281.1778
2025-07-29 14:00:00,6281.1778
2025-07-29 14:10:00,6281.1778
2025-07-29 14:20:00,6281.1778
2025-07-29 14:30:00,6281.1778
2025-07-29 14:40:00,6281.1778
2025-07-29 14:50:00,6281.1778
2025-07-29 15:00:00,6281.1778
2025-07-29 15:10:00,6281.1778
2025-07-29 15:20:00,6281.1778
2025-07-29 15:30:00,6281.1778
2025-07-29 15:40:00,6281.1778
2025-07-29 15:50:00,6281.1778
2025-07-29 16:00:00,6281.1778
2025-07-29 16:10:00,6281.1778
2025-07-29 16:20:00,6281.1778
2025-07-29 16:30:00,6281.1778
2025-07-29 16:40:00,6281.1778
2025-07-29 16:50:00,6281.1778
2025-07-29 17:10:00,6281.1778
2025-07-29 17:20:00,6281.1778
2025-07-29 17:30:00,6281.1778
2025-07-29 17:40:00,6281.1778
2025-07-29 17:50:00,6281.1778
2025-07-29 18:00:00,6281.1778
2025-07-29 18:10:00,6281.1778
2025-07-29 18:20:00,6281.1778
2025-07-29 18:30:00,6281.1778
2025-07-29 18:40:00,6281.1778
2025-07-29 18:50:00,6281.1778
2025-07-29 19:00:00,6281.1778
2025-07-29 19:10:00,6281.1778
2025-07-29 19:20:00,6281.1778
2025-07-29 19:30:00,6281.1778
2025-07-29 19:40:00,6281.1778
2025-07-29 19:50:00,6281.1778
2025-07-29 20:00:00,6281.1778
2025-07-29 20:10:00,6281.1778
2025-07-29 20:20:00,6281.1778
2025-07-29 20:30:00,6281.1778
2025-07-29 20:40:00,6281.1778
2025-07-29 20:50:00,6281.1778
2025-07-29 21:00:00,6281.1778
2025-07-29 21:10:00,6281.1778
2025-07-29 21:20:00,6281.1778
2025-07-29 21:30:00,6281.1778
2025-07-29 21:40:00,6281.1778
2025-07-29 21:50:00,6281.1778
2025-07-29 22:00:00,6281.1778
2025-07-29 22:10:00,6281.1778
2025-07-29 22:20:00,6281.1778
2025-07-29 22:30:00,6281.1778
2025-07-29 22:40:00,6281.1778
2025-07-29 22:50:00,6281.1778
2025-07-29 23:00:00,6281.1778
2025-07-29 23:10:00,6281.1778
2025-07-29 23:20:00,6281.1778
2025-07-29 23:30:00,6281.1778
2025-07-29 23:40:00,6281.1778
2025-07-29 23:50:00,6281.1778
2025-07-30 00:00:00,6281.1778
2025-07-30 00:10:00,6281.1778
2025-07-30 00:20:00,6281.1778
2025-07-30 00:30:00,6281.1778
2025-07-30 00:40:00,6281.1778
2025-07-30 00:50:00,6281.1778
2025-07-30 01:00:00,6281.1778
2025-07-30 01:10:00,6281.1778
2025-07-30 01:20:00,6281.1778
2025-07-30 01:30:00,6281.1778
2025-07-30 01:40:00,6281.1778
2025-07-30 01:50:00,6281.1778
2025-07-30 02:00:00,6281.1778
2025-07-30 02:10:00,6281.1778
2025-07-30 02:20:00,6281.1778
2025-07-30 02:30:00,6281.1778
2025-07-30 02:40:00,6281.1778
2025-07-30 02:50:00,6281.1778
2025-07-30 03:00:00,6281.1778
2025-07-30 03:10:00,6281.1778
2025-07-30 03:20:00,6281.1778
2025-07-30 03:30:00,6281.1778
2025-07-30 03:40:00,6281.1778
2025-07-30 03:50:00,6281.1778
2025-07-30 04:00:00,6281.1778
2025-07-30 04:10:00,6281.1778
2025-07-30 04:20:00,6281.1778
2025-07-30 04:30:00,6281.1778
2025-07-30 04:40:00,6281.1778
2025-07-30 04:50:00,6281.1778
2025-07-30 05:00:00,6281.1778
2025-07-30 05:10:00,6281.1778
2025-07-30 05:20:00,6281.1778
2025-07-30 05:30:00,6281.1778
2025-07-30 05:40:00,6281.1778
2025-07-30 05:50:00,6281.1778
2025-07-30 06:00:00,6281.1778
2025-07-30 06:10:00,6281.1778
2025-07-30 06:20:00,6281.1778
2025-07-30 06:30:00,6281.1778
2025-07-30 06:40:00,6281.1778
2025-07-30 06:50:00,6281.1778
2025-07-30 07:00:00,6281.1778
2025-07-30 07:10:00,6281.1778
2025-07-30 07:20:00,6281.1778
2025-07-30 07:30:00,6281.1778
2025-07-30 07:40:00,6281.1778
2025-07-30 07:50:00,6281.1778
2025-07-30 08:00:00,6281.1778
2025-07-30 08:10:00,6281.1778
2025-07-30 08:20:00,6281.1778
2025-07-30 08:30:00,6281.1778
2025-07-30 08:40:00,6281.1778
2025-07-30 08:50:00,6281.1778
2025-07-30 09:00:00,6281.1778
2025-07-30 09:10:00,6281.1778
2025-07-30 09:20:00,6281.1778
2025-07-30 09:30:00,6281.1778
2025-07-30 09:40:00,6281.1778
2025-07-30 09:50:00,6281.1778
2025-07-30 10:00:00,6281.1778
2025-07-30 10:10:00,6281.1778
2025-07-30 10:20:00,6281.1778
2025-07-30 10:30:00,6281.1778
2025-07-30 10:40:00,6281.1778
2025-07-30 10:50:00,6281.1778
2025-07-30 11:00:00,6281.1778
2025-07-30 11:10:00,6281.1778
2025-07-30 11:20:00,6281.1778
2025-07-30 11:30:00,6281.1778
2025-07-30 11:40:00,6281.1778
2025-07-30 11:50:00,6281.1778
2025-07-30 12:00:00,6281.1778
2025-07-30 12:10:00,6281.1778
2025-07-30 12:20:00,6281.1778
2025-07-30 12:30:00,6281.1778
2025-07-30 12:40:00,6281.1778
2025-07-30 12:50:00,6281.1778
2025-07-30 13:00:00,6281.1778
2025-07-30 13:10:00,6281.1778
2025-07-30 13:20:00,6281.1778
2025-07-30 13:30:00,6281.1778
2025-07-30 13:40:00,6281.1778
2025-07-30 13:50:00,6281.1778
2025-07-30 14:00:00,6281.1778
2025-07-30 14:10:00,6281.1778
2025-07-30 14:20:00,6281.1778
2025-07-30 14:30:00,6281.1778
2025-07-30 14:40:00,6281.1778
2025-07-30 14:50:00,6281.1778
2025-07-30 15:00:00,6281.1778
2025-07-30 15:10:00,6281.1778
2025-07-30 15:20:00,6281.1778
2025-07-30 15:30:00,6281.1778
2025-07-30 15:40:00,6281.1778
2025-07-30 15:50:00,6281.1778
2025-07-30 16:00:00,6281.1778
2025-07-30 16:10:00,6281.1778
2025-07-30 16:20:00,6281.1778
2025-07-30 16:30:00,6281.1778
2025-07-30 16:40:00,6281.1778
2025-07-30 16:50:00,6281.1778
2025-07-30 17:00:00,6281.1778
2025-07-30 17:10:00,6281.1778
2025-07-30 17:20:00,6281.1778
2025-07-30 17:30:00,6281.1778
2025-07-30 17:40:00,6281.1778
2025-07-30 17:50:00,6281.1778
2025-07-30 18:00:00,6281.1778
2025-07-30 18:10:00,6281.1778
2025-07-30 18:20:00,6281.1778
2025-07-30 18:30:00,6281.1778
2025-07-30 18:40:00,6281.1778
2025-07-30 18:50:00,6281.1778
2025-07-30 19:00:00,6281.1778
2025-07-30 19:10:00,6281.1778
2025-07-30 19:20:00,6281.1778
2025-07-30 19:30:00,6281.1778
2025-07-30 19:40:00,6281.1778
2025-07-30 19:50:00,6281.1778
2025-07-30 20:00:00,6281.1778
2025-07-30 20:10:00,6281.1778
2025-07-30 20:20:00,6281.1778
2025-07-30 20:30:00,6281.1778
2025-07-30 20:40:00,6281.1778
2025-07-30 20:50:00,6281.1778
2025-07-30 21:00:00,6281.1778
2025-07-30 21:10:00,6281.1778
2025-07-30 21:20:00,6281.1778
2025-07-30 21:30:00,6281.1778
2025-07-30 21:40:00,6281.1778
2025-07-30 21:50:00,6281.1778
2025-07-30 22:00:00,6281.1778
2025-07-30 22:10:00,6281.1778
2025-07-30 22:20:00,6281.1778
2025-07-30 22:30:00,6281.1778
2025-07-30 22:40:00,6281.1778
2025-07-30 22:50:00,6281.1778
2025-07-30 23:00:00,6281.1778
2025-07-30 23:10:00,6281.1778
2025-07-30 23:20:00,6281.1778
2025-07-30 23:30:00,6281.1778
2025-07-30 23:40:00,6281.1778
2025-07-30 23:50:00,6281.1778
2025-07-31 00:00:00,6281.1778
2025-07-31 00:10:00,6281.1778
2025-07-31 00:20:00,6281.1778
2025-07-31 00:30:00,6281.1778
2025-07-31 00:40:00,6281.1778
2025-07-31 00:50:00,6281.1778
2025-07-31 01:00:00,6281.1778
2025-07-31 01:10:00,6281.1778
2025-07-31 01:20:00,6281.1778
2025-07-31 01:30:00,6281.1778
2025-07-31 01:40:00,6281.1778
2025-07-31 01:50:00,6281.1778
2025-07-31 02:00:00,6281.1778
2025-07-31 02:10:00,6281.1778
2025-07-31 02:20:00,6281.1778
2025-07-31 02:30:00,6281.1778
2025-07-31 02:40:00,6281.1778
2025-07-31 02:50:00,6281.1778
2025-07-31 03:00:00,6281.1778
2025-07-31 03:10:00,6281.1778
2025-07-31 03:20:00,6281.1778
2025-07-31 03:30:00,6281.1778
2025-07-31 03:40:00,6281.1778
2025-07-31 03:50:00,6281.1778
2025-07-31 04:00:00,6281.1778
2025-07-31 04:10:00,6281.1778
2025-07-31 04:20:00,6281.1778
2025-07-31 04:30:00,6281.1778
2025-07-31 04:40:00,6281.1778
2025-07-31 04:50:00,6281.1778
2025-07-31 05:00:00,6281.1778
2025-07-31 05:10:00,6281.1778
2025-07-31 05:20:00,6281.1778
2025-07-31 05:30:00,6281.1778
2025-07-31 05:40:00,6281.1778
2025-07-31 05:50:00,6281.1778
2025-07-31 06:00:00,6281.1778
2025-07-31 06:10:00,6281.1778
2025-07-31 06:20:00,6281.1778
2025-07-31 06:30:00,6281.1778
2025-07-31 06:40:00,6281.1778
2025-07-31 06:50:00,6281.1778
2025-07-31 07:00:00,6281.1778
2025-07-31 07:10:00,6281.1778
2025-07-31 07:20:00,6281.1778
2025-07-31 07:30:00,6281.1778
2025-07-31 07:40:00,6281.1778
2025-07-31 07:50:00,6281.1778
2025-07-31 08:00:00,6281.1778
2025-07-31 08:10:00,6281.1778
2025-07-31 08:20:00,6281.1778
2025-07-31 08:30:00,6281.1778
2025-07-31 08:40:00,6281.1778
2025-07-31 08:50:00,6281.1778
2025-07-31 09:00:00,6281.1778
2025-07-31 09:10:00,6281.1778
2025-07-31 09:20:00,6281.1778
2025-07-31 09:30:00,6281.1778
2025-07-31 09:40:00,6281.1778
2025-07-31 09:50:00,6281.1778
2025-07-31 10:00:00,6281.1778
2025-07-31 10:10:00,6281.1778
2025-07-31 10:20:00,6281.1778
2025-07-31 10:30:00,6281.1778
2025-07-31 10:40:00,6281.1778
2025-07-31 10:50:00,6281.1778
2025-07-31 11:00:00,6281.1778
2025-07-31 11:10:00,6281.1778
2025-07-31 11:20:00,6281.1778
2025-07-31 11:30:00,6281.1778
2025-07-31 11:40:00,6281.1778
2025-07-31 11:50:00,6281.1778
2025-07-31 12:00:00,6281.1778
2025-07-31 12:10:00,6281.1778
2025-07-31 12:20:00,6281.1778
2025-07-31 12:30:00,6281.1778
2025-07-31 12:40:00,6281.1778
2025-07-31 12:50:00,6281.1778
2025-07-31 13:00:00,6281.1778
2025-07-31 13:10:00,6281.1778
2025-07-31 13:20:00,6281.1778
2025-07-31 13:30:00,6281.1778
2025-07-31 13:40:00,6281.1778
2025-07-31 13:50:00,6281.1778
2025-07-31 14:00:00,6281.1778
2025-07-31 14:10:00,6281.1778
2025-07-31 14:20:00,6281.1778
2025-07-31 14:30:00,6281.1778
2025-07-31 14:40:00,6281.1778
2025-07-31 14:50:00,6281.1778
2025-07-31 15:00:00,6281.1778
2025-07-31 15:10:00,6281.1778
2025-07-31 15:20:00,6281.1778
2025-07-31 15:30:00,6281.1778
2025-07-31 15:40:00,6281.1778
2025-07-31 15:50:00,6281.1778
2025-07-31 16:00:00,6281.1778
2025-07-31 16:10:00,6281.1778
2025-07-31 16:20:00,6281.1778
2025-07-31 16:30:00,6281.1778
2025-07-31 16:40:00,6281.1778
2025-07-31 16:50:00,6281.1778
2025-07-31 17:00:00,6281.1778
2025-07-31 17:10:00,6281.1778
2025-07-31 17:20:00,6281.1778
2025-07-31 17:30:00,6281.1778
2025-07-31 17:40:00,6281.1778
2025-07-31 17:50:00,6281.1778
2025-07-31 18:00:00,6281.1778
2025-07-31 18:10:00,6281.1778
2025-07-31 18:20:00,6281.1778
2025-07-31 18:30:00,6281.1778
2025-07-31 18:40:00,6281.1778
2025-07-31 18:50:00,6281.1778
2025-07-31 19:00:00,6281.1778
2025-07-31 19:10:00,6281.1778
2025-07-31 19:20:00,6281.1778
2025-07-31 19:30:00,6281.1778
2025-07-31 19:40:00,6281.1778
2025-07-31 19:50:00,6281.1778
2025-07-31 20:00:00,6281.1778
2025-07-31 20:10:00,6281.1778
2025-07-31 20:20:00,6281.1778
2025-07-31 20:30:00,6281.1778
2025-07-31 20:40:00,6281.1778
2025-07-31 20:50:00,6281.1778
2025-07-31 21:00:00,6281.1778
2025-07-31 21:10:00,6281.1778
2025-07-31 21:20:00,6281.1778
2025-07-31 21:30:00,6281.1778
2025-07-31 21:40:00,6281.1778
2025-07-31 21:50:00,6281.1778
2025-07-31 22:00:00,6281.1778
2025-07-31 22:10:00,6281.1778
2025-07-31 22:20:00,6281.1778
2025-07-31 22:30:00,6281.1778
2025-07-31 22:40:00,6281.1778
2025-07-31 22:50:00,6281.1778
2025-07-31 23:00:00,6281.1778
2025-07-31 23:10:00,6281.1778
2025-07-31 23:20:00,6281.1778
2025-07-31 23:30:00,6281.1778
2025-07-31 23:40:00,6281.1778
2025-07-31 23:50:00,6281.1778
2025-08-01 00:00:00,6281.1778
