Reading Time,Average Amps (A) (Raw),Drive Frequency (Hz) (Raw),Intake Pressure (psi) (Raw),Discharge Pressure (psi) (Raw),Intake Temperature (F) (Raw),Motor Temperature (F) (Raw),Vibration (gravit) (Raw),Virtual Rate (BFPD) (Raw)
2025-08-24 01:00:00,0.0,0.0,0.0,0.0,-4e-09,-4e-09,0.0,0.0
2025-08-24 01:30:00,,,,,,,,
2025-08-24 02:00:00,,,,,,,,
2025-08-24 02:30:00,,,,,,,,
2025-08-24 03:00:00,,,,,,,,
2025-08-24 03:30:00,,,,,,,,
2025-08-24 04:00:00,0.0,0.0,0.0,0.0,-4e-09,-4e-09,0.0,0.0
2025-08-24 04:30:00,,,,,,,,
2025-08-24 05:00:00,,,,,,,,
2025-08-24 05:30:00,,,,,,,,
2025-08-24 06:00:00,,,,,,,,
2025-08-24 06:30:00,,,,,,,,
2025-08-24 07:00:00,0.0,0.0,0.0,0.0,-4e-09,-4e-09,0.0,0.0
2025-08-24 07:30:00,,,,,,,,
2025-08-24 08:00:00,,,,,,,,
2025-08-24 08:30:00,,,,,,,,
2025-08-24 09:00:00,,,,,,,,
2025-08-24 09:30:00,,,,,,,,
2025-08-24 10:00:00,0.0,0.0,0.0,0.0,-4e-09,-4e-09,0.0,0.0
2025-08-24 10:30:00,,,,,,,,
2025-08-24 11:00:00,,,,,,,,
2025-08-24 11:30:00,0.0,0.0,2474.3,1536.3339571182241,260.2,261.0,0.0,0.0
2025-08-24 12:00:00,,,,,,,,
2025-08-24 12:30:00,,,,,,,,
2025-08-24 13:00:00,,,,,,,,
2025-08-24 13:30:00,,,,,,,,
2025-08-24 14:00:00,14.866666666666667,0.0,2520.2999999999997,1775.0785239785746,259.9,260.1,0.20000000000000004,708.5172744444027
2025-08-24 14:30:00,13.3,14.3,2486.18,1889.8969591842936,260.15999999999997,266.28000000000003,0.2,1348.3998037519361
2025-08-24 15:00:00,19.900000000000002,29.833333333333332,2474.7000000000003,2118.6506725921718,260.6,266.3,0.20000000000000004,2818.917062043301
2025-08-24 15:30:00,,,,,,,,
2025-08-24 16:00:00,18.3,41.0,2284.5,2142.139401837148,263.3,278.6,0.1,1368.8179976130355
2025-08-24 16:30:00,18.3,41.0,2175.2,2117.8684808659127,266.4,280.4,0.2,1368.8002577516002
2025-08-24 17:00:00,18.082758620689653,41.0,2151.3896551724138,2105.2650023520077,266.65862068965515,280.68275862068964,0.2,1368.7902007230791
2025-08-24 17:30:00,18.124137931034483,41.0,2110.751724137931,2100.2531342381903,267.07241379310346,280.83103448275864,0.2793103448275862,1368.7884908406363
2025-08-24 18:00:00,18.14814814814815,41.0,2074.9296296296297,2106.149976906649,267.3333333333333,281.14444444444445,0.2037037037037037,1368.7805995865174
2025-08-24 18:30:00,18.05185185185185,41.0,2043.677777777778,2103.923977612914,267.48148148148147,281.32962962962966,0.20740740740740743,1368.7748100612441
2025-08-24 19:00:00,18.020689655172415,41.0,2015.193103448276,2099.9226787615453,267.6275862068966,281.45862068965516,0.27241379310344827,1368.7724268560785
2025-08-24 19:30:00,17.91785714285714,41.0,1990.7535714285714,2099.81640245528,267.8,281.5964285714286,0.2642857142857143,1368.7646974850836
2025-08-24 20:00:00,17.779310344827586,41.0,1973.0620689655173,2100.8258988982707,267.9655172413793,281.7793103448276,0.24482758620689654,1368.7559549776272
2025-08-24 20:30:00,17.807407407407407,41.0,1956.4740740740742,2100.268964556361,268.06666666666666,281.8888888888889,0.2555555555555556,1368.7520731844095
2025-08-24 21:00:00,17.857142857142858,41.0,1941.5,2099.6306543991377,268.2,281.8071428571429,0.26785714285714285,1368.747243009344
2025-08-24 21:30:00,17.714814814814815,41.0,1927.3703703703704,2099.8844332146464,268.2037037037037,281.7851851851852,0.26296296296296295,1368.744502061182
2025-08-24 22:00:00,17.525,41.0,1914.3,2102.5949019642053,268.24285714285713,281.775,0.21071428571428572,1368.738807598897
2025-08-24 22:30:00,17.444444444444443,41.0,1902.177777777778,2103.1505529589795,268.3,281.75925925925924,0.2,1368.7352614145525
2025-08-24 23:00:00,17.279310344827586,41.0,1889.6206896551723,2103.1505193084186,268.3,281.67586206896556,0.2,1368.7333678624484
2025-08-24 23:30:00,17.08888888888889,41.0,1872.2333333333333,2103.1504051592287,268.2962962962963,281.56666666666666,0.2,1368.7313056678163
2025-08-25 00:00:00,16.942857142857143,41.0,1857.1928571428573,2100.00086464452,268.3,281.4857142857143,0.26071428571428573,1368.7314004081156
2025-08-25 00:30:00,16.814285714285713,41.0,1844.6607142857142,2097.962962124152,268.3642857142857,281.50714285714287,0.3,1368.7295066379827
2025-08-25 01:00:00,16.689655172413794,41.0,1832.5620689655173,2098.3206596079885,268.5,281.67241379310343,0.29310344827586204,1368.7245318134183
2025-08-25 01:30:00,16.49655172413793,41.0,1821.2034482758622,2100.2882385340445,268.5,281.651724137931,0.25517241379310346,1368.722142507291
2025-08-25 02:00:00,16.303571428571427,41.0,1810.6714285714286,2102.2238747202887,268.5857142857143,281.725,0.2178571428571429,1368.7178138472395
2025-08-25 02:30:00,16.227586206896554,41.0,1799.7896551724139,2099.751554426293,268.7,281.75172413793103,0.2655172413793104,1368.715723007125
2025-08-25 03:00:00,16.334482758620688,41.0,1789.8689655172413,2103.1494889179066,268.7,281.8,0.2,1368.7141294234339
2025-08-25 03:30:00,16.303571428571427,41.0,1780.375,2103.149264509622,268.70714285714286,281.7642857142857,0.2,1368.7136381587418
2025-08-25 04:00:00,16.089285714285715,41.0,1772.1107142857143,2103.1494856208988,268.8142857142857,281.68928571428575,0.2,1354.0955725225547
2025-08-25 04:30:00,15.975862068965517,41.0,1763.4241379310347,2099.751348856862,268.87931034482756,281.5344827586207,0.2655172413793104,1254.8455347500123
2025-08-25 05:00:00,15.796428571428573,41.0,1756.3500000000001,2097.9628541323254,268.9,281.3642857142857,0.3,995.9042701351664
2025-08-25 05:30:00,15.62758620689655,41.0,1749.951724137931,2098.1417510143765,268.89310344827584,281.18275862068964,0.296551724137931,942.0535977063291
2025-08-25 06:00:00,15.485185185185186,41.0,1744.322222222222,2030.723016425103,269.0037037037037,281.1370370370371,0.17407407407407408,937.2877858625777
2025-08-25 06:30:00,15.341379310344829,41.0,1739.0689655172414,2103.150118718491,269.0655172413793,281.1137931034483,0.2,890.2569513929001
2025-08-25 07:00:00,15.278571428571428,41.0,1733.5535714285713,2103.1501100683,269.1,280.9785714285714,0.2,781.1244381492933
2025-08-25 07:30:00,15.135714285714286,41.0,1729.2714285714285,2103.150267821617,269.1,280.9,0.2,630.6713558948753
2025-08-25 08:00:00,14.964285714285714,41.0,1725.5142857142857,2098.7040880982154,269.11428571428576,280.9857142857143,0.2857142857142857,542.3007367402777
2025-08-25 08:30:00,14.892857142857142,41.0,1722.2571428571428,2098.88937237053,269.17857142857144,281.1,0.28214285714285714,539.894110142762
2025-08-25 09:00:00,14.839285714285714,41.0,1718.3357142857144,2103.1504951925426,269.2,281.0857142857143,0.2,541.4190877904972
2025-08-25 09:30:00,14.751724137931035,41.0,1714.5827586206897,2099.572986822913,269.2,280.91379310344826,0.2689655172413793,535.5881039484294
2025-08-25 10:00:00,14.723076923076924,41.0,1711.3653846153845,2098.7611299329783,269.2,280.8884615384615,0.2846153846153846,534.0242693348904
2025-08-25 10:30:00,14.668965517241379,41.0,1708.3379310344828,2101.182884650075,269.2068965517241,280.8862068965517,0.23793103448275862,534.0560849533828
2025-08-25 11:00:00,14.592592592592593,41.0,1705.7407407407406,2103.1506472208334,269.3185185185185,280.89629629629627,0.2,532.7729780658851
2025-08-25 11:30:00,14.637931034482758,41.0,1703.0379310344827,2101.003947905109,269.4,281.0103448275862,0.2413793103448276,532.7135950342321
2025-08-25 12:00:00,14.736666666666668,41.0,1700.7933333333335,2097.962978331808,269.4,281.1133333333334,0.3,533.9410526257311
2025-08-25 12:30:00,14.607142857142858,41.0,1698.892857142857,2097.9630210481314,269.4214285714285,281.0785714285715,0.3,529.346850523851
2025-08-25 13:00:00,14.351724137931035,41.0,1697.496551724138,2099.752026310674,269.55172413793105,280.86206896551727,0.2655172413793104,521.4010429352354
2025-08-25 13:30:00,14.478571428571428,41.0,1696.2285714285715,2103.1506430546733,269.6,280.91785714285714,0.2,528.610832117382
2025-08-25 14:00:00,14.482142857142858,41.0,1694.0392857142856,2103.1505588665705,269.6,281.04285714285714,0.2,528.8101529593858
2025-08-25 14:30:00,14.553571428571429,41.0,1693.075,2103.150404231272,269.6,281.0357142857143,0.2,531.4118473488579
2025-08-25 15:00:00,14.544827586206896,41.0,1691.4655172413793,2103.1503728127336,269.6344827586207,281.1,0.2,531.1078928645746
2025-08-25 15:30:00,14.521428571428572,41.0,1690.4750000000001,2097.96301602232,269.7857142857143,281.17857142857144,0.3,526.0949934186361
2025-08-25 16:00:00,14.410714285714286,41.0,1689.25,2097.9630591779683,269.7857142857143,281.00714285714287,0.3,522.1938637194993
2025-08-25 16:30:00,14.389285714285716,41.0,1688.892857142857,2097.9630650861322,269.79285714285714,281.0285714285714,0.3,521.4233398379968
2025-08-25 17:00:00,14.432142857142859,41.0,1687.0357142857142,2097.9630343695076,269.8,281.11428571428576,0.3,523.0270686564468
2025-08-25 17:30:00,14.341379310344829,41.0,1686.3275862068965,2097.963069206616,269.8,281.01724137931035,0.3,519.7823105366828
2025-08-25 18:00:00,14.493103448275862,41.0,1686.7965517241378,2101.5405442930264,269.9655172413793,281.2103448275862,0.2310344827586207,527.7467932785569
2025-08-25 18:30:00,14.410344827586206,41.0,1686.441379310345,2100.2885595858497,270.0,281.28620689655173,0.25517241379310346,523.7316912632499
2025-08-25 19:00:00,14.327586206896552,41.0,1685.7689655172414,2103.1506852015864,270.048275862069,281.10689655172416,0.2,522.9534026908973
2025-08-25 19:30:00,14.365517241379312,41.0,1685.786206896552,1798.5482840805364,270.00344827586207,281.14137931034486,0.1,524.9645118533016
2025-08-25 20:00:00,14.351851851851851,41.0,1685.462962962963,1798.4744229227645,270.0518518518519,281.2481481481482,0.1,524.411456420583
2025-08-25 20:30:00,14.158620689655173,41.0,1685.348275862069,1837.5883304197796,270.1,281.196551724138,0.11379310344827587,517.2776149922056
2025-08-25 21:00:00,14.092592592592593,41.0,1685.148148148148,2103.1510941461615,270.1,281.02592592592595,0.2,514.3176644148958
2025-08-25 21:30:00,14.117241379310345,41.0,1684.9379310344827,2098.499841453479,270.1,281.0655172413793,0.2896551724137931,511.6903626670224
2025-08-25 22:00:00,14.089655172413794,41.0,1684.9758620689656,2097.963167131506,270.1137931034483,281.0931034482759,0.3,510.22473603360703
2025-08-25 22:30:00,14.389285714285716,41.0,1684.7142857142858,2099.630476317488,270.25,281.34285714285716,0.26785714285714285,522.2662509660487
2025-08-25 23:00:00,14.46551724137931,41.0,1683.8999999999999,2097.963008532319,270.3,281.52758620689656,0.3,523.6746711620445
2025-08-25 23:30:00,14.292857142857143,41.0,1683.8535714285715,2097.9631058084246,271.2,281.50714285714287,0.3,517.1469421246516
2025-08-26 00:00:00,14.314285714285715,41.0,1682.792857142857,2101.4831931643143,270.3,281.50714285714287,0.23214285714285715,520.9623073233494
2025-08-26 00:30:00,14.221428571428572,41.0,1683.4107142857142,2102.2244455995747,270.5,281.54285714285714,0.2178571428571429,517.8694419497145
2025-08-26 01:00:00,14.214285714285714,41.0,1683.8035714285713,2097.963453539013,270.62857142857143,281.5285714285714,0.32142857142857145,513.0813942427956
2025-08-26 01:30:00,14.266666666666666,41.0,1684.4925925925927,2097.964675207016,270.7,281.68518518518516,0.4,510.7638611108348
2025-08-26 02:00:00,14.220689655172412,41.0,1685.2517241379312,2097.963666051127,270.8724137931034,281.7344827586207,0.33448275862068966,512.2392748857569
2025-08-26 02:30:00,14.227586206896552,41.0,1686.2103448275861,2102.07757189632,270.6758620689655,281.75172413793103,0.22068965517241382,517.4677550301433
2025-08-26 03:00:00,14.322222222222221,41.0,1686.9740740740742,1889.5598672460605,271.0,281.8,0.12962962962962962,521.8981345588152
2025-08-26 03:30:00,14.358620689655174,41.0,1687.4344827586206,1977.810195518331,271.0,281.951724137931,0.15862068965517243,523.000572901436
2025-08-26 04:00:00,14.37857142857143,41.0,1687.7285714285715,2101.853809329209,271.0,282.0,0.225,522.4620652514634
2025-08-26 04:30:00,14.364285714285714,41.0,1687.6214285714286,2097.9630805505726,271.0,282.1142857142857,0.3,518.9566786435989
2025-08-26 05:00:00,14.189285714285715,41.0,1687.1571428571428,2097.9631506473766,271.0,281.92857142857144,0.3,512.6083132971737
2025-08-26 05:30:00,14.196428571428571,41.0,1685.292857142857,2098.148416927758,270.92857142857144,281.8071428571429,0.2964285714285714,513.202292740339
2025-08-26 06:00:00,14.200000000000001,41.0,1683.9964285714286,2102.7803665705164,270.9,281.7392857142857,0.20714285714285716,516.9701830923525
2025-08-26 06:30:00,14.200000000000001,41.0,1682.651724137931,2100.4675548963805,270.7896551724138,281.74827586206897,0.2517241379310345,515.3985340471971
2025-08-26 07:00:00,14.025,41.0,1681.267857142857,2103.1511308942872,270.7,281.5928571428571,0.2,511.18045443937274
2025-08-26 07:30:00,14.03793103448276,41.0,1680.2793103448275,2098.3209604759772,270.69310344827585,281.4310344827586,0.29310344827586204,508.0783443677732
2025-08-26 08:00:00,14.042857142857143,41.0,1678.2892857142856,2097.9631547650038,270.55,281.37142857142857,0.3,508.24850489120996
2025-08-26 08:30:00,14.218518518518518,41.0,1677.0777777777778,2100.076537715262,270.56666666666666,281.7,0.25925925925925924,516.2968430589178
2025-08-26 09:00:00,14.157142857142857,41.0,1675.8892857142857,2103.15075943498,270.7,281.65,0.2,516.2925325972958
2025-08-26 09:30:00,14.242857142857144,41.0,1674.825,2100.1862945203657,270.7,281.7,0.2571428571428572,517.1995124716096
2025-08-26 10:00:00,14.203703703703704,41.0,1673.3037037037036,2097.9630595030794,270.7,281.7111111111111,0.3,514.1644691408671
2025-08-26 10:30:00,14.158620689655171,41.0,1672.0,2103.150644922309,270.7068965517241,281.71379310344827,0.2,516.5032764009287
2025-08-26 11:00:00,14.221428571428572,41.0,1671.5464285714286,2103.15053356175,270.85714285714283,281.81071428571425,0.2,518.6036629518409
2025-08-26 11:30:00,14.282758620689656,41.0,1670.6586206896552,2100.288399860409,270.9,281.82068965517243,0.25517241379310346,518.6354907082836
2025-08-26 12:00:00,14.214285714285714,41.0,1670.0321428571428,2079.9878529076805,270.90714285714284,281.82142857142856,0.2178571428571429,517.4165081196072
2025-08-26 12:30:00,14.1,41.0,1669.4785714285715,1803.2155177082336,270.9785714285714,281.7714285714286,0.06071428571428572,515.1070693267623
2025-08-26 13:00:00,14.089285714285714,41.0,1669.1928571428573,1817.5303076155142,270.9714285714286,281.7285714285714,0.0,515.1451509023777
2025-08-26 13:30:00,14.114285714285714,41.0,1669.9321428571427,1808.5948830895381,270.92857142857144,281.775,0.03928571428571429,515.8024255097588
2025-08-26 14:00:00,13.992857142857144,41.0,1670.4321428571427,1809.530455027061,271.0,281.775,0.028571428571428574,511.3927150053301
2025-08-26 14:30:00,13.857142857142858,41.0,1672.0285714285715,1958.142305632203,271.1142857142857,281.725,0.15357142857142855,505.2732292156658
2025-08-26 15:00:00,13.992857142857144,41.0,1673.4928571428572,2099.630734040438,271.2857142857143,281.9035714285714,0.26785714285714285,506.9565180478995
2025-08-26 15:30:00,14.192857142857141,41.0,1673.667857142857,2098.8894066365106,271.3928571428571,282.14285714285717,0.28214285714285714,513.5560795511889
2025-08-26 16:00:00,13.96551724137931,41.0,1673.4275862068966,2101.898854046192,271.28275862068966,281.9862068965517,0.22413793103448276,507.6344194787818
2025-08-26 16:30:00,14.010714285714286,41.0,1674.2857142857142,2101.483532433834,271.35714285714283,281.9785714285714,0.23214285714285715,508.88746024302435
2025-08-26 17:00:00,14.107142857142858,41.0,1674.482142857143,2097.9631227662076,271.4,282.00714285714287,0.3,509.7015143553093
2025-08-26 17:30:00,14.03,41.0,1674.6133333333335,2097.9631529979442,271.4,281.9933333333333,0.3,506.8638552149469
2025-08-26 18:00:00,14.02962962962963,41.0,1674.6407407407407,2097.9631490410084,271.4,282.1185185185185,0.3,506.82740098504985
2025-08-26 18:30:00,13.993333333333334,41.0,1674.5800000000002,2097.963169228546,271.4,281.9066666666667,0.3,505.5219723269178
2025-08-26 19:00:00,13.972413793103447,41.0,1674.4862068965517,2097.963173587891,271.4,281.99310344827586,0.3,504.7404140582849
2025-08-26 19:30:00,14.064285714285715,41.0,1674.1571428571428,2097.9631351955195,271.4,282.06428571428575,0.3,508.1387243083205
2025-08-26 20:00:00,14.037037037037036,41.0,1673.7444444444443,2097.9631426258306,271.4,282.0740740740741,0.3,507.14977711676823
2025-08-26 20:30:00,14.048275862068964,41.0,1673.2,2102.9720563444776,271.4,282.06206896551726,0.20344827586206898,511.39291989683915
2025-08-26 21:00:00,14.110344827586207,41.0,1672.7482758620688,1869.4871307798903,271.4,282.048275862069,0.12413793103448276,514.3518800403618
2025-08-26 21:30:00,14.213793103448275,41.0,1671.1413793103447,1934.6790871763862,271.3310344827586,282.1448275862069,0.14482758620689656,518.086861520943
2025-08-26 22:00:00,14.160714285714286,41.0,1667.707142857143,2102.7800366964257,271.1,281.8857142857143,0.20714285714285716,515.987378948254
2025-08-26 22:30:00,14.128571428571428,41.0,1666.9964285714286,2097.963059252036,271.05,281.9142857142857,0.3,511.2800995280413
2025-08-26 23:00:00,14.12413793103448,41.0,1665.951724137931,2097.9630580499957,271.2,282.0,0.3,510.97277735172025
2025-08-26 23:30:00,14.167857142857143,41.0,1665.5714285714287,2097.9630374996727,271.2142857142857,282.04285714285714,0.3,512.5508219751538
2025-08-27 00:00:00,14.114285714285714,41.0,1665.95,2097.9630639756065,271.4,282.18571428571425,0.3,510.35088912777985
2025-08-27 00:30:00,14.092857142857142,41.0,1666.2035714285714,2097.963077377191,271.49285714285713,282.1928571428571,0.3,509.4419068170846
2025-08-27 01:00:00,14.106896551724137,41.0,1666.3310344827585,2097.9630770966933,271.6,282.2,0.3,509.8216743312411
2025-08-27 01:30:00,14.086206896551724,41.0,1666.5310344827587,2097.963085865913,271.6,282.21379310344827,0.3,509.05833308857785
2025-08-27 02:00:00,14.12413793103448,41.0,1666.155172413793,2097.9630693433583,271.6,282.2,0.3,510.4579957891342
2025-08-27 02:30:00,14.214285714285714,41.0,1665.607142857143,2097.9630249727916,271.6,282.3428571428571,0.3,513.7160810216676
2025-08-27 03:00:00,14.3,41.0,1665.435714285714,2097.9629846189687,271.59285714285716,282.4714285714286,0.3,516.8072752670158
2025-08-27 03:30:00,14.346428571428572,41.0,1665.082142857143,2099.630273323134,271.6,282.45714285714286,0.26785714285714285,519.7322031255151
2025-08-27 04:00:00,14.232142857142858,41.0,1664.6357142857144,2103.150374819053,271.6,282.4,0.2,518.3136645777012
2025-08-27 04:30:00,14.18148148148148,41.0,1665.3962962962962,2103.1504829484975,271.60740740740744,282.44444444444446,0.2,516.4431810151593
2025-08-27 05:00:00,14.12758620689655,41.0,1666.2206896551725,2099.036336181884,271.78620689655173,282.42758620689654,0.2793103448275862,511.13138804818055
2025-08-27 05:30:00,14.071428571428571,41.0,1666.7285714285715,2097.9630933143044,271.8,282.43571428571425,0.3,508.2331022991449
2025-08-27 06:00:00,14.078571428571427,41.0,1666.7964285714286,2097.9630895413616,271.8,282.4785714285714,0.3,508.4855473157908
2025-08-27 06:30:00,14.157142857142857,41.0,1666.8857142857144,2097.9630616154645,271.8,282.4142857142857,0.3,511.34631761086314
2025-08-27 07:00:00,13.953571428571427,41.0,1667.292857142857,2097.963144011512,271.8,282.34999999999997,0.3,503.8805026381687
2025-08-27 07:30:00,13.814814814814815,41.0,1667.351851851852,2097.9632013190053,271.8,282.17777777777775,0.3,487.2700350898238
2025-08-27 08:00:00,13.921428571428573,41.0,1667.0571428571427,2097.963158455344,271.7785714285714,282.2,0.3,491.6605889913666
2025-08-27 08:30:00,13.846428571428572,41.0,1666.582142857143,2097.963179086955,271.61428571428576,282.15,0.3,500.2082479758048
2025-08-27 09:00:00,13.917241379310346,41.0,1665.1172413793104,2097.9631445105592,271.6,282.12413793103445,0.3,502.921546235594
2025-08-27 09:30:00,14.303571428571429,41.0,1663.7178571428572,2097.9629700373903,271.43571428571425,282.3428571428571,0.3,517.2130143615256
2025-08-27 10:00:00,14.299999999999999,41.0,1662.5035714285714,2097.9629606938533,271.42857142857144,282.4214285714285,0.3,517.1353696396096
2025-08-27 10:30:00,14.289285714285715,41.0,1661.2714285714285,2097.962958971669,271.4,282.3428571428571,0.3,516.8472182688038
2025-08-27 11:00:00,14.339285714285714,41.0,1660.0214285714285,2097.9629296906164,271.4,282.35714285714283,0.3,518.6845935934899
2025-08-27 11:30:00,14.110714285714286,41.0,1659.107142857143,2097.963020305689,271.4,282.2785714285714,0.3,510.517315279294
2025-08-27 12:00:00,14.221428571428572,41.0,1658.1499999999999,2097.96297106579,271.4,282.24285714285713,0.3,514.5663346196632
2025-08-27 12:30:00,14.1,41.0,1657.4448275862069,2099.394075802696,271.5586206896552,282.22758620689655,0.27241379310344827,511.1100197453993
2025-08-27 13:00:00,14.0,41.0,1657.1333333333334,2103.1506313317027,271.6,282.11333333333334,0.2,510.25940818359265
2025-08-27 13:30:00,13.992857142857144,41.0,1657.25,1792.0691430050904,271.6,282.17857142857144,0.1,510.7369085977407
2025-08-27 14:00:00,13.982142857142858,41.0,1657.2250000000001,1800.8040866901324,271.6,282.2,0.0642857142857143,510.61193710347624
2025-08-27 14:30:00,14.03103448275862,41.0,1657.4068965517242,1817.0830969485962,271.6137931034483,282.1862068965517,0.0,512.7961911231984
2025-08-27 15:00:00,14.11111111111111,41.0,1657.674074074074,1813.7471885140376,271.77037037037036,282.3333333333333,0.018518518518518517,515.29690511308
2025-08-27 15:30:00,14.223333333333333,41.0,1658.0833333333333,2041.8955514884785,272.64000000000004,282.46,0.18000000000000002,517.9238481274189
2025-08-27 16:00:00,14.171428571428573,41.0,1657.5321428571428,2099.630364483292,271.8,282.50714285714287,0.26785714285714285,513.5350156929758
2025-08-27 16:30:00,14.196428571428571,41.0,1656.9142857142856,2099.6303832424137,272.4428571428572,282.56428571428575,0.26785714285714285,508.27101334209834
2025-08-27 17:00:00,14.233333333333334,41.0,1657.0555555555557,1932.916287997604,271.8,282.53333333333336,0.14444444444444446,518.7516870068357
2025-08-27 17:30:00,14.196428571428571,41.0,1657.2535714285714,1810.8225978805149,271.8,282.54285714285714,0.03571428571428571,518.083768631017
2025-08-27 18:00:00,14.42222222222222,41.0,1656.0962962962963,1815.4411261105158,271.8,282.62592592592597,0.02962962962962963,526.0886503862363
2025-08-27 18:30:00,14.12758620689655,41.0,1655.596551724138,1858.1892592911788,271.8,282.43793103448274,0.1206896551724138,515.2431661909676
2025-08-27 19:00:00,14.14074074074074,41.0,1655.0,2102.57393498013,271.8,282.4,0.2111111111111111,514.7684462461298
2025-08-27 19:30:00,14.093333333333334,41.0,1654.2966666666666,2097.9630136776486,271.8,282.34,0.3,509.6487614417254
2025-08-27 20:00:00,14.12413793103448,41.0,1653.7310344827586,2097.9629971155473,271.8,282.35862068965514,0.3,510.7843953865536
2025-08-27 20:30:00,14.171428571428573,41.0,1652.7285714285715,2097.9629689403614,271.8,282.42857142857144,0.3,512.5209415253968
2025-08-27 21:00:00,14.224137931034482,41.0,1651.655172413793,2097.9629366290596,271.8,282.51724137931035,0.3,514.4351619643473
2025-08-27 21:30:00,14.328571428571427,41.0,1650.2535714285714,2097.9628823114263,271.8,282.54285714285714,0.3,518.2043196491228
2025-08-27 22:00:00,14.37142857142857,41.0,1649.0071428571428,2097.962852372194,271.8,282.61428571428576,0.3,519.7504998088922
2025-08-27 22:30:00,14.824137931034482,41.0,1652.851724137931,2097.9627919660315,271.86551724137934,283.12068965517244,0.3103448275862069,587.1016590024255
2025-08-27 23:00:00,14.392857142857142,41.0,1669.0571428571427,2097.958341512572,274.3607142857143,284.0678571428571,0.3178571428571429,516.3591323375583
2025-08-27 23:30:00,14.207407407407409,41.0,1681.162962962963,2097.94843064484,275.81481481481484,286.3666666666667,0.3,507.0362408680195
2025-08-28 00:00:00,14.229999999999999,41.0,1691.5033333333333,2097.948965713106,277.06333333333333,287.22666666666663,0.3,543.3708571684284
2025-08-28 00:30:00,13.932142857142859,41.0,1704.0964285714285,2097.9530638220986,277.8642857142857,287.6714285714285,0.3464285714285714,490.42020768946816
2025-08-28 01:00:00,13.87857142857143,41.0,1715.917857142857,2097.956977530184,278.97857142857146,288.12857142857143,0.4,474.2430011819403
2025-08-28 01:30:00,13.703571428571427,41.0,1726.267857142857,2097.9531942077733,279.34285714285716,288.9,0.3321428571428572,481.5325055560597
2025-08-28 02:00:00,13.670370370370371,41.0,1738.148148148148,2097.9517043190617,280.1185185185185,289.5148148148148,0.3,481.84987475375306
2025-08-28 02:30:00,14.613793103448277,41.0,1743.351724137931,2097.950574051666,280.2,290.20344827586206,0.3,554.4074869348958
2025-08-28 03:00:00,14.460714285714285,41.0,1749.825,2097.9505539859397,278.23928571428576,289.04285714285714,0.3,512.0555634198687
2025-08-28 03:30:00,14.307142857142859,41.0,1761.6964285714287,2097.9509295607363,278.08214285714286,288.5,0.3,507.28560206542767
2025-08-28 04:00:00,14.174999999999999,41.0,1773.332142857143,2097.9514251422584,278.6928571428571,288.5,0.3,504.80887752968255
2025-08-28 04:30:00,14.429032258064517,41.0,1782.1806451612904,2097.951497879767,279.7096774193548,289.48709677419356,0.3,576.1031589926682
2025-08-28 05:00:00,14.110344827586207,41.0,1790.4896551724137,2097.9520019645556,279.14482758620693,289.44827586206895,0.3,769.7336184579278
2025-08-28 05:30:00,14.374193548387098,41.0,1799.1709677419356,2097.951787083223,279.2483870967742,289.56129032258065,0.3,881.2843272090271
2025-08-28 06:00:00,14.382758620689655,41.206896551724135,1808.6310344827587,2098.1244020246945,279.0448275862069,289.0,0.3,815.09358776579
2025-08-28 06:30:00,13.655555555555555,42.0,1816.2296296296295,2097.9528757730413,279.0148148148148,288.84444444444443,0.3,186.50527995174605
2025-08-28 07:00:00,13.94,42.0,1826.5733333333333,2098.293595041006,279.18,288.81999999999994,0.3,296.08177615046577
2025-08-28 07:30:00,13.651724137931033,42.0,1832.4448275862069,2110.7694883870045,279.02758620689656,288.9,0.25517241379310346,223.08149523192307
2025-08-28 08:00:00,13.703571428571427,42.0,1841.1035714285715,2126.9811829011664,278.95714285714286,288.9,0.2,260.87048723381133
2025-08-28 08:30:00,13.653333333333334,42.0,1848.96,2127.3544872571297,279.0366666666667,288.9,0.2,274.6151049699093
2025-08-28 09:00:00,13.733333333333333,42.233333333333334,1856.3333333333333,2127.7676249586007,279.16,288.9,0.2,306.4217315418096
2025-08-28 09:30:00,14.644827586206896,44.01724137931034,1857.8137931034482,2106.995077159317,278.4448275862069,288.94827586206895,0.1827586206896552,279.1621331778813
2025-08-28 10:00:00,16.375862068965517,45.0,1831.8379310344828,2105.8405713453435,275.17931034482757,287.7793103448276,0.27241379310344827,319.0029041599577
2025-08-28 10:30:00,17.56896551724138,45.0,1793.4344827586206,2104.7467962338555,272.32413793103444,286.0931034482759,0.33793103448275863,549.6534251375722
2025-08-28 11:00:00,18.575,45.0,1736.6571428571428,2109.896956384198,270.77142857142854,286.57142857142856,0.30357142857142855,715.7010519740577
2025-08-28 11:30:00,18.120689655172413,45.0,1691.0241379310344,2099.3237763883985,270.2241379310345,285.9310344827586,0.3,700.949434914854
2025-08-28 12:00:00,17.903448275862072,45.0,1651.351724137931,2116.8250990137935,270.0793103448276,285.4448275862069,0.2,714.4255840931555
2025-08-28 12:30:00,19.344827586206897,45.0,1539.3758620689655,2140.948896700799,269.7103448275862,286.0137931034483,0.2,1347.6466739247646
2025-08-28 13:00:00,18.567857142857143,45.0,1366.792857142857,2150.24134187144,269.2785714285714,285.1142857142857,0.28214285714285714,1278.1834400657121
2025-08-28 13:30:00,16.015151515151516,45.0,1237.7151515151515,2101.5965018140832,269.1121212121212,280.75151515151515,0.3181818181818182,782.0033191151506
2025-08-28 14:00:00,13.285714285714286,45.0,1203.792857142857,2068.0307668969294,269.1,279.6821428571429,0.32857142857142857,643.5691983693416
2025-08-28 14:30:00,12.799999999999999,45.0,1238.5928571428572,2100.4240611477653,269.3464285714286,278.9035714285714,0.26785714285714285,585.3695857400008
2025-08-28 15:00:00,12.664285714285713,45.0,1277.575,2135.551275451465,270.725,280.3428571428571,0.25357142857142856,180.09988499720058
2025-08-28 15:30:00,12.475,45.0,1304.560714285714,2157.9774911781396,271.95,281.40714285714284,0.2392857142857143,180.07665056194188
2025-08-28 16:00:00,12.375862068965516,45.0,1329.1137931034484,2162.5075835703706,272.63103448275865,281.9862068965517,0.27586206896551724,179.9050542403502
2025-08-28 16:30:00,12.14074074074074,45.0,1354.6,2116.4189278118874,273.6333333333333,282.7851851851852,0.24444444444444444,179.99849583670223
2025-08-28 17:00:00,13.339285714285714,45.0,1378.017857142857,2105.0793295723274,274.8,284.2857142857143,0.26071428571428573,177.69629449390052
2025-08-28 17:30:00,14.910344827586206,45.0,1394.1172413793104,2102.7341313719517,275.1551724137931,286.1862068965517,0.2655172413793104,431.75779589423666
2025-08-28 18:00:00,13.817241379310344,45.0,1414.5758620689653,2100.167982257562,276.46206896551723,286.76206896551724,0.25517241379310346,176.34484878826808
2025-08-28 18:30:00,14.068965517241379,45.0,1431.7448275862068,2098.9042626299315,277.5724137931034,287.61379310344824,0.25517241379310346,224.27088006271146
2025-08-28 19:00:00,13.782142857142858,45.0,1447.6821428571427,2103.522014883478,278.06071428571425,288.04285714285714,0.26785714285714285,175.43191304346075
2025-08-28 19:30:00,13.775862068965518,45.0,1464.5793103448277,2107.8168143371754,279.0586206896552,288.6551724137931,0.2655172413793104,175.197625686248
2025-08-28 20:00:00,14.160714285714286,45.0,1478.6642857142856,2123.512925465374,279.4714285714286,289.3285714285714,0.21071428571428572,238.05098567000147
2025-08-28 20:30:00,13.851724137931035,45.0,1495.213793103448,2103.8680015944105,280.29655172413794,289.86206896551727,0.2793103448275862,175.15077392263373
2025-08-28 21:00:00,14.46,45.0,1509.24,2112.2630380256733,280.96666666666664,290.5833333333333,0.25,205.26799370932065
2025-08-28 21:30:00,14.082758620689654,45.0,1517.0931034482758,2111.7659953389643,279.73793103448276,289.9724137931035,0.2517241379310345,176.1216347281011
2025-08-28 22:00:00,13.837037037037037,45.0,1534.051851851852,2097.9464674581463,280.7888888888889,290.39629629629627,0.3,174.24007057648046
2025-08-28 22:30:00,13.879310344827585,45.0,1548.2275862068966,2099.920787092422,281.5896551724138,290.82758620689657,0.29310344827586204,174.34398561614955
2025-08-28 23:00:00,14.846428571428572,45.0,1560.2964285714286,2115.3261418498473,282.04285714285714,291.94642857142856,0.2392857142857143,210.43778177615818
2025-08-28 23:30:00,15.919999999999998,45.233333333333334,1557.0733333333333,2099.8503502422764,279.15999999999997,290.72333333333336,0.2933333333333333,288.88998841347865
2025-08-29 00:00:00,17.225,46.0,1548.732142857143,2097.948492830668,276.3178571428571,289.4642857142857,0.37857142857142856,666.9748627498157
2025-08-29 00:30:00,18.262962962962963,46.0,1534.2407407407406,2098.9689696258883,274.18148148148146,288.4851851851852,0.32592592592592595,781.5929745386006
2025-08-29 01:00:00,18.392857142857142,46.0,1517.7107142857144,2119.850222219007,272.7035714285714,287.53214285714284,0.25,767.0921378765437
2025-08-29 01:30:00,18.335714285714285,46.0,1501.9107142857142,2137.4272348950813,271.925,286.9035714285714,0.20357142857142857,775.5028170505168
2025-08-29 02:00:00,18.29655172413793,46.0,1486.6896551724137,2122.601072001496,271.53793103448277,286.5551724137931,0.2413793103448276,778.0523588962293
2025-08-29 02:30:00,18.29642857142857,46.0,1473.0321428571428,2116.7553184919975,271.32142857142856,286.3857142857143,0.2571428571428572,827.653690842459
2025-08-29 03:00:00,18.127586206896552,46.0,1461.306896551724,2122.5462611322905,271.2,286.2241379310345,0.2310344827586207,779.2548844592205
2025-08-29 03:30:00,17.90740740740741,46.0,1450.648148148148,2103.041067277419,271.1925925925926,285.94074074074075,0.2777777777777778,767.9228562178901
2025-08-29 04:00:00,17.757142857142856,46.0,1442.8178571428573,2114.7154303196544,271.17857142857144,285.76428571428573,0.2,766.366289220916
2025-08-29 04:30:00,17.70357142857143,46.0,1436.9035714285715,2103.5986790803277,271.2,285.7142857142857,0.21071428571428572,786.5959782475046
2025-08-29 05:00:00,17.478571428571428,46.0,1431.425,2103.051841244155,271.2,285.4535714285714,0.2,775.2049807793908
2025-08-29 05:30:00,17.178571428571427,46.0,1427.642857142857,2099.924344481647,271.20714285714286,285.3392857142857,0.26071428571428573,777.7611123936268
2025-08-29 06:00:00,16.917241379310347,46.0,1424.8689655172413,2099.861884801208,271.4,285.32413793103444,0.26206896551724135,750.1464450567073
2025-08-29 06:30:00,16.8,46.0,1422.8214285714287,2101.228527024278,271.4,285.39285714285717,0.2357142857142857,741.3809815226613
2025-08-29 07:00:00,16.755555555555556,46.0,1421.4925925925927,2099.628450050193,271.55555555555554,285.4037037037037,0.26666666666666666,733.7429361836116
2025-08-29 07:30:00,16.835714285714285,46.0,1420.4214285714286,2102.7059643880134,271.6571428571429,285.4107142857143,0.20714285714285716,749.4260467925587
2025-08-29 08:00:00,17.192857142857143,46.0,1419.5892857142858,2103.0617508131027,271.8,285.7357142857143,0.2,780.3009258021741
2025-08-29 08:30:00,17.574193548387097,46.0,1418.9290322580646,2101.6319417234663,271.8709677419355,286.5064516129033,0.2806451612903226,859.3147385306577
2025-08-29 09:00:00,14.255172413793103,46.0,1432.9827586206898,2100.79770288487,272.5310344827586,284.67241379310343,0.24482758620689654,176.2972278708384
2025-08-29 09:30:00,14.93448275862069,46.0,1451.6137931034484,2118.9719744767613,274.07586206896553,285.68275862068964,0.2,370.0380096509236
2025-08-29 10:00:00,15.166666666666666,46.0,1467.03,2121.828483956809,275.38666666666666,287.44,0.21666666666666667,359.0586482604702
2025-08-29 10:30:00,14.989655172413793,46.0,1483.7344827586207,2107.823006133269,276.5586206896552,288.0586206896552,0.2827586206896551,179.9888092157756
2025-08-29 11:00:00,14.955172413793104,46.0,1500.5931034482758,2097.94535769056,276.40000000000003,287.5896551724138,0.3413793103448276,179.4268833962557
2025-08-29 11:30:00,14.375862068965516,46.0,1517.0241379310344,2109.7910036877815,275.2103448275862,289.6275862068966,0.25862068965517243,174.84481584000173
2025-08-29 12:00:00,13.96551724137931,46.0,1533.3413793103448,2115.7140326421168,274.80689655172415,291.9379310344828,0.23793103448275862,170.99215525610404
2025-08-29 12:30:00,13.755172413793103,46.0,1548.6310344827587,2099.9195912975138,273.851724137931,290.9344827586207,0.29310344827586204,168.83741174593052
2025-08-29 13:00:00,13.637037037037036,46.0,1563.177777777778,2097.946132448548,273.7444444444444,290.1592592592593,0.3,168.4057404808002
2025-08-29 13:30:00,13.482758620689655,46.48275862068966,1579.151724137931,2119.6574661989566,272.55172413793105,289.9103448275862,0.22413793103448276,170.58208754865373
2025-08-29 14:00:00,13.274074074074074,47.0,1594.2851851851851,2112.785548320379,271.40000000000003,288.98148148148147,0.24814814814814815,172.97431131556482
2025-08-29 14:30:00,13.276666666666667,47.0,1609.6699999999998,2099.855239214399,270.9033333333333,288.5733333333334,0.2933333333333333,172.3281690129231
2025-08-29 15:00:00,13.421428571428573,47.0,1625.6000000000001,2097.9474932795774,270.14285714285717,288.4785714285714,0.3,170.95024683245387
2025-08-29 15:30:00,13.457142857142857,47.0,1641.3607142857143,2097.9478333955763,269.95,288.3285714285715,0.3,170.1329429721267
2025-08-29 16:00:00,13.703225806451613,47.0,1652.8064516129032,2097.9475722368556,269.7096774193548,288.6548387096774,0.3,171.96632847927745
2025-08-29 16:30:00,13.25925925925926,47.0,1667.2259259259258,2097.9487934528793,269.4962962962963,288.02592592592595,0.3,170.0106734838679
2025-08-29 17:00:00,13.220689655172412,47.0,1680.9862068965517,2103.868285424718,269.18275862068964,287.77241379310345,0.2793103448275862,169.5704129609916
2025-08-29 17:30:00,13.222222222222221,47.0,1694.251851851852,2097.9493588164587,269.1,287.42962962962963,0.3,169.72601779219323
2025-08-29 18:00:00,14.910344827586206,47.0,1690.148275862069,2109.790014810698,270.26206896551724,287.7586206896552,0.25862068965517243,180.05517359841363
2025-08-29 18:30:00,15.729999999999999,47.0,1669.3533333333332,2125.620650093716,273.3066666666666,287.3933333333333,0.20333333333333334,184.79387801282456
2025-08-29 19:00:00,4.744827586206896,12.96551724137931,1646.893103448276,1907.6039308516727,272.3448275862069,281.99310344827586,0.2,206.47165417358272
2025-08-29 19:30:00,0.0,0.0,1638.6785714285713,1546.6334608690613,270.4107142857143,271.2392857142857,0.2392857142857143,0.0
2025-08-29 20:00:00,0.0,0.0,1634.6607142857142,1546.6334555201797,269.2857142857143,269.3964285714286,0.25,0.0
2025-08-29 20:30:00,20.113793103448273,24.896551724137932,1620.4620689655173,2054.4170926204847,269.09655172413795,278.1448275862069,0.2,2907.1984945489908
2025-08-29 21:00:00,17.051612903225806,19.35483870967742,1589.2709677419355,2088.177362656008,269.7870967741935,288.71935483870965,0.2,2707.612171933894
2025-08-29 21:30:00,0.0,0.0,1585.3407407407406,1685.351789665482,270.03333333333336,275.59999999999997,0.2,0.0
2025-08-29 22:00:00,0.0,0.0,1538.5857142857144,1546.2685704257285,269.0678571428571,269.4107142857143,0.2,0.0
2025-08-29 22:30:00,0.0,0.0,1451.8857142857144,1546.0326235533607,268.54285714285714,268.6928571428571,0.2,0.0
2025-08-29 23:00:00,0.0,0.0,1367.5074074074073,1546.032792288486,268.5,268.67037037037034,0.2,0.0
2025-08-29 23:30:00,0.0,0.0,1294.3241379310346,1546.0328870358678,268.50689655172414,268.67931034482757,0.2,0.0
2025-08-30 00:00:00,0.0,0.0,1280.8185185185184,1546.0329005740602,268.5,268.6259259259259,0.2,0.0
2025-08-30 00:30:00,0.0,0.0,1312.2,1546.0329379324012,268.5,268.5827586206896,0.22758620689655173,0.0
2025-08-30 01:00:00,0.0,0.0,1336.7964285714286,1546.0328753263998,268.49285714285713,268.50714285714287,0.21428571428571427,0.0
2025-08-30 01:30:00,0.0,0.0,1358.2464285714286,1546.0328731993297,268.3857142857143,268.5,0.22142857142857145,0.0
2025-08-30 02:00:00,0.0,0.0,1380.2482758620688,1546.0329404453055,268.4793103448276,268.62413793103445,0.2517241379310345,0.0
2025-08-30 02:30:00,0.0,0.0,1400.896551724138,1546.0327395971515,268.5,268.67241379310343,0.2,0.0
2025-08-30 03:00:00,0.0,0.0,1418.4928571428572,1546.0327049559455,268.49285714285713,268.65,0.2,0.0
2025-08-30 03:30:00,19.503030303030304,12.742424242424242,1433.1545454545453,1931.0174238169654,268.8575757575757,294.1848484848485,0.2787878787878788,813.6864787048735
2025-08-30 04:00:00,0.0,0.0,1450.0185185185185,1947.833050023436,272.3,283.57037037037037,0.32592592592592595,0.0
2025-08-30 04:30:00,0.0,0.0,1466.5678571428573,1544.4121589378976,271.06071428571425,271.7392857142857,0.18571428571428572,0.0
2025-08-30 05:00:00,0.0,0.0,1481.7285714285715,1546.032600522905,270.02500000000003,270.1642857142857,0.2,0.0
2025-08-30 05:30:00,0.0,0.0,1496.3785714285714,1546.032537469695,269.5785714285714,269.67857142857144,0.2,0.0
2025-08-30 06:00:00,0.0,0.0,1510.4689655172413,1546.0324750017428,269.303448275862,269.4344827586207,0.2,0.0
2025-08-30 06:30:00,0.0,0.0,1524.5413793103448,1546.0324538544005,269.1655172413793,269.22758620689655,0.20689655172413793,0.0
2025-08-30 07:00:00,0.0,0.0,1538.1444444444444,1546.032337549541,269.1,269.15555555555557,0.2,0.0
2025-08-30 07:30:00,0.0,0.0,1551.8310344827585,1546.5298103866473,268.9896551724138,269.0931034482759,0.2,0.0
2025-08-30 08:00:00,0.0,0.0,1566.8857142857144,1546.633573886908,268.9,268.9785714285714,0.20357142857142857,0.0
2025-08-30 08:30:00,0.0,0.0,1582.45,1546.6335171775058,268.9,269.00714285714287,0.2285714285714286,0.0
2025-08-30 09:00:00,0.0,0.0,1595.1142857142856,1546.633527853149,268.87857142857143,268.9142857142857,0.21428571428571427,0.0
2025-08-30 09:30:00,0.0,0.0,1607.9535714285714,1546.633523720441,268.73571428571427,268.9,0.21071428571428572,0.0
2025-08-30 10:00:00,0.0,0.0,1620.6035714285715,1546.6335288139715,268.7,268.84999999999997,0.2,0.0
2025-08-30 10:30:00,0.0,0.0,1633.5833333333333,1546.6335152737126,268.7,268.78,0.20333333333333334,0.0
2025-08-30 11:00:00,0.0,0.0,1645.9793103448276,1546.6334791796255,268.7,268.74827586206897,0.22758620689655173,0.0
2025-08-30 11:30:00,0.0,0.0,1658.4321428571427,1545.5302439610616,268.6928571428571,268.7142857142857,0.1892857142857143,0.0
2025-08-30 12:00:00,0.0,0.0,1670.1535714285715,1544.794728602261,268.65,268.7,0.18214285714285716,0.0
2025-08-30 12:30:00,0.0,0.0,1681.2035714285714,1546.63349170593,268.5214285714286,268.7,0.2,0.0
2025-08-30 13:00:00,0.0,0.0,1692.7206896551725,1546.6334860248876,268.5137931034483,268.7,0.2,0.0
2025-08-30 13:30:00,0.0,0.0,1703.7448275862068,1546.6334809704736,268.50689655172414,268.69310344827585,0.2,0.0
2025-08-30 14:00:00,0.0,0.0,1714.2607142857144,1546.6334764851306,268.50714285714287,268.6642857142857,0.2,0.0
2025-08-30 14:30:00,0.0,0.0,1724.7892857142856,1546.6334722813206,268.5,268.6357142857143,0.2,0.0
2025-08-30 15:00:00,0.0,0.0,1735.582142857143,1543.3235150045602,268.5,268.65714285714284,0.16785714285714287,0.0
2025-08-30 15:30:00,0.0,0.0,1745.9862068965517,1546.6334645043287,268.5,268.5689655172414,0.2,0.0
2025-08-30 16:00:00,0.0,0.0,1756.4185185185186,1546.633461095918,268.4851851851852,268.5,0.2,0.0
2025-08-30 16:30:00,0.0,0.0,1766.3481481481483,1546.6334578254477,268.4925925925926,268.5074074074074,0.2,0.0
2025-08-30 17:00:00,0.0,0.0,1776.3999999999999,1546.633399704036,268.49285714285713,268.55,0.2857142857142857,0.0
2025-08-30 17:30:00,0.0,0.0,1786.3285714285714,1546.6334287248017,268.45714285714286,268.5357142857143,0.2357142857142857,0.0
2025-08-30 18:00:00,0.0,0.0,1795.7379310344827,1546.6334282252049,268.3551724137931,268.5,0.23448275862068965,0.0
2025-08-30 18:30:00,0.0,0.0,1805.003448275862,1546.6333908815088,268.32068965517243,268.5,0.29310344827586204,0.0
2025-08-30 19:00:00,0.0,0.0,1814.1833333333334,1546.633444587238,268.3333333333333,268.49333333333334,0.2,0.0
2025-08-30 19:30:00,0.0,0.0,1823.1535714285715,1546.6334364941533,268.3,268.43571428571425,0.21071428571428572,0.0
2025-08-30 20:00:00,0.0,0.0,1831.9206896551723,1546.6333984279288,268.32068965517243,268.50689655172414,0.27586206896551724,0.0
2025-08-30 20:30:00,0.0,0.0,1839.9964285714286,1546.6334327177142,268.3,268.49285714285713,0.21071428571428572,0.0
2025-08-30 21:00:00,0.0,0.0,1848.1357142857144,1546.6334272858783,268.3,268.42857142857144,0.2178571428571429,0.0
2025-08-30 21:30:00,0.0,0.0,1856.357142857143,1546.6334349976823,268.3,268.39285714285717,0.2,0.0
2025-08-30 22:00:00,0.0,0.0,1863.9928571428572,1546.6334334401402,268.3,268.3642857142857,0.2,0.0
2025-08-30 22:30:00,0.0,0.0,1871.6655172413793,1546.633418626557,268.3,268.3,0.22758620689655173,0.0
2025-08-30 23:00:00,0.0,0.0,1878.3892857142857,1546.6333998245984,268.2964285714286,268.3285714285715,0.2642857142857143,0.0
2025-08-30 23:30:00,0.0,0.0,1885.310714285714,1540.0130917403512,268.3,268.3071428571429,0.13571428571428573,0.0
2025-08-31 00:00:00,0.0,0.0,1892.4185185185186,1546.633427971282,268.2962962962963,268.32222222222225,0.2,0.0
2025-08-31 00:30:00,0.0,0.0,1898.792857142857,1546.6334268353307,268.275,268.3285714285715,0.2,0.0
2025-08-31 01:00:00,0.0,0.0,1905.6370370370369,1546.6334257092228,268.2185185185185,268.31481481481484,0.2,0.0
2025-08-31 01:30:00,0.0,0.0,1912.7413793103449,1546.633424520251,268.2,268.3,0.2,0.0
2025-08-31 02:00:00,0.0,0.0,1919.1866666666667,1546.6333951852182,268.2033333333333,268.3,0.26666666666666666,0.0
2025-08-31 02:30:00,0.0,0.0,1925.814285714286,1546.2656199565408,268.2035714285714,268.3,0.2,0.0
2025-08-31 03:00:00,0.0,0.0,1931.982142857143,1546.6334067957293,268.2,268.29285714285714,0.2357142857142857,0.0
2025-08-31 03:30:00,0.0,0.0,1938.3964285714285,1546.6334174430551,268.2,268.30357142857144,0.20714285714285716,0.0
2025-08-31 04:00:00,0.0,0.0,1945.0407407407406,1546.6334193438609,268.2,268.2814814814815,0.2,0.0
2025-08-31 04:30:00,0.0,0.0,1950.651724137931,1546.6334158325908,268.2,268.28275862068966,0.20689655172413793,0.0
2025-08-31 05:00:00,0.0,0.0,1956.1966666666667,1546.6333805622232,268.2,268.26666666666665,0.2966666666666667,0.0
2025-08-31 05:30:00,0.0,0.0,1961.935714285714,1546.633416862994,268.2,268.2714285714286,0.2,0.0
2025-08-31 06:00:00,0.0,0.0,1967.560714285714,1546.6334160779024,268.2,268.25714285714287,0.2,0.0
2025-08-31 06:30:00,0.0,0.0,1973.689285714286,1546.6334152567758,268.1928571428571,268.2285714285714,0.2,0.0
2025-08-31 07:00:00,0.0,0.0,1979.5379310344827,1546.6334144861992,268.1862068965517,268.20344827586206,0.2,0.0
2025-08-31 07:30:00,0.0,0.0,1985.4785714285715,1546.6334136308365,268.18571428571425,268.2821428571429,0.2,0.0
2025-08-31 08:00:00,0.0,0.0,1991.7821428571428,1546.6334127962214,268.1928571428571,268.2857142857143,0.2,0.0
2025-08-31 08:30:00,0.0,0.0,1997.003448275862,1546.633412157912,268.2,268.2344827586207,0.2,0.0
2025-08-31 09:00:00,0.0,0.0,2002.417857142857,1546.633406630944,268.15714285714284,268.2107142857143,0.21428571428571427,0.0
2025-08-31 09:30:00,0.0,0.0,2007.1655172413793,1546.633411042376,268.04137931034484,268.2103448275862,0.2,0.0
2025-08-31 10:00:00,0.0,0.0,2012.6965517241379,1542.0167814119372,268.0551724137931,268.20344827586206,0.15517241379310345,0.0
2025-08-31 10:30:00,0.0,0.0,2016.7571428571428,1546.6334099156138,268.0,268.2,0.2,0.0
2025-08-31 11:00:00,0.0,0.0,2021.417857142857,1546.6334093471264,268.0142857142857,268.2,0.2,0.0
2025-08-31 11:30:00,0.0,0.0,2026.0379310344827,1546.6334088039391,268.0137931034483,268.2,0.2,0.0
2025-08-31 12:00:00,0.0,0.0,2030.9379310344827,1546.278281614078,268.0,268.1862068965517,0.19655172413793104,0.0
2025-08-31 12:30:00,0.0,0.0,2035.6689655172415,1546.2782810046226,268.0,268.1655172413793,0.19655172413793104,0.0
2025-08-31 13:00:00,0.0,0.0,2040.5551724137931,1546.6334050190505,268.00689655172414,268.17931034482757,0.20689655172413793,0.0
2025-08-31 13:30:00,0.0,0.0,2044.5896551724138,1546.6334067085845,268.0,268.2,0.2,0.0
2025-08-31 14:00:00,0.0,0.0,2048.707142857143,1546.6334063353577,268.0,268.0785714285714,0.2,0.0
2025-08-31 14:30:00,0.0,0.0,2053.3964285714287,1546.6334058265234,268.0,268.0785714285714,0.2,0.0
2025-08-31 15:00:00,0.0,0.0,2056.3444444444444,1545.1076694986166,268.0,268.02962962962965,0.18518518518518517,0.0
2025-08-31 15:30:00,0.0,0.0,2059.6357142857146,1546.2655937807388,267.99285714285713,268.0214285714286,0.19642857142857142,0.0
2025-08-31 16:00:00,0.0,0.0,2062.6724137931033,1546.63340488069,268.0,268.0137931034483,0.2,0.0
2025-08-31 16:30:00,0.0,0.0,2066.558620689655,1546.6334044802447,267.99310344827586,268.0137931034483,0.2,0.0
2025-08-31 17:00:00,0.0,0.0,2070.2,1542.9552816565197,267.99285714285713,268.0142857142857,0.1642857142857143,0.0
2025-08-31 17:30:00,0.0,0.0,2074.0178571428573,1546.6334037185673,267.99285714285713,268.00714285714287,0.2,0.0
2025-08-31 18:00:00,0.0,0.0,2077.8896551724138,1546.6334033323271,267.9862068965517,268.00689655172414,0.2,0.0
2025-08-31 18:30:00,0.0,0.0,2081.6785714285716,1546.2655899645067,268.0,268.12142857142857,0.19642857142857142,0.0
2025-08-31 19:00:00,0.0,0.0,2085.658620689655,1546.6334024904595,268.0,268.1103448275862,0.2,0.0
2025-08-31 19:30:00,0.0,0.0,2089.8444444444444,1546.6334000488177,267.9925925925926,268.0888888888889,0.20740740740740743,0.0
2025-08-31 20:00:00,0.0,0.0,2094.5862068965516,1546.2782710622557,267.99310344827586,268.1448275862069,0.19655172413793104,0.0
2025-08-31 20:30:00,0.0,0.0,2097.8586206896553,1541.3064415771014,267.87586206896555,268.0689655172414,0.1482758620689655,0.0
2025-08-31 21:00:00,0.0,0.0,2102.182142857143,1546.6334010847272,267.82142857142856,268.00714285714287,0.2,0.0
2025-08-31 21:30:00,0.0,0.0,2105.925925925926,1546.6334007326511,267.82962962962966,268.0,0.2,0.0
2025-08-31 22:00:00,0.0,0.0,2109.2758620689656,1546.6334004325045,267.8137931034483,268.0,0.2,0.0
2025-08-31 22:30:00,0.0,0.0,2112.9862068965517,1546.6334000909264,267.82068965517243,267.99310344827586,0.2,0.0
2025-08-31 23:00:00,0.0,0.0,2116.2607142857146,1546.6333997980946,267.8071428571429,268.0,0.2,0.0
2025-08-31 23:30:00,0.0,0.0,2119.162068965517,1546.6333995320658,267.8137931034483,268.0,0.2,0.0
2025-09-01 00:00:00,0.0,0.0,2122.0185185185187,1546.6333993400613,267.8,267.89629629629627,0.2,0.0
2025-09-01 00:30:00,0.0,0.0,2125.0285714285715,1546.633399077779,267.8,267.8857142857143,0.2,0.0
2025-09-01 01:00:00,0.0,0.0,2127.103448275862,1546.6333988815093,267.8,267.91034482758624,0.2,0.0
2025-09-01 01:30:00,0.0,0.0,2129.8714285714286,1546.2655829532873,267.8,267.9142857142857,0.19642857142857142,0.0
2025-09-01 02:00:00,0.0,0.0,2132.9037037037037,1541.2932576826406,267.8,267.97777777777776,0.14814814814814814,0.0
2025-09-01 02:30:00,0.0,0.0,2135.7206896551725,1546.6333981028981,267.8,267.9655172413793,0.2,0.0
2025-09-01 03:00:00,0.0,0.0,2138.2586206896553,1546.6333978922858,267.8,267.951724137931,0.2,0.0
2025-09-01 03:30:00,0.0,0.0,2141.0241379310346,1546.6333959252506,267.8,267.9655172413793,0.20689655172413793,0.0
2025-09-01 04:00:00,0.0,0.0,2144.2678571428573,1546.6333973907833,267.8,267.93571428571425,0.2,0.0
2025-09-01 04:30:00,0.0,0.0,2147.175,1544.4264976212914,267.8,267.95,0.17857142857142858,0.0
2025-09-01 05:00:00,0.0,0.0,2149.6000000000004,1546.6333969581049,267.7925925925926,267.9185185185185,0.2,0.0
2025-09-01 05:30:00,0.0,0.0,2151.15,1544.794312814596,267.79285714285714,267.9714285714286,0.18214285714285716,0.0
2025-09-01 06:00:00,0.0,0.0,2153.5466666666666,1536.6778188795838,267.78000000000003,267.96,0.10333333333333333,0.0
2025-09-01 06:30:00,0.0,0.0,2157.4777777777776,1542.4375564364984,267.7925925925926,267.94814814814816,0.15925925925925924,0.0
2025-09-01 07:00:00,0.0,0.0,2158.8214285714284,1542.587406950195,267.7785714285714,267.9214285714286,0.16071428571428573,0.0
2025-09-01 07:30:00,0.0,0.0,2160.3703703703704,1545.8705158616567,267.77037037037036,267.8370370370371,0.1925925925925926,0.0
2025-09-01 08:00:00,0.0,0.0,2162.207142857143,1546.633395989175,267.7857142857143,267.8,0.2,0.0
2025-09-01 08:30:00,0.0,0.0,2133.735714285714,1543.6908709322574,267.6714285714286,267.8,0.17142857142857146,0.0
2025-09-01 09:00:00,0.0,0.0,1999.8,1546.6334123439867,267.8,268.0,0.2,0.0
2025-09-01 09:30:00,0.0,0.0,1288.85,1154.8264808302688,200.949999999,201.299999999,0.1,0.0
2025-09-01 10:00:00,0.0,0.0,1049.8,1031.089052522009,178.86666666533333,178.99999999866668,0.13333333333333333,0.0
2025-09-01 10:30:00,0.075,13.83375,1386.2875,1353.1980663381275,238.78750000000002,239.38750000000002,0.17500000000000002,54.1262252688185
2025-09-01 11:00:00,,,,,,,,
2025-09-01 11:30:00,,,,,,,,
2025-09-01 12:00:00,,,,,,,,
2025-09-01 12:30:00,,,,,,,,
2025-09-01 13:00:00,,,,,,,,
2025-09-01 13:30:00,,,,,,,,
2025-09-01 14:00:00,,,,,,,,
2025-09-01 14:30:00,,,,,,,,
2025-09-01 15:00:00,,,,,,,,
2025-09-01 15:30:00,,,,,,,,
2025-09-01 16:00:00,,,,,,,,
2025-09-01 16:30:00,,,,,,,,
2025-09-01 17:00:00,,,,,,,,
2025-09-01 17:30:00,,,,,,,,
2025-09-01 18:00:00,,,,,,,,
2025-09-01 18:30:00,,,,,,,,
2025-09-01 19:00:00,22.3,50.0,1501.3,2090.9689484639143,270.5,291.0,0.3,2542.9184581069644
2025-09-01 19:30:00,22.35,50.0,1483.175,2092.7906918405793,270.55,290.65,0.275,2542.919260203006
2025-09-01 20:00:00,22.433333333333334,50.0,1441.1333333333332,2102.2538452934996,270.3,290.1333333333334,0.26666666666666666,2542.920446430741
2025-09-01 20:30:00,22.0,50.0,1400.4666666666665,2101.965658277882,270.1,289.8666666666666,0.26666666666666666,2542.9271031894746
2025-09-01 21:00:00,22.03333333333333,50.0,1356.2,2175.007572031623,270.0,289.53333333333336,0.20000000000000004,2542.931287130845
2025-09-01 21:30:00,21.766666666666666,50.0,1318.9666666666667,2164.831534071277,269.93333333333334,289.0,0.26666666666666666,2542.9399353944495
2025-09-01 22:00:00,21.3,50.0,1297.2666666666667,2160.0757093514194,269.9666666666667,288.76666666666665,0.3,2543.0000458043996
2025-09-01 22:30:00,21.099999999999998,50.0,1296.9666666666667,2160.093728879863,270.3,289.0333333333333,0.3,2543.023016197878
2025-09-01 23:00:00,20.833333333333332,50.0,1293.6000000000001,2166.4865811700597,270.5,288.93333333333334,0.3,2035.822820691749
2025-09-01 23:30:00,20.866666666666664,50.0,1293.0333333333333,2163.785804828523,270.76666666666665,289.2,0.2333333333333333,1862.971603486075
2025-09-02 00:00:00,20.833333333333332,50.0,1291.6000000000001,2168.1368982427352,270.9,289.26666666666665,0.20000000000000004,2062.1793068147304
2025-09-02 00:30:00,20.666666666666668,50.0,1292.5666666666666,2165.108801908304,270.96666666666664,289.06666666666666,0.2333333333333333,1777.7829430502536
2025-09-02 01:00:00,20.733333333333334,50.0,1292.2333333333333,2167.029754107134,271.1333333333333,289.53333333333336,0.20000000000000004,1808.6220988762168
2025-09-02 01:30:00,20.166666666666668,50.0,1292.6666666666667,2168.743054392615,271.1333333333333,288.93333333333334,0.3,1654.3120079660894
2025-09-02 02:00:00,20.599999999999998,50.0,1293.1333333333332,2165.6745384010105,271.4,289.40000000000003,0.39999999999999997,1682.27429671598
2025-09-02 02:30:00,20.599999999999998,50.0,1290.2666666666667,2162.5863817276095,271.26666666666665,289.3333333333333,0.4666666666666666,1676.6694922095357
2025-09-02 03:00:00,20.766666666666666,50.0,1287.7,2161.23985658256,271.2,289.4,0.4000000000000001,1740.6124726627131
2025-09-02 03:30:00,20.733333333333334,50.0,1284.8,2161.1355744889042,271.2,289.46666666666664,0.43333333333333335,1738.2240713994806
2025-09-02 04:00:00,20.5,50.0,1281.6000000000001,2163.1145542501545,271.2,289.3333333333333,0.4000000000000001,1697.2638723259045
2025-09-02 04:30:00,20.5,50.0,1283.2666666666667,2163.150392248645,271.46666666666664,288.93333333333334,0.4000000000000001,1679.8549530110804
2025-09-02 05:00:00,20.7,50.0,1280.9333333333334,2161.232840986809,271.53333333333336,289.3333333333333,0.4000000000000001,1702.3618646073128
2025-09-02 05:30:00,20.466666666666665,50.0,1277.9333333333334,2162.090756722839,271.4,289.26666666666665,0.43333333333333335,1669.9330871073535
2025-09-02 06:00:00,20.566666666666666,50.0,1275.7,2157.996234317074,271.46666666666664,289.53333333333336,0.4000000000000001,1639.1910567947605
2025-09-02 06:30:00,20.766666666666666,50.0,1273.1666666666667,2161.23247233561,271.6,289.6666666666667,0.43333333333333335,1732.15004327312
2025-09-02 07:00:00,18.433333333333334,50.0,1278.8333333333333,2143.5612876238733,271.7,287.93333333333334,0.4000000000000001,1797.3465215374065
2025-09-02 07:30:00,17.5,50.0,1302.625,2163.2341366572427,274.55,288.775,0.375,1742.8603951325572
2025-09-02 08:00:00,17.333333333333332,50.0,1318.4333333333334,2165.1857380362967,276.43333333333334,289.8,0.3666666666666667,1497.4121760628739
2025-09-02 08:30:00,22.833333333333332,50.5,1338.0833333333333,2155.902781051384,278.3333333333333,291.81666666666666,0.4166666666666667,2150.0696872841872
2025-09-02 09:00:00,17.685714285714287,52.0,1353.142857142857,2154.559846772441,277.2285714285714,291.0,0.37142857142857144,884.1070199568101
2025-09-02 09:30:00,18.279999999999998,54.6,1365.72,2134.0493155468084,275.9,294.12,0.4,272.232031263746
2025-09-02 10:00:00,17.2,55.0,1384.3333333333333,2101.4918206783636,276.8,296.09999999999997,0.3,239.13043478260875
2025-09-02 10:30:00,19.033333333333335,55.0,1397.8333333333333,2109.0171667893364,276.26666666666665,296.43333333333334,0.3,203.26056760843622
2025-09-02 11:00:00,22.98,55.0,1380.38,2141.6527346832345,274.15333333333336,293.38666666666666,0.47333333333333333,177.25577117287776
2025-09-02 11:30:00,15.435294117647057,38.8235294117647,1358.7941176470588,2077.5322826495767,272.2352941176471,292.84117647058827,0.4588235294117647,128.6625903259172
2025-09-02 12:00:00,0.0,0.0,1374.05625,1770.2506727388395,271.28125,275.45625,0.23125,0.0
2025-09-02 12:30:00,0.0,0.0,1393.6,1546.032784098442,269.86,270.24,0.2,0.0
2025-09-02 13:00:00,0.0,0.0,1405.8733333333332,1545.276581217609,269.15333333333336,269.24666666666667,0.19333333333333336,0.0
2025-09-02 13:30:00,0.0,0.0,1421.0466666666666,1546.0327379068474,268.96666666666664,269.08000000000004,0.20666666666666667,0.0
2025-09-02 14:00:00,0.0,0.0,1437.0866666666666,1546.0326724886284,268.8066666666667,268.88666666666666,0.2,0.0
2025-09-02 14:30:00,0.0,0.0,1452.8133333333333,1546.0326284032856,268.62,268.7133333333333,0.2,0.0
2025-09-02 15:00:00,0.0,0.0,1468.6666666666667,1540.7381058103847,268.5,268.64666666666665,0.15333333333333335,0.0
2025-09-02 15:30:00,0.0,0.0,1484.4333333333334,1544.519787918032,268.5,268.64666666666665,0.18666666666666668,0.0
2025-09-02 16:00:00,7.029629629629629,13.333333333333334,1383.788888888889,1739.1880418075966,251.04074074074074,255.4814814814815,0.1888888888888889,441.5150115734616
2025-09-02 16:30:00,16.866666666666667,18.333333333333332,1511.0933333333335,2022.9269961490145,269.11333333333334,276.12,0.24666666666666667,1490.7016132370836
2025-09-02 17:00:00,7.594736842105264,0.0,1523.4105263157894,1928.8465913132745,269.9894736842105,277.7631578947368,0.2894736842105263,377.46379440320857
2025-09-02 17:30:00,0.0,0.0,1537.475,1546.0324233390259,269.99375000000003,271.13125,0.2,0.0
2025-09-02 18:00:00,0.0,0.0,1554.5733333333333,1546.5933359708722,269.16,269.2733333333333,0.2,0.0
2025-09-02 18:30:00,0.0,0.0,1570.5666666666666,1545.2607795326496,268.7933333333333,269.03333333333336,0.18666666666666668,0.0
2025-09-02 19:00:00,0.0,0.0,1585.7533333333333,1545.260764440485,268.68666666666667,268.8066666666667,0.18666666666666668,0.0
2025-09-02 19:30:00,0.0,0.0,1600.1266666666668,1546.633548421321,268.5,268.7133333333333,0.2,0.0
2025-09-02 20:00:00,0.0,0.0,1613.2533333333333,1546.633437549376,268.5,268.7,0.2733333333333333,0.0
2025-09-02 20:30:00,0.0,0.0,1625.22,1546.6335103131248,268.4733333333333,268.68666666666667,0.21333333333333335,0.0
2025-09-02 21:00:00,0.0,0.0,1639.3333333333333,1545.9470593911622,268.3666666666667,268.5266666666667,0.19333333333333336,0.0
2025-09-02 21:30:00,0.0,0.0,1655.3133333333333,1546.6335071418132,268.4866666666667,268.5,0.2,0.0
2025-09-02 22:00:00,0.0,0.0,1667.7733333333333,1546.6334991170995,268.5,268.67333333333335,0.2,0.0
2025-09-02 22:30:00,0.0,0.0,1679.7933333333335,1546.6334149913052,268.5,268.68666666666667,0.28,0.0
2025-09-02 23:00:00,0.0,0.0,1689.9199999999998,1546.6334566285645,268.38,268.56666666666666,0.23333333333333334,0.0
2025-09-02 23:30:00,0.0,0.0,1702.2250000000001,1546.6334826599057,268.33750000000003,268.525,0.2,0.0
2025-09-03 00:00:00,0.0,0.0,1714.04,1546.6334767750689,268.44666666666666,268.65999999999997,0.2,0.0
2025-09-03 00:30:00,0.0,0.0,1725.3333333333333,1546.6334617275522,268.38,268.7,0.21333333333333335,0.0
2025-09-03 01:00:00,0.0,0.0,1736.7333333333333,1546.633467639096,268.4733333333333,268.7,0.2,0.0
2025-09-03 01:30:00,0.0,0.0,1747.7733333333333,1546.6334442394589,268.44666666666666,268.68666666666667,0.22666666666666666,0.0
2025-09-03 02:00:00,0.0,0.0,1758.7733333333333,1546.6334602031857,268.43333333333334,268.62,0.2,0.0
2025-09-03 02:30:00,0.0,0.0,1769.5533333333333,1546.6334567193626,268.42,268.64666666666665,0.2,0.0
2025-09-03 03:00:00,0.0,0.0,1779.5133333333333,1546.633453768162,268.3933333333333,268.6333333333333,0.2,0.0
2025-09-03 03:30:00,0.0,0.0,1790.7666666666667,1546.6334504859408,268.40666666666664,268.6333333333333,0.2,0.0
2025-09-03 04:00:00,0.0,0.0,1800.51875,1546.633447630248,268.45,268.6875,0.2,0.0
2025-09-03 04:30:00,0.0,0.0,1809.6399999999999,1546.633445441613,268.35333333333335,268.67333333333335,0.2,0.0
2025-09-03 05:00:00,0.0,0.0,1819.2066666666665,1546.633443151674,268.32666666666665,268.62,0.2,0.0
2025-09-03 05:30:00,0.0,0.0,1829.1733333333332,1546.6334409001815,268.3,268.54,0.2,0.0
2025-09-03 06:00:00,0.0,0.0,1837.9066666666665,1546.6334388273365,268.31333333333333,268.55333333333334,0.2,0.0
2025-09-03 06:30:00,0.0,0.0,1846.8733333333332,1546.633436736605,268.3,268.6333333333333,0.2,0.0
2025-09-03 07:00:00,0.0,0.0,1855.3933333333334,1545.2603397777177,268.3,268.67333333333335,0.18666666666666668,0.0
2025-09-03 07:30:00,0.0,0.0,1864.12,1546.633429693577,268.31333333333333,268.7,0.20666666666666667,0.0
2025-09-03 08:00:00,0.0,0.0,1872.3666666666666,1546.633418392075,268.3,268.68666666666667,0.22666666666666666,0.0
2025-09-03 08:30:00,0.0,0.0,1880.8266666666668,1546.633429746604,268.3,268.67333333333335,0.2,0.0
2025-09-03 09:00:00,0.0,0.0,1889.0933333333335,1546.6334281958318,268.3,268.67333333333335,0.2,0.0
2025-09-03 09:30:00,0.0,0.0,1897.8866666666665,1546.6334176755017,268.3,268.54,0.22000000000000003,0.0
2025-09-03 10:00:00,0.0,0.0,1906.24,1546.6334223897177,268.3,268.5266666666667,0.20666666666666667,0.0
2025-09-03 10:30:00,0.0,0.0,1912.9733333333331,1546.6333981836167,268.3,268.67333333333335,0.26,0.0
2025-09-03 11:00:00,0.0,0.0,1919.88,1546.6334228617284,268.3,268.64666666666665,0.2,0.0
2025-09-03 11:30:00,0.0,0.0,1925.2666666666669,1546.6333852092966,268.3,268.5,0.2888888888888889,0.0
2025-09-03 12:00:00,0.0,0.0,1930.4,1546.6334213017826,268.3,268.5,0.2,0.0
2025-09-03 12:30:00,,,,,,,,
2025-09-03 13:00:00,0.0,0.0,1943.0,1546.633419346896,268.3,268.5,0.2,0.0
2025-09-03 13:30:00,,,,,,,,
2025-09-03 14:00:00,0.0,0.0,1954.9,1546.6334175787529,268.3,268.5,0.2,0.0
2025-09-03 14:30:00,0.0,0.0,1937.9,1546.6334202384983,268.2,268.5,0.2,0.0
2025-09-03 15:00:00,17.033333333333335,3.3333333333333335,1842.6499999999999,1960.401743300631,268.28333333333336,282.5,0.2833333333333333,572.2622700048704
2025-09-03 15:30:00,3.575,8.125,1729.8,1793.601575111645,269.1,276.9625,0.2625,154.9249728504503
2025-09-03 16:00:00,0.0,0.0,1539.4333333333334,1538.6681085318705,268.56666666666666,269.8333333333333,0.13333333333333333,0.0
2025-09-03 16:30:00,0.0,0.0,1401.9,1546.0328779592892,268.5,268.55,0.25,0.0
2025-09-03 17:00:00,0.0,0.0,1344.9666666666665,1546.0329231402666,268.5,268.56666666666666,0.2333333333333333,0.0
2025-09-03 17:30:00,0.0,0.0,1326.6000000000001,1546.0328498859642,268.5,268.56666666666666,0.20000000000000004,0.0
2025-09-03 18:00:00,0.0,0.0,1363.7666666666667,1546.0327998497287,268.5,268.56666666666666,0.20000000000000004,0.0
2025-09-03 18:30:00,0.0,0.0,1389.9333333333334,1546.0329890610685,268.5,268.5,0.26666666666666666,0.0
2025-09-03 19:00:00,0.0,0.0,1417.8333333333333,1546.0328271743217,268.5,268.56666666666666,0.2333333333333333,0.0
2025-09-03 19:30:00,0.0,0.0,1445.8,1546.0326406805277,268.5,268.5,0.20000000000000004,0.0
2025-09-03 20:00:00,0.0,0.0,1470.2,1546.0325747225963,268.5,268.56666666666666,0.20000000000000004,0.0
2025-09-03 20:30:00,0.0,0.0,1492.0,1546.0324964188942,268.3,268.5,0.20000000000000004,0.0
2025-09-03 21:00:00,0.0,0.0,1512.1333333333332,1546.0324156360668,268.3,268.5,0.20000000000000004,0.0
2025-09-03 21:30:00,0.0,0.0,1530.2,1546.032331003246,268.3666666666667,268.5,0.20000000000000004,0.0
2025-09-03 22:00:00,0.0,0.0,1546.4000000000003,1546.232705973515,268.3,268.43333333333334,0.20000000000000004,0.0
2025-09-03 22:30:00,0.0,0.0,1562.0666666666668,1546.63353594782,268.3,268.3,0.2333333333333333,0.0
2025-09-03 23:00:00,0.0,0.0,1577.4333333333334,1546.6335171216015,268.3,268.3666666666667,0.2333333333333333,0.0
2025-09-03 23:30:00,0.0,0.0,1591.4333333333334,1546.6334031919387,268.3,268.43333333333334,0.3,0.0
2025-09-04 00:00:00,0.0,0.0,1605.0,1546.633401859759,268.3,268.43333333333334,0.3,0.0
2025-09-04 00:30:00,0.0,0.0,1618.3666666666668,1546.6335346192834,268.3,268.5,0.20000000000000004,0.0
2025-09-04 01:00:00,0.0,0.0,1632.3666666666668,1546.6335243774631,268.26666666666665,268.3666666666667,0.20000000000000004,0.0
2025-09-04 01:30:00,0.0,0.0,1645.3333333333333,1546.6334362865346,268.3,268.43333333333334,0.26666666666666666,0.0
2025-09-04 02:00:00,0.0,0.0,1658.7,1546.6334706083908,268.3,268.43333333333334,0.2333333333333333,0.0
2025-09-04 02:30:00,0.0,0.0,1672.6333333333332,1546.6334648912427,268.26666666666665,268.3,0.2333333333333333,0.0
2025-09-04 03:00:00,0.0,0.0,1684.7666666666667,1546.6334267680393,268.23333333333335,268.3,0.26666666666666666,0.0
2025-09-04 03:30:00,0.0,0.0,1699.225,1546.6334851284107,268.2,268.3,0.2,0.0
2025-09-04 04:00:00,0.0,0.0,1710.5666666666666,1546.6334799533597,268.2,268.3,0.20000000000000004,0.0
2025-09-04 04:30:00,0.0,0.0,1723.0333333333335,1546.6334745583688,268.23333333333335,268.3,0.20000000000000004,0.0
2025-09-04 05:00:00,0.0,0.0,1734.7666666666667,1546.6334699124607,268.23333333333335,268.3,0.20000000000000004,0.0
2025-09-04 05:30:00,0.0,0.0,1746.8333333333333,1546.6334655364026,268.2,268.3,0.20000000000000004,0.0
2025-09-04 06:00:00,0.0,0.0,1758.6666666666667,1546.6334614273244,268.2,268.3,0.20000000000000004,0.0
2025-09-04 06:30:00,0.0,0.0,1771.1333333333332,1546.6334573654642,268.2,268.3,0.20000000000000004,0.0
2025-09-04 07:00:00,0.0,0.0,1782.3333333333333,1546.6334323947776,268.2,268.26666666666665,0.2333333333333333,0.0
2025-09-04 07:30:00,0.0,0.0,1792.8999999999999,1546.6334509134037,268.2,268.26666666666665,0.20000000000000004,0.0
2025-09-04 08:00:00,0.0,0.0,1801.875,1546.6334175004883,268.2,268.25,0.25,0.0
2025-09-04 08:30:00,0.0,0.0,1813.3666666666668,1546.633445434166,268.2,268.23333333333335,0.20000000000000004,0.0
2025-09-04 09:00:00,0.0,0.0,1819.6,1546.6334437477976,268.2,268.3,0.2,0.0
2025-09-04 09:30:00,,,,,,,,
2025-09-04 10:00:00,,,,,,,,
2025-09-04 10:30:00,,,,,,,,
2025-09-04 11:00:00,15.0,13.333333333333334,1742.1333333333332,2054.8139992077263,270.55,278.23333333333335,0.21666666666666667,1048.0344698132833
2025-09-04 11:30:00,35.45,45.0,1694.9,2164.837530768792,269.8,284.25,0.25,4269.299467208396
2025-09-04 12:00:00,23.366666666666664,50.0,1616.1333333333332,2089.027020900965,270.1666666666667,290.03333333333336,0.20000000000000004,2542.9116272461774
2025-09-04 12:30:00,22.900000000000002,50.0,1527.9333333333334,2076.6318428158297,270.06666666666666,289.1666666666667,0.20000000000000004,2542.9153768532396
2025-09-04 13:00:00,22.62857142857143,49.92857142857143,1374.185714285714,2130.281516596453,269.42857142857144,288.2142857142857,0.2571428571428572,2542.9222973576802
2025-09-04 13:30:00,21.842857142857145,48.94642857142857,1332.9892857142856,2159.693756857766,269.4857142857143,287.5392857142857,0.2785714285714286,2542.920021731308
2025-09-04 14:00:00,20.04736842105263,47.28947368421053,1344.9736842105262,2173.496176532876,270.021052631579,286.5210526315789,0.3157894736842105,2080.0310694826594
2025-09-04 14:30:00,18.992307692307694,46.0,1353.2615384615385,2169.2912364969543,270.3769230769231,285.2923076923077,0.2,1432.9313591501489
2025-09-04 15:00:00,18.539130434782606,45.0,1366.8782608695653,2114.457005315013,270.9217391304348,284.73478260869564,0.2,1417.2445668977548
2025-09-04 15:30:00,18.44814814814815,45.0,1387.2259259259258,2106.7906443842535,272.15185185185186,285.84814814814814,0.26666666666666666,1391.3601554848563
2025-09-04 16:00:00,17.989285714285714,45.0,1409.2571428571428,2098.731145467727,273.81428571428575,286.9321428571429,0.24642857142857144,854.5687591729519
2025-09-04 16:30:00,18.232142857142858,45.0,1431.5035714285714,2100.9724021184534,275.42857142857144,288.2107142857143,0.34285714285714286,875.5206480543568
2025-09-04 17:00:00,18.32,45.53333333333333,1451.65,2109.6542668987436,277.0466666666667,289.57666666666665,0.27666666666666667,917.2273715541029
2025-09-04 17:30:00,19.02,47.03333333333333,1459.09,2116.100402915756,276.59000000000003,289.89666666666665,0.2933333333333333,1813.0685969932592
2025-09-04 18:00:00,20.48148148148148,48.5,1455.648148148148,2117.919928533816,274.55925925925925,289.9185185185185,0.24444444444444444,2026.9996926694516
2025-09-04 18:30:00,21.67142857142857,49.839285714285715,1443.017857142857,2117.995431790041,272.9321428571429,290.35714285714283,0.3071428571428571,2542.92469916815
2025-09-04 19:00:00,21.914285714285715,50.0,1428.5071428571428,2098.972097163297,272.01785714285717,290.0785714285714,0.22142857142857145,2542.922461878928
2025-09-04 19:30:00,21.967857142857145,50.0,1414.4928571428572,2095.862818935914,271.6642857142857,289.9,0.3,2542.9254029997123
2025-09-04 20:00:00,21.903448275862072,50.0,1400.155172413793,2104.387881489595,271.39310344827584,289.7206896551724,0.26206896551724135,2542.9276991439315
2025-09-04 20:30:00,21.879310344827587,50.0,1386.5724137931034,2130.885704032578,271.2068965517241,289.5310344827586,0.3,2542.9287528522595
2025-09-04 21:00:00,21.75862068965517,50.0,1374.7586206896551,2158.6487513895017,271.2,289.2758620689655,0.3,2542.9383712359568
2025-09-04 21:30:00,21.571428571428573,50.0,1364.0857142857144,2175.949083381185,271.1642857142857,289.10714285714283,0.3,2492.812021460189
2025-09-04 22:00:00,20.707142857142856,49.017857142857146,1356.3964285714285,2178.186541196098,271.17857142857144,288.38214285714287,0.25,2005.6075543948177
2025-09-04 22:30:00,19.43448275862069,47.48275862068966,1355.8620689655172,2173.108262774903,271.303448275862,286.85172413793106,0.3,2097.748967239671
2025-09-04 23:00:00,18.093103448275862,46.5,1371.044827586207,2108.8467465441704,272.3034482758621,285.95517241379315,0.2862068965517241,1207.6645153880404
2025-09-04 23:30:00,18.95862068965517,46.5,1383.110344827586,2120.319913421285,274.2068965517241,287.8827586206897,0.27586206896551724,1344.442881081694
2025-09-05 00:00:00,17.974074074074075,46.5,1388.4333333333332,2105.996894595341,273.3666666666667,286.88518518518515,0.2518518518518518,952.5050921397544
2025-09-05 00:30:00,17.73448275862069,46.5,1408.6689655172415,2101.133330995713,275.85862068965514,288.3,0.3,899.4722652037018
2025-09-05 01:00:00,17.571428571428573,46.5,1423.3428571428572,2097.9194957068144,277.28214285714284,289.4214285714286,0.3,790.8771182514052
2025-09-05 01:30:00,17.982758620689655,46.5,1437.648275862069,2103.6109403895784,278.2655172413793,290.59999999999997,0.3,986.4313790859909
2025-09-05 02:00:00,19.074074074074073,47.5,1444.9592592592594,2126.648001375602,278.18518518518516,291.3703703703704,0.26296296296296295,2105.491181548517
2025-09-05 02:30:00,20.014285714285712,48.482142857142854,1440.0678571428573,2110.7262778270824,275.68928571428575,290.60714285714283,0.28928571428571426,1516.8871091975257
2025-09-05 03:00:00,20.582142857142856,48.5,1431.3714285714286,2114.50636468686,273.75,289.8285714285714,0.21071428571428572,1731.8074737953884
2025-09-05 03:30:00,20.678571428571427,48.5,1422.2428571428572,2118.9031730037614,272.6535714285714,289.10714285714283,0.2392857142857143,1830.3704459712321
2025-09-05 04:00:00,20.889285714285712,48.5,1413.3535714285715,2121.9030194604356,272.0857142857143,288.925,0.23214285714285715,2136.1468445836613
2025-09-05 04:30:00,21.193103448275863,48.5,1401.1241379310345,2124.0683016913736,271.7310344827587,288.98275862068965,0.2,2471.4639294972735
2025-09-05 05:00:00,21.22142857142857,48.5,1390.232142857143,2124.582058610277,271.57142857142856,288.9214285714285,0.26071428571428573,2478.3886504749726
2025-09-05 05:30:00,20.74642857142857,48.5,1382.2285714285715,2128.0443276916044,271.5214285714286,288.7964285714286,0.3,2205.7639250652887
2025-09-05 06:00:00,17.822222222222223,48.5,1397.748148148148,2100.1296699401114,272.43703703703704,285.94074074074075,0.28888888888888886,1028.5712193261697
2025-09-05 06:30:00,17.907142857142855,48.5,1415.2964285714286,2097.9625323447267,274.4642857142857,287.5392857142857,0.4,802.5929641399892
2025-09-05 07:00:00,18.603571428571428,48.5,1427.1535714285715,2102.708548138689,276.17857142857144,289.575,0.39285714285714285,1065.4713705285833
2025-09-05 07:30:00,17.58888888888889,48.648148148148145,1441.7814814814815,2097.9057548194105,275.52592592592595,287.8703703703704,0.3,824.1602657425343
2025-09-05 08:00:00,17.26896551724138,49.810344827586206,1460.4172413793103,2097.9157704894988,273.8896551724138,289.85862068965514,0.3,734.3304000294147
2025-09-05 08:30:00,17.067857142857143,50.0,1478.25,2098.7815664089635,272.7285714285714,293.4142857142857,0.325,378.5768607685331
2025-09-05 09:00:00,17.1,50.0,1494.8214285714287,2100.931660274539,272.51785714285717,293.26785714285717,0.3892857142857143,302.37091588327894
2025-09-05 09:30:00,16.982142857142858,50.0,1512.1035714285715,2106.1297017821503,271.75357142857143,292.85714285714283,0.2714285714285714,275.05915534837436
2025-09-05 10:00:00,16.810714285714287,49.857142857142854,1528.3607142857143,2097.931125925878,271.9714285714286,292.35,0.3,270.66628460418366
2025-09-05 10:30:00,16.67037037037037,47.81481481481482,1544.9296296296295,2097.9396205997455,271.2518518518519,291.72962962962964,0.3333333333333333,407.1979700944135
2025-09-05 11:00:00,16.875,45.80357142857143,1560.7714285714285,2097.93621382595,270.4214285714286,290.57142857142856,0.32142857142857145,644.7255232472647
2025-09-05 11:30:00,17.260714285714286,48.464285714285715,1575.064285714286,2097.9344231472455,270.3464285714286,291.31071428571425,0.3178571428571429,386.0730555568277
2025-09-05 12:00:00,17.589285714285715,50.0,1588.582142857143,2100.555792560349,273.0392857142857,292.9321428571429,0.3071428571428571,276.14053788863987
2025-09-05 12:30:00,17.366666666666667,50.0,1605.5037037037036,2097.93463159271,270.97037037037035,292.81851851851854,0.3,272.48323409138936
2025-09-05 13:00:00,17.02857142857143,50.0,1621.9107142857142,2113.7314373315207,269.7214285714286,291.6821428571429,0.25,426.56904533409426
2025-09-05 13:30:00,19.022222222222222,50.0,1616.4148148148147,2119.338160061098,271.4888888888889,291.4185185185185,0.28148148148148144,1537.3160353153771
2025-09-05 14:00:00,18.413333333333334,46.666666666666664,1591.6,2109.403126176005,274.5933333333333,290.64666666666665,0.28,1626.0844578302374
2025-09-05 14:30:00,0.0,0.0,1585.560714285714,1787.0077843286185,272.4714285714286,279.7642857142857,0.2357142857142857,0.0
2025-09-05 15:00:00,0.0,0.0,1582.2434782608696,1545.2905423187078,270.5695652173913,271.1565217391304,0.18695652173913044,0.0
2025-09-05 15:30:00,20.88888888888889,31.77777777777778,1568.1925925925925,2089.044685303067,269.1703703703704,276.9037037037037,0.28148148148148144,1351.7848076412279
2025-09-05 16:00:00,19.9,45.96666666666667,1537.6266666666668,2122.1934572235837,269.9766666666667,286.8933333333333,0.26999999999999996,1421.532320470871
2025-09-05 16:30:00,19.22258064516129,46.806451612903224,1501.5096774193548,2129.1553113895275,270.1903225806452,286.258064516129,0.23548387096774193,1955.6543785575197
2025-09-05 17:00:00,21.326666666666664,49.36666666666667,1462.7333333333333,2116.755079871916,270.19666666666666,287.46666666666664,0.25666666666666665,2420.198380764162
2025-09-05 17:30:00,22.55806451612903,47.11290322580645,1362.5774193548389,2092.020941265614,269.67096774193544,287.6161290322581,0.3,1977.7497048909236
2025-09-05 18:00:00,19.490000000000002,45.45,1256.73,2124.500423357897,269.26,284.6166666666667,0.20666666666666667,1414.553353025644
2025-09-05 18:30:00,18.703225806451613,47.46774193548387,1156.593548387097,2034.5579255575294,269.0935483870968,282.916129032258,0.20967741935483872,2026.5489393292985
2025-09-05 19:00:00,19.46333333333333,49.13333333333333,1122.68,2020.813486450608,269.1333333333333,283.94666666666666,0.2933333333333333,1915.9224121362233
2025-09-05 19:30:00,18.733333333333334,50.0,1140.9466666666667,2026.407510172003,270.0,284.8433333333333,0.28,1758.5357915342445
2025-09-05 20:00:00,18.863333333333333,49.916666666666664,1170.59,2026.3227334713417,272.1166666666667,286.5366666666667,0.23333333333333334,1793.705188913964
2025-09-05 20:30:00,18.483333333333334,50.0,1194.6366666666665,2042.7584718726187,273.4433333333333,287.60999999999996,0.37333333333333335,1699.6104248774184
2025-09-05 21:00:00,18.696666666666665,50.0,1217.82,2083.4739225939766,274.8933333333333,289.12333333333333,0.35333333333333333,1726.6398687134595
2025-09-05 21:30:00,18.59333333333333,50.0,1241.6100000000001,2112.9945093067745,276.5366666666667,290.2133333333333,0.21666666666666667,1766.9914968433618
2025-09-05 22:00:00,18.543333333333333,49.916666666666664,1264.6066666666666,2133.1419399169204,278.29,291.53333333333336,0.2833333333333333,1716.7113647884007
2025-09-05 22:30:00,18.233333333333334,50.0,1286.4966666666667,2151.088613622083,279.92333333333335,292.71666666666664,0.2866666666666667,1721.3436372905273
2025-09-05 23:00:00,18.746666666666666,49.916666666666664,1305.3133333333333,2165.6405051909833,281.71,294.3066666666667,0.35333333333333333,1617.7633837959984
2025-09-05 23:30:00,17.796666666666667,50.0,1320.85,2165.7872621533334,281.64000000000004,293.82,0.3,1704.4004003599919
2025-09-06 00:00:00,17.709999999999997,50.0,1338.0066666666667,2165.5080646809024,282.9633333333333,294.67,0.3,1581.4324138522686
2025-09-06 00:30:00,19.253333333333334,50.0,1346.63,2168.228769791371,282.65,295.2566666666667,0.3,1636.0571997955801
2025-09-06 01:00:00,19.396666666666665,50.0,1343.38,2172.204559998484,278.3566666666667,292.2133333333333,0.3,1694.6080713879155
2025-09-06 01:30:00,19.69,49.733333333333334,1341.5533333333333,2171.6025920109837,275.6066666666667,290.3233333333334,0.3,1701.4552681387183
2025-09-06 02:00:00,19.783333333333335,49.5,1336.8899999999999,2177.300151152525,273.83,289.1,0.2733333333333333,1719.6360244949385
2025-09-06 02:30:00,19.453333333333333,49.06666666666667,1333.8733333333332,2178.3190185904614,272.8833333333333,288.1333333333333,0.26,1684.3791070428135
2025-09-06 03:00:00,19.346666666666668,49.0,1332.8600000000001,2174.300287927651,272.6,287.75333333333333,0.3,1671.404705797774
2025-09-06 03:30:00,19.279999999999998,49.0,1331.25,2177.516454724596,272.37333333333333,287.4733333333333,0.25666666666666665,1682.377797798746
2025-09-06 04:00:00,19.226666666666667,49.0,1330.1733333333332,2175.1661724791234,272.25333333333333,287.26666666666665,0.26666666666666666,1681.7936725018512
2025-09-06 04:30:00,19.296666666666667,49.0,1329.7833333333333,2181.955527404486,272.1066666666667,287.35333333333335,0.21000000000000002,1692.2659611985216
2025-09-06 05:00:00,19.43,49.0,1328.4399999999998,2177.4245049194406,272.1,287.3933333333333,0.26333333333333336,1678.5632444761761
2025-09-06 05:30:00,19.470000000000002,49.0,1325.96,2174.997727688678,272.00666666666666,287.34,0.2933333333333333,1671.5697860081198
2025-09-06 06:00:00,19.46333333333333,49.0,1324.55,2177.822746916237,271.90666666666664,287.28,0.25666666666666665,1679.8278734013963
2025-09-06 06:30:00,19.48,49.0,1323.2,2174.290635137208,271.9133333333333,287.35999999999996,0.3,1669.466213607251
2025-09-06 07:00:00,19.513333333333332,49.0,1321.3133333333333,2176.105429814445,272.0266666666667,287.46,0.25666666666666665,1677.7622777633014
2025-09-06 07:30:00,19.60666666666667,49.0,1319.87,2174.2584707339465,271.91999999999996,287.47999999999996,0.3,1666.0326540392805
2025-09-06 08:00:00,18.34,49.36666666666667,1326.93,2168.1389798210016,272.43333333333334,287.01666666666665,0.3,1585.4179006318145
2025-09-06 08:30:00,17.55,50.0,1345.5266666666669,2163.430159156928,274.4866666666667,287.5933333333333,0.3,1732.798234340615
2025-09-06 09:00:00,17.326666666666664,50.0,1360.8133333333333,2133.712774223019,276.28,288.97666666666663,0.23666666666666666,1544.6782358315593
2025-09-06 09:30:00,17.363333333333333,50.0,1376.5566666666666,2108.5973040292997,278.35333333333335,290.4933333333333,0.2533333333333333,1270.8510950586347
2025-09-06 10:00:00,17.523333333333333,50.0,1392.9333333333334,2113.67467085259,278.78,290.52333333333337,0.21666666666666667,1471.639261892273
2025-09-06 10:30:00,17.41,50.0,1409.15,2104.9578023846216,277.4866666666667,291.36333333333334,0.24000000000000002,1096.6440271302522
2025-09-06 11:00:00,17.413333333333334,50.0,1425.8666666666666,2102.4409270141387,279.06333333333333,295.68,0.26,975.9530283999896
2025-09-06 11:30:00,17.546666666666667,50.0,1441.8666666666666,2101.363841295672,279.5,296.13666666666666,0.2866666666666667,949.6806173667379
2025-09-06 12:00:00,17.436666666666667,50.0,1458.2666666666667,2113.9794475753392,279.2566666666667,296.58,0.24333333333333332,802.5784126275161
2025-09-06 12:30:00,17.206666666666667,50.45,1475.5133333333333,2124.443515707332,277.49,296.39666666666665,0.20666666666666667,466.6173181001065
2025-09-06 13:00:00,16.716129032258067,49.403225806451616,1491.5741935483873,2118.2848499711768,276.7483870967742,294.81612903225806,0.22903225806451616,318.8087586821787
2025-09-06 13:30:00,17.216666666666665,46.0,1508.32,2107.493538335062,276.29,293.44,0.26666666666666666,695.8291906512617
2025-09-06 14:00:00,17.35,45.95,1525.2,2097.9318573186342,277.07,293.85999999999996,0.3,692.4645059482958
2025-09-06 14:30:00,17.676666666666666,45.0,1541.2166666666667,2098.8889714456704,278.65999999999997,294.9166666666667,0.2966666666666667,715.1406541317738
2025-09-06 15:00:00,17.863333333333333,45.0,1557.4533333333334,2097.934245611582,279.3833333333333,295.55,0.3,720.8340583381898
2025-09-06 15:30:00,17.779999999999998,45.0,1573.1666666666667,2097.9356752956655,278.7133333333333,295.65,0.3,704.4405051016698
2025-09-06 16:00:00,17.44193548387097,45.016129032258064,1588.8419354838709,2098.4751227091206,274.89032258064515,293.46451612903223,0.3,685.6600358358049
2025-09-06 16:30:00,17.675,48.0,1601.134375,2098.933475603412,272.99375,292.25,0.3,506.1230968180251
2025-09-06 17:00:00,17.6875,48.953125,1613.996875,2099.279763616264,276.63125,295.040625,0.3125,390.9884481963585
2025-09-06 17:30:00,19.003333333333334,51.0,1603.5966666666668,2111.4122838812696,277.19,293.24,0.3,907.5028375046272
2025-09-06 18:00:00,21.006666666666668,50.5,1569.6,2126.9261935329387,276.05,291.90999999999997,0.22333333333333333,1865.0855890360347
2025-09-06 18:30:00,25.8,48.016666666666666,1526.8899999999999,2163.452024069254,272.84666666666664,295.5733333333334,0.26,1472.5994502852216
2025-09-06 19:00:00,21.276666666666664,48.0,1489.2,2115.1822207139785,271.56666666666666,289.68,0.3,2294.489237700645
2025-09-06 19:30:00,20.470000000000002,48.0,1455.5733333333333,2121.2790323407166,270.8433333333333,287.0833333333333,0.22666666666666666,2194.887886932854
2025-09-06 20:00:00,1.9205882352941175,2.823529411764706,1376.4117647058824,1830.7693552611854,269.76176470588234,278.6029411764706,0.2,151.7366521203009
2025-09-06 20:30:00,0.0,0.0,1289.7766666666669,1546.032895504638,268.78,269.11,0.2,0.0
2025-09-06 21:00:00,0.0,0.0,1205.4066666666665,1546.0329631888437,268.5,268.62666666666667,0.2,0.0
2025-09-06 21:30:00,0.0,0.0,1171.3733333333332,1546.0330071929711,268.32666666666665,268.4533333333333,0.21333333333333335,0.0
2025-09-06 22:00:00,0.0,0.0,1200.4466666666667,1546.0331127754127,268.3933333333333,268.50666666666666,0.2833333333333333,0.0
2025-09-06 22:30:00,16.758333333333333,36.138888888888886,1211.1722222222222,1949.9935290333503,268.6111111111111,277.9888888888889,0.21111111111111114,1019.0807820279036
2025-09-06 23:00:00,18.783333333333335,45.0,1219.9566666666665,2088.1098589298604,270.2866666666667,285.4433333333333,0.2,1427.0362398229402
2025-09-06 23:30:00,18.80322580645161,46.38709677419355,1242.7903225806451,2114.9699835517436,272.8322580645161,287.1838709677419,0.21290322580645163,1742.9956404635652
2025-09-07 00:00:00,18.779999999999998,47.96666666666667,1263.8,2133.2769018755876,274.3566666666667,288.59666666666664,0.3,2068.850907768417
2025-09-07 00:30:00,20.613333333333333,49.0,1269.1433333333334,2141.7599651705727,274.5066666666667,290.65333333333336,0.30333333333333334,2040.5458358754329
2025-09-07 01:00:00,18.290000000000003,49.0,1282.9833333333333,2148.6337716053436,274.2866666666667,288.38,0.30999999999999994,1678.840610570755
2025-09-07 01:30:00,18.046666666666667,49.0,1303.9933333333333,2163.988593899168,277.6633333333333,290.9933333333333,0.30333333333333334,1471.9191551207975
2025-09-07 02:00:00,17.953333333333333,49.0,1320.8933333333334,2166.0592658985456,279.72666666666663,292.40333333333336,0.2866666666666667,1106.216879336433
2025-09-07 02:30:00,17.746666666666666,49.0,1338.1133333333335,2165.1925018882052,281.40333333333336,293.65999999999997,0.3,983.38900442208
2025-09-07 03:00:00,18.006666666666668,49.0,1353.3733333333332,2149.7501076874178,282.7866666666667,294.89000000000004,0.3266666666666667,1055.3369245419663
2025-09-07 03:30:00,17.803333333333335,49.0,1368.5800000000002,2125.761498088967,283.72666666666663,295.5366666666667,0.38,951.2132043656778
2025-09-07 04:00:00,17.586666666666666,49.0,1383.5466666666666,2102.79220316992,284.9866666666667,296.40333333333336,0.3233333333333333,927.8755737440663
2025-09-07 04:30:00,17.96333333333333,49.0,1394.4033333333332,2109.629749601812,285.02000000000004,296.47999999999996,0.4,1099.8944349844166
2025-09-07 05:00:00,17.723333333333336,49.083333333333336,1405.9133333333334,2110.127275593557,283.88,295.32666666666665,0.27666666666666667,986.4371757084398
2025-09-07 05:30:00,20.186666666666667,50.0,1405.1733333333332,2113.771114266997,282.1933333333333,295.9633333333333,0.3,1658.787257828861
2025-09-07 06:00:00,20.473333333333336,50.0,1395.6,2115.9916746462445,277.17,292.47333333333336,0.25666666666666665,1715.9033588231346
2025-09-07 06:30:00,21.026666666666664,50.0,1385.0733333333333,2128.101868831223,274.6933333333333,291.27666666666664,0.25,2232.0416635803404
2025-09-07 07:00:00,21.013333333333332,50.0,1372.3300000000002,2169.8136551660473,273.12333333333333,290.14666666666665,0.21333333333333335,2217.945190015628
2025-09-07 07:30:00,20.733333333333334,49.85,1360.8899999999999,2181.52899801871,272.3,289.34666666666664,0.22666666666666666,1985.821954551296
2025-09-07 08:00:00,19.08,48.18333333333333,1356.7733333333333,2172.4520628483438,272.06,287.37666666666667,0.2833333333333333,1976.4264493040805
2025-09-07 08:30:00,18.8,48.0,1356.3933333333334,2168.062126719712,272.1,286.7733333333333,0.24000000000000002,2123.0068145714704
2025-09-07 09:00:00,18.366666666666667,48.0,1356.9333333333334,2147.1682217436232,272.1066666666667,286.42,0.2,2123.479403593538
2025-09-07 09:30:00,17.15666666666667,48.0,1369.1166666666666,2109.242643346323,273.25333333333333,286.38,0.2,1459.9386434379371
2025-09-07 10:00:00,17.15666666666667,48.0,1386.0533333333333,2107.1729454965516,276.1766666666666,288.47,0.21333333333333335,1408.9040305367992
2025-09-07 10:30:00,18.493333333333332,48.0,1395.95,2114.748056571981,277.5866666666667,290.5,0.22000000000000003,1823.0807047495232
2025-09-07 11:00:00,18.1,48.0,1397.4033333333332,2106.2961050542763,275.85,289.22,0.2966666666666667,1758.6637917024443
2025-09-07 11:30:00,17.793333333333333,48.0,1413.4666666666667,2099.2030564936085,277.33,289.92333333333335,0.3,1527.72759820126
2025-09-07 12:00:00,18.8,48.0,1422.23,2112.2643839242032,278.81000000000006,291.7633333333333,0.25666666666666665,1893.4349190954406
2025-09-07 12:30:00,18.726666666666667,48.0,1418.2766666666669,2110.788480361507,276.0833333333333,289.92333333333335,0.24000000000000002,2123.732891296175
2025-09-07 13:00:00,18.983333333333334,48.0,1421.46,2116.6417964052484,275.38666666666666,289.43333333333334,0.27666666666666667,2123.472888274377
2025-09-07 13:30:00,19.42,48.0,1414.0766666666668,2119.0388770454897,274.0466666666667,288.93,0.26333333333333336,2122.8094436876263
2025-09-07 14:00:00,18.279999999999998,48.0,1414.4966666666667,2105.494371209006,273.14,287.2566666666667,0.26999999999999996,1670.6469776072506
2025-09-07 14:30:00,17.576666666666664,48.0,1433.0800000000002,2101.688778634803,274.0,286.68666666666667,0.23333333333333334,1433.8828850420591
2025-09-07 15:00:00,17.470000000000002,49.3,1447.4633333333334,2102.0071086900075,274.9633333333333,287.31666666666666,0.27666666666666667,1117.644946877078
2025-09-07 15:30:00,17.503333333333334,50.0,1461.8300000000002,2119.0050607059984,276.3933333333333,288.7733333333333,0.22666666666666666,995.1121932409335
2025-09-07 16:00:00,17.616666666666667,50.0,1477.87,2120.916506921714,277.21,289.0466666666667,0.22000000000000003,995.0963336478678
2025-09-07 16:30:00,17.540000000000003,50.0,1493.1466666666668,2118.9931909716242,276.68333333333334,288.6333333333333,0.22666666666666666,887.6712672200116
2025-09-07 17:00:00,17.403333333333332,50.65,1509.03,2102.7139704251267,274.3066666666667,294.36333333333334,0.2833333333333333,446.15101289708554
2025-09-07 17:30:00,17.363333333333333,51.0,1523.7866666666666,2098.531038659991,273.0933333333333,294.96666666666664,0.3,322.5720667780016
2025-09-07 18:00:00,17.709999999999997,49.6,1538.7233333333331,2109.0289145526845,273.79,295.11333333333334,0.26333333333333336,723.2418999832719
2025-09-07 18:30:00,17.196666666666665,51.0,1554.6833333333334,2097.932206131545,271.62,294.4933333333333,0.3,272.9866863061959
2025-09-07 19:00:00,17.266666666666666,51.0,1569.7966666666666,2105.7526985756426,270.6666666666667,293.5233333333333,0.2733333333333333,295.32419256757044
2025-09-07 19:30:00,18.44,51.0,1568.4566666666665,2103.935411473682,272.63,292.11333333333334,0.3,582.6261882885344
2025-09-07 20:00:00,19.826666666666664,50.35,1550.4399999999998,2118.8322118783676,274.2966666666667,289.77333333333337,0.22333333333333333,1628.7224420897096
2025-09-07 20:30:00,6.423529411764706,13.044117647058824,1533.979411764706,2022.281886977474,272.7029411764706,283.5382352941176,0.23529411764705882,458.6054574485632
2025-09-07 21:00:00,0.0,0.0,1536.6172413793104,1552.752716290075,270.9896551724138,271.90344827586205,0.296551724137931,0.0
2025-09-07 21:30:00,1.7357142857142858,2.857142857142857,1432.3357142857144,1453.2652472369302,252.20000000000002,252.57142857142858,0.07857142857142858,30.91168245119487
2025-09-07 22:00:00,22.23235294117647,42.23529411764706,1526.0970588235296,2107.9752386333535,269.43823529411765,280.7088235294118,0.29411764705882354,1631.860567346068
2025-09-07 22:30:00,20.446666666666665,49.0,1488.1533333333332,2116.8186897665505,270.1933333333333,287.0133333333333,0.26333333333333336,1796.3081187821622
2025-09-07 23:00:00,20.259999999999998,49.0,1465.1100000000001,2118.048682458482,270.6066666666667,287.11,0.22333333333333333,1695.9464492430059
2025-09-07 23:30:00,20.006666666666668,49.0,1439.8333333333333,2117.993633219394,270.56,286.6733333333333,0.23666666666666666,1694.923552871503
2025-09-08 00:00:00,21.138709677419353,47.45161290322581,1379.9612903225807,2151.8900504254107,270.14193548387095,286.80645161290323,0.2,1845.7543277479888
2025-09-08 00:30:00,21.413333333333334,46.0,1304.29,2163.6947626216374,269.6333333333333,286.28333333333336,0.2,1472.655953813886
2025-09-08 01:00:00,18.683333333333334,46.0,1218.6333333333334,2084.8630233708195,269.28666666666663,283.6766666666666,0.21666666666666667,1438.6858212801242
2025-09-08 01:30:00,17.993333333333332,46.0,1141.57,2034.9877460608432,269.17333333333335,281.72666666666663,0.21666666666666667,1431.5174692497749
2025-09-08 02:00:00,18.21333333333333,46.0,1152.9733333333331,2026.6734654310972,269.6933333333333,282.60333333333335,0.2933333333333333,1437.2998143649345
2025-09-08 02:30:00,18.153333333333332,46.0,1185.5633333333333,2047.1788295322672,270.85999999999996,283.78333333333336,0.3,1433.1756139598808
2025-09-08 03:00:00,18.006666666666668,46.0,1212.4466666666667,2074.4201230131102,272.21666666666664,284.8366666666667,0.30999999999999994,1428.6619001526722
2025-09-08 03:30:00,18.113333333333333,46.0,1235.3666666666666,2100.7742808758294,273.69,286.33,0.3,1427.6399029324064
2025-09-08 04:00:00,18.029999999999998,46.0,1258.0766666666668,2122.945881367737,275.15,287.65,0.31333333333333335,1424.712571360203
2025-09-08 04:30:00,17.84,46.0,1279.1566666666665,2144.798886748361,276.4533333333333,288.65999999999997,0.37333333333333335,1317.272038664252
2025-09-08 05:00:00,18.029999999999998,46.0,1298.0,2161.9588433913873,278.3333333333333,290.2433333333334,0.39,1275.5462837571572
2025-09-08 05:30:00,18.02,46.0,1315.5566666666666,2165.1808822920293,279.63666666666666,291.28333333333336,0.3766666666666667,1148.0599106798172
2025-09-08 06:00:00,17.95,46.0,1331.5366666666666,2165.1795622265095,280.8333333333333,292.12666666666667,0.38333333333333336,976.4446498451391
2025-09-08 06:30:00,18.153333333333332,46.0,1346.84,2162.5110266431298,281.7366666666667,293.03333333333336,0.44000000000000006,1058.0252037661605
2025-09-08 07:00:00,18.003333333333334,46.0,1361.95,2137.0352454946938,282.6633333333333,293.8066666666667,0.4266666666666667,888.4090141065669
2025-09-08 07:30:00,17.720000000000002,46.0,1376.8966666666668,2113.7796068198563,283.64000000000004,294.4,0.4233333333333334,787.6089051111819
2025-09-08 08:00:00,17.743333333333332,46.0,1390.4833333333333,2107.869526663221,284.11333333333334,294.9133333333333,0.4566666666666667,830.4653624437537
2025-09-08 08:30:00,18.023333333333333,46.0,1405.0933333333335,2105.6389136511225,284.8433333333333,295.71,0.49,809.5705020239756
2025-09-08 09:00:00,17.64,46.0,1419.0933333333335,2102.447668728667,285.38666666666666,295.9866666666667,0.43,767.1903771913159
2025-09-08 09:30:00,17.676666666666666,46.0,1433.1899999999998,2102.9735932833873,286.1766666666666,296.4266666666666,0.4,778.5949281345227
2025-09-08 10:00:00,17.746666666666666,46.0,1446.2666666666667,2102.090058960991,286.21,296.73333333333335,0.47,756.6151721891488
2025-09-08 10:30:00,17.603333333333335,46.0,1461.4399999999998,2102.1653069032964,287.1333333333333,297.35333333333335,0.4,736.8674349139925
2025-09-08 11:00:00,17.83,46.0,1474.55,2100.971737502888,287.5066666666667,297.77666666666664,0.36000000000000004,772.1623771702269
2025-09-08 11:30:00,18.153333333333332,46.2,1489.7033333333334,2107.204762158178,288.47666666666663,298.9866666666667,0.39666666666666667,773.3363915199465
2025-09-08 12:00:00,18.45483870967742,46.96774193548387,1492.2903225806451,2109.190963220607,286.01612903225805,297.35483870967744,0.4032258064516129,1117.641028352415
2025-09-08 12:30:00,18.763333333333332,47.5,1491.0566666666666,2114.5838932422294,282.35333333333335,294.85,0.3766666666666667,1879.8221992846327
2025-09-08 13:00:00,18.836666666666666,47.5,1484.9933333333333,2114.57122712982,278.99,292.1633333333333,0.36000000000000004,2107.838272179058
2025-09-08 13:30:00,19.326666666666668,47.5,1475.1533333333332,2114.0514925905445,276.0833333333333,290.2433333333333,0.33999999999999997,2104.890787055871
2025-09-08 14:00:00,19.666666666666668,47.5,1463.5533333333333,2112.1935656722007,274.27666666666664,289.23333333333335,0.33,2102.346885075303
2025-09-08 14:30:00,19.67,47.5,1452.6333333333334,2113.340328933788,273.30333333333334,288.4933333333333,0.30333333333333334,2101.5211101088885
2025-09-08 15:00:00,19.62666666666667,47.5,1442.78,2114.0913495570626,272.72999999999996,288.1066666666667,0.3266666666666667,2101.415415122612
2025-09-08 15:30:00,19.553333333333335,47.5,1433.9833333333333,2113.8261802728034,272.4,287.91,0.31666666666666665,2101.341646028989
2025-09-08 16:00:00,19.266666666666666,47.5,1427.0533333333333,2114.4191283581736,272.3,287.3333333333333,0.35333333333333333,2102.9793371859973
2025-09-08 16:30:00,19.256666666666668,47.5,1421.55,2112.641558476333,272.3,287.45,0.38,2061.0602763982356
2025-09-08 17:00:00,17.959999999999997,47.5,1433.4199999999998,2098.5042099396355,273.1,286.65333333333336,0.4,1663.6974071146112
2025-09-08 17:30:00,17.959999999999997,47.5,1450.5800000000002,2099.1731189535626,275.56,288.37,0.3866666666666667,1293.1511226695798
2025-09-08 18:00:00,18.283333333333335,47.5,1460.1333333333334,2100.0516589073272,276.45,289.6066666666666,0.4,1551.9966935137713
2025-09-08 18:30:00,17.43,47.5,1476.5233333333333,2097.9465251811666,276.7066666666667,288.65333333333336,0.3866666666666667,734.5444406150843
2025-09-08 19:00:00,17.586666666666666,48.0,1492.8166666666666,2097.9211580382203,276.96,288.5733333333334,0.3,791.3572992092301
2025-09-08 19:30:00,17.36,49.0,1508.9066666666665,2097.9441663412017,276.53333333333336,288.1,0.37333333333333335,270.752911456574
2025-09-08 20:00:00,17.44333333333333,49.0,1525.6633333333334,2100.499934423032,274.06333333333333,292.8833333333333,0.39333333333333337,270.8766516761138
2025-09-08 20:30:00,17.573333333333334,49.0,1542.4233333333332,2101.974248951342,272.55333333333334,294.09666666666664,0.4,271.49785151832407
2025-09-08 21:00:00,17.720000000000002,49.0,1557.9133333333334,2101.01062628631,271.56666666666666,293.6166666666667,0.38333333333333336,313.2148220484479
2025-09-08 21:30:00,17.823333333333334,49.0,1571.8733333333332,2100.4605548361124,271.0,293.3,0.36666666666666664,396.0816127141203
2025-09-08 22:00:00,17.80666666666667,49.0,1584.9833333333333,2100.996732413588,270.55333333333334,293.3066666666666,0.38666666666666666,291.7856479822869
2025-09-08 22:30:00,17.889999999999997,49.0,1600.03,2097.946773853913,270.2066666666667,292.9533333333333,0.3766666666666667,291.9710703943689
2025-09-08 23:00:00,17.833333333333332,49.0,1613.4466666666667,2098.747151314283,270.03000000000003,292.86,0.4066666666666667,269.51895335168666
2025-09-08 23:30:00,17.83,49.0,1626.0800000000002,2097.9479275245217,269.85333333333335,292.9533333333333,0.3766666666666667,268.72912078945575
2025-09-09 00:00:00,17.970000000000002,49.233333333333334,1637.4433333333334,2099.8100386275923,269.74666666666667,293.18333333333334,0.37,271.42597951217516
2025-09-09 00:30:00,18.64,49.5,1628.84,2110.287512762819,272.32,291.51,0.3266666666666667,819.0102313900572
2025-09-09 01:00:00,23.733333333333334,46.13636363636363,1602.1000000000001,2121.075179395818,273.91212121212124,289.89696969696973,0.20303030303030303,1663.183096150911
2025-09-09 01:30:00,0.0,0.0,1590.5838709677419,1838.2917383988854,272.46774193548384,282.0032258064516,0.2,0.0
2025-09-09 02:00:00,1.1666666666666667,2.4242424242424243,1590.309090909091,1582.6666165966064,270.56969696969696,271.0151515151515,0.2,31.276333534032332
2025-09-09 02:30:00,23.059375,31.3125,1575.709375,2129.1272899061323,269.9,278.496875,0.25,2177.451355525258
2025-09-09 03:00:00,21.590625,46.28125,1546.290625,2125.6689306736685,270.31875,287.646875,0.29375,2102.476320904209
2025-09-09 03:30:00,19.596666666666668,47.0,1508.7433333333333,2130.1905662603995,270.76,286.09666666666664,0.26999999999999996,2081.7565469756505
2025-09-09 04:00:00,19.583333333333332,47.0,1478.3666666666666,2141.151270984316,270.47999999999996,285.46666666666664,0.2,2078.7462092921805
2025-09-09 04:30:00,21.033333333333335,47.0,1416.0833333333333,2119.378620578333,270.18,286.1433333333333,0.21333333333333335,2164.2704634272827
2025-09-09 05:00:00,22.256666666666664,47.0,1309.6933333333334,2132.5405770018406,269.5866666666667,287.03,0.2866666666666667,2259.3446835066807
2025-09-09 05:30:00,18.503125,44.53125,1228.021875,2092.543258796649,269.3125,283.29062500000003,0.3,1420.873392794423
2025-09-09 06:00:00,17.98,44.0,1168.8133333333333,2035.5543782000282,269.1333333333333,281.0733333333334,0.3,1415.3607009481286
2025-09-09 06:30:00,18.490000000000002,44.0,1187.5733333333333,2048.658662238625,269.4533333333333,281.3366666666667,0.3,1417.880208298808
2025-09-09 07:00:00,18.65666666666667,44.0,1215.7266666666667,2078.4064880152496,270.47999999999996,283.12,0.3,1417.6070327090151
2025-09-09 07:30:00,18.853333333333335,44.0,1237.3366666666666,2103.5498312345353,271.4733333333333,283.77333333333337,0.3,1303.4442936853286
2025-09-09 08:00:00,19.10666666666667,44.0,1258.7966666666666,2124.661004579694,272.72,284.94,0.3,1018.085937941547
2025-09-09 08:30:00,19.246666666666666,44.0,1281.5533333333333,2145.531949662289,274.31666666666666,286.3433333333333,0.3,1196.940789471636
2025-09-09 09:00:00,19.173333333333336,44.0,1302.8733333333332,2165.4300352268383,276.12666666666667,287.53,0.3,1186.9785602521106
2025-09-09 09:30:00,19.009999999999998,44.0,1321.3666666666666,2170.6664245485304,277.69666666666666,289.01666666666665,0.3,1189.2741326039716
2025-09-09 10:00:00,19.259375,45.25,1337.58125,2165.5715138479104,279.1,290.9375,0.328125,1453.3641188169054
2025-09-09 10:30:00,21.793333333333333,50.5,1338.2,2159.703725909851,277.52333333333337,293.65333333333336,0.3466666666666667,1816.2779331282973
2025-09-09 11:00:00,21.796666666666667,51.0,1336.8933333333334,2156.3876185810873,275.69,292.64666666666665,0.35,1808.5487908080324
2025-09-09 11:30:00,22.153333333333332,51.0,1329.7133333333334,2159.0879238006314,274.19666666666666,291.7066666666667,0.22333333333333333,2376.1935234042458
2025-09-09 12:00:00,21.90666666666667,51.0,1321.4966666666667,2168.8161273515525,272.99,290.57666666666665,0.3,2072.0780607454717
2025-09-09 12:30:00,21.553333333333335,51.0,1313.2233333333331,2170.32554674374,272.3066666666667,289.69,0.3,2355.143423866802
2025-09-09 13:00:00,21.4,51.0,1304.8666666666666,2166.4087823096133,271.88,289.22,0.2533333333333333,2147.7675438840247
2025-09-09 13:30:00,21.3,51.0,1296.5266666666669,2157.2723505061044,271.71333333333337,288.93333333333334,0.3,1851.2113905874437
2025-09-09 14:00:00,21.459999999999997,51.0,1289.09,2152.983278022222,271.6,289.0133333333333,0.3,2172.9536955842505
2025-09-09 14:30:00,21.40666666666667,51.0,1282.2466666666667,2150.2863759005877,271.6,288.97666666666663,0.3333333333333333,1952.5953312381534
2025-09-09 15:00:00,21.34333333333333,51.0,1276.8266666666668,2140.883745516258,271.59333333333336,288.95666666666665,0.2833333333333333,2020.9158946921066
2025-09-09 15:30:00,21.266666666666666,51.0,1272.5633333333333,2140.0752157961692,271.68,288.96666666666664,0.3,1899.571062727448
2025-09-09 16:00:00,20.07,51.0,1271.7933333333335,2139.8639180521322,271.8066666666667,288.2366666666667,0.3,1917.4791391865158
2025-09-09 16:30:00,17.793548387096774,51.0,1292.1,2153.7348502049326,273.4258064516129,286.7129032258065,0.3,1682.3697148818599
2025-09-09 17:00:00,20.11764705882353,44.029411764705884,1309.7323529411765,2111.237780174588,275.48823529411766,286.8705882352941,0.22058823529411764,1408.623868200618
2025-09-09 17:30:00,18.423333333333336,50.96666666666667,1320.9,2167.2596249879325,275.6,288.57666666666665,0.2966666666666667,1685.5595380315024
2025-09-09 18:00:00,18.525,46.83125,1337.99375,2164.308510791515,276.171875,288.25,0.265625,1256.2491375017196
2025-09-09 18:30:00,18.135483870967743,50.16129032258065,1354.2548387096774,2152.614648404428,277.07096774193553,288.4483870967742,0.2903225806451613,1262.3927801779998
2025-09-09 19:00:00,21.038235294117644,42.588235294117645,1371.2382352941177,2120.5181636347234,277.09999999999997,288.27647058823527,0.2823529411764706,1136.8399220978426
2025-09-09 19:30:00,20.441176470588236,43.5,1387.9735294117647,2068.9993651094214,279.50588235294117,292.33235294117645,0.22647058823529412,1165.9896727882353
2025-09-09 20:00:00,19.74375,46.53125,1402.009375,2077.5388569282436,280.525,295.053125,0.29375,1167.780555447271
2025-09-09 20:30:00,19.324242424242424,46.27272727272727,1418.021212121212,2099.9312590005447,279.4757575757576,295.77272727272725,0.3151515151515152,1072.550334732085
2025-09-09 21:00:00,20.51875,44.90625,1433.696875,2099.508716290543,278.1125,294.9875,0.3375,1255.6336647637995
2025-09-09 21:30:00,19.725,45.71875,1449.234375,2103.180804127599,277.175,295.109375,0.3,1561.8110126804581
2025-09-09 22:00:00,20.257575757575758,44.78787878787879,1465.5484848484848,2112.19858195139,275.39696969696973,294.45151515151514,0.2181818181818182,1596.7814910263944
2025-09-09 22:30:00,18.657575757575756,47.515151515151516,1481.4060606060607,2121.2485823257593,274.330303030303,294.0181818181818,0.21515151515151518,985.5739197929347
2025-09-09 23:00:00,19.89090909090909,44.93939393939394,1497.3666666666666,2100.832006067687,275.41515151515154,294.04848484848486,0.3,1367.551043577128
2025-09-09 23:30:00,20.28235294117647,44.1764705882353,1513.3588235294117,2098.5286497073985,275.1529411764706,294.4117647058824,0.3,1387.594299077173
2025-09-10 00:00:00,19.938709677419357,46.38709677419355,1526.3193548387096,2097.7041381396,276.80645161290323,296.19032258064516,0.3,1144.0034657531703
2025-09-10 00:30:00,19.60909090909091,48.03030303030303,1535.790909090909,2109.5748174308633,276.7909090909091,294.6272727272727,0.3515151515151515,1155.5289788245982
2025-09-10 01:00:00,18.85666666666667,51.0,1523.52,2113.360578412526,277.59,293.12,0.38,1203.1620621822144
2025-09-10 01:30:00,14.827272727272728,38.63636363636363,1500.4333333333334,2076.915672194922,274.73333333333335,290.6878787878788,0.30606060606060603,1246.0906652839035
2025-09-10 02:00:00,0.0,0.0,1496.4032258064517,1816.6265247917297,272.40645161290325,276.5387096774194,0.25806451612903225,0.0
2025-09-10 02:30:00,0.0,0.0,1496.8666666666666,1546.0325709545282,270.35333333333335,270.6166666666667,0.2,0.0
2025-09-10 03:00:00,0.0,0.0,1503.9466666666667,1546.0325122673426,269.56666666666666,269.72,0.2,0.0
2025-09-10 03:30:00,0.0,0.0,1515.5066666666667,1546.0324553438593,269.2933333333333,269.4533333333333,0.2,0.0
2025-09-10 04:00:00,14.72777777777778,8.63888888888889,1527.2666666666667,1822.1594956358053,269.34444444444443,283.34444444444443,0.3222222222222222,616.3177112036063
2025-09-10 04:30:00,0.0,0.0,1540.090625,1818.5941008967814,271.5875,281.80625,0.528125,0.0
2025-09-10 05:00:00,0.0,0.0,1556.3933333333334,1546.6335141834556,271.1766666666667,271.6433333333333,0.22666666666666666,0.0
2025-09-10 05:30:00,26.373529411764704,22.558823529411764,1561.5735294117646,2058.6815116866924,270.97058823529414,286.7823529411765,1.0470588235294118,1357.4624188867012
2025-09-10 06:00:00,19.602941176470587,46.1764705882353,1547.070588235294,2110.904133019134,271.86470588235295,286.0176470588235,0.8647058823529412,1610.973378411376
2025-09-10 06:30:00,20.883333333333333,50.93333333333333,1513.5733333333333,2124.1505141350626,271.21999999999997,288.18666666666667,0.3,1787.493816348227
2025-09-10 07:00:00,22.246875,51.0,1477.921875,2124.3663599852403,270.903125,289.7125,0.625,1773.811996390848
2025-09-10 07:30:00,20.85666666666667,51.0,1448.3933333333334,2122.4432714095187,270.73333333333335,287.8766666666667,0.38666666666666666,1714.13580810498
2025-09-10 08:00:00,21.696666666666665,51.0,1409.0133333333333,2101.09437564704,270.4733333333333,288.15,0.25,2199.4808635259005
2025-09-10 08:30:00,23.516666666666666,50.983333333333334,1305.0800000000002,1919.7687489270825,269.8,289.3666666666667,0.2,2542.91460887595
2025-09-10 09:00:00,19.821875,46.703125,1214.521875,2081.1563556770584,269.41249999999997,285.284375,0.2,1857.6673064474396
2025-09-10 09:30:00,19.470000000000002,44.0,1149.72,2029.0870017456689,269.14000000000004,281.09,0.29,1416.9515222937896
2025-09-10 10:00:00,19.34375,44.0,1155.453125,2025.0092425832408,269.234375,280.990625,0.3,1402.4124233632772
2025-09-10 10:30:00,18.209999999999997,44.0,1184.02,2046.262757524408,270.21,281.84666666666664,0.38333333333333336,1415.6862132764186
2025-09-10 11:00:00,18.68,44.0,1206.2066666666665,2070.899452796638,271.29,283.26,0.4,1417.2485133774474
2025-09-10 11:30:00,18.603333333333335,44.0,1228.2333333333333,2092.089024080794,272.19666666666666,284.09666666666664,0.4,1379.0615537235997
2025-09-10 12:00:00,18.48,44.0,1251.84,2115.7346369187444,273.81,285.44666666666666,0.4,978.2245887681853
2025-09-10 12:30:00,18.013333333333332,44.0,1273.3733333333332,2136.0307716594184,275.45,286.6766666666666,0.4,1177.0702898664465
2025-09-10 13:00:00,18.37,44.0,1293.47,2159.0524065276154,277.0566666666667,287.94,0.4,1192.1789865437652
2025-09-10 13:30:00,18.103333333333335,44.0,1311.41,2166.3526343112926,278.42,288.37333333333333,0.4,1182.068408929801
2025-09-10 14:00:00,18.44,44.0,1327.9466666666667,2166.989123787198,279.11,289.55,0.4,1166.4902685866314
2025-09-10 14:30:00,19.271875,46.375,1339.74375,2170.0460727557816,279.403125,291.659375,0.3625,1557.900155605936
2025-09-10 15:00:00,20.14,50.93333333333333,1341.3600000000001,2169.5479165997535,277.43666666666667,293.02000000000004,0.3,1703.1323945510849
2025-09-10 15:30:00,19.116666666666667,51.0,1354.9066666666665,2163.378490103538,278.85,292.8066666666667,0.3,1648.2105921316156
2025-09-10 16:00:00,21.45,51.0,1358.7733333333333,2161.761549858463,279.22999999999996,295.15333333333336,0.28,1781.4993616599236
2025-09-10 16:30:00,20.87,51.0,1357.47,2174.45766691506,276.74,292.9633333333333,0.21000000000000002,1724.9253102261443
2025-09-10 17:00:00,21.246666666666666,51.0,1356.0800000000002,2183.8457667303505,275.56333333333333,292.27333333333337,0.23333333333333334,2018.2340552548822
2025-09-10 17:30:00,21.256666666666668,51.0,1349.4566666666665,2187.6248680115727,274.06,291.17333333333335,0.22666666666666666,2018.3923736963827
2025-09-10 18:00:00,20.85666666666667,51.0,1345.1366666666665,2180.417620158175,273.2933333333333,290.1933333333333,0.27666666666666667,1684.4978971340422
2025-09-10 18:30:00,20.686666666666667,51.0,1340.1766666666667,2178.765899546958,272.84,289.7133333333333,0.3,1616.4694214326869
2025-09-10 19:00:00,20.69333333333333,51.0,1335.4633333333334,2179.890656800789,272.56,289.43999999999994,0.24000000000000002,1641.217226743628
2025-09-10 19:30:00,20.61,51.0,1331.2066666666665,2178.448489439157,272.40666666666664,289.31999999999994,0.3,1587.0762326714762
2025-09-10 20:00:00,20.59,51.0,1327.0966666666668,2177.1445840386014,272.3,289.08,0.24333333333333332,1602.3399929891004
2025-09-10 20:30:00,20.273333333333333,51.0,1323.8966666666668,2176.0830627393907,272.3,288.8733333333333,0.2,1592.3276149766411
2025-09-10 21:00:00,20.403333333333332,51.0,1320.3366666666666,2174.9500664956636,272.24,288.9133333333333,0.2,1582.6208872370264
2025-09-10 21:30:00,18.703333333333333,51.0,1323.96,2167.6837781407444,272.3066666666667,287.4266666666666,0.2533333333333333,1686.912790548949
2025-09-10 22:00:00,17.816666666666666,51.0,1343.21,2165.4362957211524,274.0,287.3,0.2933333333333333,1689.9303875566097
2025-09-10 22:30:00,18.166666666666668,51.0,1357.8066666666666,2149.4585588577143,275.18,288.3933333333333,0.28,1714.2641644458076
2025-09-10 23:00:00,17.882758620689657,51.0,1370.7827586206897,2128.538102316667,276.08620689655174,288.91379310344826,0.3,1520.2669257325745
2025-09-10 23:30:00,17.959999999999997,51.0,1388.1333333333334,2101.53771060649,276.4266666666666,288.99666666666667,0.3,1366.8947549341435
2025-09-11 00:00:00,17.973333333333336,51.0,1403.4666666666667,2102.646496710472,274.9166666666667,292.18333333333334,0.39666666666666667,982.288856753033
2025-09-11 00:30:00,17.916666666666668,51.0,1419.9633333333334,2100.87660077873,277.1066666666667,295.4866666666667,0.36666666666666664,966.1834383611321
2025-09-11 01:00:00,17.990000000000002,51.0,1436.9399999999998,2097.9143594697002,277.1333333333333,296.52666666666664,0.3,970.4147816176625
2025-09-11 01:30:00,18.05666666666667,51.0,1453.23,2099.467412542916,277.1666666666667,296.6133333333334,0.33666666666666667,963.7425699680927
2025-09-11 02:00:00,18.12,51.0,1470.0733333333333,2102.1466678476313,275.7933333333333,296.6333333333333,0.4,933.2404802362097
2025-09-11 02:30:00,17.813333333333333,51.0,1484.8666666666666,2098.9666439125954,274.6633333333333,295.4,0.31666666666666665,645.7553176861104
2025-09-11 03:00:00,17.376666666666665,51.0,1500.5466666666666,2101.239626052808,275.13,295.5366666666667,0.38,278.3588377475149
2025-09-11 03:30:00,17.34333333333333,51.0,1515.6399999999999,2099.6933533866413,272.34,294.34333333333336,0.3433333333333334,277.50555471426975
2025-09-11 04:00:00,17.11,51.0,1529.2066666666665,2099.42167501018,274.1,294.06666666666666,0.33666666666666667,273.0310430931976
2025-09-11 04:30:00,17.459999999999997,51.0,1545.3466666666668,2100.61099367116,271.74666666666667,293.9066666666667,0.36666666666666664,276.60806415318166
2025-09-11 05:00:00,17.186666666666667,51.0,1558.3833333333334,2117.453576212488,271.36,292.9566666666667,0.24333333333333332,272.5367368233528
2025-09-11 05:30:00,16.96333333333333,51.0,1573.5,2103.6689999668347,271.84333333333336,293.4933333333333,0.28,268.6341968091998
2025-09-11 06:00:00,17.236666666666668,51.0,1588.63,2097.933978371428,270.02333333333337,292.9266666666666,0.30333333333333334,270.8631768262804
2025-09-11 06:30:00,18.42,51.0,1591.0533333333333,2117.6621076445545,271.38666666666666,292.2866666666667,0.26666666666666666,650.7185732651867
2025-09-11 07:00:00,18.65666666666667,51.0,1577.76,2131.5151447918342,276.15333333333336,291.73999999999995,0.22666666666666666,728.2356123579558
2025-09-11 07:30:00,21.25,51.0,1547.7966666666666,2114.431750861552,275.14666666666665,291.32666666666665,0.31333333333333335,1757.685150334227
2025-09-11 08:00:00,6.021212121212121,12.363636363636363,1513.0363636363636,1986.8405621679271,272.43636363636364,289.1212121212121,0.3575757575757576,127.90310237233693
2025-09-11 08:30:00,0.0,0.0,1515.8066666666666,1585.2052074509506,270.48333333333335,271.64666666666665,0.26,0.0
2025-09-11 09:00:00,0.0,0.0,1513.3100000000002,1546.0324683485883,269.41,269.5,0.2,0.0
2025-09-11 09:30:00,0.0,0.0,1469.2034482758622,1546.0325909257463,268.8379310344828,268.95862068965516,0.2,0.0
2025-09-11 10:00:00,0.0,0.0,1457.7,1546.0326179336164,268.7,268.8733333333333,0.2,0.0
2025-09-11 10:30:00,0.0,0.0,1392.8966666666668,1546.0327631417674,268.56666666666666,268.73333333333335,0.20333333333333334,0.0
2025-09-11 11:00:00,0.0,0.0,1324.9433333333334,1546.0328525293262,268.5,268.7,0.2,0.0
2025-09-11 11:30:00,0.0,0.0,1263.9,1546.0329163732652,268.5,268.64,0.2,0.0
2025-09-11 12:00:00,0.0,0.0,1249.3133333333333,1546.0329295434972,268.5,268.6533333333333,0.2,0.0
2025-09-11 12:30:00,0.0,0.0,1274.0866666666666,1546.0329077203803,268.56,268.68666666666667,0.2,0.0
2025-09-11 13:00:00,0.0,0.0,1299.37,1546.033068708217,268.6933333333333,268.7733333333333,0.27666666666666667,0.0
2025-09-11 13:30:00,0.0,0.0,1323.0966666666668,1546.0330282330142,268.7,268.78666666666663,0.26666666666666666,0.0
2025-09-11 14:00:00,0.0,0.0,1345.2166666666667,1545.6547978359301,268.74666666666667,268.8666666666666,0.19666666666666668,0.0
2025-09-11 14:30:00,0.0,0.0,1364.63,1546.0328062032843,268.8933333333333,268.94,0.2,0.0
2025-09-11 15:00:00,0.0,0.0,1381.4066666666665,1546.0329558162214,268.9,269.1,0.2533333333333333,0.0
2025-09-11 15:30:00,0.0,0.0,1398.6366666666665,1546.0327990385738,268.97999999999996,269.1166666666667,0.21333333333333335,0.0
2025-09-11 16:00:00,0.0,0.0,1414.6166666666666,1546.032727608807,269.1,269.18,0.2,0.0
2025-09-11 16:30:00,0.0,0.0,1430.4366666666667,1546.0326957199925,269.1,269.18666666666667,0.2,0.0
2025-09-11 17:00:00,0.0,0.0,1446.4733333333331,1546.032659905094,269.1,269.2,0.2,0.0
2025-09-11 17:30:00,0.0,0.0,1462.3333333333333,1546.0326201559371,269.1,269.20666666666665,0.2,0.0
2025-09-11 18:00:00,0.0,0.0,1478.2233333333331,1546.0328131597403,269.16,269.2,0.24666666666666667,0.0
2025-09-11 18:30:00,0.0,0.0,1493.0800000000002,1546.03277600644,269.19666666666666,269.21999999999997,0.24666666666666667,0.0
2025-09-11 19:00:00,0.0,0.0,1507.0366666666666,1546.0324796516734,269.18333333333334,269.2,0.2,0.0
2025-09-11 19:30:00,0.0,0.0,1521.48,1546.0324211354282,269.1933333333333,269.2,0.2,0.0
2025-09-11 20:00:00,0.0,0.0,1535.3333333333333,1546.0323587963574,269.2,269.26666666666665,0.2,0.0
2025-09-11 20:30:00,0.0,0.0,1549.05,1546.393255166025,269.19,269.26666666666665,0.26333333333333336,0.0
2025-09-11 21:00:00,0.0,0.0,1562.3666666666666,1546.633581734096,269.12333333333333,269.2,0.2,0.0
2025-09-11 21:30:00,0.0,0.0,1576.2466666666667,1546.6335652552689,269.1333333333333,269.2,0.2,0.0
2025-09-11 22:00:00,0.0,0.0,1589.9233333333332,1546.6335510603483,269.13666666666666,269.2,0.2,0.0
2025-09-11 22:30:00,0.0,0.0,1602.8833333333334,1546.633539085582,269.1466666666667,269.2,0.2,0.0
2025-09-11 23:00:00,0.0,0.0,1615.93,1546.6334763245054,269.15,269.2,0.24000000000000002,0.0
2025-09-11 23:30:00,0.0,0.0,1628.9733333333331,1546.6335186111817,269.16,269.2,0.2,0.0
2025-09-12 00:00:00,0.0,0.0,1641.3966666666668,1543.5444176190724,269.19,269.21999999999997,0.17,0.0
2025-09-12 00:30:00,0.0,0.0,1653.34,1545.9470335627732,269.19,269.21999999999997,0.19333333333333336,0.0
2025-09-12 01:00:00,0.0,0.0,1664.8833333333334,1546.6334962670292,269.1666666666667,269.21999999999997,0.2,0.0
2025-09-12 01:30:00,0.0,0.0,1676.2933333333335,1546.6334905178608,269.11333333333334,269.20666666666665,0.2,0.0
2025-09-12 02:00:00,0.0,0.0,1687.4066666666665,1546.6334790832216,269.11,269.21999999999997,0.20666666666666667,0.0
2025-09-12 02:30:00,0.0,0.0,1698.2322580645161,1546.633480031193,269.10322580645163,269.258064516129,0.2,0.0
2025-09-12 03:00:00,0.0,0.0,1708.8833333333334,1546.6334537119521,269.1,269.2033333333333,0.22666666666666666,0.0
2025-09-12 03:30:00,0.0,0.0,1719.9733333333331,1546.633471285687,269.1,269.15,0.2,0.0
2025-09-12 04:00:00,0.0,0.0,1730.77,1546.6334445872628,269.1,269.1633333333333,0.23,0.0
2025-09-12 04:30:00,0.0,0.0,1741.2233333333331,1546.6334634607083,269.10333333333335,269.1466666666667,0.2,0.0
2025-09-12 05:00:00,0.0,0.0,1751.5533333333333,1546.6334599572585,269.1,269.15666666666664,0.2,0.0
2025-09-12 05:30:00,0.0,0.0,1761.41,1546.6334567476308,269.1,269.18333333333334,0.2,0.0
2025-09-12 06:00:00,0.0,0.0,1770.7166666666667,1546.6334539303264,269.1,269.17,0.2,0.0
2025-09-12 06:30:00,0.0,0.0,1779.5733333333333,1546.6334449399583,269.1,269.20666666666665,0.21000000000000002,0.0
2025-09-12 07:00:00,0.0,0.0,1788.4933333333333,1546.633448819823,269.1,269.19,0.2,0.0
2025-09-12 07:30:00,0.0,0.0,1797.4225806451611,1546.6334445569512,269.0935483870968,269.15161290322584,0.20322580645161292,0.0
2025-09-12 08:00:00,0.0,0.0,1805.8766666666668,1546.6334096650528,269.09333333333336,269.13,0.26,0.0
2025-09-12 08:30:00,0.0,0.0,1814.3066666666666,1546.6334289691936,269.0866666666667,269.11333333333334,0.22333333333333333,0.0
2025-09-12 09:00:00,0.0,0.0,1822.6399999999999,1541.8276502459087,269.06,269.1,0.15333333333333335,0.0
2025-09-12 09:30:00,0.0,0.0,1830.54,1544.9170841465418,268.91999999999996,269.1,0.18333333333333332,0.0
2025-09-12 10:00:00,0.0,0.0,1838.45,1546.6334370233897,268.90666666666664,269.1,0.2,0.0
2025-09-12 10:30:00,0.0,0.0,1846.3066666666666,1546.6334353284815,268.90666666666664,269.09333333333336,0.2,0.0
2025-09-12 11:00:00,0.0,0.0,1853.9666666666667,1546.6334337443066,268.90666666666664,269.0733333333334,0.2,0.0
2025-09-12 11:30:00,0.0,0.0,1861.2966666666666,1546.6334322197586,268.90666666666664,269.1,0.2,0.0
2025-09-12 12:00:00,0.0,0.0,1868.52,1546.6333988828924,268.9,269.11333333333334,0.26666666666666666,0.0
2025-09-12 12:30:00,0.0,0.0,1875.8166666666666,1546.6334168523874,268.9,269.06,0.22666666666666666,0.0
2025-09-12 13:00:00,0.0,0.0,1882.9433333333334,1546.633428143215,268.9,269.03333333333336,0.2,0.0
2025-09-12 13:30:00,0.0,0.0,1889.96,1546.6334269662443,268.9,268.94,0.2,0.0
2025-09-12 14:00:00,0.0,0.0,1896.8666666666666,1546.6334257754756,268.9,268.90666666666664,0.2,0.0
2025-09-12 14:30:00,0.0,0.0,1903.5533333333333,1546.6334216838916,268.9,268.94666666666666,0.20666666666666667,0.0
2025-09-12 15:00:00,0.0,0.0,1909.9633333333334,1545.9468632606383,268.8933333333333,268.9533333333333,0.19333333333333336,0.0
2025-09-12 15:30:00,0.0,0.0,1916.3,1546.6334223694976,268.9,269.03333333333336,0.2,0.0
2025-09-12 16:00:00,0.0,0.0,1922.6733333333332,1546.6334213537828,268.88666666666666,269.04,0.2,0.0
2025-09-12 16:30:00,0.0,0.0,1929.0533333333333,1546.6334205282392,268.79999999999995,268.9533333333333,0.2,0.0
2025-09-12 17:00:00,0.0,0.0,1935.1333333333334,1546.6334196898833,268.75333333333333,268.9,0.2,0.0
2025-09-12 17:30:00,0.0,0.0,1940.9966666666667,1546.6334188102055,268.7133333333333,268.94,0.2,0.0
2025-09-12 18:00:00,0.0,0.0,1946.8133333333333,1546.633417914973,268.73333333333335,268.9533333333333,0.2,0.0
2025-09-12 18:30:00,0.0,0.0,1952.63,1546.633417131569,268.70666666666665,268.9133333333333,0.2,0.0
2025-09-12 19:00:00,0.0,0.0,1958.4233333333332,1546.6334113544829,268.7133333333333,268.9,0.21333333333333335,0.0
2025-09-12 19:30:00,0.0,0.0,1963.6699999999998,1546.633398305061,268.7,268.9,0.24666666666666667,0.0
2025-09-12 20:00:00,0.0,0.0,1968.2733333333333,1546.6333858116554,268.70666666666665,268.88,0.28,0.0
2025-09-12 20:30:00,0.0,0.0,1974.18,1546.6334105382823,268.70666666666665,268.8933333333333,0.21000000000000002,0.0
2025-09-12 21:00:00,0.0,0.0,1980.1433333333334,1546.6334133387254,268.70666666666665,268.9266666666666,0.2,0.0
2025-09-12 21:30:00,0.0,0.0,1985.5066666666667,1545.6035536053396,268.7,268.93333333333334,0.19,0.0
2025-09-12 22:00:00,0.0,0.0,1990.9066666666665,1546.633411981357,268.7,268.8933333333333,0.2,0.0
2025-09-12 22:30:00,0.0,0.0,1996.4,1542.8572520623861,268.7,268.9,0.16333333333333336,0.0
2025-09-12 23:00:00,0.0,0.0,2001.49,1546.6334106567854,268.7,268.9,0.2,0.0
2025-09-12 23:30:00,0.0,0.0,2006.05,1546.6334001863286,268.7,268.90666666666664,0.23,0.0
2025-09-13 00:00:00,0.0,0.0,2010.9366666666667,1546.6333930841427,268.7,268.88,0.25,0.0
2025-09-13 00:30:00,0.0,0.0,2016.1833333333334,1546.2901203945426,268.7,268.88666666666666,0.19666666666666668,0.0
2025-09-13 01:00:00,0.0,0.0,2020.77,1546.633390289957,268.7,268.8733333333333,0.25666666666666665,0.0
2025-09-13 01:30:00,0.0,0.0,2024.9666666666667,1546.6334036809376,268.6933333333333,268.9,0.21333333333333335,0.0
2025-09-13 02:00:00,0.0,0.0,2029.88,1546.6334073491025,268.6933333333333,268.8733333333333,0.2,0.0
2025-09-13 02:30:00,0.0,0.0,2034.8966666666668,1546.6334067713708,268.7,268.8933333333333,0.2,0.0
2025-09-13 03:00:00,0.0,0.0,2039.9166666666667,1546.6334042371823,268.6933333333333,268.82,0.20666666666666667,0.0
2025-09-13 03:30:00,0.0,0.0,2044.4566666666665,1545.2602443000972,268.7,268.71999999999997,0.18666666666666668,0.0
2025-09-13 04:00:00,0.0,0.0,2048.4133333333334,1546.6334054131064,268.68666666666667,268.74,0.2,0.0
2025-09-13 04:30:00,0.0,0.0,2051.346666666667,1545.9468214170713,268.7,268.8066666666667,0.2,0.0
2025-09-13 05:00:00,0.0,0.0,2055.02,1546.6333948285458,268.68666666666667,268.79999999999995,0.23333333333333334,0.0
2025-09-13 05:30:00,0.0,0.0,2057.476666666667,1546.6334045892343,268.5466666666667,268.7,0.2,0.0
2025-09-13 06:00:00,0.0,0.0,2061.1133333333332,1546.6334042274445,268.5266666666667,268.7,0.2,0.0
2025-09-13 06:30:00,0.0,0.0,2065.4733333333334,1546.6334038004543,268.5,268.7,0.2,0.0
2025-09-13 07:00:00,0.0,0.0,2069.46,1546.6334033968233,268.5,268.7,0.2,0.0
2025-09-13 07:30:00,0.0,0.0,2073.4533333333334,1546.6334029733307,268.53333333333336,268.7,0.2,0.0
2025-09-13 08:00:00,0.0,0.0,2075.87,1546.63340274802,268.5133333333333,268.7,0.2,0.0
2025-09-13 08:30:00,0.0,0.0,2080.1033333333335,1544.5736463394533,268.50666666666666,268.7,0.18333333333333332,0.0
2025-09-13 09:00:00,0.0,0.0,2083.88,1546.6334019731664,268.5133333333333,268.68666666666667,0.2,0.0
2025-09-13 09:30:00,0.0,0.0,2088.25,1546.6334015247298,268.50666666666666,268.74666666666667,0.2,0.0
2025-09-13 10:00:00,0.0,0.0,2092.6566666666668,1546.6334011074764,268.5,268.75333333333333,0.2,0.0
2025-09-13 10:30:00,0.0,0.0,2095.22,1544.2303476821514,268.52000000000004,268.78,0.1766666666666667,0.0
2025-09-13 11:00:00,0.0,0.0,2098.0366666666664,1546.6333943338432,268.50666666666666,268.76,0.22333333333333333,0.0
2025-09-13 11:30:00,0.0,0.0,2102.0566666666664,1546.6333958081896,268.50666666666666,268.68666666666667,0.21666666666666667,0.0
2025-09-13 12:00:00,0.0,0.0,2105.523333333333,1546.2901054541828,268.5,268.61333333333334,0.2,0.0
2025-09-13 12:30:00,0.0,0.0,2109.2233333333334,1546.633380350812,268.50666666666666,268.64666666666665,0.2733333333333333,0.0
2025-09-13 13:00:00,0.0,0.0,2112.4133333333334,1546.633399331569,268.5,268.68666666666667,0.2,0.0
2025-09-13 13:30:00,0.0,0.0,2117.2866666666664,1546.633383440599,268.50666666666666,268.7,0.26,0.0
2025-09-13 14:00:00,0.0,0.0,2120.746666666667,1546.6333746720857,268.5,268.6933333333333,0.2933333333333333,0.0
2025-09-13 14:30:00,0.0,0.0,2123.9366666666665,1546.6333983147315,268.5,268.6933333333333,0.2,0.0
2025-09-13 15:00:00,0.0,0.0,2127.673333333333,1546.6333954563918,268.5,268.7,0.21000000000000002,0.0
2025-09-13 15:30:00,0.0,0.0,2129.86,1546.6333978024982,268.5,268.7,0.2,0.0
2025-09-13 16:00:00,0.0,0.0,2132.76,1545.9468070712114,268.50666666666666,268.68,0.19333333333333336,0.0
2025-09-13 16:30:00,0.0,0.0,2134.24,1546.633397437982,268.5,268.68666666666667,0.2,0.0
2025-09-13 17:00:00,0.0,0.0,2138.23,1546.6333971235038,268.5,268.64666666666665,0.2,0.0
2025-09-13 17:30:00,0.0,0.0,2142.72,1546.6333967443627,268.5,268.65999999999997,0.2,0.0
2025-09-13 18:00:00,0.0,0.0,2145.75,1546.6333964794105,268.5,268.6933333333333,0.2,0.0
2025-09-13 18:30:00,0.0,0.0,2148.97,1546.6333962012257,268.5,268.72666666666663,0.2,0.0
2025-09-13 19:00:00,0.0,0.0,2152.4,1545.946803454304,268.5,268.6666666666667,0.19333333333333336,0.0
2025-09-13 19:30:00,0.0,0.0,2156.596666666667,1543.8870250302198,268.5,268.6533333333333,0.17333333333333334,0.0
2025-09-13 20:00:00,0.0,0.0,2159.37,1546.6333953912952,268.5,268.68,0.2,0.0
2025-09-13 20:30:00,0.0,0.0,2161.3433333333332,1546.6333952358223,268.5,268.68,0.2,0.0
2025-09-13 21:00:00,0.0,0.0,2163.75,1546.6333950967282,268.5,268.5733333333333,0.2,0.0
2025-09-13 21:30:00,0.0,0.0,2166.4333333333334,1546.633394912103,268.5,268.52000000000004,0.2,0.0
2025-09-13 22:00:00,0.0,0.0,2168.6933333333336,1546.6333924192454,268.5,268.5133333333333,0.21000000000000002,0.0
2025-09-13 22:30:00,0.0,0.0,2170.383333333333,1546.6333907331775,268.5,268.5733333333333,0.21666666666666667,0.0
2025-09-13 23:00:00,0.0,0.0,2172.503333333333,1546.6333844375768,268.5,268.55333333333334,0.24333333333333332,0.0
2025-09-13 23:30:00,0.0,0.0,2174.4733333333334,1546.633394263136,268.5,268.58666666666664,0.2,0.0
2025-09-14 00:00:00,0.0,0.0,2177.0066666666667,1546.6333864798592,268.5,268.5733333333333,0.23333333333333334,0.0
2025-09-14 00:30:00,0.0,0.0,2179.4666666666667,1546.633387834055,268.49333333333334,268.56666666666666,0.22666666666666666,0.0
2025-09-14 01:00:00,0.0,0.0,2182.36,1546.633393668764,268.5,268.58666666666664,0.2,0.0
2025-09-14 01:30:00,0.0,0.0,2185.0299999999997,1546.6333934495235,268.5,268.6333333333333,0.2,0.0
2025-09-14 02:00:00,0.0,0.0,2187.0033333333336,1545.9467978849586,268.49333333333334,268.56666666666666,0.19333333333333336,0.0
2025-09-14 02:30:00,0.0,0.0,2184.9333333333334,1546.633393573428,268.38666666666666,268.50666666666666,0.2,0.0
2025-09-14 03:00:00,0.0,0.0,2062.05,1546.6333897005231,268.3,268.4,0.26,0.0
2025-09-14 03:30:00,0.0,0.0,1765.284375,1546.6334630964739,268.44375,268.5125,0.2,0.0
2025-09-14 04:00:00,0.0,0.0,1557.5800000000002,1546.2928801238663,268.49333333333334,268.5133333333333,0.2,0.0
2025-09-14 04:30:00,0.0,0.0,1551.0433333333335,1546.3931097555048,268.49333333333334,268.5266666666667,0.2,0.0
2025-09-14 05:00:00,0.0,0.0,1589.2266666666667,1546.633561306029,268.4733333333333,268.5,0.2,0.0
2025-09-14 05:30:00,0.0,0.0,1621.1399999999999,1546.6335311078228,268.5,268.56666666666666,0.2,0.0
2025-09-14 06:00:00,0.0,0.0,1647.0800000000002,1546.6335116888436,268.5,268.68666666666667,0.2,0.0
2025-09-14 06:30:00,0.0,0.0,1671.4866666666667,1545.2605297552877,268.6333333333333,268.73333333333335,0.18666666666666668,0.0
2025-09-14 07:00:00,0.0,0.0,1693.983870967742,1542.979602122104,268.69354838709677,268.85483870967744,0.16451612903225807,0.0
2025-09-14 07:30:00,0.0,0.0,1714.0600000000002,1545.9469702776612,268.7,268.8933333333333,0.19333333333333336,0.0
2025-09-14 08:00:00,0.0,0.0,1734.0866666666666,1545.946959100403,268.7,268.88666666666666,0.19333333333333336,0.0
2025-09-14 08:30:00,0.0,0.0,1752.7466666666667,1546.6334611623702,268.7,268.8333333333333,0.2,0.0
2025-09-14 09:00:00,0.0,0.0,1770.6399999999999,1546.6334555328904,268.7,268.78,0.2,0.0
2025-09-14 09:30:00,0.0,0.0,1787.4066666666665,1545.9469194900744,268.7,268.7733333333333,0.19333333333333336,0.0
2025-09-14 10:00:00,0.0,0.0,1803.0806451612902,1545.9690604466637,268.68709677419355,268.77741935483874,0.1935483870967742,0.0
2025-09-14 10:30:00,0.0,0.0,1818.7566666666667,1546.6334424095135,268.7,268.76,0.2,0.0
2025-09-14 11:00:00,0.0,0.0,1833.1566666666665,1546.633438813017,268.7,268.9,0.2,0.0
2025-09-14 11:30:00,0.0,0.0,1847.4566666666667,1546.633435668923,268.6933333333333,268.8933333333333,0.2,0.0
2025-09-14 12:00:00,0.0,0.0,1860.72,1545.9468839154529,268.68666666666667,268.8933333333333,0.19333333333333336,0.0
2025-09-14 12:30:00,0.0,0.0,1872.9666666666667,1546.6333972944387,268.7,268.9,0.26999999999999996,0.0
2025-09-14 13:00:00,0.0,0.0,1884.5600000000002,1546.290122515724,268.65999999999997,268.78666666666663,0.25666666666666665,0.0
2025-09-14 13:30:00,0.0,0.0,1896.0533333333333,1541.1409734331012,268.64,268.76666666666665,0.14666666666666667,0.0
2025-09-14 14:00:00,0.0,0.0,1906.85,1546.6334245737899,268.6,268.76,0.2,0.0
2025-09-14 14:30:00,0.0,0.0,1917.35,1546.6334228576782,268.58,268.74,0.2,0.0
2025-09-14 15:00:00,0.0,0.0,1927.4733333333331,1546.6334198212642,268.56666666666666,268.82,0.20333333333333334,0.0
2025-09-14 15:30:00,0.0,0.0,1937.0966666666668,1546.6334010203257,268.54,268.84,0.24666666666666667,0.0
2025-09-14 16:00:00,0.0,0.0,1945.9933333333333,1546.63341843819,268.5133333333333,268.76,0.2,0.0
2025-09-14 16:30:00,0.0,0.0,1955.25,1546.6334171212122,268.50666666666666,268.72666666666663,0.2,0.0
2025-09-14 17:00:00,0.0,0.0,1964.72,1546.633415790388,268.50666666666666,268.7133333333333,0.2,0.0
2025-09-14 17:30:00,0.0,0.0,1972.8899999999999,1546.290129546674,268.5,268.7,0.19666666666666668,0.0
2025-09-14 18:00:00,0.0,0.0,1981.8,1542.8572666977686,268.50666666666666,268.64666666666665,0.16333333333333336,0.0
2025-09-14 18:30:00,0.0,0.0,1990.3600000000001,1546.6334124512584,268.5,268.6066666666667,0.2,0.0
2025-09-14 19:00:00,0.0,0.0,1998.4566666666665,1546.6334114007177,268.5,268.64,0.2,0.0
2025-09-14 19:30:00,0.0,0.0,2005.8899999999999,1546.6334104335697,268.50666666666666,268.7,0.2,0.0
2025-09-14 20:00:00,0.0,0.0,2013.2466666666667,1546.6334095619738,268.5,268.68666666666667,0.2,0.0
2025-09-14 20:30:00,0.0,0.0,2020.72,1546.633404402611,268.5,268.6533333333333,0.21333333333333335,0.0
2025-09-14 21:00:00,0.0,0.0,2027.5766666666668,1546.6334079506992,268.5,268.6,0.2,0.0
2025-09-14 21:30:00,0.0,0.0,2034.8366666666666,1546.633407144101,268.5,268.58,0.2,0.0
2025-09-14 22:00:00,0.0,0.0,2041.53,1546.6334064125463,268.5,268.56666666666666,0.2,0.0
2025-09-14 22:30:00,0.0,0.0,2047.98,1546.6334056449884,268.5,268.67333333333335,0.2,0.0
2025-09-14 23:00:00,0.0,0.0,2054.2133333333336,1543.2004971183553,268.5,268.6333333333333,0.16666666666666666,0.0
2025-09-14 23:30:00,0.0,0.0,2060.37,1546.6334043485535,268.5,268.65999999999997,0.2,0.0
2025-09-15 00:00:00,0.0,0.0,2066.476666666667,1546.6334037204772,268.4866666666667,268.68,0.2,0.0
2025-09-15 00:30:00,0.0,0.0,2072.366666666667,1546.6334031884528,268.5,268.56,0.2,0.0
2025-09-15 01:00:00,0.0,0.0,2078.3066666666664,1546.6334026187164,268.5,268.5266666666667,0.2,0.0
2025-09-15 01:30:00,0.0,0.0,2084.0066666666667,1546.6334020238826,268.5,268.59333333333336,0.2,0.0
2025-09-15 02:00:00,0.0,0.0,2089.69,1546.6333996780575,268.4866666666667,268.56,0.20666666666666667,0.0
2025-09-15 02:30:00,0.0,0.0,2094.7033333333334,1546.6334010197859,268.49333333333334,268.5733333333333,0.2,0.0
2025-09-15 03:00:00,0.0,0.0,2100.05,1546.6334005439296,268.4866666666667,268.54,0.2,0.0
2025-09-15 03:30:00,0.0,0.0,2104.9866666666667,1546.6334000941172,268.47999999999996,268.54,0.2,0.0
2025-09-15 04:00:00,0.0,0.0,2109.7066666666665,1546.6333996555331,268.4733333333333,268.56666666666666,0.2,0.0
2025-09-15 04:30:00,0.0,0.0,2114.5833333333335,1546.6333992512782,268.43333333333334,268.55333333333334,0.2,0.0
2025-09-15 05:00:00,0.0,0.0,2117.923333333333,1546.633398969948,268.3933333333333,268.5733333333333,0.2,0.0
2025-09-15 05:30:00,0.0,0.0,2123.6666666666665,1546.6333985244682,268.3333333333333,268.53333333333336,0.2,0.0
2025-09-15 06:00:00,0.0,0.0,2129.07,1545.9468081966736,268.31333333333333,268.50666666666666,0.19333333333333336,0.0
2025-09-15 06:30:00,0.0,0.0,2133.6266666666666,1546.63339769014,268.31333333333333,268.5133333333333,0.2,0.0
2025-09-15 07:00:00,0.0,0.0,2137.596666666667,1546.6333973326764,268.3333333333333,268.53333333333336,0.2,0.0
2025-09-15 07:30:00,0.0,0.0,2142.1433333333334,1546.6333904193439,268.3,268.50666666666666,0.22666666666666666,0.0
2025-09-15 08:00:00,0.0,0.0,2146.193333333333,1546.6333966427633,268.32,268.5,0.2,0.0
2025-09-15 08:30:00,0.0,0.0,2150.4533333333334,1546.6333850280737,268.3066666666667,268.47999999999996,0.24666666666666667,0.0
2025-09-15 09:00:00,0.0,0.0,2154.2766666666666,1546.6333912316709,268.3,268.46,0.22000000000000003,0.0
2025-09-15 09:30:00,0.0,0.0,2158.6133333333332,1546.633388512451,268.3066666666667,268.4733333333333,0.23,0.0
2025-09-15 10:00:00,0.0,0.0,2162.36,1546.6333954056934,268.3,268.38666666666666,0.2,0.0
2025-09-15 10:30:00,0.0,0.0,2166.39,1546.6333950981957,268.3,268.3666666666667,0.2,0.0
2025-09-15 11:00:00,0.0,0.0,2169.8333333333335,1543.5437230031453,268.3,268.4533333333333,0.17,0.0
2025-09-15 11:30:00,0.0,0.0,2173.4133333333334,1546.6333945142198,268.3,268.4533333333333,0.2,0.0
2025-09-15 12:00:00,0.0,0.0,2176.0666666666666,1546.6333751760674,268.3,268.47999999999996,0.2833333333333333,0.0
2025-09-15 12:30:00,0.0,0.0,2179.7866666666664,1546.6333750145034,268.3066666666667,268.49333333333334,0.2833333333333333,0.0
2025-09-15 13:00:00,0.0,0.0,2181.788235294118,1546.6333938625135,268.3,268.48823529411766,0.2,0.0
2025-09-15 13:30:00,0.0,0.0,2185.7000000000003,1546.6333935649036,268.3,268.5,0.20000000000000004,0.0
2025-09-15 14:00:00,0.0,0.0,2188.3333333333335,1546.633393398761,268.3,268.43333333333334,0.20000000000000004,0.0
2025-09-15 14:30:00,0.0,0.0,2191.7000000000003,1546.633385779665,268.3,268.3,0.2333333333333333,0.0
2025-09-15 15:00:00,0.0,0.0,2193.233333333333,1546.633393067381,268.3,268.3666666666667,0.20000000000000004,0.0
2025-09-15 15:30:00,0.0,0.0,2195.2333333333336,1546.63339286399,268.3,268.5,0.20000000000000004,0.0
2025-09-15 16:00:00,0.0,0.0,2198.2999999999997,1546.633392641959,268.3,268.5,0.20000000000000004,0.0
2025-09-15 16:30:00,0.0,0.0,2201.4666666666667,1546.6333924143885,268.3,268.5,0.20000000000000004,0.0
2025-09-15 17:00:00,0.0,0.0,2206.0,1546.6333848857737,268.3,268.5,0.2333333333333333,0.0
2025-09-15 17:30:00,0.0,0.0,2209.133333333333,1546.6333919262295,268.3,268.3666666666667,0.20000000000000004,0.0
2025-09-15 18:00:00,0.0,0.0,2211.9666666666667,1546.6333774926495,268.3,268.3,0.26666666666666666,0.0
2025-09-15 18:30:00,0.0,0.0,2213.7333333333336,1546.6333773640918,268.3,268.43333333333334,0.26666666666666666,0.0
2025-09-15 19:00:00,0.0,0.0,2216.5333333333333,1546.6333914100242,268.3,268.3666666666667,0.20000000000000004,0.0
2025-09-15 19:30:00,0.0,0.0,2218.4666666666667,1546.6333912221862,268.3,268.5,0.20000000000000004,0.0
2025-09-15 20:00:00,0.0,0.0,2219.633333333333,1546.6333911421407,268.3,268.5,0.20000000000000004,0.0
2025-09-15 20:30:00,0.0,0.0,2223.4666666666667,1546.6333769789846,268.3,268.43333333333334,0.26666666666666666,0.0
2025-09-15 21:00:00,0.0,0.0,2226.4,1546.6333907621477,268.3,268.3,0.20000000000000004,0.0
2025-09-15 21:30:00,0.0,0.0,2229.866666666667,1546.6333767404246,268.26666666666665,268.3,0.26666666666666666,0.0
2025-09-15 22:00:00,0.0,0.0,2232.233333333333,1546.6333903440245,268.3,268.3666666666667,0.20000000000000004,0.0
2025-09-15 22:30:00,0.0,0.0,2234.7333333333336,1546.633390204039,268.3,268.3,0.20000000000000004,0.0
2025-09-15 23:00:00,0.0,0.0,2237.0333333333333,1546.633390083504,268.23333333333335,268.3,0.20000000000000004,0.0
2025-09-15 23:30:00,0.0,0.0,2238.6666666666665,1546.6333899758035,268.23333333333335,268.3,0.20000000000000004,0.0
2025-09-16 00:00:00,0.0,0.0,2241.0333333333333,1546.6333763202485,268.2,268.3,0.26666666666666666,0.0
2025-09-16 00:30:00,0.0,0.0,2242.2000000000003,1546.6333897443062,268.23333333333335,268.3,0.20000000000000004,0.0
2025-09-16 01:00:00,0.0,0.0,2244.366666666667,1546.6333896188207,268.2,268.3,0.20000000000000004,0.0
2025-09-16 01:30:00,0.0,0.0,2246.5,1546.6333894805546,268.2,268.3,0.20000000000000004,0.0
2025-09-16 02:00:00,0.0,0.0,2248.5,1546.6333893516,268.2,268.3,0.20000000000000004,0.0
2025-09-16 02:30:00,0.0,0.0,2250.2999999999997,1546.6333892360135,268.2,268.3,0.20000000000000004,0.0
2025-09-16 03:00:00,0.0,0.0,2252.233333333333,1546.6333891123807,268.2,268.3,0.20000000000000004,0.0
2025-09-16 03:30:00,0.0,0.0,2253.9333333333334,1546.6333889790367,268.2,268.3666666666667,0.20000000000000004,0.0
2025-09-16 04:00:00,0.0,0.0,2256.5333333333333,1546.6333888394092,268.2,268.3,0.20000000000000004,0.0
2025-09-16 04:30:00,0.0,0.0,2258.633333333333,1546.6333887194498,268.2,268.26666666666665,0.20000000000000004,0.0
2025-09-16 05:00:00,0.0,0.0,2260.6,1539.7673789433895,268.2,268.3,0.13333333333333333,0.0
2025-09-16 05:30:00,0.0,0.0,2262.066666666667,1546.6333885043277,268.2,268.26666666666665,0.20000000000000004,0.0
2025-09-16 06:00:00,0.0,0.0,2263.6,1546.633388372038,268.2,268.3666666666667,0.20000000000000004,0.0
2025-09-16 06:30:00,0.0,0.0,2264.866666666667,1546.6333882934257,268.2,268.3666666666667,0.20000000000000004,0.0
2025-09-16 07:00:00,0.0,0.0,2266.6,1546.6333882228237,268.2,268.26666666666665,0.20000000000000004,0.0
2025-09-16 07:30:00,0.0,0.0,2268.133333333333,1546.6333752836406,268.2,268.26666666666665,0.26666666666666666,0.0
2025-09-16 08:00:00,0.0,0.0,2269.9,1543.2003795434402,268.2,268.26666666666665,0.16666666666666666,0.0
2025-09-16 08:30:00,0.0,0.0,2271.5333333333333,1546.633387907694,268.2,268.3,0.20000000000000004,0.0
2025-09-16 09:00:00,0.0,0.0,2273.133333333333,1546.6333878101532,268.2,268.3,0.20000000000000004,0.0
2025-09-16 09:30:00,0.0,0.0,2275.0,1546.6333876968008,268.2,268.3,0.20000000000000004,0.0
2025-09-16 10:00:00,0.0,0.0,2276.366666666667,1546.633387626045,268.2,268.26666666666665,0.20000000000000004,0.0
2025-09-16 10:30:00,0.0,0.0,2277.6666666666665,1546.6333875356856,268.2,268.3,0.20000000000000004,0.0
2025-09-16 11:00:00,0.0,0.0,2279.7999999999997,1546.6333874194017,268.2,268.26666666666665,0.20000000000000004,0.0
2025-09-16 11:30:00,0.0,0.0,2280.4,1546.6333873715055,268.2,268.3,0.20000000000000004,0.0
2025-09-16 12:00:00,0.0,0.0,2282.2999999999997,1546.6333872344815,268.2,268.3666666666667,0.20000000000000004,0.0
2025-09-16 12:30:00,0.0,0.0,2283.9,1546.6333871979762,268.2,268.2,0.20000000000000004,0.0
2025-09-16 13:00:00,0.0,0.0,2285.0,1546.6333871325999,268.2,268.2,0.20000000000000004,0.0
2025-09-16 13:30:00,0.0,0.0,2286.7000000000003,1546.6333870319097,268.2,268.2,0.20000000000000004,0.0
2025-09-16 14:00:00,0.0,0.0,2288.1666666666665,1546.6333869452963,268.2,268.2,0.20000000000000004,0.0
2025-09-16 14:30:00,0.0,0.0,2289.633333333333,1546.633386835835,268.2,268.26666666666665,0.20000000000000004,0.0
2025-09-16 15:00:00,0.0,0.0,2290.9666666666667,1546.633386746121,268.2,268.3,0.20000000000000004,0.0
2025-09-16 15:30:00,0.0,0.0,2291.5333333333333,1546.6333867245387,268.2,268.26666666666665,0.20000000000000004,0.0
2025-09-16 16:00:00,0.0,0.0,2292.6666666666665,1546.6333682434151,268.1333333333333,268.23333333333335,0.3,0.0
2025-09-16 16:30:00,0.0,0.0,2294.2333333333336,1546.6333804539772,268.2,268.23333333333335,0.2333333333333333,0.0
2025-09-16 17:00:00,0.0,0.0,2294.866666666667,1546.6333804531798,268.1333333333333,268.2,0.2333333333333333,0.0
2025-09-16 17:30:00,0.0,0.0,2296.066666666667,1546.6333865000609,268.1333333333333,268.23333333333335,0.20000000000000004,0.0
2025-09-16 18:00:00,0.0,0.0,2295.6,1546.6333803850368,268.2,268.2,0.2333333333333333,0.0
2025-09-16 18:30:00,0.0,0.0,2294.7999999999997,1546.6333865572026,268.2,268.2,0.20000000000000004,0.0
2025-09-16 19:00:00,0.0,0.0,2296.4,1546.633386430167,268.2,268.3,0.20000000000000004,0.0
2025-09-16 19:30:00,0.0,0.0,2298.5,1546.6333863090495,268.2,268.3,0.2,0.0
2025-09-16 20:00:00,0.0,0.0,2301.5,1546.6333861369665,268.2,268.3,0.20000000000000004,0.0
2025-09-16 20:30:00,0.0,0.0,2302.2999999999997,1546.633386102542,268.2,268.26666666666665,0.20000000000000004,0.0
2025-09-16 21:00:00,0.0,0.0,2304.233333333333,1546.6333860036082,268.2,268.23333333333335,0.20000000000000004,0.0
2025-09-16 21:30:00,0.0,0.0,2305.4,1546.6333859485237,268.2,268.2,0.20000000000000004,0.0
2025-09-16 22:00:00,0.0,0.0,2306.2000000000003,1546.6333859031456,268.2,268.2,0.20000000000000004,0.0
2025-09-16 22:30:00,0.0,0.0,2307.266666666667,1546.6333858586597,268.1333333333333,268.23333333333335,0.20000000000000004,0.0
2025-09-16 23:00:00,0.0,0.0,2308.7333333333336,1546.6333858139621,268.06666666666666,268.2,0.20000000000000004,0.0
2025-09-16 23:30:00,0.0,0.0,2309.4666666666667,1546.6333857456166,268.1333333333333,268.2,0.20000000000000004,0.0
2025-09-17 00:00:00,0.0,0.0,2310.7000000000003,1546.6333857188777,268.0,268.23333333333335,0.20000000000000004,0.0
2025-09-17 00:30:00,0.0,0.0,2311.4333333333334,1546.6333856776535,268.0,268.23333333333335,0.20000000000000004,0.0
2025-09-17 01:00:00,0.0,0.0,2312.5666666666666,1546.6333856251113,268.0,268.2,0.20000000000000004,0.0
2025-09-17 01:30:00,0.0,0.0,2313.6666666666665,1546.633385563504,268.0,268.2,0.20000000000000004,0.0
2025-09-17 02:00:00,0.0,0.0,2314.7999999999997,1546.6333854625725,268.06666666666666,268.23333333333335,0.20000000000000004,0.0
2025-09-17 02:30:00,0.0,0.0,2316.066666666667,1546.6333854296136,268.0,268.2,0.20000000000000004,0.0
2025-09-17 03:00:00,0.0,0.0,2316.9666666666667,1546.6333853795595,268.0,268.2,0.20000000000000004,0.0
2025-09-17 03:30:00,0.0,0.0,2317.7000000000003,1546.6333853123597,268.06666666666666,268.2,0.20000000000000004,0.0
2025-09-17 04:00:00,0.0,0.0,2318.7333333333336,1546.6333852816178,268.0,268.2,0.20000000000000004,0.0
2025-09-17 04:30:00,0.0,0.0,2319.133333333333,1546.6333852594878,268.0,268.2,0.20000000000000004,0.0
2025-09-17 05:00:00,0.0,0.0,2319.766666666667,1546.6333852136097,268.0,268.23333333333335,0.20000000000000004,0.0
2025-09-17 05:30:00,0.0,0.0,2321.133333333333,1546.633385149163,268.0,268.2,0.20000000000000004,0.0
2025-09-17 06:00:00,0.0,0.0,2322.1,1546.6333851176835,268.0,268.1333333333333,0.20000000000000004,0.0
2025-09-17 06:30:00,0.0,0.0,2323.7333333333336,1546.6333850064068,268.0,268.2,0.20000000000000004,0.0
2025-09-17 07:00:00,0.0,0.0,2324.7333333333336,1546.6333849517107,268.0,268.2,0.20000000000000004,0.0
2025-09-17 07:30:00,0.0,0.0,2325.4,1546.6333849153223,268.0,268.2,0.20000000000000004,0.0
2025-09-17 08:00:00,0.0,0.0,2325.933333333333,1546.6333848647362,268.0,268.26666666666665,0.20000000000000004,0.0
2025-09-17 08:30:00,0.0,0.0,2327.2999999999997,1546.6333848011475,268.0,268.23333333333335,0.20000000000000004,0.0
2025-09-17 09:00:00,0.0,0.0,2327.133333333333,1546.6333847949697,268.06666666666666,268.2,0.20000000000000004,0.0
2025-09-17 09:30:00,0.0,0.0,2328.1666666666665,1546.633384764814,268.0,268.2,0.20000000000000004,0.0
2025-09-17 10:00:00,0.0,0.0,2328.7999999999997,1546.6333847305048,268.0,268.2,0.20000000000000004,0.0
2025-09-17 10:30:00,0.0,0.0,2337.2999999999997,1546.633384238272,268.06666666666666,268.23333333333335,0.20000000000000004,0.0
2025-09-17 11:00:00,0.0,0.0,2330.5,1546.6333846128139,268.06666666666666,268.2,0.20000000000000004,0.0
2025-09-17 11:30:00,0.0,0.0,2332.2,1546.6333845469696,268.0,268.2,0.2,0.0
2025-09-17 12:00:00,,,,,,,,
2025-09-17 12:30:00,0.0,0.0,2335.9,1536.3343000979396,267.5,267.9,0.1,0.0
2025-09-17 13:00:00,0.0,0.0,2335.5333333333333,1546.6333845041615,267.8666666666667,267.93333333333334,0.20000000000000004,0.0
2025-09-17 13:30:00,0.0,0.0,2335.733333333333,1546.633384357646,268.0,268.2,0.20000000000000004,0.0
2025-09-17 14:00:00,0.0,0.0,2336.6,1546.6333786136238,268.0,268.2,0.2333333333333333,0.0
2025-09-17 14:30:00,0.0,0.0,2336.2000000000003,1546.633384322249,268.0,268.23333333333335,0.20000000000000004,0.0
2025-09-17 15:00:00,0.0,0.0,2337.5666666666666,1546.6333842811316,268.0,268.1333333333333,0.20000000000000004,0.0
2025-09-17 15:30:00,0.0,0.0,2339.5666666666666,1546.6333841433743,268.0,268.23333333333335,0.20000000000000004,0.0
2025-09-17 16:00:00,0.0,0.0,2340.6666666666665,1546.6333840956738,268.0,268.2,0.20000000000000004,0.0
2025-09-17 16:30:00,0.0,0.0,2341.4333333333334,1546.6333840195718,268.06666666666666,268.23333333333335,0.20000000000000004,0.0
2025-09-17 17:00:00,0.0,0.0,2342.4666666666667,1546.6333840007144,268.0,268.2,0.20000000000000004,0.0
2025-09-17 17:30:00,0.0,0.0,2342.9666666666667,1546.6333783375392,268.0,268.2,0.2333333333333333,0.0
2025-09-17 18:00:00,0.0,0.0,2342.7000000000003,1546.6333783437615,268.0,268.2,0.2333333333333333,0.0
2025-09-17 18:30:00,0.0,0.0,2343.4666666666667,1546.6333839481213,268.0,268.2,0.20000000000000004,0.0
2025-09-17 19:00:00,0.0,0.0,2343.6,1546.633383941131,268.0,268.2,0.20000000000000004,0.0
2025-09-17 19:30:00,0.0,0.0,2344.0333333333333,1546.6333838976673,268.0,268.26666666666665,0.20000000000000004,0.0
2025-09-17 20:00:00,0.0,0.0,2343.633333333333,1546.6333839394586,268.0,268.2,0.20000000000000004,0.0
2025-09-17 20:30:00,0.0,0.0,2344.2999999999997,1546.633383904384,268.0,268.2,0.20000000000000004,0.0
2025-09-17 21:00:00,0.0,0.0,2312.266666666667,1546.6333857870616,267.93333333333334,268.1333333333333,0.20000000000000004,0.0
2025-09-17 21:30:00,0.0,0.0,2073.8333333333335,1546.6334040895247,268.1666666666667,268.26666666666665,0.20000000000000004,0.0
2025-09-17 22:00:00,0.0,0.0,1917.6333333333332,1546.6334231852486,268.5,268.6333333333333,0.20000000000000004,0.0
2025-09-17 22:30:00,0.0,0.0,1905.5333333333335,1546.6334107617367,268.56666666666666,268.7,0.2333333333333333,0.0
2025-09-17 23:00:00,0.0,0.0,1923.5666666666666,1546.6334217497772,268.7,268.7,0.20000000000000004,0.0
2025-09-17 23:30:00,0.0,0.0,1944.3333333333333,1546.6334184905593,268.7,268.76666666666665,0.20000000000000004,0.0
2025-09-18 00:00:00,0.0,0.0,1956.3333333333333,1546.6333916203778,268.7,268.8333333333333,0.26666666666666666,0.0
2025-09-18 00:30:00,0.0,0.0,1966.3,1546.6334152299678,268.7,268.9,0.20000000000000004,0.0
2025-09-18 01:00:00,0.0,0.0,1983.5333333333335,1546.6334129791273,268.7,268.8333333333333,0.20000000000000004,0.0
2025-09-18 01:30:00,0.0,0.0,1999.4666666666665,1546.6334110638634,268.6333333333333,268.76666666666665,0.20000000000000004,0.0
2025-09-18 02:00:00,0.0,0.0,2014.3666666666668,1546.6334092524376,268.7,268.7,0.20000000000000004,0.0
2025-09-18 02:30:00,0.0,0.0,2028.8666666666668,1546.6334075751959,268.7,268.7,0.20000000000000004,0.0
2025-09-18 03:00:00,0.0,0.0,2042.6333333333332,1546.6334061032985,268.6333333333333,268.7,0.20000000000000004,0.0
2025-09-18 03:30:00,0.0,0.0,2055.4333333333334,1546.6334048393558,268.5,268.7,0.20000000000000004,0.0
2025-09-18 04:00:00,0.0,0.0,2068.2000000000003,1546.6334035253692,268.5,268.7,0.20000000000000004,0.0
2025-09-18 04:30:00,0.0,0.0,2079.6,1546.6333931275374,268.5,268.7,0.2333333333333333,0.0
2025-09-18 05:00:00,0.0,0.0,2089.4333333333334,1546.6334014431368,268.5,268.7,0.20000000000000004,0.0
2025-09-18 05:30:00,0.0,0.0,2097.7999999999997,1546.6334006564637,268.5,268.7,0.20000000000000004,0.0
2025-09-18 06:00:00,0.0,0.0,2106.9666666666667,1546.6333998149632,268.5,268.7,0.20000000000000004,0.0
2025-09-18 06:30:00,0.0,0.0,2114.1666666666665,1546.6333905613712,268.5,268.7,0.2333333333333333,0.0
2025-09-18 07:00:00,0.0,0.0,2121.7666666666664,1546.6333985000317,268.5,268.7,0.20000000000000004,0.0
2025-09-18 07:30:00,0.0,0.0,2128.633333333333,1546.6333978737384,268.5,268.76666666666665,0.20000000000000004,0.0
2025-09-18 08:00:00,0.0,0.0,2136.5,1546.6333973078608,268.5,268.56666666666666,0.20000000000000004,0.0
2025-09-18 08:30:00,0.0,0.0,2143.366666666667,1546.633396769537,268.5,268.5,0.20000000000000004,0.0
2025-09-18 09:00:00,0.0,0.0,2150.2999999999997,1546.6333961386863,268.5,268.6333333333333,0.20000000000000004,0.0
2025-09-18 09:30:00,0.0,0.0,2156.266666666667,1546.6333956281135,268.5,268.7,0.20000000000000004,0.0
2025-09-18 10:00:00,0.0,0.0,2162.7999999999997,1546.6333795355167,268.5,268.56666666666666,0.26666666666666666,0.0
2025-09-18 10:30:00,0.0,0.0,2169.0,1546.633394631048,268.5,268.7,0.20000000000000004,0.0
2025-09-18 11:00:00,0.0,0.0,2173.7999999999997,1546.6333865894576,268.5,268.7,0.2333333333333333,0.0
2025-09-18 11:30:00,0.0,0.0,2180.2000000000003,1546.6333864182677,268.3,268.5,0.2333333333333333,0.0
2025-09-18 12:00:00,0.0,0.0,2184.366666666667,1546.6333861298772,268.3,268.5,0.2333333333333333,0.0
2025-09-18 12:30:00,0.0,0.0,2189.4333333333334,1546.6333932305095,268.3,268.6333333333333,0.20000000000000004,0.0
2025-09-18 13:00:00,0.0,0.0,2194.3333333333335,1546.633392929474,268.3,268.5,0.20000000000000004,0.0
2025-09-18 13:30:00,0.0,0.0,2198.9666666666667,1543.2004111594767,268.3,268.5,0.16666666666666666,0.0
2025-09-18 14:00:00,0.0,0.0,2203.933333333333,1546.6333922384258,268.3,268.5,0.20000000000000004,0.0
2025-09-18 14:30:00,0.0,0.0,2208.6,1546.6333919083233,268.3,268.5,0.20000000000000004,0.0
2025-09-18 15:00:00,0.0,0.0,2214.5666666666666,1546.6333914582844,268.3666666666667,268.5,0.20000000000000004,0.0
2025-09-18 15:30:00,0.0,0.0,2219.933333333333,1546.6333911217491,268.3,268.5,0.20000000000000004,0.0
2025-09-18 16:00:00,0.0,0.0,2222.7000000000003,1546.6333909328412,268.3,268.5,0.20000000000000004,0.0
2025-09-18 16:30:00,0.0,0.0,2227.133333333333,1546.6333906859893,268.3,268.3666666666667,0.20000000000000004,0.0
2025-09-18 17:00:00,0.0,0.0,2231.6666666666665,1546.6333904081819,268.3,268.3,0.20000000000000004,0.0
2025-09-18 17:30:00,0.0,0.0,2234.566666666667,1546.6333901629826,268.3,268.43333333333334,0.20000000000000004,0.0
2025-09-18 18:00:00,0.0,0.0,2240.4,1543.200391670959,268.3,268.5,0.16666666666666666,0.0
2025-09-18 18:30:00,0.0,0.0,2245.1,1546.6333693998604,268.3,268.5,0.3,0.0
2025-09-18 19:00:00,0.0,0.0,2248.933333333333,1546.6333892676423,268.26666666666665,268.3666666666667,0.20000000000000004,0.0
2025-09-18 19:30:00,0.0,0.0,2251.866666666667,1546.6333890955068,268.23333333333335,268.3666666666667,0.20000000000000004,0.0
2025-09-18 20:00:00,0.0,0.0,2255.1,1546.633382330473,268.26666666666665,268.3,0.2333333333333333,0.0
2025-09-18 20:30:00,0.0,0.0,2258.4666666666667,1546.633388692695,268.2,268.3666666666667,0.20000000000000004,0.0
2025-09-18 21:00:00,0.0,0.0,2261.0666666666666,1546.633388554497,268.2,268.3,0.20000000000000004,0.0
2025-09-18 21:30:00,0.0,0.0,2264.5333333333333,1546.6333754198356,268.2,268.3,0.26666666666666666,0.0
2025-09-18 22:00:00,0.0,0.0,2267.4,1543.2003802255174,268.2,268.3,0.16666666666666666,0.0
2025-09-18 22:30:00,0.0,0.0,2271.133333333333,1546.6333879322108,268.2,268.3,0.20000000000000004,0.0
2025-09-18 23:00:00,0.0,0.0,2274.4,1546.633387733161,268.2,268.3,0.20000000000000004,0.0
2025-09-18 23:30:00,0.0,0.0,2275.5333333333333,1546.6333876645115,268.2,268.3,0.20000000000000004,0.0
2025-09-19 00:00:00,0.0,0.0,2277.8333333333335,1546.6333749222988,268.2,268.2,0.26666666666666666,0.0
2025-09-19 00:30:00,0.0,0.0,2280.133333333333,1546.6333873992978,268.2,268.26666666666665,0.20000000000000004,0.0
2025-09-19 01:00:00,0.0,0.0,2281.9,1546.6333872936127,268.2,268.26666666666665,0.20000000000000004,0.0
2025-09-19 01:30:00,0.0,0.0,2284.7999999999997,1546.6333871093457,268.2,268.3,0.20000000000000004,0.0
2025-09-19 02:00:00,0.0,0.0,2287.1666666666665,1546.6333869810471,268.2,268.26666666666665,0.20000000000000004,0.0
2025-09-19 02:30:00,0.0,0.0,2289.633333333333,1546.6333868358226,268.2,268.26666666666665,0.20000000000000004,0.0
2025-09-19 03:00:00,0.0,0.0,2291.1666666666665,1546.6333867460005,268.2,268.26666666666665,0.20000000000000004,0.0
2025-09-19 03:30:00,0.0,0.0,2292.4666666666667,1546.6333805461545,268.1333333333333,268.26666666666665,0.2333333333333333,0.0
2025-09-19 04:00:00,0.0,0.0,2294.5333333333333,1546.6333804358512,268.2,268.2,0.2333333333333333,0.0
2025-09-19 04:30:00,0.0,0.0,2296.4666666666667,1546.6333803399475,268.2,268.23333333333335,0.2333333333333333,0.0
2025-09-19 05:00:00,0.0,0.0,2298.6666666666665,1546.6333863222262,268.2,268.23333333333335,0.20000000000000004,0.0
2025-09-19 05:30:00,0.0,0.0,2300.9,1546.633386171312,268.2,268.3,0.20000000000000004,0.0
2025-09-19 06:00:00,0.0,0.0,2302.7000000000003,1546.63338005437,268.2,268.26666666666665,0.2333333333333333,0.0
2025-09-19 06:30:00,0.0,0.0,2304.6666666666665,1546.6333859790004,268.2,268.23333333333335,0.20000000000000004,0.0
2025-09-19 07:00:00,0.0,0.0,2306.633333333333,1546.6333858562632,268.2,268.26666666666665,0.20000000000000004,0.0
2025-09-19 07:30:00,0.0,0.0,2308.5666666666666,1546.6333857471343,268.2,268.26666666666665,0.20000000000000004,0.0
2025-09-19 08:00:00,0.0,0.0,2309.933333333333,1546.6333856591643,268.2,268.3,0.20000000000000004,0.0
2025-09-19 08:30:00,0.0,0.0,2312.0333333333333,1546.6333856014242,268.1333333333333,268.2,0.20000000000000004,0.0
2025-09-19 09:00:00,0.0,0.0,2313.2333333333336,1546.6333855499663,268.06666666666666,268.23333333333335,0.20000000000000004,0.0
2025-09-19 09:30:00,0.0,0.0,2315.2000000000003,1546.6333854778725,268.0,268.2,0.20000000000000004,0.0
2025-09-19 10:00:00,0.0,0.0,2316.433333333333,1546.6333853232452,268.1333333333333,268.3,0.20000000000000004,0.0
2025-09-19 10:30:00,0.0,0.0,2318.1,1546.633385294821,268.0,268.26666666666665,0.20000000000000004,0.0
2025-09-19 11:00:00,0.0,0.0,2319.6,1546.6333852228047,268.0,268.23333333333335,0.20000000000000004,0.0
2025-09-19 11:30:00,0.0,0.0,2320.5333333333333,1546.6333851822037,268.0,268.2,0.20000000000000004,0.0
2025-09-19 12:00:00,0.0,0.0,2321.0333333333333,1546.6333851546615,268.0,268.2,0.20000000000000004,0.0
2025-09-19 12:30:00,0.0,0.0,2322.4,1539.76733412426,268.0,268.2,0.13333333333333333,0.0
2025-09-19 13:00:00,0.0,0.0,2324.1,1546.6333849601988,268.06666666666666,268.2,0.20000000000000004,0.0
2025-09-19 13:30:00,0.0,0.0,2325.7999999999997,1546.633384882759,268.0,268.23333333333335,0.20000000000000004,0.0
2025-09-19 14:00:00,0.0,0.0,2327.1666666666665,1546.633384808385,268.0,268.23333333333335,0.20000000000000004,0.0
2025-09-19 14:30:00,0.0,0.0,2327.3333333333335,1546.6333848315533,268.0,268.1333333333333,0.20000000000000004,0.0
2025-09-19 15:00:00,0.0,0.0,2322.6666666666665,1539.7673332416296,268.0,268.2,0.13333333333333333,0.0
2025-09-19 15:30:00,0.0,0.0,2324.4333333333334,1546.633384957342,268.0,268.23333333333335,0.20000000000000004,0.0
2025-09-19 16:00:00,0.0,0.0,2327.7999999999997,1546.6333789644484,268.0,268.3,0.2333333333333333,0.0
2025-09-19 16:30:00,0.0,0.0,2329.0,1546.6333846983205,268.0,268.26666666666665,0.20000000000000004,0.0
2025-09-19 17:00:00,0.0,0.0,2330.233333333333,1543.200356485256,268.0,268.2,0.16666666666666666,0.0
2025-09-19 17:30:00,0.0,0.0,2328.9666666666667,1546.6333847214667,268.0,268.2,0.20000000000000004,0.0
2025-09-19 18:00:00,0.0,0.0,2334.7,1546.6333844139049,268.0,268.2,0.2,0.0
2025-09-19 18:30:00,,,,,,,,
2025-09-19 19:00:00,0.0,0.0,2340.1,1546.6333840186303,268.2,268.3,0.2,0.0
2025-09-19 19:30:00,,,,,,,,
2025-09-19 20:00:00,,,,,,,,
2025-09-19 20:30:00,,,,,,,,
2025-09-19 21:00:00,,,,,,,,
2025-09-19 21:30:00,,,,,,,,
2025-09-19 22:00:00,0.0,0.0,2340.6,1546.6333840991579,268.0,268.2,0.2,0.0
2025-09-19 22:30:00,,,,,,,,
2025-09-19 23:00:00,,,,,,,,
2025-09-19 23:30:00,,,,,,,,
2025-09-20 00:00:00,,,,,,,,
2025-09-20 00:30:00,,,,,,,,
2025-09-20 01:00:00,,,,,,,,
2025-09-20 01:30:00,,,,,,,,
2025-09-20 02:00:00,,,,,,,,
2025-09-20 02:30:00,,,,,,,,
2025-09-20 03:00:00,,,,,,,,
2025-09-20 03:30:00,,,,,,,,
2025-09-20 04:00:00,0.0,0.0,2343.4,1546.6333839516228,268.0,268.2,0.2,0.0
2025-09-20 04:30:00,,,,,,,,
2025-09-20 05:00:00,,,,,,,,
2025-09-20 05:30:00,,,,,,,,
2025-09-20 06:00:00,,,,,,,,
2025-09-20 06:30:00,,,,,,,,
2025-09-20 07:00:00,0.0,0.0,2353.4,1546.6333834316395,268.0,268.2,0.2,0.0
2025-09-20 07:30:00,,,,,,,,
2025-09-20 08:00:00,,,,,,,,
2025-09-20 08:30:00,,,,,,,,
2025-09-20 09:00:00,,,,,,,,
2025-09-20 09:30:00,,,,,,,,
2025-09-20 10:00:00,0.0,0.0,2358.9,1546.6333832105227,268.0,268.0,0.2,0.0
2025-09-20 10:30:00,,,,,,,,
2025-09-20 11:00:00,,,,,,,,
2025-09-20 11:30:00,,,,,,,,
2025-09-20 12:00:00,,,,,,,,
2025-09-20 12:30:00,,,,,,,,
2025-09-20 13:00:00,0.0,0.0,2363.5,1546.6333829769712,268.0,268.0,0.2,0.0
2025-09-20 13:30:00,,,,,,,,
2025-09-20 14:00:00,,,,,,,,
2025-09-20 14:30:00,,,,,,,,
2025-09-20 15:00:00,,,,,,,,
2025-09-20 15:30:00,,,,,,,,
2025-09-20 16:00:00,,,,,,,,
2025-09-20 16:30:00,,,,,,,,
2025-09-20 17:00:00,,,,,,,,
2025-09-20 17:30:00,,,,,,,,
2025-09-20 18:00:00,,,,,,,,
2025-09-20 18:30:00,,,,,,,,
2025-09-20 19:00:00,0.0,0.0,2370.6,1546.6333826922892,267.8,268.0,0.2,0.0
2025-09-20 19:30:00,,,,,,,,
2025-09-20 20:00:00,,,,,,,,
2025-09-20 20:30:00,,,,,,,,
2025-09-20 21:00:00,,,,,,,,
2025-09-20 21:30:00,,,,,,,,
2025-09-20 22:00:00,0.0,0.0,2371.3,1546.633382598329,267.8,268.2,0.2,0.0
2025-09-20 22:30:00,,,,,,,,
2025-09-20 23:00:00,,,,,,,,
2025-09-20 23:30:00,,,,,,,,
2025-09-21 00:00:00,,,,,,,,
2025-09-21 00:30:00,,,,,,,,
2025-09-21 01:00:00,0.0,0.0,2376.8,1546.6333663444295,267.8,268.0,0.3,0.0
2025-09-21 01:30:00,,,,,,,,
2025-09-21 02:00:00,,,,,,,,
2025-09-21 02:30:00,,,,,,,,
2025-09-21 03:00:00,,,,,,,,
2025-09-21 03:30:00,,,,,,,,
2025-09-21 04:00:00,0.0,0.0,2381.3,1536.3342528878934,267.8,268.2,0.1,0.0
2025-09-21 04:30:00,,,,,,,,
2025-09-21 05:00:00,,,,,,,,
2025-09-21 05:30:00,,,,,,,,
2025-09-21 06:00:00,,,,,,,,
2025-09-21 06:30:00,,,,,,,,
2025-09-21 07:00:00,,,,,,,,
2025-09-21 07:30:00,,,,,,,,
2025-09-21 08:00:00,,,,,,,,
2025-09-21 08:30:00,,,,,,,,
2025-09-21 09:00:00,,,,,,,,
2025-09-21 09:30:00,,,,,,,,
2025-09-21 10:00:00,0.0,0.0,2379.3,1546.633382261462,267.8,268.0,0.2,0.0
2025-09-21 10:30:00,,,,,,,,
2025-09-21 11:00:00,,,,,,,,
2025-09-21 11:30:00,,,,,,,,
2025-09-21 12:00:00,,,,,,,,
2025-09-21 12:30:00,,,,,,,,
2025-09-21 13:00:00,0.0,0.0,2382.4,1546.633382109761,267.8,268.0,0.2,0.0
2025-09-21 13:30:00,,,,,,,,
2025-09-21 14:00:00,,,,,,,,
2025-09-21 14:30:00,,,,,,,,
2025-09-21 15:00:00,,,,,,,,
2025-09-21 15:30:00,,,,,,,,
2025-09-21 16:00:00,0.0,0.0,2386.8,1546.6333661224817,267.8,268.0,0.3,0.0
2025-09-21 16:30:00,,,,,,,,
2025-09-21 17:00:00,,,,,,,,
2025-09-21 17:30:00,,,,,,,,
2025-09-21 18:00:00,,,,,,,,
2025-09-21 18:30:00,,,,,,,,
2025-09-21 19:00:00,,,,,,,,
2025-09-21 19:30:00,,,,,,,,
2025-09-21 20:00:00,,,,,,,,
2025-09-21 20:30:00,,,,,,,,
2025-09-21 21:00:00,,,,,,,,
2025-09-21 21:30:00,,,,,,,,
2025-09-21 22:00:00,0.0,0.0,2391.0,1546.6333816937952,267.8,268.0,0.2,0.0
2025-09-21 22:30:00,,,,,,,,
2025-09-21 23:00:00,,,,,,,,
2025-09-21 23:30:00,,,,,,,,
2025-09-22 00:00:00,,,,,,,,
2025-09-22 00:30:00,,,,,,,,
2025-09-22 01:00:00,0.0,0.0,2394.8,1546.6333815122478,267.8,268.0,0.2,0.0
2025-09-22 01:30:00,,,,,,,,
2025-09-22 02:00:00,,,,,,,,
2025-09-22 02:30:00,,,,,,,,
2025-09-22 03:00:00,,,,,,,,
2025-09-22 03:30:00,,,,,,,,
2025-09-22 04:00:00,0.0,0.0,2396.8,1546.633381417243,267.8,268.0,0.2,0.0
2025-09-22 04:30:00,,,,,,,,
2025-09-22 05:00:00,,,,,,,,
2025-09-22 05:30:00,,,,,,,,
2025-09-22 06:00:00,,,,,,,,
2025-09-22 06:30:00,0.0,0.0,2398.6,1546.633381332058,267.8,268.0,0.2,0.0
2025-09-22 07:00:00,0.0,0.0,2399.5,1536.3342376549651,267.8,268.0,0.1,0.0
2025-09-22 07:30:00,,,,,,,,
2025-09-22 08:00:00,,,,,,,,
2025-09-22 08:30:00,,,,,,,,
2025-09-22 09:00:00,,,,,,,,
2025-09-22 09:30:00,,,,,,,,
2025-09-22 10:00:00,0.0,0.0,2396.0,1546.6333814551995,267.8,268.0,0.2,0.0
2025-09-22 10:30:00,,,,,,,,
2025-09-22 11:00:00,,,,,,,,
2025-09-22 11:30:00,,,,,,,,
2025-09-22 12:00:00,,,,,,,,
2025-09-22 12:30:00,,,,,,,,
2025-09-22 13:00:00,0.0,0.0,2397.8,1546.6333814940963,267.6,267.8,0.2,0.0
2025-09-22 13:30:00,,,,,,,,
2025-09-22 14:00:00,,,,,,,,
2025-09-22 14:30:00,,,,,,,,
2025-09-22 15:00:00,,,,,,,,
2025-09-22 15:30:00,,,,,,,,
2025-09-22 16:00:00,0.0,0.0,2400.6,1546.633381237762,267.8,268.0,0.2,0.0
2025-09-22 16:30:00,,,,,,,,
2025-09-22 17:00:00,,,,,,,,
2025-09-22 17:30:00,,,,,,,,
2025-09-22 18:00:00,,,,,,,,
2025-09-22 18:30:00,,,,,,,,
2025-09-22 19:00:00,0.0,0.0,2403.6,1536.3342363525196,267.6,267.8,0.1,0.0
2025-09-22 19:30:00,,,,,,,,
2025-09-22 20:00:00,,,,,,,,
2025-09-22 20:30:00,,,,,,,,
2025-09-22 21:00:00,,,,,,,,
2025-09-22 21:30:00,,,,,,,,
2025-09-22 22:00:00,0.0,0.0,2406.4,1546.6333810331982,267.6,268.0,0.2,0.0
2025-09-22 22:30:00,,,,,,,,
2025-09-22 23:00:00,,,,,,,,
2025-09-22 23:30:00,,,,,,,,
2025-09-23 00:00:00,,,,,,,,
2025-09-23 00:30:00,,,,,,,,
2025-09-23 01:00:00,0.0,0.0,2407.1,1536.3342332903912,267.6,267.8,0.1,0.0
2025-09-23 01:30:00,,,,,,,,
2025-09-23 02:00:00,,,,,,,,
2025-09-23 02:30:00,,,,,,,,
2025-09-23 03:00:00,,,,,,,,
2025-09-23 03:30:00,,,,,,,,
2025-09-23 04:00:00,0.0,0.0,2408.2,1546.6333810044964,267.6,267.8,0.2,0.0
2025-09-23 04:30:00,,,,,,,,
2025-09-23 05:00:00,,,,,,,,
2025-09-23 05:30:00,,,,,,,,
2025-09-23 06:00:00,,,,,,,,
2025-09-23 06:30:00,,,,,,,,
2025-09-23 07:00:00,0.0,0.0,2404.9,1546.6333811587685,267.6,267.8,0.2,0.0
2025-09-23 07:30:00,,,,,,,,
2025-09-23 08:00:00,,,,,,,,
2025-09-23 08:30:00,,,,,,,,
2025-09-23 09:00:00,,,,,,,,
2025-09-23 09:30:00,,,,,,,,
2025-09-23 10:00:00,0.0,0.0,2404.8,1546.633381163459,267.6,267.8,0.2,0.0
2025-09-23 10:30:00,,,,,,,,
2025-09-23 11:00:00,,,,,,,,
2025-09-23 11:30:00,,,,,,,,
2025-09-23 12:00:00,,,,,,,,
2025-09-23 12:30:00,,,,,,,,
2025-09-23 13:00:00,0.0,0.0,2409.2,1546.6333809579435,267.6,267.8,0.2,0.0
2025-09-23 13:30:00,,,,,,,,
2025-09-23 14:00:00,,,,,,,,
2025-09-23 14:30:00,,,,,,,,
2025-09-23 15:00:00,,,,,,,,
2025-09-23 15:30:00,,,,,,,,
2025-09-23 16:00:00,0.0,0.0,2404.7,1536.3342353878934,267.6,267.8,0.1,0.0
2025-09-23 16:30:00,,,,,,,,
2025-09-23 17:00:00,,,,,,,,
2025-09-23 17:30:00,,,,,,,,
2025-09-23 18:00:00,,,,,,,,
2025-09-23 18:30:00,,,,,,,,
2025-09-23 19:00:00,0.0,0.0,2409.6,1546.6333809393475,267.6,267.8,0.2,0.0
2025-09-23 19:30:00,,,,,,,,
2025-09-23 20:00:00,,,,,,,,
2025-09-23 20:30:00,,,,,,,,
2025-09-23 21:00:00,,,,,,,,
2025-09-23 21:30:00,,,,,,,,
2025-09-23 22:00:00,0.0,0.0,2412.8,1546.6333807911035,267.6,267.8,0.2,0.0
2025-09-23 22:30:00,,,,,,,,
2025-09-23 23:00:00,,,,,,,,
2025-09-23 23:30:00,,,,,,,,
2025-09-24 00:00:00,,,,,,,,
2025-09-24 00:30:00,,,,,,,,
2025-09-24 01:00:00,0.0,0.0,2415.0,1546.6333806897196,267.6,267.8,0.2,0.0
2025-09-24 01:30:00,,,,,,,,
2025-09-24 02:00:00,,,,,,,,
2025-09-24 02:30:00,,,,,,,,
2025-09-24 03:00:00,,,,,,,,
2025-09-24 03:30:00,,,,,,,,
2025-09-24 04:00:00,0.0,0.0,2415.5,1536.3342260253312,267.6,267.8,0.1,0.0
2025-09-24 04:30:00,,,,,,,,
2025-09-24 05:00:00,,,,,,,,
2025-09-24 05:30:00,,,,,,,,
2025-09-24 06:00:00,,,,,,,,
2025-09-24 06:30:00,,,,,,,,
2025-09-24 07:00:00,0.0,0.0,2417.3,1536.334225711502,267.4,267.8,0.1,0.0
2025-09-24 07:30:00,,,,,,,,
2025-09-24 08:00:00,,,,,,,,
2025-09-24 08:30:00,,,,,,,,
2025-09-24 09:00:00,,,,,,,,
2025-09-24 09:30:00,,,,,,,,
2025-09-24 10:00:00,0.0,0.0,2415.8,1546.6333806529603,267.6,267.8,0.2,0.0
2025-09-24 10:30:00,,,,,,,,
2025-09-24 11:00:00,,,,,,,,
2025-09-24 11:30:00,,,,,,,,
2025-09-24 12:00:00,,,,,,,,
2025-09-24 12:30:00,,,,,,,,
2025-09-24 13:00:00,0.0,0.0,2416.9,1546.6333807227827,267.4,267.6,0.2,0.0
2025-09-24 13:30:00,,,,,,,,
2025-09-24 14:00:00,,,,,,,,
2025-09-24 14:30:00,,,,,,,,
2025-09-24 15:00:00,,,,,,,,
2025-09-24 15:30:00,,,,,,,,
2025-09-24 16:00:00,0.0,0.0,2419.7,1546.633380528606,267.6,267.6,0.2,0.0
2025-09-24 16:30:00,,,,,,,,
2025-09-24 17:00:00,,,,,,,,
2025-09-24 17:30:00,,,,,,,,
2025-09-24 18:00:00,,,,,,,,
2025-09-24 18:30:00,,,,,,,,
2025-09-24 19:00:00,0.0,0.0,2416.0,1546.6333807642634,267.4,267.6,0.2,0.0
2025-09-24 19:30:00,,,,,,,,
2025-09-24 20:00:00,,,,,,,,
2025-09-24 20:30:00,,,,,,,,
2025-09-24 21:00:00,,,,,,,,
2025-09-24 21:30:00,,,,,,,,
2025-09-24 22:00:00,0.0,0.0,2422.1,1546.6333804305973,267.4,267.8,0.2,0.0
2025-09-24 22:30:00,,,,,,,,
2025-09-24 23:00:00,,,,,,,,
2025-09-24 23:30:00,,,,,,,,
2025-09-25 00:00:00,,,,,,,,
2025-09-25 00:30:00,,,,,,,,
2025-09-25 01:00:00,0.0,0.0,2417.5,1546.6333806407533,267.4,267.8,0.2,0.0
2025-09-25 01:30:00,,,,,,,,
2025-09-25 02:00:00,,,,,,,,
2025-09-25 02:30:00,,,,,,,,
2025-09-25 03:00:00,,,,,,,,
2025-09-25 03:30:00,,,,,,,,
2025-09-25 04:00:00,0.0,0.0,2421.7,1536.334222963275,267.4,267.6,0.1,0.0
2025-09-25 04:30:00,,,,,,,,
2025-09-25 05:00:00,,,,,,,,
2025-09-25 05:30:00,,,,,,,,
2025-09-25 06:00:00,,,,,,,,
2025-09-25 06:30:00,,,,,,,,
2025-09-25 07:00:00,0.0,0.0,2418.0,1546.6333806721827,267.4,267.6,0.2,0.0
2025-09-25 07:30:00,,,,,,,,
2025-09-25 08:00:00,,,,,,,,
2025-09-25 08:30:00,,,,,,,,
2025-09-25 09:00:00,,,,,,,,
2025-09-25 09:30:00,,,,,,,,
2025-09-25 10:00:00,0.0,0.0,2421.3,1536.334222295417,267.4,267.8,0.1,0.0
2025-09-25 10:30:00,,,,,,,,
2025-09-25 11:00:00,,,,,,,,
2025-09-25 11:30:00,,,,,,,,
2025-09-25 12:00:00,,,,,,,,
2025-09-25 12:30:00,,,,,,,,
2025-09-25 13:00:00,0.0,0.0,2425.1,1546.6333803481639,267.4,267.6,0.2,0.0
2025-09-25 13:30:00,,,,,,,,
2025-09-25 14:00:00,,,,,,,,
2025-09-25 14:30:00,,,,,,,,
2025-09-25 15:00:00,,,,,,,,
2025-09-25 15:30:00,,,,,,,,
2025-09-25 16:00:00,0.0,0.0,2425.3,1546.6333803391008,267.4,267.6,0.2,0.0
2025-09-25 16:30:00,,,,,,,,
2025-09-25 17:00:00,,,,,,,,
2025-09-25 17:30:00,,,,,,,,
2025-09-25 18:00:00,,,,,,,,
2025-09-25 18:30:00,,,,,,,,
2025-09-25 19:00:00,0.0,0.0,2429.4,1546.6333801540748,267.4,267.6,0.2,0.0
2025-09-25 19:30:00,,,,,,,,
2025-09-25 20:00:00,,,,,,,,
2025-09-25 20:30:00,,,,,,,,
2025-09-25 21:00:00,,,,,,,,
2025-09-25 21:30:00,,,,,,,,
2025-09-25 22:00:00,0.0,0.0,2424.2,1536.334220838286,267.4,267.6,0.1,0.0
2025-09-25 22:30:00,,,,,,,,
2025-09-25 23:00:00,,,,,,,,
2025-09-25 23:30:00,,,,,,,,
2025-09-26 00:00:00,,,,,,,,
2025-09-26 00:30:00,,,,,,,,
2025-09-26 01:00:00,0.0,0.0,2427.3,1536.3342182173565,267.4,267.6,0.1,0.0
2025-09-26 01:30:00,,,,,,,,
2025-09-26 02:00:00,,,,,,,,
2025-09-26 02:30:00,,,,,,,,
2025-09-26 03:00:00,,,,,,,,
2025-09-26 03:30:00,,,,,,,,
2025-09-26 04:00:00,0.0,0.0,2425.4,1536.3342208250847,267.4,267.4,0.1,0.0
2025-09-26 04:30:00,,,,,,,,
2025-09-26 05:00:00,,,,,,,,
2025-09-26 05:30:00,,,,,,,,
2025-09-26 06:00:00,,,,,,,,
2025-09-26 06:30:00,,,,,,,,
2025-09-26 07:00:00,0.0,0.0,2426.9,1546.6333803202804,267.4,267.4,0.2,0.0
2025-09-26 07:30:00,,,,,,,,
2025-09-26 08:00:00,,,,,,,,
2025-09-26 08:30:00,,,,,,,,
2025-09-26 09:00:00,,,,,,,,
2025-09-26 09:30:00,,,,,,,,
2025-09-26 10:00:00,0.0,0.0,2426.6,1546.6333802802762,267.4,267.6,0.2,0.0
2025-09-26 10:30:00,,,,,,,,
2025-09-26 11:00:00,,,,,,,,
2025-09-26 11:30:00,,,,,,,,
2025-09-26 12:00:00,,,,,,,,
2025-09-26 12:30:00,,,,,,,,
2025-09-26 13:00:00,0.0,0.0,2424.9,1546.6333803572306,267.4,267.6,0.2,0.0
2025-09-26 13:30:00,,,,,,,,
2025-09-26 14:00:00,,,,,,,,
2025-09-26 14:30:00,,,,,,,,
2025-09-26 15:00:00,,,,,,,,
2025-09-26 15:30:00,,,,,,,,
2025-09-26 16:00:00,0.0,0.0,2426.6,1536.3342198087219,267.4,267.4,0.1,0.0
2025-09-26 16:30:00,,,,,,,,
2025-09-26 17:00:00,,,,,,,,
2025-09-26 17:30:00,,,,,,,,
2025-09-26 18:00:00,,,,,,,,
2025-09-26 18:30:00,,,,,,,,
2025-09-26 19:00:00,0.0,0.0,2428.1,1546.6333802125841,267.4,267.6,0.2,0.0
2025-09-26 19:30:00,,,,,,,,
2025-09-26 20:00:00,,,,,,,,
2025-09-26 20:30:00,,,,,,,,
2025-09-26 21:00:00,,,,,,,,
2025-09-26 21:30:00,,,,,,,,
2025-09-26 22:00:00,0.0,0.0,2429.2,1546.6333801953324,267.3,267.6,0.2,0.0
2025-09-26 22:30:00,,,,,,,,
2025-09-26 23:00:00,,,,,,,,
2025-09-26 23:30:00,,,,,,,,
2025-09-27 00:00:00,,,,,,,,
2025-09-27 00:30:00,,,,,,,,
2025-09-27 01:00:00,0.0,0.0,2428.6,1546.633380222366,267.3,267.6,0.2,0.0
2025-09-27 01:30:00,,,,,,,,
2025-09-27 02:00:00,,,,,,,,
2025-09-27 02:30:00,,,,,,,,
2025-09-27 03:00:00,,,,,,,,
2025-09-27 03:30:00,,,,,,,,
2025-09-27 04:00:00,0.0,0.0,2424.8,1546.6333803943053,267.3,267.6,0.2,0.0
2025-09-27 04:30:00,,,,,,,,
2025-09-27 05:00:00,,,,,,,,
2025-09-27 05:30:00,,,,,,,,
2025-09-27 06:00:00,,,,,,,,
2025-09-27 06:30:00,,,,,,,,
2025-09-27 07:00:00,0.0,0.0,2425.5,1546.6333803625375,267.3,267.6,0.2,0.0
2025-09-27 07:30:00,,,,,,,,
2025-09-27 08:00:00,,,,,,,,
2025-09-27 08:30:00,,,,,,,,
2025-09-27 09:00:00,,,,,,,,
2025-09-27 09:30:00,,,,,,,,
2025-09-27 10:00:00,0.0,0.0,2427.5,1546.6333802720085,267.3,267.6,0.2,0.0
2025-09-27 10:30:00,,,,,,,,
2025-09-27 11:00:00,,,,,,,,
2025-09-27 11:30:00,,,,,,,,
2025-09-27 12:00:00,,,,,,,,
2025-09-27 12:30:00,,,,,,,,
2025-09-27 13:00:00,0.0,0.0,2429.0,1546.6333802043403,267.3,267.6,0.2,0.0
2025-09-27 13:30:00,,,,,,,,
2025-09-27 14:00:00,,,,,,,,
2025-09-27 14:30:00,,,,,,,,
2025-09-27 15:00:00,,,,,,,,
2025-09-27 15:30:00,,,,,,,,
2025-09-27 16:00:00,0.0,0.0,2428.5,1546.6333653529366,267.3,267.6,0.3,0.0
2025-09-27 16:30:00,,,,,,,,
2025-09-27 17:00:00,,,,,,,,
2025-09-27 17:30:00,,,,,,,,
2025-09-27 18:00:00,,,,,,,,
2025-09-27 18:30:00,,,,,,,,
2025-09-27 19:00:00,0.0,0.0,2428.8,1546.633380213351,267.3,267.6,0.2,0.0
2025-09-27 19:30:00,,,,,,,,
2025-09-27 20:00:00,,,,,,,,
2025-09-27 20:30:00,,,,,,,,
2025-09-27 21:00:00,,,,,,,,
2025-09-27 21:30:00,,,,,,,,
2025-09-27 22:00:00,0.0,0.0,2430.5,1546.633380190129,267.3,267.4,0.2,0.0
2025-09-27 22:30:00,,,,,,,,
2025-09-27 23:00:00,,,,,,,,
2025-09-27 23:30:00,,,,,,,,
2025-09-28 00:00:00,,,,,,,,
2025-09-28 00:30:00,,,,,,,,
2025-09-28 01:00:00,0.0,0.0,2431.6,1546.6333801406595,267.3,267.4,0.2,0.0
2025-09-28 01:30:00,,,,,,,,
2025-09-28 02:00:00,,,,,,,,
2025-09-28 02:30:00,,,,,,,,
2025-09-28 03:00:00,,,,,,,,
2025-09-28 03:30:00,,,,,,,,
2025-09-28 04:00:00,0.0,0.0,2431.5,1546.6333801451524,267.3,267.4,0.2,0.0
2025-09-28 04:30:00,,,,,,,,
2025-09-28 05:00:00,,,,,,,,
2025-09-28 05:30:00,,,,,,,,
2025-09-28 06:00:00,,,,,,,,
2025-09-28 06:30:00,,,,,,,,
2025-09-28 07:00:00,0.0,0.0,2433.8,1546.633380042033,267.3,267.4,0.2,0.0
2025-09-28 07:30:00,0.0,0.0,2432.8,1546.6333800868117,267.3,267.4,0.2,0.0
2025-09-28 08:00:00,,,,,,,,
2025-09-28 08:30:00,,,,,,,,
2025-09-28 09:00:00,,,,,,,,
2025-09-28 09:30:00,,,,,,,,
2025-09-28 10:00:00,0.0,0.0,2433.3,1546.6333800644115,267.3,267.4,0.2,0.0
2025-09-28 10:30:00,,,,,,,,
2025-09-28 11:00:00,,,,,,,,
2025-09-28 11:30:00,,,,,,,,
2025-09-28 12:00:00,,,,,,,,
2025-09-28 12:30:00,,,,,,,,
2025-09-28 13:00:00,0.0,0.0,2433.3,1546.6333800644115,267.3,267.4,0.2,0.0
2025-09-28 13:30:00,,,,,,,,
2025-09-28 14:00:00,,,,,,,,
2025-09-28 14:30:00,,,,,,,,
2025-09-28 15:00:00,,,,,,,,
2025-09-28 15:30:00,,,,,,,,
2025-09-28 16:00:00,0.0,0.0,2433.6,1546.6333799980355,267.3,267.6,0.2,0.0
2025-09-28 16:30:00,,,,,,,,
2025-09-28 17:00:00,,,,,,,,
2025-09-28 17:30:00,,,,,,,,
2025-09-28 18:00:00,,,,,,,,
2025-09-28 18:30:00,,,,,,,,
2025-09-28 19:00:00,0.0,0.0,2434.1,1546.6333800286159,267.3,267.4,0.2,0.0
2025-09-28 19:30:00,,,,,,,,
2025-09-28 20:00:00,,,,,,,,
2025-09-28 20:30:00,,,,,,,,
2025-09-28 21:00:00,,,,,,,,
2025-09-28 21:30:00,,,,,,,,
2025-09-28 22:00:00,0.0,0.0,2435.1,1546.6333799839488,267.3,267.4,0.2,0.0
2025-09-28 22:30:00,,,,,,,,
2025-09-28 23:00:00,,,,,,,,
2025-09-28 23:30:00,,,,,,,,
2025-09-29 00:00:00,,,,,,,,
2025-09-29 00:30:00,,,,,,,,
2025-09-29 01:00:00,0.0,0.0,2432.6,1546.6333652669741,267.3,267.6,0.3,0.0
2025-09-29 01:30:00,,,,,,,,
2025-09-29 02:00:00,,,,,,,,
2025-09-29 02:30:00,,,,,,,,
2025-09-29 03:00:00,,,,,,,,
2025-09-29 03:30:00,,,,,,,,
2025-09-29 04:00:00,0.0,0.0,2434.8,1546.6333799973402,267.3,267.4,0.2,0.0
2025-09-29 04:30:00,,,,,,,,
2025-09-29 05:00:00,,,,,,,,
2025-09-29 05:30:00,,,,,,,,
2025-09-29 06:00:00,,,,,,,,
2025-09-29 06:30:00,,,,,,,,
2025-09-29 07:00:00,0.0,0.0,2435.1,1536.3342132728837,267.3,267.4,0.1,0.0
2025-09-29 07:30:00,,,,,,,,
2025-09-29 08:00:00,,,,,,,,
2025-09-29 08:30:00,,,,,,,,
2025-09-29 09:00:00,,,,,,,,
2025-09-29 09:30:00,,,,,,,,
2025-09-29 10:00:00,0.0,0.0,2433.6,1536.3342145250183,267.3,267.4,0.1,0.0
2025-09-29 10:30:00,,,,,,,,
2025-09-29 11:00:00,,,,,,,,
2025-09-29 11:30:00,,,,,,,,
2025-09-29 12:00:00,,,,,,,,
2025-09-29 12:30:00,,,,,,,,
2025-09-29 13:00:00,0.0,0.0,2436.0,1546.6333798911173,267.3,267.6,0.2,0.0
2025-09-29 13:30:00,,,,,,,,
2025-09-29 14:00:00,,,,,,,,
2025-09-29 14:30:00,,,,,,,,
2025-09-29 15:00:00,,,,,,,,
2025-09-29 15:30:00,,,,,,,,
2025-09-29 16:00:00,0.0,0.0,2435.0,1546.6333799884121,267.3,267.4,0.2,0.0
2025-09-29 16:30:00,,,,,,,,
2025-09-29 17:00:00,,,,,,,,
2025-09-29 17:30:00,,,,,,,,
2025-09-29 18:00:00,,,,,,,,
2025-09-29 18:30:00,,,,,,,,
2025-09-29 19:00:00,0.0,0.0,2435.8,1546.6333799527326,267.3,267.4,0.2,0.0
2025-09-29 19:30:00,,,,,,,,
2025-09-29 20:00:00,,,,,,,,
2025-09-29 20:30:00,,,,,,,,
2025-09-29 21:00:00,,,,,,,,
2025-09-29 21:30:00,,,,,,,,
2025-09-29 22:00:00,0.0,0.0,2436.5,1546.6333798689045,267.3,267.6,0.2,0.0
2025-09-29 22:30:00,,,,,,,,
2025-09-29 23:00:00,,,,,,,,
2025-09-29 23:30:00,,,,,,,,
2025-09-30 00:00:00,,,,,,,,
2025-09-30 00:30:00,,,,,,,,
2025-09-30 01:00:00,0.0,0.0,2437.7,1546.633379868213,267.3,267.4,0.2,0.0
2025-09-30 01:30:00,,,,,,,,
2025-09-30 02:00:00,,,,,,,,
2025-09-30 02:30:00,,,,,,,,
2025-09-30 03:00:00,,,,,,,,
2025-09-30 03:30:00,,,,,,,,
2025-09-30 04:00:00,0.0,0.0,2438.0,1546.633379881192,267.3,267.3,0.2,0.0
2025-09-30 04:30:00,,,,,,,,
2025-09-30 05:00:00,,,,,,,,
2025-09-30 05:30:00,,,,,,,,
2025-09-30 06:00:00,,,,,,,,
2025-09-30 06:30:00,,,,,,,,
2025-09-30 07:00:00,0.0,0.0,2438.8,1546.6333798830512,267.1,267.4,0.2,0.0
2025-09-30 07:30:00,,,,,,,,
2025-09-30 08:00:00,,,,,,,,
2025-09-30 08:30:00,,,,,,,,
2025-09-30 09:00:00,,,,,,,,
2025-09-30 09:30:00,,,,,,,,
2025-09-30 10:00:00,0.0,0.0,2439.0,1546.63337981056,267.3,267.4,0.2,0.0
2025-09-30 10:30:00,,,,,,,,
2025-09-30 11:00:00,,,,,,,,
2025-09-30 11:30:00,,,,,,,,
2025-09-30 12:00:00,,,,,,,,
2025-09-30 12:30:00,,,,,,,,
2025-09-30 13:00:00,0.0,0.0,2432.2,1546.6333801137205,267.3,267.4,0.2,0.0
2025-09-30 13:30:00,,,,,,,,
2025-09-30 14:00:00,,,,,,,,
2025-09-30 14:30:00,,,,,,,,
2025-09-30 15:00:00,,,,,,,,
2025-09-30 15:30:00,,,,,,,,
2025-09-30 16:00:00,0.0,0.0,2435.3,1536.334213106201,267.3,267.4,0.1,0.0
2025-09-30 16:30:00,,,,,,,,
2025-09-30 17:00:00,,,,,,,,
2025-09-30 17:30:00,,,,,,,,
2025-09-30 18:00:00,,,,,,,,
2025-09-30 18:30:00,,,,,,,,
2025-09-30 19:00:00,0.0,0.0,2436.5,1546.633379921558,267.3,267.4,0.2,0.0
2025-09-30 19:30:00,,,,,,,,
2025-09-30 20:00:00,,,,,,,,
2025-09-30 20:30:00,,,,,,,,
2025-09-30 21:00:00,,,,,,,,
2025-09-30 21:30:00,,,,,,,,
2025-09-30 22:00:00,0.0,0.0,2438.9,1546.63337981499,267.3,267.4,0.2,0.0
2025-09-30 22:30:00,,,,,,,,
2025-09-30 23:00:00,,,,,,,,
2025-09-30 23:30:00,,,,,,,,
2025-10-01 00:00:00,,,,,,,,
2025-10-01 00:30:00,,,,,,,,
2025-10-01 01:00:00,0.0,0.0,2437.7,1546.6333799319775,267.1,267.4,0.2,0.0
2025-10-01 01:30:00,0.0,0.0,2438.6,1546.6333798282842,267.3,267.4,0.2,0.0
2025-10-01 02:00:00,0.0,0.0,2439.5,1546.6333798782625,267.1,267.3,0.2,0.0
2025-10-01 02:30:00,,,,,,,,
2025-10-01 03:00:00,,,,,,,,
2025-10-01 03:30:00,,,,,,,,
2025-10-01 04:00:00,0.0,0.0,2439.6,1546.633379847533,267.1,267.4,0.2,0.0
2025-10-01 04:30:00,,,,,,,,
2025-10-01 05:00:00,,,,,,,,
2025-10-01 05:30:00,,,,,,,,
2025-10-01 06:00:00,,,,,,,,
2025-10-01 06:30:00,,,,,,,,
2025-10-01 07:00:00,0.0,0.0,2439.9,1546.6333798342275,267.1,267.4,0.2,0.0
2025-10-01 07:30:00,,,,,,,,
2025-10-01 08:00:00,,,,,,,,
2025-10-01 08:30:00,,,,,,,,
2025-10-01 09:00:00,,,,,,,,
2025-10-01 09:30:00,,,,,,,,
2025-10-01 10:00:00,0.0,0.0,2444.2,1546.6333796704089,267.1,267.3,0.2,0.0
2025-10-01 10:30:00,,,,,,,,
2025-10-01 11:00:00,0.0,0.0,2441.4,1546.6333797940124,267.1,267.3,0.2,0.0
2025-10-01 11:30:00,,,,,,,,
2025-10-01 12:00:00,,,,,,,,
2025-10-01 12:30:00,,,,,,,,
2025-10-01 13:00:00,0.0,0.0,2448.4,1546.6333794862317,267.1,267.3,0.2,0.0
2025-10-01 13:30:00,,,,,,,,
2025-10-01 14:00:00,,,,,,,,
2025-10-01 14:30:00,,,,,,,,
2025-10-01 15:00:00,,,,,,,,
2025-10-01 15:30:00,,,,,,,,
2025-10-01 16:00:00,0.0,0.0,2445.1,1546.6333796308186,267.1,267.3,0.2,0.0
2025-10-01 16:30:00,,,,,,,,
2025-10-01 17:00:00,,,,,,,,
2025-10-01 17:30:00,,,,,,,,
2025-10-01 18:00:00,,,,,,,,
2025-10-01 18:30:00,,,,,,,,
2025-10-01 19:00:00,0.0,0.0,2443.0,1546.6333797233015,267.1,267.3,0.2,0.0
2025-10-01 19:30:00,,,,,,,,
2025-10-01 20:00:00,,,,,,,,
2025-10-01 20:30:00,,,,,,,,
2025-10-01 21:00:00,,,,,,,,
2025-10-01 21:30:00,,,,,,,,
2025-10-01 22:00:00,0.0,0.0,2442.9,1546.6333797015914,267.1,267.4,0.2,0.0
2025-10-01 22:30:00,,,,,,,,
2025-10-01 23:00:00,,,,,,,,
2025-10-01 23:30:00,,,,,,,,
2025-10-02 00:00:00,,,,,,,,
2025-10-02 00:30:00,,,,,,,,
2025-10-02 01:00:00,0.0,0.0,2440.3,1546.6333798427515,267.1,267.3,0.2,0.0
2025-10-02 01:30:00,,,,,,,,
2025-10-02 02:00:00,,,,,,,,
2025-10-02 02:30:00,,,,,,,,
2025-10-02 03:00:00,0.0,0.0,2439.7,1546.63337986938,267.1,267.3,0.2,0.0
2025-10-02 03:30:00,,,,,,,,
2025-10-02 04:00:00,0.0,0.0,2438.8,1546.633379883052,267.1,267.4,0.2,0.0
2025-10-02 04:30:00,,,,,,,,
2025-10-02 05:00:00,,,,,,,,
2025-10-02 05:30:00,,,,,,,,
2025-10-02 06:00:00,,,,,,,,
2025-10-02 06:30:00,,,,,,,,
2025-10-02 07:00:00,0.0,0.0,2435.2,1546.633380070067,267.1,267.3,0.2,0.0
2025-10-02 07:30:00,,,,,,,,
2025-10-02 08:00:00,,,,,,,,
2025-10-02 08:30:00,,,,,,,,
2025-10-02 09:00:00,,,,,,,,
2025-10-02 09:30:00,,,,,,,,
2025-10-02 10:00:00,0.0,0.0,2439.4,1536.3342113816507,267.1,267.3,0.1,0.0
2025-10-02 10:30:00,,,,,,,,
2025-10-02 11:00:00,,,,,,,,
2025-10-02 11:30:00,,,,,,,,
2025-10-02 12:00:00,,,,,,,,
2025-10-02 12:30:00,,,,,,,,
2025-10-02 13:00:00,0.0,0.0,2437.6,1546.6333799628192,267.1,267.3,0.2,0.0
2025-10-02 13:30:00,,,,,,,,
2025-10-02 14:00:00,,,,,,,,
2025-10-02 14:30:00,,,,,,,,
2025-10-02 15:00:00,,,,,,,,
2025-10-02 15:30:00,,,,,,,,
2025-10-02 16:00:00,0.0,0.0,2436.6,1546.6333800074458,267.1,267.3,0.2,0.0
2025-10-02 16:30:00,,,,,,,,
2025-10-02 17:00:00,,,,,,,,
2025-10-02 17:30:00,,,,,,,,
2025-10-02 18:00:00,,,,,,,,
2025-10-02 18:30:00,,,,,,,,
2025-10-02 19:00:00,0.0,0.0,2436.5,1546.633380011913,267.1,267.3,0.2,0.0
2025-10-02 19:30:00,,,,,,,,
2025-10-02 20:00:00,,,,,,,,
2025-10-02 20:30:00,,,,,,,,
2025-10-02 21:00:00,,,,,,,,
2025-10-02 21:30:00,,,,,,,,
2025-10-02 22:00:00,0.0,0.0,2435.1,1536.3342149651776,267.1,267.3,0.1,0.0
2025-10-02 22:30:00,,,,,,,,
2025-10-02 23:00:00,,,,,,,,
2025-10-02 23:30:00,,,,,,,,
2025-10-03 00:00:00,,,,,,,,
2025-10-03 00:30:00,,,,,,,,
2025-10-03 01:00:00,0.0,0.0,2435.0,1546.6333800790264,267.1,267.3,0.2,0.0
2025-10-03 01:30:00,,,,,,,,
2025-10-03 02:00:00,,,,,,,,
2025-10-03 02:30:00,,,,,,,,
2025-10-03 03:00:00,,,,,,,,
2025-10-03 03:30:00,,,,,,,,
2025-10-03 04:00:00,0.0,0.0,2434.2,1546.6333801148992,267.1,267.3,0.2,0.0
2025-10-03 04:30:00,,,,,,,,
2025-10-03 05:00:00,,,,,,,,
2025-10-03 05:30:00,,,,,,,,
2025-10-03 06:00:00,,,,,,,,
2025-10-03 06:30:00,,,,,,,,
2025-10-03 07:00:00,0.0,0.0,2433.8,1546.6333801328565,267.1,267.3,0.2,0.0
2025-10-03 07:30:00,,,,,,,,
2025-10-03 08:00:00,,,,,,,,
2025-10-03 08:30:00,,,,,,,,
2025-10-03 09:00:00,,,,,,,,
2025-10-03 09:30:00,,,,,,,,
2025-10-03 10:00:00,0.0,0.0,2432.4,1546.6333653633494,267.1,267.1,0.3,0.0
2025-10-03 10:30:00,,,,,,,,
2025-10-03 11:00:00,,,,,,,,
2025-10-03 11:30:00,,,,,,,,
2025-10-03 12:00:00,,,,,,,,
2025-10-03 12:30:00,,,,,,,,
2025-10-03 13:00:00,0.0,0.0,2430.2,1546.6333802950924,267.1,267.3,0.2,0.0
2025-10-03 13:30:00,,,,,,,,
2025-10-03 14:00:00,,,,,,,,
2025-10-03 14:30:00,,,,,,,,
2025-10-03 15:00:00,,,,,,,,
2025-10-03 15:30:00,,,,,,,,
2025-10-03 16:00:00,0.0,0.0,2430.8,1546.633380267975,267.1,267.3,0.2,0.0
2025-10-03 16:30:00,,,,,,,,
2025-10-03 17:00:00,,,,,,,,
2025-10-03 17:30:00,,,,,,,,
2025-10-03 18:00:00,,,,,,,,
2025-10-03 18:30:00,,,,,,,,
2025-10-03 19:00:00,0.0,0.0,2430.1,1546.6333802996153,267.1,267.3,0.2,0.0
2025-10-03 19:30:00,,,,,,,,
2025-10-03 20:00:00,,,,,,,,
2025-10-03 20:30:00,,,,,,,,
2025-10-03 21:00:00,,,,,,,,
2025-10-03 21:30:00,,,,,,,,
2025-10-03 22:00:00,0.0,0.0,2428.4,1546.6333804304425,267.1,267.1,0.2,0.0
2025-10-03 22:30:00,,,,,,,,
2025-10-03 23:00:00,,,,,,,,
2025-10-03 23:30:00,,,,,,,,
2025-10-04 00:00:00,,,,,,,,
2025-10-04 00:30:00,,,,,,,,
2025-10-04 01:00:00,0.0,0.0,2426.6,1546.6333804584574,267.1,267.3,0.2,0.0
2025-10-04 01:30:00,,,,,,,,
2025-10-04 02:00:00,,,,,,,,
2025-10-04 02:30:00,,,,,,,,
2025-10-04 03:00:00,,,,,,,,
2025-10-04 03:30:00,,,,,,,,
2025-10-04 04:00:00,0.0,0.0,2426.7,1546.633365458624,267.1,267.3,0.3,0.0
2025-10-04 04:30:00,,,,,,,,
2025-10-04 05:00:00,,,,,,,,
2025-10-04 05:30:00,,,,,,,,
2025-10-04 06:00:00,,,,,,,,
2025-10-04 06:30:00,,,,,,,,
2025-10-04 07:00:00,0.0,0.0,2427.9,1546.6333805185743,266.9,267.1,0.2,0.0
2025-10-04 07:30:00,,,,,,,,
2025-10-04 08:00:00,,,,,,,,
2025-10-04 08:30:00,,,,,,,,
2025-10-04 09:00:00,,,,,,,,
2025-10-04 09:30:00,,,,,,,,
2025-10-04 10:00:00,0.0,0.0,2423.8,1546.6333805863069,267.1,267.3,0.2,0.0
2025-10-04 10:30:00,,,,,,,,
2025-10-04 11:00:00,,,,,,,,
2025-10-04 11:30:00,,,,,,,,
2025-10-04 12:00:00,,,,,,,,
2025-10-04 12:30:00,,,,,,,,
2025-10-04 13:00:00,0.0,0.0,2423.8,1546.633380652056,266.9,267.3,0.2,0.0
2025-10-04 13:30:00,,,,,,,,
2025-10-04 14:00:00,,,,,,,,
2025-10-04 14:30:00,,,,,,,,
2025-10-04 15:00:00,,,,,,,,
2025-10-04 15:30:00,,,,,,,,
2025-10-04 16:00:00,0.0,0.0,2424.2,1546.633380568,267.1,267.3,0.2,0.0
2025-10-04 16:30:00,,,,,,,,
2025-10-04 17:00:00,,,,,,,,
2025-10-04 17:30:00,,,,,,,,
2025-10-04 18:00:00,,,,,,,,
2025-10-04 18:30:00,,,,,,,,
2025-10-04 19:00:00,0.0,0.0,2424.4,1546.6333805588522,267.1,267.3,0.2,0.0
2025-10-04 19:30:00,,,,,,,,
2025-10-04 20:00:00,,,,,,,,
2025-10-04 20:30:00,,,,,,,,
2025-10-04 21:00:00,,,,,,,,
2025-10-04 21:30:00,,,,,,,,
2025-10-04 22:00:00,0.0,0.0,2422.3,1546.633380775625,266.9,267.1,0.2,0.0
2025-10-04 22:30:00,,,,,,,,
2025-10-04 23:00:00,,,,,,,,
2025-10-04 23:30:00,,,,,,,,
2025-10-05 00:00:00,,,,,,,,
2025-10-05 00:30:00,,,,,,,,
2025-10-05 01:00:00,0.0,0.0,2420.4,1546.633380742488,267.1,267.3,0.2,0.0
2025-10-05 01:30:00,,,,,,,,
2025-10-05 02:00:00,,,,,,,,
2025-10-05 02:30:00,,,,,,,,
2025-10-05 03:00:00,,,,,,,,
2025-10-05 03:30:00,,,,,,,,
2025-10-05 04:00:00,0.0,0.0,2421.8,1546.6333807440578,266.9,267.3,0.2,0.0
2025-10-05 04:30:00,,,,,,,,
2025-10-05 05:00:00,,,,,,,,
2025-10-05 05:30:00,,,,,,,,
2025-10-05 06:00:00,,,,,,,,
2025-10-05 06:30:00,,,,,,,,
2025-10-05 07:00:00,0.0,0.0,2422.4,1546.63338077101,266.9,267.1,0.2,0.0
2025-10-05 07:30:00,,,,,,,,
2025-10-05 08:00:00,,,,,,,,
2025-10-05 08:30:00,,,,,,,,
2025-10-05 09:00:00,,,,,,,,
2025-10-05 09:30:00,,,,,,,,
2025-10-05 10:00:00,,,,,,,,
2025-10-05 10:30:00,,,,,,,,
2025-10-05 11:00:00,,,,,,,,
2025-10-05 11:30:00,,,,,,,,
2025-10-05 12:00:00,,,,,,,,
2025-10-05 12:30:00,,,,,,,,
2025-10-05 13:00:00,,,,,,,,
2025-10-05 13:30:00,,,,,,,,
2025-10-05 14:00:00,,,,,,,,
2025-10-05 14:30:00,,,,,,,,
2025-10-05 15:00:00,,,,,,,,
2025-10-05 15:30:00,,,,,,,,
2025-10-05 16:00:00,,,,,,,,
2025-10-05 16:30:00,,,,,,,,
2025-10-05 17:00:00,,,,,,,,
2025-10-05 17:30:00,,,,,,,,
2025-10-05 18:00:00,,,,,,,,
2025-10-05 18:30:00,,,,,,,,
2025-10-05 19:00:00,,,,,,,,
2025-10-05 19:30:00,,,,,,,,
2025-10-05 20:00:00,,,,,,,,
2025-10-05 20:30:00,,,,,,,,
2025-10-05 21:00:00,,,,,,,,
2025-10-05 21:30:00,,,,,,,,
2025-10-05 22:00:00,,,,,,,,
2025-10-05 22:30:00,,,,,,,,
2025-10-05 23:00:00,,,,,,,,
2025-10-05 23:30:00,,,,,,,,
2025-10-06 00:00:00,,,,,,,,
2025-10-06 00:30:00,,,,,,,,
2025-10-06 01:00:00,,,,,,,,
2025-10-06 01:30:00,,,,,,,,
2025-10-06 02:00:00,,,,,,,,
2025-10-06 02:30:00,,,,,,,,
2025-10-06 03:00:00,,,,,,,,
2025-10-06 03:30:00,,,,,,,,
2025-10-06 04:00:00,,,,,,,,
2025-10-06 04:30:00,,,,,,,,
2025-10-06 05:00:00,,,,,,,,
2025-10-06 05:30:00,,,,,,,,
2025-10-06 06:00:00,,,,,,,,
2025-10-06 06:30:00,,,,,,,,
2025-10-06 07:00:00,,,,,,,,
2025-10-06 07:30:00,,,,,,,,
2025-10-06 08:00:00,,,,,,,,
2025-10-06 08:30:00,,,,,,,,
2025-10-06 09:00:00,,,,,,,,
2025-10-06 09:30:00,,,,,,,,
2025-10-06 10:00:00,,,,,,,,
2025-10-06 10:30:00,,,,,,,,
2025-10-06 11:00:00,,,,,,,,
2025-10-06 11:30:00,,,,,,,,
2025-10-06 12:00:00,,,,,,,,
2025-10-06 12:30:00,,,,,,,,
2025-10-06 13:00:00,,,,,,,,
2025-10-06 13:30:00,,,,,,,,
2025-10-06 14:00:00,,,,,,,,
2025-10-06 14:30:00,,,,,,,,
2025-10-06 15:00:00,,,,,,,,
2025-10-06 15:30:00,,,,,,,,
2025-10-06 16:00:00,,,,,,,,
2025-10-06 16:30:00,,,,,,,,
2025-10-06 17:00:00,,,,,,,,
2025-10-06 17:30:00,0.0,0.0,2415.1,1546.6333811102631,266.9,267.1,0.2,0.0
2025-10-06 18:00:00,,,,,,,,
2025-10-06 18:30:00,,,,,,,,
2025-10-06 19:00:00,0.0,0.0,2419.4,1546.6333809098444,266.9,267.1,0.2,0.0
2025-10-06 19:30:00,,,,,,,,
2025-10-06 20:00:00,,,,,,,,
2025-10-06 20:30:00,,,,,,,,
2025-10-06 21:00:00,,,,,,,,
2025-10-06 21:30:00,,,,,,,,
2025-10-06 22:00:00,0.0,0.0,2416.4,1546.6333809942607,266.9,267.3,0.2,0.0
2025-10-06 22:30:00,,,,,,,,
2025-10-06 23:00:00,,,,,,,,
2025-10-06 23:30:00,,,,,,,,
2025-10-07 00:00:00,,,,,,,,
2025-10-07 00:30:00,,,,,,,,
2025-10-07 01:00:00,0.0,0.0,2414.8,1546.6333811243087,266.9,267.1,0.2,0.0
2025-10-07 01:30:00,,,,,,,,
2025-10-07 02:00:00,,,,,,,,
2025-10-07 02:30:00,,,,,,,,
2025-10-07 03:00:00,,,,,,,,
2025-10-07 03:30:00,,,,,,,,
2025-10-07 04:00:00,0.0,0.0,2415.5,1546.633381091548,266.9,267.1,0.2,0.0
2025-10-07 04:30:00,,,,,,,,
2025-10-07 05:00:00,,,,,,,,
2025-10-07 05:30:00,,,,,,,,
2025-10-07 06:00:00,,,,,,,,
2025-10-07 06:30:00,,,,,,,,
2025-10-07 07:00:00,0.0,0.0,2413.8,1546.6333811711875,266.9,267.1,0.2,0.0
2025-10-07 07:30:00,,,,,,,,
2025-10-07 08:00:00,,,,,,,,
2025-10-07 08:30:00,,,,,,,,
2025-10-07 09:00:00,,,,,,,,
2025-10-07 09:30:00,,,,,,,,
2025-10-07 10:00:00,0.0,0.0,2413.9,1546.6333811664956,266.9,267.1,0.2,0.0
2025-10-07 10:30:00,,,,,,,,
2025-10-07 11:00:00,,,,,,,,
2025-10-07 11:30:00,,,,,,,,
2025-10-07 12:00:00,,,,,,,,
2025-10-07 12:30:00,,,,,,,,
2025-10-07 13:00:00,0.0,0.0,2413.5,1536.3342357075098,266.9,267.1,0.1,0.0
2025-10-07 13:30:00,,,,,,,,
2025-10-07 14:00:00,,,,,,,,
2025-10-07 14:30:00,,,,,,,,
2025-10-07 15:00:00,,,,,,,,
2025-10-07 15:30:00,,,,,,,,
2025-10-07 16:00:00,0.0,0.0,2412.9,1546.6333812134571,266.9,267.1,0.2,0.0
2025-10-07 16:30:00,,,,,,,,
2025-10-07 17:00:00,,,,,,,,
2025-10-07 17:30:00,,,,,,,,
2025-10-07 18:00:00,,,,,,,,
2025-10-07 18:30:00,,,,,,,,
2025-10-07 19:00:00,0.0,0.0,2411.8,1546.6333658336769,266.9,267.1,0.3,0.0
2025-10-07 19:30:00,,,,,,,,
2025-10-07 20:00:00,,,,,,,,
2025-10-07 20:30:00,,,,,,,,
2025-10-07 21:00:00,,,,,,,,
2025-10-07 21:30:00,,,,,,,,
2025-10-07 22:00:00,0.0,0.0,2412.7,1546.6333812228609,266.9,267.1,0.2,0.0
2025-10-07 22:30:00,,,,,,,,
2025-10-07 23:00:00,,,,,,,,
2025-10-07 23:30:00,,,,,,,,
2025-10-08 00:00:00,,,,,,,,
2025-10-08 00:30:00,,,,,,,,
2025-10-08 01:00:00,0.0,0.0,2411.0,1546.6333813029387,266.9,267.1,0.2,0.0
2025-10-08 01:30:00,,,,,,,,
2025-10-08 02:00:00,,,,,,,,
2025-10-08 02:30:00,,,,,,,,
2025-10-08 03:00:00,,,,,,,,
2025-10-08 03:30:00,,,,,,,,
2025-10-08 04:00:00,0.0,0.0,2412.4,1546.6333812369728,266.9,267.1,0.2,0.0
2025-10-08 04:30:00,,,,,,,,
2025-10-08 05:00:00,,,,,,,,
2025-10-08 05:30:00,,,,,,,,
2025-10-08 06:00:00,,,,,,,,
2025-10-08 06:30:00,,,,,,,,
2025-10-08 07:00:00,0.0,0.0,2412.1,1546.6333812510932,266.9,267.1,0.2,0.0
2025-10-08 07:30:00,,,,,,,,
2025-10-08 08:00:00,,,,,,,,
2025-10-08 08:30:00,,,,,,,,
2025-10-08 09:00:00,,,,,,,,
2025-10-08 09:30:00,,,,,,,,
2025-10-08 10:00:00,0.0,0.0,2409.3,1546.6333813832853,266.9,267.1,0.2,0.0
2025-10-08 10:30:00,,,,,,,,
2025-10-08 11:00:00,,,,,,,,
2025-10-08 11:30:00,,,,,,,,
2025-10-08 12:00:00,,,,,,,,
2025-10-08 12:30:00,,,,,,,,
2025-10-08 13:00:00,0.0,0.0,2408.7,1546.6333814117077,266.9,267.1,0.2,0.0
2025-10-08 13:30:00,,,,,,,,
2025-10-08 14:00:00,,,,,,,,
2025-10-08 14:30:00,,,,,,,,
2025-10-08 15:00:00,,,,,,,,
2025-10-08 15:30:00,,,,,,,,
2025-10-08 16:00:00,0.0,0.0,2407.8,1546.6333814544032,266.9,267.1,0.2,0.0
2025-10-08 16:30:00,,,,,,,,
2025-10-08 17:00:00,,,,,,,,
2025-10-08 17:30:00,,,,,,,,
2025-10-08 18:00:00,,,,,,,,
2025-10-08 18:30:00,,,,,,,,
2025-10-08 19:00:00,0.0,0.0,2408.2,1546.633381435418,266.9,267.1,0.2,0.0
2025-10-08 19:30:00,,,,,,,,
2025-10-08 20:00:00,,,,,,,,
2025-10-08 20:30:00,,,,,,,,
2025-10-08 21:00:00,,,,,,,,
2025-10-08 21:30:00,,,,,,,,
2025-10-08 22:00:00,0.0,0.0,2409.0,1546.633381397492,266.9,267.1,0.2,0.0
2025-10-08 22:30:00,,,,,,,,
2025-10-08 23:00:00,,,,,,,,
2025-10-08 23:30:00,,,,,,,,
2025-10-09 00:00:00,,,,,,,,
2025-10-09 00:30:00,,,,,,,,
2025-10-09 01:00:00,0.0,0.0,2409.3,1546.6333658621957,266.9,267.3,0.3,0.0
2025-10-09 01:30:00,,,,,,,,
2025-10-09 02:00:00,,,,,,,,
2025-10-09 02:30:00,,,,,,,,
2025-10-09 03:00:00,,,,,,,,
2025-10-09 03:30:00,,,,,,,,
2025-10-09 04:00:00,0.0,0.0,2408.7,1546.6333814117077,266.9,267.1,0.2,0.0
2025-10-09 04:30:00,,,,,,,,
2025-10-09 05:00:00,,,,,,,,
2025-10-09 05:30:00,,,,,,,,
2025-10-09 06:00:00,,,,,,,,
2025-10-09 06:30:00,,,,,,,,
2025-10-09 07:00:00,0.0,0.0,2407.8,1546.6333814544032,266.9,267.1,0.2,0.0
2025-10-09 07:30:00,,,,,,,,
2025-10-09 08:00:00,,,,,,,,
2025-10-09 08:30:00,,,,,,,,
2025-10-09 09:00:00,,,,,,,,
2025-10-09 09:30:00,,,,,,,,
2025-10-09 10:00:00,0.0,0.0,2407.1,1546.6333814314123,266.9,267.3,0.2,0.0
2025-10-09 10:30:00,,,,,,,,
2025-10-09 11:00:00,,,,,,,,
2025-10-09 11:30:00,,,,,,,,
2025-10-09 12:00:00,,,,,,,,
2025-10-09 12:30:00,,,,,,,,
2025-10-09 13:00:00,0.0,0.0,2405.1,1546.633381582947,266.9,267.1,0.2,0.0
2025-10-09 13:30:00,,,,,,,,
2025-10-09 14:00:00,,,,,,,,
2025-10-09 14:30:00,,,,,,,,
2025-10-09 15:00:00,,,,,,,,
2025-10-09 15:30:00,,,,,,,,
2025-10-09 16:00:00,0.0,0.0,2406.2,1546.6333814741436,266.9,267.3,0.2,0.0
2025-10-09 16:30:00,,,,,,,,
2025-10-09 17:00:00,,,,,,,,
2025-10-09 17:30:00,,,,,,,,
2025-10-09 18:00:00,,,,,,,,
2025-10-09 18:30:00,,,,,,,,
2025-10-09 19:00:00,0.0,0.0,2410.2,1546.6333813407157,266.9,267.1,0.2,0.0
2025-10-09 19:30:00,,,,,,,,
2025-10-09 20:00:00,,,,,,,,
2025-10-09 20:30:00,,,,,,,,
2025-10-09 21:00:00,,,,,,,,
2025-10-09 21:30:00,,,,,,,,
2025-10-09 22:00:00,0.0,0.0,2408.4,1546.633381425931,266.9,267.1,0.2,0.0
2025-10-09 22:30:00,,,,,,,,
2025-10-09 23:00:00,,,,,,,,
2025-10-09 23:30:00,,,,,,,,
2025-10-10 00:00:00,,,,,,,,
2025-10-10 00:30:00,,,,,,,,
2025-10-10 01:00:00,0.0,0.0,2410.7,1546.633381373082,266.9,266.9,0.2,0.0
2025-10-10 01:30:00,,,,,,,,
2025-10-10 02:00:00,,,,,,,,
2025-10-10 02:30:00,,,,,,,,
2025-10-10 03:00:00,,,,,,,,
2025-10-10 03:30:00,,,,,,,,
2025-10-10 04:00:00,0.0,0.0,2409.0,1546.6333814536638,266.9,266.9,0.2,0.0
2025-10-10 04:30:00,,,,,,,,
2025-10-10 05:00:00,,,,,,,,
2025-10-10 05:30:00,,,,,,,,
2025-10-10 06:00:00,,,,,,,,
2025-10-10 06:30:00,,,,,,,,
2025-10-10 07:00:00,0.0,0.0,2408.3,1546.633381430674,266.9,267.1,0.2,0.0
2025-10-10 07:30:00,,,,,,,,
2025-10-10 08:00:00,,,,,,,,
2025-10-10 08:30:00,,,,,,,,
2025-10-10 09:00:00,,,,,,,,
2025-10-10 09:30:00,,,,,,,,
2025-10-10 10:00:00,0.0,0.0,2406.3,1546.6333815257321,266.9,267.1,0.2,0.0
2025-10-10 10:30:00,,,,,,,,
2025-10-10 11:00:00,,,,,,,,
2025-10-10 11:30:00,,,,,,,,
2025-10-10 12:00:00,,,,,,,,
2025-10-10 12:30:00,,,,,,,,
2025-10-10 13:00:00,0.0,0.0,2406.0,1546.633381540023,266.9,267.1,0.2,0.0
2025-10-10 13:30:00,,,,,,,,
2025-10-10 14:00:00,,,,,,,,
2025-10-10 14:30:00,,,,,,,,
2025-10-10 15:00:00,,,,,,,,
2025-10-10 15:30:00,,,,,,,,
2025-10-10 16:00:00,0.0,0.0,2412.4,1546.6333812369728,266.9,267.1,0.2,0.0
2025-10-10 16:30:00,,,,,,,,
2025-10-10 17:00:00,,,,,,,,
2025-10-10 17:30:00,,,,,,,,
2025-10-10 18:00:00,,,,,,,,
2025-10-10 18:30:00,,,,,,,,
2025-10-10 19:00:00,0.0,0.0,2409.0,1546.633381397492,266.9,267.1,0.2,0.0
2025-10-10 19:30:00,,,,,,,,
2025-10-10 20:00:00,,,,,,,,
2025-10-10 20:30:00,,,,,,,,
2025-10-10 21:00:00,,,,,,,,
2025-10-10 21:30:00,,,,,,,,
2025-10-10 22:00:00,0.0,0.0,2408.2,1546.633381559973,266.7,266.9,0.2,0.0
2025-10-10 22:30:00,,,,,,,,
2025-10-10 23:00:00,,,,,,,,
2025-10-10 23:30:00,,,,,,,,
2025-10-11 00:00:00,,,,,,,,
2025-10-11 00:30:00,,,,,,,,
2025-10-11 01:00:00,0.0,0.0,2407.8,1546.6333815790567,266.7,266.9,0.2,0.0
2025-10-11 01:30:00,,,,,,,,
2025-10-11 02:00:00,,,,,,,,
2025-10-11 02:30:00,,,,,,,,
2025-10-11 03:00:00,,,,,,,,
2025-10-11 03:30:00,,,,,,,,
2025-10-11 04:00:00,0.0,0.0,2407.2,1546.6333816077108,266.7,266.9,0.2,0.0
2025-10-11 04:30:00,,,,,,,,
2025-10-11 05:00:00,,,,,,,,
2025-10-11 05:30:00,,,,,,,,
2025-10-11 06:00:00,,,,,,,,
2025-10-11 06:30:00,,,,,,,,
2025-10-11 07:00:00,0.0,0.0,2406.9,1546.6333814971752,266.9,267.1,0.2,0.0
2025-10-11 07:30:00,,,,,,,,
2025-10-11 08:00:00,,,,,,,,
2025-10-11 08:30:00,,,,,,,,
2025-10-11 09:00:00,,,,,,,,
2025-10-11 09:30:00,,,,,,,,
2025-10-11 10:00:00,0.0,0.0,2408.1,1546.6333815647429,266.7,266.9,0.2,0.0
2025-10-11 10:30:00,,,,,,,,
2025-10-11 11:00:00,,,,,,,,
2025-10-11 11:30:00,,,,,,,,
2025-10-11 12:00:00,,,,,,,,
2025-10-11 12:30:00,,,,,,,,
2025-10-11 13:00:00,0.0,0.0,2403.4,1536.334244649072,266.9,267.1,0.1,0.0
2025-10-11 13:30:00,,,,,,,,
2025-10-11 14:00:00,,,,,,,,
2025-10-11 14:30:00,,,,,,,,
2025-10-11 15:00:00,,,,,,,,
2025-10-11 15:30:00,,,,,,,,
2025-10-11 16:00:00,0.0,0.0,2404.2,1546.633381625948,266.9,267.1,0.2,0.0
2025-10-11 16:30:00,,,,,,,,
2025-10-11 17:00:00,,,,,,,,
2025-10-11 17:30:00,,,,,,,,
2025-10-11 18:00:00,,,,,,,,
2025-10-11 18:30:00,,,,,,,,
2025-10-11 19:00:00,0.0,0.0,2403.8,1546.6333816450842,266.9,267.1,0.2,0.0
2025-10-11 19:30:00,,,,,,,,
2025-10-11 20:00:00,,,,,,,,
2025-10-11 20:30:00,,,,,,,,
2025-10-11 21:00:00,,,,,,,,
2025-10-11 21:30:00,,,,,,,,
2025-10-11 22:00:00,0.0,0.0,2404.0,1546.633381635514,266.9,267.1,0.2,0.0
2025-10-11 22:30:00,,,,,,,,
2025-10-11 23:00:00,,,,,,,,
2025-10-11 23:30:00,,,,,,,,
2025-10-12 00:00:00,,,,,,,,
2025-10-12 00:30:00,,,,,,,,
2025-10-12 01:00:00,0.0,0.0,2404.9,1546.6333816491253,266.9,266.9,0.2,0.0
2025-10-12 01:30:00,,,,,,,,
2025-10-12 02:00:00,,,,,,,,
2025-10-12 02:30:00,,,,,,,,
2025-10-12 03:00:00,,,,,,,,
2025-10-12 03:30:00,,,,,,,,
2025-10-12 04:00:00,0.0,0.0,2403.6,1546.6333816546576,266.9,267.1,0.2,0.0
2025-10-12 04:30:00,,,,,,,,
2025-10-12 05:00:00,,,,,,,,
2025-10-12 05:30:00,,,,,,,,
2025-10-12 06:00:00,,,,,,,,
2025-10-12 06:30:00,,,,,,,,
2025-10-12 07:00:00,0.0,0.0,2403.9,1546.633366005688,266.9,267.1,0.3,0.0
2025-10-12 07:30:00,,,,,,,,
2025-10-12 08:00:00,,,,,,,,
2025-10-12 08:30:00,,,,,,,,
2025-10-12 09:00:00,,,,,,,,
2025-10-12 09:30:00,,,,,,,,
2025-10-12 10:00:00,0.0,0.0,2403.6,1546.6333816546576,266.9,267.1,0.2,0.0
2025-10-12 10:30:00,,,,,,,,
2025-10-12 11:00:00,,,,,,,,
2025-10-12 11:30:00,,,,,,,,
2025-10-12 12:00:00,,,,,,,,
2025-10-12 12:30:00,,,,,,,,
2025-10-12 13:00:00,0.0,0.0,2404.0,1546.633381635514,266.9,267.1,0.2,0.0
2025-10-12 13:30:00,,,,,,,,
2025-10-12 14:00:00,,,,,,,,
2025-10-12 14:30:00,,,,,,,,
2025-10-12 15:00:00,,,,,,,,
2025-10-12 15:30:00,,,,,,,,
2025-10-12 16:00:00,0.0,0.0,2402.7,1546.6333816977865,266.9,267.1,0.2,0.0
2025-10-12 16:30:00,,,,,,,,
2025-10-12 17:00:00,,,,,,,,
2025-10-12 17:30:00,,,,,,,,
2025-10-12 18:00:00,,,,,,,,
2025-10-12 18:30:00,,,,,,,,
2025-10-12 19:00:00,0.0,0.0,2403.8,1546.6333660078767,266.9,267.1,0.3,0.0
2025-10-12 19:30:00,,,,,,,,
2025-10-12 20:00:00,,,,,,,,
2025-10-12 20:30:00,,,,,,,,
2025-10-12 21:00:00,,,,,,,,
2025-10-12 21:30:00,,,,,,,,
2025-10-12 22:00:00,0.0,0.0,2403.9,1546.633381640299,266.9,267.1,0.2,0.0
2025-10-12 22:30:00,,,,,,,,
2025-10-12 23:00:00,,,,,,,,
2025-10-12 23:30:00,,,,,,,,
2025-10-13 00:00:00,,,,,,,,
2025-10-13 00:30:00,,,,,,,,
2025-10-13 01:00:00,0.0,0.0,2402.7,1546.6333816977865,266.9,267.1,0.2,0.0
2025-10-13 01:30:00,,,,,,,,
2025-10-13 02:00:00,,,,,,,,
2025-10-13 02:30:00,,,,,,,,
2025-10-13 03:00:00,,,,,,,,
2025-10-13 03:30:00,,,,,,,,
2025-10-13 04:00:00,0.0,0.0,2403.8,1546.6333816450842,266.9,267.1,0.2,0.0
2025-10-13 04:30:00,,,,,,,,
2025-10-13 05:00:00,,,,,,,,
2025-10-13 05:30:00,,,,,,,,
2025-10-13 06:00:00,,,,,,,,
2025-10-13 06:30:00,,,,,,,,
2025-10-13 07:00:00,0.0,0.0,2403.2,1546.6333817306365,266.9,266.9,0.2,0.0
2025-10-13 07:30:00,,,,,,,,
2025-10-13 08:00:00,,,,,,,,
2025-10-13 08:30:00,,,,,,,,
2025-10-13 09:00:00,,,,,,,,
2025-10-13 09:30:00,,,,,,,,
2025-10-13 10:00:00,0.0,0.0,2402.7,1536.3342452753548,266.9,267.1,0.1,0.0
2025-10-13 10:30:00,,,,,,,,
2025-10-13 11:00:00,,,,,,,,
2025-10-13 11:30:00,,,,,,,,
2025-10-13 12:00:00,,,,,,,,
2025-10-13 12:30:00,,,,,,,,
2025-10-13 13:00:00,0.0,0.0,2403.7,1546.6333817186146,266.7,267.1,0.2,0.0
2025-10-13 13:30:00,,,,,,,,
2025-10-13 14:00:00,,,,,,,,
2025-10-13 14:30:00,,,,,,,,
2025-10-13 15:00:00,,,,,,,,
2025-10-13 15:30:00,,,,,,,,
2025-10-13 16:00:00,0.0,0.0,2404.3,1546.6333817466866,266.7,266.9,0.2,0.0
2025-10-13 16:30:00,,,,,,,,
2025-10-13 17:00:00,,,,,,,,
2025-10-13 17:30:00,,,,,,,,
2025-10-13 18:00:00,,,,,,,,
2025-10-13 18:30:00,,,,,,,,
2025-10-13 19:00:00,0.0,0.0,2403.0,1546.6333816834017,266.9,267.1,0.2,0.0
2025-10-13 19:30:00,,,,,,,,
2025-10-13 20:00:00,,,,,,,,
2025-10-13 20:30:00,,,,,,,,
2025-10-13 21:00:00,,,,,,,,
2025-10-13 21:30:00,,,,,,,,
2025-10-13 22:00:00,0.0,0.0,2403.5,1546.6333817851655,266.7,266.9,0.2,0.0
2025-10-13 22:30:00,,,,,,,,
2025-10-13 23:00:00,,,,,,,,
2025-10-13 23:30:00,,,,,,,,
2025-10-14 00:00:00,,,,,,,,
2025-10-14 00:30:00,,,,,,,,
2025-10-14 01:00:00,0.0,0.0,2403.4,1546.6333817899797,266.7,266.9,0.2,0.0
2025-10-14 01:30:00,,,,,,,,
2025-10-14 02:00:00,,,,,,,,
2025-10-14 02:30:00,,,,,,,,
2025-10-14 03:00:00,,,,,,,,
2025-10-14 03:30:00,,,,,,,,
2025-10-14 04:00:00,0.0,0.0,2402.4,1546.6333817811017,266.7,267.1,0.2,0.0
2025-10-14 04:30:00,,,,,,,,
2025-10-14 05:00:00,,,,,,,,
2025-10-14 05:30:00,,,,,,,,
2025-10-14 06:00:00,,,,,,,,
2025-10-14 06:30:00,,,,,,,,
2025-10-14 07:00:00,0.0,0.0,2402.7,1546.6333818237058,266.7,266.9,0.2,0.0
2025-10-14 07:30:00,,,,,,,,
2025-10-14 08:00:00,,,,,,,,
2025-10-14 08:30:00,,,,,,,,
2025-10-14 09:00:00,,,,,,,,
2025-10-14 09:30:00,,,,,,,,
2025-10-14 10:00:00,0.0,0.0,2401.0,1546.633381905808,266.7,266.9,0.2,0.0
2025-10-14 10:30:00,,,,,,,,
2025-10-14 11:00:00,0.0,0.0,2401.75,1546.6333818409819,266.7,267.0,0.2,0.0
2025-10-14 11:30:00,0.0,0.0,2401.6,1546.6333818196354,266.7,267.1,0.2,0.0
2025-10-14 12:00:00,0.0,0.0,2401.6,1546.633381785127,266.79999999999995,267.1,0.2,0.0
2025-10-14 12:30:00,0.0,0.0,2400.4,1546.6333818654916,266.9,266.9,0.2,0.0
2025-10-14 13:00:00,0.0,0.0,2399.6666666666665,1546.6333819090262,266.76666666666665,267.03333333333336,0.20000000000000004,0.0
2025-10-14 13:30:00,0.0,0.0,2398.7,1546.6333819598358,266.7,267.1,0.2,0.0
2025-10-14 14:00:00,0.0,0.0,2399.8,1546.6333819639297,266.7,266.9,0.2,0.0
2025-10-14 14:30:00,0.0,0.0,2399.566666666667,1546.6333819097993,266.8333333333333,266.96666666666664,0.20000000000000004,0.0
2025-10-14 15:00:00,0.0,0.0,2400.7,1546.6333739322777,266.9,267.1,0.25,0.0
2025-10-14 15:30:00,0.0,0.0,2400.8,1546.6333818582307,266.7,267.1,0.2,0.0
2025-10-14 16:00:00,0.0,0.0,2400.95,1546.633381879618,266.7,267.0,0.2,0.0
2025-10-14 16:30:00,0.0,0.0,2401.0,1546.633381842662,266.79999999999995,267.0,0.2,0.0
2025-10-14 17:00:00,0.0,0.0,2400.8,1546.6333819154852,266.7,266.9,0.2,0.0
2025-10-14 17:30:00,,,,,,,,
2025-10-14 18:00:00,,,,,,,,
2025-10-14 18:30:00,,,,,,,,
2025-10-14 19:00:00,0.0,0.0,2401.0,1546.633381905808,266.7,266.9,0.2,0.0
2025-10-14 19:30:00,,,,,,,,
2025-10-14 20:00:00,,,,,,,,
2025-10-14 20:30:00,,,,,,,,
2025-10-14 21:00:00,,,,,,,,
2025-10-14 21:30:00,,,,,,,,
2025-10-14 22:00:00,0.0,0.0,2401.1,1546.6333817746502,266.9,267.1,0.2,0.0
2025-10-14 22:30:00,,,,,,,,
2025-10-14 23:00:00,,,,,,,,
2025-10-14 23:30:00,,,,,,,,
2025-10-15 00:00:00,,,,,,,,
2025-10-15 00:30:00,,,,,,,,
2025-10-15 01:00:00,0.0,0.0,2401.7,1546.6333817457976,266.9,267.1,0.2,0.0
2025-10-15 01:30:00,,,,,,,,
2025-10-15 02:00:00,,,,,,,,
2025-10-15 02:30:00,,,,,,,,
2025-10-15 03:00:00,,,,,,,,
2025-10-15 03:30:00,,,,,,,,
2025-10-15 04:00:00,0.0,0.0,2401.2,1546.6333818389255,266.7,267.1,0.2,0.0
2025-10-15 04:30:00,,,,,,,,
2025-10-15 05:00:00,,,,,,,,
2025-10-15 05:30:00,,,,,,,,
2025-10-15 06:00:00,,,,,,,,
2025-10-15 06:30:00,,,,,,,,
2025-10-15 07:00:00,0.0,0.0,2401.3,1546.6333818341016,266.7,267.1,0.2,0.0
2025-10-15 07:30:00,,,,,,,,
2025-10-15 08:00:00,,,,,,,,
2025-10-15 08:30:00,,,,,,,,
2025-10-15 09:00:00,,,,,,,,
2025-10-15 09:30:00,,,,,,,,
2025-10-15 10:00:00,0.0,0.0,2400.0,1546.6333818968872,266.7,267.1,0.2,0.0
2025-10-15 10:30:00,,,,,,,,
2025-10-15 11:00:00,,,,,,,,
2025-10-15 11:30:00,,,,,,,,
2025-10-15 12:00:00,,,,,,,,
2025-10-15 12:30:00,,,,,,,,
2025-10-15 13:00:00,0.0,0.0,2400.4,1546.6333818775513,266.7,267.1,0.2,0.0
2025-10-15 13:30:00,,,,,,,,
2025-10-15 14:00:00,,,,,,,,
2025-10-15 14:30:00,,,,,,,,
2025-10-15 15:00:00,,,,,,,,
2025-10-15 15:30:00,,,,,,,,
2025-10-15 16:00:00,0.0,0.0,2400.0,1546.6333818968872,266.7,267.1,0.2,0.0
2025-10-15 16:30:00,,,,,,,,
2025-10-15 17:00:00,,,,,,,,
2025-10-15 17:30:00,,,,,,,,
2025-10-15 18:00:00,,,,,,,,
2025-10-15 18:30:00,,,,,,,,
2025-10-15 19:00:00,0.0,0.0,2400.6,1546.633381867889,266.7,267.1,0.2,0.0
2025-10-15 19:30:00,,,,,,,,
2025-10-15 20:00:00,,,,,,,,
2025-10-15 20:30:00,,,,,,,,
2025-10-15 21:00:00,,,,,,,,
2025-10-15 21:30:00,,,,,,,,
2025-10-15 22:00:00,0.0,0.0,2401.2,1546.6333818389255,266.7,267.1,0.2,0.0
2025-10-15 22:30:00,,,,,,,,
2025-10-15 23:00:00,,,,,,,,
2025-10-15 23:30:00,,,,,,,,
2025-10-16 00:00:00,,,,,,,,
2025-10-16 00:30:00,,,,,,,,
2025-10-16 01:00:00,0.0,0.0,2400.6,1546.6333661096405,266.7,267.1,0.3,0.0
2025-10-16 01:30:00,,,,,,,,
2025-10-16 02:00:00,,,,,,,,
2025-10-16 02:30:00,,,,,,,,
2025-10-16 03:00:00,,,,,,,,
2025-10-16 03:30:00,,,,,,,,
2025-10-16 04:00:00,0.0,0.0,2400.3,1546.6333818823841,266.7,267.1,0.2,0.0
2025-10-16 04:30:00,,,,,,,,
2025-10-16 05:00:00,,,,,,,,
2025-10-16 05:30:00,,,,,,,,
2025-10-16 06:00:00,,,,,,,,
2025-10-16 06:30:00,,,,,,,,
2025-10-16 07:00:00,0.0,0.0,2401.2,1546.6333818389255,266.7,267.1,0.2,0.0
2025-10-16 07:30:00,,,,,,,,
2025-10-16 08:00:00,,,,,,,,
2025-10-16 08:30:00,,,,,,,,
2025-10-16 09:00:00,,,,,,,,
2025-10-16 09:30:00,,,,,,,,
2025-10-16 10:00:00,0.0,0.0,2400.6,1546.6333819251663,266.7,266.9,0.2,0.0
2025-10-16 10:30:00,,,,,,,,
2025-10-16 11:00:00,,,,,,,,
2025-10-16 11:30:00,,,,,,,,
2025-10-16 12:00:00,,,,,,,,
2025-10-16 12:30:00,,,,,,,,
2025-10-16 13:00:00,0.0,0.0,2400.0,1546.6333818968872,266.7,267.1,0.2,0.0
2025-10-16 13:30:00,,,,,,,,
2025-10-16 14:00:00,,,,,,,,
2025-10-16 14:30:00,,,,,,,,
2025-10-16 15:00:00,,,,,,,,
2025-10-16 15:30:00,,,,,,,,
2025-10-16 16:00:00,0.0,0.0,2401.0,1546.633381905808,266.7,266.9,0.2,0.0
2025-10-16 16:30:00,,,,,,,,
2025-10-16 17:00:00,,,,,,,,
2025-10-16 17:30:00,,,,,,,,
2025-10-16 18:00:00,,,,,,,,
2025-10-16 18:30:00,,,,,,,,
2025-10-16 19:00:00,0.0,0.0,2400.1,1546.6333819493861,266.7,266.9,0.2,0.0
2025-10-16 19:30:00,,,,,,,,
2025-10-16 20:00:00,,,,,,,,
2025-10-16 20:30:00,,,,,,,,
2025-10-16 21:00:00,,,,,,,,
2025-10-16 21:30:00,,,,,,,,
2025-10-16 22:00:00,0.0,0.0,2402.0,1546.6333818574788,266.7,266.9,0.2,0.0
2025-10-16 22:30:00,,,,,,,,
2025-10-16 23:00:00,,,,,,,,
2025-10-16 23:30:00,,,,,,,,
2025-10-17 00:00:00,,,,,,,,
2025-10-17 00:30:00,,,,,,,,
2025-10-17 01:00:00,0.0,0.0,2402.0,1546.6333818574788,266.7,266.9,0.2,0.0
2025-10-17 01:30:00,,,,,,,,
2025-10-17 02:00:00,,,,,,,,
2025-10-17 02:30:00,,,,,,,,
2025-10-17 03:00:00,,,,,,,,
2025-10-17 03:30:00,,,,,,,,
2025-10-17 04:00:00,0.0,0.0,2402.9,1546.6333660850848,266.7,266.9,0.3,0.0
2025-10-17 04:30:00,,,,,,,,
2025-10-17 05:00:00,,,,,,,,
2025-10-17 05:30:00,,,,,,,,
2025-10-17 06:00:00,,,,,,,,
2025-10-17 06:30:00,,,,,,,,
2025-10-17 07:00:00,0.0,0.0,2401.6,1546.6333818196354,266.7,267.1,0.2,0.0
2025-10-17 07:30:00,,,,,,,,
2025-10-17 08:00:00,,,,,,,,
2025-10-17 08:30:00,,,,,,,,
2025-10-17 09:00:00,,,,,,,,
2025-10-17 09:30:00,,,,,,,,
2025-10-17 10:00:00,0.0,0.0,2403.6,1546.6333660696953,266.7,266.9,0.3,0.0
2025-10-17 10:30:00,,,,,,,,
2025-10-17 11:00:00,,,,,,,,
2025-10-17 11:30:00,,,,,,,,
2025-10-17 12:00:00,,,,,,,,
2025-10-17 12:30:00,,,,,,,,
2025-10-17 13:00:00,0.0,0.0,2402.7,1546.6333818237058,266.7,266.9,0.2,0.0
2025-10-17 13:30:00,,,,,,,,
2025-10-17 14:00:00,,,,,,,,
2025-10-17 14:30:00,,,,,,,,
2025-10-17 15:00:00,,,,,,,,
2025-10-17 15:30:00,,,,,,,,
2025-10-17 16:00:00,0.0,0.0,2403.1,1546.633366106752,266.7,266.7,0.3,0.0
2025-10-17 16:30:00,,,,,,,,
2025-10-17 17:00:00,,,,,,,,
2025-10-17 17:30:00,,,,,,,,
2025-10-17 18:00:00,,,,,,,,
2025-10-17 18:30:00,,,,,,,,
2025-10-17 19:00:00,0.0,0.0,2401.3,1546.633381891299,266.7,266.9,0.2,0.0
2025-10-17 19:30:00,,,,,,,,
2025-10-17 20:00:00,,,,,,,,
2025-10-17 20:30:00,,,,,,,,
2025-10-17 21:00:00,,,,,,,,
2025-10-17 21:30:00,,,,,,,,
2025-10-17 22:00:00,0.0,0.0,2401.5,1546.6333818816315,266.7,266.9,0.2,0.0
2025-10-17 22:30:00,,,,,,,,
2025-10-17 23:00:00,,,,,,,,
2025-10-17 23:30:00,,,,,,,,
2025-10-18 00:00:00,,,,,,,,
2025-10-18 00:30:00,,,,,,,,
2025-10-18 01:00:00,0.0,0.0,2401.6,1546.633381876799,266.7,266.9,0.2,0.0
2025-10-18 01:30:00,,,,,,,,
2025-10-18 02:00:00,,,,,,,,
2025-10-18 02:30:00,,,,,,,,
2025-10-18 03:00:00,,,,,,,,
2025-10-18 03:30:00,,,,,,,,
2025-10-18 04:00:00,0.0,0.0,2400.8,1546.6333819154852,266.7,266.9,0.2,0.0
2025-10-18 04:30:00,,,,,,,,
2025-10-18 05:00:00,,,,,,,,
2025-10-18 05:30:00,,,,,,,,
2025-10-18 06:00:00,,,,,,,,
2025-10-18 06:30:00,,,,,,,,
2025-10-18 07:00:00,0.0,0.0,2401.3,1546.633381891299,266.7,266.9,0.2,0.0
2025-10-18 07:30:00,,,,,,,,
2025-10-18 08:00:00,,,,,,,,
2025-10-18 08:30:00,,,,,,,,
2025-10-18 09:00:00,,,,,,,,
2025-10-18 09:30:00,,,,,,,,
2025-10-18 10:00:00,0.0,0.0,2399.7,1546.6333819687795,266.7,266.9,0.2,0.0
2025-10-18 10:30:00,,,,,,,,
2025-10-18 11:00:00,,,,,,,,
2025-10-18 11:30:00,,,,,,,,
2025-10-18 12:00:00,,,,,,,,
2025-10-18 12:30:00,,,,,,,,
2025-10-18 13:00:00,0.0,0.0,2401.1,1546.6333819583263,266.7,266.7,0.2,0.0
2025-10-18 13:30:00,,,,,,,,
2025-10-18 14:00:00,,,,,,,,
2025-10-18 14:30:00,,,,,,,,
2025-10-18 15:00:00,,,,,,,,
2025-10-18 15:30:00,,,,,,,,
2025-10-18 16:00:00,0.0,0.0,2399.7,1546.6333819687795,266.7,266.9,0.2,0.0
2025-10-18 16:30:00,,,,,,,,
2025-10-18 17:00:00,,,,,,,,
2025-10-18 17:30:00,,,,,,,,
2025-10-18 18:00:00,,,,,,,,
2025-10-18 18:30:00,,,,,,,,
2025-10-18 19:00:00,0.0,0.0,2398.7,1546.6333661777264,266.7,266.9,0.3,0.0
2025-10-18 19:30:00,,,,,,,,
2025-10-18 20:00:00,,,,,,,,
2025-10-18 20:30:00,,,,,,,,
2025-10-18 21:00:00,,,,,,,,
2025-10-18 21:30:00,,,,,,,,
2025-10-18 22:00:00,0.0,0.0,2400.3,1546.6333819396955,266.7,266.9,0.2,0.0
2025-10-18 22:30:00,,,,,,,,
2025-10-18 23:00:00,,,,,,,,
2025-10-18 23:30:00,,,,,,,,
2025-10-19 00:00:00,,,,,,,,
2025-10-19 00:30:00,,,,,,,,
2025-10-19 01:00:00,0.0,0.0,2399.2,1546.6333661666702,266.7,266.9,0.3,0.0
2025-10-19 01:30:00,,,,,,,,
2025-10-19 02:00:00,,,,,,,,
2025-10-19 02:30:00,,,,,,,,
2025-10-19 03:00:00,,,,,,,,
2025-10-19 03:30:00,,,,,,,,
2025-10-19 04:00:00,0.0,0.0,2398.5,1546.6333819695346,266.7,267.1,0.2,0.0
2025-10-19 04:30:00,,,,,,,,
2025-10-19 05:00:00,,,,,,,,
2025-10-19 05:30:00,,,,,,,,
2025-10-19 06:00:00,,,,,,,,
2025-10-19 06:30:00,,,,,,,,
2025-10-19 07:00:00,0.0,0.0,2398.2,1546.6333820416423,266.7,266.9,0.2,0.0
2025-10-19 07:30:00,,,,,,,,
2025-10-19 08:00:00,,,,,,,,
2025-10-19 08:30:00,,,,,,,,
2025-10-19 09:00:00,,,,,,,,
2025-10-19 09:30:00,,,,,,,,
2025-10-19 10:00:00,0.0,0.0,2398.2,1546.6333820416423,266.7,266.9,0.2,0.0
2025-10-19 10:30:00,,,,,,,,
2025-10-19 11:00:00,,,,,,,,
2025-10-19 11:30:00,,,,,,,,
2025-10-19 12:00:00,,,,,,,,
2025-10-19 12:30:00,,,,,,,,
2025-10-19 13:00:00,0.0,0.0,2398.1,1546.6333821042078,266.7,266.7,0.2,0.0
2025-10-19 13:30:00,,,,,,,,
2025-10-19 14:00:00,,,,,,,,
2025-10-19 14:30:00,,,,,,,,
2025-10-19 15:00:00,,,,,,,,
2025-10-19 15:30:00,,,,,,,,
2025-10-19 16:00:00,0.0,0.0,2398.4,1546.6333820319148,266.7,266.9,0.2,0.0
2025-10-19 16:30:00,,,,,,,,
2025-10-19 17:00:00,,,,,,,,
2025-10-19 17:30:00,,,,,,,,
2025-10-19 18:00:00,,,,,,,,
2025-10-19 18:30:00,,,,,,,,
2025-10-19 19:00:00,0.0,0.0,2399.1,1546.6333819978986,266.7,266.9,0.2,0.0
2025-10-19 19:30:00,,,,,,,,
2025-10-19 20:00:00,,,,,,,,
2025-10-19 20:30:00,,,,,,,,
2025-10-19 21:00:00,,,,,,,,
2025-10-19 21:30:00,,,,,,,,
2025-10-19 22:00:00,0.0,0.0,2397.7,1546.6333820659786,266.7,266.9,0.2,0.0
2025-10-19 22:30:00,,,,,,,,
2025-10-19 23:00:00,,,,,,,,
2025-10-19 23:30:00,,,,,,,,
2025-10-20 00:00:00,,,,,,,,
2025-10-20 00:30:00,,,,,,,,
2025-10-20 01:00:00,0.0,0.0,2397.5,1546.63338207572,266.7,266.9,0.2,0.0
2025-10-20 01:30:00,,,,,,,,
2025-10-20 02:00:00,,,,,,,,
2025-10-20 02:30:00,,,,,,,,
2025-10-20 03:00:00,,,,,,,,
2025-10-20 03:30:00,,,,,,,,
2025-10-20 04:00:00,0.0,0.0,2397.2,1546.633382032672,266.7,267.1,0.2,0.0
2025-10-20 04:30:00,,,,,,,,
2025-10-20 05:00:00,,,,,,,,
2025-10-20 05:30:00,,,,,,,,
2025-10-20 06:00:00,,,,,,,,
2025-10-20 06:30:00,,,,,,,,
2025-10-20 07:00:00,0.0,0.0,2396.9,1546.6333821049673,266.7,266.9,0.2,0.0
2025-10-20 07:30:00,,,,,,,,
2025-10-20 08:00:00,,,,,,,,
2025-10-20 08:30:00,,,,,,,,
2025-10-20 09:00:00,,,,,,,,
2025-10-20 09:30:00,,,,,,,,
2025-10-20 10:00:00,0.0,0.0,2395.0,1546.633382197815,266.7,266.9,0.2,0.0
2025-10-20 10:30:00,,,,,,,,
2025-10-20 11:00:00,,,,,,,,
2025-10-20 11:30:00,,,,,,,,
2025-10-20 12:00:00,,,,,,,,
2025-10-20 12:30:00,,,,,,,,
2025-10-20 13:00:00,0.0,0.0,2396.5,1546.6333821244846,266.7,266.9,0.2,0.0
2025-10-20 13:30:00,,,,,,,,
2025-10-20 14:00:00,,,,,,,,
2025-10-20 14:30:00,,,,,,,,
2025-10-20 15:00:00,,,,,,,,
2025-10-20 15:30:00,,,,,,,,
2025-10-20 16:00:00,0.0,0.0,2395.9,1546.6333821537905,266.7,266.9,0.2,0.0
2025-10-20 16:30:00,,,,,,,,
2025-10-20 17:00:00,,,,,,,,
2025-10-20 17:30:00,,,,,,,,
2025-10-20 18:00:00,,,,,,,,
2025-10-20 18:30:00,,,,,,,,
2025-10-20 19:00:00,0.0,0.0,2398.4,1546.6333820319148,266.7,266.9,0.2,0.0
2025-10-20 19:30:00,,,,,,,,
2025-10-20 20:00:00,,,,,,,,
2025-10-20 20:30:00,,,,,,,,
2025-10-20 21:00:00,,,,,,,,
2025-10-20 21:30:00,,,,,,,,
2025-10-20 22:00:00,0.0,0.0,2392.0,1546.6333823451394,266.7,266.9,0.2,0.0
2025-10-20 22:30:00,,,,,,,,
2025-10-20 23:00:00,,,,,,,,
2025-10-20 23:30:00,,,,,,,,
2025-10-21 00:00:00,,,,,,,,
2025-10-21 00:30:00,,,,,,,,
2025-10-21 01:00:00,0.0,0.0,2393.2,1546.6333822279723,266.7,267.1,0.2,0.0
2025-10-21 01:30:00,,,,,,,,
2025-10-21 02:00:00,,,,,,,,
2025-10-21 02:30:00,,,,,,,,
2025-10-21 03:00:00,,,,,,,,
2025-10-21 03:30:00,,,,,,,,
2025-10-21 04:00:00,0.0,0.0,2393.2,1546.6333822861036,266.7,266.9,0.2,0.0
2025-10-21 04:30:00,,,,,,,,
2025-10-21 05:00:00,,,,,,,,
2025-10-21 05:30:00,,,,,,,,
2025-10-21 06:00:00,,,,,,,,
2025-10-21 06:30:00,,,,,,,,
2025-10-21 07:00:00,0.0,0.0,2394.6,1546.6333821594392,266.7,267.1,0.2,0.0
2025-10-21 07:30:00,,,,,,,,
2025-10-21 08:00:00,,,,,,,,
2025-10-21 08:30:00,,,,,,,,
2025-10-21 09:00:00,,,,,,,,
2025-10-21 09:30:00,,,,,,,,
2025-10-21 10:00:00,0.0,0.0,2395.4,1546.633382178239,266.7,266.9,0.2,0.0
2025-10-21 10:30:00,,,,,,,,
2025-10-21 11:00:00,,,,,,,,
2025-10-21 11:30:00,,,,,,,,
2025-10-21 12:00:00,,,,,,,,
2025-10-21 12:30:00,,,,,,,,
2025-10-21 13:00:00,0.0,0.0,2395.1,1546.63338219292,266.7,266.9,0.2,0.0
2025-10-21 13:30:00,,,,,,,,
2025-10-21 14:00:00,,,,,,,,
2025-10-21 14:30:00,,,,,,,,
2025-10-21 15:00:00,,,,,,,,
2025-10-21 15:30:00,,,,,,,,
2025-10-21 16:00:00,0.0,0.0,2407.4,1546.6333815981557,266.7,266.9,0.2,0.0
2025-10-21 16:30:00,,,,,,,,
2025-10-21 17:00:00,,,,,,,,
2025-10-21 17:30:00,,,,,,,,
2025-10-21 18:00:00,,,,,,,,
2025-10-21 18:30:00,,,,,,,,
2025-10-21 19:00:00,0.0,0.0,2394.9,1546.6333821447786,266.7,267.1,0.2,0.0
2025-10-21 19:30:00,,,,,,,,
2025-10-21 20:00:00,,,,,,,,
2025-10-21 20:30:00,,,,,,,,
2025-10-21 21:00:00,,,,,,,,
2025-10-21 21:30:00,,,,,,,,
2025-10-21 22:00:00,0.0,0.0,2396.7,1546.6333820569992,266.7,267.1,0.2,0.0
2025-10-21 22:30:00,,,,,,,,
2025-10-21 23:00:00,,,,,,,,
2025-10-21 23:30:00,,,,,,,,
2025-10-22 00:00:00,,,,,,,,
2025-10-22 00:30:00,,,,,,,,
2025-10-22 01:00:00,0.0,0.0,2398.4,1546.6333819743854,266.7,267.1,0.2,0.0
2025-10-22 01:30:00,,,,,,,,
2025-10-22 02:00:00,,,,,,,,
2025-10-22 02:30:00,,,,,,,,
2025-10-22 03:00:00,,,,,,,,
2025-10-22 03:30:00,,,,,,,,
2025-10-22 04:00:00,0.0,0.0,2399.8,1546.633381906561,266.7,267.1,0.2,0.0
2025-10-22 04:30:00,,,,,,,,
2025-10-22 05:00:00,,,,,,,,
2025-10-22 05:30:00,,,,,,,,
2025-10-22 06:00:00,,,,,,,,
2025-10-22 06:30:00,,,,,,,,
2025-10-22 07:00:00,0.0,0.0,2400.0,1546.6333820117147,266.7,266.7,0.2,0.0
2025-10-22 07:30:00,,,,,,,,
2025-10-22 08:00:00,,,,,,,,
2025-10-22 08:30:00,,,,,,,,
2025-10-22 09:00:00,,,,,,,,
2025-10-22 09:30:00,,,,,,,,
2025-10-22 10:00:00,0.0,0.0,2401.9,1546.6333660810287,266.7,267.1,0.3,0.0
2025-10-22 10:30:00,,,,,,,,
2025-10-22 11:00:00,,,,,,,,
2025-10-22 11:30:00,,,,,,,,
2025-10-22 12:00:00,,,,,,,,
2025-10-22 12:30:00,,,,,,,,
2025-10-22 13:00:00,0.0,0.0,2404.2,1546.633381751493,266.7,266.9,0.2,0.0
2025-10-22 13:30:00,,,,,,,,
2025-10-22 14:00:00,,,,,,,,
2025-10-22 14:30:00,,,,,,,,
2025-10-22 15:00:00,,,,,,,,
2025-10-22 15:30:00,,,,,,,,
2025-10-22 16:00:00,0.0,0.0,2404.6,1546.6333817322727,266.7,266.9,0.2,0.0
2025-10-22 16:30:00,,,,,,,,
2025-10-22 17:00:00,,,,,,,,
2025-10-22 17:30:00,,,,,,,,
2025-10-22 18:00:00,,,,,,,,
2025-10-22 18:30:00,,,,,,,,
2025-10-22 19:00:00,0.0,0.0,2406.6,1546.6333815797998,266.7,267.1,0.2,0.0
2025-10-22 19:30:00,,,,,,,,
2025-10-22 20:00:00,,,,,,,,
2025-10-22 20:30:00,,,,,,,,
2025-10-22 21:00:00,,,,,,,,
2025-10-22 21:30:00,,,,,,,,
2025-10-22 22:00:00,0.0,0.0,2410.4,1546.6333814552816,266.7,266.9,0.2,0.0
2025-10-22 22:30:00,,,,,,,,
2025-10-22 23:00:00,,,,,,,,
2025-10-22 23:30:00,,,,,,,,
2025-10-23 00:00:00,,,,,,,,
2025-10-23 00:30:00,,,,,,,,
2025-10-23 01:00:00,0.0,0.0,2408.7,1546.6333659580068,266.7,266.9,0.3,0.0
2025-10-23 01:30:00,,,,,,,,
2025-10-23 02:00:00,,,,,,,,
2025-10-23 02:30:00,,,,,,,,
2025-10-23 03:00:00,,,,,,,,
2025-10-23 03:30:00,,,,,,,,
2025-10-23 04:00:00,0.0,0.0,2409.0,1546.6333814655197,266.7,267.1,0.2,0.0
2025-10-23 04:30:00,,,,,,,,
2025-10-23 05:00:00,,,,,,,,
2025-10-23 05:30:00,,,,,,,,
2025-10-23 06:00:00,,,,,,,,
2025-10-23 06:30:00,,,,,,,,
2025-10-23 07:00:00,0.0,0.0,2412.8,1546.633381285679,266.7,267.1,0.2,0.0
2025-10-23 07:30:00,,,,,,,,
2025-10-23 08:00:00,,,,,,,,
2025-10-23 08:30:00,,,,,,,,
2025-10-23 09:00:00,,,,,,,,
2025-10-23 09:30:00,,,,,,,,
2025-10-23 10:00:00,0.0,0.0,2412.7,1546.6333812903945,266.7,267.1,0.2,0.0
2025-10-23 10:30:00,,,,,,,,
2025-10-23 11:00:00,,,,,,,,
2025-10-23 11:30:00,,,,,,,,
2025-10-23 12:00:00,,,,,,,,
2025-10-23 12:30:00,,,,,,,,
2025-10-23 13:00:00,0.0,0.0,2413.2,1546.6333813226934,266.7,266.9,0.2,0.0
2025-10-23 13:30:00,,,,,,,,
2025-10-23 14:00:00,,,,,,,,
2025-10-23 14:30:00,,,,,,,,
2025-10-23 15:00:00,,,,,,,,
2025-10-23 15:30:00,,,,,,,,
2025-10-23 16:00:00,0.0,0.0,2414.3,1546.6333812708046,266.7,266.9,0.2,0.0
2025-10-23 16:30:00,,,,,,,,
2025-10-23 17:00:00,,,,,,,,
2025-10-23 17:30:00,,,,,,,,
2025-10-23 18:00:00,,,,,,,,
2025-10-23 18:30:00,,,,,,,,
2025-10-23 19:00:00,0.0,0.0,2423.0,1546.6333808643328,266.7,266.9,0.2,0.0
2025-10-23 19:30:00,,,,,,,,
2025-10-23 20:00:00,,,,,,,,
2025-10-23 20:30:00,,,,,,,,
2025-10-23 21:00:00,,,,,,,,
2025-10-23 21:30:00,,,,,,,,
2025-10-23 22:00:00,0.0,0.0,2424.6,1546.633380911561,266.5,266.7,0.2,0.0
2025-10-23 22:30:00,,,,,,,,
2025-10-23 23:00:00,,,,,,,,
2025-10-23 23:30:00,,,,,,,,
2025-10-24 00:00:00,,,,,,,,
2025-10-24 00:30:00,,,,,,,,
2025-10-24 01:00:00,0.0,0.0,2419.0,1546.6333809951223,266.7,267.1,0.2,0.0
2025-10-24 01:30:00,,,,,,,,
2025-10-24 02:00:00,,,,,,,,
2025-10-24 02:30:00,,,,,,,,
2025-10-24 03:00:00,,,,,,,,
2025-10-24 03:30:00,,,,,,,,
2025-10-24 04:00:00,0.0,0.0,2421.0,1546.6333809571631,266.7,266.9,0.2,0.0
2025-10-24 04:30:00,,,,,,,,
2025-10-24 05:00:00,,,,,,,,
2025-10-24 05:30:00,,,,,,,,
2025-10-24 06:00:00,,,,,,,,
2025-10-24 06:30:00,,,,,,,,
2025-10-24 07:00:00,0.0,0.0,2192.0,1546.633393867538,267.6,267.6,0.2,0.0
2025-10-24 07:30:00,,,,,,,,
2025-10-24 08:00:00,,,,,,,,
2025-10-24 08:30:00,,,,,,,,
2025-10-24 09:00:00,,,,,,,,
2025-10-24 09:30:00,,,,,,,,
2025-10-24 10:00:00,0.0,0.0,2122.3,1546.633398681698,268.3,268.5,0.2,0.0
2025-10-24 10:30:00,,,,,,,,
2025-10-24 11:00:00,,,,,,,,
2025-10-24 11:30:00,,,,,,,,
2025-10-24 12:00:00,,,,,,,,
2025-10-24 12:30:00,,,,,,,,
2025-10-24 13:00:00,0.0,0.0,2127.8,1546.6333982036174,268.3,268.5,0.2,0.0
2025-10-24 13:30:00,,,,,,,,
2025-10-24 14:00:00,,,,,,,,
2025-10-24 14:30:00,,,,,,,,
2025-10-24 15:00:00,,,,,,,,
2025-10-24 15:30:00,,,,,,,,
2025-10-24 16:00:00,0.0,0.0,2185.7,1546.6333711125567,268.2,268.3,0.3,0.0
2025-10-24 16:30:00,,,,,,,,
2025-10-24 17:00:00,,,,,,,,
2025-10-24 17:30:00,,,,,,,,
2025-10-24 18:00:00,,,,,,,,
2025-10-24 18:30:00,,,,,,,,
2025-10-24 19:00:00,0.0,0.0,2225.7,1546.6333909959014,268.0,268.2,0.2,0.0
2025-10-24 19:30:00,,,,,,,,
2025-10-24 20:00:00,,,,,,,,
2025-10-24 20:30:00,,,,,,,,
2025-10-24 21:00:00,,,,,,,,
2025-10-24 21:30:00,,,,,,,,
2025-10-24 22:00:00,0.0,0.0,2259.4,1546.6333887863334,268.0,268.2,0.2,0.0
2025-10-24 22:30:00,,,,,,,,
2025-10-24 23:00:00,,,,,,,,
2025-10-24 23:30:00,,,,,,,,
2025-10-25 00:00:00,,,,,,,,
2025-10-25 00:30:00,,,,,,,,
2025-10-25 01:00:00,0.0,0.0,2285.2,1536.334349566593,267.8,268.2,0.1,0.0
2025-10-25 01:30:00,,,,,,,,
2025-10-25 02:00:00,,,,,,,,
2025-10-25 02:30:00,,,,,,,,
2025-10-25 03:00:00,,,,,,,,
2025-10-25 03:30:00,,,,,,,,
2025-10-25 04:00:00,0.0,0.0,2306.0,1536.3343282163498,267.8,268.0,0.1,0.0
2025-10-25 04:30:00,,,,,,,,
2025-10-25 05:00:00,,,,,,,,
2025-10-25 05:30:00,,,,,,,,
2025-10-25 06:00:00,,,,,,,,
2025-10-25 06:30:00,,,,,,,,
2025-10-25 07:00:00,0.0,0.0,2322.5,1546.633385297436,267.6,268.0,0.2,0.0
2025-10-25 07:30:00,,,,,,,,
2025-10-25 08:00:00,,,,,,,,
2025-10-25 08:30:00,,,,,,,,
2025-10-25 09:00:00,,,,,,,,
2025-10-25 09:30:00,,,,,,,,
2025-10-25 10:00:00,0.0,0.0,2336.2,1546.6333845497961,267.6,268.0,0.2,0.0
2025-10-25 10:30:00,,,,,,,,
2025-10-25 11:00:00,,,,,,,,
2025-10-25 11:30:00,,,,,,,,
2025-10-25 12:00:00,,,,,,,,
2025-10-25 12:30:00,,,,,,,,
2025-10-25 13:00:00,0.0,0.0,2349.0,1546.633383932558,267.6,267.8,0.2,0.0
2025-10-25 13:30:00,,,,,,,,
2025-10-25 14:00:00,,,,,,,,
2025-10-25 14:30:00,,,,,,,,
2025-10-25 15:00:00,,,,,,,,
2025-10-25 15:30:00,,,,,,,,
2025-10-25 16:00:00,0.0,0.0,2359.3,1546.6333834713528,267.4,267.8,0.2,0.0
2025-10-25 16:30:00,,,,,,,,
2025-10-25 17:00:00,,,,,,,,
2025-10-25 17:30:00,,,,,,,,
2025-10-25 18:00:00,,,,,,,,
2025-10-25 18:30:00,,,,,,,,
2025-10-25 19:00:00,0.0,0.0,2367.6,1536.334271576989,267.4,267.6,0.1,0.0
2025-10-25 19:30:00,,,,,,,,
2025-10-25 20:00:00,,,,,,,,
2025-10-25 20:30:00,,,,,,,,
2025-10-25 21:00:00,,,,,,,,
2025-10-25 21:30:00,,,,,,,,
2025-10-25 22:00:00,0.0,0.0,2374.2,1536.3342660346732,267.3,267.6,0.1,0.0
2025-10-25 22:30:00,,,,,,,,
2025-10-25 23:00:00,,,,,,,,
2025-10-25 23:30:00,,,,,,,,
2025-10-26 00:00:00,,,,,,,,
2025-10-26 00:30:00,,,,,,,,
2025-10-26 01:00:00,0.0,0.0,2380.0,1546.633382520739,267.3,267.6,0.2,0.0
2025-10-26 01:30:00,,,,,,,,
2025-10-26 02:00:00,,,,,,,,
2025-10-26 02:30:00,,,,,,,,
2025-10-26 03:00:00,,,,,,,,
2025-10-26 03:30:00,,,,,,,,
2025-10-26 04:00:00,0.0,0.0,2385.2,1546.6333822641143,267.3,267.6,0.2,0.0
2025-10-26 04:30:00,,,,,,,,
2025-10-26 05:00:00,,,,,,,,
2025-10-26 05:30:00,,,,,,,,
2025-10-26 06:00:00,,,,,,,,
2025-10-26 06:30:00,,,,,,,,
2025-10-26 07:00:00,0.0,0.0,2389.4,1546.6333820587872,267.3,267.6,0.2,0.0
2025-10-26 07:30:00,,,,,,,,
2025-10-26 08:00:00,,,,,,,,
2025-10-26 08:30:00,,,,,,,,
2025-10-26 09:00:00,,,,,,,,
2025-10-26 09:30:00,,,,,,,,
2025-10-26 10:00:00,0.0,0.0,2393.4,1546.6333819916251,267.1,267.4,0.2,0.0
2025-10-26 10:30:00,,,,,,,,
2025-10-26 11:00:00,,,,,,,,
2025-10-26 11:30:00,,,,,,,,
2025-10-26 12:00:00,,,,,,,,
2025-10-26 12:30:00,,,,,,,,
2025-10-26 13:00:00,0.0,0.0,2396.5,1546.6333818415899,267.1,267.4,0.2,0.0
2025-10-26 13:30:00,,,,,,,,
2025-10-26 14:00:00,,,,,,,,
2025-10-26 14:30:00,,,,,,,,
2025-10-26 15:00:00,,,,,,,,
2025-10-26 15:30:00,,,,,,,,
2025-10-26 16:00:00,0.0,0.0,2398.2,1536.3342464311254,267.1,267.4,0.1,0.0
2025-10-26 16:30:00,,,,,,,,
2025-10-26 17:00:00,,,,,,,,
2025-10-26 17:30:00,,,,,,,,
2025-10-26 18:00:00,,,,,,,,
2025-10-26 18:30:00,,,,,,,,
2025-10-26 19:00:00,0.0,0.0,2400.7,1536.33424472195,267.1,267.3,0.1,0.0
2025-10-26 19:30:00,,,,,,,,
2025-10-26 20:00:00,,,,,,,,
2025-10-26 20:30:00,,,,,,,,
2025-10-26 21:00:00,,,,,,,,
2025-10-26 21:30:00,,,,,,,,
2025-10-26 22:00:00,0.0,0.0,2404.8,1546.633381472525,267.1,267.3,0.2,0.0
2025-10-26 22:30:00,,,,,,,,
2025-10-26 23:00:00,,,,,,,,
2025-10-26 23:30:00,,,,,,,,
2025-10-27 00:00:00,,,,,,,,
2025-10-27 00:30:00,,,,,,,,
2025-10-27 01:00:00,0.0,0.0,2405.9,1546.6333814884038,266.9,267.3,0.2,0.0
2025-10-27 01:30:00,,,,,,,,
2025-10-27 02:00:00,,,,,,,,
2025-10-27 02:30:00,,,,,,,,
2025-10-27 03:00:00,,,,,,,,
2025-10-27 03:30:00,,,,,,,,
2025-10-27 04:00:00,0.0,0.0,2405.5,1546.6333659707032,266.9,267.1,0.3,0.0
2025-10-27 04:30:00,,,,,,,,
2025-10-27 05:00:00,,,,,,,,
2025-10-27 05:30:00,,,,,,,,
2025-10-27 06:00:00,,,,,,,,
2025-10-27 06:30:00,,,,,,,,
2025-10-27 07:00:00,0.0,0.0,2407.0,1546.6333814361565,266.9,267.3,0.2,0.0
2025-10-27 07:30:00,,,,,,,,
2025-10-27 08:00:00,,,,,,,,
2025-10-27 08:30:00,,,,,,,,
2025-10-27 09:00:00,,,,,,,,
2025-10-27 09:30:00,,,,,,,,
2025-10-27 10:00:00,0.0,0.0,2407.3,1546.633381421927,266.9,267.3,0.2,0.0
2025-10-27 10:30:00,,,,,,,,
2025-10-27 11:00:00,,,,,,,,
2025-10-27 11:30:00,,,,,,,,
2025-10-27 12:00:00,,,,,,,,
2025-10-27 12:30:00,,,,,,,,
2025-10-27 13:00:00,0.0,0.0,2408.3,1546.633381430674,266.9,267.1,0.2,0.0
2025-10-27 13:30:00,,,,,,,,
2025-10-27 14:00:00,,,,,,,,
2025-10-27 14:30:00,,,,,,,,
2025-10-27 15:00:00,,,,,,,,
2025-10-27 15:30:00,,,,,,,,
2025-10-27 16:00:00,0.0,0.0,2408.4,1546.633381425931,266.9,267.1,0.2,0.0
2025-10-27 16:30:00,,,,,,,,
2025-10-27 17:00:00,,,,,,,,
2025-10-27 17:30:00,,,,,,,,
2025-10-27 18:00:00,,,,,,,,
2025-10-27 18:30:00,,,,,,,,
2025-10-27 19:00:00,0.0,0.0,2409.9,1546.6333813548972,266.9,267.1,0.2,0.0
2025-10-27 19:30:00,,,,,,,,
2025-10-27 20:00:00,,,,,,,,
2025-10-27 20:30:00,,,,,,,,
2025-10-27 21:00:00,,,,,,,,
2025-10-27 21:30:00,,,,,,,,
2025-10-27 22:00:00,0.0,0.0,2411.7,1536.3342372881837,266.9,267.1,0.1,0.0
2025-10-27 22:30:00,,,,,,,,
2025-10-27 23:00:00,,,,,,,,
2025-10-27 23:30:00,,,,,,,,
2025-10-28 00:00:00,,,,,,,,
2025-10-28 00:30:00,,,,,,,,
2025-10-28 01:00:00,0.0,0.0,2410.7,1546.6333813170982,266.9,267.1,0.2,0.0
2025-10-28 01:30:00,,,,,,,,
2025-10-28 02:00:00,,,,,,,,
2025-10-28 02:30:00,,,,,,,,
2025-10-28 03:00:00,,,,,,,,
2025-10-28 03:30:00,,,,,,,,
2025-10-28 04:00:00,0.0,0.0,2413.4,1546.633381189965,266.9,267.1,0.2,0.0
2025-10-28 04:30:00,,,,,,,,
2025-10-28 05:00:00,,,,,,,,
2025-10-28 05:30:00,,,,,,,,
2025-10-28 06:00:00,,,,,,,,
2025-10-28 06:30:00,,,,,,,,
2025-10-28 07:00:00,0.0,0.0,2417.4,1546.6333811251748,266.7,266.9,0.2,0.0
2025-10-28 07:30:00,,,,,,,,
2025-10-28 08:00:00,,,,,,,,
2025-10-28 08:30:00,,,,,,,,
2025-10-28 09:00:00,,,,,,,,
2025-10-28 09:30:00,,,,,,,,
2025-10-28 10:00:00,0.0,0.0,2415.9,1536.3342348615467,266.7,267.1,0.1,0.0
2025-10-28 10:30:00,,,,,,,,
2025-10-28 11:00:00,,,,,,,,
2025-10-28 11:30:00,,,,,,,,
2025-10-28 12:00:00,,,,,,,,
2025-10-28 12:30:00,,,,,,,,
2025-10-28 13:00:00,0.0,0.0,2413.4,1546.6333813132505,266.7,266.9,0.2,0.0
2025-10-28 13:30:00,,,,,,,,
2025-10-28 14:00:00,,,,,,,,
2025-10-28 14:30:00,,,,,,,,
2025-10-28 15:00:00,,,,,,,,
2025-10-28 15:30:00,,,,,,,,
2025-10-28 16:00:00,0.0,0.0,2413.5,1546.6333812526966,266.7,267.1,0.2,0.0
2025-10-28 16:30:00,,,,,,,,
2025-10-28 17:00:00,,,,,,,,
2025-10-28 17:30:00,,,,,,,,
2025-10-28 18:00:00,,,,,,,,
2025-10-28 18:30:00,,,,,,,,
2025-10-28 19:00:00,0.0,0.0,2414.4,1546.633381266093,266.7,266.9,0.2,0.0
2025-10-28 19:30:00,,,,,,,,
2025-10-28 20:00:00,,,,,,,,
2025-10-28 20:30:00,,,,,,,,
2025-10-28 21:00:00,,,,,,,,
2025-10-28 21:30:00,,,,,,,,
2025-10-28 22:00:00,0.0,0.0,2413.6,1546.6333813038118,266.7,266.9,0.2,0.0
2025-10-28 22:30:00,,,,,,,,
2025-10-28 23:00:00,,,,,,,,
2025-10-28 23:30:00,,,,,,,,
2025-10-29 00:00:00,,,,,,,,
2025-10-29 00:30:00,,,,,,,,
2025-10-29 01:00:00,0.0,0.0,2413.9,1546.63338123387,266.7,267.1,0.2,0.0
2025-10-29 01:30:00,,,,,,,,
2025-10-29 02:00:00,,,,,,,,
2025-10-29 02:30:00,,,,,,,,
2025-10-29 03:00:00,,,,,,,,
2025-10-29 03:30:00,,,,,,,,
2025-10-29 04:00:00,0.0,0.0,2415.2,1546.6333811727861,266.7,267.1,0.2,0.0
2025-10-29 04:30:00,,,,,,,,
2025-10-29 05:00:00,,,,,,,,
2025-10-29 05:30:00,,,,,,,,
2025-10-29 06:00:00,,,,,,,,
2025-10-29 06:30:00,,,,,,,,
2025-10-29 07:00:00,0.0,0.0,2414.7,1546.633381251964,266.7,266.9,0.2,0.0
2025-10-29 07:30:00,,,,,,,,
2025-10-29 08:00:00,,,,,,,,
2025-10-29 08:30:00,,,,,,,,
2025-10-29 09:00:00,,,,,,,,
2025-10-29 09:30:00,,,,,,,,
2025-10-29 10:00:00,0.0,0.0,2414.5,1546.6333812613823,266.7,266.9,0.2,0.0
2025-10-29 10:30:00,,,,,,,,
2025-10-29 11:00:00,,,,,,,,
2025-10-29 11:30:00,,,,,,,,
2025-10-29 12:00:00,,,,,,,,
2025-10-29 12:30:00,,,,,,,,
2025-10-29 13:00:00,0.0,0.0,2414.7,1536.3342369527018,266.7,266.9,0.1,0.0
2025-10-29 13:30:00,,,,,,,,
2025-10-29 14:00:00,,,,,,,,
2025-10-29 14:30:00,,,,,,,,
2025-10-29 15:00:00,,,,,,,,
2025-10-29 15:30:00,,,,,,,,
2025-10-29 16:00:00,0.0,0.0,2412.8,1546.6333813415897,266.7,266.9,0.2,0.0
2025-10-29 16:30:00,,,,,,,,
2025-10-29 17:00:00,,,,,,,,
2025-10-29 17:30:00,,,,,,,,
2025-10-29 18:00:00,,,,,,,,
2025-10-29 18:30:00,,,,,,,,
2025-10-29 19:00:00,0.0,0.0,2412.3,1546.6333813092651,266.7,267.1,0.2,0.0
2025-10-29 19:30:00,,,,,,,,
2025-10-29 20:00:00,,,,,,,,
2025-10-29 20:30:00,,,,,,,,
2025-10-29 21:00:00,,,,,,,,
2025-10-29 21:30:00,,,,,,,,
2025-10-29 22:00:00,0.0,0.0,2412.8,1546.6333813415897,266.7,266.9,0.2,0.0
2025-10-29 22:30:00,,,,,,,,
2025-10-29 23:00:00,,,,,,,,
2025-10-29 23:30:00,,,,,,,,
2025-10-30 00:00:00,,,,,,,,
2025-10-30 00:30:00,,,,,,,,
2025-10-30 01:00:00,0.0,0.0,2418.0,1546.633381097091,266.7,266.9,0.2,0.0
2025-10-30 01:30:00,,,,,,,,
2025-10-30 02:00:00,,,,,,,,
2025-10-30 02:30:00,,,,,,,,
2025-10-30 03:00:00,,,,,,,,
2025-10-30 03:30:00,,,,,,,,
2025-10-30 04:00:00,0.0,0.0,2417.0,1546.6333811439163,266.7,266.9,0.2,0.0
2025-10-30 04:30:00,,,,,,,,
2025-10-30 05:00:00,,,,,,,,
2025-10-30 05:30:00,,,,,,,,
2025-10-30 06:00:00,,,,,,,,
2025-10-30 06:30:00,,,,,,,,
2025-10-30 07:00:00,0.0,0.0,2412.7,1546.633381346316,266.7,266.9,0.2,0.0
2025-10-30 07:30:00,,,,,,,,
2025-10-30 08:00:00,,,,,,,,
2025-10-30 08:30:00,,,,,,,,
2025-10-30 09:00:00,,,,,,,,
2025-10-30 09:30:00,,,,,,,,
2025-10-30 10:00:00,0.0,0.0,2415.6,1546.6333812096261,266.7,266.9,0.2,0.0
2025-10-30 10:30:00,,,,,,,,
2025-10-30 11:00:00,,,,,,,,
2025-10-30 11:30:00,,,,,,,,
2025-10-30 12:00:00,,,,,,,,
2025-10-30 12:30:00,,,,,,,,
2025-10-30 13:00:00,0.0,0.0,2415.8,1546.633381200228,266.7,266.9,0.2,0.0
2025-10-30 13:30:00,,,,,,,,
2025-10-30 14:00:00,,,,,,,,
2025-10-30 14:30:00,,,,,,,,
2025-10-30 15:00:00,,,,,,,,
2025-10-30 15:30:00,,,,,,,,
2025-10-30 16:00:00,0.0,0.0,2414.2,1546.6333812755172,266.7,266.9,0.2,0.0
2025-10-30 16:30:00,,,,,,,,
2025-10-30 17:00:00,,,,,,,,
2025-10-30 17:30:00,,,,,,,,
2025-10-30 18:00:00,,,,,,,,
2025-10-30 18:30:00,,,,,,,,
2025-10-30 19:00:00,0.0,0.0,2418.8,1546.6333810596964,266.7,266.9,0.2,0.0
2025-10-30 19:30:00,,,,,,,,
2025-10-30 20:00:00,,,,,,,,
2025-10-30 20:30:00,,,,,,,,
2025-10-30 21:00:00,,,,,,,,
2025-10-30 21:30:00,,,,,,,,
2025-10-30 22:00:00,0.0,0.0,2416.8,1546.6333811532922,266.7,266.9,0.2,0.0
2025-10-30 22:30:00,,,,,,,,
2025-10-30 23:00:00,,,,,,,,
2025-10-30 23:30:00,,,,,,,,
2025-10-31 00:00:00,,,,,,,,
2025-10-31 00:30:00,,,,,,,,
2025-10-31 01:00:00,0.0,0.0,2418.1,1546.6333811595791,266.5,266.9,0.2,0.0
2025-10-31 01:30:00,,,,,,,,
2025-10-31 02:00:00,,,,,,,,
2025-10-31 02:30:00,,,,,,,,
2025-10-31 03:00:00,,,,,,,,
2025-10-31 03:30:00,,,,,,,,
2025-10-31 04:00:00,0.0,0.0,2414.3,1546.6333812708046,266.7,266.9,0.2,0.0
2025-10-31 04:30:00,,,,,,,,
2025-10-31 05:00:00,,,,,,,,
2025-10-31 05:30:00,,,,,,,,
2025-10-31 06:00:00,,,,,,,,
2025-10-31 06:30:00,,,,,,,,
2025-10-31 07:00:00,0.0,0.0,2412.7,1546.633381346316,266.7,266.9,0.2,0.0
2025-10-31 07:30:00,,,,,,,,
2025-10-31 08:00:00,,,,,,,,
2025-10-31 08:30:00,,,,,,,,
2025-10-31 09:00:00,,,,,,,,
2025-10-31 09:30:00,,,,,,,,
2025-10-31 10:00:00,0.0,0.0,2413.0,1546.6333813321396,266.7,266.9,0.2,0.0
2025-10-31 10:30:00,,,,,,,,
2025-10-31 11:00:00,,,,,,,,
2025-10-31 11:30:00,,,,,,,,
2025-10-31 12:00:00,,,,,,,,
2025-10-31 12:30:00,,,,,,,,
2025-10-31 13:00:00,0.0,0.0,2412.9,1546.633381336864,266.7,266.9,0.2,0.0
2025-10-31 13:30:00,,,,,,,,
2025-10-31 14:00:00,,,,,,,,
2025-10-31 14:30:00,,,,,,,,
2025-10-31 15:00:00,,,,,,,,
2025-10-31 15:30:00,,,,,,,,
2025-10-31 16:00:00,0.0,0.0,2414.6,1546.6333812009598,266.7,267.1,0.2,0.0
2025-10-31 16:30:00,,,,,,,,
2025-10-31 17:00:00,,,,,,,,
2025-10-31 17:30:00,,,,,,,,
2025-10-31 18:00:00,,,,,,,,
2025-10-31 18:30:00,,,,,,,,
2025-10-31 19:00:00,0.0,0.0,2415.9,1546.6333811955305,266.7,266.9,0.2,0.0
2025-10-31 19:30:00,,,,,,,,
2025-10-31 20:00:00,,,,,,,,
2025-10-31 20:30:00,,,,,,,,
2025-10-31 21:00:00,,,,,,,,
2025-10-31 21:30:00,,,,,,,,
2025-10-31 22:00:00,0.0,0.0,2415.9,1546.6333811399593,266.7,267.1,0.2,0.0
2025-10-31 22:30:00,,,,,,,,
2025-10-31 23:00:00,,,,,,,,
2025-10-31 23:30:00,,,,,,,,
2025-11-01 00:00:00,,,,,,,,
2025-11-01 00:30:00,,,,,,,,
2025-11-01 01:00:00,0.0,0.0,2412.7,1546.633381346316,266.7,266.9,0.2,0.0
2025-11-01 01:30:00,,,,,,,,
2025-11-01 02:00:00,,,,,,,,
2025-11-01 02:30:00,,,,,,,,
2025-11-01 03:00:00,,,,,,,,
2025-11-01 03:30:00,,,,,,,,
2025-11-01 04:00:00,0.0,0.0,2416.9,1546.633365780019,266.7,266.9,0.3,0.0
2025-11-01 04:30:00,,,,,,,,
2025-11-01 05:00:00,,,,,,,,
2025-11-01 05:30:00,,,,,,,,
2025-11-01 06:00:00,,,,,,,,
2025-11-01 06:30:00,,,,,,,,
2025-11-01 07:00:00,0.0,0.0,2419.0,1546.6333811729235,266.5,266.7,0.2,0.0
2025-11-01 07:30:00,,,,,,,,
2025-11-01 08:00:00,,,,,,,,
2025-11-01 08:30:00,,,,,,,,
2025-11-01 09:00:00,,,,,,,,
2025-11-01 09:30:00,,,,,,,,
2025-11-01 10:00:00,0.0,0.0,2418.1,1546.6333811595791,266.5,266.9,0.2,0.0
2025-11-01 10:30:00,,,,,,,,
2025-11-01 11:00:00,,,,,,,,
2025-11-01 11:30:00,,,,,,,,
2025-11-01 12:00:00,,,,,,,,
2025-11-01 12:30:00,,,,,,,,
2025-11-01 13:00:00,0.0,0.0,2418.4,1546.6333811455127,266.5,266.9,0.2,0.0
2025-11-01 13:30:00,,,,,,,,
2025-11-01 14:00:00,,,,,,,,
2025-11-01 14:30:00,,,,,,,,
2025-11-01 15:00:00,,,,,,,,
2025-11-01 15:30:00,,,,,,,,
2025-11-01 16:00:00,0.0,0.0,2417.1,1546.6333658066812,266.5,266.9,0.3,0.0
2025-11-01 16:30:00,,,,,,,,
2025-11-01 17:00:00,,,,,,,,
2025-11-01 17:30:00,,,,,,,,
2025-11-01 18:00:00,,,,,,,,
2025-11-01 18:30:00,,,,,,,,
2025-11-01 19:00:00,0.0,0.0,2416.1,1546.633381253568,266.5,266.9,0.2,0.0
2025-11-01 19:30:00,,,,,,,,
2025-11-01 20:00:00,,,,,,,,
2025-11-01 20:30:00,,,,,,,,
2025-11-01 21:00:00,,,,,,,,
2025-11-01 21:30:00,,,,,,,,
2025-11-01 22:00:00,0.0,0.0,2416.4,1546.633381239446,266.5,266.9,0.2,0.0
2025-11-01 22:30:00,,,,,,,,
2025-11-01 23:00:00,,,,,,,,
2025-11-01 23:30:00,,,,,,,,
2025-11-02 00:00:00,,,,,,,,
2025-11-02 00:30:00,,,,,,,,
2025-11-02 01:00:00,0.0,0.0,2416.0,1546.6333811908335,266.7,266.9,0.2,0.0
2025-11-02 01:30:00,,,,,,,,
2025-11-02 02:00:00,,,,,,,,
2025-11-02 02:30:00,,,,,,,,
2025-11-02 03:00:00,,,,,,,,
2025-11-02 03:30:00,,,,,,,,
2025-11-02 04:00:00,0.0,0.0,2415.9,1546.6333811955305,266.7,266.9,0.2,0.0
2025-11-02 04:30:00,,,,,,,,
2025-11-02 05:00:00,,,,,,,,
2025-11-02 05:30:00,,,,,,,,
2025-11-02 06:00:00,,,,,,,,
2025-11-02 06:30:00,,,,,,,,
2025-11-02 07:00:00,0.0,0.0,2417.4,1546.6333811251748,266.7,266.9,0.2,0.0
2025-11-02 07:30:00,,,,,,,,
2025-11-02 08:00:00,,,,,,,,
2025-11-02 08:30:00,,,,,,,,
2025-11-02 09:00:00,,,,,,,,
2025-11-02 09:30:00,,,,,,,,
2025-11-02 10:00:00,0.0,0.0,2416.9,1546.6333811486038,266.7,266.9,0.2,0.0
2025-11-02 10:30:00,,,,,,,,
2025-11-02 11:00:00,,,,,,,,
2025-11-02 11:30:00,,,,,,,,
2025-11-02 12:00:00,,,,,,,,
2025-11-02 12:30:00,,,,,,,,
2025-11-02 13:00:00,0.0,0.0,2416.9,1546.633381204195,266.7,266.7,0.2,0.0
2025-11-02 13:30:00,,,,,,,,
2025-11-02 14:00:00,,,,,,,,
2025-11-02 14:30:00,,,,,,,,
2025-11-02 15:00:00,,,,,,,,
2025-11-02 15:30:00,,,,,,,,
2025-11-02 16:00:00,0.0,0.0,2415.4,1546.633381219028,266.7,266.9,0.2,0.0
2025-11-02 16:30:00,,,,,,,,
2025-11-02 17:00:00,,,,,,,,
2025-11-02 17:30:00,,,,,,,,
2025-11-02 18:00:00,,,,,,,,
2025-11-02 18:30:00,,,,,,,,
2025-11-02 19:00:00,0.0,0.0,2414.4,1546.633381266093,266.7,266.9,0.2,0.0
2025-11-02 19:30:00,,,,,,,,
2025-11-02 20:00:00,,,,,,,,
2025-11-02 20:30:00,,,,,,,,
2025-11-02 21:00:00,,,,,,,,
2025-11-02 21:30:00,,,,,,,,
2025-11-02 22:00:00,0.0,0.0,2415.5,1546.6333812143268,266.7,266.9,0.2,0.0
2025-11-02 22:30:00,,,,,,,,
2025-11-02 23:00:00,,,,,,,,
2025-11-02 23:30:00,,,,,,,,
2025-11-03 00:00:00,,,,,,,,
2025-11-03 00:30:00,,,,,,,,
2025-11-03 01:00:00,0.0,0.0,2416.2,1536.334235636066,266.7,266.9,0.1,0.0
2025-11-03 01:30:00,,,,,,,,
2025-11-03 02:00:00,,,,,,,,
2025-11-03 02:30:00,,,,,,,,
2025-11-03 03:00:00,,,,,,,,
2025-11-03 03:30:00,,,,,,,,
2025-11-03 04:00:00,0.0,0.0,2416.5,1546.6333812347405,266.5,266.9,0.2,0.0
2025-11-03 04:30:00,,,,,,,,
2025-11-03 05:00:00,,,,,,,,
2025-11-03 05:30:00,,,,,,,,
2025-11-03 06:00:00,,,,,,,,
2025-11-03 06:30:00,,,,,,,,
2025-11-03 07:00:00,0.0,0.0,2417.1,1546.6333812065275,266.5,266.9,0.2,0.0
2025-11-03 07:30:00,,,,,,,,
2025-11-03 08:00:00,,,,,,,,
2025-11-03 08:30:00,,,,,,,,
2025-11-03 09:00:00,,,,,,,,
2025-11-03 09:30:00,,,,,,,,
2025-11-03 10:00:00,0.0,0.0,2414.4,1546.633381266093,266.7,266.9,0.2,0.0
2025-11-03 10:30:00,,,,,,,,
2025-11-03 11:00:00,,,,,,,,
2025-11-03 11:30:00,,,,,,,,
2025-11-03 12:00:00,,,,,,,,
2025-11-03 12:30:00,,,,,,,,
2025-11-03 13:00:00,0.0,0.0,2413.6,1546.6333813038118,266.7,266.9,0.2,0.0
2025-11-03 13:30:00,,,,,,,,
2025-11-03 14:00:00,,,,,,,,
2025-11-03 14:30:00,,,,,,,,
2025-11-03 15:00:00,,,,,,,,
2025-11-03 15:30:00,,,,,,,,
2025-11-03 16:00:00,0.0,0.0,2412.4,1546.6333813045462,266.7,267.1,0.2,0.0
2025-11-03 16:30:00,,,,,,,,
2025-11-03 17:00:00,,,,,,,,
2025-11-03 17:30:00,,,,,,,,
2025-11-03 18:00:00,,,,,,,,
2025-11-03 18:30:00,,,,,,,,
2025-11-03 19:00:00,0.0,0.0,2415.7,1546.63338127241,266.5,266.9,0.2,0.0
2025-11-03 19:30:00,,,,,,,,
2025-11-03 20:00:00,,,,,,,,
2025-11-03 20:30:00,,,,,,,,
2025-11-03 21:00:00,,,,,,,,
2025-11-03 21:30:00,,,,,,,,
2025-11-03 22:00:00,0.0,0.0,2416.0,1546.6333811908335,266.7,266.9,0.2,0.0
2025-11-03 22:30:00,,,,,,,,
2025-11-03 23:00:00,,,,,,,,
2025-11-03 23:30:00,,,,,,,,
2025-11-04 00:00:00,,,,,,,,
2025-11-04 00:30:00,,,,,,,,
2025-11-04 01:00:00,0.0,0.0,2416.1,1546.6333812418163,266.7,266.7,0.2,0.0
2025-11-04 01:30:00,,,,,,,,
2025-11-04 02:00:00,,,,,,,,
2025-11-04 02:30:00,,,,,,,,
2025-11-04 03:00:00,,,,,,,,
2025-11-04 03:30:00,,,,,,,,
2025-11-04 04:00:00,0.0,0.0,2415.9,1546.6333811955305,266.7,266.9,0.2,0.0
2025-11-04 04:30:00,,,,,,,,
2025-11-04 05:00:00,,,,,,,,
2025-11-04 05:30:00,,,,,,,,
2025-11-04 06:00:00,,,,,,,,
2025-11-04 06:30:00,,,,,,,,
2025-11-04 07:00:00,0.0,0.0,2417.1,1546.633365801284,266.7,266.7,0.3,0.0
2025-11-04 07:30:00,,,,,,,,
2025-11-04 08:00:00,,,,,,,,
2025-11-04 08:30:00,,,,,,,,
2025-11-04 09:00:00,,,,,,,,
2025-11-04 09:30:00,,,,,,,,
2025-11-04 10:00:00,0.0,0.0,2416.7,1546.6333811579816,266.7,266.9,0.2,0.0
2025-11-04 10:30:00,,,,,,,,
2025-11-04 11:00:00,,,,,,,,
2025-11-04 11:30:00,,,,,,,,
2025-11-04 12:00:00,,,,,,,,
2025-11-04 12:30:00,,,,,,,,
2025-11-04 13:00:00,0.0,0.0,2418.4,1546.6333811338145,266.7,266.7,0.2,0.0
2025-11-04 13:30:00,,,,,,,,
2025-11-04 14:00:00,,,,,,,,
2025-11-04 14:30:00,,,,,,,,
2025-11-04 15:00:00,,,,,,,,
2025-11-04 15:30:00,,,,,,,,
2025-11-04 16:00:00,0.0,0.0,2416.7,1546.6333811579816,266.7,266.9,0.2,0.0
2025-11-04 16:30:00,,,,,,,,
2025-11-04 17:00:00,,,,,,,,
2025-11-04 17:30:00,,,,,,,,
2025-11-04 18:00:00,,,,,,,,
2025-11-04 18:30:00,,,,,,,,
2025-11-04 19:00:00,0.0,0.0,2416.1,1546.6333811861375,266.7,266.9,0.2,0.0
2025-11-04 19:30:00,,,,,,,,
2025-11-04 20:00:00,,,,,,,,
2025-11-04 20:30:00,,,,,,,,
2025-11-04 21:00:00,,,,,,,,
2025-11-04 21:30:00,,,,,,,,
2025-11-04 22:00:00,0.0,0.0,2416.5,1546.6333812347405,266.5,266.9,0.2,0.0
2025-11-04 22:30:00,,,,,,,,
2025-11-04 23:00:00,,,,,,,,
2025-11-04 23:30:00,,,,,,,,
2025-11-05 00:00:00,,,,,,,,
2025-11-05 00:30:00,,,,,,,,
2025-11-05 01:00:00,0.0,0.0,2416.1,1546.633365797298,266.7,266.9,0.3,0.0
2025-11-05 01:30:00,,,,,,,,
2025-11-05 02:00:00,,,,,,,,
2025-11-05 02:30:00,,,,,,,,
2025-11-05 03:00:00,,,,,,,,
2025-11-05 03:30:00,,,,,,,,
2025-11-05 04:00:00,0.0,0.0,2416.2,1546.6333811814427,266.7,266.9,0.2,0.0
2025-11-05 04:30:00,,,,,,,,
2025-11-05 05:00:00,,,,,,,,
2025-11-05 05:30:00,,,,,,,,
2025-11-05 06:00:00,,,,,,,,
2025-11-05 06:30:00,,,,,,,,
2025-11-05 07:00:00,0.0,0.0,2417.2,1546.6333811345435,266.7,266.9,0.2,0.0
2025-11-05 07:30:00,,,,,,,,
2025-11-05 08:00:00,,,,,,,,
2025-11-05 08:30:00,,,,,,,,
2025-11-05 09:00:00,,,,,,,,
2025-11-05 09:30:00,,,,,,,,
2025-11-05 10:00:00,0.0,0.0,2417.4,1546.6333812481264,266.5,266.7,0.2,0.0
2025-11-05 10:30:00,,,,,,,,
2025-11-05 11:00:00,,,,,,,,
2025-11-05 11:30:00,,,,,,,,
2025-11-05 12:00:00,,,,,,,,
2025-11-05 12:30:00,,,,,,,,
2025-11-05 13:00:00,0.0,0.0,2421.1,1546.633381019286,266.5,266.9,0.2,0.0
2025-11-05 13:30:00,,,,,,,,
2025-11-05 14:00:00,,,,,,,,
2025-11-05 14:30:00,,,,,,,,
2025-11-05 15:00:00,,,,,,,,
2025-11-05 15:30:00,,,,,,,,
2025-11-05 16:00:00,0.0,0.0,2415.5,1546.633381337738,266.5,266.7,0.2,0.0
2025-11-05 16:30:00,,,,,,,,
2025-11-05 17:00:00,,,,,,,,
2025-11-05 17:30:00,,,,,,,,
2025-11-05 18:00:00,,,,,,,,
2025-11-05 18:30:00,,,,,,,,
2025-11-05 19:00:00,0.0,0.0,2416.7,1546.6333812253324,266.5,266.9,0.2,0.0
2025-11-05 19:30:00,,,,,,,,
2025-11-05 20:00:00,,,,,,,,
2025-11-05 20:30:00,,,,,,,,
2025-11-05 21:00:00,,,,,,,,
2025-11-05 21:30:00,,,,,,,,
2025-11-05 22:00:00,0.0,0.0,2416.1,1546.633381253568,266.5,266.9,0.2,0.0
2025-11-05 22:30:00,,,,,,,,
2025-11-05 23:00:00,,,,,,,,
2025-11-05 23:30:00,,,,,,,,
2025-11-06 00:00:00,,,,,,,,
2025-11-06 00:30:00,,,,,,,,
2025-11-06 01:00:00,0.0,0.0,2416.7,1546.6333658153326,266.5,266.9,0.3,0.0
2025-11-06 01:30:00,,,,,,,,
2025-11-06 02:00:00,,,,,,,,
2025-11-06 02:30:00,,,,,,,,
2025-11-06 03:00:00,,,,,,,,
2025-11-06 03:30:00,,,,,,,,
2025-11-06 04:00:00,0.0,0.0,2418.3,1546.6333811502004,266.5,266.9,0.2,0.0
2025-11-06 04:30:00,,,,,,,,
2025-11-06 05:00:00,,,,,,,,
2025-11-06 05:30:00,,,,,,,,
2025-11-06 06:00:00,,,,,,,,
2025-11-06 06:30:00,,,,,,,,
2025-11-06 07:00:00,0.0,0.0,2416.7,1546.6333812253324,266.5,266.9,0.2,0.0
2025-11-06 07:30:00,,,,,,,,
2025-11-06 08:00:00,,,,,,,,
2025-11-06 08:30:00,,,,,,,,
2025-11-06 09:00:00,,,,,,,,
2025-11-06 09:30:00,,,,,,,,
2025-11-06 10:00:00,0.0,0.0,2415.7,1546.63338127241,266.5,266.9,0.2,0.0
2025-11-06 10:30:00,,,,,,,,
2025-11-06 11:00:00,,,,,,,,
2025-11-06 11:30:00,,,,,,,,
2025-11-06 12:00:00,,,,,,,,
2025-11-06 12:30:00,,,,,,,,
2025-11-06 13:00:00,0.0,0.0,2418.7,1546.6333811870056,266.5,266.7,0.2,0.0
2025-11-06 13:30:00,,,,,,,,
2025-11-06 14:00:00,,,,,,,,
2025-11-06 14:30:00,,,,,,,,
2025-11-06 15:00:00,,,,,,,,
2025-11-06 15:30:00,,,,,,,,
2025-11-06 16:00:00,0.0,0.0,2417.3,1546.6333811971303,266.5,266.9,0.2,0.0
2025-11-06 16:30:00,,,,,,,,
2025-11-06 17:00:00,,,,,,,,
2025-11-06 17:30:00,,,,,,,,
2025-11-06 18:00:00,,,,,,,,
2025-11-06 18:30:00,,,,,,,,
2025-11-06 19:00:00,0.0,0.0,2417.1,1546.6333812622536,266.5,266.7,0.2,0.0
2025-11-06 19:30:00,,,,,,,,
2025-11-06 20:00:00,,,,,,,,
2025-11-06 20:30:00,,,,,,,,
2025-11-06 21:00:00,,,,,,,,
2025-11-06 21:30:00,,,,,,,,
2025-11-06 22:00:00,0.0,0.0,2417.7,1546.6333811783475,266.5,266.9,0.2,0.0
2025-11-06 22:30:00,,,,,,,,
2025-11-06 23:00:00,,,,,,,,
2025-11-06 23:30:00,,,,,,,,
2025-11-07 00:00:00,,,,,,,,
2025-11-07 00:30:00,,,,,,,,
2025-11-07 01:00:00,0.0,0.0,2421.7,1546.6333809913258,266.5,266.9,0.2,0.0
2025-11-07 01:30:00,,,,,,,,
2025-11-07 02:00:00,,,,,,,,
2025-11-07 02:30:00,,,,,,,,
2025-11-07 03:00:00,,,,,,,,
2025-11-07 03:30:00,,,,,,,,
2025-11-07 04:00:00,0.0,0.0,2421.8,1546.6333810418846,266.5,266.7,0.2,0.0
2025-11-07 04:30:00,,,,,,,,
2025-11-07 05:00:00,,,,,,,,
2025-11-07 05:30:00,,,,,,,,
2025-11-07 06:00:00,,,,,,,,
2025-11-07 06:30:00,,,,,,,,
2025-11-07 07:00:00,0.0,0.0,2417.7,1546.6333812340079,266.5,266.7,0.2,0.0
2025-11-07 07:30:00,,,,,,,,
2025-11-07 08:00:00,,,,,,,,
2025-11-07 08:30:00,,,,,,,,
2025-11-07 09:00:00,,,,,,,,
2025-11-07 09:30:00,,,,,,,,
2025-11-07 10:00:00,0.0,0.0,2416.6,1546.633381285817,266.5,266.7,0.2,0.0
2025-11-07 10:30:00,,,,,,,,
2025-11-07 11:00:00,,,,,,,,
2025-11-07 11:30:00,,,,,,,,
2025-11-07 12:00:00,,,,,,,,
2025-11-07 12:30:00,,,,,,,,
2025-11-07 13:00:00,0.0,0.0,2415.5,1546.6333812818364,266.5,266.9,0.2,0.0
2025-11-07 13:30:00,,,,,,,,
2025-11-07 14:00:00,,,,,,,,
2025-11-07 14:30:00,,,,,,,,
2025-11-07 15:00:00,,,,,,,,
2025-11-07 15:30:00,,,,,,,,
2025-11-07 16:00:00,0.0,0.0,2417.0,1546.6333812112275,266.5,266.9,0.2,0.0
2025-11-07 16:30:00,,,,,,,,
2025-11-07 17:00:00,,,,,,,,
2025-11-07 17:30:00,,,,,,,,
2025-11-07 18:00:00,,,,,,,,
2025-11-07 18:30:00,,,,,,,,
2025-11-07 19:00:00,0.0,0.0,2416.6,1546.633381285817,266.5,266.7,0.2,0.0
2025-11-07 19:30:00,,,,,,,,
2025-11-07 20:00:00,,,,,,,,
2025-11-07 20:30:00,,,,,,,,
2025-11-07 21:00:00,,,,,,,,
2025-11-07 21:30:00,,,,,,,,
2025-11-07 22:00:00,0.0,0.0,2417.1,1546.6333812065275,266.5,266.9,0.2,0.0
2025-11-07 22:30:00,,,,,,,,
2025-11-07 23:00:00,,,,,,,,
2025-11-07 23:30:00,,,,,,,,
2025-11-08 00:00:00,,,,,,,,
2025-11-08 00:30:00,,,,,,,,
2025-11-08 01:00:00,0.0,0.0,2416.8,1546.6333812206296,266.5,266.9,0.2,0.0
2025-11-08 01:30:00,,,,,,,,
2025-11-08 02:00:00,,,,,,,,
2025-11-08 02:30:00,,,,,,,,
2025-11-08 03:00:00,,,,,,,,
2025-11-08 03:30:00,,,,,,,,
2025-11-08 04:00:00,0.0,0.0,2417.9,1546.6333658149958,266.5,266.7,0.3,0.0
2025-11-08 04:30:00,,,,,,,,
2025-11-08 05:00:00,,,,,,,,
2025-11-08 05:30:00,,,,,,,,
2025-11-08 06:00:00,,,,,,,,
2025-11-08 06:30:00,,,,,,,,
2025-11-08 07:00:00,0.0,0.0,2416.7,1546.6333811579816,266.7,266.9,0.2,0.0
2025-11-08 07:30:00,,,,,,,,
2025-11-08 08:00:00,,,,,,,,
2025-11-08 08:30:00,,,,,,,,
2025-11-08 09:00:00,,,,,,,,
2025-11-08 09:30:00,,,,,,,,
2025-11-08 10:00:00,0.0,0.0,2418.6,1546.6333811361399,266.5,266.9,0.2,0.0
2025-11-08 10:30:00,,,,,,,,
2025-11-08 11:00:00,,,,,,,,
2025-11-08 11:30:00,,,,,,,,
2025-11-08 12:00:00,,,,,,,,
2025-11-08 12:30:00,,,,,,,,
2025-11-08 13:00:00,0.0,0.0,2418.7,1546.6333811314546,266.5,266.9,0.2,0.0
2025-11-08 13:30:00,,,,,,,,
2025-11-08 14:00:00,,,,,,,,
2025-11-08 14:30:00,,,,,,,,
2025-11-08 15:00:00,,,,,,,,
2025-11-08 15:30:00,,,,,,,,
2025-11-08 16:00:00,0.0,0.0,2421.4,1546.6333810605602,266.5,266.7,0.2,0.0
2025-11-08 16:30:00,,,,,,,,
2025-11-08 17:00:00,,,,,,,,
2025-11-08 17:30:00,,,,,,,,
2025-11-08 18:00:00,,,,,,,,
2025-11-08 18:30:00,,,,,,,,
2025-11-08 19:00:00,0.0,0.0,2417.1,1546.6333812622536,266.5,266.7,0.2,0.0
2025-11-08 19:30:00,,,,,,,,
2025-11-08 20:00:00,,,,,,,,
2025-11-08 20:30:00,,,,,,,,
2025-11-08 21:00:00,,,,,,,,
2025-11-08 21:30:00,,,,,,,,
2025-11-08 22:00:00,0.0,0.0,2416.9,1546.6333812716762,266.5,266.7,0.2,0.0
2025-11-08 22:30:00,,,,,,,,
2025-11-08 23:00:00,,,,,,,,
2025-11-08 23:30:00,,,,,,,,
2025-11-09 00:00:00,,,,,,,,
2025-11-09 00:30:00,,,,,,,,
2025-11-09 01:00:00,0.0,0.0,2417.2,1546.6333812018283,266.5,266.9,0.2,0.0
2025-11-09 01:30:00,,,,,,,,
2025-11-09 02:00:00,,,,,,,,
2025-11-09 02:30:00,,,,,,,,
2025-11-09 03:00:00,,,,,,,,
2025-11-09 03:30:00,,,,,,,,
2025-11-09 04:00:00,0.0,0.0,2417.8,1546.6333812293035,266.5,266.7,0.2,0.0
2025-11-09 04:30:00,,,,,,,,
2025-11-09 05:00:00,,,,,,,,
2025-11-09 05:30:00,,,,,,,,
2025-11-09 06:00:00,,,,,,,,
2025-11-09 06:30:00,,,,,,,,
2025-11-09 07:00:00,0.0,0.0,2418.2,1546.6333812104954,266.5,266.7,0.2,0.0
2025-11-09 07:30:00,,,,,,,,
2025-11-09 08:00:00,,,,,,,,
2025-11-09 08:30:00,,,,,,,,
2025-11-09 09:00:00,,,,,,,,
2025-11-09 09:30:00,,,,,,,,
2025-11-09 10:00:00,0.0,0.0,2418.5,1546.6333811963991,266.5,266.7,0.2,0.0
2025-11-09 10:30:00,,,,,,,,
2025-11-09 11:00:00,,,,,,,,
2025-11-09 11:30:00,,,,,,,,
2025-11-09 12:00:00,,,,,,,,
2025-11-09 12:30:00,,,,,,,,
2025-11-09 13:00:00,0.0,0.0,2420.4,1546.633381107314,266.5,266.7,0.2,0.0
2025-11-09 13:30:00,,,,,,,,
2025-11-09 14:00:00,,,,,,,,
2025-11-09 14:30:00,,,,,,,,
2025-11-09 15:00:00,,,,,,,,
2025-11-09 15:30:00,,,,,,,,
2025-11-09 16:00:00,0.0,0.0,2420.0,1546.6333811260413,266.5,266.7,0.2,0.0
2025-11-09 16:30:00,,,,,,,,
2025-11-09 17:00:00,,,,,,,,
2025-11-09 17:30:00,,,,,,,,
2025-11-09 18:00:00,,,,,,,,
2025-11-09 18:30:00,,,,,,,,
2025-11-09 19:00:00,0.0,0.0,2422.2,1546.633381023223,266.5,266.7,0.2,0.0
2025-11-09 19:30:00,,,,,,,,
2025-11-09 20:00:00,,,,,,,,
2025-11-09 20:30:00,,,,,,,,
2025-11-09 21:00:00,,,,,,,,
2025-11-09 21:30:00,,,,,,,,
2025-11-09 22:00:00,0.0,0.0,2418.7,1546.6333811870056,266.5,266.7,0.2,0.0
2025-11-09 22:30:00,,,,,,,,
2025-11-09 23:00:00,,,,,,,,
2025-11-09 23:30:00,,,,,,,,
2025-11-10 00:00:00,,,,,,,,
2025-11-10 00:30:00,,,,,,,,
2025-11-10 01:00:00,0.0,0.0,2416.6,1546.633381285817,266.5,266.7,0.2,0.0
2025-11-10 01:30:00,,,,,,,,
2025-11-10 02:00:00,,,,,,,,
2025-11-10 02:30:00,,,,,,,,
2025-11-10 03:00:00,,,,,,,,
2025-11-10 03:30:00,,,,,,,,
2025-11-10 04:00:00,0.0,0.0,2418.8,1546.6333811823108,266.5,266.7,0.2,0.0
2025-11-10 04:30:00,,,,,,,,
2025-11-10 05:00:00,,,,,,,,
2025-11-10 05:30:00,,,,,,,,
2025-11-10 06:00:00,,,,,,,,
2025-11-10 06:30:00,,,,,,,,
2025-11-10 07:00:00,0.0,0.0,2419.2,1546.6333811635395,266.5,266.7,0.2,0.0
2025-11-10 07:30:00,,,,,,,,
2025-11-10 08:00:00,,,,,,,,
2025-11-10 08:30:00,,,,,,,,
2025-11-10 09:00:00,,,,,,,,
2025-11-10 09:30:00,,,,,,,,
2025-11-10 10:00:00,0.0,0.0,2419.8,1546.6333811354102,266.5,266.7,0.2,0.0
2025-11-10 10:30:00,,,,,,,,
2025-11-10 11:00:00,,,,,,,,
2025-11-10 11:30:00,,,,,,,,
2025-11-10 12:00:00,,,,,,,,
2025-11-10 12:30:00,,,,,,,,
2025-11-10 13:00:00,0.0,0.0,2418.9,1546.6333811776167,266.5,266.7,0.2,0.0
2025-11-10 13:30:00,,,,,,,,
2025-11-10 14:00:00,,,,,,,,
2025-11-10 14:30:00,,,,,,,,
2025-11-10 15:00:00,,,,,,,,
2025-11-10 15:30:00,,,,,,,,
2025-11-10 16:00:00,0.0,0.0,2418.0,1546.633381219898,266.5,266.7,0.2,0.0
2025-11-10 16:30:00,,,,,,,,
2025-11-10 17:00:00,,,,,,,,
2025-11-10 17:30:00,,,,,,,,
2025-11-10 18:00:00,,,,,,,,
2025-11-10 18:30:00,,,,,,,,
2025-11-10 19:00:00,0.0,0.0,2419.0,1546.6333811729235,266.5,266.7,0.2,0.0
2025-11-10 19:30:00,,,,,,,,
2025-11-10 20:00:00,,,,,,,,
2025-11-10 20:30:00,,,,,,,,
2025-11-10 21:00:00,,,,,,,,
2025-11-10 21:30:00,,,,,,,,
2025-11-10 22:00:00,0.0,0.0,2417.8,1546.6333812293035,266.5,266.7,0.2,0.0
2025-11-10 22:30:00,,,,,,,,
2025-11-10 23:00:00,,,,,,,,
2025-11-10 23:30:00,,,,,,,,
2025-11-11 00:00:00,,,,,,,,
2025-11-11 00:30:00,,,,,,,,
2025-11-11 01:00:00,0.0,0.0,2418.7,1546.6333811314546,266.5,266.9,0.2,0.0
2025-11-11 01:30:00,,,,,,,,
2025-11-11 02:00:00,,,,,,,,
2025-11-11 02:30:00,,,,,,,,
2025-11-11 03:00:00,,,,,,,,
2025-11-11 03:30:00,,,,,,,,
2025-11-11 04:00:00,0.0,0.0,2417.0,1546.6333658088436,266.5,266.9,0.3,0.0
2025-11-11 04:30:00,,,,,,,,
2025-11-11 05:00:00,,,,,,,,
2025-11-11 05:30:00,,,,,,,,
2025-11-11 06:00:00,,,,,,,,
2025-11-11 06:30:00,,,,,,,,
2025-11-11 07:00:00,0.0,0.0,2419.9,1546.6333811643387,266.4,266.7,0.2,0.0
2025-11-11 07:30:00,,,,,,,,
2025-11-11 08:00:00,,,,,,,,
2025-11-11 08:30:00,,,,,,,,
2025-11-11 09:00:00,,,,,,,,
2025-11-11 09:30:00,,,,,,,,
2025-11-11 10:00:00,0.0,0.0,2418.0,1546.633381219898,266.5,266.7,0.2,0.0
2025-11-11 10:30:00,,,,,,,,
2025-11-11 11:00:00,,,,,,,,
2025-11-11 11:30:00,,,,,,,,
2025-11-11 12:00:00,,,,,,,,
2025-11-11 12:30:00,,,,,,,,
2025-11-11 13:00:00,0.0,0.0,2419.9,1546.6333657717855,266.5,266.7,0.3,0.0
2025-11-11 13:30:00,,,,,,,,
2025-11-11 14:00:00,,,,,,,,
2025-11-11 14:30:00,,,,,,,,
2025-11-11 15:00:00,,,,,,,,
2025-11-11 15:30:00,,,,,,,,
2025-11-11 16:00:00,0.0,0.0,2419.4,1546.6333811541595,266.5,266.7,0.2,0.0
2025-11-11 16:30:00,,,,,,,,
2025-11-11 17:00:00,,,,,,,,
2025-11-11 17:30:00,,,,,,,,
2025-11-11 18:00:00,,,,,,,,
2025-11-11 18:30:00,,,,,,,,
2025-11-11 19:00:00,0.0,0.0,2420.1,1546.633381121358,266.5,266.7,0.2,0.0
2025-11-11 19:30:00,,,,,,,,
2025-11-11 20:00:00,,,,,,,,
2025-11-11 20:30:00,,,,,,,,
2025-11-11 21:00:00,,,,,,,,
2025-11-11 21:30:00,,,,,,,,
2025-11-11 22:00:00,0.0,0.0,2422.6,1546.6333810380122,266.4,266.7,0.2,0.0
2025-11-11 22:30:00,,,,,,,,
2025-11-11 23:00:00,,,,,,,,
2025-11-11 23:30:00,,,,,,,,
2025-11-12 00:00:00,,,,,,,,
2025-11-12 00:30:00,,,,,,,,
2025-11-12 01:00:00,0.0,0.0,2421.5,1546.6333810893977,266.4,266.7,0.2,0.0
2025-11-12 01:30:00,,,,,,,,
2025-11-12 02:00:00,,,,,,,,
2025-11-12 02:30:00,,,,,,,,
2025-11-12 03:00:00,,,,,,,,
2025-11-12 03:30:00,,,,,,,,
2025-11-12 04:00:00,0.0,0.0,2420.8,1546.6333811776854,266.4,266.5,0.2,0.0
2025-11-12 04:30:00,,,,,,,,
2025-11-12 05:00:00,,,,,,,,
2025-11-12 05:30:00,,,,,,,,
2025-11-12 06:00:00,,,,,,,,
2025-11-12 06:30:00,,,,,,,,
2025-11-12 07:00:00,0.0,0.0,2420.8,1546.6333811221557,266.4,266.7,0.2,0.0
2025-11-12 07:30:00,,,,,,,,
2025-11-12 08:00:00,,,,,,,,
2025-11-12 08:30:00,,,,,,,,
2025-11-12 09:00:00,,,,,,,,
2025-11-12 09:30:00,,,,,,,,
2025-11-12 10:00:00,0.0,0.0,2420.5,1546.633381102635,266.5,266.7,0.2,0.0
2025-11-12 10:30:00,,,,,,,,
2025-11-12 11:00:00,,,,,,,,
2025-11-12 11:30:00,,,,,,,,
2025-11-12 12:00:00,,,,,,,,
2025-11-12 12:30:00,,,,,,,,
2025-11-12 13:00:00,0.0,0.0,2420.5,1546.6333811917707,266.4,266.5,0.2,0.0
2025-11-12 13:30:00,,,,,,,,
2025-11-12 14:00:00,,,,,,,,
2025-11-12 14:30:00,,,,,,,,
2025-11-12 15:00:00,,,,,,,,
2025-11-12 15:30:00,,,,,,,,
2025-11-12 16:00:00,0.0,0.0,2420.4,1546.633381107314,266.5,266.7,0.2,0.0
2025-11-12 16:30:00,,,,,,,,
2025-11-12 17:00:00,,,,,,,,
2025-11-12 17:30:00,,,,,,,,
2025-11-12 18:00:00,,,,,,,,
2025-11-12 18:30:00,,,,,,,,
2025-11-12 19:00:00,0.0,0.0,2420.0,1546.6333811260413,266.5,266.7,0.2,0.0
2025-11-12 19:30:00,,,,,,,,
2025-11-12 20:00:00,,,,,,,,
2025-11-12 20:30:00,,,,,,,,
2025-11-12 21:00:00,,,,,,,,
2025-11-12 21:30:00,,,,,,,,
2025-11-12 22:00:00,0.0,0.0,2419.4,1546.6333811541595,266.5,266.7,0.2,0.0
2025-11-12 22:30:00,,,,,,,,
2025-11-12 23:00:00,,,,,,,,
2025-11-12 23:30:00,,,,,,,,
2025-11-13 00:00:00,,,,,,,,
2025-11-13 00:30:00,,,,,,,,
2025-11-13 01:00:00,0.0,0.0,2419.6,1546.633381144783,266.5,266.7,0.2,0.0
2025-11-13 01:30:00,,,,,,,,
2025-11-13 02:00:00,,,,,,,,
2025-11-13 02:30:00,,,,,,,,
2025-11-13 03:00:00,,,,,,,,
2025-11-13 03:30:00,,,,,,,,
2025-11-13 04:00:00,0.0,0.0,2419.8,1546.6333811354102,266.5,266.7,0.2,0.0
2025-11-13 04:30:00,,,,,,,,
2025-11-13 05:00:00,,,,,,,,
2025-11-13 05:30:00,,,,,,,,
2025-11-13 06:00:00,,,,,,,,
2025-11-13 06:30:00,,,,,,,,
2025-11-13 07:00:00,0.0,0.0,2419.3,1536.3342352142345,266.5,266.7,0.1,0.0
2025-11-13 07:30:00,,,,,,,,
2025-11-13 08:00:00,,,,,,,,
2025-11-13 08:30:00,,,,,,,,
2025-11-13 09:00:00,,,,,,,,
2025-11-13 09:30:00,,,,,,,,
2025-11-13 10:00:00,0.0,0.0,2419.5,1546.6333811494708,266.5,266.7,0.2,0.0
2025-11-13 10:30:00,,,,,,,,
2025-11-13 11:00:00,,,,,,,,
2025-11-13 11:30:00,,,,,,,,
2025-11-13 12:00:00,,,,,,,,
2025-11-13 12:30:00,,,,,,,,
2025-11-13 13:00:00,0.0,0.0,2419.3,1546.633381158849,266.5,266.7,0.2,0.0
2025-11-13 13:30:00,,,,,,,,
2025-11-13 14:00:00,,,,,,,,
2025-11-13 14:30:00,,,,,,,,
2025-11-13 15:00:00,,,,,,,,
2025-11-13 15:30:00,,,,,,,,
2025-11-13 16:00:00,0.0,0.0,2418.3,1546.6333812615203,266.5,266.5,0.2,0.0
2025-11-13 16:30:00,,,,,,,,
2025-11-13 17:00:00,,,,,,,,
2025-11-13 17:30:00,,,,,,,,
2025-11-13 18:00:00,,,,,,,,
2025-11-13 18:30:00,,,,,,,,
2025-11-13 19:00:00,0.0,0.0,2419.3,1546.633381103363,266.5,266.9,0.2,0.0
2025-11-13 19:30:00,,,,,,,,
2025-11-13 20:00:00,,,,,,,,
2025-11-13 20:30:00,,,,,,,,
2025-11-13 21:00:00,,,,,,,,
2025-11-13 21:30:00,,,,,,,,
2025-11-13 22:00:00,0.0,0.0,2419.8,1546.6333811354102,266.5,266.7,0.2,0.0
2025-11-13 22:30:00,,,,,,,,
2025-11-13 23:00:00,,,,,,,,
2025-11-13 23:30:00,,,,,,,,
2025-11-14 00:00:00,,,,,,,,
2025-11-14 00:30:00,,,,,,,,
2025-11-14 01:00:00,0.0,0.0,2419.9,1546.6333811307254,266.5,266.7,0.2,0.0
2025-11-14 01:30:00,,,,,,,,
2025-11-14 02:00:00,,,,,,,,
2025-11-14 02:30:00,,,,,,,,
2025-11-14 03:00:00,,,,,,,,
2025-11-14 03:30:00,,,,,,,,
2025-11-14 04:00:00,0.0,0.0,2420.1,1546.633381121358,266.5,266.7,0.2,0.0
2025-11-14 04:30:00,,,,,,,,
2025-11-14 05:00:00,,,,,,,,
2025-11-14 05:30:00,,,,,,,,
2025-11-14 06:00:00,,,,,,,,
2025-11-14 06:30:00,,,,,,,,
2025-11-14 07:00:00,0.0,0.0,2419.8,1546.6333811354102,266.5,266.7,0.2,0.0
2025-11-14 07:30:00,,,,,,,,
2025-11-14 08:00:00,,,,,,,,
2025-11-14 08:30:00,,,,,,,,
2025-11-14 09:00:00,,,,,,,,
2025-11-14 09:30:00,,,,,,,,
2025-11-14 10:00:00,0.0,0.0,2419.0,1546.6333811729235,266.5,266.7,0.2,0.0
2025-11-14 10:30:00,,,,,,,,
2025-11-14 11:00:00,,,,,,,,
2025-11-14 11:30:00,,,,,,,,
2025-11-14 12:00:00,,,,,,,,
2025-11-14 12:30:00,,,,,,,,
2025-11-14 13:00:00,0.0,0.0,2417.8,1546.6333811736542,266.5,266.9,0.2,0.0
2025-11-14 13:30:00,,,,,,,,
2025-11-14 14:00:00,,,,,,,,
2025-11-14 14:30:00,,,,,,,,
2025-11-14 15:00:00,,,,,,,,
2025-11-14 15:30:00,,,,,,,,
2025-11-14 16:00:00,0.0,0.0,2417.7,1546.6333811783475,266.5,266.9,0.2,0.0
2025-11-14 16:30:00,,,,,,,,
2025-11-14 17:00:00,,,,,,,,
2025-11-14 17:30:00,,,,,,,,
2025-11-14 18:00:00,,,,,,,,
2025-11-14 18:30:00,,,,,,,,
2025-11-14 19:00:00,0.0,0.0,2418.9,1546.6333811776167,266.5,266.7,0.2,0.0
2025-11-14 19:30:00,,,,,,,,
2025-11-14 20:00:00,,,,,,,,
2025-11-14 20:30:00,,,,,,,,
2025-11-14 21:00:00,,,,,,,,
2025-11-14 21:30:00,,,,,,,,
2025-11-14 22:00:00,0.0,0.0,2418.5,1546.6333811963991,266.5,266.7,0.2,0.0
2025-11-14 22:30:00,,,,,,,,
2025-11-14 23:00:00,,,,,,,,
2025-11-14 23:30:00,,,,,,,,
2025-11-15 00:00:00,,,,,,,,
2025-11-15 00:30:00,,,,,,,,
2025-11-15 01:00:00,0.0,0.0,2421.8,1546.6333810418846,266.5,266.7,0.2,0.0
2025-11-15 01:30:00,,,,,,,,
2025-11-15 02:00:00,,,,,,,,
2025-11-15 02:30:00,,,,,,,,
2025-11-15 03:00:00,,,,,,,,
2025-11-15 03:30:00,,,,,,,,
2025-11-15 04:00:00,0.0,0.0,2420.3,1546.6333811119944,266.5,266.7,0.2,0.0
2025-11-15 04:30:00,,,,,,,,
2025-11-15 05:00:00,,,,,,,,
2025-11-15 05:30:00,,,,,,,,
2025-11-15 06:00:00,,,,,,,,
2025-11-15 06:30:00,,,,,,,,
2025-11-15 07:00:00,0.0,0.0,2420.9,1546.6333811174732,266.4,266.7,0.2,0.0
2025-11-15 07:30:00,,,,,,,,
2025-11-15 08:00:00,,,,,,,,
2025-11-15 08:30:00,,,,,,,,
2025-11-15 09:00:00,,,,,,,,
2025-11-15 09:30:00,,,,,,,,
2025-11-15 10:00:00,0.0,0.0,2420.3,1546.6333811119944,266.5,266.7,0.2,0.0
2025-11-15 10:30:00,,,,,,,,
2025-11-15 11:00:00,,,,,,,,
2025-11-15 11:30:00,,,,,,,,
2025-11-15 12:00:00,,,,,,,,
2025-11-15 12:30:00,,,,,,,,
2025-11-15 13:00:00,0.0,0.0,2421.7,1546.6333811354789,266.4,266.5,0.2,0.0
2025-11-15 13:30:00,,,,,,,,
2025-11-15 14:00:00,,,,,,,,
2025-11-15 14:30:00,,,,,,,,
2025-11-15 15:00:00,,,,,,,,
2025-11-15 15:30:00,,,,,,,,
2025-11-15 16:00:00,0.0,0.0,2422.3,1546.63338101856,266.5,266.7,0.2,0.0
2025-11-15 16:30:00,,,,,,,,
2025-11-15 17:00:00,,,,,,,,
2025-11-15 17:30:00,,,,,,,,
2025-11-15 18:00:00,,,,,,,,
2025-11-15 18:30:00,,,,,,,,
2025-11-15 19:00:00,0.0,0.0,2422.7,1546.6333810333465,266.4,266.7,0.2,0.0
2025-11-15 19:30:00,,,,,,,,
2025-11-15 20:00:00,,,,,,,,
2025-11-15 20:30:00,,,,,,,,
2025-11-15 21:00:00,,,,,,,,
2025-11-15 21:30:00,,,,,,,,
2025-11-15 22:00:00,0.0,0.0,2421.8,1546.6333811307939,266.4,266.5,0.2,0.0
2025-11-15 22:30:00,,,,,,,,
2025-11-15 23:00:00,,,,,,,,
2025-11-15 23:30:00,,,,,,,,
2025-11-16 00:00:00,,,,,,,,
2025-11-16 00:30:00,,,,,,,,
2025-11-16 01:00:00,0.0,0.0,2423.3,1546.6333810606284,266.4,266.5,0.2,0.0
2025-11-16 01:30:00,,,,,,,,
2025-11-16 02:00:00,,,,,,,,
2025-11-16 02:30:00,,,,,,,,
2025-11-16 03:00:00,,,,,,,,
2025-11-16 03:30:00,,,,,,,,
2025-11-16 04:00:00,0.0,0.0,2422.3,1546.633381052016,266.4,266.7,0.2,0.0
2025-11-16 04:30:00,,,,,,,,
2025-11-16 05:00:00,,,,,,,,
2025-11-16 05:30:00,,,,,,,,
2025-11-16 06:00:00,,,,,,,,
2025-11-16 06:30:00,,,,,,,,
2025-11-16 07:00:00,0.0,0.0,2421.7,1546.6333811354789,266.4,266.5,0.2,0.0
2025-11-16 07:30:00,,,,,,,,
2025-11-16 08:00:00,,,,,,,,
2025-11-16 08:30:00,,,,,,,,
2025-11-16 09:00:00,,,,,,,,
2025-11-16 09:30:00,,,,,,,,
2025-11-16 10:00:00,0.0,0.0,2422.7,1546.6333810333465,266.4,266.7,0.2,0.0
2025-11-16 10:30:00,,,,,,,,
2025-11-16 11:00:00,,,,,,,,
2025-11-16 11:30:00,,,,,,,,
2025-11-16 12:00:00,,,,,,,,
2025-11-16 12:30:00,,,,,,,,
2025-11-16 13:00:00,0.0,0.0,2419.8,1546.63338116903,266.4,266.7,0.2,0.0
2025-11-16 13:30:00,,,,,,,,
2025-11-16 14:00:00,,,,,,,,
2025-11-16 14:30:00,,,,,,,,
2025-11-16 15:00:00,,,,,,,,
2025-11-16 15:30:00,,,,,,,,
2025-11-16 16:00:00,0.0,0.0,2419.8,1546.6333811354102,266.5,266.7,0.2,0.0
2025-11-16 16:30:00,,,,,,,,
2025-11-16 17:00:00,,,,,,,,
2025-11-16 17:30:00,,,,,,,,
2025-11-16 18:00:00,,,,,,,,
2025-11-16 18:30:00,,,,,,,,
2025-11-16 19:00:00,0.0,0.0,2420.3,1546.6333811119944,266.5,266.7,0.2,0.0
2025-11-16 19:30:00,,,,,,,,
2025-11-16 20:00:00,,,,,,,,
2025-11-16 20:30:00,,,,,,,,
2025-11-16 21:00:00,,,,,,,,
2025-11-16 21:30:00,,,,,,,,
2025-11-16 22:00:00,0.0,0.0,2421.3,1546.6333811542281,266.4,266.5,0.2,0.0
2025-11-16 22:30:00,,,,,,,,
2025-11-16 23:00:00,,,,,,,,
2025-11-16 23:30:00,,,,,,,,
2025-11-17 00:00:00,,,,,,,,
2025-11-17 00:30:00,,,,,,,,
2025-11-17 01:00:00,0.0,0.0,2420.9,1546.6333810839258,266.5,266.7,0.2,0.0
2025-11-17 01:30:00,,,,,,,,
2025-11-17 02:00:00,,,,,,,,
2025-11-17 02:30:00,,,,,,,,
2025-11-17 03:00:00,,,,,,,,
2025-11-17 03:30:00,,,,,,,,
2025-11-17 04:00:00,0.0,0.0,2421.6,1546.633381051221,266.5,266.7,0.2,0.0
2025-11-17 04:30:00,,,,,,,,
2025-11-17 05:00:00,,,,,,,,
2025-11-17 05:30:00,,,,,,,,
2025-11-17 06:00:00,,,,,,,,
2025-11-17 06:30:00,,,,,,,,
2025-11-17 07:00:00,0.0,0.0,2421.7,1546.633381080047,266.4,266.7,0.2,0.0
2025-11-17 07:30:00,,,,,,,,
2025-11-17 08:00:00,,,,,,,,
2025-11-17 08:30:00,,,,,,,,
2025-11-17 09:00:00,,,,,,,,
2025-11-17 09:30:00,,,,,,,,
2025-11-17 10:00:00,0.0,0.0,2421.3,1546.6333810987526,266.4,266.7,0.2,0.0
2025-11-17 10:30:00,,,,,,,,
2025-11-17 11:00:00,,,,,,,,
2025-11-17 11:30:00,,,,,,,,
2025-11-17 12:00:00,,,,,,,,
2025-11-17 12:30:00,,,,,,,,
2025-11-17 13:00:00,0.0,0.0,2419.8,1546.6333811354102,266.5,266.7,0.2,0.0
2025-11-17 13:30:00,,,,,,,,
2025-11-17 14:00:00,,,,,,,,
2025-11-17 14:30:00,,,,,,,,
2025-11-17 15:00:00,,,,,,,,
2025-11-17 15:30:00,,,,,,,,
2025-11-17 16:00:00,0.0,0.0,2417.9,1546.6333812246,266.5,266.7,0.2,0.0
2025-11-17 16:30:00,,,,,,,,
2025-11-17 17:00:00,,,,,,,,
2025-11-17 17:30:00,,,,,,,,
2025-11-17 18:00:00,,,,,,,,
2025-11-17 18:30:00,,,,,,,,
2025-11-17 19:00:00,0.0,0.0,2418.2,1546.633365808507,266.5,266.7,0.3,0.0
2025-11-17 19:30:00,,,,,,,,
2025-11-17 20:00:00,,,,,,,,
2025-11-17 20:30:00,,,,,,,,
2025-11-17 21:00:00,,,,,,,,
2025-11-17 21:30:00,,,,,,,,
2025-11-17 22:00:00,0.0,0.0,2417.6,1546.6333812387131,266.5,266.7,0.2,0.0
2025-11-17 22:30:00,,,,,,,,
2025-11-17 23:00:00,,,,,,,,
2025-11-17 23:30:00,,,,,,,,
2025-11-18 00:00:00,,,,,,,,
2025-11-18 00:30:00,,,,,,,,
2025-11-18 01:00:00,0.0,0.0,2419.6,1546.633381144783,266.5,266.7,0.2,0.0
2025-11-18 01:30:00,,,,,,,,
2025-11-18 02:00:00,,,,,,,,
2025-11-18 02:30:00,,,,,,,,
2025-11-18 03:00:00,,,,,,,,
2025-11-18 03:30:00,,,,,,,,
2025-11-18 04:00:00,0.0,0.0,2420.9,1546.6333810839258,266.5,266.7,0.2,0.0
2025-11-18 04:30:00,,,,,,,,
2025-11-18 05:00:00,,,,,,,,
2025-11-18 05:30:00,,,,,,,,
2025-11-18 06:00:00,,,,,,,,
2025-11-18 06:30:00,,,,,,,,
2025-11-18 07:00:00,0.0,0.0,2419.7,1546.6333810846536,266.5,266.9,0.2,0.0
2025-11-18 07:30:00,,,,,,,,
2025-11-18 08:00:00,,,,,,,,
2025-11-18 08:30:00,,,,,,,,
2025-11-18 09:00:00,,,,,,,,
2025-11-18 09:30:00,,,,,,,,
2025-11-18 10:00:00,0.0,0.0,2421.1,1546.6333810745768,266.5,266.7,0.2,0.0
