timestamp,prediction
2025-03-03 17:27:15,0.0000
2025-03-03 17:40:00,0.0000
2025-03-03 17:50:00,0.0000
2025-03-03 18:00:00,0.0000
2025-03-03 18:10:00,0.0000
2025-03-03 18:20:00,0.0000
2025-03-03 18:30:00,0.0000
2025-03-03 18:40:00,0.0000
2025-03-03 18:50:00,0.0000
2025-03-03 19:00:00,0.0000
2025-03-03 19:10:00,0.0000
2025-03-03 19:20:00,0.0000
2025-03-03 19:30:00,0.0000
2025-03-03 19:40:00,0.0000
2025-03-03 19:50:00,0.0000
2025-03-03 20:00:00,0.0000
2025-03-03 20:10:00,0.0000
2025-03-03 20:20:00,0.0000
2025-03-03 20:30:00,0.0000
2025-03-03 20:40:00,0.0000
2025-03-03 20:50:00,0.0000
2025-03-03 21:00:00,0.0000
2025-03-03 21:10:00,0.0000
2025-03-03 21:20:00,0.0000
2025-03-03 21:30:00,0.0000
2025-03-03 21:40:00,0.0000
2025-03-03 21:50:00,0.0000
2025-03-03 22:00:00,0.0000
2025-03-03 22:10:00,0.0000
2025-03-03 22:20:00,0.0000
2025-03-03 22:30:00,0.0000
2025-03-03 22:40:00,0.0000
2025-03-03 22:50:00,0.0000
2025-03-03 23:00:00,0.0000
2025-03-03 23:10:00,0.0000
2025-03-03 23:20:00,0.0000
2025-03-03 23:30:00,0.0000
2025-03-03 23:40:00,0.0000
2025-03-03 23:50:00,0.0000
2025-03-04 00:00:00,0.0000
2025-03-04 00:10:00,0.0000
2025-03-04 00:20:00,0.0000
2025-03-04 00:30:00,0.0000
2025-03-04 00:40:00,0.0000
2025-03-04 00:50:00,0.0000
2025-03-04 01:00:00,0.0000
2025-03-04 01:10:00,0.0000
2025-03-04 01:20:00,0.0000
2025-03-04 01:30:00,0.0000
2025-03-04 01:40:00,0.0000
2025-03-04 01:50:00,0.0000
2025-03-04 02:00:00,0.0000
2025-03-04 02:10:00,0.0000
2025-03-04 02:20:00,0.0000
2025-03-04 02:30:00,0.0000
2025-03-04 02:40:00,0.0000
2025-03-04 02:50:00,0.0000
2025-03-04 03:00:00,0.0000
2025-03-04 03:10:00,0.0000
2025-03-04 03:20:00,0.0000
2025-03-04 03:30:00,0.0000
2025-03-04 03:40:00,0.0000
2025-03-04 03:50:00,0.0000
2025-03-04 04:00:00,0.0000
2025-03-04 04:10:00,0.0000
2025-03-04 04:20:00,0.0000
2025-03-04 04:30:00,0.0000
2025-03-04 04:40:00,0.0000
2025-03-04 04:50:00,0.0000
2025-03-04 05:00:00,0.0000
2025-03-04 05:10:00,0.0000
2025-03-04 05:20:00,0.0000
2025-03-04 05:30:00,0.0000
2025-03-04 05:40:00,0.0000
2025-03-04 05:50:00,0.0000
2025-03-04 06:00:00,0.0000
2025-03-04 06:10:00,0.0000
2025-03-04 06:20:00,0.0000
2025-03-04 06:30:00,0.0000
2025-03-04 06:40:00,0.0000
2025-03-04 06:50:00,0.0000
2025-03-04 07:00:00,0.0000
2025-03-04 07:10:00,0.0000
2025-03-04 07:20:00,0.0000
2025-03-04 07:30:00,0.0000
2025-03-04 07:40:00,0.0000
2025-03-04 07:50:00,0.0000
2025-03-04 08:00:00,0.0000
2025-03-04 08:10:00,0.0000
2025-03-04 08:20:00,0.0000
2025-03-04 08:30:00,0.0000
2025-03-04 08:40:00,0.0000
2025-03-04 08:50:00,0.0000
2025-03-04 09:00:00,0.0000
2025-03-04 09:10:00,0.0000
2025-03-04 09:20:00,0.0000
2025-03-04 09:30:00,0.0000
2025-03-04 09:40:00,0.0000
2025-03-04 09:50:00,0.0000
2025-03-04 10:00:00,0.0000
2025-03-04 10:10:00,0.0000
2025-03-04 10:20:00,0.0000
2025-03-04 10:30:00,0.0000
2025-03-04 10:40:00,0.0000
2025-03-04 10:50:00,0.0000
2025-03-04 11:00:00,0.0000
2025-03-04 11:10:00,0.0000
2025-03-04 11:20:00,0.0000
2025-03-04 11:30:00,0.0000
2025-03-04 11:40:00,0.0000
2025-03-04 11:50:00,0.0000
2025-03-04 12:00:00,0.0000
2025-03-04 12:10:00,0.0000
2025-03-04 12:20:00,0.0000
2025-03-04 12:30:00,0.0000
2025-03-04 12:40:00,0.0000
2025-03-04 12:50:00,0.0000
2025-03-04 13:00:00,0.0000
2025-03-04 13:10:00,0.0000
2025-03-04 13:20:00,0.0000
2025-03-04 13:30:00,0.0000
2025-03-04 13:40:00,0.0000
2025-03-04 13:50:00,0.0000
2025-03-04 14:00:00,0.0000
2025-03-04 14:10:00,0.0000
2025-03-04 14:20:00,0.0000
2025-03-04 14:30:00,0.0000
2025-03-04 14:40:00,0.0000
2025-03-04 14:50:00,0.0000
2025-03-04 15:00:00,0.0000
2025-03-04 15:10:00,0.0000
2025-03-04 15:20:00,0.0000
2025-03-04 15:30:00,0.0000
2025-03-04 15:40:00,0.0000
2025-03-04 15:50:00,0.0000
2025-03-04 16:00:00,0.0000
2025-03-04 16:10:00,0.0000
2025-03-04 16:20:00,0.0000
2025-03-04 16:30:00,0.0000
2025-03-04 16:40:00,0.0000
2025-03-04 16:50:00,0.0000
2025-03-04 17:00:00,0.0000
2025-03-04 17:10:00,0.0000
2025-03-04 17:20:00,0.0000
2025-03-04 17:30:00,0.0000
2025-03-04 17:40:00,0.0000
2025-03-04 17:50:00,0.0000
2025-03-04 18:00:00,0.0000
2025-03-04 18:10:00,0.0000
2025-03-04 18:20:00,0.0000
2025-03-04 18:30:00,0.0000
2025-03-04 18:40:00,0.0000
2025-03-04 18:50:00,0.0000
2025-03-04 19:00:00,0.0000
2025-03-04 19:10:00,0.0000
2025-03-04 19:20:00,0.0000
2025-03-04 19:30:00,0.0000
2025-03-04 19:40:00,0.0000
2025-03-04 19:50:00,0.0000
2025-03-04 20:00:00,0.0000
2025-03-04 20:10:00,0.0000
2025-03-04 20:20:00,0.0000
2025-03-04 20:30:00,0.0000
2025-03-04 20:40:00,0.0000
2025-03-04 20:50:00,0.0000
2025-03-04 21:00:00,0.0000
2025-03-04 21:10:00,0.0000
2025-03-04 21:20:00,0.0000
2025-03-04 21:30:00,0.0000
2025-03-04 21:40:00,0.0000
2025-03-04 21:50:00,0.0000
2025-03-04 22:00:00,0.0000
2025-03-04 22:10:00,0.0000
2025-03-04 22:20:00,0.0000
2025-03-04 22:30:00,0.0000
2025-03-04 22:40:00,0.0000
2025-03-04 22:50:00,0.0000
2025-03-04 23:00:00,0.0000
2025-03-04 23:10:00,0.0000
2025-03-04 23:20:00,0.0000
2025-03-04 23:30:00,0.0000
2025-03-04 23:40:00,0.0000
2025-03-04 23:50:00,0.0000
2025-03-05 00:00:00,0.0000
2025-03-05 00:10:00,0.0000
2025-03-05 00:20:00,0.0000
2025-03-05 00:30:00,0.0000
2025-03-05 00:40:00,0.0000
2025-03-05 00:50:00,0.0000
2025-03-05 01:00:00,0.0000
2025-03-05 01:10:00,0.0000
2025-03-05 01:20:00,0.0000
2025-03-05 01:30:00,0.0000
2025-03-05 01:40:00,0.0000
2025-03-05 01:50:00,0.0000
2025-03-05 02:00:00,0.0000
2025-03-05 02:10:00,0.0000
2025-03-05 02:20:00,0.0000
2025-03-05 02:30:00,0.0000
2025-03-05 02:40:00,0.0000
2025-03-05 02:50:00,0.0000
2025-03-05 03:00:00,0.0000
2025-03-05 03:10:00,0.0000
2025-03-05 03:20:00,0.0000
2025-03-05 03:30:00,0.0000
2025-03-05 03:40:00,0.0000
2025-03-05 03:50:00,0.0000
2025-03-05 04:00:00,0.0000
2025-03-05 04:10:00,0.0000
2025-03-05 04:20:00,0.0000
2025-03-05 04:30:00,0.0000
2025-03-05 04:40:00,0.0000
2025-03-05 04:50:00,0.0000
2025-03-05 05:00:00,0.0000
2025-03-05 05:10:00,0.0000
2025-03-05 05:20:00,0.0000
2025-03-05 05:30:00,0.0000
2025-03-05 05:40:00,0.0000
2025-03-05 05:50:00,0.0000
2025-03-05 06:00:00,0.0000
2025-03-05 06:10:00,0.0000
2025-03-05 06:20:00,0.0000
2025-03-05 06:30:00,0.0000
2025-03-05 06:40:00,0.0000
2025-03-05 06:50:00,0.0000
2025-03-05 07:00:00,0.0000
2025-03-05 07:10:00,0.0000
2025-03-05 07:20:00,0.0000
2025-03-05 07:30:00,0.0000
2025-03-05 07:40:00,0.0000
2025-03-05 07:50:00,0.0000
2025-03-05 08:00:00,0.0000
2025-03-05 08:10:00,0.0000
2025-03-05 08:20:00,0.0000
2025-03-05 08:30:00,0.0000
2025-03-05 08:40:00,0.0000
2025-03-05 08:50:00,0.0000
2025-03-05 09:00:00,0.0000
2025-03-05 09:10:00,0.0000
2025-03-05 09:20:00,0.0000
2025-03-05 09:30:00,0.0000
2025-03-05 09:40:00,0.0000
2025-03-05 09:50:00,0.0000
2025-03-05 10:00:00,0.0000
2025-03-05 10:10:00,0.0000
2025-03-05 10:20:00,0.0000
2025-03-05 10:30:00,0.0000
2025-03-05 10:40:00,0.0000
2025-03-05 10:50:00,0.0000
2025-03-05 11:00:00,0.0000
2025-03-05 11:10:00,0.0000
2025-03-05 11:20:00,0.0000
2025-03-05 11:30:00,0.0000
2025-03-05 11:40:00,0.0000
2025-03-05 11:50:00,0.0000
2025-03-05 12:00:00,0.0000
2025-03-05 12:10:00,0.0000
2025-03-05 12:20:00,0.0000
2025-03-05 12:30:00,0.0000
2025-03-05 12:40:00,0.0000
2025-03-05 12:50:00,0.0000
2025-03-05 13:00:00,0.0000
2025-03-05 13:10:00,0.0000
2025-03-05 13:20:00,0.0000
2025-03-05 13:30:00,0.0000
2025-03-05 13:40:00,0.0000
2025-03-05 13:50:00,0.0000
2025-03-05 14:00:00,0.0000
2025-03-05 14:10:00,0.0000
2025-03-05 14:20:00,0.0000
2025-03-05 14:30:00,0.0000
2025-03-05 14:40:00,0.0000
2025-03-05 14:50:00,0.0000
2025-03-05 15:00:00,0.0000
2025-03-05 15:10:00,0.0000
2025-03-05 15:20:00,0.0000
2025-03-05 15:30:00,0.0000
2025-03-05 15:40:00,0.0000
2025-03-05 15:50:00,0.0000
2025-03-05 16:00:00,0.0000
2025-03-05 16:10:00,0.0000
2025-03-05 16:20:00,0.0000
2025-03-05 16:30:00,0.0000
2025-03-05 16:40:00,0.0000
2025-03-05 16:50:00,0.0000
2025-03-05 17:00:00,0.0000
2025-03-05 17:10:00,0.0000
2025-03-05 17:20:00,0.0000
2025-03-05 17:30:00,0.0000
2025-03-05 17:40:00,0.0000
2025-03-05 17:50:00,0.0000
2025-03-05 18:00:00,0.0000
2025-03-05 18:10:00,0.0000
2025-03-05 18:20:00,0.0000
2025-03-05 18:30:00,0.0000
2025-03-05 18:40:00,0.0000
2025-03-05 18:50:00,0.0000
2025-03-05 19:00:00,0.0000
2025-03-05 19:10:00,0.0000
2025-03-05 19:20:00,0.0000
2025-03-05 19:30:00,0.0000
2025-03-05 19:40:00,0.0000
2025-03-05 19:50:00,0.0000
2025-03-05 20:00:00,0.0000
2025-03-05 20:10:00,0.0000
2025-03-05 20:20:00,0.0000
2025-03-05 20:30:00,0.0000
2025-03-05 20:40:00,0.0000
2025-03-05 20:50:00,0.0000
2025-03-05 21:00:00,0.0000
2025-03-05 21:10:00,0.0000
2025-03-05 21:20:00,0.0000
2025-03-05 21:30:00,0.0000
2025-03-05 21:40:00,0.0000
2025-03-05 21:50:00,0.0000
2025-03-05 22:00:00,0.0000
2025-03-05 22:10:00,0.0000
2025-03-05 22:20:00,0.0000
2025-03-05 22:30:00,0.0000
2025-03-05 22:40:00,0.0000
2025-03-05 22:50:00,0.0000
2025-03-05 23:00:00,0.0000
2025-03-05 23:10:00,0.0000
2025-03-05 23:20:00,0.0000
2025-03-05 23:30:00,0.0000
2025-03-05 23:40:00,0.0000
2025-03-05 23:50:00,0.0000
2025-03-06 00:00:00,0.0000
2025-03-06 00:10:00,0.0000
2025-03-06 00:20:00,0.0000
2025-03-06 00:30:00,0.0000
2025-03-06 00:40:00,0.0000
2025-03-06 00:50:00,0.0000
2025-03-06 01:00:00,0.0000
2025-03-06 01:10:00,0.0000
2025-03-06 01:20:00,0.0000
2025-03-06 01:30:00,0.0000
2025-03-06 01:40:00,0.0000
2025-03-06 01:50:00,0.0000
2025-03-06 02:00:00,0.0000
2025-03-06 02:10:00,0.0000
2025-03-06 02:20:00,0.0000
2025-03-06 02:30:00,0.0000
2025-03-06 02:40:00,0.0000
2025-03-06 02:50:00,0.0000
2025-03-06 03:00:00,0.0000
2025-03-06 03:10:00,0.0000
2025-03-06 03:20:00,0.0000
2025-03-06 03:30:00,0.0000
2025-03-06 03:40:00,0.0000
2025-03-06 03:50:00,0.0000
2025-03-06 04:00:00,0.0000
2025-03-06 04:10:00,0.0000
2025-03-06 04:20:00,0.0000
2025-03-06 04:30:00,0.0000
2025-03-06 04:40:00,0.0000
2025-03-06 04:50:00,0.0000
2025-03-06 05:00:00,0.0000
2025-03-06 05:10:00,0.0000
2025-03-06 05:20:00,0.0000
2025-03-06 05:30:00,0.0000
2025-03-06 05:40:00,0.0000
2025-03-06 05:50:00,0.0000
2025-03-06 06:00:00,0.0000
2025-03-06 06:10:00,0.0000
2025-03-06 06:20:00,0.0000
2025-03-06 06:30:00,0.0000
2025-03-06 06:40:00,0.0000
2025-03-06 06:50:00,0.0000
2025-03-06 07:00:00,0.0000
2025-03-06 07:10:00,0.0000
2025-03-06 07:20:00,0.0000
2025-03-06 07:30:00,0.0000
2025-03-06 07:40:00,0.0000
2025-03-06 07:50:00,0.0000
2025-03-06 08:00:00,0.0000
2025-03-06 08:10:00,0.0000
2025-03-06 08:20:00,0.0000
2025-03-06 08:30:00,0.0000
2025-03-06 08:40:00,0.0000
2025-03-06 08:50:00,0.0000
2025-03-06 09:00:00,0.0000
2025-03-06 09:10:00,0.0000
2025-03-06 09:20:00,0.0000
2025-03-06 09:30:00,0.0000
2025-03-06 09:40:00,0.0000
2025-03-06 09:50:00,0.0000
2025-03-06 10:00:00,0.0000
2025-03-06 10:10:00,0.0000
2025-03-06 10:20:00,0.0000
2025-03-06 10:30:00,0.0000
2025-03-06 10:40:00,0.0000
2025-03-06 10:50:00,0.0000
2025-03-06 11:00:00,0.0000
2025-03-06 11:10:00,0.0000
2025-03-06 11:20:00,0.0000
2025-03-06 11:30:00,0.0000
2025-03-06 11:40:00,0.0000
2025-03-06 11:50:00,0.0000
2025-03-06 12:00:00,0.0000
2025-03-06 12:10:00,0.0000
2025-03-06 12:20:00,0.0000
2025-03-06 12:30:00,0.0000
2025-03-06 12:40:00,0.0000
2025-03-06 12:50:00,0.0000
2025-03-06 13:00:00,0.0000
2025-03-06 13:10:00,0.0000
2025-03-06 13:20:00,0.0000
2025-03-06 13:30:00,0.0000
2025-03-06 13:40:00,0.0000
2025-03-06 13:50:00,0.0000
2025-03-06 14:00:00,0.0000
2025-03-06 14:10:00,0.0000
2025-03-06 14:20:00,0.0000
2025-03-06 14:30:00,0.0000
2025-03-06 14:40:00,0.0000
2025-03-06 14:50:00,0.0000
2025-03-06 15:00:00,0.0000
2025-03-06 15:10:00,0.0000
2025-03-06 15:20:00,0.0000
2025-03-06 15:30:00,0.0000
2025-03-06 15:40:00,0.0000
2025-03-06 15:50:00,0.0000
2025-03-06 16:00:00,0.0000
2025-03-06 16:10:00,0.0000
2025-03-06 16:20:00,0.0000
2025-03-06 16:30:00,0.0000
2025-03-06 16:40:00,0.0000
2025-03-06 16:50:00,0.0000
2025-03-06 17:00:00,0.0000
2025-03-06 17:10:00,0.0000
2025-03-06 17:20:00,0.0000
2025-03-06 17:30:00,0.0000
2025-03-06 17:40:00,0.0000
2025-03-06 17:50:00,0.0000
2025-03-06 18:00:00,0.0000
2025-03-06 18:10:00,0.0000
2025-03-06 18:20:00,0.0000
2025-03-06 18:30:00,0.0000
2025-03-06 18:40:00,0.0000
2025-03-06 18:50:00,0.0000
2025-03-06 19:00:00,0.0000
2025-03-06 19:10:00,0.0000
2025-03-06 19:20:00,0.0000
2025-03-06 19:30:00,0.0000
2025-03-06 19:40:00,0.0000
2025-03-06 19:50:00,0.0000
2025-03-06 20:00:00,0.0000
2025-03-06 20:10:00,0.0000
2025-03-06 20:20:00,0.0000
2025-03-06 20:30:00,239.1304
2025-03-06 20:40:00,0.0000
2025-03-06 20:50:00,0.0000
2025-03-06 21:00:00,0.0000
2025-03-06 21:10:00,0.0000
2025-03-07 06:30:00,0.0000
2025-03-07 06:40:00,0.0000
2025-03-07 06:50:00,0.0000
2025-03-07 07:00:00,0.0000
2025-03-07 07:10:00,0.0000
2025-03-07 07:20:00,0.0000
2025-03-07 07:30:00,0.0000
2025-03-07 07:40:00,0.0000
2025-03-07 07:50:00,0.0000
2025-03-07 08:00:00,0.0000
2025-03-07 08:10:00,0.0000
2025-03-07 08:20:00,0.0000
2025-03-07 08:30:00,0.0000
2025-03-07 08:40:00,0.0000
2025-03-07 08:50:00,0.0000
2025-03-07 09:00:00,0.0000
2025-03-07 09:10:00,0.0000
2025-03-07 09:20:00,0.0000
2025-03-07 09:30:00,0.0000
2025-03-07 09:40:00,0.0000
2025-03-07 09:50:00,0.0000
2025-03-07 10:00:00,0.0000
2025-03-07 10:10:00,0.0000
2025-03-07 10:20:00,0.0000
2025-03-07 10:30:00,0.0000
2025-03-07 10:40:00,0.0000
2025-03-07 11:00:00,0.0000
2025-03-07 11:10:00,0.0000
2025-03-07 11:20:00,0.0000
2025-03-07 11:30:00,0.0000
2025-03-07 11:40:00,0.0000
2025-03-07 11:50:00,0.0000
2025-03-07 12:00:00,0.0000
2025-03-07 12:10:00,0.0000
2025-03-07 12:20:00,0.0000
2025-03-07 12:30:00,0.0000
2025-03-07 12:40:00,0.0000
2025-03-07 12:50:00,0.0000
2025-03-07 13:00:00,0.0000
2025-03-07 13:10:00,0.0000
2025-03-07 13:20:00,0.0000
2025-03-07 13:30:00,0.0000
2025-03-07 13:40:00,0.0000
2025-03-07 13:50:00,0.0000
2025-03-07 14:00:00,0.0000
2025-03-07 14:10:00,0.0000
2025-03-07 14:20:00,0.0000
2025-03-07 14:30:00,0.0000
2025-03-07 14:40:00,0.0000
2025-03-07 14:50:00,0.0000
2025-03-07 15:00:00,0.0000
2025-03-07 15:10:00,0.0000
2025-03-07 15:20:00,0.0000
2025-03-07 15:30:00,0.0000
2025-03-07 15:40:00,0.0000
2025-03-07 15:50:00,0.0000
2025-03-07 16:00:00,0.0000
2025-03-07 16:10:00,0.0000
2025-03-07 16:20:00,0.0000
2025-03-07 16:30:00,0.0000
2025-03-07 16:40:00,0.0000
2025-03-07 16:50:00,782.8269
2025-03-07 17:00:00,0.0000
2025-03-07 17:10:00,1274.4806
2025-03-07 17:20:00,1209.1186
2025-03-07 17:30:00,1229.6360
2025-03-07 17:40:00,1229.2769
2025-03-07 17:50:00,1196.2565
2025-03-07 18:00:00,1204.3569
2025-03-07 18:10:00,1205.1912
2025-03-07 18:20:00,1203.8621
2025-03-07 18:30:00,1228.3637
2025-03-07 18:38:00,1207.6305
2025-03-07 18:39:00,1207.5318
2025-03-07 18:40:00,1218.5169
2025-03-07 18:41:00,1218.3511
2025-03-07 18:42:00,1218.5265
2025-03-07 18:43:00,1207.4412
2025-03-07 18:44:00,1234.4561
2025-03-07 18:45:00,1228.4135
2025-03-07 18:46:00,1238.2867
2025-03-07 18:47:00,1218.6329
2025-03-07 18:48:00,1242.5839
2025-03-07 18:49:00,1205.8147
2025-03-07 18:50:00,1207.3502
2025-03-07 18:51:00,1206.6282
2025-03-07 18:52:00,1228.7686
2025-03-07 18:53:00,1218.6858
2025-03-07 18:54:00,1207.7119
2025-03-07 18:55:00,1234.6980
2025-03-07 18:56:00,1205.9287
2025-03-07 18:57:00,1208.2651
2025-03-07 18:58:00,1228.3590
2025-03-07 18:59:00,1218.9558
2025-03-07 19:00:00,1218.9558
2025-03-07 19:01:00,1228.6668
2025-03-07 19:02:00,1228.7155
2025-03-07 19:03:00,1219.0127
2025-03-07 19:04:00,1208.3526
2025-03-07 19:05:00,1228.9130
2025-03-07 19:06:00,1218.9558
2025-03-07 19:07:00,1206.7385
2025-03-07 19:08:00,1268.4016
2025-03-07 19:09:00,1228.7155
2025-03-07 19:10:00,1208.2651
2025-03-07 19:11:00,1228.8123
2025-03-07 19:12:00,1242.9426
2025-03-07 19:13:00,1234.7270
2025-03-07 19:14:00,1208.1773
2025-03-07 19:15:00,1219.0596
2025-03-07 19:16:00,1208.6212
2025-03-07 19:17:00,1208.1773
2025-03-07 19:18:00,1208.5265
2025-03-07 19:19:00,1208.3526
2025-03-07 19:20:00,1208.4397
2025-03-07 19:21:00,1208.6212
2025-03-07 19:22:00,1207.0765
2025-03-07 19:23:00,1219.1113
2025-03-07 19:24:00,1208.3526
2025-03-07 19:25:00,1207.0662
2025-03-07 19:26:00,1208.3526
2025-03-07 19:27:00,1208.4397
2025-03-07 19:28:00,1228.7155
2025-03-07 19:29:00,1206.8482
2025-03-07 19:30:00,1208.4397
2025-03-07 19:31:00,1206.9575
2025-03-07 19:32:00,1207.0662
2025-03-07 19:33:00,1207.9840
2025-03-07 19:34:00,1207.9840
2025-03-07 19:35:00,1228.8123
2025-03-07 19:36:00,1228.8123
2025-03-07 19:37:00,1218.8414
2025-03-07 19:38:00,1208.0725
2025-03-07 19:39:00,1219.1113
2025-03-07 19:40:00,1208.0725
2025-03-07 19:41:00,1207.0662
2025-03-07 19:42:00,1208.0725
2025-03-07 19:43:00,1219.0596
2025-03-07 19:44:00,1208.4397
2025-03-07 19:45:00,1207.0662
2025-03-07 19:46:00,1208.6992
2025-03-07 19:47:00,1238.3055
2025-03-07 19:48:00,1207.9840
2025-03-07 19:49:00,1208.0725
2025-03-07 19:50:00,1228.8605
2025-03-07 19:51:00,1219.1113
2025-03-07 19:52:00,1219.1629
2025-03-07 19:53:00,1242.8196
2025-03-07 19:54:00,1228.8605
2025-03-07 19:55:00,1238.5055
2025-03-07 19:56:00,1234.7532
2025-03-07 19:57:00,1208.0725
2025-03-07 19:58:00,1218.8414
2025-03-07 19:59:00,1208.1607
2025-03-07 20:00:00,1208.6992
2025-03-07 20:01:00,1243.0192
2025-03-07 20:02:00,1219.1113
2025-03-07 20:03:00,1228.2518
2025-03-07 20:04:00,1219.1113
2025-03-07 20:05:00,1208.2485
2025-03-07 20:06:00,1208.0725
2025-03-07 20:07:00,1228.9084
2025-03-07 20:08:00,1219.1629
2025-03-07 20:09:00,1242.7809
2025-03-07 20:10:00,1219.1113
2025-03-07 20:11:00,1208.6992
2025-03-07 20:12:00,1208.6992
2025-03-07 20:13:00,1228.6576
2025-03-07 20:14:00,1208.6130
2025-03-07 20:15:00,1206.8275
2025-03-07 20:16:00,1228.9084
2025-03-07 20:17:00,1248.7150
2025-03-07 20:18:00,1219.1629
2025-03-07 20:19:00,1219.2143
2025-03-07 20:20:00,1208.3361
2025-03-07 20:21:00,1238.4652
2025-03-07 20:22:00,1243.1713
2025-03-07 20:23:00,1219.1629
2025-03-07 20:24:00,1243.1334
2025-03-07 20:25:00,1206.3795
2025-03-07 20:26:00,1228.6576
2025-03-07 20:27:00,1238.3634
2025-03-07 20:28:00,1228.3496
2025-03-07 20:29:00,1228.6063
2025-03-07 20:30:00,1218.5114
2025-03-07 20:31:00,1207.5147
2025-03-07 20:32:00,1206.4909
2025-03-07 20:33:00,1206.6018
2025-03-07 20:34:00,1218.5114
2025-03-07 20:35:00,1242.6157
2025-03-07 20:36:00,1218.5647
2025-03-07 20:37:00,1218.8388
2025-03-07 20:38:00,1248.5213
2025-03-07 20:39:00,1218.9433
2025-03-07 20:40:00,1228.2995
2025-03-07 20:41:00,1248.5482
2025-03-07 20:42:00,1242.8564
2025-03-07 20:43:00,1208.2442
2025-03-07 20:44:00,1218.8911
2025-03-07 20:45:00,1218.7242
2025-03-07 20:46:00,1234.3227
2025-03-07 20:47:00,1208.2442
2025-03-07 20:48:00,1218.6178
2025-03-07 20:49:00,1206.7122
2025-03-07 20:50:00,1228.3496
2025-03-07 20:51:00,1206.1339
2025-03-07 20:52:00,1218.5647
2025-03-07 20:53:00,1218.5647
2025-03-07 20:54:00,1205.9072
2025-03-07 20:55:00,1207.1326
2025-03-07 20:56:00,1218.5647
2025-03-07 20:57:00,1218.8388
2025-03-07 20:58:00,1218.5114
2025-03-07 20:59:00,1207.6949
2025-03-07 21:00:00,1218.6178
2025-03-07 21:01:00,1228.0878
2025-03-07 21:02:00,1218.5647
2025-03-07 21:03:00,1207.9628
2025-03-07 21:04:00,1218.6178
2025-03-07 21:05:00,1234.2317
2025-03-07 21:06:00,1207.9628
2025-03-07 21:07:00,1228.3496
2025-03-07 21:08:00,1207.6949
2025-03-07 21:09:00,1207.2243
2025-03-07 21:10:00,1205.9072
2025-03-07 21:11:00,1218.5647
2025-03-07 21:12:00,1218.2864
2025-03-07 21:13:00,1242.4507
2025-03-07 21:14:00,1205.3091
2025-03-07 21:15:00,1234.4477
2025-03-07 21:16:00,1218.6178
2025-03-07 21:17:00,1218.2323
2025-03-07 21:18:00,1242.4110
2025-03-07 21:19:00,1207.4068
2025-03-07 21:20:00,1206.0208
2025-03-07 21:21:00,1207.3158
2025-03-07 21:22:00,1242.6548
2025-03-07 21:23:00,1206.1339
2025-03-07 21:24:00,1242.4902
2025-03-07 21:25:00,1218.3942
2025-03-07 21:26:00,1207.4068
2025-03-07 21:27:00,1218.3404
2025-03-07 21:28:00,1218.3942
2025-03-07 21:29:00,1207.3158
2025-03-07 21:30:00,1206.7443
2025-03-07 21:31:00,1242.4507
2025-03-07 21:32:00,1238.1581
2025-03-07 21:33:00,1218.2864
2025-03-07 21:34:00,1218.3404
2025-03-07 21:35:00,1218.3404
2025-03-07 21:36:00,1207.6949
2025-03-07 21:37:00,1207.8738
2025-03-07 21:38:00,1207.3158
2025-03-07 21:39:00,1205.5414
2025-03-07 21:40:00,1204.5704
2025-03-07 21:41:00,1206.6460
2025-03-07 21:42:00,1205.5414
2025-03-07 21:43:00,1218.3942
2025-03-07 21:44:00,1228.0878
2025-03-07 21:45:00,1206.7443
2025-03-07 21:46:00,1217.9461
2025-03-07 21:47:00,1217.9461
2025-03-07 21:48:00,1206.0582
2025-03-07 21:49:00,1206.6460
2025-03-07 21:50:00,1207.2198
2025-03-07 21:51:00,1227.7662
2025-03-07 21:52:00,1205.3034
2025-03-07 21:53:00,1206.7396
2025-03-07 21:54:00,1204.5704
2025-03-07 21:55:00,1217.9461
2025-03-07 21:56:00,1217.8910
2025-03-07 21:57:00,1227.7662
2025-03-07 21:58:00,1217.6583
2025-03-07 21:59:00,1203.8153
2025-03-07 22:00:00,1218.0559
2025-03-07 22:01:00,1217.9461
2025-03-07 22:02:00,1241.9512
2025-03-07 22:03:00,1204.4499
2025-03-07 22:04:00,1204.5704
2025-03-07 22:05:00,1204.5704
2025-03-07 22:06:00,1206.7396
2025-03-07 22:07:00,1204.5704
2025-03-07 22:08:00,1234.2907
2025-03-07 22:09:00,1206.6460
2025-03-07 22:10:00,1206.1541
2025-03-07 22:11:00,1206.7396
2025-03-07 22:12:00,1204.5704
2025-03-07 22:13:00,1204.5704
2025-03-07 22:14:00,1217.6583
2025-03-07 22:15:00,1203.8153
2025-03-07 22:16:00,1237.9055
2025-03-07 22:17:00,1206.1541
2025-03-07 22:18:00,1242.2018
2025-03-07 22:19:00,1206.0582
2025-03-07 22:20:00,1206.2497
2025-03-07 22:21:00,1217.6583
2025-03-07 22:22:00,1217.9461
2025-03-07 22:23:00,1203.8153
2025-03-07 22:24:00,1203.9389
2025-03-07 22:25:00,1218.0559
2025-03-07 22:26:00,1206.7396
2025-03-07 22:27:00,1206.6460
2025-03-07 22:28:00,1218.0011
2025-03-07 22:29:00,1242.1616
2025-03-07 22:30:00,1204.6903
2025-03-07 22:31:00,1206.7396
2025-03-07 22:32:00,1242.1616
2025-03-07 22:33:00,1217.9461
2025-03-07 22:34:00,1242.1212
2025-03-07 22:35:00,1206.6460
2025-03-07 22:36:00,1241.8693
2025-03-07 22:37:00,1206.5520
2025-03-07 22:38:00,1217.6023
2025-03-07 22:39:00,1203.8153
2025-03-07 22:40:00,1204.4499
2025-03-07 22:41:00,1217.5461
2025-03-07 22:42:00,1227.4394
2025-03-07 22:43:00,1203.9389
2025-03-07 22:44:00,1217.5995
2025-03-07 22:45:00,1217.6023
2025-03-07 22:46:00,1251.5376
2025-03-07 22:47:00,1233.8773
2025-03-07 22:48:00,1205.9570
2025-03-07 22:49:00,1217.1920
2025-03-07 22:50:00,1217.9434
2025-03-07 22:51:00,1247.8903
2025-03-07 22:52:00,1217.9434
2025-03-07 22:53:00,1206.4529
2025-03-07 22:54:00,1217.8330
2025-03-07 22:55:00,1217.6555
2025-03-07 22:56:00,1227.7113
2025-03-07 22:57:00,1241.8262
2025-03-07 22:58:00,1205.9570
2025-03-07 22:59:00,1206.7350
2025-03-07 23:00:00,1227.6588
2025-03-07 23:01:00,1242.1192
2025-03-07 23:02:00,1242.1596
2025-03-07 23:03:00,1227.4901
2025-03-07 23:04:00,1203.6850
2025-03-07 23:05:00,1203.6850
2025-03-07 23:06:00,1204.3228
2025-03-07 23:07:00,1203.6850
2025-03-07 23:08:00,1217.5434
2025-03-07 23:09:00,1206.5473
2025-03-07 23:10:00,1242.1596
2025-03-07 23:11:00,1203.8092
2025-03-07 23:12:00,1205.9570
2025-03-07 23:13:00,1206.6413
2025-03-07 23:14:00,1227.4368
2025-03-07 23:15:00,1217.5995
2025-03-07 23:16:00,1205.4509
2025-03-07 23:17:00,1217.7113
2025-03-07 23:18:00,1217.9434
2025-03-07 23:19:00,1217.5434
2025-03-07 23:20:00,1206.7350
2025-03-07 23:21:00,1241.9491
2025-03-07 23:22:00,1206.1494
2025-03-07 23:23:00,1206.0534
2025-03-07 23:24:00,1247.6856
2025-03-07 23:25:00,1217.6555
2025-03-07 23:26:00,1217.5995
2025-03-07 23:27:00,1217.3062
2025-03-07 23:28:00,1206.0534
2025-03-07 23:29:00,1241.9083
2025-03-07 23:30:00,1217.2492
2025-03-07 23:31:00,1205.4509
2025-03-07 23:32:00,1227.3832
2025-03-07 23:33:00,1217.5995
2025-03-07 23:34:00,1227.3832
2025-03-07 23:35:00,1233.9087
2025-03-07 23:36:00,1268.0847
2025-03-07 23:37:00,1217.5434
2025-03-07 23:38:00,1227.2755
2025-03-07 23:39:00,1217.5995
2025-03-07 23:40:00,1205.2481
2025-03-07 23:41:00,1227.0471
2025-03-07 23:42:00,1202.7677
2025-03-07 23:43:00,1205.3522
2025-03-07 23:44:00,1217.1317
2025-03-07 23:45:00,1226.9893
2025-03-07 23:46:00,1217.3062
2025-03-07 23:47:00,1226.2308
2025-03-07 23:48:00,1226.5868
2025-03-07 23:49:00,1226.9893
2025-03-07 23:50:00,1205.2481
2025-03-07 23:51:00,1216.8310
2025-03-07 23:52:00,1204.5234
2025-03-07 23:54:00,1226.5868
2025-03-07 23:55:00,1205.3473
2025-03-07 23:56:00,1233.6796
2025-03-07 23:57:00,1233.4471
2025-03-07 23:58:00,1216.7725
2025-03-07 23:59:00,1233.3815
2025-03-08 00:00:00,1202.6384
2025-03-08 00:01:00,1204.0912
2025-03-08 00:02:00,1226.6999
2025-03-08 00:03:00,1205.4460
2025-03-08 00:04:00,1216.7725
2025-03-08 00:05:00,1202.0895
2025-03-08 00:06:00,1216.8310
2025-03-08 00:07:00,1226.5868
2025-03-08 00:08:00,1202.0895
2025-03-08 00:09:00,1204.7271
2025-03-08 00:10:00,1204.6255
2025-03-08 00:11:00,1226.6435
2025-03-08 00:12:00,1201.8233
2025-03-08 00:13:00,1233.6796
2025-03-08 00:14:00,1216.8893
2025-03-08 00:15:00,1202.0895
2025-03-08 00:16:00,1204.6255
2025-03-08 00:17:00,1216.8310
2025-03-08 00:18:00,1226.6999
2025-03-08 00:19:00,1200.7048
2025-03-08 00:20:00,1200.8439
2025-03-08 00:21:00,1201.8233
2025-03-08 00:22:00,1226.1139
2025-03-08 00:23:00,1203.8823
2025-03-08 00:24:00,1200.9823
2025-03-08 00:25:00,1203.8823
2025-03-08 00:26:00,1203.8823
2025-03-08 00:27:00,1203.7771
2025-03-08 00:28:00,1203.7771
2025-03-08 00:29:00,1200.8439
2025-03-08 00:30:00,1233.1425
2025-03-08 00:31:00,1226.2308
2025-03-08 00:32:00,1200.9823
2025-03-08 00:33:00,1216.3466
2025-03-08 00:34:00,1200.5517
2025-03-08 00:35:00,1226.5299
2025-03-08 00:36:00,1203.3930
2025-03-08 00:37:00,1200.4780
2025-03-08 00:38:00,1203.4490
2025-03-08 00:39:00,1203.6716
2025-03-08 00:40:00,1200.1952
2025-03-08 00:41:00,1200.6183
2025-03-08 00:42:00,1203.5555
2025-03-08 00:43:00,1225.7143
2025-03-08 00:44:00,1225.9593
2025-03-08 00:45:00,1200.6183
2025-03-08 00:46:00,1274.6911
2025-03-08 00:47:00,1200.1952
2025-03-08 00:48:00,1233.0879
2025-03-08 00:49:00,1237.4808
2025-03-08 00:50:00,1203.2858
2025-03-08 00:51:00,1200.4780
2025-03-08 00:52:00,1204.1504
2025-03-08 00:53:00,1225.8998
2025-03-08 00:54:00,1225.9593
2025-03-08 00:55:00,1233.0201
2025-03-08 00:56:00,1201.0609
2025-03-08 00:57:00,1232.9861
2025-03-08 00:58:00,1200.3369
2025-03-08 00:59:00,1203.3930
2025-03-08 01:00:00,1233.0201
2025-03-08 01:01:00,1226.0185
2025-03-08 01:02:00,1201.3348
2025-03-08 01:03:00,1233.0201
2025-03-08 01:04:00,1200.1952
2025-03-08 01:05:00,1201.1982
2025-03-08 01:06:00,1204.0464
2025-03-08 01:07:00,1226.3220
2025-03-08 01:08:00,1203.4997
2025-03-08 01:09:00,1232.9861
2025-03-08 01:10:00,1237.3017
2025-03-08 01:11:00,1237.3458
2025-03-08 01:12:00,1203.9420
2025-03-08 01:13:00,1267.8226
2025-03-08 01:14:00,1201.3348
2025-03-08 01:15:00,1203.4997
2025-03-08 01:16:00,1203.2858
2025-03-08 01:17:00,1200.1952
2025-03-08 01:18:00,1237.4808
2025-03-08 01:19:00,1226.4372
2025-03-08 01:20:00,1226.3797
2025-03-08 01:21:00,1216.1286
2025-03-08 01:22:00,1233.1553
2025-03-08 01:23:00,1237.2553
2025-03-08 01:24:00,1226.1362
2025-03-08 01:25:00,1226.4945
2025-03-08 01:26:00,1199.5859
2025-03-08 01:27:00,1201.4707
2025-03-08 01:28:00,1232.8406
2025-03-08 01:29:00,1200.4710
2025-03-08 01:30:00,1226.0156
2025-03-08 01:31:00,1203.4944
2025-03-08 01:32:00,1203.4997
2025-03-08 01:33:00,1202.4966
2025-03-08 01:34:00,1200.3299
2025-03-08 01:35:00,1202.8266
2025-03-08 01:36:00,1202.8266
2025-03-08 01:37:00,1202.7171
2025-03-08 01:38:00,1199.4402
2025-03-08 01:39:00,1203.3877
2025-03-08 01:40:00,1203.4944
2025-03-08 01:41:00,1267.6313
2025-03-08 01:42:00,1225.5843
2025-03-08 01:44:00,1233.0524
2025-03-08 01:45:00,1199.4402
2025-03-08 01:46:00,1199.5859
2025-03-08 01:47:00,1225.6450
2025-03-08 01:48:00,1225.7658
2025-03-08 01:49:00,1225.6450
2025-03-08 01:50:00,1225.6450
2025-03-08 01:51:00,1202.4861
2025-03-08 01:52:00,1225.5843
2025-03-08 01:53:00,1225.5843
2025-03-08 01:54:00,1225.5843
2025-03-08 01:55:00,1225.5843
2025-03-08 01:56:00,1199.2798
2025-03-08 01:57:00,1226.0746
2025-03-08 01:58:00,1202.5966
2025-03-08 01:59:00,1225.3946
2025-03-08 02:00:00,1232.8406
2025-03-08 02:01:00,1216.0649
2025-03-08 02:02:00,1202.8266
2025-03-08 02:03:00,1225.6450
2025-03-08 02:04:00,1225.4562
2025-03-08 02:05:00,1225.5843
2025-03-08 02:06:00,1199.7309
2025-03-08 02:07:00,1202.3751
2025-03-08 02:08:00,1225.4562
2025-03-08 02:09:00,1237.1382
2025-03-08 02:10:00,1225.6450
2025-03-08 02:11:00,1225.5175
2025-03-08 02:12:00,1237.2076
2025-03-08 02:13:00,1225.3946
2025-03-08 02:14:00,1225.5175
2025-03-08 02:15:00,1225.4562
2025-03-08 02:16:00,1198.2026
2025-03-08 02:17:00,1198.8353
2025-03-08 02:18:00,1225.3328
2025-03-08 02:19:00,1224.8807
2025-03-08 02:20:00,1197.8954
2025-03-08 02:21:00,1225.3946
2025-03-08 02:22:18,1236.9049
2025-03-08 02:23:00,1225.2708
2025-03-08 02:24:00,1224.8167
2025-03-08 02:25:00,1197.7328
2025-03-08 02:26:00,1200.6012
2025-03-08 02:27:00,1196.9152
2025-03-08 02:28:00,1236.7609
2025-03-08 02:29:00,1224.4770
2025-03-08 02:30:00,1267.3731
2025-03-08 02:31:00,1200.7198
2025-03-08 02:32:00,1232.1818
2025-03-08 02:33:00,1196.5938
2025-03-08 02:34:00,1232.1451
2025-03-08 02:35:00,1224.3453
2025-03-08 02:36:00,1224.3453
2025-03-08 02:37:00,1224.4113
2025-03-08 02:38:00,1200.6012
2025-03-08 02:39:00,1224.4113
2025-03-08 02:40:00,1196.7549
2025-03-08 02:41:00,1224.4770
2025-03-08 02:42:00,1232.1818
2025-03-08 02:43:00,1200.7198
2025-03-08 02:44:00,1196.9152
2025-03-08 02:45:00,1232.1451
2025-03-08 02:46:00,1196.5938
2025-03-08 02:47:00,1224.3453
2025-03-08 02:48:00,1196.4317
2025-03-08 02:49:00,1224.3453
2025-03-08 02:50:00,1236.7609
2025-03-08 02:51:00,1232.1451
2025-03-08 02:52:00,1200.6012
2025-03-08 02:53:00,1224.4113
2025-03-08 02:54:00,1224.0657
2025-03-08 02:55:00,1224.4113
2025-03-08 02:56:00,1214.1585
2025-03-08 02:57:00,1224.1329
2025-03-08 02:58:00,1224.7493
2025-03-08 02:59:00,1196.9152
2025-03-08 03:00:00,1200.3624
2025-03-08 03:01:00,1196.4317
2025-03-08 03:02:00,1196.5938
2025-03-08 03:03:00,1232.1451
2025-03-08 03:04:00,1199.9772
2025-03-08 03:05:00,1196.7549
2025-03-08 03:06:00,1196.5938
2025-03-08 03:07:00,1199.7329
2025-03-08 03:08:00,1200.6012
2025-03-08 03:09:00,1231.8005
2025-03-08 03:10:00,1195.5758
2025-03-08 03:11:00,1267.2635
2025-03-08 03:12:00,1236.6134
2025-03-08 03:13:00,1236.3382
2025-03-08 03:14:00,1267.1529
2025-03-08 03:15:00,1231.6408
2025-03-08 03:16:00,1193.8109
2025-03-08 03:17:00,1213.6685
2025-03-08 03:18:00,1223.5005
2025-03-08 03:19:00,1223.9270
2025-03-08 03:20:00,1198.8300
2025-03-08 03:21:00,1223.5005
2025-03-08 03:22:00,1222.9900
2025-03-08 03:23:00,1194.3389
2025-03-08 03:24:00,1198.8300
2025-03-08 03:25:00,1199.0824
2025-03-08 03:26:00,1223.5005
2025-03-08 03:27:00,1193.4197
2025-03-08 03:28:00,1195.2308
2025-03-08 03:29:00,1223.8588
2025-03-08 03:30:00,1194.1639
2025-03-08 03:31:00,1274.4668
2025-03-08 03:32:00,1195.5676
2025-03-08 03:33:00,1236.4161
2025-03-08 03:34:00,1199.9712
2025-03-08 03:35:00,1198.9565
2025-03-08 03:36:00,1236.4161
2025-03-08 03:37:00,1223.5702
2025-03-08 03:38:00,1213.5311
2025-03-08 03:39:00,1194.3389
2025-03-08 03:40:00,1199.6038
2025-03-08 03:41:00,1198.7029
2025-03-08 03:42:00,1231.6024
2025-03-08 03:43:00,1231.6024
2025-03-08 03:44:00,1223.8588
2025-03-08 03:45:00,1223.4304
2025-03-08 03:46:00,1231.5638
2025-03-08 03:47:00,1199.0824
2025-03-08 03:48:00,1198.9565
2025-03-08 03:49:00,1198.8300
2025-03-08 03:50:00,1199.0824
2025-03-08 03:51:00,1222.9900
2025-03-08 03:52:00,1193.9879
2025-03-08 03:53:00,1267.2329
2025-03-08 03:54:00,1223.1337
2025-03-08 03:55:00,1213.3927
2025-03-08 03:56:00,1192.6825
2025-03-08 03:57:00,1223.4304
2025-03-08 03:58:00,1192.8662
2025-03-08 03:59:00,1213.0258
2025-03-08 04:00:00,1274.4378
2025-03-08 04:01:00,1222.4590
2025-03-08 04:02:00,1222.9141
2025-03-08 04:03:00,1222.7684
2025-03-08 04:04:00,1222.3091
2025-03-08 04:05:00,1197.8969
2025-03-08 04:06:00,1212.9550
2025-03-08 04:07:00,1213.0258
2025-03-08 04:08:00,1193.4108
2025-03-08 04:09:00,1267.0396
2025-03-08 04:10:00,1222.5334
2025-03-08 04:11:00,1222.9141
2025-03-08 04:12:00,1197.2086
2025-03-08 04:13:00,1238.3326
2025-03-08 04:14:00,1221.9137
2025-03-08 04:15:00,1222.4590
2025-03-08 04:16:00,1236.0582
2025-03-08 04:17:00,1222.3842
2025-03-08 04:18:00,1235.8747
2025-03-08 04:19:00,1192.6825
2025-03-08 04:20:00,1212.4391
2025-03-08 04:21:00,1196.8030
2025-03-08 04:22:00,1222.3842
2025-03-08 04:23:00,1212.5116
2025-03-08 04:24:00,1195.9479
2025-03-08 04:25:00,1191.1360
2025-03-08 04:26:00,1196.0877
2025-03-08 04:27:00,1221.6807
2025-03-08 04:28:00,1230.7393
2025-03-08 04:29:00,1230.7806
2025-03-08 04:30:00,1222.5334
2025-03-08 04:31:00,1190.1153
2025-03-08 04:32:00,1190.1153
2025-03-08 04:33:00,1230.7806
2025-03-08 04:34:00,1222.3842
2025-03-08 04:35:00,1221.7588
2025-03-08 04:36:00,1211.9847
2025-03-08 04:37:00,1230.8218
2025-03-08 04:38:00,1266.8091
2025-03-08 04:39:00,1230.6304
2025-03-08 04:40:00,1190.1153
2025-03-08 04:41:00,1189.8957
2025-03-08 04:42:00,1221.5949
2025-03-08 04:43:00,1266.6822
2025-03-08 04:44:00,1196.0877
2025-03-08 04:45:00,1221.6733
2025-03-08 04:46:00,1230.4582
2025-03-08 04:47:00,1195.1357
2025-03-08 04:48:00,1188.7446
2025-03-08 04:49:00,1221.6322
2025-03-08 04:50:00,1195.1357
2025-03-08 04:51:00,1221.3877
2025-03-08 04:52:00,1230.5005
2025-03-08 04:53:00,1188.7446
2025-03-08 04:54:00,1230.5005
2025-03-08 04:55:00,1221.4671
2025-03-08 04:56:00,1221.2277
2025-03-08 04:57:00,1221.3079
2025-03-08 04:58:00,1188.9524
2025-03-08 04:59:00,1221.4746
2025-03-08 05:00:00,1221.2277
2025-03-08 05:01:00,1230.5886
2025-03-08 05:02:00,1221.5536
2025-03-08 05:03:00,1221.9576
2025-03-08 05:04:00,1195.2930
2025-03-08 05:05:00,1189.5874
2025-03-08 05:06:00,1190.6249
2025-03-08 05:07:00,1231.0563
2025-03-08 05:08:00,1197.1508
2025-03-08 05:09:00,1231.0159
2025-03-08 05:10:00,1231.0966
2025-03-08 05:11:00,1191.6296
2025-03-08 05:12:00,1191.4385
2025-03-08 05:13:00,1236.0978
2025-03-08 05:14:00,1197.1508
2025-03-08 05:15:00,1222.5014
2025-03-08 05:16:00,1222.5014
2025-03-08 05:17:00,1197.0159
2025-03-08 05:18:00,1198.1019
2025-03-08 05:19:00,1222.5756
2025-03-08 05:20:00,1222.5756
2025-03-08 05:21:00,1222.8829
2025-03-08 05:22:00,1191.8196
2025-03-08 05:23:00,1191.8196
2025-03-08 05:24:00,1231.0966
2025-03-08 05:25:00,1190.6249
2025-03-08 05:26:00,1231.1367
2025-03-08 05:27:00,1197.2850
2025-03-08 05:28:00,1192.9704
2025-03-08 05:29:00,1221.8767
2025-03-08 05:30:00,1230.8432
2025-03-08 05:31:00,1222.8829
2025-03-08 05:32:00,1212.6214
2025-03-08 05:33:00,1196.0207
2025-03-08 05:34:00,1191.0430
2025-03-08 05:35:00,1222.4232
2025-03-08 05:36:00,1197.0092
2025-03-08 05:37:00,1221.7214
2025-03-08 05:38:00,1192.7782
2025-03-08 05:39:00,1196.8737
2025-03-08 05:40:00,1197.0092
2025-03-08 05:41:00,1238.6667
2025-03-08 05:42:00,1212.8499
2025-03-08 05:43:00,1212.9919
2025-03-08 05:44:00,1212.4042
2025-03-08 05:45:00,1223.0308
2025-03-08 05:46:00,1231.3013
2025-03-08 05:47:00,1213.2097
2025-03-08 05:48:00,1222.8793
2025-03-08 05:49:00,1197.8339
2025-03-08 05:50:00,1222.7333
2025-03-08 05:51:00,1192.5940
2025-03-08 05:52:00,1192.5940
2025-03-08 05:53:00,1231.0946
2025-03-08 05:54:00,1222.7333
2025-03-08 05:55:00,1196.7376
2025-03-08 05:56:00,1197.4371
2025-03-08 05:57:00,1192.4087
2025-03-08 05:58:00,1197.5700
2025-03-08 05:59:00,1212.8499
2025-03-08 06:00:00,1212.9210
2025-03-08 06:01:00,1197.7023
2025-03-08 06:02:00,1191.0430
2025-03-08 06:03:00,1236.2015
2025-03-08 06:04:00,1192.5940
2025-03-08 06:05:00,1212.8499
2025-03-08 06:06:00,1222.4232
2025-03-08 06:07:00,1238.5181
2025-03-08 06:08:00,1196.8737
2025-03-08 06:09:00,1212.9210
2025-03-08 06:10:00,1231.1822
2025-03-08 06:11:00,1191.4290
2025-03-08 06:12:00,1197.7023
2025-03-08 06:13:00,1191.4290
2025-03-08 06:14:00,1195.8736
2025-03-08 06:15:00,1238.5678
2025-03-08 06:16:00,1238.2581
2025-03-08 06:17:00,1212.4042
2025-03-08 06:18:00,1196.5940
2025-03-08 06:19:00,1211.9454
2025-03-08 06:20:00,1196.0138
2025-03-08 06:21:00,1211.9454
2025-03-08 06:22:00,1230.7174
2025-03-08 06:23:00,1196.0138
2025-03-08 06:24:00,1211.9454
2025-03-08 06:25:00,1190.0093
2025-03-08 06:26:00,1238.2556
2025-03-08 06:27:00,1196.7308
2025-03-08 06:28:00,1196.0138
2025-03-08 06:29:00,1221.7175
2025-03-08 06:30:00,1237.9919
2025-03-08 06:31:00,1196.0138
2025-03-08 06:32:00,1212.3277
2025-03-08 06:33:00,1212.4733
2025-03-08 06:34:00,1196.8670
2025-03-08 06:35:00,1212.5457
2025-03-08 06:36:00,1222.2692
2025-03-08 06:37:00,1212.4006
2025-03-08 06:38:00,1245.3770
2025-03-08 06:39:00,1221.7954
2025-03-08 06:40:00,1196.4565
2025-03-08 06:41:00,1191.2270
2025-03-08 06:42:00,1212.4801
2025-03-08 06:43:00,1212.4006
2025-03-08 06:44:00,1196.0138
2025-03-08 06:45:00,1212.4006
2025-03-08 06:46:00,1191.2270
2025-03-08 06:47:00,1212.4006
2025-03-08 06:48:00,1212.2546
2025-03-08 06:49:00,1212.4733
2025-03-08 06:50:00,1212.3277
2025-03-08 06:51:00,1196.4565
2025-03-08 06:52:00,1245.4107
2025-03-08 06:53:00,1238.3108
2025-03-08 06:54:00,1212.4006
2025-03-08 06:55:00,1212.2546
2025-03-08 06:56:00,1196.5940
2025-03-08 06:57:00,1238.2051
2025-03-08 06:58:00,1196.5940
2025-03-08 06:59:00,1191.8188
2025-03-08 07:00:00,1238.1544
2025-03-08 07:01:00,1211.1705
2025-03-08 07:02:00,1194.6922
2025-03-08 07:03:00,1195.4418
2025-03-08 07:04:00,1211.3240
2025-03-08 07:05:00,1195.5840
2025-03-08 07:06:00,1211.7925
2025-03-08 07:07:00,1211.7925
2025-03-08 07:08:00,1194.6922
2025-03-08 07:09:00,1221.1427
2025-03-08 07:10:00,1188.3134
2025-03-08 07:11:00,1188.1015
2025-03-08 07:12:00,1211.4004
2025-03-08 07:13:00,1211.4004
2025-03-08 07:14:00,1194.5456
2025-03-08 07:15:00,1244.8471
2025-03-08 07:16:00,1211.7925
2025-03-08 07:17:00,1188.3134
2025-03-08 07:18:00,1211.4004
2025-03-08 07:19:00,1211.7925
2025-03-08 07:20:00,1210.8453
2025-03-08 07:21:00,1187.8881
2025-03-08 07:22:00,1221.1427
2025-03-08 07:23:00,1194.8382
2025-03-08 07:24:00,1237.8351
2025-03-08 07:25:00,1211.3240
2025-03-08 07:26:00,1188.3134
2025-03-08 07:27:00,1188.3134
2025-03-08 07:28:00,1210.7670
2025-03-08 07:29:00,1194.5456
2025-03-08 07:30:00,1188.3134
2025-03-08 07:31:00,1189.7981
2025-03-08 07:32:00,1221.1427
2025-03-08 07:33:00,1211.2474
2025-03-08 07:34:00,1211.3240
2025-03-08 07:35:00,1237.1312
2025-03-08 07:36:00,1194.5456
2025-03-08 07:37:00,1194.6922
2025-03-08 07:38:00,1211.2474
2025-03-08 07:39:00,1220.9804
2025-03-08 07:40:00,1195.7257
2025-03-08 07:41:00,1189.1867
2025-03-08 07:42:00,1189.7981
2025-03-08 07:43:00,1194.6922
2025-03-08 07:44:00,1249.5227
2025-03-08 07:45:00,1189.5956
2025-03-08 07:46:00,1237.3545
2025-03-08 07:47:00,1186.5256
2025-03-08 07:48:00,1237.4074
2025-03-08 07:49:00,1236.9670
2025-03-08 07:50:00,1210.6845
2025-03-08 07:51:00,1186.5256
2025-03-08 07:52:00,1211.0933
2025-03-08 07:53:00,1195.5840
2025-03-08 07:54:00,1236.6843
2025-03-08 07:55:00,1211.1667
2025-03-08 07:56:00,1210.9195
2025-03-08 07:57:00,1210.6845
2025-03-08 07:58:00,1186.5256
2025-03-08 07:59:00,1210.6845
2025-03-08 08:00:00,1194.3910
2025-03-08 08:01:00,1237.0210
2025-03-08 08:02:00,1210.6845
2025-03-08 08:03:00,1194.3910
2025-03-08 08:04:00,1211.0895
2025-03-08 08:05:00,1236.9128
2025-03-08 08:06:00,1236.9128
2025-03-08 08:07:00,1237.2988
2025-03-08 08:08:00,1193.6144
2025-03-08 08:09:00,1192.3474
2025-03-08 08:10:00,1211.0895
2025-03-08 08:11:00,1187.4466
2025-03-08 08:12:00,1210.5263
2025-03-08 08:13:00,1210.1915
2025-03-08 08:14:00,1237.2988
2025-03-08 08:15:00,1220.2948
2025-03-08 08:16:00,1210.1108
2025-03-08 08:17:00,1244.5206
2025-03-08 08:18:00,1185.1175
2025-03-08 08:19:00,1192.5049
2025-03-08 08:20:00,1183.6496
2025-03-08 08:21:00,1209.9486
2025-03-08 08:22:00,1210.0298
2025-03-08 08:23:00,1186.5256
2025-03-08 08:24:00,1192.3474
2025-03-08 08:25:00,1209.6874
2025-03-08 08:26:00,1219.3904
2025-03-08 08:27:00,1209.6874
2025-03-08 08:28:00,1191.3543
2025-03-08 08:29:00,1219.2107
2025-03-08 08:30:00,1219.3904
2025-03-08 08:31:00,1209.3037
2025-03-08 08:32:00,1191.0266
2025-03-08 08:33:00,1210.0353
2025-03-08 08:34:00,1211.1679
2025-03-08 08:35:29,1210.0353
2025-03-08 08:36:00,1221.2248
2025-03-08 08:37:00,1210.9492
2025-03-08 08:38:00,1210.4236
2025-03-08 08:39:00,1220.8359
2025-03-08 08:40:00,1221.0954
2025-03-08 08:41:00,1209.9306
2025-03-08 08:42:00,1221.0457
2025-03-08 08:43:00,1209.2198
2025-03-08 08:44:00,1236.0817
2025-03-08 08:45:00,1209.3037
2025-03-08 08:46:00,1182.2616
2025-03-08 08:47:00,1248.7132
2025-03-08 08:48:00,1189.8851
2025-03-08 08:49:00,1235.6702
2025-03-08 08:50:00,1266.1966
2025-03-08 08:51:00,1190.5922
2025-03-08 08:52:00,1234.7800
2025-03-08 08:53:00,1209.3037
2025-03-08 08:54:00,1229.1983
2025-03-08 08:55:00,1236.0817
2025-03-08 08:56:00,1190.5922
2025-03-08 08:57:00,1231.4493
2025-03-08 08:58:00,1221.0954
2025-03-08 08:59:00,1210.9492
2025-03-08 09:00:00,1209.8254
2025-03-08 09:01:00,1210.7807
2025-03-08 09:02:00,1220.7348
2025-03-08 09:03:00,1220.6840
2025-03-08 09:04:00,1210.8651
2025-03-08 09:05:00,1209.2715
2025-03-08 09:06:00,1209.0544
2025-03-08 09:07:00,1208.5207
2025-03-08 09:08:00,1189.7139
2025-03-08 09:09:00,1189.5419
2025-03-08 09:10:00,1190.2565
2025-03-08 09:11:00,1208.7793
2025-03-08 09:12:00,1208.6072
2025-03-08 09:13:00,1218.3019
2025-03-08 09:14:00,1208.6934
2025-03-08 09:15:00,1208.6934
2025-03-08 09:16:00,1179.8449
2025-03-08 09:17:00,1181.1909
2025-03-08 09:18:00,1180.6683
2025-03-08 09:19:00,1208.7793
2025-03-08 09:20:00,1187.5264
2025-03-08 09:21:00,1235.0633
2025-03-08 09:22:00,1187.5264
2025-03-08 09:23:00,1234.4485
2025-03-08 09:24:00,1234.5106
2025-03-08 09:25:00,1207.9736
2025-03-08 09:26:00,1187.7092
2025-03-08 09:27:00,1208.1504
2025-03-08 09:28:00,1188.4476
2025-03-08 09:29:00,1235.1229
2025-03-08 09:30:00,1207.9736
2025-03-08 09:31:00,1265.9543
2025-03-08 09:32:00,1208.1504
2025-03-08 09:33:00,1235.3061
2025-03-08 09:34:00,1208.0621
2025-03-08 09:35:00,1208.0621
2025-03-08 09:36:00,1207.6074
2025-03-08 09:37:00,1207.6973
2025-03-08 09:38:00,1217.5018
2025-03-08 09:39:00,1178.9891
2025-03-08 09:40:00,1208.1504
2025-03-08 09:41:00,1217.6008
2025-03-08 09:42:00,1218.1061
2025-03-08 09:43:00,1235.2470
2025-03-08 09:44:00,1228.4008
2025-03-08 09:45:00,1235.0633
2025-03-08 09:46:00,1228.4551
2025-03-08 09:47:00,1235.1879
2025-03-08 09:48:00,1208.0621
2025-03-08 09:49:00,1207.5171
2025-03-08 09:50:00,1178.7128
2025-03-08 09:51:00,1208.0621
2025-03-08 09:52:00,1208.0621
2025-03-08 09:53:00,1217.5018
2025-03-08 09:54:00,1208.0621
2025-03-08 09:55:00,1207.7870
2025-03-08 09:56:00,1207.1350
2025-03-08 09:57:00,1207.9736
2025-03-08 09:58:00,1178.4344
2025-03-08 09:59:00,1188.2688
2025-03-08 10:00:00,1243.3936
2025-03-08 10:01:00,1178.4344
2025-03-08 10:02:00,1234.6269
2025-03-08 10:03:00,1243.3552
2025-03-08 10:04:00,1207.6074
2025-03-08 10:05:00,1207.6973
2025-03-08 10:06:00,1206.9459
2025-03-08 10:07:00,1207.2309
2025-03-08 10:08:00,1186.3626
2025-03-08 10:09:00,1186.1723
2025-03-08 10:10:00,1186.1723
2025-03-08 10:11:00,1207.3223
2025-03-08 10:12:00,1216.4472
2025-03-08 10:13:00,1206.4601
2025-03-08 10:14:00,1207.0384
2025-03-08 10:15:00,1185.9809
2025-03-08 10:16:00,1186.7578
2025-03-08 10:17:00,1248.2102
2025-03-08 10:18:00,1234.5046
2025-03-08 10:19:00,1175.7337
2025-03-08 10:20:00,1207.0384
2025-03-08 10:21:00,1206.8530
2025-03-08 10:22:00,1185.9809
2025-03-08 10:23:00,1207.0384
2025-03-08 10:24:00,1175.4328
2025-03-08 10:25:00,1207.0384
2025-03-08 10:26:00,1207.1305
2025-03-08 10:27:00,1186.1723
2025-03-08 10:28:00,1206.4601
2025-03-08 10:29:00,1175.1296
2025-03-08 10:30:00,1206.8530
2025-03-08 10:31:00,1207.2223
2025-03-08 10:32:00,1206.8530
2025-03-08 10:33:00,1234.5046
2025-03-08 10:34:00,1207.1305
2025-03-08 10:35:00,1206.9459
2025-03-08 10:36:00,1206.3654
2025-03-08 10:37:00,1173.1998
2025-03-08 10:38:00,1227.5573
2025-03-08 10:39:00,1234.5658
2025-03-08 10:40:00,1216.3419
2025-03-08 10:41:00,1234.5658
2025-03-08 10:42:00,1234.4432
2025-03-08 10:43:00,1185.7885
2025-03-08 10:44:00,1206.9459
2025-03-08 10:45:00,1207.0384
2025-03-08 10:46:00,1185.9809
2025-03-08 10:47:00,1234.5046
2025-03-08 10:48:00,1215.6719
2025-03-08 10:49:00,1234.6269
2025-03-08 10:50:00,1173.1840
2025-03-08 10:51:00,1242.7039
2025-03-08 10:52:00,1173.1998
2025-03-08 10:53:00,1242.6638
2025-03-08 10:54:00,1234.0557
2025-03-08 10:55:00,1205.8629
2025-03-08 10:56:00,1234.0557
2025-03-08 10:57:00,1233.6639
2025-03-08 10:58:00,1205.6683
2025-03-08 10:59:00,1205.6683
2025-03-08 11:00:00,1184.7624
2025-03-08 11:01:00,1229.7788
2025-03-08 11:02:00,1219.0071
2025-03-08 11:03:00,1205.2723
2025-03-08 11:04:00,1205.2723
2025-03-08 11:05:00,1205.4722
2025-03-08 11:06:00,1206.2655
2025-03-08 11:07:00,1183.0955
2025-03-08 11:08:00,1233.5999
2025-03-08 11:09:00,1205.5705
2025-03-08 11:10:00,1213.9157
2025-03-08 11:11:00,1170.4795
2025-03-08 11:12:00,1233.5999
2025-03-08 11:13:00,1205.6683
2025-03-08 11:14:00,1205.5705
2025-03-08 11:15:00,1205.4722
2025-03-08 11:16:00,1233.1993
2025-03-08 11:17:00,1204.9559
2025-03-08 11:18:00,1214.0347
2025-03-08 11:19:00,1213.2868
2025-03-08 11:20:00,1213.9157
2025-03-08 11:21:00,1205.5705
2025-03-08 11:22:00,1183.3033
2025-03-08 11:23:00,1168.3122
2025-03-08 11:24:00,1204.8552
2025-03-08 11:25:00,1227.1684
2025-03-08 11:26:00,1205.0487
2025-03-08 11:27:00,1181.9973
2025-03-08 11:28:00,1168.3122
2025-03-08 11:29:00,1205.4722
2025-03-08 11:30:00,1204.9559
2025-03-08 11:31:00,1213.3936
2025-03-08 11:32:00,1181.7818
2025-03-08 11:33:00,1167.9514
2025-03-08 11:34:00,1213.3936
2025-03-08 11:35:00,1180.5864
2025-03-08 11:36:00,1180.7215
2025-03-08 11:37:00,1180.4979
2025-03-08 11:38:00,1226.4993
2025-03-08 11:39:00,1204.3929
2025-03-08 11:40:00,1178.8495
2025-03-08 11:41:00,1212.4910
2025-03-08 11:42:00,1204.4957
2025-03-08 11:43:00,1204.2897
2025-03-08 11:44:00,1178.8495
2025-03-08 11:45:00,1180.5864
2025-03-08 11:46:00,1180.2729
2025-03-08 11:47:00,1178.8495
2025-03-08 11:48:00,1213.2704
2025-03-08 11:49:00,1179.0832
2025-03-08 11:50:00,1180.4979
2025-03-08 11:51:00,1204.3929
2025-03-08 11:52:00,1204.3929
2025-03-08 11:53:00,1179.0832
2025-03-08 11:54:00,1232.4419
2025-03-08 11:55:00,1203.6413
2025-03-08 11:56:00,1179.0832
2025-03-08 11:57:00,1212.6190
2025-03-08 11:58:00,1162.1069
2025-03-08 11:59:00,1161.6890
2025-03-08 12:00:00,1178.1951
2025-03-08 12:01:00,1212.7461
2025-03-08 12:02:00,1232.2636
2025-03-08 12:03:00,1163.7157
2025-03-08 12:04:00,1212.4910
2025-03-08 12:05:00,1179.1703
2025-03-08 12:06:00,1233.1052
2025-03-08 12:07:00,1163.7942
2025-03-08 12:08:00,1177.9551
2025-03-08 12:09:00,1178.2817
2025-03-08 12:10:00,1163.7942
2025-03-08 12:11:00,1163.7942
2025-03-08 12:12:00,1163.7942
2025-03-08 12:13:00,1203.7472
2025-03-08 12:14:00,1226.2097
2025-03-08 12:15:00,1204.4791
2025-03-08 12:16:00,1165.5590
2025-03-08 12:17:00,1179.0832
2025-03-08 12:18:00,1165.0836
2025-03-08 12:19:00,1163.9942
2025-03-08 12:20:00,1180.3502
2025-03-08 12:21:00,1213.5435
2025-03-08 12:22:00,1265.6379
2025-03-08 12:23:00,1204.3750
2025-03-08 12:24:00,1213.5435
2025-03-08 12:25:00,1204.1425
2025-03-08 12:26:00,1180.0316
2025-03-08 12:27:00,1227.4700
2025-03-08 12:28:00,1179.1586
2025-03-08 12:29:00,1213.6677
2025-03-08 12:30:00,1180.1807
2025-03-08 12:31:00,1165.0836
2025-03-08 12:32:00,1226.7635
2025-03-08 12:33:00,1180.3502
2025-03-08 12:34:00,1179.4829
2025-03-08 12:35:00,1163.9942
2025-03-08 12:36:00,1204.8681
2025-03-08 12:37:00,1179.8132
2025-03-08 12:38:00,1204.0367
2025-03-08 12:39:00,1179.4829
2025-03-08 12:40:00,1163.5061
2025-03-08 12:41:00,1204.2374
2025-03-08 12:42:00,1179.4829
2025-03-08 12:43:00,1214.0635
2025-03-08 12:44:00,1213.1873
2025-03-08 12:45:00,1226.7056
2025-03-08 12:46:00,1213.4767
2025-03-08 12:47:00,1204.2374
2025-03-08 12:48:00,1204.3750
2025-03-08 12:49:00,1213.4767
2025-03-08 12:50:00,1179.3940
2025-03-08 12:51:00,1233.7399
2025-03-08 12:52:00,1213.4767
2025-03-08 12:53:00,1164.4916
2025-03-08 12:54:00,1213.4767
2025-03-08 12:55:00,1204.2374
2025-03-08 12:56:00,1179.1586
2025-03-08 12:57:00,1179.1586
2025-03-08 12:58:00,1204.4415
2025-03-08 12:59:00,1163.9942
2025-03-08 13:00:00,1213.7704
2025-03-08 13:01:00,1181.7657
2025-03-08 13:02:00,1169.0667
2025-03-08 13:03:00,1163.5061
2025-03-08 13:04:00,1205.7086
2025-03-08 13:05:00,1215.8796
2025-03-08 13:06:00,1181.8592
2025-03-08 13:07:00,1167.5631
2025-03-08 13:08:00,1168.0504
2025-03-08 13:09:00,1205.7086
2025-03-08 13:10:00,1182.5097
2025-03-08 13:11:00,1167.0847
2025-03-08 13:12:00,1183.0046
2025-03-08 13:13:00,1182.3705
2025-03-08 13:14:00,1205.9107
2025-03-08 13:15:00,1206.4276
2025-03-08 13:16:00,1206.1352
2025-03-08 13:17:00,1206.1125
2025-03-08 13:18:00,1183.0046
2025-03-08 13:19:00,1228.5188
2025-03-08 13:20:00,1181.8592
2025-03-08 13:21:00,1182.5097
2025-03-08 13:22:00,1228.0591
2025-03-08 13:23:00,1169.5043
2025-03-08 13:24:00,1234.9415
2025-03-08 13:25:00,1228.4280
2025-03-08 13:26:00,1206.0282
2025-03-08 13:27:00,1206.1125
2025-03-08 13:28:00,1206.7354
2025-03-08 13:29:00,1228.6134
2025-03-08 13:30:00,1181.8592
2025-03-08 13:31:00,1243.2533
2025-03-08 13:32:00,1181.5395
2025-03-08 13:33:00,1234.2404
2025-03-08 13:34:00,1167.5631
2025-03-08 13:35:00,1182.8646
2025-03-08 13:36:00,1234.4119
2025-03-08 13:37:00,1181.8592
2025-03-08 13:38:00,1215.5899
2025-03-08 13:39:00,1206.1125
2025-03-08 13:40:00,1207.1655
2025-03-08 13:41:00,1206.5344
2025-03-08 13:42:00,1206.9362
2025-03-08 13:43:00,1182.1847
2025-03-08 13:44:00,1167.5631
2025-03-08 13:45:00,1235.6480
2025-03-08 13:46:00,1207.5879
2025-03-08 13:47:00,1235.8367
2025-03-08 13:48:00,1167.5631
2025-03-08 13:49:00,1206.9686
2025-03-08 13:50:00,1207.1655
2025-03-08 13:51:00,1207.7840
2025-03-08 13:52:00,1208.1824
2025-03-08 13:53:00,1230.3327
2025-03-08 13:54:00,1183.8862
2025-03-08 13:55:00,1184.5223
2025-03-08 13:56:00,1208.1824
2025-03-08 13:57:00,1185.1925
2025-03-08 13:58:00,1207.3656
2025-03-08 13:59:00,1207.3656
2025-03-08 14:00:00,1207.7652
2025-03-08 14:01:00,1185.1925
2025-03-08 14:02:00,1207.1655
2025-03-08 14:03:00,1217.9593
2025-03-08 14:04:00,1171.5377
2025-03-08 14:05:00,1208.1824
2025-03-08 14:06:00,1184.5223
2025-03-08 14:07:00,1268.2426
2025-03-08 14:08:00,1171.5377
2025-03-08 14:09:00,1244.6321
2025-03-08 14:10:00,1207.9833
2025-03-08 14:11:00,1207.7840
2025-03-08 14:12:00,1236.2700
2025-03-08 14:13:00,1185.5114
2025-03-08 14:14:00,1207.7840
2025-03-08 14:15:00,1184.8792
2025-03-08 14:16:00,1207.9833
2025-03-08 14:17:00,1185.8298
2025-03-08 14:18:00,1236.1734
2025-03-08 14:19:00,1185.8298
2025-03-08 14:20:00,1207.9833
2025-03-08 14:21:00,1207.3656
2025-03-08 14:22:00,1175.9093
2025-03-08 14:23:00,1185.8298
2025-03-08 14:24:00,1219.1229
2025-03-08 14:25:00,1185.5114
2025-03-08 14:26:00,1188.1002
2025-03-08 14:27:00,1185.8298
2025-03-08 14:28:00,1171.5377
2025-03-08 14:29:00,1185.5114
2025-03-08 14:30:00,1175.9093
2025-03-08 14:31:00,1190.3543
2025-03-08 14:32:00,1220.8784
2025-03-08 14:33:00,1180.6040
2025-03-08 14:34:00,1179.6746
2025-03-08 14:35:00,1211.0252
2025-03-08 14:36:00,1238.7665
2025-03-08 14:37:00,1223.1515
2025-03-08 14:38:00,1211.0252
2025-03-08 14:39:00,1239.0995
2025-03-08 14:40:00,1223.1515
2025-03-08 14:41:00,1224.5738
2025-03-08 14:42:00,1179.6971
2025-03-08 14:43:00,1211.0252
2025-03-08 14:44:00,1209.6155
2025-03-08 14:45:00,1179.6971
2025-03-08 14:46:00,1223.4267
2025-03-08 14:47:00,1234.4127
2025-03-08 14:48:00,1190.6632
2025-03-08 14:49:00,1210.8299
2025-03-08 14:50:00,1179.6971
2025-03-08 14:51:00,1190.9715
2025-03-08 14:52:00,1234.5904
2025-03-08 14:53:00,1192.5619
2025-03-08 14:54:00,1190.3543
2025-03-08 14:55:00,1192.5619
2025-03-08 14:56:00,1225.1184
2025-03-08 14:57:00,1234.5904
2025-03-08 14:58:00,1183.3799
2025-03-08 14:59:00,1182.9345
2025-03-08 15:00:00,1211.0252
2025-03-08 15:01:00,1190.6632
2025-03-08 15:02:00,1180.1512
2025-03-08 15:03:00,1211.6095
2025-03-08 15:04:00,1225.1184
2025-03-08 15:05:00,1192.5619
2025-03-08 15:06:00,1211.2202
2025-03-08 15:07:00,1182.9345
2025-03-08 15:08:00,1183.3799
2025-03-08 15:09:00,1192.5619
2025-03-08 15:10:00,1210.8299
2025-03-08 15:11:00,1239.7946
2025-03-08 15:12:00,1192.5619
2025-03-08 15:13:00,1182.9345
2025-03-08 15:14:00,1192.2566
2025-03-08 15:15:00,1186.5694
2025-03-08 15:16:00,1213.8143
2025-03-08 15:17:00,1240.2987
2025-03-08 15:18:00,1235.5173
2025-03-08 15:19:00,1195.3546
2025-03-08 15:20:00,1240.6513
2025-03-08 15:21:00,1194.4531
2025-03-08 15:22:00,1213.8143
2025-03-08 15:23:00,1227.3403
2025-03-08 15:24:00,1213.6226
2025-03-08 15:25:00,1241.1525
2025-03-08 15:26:00,1227.3403
2025-03-08 15:27:00,1214.9947
2025-03-08 15:28:00,1234.5992
2025-03-08 15:29:00,1189.6778
2025-03-08 15:30:00,1225.4033
2025-03-08 15:31:00,1213.4308
2025-03-08 15:32:00,1226.8040
2025-03-08 15:33:00,1227.0724
2025-03-08 15:34:00,1194.4531
2025-03-08 15:35:00,1212.6243
2025-03-08 15:36:00,1213.8143
2025-03-08 15:37:00,1186.5694
2025-03-08 15:38:00,1192.2718
2025-03-08 15:39:00,1186.1324
2025-03-08 15:40:00,1194.4531
2025-03-08 15:41:00,1213.4308
2025-03-08 15:42:00,1196.6048
2025-03-08 15:43:00,1188.3877
2025-03-08 15:44:00,1226.8040
2025-03-08 15:45:00,1188.8189
2025-03-08 15:46:00,1228.7226
2025-03-08 15:47:00,1188.8189
2025-03-08 15:48:00,1196.0091
2025-03-08 15:49:00,1214.9947
2025-03-08 15:50:00,1189.2489
2025-03-08 15:51:00,1214.9947
2025-03-08 15:52:00,1191.4625
2025-03-08 15:53:00,1230.0918
2025-03-08 15:54:00,1188.3877
2025-03-08 15:55:00,1228.9875
2025-03-08 15:56:00,1272.7993
2025-03-08 15:57:00,1197.8452
2025-03-08 15:58:00,1192.9892
2025-03-08 15:59:00,1196.3073
2025-03-08 16:00:00,1192.9892
2025-03-08 16:01:00,1198.1398
2025-03-08 16:02:00,1238.3096
2025-03-08 16:03:00,1230.3542
2025-03-08 16:04:00,1192.9892
2025-03-08 16:05:00,1239.0152
2025-03-08 16:06:00,1231.0393
2025-03-08 16:07:00,1238.4822
2025-03-08 16:08:00,1242.5891
2025-03-08 16:09:00,1231.0393
2025-03-08 16:10:00,1242.3193
2025-03-08 16:11:00,1199.2016
2025-03-08 16:12:00,1200.3943
2025-03-08 16:13:00,1231.8445
2025-03-08 16:14:00,1216.8460
2025-03-08 16:15:00,1231.8445
2025-03-08 16:16:00,1231.3000
2025-03-08 16:17:00,1231.8445
2025-03-08 16:18:00,1231.3000
2025-03-08 16:19:00,1238.8432
2025-03-08 16:20:00,1200.1038
2025-03-08 16:21:00,1217.4253
2025-03-08 16:22:00,1199.4938
2025-03-08 16:23:00,1199.2016
2025-03-08 16:24:00,1216.8460
2025-03-08 16:25:00,1193.4085
2025-03-08 16:26:00,1215.6806
2025-03-08 16:27:00,1190.7960
2025-03-08 16:28:00,1197.3815
2025-03-08 16:29:00,1198.2664
2025-03-08 16:30:00,1244.0772
2025-03-08 16:31:00,1216.8460
2025-03-08 16:32:00,1215.6806
2025-03-08 16:33:00,1229.9421
2025-03-08 16:34:00,1231.5602
2025-03-08 16:35:00,1200.0763
2025-03-08 16:36:00,1190.7960
2025-03-08 16:37:00,1238.6547
2025-03-08 16:38:00,1217.0335
2025-03-08 16:39:00,1217.0335
2025-03-08 16:40:00,1243.9162
2025-03-08 16:41:00,1217.7984
2025-03-08 16:42:00,1217.2207
2025-03-08 16:43:00,1200.9735
2025-03-08 16:44:00,1217.0335
2025-03-08 16:45:00,1202.4535
2025-03-08 16:46:00,1217.0335
2025-03-08 16:47:00,1193.4085
2025-03-08 16:48:00,1197.2325
2025-03-08 16:49:00,1239.8965
2025-03-08 16:50:00,1218.5686
2025-03-08 16:51:00,1218.5686
2025-03-08 16:52:00,1202.7666
2025-03-08 16:53:00,1201.8798
2025-03-08 16:54:00,1202.4535
2025-03-08 16:55:00,1233.6864
2025-03-08 16:56:00,1202.1669
2025-03-08 16:57:00,1198.4937
2025-03-08 16:58:00,1202.7666
2025-03-08 16:59:00,1240.5939
2025-03-08 17:00:00,1233.4300
2025-03-08 17:01:00,1240.5939
2025-03-08 17:02:00,1198.4937
2025-03-08 17:03:00,1233.9665
2025-03-08 17:04:00,1203.6215
2025-03-08 17:05:00,1198.4937
2025-03-08 17:06:00,1233.6864
2025-03-08 17:07:00,1203.3371
2025-03-08 17:08:00,1203.3371
2025-03-08 17:09:00,1240.5939
2025-03-08 17:10:00,1236.2971
2025-03-08 17:11:00,1234.4770
2025-03-08 17:12:00,1203.0521
2025-03-08 17:13:00,1244.9398
2025-03-08 17:14:00,1203.0521
2025-03-08 17:15:00,1236.2971
2025-03-08 17:16:00,1219.1410
2025-03-08 17:17:00,1203.0521
2025-03-08 17:18:00,1203.3371
2025-03-08 17:19:00,1203.0521
2025-03-08 17:20:00,1218.7538
2025-03-08 17:21:00,1219.1410
2025-03-08 17:22:00,1234.7315
2025-03-08 17:23:00,1218.5686
2025-03-08 17:24:00,1198.8992
2025-03-08 17:25:00,1219.5098
2025-03-08 17:26:00,1203.0521
2025-03-08 17:27:00,1218.9563
2025-03-08 17:28:00,1234.7315
2025-03-08 17:29:00,1219.3255
2025-03-08 17:30:00,1219.3255
2025-03-08 17:31:00,1199.3037
2025-03-08 17:32:00,1247.8531
2025-03-08 17:33:00,1205.1032
2025-03-08 17:34:00,1201.0069
2025-03-08 17:35:00,1221.7803
2025-03-08 17:36:00,1236.3095
2025-03-08 17:37:00,1236.5609
2025-03-08 17:38:00,1238.1067
2025-03-08 17:39:00,1202.2018
2025-03-08 17:40:00,1201.4062
2025-03-08 17:41:00,1237.8581
2025-03-08 17:42:00,1221.4173
2025-03-08 17:43:00,1205.1032
2025-03-08 17:44:00,1238.1067
2025-03-08 17:45:00,1284.2361
2025-03-08 17:46:00,1205.6651
2025-03-08 17:47:00,1241.6498
2025-03-08 17:48:00,1221.7803
2025-03-08 17:49:00,1206.6549
2025-03-08 17:50:00,1204.2479
2025-03-08 17:51:00,1206.6549
2025-03-08 17:52:00,1284.2361
2025-03-08 17:53:00,1207.1136
2025-03-08 17:54:00,1207.1136
2025-03-08 17:55:00,1238.1067
2025-03-08 17:56:00,1277.4087
2025-03-08 17:57:00,1243.0233
2025-03-08 17:58:00,1204.2479
2025-03-08 17:59:00,1203.8556
2025-03-08 18:00:00,1278.4212
2025-03-08 18:01:00,1206.2684
2025-03-08 18:02:00,1222.8978
2025-03-08 18:03:00,1205.8810
2025-03-08 18:04:00,1239.3901
2025-03-08 18:05:00,1206.6549
2025-03-08 18:06:00,1206.2684
2025-03-08 18:07:00,1239.6361
2025-03-08 18:08:00,1244.0522
2025-03-08 18:09:00,1239.8817
2025-03-08 18:10:00,1278.4212
2025-03-08 18:11:00,1223.0775
2025-03-08 18:12:00,1209.4063
2025-03-08 18:13:00,1239.3901
2025-03-08 18:14:00,1246.3766
2025-03-08 18:15:00,1246.2515
2025-03-08 18:16:00,1278.2979
2025-03-08 18:17:00,1247.4027
2025-03-08 18:18:00,1241.4045
2025-03-08 18:19:00,1240.1390
2025-03-08 18:20:00,1209.4251
2025-03-08 18:21:00,1209.4251
2025-03-08 18:22:00,1279.3103
2025-03-08 18:23:00,1245.4097
2025-03-08 18:24:00,1208.8371
2025-03-08 18:25:00,1242.8993
2025-03-08 18:26:00,1242.6588
2025-03-08 18:27:00,1211.3408
2025-03-08 18:28:00,1211.7563
2025-03-08 18:29:00,1209.8041
2025-03-08 18:30:00,1209.4251
2025-03-08 18:31:00,1240.9181
2025-03-08 18:32:00,1242.8993
2025-03-08 18:33:00,1209.4251
2025-03-08 18:34:00,1224.1938
2025-03-08 18:35:00,1245.2457
2025-03-08 18:36:00,1241.4045
2025-03-08 18:37:00,1250.2542
2025-03-08 18:38:00,1211.7563
2025-03-08 18:39:00,1212.1298
2025-03-08 18:40:00,1240.1390
2025-03-08 18:41:00,1241.4045
2025-03-08 18:42:00,1241.6471
2025-03-08 18:43:00,1210.7994
2025-03-08 18:44:00,1209.8041
2025-03-08 18:45:00,1250.2542
2025-03-08 18:46:00,1209.8041
2025-03-08 18:47:00,1209.8041
2025-03-08 18:48:00,1245.0814
2025-03-08 18:49:00,1224.3719
2025-03-08 18:50:00,1240.1390
2025-03-08 18:51:00,1209.4251
2025-03-08 18:52:00,1251.2065
2025-03-08 18:53:00,1247.5267
2025-03-08 18:54:00,1210.7994
2025-03-08 18:55:00,1211.0703
2025-03-08 18:56:00,1224.1938
2025-03-08 18:57:00,1212.7500
2025-03-08 18:58:00,1245.2457
2025-03-08 18:59:00,1210.7994
2025-03-08 19:00:00,1213.2845
2025-03-08 19:01:00,1249.1805
2025-03-08 19:02:00,1225.4781
2025-03-08 19:03:00,1224.3719
2025-03-08 19:04:00,1243.1513
2025-03-08 19:05:00,1245.1021
2025-03-08 19:06:00,1243.3909
2025-03-08 19:07:00,1225.4781
2025-03-08 19:08:00,1243.6302
2025-03-08 19:09:00,1243.1513
2025-03-08 19:10:00,1212.8926
2025-03-08 19:11:00,1243.3909
2025-03-08 19:12:00,1213.0175
2025-03-08 19:13:00,1213.0175
2025-03-08 19:14:00,1212.1483
2025-03-08 19:15:00,1244.6281
2025-03-08 19:16:00,1243.3909
2025-03-08 19:17:00,1226.0071
2025-03-08 19:18:00,1212.5209
2025-03-08 19:19:00,1227.0920
2025-03-08 19:20:00,1213.2845
2025-03-08 19:21:00,1226.7423
2025-03-08 19:22:00,1214.3981
2025-03-08 19:23:00,1212.5209
2025-03-08 19:24:00,1225.6547
2025-03-08 19:25:00,1214.4404
2025-03-08 19:26:00,1226.7423
2025-03-08 19:27:00,1214.6627
2025-03-08 19:28:00,1225.8310
2025-03-08 19:29:00,1214.4404
2025-03-08 19:30:00,1247.4320
2025-03-08 19:31:00,1226.9173
2025-03-08 19:32:00,1213.8172
2025-03-08 19:33:00,1215.1905
2025-03-08 19:34:00,1213.2845
2025-03-08 19:35:00,1227.9954
2025-03-08 19:36:00,1215.1905
2025-03-08 19:37:00,1247.0267
2025-03-08 19:38:00,1214.6627
2025-03-08 19:39:00,1247.7546
2025-03-08 19:40:00,1215.1905
2025-03-08 19:41:00,1252.4645
2025-03-08 19:42:00,1228.3420
2025-03-08 19:43:00,1215.9044
2025-03-08 19:44:00,1245.3385
2025-03-08 19:45:00,1215.1905
2025-03-08 19:46:00,1281.1870
2025-03-08 19:47:00,1246.7931
2025-03-08 19:48:00,1226.9173
2025-03-08 19:49:00,1216.1410
2025-03-08 19:50:00,1246.7931
2025-03-08 19:51:00,1249.6437
2025-03-08 19:52:00,1219.7944
2025-03-08 19:53:00,1218.2698
2025-03-08 19:54:00,1219.4384
2025-03-08 19:55:00,1228.9671
2025-03-08 19:56:00,1229.3114
2025-03-08 19:57:00,1220.5373
2025-03-08 19:58:00,1218.2698
2025-03-08 19:59:00,1219.4384
2025-03-08 20:00:00,1250.7386
2025-03-08 20:01:00,1229.3276
2025-03-08 20:02:00,1218.0115
2025-03-08 20:03:00,1218.0115
2025-03-08 20:04:00,1217.7527
2025-03-08 20:05:00,1247.6369
2025-03-08 20:06:00,1247.6369
2025-03-08 20:07:00,1220.5373
2025-03-08 20:08:00,1229.3276
2025-03-08 20:09:00,1248.5856
2025-03-08 20:10:00,1218.5520
2025-03-08 20:11:00,1228.9671
2025-03-08 20:12:00,1219.4384
2025-03-08 20:13:00,1220.5373
2025-03-08 20:14:00,1247.6369
2025-03-08 20:15:00,1247.8692
2025-03-08 20:16:00,1220.5373
2025-03-08 20:17:00,1218.8095
2025-03-08 20:18:00,1219.7944
2025-03-08 20:19:00,1228.9671
2025-03-08 20:20:00,1220.5373
2025-03-08 20:21:00,1219.3230
2025-03-08 20:22:00,1219.4384
2025-03-08 20:23:00,1220.5373
2025-03-08 20:24:00,1218.5520
2025-03-08 20:25:00,1229.6710
2025-03-08 20:26:00,1250.9916
2025-03-08 20:27:00,1250.1343
2025-03-08 20:28:00,1219.4384
2025-03-08 20:29:00,1250.4505
2025-03-08 20:30:00,1220.1830
2025-03-08 20:31:00,1220.5373
2025-03-08 20:32:00,1249.2768
2025-03-08 20:33:00,1219.0664
2025-03-08 20:34:00,1229.8424
2025-03-08 20:35:00,1219.0664
2025-03-08 20:36:00,1219.3230
2025-03-08 20:37:00,1218.8095
2025-03-08 20:38:00,1231.0767
2025-03-08 20:39:00,1221.1669
2025-03-08 20:40:00,1219.3230
2025-03-08 20:41:00,1222.3473
2025-03-08 20:42:00,1220.9135
2025-03-08 20:43:00,1230.9068
2025-03-08 20:44:00,1221.1669
2025-03-08 20:45:00,1223.4263
2025-03-08 20:46:00,1256.2371
2025-03-08 20:47:00,1231.0767
2025-03-08 20:48:00,1231.0767
2025-03-08 20:49:00,1255.4806
2025-03-08 20:50:00,1222.3473
2025-03-08 20:51:00,1255.9406
2025-03-08 20:52:00,1220.9135
2025-03-08 20:53:00,1220.6357
2025-03-08 20:54:00,1222.3473
2025-03-08 20:55:00,1231.2463
2025-03-08 20:56:00,1230.5503
2025-03-08 20:57:00,1221.1669
2025-03-08 20:58:00,1250.7035
2025-03-08 20:59:00,1221.1669
2025-03-08 21:00:00,1232.2919
2025-03-08 21:01:00,1221.1669
2025-03-08 21:02:00,1251.5886
2025-03-08 21:03:00,1223.7734
2025-03-08 21:04:00,1255.7780
2025-03-08 21:05:00,1250.9309
2025-03-08 21:06:00,1220.3814
2025-03-08 21:07:00,1250.9309
2025-03-08 21:08:00,1231.0767
2025-03-08 21:09:00,1224.1198
2025-03-08 21:10:00,1222.7255
2025-03-08 21:11:00,1232.2919
2025-03-08 21:12:00,1224.1198
2025-03-08 21:13:00,1250.9309
2025-03-08 21:14:00,1231.0767
2025-03-08 21:15:00,1220.9135
2025-03-08 21:16:00,1231.0767
2025-03-08 21:17:00,1221.4198
2025-03-08 21:18:00,1250.7035
2025-03-08 21:19:00,1232.1235
2025-03-08 21:20:00,1224.1198
2025-03-08 21:21:00,1256.8561
2025-03-08 21:22:00,1222.7255
2025-03-08 21:23:00,1341.1594
2025-03-08 21:24:00,1225.5625
2025-03-08 21:25:00,1252.1052
2025-03-08 21:26:00,1232.4684
2025-03-08 21:27:00,1226.2467
2025-03-08 21:28:00,1253.5044
2025-03-08 21:29:00,1224.5280
2025-03-08 21:30:00,1228.3622
2025-03-08 21:31:00,1252.7171
2025-03-08 21:32:00,1228.6987
2025-03-08 21:33:00,1253.9501
2025-03-08 21:34:00,1224.5280
2025-03-08 21:35:00,1233.1708
2025-03-08 21:36:00,1224.5280
2025-03-08 21:37:00,1233.0035
2025-03-08 21:38:00,1253.7274
2025-03-08 21:39:00,1224.2803
2025-03-08 21:40:00,1228.0250
2025-03-08 21:41:00,1229.7671
2025-03-08 21:42:00,1253.8285
2025-03-08 21:43:00,1253.7274
2025-03-08 21:44:00,1233.5049
2025-03-08 21:45:00,1225.8068
2025-03-08 21:46:00,1341.1765
2025-03-08 21:47:00,1236.9755
2025-03-08 21:48:00,1238.9063
2025-03-08 21:49:00,1234.2859
2025-03-08 21:50:00,1226.5411
2025-03-08 21:51:00,1224.2803
2025-03-08 21:52:00,1253.6745
2025-03-08 21:53:00,1224.2803
2025-03-08 21:54:00,1224.5280
2025-03-08 21:55:00,1254.8793
2025-03-08 21:56:00,1230.4334
2025-03-08 21:57:00,1255.1002
2025-03-08 21:58:00,1232.4781
2025-03-08 21:59:00,1341.1554
2025-03-08 22:00:00,1226.0520
2025-03-08 22:01:00,1230.7656
2025-03-08 22:02:00,1254.8793
2025-03-08 22:03:00,1234.5338
2025-03-08 22:04:00,1226.2967
2025-03-08 22:05:00,1226.2967
2025-03-08 22:06:00,1234.5338
2025-03-08 22:07:00,1255.1002
2025-03-08 22:08:00,1228.3622
2025-03-08 22:09:00,1233.1708
2025-03-08 22:10:00,1233.3380
2025-03-08 22:11:00,1230.7656
2025-03-08 22:12:00,1226.2967
2025-03-08 22:13:00,1234.7075
2025-03-08 22:14:00,1229.3053
2025-03-08 22:15:00,1235.7275
2025-03-08 22:16:00,1235.3987
2025-03-08 22:17:00,1254.9383
2025-03-08 22:18:00,1232.8222
2025-03-08 22:19:00,1227.5724
2025-03-08 22:20:00,1254.6683
2025-03-08 22:21:00,1254.9383
2025-03-08 22:22:00,1236.7401
2025-03-08 22:23:00,1255.5763
2025-03-08 22:24:00,1229.3053
2025-03-08 22:25:00,1235.7275
2025-03-08 22:26:00,1258.2513
2025-03-08 22:27:00,1235.5632
2025-03-08 22:28:00,1236.7401
2025-03-08 22:29:00,1255.8799
2025-03-08 22:30:00,1259.8708
2025-03-08 22:31:00,1233.1494
2025-03-08 22:32:00,1233.4759
2025-03-08 22:33:00,1255.8799
2025-03-08 22:35:00,1236.7401
2025-03-08 22:36:00,1229.3053
2025-03-08 22:37:00,1233.4759
2025-03-08 22:38:00,1230.0225
2025-03-08 22:39:00,1236.9031
2025-03-08 22:40:00,1228.0566
2025-03-08 22:41:00,1235.4822
2025-03-08 22:42:00,1229.7838
2025-03-08 22:43:00,1256.9653
2025-03-08 22:44:00,1256.2278
2025-03-08 22:45:00,1233.4759
2025-03-08 22:46:00,1229.3053
2025-03-08 22:47:00,1234.8366
2025-03-08 22:48:00,1235.4822
2025-03-08 22:49:00,1256.8148
2025-03-08 22:50:00,1235.1597
2025-03-08 22:51:00,1258.8982
2025-03-08 22:52:00,1231.0180
2025-03-08 22:53:00,1235.1597
2025-03-08 22:54:00,1257.8185
2025-03-08 22:55:00,1258.2513
2025-03-08 22:56:00,1259.5827
2025-03-08 22:57:00,1258.4673
2025-03-08 22:58:00,1259.7967
2025-03-08 22:59:00,1259.7967
2025-03-08 23:00:00,1258.4673
2025-03-08 23:01:00,1256.3437
2025-03-08 23:02:00,1357.9962
2025-03-08 23:03:00,1239.4365
2025-03-08 23:04:00,1261.1249
2025-03-08 23:05:00,1239.4365
2025-03-08 23:06:00,1238.9120
2025-03-08 23:07:00,1239.7505
2025-03-08 23:08:00,1239.4365
2025-03-08 23:09:00,1258.0138
2025-03-08 23:10:00,1258.8211
2025-03-08 23:11:00,1262.2009
2025-03-08 23:12:00,1261.3367
2025-03-08 23:13:00,1257.7743
2025-03-08 23:14:00,1258.1280
2025-03-08 23:15:00,1261.7794
2025-03-08 23:16:00,1257.7743
2025-03-08 23:17:00,1261.7794
2025-03-08 23:18:00,1258.8211
2025-03-08 23:19:00,1261.5682
2025-03-08 23:20:00,1232.9566
2025-03-08 23:21:00,1261.1249
2025-03-08 23:22:00,1259.4269
2025-03-08 23:23:00,1239.1219
2025-03-08 23:24:00,1258.3561
2025-03-08 23:25:00,1259.2792
2025-03-08 23:26:00,1261.7794
2025-03-08 23:27:00,1259.5744
2025-03-08 23:28:00,1240.0935
2025-03-08 23:29:00,1261.5482
2025-03-08 23:30:00,1242.9449
2025-03-08 23:31:00,1257.8887
2025-03-08 23:32:00,1261.9903
2025-03-08 23:33:00,1261.9903
2025-03-08 23:34:00,1341.1499
2025-03-08 23:35:00,1239.4365
2025-03-08 23:36:00,1263.2890
2025-03-08 23:37:00,1259.4269
2025-03-08 23:38:00,1263.4978
2025-03-08 23:39:00,1263.4978
2025-03-08 23:40:00,1242.6370
2025-03-08 23:41:00,1341.1501
2025-03-08 23:42:00,1261.9903
2025-03-08 23:43:00,1259.4269
2025-03-08 23:44:00,1341.1513
2025-03-08 23:45:00,1357.9434
2025-03-08 23:46:00,1241.8431
2025-03-08 23:47:00,1260.1907
2025-03-08 23:48:00,1262.5413
2025-03-08 23:49:00,1258.2421
2025-03-08 23:50:00,1242.3286
2025-03-08 23:51:00,1243.7487
2025-03-08 23:52:00,1241.5332
2025-03-08 23:53:00,1259.2428
2025-03-08 23:54:00,1262.5413
2025-03-08 23:55:00,1241.8431
2025-03-08 23:56:00,1263.8353
2025-03-08 23:57:00,1241.8431
2025-03-08 23:58:00,1258.4267
2025-03-08 23:59:00,1259.9601
2025-03-09 00:00:00,1341.1496
2025-03-09 00:01:00,1258.6542
2025-03-09 00:02:00,1260.8670
2025-03-09 00:03:00,1357.9492
2025-03-09 00:04:00,1234.5177
2025-03-09 00:05:00,1241.8431
2025-03-09 00:06:00,1263.6270
2025-03-09 00:07:00,1235.9421
2025-03-09 00:08:00,1263.8353
2025-03-09 00:09:00,1259.4689
2025-03-09 00:10:00,1235.9421
2025-03-09 00:11:00,1263.8353
2025-03-09 00:12:00,1240.9672
2025-03-09 00:13:00,1260.5746
2025-03-09 00:14:00,1259.9601
2025-03-09 00:15:00,1260.8670
2025-03-09 00:16:00,1264.0434
2025-03-09 00:17:00,1262.5413
2025-03-09 00:18:00,1263.6270
2025-03-09 00:19:00,1259.1296
2025-03-09 00:20:00,1264.0434
2025-03-09 00:21:00,1245.0260
2025-03-09 00:22:00,1235.7129
2025-03-09 00:23:00,1259.1296
2025-03-09 00:24:00,1263.8353
2025-03-09 00:25:00,1243.4423
2025-03-09 00:26:00,1341.1496
2025-03-09 00:27:00,1264.0434
2025-03-09 00:28:00,1234.5177
2025-03-09 00:29:00,1259.2428
2025-03-09 00:30:00,1263.6270
2025-03-09 00:31:00,1237.1259
2025-03-09 00:32:00,1243.4423
2025-03-09 00:33:00,1234.5177
2025-03-09 00:34:00,1260.5746
2025-03-09 00:35:00,1263.4183
2025-03-09 00:36:00,1263.8353
2025-03-09 00:37:00,1243.1353
2025-03-09 00:38:00,1245.6473
2025-03-09 00:39:00,1261.6298
2025-03-09 00:40:00,1245.9497
2025-03-09 00:41:00,1265.5412
2025-03-09 00:42:00,1357.8990
2025-03-09 00:43:00,1265.9525
2025-03-09 00:44:00,1265.7470
2025-03-09 00:45:00,1260.8651
2025-03-09 00:46:00,1262.9575
2025-03-09 00:47:00,1260.8651
2025-03-09 00:48:00,1262.6697
2025-03-09 00:49:00,1261.7750
2025-03-09 00:50:00,1247.8087
2025-03-09 00:51:00,1238.7613
2025-03-09 00:52:00,1237.5908
2025-03-09 00:53:00,1262.0647
2025-03-09 00:54:00,1265.5412
2025-03-09 00:55:00,1266.8105
2025-03-09 00:56:00,1341.1470
2025-03-09 00:57:00,1266.4014
2025-03-09 00:58:00,1240.3677
2025-03-09 00:59:00,1262.8137
2025-03-09 01:00:00,1266.8105
2025-03-09 01:01:00,1238.5365
2025-03-09 01:02:00,1261.5547
2025-03-09 01:03:00,1262.9575
2025-03-09 01:04:00,1266.8105
2025-03-09 01:05:00,1357.8791
2025-03-09 01:06:00,1238.9858
2025-03-09 01:07:00,1249.6472
2025-03-09 01:08:00,1357.1218
2025-03-09 01:09:00,1247.8087
2025-03-09 01:10:00,1262.6697
2025-03-09 01:11:00,1341.1480
2025-03-09 01:12:00,1262.8137
2025-03-09 01:13:00,1260.1717
2025-03-09 01:14:00,1268.2723
2025-03-09 01:15:00,1268.2723
2025-03-09 01:16:00,1263.7015
2025-03-09 01:17:00,1262.9575
2025-03-09 01:18:00,1249.3515
2025-03-09 01:19:00,1341.1459
2025-03-09 01:20:00,1352.8589
2025-03-09 01:21:00,1341.1468
2025-03-09 01:22:00,1249.6472
2025-03-09 01:23:00,1261.5547
2025-03-09 01:24:00,1266.8105
2025-03-09 01:25:00,1262.8137
2025-03-09 01:26:00,1261.4436
2025-03-09 01:27:00,1266.8105
2025-03-09 01:28:00,1240.3677
2025-03-09 01:29:00,1357.8266
2025-03-09 01:30:00,1270.7685
2025-03-09 01:31:00,1252.0643
2025-03-09 01:32:00,1252.3553
2025-03-09 01:33:00,1269.7308
2025-03-09 01:34:00,1352.8555
2025-03-09 01:35:00,1269.7308
2025-03-09 01:36:00,1263.9942
2025-03-09 01:37:00,1271.5829
2025-03-09 01:38:00,1269.5301
2025-03-09 01:39:00,1245.6083
2025-03-09 01:40:00,1264.5906
2025-03-09 01:41:00,1269.5301
2025-03-09 01:42:00,1245.6083
2025-03-09 01:43:00,1268.0798
2025-03-09 01:44:00,1269.7308
2025-03-09 01:45:00,1269.7308
2025-03-09 01:46:00,1249.6619
2025-03-09 01:47:00,1341.1457
2025-03-09 01:48:00,1268.2823
2025-03-09 01:49:00,1243.3928
2025-03-09 01:50:00,1243.2374
2025-03-09 01:51:00,1243.5480
2025-03-09 01:52:00,1239.6684
2025-03-09 01:53:00,1267.4322
2025-03-09 01:54:00,1250.5459
2025-03-09 01:55:00,1248.1219
2025-03-09 01:56:00,1247.8234
2025-03-09 01:57:00,1241.0438
2025-03-09 01:58:00,1238.9969
2025-03-09 01:59:00,1244.8128
2025-03-09 02:00:00,1250.2517
2025-03-09 02:01:00,1267.0247
2025-03-09 02:02:00,1248.4197
2025-03-09 02:03:00,1341.1464
2025-03-09 02:04:00,1244.3508
2025-03-09 02:05:00,1268.4846
2025-03-09 02:06:00,1261.7823
2025-03-09 02:07:00,1261.7823
2025-03-09 02:08:00,1239.6684
2025-03-09 02:09:00,1268.2823
2025-03-09 02:10:00,1264.1368
2025-03-09 02:11:00,1244.1965
2025-03-09 02:12:00,1269.7408
2025-03-09 02:13:00,1241.0438
2025-03-09 02:14:00,1252.0643
2025-03-09 02:15:00,1240.8225
2025-03-09 02:16:00,1269.7408
2025-03-09 02:17:00,1240.8225
2025-03-09 02:18:00,1262.3621
2025-03-09 02:19:00,1267.7500
2025-03-09 02:20:00,1269.9412
2025-03-09 02:21:00,1242.4174
2025-03-09 02:22:00,1245.3098
2025-03-09 02:23:00,1243.7674
2025-03-09 02:24:00,1241.9784
2025-03-09 02:25:00,1242.6363
2025-03-09 02:26:00,1245.6159
2025-03-09 02:27:00,1271.1766
2025-03-09 02:28:00,1270.3415
2025-03-09 02:29:00,1243.7674
2025-03-09 02:30:00,1242.4174
2025-03-09 02:31:00,1265.1645
2025-03-09 02:32:00,1271.1766
2025-03-09 02:33:00,1252.6603
2025-03-09 02:34:00,1265.1645
2025-03-09 02:35:00,1252.6603
2025-03-09 02:36:00,1262.5827
2025-03-09 02:37:00,1253.8723
2025-03-09 02:38:00,1269.0028
2025-03-09 02:39:00,1252.9504
2025-03-09 02:40:00,1245.6159
2025-03-09 02:41:00,1269.7408
2025-03-09 02:42:00,1269.9412
2025-03-09 02:43:00,1242.8550
2025-03-09 02:44:00,1262.8030
2025-03-09 02:45:00,1271.5739
2025-03-09 02:46:00,1271.5739
2025-03-09 02:47:00,1254.4479
2025-03-09 02:48:00,1244.4173
2025-03-09 02:49:00,1263.5916
2025-03-09 02:50:00,1244.2010
2025-03-09 02:51:00,1256.7859
2025-03-09 02:52:00,1247.0132
2025-03-09 02:53:00,1254.7351
2025-03-09 02:54:00,1267.1830
2025-03-09 02:55:00,1269.1377
2025-03-09 02:56:00,1255.0218
2025-03-09 02:57:00,1272.7975
2025-03-09 02:58:00,1357.7475
2025-03-09 02:59:00,1271.3754
2025-03-09 03:00:00,1272.7975
2025-03-09 03:01:00,1272.7975
2025-03-09 03:02:00,1267.0436
2025-03-09 03:03:00,1271.0622
2025-03-09 03:04:00,1254.4479
2025-03-09 03:05:00,1263.4822
2025-03-09 03:06:00,1256.7859
2025-03-09 03:07:00,1272.7975
2025-03-09 03:08:00,1270.9293
2025-03-09 03:09:00,1356.9903
2025-03-09 03:10:00,1256.5161
2025-03-09 03:11:00,1245.5348
2025-03-09 03:12:00,1245.5348
2025-03-09 03:13:00,1271.5739
2025-03-09 03:14:00,1266.1775
2025-03-09 03:15:00,1258.5469
2025-03-09 03:16:00,1341.1408
2025-03-09 03:17:00,1275.0164
2025-03-09 03:18:00,1258.2658
2025-03-09 03:19:00,1258.5469
2025-03-09 03:20:00,1247.9462
2025-03-09 03:21:00,1256.7999
2025-03-09 03:22:00,1267.1899
2025-03-09 03:23:00,1259.4143
2025-03-09 03:24:00,1258.5469
2025-03-09 03:25:00,1246.8671
2025-03-09 03:26:00,1258.5469
2025-03-09 03:27:00,1246.8671
2025-03-09 03:28:00,1258.2658
2025-03-09 03:29:00,1265.2779
2025-03-09 03:30:00,1247.0795
2025-03-09 03:31:00,1258.5469
2025-03-09 03:32:00,1247.0795
2025-03-09 03:33:00,1274.0224
2025-03-09 03:34:00,1274.4133
2025-03-09 03:35:00,1247.9462
2025-03-09 03:36:00,1265.1700
2025-03-09 03:37:00,1274.2179
2025-03-09 03:38:00,1258.8277
2025-03-09 03:39:00,1268.1879
2025-03-09 03:40:00,1259.6937
2025-03-09 03:41:00,1341.1396
2025-03-09 03:42:00,1268.0496
2025-03-09 03:43:00,1256.2318
2025-03-09 03:44:00,1248.7312
2025-03-09 03:45:00,1272.6102
2025-03-09 03:46:00,1274.0224
2025-03-09 03:47:00,1267.9110
2025-03-09 03:48:00,1256.2318
2025-03-09 03:49:00,1274.0224
2025-03-09 03:50:00,1273.8266
2025-03-09 03:51:00,1258.2658
2025-03-09 03:52:00,1248.5817
2025-03-09 03:53:00,1246.8671
2025-03-09 03:54:00,1264.7269
2025-03-09 03:55:00,1274.4317
2025-03-09 03:56:00,1270.6696
2025-03-09 03:57:00,1257.9842
2025-03-09 03:58:00,1258.2658
2025-03-09 03:59:00,1259.2814
2025-03-09 04:00:00,1247.5235
2025-03-09 04:01:00,1274.7291
2025-03-09 04:02:00,1248.4965
2025-03-09 04:03:00,1259.2814
2025-03-09 04:04:00,1247.6345
2025-03-09 04:05:00,1247.6345
2025-03-09 04:06:00,1275.5254
2025-03-09 04:07:00,1249.2708
2025-03-09 04:08:00,1248.0569
2025-03-09 04:09:00,1249.8788
2025-03-09 04:10:00,1268.2736
2025-03-09 04:11:00,1268.8384
2025-03-09 04:12:00,1260.1454
2025-03-09 04:13:00,1259.5610
2025-03-09 04:14:00,1247.8459
2025-03-09 04:15:00,1259.8666
2025-03-09 04:16:00,1268.8384
2025-03-09 04:17:00,1247.8459
2025-03-09 04:18:00,1249.4195
2025-03-09 04:19:00,1274.7291
2025-03-09 04:20:00,1248.2876
2025-03-09 04:21:00,1268.9760
2025-03-09 04:22:00,1247.6345
2025-03-09 04:23:00,1274.7291
2025-03-09 04:24:00,1248.2876
2025-03-09 04:25:00,1274.7291
2025-03-09 04:26:00,1248.2876
2025-03-09 04:27:00,1261.5854
2025-03-09 04:28:00,1274.5341
2025-03-09 04:29:00,1260.7017
2025-03-09 04:30:00,1276.7227
2025-03-09 04:31:00,1259.0013
2025-03-09 04:32:00,1268.8384
2025-03-09 04:33:00,1260.4237
2025-03-09 04:34:00,1275.5254
2025-03-09 04:35:00,1268.8384
2025-03-09 04:36:00,1275.3313
2025-03-09 04:37:00,1268.9760
2025-03-09 04:38:00,1249.5850
2025-03-09 04:39:00,1260.4237
2025-03-09 04:40:00,1275.3313
2025-03-09 04:41:00,1276.5298
2025-03-09 04:42:00,1270.0977
2025-03-09 04:43:00,1262.1376
2025-03-09 04:44:00,1275.5254
2025-03-09 04:45:00,1248.7081
2025-03-09 04:46:00,1276.9155
2025-03-09 04:47:00,1260.9792
2025-03-09 04:48:00,1262.1376
2025-03-09 04:49:00,1249.7936
2025-03-09 04:50:00,1276.9155
2025-03-09 04:51:00,1276.1067
2025-03-09 04:52:00,1250.0019
2025-03-09 04:53:00,1262.1376
2025-03-09 04:54:00,1275.5254
2025-03-09 04:55:00,1249.5850
2025-03-09 04:56:00,1264.3963
2025-03-09 04:57:00,1249.7936
2025-03-09 04:58:00,1270.9461
2025-03-09 04:59:00,1264.1235
2025-03-09 05:00:00,1320.4208
2025-03-09 05:01:00,1277.1176
2025-03-09 05:02:00,1270.9461
2025-03-09 05:03:00,1265.8063
2025-03-09 05:04:00,1264.3963
2025-03-09 05:05:00,1250.4278
2025-03-09 05:06:00,1269.9680
2025-03-09 05:07:00,1251.9123
2025-03-09 05:08:00,1264.9409
2025-03-09 05:09:00,1271.0816
2025-03-09 05:10:00,1264.6688
2025-03-09 05:11:00,1279.8666
2025-03-09 05:12:00,1264.6688
2025-03-09 05:13:00,1279.8666
2025-03-09 05:14:00,1252.7706
2025-03-09 05:15:00,1264.6587
2025-03-09 05:16:00,1341.9222
2025-03-09 05:17:00,1270.3215
2025-03-09 05:18:00,1255.4838
2025-03-09 05:19:00,1264.8412
2025-03-09 05:20:00,1332.5461
2025-03-09 05:21:00,1276.3507
2025-03-09 05:22:00,1265.9661
2025-03-09 05:23:00,1276.4908
2025-03-09 05:24:00,1266.1471
2025-03-09 05:25:00,1267.4431
2025-03-09 05:26:00,1257.3398
2025-03-09 05:27:00,1341.9167
2025-03-09 05:28:00,1255.6347
2025-03-09 05:29:00,1256.5647
2025-03-09 05:30:00,1256.5647
2025-03-09 05:31:00,1255.4838
2025-03-09 05:32:00,1276.3507
2025-03-09 05:33:00,1275.3402
2025-03-09 05:34:00,1256.4149
2025-03-09 05:35:00,1276.2105
2025-03-09 05:36:00,1276.2105
2025-03-09 05:37:00,1270.9942
2025-03-09 05:38:00,1276.2105
2025-03-09 05:39:00,1275.6219
2025-03-09 05:40:00,1252.9748
2025-03-09 05:41:00,1341.1337
2025-03-09 05:42:00,1280.8502
2025-03-09 05:43:00,1341.1320
2025-03-09 05:44:00,1254.9740
2025-03-09 05:45:00,1279.6765
2025-03-09 05:46:00,1279.4863
2025-03-09 05:47:00,1254.0397
2025-03-09 05:48:00,1267.7579
2025-03-09 05:49:00,1268.0262
2025-03-09 05:50:00,1273.0224
2025-03-09 05:51:00,1281.2376
2025-03-09 05:52:00,1273.8468
2025-03-09 05:53:00,1320.3987
2025-03-09 05:54:00,1269.9458
2025-03-09 05:55:00,1272.7549
2025-03-09 05:56:00,1282.2157
2025-03-09 05:57:00,1269.9458
2025-03-09 05:58:00,1279.4957
2025-03-09 05:59:00,1280.8596
2025-03-09 06:00:00,1281.2376
2025-03-09 06:01:00,1268.2942
2025-03-09 06:02:00,1281.2376
2025-03-09 06:03:00,1320.3987
2025-03-09 06:04:00,1272.7549
2025-03-09 06:05:00,1356.6580
2025-03-09 06:06:00,1268.0262
2025-03-09 06:07:00,1281.0487
2025-03-09 06:08:00,1268.2942
2025-03-09 06:09:00,1279.8760
2025-03-09 06:10:00,1268.0262
2025-03-09 06:11:00,1268.8844
2025-03-09 06:12:00,1341.1597
2025-03-09 06:13:00,1341.1322
2025-03-09 06:14:00,1272.8887
2025-03-09 06:15:00,1253.1887
2025-03-09 06:16:00,1281.2376
2025-03-09 06:17:00,1254.4443
2025-03-09 06:18:00,1269.9458
2025-03-09 06:19:00,1268.5618
2025-03-09 06:20:00,1268.2942
2025-03-09 06:21:00,1280.8596
2025-03-09 06:22:00,1282.2157
2025-03-09 06:23:00,1268.2942
2025-03-09 06:24:00,1253.3923
2025-03-09 06:25:00,1273.0224
2025-03-09 06:26:00,1281.0487
2025-03-09 06:27:00,1268.2942
2025-03-09 06:28:00,1282.4037
2025-03-09 06:29:00,1320.3987
2025-03-09 06:30:00,1271.9241
2025-03-09 06:31:00,1254.6462
2025-03-09 06:32:00,1282.0275
2025-03-09 06:33:00,1281.0487
2025-03-09 06:34:00,1256.0897
2025-03-09 06:35:00,1341.1332
2025-03-09 06:36:00,1254.4443
2025-03-09 06:37:00,1282.2157
2025-03-09 06:38:00,1268.0262
2025-03-09 06:39:00,1270.2248
2025-03-09 06:40:00,1282.2157
2025-03-09 06:41:00,1268.5618
2025-03-09 06:42:00,1273.7205
2025-03-09 06:43:00,1281.0580
2025-03-09 06:44:00,1256.9344
2025-03-09 06:45:00,1282.0368
2025-03-09 06:46:00,1271.5994
2025-03-09 06:47:00,1273.7205
2025-03-09 06:48:00,1256.9344
2025-03-09 06:49:00,1282.0368
2025-03-09 06:50:00,1281.8485
2025-03-09 06:51:00,1255.4990
2025-03-09 06:52:00,1271.5994
2025-03-09 06:53:00,1255.8997
2025-03-09 06:54:00,1274.5409
2025-03-09 06:55:00,1341.1305
2025-03-09 06:56:00,1281.2470
2025-03-09 06:57:00,1320.3738
2025-03-09 06:58:00,1282.2250
2025-03-09 06:59:00,1320.3774
2025-03-09 07:00:00,1283.3867
2025-03-09 07:01:00,1257.1330
2025-03-09 07:02:00,1255.6994
2025-03-09 07:03:00,1255.6994
2025-03-09 07:04:00,1254.8383
2025-03-09 07:05:00,1255.1237
2025-03-09 07:06:00,1255.2982
2025-03-09 07:07:00,1282.0368
2025-03-09 07:08:00,1254.8383
2025-03-09 07:09:00,1283.1994
2025-03-09 07:10:00,1255.8997
2025-03-09 07:11:00,1256.9344
2025-03-09 07:12:00,1269.6929
2025-03-09 07:13:00,1255.6994
2025-03-09 07:14:00,1282.6010
2025-03-09 07:15:00,1271.5994
2025-03-09 07:16:00,1270.4903
2025-03-09 07:17:00,1273.8534
2025-03-09 07:18:00,1282.2250
2025-03-09 07:19:00,1341.1305
2025-03-09 07:20:00,1255.6994
2025-03-09 07:21:00,1257.1330
2025-03-09 07:22:00,1282.4130
2025-03-09 07:23:00,1283.5740
2025-03-09 07:24:00,1254.9811
2025-03-09 07:25:00,1283.5740
2025-03-09 07:26:00,1255.6994
2025-03-09 07:27:00,1283.1994
2025-03-09 07:28:00,1255.1237
2025-03-09 07:29:00,1255.8997
2025-03-09 07:30:00,1255.8997
2025-03-09 07:31:00,1277.4205
2025-03-09 07:32:00,1270.7555
2025-03-09 07:33:00,1269.9590
2025-03-09 07:34:00,1320.3864
2025-03-09 07:35:00,1283.9574
2025-03-09 07:36:00,1269.9590
2025-03-09 07:37:00,1274.8116
2025-03-09 07:38:00,1274.5409
2025-03-09 07:39:00,1258.7595
2025-03-09 07:40:00,1283.9574
2025-03-09 07:41:00,1284.9261
2025-03-09 07:42:00,1257.5392
2025-03-09 07:43:00,1285.2986
2025-03-09 07:44:00,1257.1652
2025-03-09 07:45:00,1285.1124
2025-03-09 07:46:00,1274.2913
2025-03-09 07:47:00,1258.7595
2025-03-09 07:48:00,1258.9557
2025-03-09 07:49:00,1257.9346
2025-03-09 07:50:00,1273.7675
2025-03-09 07:51:00,1257.7371
2025-03-09 07:52:00,1285.2986
2025-03-09 07:53:00,1285.2986
2025-03-09 07:54:00,1274.2913
2025-03-09 07:55:00,1285.4848
2025-03-09 07:56:00,1258.9557
2025-03-09 07:57:00,1259.5430
2025-03-09 07:58:00,1286.8203
2025-03-09 07:59:00,1353.2490
2025-03-09 08:00:00,1258.9557
2025-03-09 08:01:00,1260.1648
2025-03-09 08:02:00,1353.2490
2025-03-09 08:03:00,1259.1517
2025-03-09 08:04:00,1257.5859
2025-03-09 08:05:00,1276.0189
2025-03-09 08:06:00,1274.5529
2025-03-09 08:07:00,1272.9303
2025-03-09 08:08:00,1259.5306
2025-03-09 08:09:00,1259.3063
2025-03-09 08:10:00,1259.5306
2025-03-09 08:11:00,1329.6481
2025-03-09 08:12:00,1259.9994
2025-03-09 08:13:00,1279.9157
2025-03-09 08:14:00,1271.8273
2025-03-09 08:15:00,1329.6386
2025-03-09 08:16:00,1271.8273
2025-03-09 08:17:00,1261.1199
2025-03-09 08:18:00,1261.1199
2025-03-09 08:19:00,1260.9748
2025-03-09 08:20:00,1260.9748
2025-03-09 08:21:00,1260.9748
2025-03-09 08:22:00,1354.0487
2025-03-09 08:23:00,1327.1857
2025-03-09 08:24:00,1327.2033
2025-03-09 08:25:00,1260.3652
2025-03-09 08:26:00,1272.9091
2025-03-09 08:27:00,1261.2649
2025-03-09 08:28:00,1259.7546
2025-03-09 08:29:00,1259.6427
2025-03-09 08:30:00,1272.9091
2025-03-09 08:31:00,1259.5306
2025-03-09 08:32:00,1261.5545
2025-03-09 08:33:00,1259.5306
2025-03-09 08:34:00,1259.5430
2025-03-09 08:35:00,1258.8439
2025-03-09 08:36:00,1276.0187
2025-03-09 08:37:00,1274.6653
2025-03-09 08:38:00,1341.1249
2025-03-09 08:39:00,1353.2346
2025-03-09 08:40:00,1276.2789
2025-03-09 08:41:00,1261.6406
2025-03-09 08:42:00,1260.6675
2025-03-09 08:43:00,1258.5457
2025-03-09 08:44:00,1261.8332
2025-03-09 08:45:00,1258.5457
2025-03-09 08:46:00,1258.5457
2025-03-09 08:47:00,1261.8869
2025-03-09 08:48:00,1259.4022
2025-03-09 08:49:00,1261.9411
2025-03-09 08:50:00,1258.6896
2025-03-09 08:51:00,1260.7583
2025-03-09 08:52:00,1259.5397
2025-03-09 08:53:00,1287.6204
2025-03-09 08:54:00,1259.5489
2025-03-09 08:55:00,1260.7942
2025-03-09 08:56:00,1260.7741
2025-03-09 08:57:00,1276.0520
2025-03-09 08:58:00,1287.5273
2025-03-09 08:59:00,1277.5043
2025-03-09 09:00:00,1257.7244
2025-03-09 09:01:00,1259.9932
2025-03-09 09:02:00,1267.6689
2025-03-09 09:03:00,1268.7383
2025-03-09 09:04:00,1287.6204
2025-03-09 09:05:00,1287.5273
2025-03-09 09:06:00,1278.3711
2025-03-09 09:07:00,1262.5508
2025-03-09 09:08:00,1278.3711
2025-03-09 09:09:00,1341.3345
2025-03-09 09:10:00,1260.0041
2025-03-09 09:11:00,1268.7383
2025-03-09 09:12:00,1269.2384
2025-03-09 09:13:00,1277.8770
2025-03-09 09:14:00,1258.7344
2025-03-09 09:15:00,1288.1766
2025-03-09 09:16:00,1259.9589
2025-03-09 09:17:00,1328.4435
2025-03-09 09:18:00,1259.9696
2025-03-09 09:19:00,1328.3991
2025-03-09 09:20:00,1259.9913
2025-03-09 09:21:00,1278.4705
2025-03-09 09:22:00,1262.5508
2025-03-09 09:23:00,1260.8196
2025-03-09 09:24:00,1287.6204
2025-03-09 09:25:00,1278.4705
2025-03-09 09:26:00,1278.5708
2025-03-09 09:27:00,1289.3859
2025-03-09 09:28:00,1262.5020
2025-03-09 09:29:00,1356.2709
2025-03-09 09:30:00,1289.2871
2025-03-09 09:31:00,1289.2871
2025-03-09 09:32:00,1288.1766
2025-03-09 09:33:00,1262.5508
2025-03-09 09:34:00,1280.0141
2025-03-09 09:35:00,1289.4752
2025-03-09 09:36:00,1278.4705
2025-03-09 09:37:00,1288.2720
2025-03-09 09:38:00,1262.5263
2025-03-09 09:39:00,1288.2720
2025-03-09 09:40:00,1262.5754
2025-03-09 09:41:00,1260.9488
2025-03-09 09:42:00,1280.3826
2025-03-09 09:43:00,1260.9471
2025-03-09 09:44:00,1289.1388
2025-03-09 09:45:00,1328.2804
2025-03-09 09:46:00,1260.5271
2025-03-09 09:47:00,1280.4544
2025-03-09 09:48:00,1280.4544
2025-03-09 09:49:00,1263.9181
2025-03-09 09:50:00,1289.5746
2025-03-09 09:51:00,1263.8960
2025-03-09 09:52:00,1289.6391
2025-03-09 09:53:00,1289.7002
2025-03-09 09:54:00,1289.5746
2025-03-09 09:55:00,1289.0181
2025-03-09 09:56:00,1289.6391
2025-03-09 09:57:00,1265.0553
2025-03-09 09:58:00,1265.0742
2025-03-09 09:59:00,1263.9181
2025-03-09 10:00:00,1280.5927
2025-03-09 10:01:00,1320.3454
2025-03-09 10:02:00,1282.0817
2025-03-09 10:03:00,1328.2804
2025-03-09 10:04:00,1289.5746
2025-03-09 10:05:00,1290.7558
2025-03-09 10:06:00,1260.9471
2025-03-09 10:07:00,1263.9181
2025-03-09 10:08:00,1282.0054
2025-03-09 10:09:00,1289.5746
2025-03-09 10:10:00,1265.0260
2025-03-09 10:11:00,1323.8876
2025-03-09 10:12:00,1341.3352
2025-03-09 10:13:00,1289.2785
2025-03-09 10:14:00,1264.9956
2025-03-09 10:15:00,1324.0206
2025-03-09 10:16:00,1323.9877
2025-03-09 10:17:00,1323.9545
2025-03-09 10:18:00,1328.4300
2025-03-09 10:19:00,1263.7965
2025-03-09 10:20:00,1324.0317
2025-03-09 10:21:00,1281.4783
2025-03-09 10:22:00,1328.4300
2025-03-09 10:23:00,1281.5888
2025-03-09 10:24:00,1320.3882
2025-03-09 10:25:00,1324.0206
2025-03-09 10:26:00,1281.5888
2025-03-09 10:27:00,1281.3688
2025-03-09 10:28:00,1281.5888
2025-03-09 10:29:00,1265.6795
2025-03-09 10:30:00,1328.5064
2025-03-09 10:31:00,1264.9956
2025-03-09 10:32:00,1323.9877
2025-03-09 10:33:00,1282.4596
2025-03-09 10:34:00,1323.9877
2025-03-09 10:35:00,1283.8695
2025-03-09 10:36:00,1328.4156
2025-03-09 10:37:00,1323.7178
2025-03-09 10:38:00,1323.7527
2025-03-09 10:39:00,1323.9654
2025-03-09 10:40:00,1328.3093
2025-03-09 10:41:00,1323.7079
2025-03-09 10:42:00,1323.7079
2025-03-09 10:43:00,1356.1180
2025-03-09 10:44:00,1265.6170
2025-03-09 10:45:00,1323.7527
2025-03-09 10:46:00,1326.7866
2025-03-09 10:47:00,1277.0832
2025-03-09 10:48:00,1326.8520
2025-03-09 10:49:00,1326.8520
2025-03-09 10:50:00,1266.9737
2025-03-09 10:51:00,1278.1647
2025-03-09 10:52:00,1278.0908
2025-03-09 10:53:00,1329.7083
2025-03-09 10:54:00,1326.8520
2025-03-09 10:55:00,1329.7083
2025-03-09 10:56:00,1357.7346
2025-03-09 10:57:00,1277.7570
2025-03-09 10:58:00,1327.1434
2025-03-09 10:59:00,1278.1068
2025-03-09 11:00:00,1278.2700
2025-03-09 11:01:00,1277.6973
2025-03-09 11:02:00,1266.4530
2025-03-09 11:03:00,1329.6756
2025-03-09 11:04:00,1326.8656
2025-03-09 11:05:00,1278.1502
2025-03-09 11:06:00,1266.9737
2025-03-09 11:07:00,1326.8520
2025-03-09 11:08:00,1326.8717
2025-03-09 11:09:00,1266.4292
2025-03-09 11:10:00,1263.6705
2025-03-09 11:11:00,1326.8065
2025-03-09 11:12:00,1278.1502
2025-03-09 11:13:00,1277.7570
2025-03-09 11:14:00,1329.6694
2025-03-09 11:15:00,1332.4925
2025-03-09 11:16:00,1329.6369
2025-03-09 11:17:00,1278.2099
2025-03-09 11:18:00,1327.1197
2025-03-09 11:19:00,1278.2700
2025-03-09 11:20:00,1326.8322
2025-03-09 11:21:00,1278.1502
2025-03-09 11:22:00,1326.8322
2025-03-09 11:23:00,1266.9737
2025-03-09 11:24:00,1327.1197
2025-03-09 11:25:00,1278.2099
2025-03-09 11:26:00,1277.6379
2025-03-09 11:27:00,1326.8520
2025-03-09 11:28:00,1266.9982
2025-03-09 11:29:00,1266.4530
2025-03-09 11:30:00,1267.0229
2025-03-09 11:31:00,1329.6694
2025-03-09 11:32:00,1278.1502
2025-03-09 11:33:00,1278.1502
2025-03-09 11:34:00,1263.6303
2025-03-09 11:35:00,1278.2700
2025-03-09 11:36:00,1329.8580
2025-03-09 11:37:00,1326.8322
2025-03-09 11:38:00,1329.6694
2025-03-09 11:39:00,1326.8065
2025-03-09 11:40:00,1329.7864
2025-03-09 11:41:00,1326.8322
2025-03-09 11:42:00,1327.1197
2025-03-09 11:43:00,1266.9737
2025-03-09 11:44:00,1326.8520
2025-03-09 11:45:00,1326.9730
2025-03-09 11:46:00,1329.7656
2025-03-09 11:47:00,1329.8049
2025-03-09 11:48:00,1328.5378
2025-03-09 11:49:00,1324.2153
2025-03-09 11:50:00,1323.8679
2025-03-09 11:51:00,1267.5993
2025-03-09 11:52:00,1328.3093
2025-03-09 11:53:00,1324.1498
2025-03-09 11:54:00,1283.6673
2025-03-09 11:55:00,1283.6673
2025-03-09 11:56:00,1323.8333
2025-03-09 11:57:00,1267.4873
2025-03-09 11:58:00,1323.9022
2025-03-09 11:59:00,1353.8386
2025-03-09 12:00:00,1267.4873
2025-03-09 12:01:00,1323.8333
2025-03-09 12:02:00,1323.7986
2025-03-09 12:03:00,1284.2806
2025-03-09 12:04:00,1267.4873
2025-03-09 12:05:00,1283.6339
2025-03-09 12:06:00,1266.7926
2025-03-09 12:07:00,1323.8679
2025-03-09 12:08:00,1267.4873
2025-03-09 12:09:00,1283.4383
2025-03-09 12:10:00,1323.9363
2025-03-09 12:11:00,1323.8679
2025-03-09 12:12:00,1328.4670
2025-03-09 12:13:00,1284.2806
2025-03-09 12:14:00,1267.5993
2025-03-09 12:15:00,1328.3441
2025-03-09 12:16:00,1284.1655
2025-03-09 12:17:00,1324.1498
2025-03-09 12:18:00,1341.5260
2025-03-09 12:19:00,1323.8333
2025-03-09 12:20:00,1267.4873
2025-03-09 12:21:00,1283.5524
2025-03-09 12:22:00,1283.6673
2025-03-09 12:23:00,1263.7101
2025-03-09 12:24:00,1323.8679
2025-03-09 12:25:00,1284.1655
2025-03-09 12:26:00,1328.4206
2025-03-09 12:27:00,1328.4206
2025-03-09 12:28:00,1283.6339
2025-03-09 12:29:00,1323.8679
2025-03-09 12:30:00,1323.8679
2025-03-09 12:31:00,1324.1827
2025-03-09 12:32:00,1284.0515
2025-03-09 12:33:00,1328.4206
2025-03-09 12:34:00,1267.5321
2025-03-09 12:35:00,1324.1827
2025-03-09 12:36:00,1267.5993
2025-03-09 12:37:00,1323.9022
2025-03-09 12:38:00,1263.8925
2025-03-09 12:39:00,1267.4527
2025-03-09 12:40:00,1324.1827
2025-03-09 12:41:00,1267.4527
2025-03-09 12:42:00,1263.6935
2025-03-09 12:43:00,1324.1498
2025-03-09 12:44:00,1284.0515
2025-03-09 12:45:00,1324.1827
2025-03-09 12:46:00,1263.6935
2025-03-09 12:47:00,1278.3864
2025-03-09 12:48:00,1332.7301
2025-03-09 12:49:00,1267.7108
2025-03-09 12:50:00,1278.6772
2025-03-09 12:51:00,1330.0848
2025-03-09 12:52:00,1326.9339
2025-03-09 12:53:00,1327.3947
2025-03-09 12:54:00,1327.2720
2025-03-09 12:55:00,1327.1871
2025-03-09 12:56:00,1267.4301
2025-03-09 12:57:00,1327.3947
2025-03-09 12:58:00,1327.4129
2025-03-09 12:59:00,1267.6868
2025-03-09 13:00:00,1278.2908
2025-03-09 13:01:00,1332.8659
2025-03-09 13:02:00,1278.3441
2025-03-09 13:03:00,1278.3864
2025-03-09 13:04:00,1327.3765
2025-03-09 13:05:00,1332.8738
2025-03-09 13:06:00,1278.3314
2025-03-09 13:07:00,1329.9390
2025-03-09 13:08:00,1327.3765
2025-03-09 13:09:00,1267.5273
2025-03-09 13:10:00,1267.7349
2025-03-09 13:11:00,1330.0848
2025-03-09 13:12:00,1327.3947
2025-03-09 13:13:00,1267.5760
2025-03-09 13:14:00,1330.0452
2025-03-09 13:15:00,1267.6629
2025-03-09 13:16:00,1330.2283
2025-03-09 13:17:00,1327.2960
2025-03-09 13:18:00,1267.7108
2025-03-09 13:19:00,1327.4126
2025-03-09 13:20:00,1355.1005
2025-03-09 13:21:00,1327.1944
2025-03-09 13:22:00,1267.7108
2025-03-09 13:23:00,1278.3864
2025-03-09 13:24:00,1327.2960
2025-03-09 13:25:00,1357.6070
2025-03-09 13:26:00,1267.6868
2025-03-09 13:27:00,1330.1244
2025-03-09 13:28:00,1355.1005
2025-03-09 13:29:00,1278.3864
2025-03-09 13:30:00,1267.7349
2025-03-09 13:31:00,1267.6868
2025-03-09 13:32:00,1278.3947
2025-03-09 13:33:00,1327.3885
2025-03-09 13:34:00,1332.9964
2025-03-09 13:35:00,1267.6868
2025-03-09 13:36:00,1267.5516
2025-03-09 13:37:00,1278.3977
2025-03-09 13:38:00,1267.7349
2025-03-09 13:39:00,1327.1376
2025-03-09 13:40:00,1327.3644
2025-03-09 13:41:00,1278.3977
2025-03-09 13:42:00,1327.1756
2025-03-09 13:43:00,1327.5723
2025-03-09 13:44:00,1327.3765
2025-03-09 13:45:00,1332.8659
2025-03-09 13:46:00,1278.4973
2025-03-09 13:47:00,1278.4417
2025-03-09 13:48:00,1327.5546
2025-03-09 13:49:00,1327.5546
2025-03-09 13:50:00,1327.4737
2025-03-09 13:51:00,1278.4132
2025-03-09 13:52:00,1327.4916
2025-03-09 13:53:00,1267.9668
2025-03-09 13:54:00,1327.9214
2025-03-09 13:55:00,1278.4132
2025-03-09 13:56:00,1327.6843
2025-03-09 13:57:00,1327.9214
2025-03-09 13:58:00,1330.0897
2025-03-09 13:59:00,1327.4850
2025-03-09 14:00:00,1330.1917
2025-03-09 14:01:00,1278.4678
2025-03-09 14:02:00,1355.3906
2025-03-09 14:03:00,1327.4557
2025-03-09 14:04:00,1320.5631
2025-03-09 14:05:00,1283.1402
2025-03-09 14:06:00,1264.2618
2025-03-09 14:07:00,1267.8677
2025-03-09 14:08:00,1327.8715
2025-03-09 14:09:00,1278.4132
2025-03-09 14:10:00,1282.9668
2025-03-09 14:11:00,1324.8378
2025-03-09 14:12:00,1283.3372
2025-03-09 14:13:00,1329.0306
2025-03-09 14:14:00,1324.8378
2025-03-09 14:15:00,1268.1383
2025-03-09 14:16:00,1324.8080
2025-03-09 14:17:00,1282.8737
2025-03-09 14:18:00,1283.0606
2025-03-09 14:19:00,1283.0606
2025-03-09 14:20:00,1282.9423
2025-03-09 14:21:00,1268.1383
2025-03-09 14:22:00,1324.8378
2025-03-09 14:23:00,1324.8080
2025-03-09 14:24:00,1268.0551
2025-03-09 14:25:00,1282.9668
2025-03-09 14:26:00,1324.9301
2025-03-09 14:27:00,1268.0871
2025-03-09 14:28:00,1282.8508
2025-03-09 14:29:00,1283.0606
2025-03-09 14:30:00,1268.1700
2025-03-09 14:31:00,1268.0232
2025-03-09 14:32:00,1282.9423
2025-03-09 14:33:00,1324.8080
2025-03-09 14:34:00,1324.8080
2025-03-09 14:35:00,1282.8737
2025-03-09 14:36:00,1324.9301
2025-03-09 14:37:00,1268.0551
2025-03-09 14:38:00,1268.1383
2025-03-09 14:39:00,1268.1383
2025-03-09 14:40:00,1328.9836
2025-03-09 14:41:00,1264.4465
2025-03-09 14:42:00,1354.4891
2025-03-09 14:43:00,1282.8508
2025-03-09 14:44:00,1268.0232
2025-03-09 14:45:00,1268.0551
2025-03-09 14:46:00,1282.8737
2025-03-09 14:47:00,1320.5507
2025-03-09 14:48:00,1267.9432
2025-03-09 14:49:00,1327.6171
2025-03-09 14:50:00,1324.8080
2025-03-09 14:51:00,1342.1826
2025-03-09 14:52:00,1283.3372
2025-03-09 14:53:00,1328.0077
2025-03-09 14:54:00,1267.9929
2025-03-09 14:55:00,1268.0142
2025-03-09 14:56:00,1327.5664
2025-03-09 14:57:00,1327.4850
2025-03-09 14:58:00,1333.0347
2025-03-09 14:59:00,1329.3047
2025-03-09 15:00:00,1268.0232
2025-03-09 15:01:00,1264.6900
2025-03-09 15:02:00,1268.3477
2025-03-09 15:03:00,1329.1765
2025-03-09 15:04:00,1264.7063
2025-03-09 15:05:00,1283.1127
2025-03-09 15:06:00,1320.6013
2025-03-09 15:07:00,1268.0511
2025-03-09 15:08:00,1324.5988
2025-03-09 15:09:00,1283.1127
2025-03-09 15:10:00,1268.2557
2025-03-09 15:11:00,1282.9260
2025-03-09 15:12:00,1325.0891
2025-03-09 15:13:00,1283.0190
2025-03-09 15:14:00,1264.5139
2025-03-09 15:15:00,1282.8039
2025-03-09 15:16:00,1342.3256
2025-03-09 15:17:00,1325.0057
2025-03-09 15:18:00,1325.0891
2025-03-09 15:19:00,1282.8039
2025-03-09 15:20:00,1282.8931
2025-03-09 15:21:00,1320.6013
2025-03-09 15:22:00,1268.3788
2025-03-09 15:23:00,1325.2044
2025-03-09 15:24:00,1268.2557
2025-03-09 15:25:00,1282.7154
2025-03-09 15:26:00,1282.8931
2025-03-09 15:27:00,1268.2870
2025-03-09 15:28:00,1268.2654
2025-03-09 15:29:00,1282.7154
2025-03-09 15:30:00,1282.7153
2025-03-09 15:31:00,1342.3522
2025-03-09 15:32:00,1320.5458
2025-03-09 15:33:00,1268.2870
2025-03-09 15:34:00,1325.0057
2025-03-09 15:35:00,1320.5889
2025-03-09 15:36:00,1329.1293
2025-03-09 15:37:00,1282.8039
2025-03-09 15:38:00,1268.2557
2025-03-09 15:39:00,1329.2100
2025-03-09 15:40:00,1325.0057
2025-03-09 15:41:00,1342.9299
2025-03-09 15:42:00,1330.2455
2025-03-09 15:43:00,1327.7749
2025-03-09 15:44:00,1360.7625
2025-03-09 15:45:00,1268.1013
2025-03-09 15:46:00,1328.1465
2025-03-09 15:47:00,1282.8971
2025-03-09 15:48:00,1325.0848
2025-03-09 15:49:00,1320.5750
2025-03-09 15:50:00,1325.0093
2025-03-09 15:51:00,1325.0472
2025-03-09 15:52:00,1325.0848
2025-03-09 15:53:00,1282.9998
2025-03-09 15:54:00,1325.0472
2025-03-09 15:55:00,1325.0848
2025-03-09 15:56:00,1325.0848
2025-03-09 15:57:00,1282.8039
2025-03-09 15:58:00,1325.1618
2025-03-09 15:59:00,1329.0742
2025-03-09 16:00:00,1325.3841
2025-03-09 16:01:00,1268.5826
2025-03-09 16:02:00,1325.1221
2025-03-09 16:03:00,1325.5599
2025-03-09 16:04:00,1268.7892
2025-03-09 16:05:00,1320.6849
2025-03-09 16:06:00,1268.6079
2025-03-09 16:07:00,1325.1221
2025-03-09 16:08:00,1282.7280
2025-03-09 16:09:00,1329.2883
2025-03-09 16:10:00,1282.5723
2025-03-09 16:11:00,1281.9615
2025-03-09 16:12:00,1263.2756
2025-03-09 16:13:00,1281.3488
2025-03-09 16:14:00,1325.3943
2025-03-09 16:15:00,1325.3701
2025-03-09 16:16:00,1267.8345
2025-03-09 16:17:00,1264.7708
2025-03-09 16:18:00,1355.5667
2025-03-09 16:19:00,1268.4833
2025-03-09 16:20:00,1268.4157
2025-03-09 16:21:00,1325.2033
2025-03-09 16:22:00,1267.9315
2025-03-09 16:23:00,1281.1618
2025-03-09 16:24:00,1325.2882
2025-03-09 16:25:00,1329.2651
2025-03-09 16:26:00,1325.1274
2025-03-09 16:27:00,1329.3162
2025-03-09 16:28:00,1325.0906
2025-03-09 16:29:00,1282.3689
2025-03-09 16:30:00,1329.2396
2025-03-09 16:31:00,1325.0906
2025-03-09 16:32:00,1325.2768
2025-03-09 16:33:00,1268.4520
2025-03-09 16:34:00,1359.5790
2025-03-09 16:35:00,1329.3971
2025-03-09 16:36:00,1268.6550
2025-03-09 16:37:00,1320.6387
2025-03-09 16:38:00,1325.5599
2025-03-09 16:39:00,1329.5965
2025-03-09 16:40:00,1282.5476
2025-03-09 16:41:00,1268.4232
2025-03-09 16:42:00,1282.7280
2025-03-09 16:43:00,1332.2941
2025-03-09 16:44:00,1332.3394
2025-03-09 16:45:00,1325.3829
2025-03-09 16:46:00,1320.6387
2025-03-09 16:47:00,1329.4454
2025-03-09 16:48:00,1264.9140
2025-03-09 16:49:00,1282.5672
2025-03-09 16:50:00,1325.5599
2025-03-09 16:51:00,1268.5501
2025-03-09 16:52:00,1282.7280
2025-03-09 16:53:00,1282.5672
2025-03-09 16:54:00,1320.6319
2025-03-09 16:55:00,1325.3478
2025-03-09 16:56:00,1282.5476
2025-03-09 16:57:00,1282.6642
2025-03-09 16:58:00,1268.5826
2025-03-09 16:59:00,1325.6969
2025-03-09 17:00:00,1329.6927
2025-03-09 17:01:00,1329.6445
2025-03-09 17:02:00,1282.5798
2025-03-09 17:03:00,1325.6969
2025-03-09 17:04:00,1325.7228
2025-03-09 17:05:00,1320.6849
2025-03-09 17:06:00,1326.5760
2025-03-09 17:07:00,1359.4532
2025-03-09 17:08:00,1326.0402
2025-03-09 17:09:00,1325.9177
2025-03-09 17:10:00,1325.7228
2025-03-09 17:11:00,1329.8685
2025-03-09 17:12:00,1326.1793
2025-03-09 17:13:00,1325.9496
2025-03-09 17:14:00,1329.6724
2025-03-09 17:15:00,1329.7703
2025-03-09 17:16:00,1325.7301
2025-03-09 17:17:00,1326.0596
2025-03-09 17:18:00,1280.9889
2025-03-09 17:19:00,1326.1799
2025-03-09 17:20:00,1359.5542
2025-03-09 17:21:00,1325.7955
2025-03-09 17:22:00,1282.3492
2025-03-09 17:23:00,1359.5156
2025-03-09 17:24:00,1325.9496
2025-03-09 17:25:00,1268.8265
2025-03-09 17:26:00,1329.8679
2025-03-09 17:27:00,1329.9167
2025-03-09 17:28:00,1359.5156
2025-03-09 17:29:00,1329.6244
2025-03-09 17:30:00,1359.5065
2025-03-09 17:31:00,1282.5036
2025-03-09 17:32:00,1282.5151
2025-03-09 17:33:00,1325.8991
2025-03-09 17:34:00,1325.8991
2025-03-09 17:35:00,1330.0145
2025-03-09 17:36:00,1330.0145
2025-03-09 17:37:00,1326.1550
2025-03-09 17:38:00,1269.0548
2025-03-09 17:40:00,1269.0845
2025-03-09 17:41:00,1267.5235
2025-03-09 17:42:00,1325.7185
2025-03-09 17:43:00,1320.7517
2025-03-09 17:44:00,1282.5204
2025-03-09 17:45:00,1326.0078
2025-03-09 17:46:00,1329.6963
2025-03-09 17:47:00,1325.8578
2025-03-09 17:49:00,1329.8199
2025-03-09 17:50:00,1269.2548
2025-03-09 17:51:00,1329.7717
2025-03-09 17:52:00,1282.5204
2025-03-09 17:53:00,1267.9149
2025-03-09 17:54:00,1268.9072
2025-03-09 17:55:00,1282.5269
2025-03-09 17:56:00,1320.7517
2025-03-09 17:57:00,1332.6174
2025-03-09 17:58:00,1332.5266
2025-03-09 17:59:00,1325.8991
2025-03-09 18:00:00,1320.8010
2025-03-09 18:01:00,1282.5151
2025-03-09 18:02:00,1359.5253
2025-03-09 18:03:00,1329.8199
2025-03-09 18:04:00,1325.6983
2025-03-09 18:05:00,1282.5204
2025-03-09 18:06:00,1282.1283
2025-03-09 18:07:00,1282.5048
2025-03-09 18:08:00,1325.9110
2025-03-09 18:09:00,1282.3174
2025-03-09 18:10:00,1332.5032
2025-03-09 18:11:00,1325.7443
2025-03-09 18:12:00,1320.7637
2025-03-09 18:13:00,1269.0546
2025-03-09 18:14:00,1269.6257
2025-03-09 18:15:00,1282.4989
2025-03-09 18:16:00,1269.2668
2025-03-09 18:17:00,1269.5372
2025-03-09 18:18:00,1269.2797
2025-03-09 18:19:00,1326.5516
2025-03-09 18:20:00,1330.0321
2025-03-09 18:21:00,1268.6697
2025-03-09 18:22:00,1325.9511
2025-03-09 18:23:00,1326.5756
2025-03-09 18:24:00,1326.5756
2025-03-09 18:25:00,1326.1540
2025-03-09 18:26:00,1329.8429
2025-03-09 18:27:00,1326.1111
2025-03-09 18:28:00,1269.3092
2025-03-09 18:29:00,1320.7706
2025-03-09 18:30:00,1326.0699
2025-03-09 18:31:00,1359.4807
2025-03-09 18:32:00,1326.1809
2025-03-09 18:33:00,1326.0716
2025-03-09 18:34:00,1332.6406
2025-03-09 18:35:00,1320.8436
2025-03-09 18:36:00,1326.1268
2025-03-09 18:37:00,1359.5180
2025-03-09 18:38:00,1269.3838
2025-03-09 18:39:00,1328.8463
2025-03-09 18:40:00,1274.4526
2025-03-09 18:41:00,1326.0378
2025-03-09 18:42:00,1326.1111
2025-03-09 18:43:00,1329.3440
2025-03-09 18:44:00,1328.6813
2025-03-09 18:45:00,1274.4526
2025-03-09 18:46:00,1332.6869
2025-03-09 18:47:00,1280.6119
2025-03-09 18:48:00,1282.5052
2025-03-09 18:49:00,1326.6203
2025-03-09 18:50:00,1326.8594
2025-03-09 18:51:00,1326.2379
2025-03-09 18:52:00,1326.1209
2025-03-09 18:53:00,1269.2175
2025-03-09 18:54:00,1326.1268
2025-03-09 18:55:00,1269.2295
2025-03-09 18:56:00,1326.3129
2025-03-09 18:57:00,1282.3162
2025-03-09 18:58:00,1269.4253
2025-03-09 18:59:00,1326.1540
2025-03-09 19:00:00,1326.1268
2025-03-09 19:01:00,1326.2075
2025-03-09 19:02:00,1326.3648
2025-03-09 19:03:00,1326.1209
2025-03-09 19:04:00,1320.7599
2025-03-09 19:05:00,1268.1984
2025-03-09 19:06:00,1268.4550
2025-03-09 19:07:00,1329.8935
2025-03-09 19:08:00,1326.5756
2025-03-09 19:09:00,1326.8766
2025-03-09 19:10:00,1269.5078
2025-03-09 19:11:00,1320.8575
2025-03-09 19:12:00,1326.2894
2025-03-09 19:13:00,1326.2632
2025-03-09 19:14:00,1326.5428
2025-03-09 19:15:00,1281.7793
2025-03-09 19:16:00,1359.4833
2025-03-09 19:17:00,1326.6882
2025-03-09 19:18:00,1320.8703
2025-03-09 19:19:00,1320.9168
2025-03-09 19:20:00,1326.4733
2025-03-09 19:21:00,1269.6853
2025-03-09 19:22:00,1320.8511
2025-03-09 19:23:00,1330.1780
2025-03-09 19:24:00,1326.4346
2025-03-09 19:25:00,1269.8664
2025-03-09 19:26:00,1330.5264
2025-03-09 19:27:00,1326.7252
2025-03-09 19:28:00,1320.9532
2025-03-09 19:29:00,1270.2031
2025-03-09 19:30:00,1320.9268
2025-03-09 19:31:00,1320.9664
2025-03-09 19:32:00,1327.3383
2025-03-09 19:33:00,1330.2672
2025-03-09 19:34:00,1327.2221
2025-03-09 19:35:00,1269.8434
2025-03-09 19:36:00,1326.4509
2025-03-09 19:37:00,1326.5450
2025-03-09 19:38:00,1330.1346
2025-03-09 19:39:00,1326.5258
2025-03-09 19:40:00,1326.5008
2025-03-09 19:41:00,1330.3396
2025-03-09 19:42:00,1333.0514
2025-03-09 19:43:00,1330.1558
2025-03-09 19:44:00,1267.8132
2025-03-09 19:45:00,1326.6190
2025-03-09 19:46:00,1326.5959
2025-03-09 19:47:00,1326.5727
2025-03-09 19:48:00,1326.3554
2025-03-09 19:49:00,1269.9778
2025-03-09 19:50:00,1270.0233
2025-03-09 19:51:00,1326.7252
2025-03-09 19:52:00,1330.5465
2025-03-09 19:53:00,1326.4509
2025-03-09 19:54:00,1320.9793
2025-03-09 19:55:00,1270.2031
2025-03-09 19:56:00,1333.1589
2025-03-09 19:57:00,1330.3456
2025-03-09 19:58:00,1330.4758
2025-03-09 19:59:00,1327.3168
2025-03-09 20:00:00,1270.2618
2025-03-09 20:01:00,1327.1835
2025-03-09 20:02:00,1330.2883
2025-03-09 20:03:00,1333.1652
2025-03-09 20:04:00,1326.5258
2025-03-09 20:05:00,1270.2618
2025-03-09 20:06:00,1270.1240
2025-03-09 20:07:00,1327.4440
2025-03-09 20:08:00,1327.4230
2025-03-09 20:09:00,1326.9114
2025-03-09 20:10:00,1327.1929
2025-03-09 20:11:00,1320.9395
2025-03-09 20:12:00,1320.9324
2025-03-09 20:13:00,1326.5198
2025-03-09 20:14:00,1326.6787
2025-03-09 20:15:00,1270.2031
2025-03-09 20:16:00,1326.7252
2025-03-09 20:17:00,1333.0100
2025-03-09 20:18:00,1269.9715
2025-03-09 20:19:00,1320.8636
2025-03-09 20:20:00,1326.5008
2025-03-09 20:21:00,1327.0367
2025-03-09 20:22:00,1326.5959
2025-03-09 20:23:00,1333.0355
2025-03-09 20:24:00,1269.8879
2025-03-09 20:25:00,1333.1416
2025-03-09 20:26:00,1327.1113
2025-03-09 20:27:00,1330.2208
2025-03-09 20:28:00,1326.6098
2025-03-09 20:29:00,1327.2906
2025-03-09 20:30:00,1320.8677
2025-03-09 20:31:00,1327.0810
2025-03-09 20:32:00,1269.6773
2025-03-09 20:33:00,1326.3310
2025-03-09 20:34:00,1326.9746
2025-03-09 20:35:00,1327.3727
2025-03-09 20:36:00,1327.3085
2025-03-09 20:37:00,1330.3102
2025-03-09 20:38:00,1269.8270
2025-03-09 20:39:00,1326.5677
2025-03-09 20:40:00,1270.4683
2025-03-09 20:41:00,1327.3254
2025-03-09 20:42:00,1359.4246
2025-03-09 20:43:00,1270.2828
2025-03-09 20:44:00,1330.3722
2025-03-09 20:45:00,1270.2198
2025-03-09 20:46:00,1327.4569
2025-03-09 20:47:00,1327.1931
2025-03-09 20:48:00,1326.6742
2025-03-09 20:49:00,1320.9903
2025-03-09 20:50:00,1326.7972
2025-03-09 20:51:00,1356.5052
2025-03-09 20:52:00,1326.8438
2025-03-09 20:53:00,1326.7972
2025-03-09 20:54:00,1326.6580
2025-03-09 20:55:00,1327.3085
2025-03-09 20:56:00,1329.3195
2025-03-09 20:57:00,1331.2411
2025-03-09 20:58:00,1329.3328
2025-03-09 20:59:00,1329.7433
2025-03-09 21:00:00,1329.9249
2025-03-09 21:01:00,1331.3304
2025-03-09 21:02:00,1331.5469
2025-03-09 21:03:00,1331.6324
2025-03-09 21:04:00,1329.3328
2025-03-09 21:05:00,1331.4507
2025-03-09 21:06:00,1329.8208
2025-03-09 21:07:00,1331.4901
2025-03-09 21:08:00,1329.2523
2025-03-09 21:09:00,1331.6040
2025-03-09 21:10:00,1329.8752
2025-03-09 21:11:00,1328.4144
2025-03-09 21:12:00,1328.4403
2025-03-09 21:13:00,1329.9303
2025-03-09 21:14:00,1329.3393
2025-03-09 21:15:00,1329.2659
2025-03-09 21:16:00,1331.2816
2025-03-09 21:17:00,1327.4775
2025-03-09 21:18:00,1270.1238
2025-03-09 21:19:00,1326.9476
2025-03-09 21:20:00,1327.3300
2025-03-09 21:21:00,1326.6815
2025-03-09 21:22:00,1327.1495
2025-03-09 21:23:00,1326.6742
2025-03-09 21:24:00,1326.9476
2025-03-09 21:25:00,1327.4376
2025-03-09 21:26:00,1330.4275
2025-03-09 21:27:00,1326.6345
2025-03-09 21:28:00,1326.7332
2025-03-09 21:29:00,1326.7972
2025-03-09 21:30:00,1326.7972
2025-03-09 21:31:00,1326.7972
2025-03-09 21:32:00,1330.6838
2025-03-09 21:33:00,1327.4971
2025-03-09 21:34:00,1327.5182
2025-03-09 21:35:00,1327.5387
2025-03-09 21:36:00,1326.7127
2025-03-09 21:37:00,1270.8036
2025-03-09 21:38:00,1326.7516
2025-03-09 21:39:00,1326.8102
2025-03-09 21:40:00,1330.8835
2025-03-09 21:41:00,1329.5090
2025-03-09 21:42:00,1329.5968
2025-03-09 21:43:00,1357.1335
2025-03-09 21:44:00,1329.6352
2025-03-09 21:45:00,1329.6022
2025-03-09 21:46:00,1331.5114
2025-03-09 21:47:00,1329.5120
2025-03-09 21:48:00,1329.6650
2025-03-09 21:49:00,1331.7735
2025-03-09 21:50:00,1360.7292
2025-03-09 21:51:00,1330.0983
2025-03-09 21:52:00,1329.6227
2025-03-09 21:53:00,1330.1673
2025-03-09 21:54:00,1331.6369
2025-03-09 21:55:00,1329.5130
2025-03-09 21:56:00,1329.5332
2025-03-09 21:57:00,1357.0962
2025-03-09 21:58:00,1330.1035
2025-03-09 21:59:00,1334.4274
2025-03-09 22:00:00,1330.0280
2025-03-09 22:01:00,1328.5535
2025-03-09 22:02:00,1329.6290
2025-03-09 22:03:00,1329.6678
2025-03-09 22:04:00,1360.7085
2025-03-09 22:05:00,1331.8524
2025-03-09 22:06:00,1331.8653
2025-03-09 22:07:00,1329.6543
2025-03-09 22:08:00,1330.0548
2025-03-09 22:09:00,1329.5730
2025-03-09 22:10:00,1329.5510
2025-03-09 22:11:00,1329.4857
2025-03-09 22:12:00,1329.6356
2025-03-09 22:13:00,1331.7483
2025-03-09 22:14:00,1329.6996
2025-03-09 22:15:00,1330.1324
2025-03-09 22:16:00,1331.7710
2025-03-09 22:17:00,1329.6996
2025-03-09 22:18:00,1334.6592
2025-03-09 22:19:00,1331.8046
2025-03-09 22:20:00,1330.1557
2025-03-09 22:21:00,1327.7196
2025-03-09 22:22:00,1321.0405
2025-03-09 22:23:00,1326.9678
2025-03-09 22:24:00,1331.7141
2025-03-09 22:25:00,1329.7606
2025-03-09 22:26:00,1329.6614
2025-03-09 22:27:00,1329.6543
2025-03-09 22:28:00,1334.6582
2025-03-09 22:29:00,1330.3318
2025-03-09 22:30:00,1329.7734
2025-03-09 22:31:00,1330.3542
2025-03-09 22:32:00,1331.6591
2025-03-09 22:33:00,1326.9693
2025-03-09 22:34:00,1331.8238
2025-03-09 22:35:00,1334.6689
2025-03-09 22:36:00,1321.0855
2025-03-09 22:37:00,1327.0393
2025-03-09 22:38:00,1328.1956
2025-03-09 22:39:00,1270.2541
2025-03-09 22:40:00,1327.0393
2025-03-09 22:41:00,1327.7109
2025-03-09 22:42:00,1357.9035
2025-03-09 22:43:00,1333.5313
2025-03-09 22:44:00,1327.5893
2025-03-09 22:45:00,1326.8893
2025-03-09 22:46:00,1326.8566
2025-03-09 22:47:00,1269.7538
2025-03-09 22:48:00,1270.8296
2025-03-09 22:49:00,1357.5241
2025-03-09 22:50:00,1333.3816
2025-03-09 22:51:00,1327.6145
2025-03-09 22:52:00,1333.5729
2025-03-09 22:53:00,1357.6098
2025-03-09 22:54:00,1330.8158
2025-03-09 22:55:00,1327.4539
2025-03-09 22:56:00,1271.3460
2025-03-09 22:57:00,1327.1005
2025-03-09 22:58:00,1327.8136
2025-03-09 22:59:00,1326.9898
2025-03-09 23:00:00,1271.4835
2025-03-09 23:01:00,1271.2434
2025-03-09 23:02:00,1326.9607
2025-03-09 23:03:00,1327.7856
2025-03-09 23:04:00,1330.8536
2025-03-09 23:05:00,1327.0645
2025-03-09 23:06:00,1330.9011
2025-03-09 23:07:00,1333.5526
2025-03-09 23:08:00,1330.1477
2025-03-09 23:09:00,1271.0327
2025-03-09 23:10:00,1321.0600
2025-03-09 23:11:00,1270.6010
2025-03-09 23:12:00,1330.7737
2025-03-09 23:13:00,1271.5386
2025-03-09 23:14:00,1327.0642
2025-03-09 23:15:00,1333.7776
2025-03-09 23:16:00,1327.1551
2025-03-09 23:17:00,1326.9771
2025-03-09 23:18:00,1330.7555
2025-03-09 23:19:00,1327.8583
2025-03-09 23:20:00,1328.0763
2025-03-09 23:21:00,1321.1551
2025-03-09 23:22:00,1331.0636
2025-03-09 23:23:00,1327.2509
2025-03-09 23:24:00,1328.1164
2025-03-09 23:25:00,1328.1164
2025-03-09 23:26:00,1327.2509
2025-03-09 23:27:00,1330.2857
2025-03-09 23:28:00,1327.0699
2025-03-09 23:29:00,1271.1762
2025-03-09 23:30:00,1358.1755
2025-03-09 23:31:00,1333.6984
2025-03-09 23:32:00,1359.3112
2025-03-09 23:33:00,1328.1039
2025-03-09 23:34:00,1327.0645
2025-03-09 23:35:00,1330.9547
2025-03-09 23:36:00,1327.8264
2025-03-09 23:37:00,1327.0645
2025-03-09 23:38:00,1327.7856
2025-03-09 23:39:00,1321.1275
2025-03-09 23:40:00,1327.0278
2025-03-09 23:41:00,1327.1005
2025-03-09 23:42:00,1327.9658
2025-03-09 23:43:00,1330.9656
2025-03-09 23:44:00,1327.0496
2025-03-09 23:45:00,1327.9690
2025-03-09 23:46:00,1327.0699
2025-03-09 23:47:00,1328.0763
2025-03-09 23:48:00,1270.7451
2025-03-09 23:49:00,1327.9690
2025-03-09 23:50:00,1327.0642
2025-03-09 23:51:00,1359.3197
2025-03-09 23:52:00,1328.0964
2025-03-09 23:53:00,1327.2033
2025-03-09 23:54:00,1328.2548
2025-03-09 23:55:00,1328.1363
2025-03-09 23:56:00,1331.2761
2025-03-09 23:57:00,1321.1830
2025-03-09 23:58:00,1328.0330
2025-03-09 23:59:00,1330.2375
2025-03-10 00:00:00,1327.2512
2025-03-10 00:01:00,1327.1303
2025-03-10 00:02:00,1328.2125
2025-03-10 00:03:00,1327.9396
2025-03-10 00:04:00,1328.8003
2025-03-10 00:05:00,1333.7763
2025-03-10 00:06:00,1331.1698
2025-03-10 00:07:00,1327.5371
2025-03-10 00:08:00,1328.2182
2025-03-10 00:09:00,1327.3093
2025-03-10 00:10:00,1327.8730
2025-03-10 00:11:00,1271.0081
2025-03-10 00:12:00,1321.0986
2025-03-10 00:13:00,1327.0395
2025-03-10 00:14:00,1327.1228
2025-03-10 00:15:00,1321.1627
2025-03-10 00:16:00,1327.1440
2025-03-10 00:17:00,1330.4207
2025-03-10 00:18:00,1330.4304
2025-03-10 00:19:00,1328.2338
2025-03-10 00:20:00,1330.4304
2025-03-10 00:21:00,1327.2393
2025-03-10 00:22:00,1328.2538
2025-03-10 00:23:00,1330.4401
2025-03-10 00:24:00,1328.2980
2025-03-10 00:25:00,1328.1098
2025-03-10 00:26:00,1321.2049
2025-03-10 00:27:00,1327.1228
2025-03-10 00:28:00,1328.0725
2025-03-10 00:29:00,1330.4224
2025-03-10 00:30:00,1333.9465
2025-03-10 00:31:00,1327.4071
2025-03-10 00:32:00,1321.1378
2025-03-10 00:33:00,1328.3098
2025-03-10 00:34:00,1327.3595
2025-03-10 00:35:00,1327.3355
2025-03-10 00:36:00,1330.4513
2025-03-10 00:37:00,1330.4704
2025-03-10 00:38:00,1327.1882
2025-03-10 00:39:00,1327.0909
2025-03-10 00:40:00,1328.1667
2025-03-10 00:41:00,1333.9465
2025-03-10 00:42:00,1333.9633
2025-03-10 00:43:00,1328.2336
2025-03-10 00:44:00,1321.1694
2025-03-10 00:45:00,1327.2994
2025-03-10 00:46:00,1321.2476
2025-03-10 00:47:00,1330.5233
2025-03-10 00:48:00,1334.1526
2025-03-10 00:49:00,1327.2740
2025-03-10 00:50:00,1330.5426
2025-03-10 00:51:00,1328.3387
2025-03-10 00:52:00,1328.3387
2025-03-10 00:53:00,1331.4891
2025-03-10 00:54:00,1328.3474
2025-03-10 00:55:00,1321.1707
2025-03-10 00:56:00,1327.1882
2025-03-10 00:57:00,1330.4029
2025-03-10 00:58:00,1330.4513
2025-03-10 00:59:00,1331.1704
2025-03-10 01:00:00,1331.1233
2025-03-10 01:01:00,1328.3343
2025-03-10 01:02:00,1328.2305
2025-03-10 01:03:00,1331.1233
2025-03-10 01:04:00,1333.9633
2025-03-10 01:05:00,1327.1595
2025-03-10 01:06:00,1327.1760
2025-03-10 01:07:00,1330.4862
2025-03-10 01:08:00,1321.2191
2025-03-10 01:09:00,1328.2338
2025-03-10 01:10:00,1330.5426
2025-03-10 01:11:00,1327.3247
2025-03-10 01:12:00,1359.1686
2025-03-10 01:13:00,1328.3789
2025-03-10 01:14:00,1331.5594
2025-03-10 01:15:00,1328.3789
2025-03-10 01:16:00,1328.3789
2025-03-10 01:17:00,1330.5617
2025-03-10 01:18:00,1321.3408
2025-03-10 01:19:00,1327.3748
2025-03-10 01:20:00,1359.2778
2025-03-10 01:21:00,1328.3744
2025-03-10 01:22:00,1328.2901
2025-03-10 01:23:00,1331.3310
2025-03-10 01:24:00,1331.3133
2025-03-10 01:25:00,1330.4417
2025-03-10 01:26:00,1327.4621
2025-03-10 01:27:00,1330.6577
2025-03-10 01:28:00,1321.1955
2025-03-10 01:29:00,1327.3616
2025-03-10 01:30:00,1330.5629
2025-03-10 01:31:00,1328.3487
2025-03-10 01:32:00,1321.2260
2025-03-10 01:34:00,1328.2746
2025-03-10 01:35:00,1331.1935
2025-03-10 01:36:00,1327.1925
2025-03-10 01:37:00,1328.3627
2025-03-10 01:38:00,1358.2887
2025-03-10 01:39:00,1321.2535
2025-03-10 01:40:00,1327.1793
2025-03-10 01:41:00,1327.1840
2025-03-10 01:42:00,1327.1824
2025-03-10 01:43:00,1359.2507
2025-03-10 01:44:00,1321.2367
2025-03-10 01:45:00,1321.2479
2025-03-10 01:46:00,1328.4150
2025-03-10 01:47:00,1328.4266
2025-03-10 01:48:00,1331.3704
2025-03-10 01:49:00,1328.3757
2025-03-10 01:50:00,1327.1768
2025-03-10 01:51:00,1327.1801
2025-03-10 01:52:00,1321.2746
2025-03-10 01:53:00,1328.5744
2025-03-10 01:54:00,1331.5427
2025-03-10 01:55:00,1331.5163
2025-03-10 01:56:00,1339.3022
2025-03-10 01:57:00,1327.1768
2025-03-10 01:58:00,1327.2112
2025-03-10 01:59:00,1321.2656
2025-03-10 02:00:00,1327.1621
2025-03-10 02:01:00,1331.4245
2025-03-10 02:02:00,1327.1621
2025-03-10 02:03:00,1327.1801
2025-03-10 02:04:00,1356.1645
2025-03-10 02:05:00,1328.4913
2025-03-10 02:06:00,1328.4031
2025-03-10 02:07:00,1321.2601
2025-03-10 02:08:00,1328.4604
2025-03-10 02:09:00,1339.2369
2025-03-10 02:10:00,1327.2181
2025-03-10 02:11:00,1331.4427
2025-03-10 02:12:00,1321.2781
2025-03-10 02:13:00,1327.1792
2025-03-10 02:14:00,1328.4150
2025-03-10 02:15:00,1330.6840
2025-03-10 02:16:00,1331.3569
2025-03-10 02:17:00,1328.4379
2025-03-10 02:18:00,1331.5001
2025-03-10 02:19:00,1330.7698
2025-03-10 02:20:00,1328.4804
2025-03-10 02:21:00,1331.5575
2025-03-10 02:22:00,1359.1848
2025-03-10 02:23:00,1339.2241
2025-03-10 02:24:00,1328.4974
2025-03-10 02:25:00,1327.2473
2025-03-10 02:26:00,1331.4115
2025-03-10 02:27:00,1327.1670
2025-03-10 02:28:00,1339.2904
2025-03-10 02:29:00,1327.3153
2025-03-10 02:30:00,1327.2589
2025-03-10 02:31:00,1334.2702
2025-03-10 02:32:00,1327.2181
2025-03-10 02:33:00,1359.1848
2025-03-10 02:34:00,1328.3909
2025-03-10 02:35:00,1327.1665
2025-03-10 02:36:00,1331.4427
2025-03-10 02:37:00,1331.3704
2025-03-10 02:38:00,1328.3909
2025-03-10 02:39:00,1331.3717
2025-03-10 02:40:00,1328.4498
2025-03-10 02:41:00,1327.2632
2025-03-10 02:42:00,1328.3909
2025-03-10 02:43:00,1327.1703
2025-03-10 02:44:00,1327.1801
2025-03-10 02:45:00,1331.3681
2025-03-10 02:46:00,1327.1446
2025-03-10 02:47:00,1327.1670
2025-03-10 02:48:00,1339.2585
2025-03-10 02:49:00,1331.7853
2025-03-10 02:50:00,1327.2017
2025-03-10 02:51:00,1327.3051
2025-03-10 02:52:00,1328.6275
2025-03-10 02:53:00,1327.3233
2025-03-10 02:54:00,1331.5321
2025-03-10 02:55:00,1327.2933
2025-03-10 02:57:00,1331.9425
2025-03-10 02:58:00,1328.7286
2025-03-10 02:59:00,1331.5636
2025-03-10 03:00:00,1327.1989
2025-03-10 03:01:00,1327.4373
2025-03-10 03:02:00,1359.2102
2025-03-10 03:03:00,1359.2102
2025-03-10 03:04:00,1339.1941
2025-03-10 03:05:00,1355.9724
2025-03-10 03:06:00,1327.0540
2025-03-10 03:07:00,1330.8761
2025-03-10 03:08:00,1330.9429
2025-03-10 03:09:00,1331.8249
2025-03-10 03:10:00,1330.9805
2025-03-10 03:11:00,1327.3826
2025-03-10 03:12:00,1327.4120
2025-03-10 03:13:00,1327.4411
2025-03-10 03:14:00,1330.9569
2025-03-10 03:15:00,1327.4699
2025-03-10 03:16:00,1328.7969
2025-03-10 03:17:00,1332.1789
2025-03-10 03:18:00,1327.3938
2025-03-10 03:19:00,1339.2152
2025-03-10 03:20:00,1328.6462
2025-03-10 03:21:00,1327.1805
2025-03-10 03:22:00,1331.5636
2025-03-10 03:23:00,1334.4445
2025-03-10 03:24:00,1327.2101
2025-03-10 03:25:00,1359.1926
2025-03-10 03:26:00,1330.8661
2025-03-10 03:27:00,1327.2240
2025-03-10 03:28:00,1328.7036
2025-03-10 03:29:00,1330.9490
2025-03-10 03:30:00,1327.5481
2025-03-10 03:31:00,1331.5880
2025-03-10 03:32:00,1359.2572
2025-03-10 03:33:00,1327.5211
2025-03-10 03:34:00,1330.8034
2025-03-10 03:35:00,1327.1660
2025-03-10 03:36:00,1331.4646
2025-03-10 03:37:00,1327.1156
2025-03-10 03:38:00,1328.4272
2025-03-10 03:39:00,1327.2245
2025-03-10 03:40:00,1359.1615
2025-03-10 03:41:00,1331.4162
2025-03-10 03:42:00,1327.2017
2025-03-10 03:43:00,1339.2706
2025-03-10 03:44:00,1327.2630
2025-03-10 03:45:00,1331.8837
2025-03-10 03:46:00,1327.1707
2025-03-10 03:47:00,1331.5321
2025-03-10 03:48:00,1331.4782
2025-03-10 03:49:00,1339.2350
2025-03-10 03:50:00,1328.6383
2025-03-10 03:51:00,1327.4373
2025-03-10 03:52:00,1328.7887
2025-03-10 03:53:00,1328.8716
2025-03-10 03:54:00,1331.6653
2025-03-10 03:55:00,1327.6281
2025-03-10 03:56:00,1331.5314
2025-03-10 03:57:00,1331.4731
2025-03-10 03:58:00,1330.7460
2025-03-10 03:59:00,1331.4948
2025-03-10 04:00:00,1327.1290
2025-03-10 04:01:00,1328.6682
2025-03-10 04:02:00,1331.9125
2025-03-10 04:03:00,1358.9767
2025-03-10 04:04:00,1330.5006
2025-03-10 04:05:00,1340.6652
2025-03-10 04:06:00,1327.3217
2025-03-10 04:07:00,1327.3217
2025-03-10 04:08:00,1331.0842
2025-03-10 04:09:00,1334.9722
2025-03-10 04:10:00,1330.9696
2025-03-10 04:11:00,1327.1275
2025-03-10 04:12:00,1327.2820
2025-03-10 04:13:00,1328.9005
2025-03-10 04:14:00,1327.4013
2025-03-10 04:15:00,1328.6103
2025-03-10 04:16:00,1334.5952
2025-03-10 04:17:00,1328.5617
2025-03-10 04:18:00,1330.9741
2025-03-10 04:19:00,1330.9834
2025-03-10 04:20:00,1328.5559
2025-03-10 04:21:00,1327.0966
2025-03-10 04:22:00,1330.5418
2025-03-10 04:23:00,1331.2907
2025-03-10 04:24:00,1339.1654
2025-03-10 04:25:00,1330.4777
2025-03-10 04:26:00,1332.5429
2025-03-10 04:27:00,1332.9731
2025-03-10 04:28:00,1330.6237
2025-03-10 04:29:00,1332.5638
2025-03-10 04:30:00,1331.0275
2025-03-10 04:31:00,1328.7111
2025-03-10 04:32:00,1328.7564
2025-03-10 04:33:00,1339.1930
2025-03-10 04:34:00,1330.6651
2025-03-10 04:35:00,1340.6767
2025-03-10 04:36:00,1330.5826
2025-03-10 04:37:00,1332.6119
2025-03-10 04:38:00,1332.7476
2025-03-10 04:39:00,1331.6212
2025-03-10 04:40:00,1359.1359
2025-03-10 04:41:00,1340.6596
2025-03-10 04:42:00,1340.6498
2025-03-10 04:43:00,1332.7323
2025-03-10 04:44:00,1340.6476
2025-03-10 04:45:00,1327.3493
2025-03-10 04:46:00,1327.4107
2025-03-10 04:47:00,1331.7109
2025-03-10 04:48:00,1356.0185
2025-03-10 04:49:00,1339.2021
2025-03-10 04:50:00,1331.5641
2025-03-10 04:51:00,1359.0427
2025-03-10 04:52:00,1327.2265
2025-03-10 04:53:00,1327.1131
2025-03-10 04:54:00,1328.7792
2025-03-10 04:55:00,1339.2110
2025-03-10 04:56:00,1327.2148
2025-03-10 04:57:00,1332.1646
2025-03-10 04:58:00,1327.1812
2025-03-10 04:59:00,1327.2812
2025-03-10 05:00:00,1327.1536
2025-03-10 05:01:00,1328.8115
2025-03-10 05:02:00,1330.5613
2025-03-10 05:03:00,1328.6272
2025-03-10 05:04:00,1327.0601
2025-03-10 05:05:00,1339.1463
2025-03-10 05:06:00,1330.6649
2025-03-10 05:07:00,1330.6238
2025-03-10 05:08:00,1330.5962
2025-03-10 05:09:00,1340.6454
2025-03-10 05:10:00,1332.6933
2025-03-10 05:11:00,1359.1024
2025-03-10 05:13:00,1327.1263
2025-03-10 05:14:00,1331.6714
2025-03-10 05:15:00,1327.0266
2025-03-10 05:16:00,1327.0756
2025-03-10 05:17:00,1327.0133
2025-03-10 05:18:00,1328.5936
2025-03-10 05:19:00,1326.9004
2025-03-10 05:20:00,1359.1024
2025-03-10 05:21:00,1326.9155
2025-03-10 05:22:00,1331.8602
2025-03-10 05:23:00,1331.1762
2025-03-10 05:24:00,1339.1662
2025-03-10 05:25:00,1328.8024
2025-03-10 05:26:00,1339.1554
2025-03-10 05:27:00,1327.1354
2025-03-10 05:28:00,1331.2912
2025-03-10 05:29:00,1328.8358
2025-03-10 05:30:00,1339.1554
2025-03-10 05:31:00,1327.2061
2025-03-10 05:32:00,1328.8279
2025-03-10 05:33:00,1326.7457
2025-03-10 05:34:00,1326.8381
2025-03-10 05:35:00,1359.0856
2025-03-10 05:36:00,1331.8471
2025-03-10 05:37:00,1339.2134
2025-03-10 05:38:00,1331.8162
2025-03-10 05:39:00,1327.1632
2025-03-10 05:40:00,1331.1130
2025-03-10 05:41:00,1339.1673
2025-03-10 05:43:00,1331.1537
2025-03-10 05:44:00,1328.6772
2025-03-10 05:45:00,1326.9004
2025-03-10 05:46:00,1353.3875
2025-03-10 05:47:00,1331.1664
2025-03-10 05:48:00,1331.9320
2025-03-10 05:49:00,1331.1539
2025-03-10 05:50:00,1331.1444
2025-03-10 05:51:00,1331.3009
2025-03-10 05:52:00,1327.0900
2025-03-10 05:53:00,1327.1709
2025-03-10 05:54:00,1331.3009
2025-03-10 05:55:00,1328.8532
2025-03-10 05:56:00,1331.3201
2025-03-10 05:57:00,1328.9090
2025-03-10 05:58:00,1331.3105
2025-03-10 05:59:00,1332.4300
2025-03-10 06:00:00,1326.7336
2025-03-10 06:01:00,1328.5905
2025-03-10 06:02:00,1331.1635
2025-03-10 06:03:00,1331.8775
2025-03-10 06:04:00,1328.9906
2025-03-10 06:05:00,1327.2032
2025-03-10 06:06:00,1331.2689
2025-03-10 06:07:00,1331.2782
2025-03-10 06:08:00,1331.2025
2025-03-10 06:09:00,1326.9139
2025-03-10 06:10:00,1328.7013
2025-03-10 06:11:00,1331.1345
2025-03-10 06:12:00,1331.7528
2025-03-10 06:13:00,1331.7131
2025-03-10 06:14:00,1328.6451
2025-03-10 06:15:00,1331.8700
2025-03-10 06:16:00,1346.9638
2025-03-10 06:17:00,1332.0558
2025-03-10 06:18:00,1358.9037
2025-03-10 06:19:00,1326.9378
2025-03-10 06:20:00,1328.8532
2025-03-10 06:21:00,1332.3030
2025-03-10 06:22:00,1327.0525
2025-03-10 06:23:00,1328.8783
2025-03-10 06:24:00,1339.1417
2025-03-10 06:25:00,1328.9278
2025-03-10 06:26:00,1328.9278
2025-03-10 06:27:00,1327.1640
2025-03-10 06:28:00,1331.2439
2025-03-10 06:29:00,1328.9278
2025-03-10 06:30:00,1327.1272
2025-03-10 06:31:00,1332.8581
2025-03-10 06:32:00,1340.6489
2025-03-10 06:33:00,1334.8289
2025-03-10 06:34:00,1332.9050
2025-03-10 06:35:00,1332.9483
2025-03-10 06:36:00,1332.9430
2025-03-10 06:37:00,1330.7759
2025-03-10 06:38:00,1332.5973
2025-03-10 06:39:00,1348.3521
2025-03-10 06:40:00,1331.5348
2025-03-10 06:41:00,1332.6680
2025-03-10 06:42:00,1332.6680
2025-03-10 06:43:00,1328.6540
2025-03-10 06:44:00,1353.6482
2025-03-10 06:45:00,1331.0168
2025-03-10 06:46:00,1326.9333
2025-03-10 06:47:00,1339.1026
2025-03-10 06:48:00,1359.0373
2025-03-10 06:51:00,1331.2922
2025-03-10 06:52:00,1328.8356
2025-03-10 06:53:00,1328.8111
2025-03-10 06:54:00,1328.8250
2025-03-10 06:55:00,1331.3310
2025-03-10 06:56:00,1331.3117
2025-03-10 06:57:00,1328.8250
2025-03-10 06:58:00,1328.7993
2025-03-10 06:59:00,1326.8428
2025-03-10 07:00:00,1331.3229
2025-03-10 07:01:00,1369.7386
2025-03-10 07:04:00,1331.9309
2025-03-10 07:05:00,1327.2496
2025-03-10 07:06:00,1328.8979
2025-03-10 07:07:00,1327.1141
2025-03-10 07:08:00,1331.2789
2025-03-10 07:09:00,1331.2193
2025-03-10 07:10:00,1331.1457
2025-03-10 07:11:00,1328.5991
2025-03-10 07:12:00,1331.1457
2025-03-10 07:13:00,1331.7160
2025-03-10 07:14:00,1331.1457
2025-03-10 07:15:00,1326.7773
2025-03-10 07:16:00,1328.6509
2025-03-10 07:17:00,1331.1351
2025-03-10 07:18:00,1328.6509
2025-03-10 07:19:00,1328.6045
2025-03-10 07:20:00,1328.5880
2025-03-10 07:21:00,1331.2022
2025-03-10 07:22:00,1331.2725
2025-03-10 07:23:00,1328.7473
2025-03-10 07:24:00,1347.1667
2025-03-10 07:25:00,1328.8599
2025-03-10 07:27:00,1328.8758
2025-03-10 07:28:00,1328.8758
2025-03-10 07:29:00,1347.2586
2025-03-10 07:30:00,1327.0681
2025-03-10 07:31:00,1331.3430
2025-03-10 07:32:00,1331.1768
2025-03-10 07:33:00,1328.7768
2025-03-10 07:34:00,1326.8735
2025-03-10 07:35:00,1327.2550
2025-03-10 07:36:00,1327.3574
2025-03-10 07:37:00,1327.2895
2025-03-10 07:38:00,1331.2992
2025-03-10 07:39:00,1328.9216
2025-03-10 07:40:00,1339.1408
2025-03-10 07:41:00,1331.1847
2025-03-10 07:42:00,1328.6765
2025-03-10 07:43:00,1331.1551
2025-03-10 07:44:00,1326.8626
2025-03-10 07:45:00,1346.8495
2025-03-10 07:46:00,1328.6406
2025-03-10 07:47:00,1331.2526
2025-03-10 07:48:00,1328.7473
2025-03-10 07:49:00,1326.9141
2025-03-10 07:50:00,1331.2922
2025-03-10 07:51:00,1328.8516
2025-03-10 07:52:00,1326.9647
2025-03-10 07:53:00,1326.9245
2025-03-10 07:54:00,1331.3310
2025-03-10 07:55:00,1331.3826
2025-03-10 07:57:00,1328.8781
2025-03-10 07:58:00,1326.9647
2025-03-10 07:59:00,1328.8781
2025-03-10 08:00:00,1331.3826
2025-03-10 08:01:00,1347.3045
2025-03-10 08:02:00,1347.2384
2025-03-10 08:03:00,1326.6745
2025-03-10 08:04:00,1331.2087
2025-03-10 08:05:00,1326.9127
2025-03-10 08:06:00,1346.8728
2025-03-10 08:07:00,1328.7635
2025-03-10 08:08:00,1327.1404
2025-03-10 08:09:00,1331.8872
2025-03-10 08:10:00,1358.4941
2025-03-10 08:11:00,1346.8616
2025-03-10 08:12:00,1328.5880
2025-03-10 08:13:00,1331.7941
2025-03-10 08:14:00,1326.8546
2025-03-10 08:15:00,1326.9305
2025-03-10 08:16:00,1331.2758
2025-03-10 08:17:00,1326.6715
2025-03-10 08:18:00,1328.5936
2025-03-10 08:19:00,1328.5880
2025-03-10 08:20:00,1331.2883
2025-03-10 08:21:00,1331.3184
2025-03-10 08:22:00,1326.7595
2025-03-10 08:23:00,1347.1795
2025-03-10 08:24:00,1347.2731
2025-03-10 08:25:00,1328.8298
2025-03-10 08:26:00,1347.2731
2025-03-10 08:27:00,1328.8298
2025-03-10 08:28:00,1326.7340
2025-03-10 08:29:00,1369.7781
2025-03-10 08:30:00,1328.8298
2025-03-10 08:31:00,1347.1102
2025-03-10 08:32:00,1331.3762
2025-03-10 08:33:00,1331.3249
2025-03-10 08:34:00,1346.8340
2025-03-10 08:35:00,1346.8422
2025-03-10 08:36:00,1331.3419
2025-03-10 08:37:00,1326.5747
2025-03-10 08:38:00,1331.3316
2025-03-10 08:39:00,1331.3924
2025-03-10 08:40:00,1331.2849
2025-03-10 08:41:00,1328.6116
2025-03-10 08:42:00,1331.8731
2025-03-10 08:43:00,1328.5483
2025-03-10 08:44:00,1346.8005
2025-03-10 08:45:00,1331.3353
2025-03-10 08:46:00,1346.9218
2025-03-10 08:47:00,1328.5689
2025-03-10 08:48:20,1326.5511
2025-03-10 08:49:00,1331.2375
2025-03-10 08:50:00,1346.8751
2025-03-10 08:51:00,1328.7312
2025-03-10 08:52:00,1326.4115
2025-03-10 08:53:00,1331.3382
2025-03-10 08:55:00,1328.8298
2025-03-10 08:56:00,1331.4163
2025-03-10 08:57:00,1326.9871
2025-03-10 08:58:00,1331.4599
2025-03-10 08:59:00,1328.8298
2025-03-10 09:01:00,1347.3199
2025-03-10 09:02:00,1347.3392
2025-03-10 09:03:00,1358.7856
2025-03-10 09:06:00,1331.2340
2025-03-10 09:07:00,1346.8544
2025-03-10 09:08:00,1331.3110
2025-03-10 09:09:00,1331.4024
2025-03-10 09:10:00,1328.8467
2025-03-10 09:11:00,1327.0244
2025-03-10 09:12:00,1327.0070
2025-03-10 09:13:00,1328.7748
2025-03-10 09:14:00,1358.5031
2025-03-10 09:15:00,1346.8257
2025-03-10 09:16:00,1346.8216
2025-03-10 09:17:00,1326.6176
2025-03-10 09:18:00,1331.1832
2025-03-10 09:19:00,1331.2340
2025-03-10 09:20:00,1331.2526
2025-03-10 09:21:00,1331.3353
2025-03-10 09:22:00,1328.6610
2025-03-10 09:23:00,1328.7312
2025-03-10 09:24:00,1331.3964
2025-03-10 09:25:00,1331.4064
2025-03-10 09:26:00,1331.3863
2025-03-10 09:27:00,1331.4163
2025-03-10 09:28:00,1332.4737
2025-03-10 09:29:00,1331.4163
2025-03-10 09:30:00,1331.4064
2025-03-10 09:31:00,1328.6898
2025-03-10 09:32:00,1328.6902
2025-03-10 09:33:00,1326.3149
2025-03-10 09:34:00,1326.2007
2025-03-10 09:35:00,1331.3235
2025-03-10 09:36:00,1331.3005
2025-03-10 09:37:00,1346.8340
2025-03-10 09:38:00,1331.3316
2025-03-10 09:39:00,1346.8584
2025-03-10 09:40:00,1328.6513
2025-03-10 09:41:00,1331.2647
2025-03-10 09:42:00,1328.7198
2025-03-10 09:43:00,1328.7455
2025-03-10 09:44:00,1328.6943
2025-03-10 09:45:00,1331.2545
2025-03-10 09:46:00,1326.5313
2025-03-10 09:47:00,1331.8969
2025-03-10 09:48:00,1331.2707
2025-03-10 09:49:00,1326.4110
2025-03-10 09:50:00,1328.4354
2025-03-10 09:51:00,1331.3353
2025-03-10 09:52:00,1331.3456
2025-03-10 09:53:00,1331.4395
2025-03-10 09:54:00,1339.0205
2025-03-10 09:55:00,1331.5163
2025-03-10 09:56:00,1328.7785
2025-03-10 09:57:00,1331.4599
2025-03-10 09:58:00,1369.8030
2025-03-10 09:59:00,1326.5061
2025-03-10 10:00:00,1331.3979
2025-03-10 10:01:00,1328.4690
2025-03-10 10:02:00,1328.4016
2025-03-10 10:03:00,1369.7725
2025-03-10 10:04:00,1328.2883
2025-03-10 10:05:00,1346.7554
2025-03-10 10:06:00,1331.3706
2025-03-10 10:07:00,1328.5775
2025-03-10 10:08:00,1326.4721
2025-03-10 10:09:00,1328.6082
2025-03-10 10:10:00,1326.1294
2025-03-10 10:11:00,1331.3714
2025-03-10 10:12:00,1331.2991
2025-03-10 10:13:00,1346.7596
2025-03-10 10:14:00,1331.9444
2025-03-10 10:15:00,1331.3239
2025-03-10 10:16:00,1346.8410
2025-03-10 10:17:00,1331.4308
2025-03-10 10:18:00,1328.4354
2025-03-10 10:19:00,1328.6000
2025-03-10 10:20:00,1331.5155
2025-03-10 10:21:00,1347.2281
2025-03-10 10:22:00,1326.2921
2025-03-10 10:23:00,1331.5058
2025-03-10 10:24:00,1331.5155
2025-03-10 10:25:00,1331.4953
2025-03-10 10:26:00,1331.9777
2025-03-10 10:27:00,1330.8313
2025-03-10 10:28:00,1332.0232
2025-03-10 10:29:00,1360.5335
2025-03-10 10:30:00,1332.0119
2025-03-10 10:31:00,1330.8490
2025-03-10 10:32:00,1333.2509
2025-03-10 10:33:00,1333.1560
2025-03-10 10:34:00,1349.5034
2025-03-10 10:35:00,1331.8811
2025-03-10 10:36:00,1330.6787
2025-03-10 10:37:00,1332.0663
2025-03-10 10:38:00,1348.3197
2025-03-10 10:39:00,1331.3812
2025-03-10 10:40:00,1331.3706
2025-03-10 10:41:00,1331.3918
2025-03-10 10:42:00,1331.4049
2025-03-10 10:43:00,1328.3760
2025-03-10 10:44:00,1346.7728
2025-03-10 10:45:00,1331.9171
2025-03-10 10:46:00,1331.4935
2025-03-10 10:47:00,1328.5677
2025-03-10 10:48:00,1347.0108
2025-03-10 10:49:00,1358.7910
2025-03-10 10:50:00,1328.6319
2025-03-10 10:51:00,1328.6636
2025-03-10 10:52:00,1328.6636
2025-03-10 10:53:00,1331.5045
2025-03-10 10:54:00,1339.0372
2025-03-10 10:55:00,1331.4525
2025-03-10 10:56:00,1328.2311
2025-03-10 10:57:00,1331.4383
2025-03-10 10:58:00,1346.7136
2025-03-10 10:59:00,1331.4383
2025-03-10 11:00:00,1325.7525
2025-03-10 11:01:00,1331.4383
2025-03-10 11:02:00,1331.4711
2025-03-10 11:03:00,1328.3588
2025-03-10 11:04:00,1331.4136
2025-03-10 11:05:00,1325.9143
2025-03-10 11:06:00,1358.9177
2025-03-10 11:07:00,1346.8434
2025-03-10 11:08:00,1328.4195
2025-03-10 11:09:00,1346.7924
2025-03-10 11:10:00,1331.4525
2025-03-10 11:11:00,1346.7418
2025-03-10 11:12:00,1331.3786
2025-03-10 11:13:00,1338.9410
2025-03-10 11:14:00,1358.6574
2025-03-10 11:15:00,1331.3856
2025-03-10 11:16:00,1346.7409
2025-03-10 11:17:00,1328.5152
2025-03-10 11:18:00,1346.7728
2025-03-10 11:19:00,1331.4049
2025-03-10 11:20:00,1346.7364
2025-03-10 11:21:00,1331.4199
2025-03-10 11:22:00,1328.2311
2025-03-10 11:23:00,1325.9980
2025-03-10 11:24:00,1331.6550
2025-03-10 11:25:00,1346.5116
2025-03-10 11:26:00,1369.7949
2025-03-10 11:27:00,1331.5155
2025-03-10 11:28:00,1326.0349
2025-03-10 11:29:00,1326.0349
2025-03-10 11:30:00,1347.2065
2025-03-10 11:31:00,1328.7313
2025-03-10 11:32:00,1346.8552
2025-03-10 11:33:00,1328.6614
2025-03-10 11:34:00,1346.9126
2025-03-10 11:35:00,1347.0108
2025-03-10 11:36:00,1328.7924
2025-03-10 11:37:00,1369.8165
2025-03-10 11:38:00,1331.6843
2025-03-10 11:39:00,1346.9617
2025-03-10 11:40:00,1346.8546
2025-03-10 11:41:00,1332.2378
2025-03-10 11:42:00,1332.2614
2025-03-10 11:43:00,1333.4408
2025-03-10 11:44:00,1331.6328
2025-03-10 11:45:00,1331.6389
2025-03-10 11:46:00,1328.5909
2025-03-10 11:47:00,1328.5563
2025-03-10 11:48:00,1331.6512
2025-03-10 11:49:00,1325.7882
2025-03-10 11:50:00,1346.9063
2025-03-10 11:51:00,1346.4004
2025-03-10 11:52:00,1326.0798
2025-03-10 11:53:00,1346.8853
2025-03-10 11:54:00,1325.9810
2025-03-10 11:55:00,1326.0933
2025-03-10 11:56:00,1325.9342
2025-03-10 11:57:00,1346.9460
2025-03-10 11:58:00,1328.4799
2025-03-10 11:59:00,1331.7736
2025-03-10 12:00:00,1331.6389
2025-03-10 12:01:00,1346.7231
2025-03-10 12:02:00,1331.6202
2025-03-10 12:03:00,1339.0771
2025-03-10 12:04:00,1331.8067
2025-03-10 12:05:00,1346.8632
2025-03-10 12:06:00,1325.9982
2025-03-10 12:07:00,1328.6662
2025-03-10 12:08:00,1328.6662
2025-03-10 12:09:00,1339.1276
2025-03-10 12:10:00,1346.9666
2025-03-10 12:11:00,1328.7037
2025-03-10 12:12:00,1326.0939
2025-03-10 12:13:00,1325.8986
2025-03-10 12:14:00,1346.6081
2025-03-10 12:15:00,1346.6081
2025-03-10 12:16:00,1326.1403
2025-03-10 12:17:00,1339.1089
2025-03-10 12:18:00,1331.7601
2025-03-10 12:19:00,1326.2520
2025-03-10 12:20:00,1339.1370
2025-03-10 12:21:00,1326.8189
2025-03-10 12:22:00,1346.5524
2025-03-10 12:23:00,1325.8986
2025-03-10 12:24:00,1326.0939
2025-03-10 12:25:00,1325.9489
2025-03-10 12:26:00,1329.8677
2025-03-10 12:27:00,1331.8175
2025-03-10 12:28:00,1329.3981
2025-03-10 12:29:00,1326.0718
2025-03-10 12:30:00,1326.0124
2025-03-10 12:31:00,1339.1847
2025-03-10 12:32:00,1347.1361
2025-03-10 12:33:00,1339.4224
2025-03-10 12:34:00,1326.7123
2025-03-10 12:35:00,1326.6562
2025-03-10 12:36:00,1358.7846
2025-03-10 12:37:00,1347.1100
2025-03-10 12:38:00,1347.5547
2025-03-10 12:39:00,1347.1766
2025-03-10 12:40:00,1332.0926
2025-03-10 12:41:00,1330.0036
2025-03-10 12:42:00,1329.2384
2025-03-10 12:43:00,1329.2717
2025-03-10 12:44:00,1326.6562
2025-03-10 12:45:00,1329.3174
2025-03-10 12:46:00,1326.6006
2025-03-10 12:47:00,1329.3492
2025-03-10 12:48:00,1347.1361
2025-03-10 12:49:00,1339.3645
2025-03-10 12:50:00,1347.1361
2025-03-10 12:51:00,1358.7364
2025-03-10 12:52:00,1346.5803
2025-03-10 12:53:00,1347.3036
2025-03-10 12:54:00,1326.7677
2025-03-10 12:55:00,1347.2414
2025-03-10 12:56:00,1329.4626
2025-03-10 12:57:00,1347.1877
2025-03-10 12:58:00,1358.6764
2025-03-10 12:59:00,1332.2155
2025-03-10 13:00:00,1330.1247
2025-03-10 13:01:00,1330.1533
2025-03-10 13:02:00,1327.8072
2025-03-10 13:03:00,1347.6464
2025-03-10 13:04:00,1329.4626
2025-03-10 13:05:00,1329.4305
2025-03-10 13:06:00,1332.2443
2025-03-10 13:07:00,1347.4019
2025-03-10 13:08:00,1326.7123
2025-03-10 13:09:00,1332.9558
2025-03-10 13:10:00,1347.2551
2025-03-10 13:11:00,1329.9720
2025-03-10 13:12:00,1326.6907
2025-03-10 13:13:00,1329.3425
2025-03-10 13:14:00,1330.5893
2025-03-10 13:15:00,1330.5795
2025-03-10 13:16:00,1327.4212
2025-03-10 13:17:00,1330.6501
2025-03-10 13:18:00,1332.5652
2025-03-10 13:19:00,1329.9966
2025-03-10 13:20:00,1347.3552
2025-03-10 13:21:00,1332.2066
2025-03-10 13:22:00,1328.3706
2025-03-10 13:23:00,1327.0459
2025-03-10 13:24:00,1329.5332
2025-03-10 13:25:00,1332.2779
2025-03-10 13:26:00,1333.0038
2025-03-10 13:27:00,1332.6558
2025-03-10 13:28:00,1339.4359
2025-03-10 13:29:00,1332.3062
2025-03-10 13:30:00,1330.2548
2025-03-10 13:31:00,1330.1112
2025-03-10 13:32:00,1327.0459
2025-03-10 13:33:00,1332.2968
2025-03-10 13:34:00,1328.2312
2025-03-10 13:35:00,1332.6386
2025-03-10 13:36:00,1347.6610
2025-03-10 13:37:00,1330.1405
2025-03-10 13:38:00,1347.9100
2025-03-10 13:39:00,1329.9966
2025-03-10 13:40:00,1347.6085
2025-03-10 13:41:00,1332.6211
2025-03-10 13:42:00,1332.5568
2025-03-10 13:43:00,1327.4212
2025-03-10 13:44:00,1332.5395
2025-03-10 13:45:00,1329.4046
2025-03-10 13:46:00,1332.5307
2025-03-10 13:47:00,1332.5798
2025-03-10 13:48:00,1332.1546
2025-03-10 13:49:00,1347.3231
2025-03-10 13:50:00,1329.9966
2025-03-10 13:51:00,1332.5568
2025-03-10 13:52:00,1330.0479
2025-03-10 13:53:00,1329.9720
2025-03-10 13:54:00,1347.3061
2025-03-10 13:55:00,1330.0214
2025-03-10 13:56:00,1329.5012
2025-03-10 13:57:00,1332.2588
2025-03-10 13:58:00,1327.0459
2025-03-10 13:59:00,1327.0459
2025-03-10 14:00:00,1327.7789
2025-03-10 14:01:00,1347.6488
2025-03-10 14:02:00,1330.2548
2025-03-10 14:03:00,1327.2005
2025-03-10 14:04:00,1332.6813
2025-03-10 14:05:00,1347.7462
2025-03-10 14:06:00,1330.2827
2025-03-10 14:07:00,1327.6814
2025-03-10 14:08:00,1329.5648
2025-03-10 14:09:00,1327.0459
2025-03-10 14:10:00,1332.6386
2025-03-10 14:11:00,1330.0816
2025-03-10 14:12:00,1347.4043
2025-03-10 14:13:00,1329.3395
2025-03-10 14:14:00,1329.9589
2025-03-10 14:15:00,1347.9141
2025-03-10 14:16:00,1330.7269
2025-03-10 14:17:00,1347.6322
2025-03-10 14:18:00,1328.3820
2025-03-10 14:19:00,1327.6129
2025-03-10 14:20:00,1332.5732
2025-03-10 14:21:00,1327.7088
2025-03-10 14:22:00,1329.4046
2025-03-10 14:23:00,1327.6129
2025-03-10 14:24:00,1347.6138
2025-03-10 14:25:00,1358.7361
2025-03-10 14:26:00,1332.2588
2025-03-10 14:27:00,1339.4631
2025-03-10 14:28:00,1339.6885
2025-03-10 14:29:00,1327.0459
2025-03-10 14:30:00,1330.2267
2025-03-10 14:31:00,1339.6723
2025-03-10 14:32:00,1330.2827
2025-03-10 14:33:00,1348.4791
2025-03-10 14:34:00,1327.9209
2025-03-10 14:35:00,1327.9672
2025-03-10 14:36:00,1328.6775
2025-03-10 14:37:00,1348.6035
2025-03-10 14:38:00,1328.0129
2025-03-10 14:39:00,1328.4160
2025-03-10 14:40:00,1348.6065
2025-03-10 14:41:00,1358.6231
2025-03-10 14:42:00,1348.9168
2025-03-10 14:43:00,1332.9308
2025-03-10 14:44:00,1358.6541
2025-03-10 14:45:00,1329.2917
2025-03-10 14:46:00,1348.7257
2025-03-10 14:47:00,1332.9152
2025-03-10 14:48:00,1358.7472
2025-03-10 14:49:00,1331.4944
2025-03-10 14:50:00,1339.9181
2025-03-10 14:51:00,1327.6129
2025-03-10 14:52:00,1327.4613
2025-03-10 14:53:00,1328.2251
2025-03-10 14:54:00,1332.9558
2025-03-10 14:55:00,1339.6818
2025-03-10 14:56:00,1349.0675
2025-03-10 14:57:00,1332.7605
2025-03-10 14:58:00,1330.6887
2025-03-10 14:59:00,1328.3965
2025-03-10 15:00:00,1330.8823
2025-03-10 15:01:00,1330.9585
2025-03-10 15:02:00,1333.4846
2025-03-10 15:03:00,1329.1375
2025-03-10 15:04:00,1329.0526
2025-03-10 15:05:00,1332.1163
2025-03-10 15:06:00,1331.4967
2025-03-10 15:07:00,1329.7576
2025-03-10 15:08:00,1331.9518
2025-03-10 15:09:00,1328.9773
2025-03-10 15:10:00,1331.3173
2025-03-10 15:11:00,1331.3777
2025-03-10 15:12:00,1328.9773
2025-03-10 15:13:00,1329.3657
2025-03-10 15:14:00,1349.0049
2025-03-10 15:15:00,1328.4087
2025-03-10 15:16:00,1331.3373
2025-03-10 15:17:00,1328.5394
2025-03-10 15:18:00,1333.3618
2025-03-10 15:19:00,1329.0358
2025-03-10 15:20:00,1340.1471
2025-03-10 15:21:00,1349.0114
2025-03-10 15:22:00,1339.9692
2025-03-10 15:23:00,1331.5198
2025-03-10 15:24:00,1349.3182
2025-03-10 15:25:00,1329.2611
2025-03-10 15:26:00,1333.2500
2025-03-10 15:27:00,1349.7351
2025-03-10 15:28:00,1331.6096
2025-03-10 15:29:00,1329.4193
2025-03-10 15:30:00,1349.7944
2025-03-10 15:31:00,1333.1347
2025-03-10 15:32:00,1331.5875
2025-03-10 15:33:00,1329.5332
2025-03-10 15:34:00,1340.1766
2025-03-10 15:35:00,1329.4957
2025-03-10 15:36:00,1358.3101
2025-03-10 15:37:00,1349.4972
2025-03-10 15:38:00,1332.0748
2025-03-10 15:39:00,1329.2117
2025-03-10 15:40:00,1330.0621
2025-03-10 15:41:00,1358.6899
2025-03-10 15:42:00,1329.2509
2025-03-10 15:43:00,1333.3878
2025-03-10 15:44:00,1333.5827
2025-03-10 15:45:00,1360.6463
2025-03-10 15:46:00,1329.0953
2025-03-10 15:47:00,1333.4649
2025-03-10 15:48:00,1331.3777
2025-03-10 15:49:00,1349.6912
2025-03-10 15:50:00,1332.9945
2025-03-10 15:51:00,1329.7967
2025-03-10 15:52:00,1350.2163
2025-03-10 15:53:00,1340.3988
2025-03-10 15:54:00,1331.3777
2025-03-10 15:55:00,1349.1986
2025-03-10 15:56:00,1349.1986
2025-03-10 15:57:00,1330.3634
2025-03-10 15:58:00,1333.3826
2025-03-10 15:59:00,1349.6348
2025-03-10 16:00:00,1331.9454
2025-03-10 16:01:00,1333.3993
2025-03-10 16:02:00,1349.0885
2025-03-10 16:03:00,1331.4944
2025-03-10 16:04:00,1340.1807
2025-03-10 16:05:00,1329.1721
2025-03-10 16:06:00,1331.4944
2025-03-10 16:07:00,1329.5129
2025-03-10 16:08:00,1329.3279
2025-03-10 16:09:00,1329.2117
2025-03-10 16:10:00,1328.9469
2025-03-10 16:11:00,1329.1375
2025-03-10 16:12:00,1331.4261
2025-03-10 16:13:00,1332.0748
2025-03-10 16:14:00,1354.6907
2025-03-10 16:15:00,1329.2611
2025-03-10 16:16:00,1349.4376
2025-03-10 16:17:00,1329.9483
2025-03-10 16:18:00,1329.9483
2025-03-10 16:19:00,1329.9850
2025-03-10 16:20:00,1332.1570
2025-03-10 16:21:00,1350.3325
2025-03-10 16:22:00,1330.0214
2025-03-10 16:23:00,1358.2785
2025-03-10 16:24:00,1349.9250
2025-03-10 16:25:00,1340.6215
2025-03-10 16:26:00,1349.9834
2025-03-10 16:27:00,1332.1163
2025-03-10 16:28:00,1330.0608
2025-03-10 16:29:00,1331.9518
2025-03-10 16:30:00,1341.9672
2025-03-10 16:31:00,1333.6638
2025-03-10 16:32:00,1333.6834
2025-03-10 16:33:00,1351.8845
2025-03-10 16:34:00,1334.0916
2025-03-10 16:35:00,1333.5906
2025-03-10 16:36:00,1360.6502
2025-03-10 16:37:00,1352.1246
2025-03-10 16:38:00,1334.1079
2025-03-10 16:39:00,1355.5505
2025-03-10 16:40:00,1360.6459
2025-03-10 16:41:00,1333.8863
2025-03-10 16:42:00,1333.8863
2025-03-10 16:43:00,1341.9583
2025-03-10 16:44:00,1360.6406
2025-03-10 16:45:00,1352.5078
2025-03-10 16:46:00,1333.9712
2025-03-10 16:47:00,1354.9396
2025-03-10 16:48:00,1354.9653
2025-03-10 16:49:00,1352.1611
2025-03-10 16:50:00,1360.4862
2025-03-10 16:51:00,1352.9028
2025-03-10 16:52:00,1342.0047
2025-03-10 16:53:00,1355.1490
2025-03-10 16:54:00,1346.7225
2025-03-10 16:55:00,1340.7626
2025-03-10 16:56:00,1358.3397
2025-03-10 16:57:00,1330.0608
2025-03-10 16:58:00,1358.4974
2025-03-10 16:59:00,1350.5152
2025-03-10 17:00:00,1358.4636
2025-03-10 17:01:00,1348.7208
2025-03-10 17:02:00,1333.9638
2025-03-10 17:03:00,1340.7440
2025-03-10 17:04:00,1348.7213
2025-03-10 17:05:00,1349.9832
2025-03-10 17:06:00,1350.9494
2025-03-10 17:07:00,1349.4088
2025-03-10 17:08:00,1331.7700
2025-03-10 17:09:00,1330.2083
2025-03-10 17:10:00,1333.2806
2025-03-10 17:11:00,1329.5452
2025-03-10 17:12:00,1329.5051
2025-03-10 17:13:00,1329.4646
2025-03-10 17:14:00,1349.6987
2025-03-10 17:15:00,1331.9012
2025-03-10 17:16:00,1331.9012
2025-03-10 17:17:00,1329.7386
2025-03-10 17:18:00,1331.9012
2025-03-10 17:19:00,1349.8752
2025-03-10 17:20:00,1334.0900
2025-03-10 17:21:00,1358.5386
2025-03-10 17:22:00,1350.0110
2025-03-10 17:23:00,1358.4936
2025-03-10 17:24:00,1332.9543
2025-03-10 17:25:00,1332.4427
2025-03-10 17:26:00,1332.9469
2025-03-10 17:27:00,1349.4088
2025-03-10 17:28:00,1330.0918
2025-03-10 17:29:00,1329.3484
2025-03-10 17:30:00,1333.6225
2025-03-10 17:31:00,1329.4919
2025-03-10 17:32:00,1349.9184
2025-03-10 17:33:00,1333.6225
2025-03-10 17:34:00,1350.4280
2025-03-10 17:35:00,1329.3598
2025-03-10 17:36:00,1358.5732
2025-03-10 17:37:00,1340.5123
2025-03-10 17:38:00,1349.6398
2025-03-10 17:39:00,1334.4382
2025-03-10 17:40:00,1346.2576
2025-03-10 17:41:00,1343.7793
2025-03-10 17:42:00,1333.5309
2025-03-10 17:43:00,1337.4098
2025-03-10 17:44:00,1334.0228
2025-03-10 17:45:00,1338.1192
2025-03-10 17:46:00,1346.8310
2025-03-10 17:47:00,1334.0475
2025-03-10 17:48:00,1337.7530
2025-03-10 17:49:00,1333.2196
2025-03-10 17:50:00,1330.4208
2025-03-10 17:51:00,1350.2418
2025-03-10 17:52:00,1334.0435
2025-03-10 17:53:00,1350.1842
2025-03-10 17:54:00,1330.2083
2025-03-10 17:55:00,1334.0381
2025-03-10 17:56:00,1330.0918
2025-03-10 17:57:00,1350.4574
2025-03-10 17:58:00,1330.8183
2025-03-10 17:59:00,1330.1794
2025-03-10 18:00:00,1332.3534
2025-03-10 18:01:00,1333.9762
2025-03-10 18:02:00,1340.5173
2025-03-10 18:03:00,1334.3161
2025-03-10 18:04:00,1330.7803
2025-03-10 18:05:00,1330.1369
2025-03-10 18:06:00,1348.7732
2025-03-10 18:07:00,1340.5730
2025-03-10 18:08:00,1331.1068
2025-03-10 18:09:00,1332.5372
2025-03-10 18:10:00,1346.7768
2025-03-10 18:11:00,1346.5924
2025-03-10 18:12:00,1330.4208
2025-03-10 18:13:00,1334.0799
2025-03-10 18:14:00,1332.5555
2025-03-10 18:15:00,1338.1363
2025-03-10 18:16:00,1337.7696
2025-03-10 18:17:00,1346.6762
2025-03-10 18:18:00,1350.8907
2025-03-10 18:19:00,1333.7283
2025-03-10 18:20:00,1362.3854
2025-03-10 18:21:00,1334.4881
2025-03-10 18:22:00,1350.0110
2025-03-10 18:23:00,1358.4550
2025-03-10 18:24:00,1348.8676
2025-03-10 18:25:00,1334.0381
2025-03-10 18:26:00,1340.5513
2025-03-10 18:27:00,1331.0678
2025-03-10 18:28:00,1331.6877
2025-03-10 18:29:00,1358.4550
2025-03-10 18:30:00,1350.5169
2025-03-10 18:31:00,1348.9148
2025-03-10 18:32:00,1334.0696
2025-03-10 18:33:00,1333.8119
2025-03-10 18:34:00,1330.9697
2025-03-10 18:35:00,1330.0683
2025-03-10 18:36:00,1340.7775
2025-03-10 18:37:00,1331.6185
2025-03-10 18:38:00,1331.0678
2025-03-10 18:39:00,1333.1846
2025-03-10 18:40:00,1334.5200
2025-03-10 18:41:00,1349.4403
2025-03-10 18:42:00,1331.2833
2025-03-10 18:43:00,1332.6951
2025-03-10 18:44:00,1331.3703
2025-03-10 18:45:00,1333.3384
2025-03-10 18:46:00,1331.3703
2025-03-10 18:47:00,1334.9039
2025-03-10 18:48:00,1333.2636
2025-03-10 18:49:00,1340.6225
2025-03-10 18:50:00,1358.4546
2025-03-10 18:51:00,1349.1607
2025-03-10 18:52:00,1333.0780
2025-03-10 18:53:00,1330.9200
2025-03-10 18:54:00,1330.9697
2025-03-10 18:55:00,1350.5873
2025-03-10 18:56:00,1334.4952
2025-03-10 18:57:00,1334.4271
2025-03-10 18:58:00,1334.4599
2025-03-10 18:59:00,1330.9014
2025-03-10 19:00:00,1349.3008
2025-03-10 19:01:00,1349.3473
2025-03-10 19:02:00,1340.6004
2025-03-10 19:03:00,1332.5873
2025-03-10 19:04:00,1350.6197
2025-03-10 19:05:00,1333.2325
2025-03-10 19:06:00,1349.1050
2025-03-10 19:07:00,1330.5030
2025-03-10 19:08:00,1334.5240
2025-03-10 19:09:00,1333.8654
2025-03-10 19:10:00,1331.1623
2025-03-10 19:11:00,1330.8984
2025-03-10 19:12:00,1331.0997
2025-03-10 19:13:00,1350.9806
2025-03-10 19:14:00,1331.0355
2025-03-10 19:15:00,1334.4599
2025-03-10 19:16:00,1334.4271
2025-03-10 19:17:00,1330.9554
2025-03-10 19:18:00,1330.9697
2025-03-10 19:19:00,1333.0578
2025-03-10 19:20:00,1333.0507
2025-03-10 19:21:00,1334.0161
2025-03-10 19:22:00,1330.9200
2025-03-10 19:23:00,1330.9554
2025-03-10 19:24:00,1332.4229
2025-03-10 19:25:00,1334.0538
2025-03-10 19:26:00,1330.2549
2025-03-10 19:27:00,1350.0457
2025-03-10 19:28:00,1369.9201
2025-03-10 19:29:00,1334.1139
2025-03-10 19:30:00,1334.5159
2025-03-10 19:31:00,1349.1607
2025-03-10 19:32:00,1332.5686
2025-03-10 19:33:00,1332.5686
2025-03-10 19:34:00,1362.3860
2025-03-10 19:35:00,1369.8391
2025-03-10 19:36:00,1347.1138
2025-03-10 19:37:00,1340.7792
2025-03-10 19:38:00,1331.1931
2025-03-10 19:39:00,1334.5159
2025-03-10 19:40:00,1350.8122
2025-03-10 19:41:00,1334.5118
2025-03-10 19:42:00,1350.9245
2025-03-10 19:43:00,1350.8684
2025-03-10 19:44:00,1333.0780
2025-03-10 19:46:00,1334.3998
2025-03-10 19:47:00,1333.0786
2025-03-10 19:48:00,1334.3974
2025-03-10 19:49:00,1333.1096
2025-03-10 19:50:00,1334.7571
2025-03-10 19:51:00,1350.6639
2025-03-10 19:52:00,1334.4910
2025-03-10 19:53:00,1351.0539
2025-03-10 19:54:00,1341.0730
2025-03-10 19:55:00,1334.4952
2025-03-10 19:56:00,1350.7560
2025-03-10 19:57:00,1351.4518
2025-03-10 19:58:00,1333.0780
2025-03-10 19:59:00,1334.5650
2025-03-10 20:00:00,1338.5881
2025-03-10 20:01:00,1338.2400
2025-03-10 20:02:00,1338.2147
2025-03-10 20:03:00,1355.0935
2025-03-10 20:04:00,1341.0057
2025-03-10 20:05:00,1341.0057
2025-03-10 20:06:00,1344.3416
2025-03-10 20:07:00,1346.8676
2025-03-10 20:08:00,1334.5513
2025-03-10 20:09:00,1334.4773
2025-03-10 20:10:00,1334.5372
2025-03-10 20:11:00,1362.3862
2025-03-10 20:12:00,1338.6820
2025-03-10 20:13:00,1344.2260
2025-03-10 20:14:00,1331.0997
2025-03-10 20:15:26,1333.9217
2025-03-10 20:16:00,1335.3447
2025-03-10 20:17:00,1334.8160
2025-03-10 20:18:00,1333.0608
2025-03-10 20:19:00,1331.7420
2025-03-10 20:20:00,1331.7183
2025-03-10 20:21:00,1358.4092
2025-03-10 20:22:00,1332.6111
2025-03-10 20:23:00,1331.8326
2025-03-10 20:24:00,1331.7474
2025-03-10 20:25:00,1331.8686
2025-03-10 20:26:00,1345.5617
2025-03-10 20:27:00,1332.7063
2025-03-10 20:28:00,1333.9733
2025-03-10 20:29:00,1332.4634
2025-03-10 20:30:00,1345.5617
2025-03-10 20:31:00,1345.6518
2025-03-10 20:32:00,1334.6137
2025-03-10 20:33:00,1341.0698
2025-03-10 20:34:00,1345.5978
2025-03-10 20:35:00,1341.2998
2025-03-10 20:36:00,1332.4686
2025-03-10 20:37:00,1333.9349
2025-03-10 20:38:00,1331.8968
2025-03-10 20:39:00,1334.4669
2025-03-10 20:40:00,1334.4973
2025-03-10 20:41:00,1351.8462
2025-03-10 20:42:00,1345.5617
2025-03-10 20:43:00,1334.4973
2025-03-10 20:44:00,1345.7058
2025-03-10 20:45:00,1334.4764
2025-03-10 20:46:00,1335.3447
2025-03-10 20:47:00,1332.5364
2025-03-10 20:48:00,1332.5865
2025-03-10 20:49:00,1332.6830
2025-03-10 20:50:00,1339.2058
2025-03-10 20:51:00,1354.9482
2025-03-10 20:52:00,1362.3880
2025-03-10 20:53:00,1347.5828
2025-03-10 20:54:00,1345.1673
2025-03-10 20:55:00,1344.8868
2025-03-10 20:56:00,1345.0749
2025-03-10 20:57:00,1348.0443
2025-03-10 20:58:00,1345.0516
2025-03-10 20:59:00,1345.5539
2025-03-10 21:00:00,1345.0402
2025-03-10 21:01:00,1339.0631
2025-03-10 21:02:00,1345.5212
2025-03-10 21:03:00,1339.6161
2025-03-10 21:04:00,1339.2573
2025-03-10 21:05:00,1353.6392
2025-03-10 21:06:00,1345.0146
2025-03-10 21:07:00,1345.0275
2025-03-10 21:08:00,1345.0016
2025-03-10 21:09:00,1347.8339
2025-03-10 21:10:00,1344.8627
2025-03-10 21:11:00,1347.8866
2025-03-10 21:12:00,1339.0631
2025-03-10 21:13:00,1339.0881
2025-03-10 21:14:00,1338.9988
2025-03-10 21:15:00,1360.4662
2025-03-10 21:16:00,1347.7233
2025-03-10 21:17:00,1347.5828
2025-03-10 21:18:00,1345.2131
2025-03-10 21:19:00,1334.6235
2025-03-10 21:20:00,1341.4410
2025-03-10 21:21:00,1332.8270
2025-03-10 21:22:00,1332.9703
2025-03-10 21:23:00,1334.4262
2025-03-10 21:24:00,1334.5521
2025-03-10 21:25:00,1332.8481
2025-03-10 21:26:00,1352.0002
2025-03-10 21:27:00,1332.8345
2025-03-10 21:28:00,1332.8542
2025-03-10 21:29:00,1332.4988
2025-03-10 21:30:00,1334.8832
2025-03-10 21:31:00,1352.2120
2025-03-10 21:32:00,1352.2649
2025-03-10 21:33:00,1333.0150
2025-03-10 21:34:00,1334.9697
2025-03-10 21:35:00,1345.8800
2025-03-10 21:36:00,1334.9697
2025-03-10 21:37:00,1340.8245
2025-03-10 21:38:00,1353.0875
2025-03-10 21:39:00,1333.0369
2025-03-10 21:40:00,1345.8280
2025-03-10 21:41:00,1333.0150
2025-03-10 21:42:00,1341.5581
2025-03-10 21:43:00,1334.8832
2025-03-10 21:44:00,1352.5174
2025-03-10 21:45:00,1334.9364
2025-03-10 21:46:00,1346.1816
2025-03-10 21:47:00,1345.8627
2025-03-10 21:48:00,1341.4756
2025-03-10 21:49:00,1335.5813
2025-03-10 21:50:00,1332.9010
2025-03-10 21:51:00,1345.8107
2025-03-10 21:52:00,1352.4767
2025-03-10 21:53:00,1352.4238
2025-03-10 21:54:00,1334.9615
2025-03-10 21:55:00,1334.9191
2025-03-10 21:56:00,1332.9244
2025-03-10 21:57:00,1332.9928
2025-03-10 21:58:00,1332.8820
2025-03-10 21:59:00,1352.5371
2025-03-10 22:00:00,1333.5675
2025-03-10 22:01:00,1332.9244
2025-03-10 22:02:00,1352.0002
2025-03-10 22:03:00,1334.8832
2025-03-10 22:04:00,1333.6740
2025-03-10 22:05:00,1345.7233
2025-03-10 22:06:00,1334.5521
2025-03-10 22:07:00,1352.0531
2025-03-10 22:08:00,1332.9475
2025-03-10 22:09:00,1335.6763
2025-03-10 22:10:00,1334.8832
2025-03-10 22:11:00,1340.8245
2025-03-10 22:12:00,1334.9615
2025-03-10 22:13:00,1341.3487
2025-03-10 22:14:00,1341.5258
2025-03-10 22:15:00,1341.4251
2025-03-10 22:16:00,1341.4410
2025-03-10 22:17:00,1332.8542
2025-03-10 22:18:00,1341.3684
2025-03-10 22:19:00,1335.4455
2025-03-10 22:20:00,1332.9252
2025-03-10 22:21:00,1333.7474
2025-03-10 22:22:00,1358.2926
2025-03-10 22:23:00,1333.7474
2025-03-10 22:24:00,1332.8599
2025-03-10 22:25:00,1333.6882
2025-03-10 22:26:00,1352.5437
2025-03-10 22:27:00,1342.0780
2025-03-10 22:28:00,1357.8574
2025-03-10 22:29:00,1353.3668
2025-03-10 22:30:00,1335.7137
2025-03-10 22:31:00,1341.6601
2025-03-10 22:32:00,1335.7137
2025-03-10 22:33:00,1353.7717
2025-03-10 22:34:00,1341.5909
2025-03-10 22:35:00,1341.8840
2025-03-10 22:36:00,1336.3736
2025-03-10 22:37:00,1353.7717
2025-03-10 22:38:00,1336.3550
2025-03-10 22:39:00,1353.4173
2025-03-10 22:40:00,1353.1144
2025-03-10 22:41:00,1334.4120
2025-03-10 22:42:00,1353.0957
2025-03-10 22:43:00,1352.5674
2025-03-10 22:44:00,1346.5485
2025-03-10 22:45:00,1341.8281
2025-03-10 22:46:00,1358.2626
2025-03-10 22:47:00,1368.7583
2025-03-10 22:48:00,1348.0350
2025-03-10 22:49:00,1348.3180
2025-03-10 22:50:00,1339.6806
2025-03-10 22:51:00,1345.6193
2025-03-10 22:52:00,1348.0149
2025-03-10 22:53:00,1345.7000
2025-03-10 22:54:00,1348.4219
2025-03-10 22:55:00,1345.8233
2025-03-10 22:56:00,1345.8437
2025-03-10 22:57:00,1351.3815
2025-03-10 22:58:00,1349.0493
2025-03-10 22:59:00,1354.9600
2025-03-10 23:00:00,1345.9210
2025-03-10 23:01:00,1349.1635
2025-03-10 23:02:00,1339.8397
2025-03-10 23:03:00,1346.3987
2025-03-10 23:04:00,1346.7460
2025-03-10 23:05:00,1342.9724
2025-03-10 23:06:00,1341.8781
2025-03-10 23:07:00,1353.0645
2025-03-10 23:08:00,1353.0771
2025-03-10 23:09:00,1353.5730
2025-03-10 23:10:00,1342.0491
2025-03-10 23:11:00,1343.0194
2025-03-10 23:12:00,1342.0408
2025-03-10 23:13:00,1335.5156
2025-03-10 23:14:00,1336.2245
2025-03-10 23:15:00,1336.2894
2025-03-10 23:16:00,1341.6636
2025-03-10 23:17:00,1335.6819
2025-03-10 23:18:00,1335.7086
2025-03-10 23:19:00,1342.4001
2025-03-10 23:20:00,1342.4450
2025-03-10 23:21:00,1342.5843
2025-03-10 23:22:00,1358.0614
2025-03-10 23:23:00,1342.6142
2025-03-10 23:24:00,1346.3900
2025-03-10 23:25:00,1337.0222
2025-03-10 23:26:00,1348.7978
2025-03-10 23:27:00,1336.3575
2025-03-10 23:28:00,1337.0258
2025-03-10 23:29:00,1333.6901
2025-03-10 23:30:00,1353.1079
2025-03-10 23:31:00,1341.6183
2025-03-10 23:32:00,1342.1084
2025-03-10 23:33:00,1342.0748
2025-03-10 23:34:00,1353.0771
2025-03-10 23:35:00,1333.6928
2025-03-10 23:36:00,1333.7976
2025-03-10 23:37:00,1341.8271
2025-03-10 23:38:00,1341.6221
2025-03-10 23:39:00,1353.2153
2025-03-10 23:40:00,1358.1452
2025-03-10 23:41:00,1354.8332
2025-03-10 23:42:00,1340.0460
2025-03-10 23:43:00,1340.0496
2025-03-10 23:44:00,1340.4190
2025-03-10 23:45:00,1348.5354
2025-03-10 23:46:00,1346.2646
2025-03-10 23:47:00,1346.2646
2025-03-10 23:48:00,1360.4490
2025-03-10 23:49:00,1354.9617
2025-03-10 23:50:00,1360.4820
2025-03-10 23:51:00,1348.7085
2025-03-10 23:52:00,1354.9623
2025-03-10 23:53:00,1346.8809
2025-03-10 23:54:00,1348.8959
2025-03-10 23:55:00,1346.8281
2025-03-10 23:56:00,1340.3219
2025-03-10 23:57:00,1348.3580
2025-03-10 23:58:00,1340.0777
2025-03-10 23:59:00,1346.6369
2025-03-11 00:00:00,1354.8588
2025-03-11 00:01:00,1346.6783
2025-03-11 00:02:00,1354.8131
2025-03-11 00:03:00,1343.0748
2025-03-11 00:04:00,1358.1769
2025-03-11 00:05:00,1346.9111
2025-03-11 00:06:00,1358.0786
2025-03-11 00:07:00,1353.3668
2025-03-11 00:08:00,1347.0533
2025-03-11 00:09:00,1357.8401
2025-03-11 00:10:00,1343.3150
2025-03-11 00:11:00,1342.6438
2025-03-11 00:12:00,1354.3443
2025-03-11 00:13:00,1359.4214
2025-03-11 00:14:00,1359.3920
2025-03-11 00:15:00,1347.1494
2025-03-11 00:16:00,1342.5843
2025-03-11 00:17:00,1344.2768
2025-03-11 00:18:00,1344.1532
2025-03-11 00:19:00,1354.8709
2025-03-11 00:20:00,1343.3412
2025-03-11 00:21:00,1337.7996
2025-03-11 00:22:00,1344.2345
2025-03-11 00:23:00,1343.3929
2025-03-11 00:24:00,1347.9163
2025-03-11 00:25:00,1360.5571
2025-03-11 00:26:00,1354.9629
2025-03-11 00:27:00,1344.1696
2025-03-11 00:28:00,1347.3667
2025-03-11 00:29:00,1346.8117
2025-03-11 00:30:00,1340.6649
2025-03-11 00:31:00,1360.4308
2025-03-11 00:32:00,1348.9081
2025-03-11 00:33:00,1346.1717
2025-03-11 00:34:00,1349.2238
2025-03-11 00:35:00,1340.4237
2025-03-11 00:36:00,1340.8726
2025-03-11 00:37:00,1355.2402
2025-03-11 00:38:00,1355.2403
2025-03-11 00:39:00,1355.2404
2025-03-11 00:40:00,1354.8711
2025-03-11 00:41:00,1346.7683
2025-03-11 00:42:00,1355.1313
2025-03-11 00:43:00,1340.7805
2025-03-11 00:44:00,1344.0741
2025-03-11 00:45:00,1337.7958
2025-03-11 00:46:00,1368.7572
2025-03-11 00:47:00,1359.3877
2025-03-11 00:48:00,1343.5437
2025-03-11 00:49:00,1343.5683
2025-03-11 00:50:00,1346.3360
2025-03-11 00:51:00,1354.8737
2025-03-11 00:52:00,1344.3184
2025-03-11 00:53:00,1358.0519
2025-03-11 00:54:00,1346.3176
2025-03-11 00:55:00,1346.2992
2025-03-11 00:56:00,1344.2558
2025-03-11 00:57:00,1347.4789
2025-03-11 00:58:00,1344.8598
2025-03-11 00:59:00,1359.2235
2025-03-11 01:00:00,1353.7855
2025-03-11 01:01:00,1343.8949
2025-03-11 01:02:00,1359.2235
2025-03-11 01:03:00,1347.3667
2025-03-11 01:04:00,1362.3958
2025-03-11 01:05:00,1349.7783
2025-03-11 01:06:00,1349.0163
2025-03-11 01:07:00,1340.2556
2025-03-11 01:08:00,1343.3881
2025-03-11 01:09:00,1347.3385
2025-03-11 01:10:00,1340.6417
2025-03-11 01:11:00,1344.0741
2025-03-11 01:12:00,1357.6673
2025-03-11 01:13:00,1349.6781
2025-03-11 01:14:00,1347.4287
2025-03-11 01:15:00,1360.5571
2025-03-11 01:16:00,1351.3227
2025-03-11 01:17:00,1346.9795
2025-03-11 01:18:00,1340.5759
2025-03-11 01:19:00,1369.9488
2025-03-11 01:20:00,1354.9676
2025-03-11 01:21:00,1349.0086
2025-03-11 01:22:00,1349.0163
2025-03-11 01:23:00,1349.4769
2025-03-11 01:24:00,1354.6821
2025-03-11 01:25:00,1337.8334
2025-03-11 01:26:00,1343.9671
2025-03-11 01:27:00,1343.9409
2025-03-11 01:28:00,1337.8296
2025-03-11 01:29:00,1344.0386
2025-03-11 01:30:00,1342.1164
2025-03-11 01:31:00,1337.8296
2025-03-11 01:32:00,1337.7020
2025-03-11 01:33:00,1337.8221
2025-03-11 01:34:00,1343.8945
2025-03-11 01:35:00,1343.1071
2025-03-11 01:36:00,1353.8997
2025-03-11 01:37:00,1355.0209
2025-03-11 01:38:00,1354.9877
2025-03-11 01:39:00,1347.3245
2025-03-11 01:40:00,1359.2714
2025-03-11 01:41:00,1344.0386
2025-03-11 01:42:00,1336.4758
2025-03-11 01:43:00,1337.8259
2025-03-11 01:44:00,1347.1303
2025-03-11 01:45:00,1359.2518
2025-03-11 01:46:00,1347.0772
2025-03-11 01:47:00,1359.2477
2025-03-11 01:48:00,1354.2452
2025-03-11 01:49:00,1343.4172
2025-03-11 01:50:00,1337.1366
2025-03-11 01:51:00,1359.2714
2025-03-11 01:52:00,1343.0675
2025-03-11 01:53:00,1349.0614
2025-03-11 01:54:00,1346.2168
2025-03-11 01:55:00,1343.2690
2025-03-11 01:56:00,1343.1071
2025-03-11 01:57:00,1354.8728
2025-03-11 01:58:00,1347.2328
2025-03-11 01:59:00,1340.4912
2025-03-11 02:00:00,1355.2404
2025-03-11 02:01:00,1355.2402
2025-03-11 02:02:00,1343.7989
2025-03-11 02:03:00,1353.7029
2025-03-11 02:04:00,1343.1071
2025-03-11 02:05:00,1342.1164
2025-03-11 02:06:00,1346.8464
2025-03-11 02:07:00,1346.7818
2025-03-11 02:08:00,1353.8997
2025-03-11 02:09:00,1359.3443
2025-03-11 02:10:00,1337.1391
2025-03-11 02:11:00,1343.2289
2025-03-11 02:12:00,1344.0029
2025-03-11 02:13:00,1344.0741
2025-03-11 02:14:00,1344.1914
2025-03-11 02:15:00,1359.2235
2025-03-11 02:16:00,1357.6838
2025-03-11 02:17:00,1337.8033
2025-03-11 02:18:00,1337.7920
2025-03-11 02:19:00,1344.2131
2025-03-11 02:20:00,1344.2131
2025-03-11 02:21:00,1344.5494
2025-03-11 02:22:00,1337.7920
2025-03-11 02:23:00,1343.7431
2025-03-11 02:24:00,1357.5972
2025-03-11 02:25:00,1343.7431
2025-03-11 02:26:00,1344.6720
2025-03-11 02:27:00,1354.4886
2025-03-11 02:28:00,1338.3965
2025-03-11 02:29:00,1344.6165
2025-03-11 02:30:00,1344.5359
2025-03-11 02:31:00,1342.2706
2025-03-11 02:32:00,1345.0267
2025-03-11 02:33:00,1354.9056
2025-03-11 02:34:00,1354.6223
2025-03-11 02:35:00,1355.1605
2025-03-11 02:36:00,1354.4252
2025-03-11 02:37:00,1354.5822
2025-03-11 02:38:00,1338.2416
2025-03-11 02:39:00,1344.4507
2025-03-11 02:40:00,1338.2195
2025-03-11 02:41:00,1347.6853
2025-03-11 02:42:00,1338.2085
2025-03-11 02:43:00,1357.6692
2025-03-11 02:44:00,1347.8637
2025-03-11 02:45:00,1357.6337
2025-03-11 02:46:00,1357.5768
2025-03-11 02:47:00,1345.3727
2025-03-11 02:48:00,1354.9639
2025-03-11 02:49:00,1357.5444
2025-03-11 02:50:00,1338.2195
2025-03-11 02:51:00,1347.2388
2025-03-11 02:52:00,1354.6297
2025-03-11 02:53:00,1357.5151
2025-03-11 02:54:00,1345.0926
2025-03-11 02:55:00,1345.0634
2025-03-11 02:56:00,1355.0674
2025-03-11 02:57:00,1345.1797
2025-03-11 02:58:00,1359.3781
2025-03-11 02:59:00,1357.6692
2025-03-11 03:00:00,1348.0772
2025-03-11 03:01:00,1338.6916
2025-03-11 03:02:00,1353.5453
2025-03-11 03:03:00,1354.4222
2025-03-11 03:04:00,1357.7543
2025-03-11 03:05:00,1345.2941
2025-03-11 03:06:00,1347.8567
2025-03-11 03:07:00,1354.8681
2025-03-11 03:08:00,1359.1778
2025-03-11 03:09:00,1338.1921
2025-03-11 03:10:00,1347.1856
2025-03-11 03:11:00,1347.9523
2025-03-11 03:12:00,1347.2388
2025-03-11 03:13:00,1355.3944
2025-03-11 03:14:00,1347.2122
2025-03-11 03:15:00,1354.7726
2025-03-11 03:16:00,1344.6048
2025-03-11 03:17:00,1344.4175
2025-03-11 03:18:00,1357.5267
2025-03-11 03:19:00,1346.6225
2025-03-11 03:20:00,1345.3727
2025-03-11 03:21:00,1357.8958
2025-03-11 03:22:00,1355.1078
2025-03-11 03:23:00,1345.2084
2025-03-11 03:24:00,1344.5494
2025-03-11 03:25:00,1348.6856
2025-03-11 03:26:00,1344.3841
2025-03-11 03:27:00,1354.6297
2025-03-11 03:28:00,1347.2122
2025-03-11 03:29:00,1344.2983
2025-03-11 03:30:00,1354.5822
2025-03-11 03:31:00,1344.4031
2025-03-11 03:32:00,1344.2549
2025-03-11 03:33:00,1348.0063
2025-03-11 03:34:00,1338.2471
2025-03-11 03:35:00,1357.6940
2025-03-11 03:36:00,1338.2305
2025-03-11 03:37:00,1344.4838
2025-03-11 03:38:00,1343.6828
2025-03-11 03:39:00,1354.9160
2025-03-11 03:40:00,1338.1921
2025-03-11 03:41:00,1346.6391
2025-03-11 03:42:00,1359.2264
2025-03-11 03:43:00,1354.7726
2025-03-11 03:44:00,1344.4507
2025-03-11 03:45:00,1345.2656
2025-03-11 03:46:00,1354.9160
2025-03-11 03:47:00,1347.6815
2025-03-11 03:48:00,1347.7082
2025-03-11 03:49:00,1354.9718
2025-03-11 03:50:00,1348.1852
2025-03-11 03:51:00,1348.1885
2025-03-11 03:52:00,1340.7677
2025-03-11 03:53:00,1341.1570
2025-03-11 03:54:00,1349.1964
2025-03-11 03:55:00,1340.8909
2025-03-11 03:56:00,1362.3951
2025-03-11 03:57:00,1355.0529
2025-03-11 03:58:00,1341.0371
2025-03-11 03:59:00,1349.4189
2025-03-11 04:00:00,1348.0240
2025-03-11 04:01:00,1360.6035
2025-03-11 04:02:00,1344.4437
2025-03-11 04:03:00,1341.0857
2025-03-11 04:04:00,1355.1118
2025-03-11 04:05:00,1355.1477
2025-03-11 04:06:00,1347.5984
2025-03-11 04:07:00,1347.1989
2025-03-11 04:08:00,1338.2140
2025-03-11 04:09:00,1345.2084
2025-03-11 04:10:00,1357.4856
2025-03-11 04:11:00,1354.6297
2025-03-11 04:12:00,1344.5167
2025-03-11 04:13:00,1338.1921
2025-03-11 04:14:00,1344.5820
2025-03-11 04:15:00,1344.4507
2025-03-11 04:16:00,1338.2140
2025-03-11 04:17:00,1348.0772
2025-03-11 04:18:00,1347.1856
2025-03-11 04:19:00,1354.8681
2025-03-11 04:20:00,1345.2656
2025-03-11 04:21:00,1344.6244
2025-03-11 04:22:00,1347.2788
2025-03-11 04:23:00,1344.6631
2025-03-11 04:24:00,1368.7642
2025-03-11 04:25:00,1345.4037
2025-03-11 04:26:00,1355.1504
2025-03-11 04:27:00,1347.3456
2025-03-11 04:28:00,1344.7197
2025-03-11 04:29:00,1345.4189
2025-03-11 04:30:00,1346.0683
2025-03-11 04:31:00,1348.1180
2025-03-11 04:32:00,1338.2416
2025-03-11 04:33:00,1359.3561
2025-03-11 04:34:00,1345.1133
2025-03-11 04:35:00,1345.8687
2025-03-11 04:36:00,1355.3861
2025-03-11 04:37:00,1339.4483
2025-03-11 04:38:00,1355.0209
2025-03-11 04:39:00,1359.3561
2025-03-11 04:40:00,1345.8908
2025-03-11 04:41:00,1359.2389
2025-03-11 04:42:00,1354.4252
2025-03-11 04:43:00,1354.6773
2025-03-11 04:44:00,1348.4615
2025-03-11 04:45:00,1347.9819
2025-03-11 04:46:00,1357.6938
2025-03-11 04:47:00,1345.4194
2025-03-11 04:48:00,1348.5316
2025-03-11 04:49:00,1347.9913
2025-03-11 04:50:00,1345.3571
2025-03-11 04:51:00,1356.1309
2025-03-11 04:52:00,1349.1896
2025-03-11 04:53:00,1348.6371
2025-03-11 04:54:00,1348.6880
2025-03-11 04:55:00,1346.8968
2025-03-11 04:56:00,1348.6288
2025-03-11 04:57:00,1346.9761
2025-03-11 04:58:00,1346.7234
2025-03-11 04:59:00,1355.4672
2025-03-11 05:00:00,1357.4013
2025-03-11 05:01:00,1357.4578
2025-03-11 05:02:00,1346.1907
2025-03-11 05:03:00,1345.9040
2025-03-11 05:04:00,1359.1724
2025-03-11 05:05:00,1353.5127
2025-03-11 05:06:00,1357.7899
2025-03-11 05:07:00,1351.2568
2025-03-11 05:08:00,1345.9637
2025-03-11 05:09:00,1347.9819
2025-03-11 05:10:00,1348.8325
2025-03-11 05:11:00,1356.4674
2025-03-11 05:12:00,1357.7723
2025-03-11 05:13:00,1359.2061
2025-03-11 05:14:00,1368.8375
2025-03-11 05:15:00,1342.0139
2025-03-11 05:16:00,1346.9152
2025-03-11 05:17:00,1359.1411
2025-03-11 05:18:00,1353.2551
2025-03-11 05:19:00,1357.4841
2025-03-11 05:20:00,1346.9308
2025-03-11 05:21:00,1356.7341
2025-03-11 05:22:00,1357.4841
2025-03-11 05:23:00,1356.8526
2025-03-11 05:24:00,1347.2926
2025-03-11 05:25:00,1356.6202
2025-03-11 05:26:00,1348.9834
2025-03-11 05:27:00,1349.0925
2025-03-11 05:28:00,1348.9735
2025-03-11 05:29:00,1349.4111
2025-03-11 05:30:00,1349.4055
2025-03-11 05:31:00,1347.2625
2025-03-11 05:32:00,1357.4687
2025-03-11 05:33:00,1356.2912
2025-03-11 05:34:00,1368.8901
2025-03-11 05:35:00,1359.2680
2025-03-11 05:36:00,1356.1451
2025-03-11 05:37:00,1355.0717
2025-03-11 05:38:00,1349.7585
2025-03-11 05:39:00,1357.5561
2025-03-11 05:40:00,1357.2166
2025-03-11 05:41:00,1347.2747
2025-03-11 05:42:00,1349.0694
2025-03-11 05:43:00,1348.6473
2025-03-11 05:44:00,1346.9462
2025-03-11 05:45:00,1346.9385
2025-03-11 05:46:00,1356.6202
2025-03-11 05:47:00,1348.6794
2025-03-11 05:48:00,1348.9173
2025-03-11 05:49:00,1356.8424
2025-03-11 05:50:00,1356.6157
2025-03-11 05:51:00,1356.8373
2025-03-11 05:52:00,1346.9687
2025-03-11 05:53:00,1348.9834
2025-03-11 05:54:00,1347.2926
2025-03-11 05:55:00,1348.9936
2025-03-11 05:56:00,1359.2165
2025-03-11 05:57:00,1359.1806
2025-03-11 05:58:00,1349.0623
2025-03-11 05:59:00,1356.8630
2025-03-11 06:00:00,1346.9152
2025-03-11 06:01:00,1353.2978
2025-03-11 06:02:00,1357.4396
2025-03-11 06:03:00,1347.2807
2025-03-11 06:04:00,1359.2165
2025-03-11 06:05:00,1347.0411
2025-03-11 06:06:00,1348.9247
2025-03-11 06:07:00,1357.1725
2025-03-11 06:08:00,1346.9152
2025-03-11 06:09:00,1347.2807
2025-03-11 06:10:00,1347.2807
2025-03-11 06:11:00,1357.3951
2025-03-11 06:12:00,1351.3699
2025-03-11 06:13:00,1356.8237
2025-03-11 06:14:00,1357.6246
2025-03-11 06:15:00,1359.1130
2025-03-11 06:16:00,1346.8200
2025-03-11 06:17:00,1357.3140
2025-03-11 06:18:00,1346.9231
2025-03-11 06:19:00,1356.3686
2025-03-11 06:20:00,1351.3933
2025-03-11 06:21:00,1353.3133
2025-03-11 06:22:00,1357.5800
2025-03-11 06:23:00,1359.0922
2025-03-11 06:24:00,1356.4232
2025-03-11 06:25:00,1346.7814
2025-03-11 06:26:00,1347.2367
2025-03-11 06:27:00,1356.4232
2025-03-11 06:28:00,1359.0534
2025-03-11 06:29:00,1357.2440
2025-03-11 06:30:00,1348.9456
2025-03-11 06:31:00,1356.6003
2025-03-11 06:32:00,1348.9208
2025-03-11 06:33:00,1349.0001
2025-03-11 06:34:00,1346.7814
2025-03-11 06:35:00,1368.7691
2025-03-11 06:36:00,1347.2687
2025-03-11 06:37:00,1355.9419
2025-03-11 06:38:00,1346.6568
2025-03-11 06:39:00,1355.9330
2025-03-11 06:40:00,1346.8007
2025-03-11 06:41:00,1359.1037
2025-03-11 06:42:00,1346.9231
2025-03-11 06:43:00,1353.3828
2025-03-11 06:44:00,1348.8304
2025-03-11 06:45:00,1346.8776
2025-03-11 06:46:00,1357.5333
2025-03-11 06:47:00,1348.6536
2025-03-11 06:48:00,1346.9537
2025-03-11 06:49:00,1356.6247
2025-03-11 06:50:00,1352.5270
2025-03-11 06:51:00,1348.6599
2025-03-11 06:52:00,1348.9287
2025-03-11 06:53:00,1348.6227
2025-03-11 06:54:00,1356.3237
2025-03-11 06:55:00,1357.1974
2025-03-11 06:56:00,1347.2687
2025-03-11 06:57:00,1356.1772
2025-03-11 06:58:00,1368.7700
2025-03-11 06:59:00,1347.0350
2025-03-11 07:00:00,1359.1578
2025-03-11 07:01:00,1347.8114
2025-03-11 07:02:00,1357.7305
2025-03-11 07:03:00,1353.4198
2025-03-11 07:04:00,1353.1152
2025-03-11 07:05:00,1353.2401
2025-03-11 07:06:00,1359.2174
2025-03-11 07:07:00,1356.8000
2025-03-11 07:08:00,1358.9595
2025-03-11 07:09:00,1348.6313
2025-03-11 07:10:00,1359.1895
2025-03-11 07:11:00,1348.0207
2025-03-11 07:12:00,1348.7186
2025-03-11 07:13:00,1352.1255
2025-03-11 07:14:00,1357.3689
2025-03-11 07:15:00,1349.6823
2025-03-11 07:16:00,1349.6861
2025-03-11 07:17:00,1357.3942
2025-03-11 07:18:00,1357.0506
2025-03-11 07:19:00,1357.1862
2025-03-11 07:20:00,1348.0876
2025-03-11 07:21:00,1348.0327
2025-03-11 07:22:00,1348.0876
2025-03-11 07:23:00,1348.0327
2025-03-11 07:24:00,1349.4844
2025-03-11 07:25:00,1356.9526
2025-03-11 07:26:00,1359.2281
2025-03-11 07:27:00,1349.6822
2025-03-11 07:28:00,1352.8737
2025-03-11 07:29:00,1349.6822
2025-03-11 07:30:00,1348.0207
2025-03-11 07:31:00,1348.7488
2025-03-11 07:32:00,1356.9906
2025-03-11 07:33:00,1357.9145
2025-03-11 07:34:00,1348.7113
2025-03-11 07:35:00,1357.5484
2025-03-11 07:36:00,1348.7488
2025-03-11 07:37:00,1346.1267
2025-03-11 07:38:00,1348.7645
2025-03-11 07:39:00,1350.3272
2025-03-11 07:40:00,1351.1549
2025-03-11 07:41:00,1357.1783
2025-03-11 07:42:00,1357.1374
2025-03-11 07:43:00,1349.6813
2025-03-11 07:44:00,1357.0620
2025-03-11 07:45:00,1349.6842
2025-03-11 07:46:00,1348.0936
2025-03-11 07:47:00,1345.6253
2025-03-11 07:48:00,1345.8538
2025-03-11 07:49:00,1349.8529
2025-03-11 07:50:00,1357.7625
2025-03-11 07:51:00,1350.3236
2025-03-11 07:52:00,1357.1826
2025-03-11 07:53:00,1359.0212
2025-03-11 07:54:00,1348.0327
2025-03-11 07:55:00,1348.7725
2025-03-11 07:56:00,1348.0327
2025-03-11 07:57:00,1349.6095
2025-03-11 07:58:00,1359.0528
2025-03-11 07:59:00,1349.7601
2025-03-11 08:00:00,1350.3200
2025-03-11 08:01:00,1357.2710
2025-03-11 08:02:00,1349.6158
2025-03-11 08:03:00,1349.2950
2025-03-11 08:04:00,1349.2814
2025-03-11 08:05:00,1349.3570
2025-03-11 08:06:00,1357.1883
2025-03-11 08:07:00,1347.5278
2025-03-11 08:08:00,1356.8648
2025-03-11 08:09:00,1356.7338
2025-03-11 08:10:00,1352.5056
2025-03-11 08:11:00,1352.8561
2025-03-11 08:12:00,1353.0994
2025-03-11 08:13:00,1351.0246
2025-03-11 08:14:00,1344.2515
2025-03-11 08:15:00,1352.5169
2025-03-11 08:16:00,1357.4043
2025-03-11 08:17:00,1352.0711
2025-03-11 08:18:00,1351.5234
2025-03-11 08:19:00,1350.2007
2025-03-11 08:20:00,1357.1143
2025-03-11 08:21:00,1357.3034
2025-03-11 08:22:00,1356.7035
2025-03-11 08:23:00,1344.0295
2025-03-11 08:24:00,1350.1441
2025-03-11 08:25:00,1350.1657
2025-03-11 08:26:00,1358.9487
2025-03-11 08:27:00,1357.4212
2025-03-11 08:28:00,1357.7625
2025-03-11 08:29:00,1348.6374
2025-03-11 08:30:00,1349.6818
2025-03-11 08:31:00,1356.7133
2025-03-11 08:32:00,1345.3806
2025-03-11 08:33:00,1359.2428
2025-03-11 08:34:00,1357.0940
2025-03-11 08:35:00,1347.9968
2025-03-11 08:36:00,1349.3703
2025-03-11 08:37:00,1345.7572
2025-03-11 08:38:00,1357.1809
2025-03-11 08:39:00,1359.1532
2025-03-11 08:40:00,1357.2247
2025-03-11 08:41:00,1357.3942
2025-03-11 08:42:00,1357.3172
2025-03-11 08:43:00,1349.6861
2025-03-11 08:44:00,1357.0506
2025-03-11 08:45:00,1347.7003
2025-03-11 08:46:00,1352.5097
2025-03-11 08:47:00,1357.1965
2025-03-11 08:48:00,1354.9952
2025-03-11 08:49:00,1353.7906
2025-03-11 08:50:00,1353.6026
2025-03-11 08:51:00,1343.3500
2025-03-11 08:52:00,1353.3924
2025-03-11 08:53:00,1355.1431
2025-03-11 08:54:00,1368.8744
2025-03-11 08:55:00,1368.7901
2025-03-11 08:56:00,1368.8078
2025-03-11 08:57:00,1368.7998
2025-03-11 08:58:00,1353.0364
2025-03-11 08:59:00,1353.0653
2025-03-11 09:00:00,1351.2066
2025-03-11 09:01:00,1353.6390
2025-03-11 09:02:00,1352.7136
2025-03-11 09:03:00,1351.1281
2025-03-11 09:04:00,1353.6341
2025-03-11 09:05:00,1353.0329
2025-03-11 09:06:00,1353.2990
2025-03-11 09:07:00,1353.4747
2025-03-11 09:08:00,1353.1253
2025-03-11 09:09:00,1353.3780
2025-03-11 09:10:00,1352.5905
2025-03-11 09:11:00,1347.9308
2025-03-11 09:12:00,1351.9302
2025-03-11 09:13:00,1354.0229
2025-03-11 09:14:00,1351.7454
2025-03-11 09:15:00,1346.3818
2025-03-11 09:16:00,1352.4010
2025-03-11 09:17:00,1358.5678
2025-03-11 09:18:00,1359.5794
2025-03-11 09:19:00,1358.7271
2025-03-11 09:20:00,1359.1498
2025-03-11 09:21:00,1356.7789
2025-03-11 09:22:00,1352.4610
2025-03-11 09:23:00,1350.9777
2025-03-11 09:24:00,1359.1751
2025-03-11 09:25:00,1357.0140
2025-03-11 09:26:00,1357.5133
2025-03-11 09:27:00,1357.5484
2025-03-11 09:28:00,1353.2750
2025-03-11 09:29:00,1353.0283
2025-03-11 09:30:00,1358.5902
2025-03-11 09:31:00,1352.8741
2025-03-11 09:32:00,1356.9981
2025-03-11 09:33:00,1352.5245
2025-03-11 09:34:00,1352.1674
2025-03-11 09:35:00,1353.2868
2025-03-11 09:36:00,1353.3387
2025-03-11 09:37:00,1353.7665
2025-03-11 09:38:00,1353.2413
2025-03-11 09:39:00,1353.4179
2025-03-11 09:40:00,1353.6537
2025-03-11 09:41:00,1353.7854
2025-03-11 09:42:00,1353.8576
2025-03-11 09:43:00,1353.6075
2025-03-11 09:44:00,1353.9970
2025-03-11 09:45:00,1353.6704
2025-03-11 09:46:00,1354.0233
2025-03-11 09:47:00,1353.1295
2025-03-11 09:48:00,1353.9724
2025-03-11 09:49:00,1354.0743
2025-03-11 09:50:00,1354.2023
2025-03-11 09:51:00,1354.2830
2025-03-11 09:52:00,1354.2325
2025-03-11 09:53:00,1354.2412
2025-03-11 09:54:00,1354.3574
2025-03-11 09:55:00,1354.4084
2025-03-11 09:56:00,1354.3406
2025-03-11 09:57:00,1354.3766
2025-03-11 09:58:00,1354.3244
2025-03-11 09:59:00,1354.2776
2025-03-11 10:00:00,1354.2124
2025-03-11 10:01:00,1354.4044
2025-03-11 10:02:00,1354.2190
2025-03-11 10:03:00,1354.0924
2025-03-11 10:04:00,1354.1751
2025-03-11 10:05:00,1354.2775
2025-03-11 10:06:00,1354.2126
2025-03-11 10:07:00,1354.3035
2025-03-11 10:08:00,1354.2684
2025-03-11 10:09:00,1354.2683
2025-03-11 10:10:00,1354.0896
2025-03-11 10:11:00,1354.3396
2025-03-11 10:12:00,1354.5734
2025-03-11 10:13:00,1354.4134
2025-03-11 10:14:00,1354.4193
2025-03-11 10:15:00,1354.5011
2025-03-11 10:16:00,1354.4121
2025-03-11 10:17:00,1354.2757
2025-03-11 10:18:00,1354.3095
2025-03-11 10:19:00,1354.4676
2025-03-11 10:20:00,1354.3812
2025-03-11 10:21:00,1354.3951
2025-03-11 10:22:00,1353.9954
2025-03-11 10:23:00,1354.4593
2025-03-11 10:24:00,1354.3454
2025-03-11 10:25:00,1353.8961
2025-03-11 10:26:00,1354.2522
2025-03-11 10:27:00,1354.1451
2025-03-11 10:28:00,1354.0895
2025-03-11 10:29:00,1354.2520
2025-03-11 10:30:00,1354.1465
2025-03-11 10:31:00,1354.1795
2025-03-11 10:32:00,1354.2986
2025-03-11 10:33:00,1354.0965
2025-03-11 10:34:00,1354.2660
2025-03-11 10:35:00,1353.9774
2025-03-11 10:36:00,1353.9665
2025-03-11 10:37:00,1353.6497
2025-03-11 10:38:00,1354.0967
2025-03-11 10:39:00,1354.0471
2025-03-11 10:40:00,1353.8759
2025-03-11 10:41:00,1354.3058
2025-03-11 10:42:00,1354.4409
2025-03-11 10:43:00,1354.2649
2025-03-11 10:44:00,1354.2088
2025-03-11 10:45:00,1354.1227
2025-03-11 10:46:00,1354.2912
2025-03-11 10:47:00,1354.0767
2025-03-11 10:48:00,1354.0534
2025-03-11 10:49:00,1354.2846
2025-03-11 10:50:00,1354.1942
2025-03-11 10:51:00,1354.0387
2025-03-11 10:52:00,1354.2217
2025-03-11 10:53:00,1354.3481
2025-03-11 10:54:00,1354.3064
2025-03-11 10:55:00,1354.2531
2025-03-11 10:56:00,1354.2650
2025-03-11 10:57:00,1354.1056
2025-03-11 10:58:00,1354.1871
2025-03-11 10:59:00,1354.2793
2025-03-11 11:00:00,1354.2262
2025-03-11 11:01:00,1354.0213
2025-03-11 11:02:00,1354.2632
2025-03-11 11:03:00,1353.8246
2025-03-11 11:04:00,1353.9447
2025-03-11 11:05:00,1354.0578
2025-03-11 11:06:00,1354.1149
2025-03-11 11:07:00,1354.0603
2025-03-11 11:08:00,1354.0169
2025-03-11 11:09:00,1352.9286
2025-03-11 11:10:00,1351.3684
2025-03-11 11:11:00,1353.4946
2025-03-11 11:12:00,1352.3293
2025-03-11 11:13:00,1352.7981
2025-03-11 11:14:00,1353.3745
2025-03-11 11:15:00,1353.8072
2025-03-11 11:16:00,1354.1414
2025-03-11 11:17:00,1352.2092
2025-03-11 11:18:00,1352.4242
2025-03-11 11:19:00,1353.3449
2025-03-11 11:20:00,1353.3347
2025-03-11 11:21:00,1353.0472
2025-03-11 11:22:00,1353.2360
2025-03-11 11:23:00,1352.3415
2025-03-11 11:24:00,1353.3745
2025-03-11 11:25:00,1352.7497
2025-03-11 11:26:00,1353.4039
2025-03-11 11:27:00,1352.7497
2025-03-11 11:28:00,1353.3126
2025-03-11 11:29:00,1352.2393
2025-03-11 11:30:00,1353.1931
2025-03-11 11:31:00,1353.4250
2025-03-11 11:32:00,1354.4800
2025-03-11 11:33:00,1347.4403
2025-03-11 11:34:00,1353.1446
2025-03-11 11:35:00,1353.4292
2025-03-11 11:36:00,1351.9569
2025-03-11 11:37:00,1353.5907
2025-03-11 11:38:00,1353.3421
2025-03-11 11:39:00,1352.1733
2025-03-11 11:40:00,1346.8346
2025-03-11 11:41:00,1370.0748
2025-03-11 11:42:00,1359.7233
2025-03-11 11:43:00,1360.1789
2025-03-11 11:44:00,1352.2137
2025-03-11 11:45:00,1342.9800
2025-03-11 11:46:00,1352.9429
2025-03-11 11:47:00,1360.1789
2025-03-11 11:48:00,1353.4656
2025-03-11 11:49:00,1350.9453
2025-03-11 11:50:00,1344.3031
2025-03-11 11:51:00,1351.3736
2025-03-11 11:52:00,1353.8980
2025-03-11 11:53:00,1352.0465
2025-03-11 11:54:00,1352.9555
2025-03-11 11:55:00,1352.9277
2025-03-11 11:56:00,1352.3788
2025-03-11 11:57:00,1353.1894
2025-03-11 11:58:00,1352.9475
2025-03-11 11:59:00,1354.6016
2025-03-11 12:00:00,1353.8742
2025-03-11 12:01:00,1352.1756
2025-03-11 12:02:00,1353.0757
2025-03-11 12:03:00,1353.7880
2025-03-11 12:04:00,1352.8846
2025-03-11 12:05:00,1353.6256
2025-03-11 12:06:00,1353.9676
2025-03-11 12:07:00,1353.8960
2025-03-11 12:08:00,1352.4683
2025-03-11 12:09:00,1353.7483
2025-03-11 12:10:00,1353.3594
2025-03-11 12:11:00,1352.9272
2025-03-11 12:12:00,1353.7449
2025-03-11 12:13:00,1353.1041
2025-03-11 12:14:00,1353.7521
2025-03-11 12:15:00,1353.3290
2025-03-11 12:16:00,1353.8844
2025-03-11 12:17:00,1353.6028
2025-03-11 12:18:00,1353.3788
2025-03-11 12:19:00,1353.2884
2025-03-11 12:20:00,1353.3407
2025-03-11 12:21:00,1354.0920
2025-03-11 12:22:00,1353.4030
2025-03-11 12:23:00,1353.7583
2025-03-11 12:24:00,1353.9098
2025-03-11 12:25:00,1353.8380
2025-03-11 12:26:00,1352.4704
2025-03-11 12:27:00,1352.9048
2025-03-11 12:28:00,1353.2016
2025-03-11 12:29:00,1352.8501
2025-03-11 12:30:00,1353.6753
2025-03-11 12:31:00,1353.1619
2025-03-11 12:32:00,1353.7536
2025-03-11 12:33:00,1352.7910
2025-03-11 12:34:00,1352.1953
2025-03-11 12:35:00,1353.7521
2025-03-11 12:36:00,1352.0402
2025-03-11 12:37:00,1352.2858
2025-03-11 12:38:00,1354.7272
2025-03-11 12:39:00,1352.9443
2025-03-11 12:40:00,1353.0046
2025-03-11 12:41:00,1353.4937
2025-03-11 12:42:00,1360.9660
2025-03-11 12:43:00,1353.7394
2025-03-11 12:44:00,1359.8350
2025-03-11 12:45:00,1360.3835
2025-03-11 12:46:00,1360.3835
2025-03-11 12:47:00,1359.7602
2025-03-11 12:48:00,1360.6094
2025-03-11 12:49:00,1351.9421
2025-03-11 12:50:00,1360.1670
2025-03-11 12:51:00,1353.8951
2025-03-11 12:52:00,1359.9969
2025-03-11 12:53:00,1353.4926
2025-03-11 12:54:00,1351.5192
2025-03-11 12:55:00,1351.3755
2025-03-11 12:56:00,1359.8175
2025-03-11 12:57:00,1352.7372
2025-03-11 12:58:00,1353.5895
2025-03-11 12:59:00,1353.0052
2025-03-11 13:00:00,1352.9460
2025-03-11 13:01:00,1351.9421
2025-03-11 13:02:00,1347.2828
2025-03-11 13:03:00,1360.0244
2025-03-11 13:04:00,1353.9021
2025-03-11 13:05:00,1353.7630
2025-03-11 13:06:00,1353.9482
2025-03-11 13:07:00,1352.1564
2025-03-11 13:08:00,1353.6996
2025-03-11 13:09:00,1353.0862
2025-03-11 13:10:00,1352.2830
2025-03-11 13:11:00,1353.2785
2025-03-11 13:12:00,1354.4621
2025-03-11 13:13:00,1354.5950
2025-03-11 13:14:00,1353.0540
2025-03-11 13:15:00,1370.1071
2025-03-11 13:16:00,1370.1247
2025-03-11 13:17:00,1359.0077
2025-03-11 13:18:00,1359.1723
2025-03-11 13:19:00,1353.8395
2025-03-11 13:20:00,1352.9041
2025-03-11 13:21:00,1370.0974
2025-03-11 13:22:00,1370.1526
2025-03-11 13:23:00,1370.1854
2025-03-11 13:24:00,1351.7848
2025-03-11 13:25:00,1352.7561
2025-03-11 13:26:00,1353.6802
2025-03-11 13:27:00,1353.1537
2025-03-11 13:28:00,1351.4590
2025-03-11 13:29:00,1352.2789
2025-03-11 13:30:00,1345.9491
2025-03-11 13:31:00,1352.7017
2025-03-11 13:32:00,1351.6645
2025-03-11 13:33:00,1353.0274
2025-03-11 13:34:00,1359.4432
2025-03-11 13:35:00,1344.9770
2025-03-11 13:36:00,1353.6230
2025-03-11 13:37:00,1352.4614
2025-03-11 13:38:00,1351.8492
2025-03-11 13:39:00,1359.7975
2025-03-11 13:40:00,1358.3599
2025-03-11 13:41:00,1352.9041
2025-03-11 13:42:00,1345.9600
2025-03-11 13:43:00,1351.6636
2025-03-11 13:44:00,1352.8549
2025-03-11 13:45:00,1351.3628
2025-03-11 13:46:00,1357.3479
2025-03-11 13:47:00,1351.3654
2025-03-11 13:48:00,1352.8634
2025-03-11 13:49:00,1352.7190
2025-03-11 13:50:00,1351.6739
2025-03-11 13:51:00,1353.3990
2025-03-11 13:52:00,1351.6739
2025-03-11 13:53:00,1359.2021
2025-03-11 13:54:00,1351.3625
2025-03-11 13:55:00,1351.1654
2025-03-11 13:56:00,1352.9560
2025-03-11 13:57:00,1351.3637
2025-03-11 13:58:00,1351.7107
2025-03-11 13:59:00,1351.3381
2025-03-11 14:00:00,1351.1991
2025-03-11 14:01:00,1359.3128
2025-03-11 14:02:00,1352.6106
2025-03-11 14:03:00,1359.3447
2025-03-11 14:04:00,1344.6144
2025-03-11 14:05:00,1351.7619
2025-03-11 14:06:00,1359.1910
2025-03-11 14:07:00,1352.8937
2025-03-11 14:08:00,1357.4371
2025-03-11 14:09:00,1357.5037
2025-03-11 14:10:00,1351.6160
2025-03-11 14:11:00,1352.1076
2025-03-11 14:12:00,1344.5665
2025-03-11 14:13:00,1358.5861
2025-03-11 14:14:00,1352.8827
2025-03-11 14:15:00,1353.3771
2025-03-11 14:16:00,1352.9984
2025-03-11 14:17:00,1354.1482
2025-03-11 14:18:00,1353.4947
2025-03-11 14:19:00,1352.9793
2025-03-11 14:20:00,1353.2012
2025-03-11 14:21:00,1353.5309
2025-03-11 14:22:00,1353.4061
2025-03-11 14:23:00,1352.1592
2025-03-11 14:24:00,1353.3373
2025-03-11 14:25:00,1346.7927
2025-03-11 14:26:00,1360.6893
2025-03-11 14:27:00,1359.8018
2025-03-11 14:28:00,1346.7927
2025-03-11 14:29:00,1353.6078
2025-03-11 14:30:00,1353.5865
2025-03-11 14:31:00,1360.5871
2025-03-11 14:32:00,1353.1871
2025-03-11 14:33:00,1351.5624
2025-03-11 14:34:00,1346.5944
2025-03-11 14:35:00,1353.1706
2025-03-11 14:36:00,1352.1039
2025-03-11 14:37:00,1359.0222
2025-03-11 14:38:00,1359.2137
2025-03-11 14:39:00,1352.2196
2025-03-11 14:40:00,1357.6066
2025-03-11 14:41:00,1351.8003
2025-03-11 14:42:00,1353.5115
2025-03-11 14:43:00,1351.6690
2025-03-11 14:44:00,1360.3734
2025-03-11 14:45:00,1353.3487
2025-03-11 14:46:00,1358.7564
2025-03-11 14:47:00,1346.9165
2025-03-11 14:48:00,1370.1623
2025-03-11 14:49:00,1363.2781
2025-03-11 14:50:00,1358.3070
2025-03-11 14:51:00,1352.1138
2025-03-11 14:52:00,1352.1716
2025-03-11 14:53:00,1353.2799
2025-03-11 14:54:00,1352.6645
2025-03-11 14:55:00,1352.0422
2025-03-11 14:56:00,1352.1275
2025-03-11 14:57:00,1350.8100
2025-03-11 14:58:00,1352.2630
2025-03-11 14:59:00,1352.6202
2025-03-11 15:00:00,1351.4097
2025-03-11 15:01:00,1353.6474
2025-03-11 15:02:00,1352.7228
2025-03-11 15:03:00,1353.5912
2025-03-11 15:04:00,1353.5825
2025-03-11 15:05:00,1353.9074
2025-03-11 15:06:00,1353.2574
2025-03-11 15:07:00,1348.4952
2025-03-11 15:08:00,1353.5062
2025-03-11 15:09:00,1353.3738
2025-03-11 15:10:00,1353.7783
2025-03-11 15:11:00,1354.7033
2025-03-11 15:12:00,1353.1563
2025-03-11 15:13:00,1352.9128
2025-03-11 15:14:00,1351.9612
2025-03-11 15:15:00,1348.3707
2025-03-11 15:16:00,1352.2277
2025-03-11 15:17:00,1347.3338
2025-03-11 15:18:00,1352.6651
2025-03-11 15:19:00,1347.4641
2025-03-11 15:20:00,1353.5311
2025-03-11 15:21:00,1352.0839
2025-03-11 15:22:00,1352.5911
2025-03-11 15:23:00,1353.4524
2025-03-11 15:24:00,1353.1492
2025-03-11 15:25:00,1354.8726
2025-03-11 15:26:00,1353.1711
2025-03-11 15:27:00,1361.1497
2025-03-11 15:28:00,1349.0901
2025-03-11 15:29:00,1352.8663
2025-03-11 15:30:00,1348.3707
2025-03-11 15:31:00,1352.6850
2025-03-11 15:32:00,1351.9735
2025-03-11 15:33:00,1354.9135
2025-03-11 15:34:00,1352.0178
2025-03-11 15:35:00,1348.1412
2025-03-11 15:36:00,1352.0227
2025-03-11 15:37:00,1353.5691
2025-03-11 15:38:00,1352.8005
2025-03-11 15:39:00,1352.2770
2025-03-11 15:40:00,1353.5487
2025-03-11 15:41:00,1354.0330
2025-03-11 15:42:00,1353.9004
2025-03-11 15:43:00,1353.8199
2025-03-11 15:44:00,1353.9259
2025-03-11 15:45:00,1353.5739
2025-03-11 15:46:00,1353.1169
2025-03-11 15:47:00,1353.7262
2025-03-11 15:48:00,1355.3135
2025-03-11 15:49:00,1353.8590
2025-03-11 15:50:00,1353.1906
2025-03-11 15:51:00,1353.8473
2025-03-11 15:52:00,1353.0061
2025-03-11 15:53:00,1353.2222
2025-03-11 15:54:00,1352.9249
2025-03-11 15:55:00,1353.8806
2025-03-11 15:56:00,1353.3862
2025-03-11 15:57:00,1353.5812
2025-03-11 15:58:00,1353.4338
2025-03-11 15:59:00,1352.3633
2025-03-11 16:00:00,1352.2058
2025-03-11 16:01:00,1353.4349
2025-03-11 16:02:00,1354.9043
2025-03-11 16:03:00,1348.1500
2025-03-11 16:04:00,1353.2450
2025-03-11 16:05:00,1353.5438
2025-03-11 16:06:00,1353.5711
2025-03-11 16:07:00,1352.2112
2025-03-11 16:08:00,1353.7672
2025-03-11 16:09:00,1353.1889
2025-03-11 16:10:00,1370.1253
2025-03-11 16:11:00,1360.0418
2025-03-11 16:12:00,1352.7297
2025-03-11 16:13:00,1348.0546
2025-03-11 16:14:00,1354.7241
2025-03-11 16:15:00,1352.2357
2025-03-11 16:16:00,1360.2515
2025-03-11 16:17:00,1353.8707
2025-03-11 16:18:00,1354.6099
2025-03-11 16:19:00,1353.7254
2025-03-11 16:20:00,1354.0005
2025-03-11 16:21:00,1353.6899
2025-03-11 16:22:00,1355.3932
2025-03-11 16:23:00,1353.5275
2025-03-11 16:24:00,1354.0476
2025-03-11 16:25:00,1353.5857
2025-03-11 16:26:00,1353.4609
2025-03-11 16:27:00,1352.7688
2025-03-11 16:28:00,1353.5463
2025-03-11 16:29:00,1353.6713
2025-03-11 16:30:00,1361.7182
2025-03-11 16:31:00,1351.8858
2025-03-11 16:32:00,1351.9124
2025-03-11 16:33:00,1353.6335
2025-03-11 16:34:00,1352.4508
2025-03-11 16:35:00,1361.3254
2025-03-11 16:36:00,1352.4756
2025-03-11 16:37:00,1360.7946
2025-03-11 16:38:00,1352.0227
2025-03-11 16:39:00,1352.8539
2025-03-11 16:40:00,1354.0734
2025-03-11 16:41:00,1360.3660
2025-03-11 16:42:00,1351.9103
2025-03-11 16:43:00,1352.0587
2025-03-11 16:44:00,1353.1628
2025-03-11 16:45:00,1353.4758
2025-03-11 16:46:00,1360.5529
2025-03-11 16:47:00,1352.9462
2025-03-11 16:48:00,1352.9482
2025-03-11 16:49:00,1353.3969
2025-03-11 16:50:00,1353.2698
2025-03-11 16:51:00,1353.1651
2025-03-11 16:52:00,1347.4537
2025-03-11 16:53:00,1360.5073
2025-03-11 16:54:00,1352.0400
2025-03-11 16:55:00,1346.3862
2025-03-11 16:56:00,1352.1810
2025-03-11 16:57:00,1361.0376
2025-03-11 16:58:00,1360.2161
2025-03-11 16:59:00,1360.3229
2025-03-11 17:00:00,1359.6400
2025-03-11 17:01:00,1352.4282
2025-03-11 17:02:00,1347.3723
2025-03-11 17:03:00,1345.4229
2025-03-11 17:04:00,1359.5219
2025-03-11 17:05:00,1353.3047
2025-03-11 17:06:00,1360.4764
2025-03-11 17:07:00,1351.8834
2025-03-11 17:08:00,1353.2938
2025-03-11 17:09:00,1353.1431
2025-03-11 17:10:00,1353.7612
2025-03-11 17:11:00,1360.0418
2025-03-11 17:12:00,1359.0008
2025-03-11 17:13:00,1359.9784
2025-03-11 17:14:00,1345.4782
2025-03-11 17:15:00,1353.1204
2025-03-11 17:16:00,1359.0822
2025-03-11 17:17:00,1361.8964
2025-03-11 17:18:00,1351.1285
2025-03-11 17:19:00,1351.4823
2025-03-11 17:20:00,1353.8937
2025-03-11 17:21:00,1353.3837
2025-03-11 17:22:00,1352.0452
2025-03-11 17:23:00,1353.9021
2025-03-11 17:24:00,1363.0585
2025-03-11 17:25:00,1353.7462
2025-03-11 17:26:00,1353.7369
2025-03-11 17:27:00,1354.1923
2025-03-11 17:28:00,1354.2243
2025-03-11 17:29:00,1353.3486
2025-03-11 17:30:00,1353.5408
2025-03-11 17:31:00,1352.6447
2025-03-11 17:32:00,1353.9499
2025-03-11 17:33:00,1353.9451
2025-03-11 17:35:00,1353.7050
2025-03-11 17:36:00,1353.3599
2025-03-11 17:37:00,1353.2622
2025-03-11 17:38:00,1353.3904
2025-03-11 17:39:00,1353.7675
2025-03-11 17:40:00,1353.3302
2025-03-11 17:41:00,1353.4583
2025-03-11 17:42:00,1351.0676
2025-03-11 17:43:00,1352.6733
2025-03-11 17:44:00,1353.6328
2025-03-11 17:45:00,1353.5661
2025-03-11 17:46:00,1353.5290
2025-03-11 17:47:00,1353.5806
2025-03-11 17:48:00,1352.9748
2025-03-11 17:49:00,1355.9438
2025-03-11 17:50:00,1353.7519
2025-03-11 17:51:00,1353.9997
2025-03-11 17:52:00,1356.1347
2025-03-11 17:53:00,1353.1611
2025-03-11 17:54:00,1353.4078
2025-03-11 17:55:00,1353.4570
2025-03-11 17:56:00,1353.5378
2025-03-11 17:57:00,1349.6453
2025-03-11 17:58:00,1349.3048
2025-03-11 17:59:00,1361.6003
2025-03-11 18:00:00,1361.2904
2025-03-11 18:01:00,1353.5000
2025-03-11 18:02:00,1353.3522
2025-03-11 18:03:00,1352.5997
2025-03-11 18:04:00,1348.7602
2025-03-11 18:05:00,1347.2602
2025-03-11 18:07:00,1353.1130
2025-03-11 18:08:00,1359.9680
2025-03-11 18:09:00,1353.5612
2025-03-11 18:10:00,1359.4829
2025-03-11 18:11:00,1345.7210
2025-03-11 18:12:00,1354.6270
2025-03-11 18:13:00,1352.9111
2025-03-11 18:14:00,1353.4495
2025-03-11 18:15:00,1352.7247
2025-03-11 18:16:00,1352.7247
2025-03-11 18:17:00,1353.9967
2025-03-11 18:18:00,1352.9846
2025-03-11 18:19:00,1368.7848
2025-03-11 18:20:00,1369.9570
2025-03-11 18:21:00,1368.7807
2025-03-11 18:22:00,1351.6044
2025-03-11 18:23:00,1358.8425
2025-03-11 18:24:00,1358.8628
2025-03-11 18:25:00,1353.0536
2025-03-11 18:26:00,1352.7573
2025-03-11 18:27:00,1360.0945
2025-03-11 18:28:00,1360.0865
2025-03-11 18:29:00,1358.9524
2025-03-11 18:30:00,1358.9386
2025-03-11 18:31:00,1359.0254
2025-03-11 18:32:00,1353.2970
2025-03-11 18:33:00,1351.9254
2025-03-11 18:34:00,1353.2259
2025-03-11 18:35:00,1353.8976
2025-03-11 18:36:00,1360.6116
2025-03-11 18:37:00,1353.1202
2025-03-11 18:38:00,1347.6109
2025-03-11 18:39:00,1352.7085
2025-03-11 18:40:00,1359.4829
2025-03-11 18:41:00,1353.0592
2025-03-11 18:42:00,1353.5674
2025-03-11 18:43:00,1353.5855
2025-03-11 18:44:00,1360.5382
2025-03-11 18:45:00,1352.5690
2025-03-11 18:46:00,1353.2203
2025-03-11 18:47:00,1370.0757
2025-03-11 18:48:00,1352.4225
2025-03-11 18:49:00,1352.4225
2025-03-11 18:50:00,1353.7408
2025-03-11 18:51:00,1370.1906
2025-03-11 18:52:00,1354.6856
2025-03-11 18:53:00,1352.6659
2025-03-11 18:54:00,1352.7424
2025-03-11 18:55:00,1352.7626
2025-03-11 18:56:00,1359.2921
2025-03-11 18:57:00,1353.5795
2025-03-11 18:58:00,1347.3111
2025-03-11 18:59:00,1352.7424
2025-03-11 19:00:00,1353.7009
2025-03-11 19:01:00,1360.6089
2025-03-11 19:02:00,1352.4716
2025-03-11 19:03:00,1353.2181
2025-03-11 19:04:00,1353.4408
2025-03-11 19:05:00,1361.0334
2025-03-11 19:06:00,1352.1938
2025-03-11 19:07:00,1353.5317
2025-03-11 19:08:00,1353.5444
2025-03-11 19:09:00,1352.6051
2025-03-11 19:10:00,1361.7515
2025-03-11 19:11:00,1350.4560
2025-03-11 19:12:00,1360.9169
2025-03-11 19:13:00,1362.9332
2025-03-11 19:14:00,1368.7696
2025-03-11 19:15:00,1352.7510
2025-03-11 19:16:00,1363.4489
2025-03-11 19:17:00,1352.9122
2025-03-11 19:18:00,1352.8479
2025-03-11 19:19:00,1363.6114
2025-03-11 19:20:00,1359.9470
2025-03-11 19:21:00,1370.2633
2025-03-11 19:22:00,1353.0790
2025-03-11 19:23:00,1358.5365
2025-03-11 19:24:00,1353.2345
2025-03-11 19:25:00,1345.3247
2025-03-11 19:26:00,1363.5954
2025-03-11 19:27:00,1353.0706
2025-03-11 19:28:00,1370.2628
2025-03-11 19:29:00,1351.9544
2025-03-11 19:30:00,1354.0195
2025-03-11 19:31:00,1344.9502
2025-03-11 19:32:00,1352.7245
2025-03-11 19:33:00,1358.8554
2025-03-11 19:34:00,1360.2198
2025-03-11 19:35:00,1370.3641
2025-03-11 19:36:00,1352.8479
2025-03-11 19:37:00,1352.7348
2025-03-11 19:38:00,1353.2527
2025-03-11 19:39:00,1363.4979
2025-03-11 19:40:00,1352.6341
2025-03-11 19:41:00,1359.1326
2025-03-11 19:42:00,1350.8902
2025-03-11 19:43:00,1368.7835
2025-03-11 19:44:00,1352.8221
2025-03-11 19:45:00,1359.9025
2025-03-11 19:46:00,1358.4783
2025-03-11 19:47:00,1370.2823
2025-03-11 19:48:00,1358.8738
2025-03-11 19:49:00,1345.5899
2025-03-11 19:50:00,1352.6497
2025-03-11 19:51:00,1352.7265
2025-03-11 19:52:00,1359.7507
2025-03-11 19:53:00,1353.7527
2025-03-11 19:54:00,1359.7120
2025-03-11 19:55:00,1370.1521
2025-03-11 19:56:00,1352.6330
2025-03-11 19:57:00,1368.7922
2025-03-11 19:58:00,1363.4648
2025-03-11 19:59:00,1352.7364
2025-03-11 20:00:00,1351.5996
2025-03-11 20:01:00,1351.5978
2025-03-11 20:02:00,1368.7806
2025-03-11 20:03:00,1368.7824
2025-03-11 20:04:00,1352.9001
2025-03-11 20:05:00,1368.7785
2025-03-11 20:06:00,1368.7799
2025-03-11 20:07:00,1351.7167
2025-03-11 20:08:00,1353.9347
2025-03-11 20:09:00,1368.7597
2025-03-11 20:10:00,1351.2181
2025-03-11 20:11:00,1352.7348
2025-03-11 20:12:00,1359.3176
2025-03-11 20:13:00,1351.6540
2025-03-11 20:14:00,1351.5766
2025-03-11 20:15:00,1353.0905
2025-03-11 20:16:00,1353.0831
2025-03-11 20:17:00,1346.7322
2025-03-11 20:18:00,1352.8184
2025-03-11 20:19:00,1353.9459
2025-03-11 20:20:00,1347.0975
2025-03-11 20:21:00,1353.4111
2025-03-11 20:22:00,1370.3121
2025-03-11 20:23:00,1354.7655
2025-03-11 20:24:00,1361.3484
2025-03-11 20:25:00,1360.7242
2025-03-11 20:26:00,1352.1261
2025-03-11 20:27:00,1349.0875
2025-03-11 20:28:00,1370.2439
2025-03-11 20:29:00,1352.2471
2025-03-11 20:30:00,1353.5820
2025-03-11 20:31:00,1355.5015
2025-03-11 20:32:00,1361.8536
2025-03-11 20:33:00,1349.6683
2025-03-11 20:34:00,1352.8320
2025-03-11 20:35:00,1361.5593
2025-03-11 20:36:00,1350.2073
2025-03-11 20:37:00,1360.9730
2025-03-11 20:38:00,1353.1951
2025-03-11 20:39:00,1370.1699
2025-03-11 20:40:00,1353.3239
2025-03-11 20:41:00,1363.3813
2025-03-11 20:42:00,1370.1878
2025-03-11 20:43:00,1354.3796
2025-03-11 20:44:00,1353.4736
2025-03-11 20:45:00,1353.3457
2025-03-11 20:46:00,1363.5699
2025-03-11 20:47:00,1354.5846
2025-03-11 20:48:00,1363.7206
2025-03-11 20:49:00,1352.3566
2025-03-11 20:50:00,1368.7830
2025-03-11 20:51:00,1359.9099
2025-03-11 20:52:00,1352.3182
2025-03-11 20:53:00,1351.9178
2025-03-11 20:54:00,1353.5271
2025-03-11 20:55:00,1351.8627
2025-03-11 20:56:00,1352.7460
2025-03-11 20:57:00,1353.1801
2025-03-11 20:58:00,1353.6534
2025-03-11 20:59:00,1354.7989
2025-03-11 21:00:00,1352.8489
2025-03-11 21:01:00,1353.3432
2025-03-11 21:02:00,1355.3989
2025-03-11 21:03:00,1354.0948
2025-03-11 21:04:00,1353.3257
2025-03-11 21:05:00,1353.1731
2025-03-11 21:06:00,1354.7989
2025-03-11 21:07:00,1361.5245
2025-03-11 21:08:00,1352.8909
2025-03-11 21:09:00,1353.3237
2025-03-11 21:10:00,1352.0598
2025-03-11 21:11:00,1353.5382
2025-03-11 21:12:00,1354.3861
2025-03-11 21:13:00,1353.4235
2025-03-11 21:14:00,1352.0200
2025-03-11 21:15:00,1360.4347
2025-03-11 21:16:00,1352.9709
2025-03-11 21:17:00,1354.6620
2025-03-11 21:18:00,1353.6880
2025-03-11 21:19:00,1354.7888
2025-03-11 21:20:00,1353.7562
2025-03-11 21:21:00,1363.7837
2025-03-11 21:22:00,1351.8560
2025-03-11 21:23:00,1370.3270
2025-03-11 21:24:00,1360.3504
2025-03-11 21:25:00,1353.0436
2025-03-11 21:26:00,1360.4053
2025-03-11 21:27:00,1352.4025
2025-03-11 21:28:00,1360.3097
2025-03-11 21:29:00,1352.9878
2025-03-11 21:30:00,1352.8916
2025-03-11 21:31:00,1352.5501
2025-03-11 21:32:00,1370.3426
2025-03-11 21:33:00,1352.5649
2025-03-11 21:34:00,1346.4836
2025-03-11 21:35:00,1353.5774
2025-03-11 21:36:00,1360.5606
2025-03-11 21:37:00,1363.7206
2025-03-11 21:38:00,1360.3130
2025-03-11 21:39:00,1353.7097
2025-03-11 21:40:00,1347.2366
2025-03-11 21:41:00,1354.0579
2025-03-11 21:42:00,1353.3868
2025-03-11 21:43:00,1368.7880
2025-03-11 21:44:00,1351.6468
2025-03-11 21:45:00,1352.9002
2025-03-11 21:46:00,1351.6580
2025-03-11 21:47:00,1352.3735
2025-03-11 21:48:00,1353.6083
2025-03-11 21:49:00,1359.4013
2025-03-11 21:50:00,1352.8835
2025-03-11 21:51:00,1352.4483
2025-03-11 21:52:00,1352.3415
2025-03-11 21:53:00,1352.4642
2025-03-11 21:54:00,1351.3155
2025-03-11 21:55:00,1351.7419
2025-03-11 21:56:00,1353.0247
2025-03-11 21:57:00,1351.6560
2025-03-11 21:58:00,1351.7002
2025-03-11 21:59:00,1351.6602
2025-03-11 22:00:00,1351.1387
2025-03-11 22:01:00,1368.7828
2025-03-11 22:02:00,1368.7839
2025-03-11 22:03:00,1352.8671
2025-03-11 22:04:00,1352.8193
2025-03-11 22:05:00,1351.5400
2025-03-11 22:06:00,1352.5117
2025-03-11 22:07:00,1348.8285
2025-03-11 22:08:00,1352.0926
2025-03-11 22:09:00,1351.9794
2025-03-11 22:10:00,1353.0779
2025-03-11 22:11:00,1354.6080
2025-03-11 22:12:00,1352.4537
2025-03-11 22:13:00,1353.0222
2025-03-11 22:14:00,1353.1776
2025-03-11 22:15:00,1354.0439
2025-03-11 22:16:00,1361.6961
2025-03-11 22:17:00,1355.5673
2025-03-11 22:18:00,1349.6683
2025-03-11 22:19:00,1354.2065
2025-03-11 22:20:00,1354.5774
2025-03-11 22:21:00,1360.8406
2025-03-11 22:22:00,1360.8406
2025-03-11 22:23:00,1347.6495
2025-03-11 22:24:00,1353.7564
2025-03-11 22:25:00,1360.5690
2025-03-11 22:26:00,1352.0564
2025-03-11 22:27:00,1353.7068
2025-03-11 22:28:00,1353.5830
2025-03-11 22:29:00,1352.9827
2025-03-11 22:30:00,1355.6461
2025-03-11 22:31:00,1355.1640
2025-03-11 22:32:00,1355.1640
2025-03-11 22:33:00,1352.9622
2025-03-11 22:34:00,1353.3590
2025-03-11 22:35:00,1361.2172
2025-03-11 22:36:00,1370.2446
2025-03-11 22:37:00,1370.2516
2025-03-11 22:38:00,1353.5613
2025-03-11 22:39:00,1352.5708
2025-03-11 22:40:00,1352.0200
2025-03-11 22:41:00,1352.0506
2025-03-11 22:42:00,1355.1440
2025-03-11 22:43:00,1353.6209
2025-03-11 22:44:00,1353.2259
2025-03-11 22:45:00,1370.2412
2025-03-11 22:46:00,1370.2412
2025-03-11 22:47:00,1353.4460
2025-03-11 22:48:00,1354.5822
2025-03-11 22:49:00,1368.7923
2025-03-11 22:50:00,1363.7454
2025-03-11 22:51:00,1370.3120
2025-03-11 22:52:00,1360.4170
2025-03-11 22:53:00,1351.9988
2025-03-11 22:54:00,1353.0808
2025-03-11 22:55:00,1351.6560
2025-03-11 22:56:00,1353.6318
2025-03-11 22:57:00,1351.7783
2025-03-11 22:58:00,1353.7634
2025-03-11 22:59:00,1352.6137
2025-03-11 23:00:00,1359.7097
2025-03-11 23:01:00,1346.7205
2025-03-11 23:02:00,1363.3701
2025-03-11 23:03:00,1353.5151
2025-03-11 23:04:00,1363.5477
2025-03-11 23:05:00,1363.5969
2025-03-11 23:06:00,1363.7588
2025-03-11 23:07:00,1368.7901
2025-03-11 23:08:00,1352.0046
2025-03-11 23:09:00,1351.9980
2025-03-11 23:10:00,1354.2532
2025-03-11 23:11:00,1354.1529
2025-03-11 23:12:00,1368.7905
2025-03-11 23:13:00,1351.9917
2025-03-11 23:14:00,1370.3182
2025-03-11 23:15:00,1368.7800
2025-03-11 23:16:00,1351.7102
2025-03-11 23:17:00,1351.3155
2025-03-11 23:18:00,1353.0061
2025-03-11 23:19:00,1370.3358
2025-03-11 23:20:00,1368.7859
2025-03-11 23:21:00,1368.7817
2025-03-11 23:22:00,1352.6405
2025-03-11 23:23:00,1359.4709
2025-03-11 23:24:00,1352.1681
2025-03-11 23:25:00,1370.3074
2025-03-11 23:26:00,1348.1783
2025-03-11 23:27:00,1353.6844
2025-03-11 23:28:00,1361.2085
2025-03-11 23:29:00,1370.2738
2025-03-11 23:30:00,1354.8481
2025-03-11 23:31:00,1354.8006
2025-03-11 23:32:00,1363.3426
2025-03-11 23:33:00,1355.0635
2025-03-11 23:34:00,1354.4458
2025-03-11 23:35:00,1354.4730
2025-03-11 23:36:00,1363.9166
2025-03-11 23:37:00,1363.9938
2025-03-11 23:38:00,1354.7522
2025-03-11 23:39:00,1353.9186
2025-03-11 23:40:00,1353.8874
2025-03-11 23:41:00,1353.5774
2025-03-11 23:43:00,1355.3797
2025-03-11 23:44:00,1355.4738
2025-03-11 23:45:00,1363.7888
2025-03-11 23:46:00,1363.7381
2025-03-11 23:47:00,1354.2561
2025-03-11 23:48:00,1363.7381
2025-03-11 23:49:00,1369.9937
2025-03-11 23:50:00,1352.0665
2025-03-11 23:51:00,1354.4395
2025-03-11 23:52:00,1368.7872
2025-03-11 23:53:00,1352.0491
2025-03-11 23:54:00,1368.7810
2025-03-11 23:55:00,1370.3544
2025-03-11 23:56:00,1353.6692
2025-03-11 23:57:00,1369.9448
2025-03-11 23:58:00,1368.7811
2025-03-11 23:59:00,1369.9431
2025-03-12 00:00:00,1353.4866
2025-03-12 00:01:00,1351.3432
2025-03-12 00:02:00,1351.6898
2025-03-12 00:03:00,1359.4714
2025-03-12 00:04:00,1359.4714
2025-03-12 00:05:00,1359.7053
2025-03-12 00:06:00,1360.5039
2025-03-12 00:07:00,1353.2886
2025-03-12 00:08:00,1352.5061
2025-03-12 00:09:00,1369.8963
2025-03-12 00:10:00,1369.8689
2025-03-12 00:11:00,1369.8173
2025-03-12 00:12:00,1355.4773
2025-03-12 00:13:00,1355.8557
2025-03-12 00:14:00,1351.7748
2025-03-12 00:15:00,1360.9303
2025-03-12 00:16:00,1350.4236
2025-03-12 00:17:00,1349.9558
2025-03-12 00:18:00,1349.8419
2025-03-12 00:19:00,1349.3691
2025-03-12 00:20:00,1349.1106
2025-03-12 00:21:00,1368.7202
2025-03-12 00:22:00,1356.2049
2025-03-12 00:23:00,1360.9626
2025-03-12 00:24:00,1349.2165
2025-03-12 00:25:00,1349.2079
2025-03-12 00:26:00,1349.2869
2025-03-12 00:27:00,1348.9960
2025-03-12 00:28:00,1368.7165
2025-03-12 00:29:00,1349.4592
2025-03-12 00:30:00,1349.4135
2025-03-12 00:31:00,1349.4107
2025-03-12 00:32:00,1349.5074
2025-03-12 00:33:00,1361.1223
2025-03-12 00:34:00,1356.4473
2025-03-12 00:35:00,1354.1045
2025-03-12 00:36:00,1360.9910
2025-03-12 00:37:00,1357.2845
2025-03-12 00:38:00,1361.7477
2025-03-12 00:39:00,1354.2208
2025-03-12 00:40:00,1353.9384
2025-03-12 00:41:00,1353.4738
2025-03-12 00:42:00,1353.4318
2025-03-12 00:43:00,1361.8996
2025-03-12 00:44:00,1354.2653
2025-03-12 00:45:00,1358.7363
2025-03-12 00:46:00,1354.2434
2025-03-12 00:47:00,1354.4051
2025-03-12 00:48:00,1354.2722
2025-03-12 00:49:00,1354.4270
2025-03-12 00:50:00,1354.3611
2025-03-12 00:51:00,1354.4485
2025-03-12 00:52:00,1354.5119
2025-03-12 00:53:00,1354.4599
2025-03-12 00:54:00,1354.5810
2025-03-12 00:55:00,1354.5986
2025-03-12 00:56:00,1354.5914
2025-03-12 00:57:00,1354.6050
2025-03-12 00:58:00,1354.6269
2025-03-12 00:59:00,1354.1871
2025-03-12 01:00:00,1354.6856
2025-03-12 01:01:00,1354.7385
2025-03-12 01:02:00,1354.6838
2025-03-12 01:03:00,1354.6796
2025-03-12 01:04:00,1354.7325
2025-03-12 01:05:00,1354.7464
2025-03-12 01:06:00,1354.6991
2025-03-12 01:07:00,1354.4808
2025-03-12 01:08:00,1364.7747
2025-03-12 01:09:00,1354.4200
2025-03-12 01:10:00,1353.2390
2025-03-12 01:11:00,1354.2082
2025-03-12 01:12:00,1354.3236
2025-03-12 01:13:00,1357.5215
2025-03-12 01:14:00,1354.2641
2025-03-12 01:15:00,1357.3382
2025-03-12 01:16:00,1354.4110
2025-03-12 01:17:00,1365.1842
2025-03-12 01:18:00,1354.1013
2025-03-12 01:19:00,1354.4723
2025-03-12 01:20:00,1354.4545
2025-03-12 01:21:00,1354.3896
2025-03-12 01:22:00,1354.1371
2025-03-12 01:23:00,1354.7007
2025-03-12 01:24:00,1354.7224
2025-03-12 01:25:00,1354.6895
2025-03-12 01:26:00,1368.0781
2025-03-12 01:27:00,1354.3083
2025-03-12 01:28:00,1354.7501
2025-03-12 01:29:00,1353.9919
2025-03-12 01:30:00,1361.9390
2025-03-12 01:31:00,1363.0870
2025-03-12 01:32:00,1344.4396
2025-03-12 01:33:00,1353.7967
2025-03-12 01:34:00,1365.3625
2025-03-12 01:35:00,1354.5588
2025-03-12 01:36:00,1354.5306
2025-03-12 01:37:00,1353.8969
2025-03-12 01:38:00,1353.8969
2025-03-12 01:39:00,1365.4363
2025-03-12 01:40:00,1353.9021
2025-03-12 01:41:00,1359.3647
2025-03-12 01:42:00,1343.9549
2025-03-12 01:43:00,1368.7033
2025-03-12 01:44:00,1354.4636
2025-03-12 01:45:00,1354.3472
2025-03-12 01:46:00,1354.3472
2025-03-12 01:47:00,1354.3768
2025-03-12 01:48:00,1363.4286
2025-03-12 01:49:00,1354.3760
2025-03-12 01:50:00,1354.1920
2025-03-12 01:51:00,1353.4176
2025-03-12 01:52:00,1364.5508
2025-03-12 01:53:00,1368.7003
2025-03-12 01:54:00,1363.7681
2025-03-12 01:55:00,1368.6988
2025-03-12 01:56:00,1368.7462
2025-03-12 01:57:00,1356.8982
2025-03-12 01:58:00,1352.5532
2025-03-12 02:00:00,1363.9411
2025-03-12 02:01:00,1364.0280
2025-03-12 02:02:00,1368.7023
2025-03-12 02:03:00,1364.2193
2025-03-12 02:04:00,1364.4334
2025-03-12 02:05:00,1363.9022
2025-03-12 02:06:00,1368.9518
2025-03-12 02:07:00,1356.5174
2025-03-12 02:08:00,1353.6533
2025-03-12 02:09:00,1354.8739
2025-03-12 02:10:00,1353.7836
2025-03-12 02:11:00,1368.7477
2025-03-12 02:12:00,1368.7288
2025-03-12 02:13:00,1354.2096
2025-03-12 02:14:00,1357.5461
2025-03-12 02:15:00,1364.5116
2025-03-12 02:16:00,1363.5478
2025-03-12 02:17:00,1354.1669
2025-03-12 02:18:00,1362.4156
2025-03-12 02:19:00,1363.9695
2025-03-12 02:20:00,1355.8596
2025-03-12 02:21:00,1362.6337
2025-03-12 02:22:00,1347.6933
2025-03-12 02:23:00,1355.9523
2025-03-12 02:24:00,1364.4761
2025-03-12 02:25:00,1363.3475
2025-03-12 02:26:00,1347.9682
2025-03-12 02:27:00,1347.6132
2025-03-12 02:28:00,1354.2309
2025-03-12 02:29:00,1354.1295
2025-03-12 02:30:00,1352.6734
2025-03-12 02:31:00,1352.6463
2025-03-12 02:32:00,1353.0703
2025-03-12 02:33:00,1352.3587
2025-03-12 02:34:00,1353.7661
2025-03-12 02:35:00,1352.5782
2025-03-12 02:36:00,1353.8131
2025-03-12 02:37:00,1353.8873
2025-03-12 02:38:00,1353.7868
2025-03-12 02:39:00,1353.3968
2025-03-12 02:40:00,1370.2825
2025-03-12 02:41:00,1375.0909
2025-03-12 02:42:00,1353.8702
2025-03-12 02:43:00,1353.9447
2025-03-12 02:44:00,1353.9028
2025-03-12 02:45:00,1354.0876
2025-03-12 02:46:00,1354.2421
2025-03-12 02:47:00,1354.2816
2025-03-12 02:48:00,1354.6619
2025-03-12 02:49:00,1357.9300
2025-03-12 02:50:00,1354.1181
2025-03-12 02:51:00,1354.1943
2025-03-12 02:52:00,1357.8148
2025-03-12 02:53:00,1365.1155
2025-03-12 02:54:00,1353.9702
2025-03-12 02:55:00,1365.0541
2025-03-12 02:56:00,1365.0158
2025-03-12 02:57:00,1354.5826
2025-03-12 02:58:00,1369.0093
2025-03-12 02:59:00,1362.5818
2025-03-12 03:00:00,1365.0451
2025-03-12 03:01:00,1363.3595
2025-03-12 03:02:00,1361.9444
2025-03-12 03:03:00,1355.3853
2025-03-12 03:04:00,1355.8273
2025-03-12 03:05:00,1361.3143
2025-03-12 03:06:00,1356.1032
2025-03-12 03:07:00,1364.5155
2025-03-12 03:08:00,1353.8929
2025-03-12 03:09:00,1353.9517
2025-03-12 03:10:00,1353.5759
2025-03-12 03:11:00,1354.1019
2025-03-12 03:13:00,1356.7987
2025-03-12 03:15:00,1353.3695
2025-03-12 03:16:00,1353.7830
2025-03-12 03:18:00,1354.1154
2025-03-12 03:19:00,1357.9593
2025-03-12 03:20:00,1354.2124
2025-03-12 03:21:00,1353.7812
2025-03-12 03:22:00,1368.9635
2025-03-12 03:23:00,1353.7665
2025-03-12 03:24:00,1353.9491
2025-03-12 03:25:00,1357.4817
2025-03-12 03:26:00,1375.0909
2025-03-12 03:27:00,1364.7155
2025-03-12 03:28:00,1353.0845
2025-03-12 03:29:00,1363.9591
2025-03-12 03:30:00,1353.2081
2025-03-12 03:31:00,1344.5769
2025-03-12 03:32:00,1362.3944
2025-03-12 03:33:00,1355.3253
2025-03-12 03:34:00,1355.5775
2025-03-12 03:35:00,1355.0383
2025-03-12 03:36:00,1356.1389
2025-03-12 03:37:00,1355.0439
2025-03-12 03:38:00,1368.7985
2025-03-12 03:39:00,1355.3641
2025-03-12 03:40:00,1364.3012
2025-03-12 03:41:00,1368.8139
2025-03-12 03:42:00,1348.1027
2025-03-12 03:43:00,1363.0073
2025-03-12 03:44:00,1362.9409
2025-03-12 03:45:00,1364.4106
2025-03-12 03:46:00,1353.8389
2025-03-12 03:47:00,1368.8644
2025-03-12 03:48:00,1353.5519
2025-03-12 03:49:00,1356.1810
2025-03-12 03:50:00,1346.7170
2025-03-12 03:51:00,1353.0134
2025-03-12 03:52:00,1368.8031
2025-03-12 03:53:00,1364.0550
2025-03-12 03:54:00,1362.4138
2025-03-12 03:55:00,1362.7307
2025-03-12 03:56:00,1362.8091
2025-03-12 03:57:00,1360.9260
2025-03-12 03:58:00,1353.4060
2025-03-12 03:59:00,1368.7920
2025-03-12 04:00:00,1361.3589
2025-03-12 04:01:00,1354.8345
2025-03-12 04:02:00,1355.8688
2025-03-12 04:03:00,1363.7838
2025-03-12 04:04:00,1356.0396
2025-03-12 04:05:00,1363.7678
2025-03-12 04:06:00,1370.3964
2025-03-12 04:07:00,1354.8906
2025-03-12 04:08:00,1368.7745
2025-03-12 04:09:00,1368.7721
2025-03-12 04:10:00,1354.8590
2025-03-12 04:11:00,1355.7598
2025-03-12 04:12:00,1354.7048
2025-03-12 04:13:00,1355.2943
2025-03-12 04:14:00,1370.3098
2025-03-12 04:15:00,1354.1828
2025-03-12 04:16:00,1353.8050
2025-03-12 04:17:00,1355.2909
2025-03-12 04:18:00,1363.8586
2025-03-12 04:19:00,1368.7982
2025-03-12 04:20:00,1368.7967
2025-03-12 04:21:00,1363.8078
2025-03-12 04:22:00,1368.7930
2025-03-12 04:23:00,1363.8331
2025-03-12 04:24:00,1368.7962
2025-03-12 04:25:00,1368.7939
2025-03-12 04:26:00,1363.7067
2025-03-12 04:27:00,1368.7967
2025-03-12 04:28:00,1363.7831
2025-03-12 04:29:00,1353.2804
2025-03-12 04:30:00,1353.0026
2025-03-12 04:31:00,1355.4098
2025-03-12 04:32:00,1355.4707
2025-03-12 04:33:00,1370.3650
2025-03-12 04:34:00,1361.5994
2025-03-12 04:35:00,1370.2842
2025-03-12 04:36:00,1363.5224
2025-03-12 04:37:00,1347.4817
2025-03-12 04:38:00,1364.3971
2025-03-12 04:39:00,1362.8803
2025-03-12 04:40:00,1354.7350
2025-03-12 04:41:00,1355.4712
2025-03-12 04:42:00,1362.8274
2025-03-12 04:43:00,1362.8057
2025-03-12 04:44:00,1354.7655
2025-03-12 04:45:00,1361.3006
2025-03-12 04:46:00,1354.9550
2025-03-12 04:47:00,1347.4557
2025-03-12 04:48:00,1347.4110
2025-03-12 04:49:00,1347.4557
2025-03-12 04:50:00,1354.8590
2025-03-12 04:51:00,1364.3246
2025-03-12 04:52:00,1347.2945
2025-03-12 04:53:00,1353.9919
2025-03-12 04:54:00,1353.9886
2025-03-12 04:55:00,1353.6532
2025-03-12 04:56:00,1354.0501
2025-03-12 04:57:00,1364.5149
2025-03-12 04:58:00,1357.5688
2025-03-12 04:59:00,1345.3672
2025-03-12 05:00:00,1363.4957
2025-03-12 05:01:00,1356.1246
2025-03-12 05:02:00,1363.9997
2025-03-12 05:03:00,1368.7317
2025-03-12 05:04:00,1364.0348
2025-03-12 05:05:00,1364.4744
2025-03-12 05:06:00,1363.0589
2025-03-12 05:07:00,1368.8665
2025-03-12 05:08:00,1364.4400
2025-03-12 05:09:00,1347.7241
2025-03-12 05:10:00,1368.6057
2025-03-12 05:11:00,1353.7879
2025-03-12 05:12:00,1363.3778
2025-03-12 05:13:00,1354.2489
2025-03-12 05:14:00,1357.1122
2025-03-12 05:15:00,1352.6639
2025-03-12 05:16:00,1363.9199
2025-03-12 05:17:00,1356.3163
2025-03-12 05:18:00,1370.2670
2025-03-12 05:19:00,1355.8430
2025-03-12 05:20:00,1368.6820
2025-03-12 05:21:00,1364.2253
2025-03-12 05:22:00,1361.2394
2025-03-12 05:23:00,1361.0655
2025-03-12 05:24:00,1356.7397
2025-03-12 05:25:00,1354.9863
2025-03-12 05:26:00,1356.3139
2025-03-12 05:27:00,1355.7270
2025-03-12 05:28:00,1352.4020
2025-03-12 05:29:00,1355.2159
2025-03-12 05:30:00,1355.5767
2025-03-12 05:31:00,1355.3438
2025-03-12 05:32:00,1356.3082
2025-03-12 05:33:00,1370.3284
2025-03-12 05:34:00,1355.5767
2025-03-12 05:35:00,1355.2159
2025-03-12 05:36:00,1363.8089
2025-03-12 05:37:00,1354.8908
2025-03-12 05:38:00,1361.3664
2025-03-12 05:39:00,1370.2581
2025-03-12 05:40:00,1355.4026
2025-03-12 05:41:00,1355.7270
2025-03-12 05:42:00,1363.7317
2025-03-12 05:43:00,1354.2110
2025-03-12 05:44:00,1370.3770
2025-03-12 05:45:00,1354.7963
2025-03-12 05:46:00,1354.7963
2025-03-12 05:47:00,1363.6125
2025-03-12 05:48:00,1370.3047
2025-03-12 05:49:00,1363.8605
2025-03-12 05:50:00,1354.9550
2025-03-12 05:51:00,1355.1846
2025-03-12 05:52:00,1370.3770
2025-03-12 05:53:00,1363.9417
2025-03-12 05:54:00,1355.9301
2025-03-12 05:55:00,1355.0504
2025-03-12 05:56:00,1361.3650
2025-03-12 05:57:00,1368.7948
2025-03-12 05:58:00,1355.0182
2025-03-12 05:59:00,1363.9644
2025-03-12 06:00:00,1368.7912
2025-03-12 06:01:00,1363.8840
2025-03-12 06:02:00,1363.7319
2025-03-12 06:03:00,1368.7880
2025-03-12 06:04:00,1368.7709
2025-03-12 06:05:00,1361.3099
2025-03-12 06:06:00,1361.3104
2025-03-12 06:07:00,1370.3726
2025-03-12 06:08:00,1361.2809
2025-03-12 06:09:00,1362.2857
2025-03-12 06:10:00,1361.8679
2025-03-12 06:11:00,1369.5157
2025-03-12 06:12:00,1356.4850
2025-03-12 06:13:00,1363.5420
2025-03-12 06:14:00,1362.9923
2025-03-12 06:15:00,1363.2441
2025-03-12 06:16:00,1355.7427
2025-03-12 06:17:00,1356.0315
2025-03-12 06:18:00,1369.9560
2025-03-12 06:19:00,1363.5224
2025-03-12 06:20:00,1368.7745
2025-03-12 06:21:00,1363.6693
2025-03-12 06:22:00,1368.7760
2025-03-12 06:23:00,1354.7655
2025-03-12 06:24:00,1370.4732
2025-03-12 06:25:00,1368.7939
2025-03-12 06:26:00,1368.7921
2025-03-12 06:27:00,1368.7899
2025-03-12 06:28:00,1355.3856
2025-03-12 06:29:00,1368.7917
2025-03-12 06:30:00,1368.7934
2025-03-12 06:31:00,1353.2632
2025-03-12 06:32:00,1361.3664
2025-03-12 06:33:00,1361.2788
2025-03-12 06:34:00,1363.9153
2025-03-12 06:35:00,1356.4623
2025-03-12 06:36:00,1363.7317
2025-03-12 06:37:00,1363.7067
2025-03-12 06:38:00,1368.7943
2025-03-12 06:39:00,1368.7678
2025-03-12 06:40:00,1369.9530
2025-03-12 06:41:00,1368.7667
2025-03-12 06:42:00,1370.1045
2025-03-12 06:43:00,1364.2345
2025-03-12 06:44:00,1368.7344
2025-03-12 06:45:00,1362.6395
2025-03-12 06:46:00,1362.4089
2025-03-12 06:47:00,1370.0675
2025-03-12 06:48:00,1362.7395
2025-03-12 06:49:00,1362.7126
2025-03-12 06:50:00,1370.2147
2025-03-12 06:51:00,1354.1807
2025-03-12 06:52:00,1364.4444
2025-03-12 06:53:00,1368.5788
2025-03-12 06:54:00,1346.8724
2025-03-12 06:55:00,1370.3019
2025-03-12 06:56:00,1347.0137
2025-03-12 06:57:00,1362.7129
2025-03-12 06:58:00,1362.9025
2025-03-12 06:59:00,1362.4144
2025-03-12 07:00:00,1362.4224
2025-03-12 07:01:00,1362.4235
2025-03-12 07:02:00,1370.2256
2025-03-12 07:03:00,1362.4231
2025-03-12 07:04:00,1370.2220
2025-03-12 07:05:00,1362.7977
2025-03-12 07:06:00,1362.4124
2025-03-12 07:07:00,1362.7764
2025-03-12 07:08:00,1369.8843
2025-03-12 07:09:00,1362.4196
2025-03-12 07:10:00,1362.7576
2025-03-12 07:11:00,1370.2170
2025-03-12 07:12:00,1347.4226
2025-03-12 07:13:00,1353.1126
2025-03-12 07:14:00,1353.8856
2025-03-12 07:15:00,1349.9328
2025-03-12 07:16:00,1352.6568
2025-03-12 07:17:00,1356.0959
2025-03-12 07:18:00,1352.1270
2025-03-12 07:19:00,1369.5180
2025-03-12 07:20:00,1354.1309
2025-03-12 07:21:00,1353.0134
2025-03-12 07:22:00,1363.9856
2025-03-12 07:23:00,1364.0467
2025-03-12 07:24:00,1353.7507
2025-03-12 07:25:00,1365.1025
2025-03-12 07:26:00,1363.3773
2025-03-12 07:27:00,1351.8436
2025-03-12 07:28:00,1375.0909
2025-03-12 07:29:00,1355.7664
2025-03-12 07:30:00,1362.8054
2025-03-12 07:31:00,1363.3754
2025-03-12 07:32:00,1368.8049
2025-03-12 07:33:00,1370.3665
2025-03-12 07:34:00,1356.2373
2025-03-12 07:35:00,1363.7092
2025-03-12 07:36:00,1356.0674
2025-03-12 07:37:00,1353.1314
2025-03-12 07:38:00,1349.9871
2025-03-12 07:39:00,1353.7180
2025-03-12 07:40:00,1356.2158
2025-03-12 07:41:00,1362.9666
2025-03-12 07:42:00,1370.6154
2025-03-12 07:43:00,1369.8771
2025-03-12 07:44:00,1355.3438
2025-03-12 07:45:00,1368.8044
2025-03-12 07:46:00,1370.6025
2025-03-12 07:47:00,1363.7316
2025-03-12 07:48:00,1368.7987
2025-03-12 07:49:00,1368.7962
2025-03-12 07:50:00,1368.7710
2025-03-12 07:51:00,1368.7710
2025-03-12 07:52:00,1354.6919
2025-03-12 07:53:00,1356.3407
2025-03-12 07:54:00,1363.0524
2025-03-12 07:55:00,1353.7966
2025-03-12 07:56:00,1353.7700
2025-03-12 07:57:00,1353.6678
2025-03-12 07:58:00,1369.8810
2025-03-12 07:59:00,1368.7832
2025-03-12 08:00:00,1356.4953
2025-03-12 08:01:00,1363.5877
2025-03-12 08:02:00,1368.8005
2025-03-12 08:03:00,1368.8033
2025-03-12 08:04:00,1347.6461
2025-03-12 08:05:00,1362.4275
2025-03-12 08:06:00,1362.8689
2025-03-12 08:07:00,1370.2679
2025-03-12 08:08:00,1362.4238
2025-03-12 08:09:00,1370.2491
2025-03-12 08:10:00,1362.4111
2025-03-12 08:11:00,1357.1434
2025-03-12 08:12:00,1362.7462
2025-03-12 08:13:00,1364.4580
2025-03-12 08:14:00,1362.4147
2025-03-12 08:15:00,1362.7506
2025-03-12 08:16:00,1369.9195
2025-03-12 08:17:00,1363.6734
2025-03-12 08:18:00,1368.7690
2025-03-12 08:19:00,1363.7622
2025-03-12 08:20:00,1368.7710
2025-03-12 08:21:00,1370.4707
2025-03-12 08:22:00,1355.9280
2025-03-12 08:23:00,1370.0337
2025-03-12 08:24:00,1363.7615
2025-03-12 08:25:00,1363.8653
2025-03-12 08:26:00,1353.1483
2025-03-12 08:27:00,1361.7141
2025-03-12 08:28:00,1353.3459
2025-03-12 08:29:00,1353.9248
2025-03-12 08:30:00,1353.8481
2025-03-12 08:31:00,1369.5469
2025-03-12 08:32:00,1363.0553
2025-03-12 08:33:00,1369.7095
2025-03-12 08:34:00,1356.6362
2025-03-12 08:35:00,1370.5721
2025-03-12 08:36:00,1368.8066
2025-03-12 08:37:00,1356.2627
2025-03-12 08:38:00,1368.8033
2025-03-12 08:39:00,1362.4260
2025-03-12 08:40:00,1362.4257
2025-03-12 08:41:00,1363.6877
2025-03-12 08:42:00,1370.3256
2025-03-12 08:43:00,1356.0136
2025-03-12 08:44:00,1354.0574
2025-03-12 08:45:00,1362.5871
2025-03-12 08:46:00,1356.4368
2025-03-12 08:47:00,1356.7568
2025-03-12 08:48:00,1362.6763
2025-03-12 08:49:00,1370.5195
2025-03-12 08:50:00,1364.0589
2025-03-12 08:51:00,1357.5244
2025-03-12 08:52:00,1356.0333
2025-03-12 08:53:00,1363.8653
2025-03-12 08:54:00,1356.1056
2025-03-12 08:55:00,1355.1643
2025-03-12 08:56:00,1355.7981
2025-03-12 08:57:00,1368.8029
2025-03-12 08:58:00,1368.8028
2025-03-12 08:59:00,1362.4275
2025-03-12 09:00:00,1370.2652
2025-03-12 09:02:00,1369.6666
2025-03-12 09:03:00,1370.2491
2025-03-12 09:04:00,1368.8375
2025-03-12 09:05:00,1362.4249
2025-03-12 09:06:00,1347.9238
2025-03-12 09:07:00,1362.4242
2025-03-12 09:08:00,1348.0143
2025-03-12 09:09:00,1364.4019
2025-03-12 09:10:00,1362.9164
2025-03-12 09:11:00,1354.1958
2025-03-12 09:12:00,1368.5244
2025-03-12 09:13:00,1368.6869
2025-03-12 09:14:00,1362.6104
2025-03-12 09:15:00,1346.7196
2025-03-12 09:16:00,1370.3231
2025-03-12 09:17:00,1364.3522
2025-03-12 09:18:00,1362.4287
2025-03-12 09:19:00,1362.4253
2025-03-12 09:20:00,1348.1386
2025-03-12 09:21:00,1362.8289
2025-03-12 09:22:00,1347.7683
2025-03-12 09:23:00,1347.5347
2025-03-12 09:24:00,1347.4118
2025-03-12 09:25:00,1363.7128
2025-03-12 09:26:00,1368.4853
2025-03-12 09:27:00,1363.6449
2025-03-12 09:28:00,1355.7609
2025-03-12 09:29:00,1368.7728
2025-03-12 09:30:00,1363.0137
2025-03-12 09:31:00,1370.4225
2025-03-12 09:32:00,1356.0726
2025-03-12 09:33:00,1370.5020
2025-03-12 09:34:00,1363.6950
2025-03-12 09:35:00,1363.8964
2025-03-12 09:36:00,1368.7968
2025-03-12 09:37:00,1368.7963
2025-03-12 09:38:00,1364.0535
2025-03-12 09:39:00,1368.7968
2025-03-12 09:40:00,1363.7884
2025-03-12 09:41:00,1370.3825
2025-03-12 09:42:00,1370.3577
2025-03-12 09:43:00,1370.2534
2025-03-12 09:44:00,1353.6611
2025-03-12 09:45:00,1363.7215
2025-03-12 09:46:00,1368.8023
2025-03-12 09:47:00,1368.7778
2025-03-12 09:48:00,1370.5140
2025-03-12 09:49:00,1368.8012
2025-03-12 09:50:00,1363.6943
2025-03-12 09:51:00,1355.7935
2025-03-12 09:52:00,1363.6401
2025-03-12 09:53:00,1356.1661
2025-03-12 09:54:00,1355.6036
2025-03-12 09:55:00,1363.6256
2025-03-12 09:56:00,1370.3904
2025-03-12 09:57:00,1370.2427
2025-03-12 09:58:00,1368.7710
2025-03-12 09:59:00,1368.7714
2025-03-12 10:00:00,1370.4613
2025-03-12 10:01:00,1355.0338
2025-03-12 10:02:00,1354.9687
2025-03-12 10:03:00,1363.6164
2025-03-12 10:04:00,1368.7922
2025-03-12 10:05:00,1370.4636
2025-03-12 10:06:00,1355.8356
2025-03-12 10:07:00,1361.8805
2025-03-12 10:08:00,1356.6104
2025-03-12 10:09:00,1355.9993
2025-03-12 10:10:00,1350.9574
2025-03-12 10:11:00,1356.8326
2025-03-12 10:12:00,1352.7715
2025-03-12 10:13:00,1363.6419
2025-03-12 10:14:00,1368.8066
2025-03-12 10:15:00,1357.1681
2025-03-12 10:16:00,1364.0045
2025-03-12 10:17:00,1368.7973
2025-03-12 10:18:00,1370.4370
2025-03-12 10:19:00,1370.5130
2025-03-12 10:20:00,1356.5261
2025-03-12 10:21:00,1370.4466
2025-03-12 10:22:00,1370.4141
2025-03-12 10:23:00,1370.4613
2025-03-12 10:24:00,1354.6051
2025-03-12 10:25:00,1347.1431
2025-03-12 10:26:00,1362.4105
2025-03-12 10:27:00,1347.3788
2025-03-12 10:28:00,1362.9384
2025-03-12 10:29:00,1363.0961
2025-03-12 10:30:00,1362.4175
2025-03-12 10:31:00,1363.1043
2025-03-12 10:32:00,1369.8848
2025-03-12 10:33:00,1356.1425
2025-03-12 10:34:00,1363.7618
2025-03-12 10:35:00,1363.7109
2025-03-12 10:36:00,1362.4217
2025-03-12 10:37:00,1362.4108
2025-03-12 10:38:00,1369.9640
2025-03-12 10:39:00,1368.7671
2025-03-12 10:40:00,1362.9939
2025-03-12 10:41:00,1362.9680
2025-03-12 10:42:00,1370.1290
2025-03-12 10:43:00,1353.6883
2025-03-12 10:44:00,1353.1906
2025-03-12 10:45:00,1349.9809
2025-03-12 10:46:00,1353.5393
2025-03-12 10:47:00,1354.2466
2025-03-12 10:48:00,1353.4016
2025-03-12 10:49:00,1354.4826
2025-03-12 10:50:00,1365.3962
2025-03-12 10:51:00,1368.8203
2025-03-12 10:52:00,1370.7156
2025-03-12 10:53:00,1363.0960
2025-03-12 10:54:00,1370.2362
2025-03-12 10:55:00,1363.3679
2025-03-12 10:56:00,1368.8007
2025-03-12 10:57:00,1363.8159
2025-03-12 10:58:00,1355.4763
2025-03-12 10:59:00,1355.5106
2025-03-12 11:00:00,1363.8964
2025-03-12 11:01:00,1368.7950
2025-03-12 11:02:00,1355.6537
2025-03-12 11:03:00,1368.7992
2025-03-12 11:04:00,1356.2002
2025-03-12 11:05:00,1369.9376
2025-03-12 11:06:00,1368.8003
2025-03-12 11:07:00,1357.5919
2025-03-12 11:08:00,1368.7945
2025-03-12 11:09:00,1369.7036
2025-03-12 11:10:00,1355.8265
2025-03-12 11:11:00,1363.7104
2025-03-12 11:12:00,1368.7972
2025-03-12 11:13:00,1363.9434
2025-03-12 11:14:00,1369.9955
2025-03-12 11:15:00,1363.8888
2025-03-12 11:16:00,1368.7921
2025-03-12 11:17:00,1363.9434
2025-03-12 11:18:00,1368.7841
2025-03-12 11:19:00,1355.4173
2025-03-12 11:20:00,1355.6944
2025-03-12 11:21:00,1368.7713
2025-03-12 11:22:00,1369.9393
2025-03-12 11:23:00,1368.7934
2025-03-12 11:24:00,1368.7871
2025-03-12 11:25:00,1355.0565
2025-03-12 11:26:00,1368.7916
2025-03-12 11:27:00,1354.1504
2025-03-12 11:28:00,1353.6472
2025-03-12 11:29:00,1354.0961
2025-03-12 11:30:00,1353.1557
2025-03-12 11:31:00,1354.1002
2025-03-12 11:32:00,1375.0909
2025-03-12 11:33:00,1370.8265
2025-03-12 11:34:00,1363.3627
2025-03-12 11:35:00,1353.0067
2025-03-12 11:36:00,1353.8365
2025-03-12 11:37:00,1364.6819
2025-03-12 11:38:00,1370.2270
2025-03-12 11:39:00,1363.1009
2025-03-12 11:40:00,1363.2664
2025-03-12 11:41:00,1363.7999
2025-03-12 11:42:00,1363.6419
2025-03-12 11:43:00,1356.9101
2025-03-12 11:44:00,1363.9504
2025-03-12 11:45:00,1356.5955
2025-03-12 11:46:00,1368.7978
2025-03-12 11:47:00,1368.8003
2025-03-12 11:48:00,1363.8423
2025-03-12 11:49:00,1368.7750
2025-03-12 11:50:00,1363.0705
2025-03-12 11:51:00,1368.7759
2025-03-12 11:52:00,1363.9915
2025-03-12 11:53:00,1354.9911
2025-03-12 11:54:00,1363.8648
2025-03-12 11:55:00,1363.5557
2025-03-12 11:56:00,1355.2877
2025-03-12 11:57:00,1368.7699
2025-03-12 11:58:00,1356.9335
2025-03-12 11:59:00,1356.2301
2025-03-12 12:00:00,1353.6760
2025-03-12 12:01:00,1364.0230
2025-03-12 12:02:00,1363.9899
2025-03-12 12:03:00,1362.3968
2025-03-12 12:04:00,1363.0275
2025-03-12 12:05:00,1362.4611
2025-03-12 12:06:00,1369.7636
2025-03-12 12:07:00,1362.4155
2025-03-12 12:08:00,1364.2814
2025-03-12 12:09:00,1362.8501
2025-03-12 12:10:00,1370.2986
2025-03-12 12:11:00,1347.4240
2025-03-12 12:12:00,1362.5877
2025-03-12 12:13:00,1362.4148
2025-03-12 12:14:00,1347.0951
2025-03-12 12:15:00,1368.8327
2025-03-12 12:16:00,1363.9636
2025-03-12 12:17:00,1364.2890
2025-03-12 12:18:00,1362.6018
2025-03-12 12:19:00,1362.6891
2025-03-12 12:20:00,1347.3686
2025-03-12 12:21:00,1362.4240
2025-03-12 12:22:00,1364.7015
2025-03-12 12:23:00,1368.7409
2025-03-12 12:24:00,1362.4151
2025-03-12 12:25:00,1364.3124
2025-03-12 12:26:00,1362.4302
2025-03-12 12:27:00,1363.0649
2025-03-12 12:28:00,1357.2052
2025-03-12 12:29:00,1355.3164
2025-03-12 12:30:00,1370.1976
2025-03-12 12:31:00,1347.2680
2025-03-12 12:32:00,1364.4245
2025-03-12 12:33:00,1362.4243
2025-03-12 12:34:00,1364.5518
2025-03-12 12:35:00,1363.8406
2025-03-12 12:36:00,1353.7154
2025-03-12 12:37:00,1353.6211
2025-03-12 12:38:00,1369.9980
2025-03-12 12:39:00,1368.7875
2025-03-12 12:40:00,1370.0900
2025-03-12 12:41:00,1368.8077
2025-03-12 12:42:00,1368.8066
2025-03-12 12:43:00,1368.8039
2025-03-12 12:44:00,1357.5322
2025-03-12 12:45:00,1368.8045
2025-03-12 12:46:00,1357.0157
2025-03-12 12:47:00,1363.7095
2025-03-12 12:48:00,1352.8949
2025-03-12 12:49:00,1356.4611
2025-03-12 12:50:00,1370.0128
2025-03-12 12:51:00,1369.9401
2025-03-12 12:52:00,1375.0909
2025-03-12 12:53:00,1370.2953
2025-03-12 12:54:00,1369.9130
2025-03-12 12:55:00,1354.1008
2025-03-12 12:56:00,1353.1764
2025-03-12 12:57:00,1363.5599
2025-03-12 12:58:00,1370.2328
2025-03-12 12:59:00,1365.4861
2025-03-12 13:00:00,1369.8621
2025-03-12 13:01:00,1363.6064
2025-03-12 13:02:00,1351.2895
2025-03-12 13:03:00,1363.7167
2025-03-12 13:04:00,1353.5026
2025-03-12 13:05:00,1358.1635
2025-03-12 13:06:00,1353.9040
2025-03-12 13:07:00,1353.5095
2025-03-12 13:08:00,1375.0909
2025-03-12 13:09:00,1363.1439
2025-03-12 13:10:00,1363.3691
2025-03-12 13:11:00,1368.7842
2025-03-12 13:12:00,1363.4208
2025-03-12 13:13:00,1368.8045
2025-03-12 13:14:00,1368.7827
2025-03-12 13:15:00,1363.6944
2025-03-12 13:16:00,1368.8066
2025-03-12 13:17:00,1368.7745
2025-03-12 13:18:00,1355.9115
2025-03-12 13:19:00,1368.7754
2025-03-12 13:20:00,1368.7977
2025-03-12 13:21:00,1356.1237
2025-03-12 13:22:00,1370.3941
2025-03-12 13:23:00,1356.4318
2025-03-12 13:24:00,1363.7359
2025-03-12 13:25:00,1357.5322
2025-03-12 13:26:00,1363.6160
2025-03-12 13:27:00,1370.0728
2025-03-12 13:28:00,1369.6038
2025-03-12 13:29:00,1370.1576
2025-03-12 13:30:00,1362.4137
2025-03-12 13:31:00,1362.4171
2025-03-12 13:32:00,1362.7055
2025-03-12 13:33:00,1370.1550
2025-03-12 13:34:00,1362.4221
2025-03-12 13:35:00,1362.4238
2025-03-12 13:36:00,1370.2342
2025-03-12 13:37:00,1370.0422
2025-03-12 13:38:00,1370.3957
2025-03-12 13:39:00,1370.4195
2025-03-12 13:40:00,1370.3002
2025-03-12 13:41:00,1368.7977
2025-03-12 13:42:00,1369.9335
2025-03-12 13:43:00,1370.2363
2025-03-12 13:44:00,1362.4127
2025-03-12 13:45:00,1362.8283
2025-03-12 13:46:00,1370.3496
2025-03-12 13:47:00,1355.3828
2025-03-12 13:48:00,1368.7953
2025-03-12 13:49:00,1370.4271
2025-03-12 13:50:00,1370.4844
2025-03-12 13:51:00,1369.6786
2025-03-12 13:52:00,1363.6002
2025-03-12 13:53:00,1370.0287
2025-03-12 13:54:00,1354.6252
2025-03-12 13:55:00,1370.5188
2025-03-12 13:56:00,1354.1000
2025-03-12 13:57:00,1353.3727
2025-03-12 13:58:00,1353.6616
2025-03-12 13:59:00,1356.9230
2025-03-12 14:00:00,1353.3865
2025-03-12 14:01:00,1369.4971
2025-03-12 14:02:00,1375.0909
2025-03-12 14:03:00,1354.0585
2025-03-12 14:04:00,1370.2909
2025-03-12 14:05:00,1362.8039
2025-03-12 14:06:00,1368.8181
2025-03-12 14:07:00,1363.0509
2025-03-12 14:08:00,1368.7870
2025-03-12 14:09:00,1368.7832
2025-03-12 14:10:00,1363.1157
2025-03-12 14:11:00,1357.3004
2025-03-12 14:12:00,1363.6702
2025-03-12 14:13:00,1356.5866
2025-03-12 14:14:00,1368.7759
2025-03-12 14:15:00,1370.1879
2025-03-12 14:16:00,1363.6014
2025-03-12 14:17:00,1368.8038
2025-03-12 14:18:00,1356.9744
2025-03-12 14:19:00,1356.1237
2025-03-12 14:20:00,1363.9495
2025-03-12 14:21:00,1352.2297
2025-03-12 14:22:00,1353.9908
2025-03-12 14:23:00,1362.1653
2025-03-12 14:24:00,1370.0659
2025-03-12 14:25:00,1368.8089
2025-03-12 14:26:00,1368.7792
2025-03-12 14:27:00,1357.0998
2025-03-12 14:28:00,1357.6680
2025-03-12 14:29:00,1363.8169
2025-03-12 14:30:00,1357.7143
2025-03-12 14:31:00,1357.4010
2025-03-12 14:32:00,1363.7890
2025-03-12 14:33:00,1370.3222
2025-03-12 14:34:00,1356.6233
2025-03-12 14:35:00,1363.6598
2025-03-12 14:36:00,1363.0692
2025-03-12 14:37:00,1368.8012
2025-03-12 14:38:00,1352.5261
2025-03-12 14:39:00,1353.8447
2025-03-12 14:40:00,1370.4236
2025-03-12 14:41:00,1356.0692
2025-03-12 14:42:00,1369.6896
2025-03-12 14:43:00,1369.6593
2025-03-12 14:44:00,1363.2508
2025-03-12 14:45:00,1368.7822
2025-03-12 14:46:00,1356.9449
2025-03-12 14:47:00,1368.8045
2025-03-12 14:48:00,1362.5536
2025-03-12 14:49:00,1363.7089
2025-03-12 14:50:00,1370.2819
2025-03-12 14:51:00,1370.2051
2025-03-12 14:52:00,1368.7974
2025-03-12 14:53:00,1361.9980
2025-03-12 14:54:00,1368.7998
2025-03-12 14:55:00,1363.9531
2025-03-12 14:56:00,1363.7095
2025-03-12 14:57:00,1352.9785
2025-03-12 14:58:00,1353.8548
2025-03-12 14:59:00,1362.6378
2025-03-12 15:00:00,1353.5246
2025-03-12 15:01:00,1353.9135
2025-03-12 15:02:00,1353.7257
2025-03-12 15:03:00,1354.1452
2025-03-12 15:04:00,1354.0897
2025-03-12 15:05:00,1353.9865
2025-03-12 15:06:00,1358.5057
2025-03-12 15:07:00,1370.2803
2025-03-12 15:08:00,1358.4029
2025-03-12 15:09:00,1365.6389
2025-03-12 15:10:00,1358.3060
2025-03-12 15:11:00,1357.9394
2025-03-12 15:12:00,1368.7859
2025-03-12 15:13:00,1363.1264
2025-03-12 15:14:00,1359.2963
2025-03-12 15:15:00,1369.8800
2025-03-12 15:16:00,1370.1076
2025-03-12 15:17:00,1363.4498
2025-03-12 15:18:00,1363.6553
2025-03-12 15:19:00,1363.5872
2025-03-12 15:20:00,1363.6107
2025-03-12 15:21:00,1370.1795
2025-03-12 15:22:00,1363.4142
2025-03-12 15:23:00,1370.3627
2025-03-12 15:24:00,1370.4617
2025-03-12 15:25:00,1369.6381
2025-03-12 15:26:00,1363.5431
2025-03-12 15:27:00,1355.8934
2025-03-12 15:28:00,1368.8049
2025-03-12 15:29:00,1363.6582
2025-03-12 15:30:00,1357.0157
2025-03-12 15:31:00,1368.7745
2025-03-12 15:32:00,1355.5912
2025-03-12 15:33:00,1356.3004
2025-03-12 15:34:00,1370.2978
2025-03-12 15:35:00,1368.8028
2025-03-12 15:36:00,1375.0909
2025-03-12 15:37:00,1368.8002
2025-03-12 15:38:00,1368.8007
2025-03-12 15:39:00,1356.1155
2025-03-12 15:40:00,1368.7803
2025-03-12 15:41:00,1346.5404
2025-03-12 15:42:00,1347.2325
2025-03-12 15:43:00,1368.7984
2025-03-12 15:44:00,1370.3610
2025-03-12 15:45:00,1370.3646
2025-03-12 15:46:00,1355.2500
2025-03-12 15:47:00,1354.5960
2025-03-12 15:48:00,1363.4294
2025-03-12 15:49:00,1355.1259
2025-03-12 15:50:00,1369.9306
2025-03-12 15:51:00,1354.2309
2025-03-12 15:52:00,1368.8044
2025-03-12 15:53:00,1363.6210
2025-03-12 15:54:00,1370.5145
2025-03-12 15:55:00,1370.3866
2025-03-12 15:56:00,1368.7783
2025-03-12 15:57:00,1368.7772
2025-03-12 15:58:00,1370.3931
2025-03-12 15:59:00,1356.1382
2025-03-12 16:00:00,1368.7777
2025-03-12 16:01:00,1363.6520
2025-03-12 16:02:00,1363.4142
2025-03-12 16:03:00,1369.9947
2025-03-12 16:04:00,1363.4977
2025-03-12 16:05:00,1363.7299
2025-03-12 16:06:00,1370.0247
2025-03-12 16:07:00,1370.0935
2025-03-12 16:08:00,1370.0721
2025-03-12 16:09:00,1370.0641
2025-03-12 16:10:00,1363.1022
2025-03-12 16:11:00,1363.4220
2025-03-12 16:12:00,1363.3209
2025-03-12 16:13:00,1363.4294
2025-03-12 16:14:00,1355.3088
2025-03-12 16:15:00,1368.8039
2025-03-12 16:16:00,1363.4023
2025-03-12 16:17:00,1370.5257
2025-03-12 16:18:00,1368.7992
2025-03-12 16:19:00,1369.7197
2025-03-12 16:20:00,1370.0457
2025-03-12 16:21:00,1368.7777
2025-03-12 16:22:00,1370.5541
2025-03-12 16:23:00,1370.4675
2025-03-12 16:24:00,1370.5596
2025-03-12 16:25:00,1355.3088
2025-03-12 16:26:00,1368.7728
2025-03-12 16:27:00,1370.0117
2025-03-12 16:28:00,1370.5063
2025-03-12 16:29:00,1369.9440
2025-03-12 16:30:00,1363.6520
2025-03-12 16:31:00,1355.1259
2025-03-12 16:32:00,1368.8039
2025-03-12 16:33:00,1370.3723
2025-03-12 16:34:00,1368.7803
2025-03-12 16:35:00,1363.4220
2025-03-12 16:36:00,1355.9176
2025-03-12 16:37:00,1355.7631
2025-03-12 16:38:00,1354.3071
2025-03-12 16:39:00,1370.4428
2025-03-12 16:40:00,1370.5596
2025-03-12 16:41:00,1370.5369
2025-03-12 16:42:00,1368.8049
2025-03-12 16:43:00,1363.3943
2025-03-12 16:44:00,1368.7803
2025-03-12 16:45:00,1368.7773
2025-03-12 16:46:00,1368.7984
2025-03-12 16:47:00,1369.9874
2025-03-12 16:48:00,1363.5746
2025-03-12 16:49:00,1370.5168
2025-03-12 16:50:00,1363.4515
2025-03-12 16:51:00,1363.5980
2025-03-12 16:52:00,1363.3805
2025-03-12 16:53:00,1355.8547
2025-03-12 16:54:00,1356.3666
2025-03-12 16:55:00,1368.7749
2025-03-12 16:56:00,1368.8072
2025-03-12 16:57:00,1363.0867
2025-03-12 16:58:00,1370.0629
2025-03-12 16:59:00,1370.5778
2025-03-12 17:00:00,1363.3577
2025-03-12 17:01:00,1363.5746
2025-03-12 17:02:00,1352.6163
2025-03-12 17:03:00,1354.0052
2025-03-12 17:04:00,1353.7146
2025-03-12 17:05:00,1353.3279
2025-03-12 17:06:00,1370.3651
2025-03-12 17:07:00,1368.7979
2025-03-12 17:08:00,1375.0909
2025-03-12 17:09:00,1358.5965
2025-03-12 17:10:00,1368.7881
2025-03-12 17:11:00,1363.1533
2025-03-12 17:12:00,1370.6619
2025-03-12 17:13:00,1368.7859
2025-03-12 17:14:00,1363.3320
2025-03-12 17:15:00,1363.4923
2025-03-12 17:16:00,1356.7286
2025-03-12 17:17:00,1363.4565
2025-03-12 17:18:00,1370.3183
2025-03-12 17:19:00,1368.8050
2025-03-12 17:20:00,1369.9943
2025-03-12 17:21:00,1370.3646
2025-03-12 17:22:00,1370.4001
2025-03-12 17:23:00,1369.9660
2025-03-12 17:24:00,1368.8077
2025-03-12 17:25:00,1363.4001
2025-03-12 17:26:00,1356.6516
2025-03-12 17:27:00,1370.4269
2025-03-12 17:28:00,1363.4283
2025-03-12 17:29:00,1368.7984
2025-03-12 17:30:00,1363.4220
2025-03-12 17:31:00,1368.8077
2025-03-12 17:32:00,1370.0995
2025-03-12 17:33:00,1368.7759
2025-03-12 17:34:00,1356.4008
2025-03-12 17:35:00,1368.7797
2025-03-12 17:36:00,1370.5845
2025-03-12 17:37:00,1363.4721
2025-03-12 17:38:00,1363.4283
2025-03-12 17:39:00,1370.5668
2025-03-12 17:40:00,1368.7755
2025-03-12 17:41:00,1370.0692
2025-03-12 17:42:00,1370.2948
2025-03-12 17:43:00,1363.4935
2025-03-12 17:44:00,1368.8034
2025-03-12 17:45:00,1370.5965
2025-03-12 17:46:00,1370.2697
2025-03-12 17:47:00,1369.6917
2025-03-12 17:48:00,1368.7759
2025-03-12 17:49:00,1370.5657
2025-03-12 17:50:00,1368.8017
2025-03-12 17:51:00,1356.0480
2025-03-12 17:52:00,1368.7773
2025-03-12 17:53:00,1368.7759
2025-03-12 17:54:00,1368.7777
2025-03-12 17:55:00,1363.2340
2025-03-12 17:56:00,1368.7833
2025-03-12 17:57:00,1368.8083
2025-03-12 17:58:00,1368.8013
2025-03-12 17:59:00,1368.8028
2025-03-12 18:00:00,1356.0815
2025-03-12 18:01:00,1368.7833
2025-03-12 18:02:00,1370.5483
2025-03-12 18:03:00,1368.8072
2025-03-12 18:04:00,1369.9440
2025-03-12 18:05:00,1364.0418
2025-03-12 18:06:00,1364.0485
2025-03-12 18:07:00,1353.1163
2025-03-12 18:08:00,1353.5760
2025-03-12 18:09:00,1352.5972
2025-03-12 18:10:00,1370.5176
2025-03-12 18:11:00,1369.7618
2025-03-12 18:12:00,1362.2703
2025-03-12 18:13:00,1370.2543
2025-03-12 18:14:00,1347.2075
2025-03-12 18:15:00,1346.7219
2025-03-12 18:16:00,1362.5366
2025-03-12 18:17:00,1362.4303
2025-03-12 18:18:00,1362.4193
2025-03-12 18:19:00,1369.9411
2025-03-12 18:20:00,1362.5438
2025-03-12 18:21:00,1368.4788
2025-03-12 18:22:00,1362.4279
2025-03-12 18:23:00,1369.9424
2025-03-12 18:24:00,1362.4182
2025-03-12 18:25:00,1370.2617
2025-03-12 18:26:00,1369.9311
2025-03-12 18:27:00,1362.5738
2025-03-12 18:28:00,1354.3908
2025-03-12 18:29:00,1364.5182
2025-03-12 18:30:00,1354.2663
2025-03-12 18:31:00,1354.2426
2025-03-12 18:32:00,1362.4394
2025-03-12 18:33:00,1346.5105
2025-03-12 18:34:00,1362.4364
2025-03-12 18:35:00,1369.9765
2025-03-12 18:36:00,1362.4319
2025-03-12 18:37:00,1369.9717
2025-03-12 18:38:00,1362.4318
2025-03-12 18:39:00,1362.5252
2025-03-12 18:40:00,1369.9405
2025-03-12 18:41:00,1369.8503
2025-03-12 18:42:00,1370.2980
2025-03-12 18:43:00,1369.5782
2025-03-12 18:44:00,1362.4141
2025-03-12 18:45:00,1370.1815
2025-03-12 18:46:00,1362.4151
2025-03-12 18:47:00,1370.1847
2025-03-12 18:48:00,1362.4189
2025-03-12 18:49:00,1364.0418
2025-03-12 18:50:00,1369.9474
2025-03-12 18:51:00,1362.5549
2025-03-12 18:52:00,1362.6389
2025-03-12 18:53:00,1362.4196
2025-03-12 18:54:00,1370.2940
2025-03-12 18:55:00,1369.6483
2025-03-12 18:56:00,1362.4196
2025-03-12 18:57:00,1368.8012
2025-03-12 18:58:00,1355.1480
2025-03-12 18:59:00,1363.2721
2025-03-12 19:00:00,1363.3209
2025-03-12 19:01:00,1370.3117
2025-03-12 19:02:00,1370.0288
2025-03-12 19:03:00,1370.4337
2025-03-12 19:04:00,1370.5302
2025-03-12 19:05:00,1369.7214
2025-03-12 19:06:00,1370.3932
2025-03-12 19:07:00,1370.4675
2025-03-12 19:08:00,1369.9946
2025-03-12 19:09:00,1370.5541
2025-03-12 19:10:00,1368.8017
2025-03-12 19:11:00,1368.7745
2025-03-12 19:12:00,1369.9776
2025-03-12 19:13:00,1370.5242
2025-03-12 19:14:00,1363.6027
2025-03-12 19:15:00,1370.4675
2025-03-12 19:16:00,1370.4821
2025-03-12 19:17:00,1368.8012
2025-03-12 19:18:00,1370.5063
2025-03-12 19:19:00,1370.5302
2025-03-12 19:20:00,1370.4579
2025-03-12 19:21:00,1363.4294
2025-03-12 19:22:00,1370.0759
2025-03-12 19:23:00,1370.4922
2025-03-12 19:24:00,1368.7973
2025-03-12 19:25:00,1370.5541
2025-03-12 19:26:00,1369.5085
2025-03-12 19:27:00,1369.7149
2025-03-12 19:28:00,1370.5483
2025-03-12 19:29:00,1370.0846
2025-03-12 19:30:00,1370.5414
2025-03-12 19:31:00,1370.4579
2025-03-12 19:32:00,1368.7732
2025-03-12 19:33:00,1368.7984
2025-03-12 19:34:00,1368.8012
2025-03-12 19:35:00,1370.3850
2025-03-12 19:36:00,1363.4023
2025-03-12 19:37:00,1368.7937
2025-03-12 19:38:00,1363.0717
2025-03-12 19:39:00,1370.0450
2025-03-12 19:40:00,1369.9088
2025-03-12 19:41:00,1368.7777
2025-03-12 19:42:00,1369.7282
2025-03-12 19:43:00,1363.5196
2025-03-12 19:44:00,1369.7299
2025-03-12 19:45:00,1368.8049
2025-03-12 19:46:00,1370.5426
2025-03-12 19:47:00,1368.7803
2025-03-12 19:48:00,1370.4428
2025-03-12 19:49:00,1370.3850
2025-03-12 19:50:00,1363.0594
2025-03-12 19:51:00,1369.8537
2025-03-12 19:52:00,1363.0320
2025-03-12 19:53:00,1369.5693
2025-03-12 19:54:00,1368.7755
2025-03-12 19:55:00,1370.5168
2025-03-12 19:56:00,1368.8078
2025-03-12 19:57:00,1368.8061
2025-03-12 19:58:00,1370.4835
2025-03-12 19:59:00,1355.6367
2025-03-12 20:00:00,1370.0816
2025-03-12 20:01:00,1370.6029
2025-03-12 20:02:00,1369.7299
2025-03-12 20:03:00,1369.7402
2025-03-12 20:04:00,1369.7403
2025-03-12 20:05:00,1370.5591
2025-03-12 20:06:00,1370.5339
2025-03-12 20:07:00,1370.5228
2025-03-12 20:08:00,1370.5228
2025-03-12 20:09:00,1369.6934
2025-03-12 20:10:00,1368.7768
2025-03-12 20:11:00,1363.2531
2025-03-12 20:12:00,1370.5372
2025-03-12 20:13:00,1363.3208
2025-03-12 20:14:00,1370.5497
2025-03-12 20:15:00,1369.7437
2025-03-12 20:16:00,1370.5908
2025-03-12 20:17:00,1369.7293
2025-03-12 20:18:00,1370.3850
2025-03-12 20:19:00,1368.8039
2025-03-12 20:20:00,1363.2886
2025-03-12 20:21:00,1368.7802
2025-03-12 20:22:00,1368.7807
2025-03-12 20:23:00,1363.1728
2025-03-12 20:24:00,1370.6224
2025-03-12 20:25:00,1370.4981
2025-03-12 20:26:00,1368.7777
2025-03-12 20:27:00,1369.7353
2025-03-12 20:28:00,1369.6509
2025-03-12 20:29:00,1369.8943
2025-03-12 20:30:00,1369.9630
2025-03-12 20:31:00,1369.9106
2025-03-12 20:32:00,1370.3160
2025-03-12 20:33:00,1369.8375
2025-03-12 20:34:00,1362.4175
2025-03-12 20:35:00,1370.2748
2025-03-12 20:36:00,1369.8691
2025-03-12 20:37:00,1362.4196
2025-03-12 20:38:00,1369.6348
2025-03-12 20:39:00,1345.9862
2025-03-12 20:40:00,1370.5228
2025-03-12 20:41:00,1370.0693
2025-03-12 20:42:00,1370.5842
2025-03-12 20:43:00,1368.7832
2025-03-12 20:44:00,1363.2886
2025-03-12 20:45:00,1363.2264
2025-03-12 20:46:00,1363.7585
2025-03-12 20:47:00,1353.7432
2025-03-12 20:48:00,1368.8150
2025-03-12 20:49:00,1368.8189
2025-03-12 20:50:00,1370.6622
2025-03-12 20:51:00,1363.2295
2025-03-12 20:52:00,1369.9804
2025-03-12 20:53:00,1363.2130
2025-03-12 20:54:00,1370.6224
2025-03-12 20:55:00,1369.6904
2025-03-12 20:56:00,1369.7092
2025-03-12 20:57:00,1363.1049
2025-03-12 20:58:00,1370.0318
2025-03-12 20:59:00,1369.7005
2025-03-12 21:00:00,1370.0936
2025-03-12 21:01:00,1370.0876
2025-03-12 21:02:00,1370.0816
2025-03-12 21:03:00,1369.7397
2025-03-12 21:04:00,1370.0499
2025-03-12 21:05:00,1368.8049
2025-03-12 21:06:00,1368.7838
2025-03-12 21:07:00,1363.4405
2025-03-12 21:08:00,1370.1027
2025-03-12 21:09:00,1368.7807
2025-03-12 21:10:00,1370.0326
2025-03-12 21:11:00,1355.6110
2025-03-12 21:12:00,1370.4733
2025-03-12 21:13:00,1370.4328
2025-03-12 21:14:00,1369.6152
2025-03-12 21:15:00,1370.0333
2025-03-12 21:16:00,1369.9630
2025-03-12 21:17:00,1369.9804
2025-03-12 21:18:00,1355.2474
2025-03-12 21:19:00,1363.2264
2025-03-12 21:20:00,1370.3312
2025-03-12 21:21:00,1362.4203
2025-03-12 21:22:00,1369.7197
2025-03-12 21:23:00,1368.8072
2025-03-12 21:24:00,1369.7608
2025-03-12 21:25:00,1368.7807
2025-03-12 21:26:00,1370.5848
2025-03-12 21:27:00,1368.7811
2025-03-12 21:28:00,1370.4237
2025-03-12 21:29:00,1369.9281
2025-03-12 21:30:00,1369.7166
2025-03-12 21:31:00,1370.5968
2025-03-12 21:32:00,1370.5908
2025-03-12 21:33:00,1368.8050
2025-03-12 21:34:00,1370.5591
2025-03-12 21:35:00,1363.0927
2025-03-12 21:36:00,1369.6340
2025-03-12 21:37:00,1370.3564
2025-03-12 21:38:00,1368.7838
2025-03-12 21:39:00,1363.1460
2025-03-12 21:40:00,1363.2704
2025-03-12 21:41:00,1369.9978
2025-03-12 21:42:00,1369.9804
2025-03-12 21:43:00,1370.0326
2025-03-12 21:44:00,1363.2704
2025-03-12 21:45:00,1370.5591
2025-03-12 21:46:00,1370.1157
2025-03-12 21:47:00,1356.3248
2025-03-12 21:48:00,1353.8212
2025-03-12 21:49:00,1356.2261
2025-03-12 21:50:00,1370.6413
2025-03-12 21:51:00,1368.8151
2025-03-12 21:52:00,1370.6878
2025-03-12 21:53:00,1370.6298
2025-03-12 21:54:00,1370.6349
2025-03-12 21:55:00,1370.6424
2025-03-12 21:56:00,1368.8119
2025-03-12 21:57:00,1368.8089
2025-03-12 21:58:00,1368.8078
2025-03-12 21:59:00,1368.8113
2025-03-12 22:00:00,1368.7797
2025-03-12 22:01:00,1368.7768
2025-03-12 22:02:00,1355.7263
2025-03-12 22:03:00,1370.4835
2025-03-12 22:04:00,1370.3564
2025-03-12 22:05:00,1370.5087
2025-03-12 22:06:00,1368.7837
2025-03-12 22:07:00,1363.2431
2025-03-12 22:08:00,1370.5968
2025-03-12 22:09:00,1368.7788
2025-03-12 22:10:00,1370.4940
2025-03-12 22:11:00,1356.2261
2025-03-12 22:12:00,1363.0927
2025-03-12 22:13:00,1370.3564
2025-03-12 22:14:00,1370.1168
2025-03-12 22:15:00,1363.2568
2025-03-12 22:16:00,1368.7832
2025-03-12 22:17:00,1363.8223
2025-03-12 22:18:00,1368.8202
2025-03-12 22:19:00,1370.7449
2025-03-12 22:20:00,1368.7899
2025-03-12 22:21:00,1369.4569
2025-03-12 22:22:00,1369.7079
2025-03-12 22:23:00,1369.7376
2025-03-12 22:24:00,1369.8493
2025-03-12 22:25:00,1370.2419
2025-03-12 22:26:00,1362.3685
2025-03-12 22:27:00,1362.4343
2025-03-12 22:28:00,1362.3464
2025-03-12 22:29:00,1362.4211
2025-03-12 22:30:00,1370.3906
2025-03-12 22:31:00,1369.6879
2025-03-12 22:32:00,1363.7928
2025-03-12 22:33:00,1370.3113
2025-03-12 22:34:00,1369.9693
2025-03-12 22:35:00,1369.9643
2025-03-12 22:36:00,1370.3630
2025-03-12 22:37:00,1369.9580
2025-03-12 22:38:00,1362.4226
2025-03-12 22:39:00,1370.3587
2025-03-12 22:40:00,1370.2748
2025-03-12 22:41:00,1369.8677
2025-03-12 22:42:00,1369.8223
2025-03-12 22:43:00,1370.2376
2025-03-12 22:44:00,1362.4193
2025-03-12 22:45:00,1346.0557
2025-03-12 22:46:00,1369.8968
2025-03-12 22:47:00,1362.3242
2025-03-12 22:48:00,1345.9838
2025-03-12 22:49:00,1369.9425
2025-03-12 22:50:00,1363.2840
2025-03-12 22:51:00,1370.5979
2025-03-12 22:52:00,1370.1168
2025-03-12 22:53:00,1370.1220
2025-03-12 22:54:00,1363.2704
2025-03-12 22:55:00,1356.0690
2025-03-12 22:56:00,1368.7869
2025-03-12 22:57:00,1356.2586
2025-03-12 22:58:00,1370.5198
2025-03-12 22:59:00,1363.2840
2025-03-12 23:00:00,1356.3248
2025-03-12 23:01:00,1370.5968
2025-03-12 23:02:00,1368.7837
2025-03-12 23:03:00,1370.6622
2025-03-12 23:04:00,1368.7811
2025-03-12 23:05:00,1362.4639
2025-03-12 23:06:00,1370.3630
2025-03-12 23:07:00,1362.4015
2025-03-12 23:08:00,1370.3424
2025-03-12 23:09:00,1370.6287
2025-03-12 23:10:00,1370.0499
2025-03-12 23:11:00,1368.7817
2025-03-12 23:12:00,1369.7138
2025-03-12 23:13:00,1368.7822
2025-03-12 23:14:00,1345.9949
2025-03-12 23:15:00,1346.0752
2025-03-12 23:16:00,1369.6970
2025-03-12 23:17:00,1362.4244
2025-03-12 23:18:00,1370.1954
2025-03-12 23:19:00,1362.4234
2025-03-12 23:20:00,1362.4322
2025-03-12 23:21:00,1346.0174
2025-03-12 23:22:00,1370.3485
2025-03-12 23:23:00,1362.4226
2025-03-12 23:24:00,1362.4356
2025-03-12 23:25:00,1368.8150
2025-03-12 23:26:00,1368.8162
2025-03-12 23:27:00,1370.5455
2025-03-12 23:28:00,1363.2704
2025-03-12 23:29:00,1362.4208
2025-03-12 23:30:00,1362.4218
2025-03-12 23:31:00,1362.3905
2025-03-12 23:32:00,1362.5952
2025-03-12 23:33:00,1370.3054
2025-03-12 23:34:00,1368.7870
2025-03-12 23:35:00,1368.7843
2025-03-12 23:36:00,1368.8119
2025-03-12 23:37:00,1368.8119
2025-03-12 23:38:00,1363.4301
2025-03-12 23:39:00,1363.2704
2025-03-12 23:40:00,1368.7849
2025-03-12 23:41:00,1368.8133
2025-03-12 23:42:00,1363.3066
2025-03-12 23:43:00,1363.3322
2025-03-12 23:44:00,1370.4208
2025-03-12 23:45:00,1356.2261
2025-03-12 23:46:00,1363.2744
2025-03-12 23:47:00,1368.8150
2025-03-12 23:48:00,1363.2326
2025-03-12 23:49:00,1359.0737
2025-03-12 23:50:00,1370.6413
2025-03-12 23:51:00,1363.4096
2025-03-12 23:52:00,1370.5455
2025-03-12 23:53:00,1363.1213
2025-03-12 23:54:00,1363.1577
2025-03-12 23:55:00,1375.0909
2025-03-12 23:56:00,1370.6681
2025-03-12 23:57:00,1368.7859
2025-03-12 23:58:00,1363.2883
2025-03-12 23:59:00,1369.8050
2025-03-13 00:00:00,1363.4873
2025-03-13 00:01:00,1353.2609
2025-03-13 00:02:00,1353.2444
2025-03-13 00:03:00,1354.9105
2025-03-13 00:04:00,1357.9704
2025-03-13 00:05:00,1353.9828
2025-03-13 00:06:00,1354.3972
2025-03-13 00:07:00,1354.5442
2025-03-13 00:08:00,1359.2034
2025-03-13 00:09:00,1354.5036
2025-03-13 00:10:00,1354.4666
2025-03-13 00:11:00,1354.5506
2025-03-13 00:12:00,1359.5148
2025-03-13 00:13:00,1354.6176
2025-03-13 00:14:00,1354.6630
2025-03-13 00:15:00,1367.7494
2025-03-13 00:16:00,1366.6449
2025-03-13 00:17:00,1375.0909
2025-03-13 00:18:00,1375.0909
2025-03-13 00:19:00,1357.8943
2025-03-13 00:20:00,1354.4012
2025-03-13 00:21:00,1354.6055
2025-03-13 00:22:00,1354.6837
2025-03-13 00:23:00,1354.7169
2025-03-13 00:24:00,1354.7928
2025-03-13 00:25:00,1354.8131
2025-03-13 00:26:00,1354.9230
2025-03-13 00:27:00,1354.8152
2025-03-13 00:28:00,1354.8375
2025-03-13 00:29:00,1354.9379
2025-03-13 00:30:00,1367.8299
2025-03-13 00:31:00,1367.6204
2025-03-13 00:32:00,1354.9195
2025-03-13 00:33:00,1355.0069
2025-03-13 00:34:00,1354.9380
2025-03-13 00:35:00,1368.2481
2025-03-13 00:36:00,1366.8775
2025-03-13 00:37:00,1366.8775
2025-03-13 00:38:00,1368.0692
2025-03-13 00:39:00,1367.3608
2025-03-13 00:40:00,1366.5481
2025-03-13 00:41:00,1366.0041
2025-03-13 00:42:00,1364.3357
2025-03-13 00:43:00,1366.9994
2025-03-13 00:44:00,1367.5977
2025-03-13 00:45:00,1367.4124
2025-03-13 00:46:00,1367.7411
2025-03-13 00:47:00,1367.0453
2025-03-13 00:48:00,1366.7468
2025-03-13 00:49:00,1366.8053
2025-03-13 00:50:00,1367.3782
2025-03-13 00:51:00,1367.5812
2025-03-13 00:52:00,1366.6711
2025-03-13 00:53:00,1367.3282
2025-03-13 00:54:00,1354.8262
2025-03-13 00:55:00,1354.7968
2025-03-13 00:56:00,1354.8696
2025-03-13 00:57:00,1354.7765
2025-03-13 00:58:00,1354.9030
2025-03-13 00:59:00,1354.7244
2025-03-13 01:00:00,1354.7545
2025-03-13 01:01:00,1354.7545
2025-03-13 01:02:00,1359.9957
2025-03-13 01:03:00,1354.8705
2025-03-13 01:04:00,1354.7879
2025-03-13 01:05:00,1354.7941
2025-03-13 01:06:00,1354.9389
2025-03-13 01:07:00,1354.8804
2025-03-13 01:08:00,1355.0706
2025-03-13 01:09:00,1354.8913
2025-03-13 01:10:00,1355.0621
2025-03-13 01:11:00,1354.7276
2025-03-13 01:12:00,1354.8298
2025-03-13 01:13:00,1360.2005
2025-03-13 01:14:00,1368.0378
2025-03-13 01:15:00,1366.9768
2025-03-13 01:16:00,1359.2812
2025-03-13 01:17:00,1354.8032
2025-03-13 01:18:00,1359.8460
2025-03-13 01:19:00,1354.7780
2025-03-13 01:20:00,1354.7260
2025-03-13 01:21:00,1354.7906
2025-03-13 01:22:00,1354.8138
2025-03-13 01:23:00,1354.8143
2025-03-13 01:24:00,1354.7533
2025-03-13 01:25:00,1355.1251
2025-03-13 01:26:00,1354.8943
2025-03-13 01:27:00,1354.8126
2025-03-13 01:28:00,1354.9227
2025-03-13 01:29:00,1354.7459
2025-03-13 01:30:00,1367.4364
2025-03-13 01:31:00,1354.4668
2025-03-13 01:32:00,1354.8494
2025-03-13 01:33:00,1354.8586
2025-03-13 01:34:00,1354.8125
2025-03-13 01:35:00,1360.1252
2025-03-13 01:36:00,1354.8589
2025-03-13 01:37:00,1354.9583
2025-03-13 01:38:00,1354.8323
2025-03-13 01:39:00,1354.8415
2025-03-13 01:40:00,1354.8041
2025-03-13 01:41:00,1354.6790
2025-03-13 01:42:00,1354.7133
2025-03-13 01:43:00,1354.5062
2025-03-13 01:44:00,1354.8859
2025-03-13 01:45:00,1354.7159
2025-03-13 01:46:00,1354.8549
2025-03-13 01:47:00,1354.9080
2025-03-13 01:48:00,1354.9175
2025-03-13 01:49:00,1355.1378
2025-03-13 01:50:00,1355.1300
2025-03-13 01:51:00,1354.8824
2025-03-13 01:52:00,1355.1253
2025-03-13 01:53:00,1367.8467
2025-03-13 01:54:00,1366.7055
2025-03-13 01:55:00,1368.0089
2025-03-13 01:56:00,1354.6518
2025-03-13 01:57:00,1354.8701
2025-03-13 01:58:00,1354.7034
2025-03-13 01:59:00,1375.0909
2025-03-13 02:00:00,1359.7122
2025-03-13 02:01:00,1354.8694
2025-03-13 02:02:00,1368.0082
2025-03-13 02:03:00,1368.0109
2025-03-13 02:04:00,1359.9728
2025-03-13 02:05:00,1370.4818
2025-03-13 02:06:00,1358.5634
2025-03-13 02:07:00,1359.2546
2025-03-13 02:08:00,1375.0909
2025-03-13 02:09:00,1354.7290
2025-03-13 02:10:00,1354.4717
2025-03-13 02:11:00,1354.8524
2025-03-13 02:12:00,1367.8824
2025-03-13 02:13:00,1367.4295
2025-03-13 02:14:00,1354.3531
2025-03-13 02:15:00,1362.2709
2025-03-13 02:16:00,1370.4077
2025-03-13 02:17:00,1362.2616
2025-03-13 02:18:00,1368.8442
2025-03-13 02:19:00,1368.8303
2025-03-13 02:20:00,1368.8280
2025-03-13 02:21:00,1369.2621
2025-03-13 02:22:00,1365.6349
2025-03-13 02:23:00,1369.1752
2025-03-13 02:24:00,1353.7327
2025-03-13 02:25:00,1354.1230
2025-03-13 02:26:00,1353.8424
2025-03-13 02:27:00,1366.9371
2025-03-13 02:28:00,1368.8726
2025-03-13 02:29:00,1370.3123
2025-03-13 02:30:00,1375.0909
2025-03-13 02:31:00,1356.5299
2025-03-13 02:32:00,1357.5590
2025-03-13 02:33:00,1368.8904
2025-03-13 02:34:00,1362.2344
2025-03-13 02:35:00,1369.0520
2025-03-13 02:36:00,1362.5201
2025-03-13 02:37:00,1370.8062
2025-03-13 02:38:00,1362.6116
2025-03-13 02:39:00,1369.3548
2025-03-13 02:40:00,1362.6951
2025-03-13 02:41:00,1368.8263
2025-03-13 02:42:00,1369.3624
2025-03-13 02:43:00,1365.1891
2025-03-13 02:44:00,1368.8019
2025-03-13 02:45:00,1363.2682
2025-03-13 02:46:00,1368.8200
2025-03-13 02:47:00,1363.1643
2025-03-13 02:48:00,1362.9978
2025-03-13 02:49:00,1363.1643
2025-03-13 02:50:00,1375.0909
2025-03-13 02:51:00,1358.9680
2025-03-13 02:52:00,1362.4307
2025-03-13 02:53:00,1370.3647
2025-03-13 02:54:00,1362.4287
2025-03-13 02:55:00,1362.2577
2025-03-13 02:56:00,1362.0929
2025-03-13 02:57:00,1362.1974
2025-03-13 02:58:00,1362.2020
2025-03-13 02:59:00,1370.2355
2025-03-13 03:00:00,1362.4287
2025-03-13 03:01:00,1362.4387
2025-03-13 03:02:00,1345.8411
2025-03-13 03:03:00,1345.3437
2025-03-13 03:04:00,1362.3273
2025-03-13 03:05:00,1362.4411
2025-03-13 03:06:00,1362.4372
2025-03-13 03:07:00,1362.4616
2025-03-13 03:08:00,1363.0378
2025-03-13 03:09:00,1370.1640
2025-03-13 03:10:00,1369.5057
2025-03-13 03:11:00,1368.8129
2025-03-13 03:12:00,1370.4033
2025-03-13 03:13:00,1368.8219
2025-03-13 03:14:00,1369.7454
2025-03-13 03:15:00,1358.5260
2025-03-13 03:16:00,1368.8173
2025-03-13 03:17:00,1363.3466
2025-03-13 03:18:00,1368.8166
2025-03-13 03:19:00,1369.5926
2025-03-13 03:20:00,1363.3090
2025-03-13 03:21:00,1368.7890
2025-03-13 03:22:00,1362.9978
2025-03-13 03:23:00,1370.0825
2025-03-13 03:24:00,1363.1062
2025-03-13 03:25:00,1357.8955
2025-03-13 03:26:00,1370.3663
2025-03-13 03:27:00,1370.6480
2025-03-13 03:28:00,1363.1261
2025-03-13 03:29:00,1370.6209
2025-03-13 03:30:00,1358.1150
2025-03-13 03:31:00,1358.2650
2025-03-13 03:32:00,1368.8206
2025-03-13 03:33:00,1363.3466
2025-03-13 03:34:00,1370.6998
2025-03-13 03:35:00,1363.1619
2025-03-13 03:36:00,1370.7771
2025-03-13 03:37:00,1368.7931
2025-03-13 03:38:00,1368.7925
2025-03-13 03:39:00,1365.5662
2025-03-13 03:40:00,1353.2842
2025-03-13 03:41:00,1368.8178
2025-03-13 03:42:00,1354.0308
2025-03-13 03:43:00,1369.3391
2025-03-13 03:44:00,1366.4006
2025-03-13 03:45:00,1358.7805
2025-03-13 03:46:00,1367.7177
2025-03-13 03:47:00,1363.8566
2025-03-13 03:48:00,1362.1088
2025-03-13 03:49:00,1367.5931
2025-03-13 03:50:00,1355.8228
2025-03-13 03:51:00,1341.8255
2025-03-13 03:52:00,1346.8792
2025-03-13 03:53:00,1370.4871
2025-03-13 03:54:00,1346.7908
2025-03-13 03:55:00,1368.8074
2025-03-13 03:56:00,1370.8642
2025-03-13 03:57:00,1370.8352
2025-03-13 03:58:00,1370.7300
2025-03-13 03:59:00,1369.3624
2025-03-13 04:00:00,1368.7989
2025-03-13 04:01:00,1368.8292
2025-03-13 04:02:00,1362.4410
2025-03-13 04:03:00,1370.4271
2025-03-13 04:04:00,1362.4406
2025-03-13 04:05:00,1345.8145
2025-03-13 04:06:00,1369.7048
2025-03-13 04:07:00,1370.7133
2025-03-13 04:08:00,1363.2682
2025-03-13 04:09:00,1370.6656
2025-03-13 04:10:00,1370.7270
2025-03-13 04:11:00,1363.1902
2025-03-13 04:12:00,1369.7454
2025-03-13 04:13:00,1368.7873
2025-03-13 04:14:00,1370.4471
2025-03-13 04:15:00,1363.1213
2025-03-13 04:16:00,1369.9910
2025-03-13 04:17:00,1364.1791
2025-03-13 04:18:00,1370.4202
2025-03-13 04:19:00,1363.0849
2025-03-13 04:20:00,1363.0822
2025-03-13 04:21:00,1370.4575
2025-03-13 04:22:00,1358.6398
2025-03-13 04:23:00,1363.0077
2025-03-13 04:24:00,1370.7479
2025-03-13 04:25:00,1370.7066
2025-03-13 04:26:00,1370.7409
2025-03-13 04:27:00,1369.5039
2025-03-13 04:28:00,1363.1643
2025-03-13 04:29:00,1363.1127
2025-03-13 04:30:00,1370.3973
2025-03-13 04:31:00,1363.1902
2025-03-13 04:32:00,1368.8180
2025-03-13 04:33:00,1362.3294
2025-03-13 04:34:00,1363.5818
2025-03-13 04:35:00,1368.8226
2025-03-13 04:36:00,1354.5083
2025-03-13 04:37:00,1354.4308
2025-03-13 04:38:00,1354.6022
2025-03-13 04:39:00,1368.3294
2025-03-13 04:40:00,1368.3294
2025-03-13 04:41:00,1370.5745
2025-03-13 04:42:00,1362.4547
2025-03-13 04:43:00,1362.4378
2025-03-13 04:44:00,1370.3777
2025-03-13 04:45:00,1362.4334
2025-03-13 04:46:00,1346.7723
2025-03-13 04:47:00,1361.8972
2025-03-13 04:48:00,1369.8352
2025-03-13 04:49:00,1344.9484
2025-03-13 04:50:00,1363.3867
2025-03-13 04:51:00,1362.7513
2025-03-13 04:52:00,1370.3417
2025-03-13 04:53:00,1363.1902
2025-03-13 04:54:00,1368.8213
2025-03-13 04:55:00,1368.6064
2025-03-13 04:56:00,1368.8187
2025-03-13 04:57:00,1370.7931
2025-03-13 04:58:00,1368.8161
2025-03-13 04:59:00,1370.7072
2025-03-13 05:00:00,1368.8161
2025-03-13 05:01:00,1370.7789
2025-03-13 05:02:00,1368.8167
2025-03-13 05:03:00,1370.7066
2025-03-13 05:04:00,1363.1472
2025-03-13 05:05:00,1368.8212
2025-03-13 05:06:00,1369.4005
2025-03-13 05:07:00,1368.8157
2025-03-13 05:08:00,1370.7057
2025-03-13 05:09:00,1370.7287
2025-03-13 05:10:00,1358.9256
2025-03-13 05:11:00,1358.4818
2025-03-13 05:12:00,1369.3897
2025-03-13 05:13:00,1362.8157
2025-03-13 05:14:00,1362.8028
2025-03-13 05:15:00,1369.5820
2025-03-13 05:16:00,1370.5939
2025-03-13 05:17:00,1363.1062
2025-03-13 05:18:00,1363.0769
2025-03-13 05:19:00,1362.7284
2025-03-13 05:20:00,1363.1732
2025-03-13 05:21:00,1363.1606
2025-03-13 05:22:00,1363.0112
2025-03-13 05:23:00,1370.7550
2025-03-13 05:24:00,1362.9591
2025-03-13 05:25:00,1368.8233
2025-03-13 05:26:00,1368.8199
2025-03-13 05:27:00,1375.0909
2025-03-13 05:28:00,1363.0846
2025-03-13 05:29:00,1363.0296
2025-03-13 05:30:00,1354.0354
2025-03-13 05:31:00,1370.3985
2025-03-13 05:32:00,1362.7689
2025-03-13 05:33:00,1369.0383
2025-03-13 05:34:00,1364.9617
2025-03-13 05:35:00,1370.7875
2025-03-13 05:36:00,1375.0909
2025-03-13 05:37:00,1375.0909
2025-03-13 05:38:00,1368.7190
2025-03-13 05:39:00,1357.6727
2025-03-13 05:40:00,1375.0909
2025-03-13 05:41:00,1368.7214
2025-03-13 05:42:00,1368.8433
2025-03-13 05:43:00,1354.4436
2025-03-13 05:44:00,1358.1310
2025-03-13 05:45:00,1359.6392
2025-03-13 05:46:00,1354.6758
2025-03-13 05:47:00,1368.0909
2025-03-13 05:48:00,1375.0909
2025-03-13 05:49:00,1354.6931
2025-03-13 05:50:00,1354.8000
2025-03-13 05:51:00,1375.0909
2025-03-13 05:52:00,1375.0909
2025-03-13 05:53:00,1354.9305
2025-03-13 05:54:00,1354.6123
2025-03-13 05:55:00,1370.4950
2025-03-13 05:56:00,1375.0909
2025-03-13 05:57:00,1359.7453
2025-03-13 05:58:00,1366.6277
2025-03-13 05:59:00,1375.0909
2025-03-13 06:00:00,1354.6569
2025-03-13 06:01:00,1366.5396
2025-03-13 06:02:00,1362.0455
2025-03-13 06:03:00,1360.1150
2025-03-13 06:04:00,1370.4574
2025-03-13 06:05:00,1368.8110
2025-03-13 06:06:00,1354.5655
2025-03-13 06:07:00,1368.7727
2025-03-13 06:08:00,1370.4320
2025-03-13 06:09:00,1370.4128
2025-03-13 06:10:00,1368.8453
2025-03-13 06:11:00,1368.8479
2025-03-13 06:12:00,1362.3111
2025-03-13 06:13:00,1370.9242
2025-03-13 06:14:00,1370.2770
2025-03-13 06:15:00,1370.0236
2025-03-13 06:16:00,1362.6877
2025-03-13 06:17:00,1363.1112
2025-03-13 06:18:00,1362.7310
2025-03-13 06:19:00,1362.6520
2025-03-13 06:20:00,1362.6459
2025-03-13 06:21:00,1363.0912
2025-03-13 06:22:00,1362.6489
2025-03-13 06:23:00,1369.9533
2025-03-13 06:24:00,1368.7957
2025-03-13 06:25:00,1368.8229
2025-03-13 06:26:00,1363.2188
2025-03-13 06:27:00,1368.8277
2025-03-13 06:28:00,1363.1066
2025-03-13 06:29:00,1370.7573
2025-03-13 06:30:00,1363.0809
2025-03-13 06:31:00,1365.5904
2025-03-13 06:32:00,1368.8248
2025-03-13 06:33:00,1369.7073
2025-03-13 06:34:00,1363.3289
2025-03-13 06:35:00,1375.0909
2025-03-13 06:36:00,1357.5173
2025-03-13 06:37:00,1369.4219
2025-03-13 06:38:00,1368.8269
2025-03-13 06:39:00,1368.8026
2025-03-13 06:40:00,1370.7496
2025-03-13 06:41:00,1368.8193
2025-03-13 06:42:00,1345.2468
2025-03-13 06:43:00,1362.4411
2025-03-13 06:44:00,1369.5018
2025-03-13 06:45:00,1365.4115
2025-03-13 06:46:00,1345.2653
2025-03-13 06:47:00,1362.4420
2025-03-13 06:48:00,1362.4414
2025-03-13 06:49:00,1370.4714
2025-03-13 06:50:00,1363.1543
2025-03-13 06:51:00,1361.9294
2025-03-13 06:52:00,1361.9294
2025-03-13 06:53:00,1362.4275
2025-03-13 06:54:00,1362.4337
2025-03-13 06:55:00,1368.5539
2025-03-13 06:56:00,1370.6428
2025-03-13 06:57:00,1363.1697
2025-03-13 06:58:00,1370.5871
2025-03-13 06:59:00,1362.4292
2025-03-13 07:00:00,1370.3163
2025-03-13 07:01:00,1370.8009
2025-03-13 07:02:00,1370.4616
2025-03-13 07:03:00,1362.0854
2025-03-13 07:04:00,1370.4469
2025-03-13 07:05:00,1370.4326
2025-03-13 07:06:00,1363.8991
2025-03-13 07:07:00,1362.3681
2025-03-13 07:08:00,1362.5039
2025-03-13 07:09:00,1370.4129
2025-03-13 07:10:00,1346.0206
2025-03-13 07:11:00,1362.3817
2025-03-13 07:12:00,1370.0113
2025-03-13 07:13:00,1362.4372
2025-03-13 07:14:00,1370.0189
2025-03-13 07:15:00,1370.3712
2025-03-13 07:16:00,1370.3945
2025-03-13 07:17:00,1370.4036
2025-03-13 07:18:00,1369.9842
2025-03-13 07:19:00,1362.0808
2025-03-13 07:20:00,1362.4256
2025-03-13 07:21:00,1362.0699
2025-03-13 07:22:00,1369.9214
2025-03-13 07:23:00,1370.0273
2025-03-13 07:24:00,1362.4283
2025-03-13 07:25:00,1370.3762
2025-03-13 07:26:00,1369.9842
2025-03-13 07:27:00,1370.0267
2025-03-13 07:28:00,1368.8006
2025-03-13 07:29:00,1370.1783
2025-03-13 07:30:00,1370.7218
2025-03-13 07:31:00,1369.7852
2025-03-13 07:32:00,1362.4351
2025-03-13 07:33:00,1370.3810
2025-03-13 07:34:00,1368.8221
2025-03-13 07:35:00,1363.7444
2025-03-13 07:36:00,1362.4389
2025-03-13 07:37:00,1362.4367
2025-03-13 07:38:00,1362.2368
2025-03-13 07:39:00,1362.3586
2025-03-13 07:40:00,1370.4222
2025-03-13 07:41:00,1345.4902
2025-03-13 07:42:00,1370.3936
2025-03-13 07:43:00,1362.4414
2025-03-13 07:44:00,1362.2939
2025-03-13 07:45:00,1362.4383
2025-03-13 07:46:00,1370.4175
2025-03-13 07:47:00,1344.7270
2025-03-13 07:48:00,1362.4320
2025-03-13 07:49:00,1368.4700
2025-03-13 07:50:00,1354.4710
2025-03-13 07:51:00,1354.6381
2025-03-13 07:52:00,1354.5171
2025-03-13 07:53:00,1361.6378
2025-03-13 07:54:00,1367.5965
2025-03-13 07:55:00,1361.9411
2025-03-13 07:56:00,1375.0909
2025-03-13 07:57:00,1367.6741
2025-03-13 07:58:00,1367.4902
2025-03-13 07:59:00,1365.6335
2025-03-13 08:00:00,1365.6401
2025-03-13 08:01:00,1365.4993
2025-03-13 08:02:00,1355.1752
2025-03-13 08:03:00,1355.0022
2025-03-13 08:04:00,1360.5398
2025-03-13 08:05:00,1355.2568
2025-03-13 08:06:00,1354.8849
2025-03-13 08:07:00,1355.1612
2025-03-13 08:08:00,1361.9093
2025-03-13 08:09:00,1362.9776
2025-03-13 08:10:00,1346.8594
2025-03-13 08:11:00,1341.4449
2025-03-13 08:12:00,1354.9681
2025-03-13 08:13:00,1354.5171
2025-03-13 08:14:00,1361.9932
2025-03-13 08:15:00,1368.6671
2025-03-13 08:16:00,1354.3857
2025-03-13 08:17:00,1357.8890
2025-03-13 08:18:00,1370.4609
2025-03-13 08:19:00,1354.5988
2025-03-13 08:20:00,1359.7526
2025-03-13 08:21:00,1365.2100
2025-03-13 08:22:00,1365.6278
2025-03-13 08:23:00,1366.2978
2025-03-13 08:24:00,1368.3158
2025-03-13 08:25:00,1362.1036
2025-03-13 08:26:00,1362.4514
2025-03-13 08:27:00,1346.8198
2025-03-13 08:28:00,1368.8452
2025-03-13 08:29:00,1368.8415
2025-03-13 08:30:00,1368.8415
2025-03-13 08:31:00,1375.0909
2025-03-13 08:32:00,1362.5650
2025-03-13 08:33:00,1368.8339
2025-03-13 08:34:00,1364.7855
2025-03-13 08:35:00,1368.8331
2025-03-13 08:36:00,1370.2124
2025-03-13 08:37:00,1369.3436
2025-03-13 08:38:00,1362.9022
2025-03-13 08:39:00,1368.7996
2025-03-13 08:40:00,1365.9493
2025-03-13 08:41:00,1365.9515
2025-03-13 08:42:00,1375.0909
2025-03-13 08:43:00,1357.4250
2025-03-13 08:44:00,1359.0385
2025-03-13 08:45:00,1362.2869
2025-03-13 08:46:00,1363.9943
2025-03-13 08:47:00,1368.8129
2025-03-13 08:48:00,1362.4943
2025-03-13 08:49:00,1368.8067
2025-03-13 08:50:00,1357.0297
2025-03-13 08:51:00,1362.4825
2025-03-13 08:52:00,1362.4108
2025-03-13 08:53:00,1369.1777
2025-03-13 08:54:00,1370.8555
2025-03-13 08:55:00,1370.8309
2025-03-13 08:56:00,1362.8492
2025-03-13 08:57:00,1368.8026
2025-03-13 08:58:00,1357.7444
2025-03-13 08:59:00,1362.7132
2025-03-13 09:00:00,1370.8038
2025-03-13 09:01:00,1368.8006
2025-03-13 09:02:00,1368.8269
2025-03-13 09:03:00,1368.7996
2025-03-13 09:04:00,1357.6047
2025-03-13 09:05:00,1362.8020
2025-03-13 09:06:00,1369.3289
2025-03-13 09:07:00,1368.7996
2025-03-13 09:08:00,1370.7205
2025-03-13 09:09:00,1368.8269
2025-03-13 09:10:00,1370.8002
2025-03-13 09:11:00,1368.8248
2025-03-13 09:12:00,1368.8262
2025-03-13 09:13:00,1354.1114
2025-03-13 09:14:00,1358.1133
2025-03-13 09:15:00,1354.2071
2025-03-13 09:16:00,1362.5110
2025-03-13 09:17:00,1364.2980
2025-03-13 09:18:00,1364.4979
2025-03-13 09:19:00,1368.8397
2025-03-13 09:20:00,1362.3432
2025-03-13 09:21:00,1357.3152
2025-03-13 09:22:00,1368.8292
2025-03-13 09:23:00,1375.0909
2025-03-13 09:24:00,1369.1891
2025-03-13 09:25:00,1365.0048
2025-03-13 09:26:00,1369.3646
2025-03-13 09:27:00,1368.8004
2025-03-13 09:28:00,1363.1829
2025-03-13 09:29:00,1368.8026
2025-03-13 09:30:00,1368.8276
2025-03-13 09:31:00,1368.8269
2025-03-13 09:32:00,1370.7928
2025-03-13 09:33:00,1365.4560
2025-03-13 09:34:00,1369.3939
2025-03-13 09:35:00,1369.3913
2025-03-13 09:36:00,1368.8293
2025-03-13 09:37:00,1370.3914
2025-03-13 09:38:00,1362.9506
2025-03-13 09:39:00,1363.0016
2025-03-13 09:40:00,1375.0909
2025-03-13 09:41:00,1368.8269
2025-03-13 09:42:00,1363.0271
2025-03-13 09:43:00,1368.8256
2025-03-13 09:44:00,1362.9760
2025-03-13 09:45:00,1369.3279
2025-03-13 09:46:00,1368.8263
2025-03-13 09:47:00,1368.8294
2025-03-13 09:48:00,1368.8301
2025-03-13 09:49:00,1369.4477
2025-03-13 09:50:00,1368.8276
2025-03-13 09:51:00,1370.8558
2025-03-13 09:52:00,1370.8076
2025-03-13 09:53:00,1368.7951
2025-03-13 09:54:00,1362.6621
2025-03-13 09:55:00,1362.7513
2025-03-13 09:56:00,1370.8629
2025-03-13 09:57:00,1370.7257
2025-03-13 09:58:00,1368.8284
2025-03-13 09:59:00,1365.4264
2025-03-13 10:00:00,1369.8012
2025-03-13 10:01:00,1362.4360
2025-03-13 10:02:00,1357.6744
2025-03-13 10:03:00,1370.7761
2025-03-13 10:04:00,1357.7846
2025-03-13 10:05:00,1370.4054
2025-03-13 10:06:00,1370.3980
2025-03-13 10:07:00,1365.1100
2025-03-13 10:08:00,1368.8347
2025-03-13 10:09:00,1346.7997
2025-03-13 10:10:00,1363.0040
2025-03-13 10:11:00,1368.8286
2025-03-13 10:12:00,1368.8324
2025-03-13 10:13:00,1370.8875
2025-03-13 10:14:00,1368.8263
2025-03-13 10:15:00,1365.3984
2025-03-13 10:16:00,1370.8083
2025-03-13 10:17:00,1370.7928
2025-03-13 10:18:00,1368.8249
2025-03-13 10:19:00,1368.8269
2025-03-13 10:20:00,1368.8269
2025-03-13 10:21:00,1364.7700
2025-03-13 10:22:00,1357.8771
2025-03-13 10:23:00,1368.8323
2025-03-13 10:24:00,1362.1501
2025-03-13 10:25:00,1370.0429
2025-03-13 10:26:00,1370.4928
2025-03-13 10:27:00,1370.5081
2025-03-13 10:28:00,1370.4717
2025-03-13 10:29:00,1362.4490
2025-03-13 10:30:00,1362.4466
2025-03-13 10:31:00,1370.0655
2025-03-13 10:32:00,1370.0710
2025-03-13 10:33:00,1370.4498
2025-03-13 10:34:00,1344.2129
2025-03-13 10:35:00,1370.5027
2025-03-13 10:36:00,1370.5086
2025-03-13 10:37:00,1369.7298
2025-03-13 10:38:00,1362.4347
2025-03-13 10:39:00,1362.4447
2025-03-13 10:40:00,1370.4204
2025-03-13 10:41:00,1370.3956
2025-03-13 10:42:00,1362.4486
2025-03-13 10:43:00,1361.8709
2025-03-13 10:44:00,1361.9905
2025-03-13 10:45:00,1346.8050
2025-03-13 10:46:00,1362.4351
2025-03-13 10:47:00,1346.8594
2025-03-13 10:48:00,1368.8284
2025-03-13 10:49:00,1370.0112
2025-03-13 10:50:00,1370.0766
2025-03-13 10:51:00,1370.4928
2025-03-13 10:52:00,1362.4486
2025-03-13 10:53:00,1370.5030
2025-03-13 10:54:00,1361.9307
2025-03-13 10:55:00,1361.8811
2025-03-13 10:56:00,1370.0625
2025-03-13 10:57:00,1370.1922
2025-03-13 10:58:00,1362.6982
2025-03-13 10:59:00,1368.8323
2025-03-13 11:00:00,1362.8961
2025-03-13 11:01:00,1362.8961
2025-03-13 11:02:00,1362.4447
2025-03-13 11:03:00,1370.2192
2025-03-13 11:04:00,1362.6982
2025-03-13 11:05:00,1370.7510
2025-03-13 11:06:00,1357.4946
2025-03-13 11:07:00,1362.7875
2025-03-13 11:08:00,1362.7875
2025-03-13 11:09:00,1368.7982
2025-03-13 11:10:00,1370.2068
2025-03-13 11:11:00,1368.8300
2025-03-13 11:12:00,1368.8347
2025-03-13 11:13:00,1370.2211
2025-03-13 11:14:00,1369.1631
2025-03-13 11:15:00,1368.8264
2025-03-13 11:16:00,1370.8327
2025-03-13 11:17:00,1370.8473
2025-03-13 11:18:00,1369.3720
2025-03-13 11:19:00,1370.8473
2025-03-13 11:20:00,1370.8396
2025-03-13 11:21:00,1370.8396
2025-03-13 11:22:00,1368.8331
2025-03-13 11:23:00,1370.1973
2025-03-13 11:24:00,1364.8724
2025-03-13 11:25:00,1368.8017
2025-03-13 11:26:00,1370.8074
2025-03-13 11:27:00,1370.7792
2025-03-13 11:28:00,1370.8563
2025-03-13 11:29:00,1370.7885
2025-03-13 11:30:00,1370.7510
2025-03-13 11:31:00,1370.2211
2025-03-13 11:32:00,1368.8331
2025-03-13 11:33:00,1368.8260
2025-03-13 11:34:00,1370.1489
2025-03-13 11:35:00,1370.7171
2025-03-13 11:36:00,1369.2244
2025-03-13 11:37:00,1370.7792
2025-03-13 11:38:00,1368.8076
2025-03-13 11:39:00,1357.2808
2025-03-13 11:40:00,1368.8024
2025-03-13 11:41:00,1370.7792
2025-03-13 11:42:00,1362.6677
2025-03-13 11:43:00,1368.8331
2025-03-13 11:44:00,1370.8551
2025-03-13 11:45:00,1353.9152
2025-03-13 11:46:00,1354.0719
2025-03-13 11:47:00,1370.3623
2025-03-13 11:48:00,1368.8601
2025-03-13 11:49:00,1368.8444
2025-03-13 11:50:00,1368.8138
2025-03-13 11:51:00,1368.8138
2025-03-13 11:52:00,1356.4477
2025-03-13 11:53:00,1368.8171
2025-03-13 11:54:00,1364.2012
2025-03-13 11:55:00,1362.5391
2025-03-13 11:56:00,1368.8373
2025-03-13 11:57:00,1368.8334
2025-03-13 11:58:00,1356.8904
2025-03-13 11:59:00,1343.3352
2025-03-13 12:00:00,1363.2437
2025-03-13 12:01:00,1356.9004
2025-03-13 12:02:00,1346.8009
2025-03-13 12:03:00,1346.8076
2025-03-13 12:04:00,1362.4326
2025-03-13 12:05:00,1346.8399
2025-03-13 12:06:00,1362.4495
2025-03-13 12:07:00,1362.7341
2025-03-13 12:08:00,1343.7685
2025-03-13 12:09:00,1362.4496
2025-03-13 12:10:00,1343.4359
2025-03-13 12:11:00,1343.6018
2025-03-13 12:12:00,1370.5520
2025-03-13 12:13:00,1343.3397
2025-03-13 12:14:00,1346.8194
2025-03-13 12:15:00,1362.9729
2025-03-13 12:16:00,1362.9324
2025-03-13 12:17:00,1346.8594
2025-03-13 12:18:00,1354.6689
2025-03-13 12:19:00,1354.1445
2025-03-13 12:20:00,1361.0904
2025-03-13 12:21:00,1368.6050
2025-03-13 12:22:00,1366.8922
2025-03-13 12:23:00,1365.7867
2025-03-13 12:24:00,1368.2798
2025-03-13 12:25:00,1367.1556
2025-03-13 12:26:00,1368.1711
2025-03-13 12:27:00,1354.6646
2025-03-13 12:28:00,1368.3372
2025-03-13 12:29:00,1360.3502
2025-03-13 12:30:00,1371.1285
2025-03-13 12:31:00,1368.8599
2025-03-13 12:32:00,1368.8538
2025-03-13 12:33:00,1371.0585
2025-03-13 12:34:00,1362.1576
2025-03-13 12:35:00,1357.9689
2025-03-13 12:36:00,1368.8424
2025-03-13 12:37:00,1362.5098
2025-03-13 12:38:00,1368.8138
2025-03-13 12:39:00,1356.6249
2025-03-13 12:40:00,1362.4331
2025-03-13 12:41:00,1368.8130
2025-03-13 12:42:00,1370.6761
2025-03-13 12:43:00,1370.7937
2025-03-13 12:44:00,1362.3855
2025-03-13 12:45:00,1363.2062
2025-03-13 12:46:00,1368.8024
2025-03-13 12:47:00,1369.1471
2025-03-13 12:48:00,1362.4331
2025-03-13 12:49:00,1370.1302
2025-03-13 12:50:00,1368.8334
2025-03-13 12:51:00,1370.8809
2025-03-13 12:52:00,1370.8809
2025-03-13 12:53:00,1368.8316
2025-03-13 12:54:00,1370.2143
2025-03-13 12:55:00,1368.8381
2025-03-13 12:56:00,1362.6677
2025-03-13 12:57:00,1368.8045
2025-03-13 12:58:00,1357.3139
2025-03-13 12:59:00,1368.8023
2025-03-13 13:00:00,1362.5723
2025-03-13 13:01:00,1362.8708
2025-03-13 13:02:00,1362.6090
2025-03-13 13:03:00,1370.7171
2025-03-13 13:04:00,1357.2433
2025-03-13 13:05:00,1368.8331
2025-03-13 13:06:00,1370.2360
2025-03-13 13:07:00,1364.7124
2025-03-13 13:08:00,1370.8629
2025-03-13 13:09:00,1368.8355
2025-03-13 13:10:00,1370.8074
2025-03-13 13:11:00,1370.7744
2025-03-13 13:13:00,1370.8355
2025-03-13 13:14:00,1370.8563
2025-03-13 13:15:00,1368.7970
2025-03-13 13:16:00,1362.6361
2025-03-13 13:17:00,1370.1863
2025-03-13 13:18:00,1362.6610
2025-03-13 13:19:00,1368.8017
2025-03-13 13:20:00,1370.8089
2025-03-13 13:21:00,1368.8045
2025-03-13 13:22:00,1362.6734
2025-03-13 13:23:00,1343.8472
2025-03-13 13:24:00,1362.4360
2025-03-13 13:25:00,1370.5086
2025-03-13 13:26:00,1370.0738
2025-03-13 13:27:00,1368.8347
2025-03-13 13:29:00,1370.8637
2025-03-13 13:30:00,1362.4365
2025-03-13 13:31:00,1370.8355
2025-03-13 13:32:00,1370.5119
2025-03-13 13:33:00,1362.4368
2025-03-13 13:34:00,1370.8029
2025-03-13 13:35:00,1362.5968
2025-03-13 13:36:00,1369.8118
2025-03-13 13:37:00,1368.8038
2025-03-13 13:38:00,1370.7458
2025-03-13 13:39:00,1362.7176
2025-03-13 13:40:00,1362.4449
2025-03-13 13:41:00,1362.6677
2025-03-13 13:42:00,1368.8357
2025-03-13 13:43:00,1368.8284
2025-03-13 13:44:00,1368.8054
2025-03-13 13:45:00,1370.2535
2025-03-13 13:46:00,1370.9216
2025-03-13 13:47:00,1368.8284
2025-03-13 13:48:00,1362.4899
2025-03-13 13:49:00,1362.5968
2025-03-13 13:50:00,1369.1421
2025-03-13 13:51:00,1370.6595
2025-03-13 13:52:00,1368.8122
2025-03-13 13:53:00,1362.6428
2025-03-13 13:54:00,1368.8038
2025-03-13 13:55:00,1370.8029
2025-03-13 13:56:00,1370.9383
2025-03-13 13:57:00,1356.9583
2025-03-13 13:58:00,1346.8651
2025-03-13 13:59:00,1370.2178
2025-03-13 14:00:00,1370.8029
2025-03-13 14:01:00,1357.0392
2025-03-13 14:02:00,1370.7744
2025-03-13 14:03:00,1370.9300
2025-03-13 14:04:00,1368.8355
2025-03-13 14:05:00,1368.8355
2025-03-13 14:06:00,1369.0077
2025-03-13 14:07:00,1368.8003
2025-03-13 14:08:00,1368.8003
2025-03-13 14:09:00,1370.8314
2025-03-13 14:10:00,1370.2515
2025-03-13 14:11:00,1370.8795
2025-03-13 14:12:00,1370.2515
2025-03-13 14:13:00,1370.8795
2025-03-13 14:14:00,1364.8310
2025-03-13 14:15:00,1370.9134
2025-03-13 14:16:00,1375.0909
2025-03-13 14:17:00,1362.5145
2025-03-13 14:18:00,1346.8417
2025-03-13 14:19:00,1362.4490
2025-03-13 14:20:00,1362.4351
2025-03-13 14:21:00,1362.4360
2025-03-13 14:22:00,1368.4601
2025-03-13 14:23:00,1343.3352
2025-03-13 14:24:00,1369.0004
2025-03-13 14:25:00,1343.8441
2025-03-13 14:26:00,1362.4462
2025-03-13 14:27:00,1362.4449
2025-03-13 14:28:00,1370.2305
2025-03-13 14:29:00,1368.8381
2025-03-13 14:30:00,1364.5693
2025-03-13 14:31:00,1364.7988
2025-03-13 14:32:00,1368.8424
2025-03-13 14:33:00,1362.5391
2025-03-13 14:34:00,1362.4899
2025-03-13 14:35:00,1368.8397
2025-03-13 14:36:00,1370.8229
2025-03-13 14:37:00,1370.9383
2025-03-13 14:38:00,1370.8738
2025-03-13 14:39:00,1368.8075
2025-03-13 14:40:00,1370.7937
2025-03-13 14:41:00,1370.9216
2025-03-13 14:42:00,1370.9134
2025-03-13 14:43:00,1368.8331
2025-03-13 14:44:00,1370.0573
2025-03-13 14:45:00,1362.9469
2025-03-13 14:46:00,1368.8286
2025-03-13 14:47:00,1364.7700
2025-03-13 14:48:00,1346.8092
2025-03-13 14:49:00,1362.4467
2025-03-13 14:50:00,1346.8498
2025-03-13 14:51:00,1370.0269
2025-03-13 14:52:00,1356.8808
2025-03-13 14:53:00,1362.4343
2025-03-13 14:54:00,1370.3189
2025-03-13 14:55:00,1362.4330
2025-03-13 14:56:00,1362.4343
2025-03-13 14:57:00,1346.8190
2025-03-13 14:58:00,1362.4381
2025-03-13 14:59:00,1362.4511
2025-03-13 15:00:00,1370.5359
2025-03-13 15:01:00,1344.1203
2025-03-13 15:02:00,1362.4506
2025-03-13 15:03:00,1370.0855
2025-03-13 15:04:00,1362.4511
2025-03-13 15:05:00,1354.1197
2025-03-13 15:06:00,1346.8916
2025-03-13 15:07:00,1341.8579
2025-03-13 15:08:00,1363.8542
2025-03-13 15:09:00,1370.6412
2025-03-13 15:10:00,1368.6467
2025-03-13 15:11:00,1361.5239
2025-03-13 15:12:00,1355.8750
2025-03-13 15:13:00,1346.8366
2025-03-13 15:14:00,1354.6536
2025-03-13 15:15:00,1366.5946
2025-03-13 15:16:00,1368.3372
2025-03-13 15:17:00,1368.0305
2025-03-13 15:18:00,1354.7300
2025-03-13 15:19:00,1361.8385
2025-03-13 15:20:00,1370.3775
2025-03-13 15:21:00,1355.0933
2025-03-13 15:22:00,1371.1296
2025-03-13 15:23:00,1356.1352
2025-03-13 15:24:00,1370.1883
2025-03-13 15:25:00,1362.1465
2025-03-13 15:26:00,1368.8442
2025-03-13 15:27:00,1370.9125
2025-03-13 15:28:00,1363.2660
2025-03-13 15:29:00,1362.4568
2025-03-13 15:30:00,1368.8138
2025-03-13 15:31:00,1362.2352
2025-03-13 15:32:00,1357.0392
2025-03-13 15:33:00,1370.7171
2025-03-13 15:34:00,1363.2062
2025-03-13 15:35:00,1356.4752
2025-03-13 15:36:00,1370.1219
2025-03-13 15:37:00,1354.0567
2025-03-13 15:38:00,1370.2866
2025-03-13 15:39:00,1358.4967
2025-03-13 15:40:00,1362.0157
2025-03-13 15:41:00,1354.5205
2025-03-13 15:42:00,1369.0212
2025-03-13 15:43:00,1354.8382
2025-03-13 15:44:00,1369.0344
2025-03-13 15:45:00,1354.8690
2025-03-13 15:46:00,1355.0733
2025-03-13 15:47:00,1355.1989
2025-03-13 15:48:00,1375.0909
2025-03-13 15:49:00,1362.1817
2025-03-13 15:50:00,1369.0205
2025-03-13 15:51:00,1354.9185
2025-03-13 15:52:00,1369.0967
2025-03-13 15:53:00,1362.0356
2025-03-13 15:54:00,1367.1891
2025-03-13 15:55:00,1362.2876
2025-03-13 15:56:00,1346.8673
2025-03-13 15:57:00,1368.7160
2025-03-13 15:58:00,1355.0933
2025-03-13 15:59:00,1346.8897
2025-03-13 16:01:00,1361.7443
2025-03-13 16:02:00,1360.7102
2025-03-13 16:03:00,1360.8034
2025-03-13 16:04:00,1375.0909
2025-03-13 16:05:00,1355.8750
2025-03-13 16:06:00,1354.7945
2025-03-13 16:07:00,1355.2579
2025-03-13 16:08:00,1368.2474
2025-03-13 16:09:00,1360.8291
2025-03-13 16:10:00,1368.8678
2025-03-13 16:11:00,1355.1140
2025-03-13 16:12:00,1354.7934
2025-03-13 16:13:00,1355.2859
2025-03-13 16:14:00,1355.1772
2025-03-13 16:15:00,1355.2915
2025-03-13 16:16:00,1355.3128
2025-03-13 16:17:00,1366.1998
2025-03-13 16:18:00,1369.0597
2025-03-13 16:19:00,1369.0921
2025-03-13 16:20:00,1367.1220
2025-03-13 16:21:00,1375.0909
2025-03-13 16:22:00,1355.2842
2025-03-13 16:23:00,1375.0909
2025-03-13 16:24:00,1375.0909
2025-03-13 16:25:00,1354.9832
2025-03-13 16:26:00,1369.0408
2025-03-13 16:27:00,1375.0909
2025-03-13 16:28:00,1375.0909
2025-03-13 16:29:00,1375.0909
2025-03-13 16:30:00,1368.8924
2025-03-13 16:31:00,1355.1511
2025-03-13 16:32:00,1355.0806
2025-03-13 16:33:00,1360.6070
2025-03-13 16:34:00,1355.2580
2025-03-13 16:35:00,1355.1371
2025-03-13 16:36:00,1354.7552
2025-03-13 16:37:00,1368.3946
2025-03-13 16:38:00,1368.0088
2025-03-13 16:39:00,1368.3849
2025-03-13 16:40:00,1361.9976
2025-03-13 16:41:00,1355.8750
2025-03-13 16:42:00,1368.2739
2025-03-13 16:43:00,1368.2703
2025-03-13 16:44:00,1362.4627
2025-03-13 16:45:00,1362.2924
2025-03-13 16:46:00,1368.2633
2025-03-13 16:47:00,1364.6290
2025-03-13 16:48:00,1366.6745
2025-03-13 16:49:00,1362.9848
2025-03-13 16:50:00,1367.5164
2025-03-13 16:51:00,1363.2587
2025-03-13 16:52:00,1371.9116
2025-03-13 16:53:00,1371.9579
2025-03-13 16:54:00,1368.2104
2025-03-13 16:55:00,1364.3213
2025-03-13 16:56:00,1363.8163
2025-03-13 16:57:00,1363.1595
2025-03-13 16:58:00,1362.9482
2025-03-13 16:59:00,1365.3934
2025-03-13 17:00:00,1375.0909
2025-03-13 17:01:00,1355.8750
2025-03-13 17:02:00,1368.2195
2025-03-13 17:03:00,1368.2417
2025-03-13 17:04:00,1368.4759
2025-03-13 17:05:00,1362.9143
2025-03-13 17:06:00,1365.4219
2025-03-13 17:07:00,1355.3960
2025-03-13 17:08:00,1355.0821
2025-03-13 17:09:00,1369.0457
2025-03-13 17:10:00,1368.8425
2025-03-13 17:11:00,1354.9645
2025-03-13 17:12:00,1361.4041
2025-03-13 17:13:00,1361.8880
2025-03-13 17:14:00,1361.2970
2025-03-13 17:15:00,1368.9610
2025-03-13 17:16:00,1354.8895
2025-03-13 17:17:00,1368.1844
2025-03-13 17:18:00,1361.1204
2025-03-13 17:19:00,1367.5080
2025-03-13 17:20:00,1368.0970
2025-03-13 17:21:00,1360.9098
2025-03-13 17:22:00,1362.8237
2025-03-13 17:23:00,1362.0698
2025-03-13 17:24:00,1368.7773
2025-03-13 17:25:00,1354.4503
2025-03-13 17:26:00,1359.6550
2025-03-13 17:27:00,1360.1198
2025-03-13 17:28:00,1359.7854
2025-03-13 17:29:00,1354.4675
2025-03-13 17:30:00,1354.4062
2025-03-13 17:31:00,1369.3884
2025-03-13 17:32:00,1362.4960
2025-03-13 17:33:00,1363.4097
2025-03-13 17:34:00,1368.7366
2025-03-13 17:35:00,1343.7259
2025-03-13 17:36:00,1343.8992
2025-03-13 17:37:00,1343.8731
2025-03-13 17:38:00,1343.8557
2025-03-13 17:39:00,1363.3744
2025-03-13 17:40:00,1369.5614
2025-03-13 17:41:00,1368.7278
2025-03-13 17:42:00,1351.1273
2025-03-13 17:43:00,1368.8837
2025-03-13 17:44:00,1368.8805
2025-03-13 17:45:00,1375.0909
2025-03-13 17:46:00,1363.3462
2025-03-13 17:47:00,1368.8870
2025-03-13 17:48:00,1368.7279
2025-03-13 17:49:00,1368.7287
2025-03-13 17:50:00,1362.5571
2025-03-13 17:51:00,1369.6054
2025-03-13 17:52:00,1354.3618
2025-03-13 17:53:00,1354.1812
2025-03-13 17:54:00,1354.4935
2025-03-13 17:55:00,1354.4332
2025-03-13 17:56:00,1363.7296
2025-03-13 17:57:00,1354.5726
2025-03-13 17:58:00,1354.6881
2025-03-13 17:59:00,1366.3767
2025-03-13 18:00:00,1368.6376
2025-03-13 18:01:00,1365.6879
2025-03-13 18:02:00,1366.8923
2025-03-13 18:03:00,1366.4085
2025-03-13 18:04:00,1366.7257
2025-03-13 18:05:00,1365.8575
2025-03-13 18:06:00,1367.4373
2025-03-13 18:07:00,1365.6910
2025-03-13 18:08:00,1367.7419
2025-03-13 18:09:00,1368.2532
2025-03-13 18:10:00,1365.6734
2025-03-13 18:11:00,1367.5167
2025-03-13 18:12:00,1367.3475
2025-03-13 18:13:00,1365.3936
2025-03-13 18:14:00,1368.0328
2025-03-13 18:15:00,1368.0663
2025-03-13 18:16:00,1365.4056
2025-03-13 18:17:00,1364.4817
2025-03-13 18:18:00,1367.1156
2025-03-13 18:19:00,1365.9701
2025-03-13 18:20:00,1367.3678
2025-03-13 18:21:00,1366.7540
2025-03-13 18:22:00,1366.6860
2025-03-13 18:23:00,1366.6434
2025-03-13 18:24:00,1366.9456
2025-03-13 18:25:00,1366.3186
2025-03-13 18:26:00,1364.1247
2025-03-13 18:27:00,1366.2990
2025-03-13 18:28:00,1367.7298
2025-03-13 18:29:00,1365.8705
2025-03-13 18:30:00,1367.7329
2025-03-13 18:31:00,1362.8513
2025-03-13 18:32:00,1365.9388
2025-03-13 18:33:00,1365.3755
2025-03-13 18:34:00,1365.3876
2025-03-13 18:35:00,1367.7132
2025-03-13 18:36:00,1368.3319
2025-03-13 18:37:00,1362.8776
2025-03-13 18:38:00,1366.8867
2025-03-13 18:39:00,1367.9530
2025-03-13 18:40:00,1368.2720
2025-03-13 18:41:00,1365.9696
2025-03-13 18:42:00,1371.2819
2025-03-13 18:43:00,1367.9388
2025-03-13 18:44:00,1362.6360
2025-03-13 18:45:00,1355.1729
2025-03-13 18:46:00,1355.4359
2025-03-13 18:47:00,1354.9261
2025-03-13 18:48:00,1355.8750
2025-03-13 18:49:00,1367.8173
2025-03-13 18:50:00,1365.9176
2025-03-13 18:51:00,1367.1316
2025-03-13 18:52:00,1365.8018
2025-03-13 18:53:00,1368.3133
2025-03-13 18:54:00,1367.0460
2025-03-13 18:55:00,1367.2215
2025-03-13 18:56:00,1362.8611
2025-03-13 18:57:00,1364.6150
2025-03-13 18:58:00,1366.1336
2025-03-13 18:59:00,1364.8723
2025-03-13 19:00:00,1364.8139
2025-03-13 19:01:00,1365.4012
2025-03-13 19:02:00,1365.4595
2025-03-13 19:03:00,1367.1753
2025-03-13 19:04:00,1363.0375
2025-03-13 19:05:00,1371.5634
2025-03-13 19:06:00,1366.1667
2025-03-13 19:07:00,1367.2075
2025-03-13 19:08:00,1365.2642
2025-03-13 19:09:00,1367.6091
2025-03-13 19:10:00,1363.1541
2025-03-13 19:11:00,1368.0094
2025-03-13 19:12:00,1354.9497
2025-03-13 19:13:00,1355.0151
2025-03-13 19:14:00,1355.3538
2025-03-13 19:15:00,1355.0443
2025-03-13 19:16:00,1354.7857
2025-03-13 19:17:00,1355.1635
2025-03-13 19:18:00,1354.9169
2025-03-13 19:19:00,1354.8559
2025-03-13 19:20:00,1355.0126
2025-03-13 19:21:00,1355.3612
2025-03-13 19:22:00,1354.9809
2025-03-13 19:23:00,1355.1549
2025-03-13 19:24:00,1355.2276
2025-03-13 19:25:00,1355.4091
2025-03-13 19:26:00,1355.3627
2025-03-13 19:27:00,1355.0520
2025-03-13 19:28:00,1367.6897
2025-03-13 19:29:00,1355.1020
2025-03-13 19:30:00,1355.3692
2025-03-13 19:31:00,1355.5375
2025-03-13 19:32:00,1355.5437
2025-03-13 19:33:00,1361.7118
2025-03-13 19:34:00,1367.9834
2025-03-13 19:35:00,1355.3911
2025-03-13 19:36:00,1355.0689
2025-03-13 19:37:00,1362.0411
2025-03-13 19:38:00,1355.7834
2025-03-13 19:39:00,1355.0264
2025-03-13 19:40:00,1355.0240
2025-03-13 19:41:00,1355.1824
2025-03-13 19:42:00,1355.5695
2025-03-13 19:43:00,1355.3637
2025-03-13 19:44:00,1355.5763
2025-03-13 19:45:00,1355.0082
2025-03-13 19:46:00,1355.1548
2025-03-13 19:47:00,1355.3647
2025-03-13 19:48:00,1355.7633
2025-03-13 19:49:00,1365.7785
2025-03-13 19:50:00,1367.5809
2025-03-13 19:51:00,1367.7628
2025-03-13 19:52:00,1365.7597
2025-03-13 19:53:00,1355.2881
2025-03-13 19:54:00,1368.3782
2025-03-13 19:55:00,1367.0168
2025-03-13 19:56:00,1364.9674
2025-03-13 19:57:00,1355.6042
2025-03-13 19:58:00,1355.6167
2025-03-13 19:59:00,1355.1275
2025-03-13 20:00:00,1355.0417
2025-03-13 20:01:00,1355.4254
2025-03-13 20:02:00,1355.2038
2025-03-13 20:03:00,1355.5875
2025-03-13 20:04:00,1355.1921
2025-03-13 20:05:00,1366.1244
2025-03-13 20:06:00,1362.0220
2025-03-13 20:07:00,1375.0909
2025-03-13 20:08:00,1355.1016
2025-03-13 20:09:00,1355.1531
2025-03-13 20:10:00,1368.6061
2025-03-13 20:11:00,1368.7695
2025-03-13 20:12:00,1361.7766
2025-03-13 20:13:00,1355.5073
2025-03-13 20:14:00,1375.0909
2025-03-13 20:15:00,1355.0440
2025-03-13 20:16:00,1355.0539
2025-03-13 20:17:00,1355.2393
2025-03-13 20:18:00,1355.2094
2025-03-13 20:19:00,1368.8264
2025-03-13 20:20:00,1355.1248
2025-03-13 20:21:00,1368.2876
2025-03-13 20:22:00,1355.2434
2025-03-13 20:23:00,1355.0446
2025-03-13 20:24:00,1355.1005
2025-03-13 20:25:00,1355.0940
2025-03-13 20:26:00,1355.1636
2025-03-13 20:27:00,1355.4316
2025-03-13 20:28:00,1355.0443
2025-03-13 20:29:00,1355.0987
2025-03-13 20:30:00,1355.5315
2025-03-13 20:31:00,1355.0987
2025-03-13 20:32:00,1355.0060
2025-03-13 20:33:00,1355.0082
2025-03-13 20:34:00,1355.1752
2025-03-13 20:35:00,1354.9533
2025-03-13 20:36:00,1355.0038
2025-03-13 20:37:00,1354.8394
2025-03-13 20:38:00,1355.5186
2025-03-13 20:39:00,1355.1210
2025-03-13 20:40:00,1355.0750
2025-03-13 20:41:00,1355.0608
2025-03-13 20:42:00,1366.0294
2025-03-13 20:43:00,1367.1677
2025-03-13 20:44:00,1364.1689
2025-03-13 20:45:00,1366.4317
2025-03-13 20:46:00,1366.0159
2025-03-13 20:47:00,1367.5024
2025-03-13 20:48:00,1365.9562
2025-03-13 20:50:00,1367.2540
2025-03-13 20:52:00,1362.6440
2025-03-13 20:53:00,1364.2435
2025-03-13 20:54:00,1368.0937
2025-03-13 20:56:00,1362.9197
2025-03-13 20:58:00,1367.3284
2025-03-13 20:59:00,1367.3470
2025-03-13 21:00:00,1367.6518
2025-03-13 21:01:13,1367.7069
2025-03-13 21:02:00,1367.5695
2025-03-13 21:03:00,1366.8005
2025-03-13 21:04:00,1367.2194
2025-03-13 21:06:00,8157.9585
2025-03-13 21:08:00,1366.0085
2025-03-13 21:09:00,1354.8781
2025-03-13 21:11:00,1355.0234
2025-03-13 21:12:00,1355.0168
2025-03-13 21:13:00,1355.1545
2025-03-13 21:14:00,1354.9802
2025-03-13 21:15:00,1355.0565
2025-03-13 21:16:00,1354.9947
2025-03-13 21:17:00,1355.0091
2025-03-13 21:18:00,1355.2370
2025-03-13 21:19:00,1355.3882
2025-03-13 21:20:00,1355.0319
2025-03-13 21:21:00,1355.2186
2025-03-13 21:22:00,1355.2947
2025-03-13 21:23:00,1355.1098
2025-03-13 21:24:00,1355.2947
2025-03-13 21:25:00,1355.1099
2025-03-13 21:26:00,1355.5352
2025-03-13 21:27:00,1355.0723
2025-03-13 21:28:00,1355.3932
2025-03-13 21:29:00,1355.2181
2025-03-13 21:30:00,1355.5361
2025-03-13 21:31:00,1355.0638
2025-03-13 21:32:00,1354.9373
2025-03-13 21:33:00,1354.9667
2025-03-13 21:34:00,1354.9664
2025-03-13 21:35:00,1355.2453
2025-03-13 21:36:00,1355.0078
2025-03-13 21:37:00,1355.1995
2025-03-13 21:38:00,1354.8879
2025-03-13 21:39:00,1355.0517
2025-03-13 21:40:00,1355.1670
2025-03-13 21:41:00,1355.0156
2025-03-13 21:42:00,1355.1909
2025-03-13 21:43:00,1354.8977
2025-03-13 21:44:00,1355.1081
2025-03-13 21:45:00,1355.1529
2025-03-13 21:46:00,1355.2085
2025-03-13 21:47:00,1354.9319
2025-03-13 21:48:00,1354.9861
2025-03-13 21:49:00,1355.2853
2025-03-13 21:50:00,1354.9856
2025-03-13 21:51:00,1355.1080
2025-03-13 21:52:00,1355.0514
2025-03-13 21:53:00,1355.0998
2025-03-13 21:54:00,1367.0814
2025-03-13 21:55:00,1366.5238
2025-03-13 21:56:00,1354.8602
2025-03-13 21:57:00,1354.9482
2025-03-13 21:58:00,8090.5157
2025-03-13 21:59:00,1367.4510
2025-03-13 22:00:00,1367.5804
2025-03-13 22:01:00,1366.4226
2025-03-13 22:02:00,1366.9805
2025-03-13 22:03:00,1366.9894
2025-03-13 22:04:00,1366.9822
2025-03-13 22:05:00,1362.9911
2025-03-13 22:06:00,1363.1050
2025-03-13 22:07:00,1367.5706
2025-03-13 22:08:00,1367.4566
2025-03-13 22:09:00,1367.1708
2025-03-13 22:10:00,1367.7069
2025-03-13 22:11:00,1366.9894
2025-03-13 22:12:00,1367.6685
2025-03-13 22:13:00,1367.7136
2025-03-13 22:14:00,1368.1388
2025-03-13 22:15:00,1366.4581
2025-03-13 22:16:00,1366.4868
2025-03-13 22:17:00,1363.2495
2025-03-13 22:18:00,1354.8940
2025-03-13 22:19:00,1354.9469
2025-03-13 22:20:00,1355.1571
2025-03-13 22:21:00,1354.9554
2025-03-13 22:22:00,1355.1585
2025-03-13 22:23:00,1354.9639
2025-03-13 22:24:00,1354.9921
2025-03-13 22:25:00,1354.9565
2025-03-13 22:26:00,1354.9577
2025-03-13 22:27:00,1354.9179
2025-03-13 22:28:00,1355.1850
2025-03-13 22:29:00,1355.6662
2025-03-13 22:30:00,1355.0734
2025-03-13 22:31:00,1354.9094
2025-03-13 22:32:00,1355.1059
2025-03-13 22:33:00,1355.2853
2025-03-13 22:34:00,1354.8958
2025-03-13 22:35:00,1355.0101
2025-03-13 22:36:00,1355.0533
2025-03-13 22:37:00,1355.1880
2025-03-13 22:38:00,1355.3920
2025-03-13 22:39:00,1354.9335
2025-03-13 22:40:00,1355.0019
2025-03-13 22:41:00,1354.9050
2025-03-13 22:42:00,1355.6510
2025-03-13 22:43:00,1355.1410
2025-03-13 22:44:00,1355.2648
2025-03-13 22:45:00,1354.9162
2025-03-13 22:46:00,1355.2051
2025-03-13 22:47:00,1355.0019
2025-03-13 22:48:00,1355.0671
2025-03-13 22:49:00,1354.9896
2025-03-13 22:50:00,1355.0565
2025-03-13 22:51:00,1355.1640
2025-03-13 22:52:00,1355.1067
2025-03-13 22:53:00,1354.9389
2025-03-13 22:54:00,1354.8733
2025-03-13 22:55:00,1368.0303
2025-03-13 22:56:00,1368.0299
2025-03-13 22:57:00,1367.4832
2025-03-13 22:58:00,1367.8888
2025-03-13 22:59:00,1367.5069
2025-03-13 23:00:00,1367.3729
2025-03-13 23:01:00,1367.5873
2025-03-13 23:02:00,1366.8099
2025-03-13 23:03:00,1367.4812
2025-03-13 23:04:00,1367.0925
2025-03-13 23:05:00,1367.4710
2025-03-13 23:06:00,1367.0402
2025-03-13 23:07:00,1366.0802
2025-03-13 23:08:00,1367.4895
2025-03-13 23:09:00,1367.0444
2025-03-13 23:10:00,1355.1592
2025-03-13 23:11:00,1367.2285
2025-03-13 23:12:00,1366.0934
2025-03-13 23:13:00,1367.0444
2025-03-13 23:14:00,1367.2178
2025-03-13 23:15:00,1367.8809
2025-03-13 23:16:00,1366.7755
2025-03-13 23:17:00,1366.4631
2025-03-13 23:18:00,1367.0110
2025-03-13 23:19:00,1367.1834
2025-03-13 23:20:00,1367.0071
2025-03-13 23:21:00,1364.1617
2025-03-13 23:22:00,1366.4506
2025-03-13 23:23:00,1366.8250
2025-03-13 23:25:00,1365.3779
2025-03-13 23:26:00,1366.8392
2025-03-13 23:27:00,1364.3449
2025-03-13 23:28:00,1364.6236
2025-03-13 23:29:00,1364.6075
2025-03-13 23:32:00,1364.6456
2025-03-13 23:33:00,1366.7358
2025-03-13 23:34:00,1367.4651
2025-03-13 23:35:00,1367.1456
2025-03-13 23:36:00,1363.1933
2025-03-13 23:37:00,1367.1470
2025-03-13 23:38:00,1364.9539
2025-03-13 23:40:00,1367.8897
2025-03-13 23:41:00,1367.5327
2025-03-13 23:43:00,1364.5654
2025-03-13 23:45:00,1367.9819
2025-03-13 23:46:00,1367.0242
2025-03-13 23:47:00,1367.9770
2025-03-13 23:48:00,1367.7294
2025-03-13 23:49:00,1367.1167
2025-03-13 23:50:00,1367.1899
2025-03-13 23:51:00,1362.9911
2025-03-13 23:52:00,1367.0201
2025-03-13 23:53:00,1363.0708
2025-03-13 23:54:00,1365.9935
2025-03-13 23:55:00,1367.2213
2025-03-13 23:56:00,1366.7810
2025-03-13 23:59:00,1366.4871
2025-03-14 00:00:00,1366.5107
2025-03-14 00:01:00,1365.4223
2025-03-14 00:02:00,1365.4024
2025-03-14 00:03:00,1371.3199
2025-03-14 00:04:00,1367.5138
2025-03-14 00:05:00,1365.5320
2025-03-14 00:06:00,1366.7057
2025-03-14 00:07:00,1365.6750
2025-03-14 00:08:00,1363.3442
2025-03-14 00:09:00,1366.6638
2025-03-14 00:10:00,1363.2697
2025-03-14 00:11:00,1365.6894
2025-03-14 00:12:00,1365.6515
2025-03-14 00:13:00,1364.6325
2025-03-14 00:14:00,1363.0275
2025-03-14 00:15:00,1371.4322
2025-03-14 00:16:00,1367.2015
2025-03-14 00:17:00,1363.9361
2025-03-14 00:18:00,1363.4660
2025-03-14 00:19:00,1366.8248
2025-03-14 00:20:00,1355.8750
2025-03-14 00:21:00,1355.1430
2025-03-14 00:22:00,1364.8015
2025-03-14 00:23:00,1363.8154
2025-03-14 00:24:00,1366.9980
2025-03-14 00:25:00,1355.8549
2025-03-14 00:26:00,1363.3805
2025-03-14 00:27:00,1367.2303
2025-03-14 00:28:00,1367.1921
2025-03-14 00:29:00,1367.1706
2025-03-14 00:31:00,1363.6685
2025-03-14 00:32:00,1367.6462
2025-03-14 00:33:00,1366.3620
2025-03-14 00:34:00,1355.2867
2025-03-14 00:35:00,1366.2757
2025-03-14 00:36:00,1355.5179
2025-03-14 00:37:00,1354.9428
2025-03-14 00:38:00,1355.7026
2025-03-14 00:39:00,1365.6265
2025-03-14 00:40:00,1366.3113
2025-03-14 00:41:00,1371.3755
2025-03-14 00:42:00,1363.6017
2025-03-14 00:43:00,1363.0463
2025-03-14 00:44:00,1363.7868
2025-03-14 00:45:00,1367.4365
2025-03-14 00:46:00,1375.0909
2025-03-14 00:47:00,1367.3141
2025-03-14 00:48:00,1369.2482
2025-03-14 00:49:00,1375.0909
2025-03-14 00:50:00,1362.1861
2025-03-14 00:51:00,1355.8750
2025-03-14 00:52:00,1362.4256
2025-03-14 00:53:00,1367.9263
2025-03-14 00:54:00,1367.9353
2025-03-14 00:55:00,1363.1705
2025-03-14 00:56:00,1367.1516
2025-03-14 00:57:00,1354.2262
2025-03-14 00:59:00,1368.2351
2025-03-14 01:00:00,1354.8366
2025-03-14 01:01:00,1355.1422
2025-03-14 01:02:00,1354.8179
2025-03-14 01:03:00,1369.0162
2025-03-14 01:04:00,1361.4885
2025-03-14 01:05:00,1354.7864
2025-03-14 01:06:00,1355.5810
2025-03-14 01:07:00,1369.1568
2025-03-14 01:08:00,1367.2822
2025-03-14 01:09:00,1375.0909
2025-03-14 01:10:00,1375.0909
2025-03-14 01:11:00,1362.2849
2025-03-14 01:12:00,1369.1007
2025-03-14 01:13:00,1362.2864
2025-03-14 01:14:00,1346.8694
2025-03-14 01:18:00,1375.0909
2025-03-14 01:19:00,1354.3770
2025-03-14 01:20:00,1346.8777
2025-03-14 01:21:00,1346.8209
2025-03-14 01:24:00,1368.1917
2025-03-14 01:25:00,1346.8879
2025-03-14 01:26:00,1363.2881
2025-03-14 01:27:00,1368.1744
2025-03-14 01:28:00,1375.0909
2025-03-14 01:29:00,1368.2561
2025-03-14 01:30:00,1366.9923
2025-03-14 01:31:00,1354.8991
2025-03-14 01:32:00,1354.8121
2025-03-14 01:34:00,1354.9146
2025-03-14 01:35:00,1355.6949
2025-03-14 01:36:00,1355.2839
2025-03-14 01:37:00,1355.1490
2025-03-14 01:38:00,1368.6018
2025-03-14 01:39:00,1355.5292
2025-03-14 01:40:00,1355.5306
2025-03-14 01:42:00,1346.8894
2025-03-14 01:43:00,1355.8750
2025-03-14 01:44:00,1355.8750
2025-03-14 01:45:00,1375.0909
2025-03-14 01:46:00,1375.0909
2025-03-14 01:47:00,1346.9107
2025-03-14 01:48:00,1352.9327
2025-03-14 01:49:00,1346.8694
2025-03-14 01:50:00,1346.8495
2025-03-14 01:51:00,1367.3314
2025-03-14 01:52:00,1354.1922
2025-03-14 01:53:00,1354.9781
2025-03-14 01:54:00,1367.0747
2025-03-14 01:55:00,1367.1985
2025-03-14 01:56:00,1369.0342
2025-03-14 01:57:00,1362.2876
2025-03-14 01:59:00,1367.3977
2025-03-14 02:00:00,1368.5775
2025-03-14 02:01:00,1362.8086
2025-03-14 02:02:00,1367.9833
2025-03-14 02:03:00,1354.1922
2025-03-14 02:04:00,1362.2892
2025-03-14 02:05:00,1362.2900
2025-03-14 02:06:00,1368.1893
2025-03-14 02:07:00,1366.9679
2025-03-14 02:08:00,1368.6784
2025-03-14 02:09:00,1366.9115
2025-03-14 02:10:00,1354.5528
2025-03-14 02:11:00,1362.2508
2025-03-14 02:12:00,1363.1327
2025-03-14 02:13:00,1375.0909
2025-03-14 02:14:00,1362.9756
2025-03-14 02:15:00,1367.9531
2025-03-14 02:16:00,1367.9531
2025-03-14 02:17:00,1366.7946
2025-03-14 02:18:00,1368.2057
2025-03-14 02:19:00,1375.0909
2025-03-14 02:20:00,1346.8269
2025-03-14 02:21:00,1363.3523
2025-03-14 02:22:00,1354.0204
2025-03-14 02:23:00,1354.2755
2025-03-14 02:24:00,1368.1730
2025-03-14 02:25:00,1346.8209
2025-03-14 02:26:00,1355.8750
2025-03-14 02:27:00,1341.1933
2025-03-14 02:28:00,1363.9339
2025-03-14 02:29:00,1355.8750
2025-03-14 02:30:00,1368.6108
2025-03-14 02:31:00,1354.5748
2025-03-14 02:32:00,1346.9378
2025-03-14 02:33:00,1367.0289
2025-03-14 02:34:00,1368.2409
2025-03-14 02:35:00,1362.2165
2025-03-14 02:36:00,1340.8783
2025-03-14 02:37:00,1346.8586
2025-03-14 02:40:00,1368.1002
2025-03-14 02:41:00,1368.1653
2025-03-14 02:42:00,1368.0972
2025-03-14 02:43:00,1368.8334
2025-03-14 02:44:00,1368.2519
2025-03-14 02:45:00,1368.2455
2025-03-14 02:46:00,1354.7556
2025-03-14 02:47:00,1354.8127
2025-03-14 02:48:00,1355.2805
2025-03-14 02:49:00,1355.4365
2025-03-14 02:50:00,1354.9801
2025-03-14 02:51:00,1355.0031
2025-03-14 02:52:00,1355.2479
2025-03-14 02:53:00,1354.9306
2025-03-14 02:54:00,1355.0900
2025-03-14 02:55:00,1355.5324
2025-03-14 02:56:00,1355.5282
2025-03-14 02:57:00,1355.5597
2025-03-14 02:58:00,1368.0307
2025-03-14 02:59:00,1367.9731
2025-03-14 03:00:00,1355.7268
2025-03-14 03:01:00,1355.2184
2025-03-14 03:02:00,1362.3324
2025-03-14 03:03:00,1355.8848
2025-03-14 03:04:00,1366.6458
2025-03-14 03:05:00,1366.5225
2025-03-14 03:06:00,1338.3452
2025-03-14 03:07:00,1375.0909
2025-03-14 03:08:00,1362.2842
2025-03-14 03:09:00,1353.4954
2025-03-14 03:11:00,1353.2566
2025-03-14 03:12:00,1368.7560
2025-03-14 03:13:00,1362.2896
2025-03-14 03:14:00,1362.2889
2025-03-14 03:15:00,1362.2893
2025-03-14 03:16:00,1375.0909
2025-03-14 03:17:00,1361.8270
2025-03-14 03:18:00,1362.2884
2025-03-14 03:21:00,1362.2165
2025-03-14 03:22:00,1367.9970
2025-03-14 03:23:00,1368.1929
2025-03-14 03:24:00,1363.2645
2025-03-14 03:25:00,1361.8390
2025-03-14 03:26:00,1375.0909
2025-03-14 03:27:00,1368.0131
2025-03-14 03:28:00,1361.8326
2025-03-14 03:29:00,1367.0055
2025-03-14 03:30:00,1354.4047
2025-03-14 03:31:00,1354.3410
2025-03-14 03:32:00,1375.0909
2025-03-14 03:33:00,1368.1755
2025-03-14 03:34:00,1368.1145
2025-03-14 03:35:00,1375.0909
2025-03-14 03:36:00,1359.8929
2025-03-14 03:40:00,1367.0349
2025-03-14 03:41:00,1368.8392
2025-03-14 03:42:00,1361.8312
2025-03-14 03:43:00,1362.9482
2025-03-14 03:44:00,1361.8184
2025-03-14 03:45:00,1367.0429
2025-03-14 03:56:00,1355.0401
2025-03-14 03:57:00,1355.2114
2025-03-14 03:58:00,1368.6247
2025-03-14 03:59:00,1368.5377
2025-03-14 04:00:00,1368.1982
2025-03-14 04:01:00,1346.7757
2025-03-14 04:02:00,1354.9181
2025-03-14 04:03:00,1355.4266
2025-03-14 04:07:00,1355.9639
2025-03-14 04:08:00,1355.7062
2025-03-14 04:09:00,1347.0609
2025-03-14 04:10:00,1366.4388
2025-03-14 04:11:00,1367.9651
2025-03-14 04:12:00,1367.3646
2025-03-14 04:13:00,1367.5820
2025-03-14 04:14:00,1355.8750
2025-03-14 04:15:00,1363.3168
2025-03-14 04:16:00,1346.9982
2025-03-14 04:17:00,1355.8750
2025-03-14 04:18:00,1362.0048
2025-03-14 04:19:00,1366.1143
2025-03-14 04:20:00,1365.9758
2025-03-14 04:21:00,1363.9646
2025-03-14 04:22:00,1367.2602
2025-03-14 04:23:00,1365.6404
2025-03-14 04:24:00,1367.7375
2025-03-14 04:25:00,1367.7421
2025-03-14 04:26:00,1363.0814
2025-03-14 04:28:00,1367.3372
2025-03-14 04:29:00,1367.2989
2025-03-14 04:30:00,1355.8750
2025-03-14 04:31:00,1361.1497
2025-03-14 04:32:00,1367.1651
2025-03-14 04:33:00,1363.6468
2025-03-14 04:34:00,1361.6299
2025-03-14 04:35:00,1362.2839
2025-03-14 04:36:00,1364.1997
2025-03-14 04:37:00,1367.9408
2025-03-14 04:38:00,1362.2408
2025-03-14 04:39:00,1375.0909
2025-03-14 04:40:00,1355.3368
2025-03-14 04:41:00,1355.5107
2025-03-14 04:42:00,1355.1443
2025-03-14 04:43:00,1355.1335
2025-03-14 04:44:00,1355.3567
2025-03-14 04:45:00,1355.4375
2025-03-14 04:46:00,1367.0664
2025-03-14 04:47:00,1354.9880
2025-03-14 04:50:00,1366.4003
2025-03-14 04:51:00,1362.6523
2025-03-14 04:52:00,1364.2265
2025-03-14 04:53:00,1371.1738
2025-03-14 04:54:00,1367.3299
2025-03-14 04:55:00,1367.2140
2025-03-14 04:56:00,1363.4170
2025-03-14 04:57:00,1335.3333
2025-03-14 04:58:00,1366.7295
2025-03-14 04:59:00,1367.3356
2025-03-14 05:00:00,1364.7100
2025-03-14 05:03:00,1367.3910
2025-03-14 05:05:00,1367.4442
2025-03-14 05:06:00,1367.4558
2025-03-14 05:07:00,1367.9699
2025-03-14 05:08:00,1365.3462
2025-03-14 05:09:00,1367.7242
2025-03-14 05:11:00,1367.0134
2025-03-14 05:12:00,1355.0091
2025-03-14 05:13:00,1366.7497
2025-03-14 05:14:00,1367.0733
2025-03-14 05:15:00,1362.5226
2025-03-14 05:16:00,1354.9695
2025-03-14 05:17:00,1355.0309
2025-03-14 05:18:00,1355.0949
2025-03-14 05:19:00,1355.0076
2025-03-14 05:20:00,1355.0066
2025-03-14 05:21:00,1355.1792
2025-03-14 05:22:00,1355.0293
2025-03-14 05:23:00,1355.0571
2025-03-14 05:24:00,1355.4088
2025-03-14 05:25:00,1355.3113
2025-03-14 05:26:00,1355.4076
2025-03-14 05:27:00,1355.0286
2025-03-14 05:28:00,1355.2201
2025-03-14 05:29:00,1354.9449
2025-03-14 05:30:00,1355.1548
2025-03-14 05:31:00,7561.5872
2025-03-14 05:32:00,1368.1105
2025-03-14 05:33:00,1367.6784
2025-03-14 05:34:00,1368.3502
2025-03-14 05:35:00,1367.8527
2025-03-14 05:36:00,1367.7256
2025-03-14 05:37:00,1367.7256
2025-03-14 05:39:00,1366.0745
2025-03-14 05:40:00,1366.0608
2025-03-14 05:41:00,1367.4462
2025-03-14 05:42:00,1367.7099
2025-03-14 05:43:00,1366.7645
2025-03-14 05:44:00,1367.5852
2025-03-14 05:45:00,1366.1292
2025-03-14 05:46:00,1366.8030
2025-03-14 05:47:00,1367.0456
2025-03-14 05:48:00,1367.5867
2025-03-14 05:49:00,1367.2348
2025-03-14 05:50:00,1367.0335
2025-03-14 05:51:00,1367.7416
2025-03-14 05:52:00,1366.1205
2025-03-14 05:53:00,1367.0415
2025-03-14 05:57:00,1362.9682
2025-03-14 05:58:00,1366.9756
2025-03-14 06:00:00,1364.2342
2025-03-14 06:01:00,1355.1882
2025-03-14 06:02:00,1354.8363
2025-03-14 06:03:00,1355.2507
2025-03-14 06:04:00,1355.3302
2025-03-14 06:05:00,1365.6179
2025-03-14 06:06:00,1355.0643
2025-03-14 06:07:00,1355.0981
2025-03-14 06:08:00,1366.3905
2025-03-14 06:09:00,1362.7592
2025-03-14 06:10:00,1355.2546
2025-03-14 06:11:00,1354.8595
2025-03-14 06:12:00,1367.2119
2025-03-14 06:13:00,1367.0395
2025-03-14 06:14:00,1366.9660
2025-03-14 06:15:00,1365.9204
2025-03-14 06:16:00,1355.0637
2025-03-14 06:17:00,1362.1481
2025-03-14 06:18:00,1355.1753
2025-03-14 06:19:00,1354.9981
2025-03-14 06:20:00,1367.1884
2025-03-14 06:21:00,1371.1737
2025-03-14 06:22:00,1362.7351
2025-03-14 06:23:00,1367.1802
2025-03-14 06:24:00,1367.8211
2025-03-14 06:25:00,1366.3812
2025-03-14 06:26:00,1355.3304
2025-03-14 06:27:00,1355.2516
2025-03-14 06:28:00,1355.7496
2025-03-14 06:29:00,1361.9930
2025-03-14 06:30:00,1355.1737
2025-03-14 06:31:00,1365.9501
2025-03-14 06:32:00,1367.6415
2025-03-14 06:33:00,1355.1600
2025-03-14 06:34:00,1361.8278
2025-03-14 06:35:00,1365.7384
2025-03-14 06:36:00,1337.6018
2025-03-14 06:37:00,1354.7921
2025-03-14 06:38:00,1366.5763
2025-03-14 06:39:00,1366.8555
2025-03-14 06:40:00,1367.0602
2025-03-14 06:41:00,1355.0884
2025-03-14 06:42:00,1355.7436
2025-03-14 06:43:00,1366.9982
2025-03-14 06:44:00,1354.9381
2025-03-14 06:45:00,1365.9135
2025-03-14 06:46:00,1364.0460
2025-03-14 06:47:00,1366.9829
2025-03-14 06:48:00,1366.4203
2025-03-14 06:49:00,1367.0217
2025-03-14 06:51:00,1368.2931
2025-03-14 06:53:00,1354.8106
2025-03-14 06:54:00,1366.4566
2025-03-14 06:55:00,1366.9889
2025-03-14 06:56:00,1364.1712
2025-03-14 06:57:00,1362.8493
2025-03-14 06:58:00,1366.9587
2025-03-14 06:59:00,1366.7111
2025-03-14 07:00:00,1365.9748
2025-03-14 07:01:00,1366.3957
2025-03-14 07:02:00,1363.0224
2025-03-14 07:03:00,1367.0733
2025-03-14 07:04:00,1365.9387
2025-03-14 07:05:00,1366.3806
2025-03-14 07:06:00,1365.3132
2025-03-14 07:07:00,1366.9799
2025-03-14 07:08:00,1365.9878
2025-03-14 07:09:00,1367.2083
2025-03-14 07:10:00,1366.8038
2025-03-14 07:11:00,1366.7682
2025-03-14 07:12:00,1362.6845
2025-03-14 07:13:00,1367.3728
2025-03-14 07:14:00,1366.4926
2025-03-14 07:15:00,1364.0481
2025-03-14 07:16:00,1362.5226
2025-03-14 07:17:00,1367.7071
2025-03-14 07:18:00,1363.2788
2025-03-14 07:19:00,1367.2678
2025-03-14 07:20:00,1364.3385
2025-03-14 07:26:00,1367.0596
2025-03-14 07:27:00,1363.2232
2025-03-14 07:28:00,1366.5879
2025-03-14 07:29:00,1367.0737
2025-03-14 07:30:00,1366.4529
2025-03-14 07:31:00,1371.2764
2025-03-14 07:32:00,1371.4031
2025-03-14 07:33:00,1363.0248
2025-03-14 07:34:00,1371.3560
2025-03-14 07:35:00,1367.1434
2025-03-14 07:36:00,1367.9447
2025-03-14 07:37:00,1371.7003
2025-03-14 07:38:00,1355.8750
2025-03-14 07:39:00,1363.5709
2025-03-14 07:40:00,1367.0505
2025-03-14 07:41:00,1362.0158
2025-03-14 07:42:00,1375.0909
2025-03-14 07:43:00,1362.2850
2025-03-14 07:44:00,1367.8452
2025-03-14 07:45:00,1367.8080
2025-03-14 07:46:00,1355.8228
2025-03-14 07:47:00,1362.2871
2025-03-14 07:48:00,1335.0243
2025-03-14 07:49:00,1362.2469
2025-03-14 07:50:00,1354.8741
2025-03-14 07:51:00,1355.0366
2025-03-14 07:52:00,1355.5878
2025-03-14 07:53:00,1369.0108
2025-03-14 07:54:00,1355.7733
2025-03-14 07:55:00,1355.7622
2025-03-14 07:56:00,1355.0923
2025-03-14 07:57:00,1355.7681
2025-03-14 07:58:00,1355.4375
2025-03-14 07:59:00,1368.5058
2025-03-14 08:00:00,1368.8414
2025-03-14 08:01:00,1338.0563
2025-03-14 08:02:00,1361.7251
2025-03-14 08:03:00,1346.9610
2025-03-14 08:04:00,1361.7147
2025-03-14 08:05:00,1375.0909
2025-03-14 08:06:00,1362.2839
2025-03-14 08:07:00,1362.1804
2025-03-14 08:08:00,1346.9961
2025-03-14 08:09:00,1362.2861
2025-03-14 08:10:00,1346.9743
2025-03-14 08:11:00,1353.6641
2025-03-14 08:12:00,1346.8831
2025-03-14 08:13:00,1368.8825
2025-03-14 08:14:00,1362.2884
2025-03-14 08:15:00,1354.0164
2025-03-14 08:16:00,1354.3410
2025-03-14 08:17:00,1368.1002
2025-03-14 08:19:00,1371.2321
2025-03-14 08:20:00,1354.3769
2025-03-14 08:21:00,1368.8437
2025-03-14 08:22:00,1354.0719
2025-03-14 08:23:00,1368.0649
2025-03-14 08:24:00,1346.8527
2025-03-14 08:25:00,1346.8768
2025-03-14 08:26:00,1368.8756
2025-03-14 08:27:00,1361.8377
2025-03-14 08:28:00,1368.8768
2025-03-14 08:29:00,1368.8743
2025-03-14 08:30:00,1368.8403
2025-03-14 08:31:00,1354.9052
2025-03-14 08:32:00,1354.7571
2025-03-14 08:33:00,1355.2790
2025-03-14 08:34:00,1355.2805
2025-03-14 08:35:00,1375.0909
2025-03-14 08:36:00,1355.7657
2025-03-14 08:37:00,1356.0771
2025-03-14 08:38:00,1355.3314
2025-03-14 08:39:00,1368.8640
2025-03-14 08:40:00,1366.4733
2025-03-14 08:41:00,1347.0894
2025-03-14 08:42:00,1361.4431
2025-03-14 08:43:00,1338.1072
2025-03-14 08:44:00,1362.4258
2025-03-14 08:45:00,1355.8750
2025-03-14 08:46:00,1355.0114
2025-03-14 08:47:00,1355.1417
2025-03-14 08:48:00,1355.3242
2025-03-14 08:49:00,1355.7462
2025-03-14 08:50:00,1366.2562
2025-03-14 08:51:00,1338.1684
2025-03-14 08:52:00,1355.0177
2025-03-14 08:53:00,1369.1268
2025-03-14 08:54:00,1338.0374
2025-03-14 08:55:00,1355.9870
2025-03-14 08:56:00,1367.1703
2025-03-14 08:57:00,1375.0909
2025-03-14 08:58:00,1354.9105
2025-03-14 08:59:00,1355.2240
2025-03-14 09:00:00,1355.2352
2025-03-14 09:01:00,1369.2022
2025-03-14 09:02:00,1355.1315
2025-03-14 09:03:00,1355.0019
2025-03-14 09:04:00,1355.0283
2025-03-14 09:05:00,1355.5834
2025-03-14 09:06:00,1355.3344
2025-03-14 09:07:00,1365.8797
2025-03-14 09:08:00,1355.3150
2025-03-14 09:09:00,1366.0070
2025-03-14 09:10:00,1355.9265
2025-03-14 09:11:00,1361.9206
2025-03-14 09:12:00,1368.4974
2025-03-14 09:13:00,1368.3744
2025-03-14 09:14:00,1354.9792
2025-03-14 09:15:00,1354.9815
2025-03-14 09:16:00,1355.1660
2025-03-14 09:17:00,1355.2551
2025-03-14 09:18:00,1355.2560
2025-03-14 09:19:00,1355.1398
2025-03-14 09:20:00,1355.0973
2025-03-14 09:21:00,1355.3264
2025-03-14 09:22:00,1355.3276
2025-03-14 09:23:00,1355.1383
2025-03-14 09:24:00,1365.2196
2025-03-14 09:25:00,1354.8666
2025-03-14 09:26:00,1354.9249
2025-03-14 09:27:00,1367.1594
2025-03-14 09:28:00,1366.9928
2025-03-14 09:29:00,1367.7367
2025-03-14 09:30:00,1354.9472
2025-03-14 09:31:00,1367.5255
2025-03-14 09:32:00,1355.4579
2025-03-14 09:33:00,1354.8457
2025-03-14 09:34:00,1367.6912
2025-03-14 09:35:00,1355.5272
2025-03-14 09:36:00,1355.8985
2025-03-14 09:37:00,1362.4201
2025-03-14 09:38:00,1356.1900
2025-03-14 09:39:00,1356.0685
2025-03-14 09:40:00,1371.2912
2025-03-14 09:41:00,1355.1887
2025-03-14 09:42:00,1355.1411
2025-03-14 09:43:00,1365.8898
2025-03-14 09:44:00,1355.0963
2025-03-14 09:45:00,1355.0336
2025-03-14 09:46:00,1355.2507
2025-03-14 09:47:00,1355.4407
2025-03-14 09:48:00,1355.2537
2025-03-14 09:49:00,1368.1804
2025-03-14 09:50:00,1356.1766
2025-03-14 09:51:00,1362.6591
2025-03-14 09:52:00,1355.5834
2025-03-14 09:53:00,1355.4374
2025-03-14 09:54:00,1355.2498
2025-03-14 09:55:00,1354.9237
2025-03-14 09:56:00,1368.0685
2025-03-14 09:57:00,1355.3234
2025-03-14 09:58:00,1355.4527
2025-03-14 09:59:00,1354.8807
2025-03-14 10:00:00,1337.6441
2025-03-14 10:01:00,1347.0985
2025-03-14 10:02:00,1355.5700
2025-03-14 10:03:00,1368.8433
2025-03-14 10:04:00,1369.1459
2025-03-14 10:05:00,1346.9105
2025-03-14 10:06:00,1362.2399
2025-03-14 10:07:00,1375.0909
2025-03-14 10:08:00,1375.0909
2025-03-14 10:09:00,1352.8055
2025-03-14 10:10:00,1368.0943
2025-03-14 10:11:00,1362.2464
2025-03-14 10:12:00,1362.6823
2025-03-14 10:13:00,1368.6875
2025-03-14 10:14:00,1361.8130
2025-03-14 10:15:00,1361.8099
2025-03-14 10:16:00,1367.4113
2025-03-14 10:17:00,1361.7996
2025-03-14 10:18:00,1362.9030
2025-03-14 10:19:00,1362.8174
2025-03-14 10:20:00,1346.8645
2025-03-14 10:21:00,1335.6113
2025-03-14 10:22:00,1353.6690
2025-03-14 10:23:00,1353.8414
2025-03-14 10:24:00,1346.8874
2025-03-14 10:25:00,1355.8750
2025-03-14 10:26:00,1368.1351
2025-03-14 10:27:00,1362.2887
2025-03-14 10:28:00,1353.9437
2025-03-14 10:29:00,1346.8762
2025-03-14 10:30:00,1335.1270
2025-03-14 10:31:00,1362.1573
2025-03-14 10:32:00,1361.8130
2025-03-14 10:33:00,1361.8299
2025-03-14 10:34:00,1362.7040
2025-03-14 10:36:00,1375.0909
2025-03-14 10:37:00,1362.6823
2025-03-14 10:38:00,1361.8243
2025-03-14 10:39:00,1353.6613
2025-03-14 10:40:00,1362.2893
2025-03-14 10:41:00,1368.8797
2025-03-14 10:42:00,1362.6605
2025-03-14 10:43:00,1361.8257
2025-03-14 10:44:00,1371.2796
2025-03-14 10:45:00,1368.8781
2025-03-14 10:46:00,1354.7760
2025-03-14 10:47:00,1354.8131
2025-03-14 10:48:00,1363.7698
2025-03-14 10:49:00,1367.1782
2025-03-14 10:50:00,1355.8711
2025-03-14 10:51:00,1368.9817
2025-03-14 10:52:00,1355.6450
2025-03-14 10:53:00,1355.3993
2025-03-14 10:54:00,1366.9941
2025-03-14 10:55:00,1365.9901
2025-03-14 10:56:00,1367.0210
2025-03-14 10:57:00,1367.0654
2025-03-14 10:58:00,1365.9354
2025-03-14 10:59:00,1366.9799
2025-03-14 11:00:00,1364.1002
2025-03-14 11:01:00,1364.1154
2025-03-14 11:02:00,1367.4505
2025-03-14 11:03:00,1366.7862
2025-03-14 11:04:00,1367.6306
2025-03-14 11:05:00,1365.3621
2025-03-14 11:06:00,1367.1092
2025-03-14 11:07:00,1367.0644
2025-03-14 11:08:00,1363.4622
2025-03-14 11:09:00,1356.2798
2025-03-14 11:10:00,1363.1369
2025-03-14 11:11:00,1366.1154
2025-03-14 11:12:00,5781.4534
2025-03-14 11:13:00,1355.3927
2025-03-14 11:14:00,1355.2761
2025-03-14 11:15:00,1355.3356
2025-03-14 11:16:00,1355.3136
2025-03-14 11:17:00,1362.0576
2025-03-14 11:18:00,1355.5431
2025-03-14 11:19:00,1355.8390
2025-03-14 11:20:00,1356.1900
2025-03-14 11:21:00,1355.8141
2025-03-14 11:22:00,1366.0654
2025-03-14 11:23:00,1355.0726
2025-03-14 11:24:00,1355.3804
2025-03-14 11:25:00,1355.8316
2025-03-14 11:26:00,1368.0489
2025-03-14 11:27:00,1355.1882
2025-03-14 11:28:00,1355.4918
2025-03-14 11:29:00,1355.6560
2025-03-14 11:30:00,1356.1766
2025-03-14 11:31:00,1362.6852
2025-03-14 11:32:00,1366.1609
2025-03-14 11:33:00,1363.1599
2025-03-14 11:34:00,1363.0455
2025-03-14 11:35:00,1367.0010
2025-03-14 11:36:00,1363.4083
2025-03-14 11:37:00,1371.5131
2025-03-14 11:38:00,1365.8268
2025-03-14 11:39:00,1363.5954
2025-03-14 11:40:00,1365.8081
2025-03-14 11:41:00,1371.6687
2025-03-14 11:42:00,1367.8628
2025-03-14 11:43:00,1355.8697
2025-03-14 11:44:00,1338.6621
2025-03-14 11:45:00,1355.6643
2025-03-14 11:46:00,1362.6877
2025-03-14 11:47:00,1347.0272
2025-03-14 11:48:00,1347.1997
2025-03-14 11:49:00,1355.3985
2025-03-14 11:50:00,1367.6510
2025-03-14 11:51:00,1362.0024
2025-03-14 11:52:00,1361.9944
2025-03-14 11:53:00,1362.6870
2025-03-14 11:54:00,1362.0004
2025-03-14 11:55:00,1367.9636
2025-03-14 11:56:00,1362.2826
2025-03-14 11:57:00,1371.4448
2025-03-14 11:58:00,1362.2838
2025-03-14 11:59:00,1346.9074
2025-03-14 12:00:00,1362.2866
2025-03-14 12:01:00,1353.3169
2025-03-14 12:02:00,1361.8056
2025-03-14 12:03:00,1361.8229
2025-03-14 12:04:00,1367.4761
2025-03-14 12:05:00,1346.9423
2025-03-14 12:06:00,1362.2158
2025-03-14 12:07:00,1346.8913
2025-03-14 12:08:00,1346.8666
2025-03-14 12:09:00,1346.8541
2025-03-14 12:10:00,1367.0361
2025-03-14 12:11:00,1346.8850
2025-03-14 12:12:00,1368.8888
2025-03-14 12:13:00,1346.8541
2025-03-14 12:14:00,1346.9287
2025-03-14 12:15:00,1346.8298
2025-03-14 12:16:00,1368.8498
2025-03-14 12:17:00,1368.8474
2025-03-14 12:18:00,1362.2893
2025-03-14 12:19:00,1371.0357
2025-03-14 12:20:00,1368.8474
2025-03-14 12:21:00,1361.8244
2025-03-14 12:22:00,1368.8797
2025-03-14 12:23:00,1361.8257
2025-03-14 12:24:00,1363.4085
2025-03-14 12:25:00,1362.2898
2025-03-14 12:26:00,1363.3373
2025-03-14 12:27:00,1370.9003
2025-03-14 12:28:00,1363.3401
2025-03-14 12:29:00,1371.3805
2025-03-14 12:30:00,1368.8757
2025-03-14 12:31:00,1368.8834
2025-03-14 12:32:00,1367.9936
2025-03-14 12:33:00,1362.7953
2025-03-14 12:34:00,1370.4167
2025-03-14 12:35:00,1368.1189
2025-03-14 12:36:00,1362.5738
2025-03-14 12:38:00,1346.9093
2025-03-14 12:39:00,1361.8230
2025-03-14 12:40:00,1346.8581
2025-03-14 12:41:00,1363.3686
2025-03-14 12:42:00,1362.2907
2025-03-14 12:43:00,1363.3886
2025-03-14 12:44:00,1371.0711
2025-03-14 12:45:00,1346.8989
2025-03-14 12:46:00,1346.8927
2025-03-14 12:47:00,1353.6714
2025-03-14 12:48:00,1353.3254
2025-03-14 12:49:00,1368.8548
2025-03-14 12:50:00,1361.8188
2025-03-14 12:51:00,1361.8296
2025-03-14 12:52:00,1368.8772
2025-03-14 12:53:00,1371.2441
2025-03-14 12:54:00,1362.7684
2025-03-14 12:55:00,1368.7763
2025-03-14 12:56:00,1361.9764
2025-03-14 12:57:00,1368.7563
2025-03-14 12:58:00,1370.2792
2025-03-14 12:59:00,1362.8799
2025-03-14 13:00:00,1346.8298
2025-03-14 13:01:00,1354.7644
2025-03-14 13:02:00,1354.7870
2025-03-14 13:03:00,1355.0585
2025-03-14 13:04:00,1355.0985
2025-03-14 13:05:00,1369.4250
2025-03-14 13:06:00,1355.5172
2025-03-14 13:07:00,1355.2562
2025-03-14 13:08:00,1368.8556
2025-03-14 13:09:00,1355.6699
2025-03-14 13:10:00,1347.1413
2025-03-14 13:11:00,1361.7532
2025-03-14 13:12:00,1362.3106
2025-03-14 13:13:00,1338.3994
2025-03-14 13:14:00,1370.0509
2025-03-14 13:15:00,1371.0551
2025-03-14 13:16:00,1346.8657
2025-03-14 13:17:00,1367.6427
2025-03-14 13:18:00,1367.9299
2025-03-14 13:19:00,1362.2599
2025-03-14 13:20:00,1368.7613
2025-03-14 13:21:00,1368.8716
2025-03-14 13:22:00,1367.5276
2025-03-14 13:23:00,1362.2868
2025-03-14 13:24:00,1362.1441
2025-03-14 13:25:00,1361.8322
2025-03-14 13:26:00,1368.8888
2025-03-14 13:27:00,1362.7292
2025-03-14 13:28:00,1367.2914
2025-03-14 13:29:00,1368.8497
2025-03-14 13:30:00,1363.4085
2025-03-14 13:31:00,1353.9310
2025-03-14 13:32:00,1346.8481
2025-03-14 13:33:00,1362.2896
2025-03-14 13:34:00,1362.2901
2025-03-14 13:35:00,1363.3686
2025-03-14 13:36:00,1353.6576
2025-03-14 13:37:00,1363.3232
2025-03-14 13:38:00,1371.1065
2025-03-14 13:39:00,1368.8474
2025-03-14 13:40:00,1361.8244
2025-03-14 13:41:00,1367.3838
2025-03-14 13:42:00,1368.8848
2025-03-14 13:43:00,1368.8847
2025-03-14 13:44:00,1363.0816
2025-03-14 13:45:00,1368.8724
2025-03-14 13:46:00,1367.9455
2025-03-14 13:47:00,1367.2600
2025-03-14 13:48:00,1346.8727
2025-03-14 13:49:00,1346.8291
2025-03-14 13:50:00,1362.2889
2025-03-14 13:51:00,1362.9915
2025-03-14 13:52:00,1367.8474
2025-03-14 13:53:00,1362.9915
2025-03-14 13:54:00,1361.8284
2025-03-14 13:55:00,1354.5572
2025-03-14 13:56:00,1346.9035
2025-03-14 13:57:00,1354.8239
2025-03-14 13:58:00,1354.8507
2025-03-14 13:59:00,1355.3223
2025-03-14 14:00:00,1355.3966
2025-03-14 14:01:00,1355.1807
2025-03-14 14:02:00,1368.3446
2025-03-14 14:03:00,1356.2851
2025-03-14 14:04:00,1356.3130
2025-03-14 14:05:00,1355.6625
2025-03-14 14:06:00,1356.3065
2025-03-14 14:07:00,1355.1508
2025-03-14 14:08:00,1355.3076
2025-03-14 14:09:00,1356.0259
2025-03-14 14:10:00,1362.2493
2025-03-14 14:11:00,1355.4521
2025-03-14 14:12:00,1355.3433
2025-03-14 14:13:00,1362.6134
2025-03-14 14:14:00,1368.4120
2025-03-14 14:15:00,1368.7074
2025-03-14 14:16:00,1361.2946
2025-03-14 14:17:00,1367.2998
2025-03-14 14:18:00,1354.7854
2025-03-14 14:19:00,1347.0291
2025-03-14 14:20:00,1346.9942
2025-03-14 14:21:00,1338.0357
2025-03-14 14:22:00,1346.9059
2025-03-14 14:23:00,1367.4919
2025-03-14 14:24:00,1363.4902
2025-03-14 14:25:00,1346.8586
2025-03-14 14:26:00,1346.9074
2025-03-14 14:27:00,1363.3618
2025-03-14 14:28:00,1346.9034
2025-03-14 14:29:00,1363.3475
2025-03-14 14:30:00,1363.3429
2025-03-14 14:31:00,1353.3254
2025-03-14 14:32:00,1353.9437
2025-03-14 14:33:00,1368.8548
2025-03-14 14:34:00,1362.2882
2025-03-14 14:35:00,1367.4761
2025-03-14 14:36:00,1361.8085
2025-03-14 14:37:00,1362.6493
2025-03-14 14:38:00,1362.4379
2025-03-14 14:39:00,1360.8249
2025-03-14 14:40:00,1368.6470
2025-03-14 14:41:00,1355.0600
2025-03-14 14:42:00,1355.0544
2025-03-14 14:43:00,1368.3579
2025-03-14 14:44:00,1362.1954
2025-03-14 14:45:00,1362.1673
2025-03-14 14:46:00,1362.1363
2025-03-14 14:47:00,1362.2833
2025-03-14 14:48:00,1368.7255
2025-03-14 14:49:00,1353.0265
2025-03-14 14:50:00,1368.8659
2025-03-14 14:51:00,1346.8663
2025-03-14 14:52:00,1353.3435
2025-03-14 14:53:00,1362.2879
2025-03-14 14:54:00,1346.8291
2025-03-14 14:55:00,1346.9293
2025-03-14 14:56:00,1362.2904
2025-03-14 14:57:00,1346.9159
2025-03-14 14:58:00,1346.8764
2025-03-14 14:59:00,1368.8535
2025-03-14 15:00:00,1361.7904
2025-03-14 15:01:00,1354.8726
2025-03-14 15:02:00,1355.0146
2025-03-14 15:03:00,1375.0909
2025-03-14 15:04:00,1355.2890
2025-03-14 15:05:00,1362.7032
2025-03-14 15:06:00,1368.7750
2025-03-14 15:07:00,1368.7750
2025-03-14 15:08:00,1369.0531
2025-03-14 15:09:00,1362.8556
2025-03-14 15:10:00,1355.2901
2025-03-14 15:11:00,1354.9725
2025-03-14 15:12:00,1355.3838
2025-03-14 15:13:00,1355.2180
2025-03-14 15:14:00,1354.9632
2025-03-14 15:15:00,1355.7989
2025-03-14 15:16:00,1368.3799
2025-03-14 15:17:00,1355.8041
2025-03-14 15:18:00,1355.4786
2025-03-14 15:19:00,1355.6567
2025-03-14 15:20:00,1366.0180
2025-03-14 15:21:00,1367.0275
2025-03-14 15:22:00,1362.9053
2025-03-14 15:23:00,1367.1440
2025-03-14 15:24:00,1355.8750
2025-03-14 15:25:00,1363.0353
2025-03-14 15:26:00,1355.8750
2025-03-14 15:27:00,1370.1701
2025-03-14 15:28:00,1347.0197
2025-03-14 15:29:00,1363.8917
2025-03-14 15:30:00,1365.0905
2025-03-14 15:31:00,1355.8750
2025-03-14 15:32:00,1364.1496
2025-03-14 15:33:00,1364.2226
2025-03-14 15:34:00,1367.8640
2025-03-14 15:35:00,1355.8750
2025-03-14 15:36:00,1362.3016
2025-03-14 15:37:00,1364.0990
2025-03-14 15:38:00,1355.8750
2025-03-14 15:39:00,1368.0460
2025-03-14 15:40:00,1366.1793
2025-03-14 15:41:00,1368.3308
2025-03-14 15:42:00,1364.3110
2025-03-14 15:43:00,1367.7803
2025-03-14 15:44:00,1366.7581
2025-03-14 15:45:00,1367.7695
2025-03-14 15:46:00,1367.6284
2025-03-14 15:47:00,1355.8750
2025-03-14 15:48:00,1346.9297
2025-03-14 15:49:00,1368.9864
2025-03-14 15:50:00,1338.0545
2025-03-14 15:51:00,1346.9637
2025-03-14 15:52:00,1354.9018
2025-03-14 15:53:00,1362.0223
2025-03-14 15:54:00,1338.3554
2025-03-14 15:55:00,1367.7418
2025-03-14 15:56:00,1367.7288
2025-03-14 15:57:00,1335.4276
2025-03-14 15:58:00,1362.4667
2025-03-14 15:59:00,1335.3047
2025-03-14 16:00:00,1367.7065
2025-03-14 16:01:00,1370.8937
2025-03-14 16:02:00,1362.4590
2025-03-14 16:03:00,1362.1573
2025-03-14 16:04:00,1362.1441
2025-03-14 16:05:19,1367.3093
2025-03-14 16:06:00,1362.5046
2025-03-14 16:07:00,1362.5767
2025-03-14 16:08:00,1362.1441
2025-03-14 16:09:00,1362.2490
2025-03-14 16:10:00,1361.8188
2025-03-14 16:11:00,1354.8825
2025-03-14 16:12:00,1355.1036
2025-03-14 16:13:00,1362.0408
2025-03-14 16:14:00,1355.1007
2025-03-14 16:15:00,1355.3078
2025-03-14 16:16:00,1354.9748
2025-03-14 16:17:00,1355.1013
2025-03-14 16:18:00,1355.3941
2025-03-14 16:19:00,1346.5467
2025-03-14 16:20:00,1355.5084
2025-03-14 16:21:00,1356.2176
2025-03-14 16:22:00,1355.1052
2025-03-14 16:23:00,1365.6267
2025-03-14 16:24:00,1355.2440
2025-03-14 16:25:00,1355.7845
2025-03-14 16:26:00,1371.2138
2025-03-14 16:27:00,1356.0830
2025-03-14 16:28:00,1366.1144
2025-03-14 16:29:00,1355.5118
2025-03-14 16:30:00,1355.0129
2025-03-14 16:31:00,1371.2518
2025-03-14 16:32:00,1366.3522
2025-03-14 16:33:00,1355.3314
2025-03-14 16:34:00,1356.1742
2025-03-14 16:35:00,1365.6861
2025-03-14 16:36:00,1355.8320
2025-03-14 16:37:00,1365.5536
2025-03-14 16:38:00,1371.3627
2025-03-14 16:39:00,1366.2424
2025-03-14 16:40:00,1364.3834
2025-03-14 16:41:00,1366.8382
2025-03-14 16:42:00,1362.7323
2025-03-14 16:43:00,1366.4073
2025-03-14 16:44:00,1365.9534
2025-03-14 16:45:00,1364.0151
2025-03-14 16:46:00,1355.8750
2025-03-14 16:47:00,1367.0754
2025-03-14 16:48:00,1366.7928
2025-03-14 16:49:00,1362.9167
2025-03-14 16:50:00,1362.8965
2025-03-14 16:51:00,1364.2142
2025-03-14 16:52:00,1367.8825
2025-03-14 16:53:00,1365.9980
2025-03-14 16:54:00,1365.1980
2025-03-14 16:55:00,1366.6832
2025-03-14 16:56:00,1363.8846
2025-03-14 16:58:00,1366.9133
2025-03-14 16:59:00,1366.7260
2025-03-14 17:00:00,1367.3167
2025-03-14 17:01:00,1367.6479
2025-03-14 17:02:00,1367.7885
2025-03-14 17:03:00,1366.4766
2025-03-14 17:04:00,1367.9336
2025-03-14 17:05:00,1366.0140
2025-03-14 17:06:00,1365.3324
2025-03-14 17:07:00,1355.2157
2025-03-14 17:08:00,1355.3905
2025-03-14 17:09:00,1355.5096
2025-03-14 17:10:00,1368.0382
2025-03-14 17:11:00,1367.1409
2025-03-14 17:12:00,1371.2099
2025-03-14 17:13:00,1366.7859
2025-03-14 17:14:00,1362.8675
2025-03-14 17:15:00,1363.0945
2025-03-14 17:16:00,1366.8460
2025-03-14 17:17:00,1355.8750
2025-03-14 17:18:00,1362.9711
2025-03-14 17:19:00,1368.7170
2025-03-14 17:20:00,1368.9519
2025-03-14 17:21:00,1361.4486
2025-03-14 17:22:00,1347.0448
2025-03-14 17:23:00,1365.9376
2025-03-14 17:24:00,1363.8059
2025-03-14 17:25:00,1367.1902
2025-03-14 17:26:00,1355.8750
2025-03-14 17:27:00,1347.1304
2025-03-14 17:28:00,1356.3546
2025-03-14 17:29:00,1361.7242
2025-03-14 17:30:00,1368.8918
2025-03-14 17:31:00,1361.7067
2025-03-14 17:32:00,1375.0909
2025-03-14 17:33:00,1338.1633
2025-03-14 17:34:00,1355.8332
2025-03-14 17:35:00,1355.2372
2025-03-14 17:36:00,1368.5474
2025-03-14 17:37:00,1369.0262
2025-03-14 17:38:00,1368.8556
2025-03-14 17:39:00,1355.4512
2025-03-14 17:40:00,1366.9021
2025-03-14 17:41:00,1355.7895
2025-03-14 17:42:00,1361.6501
2025-03-14 17:43:00,1369.1966
2025-03-14 17:44:00,1366.9156
2025-03-14 17:45:00,1368.0528
2025-03-14 17:46:00,1355.4651
2025-03-14 17:47:00,1355.3772
2025-03-14 17:48:00,1355.8786
2025-03-14 17:49:01,1369.4250
2025-03-14 17:50:00,1369.2713
2025-03-14 17:51:00,1362.0004
2025-03-14 17:52:00,1338.2728
2025-03-14 17:53:00,1368.1315
2025-03-14 17:54:00,1338.3102
2025-03-14 17:55:00,1368.2566
2025-03-14 17:56:00,1355.7856
2025-03-14 17:57:00,1355.2062
2025-03-14 17:58:00,1355.3160
2025-03-14 17:59:00,1368.8479
2025-03-14 18:00:00,1338.5216
2025-03-14 18:01:00,1355.3065
2025-03-14 18:02:00,1338.4398
2025-03-14 18:03:00,1346.9217
2025-03-14 18:04:00,1338.2598
2025-03-14 18:05:00,8090.5170
2025-03-14 18:06:00,1365.7549
2025-03-14 18:07:00,1367.0000
2025-03-14 18:08:00,1363.1959
2025-03-14 18:09:00,1367.6971
2025-03-14 18:10:00,1363.5850
2025-03-14 18:11:00,1367.7848
2025-03-14 18:12:00,1363.4148
2025-03-14 18:13:00,1363.5544
2025-03-14 18:14:00,1367.2386
2025-03-14 18:15:00,1363.2017
2025-03-14 18:16:00,1363.1807
2025-03-14 18:17:00,1371.3611
2025-03-14 18:18:00,1363.4202
2025-03-14 18:19:00,1367.4095
2025-03-14 18:20:00,1346.9575
2025-03-14 18:21:00,1364.3226
2025-03-14 18:22:00,1363.3130
2025-03-14 18:23:00,1366.8261
2025-03-14 18:24:00,1363.9084
2025-03-14 18:25:00,1347.0210
2025-03-14 18:26:00,1363.7133
2025-03-14 18:27:00,1361.5889
2025-03-14 18:28:00,1361.7862
2025-03-14 18:29:00,1362.0829
2025-03-14 18:30:00,1335.1211
2025-03-14 18:31:00,1370.7973
2025-03-14 18:32:00,1335.0678
2025-03-14 18:33:00,1362.4767
2025-03-14 18:34:00,1361.7917
2025-03-14 18:35:00,1353.5951
2025-03-14 18:36:00,1346.9287
2025-03-14 18:37:00,1353.5464
2025-03-14 18:39:00,1367.5793
2025-03-14 18:40:00,1362.2459
2025-03-14 18:41:00,1346.9287
2025-03-14 18:42:00,1371.5114
2025-03-14 18:43:00,1368.8975
2025-03-14 18:44:00,1368.8975
2025-03-14 18:45:00,1346.8810
2025-03-14 18:46:00,1346.8810
2025-03-14 18:47:00,1368.8643
2025-03-14 18:48:00,1362.2880
2025-03-14 18:49:00,1370.3852
2025-03-14 18:50:00,1362.2861
2025-03-14 18:51:00,1353.5213
2025-03-14 18:52:00,1368.8717
2025-03-14 18:53:00,1346.9447
2025-03-14 18:54:00,1362.2866
2025-03-14 18:55:00,1368.8962
2025-03-14 18:56:00,1361.8171
2025-03-14 18:57:00,1371.4338
2025-03-14 18:58:00,1361.8115
2025-03-14 18:59:00,1368.9021
2025-03-14 19:00:00,1368.8629
2025-03-14 19:01:00,1363.4198
2025-03-14 19:03:00,1370.1909
2025-03-14 19:04:00,1370.9008
2025-03-14 19:05:00,1363.3833
2025-03-14 19:06:00,1371.1536
2025-03-14 19:07:00,1363.3778
2025-03-14 19:08:00,1363.3669
2025-03-14 19:09:00,1353.4520
2025-03-14 19:10:00,1368.8576
2025-03-14 19:11:00,1362.2881
2025-03-14 19:12:00,1363.4618
2025-03-14 19:13:00,1353.5817
2025-03-14 19:14:00,1368.8629
2025-03-14 19:15:00,1371.3705
2025-03-14 19:16:00,1346.8810
2025-03-14 19:17:00,1368.8562
2025-03-14 19:18:00,1368.8589
2025-03-14 19:19:00,1346.8546
2025-03-14 19:20:00,1368.8616
2025-03-14 19:21:00,1362.2868
2025-03-14 19:22:00,1353.4663
2025-03-14 19:23:00,1362.2875
2025-03-14 19:24:00,1363.3833
2025-03-14 19:27:00,1346.9255
2025-03-14 19:28:00,1346.8551
2025-03-14 19:29:00,1371.1900
2025-03-14 19:30:00,1353.4663
2025-03-14 19:31:00,1368.8687
2025-03-14 19:32:00,1363.4618
2025-03-14 19:33:00,1346.9255
2025-03-14 19:34:00,1367.2981
2025-03-14 19:35:00,1370.2366
2025-03-14 19:36:00,1361.8087
2025-03-14 19:37:00,1368.8588
2025-03-14 19:38:00,1371.4420
2025-03-14 19:39:00,1361.7981
2025-03-14 19:40:00,1354.8415
2025-03-14 19:41:00,1355.1481
2025-03-14 19:42:00,1355.1394
2025-03-14 19:43:00,1355.8343
2025-03-14 19:44:00,1356.0579
2025-03-14 19:45:00,1347.0629
2025-03-14 19:46:00,1355.2419
2025-03-14 19:47:00,1355.3099
2025-03-14 19:48:00,1368.1675
2025-03-14 19:49:00,1346.9269
2025-03-14 19:50:00,1369.0692
2025-03-14 19:51:00,1367.7339
2025-03-14 19:52:00,1371.0622
2025-03-14 19:53:00,1362.9660
2025-03-14 19:54:00,1337.9610
2025-03-14 19:55:00,1368.7333
2025-03-14 19:56:00,1346.8996
2025-03-14 19:57:00,1346.9948
2025-03-14 19:58:00,1361.9199
2025-03-14 19:59:00,1361.4415
2025-03-14 20:00:00,1362.2832
2025-03-14 20:01:00,1347.0074
2025-03-14 20:02:00,1368.3123
2025-03-14 20:03:00,1355.0065
2025-03-14 20:04:00,1362.2784
2025-03-14 20:05:00,1347.0293
2025-03-14 20:06:00,1362.2780
2025-03-14 20:07:00,1346.9753
2025-03-14 20:08:00,1338.3189
2025-03-14 20:09:00,1346.9484
2025-03-14 20:10:00,1370.2061
2025-03-14 20:11:00,1346.9832
2025-03-14 20:12:00,1362.4686
2025-03-14 20:13:00,1355.8750
2025-03-14 20:14:00,1346.9587
2025-03-14 20:15:00,1335.4315
2025-03-14 20:16:00,1362.2874
2025-03-14 20:17:00,1371.3407
2025-03-14 20:18:00,1368.8643
2025-03-14 20:19:00,1353.7094
2025-03-14 20:20:00,1367.3925
2025-03-14 20:21:00,1368.8629
2025-03-14 20:22:00,1362.2871
2025-03-14 20:23:00,1368.8643
2025-03-14 20:24:00,1363.5178
2025-03-14 20:25:00,1361.7996
2025-03-14 20:26:00,1346.9447
2025-03-14 20:27:00,1369.9153
2025-03-14 20:28:00,1368.8589
2025-03-14 20:29:00,1362.2473
2025-03-14 20:30:00,1362.4669
2025-03-14 20:31:00,1371.4063
2025-03-14 20:32:00,1362.2871
2025-03-14 20:33:00,1368.9021
2025-03-14 20:34:00,1368.8991
2025-03-14 20:35:00,1368.8732
2025-03-14 20:36:00,1368.8702
2025-03-14 20:37:00,1371.4884
2025-03-14 20:38:00,1371.4420
2025-03-14 20:39:00,1346.9447
2025-03-14 20:40:00,1371.4420
2025-03-14 20:41:00,1370.4950
2025-03-14 20:42:00,1367.3616
2025-03-14 20:43:00,1353.4663
2025-03-14 20:44:00,1361.8026
2025-03-14 20:45:00,1368.8687
2025-03-14 20:46:00,1346.9255
2025-03-14 20:47:00,1346.9064
2025-03-14 20:48:00,1368.8629
2025-03-14 20:49:00,1353.5817
2025-03-14 20:50:00,1368.8562
2025-03-14 20:51:00,1368.8602
2025-03-14 20:52:00,1362.2881
2025-03-14 20:53:00,1370.4288
2025-03-14 20:54:00,1368.8589
2025-03-14 20:55:00,1371.4023
2025-03-14 20:56:00,1362.2875
2025-03-14 20:57:00,1371.4721
2025-03-14 20:58:00,1361.8129
2025-03-14 20:59:00,1371.2252
2025-03-14 21:00:00,1368.8629
2025-03-14 21:01:00,1368.8602
2025-03-14 21:02:00,1346.9447
2025-03-14 21:03:00,1368.8602
2025-03-14 21:04:00,1371.3346
2025-03-14 21:05:00,1363.4453
2025-03-14 21:07:00,1353.4520
2025-03-14 21:08:00,1371.1900
2025-03-14 21:09:00,1363.4246
2025-03-14 21:10:00,1371.2626
2025-03-14 21:11:00,1368.8616
2025-03-14 21:12:00,1368.8674
2025-03-14 21:13:00,1362.2875
2025-03-14 21:14:00,1371.5821
2025-03-14 21:15:00,1369.9426
2025-03-14 21:16:00,1368.8944
2025-03-14 21:17:00,1368.9021
2025-03-14 21:18:00,1371.4775
2025-03-14 21:19:00,1367.4582
2025-03-14 21:20:00,1353.2881
2025-03-14 21:21:00,1346.9064
2025-03-14 21:22:00,1371.1171
2025-03-14 21:23:00,1346.8429
2025-03-14 21:24:00,1353.3570
2025-03-14 21:25:00,1370.4070
2025-03-14 21:26:00,1346.8546
2025-03-14 21:27:00,1346.8495
2025-03-14 21:28:00,1368.8674
2025-03-14 21:29:00,1371.3705
2025-03-14 21:30:00,1368.8688
2025-03-14 21:31:00,1353.1306
2025-03-14 21:32:00,1367.6633
2025-03-14 21:33:00,1346.9142
2025-03-14 21:34:00,1337.9544
2025-03-14 21:35:00,1361.7902
2025-03-14 21:36:00,1362.2845
2025-03-14 21:37:00,1368.8780
2025-03-14 21:38:00,1353.2593
2025-03-14 21:39:00,1353.1975
2025-03-14 21:40:00,1352.9708
2025-03-14 21:41:00,1362.2848
2025-03-14 21:42:00,1368.8991
2025-03-14 21:43:00,1371.5039
2025-03-14 21:44:00,1361.8087
2025-03-14 21:45:00,1362.1398
2025-03-14 21:46:00,1368.8576
2025-03-14 21:47:00,1363.4828
2025-03-14 21:48:00,1363.4962
2025-03-14 21:49:00,1353.3026
2025-03-14 21:50:00,1363.4529
2025-03-14 21:51:00,1363.3988
2025-03-14 21:52:00,1346.9145
2025-03-14 21:53:22,1353.2751
2025-03-14 21:54:00,1363.4618
2025-03-14 21:55:00,1352.9757
2025-03-14 21:56:00,1346.9338
2025-03-14 21:57:00,1363.4096
2025-03-14 21:58:00,1346.8733
2025-03-14 21:59:00,1346.8551
2025-03-14 22:00:00,1368.8702
2025-03-14 22:01:00,1352.9386
2025-03-14 22:02:00,1368.8688
2025-03-14 22:03:00,1346.8619
2025-03-14 22:04:00,1368.8659
2025-03-14 22:05:00,1346.9508
2025-03-14 22:06:00,1346.9685
2025-03-14 22:07:00,1335.1335
2025-03-14 22:08:00,1346.9199
2025-03-14 22:09:00,1346.8786
2025-03-14 22:10:00,1370.3415
2025-03-14 22:11:00,1363.3988
2025-03-14 22:12:00,1346.8965
2025-03-14 22:13:00,1371.1171
2025-03-14 22:15:00,1362.2879
2025-03-14 22:16:00,1346.9064
2025-03-14 22:17:00,1353.0239
2025-03-14 22:18:00,1346.8551
2025-03-14 22:19:00,1353.1306
2025-03-14 22:20:00,1346.8684
2025-03-14 22:21:00,1361.8087
2025-03-14 22:22:00,1371.3705
2025-03-14 22:24:00,1369.9153
2025-03-14 22:25:00,1361.7888
2025-03-14 22:26:00,1368.9086
2025-03-14 22:27:00,1368.9021
2025-03-14 22:28:00,1368.8687
2025-03-14 22:29:00,1368.8905
2025-03-14 22:30:00,1368.8918
2025-03-14 22:31:00,1368.8975
2025-03-14 22:32:00,1346.9447
2025-03-14 22:33:00,1353.2686
2025-03-14 22:34:00,1353.0409
2025-03-14 22:35:00,1368.8589
2025-03-14 22:36:00,1346.8369
2025-03-14 22:37:00,1367.2417
2025-03-14 22:38:00,1346.9116
2025-03-14 22:39:00,1363.4962
2025-03-14 22:40:00,1353.2947
2025-03-14 22:41:00,1363.3718
2025-03-14 22:42:00,1346.9224
2025-03-14 22:43:00,1368.8674
2025-03-14 22:44:00,1371.2263
2025-03-14 22:45:00,1346.9005
2025-03-14 22:46:00,1346.7138
2025-03-14 22:47:00,1370.2631
2025-03-14 22:48:00,1361.8101
2025-03-14 22:49:00,1362.1619
2025-03-14 22:50:00,1368.7602
2025-03-14 22:51:00,1352.9339
2025-03-14 22:52:00,1370.1077
2025-03-14 22:53:00,1363.4096
2025-03-14 22:54:00,1367.2711
2025-03-14 22:55:00,1352.9478
2025-03-14 22:56:00,1371.2626
2025-03-14 22:57:00,1353.3570
2025-03-14 22:58:00,1371.4063
2025-03-14 22:59:00,1368.8688
2025-03-14 23:00:00,1362.2861
2025-03-14 23:01:00,1368.9041
2025-03-14 23:02:00,1375.0909
2025-03-14 23:03:00,1346.9589
2025-03-14 23:04:00,1362.2856
2025-03-14 23:05:00,1346.9589
2025-03-14 23:07:00,1368.8717
2025-03-14 23:08:00,1346.8874
2025-03-14 23:09:00,1368.9021
2025-03-14 23:10:00,1368.8732
2025-03-14 23:11:00,1346.8874
2025-03-14 23:12:00,1371.3407
2025-03-14 23:13:00,1346.9394
2025-03-14 23:14:00,1368.8688
2025-03-14 23:15:00,1346.8874
2025-03-14 23:16:00,1346.9589
2025-03-14 23:17:00,1353.1306
2025-03-14 23:18:00,1367.4582
2025-03-14 23:19:00,1368.9041
2025-03-14 23:20:00,1346.9394
2025-03-14 23:21:00,1367.4935
2025-03-14 23:22:00,1346.8851
2025-03-14 23:23:00,1335.3502
2025-03-14 23:24:00,1362.4706
2025-03-14 23:25:00,1346.8980
2025-03-14 23:26:00,1362.4712
2025-03-14 23:27:00,1355.8750
2025-03-14 23:28:00,1362.4725
2025-03-14 23:29:00,1362.4886
2025-03-14 23:30:00,1346.9259
2025-03-14 23:31:00,1367.8217
2025-03-14 23:33:00,1362.2229
2025-03-14 23:34:00,1368.9024
2025-03-14 23:35:00,1362.3174
2025-03-14 23:36:00,1368.9070
2025-03-14 23:37:00,1353.1975
2025-03-14 23:38:00,1352.8553
2025-03-14 23:40:00,1367.7727
2025-03-14 23:41:00,1346.9064
2025-03-14 23:42:00,1361.7981
2025-03-14 23:43:00,1346.8684
2025-03-14 23:44:00,1346.8619
2025-03-14 23:45:00,1362.2863
2025-03-14 23:46:00,1362.2868
2025-03-14 23:47:00,1368.8717
2025-03-14 23:48:00,1346.8733
2025-03-14 23:49:00,1352.6166
2025-03-14 23:50:00,1353.1306
2025-03-14 23:51:00,1362.2429
2025-03-14 23:52:00,1346.9199
2025-03-14 23:53:00,1355.0702
2025-03-14 23:54:00,1355.0928
2025-03-14 23:55:00,1355.7958
2025-03-14 23:56:00,1355.2358
2025-03-14 23:57:00,1368.8833
2025-03-14 23:58:00,1367.1177
2025-03-14 23:59:00,1355.2329
2025-03-15 00:00:00,1367.9289
2025-03-15 00:01:00,1356.2999
2025-03-15 00:02:00,1367.0841
2025-03-15 00:03:00,1355.7719
2025-03-15 00:04:00,1361.6712
2025-03-15 00:05:00,1368.9993
2025-03-15 00:06:00,1368.9011
2025-03-15 00:07:00,1369.2713
2025-03-15 00:08:25,1355.0036
2025-03-15 00:09:00,1355.1274
2025-03-15 00:10:00,1368.8918
2025-03-15 00:11:00,1368.7038
2025-03-15 00:12:00,1355.8421
2025-03-15 00:13:00,1355.5141
2025-03-15 00:14:00,1368.7028
2025-03-15 00:15:00,1366.2379
2025-03-15 00:16:00,1363.0564
2025-03-15 00:17:00,1363.0967
2025-03-15 00:18:00,1366.7920
2025-03-15 00:19:00,1355.8750
2025-03-15 00:20:00,1363.5562
2025-03-15 00:21:00,1366.4279
2025-03-15 00:22:00,1367.3818
2025-03-15 00:23:00,1367.8307
2025-03-15 00:24:00,1362.5516
2025-03-15 00:25:00,1355.5145
2025-03-15 00:26:00,1356.3101
2025-03-15 00:27:00,1368.7538
2025-03-15 00:28:00,1362.5238
2025-03-15 00:29:00,1347.0629
2025-03-15 00:30:00,1346.9828
2025-03-15 00:31:00,1362.7020
2025-03-15 00:32:00,1362.9660
2025-03-15 00:33:00,1362.8571
2025-03-15 00:34:00,1368.7318
2025-03-15 00:35:00,1346.9284
2025-03-15 00:36:00,1362.2847
2025-03-15 00:37:00,1338.3189
2025-03-15 00:38:00,1375.0909
2025-03-15 00:39:00,1363.5550
2025-03-15 00:40:00,1352.6470
2025-03-15 00:41:00,1353.1306
2025-03-15 00:42:00,1353.1843
2025-03-15 00:43:00,1368.9146
2025-03-15 00:44:00,1362.2842
2025-03-15 00:45:00,1368.9102
2025-03-15 00:46:00,1362.1354
2025-03-15 00:47:00,1361.8055
2025-03-15 00:48:00,1362.1281
2025-03-15 00:49:00,1375.0909
2025-03-15 00:50:00,1353.2593
2025-03-15 00:51:00,1346.8812
2025-03-15 00:52:00,1368.8562
2025-03-15 00:53:00,1368.8688
2025-03-15 00:54:00,1353.4663
2025-03-15 00:55:00,1367.3009
2025-03-15 00:56:00,1362.2866
2025-03-15 00:57:00,1368.8589
2025-03-15 00:58:00,1353.5367
2025-03-15 00:59:00,1352.9778
2025-03-15 01:00:00,1346.9338
2025-03-15 01:01:00,1346.9005
2025-03-15 01:02:00,1362.2839
2025-03-15 01:03:00,1368.8674
2025-03-15 01:04:00,1346.9005
2025-03-15 01:05:00,1368.8643
2025-03-15 01:06:00,1371.3778
2025-03-15 01:07:00,1368.9041
2025-03-15 01:08:00,1368.8778
2025-03-15 01:09:00,1367.7727
2025-03-15 01:10:00,1371.5250
2025-03-15 01:11:00,1367.6954
2025-03-15 01:12:00,1368.9070
2025-03-15 01:13:00,1362.2429
2025-03-15 01:14:00,1362.2853
2025-03-15 01:15:00,1362.2467
2025-03-15 01:16:00,1361.7981
2025-03-15 01:17:00,1353.2751
2025-03-15 01:18:00,1353.3026
2025-03-15 01:19:00,1346.8874
2025-03-15 01:20:00,1346.8915
2025-03-15 01:21:00,1353.2881
2025-03-15 01:22:00,1346.8429
2025-03-15 01:23:00,1346.8915
2025-03-15 01:24:00,1363.4408
2025-03-15 01:25:00,1363.4879
2025-03-15 01:26:00,1346.8812
2025-03-15 01:27:00,1346.9005
2025-03-15 01:28:00,1361.8026
2025-03-15 01:29:00,1368.0599
2025-03-15 01:30:00,1368.8778
2025-03-15 01:31:00,1362.0301
2025-03-15 01:32:00,1361.7917
2025-03-15 01:33:00,1346.9394
2025-03-15 01:34:00,1346.8551
2025-03-15 01:35:00,1346.8786
2025-03-15 01:36:00,1362.2853
2025-03-15 01:37:00,1368.8732
2025-03-15 01:38:00,1362.4894
2025-03-15 01:39:00,1346.9196
2025-03-15 01:40:00,1346.9508
2025-03-15 01:43:00,1346.9315
2025-03-15 01:44:00,1346.9645
2025-03-15 01:45:00,1335.4223
2025-03-15 01:46:00,1335.4528
2025-03-15 01:47:00,1367.3107
2025-03-15 01:48:00,1338.3907
2025-03-15 01:49:00,1364.0522
2025-03-15 01:53:00,1367.6638
2025-03-15 01:54:00,1363.1988
2025-03-15 01:55:00,1371.2030
2025-03-15 01:56:00,1371.2698
2025-03-15 01:57:00,1355.3679
2025-03-15 01:58:00,1366.6574
2025-03-15 01:59:00,1366.5188
2025-03-15 02:00:00,1346.9587
2025-03-15 02:01:00,1346.9890
2025-03-15 02:02:00,1347.0077
2025-03-15 02:03:00,1338.5137
2025-03-15 02:04:00,1346.9959
2025-03-15 02:05:00,1355.4292
2025-03-15 02:06:00,1356.3183
2025-03-15 02:07:00,1366.4945
2025-03-15 02:08:00,1368.7032
2025-03-15 02:09:00,1355.1855
2025-03-15 02:10:00,1368.4947
2025-03-15 02:11:00,1356.2332
2025-03-15 02:12:00,1362.6317
2025-03-15 02:13:00,1355.3996
2025-03-15 02:14:00,1366.4386
2025-03-15 02:15:00,1355.2263
2025-03-15 02:16:00,1355.6257
2025-03-15 02:17:00,1362.1610
2025-03-15 02:18:00,1355.7726
2025-03-15 02:19:00,1355.2742
2025-03-15 02:20:00,1355.7946
2025-03-15 02:21:00,1355.8086
2025-03-15 02:22:00,1355.3152
2025-03-15 02:23:00,1355.0477
2025-03-15 02:24:00,1355.6568
2025-03-15 02:25:00,1356.0969
2025-03-15 02:26:00,1362.4571
2025-03-15 02:27:00,1362.4448
2025-03-15 02:28:00,1355.6379
2025-03-15 02:29:00,1367.8856
2025-03-15 02:30:00,1355.8182
2025-03-15 02:31:00,1355.6601
2025-03-15 02:32:00,1362.4448
2025-03-15 02:33:00,1355.6596
2025-03-15 02:34:00,1356.1529
2025-03-15 02:35:00,1367.7873
2025-03-15 02:36:00,1366.6809
2025-03-15 02:37:00,1370.7299
2025-03-15 02:38:00,1368.5902
2025-03-15 02:39:00,1355.1918
2025-03-15 02:40:00,1364.9221
2025-03-15 02:41:00,1365.6861
2025-03-15 02:42:00,1365.7598
2025-03-15 02:43:00,1355.0743
2025-03-15 02:44:00,1355.2440
2025-03-15 02:49:00,1362.1500
2025-03-15 02:50:00,1355.2842
2025-03-15 02:51:00,1367.2213
2025-03-15 02:52:00,1365.7259
2025-03-15 02:53:00,1368.7007
2025-03-15 02:54:00,1355.3984
2025-03-15 02:55:00,1362.3860
2025-03-15 02:57:00,1355.1090
2025-03-15 02:58:00,1355.0604
2025-03-15 02:59:00,1354.9637
2025-03-15 03:01:00,1356.1774
2025-03-15 03:02:00,1370.8436
2025-03-15 03:03:00,1367.6928
2025-03-15 03:04:00,1370.8919
2025-03-15 03:05:00,1367.8664
2025-03-15 03:06:00,1355.5140
2025-03-15 03:07:00,1355.8750
2025-03-15 03:08:00,1362.8515
2025-03-15 03:09:00,1365.9644
2025-03-15 03:10:00,1367.8948
2025-03-15 03:12:00,1363.3508
2025-03-15 03:13:00,1366.6189
2025-03-15 03:14:00,1366.8276
2025-03-15 03:15:00,1365.7031
2025-03-15 03:18:00,1355.8750
2025-03-15 03:19:00,1370.8970
2025-03-15 03:20:00,1356.1720
2025-03-15 03:21:00,1354.9143
2025-03-15 03:22:00,1370.9101
2025-03-15 03:23:00,1366.4605
2025-03-15 03:25:00,1355.2433
2025-03-15 03:26:00,1367.9903
2025-03-15 03:27:00,1368.6335
2025-03-15 03:28:00,1368.6355
2025-03-15 03:29:00,1338.1611
2025-03-15 03:30:00,1338.1334
2025-03-15 03:31:00,1368.4796
2025-03-15 03:32:00,1356.3047
2025-03-15 03:33:00,1366.9094
2025-03-15 03:34:00,1366.6537
2025-03-15 03:35:00,1366.8769
2025-03-15 03:36:00,1363.3163
2025-03-15 03:37:00,1363.5733
2025-03-15 03:38:00,1355.8750
2025-03-15 03:39:00,1355.8750
2025-03-15 03:40:00,1367.0580
2025-03-15 03:41:00,1361.5997
2025-03-15 03:42:00,1355.8750
2025-03-15 03:43:00,1338.3892
2025-03-15 03:44:00,1338.2327
2025-03-15 03:45:00,1368.9490
2025-03-15 03:46:00,1338.0110
2025-03-15 03:47:00,1375.0909
2025-03-15 03:48:00,1346.9612
2025-03-15 03:49:00,1362.2348
2025-03-15 03:50:00,1368.7817
2025-03-15 03:52:00,1337.9274
2025-03-15 03:53:00,1352.8683
2025-03-15 03:54:00,1362.0284
2025-03-15 03:55:00,1368.8829
2025-03-15 03:56:00,1363.4491
2025-03-15 03:57:00,1355.1336
2025-03-15 03:58:00,1338.2162
2025-03-15 03:59:00,1346.9364
2025-03-15 04:00:00,1361.7901
2025-03-15 04:01:00,1367.9530
2025-03-15 04:02:00,1361.7674
2025-03-15 04:03:00,1361.8496
2025-03-15 04:04:00,1361.7944
2025-03-15 04:05:00,1361.7851
2025-03-15 04:06:00,1375.0909
2025-03-15 04:07:00,1354.9167
2025-03-15 04:08:00,1362.0766
2025-03-15 04:09:00,1368.6072
2025-03-15 04:10:00,1347.0077
2025-03-15 04:11:00,1347.0291
2025-03-15 04:12:00,1367.9145
2025-03-15 04:13:00,1368.3564
2025-03-15 04:14:00,1362.2309
2025-03-15 04:15:00,1362.2302
2025-03-15 04:16:00,1361.6511
2025-03-15 04:17:00,1362.1815
2025-03-15 04:18:00,1355.3517
2025-03-15 04:19:00,1368.9250
2025-03-15 04:20:00,1355.6616
2025-03-15 04:21:00,1364.4936
2025-03-15 04:22:00,1371.1440
2025-03-15 04:23:00,1363.3333
2025-03-15 04:24:00,1335.3558
2025-03-15 04:25:00,1363.6182
2025-03-15 04:26:00,1355.2054
2025-03-15 04:27:00,1362.5995
2025-03-15 04:28:00,1338.5864
2025-03-15 04:29:00,1347.0067
2025-03-15 04:30:00,1347.0783
2025-03-15 04:31:00,1347.0856
2025-03-15 04:32:00,1369.1617
2025-03-15 04:33:00,1355.2396
2025-03-15 04:34:00,1338.5958
2025-03-15 04:35:00,1362.4021
2025-03-15 04:37:00,1368.6058
2025-03-15 04:38:00,1362.2264
2025-03-15 04:39:00,1362.2301
2025-03-15 04:40:00,1363.3319
2025-03-15 04:42:00,1363.6015
2025-03-15 04:43:00,1367.9565
2025-03-15 04:44:00,1362.1180
2025-03-15 04:45:00,1346.8640
2025-03-15 04:46:00,1368.8933
2025-03-15 04:47:00,1362.2323
2025-03-15 04:48:00,1347.0077
2025-03-15 04:49:00,1361.7787
2025-03-15 04:51:00,1346.8835
2025-03-15 04:52:00,1362.2330
2025-03-15 04:53:00,1355.0208
2025-03-15 05:00:00,1346.9166
2025-03-15 05:10:00,1362.4747
2025-03-15 05:20:00,1360.9962
2025-03-15 05:30:00,1371.7238
2025-03-15 05:40:00,1346.9023
2025-03-15 05:50:00,1362.4998
2025-03-15 06:00:00,1362.4797
2025-03-15 06:10:00,1362.4910
2025-03-15 06:20:00,1367.7821
2025-03-15 06:30:00,1362.0631
2025-03-15 06:40:00,1371.3229
2025-03-15 06:50:00,1367.5840
2025-03-15 07:00:00,1368.8813
2025-03-15 07:10:00,1368.8813
2025-03-15 07:20:00,1368.8894
2025-03-15 07:30:00,1338.0963
2025-03-15 07:40:00,1363.4491
2025-03-15 07:50:00,1370.2624
2025-03-15 08:00:00,1346.8937
2025-03-15 08:10:00,1361.8466
2025-03-15 08:20:00,1363.1434
2025-03-15 08:30:00,1369.6100
2025-03-15 08:40:00,1369.7717
2025-03-15 08:50:00,1369.7233
2025-03-15 09:00:00,1362.9931
2025-03-15 09:10:00,1369.8118
2025-03-15 09:20:00,1370.1888
2025-03-15 09:30:00,1361.8346
2025-03-15 09:40:00,1335.2429
2025-03-15 09:50:00,1370.6236
2025-03-15 10:00:00,1361.9027
2025-03-15 10:10:00,1361.8346
2025-03-15 10:20:00,1362.9806
2025-03-15 10:30:00,1367.4153
2025-03-15 10:40:00,1366.1218
2025-03-15 10:50:00,1347.1511
2025-03-15 11:00:00,1363.1825
2025-03-15 11:10:00,1368.9320
2025-03-15 11:20:00,1368.9022
2025-03-15 11:30:00,1368.9048
2025-03-15 11:40:00,1361.7786
2025-03-15 11:50:00,1335.3786
2025-03-15 12:00:00,1338.1155
2025-03-15 12:10:00,1371.5042
2025-03-15 12:20:00,1371.7212
2025-03-15 12:30:00,1370.5490
2025-03-15 12:40:00,1346.9788
2025-03-15 12:50:00,1371.4147
2025-03-15 13:00:00,1361.8956
2025-03-15 13:10:00,1369.8794
2025-03-15 13:20:00,1368.9320
2025-03-15 13:30:00,1338.0599
2025-03-15 13:40:00,1352.8125
2025-03-15 13:50:00,1361.7869
2025-03-15 14:00:00,1371.2572
2025-03-15 14:10:00,1371.7681
2025-03-15 14:20:00,1369.7879
2025-03-15 14:30:00,1369.9762
2025-03-15 14:40:00,1371.4533
2025-03-15 14:50:00,1371.7840
2025-03-15 15:00:00,1363.6085
2025-03-15 15:10:00,1371.4533
2025-03-15 15:20:00,1368.8934
2025-03-15 15:30:00,1371.6445
2025-03-15 15:40:00,1371.3372
2025-03-15 15:50:00,1371.2982
2025-03-15 16:00:00,1368.8782
2025-03-15 16:10:00,1370.5579
2025-03-15 16:20:00,1338.3697
2025-03-15 16:30:00,1368.8934
2025-03-15 16:40:00,1361.7770
2025-03-15 16:50:00,1370.3884
2025-03-15 17:00:00,1370.3884
2025-03-15 17:10:00,1346.9788
2025-03-15 17:20:00,1368.8899
2025-03-15 17:30:00,1361.7770
2025-03-15 17:40:00,1363.4482
2025-03-15 17:50:00,1338.0021
2025-03-15 18:00:00,1362.4761
2025-03-15 18:10:00,1371.6065
2025-03-15 18:20:00,1368.9142
2025-03-15 18:30:00,1346.9824
2025-03-15 18:40:00,1362.4835
2025-03-15 19:00:00,1335.3240
2025-03-15 19:10:00,1371.1380
2025-03-15 19:20:00,1363.4914
2025-03-15 19:30:00,1371.8834
2025-03-15 19:40:00,1346.9677
2025-03-15 19:50:00,1371.8086
2025-03-15 20:00:00,1370.4428
2025-03-15 20:10:00,1368.8952
2025-03-15 20:20:00,1346.9654
2025-03-15 20:30:00,1368.8981
2025-03-15 20:40:00,1368.8907
2025-03-15 20:50:00,1346.9514
2025-03-15 21:00:00,1346.9573
2025-03-15 21:10:00,1371.7105
2025-03-15 21:20:00,1370.9984
2025-03-15 21:30:00,1362.4886
2025-03-15 21:40:00,1371.6811
2025-03-15 21:50:00,1363.6532
2025-03-15 22:00:00,1371.5998
2025-03-15 22:10:00,1371.8690
2025-03-15 22:20:00,1370.6372
2025-03-15 22:30:00,1368.8945
2025-03-15 22:40:00,1368.9100
2025-03-15 22:50:00,1371.9068
2025-03-15 23:00:00,1368.9037
2025-03-15 23:10:00,1361.7190
2025-03-15 23:20:00,1368.7826
2025-03-15 23:30:00,1338.1792
2025-03-15 23:40:00,1338.4142
2025-03-15 23:50:00,1361.7856
2025-03-16 00:00:00,1371.6613
2025-03-16 00:10:00,1369.9756
2025-03-16 00:20:00,1368.9431
2025-03-16 00:30:00,1371.3875
2025-03-16 00:40:00,1368.9090
2025-03-16 00:50:00,1370.2812
2025-03-16 01:00:00,1371.7421
2025-03-16 01:10:00,1370.3505
2025-03-16 01:20:00,1362.4739
2025-03-16 01:30:00,1371.7421
2025-03-16 01:40:00,1371.5594
2025-03-16 01:50:00,1370.5549
2025-03-16 02:00:00,1370.6083
2025-03-16 02:10:00,1335.5858
2025-03-16 02:20:00,1371.9476
2025-03-16 02:30:00,1371.8658
2025-03-16 02:40:00,1346.9950
2025-03-16 02:50:00,1368.9217
2025-03-16 03:00:00,1371.9501
2025-03-16 03:10:00,1370.3520
2025-03-16 03:20:00,1370.5429
2025-03-16 03:30:00,1369.9591
2025-03-16 03:40:00,1370.9026
2025-03-16 03:50:00,1371.1345
2025-03-16 04:00:00,1347.0037
2025-03-16 04:10:00,1363.6036
2025-03-16 04:20:00,1369.7732
2025-03-16 04:30:00,1370.4860
2025-03-16 04:40:00,1346.9322
2025-03-16 04:50:00,1363.3919
2025-03-16 05:00:00,1371.0131
2025-03-16 05:10:00,1371.6378
2025-03-16 05:20:00,1371.0544
2025-03-16 05:30:00,1361.7061
2025-03-16 05:40:00,1363.2808
2025-03-16 05:50:00,1362.4894
2025-03-16 06:00:00,1363.6284
2025-03-16 06:10:00,1346.9693
2025-03-16 06:20:00,1370.8720
2025-03-16 06:30:00,1362.2833
2025-03-16 06:40:00,1368.9140
2025-03-16 06:50:00,1346.9728
2025-03-16 07:00:00,1371.0970
2025-03-16 07:10:00,1363.5331
2025-03-16 07:20:00,1346.9829
2025-03-16 07:30:00,1368.8700
2025-03-16 07:40:00,1371.9068
2025-03-16 07:50:00,1372.0489
2025-03-16 08:00:00,1368.8700
2025-03-16 08:10:00,1371.8059
2025-03-16 08:20:00,1370.8199
2025-03-16 08:30:00,1371.7474
2025-03-16 08:40:00,1362.4846
2025-03-16 08:50:00,1371.8886
2025-03-16 09:00:00,1370.1777
2025-03-16 09:10:00,1368.8719
2025-03-16 09:20:00,1369.7868
2025-03-16 09:30:00,1370.2843
2025-03-16 09:40:00,1370.5051
2025-03-16 09:50:00,1355.8750
2025-03-16 10:00:00,1370.9740
2025-03-16 10:10:00,1370.9688
2025-03-16 10:20:00,1363.5904
2025-03-16 10:30:00,1371.7897
2025-03-16 10:40:00,1371.8886
2025-03-16 10:50:00,1370.0096
2025-03-16 11:00:00,1347.0190
2025-03-16 11:10:00,1368.9136
2025-03-16 11:20:00,1371.7227
2025-03-16 11:30:00,1372.0040
2025-03-16 11:40:00,1368.8592
2025-03-16 11:50:00,1370.6368
2025-03-16 12:00:00,1370.5403
2025-03-16 12:10:00,1362.4243
2025-03-16 12:20:00,1370.7842
2025-03-16 12:30:00,1370.2811
2025-03-16 12:40:00,1347.0097
2025-03-16 12:50:00,1369.8634
2025-03-16 13:00:00,1371.0933
2025-03-16 13:10:00,1362.4234
2025-03-16 13:20:00,1371.9614
2025-03-16 13:30:00,1370.3615
2025-03-16 13:40:00,1347.1156
2025-03-16 13:50:00,1334.7554
2025-03-16 14:00:00,1363.5339
2025-03-16 14:10:00,1370.6579
2025-03-16 14:20:00,1370.3277
2025-03-16 14:30:00,1372.0464
2025-03-16 14:40:00,1371.0312
2025-03-16 14:50:00,1369.8574
2025-03-16 15:00:00,1370.3606
2025-03-16 15:10:00,1362.4277
2025-03-16 15:20:00,1346.9857
2025-03-16 15:30:00,1372.0684
2025-03-16 15:40:00,1363.5904
2025-03-16 15:50:00,1368.8737
2025-03-16 16:00:00,1370.5083
2025-03-16 16:10:00,1371.9187
2025-03-16 16:20:00,1370.4186
2025-03-16 16:40:00,1369.7991
2025-03-16 16:50:00,1370.3408
2025-03-16 17:00:00,1370.5821
2025-03-16 17:10:00,1370.5576
2025-03-16 17:20:00,1369.5176
2025-03-16 17:30:00,1347.3205
2025-03-16 17:40:00,1370.6311
2025-03-16 17:50:00,1371.4366
2025-03-16 18:00:00,1371.7897
2025-03-16 18:03:38,1370.3061
2025-03-16 18:10:00,1370.6739
2025-03-16 18:20:00,1370.3070
2025-03-16 18:30:00,1372.0881
2025-03-16 18:40:00,1370.3169
2025-03-16 18:50:00,1371.5535
2025-03-16 19:00:00,1368.7497
2025-03-16 19:10:00,1362.9315
2025-03-16 19:20:00,1346.9881
2025-03-16 19:30:00,1335.3359
2025-03-16 19:40:00,1368.7415
2025-03-16 19:57:03,1369.9955
2025-03-16 20:00:00,1347.0156
2025-03-16 20:10:00,1346.9710
2025-03-16 20:20:00,1363.1203
2025-03-16 20:30:00,1363.3652
2025-03-16 20:40:00,1370.3046
2025-03-16 20:50:00,1372.0044
2025-03-16 21:00:00,1347.0629
2025-03-16 21:10:00,1363.0393
2025-03-16 21:20:00,1367.0912
2025-03-16 21:30:00,1370.8141
2025-03-16 21:40:00,1361.9943
2025-03-16 21:50:00,1347.0676
2025-03-16 22:00:00,1371.7326
2025-03-16 22:10:00,1346.9910
2025-03-16 22:13:29,1369.9825
2025-03-16 22:20:00,1355.8750
2025-03-16 22:30:00,1371.4648
2025-03-16 22:40:00,1370.5629
2025-03-16 22:50:00,1363.0108
2025-03-16 23:00:00,1361.9594
2025-03-16 23:10:00,1370.5969
2025-03-16 23:20:00,1370.3951
2025-03-16 23:30:00,1362.0651
2025-03-16 23:40:00,1346.6014
2025-03-16 23:50:00,1362.2469
2025-03-17 00:00:00,1368.6662
2025-03-17 00:10:00,1370.3027
2025-03-17 00:20:00,1368.6724
2025-03-17 00:30:00,1370.8953
2025-03-17 00:40:00,1369.7401
2025-03-17 00:50:00,1368.5543
2025-03-17 01:00:00,1370.0412
2025-03-17 01:10:00,1354.6836
2025-03-17 01:20:00,1370.2841
2025-03-17 01:30:00,1371.9790
2025-03-17 01:40:00,1370.7036
2025-03-17 01:50:00,1361.7551
2025-03-17 02:00:00,1370.8760
2025-03-17 02:10:00,1363.0108
2025-03-17 02:20:00,1371.8366
2025-03-17 02:30:00,1371.0423
2025-03-17 02:40:00,1371.1353
2025-03-17 02:50:00,1371.1353
2025-03-17 03:00:00,1347.0502
2025-03-17 03:10:00,1347.1071
2025-03-17 03:20:00,1347.0442
2025-03-17 03:30:00,1368.4837
2025-03-17 03:40:00,1372.0444
2025-03-17 03:50:00,1347.0813
2025-03-17 04:00:00,1368.4830
2025-03-17 04:10:00,1372.0771
2025-03-17 04:20:00,1369.8212
2025-03-17 04:30:00,1370.4458
2025-03-17 04:40:00,1371.7782
2025-03-17 04:50:00,1363.0108
2025-03-17 05:10:00,1361.9623
2025-03-17 05:20:00,1368.6521
2025-03-17 05:30:00,1362.5995
2025-03-17 05:40:00,1372.1128
2025-03-17 05:50:00,1370.2862
2025-03-17 06:00:00,1371.4477
2025-03-17 06:10:00,1369.8443
2025-03-17 06:20:00,1370.8819
2025-03-17 06:30:00,1369.9143
2025-03-17 06:40:00,1347.0337
2025-03-17 06:50:00,1347.1070
2025-03-17 07:00:00,1368.4830
2025-03-17 07:20:00,1369.6853
2025-03-17 07:30:00,1369.8572
2025-03-17 07:40:00,1362.1571
2025-03-17 07:50:00,1369.9868
2025-03-17 08:00:00,1371.5948
2025-03-17 08:10:00,1368.6902
2025-03-17 08:20:00,1369.8553
2025-03-17 08:30:00,1347.1039
2025-03-17 08:40:00,1368.4837
2025-03-17 08:50:00,1347.0023
2025-03-17 09:00:00,1368.5329
2025-03-17 09:10:00,1368.4857
2025-03-17 09:20:00,1369.9094
2025-03-17 09:30:00,1371.4845
2025-03-17 09:40:00,1346.9529
2025-03-17 09:50:00,1371.4101
2025-03-17 10:00:00,1369.7719
2025-03-17 10:10:00,1370.4745
2025-03-17 10:20:00,1369.7667
2025-03-17 10:30:00,1362.9928
2025-03-17 10:40:00,1369.7699
2025-03-17 10:50:00,1362.7243
2025-03-17 11:00:00,1347.0594
2025-03-17 11:10:00,1369.7156
2025-03-17 11:20:00,1370.6186
2025-03-17 11:30:00,1347.3753
2025-03-17 11:40:00,1362.6533
2025-03-17 11:50:00,1370.2929
2025-03-17 12:00:00,1371.7951
2025-03-17 12:10:00,1369.5396
2025-03-17 12:20:00,1369.7570
2025-03-17 12:30:00,1347.1044
2025-03-17 12:40:00,1369.6523
2025-03-17 12:50:00,1371.0774
2025-03-17 13:00:00,1371.4854
2025-03-17 13:10:00,1370.0092
2025-03-17 13:20:00,1370.5540
2025-03-17 13:30:00,1369.7785
2025-03-17 13:40:00,1369.8068
2025-03-17 13:50:00,1371.5747
2025-03-17 14:00:00,1370.5166
2025-03-17 14:10:00,1371.7170
2025-03-17 14:20:00,1355.8750
2025-03-17 14:30:00,1370.4627
2025-03-17 14:40:00,1347.0311
2025-03-17 14:50:00,1362.9831
2025-03-17 15:00:00,1370.1258
2025-03-17 15:10:00,1370.3472
2025-03-17 15:15:53,1369.8247
2025-03-17 15:20:00,1347.0645
2025-03-17 15:30:00,1370.0052
2025-03-17 15:40:00,1362.3016
2025-03-17 15:50:00,1362.6856
2025-03-17 16:00:00,1369.7769
2025-03-17 16:10:00,1370.1765
2025-03-17 16:20:00,1369.6521
2025-03-17 16:30:00,1370.2254
2025-03-17 16:40:00,1371.2657
2025-03-17 16:50:00,1361.3567
2025-03-17 17:00:00,1370.7174
2025-03-17 17:10:00,1369.4716
2025-03-17 17:20:00,1370.0995
2025-03-17 17:30:00,1370.3648
2025-03-17 17:40:00,1370.1765
2025-03-17 17:50:00,1346.9994
2025-03-17 18:00:00,1371.9862
2025-03-17 18:10:00,1369.8278
2025-03-17 18:20:00,1362.4213
2025-03-17 18:30:00,1369.8262
2025-03-17 18:40:00,1369.9959
2025-03-17 18:50:00,1370.5139
2025-03-17 19:00:00,1371.4444
2025-03-17 19:10:00,1369.6786
2025-03-17 19:20:00,1369.4701
2025-03-17 19:30:00,1369.6722
2025-03-17 19:40:00,1369.2774
2025-03-17 19:50:00,1370.5107
2025-03-17 20:00:00,1369.7401
2025-03-17 20:10:00,1370.3412
2025-03-17 20:20:00,1370.1132
2025-03-17 20:30:00,1370.2033
2025-03-17 20:40:00,1369.9868
2025-03-17 20:50:00,1371.4420
2025-03-17 21:00:00,1362.3584
2025-03-17 21:10:00,1347.0747
2025-03-17 21:20:00,1334.4347
2025-03-17 21:30:00,1369.8780
2025-03-17 21:40:00,1347.0546
2025-03-17 21:50:00,1371.3335
2025-03-17 22:00:00,1370.0004
2025-03-17 22:10:00,1369.7487
2025-03-17 22:20:00,1362.9239
2025-03-17 22:30:00,1370.1448
2025-03-17 22:40:00,1370.4920
2025-03-17 22:50:00,1370.2353
2025-03-17 23:00:00,1371.3217
2025-03-17 23:10:00,1361.7156
2025-03-17 23:20:00,1371.3938
2025-03-17 23:30:00,1369.6858
2025-03-17 23:40:00,1369.6434
2025-03-18 00:00:00,1370.7431
2025-03-18 00:10:00,1369.3835
2025-03-18 00:20:00,1370.0724
2025-03-18 00:30:00,1370.9791
2025-03-18 00:40:00,1370.0303
2025-03-18 00:50:00,1369.5190
2025-03-18 01:00:00,1369.7673
2025-03-18 01:10:00,1371.4349
2025-03-18 01:20:00,1371.7641
2025-03-18 01:30:00,1370.5663
2025-03-18 01:40:00,1347.0781
2025-03-18 01:50:00,1371.3842
2025-03-18 02:00:00,1338.1929
2025-03-18 02:10:00,1370.3132
2025-03-18 02:20:00,1347.5132
2025-03-18 02:30:00,1370.2824
2025-03-18 02:40:00,1371.7951
2025-03-18 02:50:00,1371.4854
2025-03-18 03:00:00,1362.3289
2025-03-18 03:10:00,1362.1445
2025-03-18 03:20:00,1370.3529
2025-03-18 03:30:00,1361.9961
2025-03-18 03:40:00,1362.3016
2025-03-18 03:50:00,1347.0645
2025-03-18 04:00:00,1370.5872
2025-03-18 04:10:00,1369.5464
2025-03-18 04:20:00,1370.1457
2025-03-18 04:30:00,1362.5596
2025-03-18 04:40:00,1361.8930
2025-03-18 04:50:00,1338.4101
2025-03-18 05:00:00,1369.5808
2025-03-18 05:10:00,1369.4366
2025-03-18 05:20:00,1370.0837
2025-03-18 05:30:00,1361.1153
2025-03-18 05:40:00,1369.3602
2025-03-18 05:50:00,1370.3815
2025-03-18 06:00:00,1370.3149
2025-03-18 06:10:00,1369.9851
2025-03-18 06:20:00,1369.8179
2025-03-18 06:30:00,1370.2291
2025-03-18 06:40:00,1370.9095
2025-03-18 06:50:00,1361.8528
2025-03-18 07:00:00,1362.0190
2025-03-18 07:10:00,1371.3137
2025-03-18 07:20:00,1369.8179
2025-03-18 07:30:00,1369.8179
2025-03-18 07:40:00,1370.3070
2025-03-18 07:50:00,1369.9820
2025-03-18 08:00:00,1369.5421
2025-03-18 08:10:00,1347.0110
2025-03-18 08:20:00,1369.5155
2025-03-18 08:30:00,1362.2917
2025-03-18 08:40:00,1369.4538
2025-03-18 08:50:00,1362.3289
2025-03-18 09:00:00,1347.1912
2025-03-18 09:10:00,1369.8275
2025-03-18 09:20:00,1371.1680
2025-03-18 09:30:00,1347.1292
2025-03-18 09:40:00,1369.6566
2025-03-18 09:50:00,1371.2394
2025-03-18 10:00:00,1370.2030
2025-03-18 10:10:00,1370.0141
2025-03-18 10:20:00,1369.5791
2025-03-18 10:30:00,1369.9831
2025-03-18 10:40:00,1369.2786
2025-03-18 10:50:00,1362.3717
2025-03-18 11:00:00,1369.8811
2025-03-18 11:10:00,1369.4533
2025-03-18 11:20:00,1369.6303
2025-03-18 11:30:00,1369.7213
2025-03-18 11:40:00,1370.2446
2025-03-18 11:50:00,1361.0842
2025-03-18 12:00:00,1334.8673
2025-03-18 12:10:00,1369.3926
2025-03-18 12:20:00,1370.2555
2025-03-18 12:30:00,1346.9060
2025-03-18 12:40:00,1346.6771
2025-03-18 12:50:00,1369.4677
2025-03-18 13:00:00,1362.4597
2025-03-18 13:10:00,1369.5675
2025-03-18 13:20:00,1369.4107
2025-03-18 13:30:00,1367.0710
2025-03-18 13:34:31,1368.2246
2025-03-18 13:35:05,1355.0931
2025-03-18 13:40:00,1364.0629
2025-03-18 13:44:03,5789.4796
2025-03-18 13:45:03,1367.9409
2025-03-18 13:50:00,1364.6184
2025-03-18 14:00:00,1361.7142
2025-03-18 14:10:00,1355.0526
2025-03-18 14:20:00,1355.0097
2025-03-18 14:30:00,1355.0070
2025-03-18 14:40:00,1355.3597
2025-03-18 14:50:00,1355.8750
2025-03-18 14:51:31,1368.2243
2025-03-18 14:52:03,1365.9762
2025-03-18 15:00:00,1366.8793
2025-03-18 15:10:00,1326.8571
2025-03-18 15:20:00,1369.2245
2025-03-18 15:30:00,1355.8750
2025-03-18 15:40:00,1361.1352
2025-03-18 15:50:00,1364.1193
2025-03-18 15:53:33,7969.4619
2025-03-18 15:54:01,1366.1007
2025-03-18 16:00:00,1363.8729
2025-03-18 16:10:00,1355.7961
2025-03-18 16:15:05,1354.8145
2025-03-18 16:15:31,1346.5872
2025-03-18 16:20:00,1355.0831
2025-03-18 16:30:00,1362.7140
2025-03-18 16:40:00,1347.2729
2025-03-18 16:50:00,1347.1212
2025-03-18 17:00:00,1347.6149
2025-03-18 17:10:00,1347.0744
2025-03-18 17:20:00,1355.8750
2025-03-18 17:30:00,1355.8750
2025-03-18 17:40:00,1364.0057
2025-03-18 17:50:00,1362.2108
2025-03-18 18:00:00,1355.5216
2025-03-18 18:10:00,1371.2387
2025-03-18 18:20:00,1355.8750
2025-03-18 18:30:00,1355.8750
2025-03-18 18:40:00,1370.4877
2025-03-18 18:50:00,1369.8786
2025-03-18 19:00:00,1347.0754
2025-03-18 19:10:00,1347.2611
2025-03-18 19:20:00,1347.2166
2025-03-18 19:30:00,1361.0755
2025-03-18 19:40:00,1347.2051
2025-03-18 19:50:00,1367.3677
2025-03-18 20:00:00,1355.8750
2025-03-18 20:10:00,1370.4164
2025-03-18 20:20:00,1347.1111
2025-03-18 20:30:00,1369.4014
2025-03-18 20:40:00,1355.8750
2025-03-18 20:50:00,1369.3493
2025-03-18 21:00:00,1347.2415
2025-03-18 21:10:00,1348.4895
2025-03-18 21:20:00,1369.5093
2025-03-18 21:30:00,1370.2019
2025-03-18 21:40:00,1355.8750
2025-03-18 21:50:00,1347.1483
2025-03-18 22:00:00,1355.8750
2025-03-18 22:10:00,1347.1328
2025-03-18 22:20:00,1355.8750
2025-03-18 22:30:00,1355.8750
2025-03-18 22:40:00,1347.4180
2025-03-18 22:50:00,1347.1713
2025-03-18 23:00:00,1348.4224
2025-03-18 23:10:00,1369.0315
2025-03-18 23:20:00,1369.2533
2025-03-18 23:30:00,1348.2660
2025-03-18 23:40:00,1369.9254
2025-03-18 23:50:00,1355.8750
2025-03-19 00:00:00,1347.7458
2025-03-19 00:10:00,1347.0382
2025-03-19 00:20:00,1347.1568
2025-03-19 00:30:00,1355.8750
2025-03-19 00:40:00,1347.2486
2025-03-19 00:50:00,1369.5612
2025-03-19 01:00:00,1347.1883
2025-03-19 01:10:00,1355.8750
2025-03-19 01:20:00,1355.8750
2025-03-19 01:30:00,1368.8603
2025-03-19 01:40:00,1361.8170
2025-03-19 01:50:00,1370.0994
2025-03-19 02:00:00,1355.8750
2025-03-19 02:10:00,1355.8750
2025-03-19 02:20:00,1347.0773
2025-03-19 02:30:00,1355.8750
2025-03-19 02:40:00,1369.7383
2025-03-19 02:50:00,1347.2407
2025-03-19 03:00:00,1369.3848
2025-03-19 03:10:00,1355.8750
2025-03-19 03:20:00,1370.5458
2025-03-19 03:30:00,1355.8750
2025-03-19 03:40:00,1355.8750
2025-03-19 03:50:00,1369.1791
2025-03-19 04:00:00,1370.3413
2025-03-19 04:10:00,1347.1635
2025-03-19 04:20:00,1369.4722
2025-03-19 04:30:00,1347.1730
2025-03-19 04:40:00,1369.3115
2025-03-19 04:50:00,1369.9254
2025-03-19 05:00:00,1347.1683
2025-03-19 05:10:00,1338.6189
2025-03-19 05:20:00,1367.6177
2025-03-19 05:30:00,1347.1890
2025-03-19 05:40:00,1370.5990
2025-03-19 05:50:00,1361.6721
2025-03-19 06:00:00,1338.8138
2025-03-19 06:10:00,1369.3632
2025-03-19 06:20:00,1355.8750
2025-03-19 06:30:00,1369.5539
2025-03-19 06:40:00,1369.3656
2025-03-19 06:50:00,1347.1530
2025-03-19 07:00:00,1355.8750
2025-03-19 07:10:00,1362.8024
2025-03-19 07:20:00,1361.7718
2025-03-19 07:27:31,8157.9585
2025-03-19 07:28:03,1367.8470
2025-03-19 07:29:33,7561.5872
2025-03-19 07:30:00,7561.5872
2025-03-19 07:30:02,1366.8700
2025-03-19 07:31:04,1368.2490
2025-03-19 07:32:03,1367.1865
2025-03-19 07:33:05,7561.5872
2025-03-19 07:34:01,1366.3952
2025-03-19 07:35:31,7969.4571
2025-03-19 07:36:31,1364.1318
2025-03-19 07:40:00,1367.5155
2025-03-19 07:50:00,1366.3618
2025-03-19 07:51:31,1368.2071
2025-03-19 07:52:05,1367.0516
2025-03-19 07:53:03,8090.3894
2025-03-19 07:53:32,1366.0128
2025-03-19 07:59:04,6125.4232
2025-03-19 07:59:31,1355.4713
2025-03-19 08:00:00,1355.4713
2025-03-19 08:10:00,1355.1463
2025-03-19 08:20:00,1365.8476
2025-03-19 08:30:00,1361.0929
2025-03-19 08:40:00,1365.8237
2025-03-19 08:50:00,1366.5097
2025-03-19 09:00:00,1347.2565
2025-03-19 09:10:00,1367.2732
2025-03-19 09:20:00,1347.2152
2025-03-19 09:30:00,1362.0957
2025-03-19 09:40:00,1367.3958
2025-03-19 09:50:00,1360.6015
2025-03-19 10:00:00,1365.2039
2025-03-19 10:10:00,1366.5971
2025-03-19 10:20:00,1355.3784
2025-03-19 10:22:31,7988.9931
2025-03-19 10:23:05,1363.3855
2025-03-19 10:30:00,1365.3328
2025-03-19 10:40:00,1364.4795
2025-03-19 10:50:00,1361.3481
2025-03-19 11:00:00,1369.6523
2025-03-19 11:10:00,1365.7020
2025-03-19 11:20:00,1355.6341
2025-03-19 11:30:00,1365.8942
2025-03-19 11:40:00,1361.1932
2025-03-19 11:50:00,1362.1120
2025-03-19 12:00:00,1371.1043
2025-03-19 12:10:00,1369.0545
2025-03-19 12:20:00,1364.3326
2025-03-19 12:30:00,1366.7637
2025-03-19 12:40:00,1347.2276
2025-03-19 12:50:00,1365.7384
2025-03-19 13:00:00,1370.8309
2025-03-19 13:10:00,1355.1965
2025-03-19 13:20:00,1355.0827
2025-03-19 13:30:00,1365.4352
2025-03-19 13:40:00,1364.3336
2025-03-19 13:50:00,1365.1651
2025-03-19 14:00:00,1326.8571
2025-03-19 14:10:00,1338.4093
2025-03-19 14:20:00,1334.7093
2025-03-19 14:30:00,1347.3606
2025-03-19 14:40:00,1355.8750
2025-03-19 14:50:00,1371.2836
2025-03-19 15:00:00,1355.8750
2025-03-19 15:10:00,1362.1606
2025-03-19 15:20:00,1355.8750
2025-03-19 15:30:00,1355.8750
2025-03-19 15:40:00,1347.2994
2025-03-19 15:50:00,1355.8750
2025-03-19 16:00:00,1347.3339
2025-03-19 16:10:00,1361.1645
2025-03-19 16:20:00,1369.0381
2025-03-19 16:30:00,1369.7847
2025-03-19 16:40:00,1338.9639
2025-03-19 16:50:00,1347.2557
2025-03-19 17:00:00,1355.8750
2025-03-19 17:10:00,1355.5168
2025-03-19 17:20:00,1339.0248
2025-03-19 17:30:00,1355.8750
2025-03-19 17:40:00,1339.5479
2025-03-19 17:50:00,1371.1919
2025-03-19 18:00:00,1347.4096
2025-03-19 18:10:00,1355.8750
2025-03-19 18:20:00,1369.0383
2025-03-19 18:30:00,1347.2156
2025-03-19 18:40:00,1368.6902
2025-03-19 18:50:00,1369.0588
2025-03-19 19:00:00,1364.1752
2025-03-19 19:10:00,1347.3090
2025-03-19 19:20:00,1347.2281
2025-03-19 19:30:00,1346.4292
2025-03-19 19:40:00,1347.2588
2025-03-19 19:50:00,1339.0248
2025-03-19 20:00:00,1347.2503
2025-03-19 20:10:00,1367.1108
2025-03-19 20:16:04,1354.8266
2025-03-19 20:16:31,1355.3249
2025-03-19 20:20:00,1363.7314
2025-03-19 20:30:00,1360.7200
2025-03-19 20:40:00,1347.2474
2025-03-19 20:50:00,1347.2757
2025-03-19 21:00:00,1347.3297
2025-03-19 21:10:00,1347.4712
2025-03-19 21:20:00,1346.5165
2025-03-19 21:30:00,1363.9878
2025-03-19 21:40:00,1347.3091
2025-03-19 21:50:00,1355.8750
2025-03-19 22:00:00,1368.6436
2025-03-19 22:10:00,1361.2619
2025-03-19 22:20:00,1338.8424
2025-03-19 22:30:00,1339.6572
2025-03-19 22:40:00,1347.3017
2025-03-19 22:50:00,1346.1051
2025-03-19 23:00:00,1366.9466
2025-03-19 23:10:00,1355.5122
2025-03-19 23:20:00,1346.1588
2025-03-19 23:27:31,7315.5414
2025-03-19 23:28:04,1355.9495
2025-03-19 23:30:00,1355.5095
2025-03-19 23:32:04,5685.9442
2025-03-19 23:32:31,1354.8956
2025-03-19 23:40:00,1365.8734
2025-03-19 23:50:00,1363.1909
2025-03-20 00:00:00,1347.4659
2025-03-20 00:10:00,1360.9695
2025-03-20 00:20:00,1347.5282
2025-03-20 00:30:00,1347.6389
2025-03-20 00:40:00,1347.6019
2025-03-20 00:50:00,1347.2502
2025-03-20 01:00:00,1368.7220
2025-03-20 01:10:00,1368.9219
2025-03-20 01:20:00,1355.8750
2025-03-20 01:30:00,1335.3762
2025-03-20 01:40:00,1346.6885
2025-03-20 01:50:00,1346.6372
2025-03-20 02:00:00,1362.0980
2025-03-20 02:10:00,1362.0188
2025-03-20 02:20:00,1368.9624
2025-03-20 02:30:00,1334.2668
2025-03-20 02:40:00,1355.8750
2025-03-20 02:50:00,1369.1705
2025-03-20 03:00:00,1355.8750
2025-03-20 03:10:00,1334.4809
2025-03-20 03:20:00,1355.8750
2025-03-20 03:30:00,1355.8750
2025-03-20 03:40:00,1347.3067
2025-03-20 03:50:00,1368.4413
2025-03-20 04:00:00,1347.5154
2025-03-20 04:10:00,1368.6028
2025-03-20 04:20:00,1368.8792
2025-03-20 04:30:00,1368.8611
2025-03-20 04:40:00,1355.8750
2025-03-20 04:50:00,1347.2661
2025-03-20 05:00:00,1347.1774
2025-03-20 05:10:00,1355.8750
2025-03-20 05:20:00,1369.1176
2025-03-20 05:30:00,1368.7257
2025-03-20 05:40:00,1355.8750
2025-03-20 05:50:00,1355.8750
2025-03-20 06:10:00,1355.8750
2025-03-20 06:30:00,1368.7065
2025-03-20 06:40:00,1369.1529
2025-03-20 06:50:00,1368.9825
2025-03-20 07:00:00,1355.8750
2025-03-20 07:10:00,1334.9219
2025-03-20 07:20:00,1355.8750
2025-03-20 07:30:00,1347.1784
2025-03-20 07:40:00,1369.1147
2025-03-20 07:50:00,1347.1887
2025-03-20 08:00:00,1346.9350
2025-03-20 08:10:00,1355.8750
2025-03-20 08:20:00,1355.8750
2025-03-20 08:30:00,1368.9485
2025-03-20 08:40:00,1369.0884
2025-03-20 08:50:00,1369.0675
2025-03-20 09:00:00,1369.4596
2025-03-20 09:10:00,1355.1428
2025-03-20 09:20:00,1367.9195
2025-03-20 09:30:00,1365.8116
2025-03-20 09:30:01,1368.2216
2025-03-20 09:30:30,1367.1454
2025-03-20 09:40:00,1369.1436
2025-03-20 09:50:00,1364.4746
2025-03-20 10:00:00,1366.6114
2025-03-20 10:10:00,1370.6831
2025-03-20 10:20:00,1361.6776
2025-03-20 10:30:00,1363.3772
2025-03-20 10:40:00,1361.5247
2025-03-20 10:50:00,1366.5805
2025-03-20 11:00:00,1361.2913
2025-03-20 11:02:30,7561.5872
2025-03-20 11:03:00,1369.5077
2025-03-20 11:10:00,1363.0960
2025-03-20 11:20:00,1362.1279
2025-03-20 11:30:00,1369.0197
2025-03-20 11:40:00,1355.3991
2025-03-20 11:50:00,1347.4854
2025-03-20 12:00:00,1334.4671
2025-03-20 12:10:00,1339.2365
2025-03-20 12:20:00,1369.0358
2025-03-20 12:30:00,1347.0744
2025-03-20 12:40:00,1355.8337
2025-03-20 12:50:00,1367.8809
2025-03-20 13:00:00,1347.0962
2025-03-20 13:10:00,1355.7846
2025-03-20 13:20:00,1347.3444
2025-03-20 13:30:00,1346.1587
2025-03-20 13:40:00,1360.7459
2025-03-20 13:50:00,1361.0200
2025-03-20 14:00:00,1360.6296
2025-03-20 14:10:00,1347.4383
2025-03-20 14:20:00,1334.3897
2025-03-20 14:30:00,1334.8064
2025-03-20 14:40:00,1346.0988
2025-03-20 14:50:00,1355.8750
2025-03-20 15:00:00,1347.3557
2025-03-20 15:10:00,1355.8750
2025-03-20 15:20:00,1334.6413
2025-03-20 15:30:00,1346.1000
2025-03-20 15:40:00,1347.1774
2025-03-20 15:50:00,1355.8750
2025-03-20 16:00:00,1355.8750
2025-03-20 16:10:00,1347.2641
2025-03-20 16:20:00,1346.1012
2025-03-20 16:30:00,1339.2493
2025-03-20 16:40:00,1355.8750
2025-03-20 16:50:00,1355.8750
2025-03-20 17:00:00,1347.1927
2025-03-20 17:10:00,1355.8750
2025-03-20 17:20:00,1347.2588
2025-03-20 17:30:00,1355.8750
2025-03-20 17:40:00,1369.0383
2025-03-20 17:50:00,1355.8750
2025-03-20 18:00:00,1355.8750
2025-03-20 18:10:00,1347.1915
2025-03-20 18:20:00,1334.7760
2025-03-20 18:30:00,1355.8750
2025-03-20 18:40:00,1355.8750
2025-03-20 18:50:00,1355.8750
2025-03-20 19:00:00,1347.2957
2025-03-20 19:10:00,1347.2328
2025-03-20 19:20:00,1368.9198
2025-03-20 19:30:00,1355.8750
2025-03-20 19:40:00,1355.8750
2025-03-20 19:44:23,1355.8750
2025-03-20 19:50:00,1368.6866
2025-03-20 20:00:00,1355.8750
2025-03-20 20:10:00,1355.8750
2025-03-20 20:20:00,1355.8750
2025-03-20 20:30:00,1368.4407
2025-03-20 20:40:00,1355.8750
2025-03-20 20:50:00,1368.4428
2025-03-20 21:00:00,1355.8750
2025-03-20 21:10:00,1355.8750
2025-03-20 21:20:00,1355.8750
2025-03-20 21:30:00,1346.9547
2025-03-20 21:40:00,1347.2666
2025-03-20 21:50:00,1355.8750
2025-03-20 22:00:00,1355.8750
2025-03-20 22:10:00,1368.6260
2025-03-20 22:20:00,1339.5861
2025-03-20 22:30:00,1347.2055
2025-03-20 22:40:00,1355.8750
2025-03-20 22:50:00,1368.7469
2025-03-20 23:00:00,1368.6260
2025-03-20 23:10:00,1347.2440
2025-03-20 23:20:00,1355.8750
2025-03-20 23:30:00,1355.8750
2025-03-20 23:40:00,1339.7292
2025-03-20 23:50:00,1334.2705
2025-03-21 00:00:00,1355.8750
2025-03-21 00:10:00,1368.4814
2025-03-21 00:20:00,1362.7622
2025-03-21 00:30:00,1368.4434
2025-03-21 00:40:00,1369.0276
2025-03-21 00:50:00,1339.7575
2025-03-21 01:00:00,1347.2152
2025-03-21 01:10:00,1368.4837
2025-03-21 01:20:00,1345.6187
2025-03-21 01:30:00,1363.0112
2025-03-21 01:40:00,1338.9171
2025-03-21 01:50:00,1355.8750
2025-03-21 02:00:00,1368.7659
2025-03-21 02:10:00,1339.3129
2025-03-21 02:20:00,1347.3200
2025-03-21 02:30:00,1334.0281
2025-03-21 02:40:00,1347.3023
2025-03-21 02:50:00,1347.2574
2025-03-21 03:00:00,1368.0481
2025-03-21 03:10:00,1355.8750
2025-03-21 03:30:00,1355.8750
2025-03-21 03:40:00,1368.5905
2025-03-21 03:50:00,1368.5594
2025-03-21 04:00:00,1346.1652
2025-03-21 04:10:00,1347.3286
2025-03-21 04:20:00,1355.8750
2025-03-21 04:30:00,1367.9212
2025-03-21 04:40:00,1368.1739
2025-03-21 04:50:00,1347.2952
2025-03-21 05:00:00,1338.8582
2025-03-21 05:10:00,1347.4104
2025-03-21 05:20:00,1340.0184
2025-03-21 05:30:00,1355.8750
2025-03-21 05:40:00,1355.8750
2025-03-21 05:50:00,1355.9326
2025-03-21 06:00:00,1347.3173
2025-03-21 06:10:00,1347.2490
2025-03-21 06:20:00,1368.9277
2025-03-21 06:30:00,1368.8183
2025-03-21 06:40:00,1368.6721
2025-03-21 06:50:00,1368.8040
2025-03-21 07:00:00,1347.2004
2025-03-21 07:10:00,1368.4281
2025-03-21 07:20:00,1368.1171
2025-03-21 07:30:00,1368.7104
2025-03-21 07:40:00,1362.8032
2025-03-21 07:50:00,1368.5337
2025-03-21 08:00:00,1368.5011
2025-03-21 08:10:00,1368.4397
2025-03-21 08:20:00,1368.9827
2025-03-21 08:30:00,1368.7137
2025-03-21 08:40:00,1368.3664
2025-03-21 08:50:00,1347.3060
2025-03-21 09:00:00,1355.8750
2025-03-21 09:10:00,1368.5933
2025-03-21 09:20:00,1368.1111
2025-03-21 09:30:00,1347.3116
2025-03-21 09:40:00,1368.7773
2025-03-21 09:50:00,1368.3664
2025-03-21 10:00:00,1367.8048
2025-03-21 10:10:00,1368.1798
2025-03-21 10:20:00,1368.9328
2025-03-21 10:30:00,1368.7208
2025-03-21 10:40:00,1347.3060
2025-03-21 10:50:00,1368.7976
2025-03-21 11:00:00,1355.8750
2025-03-21 11:10:00,1347.3065
2025-03-21 11:20:00,1367.9212
2025-03-21 11:30:00,1355.8750
2025-03-21 11:40:00,1347.2399
2025-03-21 11:50:00,1355.8750
2025-03-21 12:00:00,1368.3751
2025-03-21 12:10:00,1368.8103
2025-03-21 12:20:00,1368.0541
2025-03-21 12:30:00,1355.8750
2025-03-21 12:40:00,1368.7325
2025-03-21 12:50:00,1368.5335
2025-03-21 13:00:00,1355.8750
2025-03-21 13:10:00,1355.8750
2025-03-21 13:20:00,1368.5684
2025-03-21 13:30:00,1368.6836
2025-03-21 13:40:00,1355.8750
2025-03-21 13:50:00,1368.5332
2025-03-21 14:00:00,1369.0464
2025-03-21 14:10:00,1355.8750
2025-03-21 14:20:00,1369.4110
2025-03-21 14:30:00,1369.2734
2025-03-21 14:40:00,1367.5555
2025-03-21 14:50:00,1355.8750
2025-03-21 15:00:00,1370.8411
2025-03-21 15:10:00,1347.2566
2025-03-21 15:20:00,1347.0364
2025-03-21 15:30:00,1355.8750
2025-03-21 15:40:00,1355.8750
2025-03-21 15:50:00,1338.5656
2025-03-21 16:00:00,1347.2383
2025-03-21 16:10:00,1347.2629
2025-03-21 16:20:00,1355.8750
2025-03-21 16:30:00,1355.8750
2025-03-21 16:40:00,1355.8750
2025-03-21 16:50:00,1355.8750
2025-03-21 17:00:00,1368.3606
2025-03-21 17:10:00,1355.8750
2025-03-21 17:20:00,1347.1823
2025-03-21 17:30:00,1355.8750
2025-03-21 17:40:00,1368.8293
2025-03-21 17:50:00,1338.9244
2025-03-21 18:00:00,1347.3060
2025-03-21 18:10:00,1345.6085
2025-03-21 18:20:00,1346.3051
2025-03-21 18:30:00,1355.9996
2025-03-21 18:40:00,1355.8750
2025-03-21 18:50:00,1367.5480
2025-03-21 18:56:04,1368.2490
2025-03-21 18:56:31,1367.8545
2025-03-21 19:00:00,1367.6998
2025-03-21 19:10:00,1366.8788
2025-03-21 19:20:00,1362.2638
2025-03-21 19:30:00,1361.1202
2025-03-21 19:40:00,1367.2885
2025-03-21 19:50:00,1361.3220
2025-03-21 19:52:02,1368.2952
2025-03-21 19:53:05,1367.1782
2025-03-21 19:57:31,1368.2227
2025-03-21 19:58:04,1367.7003
2025-03-21 20:00:00,1366.6742
2025-03-21 20:10:00,1367.3028
2025-03-21 20:20:00,1367.8059
2025-03-21 20:22:02,7969.4578
2025-03-21 20:22:31,1366.6982
2025-03-21 20:27:02,1368.2818
2025-03-21 20:27:31,1367.6537
2025-03-21 20:30:00,1367.5830
2025-03-21 20:40:00,1368.9671
2025-03-21 20:50:00,1365.9517
2025-03-21 21:00:00,1367.1952
2025-03-21 21:10:00,1366.0508
2025-03-21 21:20:00,1363.4836
2025-03-21 21:21:03,1368.2681
2025-03-21 21:21:31,1365.4422
2025-03-21 21:30:00,1366.6007
2025-03-21 21:40:00,1365.9338
2025-03-21 21:50:00,1361.7279
2025-03-21 22:00:00,1361.7870
2025-03-21 22:10:00,1367.4922
2025-03-21 22:20:00,1369.3274
2025-03-21 22:30:00,1355.7310
2025-03-21 22:40:00,1368.9867
2025-03-21 22:50:00,1363.4078
2025-03-21 23:00:00,1368.9904
2025-03-21 23:02:02,1368.1957
2025-03-21 23:02:31,1361.7683
2025-03-21 23:10:00,1364.6463
2025-03-21 23:20:00,1366.9901
2025-03-21 23:30:00,1355.1490
2025-03-21 23:40:00,1355.4740
2025-03-21 23:50:00,1366.3427
2025-03-22 00:00:00,1354.9877
2025-03-22 00:10:00,1355.7321
2025-03-22 00:20:00,1355.2532
2025-03-22 00:30:00,1355.1902
2025-03-22 00:40:00,1355.2899
2025-03-22 00:50:00,1365.9973
2025-03-22 01:00:00,1369.3621
2025-03-22 01:10:00,1346.9122
2025-03-22 01:20:00,1355.4918
2025-03-22 01:30:00,1366.9453
2025-03-22 01:40:00,1366.5446
2025-03-22 01:50:00,1361.2029
2025-03-22 02:00:00,1346.9431
2025-03-22 02:10:00,1355.6192
2025-03-22 02:20:00,1355.8750
2025-03-22 02:30:00,1347.1995
2025-03-22 02:40:00,1326.8571
2025-03-22 02:50:00,1334.2324
2025-03-22 03:00:00,1347.5666
2025-03-22 03:10:00,1347.4848
2025-03-22 03:20:00,1355.8750
2025-03-22 03:30:00,1326.8571
2025-03-22 03:40:00,1355.8750
2025-03-22 03:50:00,1347.1849
2025-03-22 04:00:00,1326.8571
2025-03-22 04:10:00,1347.1277
2025-03-22 04:20:00,1347.4621
2025-03-22 04:30:00,1334.0797
2025-03-22 04:40:00,1360.8974
2025-03-22 04:42:56,1355.8750
2025-03-22 04:50:00,1326.8571
2025-03-22 05:00:00,1347.4933
2025-03-22 05:10:00,1347.4984
2025-03-22 05:27:49,1347.2005
2025-03-22 05:30:00,1345.3971
2025-03-22 05:40:00,1356.3362
2025-03-22 05:50:00,1356.2220
2025-03-22 06:00:00,1355.8750
2025-03-22 06:10:00,1368.5063
2025-03-22 06:20:00,1347.3287
2025-03-22 06:30:00,1367.8452
2025-03-22 06:40:00,1347.3558
2025-03-22 06:50:00,1347.3671
2025-03-22 07:10:00,1355.8750
2025-03-22 07:20:00,1367.8452
2025-03-22 07:30:00,1355.8750
2025-03-22 07:40:00,1367.4621
2025-03-22 07:50:00,1347.4861
2025-03-22 08:00:00,1355.2521
2025-03-22 08:10:00,1355.7516
2025-03-22 08:20:00,1355.2852
2025-03-22 08:30:00,1347.4416
2025-03-22 08:40:00,1355.8750
2025-03-22 08:50:00,1334.7581
2025-03-22 09:00:00,1347.3159
2025-03-22 09:10:00,1347.2231
2025-03-22 09:20:00,1355.8750
2025-03-22 09:30:00,1355.8750
2025-03-22 09:40:00,1347.2830
2025-03-22 09:50:00,1362.7357
2025-03-22 10:00:00,1362.6904
2025-03-22 10:10:00,1362.5697
2025-03-22 10:20:00,1334.6562
2025-03-22 10:30:00,1368.4436
2025-03-22 10:40:00,1355.8750
2025-03-22 10:50:00,1367.3738
2025-03-22 11:00:00,1355.8750
2025-03-22 11:10:00,1362.2004
2025-03-22 11:20:00,1347.2811
2025-03-22 11:30:00,1355.8750
2025-03-22 11:40:00,1360.7711
2025-03-22 11:50:00,1346.8103
2025-03-22 12:00:00,1339.9955
2025-03-22 12:10:00,1347.2214
2025-03-22 12:20:00,1366.7237
2025-03-22 12:30:00,1367.3594
2025-03-22 12:40:00,1367.7133
2025-03-22 12:50:00,1346.9604
2025-03-22 13:00:00,1347.2430
2025-03-22 13:10:00,1347.2186
2025-03-22 13:20:00,1347.2777
2025-03-22 13:30:00,1355.8750
2025-03-22 13:40:00,1355.8750
2025-03-22 13:50:00,1368.6203
2025-03-22 14:00:00,1355.8750
2025-03-22 14:10:00,1362.5643
2025-03-22 14:20:00,1367.4419
2025-03-22 14:30:00,1362.3875
2025-03-22 14:40:00,1366.9028
2025-03-22 14:50:00,1362.4662
2025-03-22 15:00:00,1355.8750
2025-03-22 15:10:00,1362.1786
2025-03-22 15:20:00,1362.2475
2025-03-22 15:30:00,1367.1254
2025-03-22 15:40:00,1367.4719
2025-03-22 15:50:00,1355.8750
2025-03-22 16:00:00,1347.3065
2025-03-22 16:10:00,1347.1943
2025-03-22 16:20:00,1362.3931
2025-03-22 16:30:00,1355.8750
2025-03-22 16:40:00,1347.3239
2025-03-22 16:50:00,1347.1860
2025-03-22 17:00:00,1339.5987
2025-03-22 17:10:00,1355.8750
2025-03-22 17:20:00,1362.5188
2025-03-22 17:30:00,1366.9809
2025-03-22 17:40:00,1347.2147
2025-03-22 17:50:00,1355.8750
2025-03-22 18:00:00,1368.5454
2025-03-22 18:10:00,1362.2475
2025-03-22 18:20:00,1362.2709
2025-03-22 18:30:00,1355.8750
2025-03-22 18:40:00,1362.3927
2025-03-22 18:50:00,1362.3177
2025-03-22 19:00:00,1362.5871
2025-03-22 19:10:00,1367.1065
2025-03-22 19:20:00,1347.2482
2025-03-22 19:30:00,1362.3875
2025-03-22 19:40:00,1334.0551
2025-03-22 19:50:00,1362.2475
2025-03-22 20:00:00,1355.8750
2025-03-22 20:10:00,1355.8750
2025-03-22 20:20:00,1368.6743
2025-03-22 20:30:00,1362.7853
2025-03-22 20:40:00,1355.8750
2025-03-22 20:50:00,1362.4483
2025-03-22 21:00:00,1355.8750
2025-03-22 21:10:00,1355.8750
2025-03-22 21:20:00,1339.5570
2025-03-22 21:30:00,1355.8750
2025-03-22 21:40:00,1368.4454
2025-03-22 21:50:00,1344.6444
2025-03-22 22:00:00,1367.8047
2025-03-22 22:10:00,1362.5397
2025-03-22 22:20:00,1347.2469
2025-03-22 22:30:00,1355.8750
2025-03-22 22:40:00,1355.8750
2025-03-22 22:50:00,1355.8750
2025-03-22 23:00:00,1347.2549
2025-03-22 23:10:00,1366.9711
2025-03-22 23:20:00,1355.6304
2025-03-22 23:30:00,1362.5772
2025-03-22 23:40:00,1355.8750
2025-03-22 23:50:00,1367.3074
2025-03-23 00:00:00,1355.8750
2025-03-23 00:10:00,1362.6499
2025-03-23 00:20:00,1344.4363
2025-03-23 00:30:00,1347.3838
2025-03-23 00:40:00,1347.4708
2025-03-23 00:50:00,1355.8750
2025-03-23 01:00:00,1355.8750
2025-03-23 01:10:00,1355.8750
2025-03-23 01:20:00,1344.9836
2025-03-23 01:30:00,1355.8750
2025-03-23 01:40:00,1347.2600
2025-03-23 01:50:00,1368.3280
2025-03-23 02:00:00,1339.5845
2025-03-23 02:10:00,1355.8750
2025-03-23 02:20:00,1346.7632
2025-03-23 02:30:00,1344.3900
2025-03-23 02:40:00,1355.8750
2025-03-23 02:50:00,1347.2774
2025-03-23 03:00:00,1355.8750
2025-03-23 03:10:00,1355.8750
2025-03-23 03:20:00,1346.8234
2025-03-23 03:30:00,1362.5761
2025-03-23 03:40:00,1362.4675
2025-03-23 03:50:00,1355.8750
2025-03-23 04:00:00,1347.2864
2025-03-23 04:10:00,1355.8750
2025-03-23 04:20:00,1367.9060
2025-03-23 04:30:00,1355.8750
2025-03-23 04:40:00,1355.8750
2025-03-23 04:50:00,1355.8750
2025-03-23 05:00:00,1355.8750
2025-03-23 05:10:00,1369.0147
2025-03-23 05:20:00,1338.0322
2025-03-23 05:30:00,1337.7969
2025-03-23 05:40:00,1368.4589
2025-03-23 05:50:00,1355.8750
2025-03-23 06:00:00,1346.9094
2025-03-23 06:10:00,1347.1632
2025-03-23 06:20:00,1355.8750
2025-03-23 06:30:00,1367.7010
2025-03-23 06:40:00,1347.3767
2025-03-23 06:50:00,1368.1595
2025-03-23 07:00:00,1367.5710
2025-03-23 07:10:00,1367.8169
2025-03-23 07:20:00,1355.8750
2025-03-23 07:30:00,1347.3828
2025-03-23 07:40:00,1362.7065
2025-03-23 07:50:00,1368.4950
2025-03-23 08:00:00,1367.6484
2025-03-23 08:10:00,1368.0681
2025-03-23 08:20:00,1368.6211
2025-03-23 08:30:00,1362.7528
2025-03-23 08:40:00,1347.2509
2025-03-23 08:50:00,1339.0124
2025-03-23 09:00:00,1333.8752
2025-03-23 09:10:00,1362.5761
2025-03-23 09:20:00,1362.6479
2025-03-23 09:30:00,1368.3209
2025-03-23 09:40:00,1339.8059
2025-03-23 09:50:00,1367.5895
2025-03-23 10:00:00,1367.7133
2025-03-23 10:10:00,1355.8750
2025-03-23 10:20:00,1367.1065
2025-03-23 10:30:00,1347.2061
2025-03-23 10:40:00,1355.8750
2025-03-23 10:50:00,1362.3931
2025-03-23 11:00:00,1356.2118
2025-03-23 11:10:00,1355.8750
2025-03-23 11:20:00,1368.2559
2025-03-23 11:30:00,1339.4773
2025-03-23 11:40:00,1362.5347
2025-03-23 11:50:00,1355.8750
2025-03-23 12:00:00,1355.8750
2025-03-23 12:10:00,1355.8750
2025-03-23 12:20:00,1339.5987
2025-03-23 12:30:00,1368.3760
2025-03-23 12:40:00,1362.6469
2025-03-23 12:50:00,1362.3927
2025-03-23 13:00:00,1355.8750
2025-03-23 13:10:00,1366.9748
2025-03-23 13:20:00,1355.6115
2025-03-23 13:30:00,1369.3641
2025-03-23 13:40:00,1365.7675
2025-03-23 13:50:00,1346.7252
2025-03-23 14:00:00,1346.7215
2025-03-23 14:10:00,1355.7657
2025-03-23 14:20:00,1344.8069
2025-03-23 14:30:00,1355.8750
2025-03-23 14:40:00,1362.3875
2025-03-23 14:50:00,1355.8750
2025-03-23 15:00:00,1355.8750
2025-03-23 15:10:00,1368.2277
2025-03-23 15:20:00,1362.5194
2025-03-23 15:30:00,1355.8750
2025-03-23 15:40:00,1367.3332
2025-03-23 15:50:00,1368.0374
2025-03-23 16:00:00,1347.3172
2025-03-23 16:10:00,1362.5397
2025-03-23 16:20:00,1355.8750
2025-03-23 16:30:00,1347.3119
2025-03-23 16:40:00,1355.8750
2025-03-23 16:50:00,1334.6157
2025-03-23 17:00:00,1339.3572
2025-03-23 17:10:00,1347.2652
2025-03-23 17:20:00,1355.8750
2025-03-23 17:30:00,1355.8750
2025-03-23 17:40:00,1355.8750
2025-03-23 17:50:00,1334.4695
2025-03-23 18:00:00,1334.0722
2025-03-23 18:10:00,1362.1758
2025-03-23 18:20:00,1355.8750
2025-03-23 18:30:00,1355.8750
2025-03-23 18:40:00,1347.3459
2025-03-23 18:50:00,1347.4411
2025-03-23 19:00:00,1326.8571
2025-03-23 19:10:00,1355.8750
2025-03-23 19:20:00,1355.8750
2025-03-23 19:30:00,1347.3347
2025-03-23 19:40:00,1346.7743
2025-03-23 19:50:00,1367.3836
2025-03-23 20:00:00,1369.4840
2025-03-23 20:10:00,1362.3177
2025-03-23 20:20:00,1362.3910
2025-03-23 20:30:00,1355.8750
2025-03-23 20:40:00,1355.8750
2025-03-23 20:50:00,1367.3074
2025-03-23 21:00:00,1355.8750
2025-03-23 21:10:00,1355.8750
2025-03-23 21:20:00,1347.3129
2025-03-23 21:30:00,1347.2250
2025-03-23 21:40:00,1355.8750
2025-03-23 21:50:00,1362.3643
2025-03-23 22:00:00,1355.8750
2025-03-23 22:10:00,1344.4222
2025-03-23 22:20:00,1368.1208
2025-03-23 22:30:00,1347.3459
2025-03-23 22:40:00,1355.8750
2025-03-23 22:50:00,1339.0039
2025-03-23 23:00:00,1355.8106
2025-03-23 23:10:00,1346.7668
2025-03-23 23:20:00,1355.8750
2025-03-23 23:30:00,1362.5785
2025-03-23 23:40:00,1362.3890
2025-03-23 23:50:00,1362.5151
2025-03-24 00:00:00,1347.2141
2025-03-24 00:10:00,1339.4773
2025-03-24 00:20:00,1347.1948
2025-03-24 00:30:00,1347.2016
2025-03-24 00:40:00,1355.8750
2025-03-24 00:50:00,1362.1786
2025-03-24 01:00:00,1362.4584
2025-03-24 01:10:00,1362.5040
2025-03-24 01:20:00,1366.9315
2025-03-24 01:30:00,1347.4211
2025-03-24 01:40:00,1347.2165
2025-03-24 01:50:00,1362.3643
2025-03-24 02:00:00,1355.8750
2025-03-24 02:10:00,1362.1767
2025-03-24 02:20:00,1347.2864
2025-03-24 02:30:00,1368.2277
2025-03-24 02:40:00,1346.7063
2025-03-24 02:50:00,1362.3931
2025-03-24 03:00:00,1355.8750
2025-03-24 03:10:00,1362.1673
2025-03-24 03:20:00,1362.7428
2025-03-24 03:30:00,1347.3013
2025-03-24 03:40:00,1355.8750
2025-03-24 03:50:00,1362.5699
2025-03-24 04:00:00,1362.2377
2025-03-24 04:10:00,1355.8750
2025-03-24 04:20:00,1362.1772
2025-03-24 04:30:00,1355.8750
2025-03-24 04:40:00,1355.8750
2025-03-24 04:50:00,1326.8571
2025-03-24 05:00:00,1347.3516
2025-03-24 05:10:00,1347.4626
2025-03-24 05:20:00,1326.8571
2025-03-24 05:30:00,1362.1706
2025-03-24 05:40:00,1362.3177
2025-03-24 05:50:00,1346.8061
2025-03-24 06:00:00,1362.1799
2025-03-24 06:10:00,1355.8750
2025-03-24 06:20:00,1355.8750
2025-03-24 06:30:00,1362.1772
2025-03-24 06:40:00,1362.5286
2025-03-24 06:50:00,1368.0666
2025-03-24 07:00:00,1367.7133
2025-03-24 07:10:00,1355.8750
2025-03-24 07:20:00,1355.8750
2025-03-24 07:30:00,1362.3846
2025-03-24 07:40:00,1362.3477
2025-03-24 07:50:00,1355.8750
2025-03-24 08:00:00,1366.8513
2025-03-24 08:10:00,1367.3332
2025-03-24 08:20:00,1355.8750
2025-03-24 08:30:00,1346.7711
2025-03-24 08:40:00,1368.3658
2025-03-24 08:50:00,1362.1463
2025-03-24 09:00:00,1346.7307
2025-03-24 09:10:00,1355.8750
2025-03-24 09:20:00,1368.2310
2025-03-24 09:30:00,1362.5188
2025-03-24 09:40:00,1355.8750
2025-03-24 09:50:00,1355.8750
2025-03-24 10:00:00,1362.4996
2025-03-24 10:10:00,1343.9069
2025-03-24 10:20:00,1346.7478
2025-03-24 10:30:00,1368.0453
2025-03-24 10:40:00,1355.8750
2025-03-24 10:50:00,1346.9672
2025-03-24 11:00:00,1346.7892
2025-03-24 11:10:00,1355.8750
2025-03-24 11:20:00,1346.8998
2025-03-24 11:30:00,1362.1900
2025-03-24 11:40:00,1368.2502
2025-03-24 11:50:00,1368.2686
2025-03-24 12:00:00,1340.5769
2025-03-24 12:10:00,1355.8750
2025-03-24 12:20:00,1346.8286
2025-03-24 12:30:00,1355.8750
2025-03-24 12:40:00,1361.9356
2025-03-24 12:50:00,1362.4118
2025-03-24 13:00:00,1346.8998
2025-03-24 13:10:00,1362.4984
2025-03-24 13:20:00,1346.4841
2025-03-24 13:30:00,1362.4832
2025-03-24 13:40:00,1355.8750
2025-03-24 13:50:00,1362.1586
2025-03-24 14:00:00,1355.8750
2025-03-24 14:10:00,1355.8750
2025-03-24 14:20:00,1355.8750
2025-03-24 14:30:00,1367.3705
2025-03-24 14:40:00,1346.8186
2025-03-24 14:50:00,1343.4954
2025-03-24 15:00:00,1346.9380
2025-03-24 15:10:00,1355.8750
2025-03-24 15:20:00,1355.8750
2025-03-24 15:30:00,1346.9600
2025-03-24 15:40:00,1346.9748
2025-03-24 15:50:00,1355.8750
2025-03-24 16:00:00,1339.2850
2025-03-24 16:10:00,1346.9614
2025-03-24 16:20:00,1355.8750
2025-03-24 16:30:00,1326.8571
2025-03-24 16:40:00,1361.9298
2025-03-24 16:50:00,1367.8257
2025-03-24 17:00:00,1346.8286
2025-03-24 17:10:00,1355.8750
2025-03-24 17:20:00,1339.7070
2025-03-24 17:30:00,1368.0427
2025-03-24 17:40:00,1346.8678
2025-03-24 17:50:00,1355.8750
2025-03-24 18:00:00,1346.8162
2025-03-24 18:10:00,1346.7923
2025-03-24 18:20:00,1367.3564
2025-03-24 18:30:00,1366.7490
2025-03-24 18:40:00,1355.8750
2025-03-24 18:50:00,1355.8750
2025-03-24 19:00:00,1355.8750
2025-03-24 19:10:00,1355.8750
2025-03-24 19:20:00,1346.5963
2025-03-24 19:30:00,1362.5270
2025-03-24 19:40:00,1355.8750
2025-03-24 19:50:00,1362.4504
2025-03-24 20:00:00,1362.6730
2025-03-24 20:10:00,1362.6451
2025-03-24 20:20:00,1334.3190
2025-03-24 20:30:00,1355.8750
2025-03-24 20:40:00,1367.3889
2025-03-24 20:50:00,1355.8750
2025-03-24 21:00:00,1339.1901
2025-03-24 21:10:00,1338.7452
2025-03-24 21:20:00,1355.8750
2025-03-24 21:30:00,1366.6797
2025-03-24 21:40:00,1355.8750
2025-03-24 21:50:00,1346.9140
2025-03-24 22:00:00,1355.8750
2025-03-24 22:10:00,1366.9548
2025-03-24 22:20:00,1366.8179
2025-03-24 22:30:00,1362.4524
2025-03-24 22:40:00,1361.9530
2025-03-24 22:50:00,1355.8750
2025-03-24 23:00:00,1355.8750
2025-03-24 23:10:00,1346.7999
2025-03-24 23:20:00,1362.3607
2025-03-24 23:30:00,1355.8750
2025-03-24 23:40:00,1339.5601
2025-03-24 23:50:00,1355.8750
2025-03-25 00:00:00,1338.5721
2025-03-25 00:10:00,1361.9942
2025-03-25 00:20:00,1355.8750
2025-03-25 00:30:00,1347.0614
2025-03-25 00:40:00,1366.8500
2025-03-25 00:50:00,1346.9002
2025-03-25 01:00:00,1346.9614
2025-03-25 01:10:00,1355.8750
2025-03-25 01:12:47,1366.6101
2025-03-25 01:20:00,1366.8865
2025-03-25 01:30:25,1346.8546
2025-03-25 01:40:00,1367.9380
2025-03-25 01:47:57,1355.8750
2025-03-25 01:50:00,1362.3695
2025-03-25 02:00:00,1367.2375
2025-03-25 02:05:36,1367.9380
2025-03-25 02:10:00,1366.8179
2025-03-25 02:20:00,1362.5699
2025-03-25 02:23:18,1362.0166
2025-03-25 02:30:00,1366.7858
2025-03-25 02:40:00,1366.8640
2025-03-25 02:41:06,1346.7307
2025-03-25 02:50:00,1368.1472
2025-03-25 02:58:27,1368.1149
2025-03-25 03:00:00,1355.8750
2025-03-25 03:10:00,1355.8750
2025-03-25 03:20:00,1366.6797
2025-03-25 03:30:00,1367.8285
2025-03-25 03:40:00,1339.6991
2025-03-25 03:43:15,1346.7152
2025-03-25 03:50:00,1346.8162
2025-03-25 04:00:00,1339.6991
2025-03-25 04:10:00,1366.8640
2025-03-25 04:20:00,1367.9071
2025-03-25 04:33:57,1362.3982
2025-03-25 04:40:00,1362.1360
2025-03-25 04:50:00,1346.2300
2025-03-25 04:51:06,1362.0833
2025-03-25 05:00:00,1362.0221
2025-03-25 05:10:00,1367.8140
2025-03-25 05:24:50,1343.3084
2025-03-25 05:30:00,1355.8750
2025-03-25 05:40:00,1366.4700
2025-03-25 05:42:26,1346.8186
2025-03-25 05:50:00,1355.8750
2025-03-25 06:00:00,1355.8750
2025-03-25 06:10:00,1339.0702
2025-03-25 06:20:00,1355.8750
2025-03-25 06:30:00,1355.8750
2025-03-25 06:40:00,1366.4582
2025-03-25 06:50:00,1362.3695
2025-03-25 07:00:00,1346.7879
2025-03-25 07:10:00,1362.5010
2025-03-25 07:20:00,1362.3632
2025-03-25 07:30:00,1362.3846
2025-03-25 07:40:00,1361.9427
2025-03-25 07:50:00,1368.2062
2025-03-25 08:00:00,1346.8286
2025-03-25 08:10:00,1366.6101
2025-03-25 08:20:00,1326.8571
2025-03-25 08:30:00,1362.1134
2025-03-25 08:40:00,1355.8750
2025-03-25 08:50:00,1366.9548
2025-03-25 09:00:00,1367.7039
2025-03-25 09:10:00,1366.8995
2025-03-25 09:20:00,1368.2338
2025-03-25 09:30:00,1366.4264
2025-03-25 09:40:00,1368.0137
2025-03-25 09:50:00,1355.8750
2025-03-25 10:00:00,1333.8412
2025-03-25 10:10:00,1355.8750
2025-03-25 10:20:00,1362.3682
2025-03-25 10:30:00,1355.8750
2025-03-25 10:40:00,1366.5483
2025-03-25 10:50:00,1366.5892
2025-03-25 11:00:00,1355.8750
2025-03-25 11:10:00,1346.7892
2025-03-25 11:20:00,1346.7307
2025-03-25 11:30:00,1366.4891
2025-03-25 11:40:00,1366.8865
2025-03-25 11:50:00,1366.4588
2025-03-25 12:00:00,1366.5837
2025-03-25 12:10:00,1368.0116
2025-03-25 12:20:00,1355.8750
2025-03-25 12:30:00,1367.5678
2025-03-25 12:40:00,1366.4582
2025-03-25 12:50:00,1362.4687
2025-03-25 13:00:00,1368.4140
2025-03-25 13:10:00,1339.5601
2025-03-25 13:20:00,1368.1472
2025-03-25 13:30:00,1355.8750
2025-03-25 13:40:00,1368.1113
2025-03-25 13:50:00,1355.8750
2025-03-25 14:00:00,1355.8750
2025-03-25 14:10:00,1346.8853
2025-03-25 14:20:00,1362.6110
2025-03-25 14:30:00,1346.7554
2025-03-25 14:40:00,1367.9688
2025-03-25 14:50:00,1346.7152
2025-03-25 15:00:00,1367.4365
2025-03-25 15:10:00,1355.8750
2025-03-25 15:20:00,1367.8146
2025-03-25 15:30:00,1367.8621
2025-03-25 15:40:00,1366.6797
2025-03-25 15:50:00,1361.9319
2025-03-25 16:00:00,1362.3710
2025-03-25 16:10:00,1346.9672
2025-03-25 16:20:00,1367.8340
2025-03-25 16:30:00,1346.7872
2025-03-25 16:40:00,1355.8750
2025-03-25 16:50:00,1368.1091
2025-03-25 17:00:00,1367.9380
2025-03-25 17:10:00,1344.0248
2025-03-25 17:20:00,1367.8140
2025-03-25 17:30:00,1339.5323
2025-03-25 17:40:00,1366.6507
2025-03-25 17:50:00,1355.8750
2025-03-25 18:00:00,1346.9597
2025-03-25 18:10:00,1346.9523
2025-03-25 18:20:00,1355.8750
2025-03-25 18:30:00,1355.8750
2025-03-25 18:40:00,1355.8750
2025-03-25 18:50:00,1366.4102
2025-03-25 19:00:00,1355.8750
2025-03-25 19:10:00,1355.8750
2025-03-25 19:20:00,1362.1488
2025-03-25 19:30:00,1362.3411
2025-03-25 19:40:00,1355.8750
2025-03-25 19:50:00,1346.8286
2025-03-25 20:00:00,1368.2291
2025-03-25 20:10:00,1355.8750
2025-03-25 20:20:00,1362.1429
2025-03-25 20:30:00,1355.8750
2025-03-25 20:40:00,1355.8750
2025-03-25 20:50:00,1367.8202
2025-03-25 21:00:00,1366.4737
2025-03-25 21:10:00,1368.1089
2025-03-25 21:20:00,1355.8750
2025-03-25 21:30:00,1355.8750
2025-03-25 21:40:00,1346.8318
2025-03-25 21:50:00,1355.8750
2025-03-25 22:00:00,1362.4929
2025-03-25 22:10:00,1366.5767
2025-03-25 22:20:00,1355.8750
2025-03-25 22:30:00,1361.9530
2025-03-25 22:40:00,1368.2062
2025-03-25 22:50:00,1368.1125
2025-03-25 23:00:00,1367.8366
2025-03-25 23:10:00,1362.3659
2025-03-25 23:20:00,1346.8224
2025-03-25 23:30:00,1355.8750
2025-03-25 23:40:00,1346.8186
2025-03-25 23:50:00,1355.8750
2025-03-26 00:00:00,1355.8750
2025-03-26 00:10:00,1355.8750
2025-03-26 00:20:00,1355.8750
2025-03-26 00:30:00,1339.4596
2025-03-26 00:40:00,1343.7205
2025-03-26 00:44:04,1339.5881
2025-03-26 00:50:00,1355.8750
2025-03-26 01:00:00,1355.8750
2025-03-26 01:04:32,1361.9271
2025-03-26 01:10:00,1346.9194
2025-03-26 01:20:00,1343.5583
2025-03-26 01:25:00,1370.6667
2025-03-26 01:30:00,1355.1859
2025-03-26 01:40:00,1355.3645
2025-03-26 01:45:28,1366.5904
2025-03-26 01:50:00,1361.9348
2025-03-26 02:00:00,1360.7308
2025-03-26 02:06:25,1361.9656
2025-03-26 02:10:00,1355.8750
2025-03-26 02:20:00,1346.2567
2025-03-26 02:26:53,1346.2284
2025-03-26 02:30:00,1355.8750
2025-03-26 02:40:00,1366.5616
2025-03-26 02:47:50,1355.8750
2025-03-26 02:50:00,1326.8571
2025-03-26 03:00:00,1355.8750
2025-03-26 03:08:17,1343.5340
2025-03-26 03:10:00,1355.8750
2025-03-26 03:20:00,1346.2550
2025-03-26 03:29:15,1326.8571
2025-03-26 03:30:00,1346.2534
2025-03-26 03:40:00,1346.2544
2025-03-26 03:49:44,1326.8571
2025-03-26 03:50:00,1326.8571
2025-03-26 04:00:00,1360.9154
2025-03-26 04:10:10,1346.8224
2025-03-26 04:20:00,1343.3224
2025-03-26 04:30:00,1343.6732
2025-03-26 04:30:40,1339.4523
2025-03-26 04:40:00,1360.5428
2025-03-26 04:50:00,1339.6772
2025-03-26 04:51:08,1346.9528
2025-03-26 05:00:00,1339.4266
2025-03-26 05:10:00,1366.5187
2025-03-26 05:11:35,1361.9514
2025-03-26 05:20:00,1326.8571
2025-03-26 05:30:00,1339.7374
2025-03-26 05:32:04,1339.5911
2025-03-26 05:40:00,1367.8313
2025-03-26 05:50:00,1346.9310
2025-03-26 05:53:02,1343.5821
2025-03-26 06:00:00,1355.8750
2025-03-26 06:10:00,1339.4523
2025-03-26 06:14:32,1355.8750
2025-03-26 06:20:00,1346.2293
2025-03-26 06:30:00,1347.0358
2025-03-26 06:35:13,1366.8179
2025-03-26 06:40:00,1366.5187
2025-03-26 06:50:00,1366.5041
2025-03-26 07:00:00,1346.8202
2025-03-26 07:10:00,1355.8750
2025-03-26 07:20:00,1340.0046
2025-03-26 07:30:00,1361.9356
2025-03-26 07:40:00,1366.8500
2025-03-26 07:50:00,1360.9708
2025-03-26 08:00:00,1361.9445
2025-03-26 08:10:00,1361.9365
2025-03-26 08:20:00,1346.8162
2025-03-26 08:30:00,1339.7998
2025-03-26 08:40:00,1346.8255
2025-03-26 08:50:00,1346.2252
2025-03-26 09:00:00,1355.8750
2025-03-26 09:10:00,1346.8126
2025-03-26 09:20:00,1346.8327
2025-03-26 09:27:30,1362.2817
2025-03-26 09:27:31,0.0000
2025-03-26 09:30:00,0.0000
2025-03-26 09:40:00,0.0000
2025-03-26 09:42:03,0.0000
2025-03-26 09:50:00,0.0000
2025-03-26 10:00:00,0.0000
2025-03-26 10:10:00,0.0000
2025-03-26 10:20:00,0.0000
2025-03-26 10:30:00,0.0000
2025-03-26 10:40:00,0.0000
2025-03-26 10:50:00,0.0000
2025-03-26 11:00:00,0.0000
2025-03-26 11:10:00,0.0000
2025-03-26 11:20:00,0.0000
2025-03-26 11:30:00,0.0000
2025-03-26 11:40:00,0.0000
2025-03-26 11:50:00,0.0000
2025-03-26 12:00:00,0.0000
2025-03-26 12:10:00,0.0000
2025-03-26 12:20:00,0.0000
2025-03-26 12:30:00,0.0000
2025-03-26 12:40:00,0.0000
2025-03-26 12:50:00,0.0000
2025-03-26 13:00:00,0.0000
2025-03-26 13:10:00,0.0000
2025-03-26 13:20:00,0.0000
2025-03-26 13:30:00,0.0000
2025-03-26 13:40:00,0.0000
2025-03-26 13:50:00,0.0000
2025-03-26 14:00:00,0.0000
2025-03-26 14:10:00,0.0000
2025-03-26 14:20:00,0.0000
2025-03-26 14:30:00,0.0000
2025-03-26 14:40:00,0.0000
2025-03-26 14:50:00,0.0000
2025-03-26 15:00:00,0.0000
2025-03-26 15:10:00,0.0000
2025-03-26 15:30:00,0.0000
2025-03-26 15:40:00,0.0000
2025-03-26 15:50:00,0.0000
2025-03-26 16:00:00,0.0000
2025-03-26 16:10:00,0.0000
2025-03-26 16:30:00,0.0000
2025-03-26 16:40:00,0.0000
2025-03-26 16:50:00,0.0000
2025-03-26 17:00:00,0.0000
2025-03-26 17:10:00,0.0000
2025-03-26 17:20:00,0.0000
2025-03-26 17:30:00,0.0000
2025-03-26 17:40:00,0.0000
2025-03-26 17:50:00,0.0000
2025-03-26 18:00:00,0.0000
2025-03-26 18:10:00,0.0000
2025-03-26 18:20:00,0.0000
2025-03-26 18:30:00,0.0000
2025-03-26 18:40:00,0.0000
2025-03-26 18:50:00,0.0000
2025-03-26 19:00:00,0.0000
2025-03-26 19:10:00,0.0000
2025-03-26 19:20:00,0.0000
2025-03-26 19:30:00,0.0000
2025-03-26 19:40:00,0.0000
2025-03-26 19:50:00,0.0000
2025-03-26 20:00:00,0.0000
2025-03-26 20:10:00,0.0000
2025-03-26 20:20:00,0.0000
2025-03-26 20:30:00,0.0000
2025-03-26 20:40:00,0.0000
2025-03-26 20:50:00,0.0000
2025-03-26 21:00:00,0.0000
2025-03-26 21:10:00,0.0000
2025-03-26 21:20:00,0.0000
2025-03-26 21:30:00,0.0000
2025-03-26 21:40:00,0.0000
2025-03-26 21:50:00,0.0000
2025-03-26 22:00:00,0.0000
2025-03-26 22:10:00,0.0000
2025-03-26 22:20:00,0.0000
2025-03-26 22:30:00,0.0000
2025-03-26 22:40:00,0.0000
2025-03-26 22:50:00,0.0000
2025-03-26 23:00:00,0.0000
2025-03-26 23:10:00,0.0000
2025-03-26 23:20:00,0.0000
2025-03-26 23:30:00,0.0000
2025-03-26 23:40:00,0.0000
2025-03-26 23:50:00,0.0000
2025-03-27 00:00:00,0.0000
2025-03-27 00:10:00,0.0000
2025-03-27 00:20:00,0.0000
2025-03-27 00:30:00,0.0000
2025-03-27 00:40:00,0.0000
2025-03-27 00:50:00,0.0000
2025-03-27 01:00:00,0.0000
2025-03-27 01:10:00,0.0000
2025-03-27 01:20:00,0.0000
2025-03-27 01:30:00,0.0000
2025-03-27 01:40:00,0.0000
2025-03-27 01:50:00,0.0000
2025-03-27 02:00:00,0.0000
2025-03-27 02:10:00,0.0000
2025-03-27 02:20:00,0.0000
2025-03-27 02:30:00,0.0000
2025-03-27 02:40:00,0.0000
2025-03-27 02:50:00,0.0000
2025-03-27 03:00:00,0.0000
2025-03-27 03:10:00,0.0000
2025-03-27 03:20:00,0.0000
2025-03-27 03:30:00,0.0000
2025-03-27 03:40:00,0.0000
2025-03-27 03:50:00,0.0000
2025-03-27 04:00:00,0.0000
2025-03-27 04:10:00,0.0000
2025-03-27 04:20:00,0.0000
2025-03-27 04:30:00,0.0000
2025-03-27 04:40:00,0.0000
2025-03-27 04:50:00,0.0000
2025-03-27 05:00:00,0.0000
2025-03-27 05:10:00,0.0000
2025-03-27 05:20:00,0.0000
2025-03-27 05:30:00,0.0000
2025-03-27 05:40:00,0.0000
2025-03-27 05:50:00,0.0000
2025-03-27 06:00:00,0.0000
2025-03-27 06:10:00,0.0000
2025-03-27 06:20:00,0.0000
2025-03-27 06:30:00,0.0000
2025-03-27 06:40:00,0.0000
2025-03-27 06:50:00,0.0000
2025-03-27 07:00:00,0.0000
2025-03-27 07:10:00,0.0000
2025-03-27 07:20:00,0.0000
2025-03-27 07:30:00,0.0000
2025-03-27 07:40:00,0.0000
2025-03-27 07:50:00,0.0000
2025-03-27 08:00:00,0.0000
2025-03-27 08:10:00,0.0000
2025-03-27 08:20:00,0.0000
2025-03-27 08:30:00,0.0000
2025-03-27 08:40:00,0.0000
2025-03-27 08:50:00,0.0000
2025-03-27 09:00:00,0.0000
2025-03-27 09:10:00,0.0000
2025-03-27 09:20:00,0.0000
2025-03-27 09:30:00,0.0000
2025-03-27 09:40:00,0.0000
2025-03-27 09:50:00,0.0000
2025-03-27 10:00:00,0.0000
2025-03-27 10:10:00,0.0000
2025-03-27 10:20:00,0.0000
2025-03-27 10:30:00,0.0000
2025-03-27 10:40:00,0.0000
2025-03-27 10:50:00,0.0000
2025-03-27 11:00:00,0.0000
2025-03-27 11:10:00,0.0000
2025-03-27 11:20:00,0.0000
2025-03-27 11:30:00,0.0000
2025-03-27 11:40:00,0.0000
2025-03-27 11:50:00,0.0000
2025-03-27 12:00:00,0.0000
2025-03-27 12:10:00,0.0000
2025-03-27 12:20:00,0.0000
2025-03-27 12:30:00,0.0000
2025-03-27 12:40:00,0.0000
2025-03-27 12:50:00,0.0000
2025-03-27 13:00:00,0.0000
2025-03-27 13:10:00,0.0000
2025-03-27 13:20:00,0.0000
2025-03-27 13:30:00,0.0000
2025-03-27 13:40:00,0.0000
2025-03-27 13:50:00,0.0000
2025-03-27 14:00:00,0.0000
2025-03-27 14:10:00,0.0000
2025-03-27 14:20:00,0.0000
2025-03-27 14:30:00,0.0000
2025-03-27 14:40:00,0.0000
2025-03-27 14:50:00,0.0000
2025-03-27 15:00:00,0.0000
2025-03-27 15:10:00,0.0000
2025-03-27 15:20:00,0.0000
2025-03-27 15:30:00,0.0000
2025-03-27 15:40:00,0.0000
2025-03-27 15:50:00,0.0000
2025-03-27 16:00:00,0.0000
2025-03-27 16:10:00,0.0000
2025-03-27 16:20:00,0.0000
2025-03-27 16:30:00,0.0000
2025-03-27 16:40:00,0.0000
2025-03-27 16:50:00,0.0000
2025-03-27 17:00:00,0.0000
2025-03-27 17:10:00,0.0000
2025-03-27 17:20:00,0.0000
2025-03-27 17:30:00,0.0000
2025-03-27 17:40:00,0.0000
2025-03-27 17:50:00,0.0000
2025-03-27 18:00:00,0.0000
2025-03-27 18:10:00,0.0000
2025-03-27 18:20:00,0.0000
2025-03-27 18:30:00,0.0000
2025-03-27 18:40:00,0.0000
2025-03-27 18:50:00,0.0000
2025-03-27 19:00:00,0.0000
2025-03-27 19:10:00,0.0000
2025-03-27 19:20:00,0.0000
2025-03-27 19:30:00,0.0000
2025-03-27 19:40:00,0.0000
2025-03-27 19:50:00,0.0000
2025-03-27 20:00:00,0.0000
2025-03-27 20:10:00,0.0000
2025-03-27 20:20:00,0.0000
2025-03-27 20:30:00,0.0000
2025-03-27 20:40:00,0.0000
2025-03-27 20:50:00,0.0000
2025-03-27 21:00:00,0.0000
2025-03-27 21:10:00,0.0000
2025-03-27 21:20:00,0.0000
2025-03-27 21:30:00,0.0000
2025-03-27 21:40:00,0.0000
2025-03-27 21:50:00,0.0000
2025-03-27 22:00:00,0.0000
2025-03-27 22:10:00,0.0000
2025-03-27 22:20:00,0.0000
2025-03-27 22:30:00,0.0000
2025-03-27 22:40:00,0.0000
2025-03-27 22:50:00,0.0000
2025-03-27 23:00:00,0.0000
2025-03-27 23:10:00,0.0000
2025-03-27 23:20:00,0.0000
2025-03-27 23:30:00,0.0000
2025-03-27 23:40:00,0.0000
2025-03-27 23:50:00,0.0000
2025-03-28 00:00:00,0.0000
2025-03-28 00:10:00,0.0000
2025-03-28 00:20:00,0.0000
2025-03-28 00:30:00,0.0000
2025-03-28 00:40:00,0.0000
2025-03-28 00:50:00,0.0000
2025-03-28 01:00:00,0.0000
2025-03-28 01:10:00,0.0000
2025-03-28 01:20:00,0.0000
2025-03-28 01:30:00,0.0000
2025-03-28 01:40:00,0.0000
2025-03-28 01:50:00,0.0000
2025-03-28 02:00:00,0.0000
2025-03-28 02:10:00,0.0000
2025-03-28 02:20:00,0.0000
2025-03-28 02:30:00,0.0000
2025-03-28 02:40:00,0.0000
2025-03-28 02:50:00,0.0000
2025-03-28 03:00:00,0.0000
2025-03-28 03:10:00,0.0000
2025-03-28 03:20:00,0.0000
2025-03-28 03:30:00,0.0000
2025-03-28 03:40:00,0.0000
2025-03-28 03:50:00,0.0000
2025-03-28 04:00:00,0.0000
2025-03-28 04:10:00,0.0000
2025-03-28 04:20:00,0.0000
2025-03-28 04:30:00,0.0000
2025-03-28 04:40:00,0.0000
2025-03-28 04:50:00,0.0000
2025-03-28 05:00:00,0.0000
2025-03-28 05:10:00,0.0000
2025-03-28 05:20:00,0.0000
2025-03-28 05:30:00,0.0000
2025-03-28 05:40:00,0.0000
2025-03-28 05:50:00,0.0000
2025-03-28 06:00:00,0.0000
2025-03-28 06:10:00,0.0000
2025-03-28 06:20:00,0.0000
2025-03-28 06:30:00,0.0000
2025-03-28 06:40:00,0.0000
2025-03-28 06:50:00,0.0000
2025-03-28 07:00:00,0.0000
2025-03-28 07:10:00,0.0000
2025-03-28 07:20:00,0.0000
2025-03-28 07:30:00,0.0000
2025-03-28 07:40:00,0.0000
2025-03-28 07:50:00,0.0000
2025-03-28 08:00:00,0.0000
2025-03-28 08:10:00,0.0000
2025-03-28 08:20:00,0.0000
2025-03-28 08:30:00,0.0000
2025-03-28 08:40:00,0.0000
2025-03-28 08:50:00,0.0000
2025-03-28 09:00:00,0.0000
2025-03-28 09:10:00,0.0000
2025-03-28 09:20:00,0.0000
2025-03-28 09:30:00,0.0000
2025-03-28 09:40:00,0.0000
2025-03-28 09:50:00,0.0000
2025-03-28 10:00:00,0.0000
2025-03-28 10:10:00,0.0000
2025-03-28 10:20:00,0.0000
2025-03-28 10:30:00,0.0000
2025-03-28 10:40:00,0.0000
2025-03-28 10:50:00,0.0000
2025-03-28 11:00:00,0.0000
2025-03-28 11:10:00,0.0000
2025-03-28 11:20:00,0.0000
2025-03-28 11:30:00,0.0000
2025-03-28 11:40:00,0.0000
2025-03-28 11:50:00,0.0000
2025-03-28 12:00:00,0.0000
2025-03-28 12:10:00,0.0000
2025-03-28 12:20:00,0.0000
2025-03-28 12:30:00,0.0000
2025-03-28 12:40:00,0.0000
2025-03-28 12:50:00,0.0000
2025-03-28 13:00:00,0.0000
2025-03-28 13:10:00,0.0000
2025-03-28 13:20:00,0.0000
2025-03-28 13:30:00,0.0000
2025-03-28 13:40:00,0.0000
2025-03-28 13:50:00,0.0000
2025-03-28 14:00:00,0.0000
2025-03-28 14:10:00,0.0000
2025-03-28 14:20:00,0.0000
2025-03-28 14:30:00,0.0000
2025-03-28 14:40:00,0.0000
2025-03-28 14:50:00,0.0000
2025-03-28 15:00:00,0.0000
2025-03-28 15:10:00,0.0000
2025-03-28 15:20:00,0.0000
2025-03-28 15:30:00,0.0000
2025-03-28 15:40:00,0.0000
2025-03-28 15:50:00,0.0000
2025-03-28 16:00:00,0.0000
2025-03-28 16:10:00,0.0000
2025-03-28 16:20:00,0.0000
2025-03-28 16:30:00,0.0000
2025-03-28 16:40:00,0.0000
2025-03-28 16:50:00,0.0000
2025-03-28 17:00:00,0.0000
2025-03-28 17:10:00,0.0000
2025-03-28 17:20:00,0.0000
2025-03-28 17:30:00,0.0000
2025-03-28 17:40:00,0.0000
2025-03-28 17:50:00,0.0000
2025-03-28 18:00:00,0.0000
2025-03-28 18:10:00,0.0000
2025-03-28 18:20:00,0.0000
2025-03-28 18:30:00,0.0000
2025-03-28 18:40:00,0.0000
2025-03-28 18:50:00,0.0000
2025-03-28 19:00:00,0.0000
2025-03-28 19:10:00,0.0000
2025-03-28 19:20:00,0.0000
2025-03-28 19:30:00,0.0000
2025-03-28 19:40:00,0.0000
2025-03-28 19:50:00,0.0000
2025-03-28 20:00:00,0.0000
2025-03-28 20:10:00,0.0000
2025-03-28 20:20:00,0.0000
2025-03-28 20:30:00,0.0000
2025-03-28 20:40:00,0.0000
2025-03-28 20:50:00,0.0000
2025-03-28 21:00:00,0.0000
2025-03-28 21:10:00,0.0000
2025-03-28 21:20:00,0.0000
2025-03-28 21:30:00,0.0000
2025-03-28 21:40:00,0.0000
2025-03-28 21:50:00,0.0000
2025-03-28 22:00:00,0.0000
2025-03-28 22:10:00,0.0000
2025-03-28 22:20:00,0.0000
2025-03-28 22:30:00,0.0000
2025-03-28 22:40:00,0.0000
2025-03-28 22:50:00,0.0000
2025-03-28 23:00:00,0.0000
2025-03-28 23:10:00,0.0000
2025-03-28 23:20:00,0.0000
2025-03-28 23:30:00,0.0000
2025-03-28 23:40:00,0.0000
2025-03-28 23:50:00,0.0000
2025-03-29 00:00:00,0.0000
2025-03-29 00:10:00,0.0000
2025-03-29 00:20:00,0.0000
2025-03-29 00:30:00,0.0000
2025-03-29 00:40:00,0.0000
2025-03-29 00:50:00,0.0000
2025-03-29 01:00:00,0.0000
2025-03-29 01:10:00,0.0000
2025-03-29 01:20:00,0.0000
2025-03-29 01:30:00,0.0000
2025-03-29 01:40:00,0.0000
2025-03-29 01:50:00,0.0000
2025-03-29 02:00:00,0.0000
2025-03-29 02:10:00,0.0000
2025-03-29 02:20:00,0.0000
2025-03-29 02:30:00,0.0000
2025-03-29 02:40:00,0.0000
2025-03-29 02:50:00,0.0000
2025-03-29 03:00:00,0.0000
2025-03-29 03:10:00,0.0000
2025-03-29 03:20:00,0.0000
2025-03-29 03:30:00,0.0000
2025-03-29 03:40:00,0.0000
2025-03-29 03:50:00,0.0000
2025-03-29 04:00:00,0.0000
2025-03-29 04:10:00,0.0000
2025-03-29 04:20:00,0.0000
2025-03-29 04:30:00,0.0000
2025-03-29 04:40:00,0.0000
2025-03-29 04:50:00,0.0000
2025-03-29 05:00:00,0.0000
2025-03-29 05:10:00,0.0000
2025-03-29 05:20:00,0.0000
2025-03-29 05:30:00,0.0000
2025-03-29 05:40:00,0.0000
2025-03-29 05:50:00,0.0000
2025-03-29 06:00:00,0.0000
2025-03-29 06:10:00,0.0000
2025-03-29 06:20:00,0.0000
2025-03-29 06:30:00,0.0000
2025-03-29 06:40:00,0.0000
2025-03-29 06:50:00,0.0000
2025-03-29 07:00:00,0.0000
2025-03-29 07:10:00,0.0000
2025-03-29 07:20:00,0.0000
2025-03-29 07:30:00,0.0000
2025-03-29 07:40:00,0.0000
2025-03-29 07:50:00,0.0000
2025-03-29 08:00:00,0.0000
2025-03-29 08:10:00,0.0000
2025-03-29 08:20:00,0.0000
2025-03-29 08:30:00,0.0000
2025-03-29 08:40:00,0.0000
2025-03-29 08:50:00,0.0000
2025-03-29 09:00:00,0.0000
2025-03-29 09:10:00,0.0000
2025-03-29 09:20:00,0.0000
2025-03-29 09:30:00,0.0000
2025-03-29 09:40:00,0.0000
2025-03-29 09:50:00,0.0000
2025-03-29 10:00:00,0.0000
2025-03-29 10:10:00,0.0000
2025-03-29 10:20:00,0.0000
2025-03-29 10:30:00,0.0000
2025-03-29 10:40:00,0.0000
2025-03-29 10:50:00,0.0000
2025-03-29 11:00:00,0.0000
2025-03-29 11:10:00,0.0000
2025-03-29 11:20:00,0.0000
2025-03-29 11:30:00,0.0000
2025-03-29 11:40:00,0.0000
2025-03-29 11:50:00,0.0000
2025-03-29 12:00:00,0.0000
2025-03-29 12:10:00,0.0000
2025-03-29 12:20:00,0.0000
2025-03-29 12:30:00,0.0000
2025-03-29 12:40:00,0.0000
2025-03-29 12:50:00,0.0000
2025-03-29 13:00:00,0.0000
2025-03-29 13:10:00,0.0000
2025-03-29 13:20:00,0.0000
2025-03-29 13:30:00,0.0000
2025-03-29 13:40:00,0.0000
2025-03-29 13:50:00,0.0000
2025-03-29 14:00:00,0.0000
2025-03-29 14:10:00,0.0000
2025-03-29 14:20:00,0.0000
2025-03-29 14:30:00,0.0000
2025-03-29 14:40:00,0.0000
2025-03-29 14:50:00,0.0000
2025-03-29 15:00:00,0.0000
2025-03-29 15:10:00,0.0000
2025-03-29 15:20:00,0.0000
2025-03-29 15:30:00,0.0000
2025-03-29 15:40:00,0.0000
2025-03-29 15:50:00,0.0000
2025-03-29 16:00:00,0.0000
2025-03-29 16:10:00,0.0000
2025-03-29 16:20:00,0.0000
2025-03-29 16:30:00,0.0000
2025-03-29 16:40:00,0.0000
2025-03-29 16:50:00,0.0000
2025-03-29 17:00:00,0.0000
2025-03-29 17:10:00,0.0000
2025-03-29 17:20:00,0.0000
2025-03-29 17:30:00,0.0000
2025-03-29 17:40:00,0.0000
2025-03-29 17:50:00,0.0000
2025-03-29 18:00:00,0.0000
2025-03-29 18:10:00,0.0000
2025-03-29 18:20:00,0.0000
2025-03-29 18:30:00,0.0000
2025-03-29 18:40:00,0.0000
2025-03-29 18:50:00,0.0000
2025-03-29 19:00:00,0.0000
2025-03-29 19:10:00,0.0000
2025-03-29 19:20:00,0.0000
2025-03-29 19:30:00,0.0000
2025-03-29 19:40:00,0.0000
2025-03-29 19:50:00,0.0000
2025-03-29 20:00:00,0.0000
2025-03-29 20:10:00,0.0000
2025-03-29 20:20:00,0.0000
2025-03-29 20:30:00,0.0000
2025-03-29 20:40:00,0.0000
2025-03-29 20:50:00,0.0000
2025-03-29 21:00:00,0.0000
2025-03-29 21:10:00,0.0000
2025-03-29 21:20:00,0.0000
2025-03-29 21:30:00,0.0000
2025-03-29 21:40:00,0.0000
2025-03-29 21:50:00,0.0000
2025-03-29 22:00:00,0.0000
2025-03-29 22:10:00,0.0000
2025-03-29 22:20:00,0.0000
2025-03-29 22:30:00,0.0000
2025-03-29 22:40:00,0.0000
2025-03-29 22:50:00,0.0000
2025-03-29 23:00:00,0.0000
2025-03-29 23:10:00,0.0000
2025-03-29 23:20:00,0.0000
2025-03-29 23:30:00,0.0000
2025-03-29 23:40:00,0.0000
2025-03-29 23:50:00,0.0000
2025-03-30 00:00:00,0.0000
2025-03-30 00:10:00,0.0000
2025-03-30 00:20:00,0.0000
2025-03-30 00:30:00,0.0000
2025-03-30 00:40:00,0.0000
2025-03-30 00:50:00,0.0000
2025-03-30 01:00:00,0.0000
2025-03-30 01:10:00,0.0000
2025-03-30 01:20:00,0.0000
2025-03-30 01:30:00,0.0000
2025-03-30 01:40:00,0.0000
2025-03-30 01:50:00,0.0000
2025-03-30 02:00:00,0.0000
2025-03-30 02:10:00,0.0000
2025-03-30 02:20:00,0.0000
2025-03-30 02:30:00,0.0000
2025-03-30 02:40:00,0.0000
2025-03-30 02:50:00,0.0000
2025-03-30 03:00:00,0.0000
2025-03-30 03:10:00,0.0000
2025-03-30 03:20:00,0.0000
2025-03-30 03:30:00,0.0000
2025-03-30 03:40:00,0.0000
2025-03-30 03:50:00,0.0000
2025-03-30 04:00:00,0.0000
2025-03-30 04:10:00,0.0000
2025-03-30 04:20:00,0.0000
2025-03-30 04:30:00,0.0000
2025-03-30 04:40:00,0.0000
2025-03-30 04:50:00,0.0000
2025-03-30 05:00:00,0.0000
2025-03-30 05:10:00,0.0000
2025-03-30 05:20:00,0.0000
2025-03-30 05:30:00,0.0000
2025-03-30 05:40:00,0.0000
2025-03-30 05:50:00,0.0000
2025-03-30 06:00:00,0.0000
2025-03-30 06:10:00,0.0000
2025-03-30 06:20:00,0.0000
2025-03-30 06:30:00,0.0000
2025-03-30 06:40:00,0.0000
2025-03-30 06:50:00,0.0000
2025-03-30 07:00:00,0.0000
2025-03-30 07:10:00,0.0000
2025-03-30 07:20:00,0.0000
2025-03-30 07:30:00,0.0000
2025-03-30 07:40:00,0.0000
2025-03-30 07:50:00,0.0000
2025-03-30 08:00:00,0.0000
2025-03-30 08:10:00,0.0000
2025-03-30 08:20:00,0.0000
2025-03-30 08:30:00,0.0000
2025-03-30 08:40:00,0.0000
2025-03-30 08:50:00,0.0000
2025-03-30 09:00:00,0.0000
2025-03-30 09:10:00,0.0000
2025-03-30 09:20:00,0.0000
2025-03-30 09:30:00,0.0000
2025-03-30 09:40:00,0.0000
2025-03-30 09:50:00,0.0000
2025-03-30 10:00:00,0.0000
2025-03-30 10:10:00,0.0000
2025-03-30 10:20:00,0.0000
2025-03-30 10:30:00,0.0000
2025-03-30 10:40:00,0.0000
2025-03-30 10:50:00,0.0000
2025-03-30 11:00:00,0.0000
2025-03-30 11:10:00,0.0000
2025-03-30 11:20:00,0.0000
2025-03-30 11:30:00,0.0000
2025-03-30 11:40:00,0.0000
2025-03-30 11:50:00,0.0000
2025-03-30 12:00:00,0.0000
2025-03-30 12:10:00,0.0000
2025-03-30 12:20:00,0.0000
2025-03-30 12:30:00,0.0000
2025-03-30 12:40:00,0.0000
2025-03-30 12:50:00,0.0000
2025-03-30 13:00:00,0.0000
2025-03-30 13:10:00,0.0000
2025-03-30 13:20:00,0.0000
2025-03-30 13:30:00,0.0000
2025-03-30 13:40:00,0.0000
2025-03-30 13:50:00,0.0000
2025-03-30 14:00:00,0.0000
2025-03-30 14:10:00,0.0000
2025-03-30 14:20:00,0.0000
2025-03-30 14:30:00,0.0000
2025-03-30 14:40:00,0.0000
2025-03-30 14:50:00,0.0000
2025-03-30 15:00:00,0.0000
2025-03-30 15:10:00,0.0000
2025-03-30 15:20:00,0.0000
2025-03-30 15:30:00,0.0000
2025-03-30 15:40:00,0.0000
2025-03-30 15:50:00,0.0000
2025-03-30 16:00:00,0.0000
2025-03-30 16:10:00,0.0000
2025-03-30 16:20:00,0.0000
2025-03-30 16:30:00,0.0000
2025-03-30 16:40:00,0.0000
2025-03-30 16:50:00,0.0000
2025-03-30 17:00:00,0.0000
2025-03-30 17:10:00,0.0000
2025-03-30 17:20:00,0.0000
2025-03-30 17:30:00,0.0000
2025-03-30 17:40:00,0.0000
2025-03-30 17:50:00,0.0000
2025-03-30 18:00:00,0.0000
2025-03-30 18:10:00,0.0000
2025-03-30 18:20:00,0.0000
2025-03-30 18:30:00,0.0000
2025-03-30 18:40:00,0.0000
2025-03-30 18:50:00,0.0000
2025-03-30 19:00:00,0.0000
2025-03-30 19:10:00,0.0000
2025-03-30 19:20:00,0.0000
2025-03-30 19:30:00,0.0000
2025-03-30 19:40:00,0.0000
2025-03-30 19:50:00,0.0000
2025-03-30 20:00:00,0.0000
2025-03-30 20:10:00,0.0000
2025-03-30 20:20:00,0.0000
2025-03-30 20:30:00,0.0000
2025-03-30 20:40:00,0.0000
2025-03-30 20:50:00,0.0000
2025-03-30 21:00:00,0.0000
2025-03-30 21:10:00,0.0000
2025-03-30 21:20:00,0.0000
2025-03-30 21:30:00,0.0000
2025-03-30 21:40:00,0.0000
2025-03-30 21:50:00,0.0000
2025-03-30 22:00:00,0.0000
2025-03-30 22:10:00,0.0000
2025-03-30 22:20:00,0.0000
2025-03-30 22:30:00,0.0000
2025-03-30 22:40:00,0.0000
2025-03-30 22:50:00,0.0000
2025-03-30 23:00:00,0.0000
2025-03-30 23:10:00,0.0000
2025-03-30 23:20:00,0.0000
2025-03-30 23:30:00,0.0000
2025-03-30 23:40:00,0.0000
2025-03-30 23:50:00,0.0000
2025-03-31 00:00:00,0.0000
2025-03-31 00:10:00,0.0000
2025-03-31 00:20:00,0.0000
2025-03-31 00:30:00,0.0000
2025-03-31 00:40:00,0.0000
2025-03-31 00:50:00,0.0000
2025-03-31 01:00:00,0.0000
2025-03-31 01:10:00,0.0000
2025-03-31 01:20:00,0.0000
2025-03-31 01:30:00,0.0000
2025-03-31 01:40:00,0.0000
2025-03-31 01:50:00,0.0000
2025-03-31 02:00:00,0.0000
2025-03-31 02:10:00,0.0000
2025-03-31 02:20:00,0.0000
2025-03-31 02:30:00,0.0000
2025-03-31 02:40:00,0.0000
2025-03-31 02:50:00,0.0000
2025-03-31 03:00:00,0.0000
2025-03-31 03:10:00,0.0000
2025-03-31 03:20:00,0.0000
2025-03-31 03:30:00,0.0000
2025-03-31 03:40:00,0.0000
2025-03-31 03:50:00,0.0000
2025-03-31 04:00:00,0.0000
2025-03-31 04:10:00,0.0000
2025-03-31 04:20:00,0.0000
2025-03-31 04:30:00,0.0000
2025-03-31 04:40:00,0.0000
2025-03-31 04:50:00,0.0000
2025-03-31 05:00:00,0.0000
2025-03-31 05:10:00,0.0000
2025-03-31 05:20:00,0.0000
2025-03-31 05:30:00,0.0000
2025-03-31 05:40:00,0.0000
2025-03-31 05:50:00,0.0000
2025-03-31 06:00:00,0.0000
2025-03-31 06:10:00,0.0000
2025-03-31 06:20:00,0.0000
2025-03-31 06:30:00,0.0000
2025-03-31 06:40:00,0.0000
2025-03-31 06:50:00,0.0000
2025-03-31 07:00:00,0.0000
2025-03-31 07:10:00,0.0000
2025-03-31 07:20:00,0.0000
2025-03-31 07:30:00,0.0000
2025-03-31 07:40:00,0.0000
2025-03-31 07:50:00,0.0000
2025-03-31 08:00:00,0.0000
2025-03-31 08:10:00,0.0000
2025-03-31 08:20:00,0.0000
2025-03-31 08:30:00,0.0000
2025-03-31 08:40:00,0.0000
2025-03-31 08:50:00,0.0000
2025-03-31 09:00:00,0.0000
2025-03-31 09:10:00,0.0000
2025-03-31 09:20:00,0.0000
2025-03-31 09:30:00,0.0000
2025-03-31 09:40:00,0.0000
2025-03-31 09:50:00,0.0000
2025-03-31 10:00:00,0.0000
2025-03-31 10:10:00,0.0000
2025-03-31 10:20:00,0.0000
2025-03-31 10:30:00,0.0000
2025-03-31 10:40:00,0.0000
2025-03-31 10:50:00,0.0000
2025-03-31 11:00:00,0.0000
2025-03-31 11:10:00,0.0000
2025-03-31 11:20:00,0.0000
2025-03-31 11:30:00,0.0000
2025-03-31 11:40:00,0.0000
2025-03-31 11:50:00,0.0000
2025-03-31 12:00:00,0.0000
2025-03-31 12:10:00,0.0000
2025-03-31 12:20:00,0.0000
2025-03-31 12:30:00,0.0000
2025-03-31 12:40:00,0.0000
2025-03-31 12:50:00,0.0000
2025-03-31 13:00:00,0.0000
2025-03-31 13:10:00,0.0000
2025-03-31 13:20:00,0.0000
2025-03-31 13:30:00,0.0000
2025-03-31 13:40:00,0.0000
2025-03-31 13:50:00,0.0000
2025-03-31 14:00:00,0.0000
2025-03-31 14:10:00,0.0000
2025-03-31 14:20:00,0.0000
2025-03-31 14:30:00,0.0000
2025-03-31 14:40:00,0.0000
2025-03-31 14:50:00,0.0000
2025-03-31 15:00:00,0.0000
2025-03-31 15:10:00,0.0000
2025-03-31 15:20:00,0.0000
2025-03-31 15:30:00,0.0000
2025-03-31 15:40:00,0.0000
2025-03-31 15:50:00,0.0000
2025-03-31 16:00:00,0.0000
2025-03-31 16:10:00,0.0000
2025-03-31 16:20:00,0.0000
2025-03-31 16:30:00,0.0000
2025-03-31 16:40:00,0.0000
2025-03-31 16:50:00,0.0000
2025-03-31 17:00:00,0.0000
2025-03-31 17:10:00,0.0000
2025-03-31 17:20:00,0.0000
2025-03-31 17:30:00,0.0000
2025-03-31 17:40:00,0.0000
2025-03-31 17:50:00,0.0000
2025-03-31 18:00:00,0.0000
2025-03-31 18:10:00,0.0000
2025-03-31 18:20:00,0.0000
2025-03-31 18:30:00,0.0000
2025-03-31 18:40:00,0.0000
2025-03-31 18:50:00,0.0000
2025-03-31 19:00:00,0.0000
2025-03-31 19:10:00,0.0000
2025-03-31 19:20:00,0.0000
2025-03-31 19:30:00,0.0000
2025-03-31 19:40:00,0.0000
2025-03-31 19:50:00,0.0000
2025-03-31 20:00:00,0.0000
2025-03-31 20:10:00,0.0000
2025-03-31 20:20:00,0.0000
2025-03-31 20:30:00,0.0000
2025-03-31 20:40:00,0.0000
2025-03-31 20:50:00,0.0000
2025-03-31 21:00:00,0.0000
2025-03-31 21:10:00,0.0000
2025-03-31 21:20:00,0.0000
2025-03-31 21:30:00,0.0000
2025-03-31 21:40:00,0.0000
2025-03-31 21:50:00,0.0000
2025-03-31 22:00:00,0.0000
2025-03-31 22:10:00,0.0000
2025-03-31 22:20:00,0.0000
2025-03-31 22:30:00,0.0000
2025-03-31 22:40:00,0.0000
2025-03-31 22:50:00,0.0000
2025-03-31 23:00:00,0.0000
2025-03-31 23:10:00,0.0000
2025-03-31 23:20:00,0.0000
2025-03-31 23:30:00,0.0000
2025-03-31 23:40:00,0.0000
2025-03-31 23:50:00,0.0000
2025-04-01 00:00:00,0.0000
2025-04-01 00:10:00,0.0000
2025-04-01 00:20:00,0.0000
2025-04-01 00:30:00,0.0000
2025-04-01 00:40:00,0.0000
2025-04-01 00:50:00,0.0000
2025-04-01 01:00:00,0.0000
2025-04-01 01:10:00,0.0000
2025-04-01 01:20:00,0.0000
2025-04-01 01:30:00,0.0000
2025-04-01 01:40:00,0.0000
2025-04-01 01:50:00,0.0000
2025-04-01 02:00:00,0.0000
2025-04-01 02:10:00,0.0000
2025-04-01 02:20:00,0.0000
2025-04-01 02:30:00,0.0000
2025-04-01 02:40:00,0.0000
2025-04-01 02:50:00,0.0000
2025-04-01 03:00:00,0.0000
2025-04-01 03:10:00,0.0000
2025-04-01 03:20:00,0.0000
2025-04-01 03:30:00,0.0000
2025-04-01 03:40:00,0.0000
2025-04-01 03:50:00,0.0000
2025-04-01 04:00:00,0.0000
2025-04-01 04:10:00,0.0000
2025-04-01 04:20:00,0.0000
2025-04-01 04:30:00,0.0000
2025-04-01 04:40:00,0.0000
2025-04-01 04:50:00,0.0000
2025-04-01 05:00:00,0.0000
2025-04-01 05:10:00,0.0000
2025-04-01 05:20:00,0.0000
2025-04-01 05:30:00,0.0000
2025-04-01 05:40:00,0.0000
2025-04-01 05:50:00,0.0000
2025-04-01 06:00:00,0.0000
2025-04-01 06:10:00,0.0000
2025-04-01 06:20:00,0.0000
2025-04-01 06:30:00,0.0000
2025-04-01 06:40:00,0.0000
2025-04-01 06:50:00,0.0000
2025-04-01 07:00:00,0.0000
2025-04-01 07:10:00,0.0000
2025-04-01 07:20:00,0.0000
2025-04-01 07:30:00,0.0000
2025-04-01 07:40:00,0.0000
2025-04-01 07:50:00,0.0000
2025-04-01 08:00:00,0.0000
2025-04-01 08:10:00,0.0000
2025-04-01 08:20:00,0.0000
2025-04-01 08:30:00,0.0000
2025-04-01 08:40:00,0.0000
2025-04-01 08:50:00,0.0000
2025-04-01 09:00:00,0.0000
2025-04-01 09:10:00,0.0000
2025-04-01 09:20:00,0.0000
2025-04-01 09:30:00,0.0000
2025-04-01 09:40:00,0.0000
2025-04-01 09:50:00,0.0000
2025-04-01 10:00:00,0.0000
2025-04-01 10:10:00,0.0000
2025-04-01 10:20:00,0.0000
2025-04-01 10:30:00,0.0000
2025-04-01 10:40:00,0.0000
2025-04-01 10:50:00,0.0000
2025-04-01 11:00:00,0.0000
2025-04-01 11:10:00,0.0000
2025-04-01 11:20:00,0.0000
2025-04-01 11:30:00,0.0000
2025-04-01 11:40:00,0.0000
2025-04-01 11:50:00,0.0000
2025-04-01 12:00:00,0.0000
2025-04-01 12:10:00,0.0000
2025-04-01 12:20:00,0.0000
2025-04-01 12:30:00,0.0000
2025-04-01 12:40:00,0.0000
2025-04-01 12:50:00,0.0000
2025-04-01 13:00:00,0.0000
2025-04-01 13:10:00,0.0000
2025-04-01 13:20:00,0.0000
2025-04-01 13:30:00,0.0000
2025-04-01 13:40:00,0.0000
2025-04-01 13:50:00,0.0000
2025-04-01 14:00:00,0.0000
2025-04-01 14:10:00,0.0000
2025-04-01 14:20:00,0.0000
2025-04-01 14:30:00,0.0000
2025-04-01 14:40:00,0.0000
2025-04-01 14:50:00,0.0000
2025-04-01 15:00:00,0.0000
2025-04-01 15:10:00,0.0000
2025-04-01 15:20:00,0.0000
2025-04-01 15:30:00,0.0000
2025-04-01 15:40:00,0.0000
2025-04-01 15:50:00,0.0000
2025-04-01 16:00:00,0.0000
2025-04-01 16:10:00,0.0000
2025-04-01 16:20:00,0.0000
2025-04-01 16:30:00,0.0000
2025-04-01 16:40:00,0.0000
2025-04-01 16:50:00,0.0000
2025-04-01 17:00:00,0.0000
2025-04-01 17:10:00,0.0000
2025-04-01 17:20:00,0.0000
2025-04-01 17:30:00,0.0000
2025-04-01 17:40:00,0.0000
2025-04-01 17:50:00,0.0000
2025-04-01 18:00:00,0.0000
2025-04-01 18:10:00,0.0000
2025-04-01 18:20:00,0.0000
2025-04-01 18:30:00,0.0000
2025-04-01 18:40:00,0.0000
2025-04-01 18:50:00,0.0000
2025-04-01 19:00:00,0.0000
2025-04-01 19:10:00,0.0000
2025-04-01 19:20:00,0.0000
2025-04-01 19:30:00,0.0000
2025-04-01 19:40:00,0.0000
2025-04-01 19:50:00,0.0000
2025-04-01 20:00:00,0.0000
2025-04-01 20:10:00,0.0000
2025-04-01 20:20:00,0.0000
2025-04-01 20:30:00,0.0000
2025-04-01 20:40:00,0.0000
2025-04-01 20:50:00,0.0000
2025-04-01 21:00:00,0.0000
2025-04-01 21:10:00,0.0000
2025-04-01 21:20:00,0.0000
2025-04-01 21:30:00,0.0000
2025-04-01 21:40:00,0.0000
2025-04-01 21:50:00,0.0000
2025-04-01 22:00:00,0.0000
2025-04-01 22:10:00,0.0000
2025-04-01 22:20:00,0.0000
2025-04-01 22:30:00,0.0000
2025-04-01 22:40:00,0.0000
2025-04-01 22:50:00,0.0000
2025-04-01 23:00:00,0.0000
2025-04-01 23:10:00,0.0000
2025-04-01 23:20:00,0.0000
2025-04-01 23:30:00,0.0000
2025-04-01 23:40:00,0.0000
2025-04-01 23:50:00,0.0000
2025-04-02 00:00:00,0.0000
2025-04-02 00:10:00,0.0000
2025-04-02 00:20:00,0.0000
2025-04-02 00:30:00,0.0000
2025-04-02 00:40:00,0.0000
2025-04-02 00:50:00,0.0000
2025-04-02 01:00:00,0.0000
2025-04-02 01:10:00,0.0000
2025-04-02 01:20:00,0.0000
2025-04-02 01:30:00,0.0000
2025-04-02 01:40:00,0.0000
2025-04-02 01:50:00,0.0000
2025-04-02 02:00:00,0.0000
2025-04-02 02:10:00,0.0000
2025-04-02 02:20:00,0.0000
2025-04-02 02:30:00,0.0000
2025-04-02 02:40:00,0.0000
2025-04-02 02:50:00,0.0000
2025-04-02 03:00:00,0.0000
2025-04-02 03:10:00,0.0000
2025-04-02 03:20:00,0.0000
2025-04-02 03:30:00,0.0000
2025-04-02 03:40:00,0.0000
2025-04-02 03:50:00,0.0000
2025-04-02 04:00:00,0.0000
2025-04-02 04:10:00,0.0000
2025-04-02 04:20:00,0.0000
2025-04-02 04:30:00,0.0000
2025-04-02 04:40:00,0.0000
2025-04-02 04:50:00,0.0000
2025-04-02 05:00:00,0.0000
2025-04-02 05:10:00,0.0000
2025-04-02 05:20:00,0.0000
2025-04-02 05:30:00,0.0000
2025-04-02 05:40:00,0.0000
2025-04-02 05:50:00,0.0000
2025-04-02 06:00:00,0.0000
2025-04-02 06:10:00,0.0000
2025-04-02 06:20:00,0.0000
2025-04-02 06:30:00,0.0000
2025-04-02 06:40:00,0.0000
2025-04-02 06:50:00,0.0000
2025-04-02 07:00:00,0.0000
2025-04-02 07:10:00,0.0000
2025-04-02 07:20:00,0.0000
2025-04-02 07:30:00,0.0000
2025-04-02 07:40:00,0.0000
2025-04-02 07:50:00,0.0000
2025-04-02 08:00:00,0.0000
2025-04-02 08:10:00,0.0000
2025-04-02 08:20:00,0.0000
2025-04-02 08:30:00,0.0000
2025-04-02 08:40:00,0.0000
2025-04-02 08:50:00,0.0000
2025-04-02 09:00:00,0.0000
2025-04-02 09:10:00,0.0000
2025-04-02 09:20:00,0.0000
2025-04-02 09:30:00,0.0000
2025-04-02 09:40:00,0.0000
2025-04-02 09:50:00,0.0000
2025-04-02 10:00:00,0.0000
2025-04-02 10:10:00,0.0000
2025-04-02 10:20:00,0.0000
2025-04-02 10:30:00,0.0000
2025-04-02 10:40:00,0.0000
2025-04-02 10:50:00,0.0000
2025-04-02 11:00:00,0.0000
2025-04-02 11:10:00,0.0000
2025-04-02 11:20:00,0.0000
2025-04-02 11:30:00,0.0000
2025-04-02 11:40:00,0.0000
2025-04-02 11:50:00,0.0000
2025-04-02 12:00:00,0.0000
2025-04-02 12:10:00,0.0000
2025-04-02 12:20:00,0.0000
2025-04-02 12:30:00,0.0000
2025-04-02 12:40:00,0.0000
2025-04-02 12:50:00,0.0000
2025-04-02 13:00:00,0.0000
2025-04-02 13:10:00,0.0000
2025-04-02 13:20:00,0.0000
2025-04-02 13:30:00,0.0000
2025-04-02 13:40:00,0.0000
2025-04-02 13:50:00,0.0000
2025-04-02 14:00:00,0.0000
2025-04-02 14:10:00,0.0000
2025-04-02 14:20:00,0.0000
2025-04-02 14:30:00,0.0000
2025-04-02 14:40:00,0.0000
2025-04-02 14:50:00,0.0000
2025-04-02 15:00:00,0.0000
2025-04-02 15:10:00,0.0000
2025-04-02 15:20:00,0.0000
2025-04-02 15:30:00,0.0000
2025-04-02 15:40:00,0.0000
2025-04-02 15:50:00,0.0000
2025-04-02 16:00:00,0.0000
2025-04-02 16:10:00,0.0000
2025-04-02 16:20:00,0.0000
2025-04-02 16:30:00,0.0000
2025-04-02 16:40:00,0.0000
2025-04-02 16:50:00,0.0000
2025-04-02 17:00:00,0.0000
2025-04-02 17:10:00,0.0000
2025-04-02 17:20:00,0.0000
2025-04-02 17:30:00,0.0000
2025-04-02 17:40:00,0.0000
2025-04-02 17:50:00,0.0000
2025-04-02 18:00:00,0.0000
2025-04-02 18:10:00,0.0000
2025-04-02 18:20:00,0.0000
2025-04-02 18:30:00,0.0000
2025-04-02 18:32:40,0.0000
2025-04-02 18:40:00,0.0000
2025-04-02 18:50:00,0.0000
2025-04-02 19:00:00,0.0000
2025-04-02 19:10:00,0.0000
2025-04-02 19:20:00,0.0000
2025-04-02 19:30:00,0.0000
2025-04-02 19:40:00,0.0000
2025-04-02 19:50:00,0.0000
2025-04-02 20:00:00,0.0000
2025-04-02 20:10:00,0.0000
2025-04-02 20:20:00,0.0000
2025-04-02 20:30:00,0.0000
2025-04-02 20:40:00,0.0000
2025-04-02 20:50:00,0.0000
2025-04-02 21:00:00,0.0000
2025-04-02 21:10:00,0.0000
2025-04-02 21:20:00,0.0000
2025-04-02 21:30:00,0.0000
2025-04-02 21:40:00,0.0000
2025-04-02 21:50:00,0.0000
2025-04-02 22:00:00,0.0000
2025-04-02 22:10:00,0.0000
2025-04-02 22:20:00,0.0000
2025-04-02 22:30:00,0.0000
2025-04-02 22:40:00,0.0000
2025-04-02 22:50:00,0.0000
2025-04-02 23:00:00,0.0000
2025-04-02 23:10:00,0.0000
2025-04-02 23:20:00,0.0000
2025-04-02 23:30:00,0.0000
2025-04-02 23:40:00,0.0000
2025-04-02 23:50:00,0.0000
2025-04-03 00:00:00,0.0000
2025-04-03 00:10:00,0.0000
2025-04-03 00:20:00,0.0000
2025-04-03 00:30:00,0.0000
2025-04-03 00:40:00,0.0000
2025-04-03 00:50:00,0.0000
2025-04-03 01:00:00,0.0000
2025-04-03 01:10:00,0.0000
2025-04-03 01:20:00,0.0000
2025-04-03 01:30:00,0.0000
2025-04-03 01:40:00,0.0000
2025-04-03 01:50:00,0.0000
2025-04-03 02:00:00,0.0000
2025-04-03 02:10:00,0.0000
2025-04-03 02:20:00,0.0000
2025-04-03 02:30:00,0.0000
2025-04-03 02:40:00,0.0000
2025-04-03 02:50:00,0.0000
2025-04-03 03:00:00,0.0000
2025-04-03 03:10:00,0.0000
2025-04-03 03:20:00,0.0000
2025-04-03 03:30:00,0.0000
2025-04-03 03:40:00,0.0000
2025-04-03 03:50:00,0.0000
2025-04-03 04:00:00,0.0000
2025-04-03 04:10:00,0.0000
2025-04-03 04:20:00,0.0000
2025-04-03 04:30:00,0.0000
2025-04-03 04:40:00,0.0000
2025-04-03 04:50:00,0.0000
2025-04-03 05:00:00,0.0000
2025-04-03 05:10:00,0.0000
2025-04-03 05:20:00,0.0000
2025-04-03 05:30:00,0.0000
2025-04-03 05:40:00,0.0000
2025-04-03 05:50:00,0.0000
2025-04-03 06:00:00,0.0000
2025-04-03 06:10:00,0.0000
2025-04-03 06:20:00,0.0000
2025-04-03 06:30:00,0.0000
2025-04-03 06:40:00,0.0000
2025-04-03 06:50:00,0.0000
2025-04-03 07:00:00,0.0000
2025-04-03 07:10:00,0.0000
2025-04-03 07:20:00,0.0000
2025-04-03 07:30:00,0.0000
2025-04-03 07:40:00,0.0000
2025-04-03 07:50:00,0.0000
2025-04-03 08:00:00,0.0000
2025-04-03 08:10:00,0.0000
2025-04-03 08:20:00,0.0000
2025-04-03 08:30:00,0.0000
2025-04-03 08:40:00,0.0000
2025-04-03 08:50:00,0.0000
2025-04-03 09:00:00,0.0000
2025-04-03 09:10:00,0.0000
2025-04-03 09:20:00,0.0000
2025-04-03 09:30:00,0.0000
2025-04-03 09:40:00,0.0000
2025-04-03 09:50:00,0.0000
2025-04-03 10:00:00,0.0000
2025-04-03 10:10:00,0.0000
2025-04-03 10:20:00,0.0000
2025-04-03 10:30:00,0.0000
2025-04-03 10:40:00,0.0000
2025-04-03 10:50:00,0.0000
2025-04-03 11:00:00,0.0000
2025-04-03 11:10:00,0.0000
2025-04-03 11:20:00,0.0000
2025-04-03 11:30:00,0.0000
2025-04-03 11:40:00,0.0000
2025-04-03 11:50:00,0.0000
2025-04-03 12:00:00,0.0000
2025-04-03 12:10:00,0.0000
2025-04-03 12:20:00,0.0000
2025-04-03 12:30:00,0.0000
2025-04-03 12:40:00,0.0000
2025-04-03 12:50:00,0.0000
2025-04-03 13:00:00,0.0000
2025-04-03 13:10:00,0.0000
2025-04-03 13:20:00,0.0000
2025-04-03 13:30:00,0.0000
2025-04-03 13:40:00,0.0000
2025-04-03 13:50:00,0.0000
2025-04-03 14:00:00,0.0000
2025-04-03 14:10:00,0.0000
2025-04-03 14:20:00,0.0000
2025-04-03 14:30:00,0.0000
2025-04-03 14:40:00,0.0000
2025-04-03 14:50:00,0.0000
2025-04-03 15:00:00,0.0000
2025-04-03 15:10:00,0.0000
2025-04-03 15:20:00,0.0000
2025-04-03 15:30:00,0.0000
2025-04-03 15:40:00,0.0000
2025-04-03 15:50:00,0.0000
2025-04-03 16:00:00,0.0000
2025-04-03 16:10:00,0.0000
2025-04-03 16:20:00,0.0000
2025-04-03 16:30:00,0.0000
2025-04-03 16:40:00,0.0000
2025-04-03 16:50:00,0.0000
2025-04-03 17:00:00,0.0000
2025-04-03 17:10:00,0.0000
2025-04-03 17:20:00,0.0000
2025-04-03 17:30:00,0.0000
2025-04-03 17:40:00,0.0000
2025-04-03 17:50:00,0.0000
2025-04-03 18:00:00,0.0000
2025-04-03 18:10:00,0.0000
2025-04-03 18:20:00,0.0000
2025-04-03 18:30:00,0.0000
2025-04-03 18:40:00,0.0000
2025-04-03 18:50:00,0.0000
2025-04-03 19:00:00,0.0000
2025-04-03 19:10:00,0.0000
2025-04-03 19:20:00,0.0000
2025-04-03 19:30:00,0.0000
2025-04-03 19:40:00,0.0000
2025-04-03 19:50:00,0.0000
2025-04-03 20:00:00,0.0000
2025-04-03 20:10:00,0.0000
2025-04-03 20:20:00,0.0000
2025-04-03 20:30:00,0.0000
2025-04-03 20:40:00,0.0000
2025-04-03 20:50:00,0.0000
2025-04-03 21:00:00,0.0000
2025-04-03 21:10:00,0.0000
2025-04-03 21:20:00,0.0000
2025-04-03 21:30:00,0.0000
2025-04-03 21:40:00,0.0000
2025-04-03 21:50:00,0.0000
2025-04-03 22:00:00,0.0000
2025-04-03 22:10:00,0.0000
2025-04-03 22:20:00,0.0000
2025-04-03 22:30:00,0.0000
2025-04-03 22:40:00,0.0000
2025-04-03 22:50:00,0.0000
2025-04-03 23:00:00,0.0000
2025-04-03 23:10:00,0.0000
2025-04-03 23:20:00,0.0000
2025-04-03 23:30:00,0.0000
2025-04-03 23:40:00,0.0000
2025-04-03 23:50:00,0.0000
2025-04-04 00:00:00,0.0000
2025-04-04 00:10:00,0.0000
2025-04-04 00:20:00,0.0000
2025-04-04 00:30:00,0.0000
2025-04-04 00:40:00,0.0000
2025-04-04 00:50:00,0.0000
2025-04-04 01:00:00,0.0000
2025-04-04 01:10:00,0.0000
2025-04-04 01:20:00,0.0000
2025-04-04 01:30:00,0.0000
2025-04-04 01:40:00,0.0000
2025-04-04 01:50:00,0.0000
2025-04-04 02:00:00,0.0000
2025-04-04 02:10:00,0.0000
2025-04-04 02:20:00,0.0000
2025-04-04 02:30:00,0.0000
2025-04-04 02:40:00,0.0000
2025-04-04 02:50:00,0.0000
2025-04-04 03:00:00,0.0000
2025-04-04 03:10:00,0.0000
2025-04-04 03:20:00,0.0000
2025-04-04 03:30:00,0.0000
2025-04-04 03:40:00,0.0000
2025-04-04 03:50:00,0.0000
2025-04-04 04:00:00,0.0000
2025-04-04 04:10:00,0.0000
2025-04-04 04:20:00,0.0000
2025-04-04 04:30:00,0.0000
2025-04-04 04:40:00,0.0000
2025-04-04 04:50:00,0.0000
2025-04-04 05:00:00,0.0000
2025-04-04 05:10:00,0.0000
2025-04-04 05:20:00,0.0000
2025-04-04 05:30:00,0.0000
2025-04-04 05:40:00,0.0000
2025-04-04 05:50:00,0.0000
2025-04-04 06:00:00,0.0000
2025-04-04 06:10:00,0.0000
2025-04-04 06:20:00,0.0000
2025-04-04 06:30:00,0.0000
2025-04-04 06:40:00,0.0000
2025-04-04 06:50:00,0.0000
2025-04-04 07:00:00,0.0000
2025-04-04 07:10:00,0.0000
2025-04-04 07:20:00,0.0000
2025-04-04 07:30:00,0.0000
2025-04-04 07:40:00,0.0000
2025-04-04 07:50:00,0.0000
2025-04-04 08:00:00,0.0000
2025-04-04 08:10:00,0.0000
2025-04-04 08:20:00,0.0000
2025-04-04 08:30:00,0.0000
2025-04-04 08:40:00,0.0000
2025-04-04 08:50:00,0.0000
2025-04-04 09:00:00,0.0000
2025-04-04 09:10:00,0.0000
2025-04-04 09:20:00,0.0000
2025-04-04 09:30:00,0.0000
2025-04-04 09:40:00,0.0000
2025-04-04 09:50:00,0.0000
2025-04-04 10:00:00,0.0000
2025-04-04 10:10:00,0.0000
2025-04-04 10:20:00,0.0000
2025-04-04 10:30:00,0.0000
2025-04-04 10:40:00,0.0000
2025-04-04 10:50:00,0.0000
2025-04-04 11:00:00,0.0000
2025-04-04 11:10:00,0.0000
2025-04-04 11:20:00,0.0000
2025-04-04 11:30:00,0.0000
2025-04-04 11:40:00,0.0000
2025-04-04 11:50:00,0.0000
2025-04-04 12:00:00,0.0000
2025-04-04 12:10:00,0.0000
2025-04-04 12:20:00,0.0000
2025-04-04 12:30:00,0.0000
2025-04-04 12:40:00,0.0000
2025-04-04 12:50:00,0.0000
2025-04-04 13:00:00,0.0000
2025-04-04 13:10:00,0.0000
2025-04-04 13:20:00,0.0000
2025-04-04 13:30:00,0.0000
2025-04-04 13:40:00,0.0000
2025-04-04 13:50:00,0.0000
2025-04-04 14:00:00,0.0000
2025-04-04 14:10:00,0.0000
2025-04-04 14:20:00,0.0000
2025-04-04 14:30:00,0.0000
2025-04-04 14:40:00,0.0000
2025-04-04 14:50:00,0.0000
2025-04-04 15:00:00,0.0000
2025-04-04 15:10:00,0.0000
2025-04-04 15:20:00,0.0000
2025-04-04 15:30:00,0.0000
2025-04-04 15:40:00,0.0000
2025-04-04 15:50:00,0.0000
2025-04-04 16:00:00,0.0000
2025-04-04 16:10:00,0.0000
2025-04-04 16:20:00,0.0000
2025-04-04 16:30:00,0.0000
2025-04-04 16:40:00,0.0000
2025-04-04 16:50:00,0.0000
2025-04-04 17:00:00,0.0000
2025-04-04 17:10:00,0.0000
2025-04-04 17:20:00,0.0000
2025-04-04 17:30:00,0.0000
2025-04-04 17:40:00,0.0000
2025-04-04 17:50:00,0.0000
2025-04-04 18:00:00,0.0000
2025-04-04 18:10:00,0.0000
2025-04-04 18:20:00,0.0000
2025-04-04 18:30:00,0.0000
2025-04-04 18:40:00,0.0000
2025-04-04 18:50:00,0.0000
2025-04-04 19:00:00,0.0000
2025-04-04 19:10:00,0.0000
2025-04-04 19:20:00,0.0000
2025-04-04 19:30:00,0.0000
2025-04-04 19:40:00,0.0000
2025-04-04 19:50:00,0.0000
2025-04-04 20:00:00,0.0000
2025-04-04 20:10:00,0.0000
2025-04-04 20:20:00,0.0000
2025-04-04 20:30:00,0.0000
2025-04-04 20:40:00,0.0000
2025-04-04 20:50:00,0.0000
2025-04-04 21:00:00,0.0000
2025-04-04 21:10:00,0.0000
2025-04-04 21:20:00,0.0000
2025-04-04 21:30:00,0.0000
2025-04-04 21:40:00,0.0000
2025-04-04 21:50:00,0.0000
2025-04-04 22:00:00,0.0000
2025-04-04 22:10:00,0.0000
2025-04-04 22:20:00,0.0000
2025-04-04 22:30:00,0.0000
2025-04-04 22:40:00,0.0000
2025-04-04 22:50:00,0.0000
2025-04-04 23:00:00,0.0000
2025-04-04 23:10:00,0.0000
2025-04-04 23:20:00,0.0000
2025-04-04 23:30:00,0.0000
2025-04-04 23:40:00,0.0000
2025-04-04 23:50:00,0.0000
2025-04-05 00:00:00,0.0000
2025-04-05 00:10:00,0.0000
2025-04-05 00:20:00,0.0000
2025-04-05 00:30:00,0.0000
2025-04-05 00:40:00,0.0000
2025-04-05 00:50:00,0.0000
2025-04-05 01:00:00,0.0000
2025-04-05 01:10:00,0.0000
2025-04-05 01:20:00,0.0000
2025-04-05 01:30:00,0.0000
2025-04-05 01:40:00,0.0000
2025-04-05 01:50:00,0.0000
2025-04-05 02:00:00,0.0000
2025-04-05 02:10:00,0.0000
2025-04-05 02:20:00,0.0000
2025-04-05 02:30:00,0.0000
2025-04-05 02:40:00,0.0000
2025-04-05 02:50:00,0.0000
2025-04-05 03:00:00,0.0000
2025-04-05 03:10:00,0.0000
2025-04-05 03:20:00,0.0000
2025-04-05 03:30:00,0.0000
2025-04-05 03:40:00,0.0000
2025-04-05 03:50:00,0.0000
2025-04-05 04:00:00,0.0000
2025-04-05 04:10:00,0.0000
2025-04-05 04:20:00,0.0000
2025-04-05 04:30:00,0.0000
2025-04-05 04:40:00,0.0000
2025-04-05 04:50:00,0.0000
2025-04-05 05:00:00,0.0000
2025-04-05 05:10:00,0.0000
2025-04-05 05:20:00,0.0000
2025-04-05 05:30:00,0.0000
2025-04-05 05:40:00,0.0000
2025-04-05 05:50:00,0.0000
2025-04-05 06:00:00,0.0000
2025-04-05 06:10:00,0.0000
2025-04-05 06:20:00,0.0000
2025-04-05 06:30:00,0.0000
2025-04-05 06:40:00,0.0000
2025-04-05 06:50:00,0.0000
2025-04-05 07:00:00,0.0000
2025-04-05 07:10:00,0.0000
2025-04-05 07:20:00,0.0000
2025-04-05 07:30:00,0.0000
2025-04-05 07:40:00,0.0000
2025-04-05 07:50:00,0.0000
2025-04-05 08:00:00,0.0000
2025-04-05 08:10:00,0.0000
2025-04-05 08:20:00,0.0000
2025-04-05 08:30:00,0.0000
2025-04-05 08:40:00,0.0000
2025-04-05 08:50:00,0.0000
2025-04-05 09:00:00,0.0000
2025-04-05 09:10:00,0.0000
2025-04-05 09:20:00,0.0000
2025-04-05 09:30:00,0.0000
2025-04-05 09:40:00,0.0000
2025-04-05 09:50:00,0.0000
2025-04-05 10:00:00,0.0000
2025-04-05 10:10:00,0.0000
2025-04-05 10:20:00,0.0000
2025-04-05 10:30:00,0.0000
2025-04-05 10:40:00,0.0000
2025-04-05 10:50:00,0.0000
2025-04-05 11:00:00,0.0000
2025-04-05 11:10:00,0.0000
2025-04-05 11:20:00,0.0000
2025-04-05 11:30:00,0.0000
2025-04-05 11:40:00,0.0000
2025-04-05 11:50:00,0.0000
2025-04-05 12:00:00,0.0000
2025-04-05 12:10:00,0.0000
2025-04-05 12:20:00,0.0000
2025-04-05 12:30:00,0.0000
2025-04-05 12:40:00,0.0000
2025-04-05 12:50:00,0.0000
2025-04-05 13:00:00,0.0000
2025-04-05 13:10:00,0.0000
2025-04-05 13:20:00,0.0000
2025-04-05 13:30:00,0.0000
2025-04-05 13:40:00,0.0000
2025-04-05 13:50:00,0.0000
2025-04-05 14:00:00,0.0000
2025-04-05 14:10:00,0.0000
2025-04-05 14:20:00,0.0000
2025-04-05 14:30:00,0.0000
2025-04-05 14:40:00,0.0000
2025-04-05 14:50:00,0.0000
2025-04-05 15:00:00,0.0000
2025-04-05 15:10:00,0.0000
2025-04-05 15:20:00,0.0000
2025-04-05 15:30:00,0.0000
2025-04-05 15:40:00,0.0000
2025-04-05 15:50:00,0.0000
2025-04-05 16:00:00,0.0000
2025-04-05 16:10:00,0.0000
2025-04-05 16:20:00,0.0000
2025-04-05 16:30:00,0.0000
2025-04-05 16:40:00,0.0000
2025-04-05 16:50:00,0.0000
2025-04-05 17:00:00,0.0000
2025-04-05 17:10:00,0.0000
2025-04-05 17:20:00,0.0000
2025-04-05 17:30:00,0.0000
2025-04-05 17:40:00,0.0000
2025-04-05 17:50:00,0.0000
2025-04-05 18:00:00,0.0000
2025-04-05 18:10:00,0.0000
2025-04-05 18:20:00,0.0000
2025-04-05 18:30:00,0.0000
2025-04-05 18:40:00,0.0000
2025-04-05 18:50:00,0.0000
2025-04-05 19:00:00,0.0000
2025-04-05 19:10:00,0.0000
2025-04-05 19:20:00,0.0000
2025-04-05 19:30:00,0.0000
2025-04-05 19:40:00,0.0000
2025-04-05 19:50:00,0.0000
2025-04-05 20:00:00,0.0000
2025-04-05 20:10:00,0.0000
2025-04-05 20:20:00,0.0000
2025-04-05 20:30:00,0.0000
2025-04-05 20:40:00,0.0000
2025-04-05 20:50:00,0.0000
2025-04-05 21:00:00,0.0000
2025-04-05 21:10:00,0.0000
2025-04-05 21:20:00,0.0000
2025-04-05 21:30:00,0.0000
2025-04-05 21:40:00,0.0000
2025-04-05 21:50:00,0.0000
2025-04-05 22:00:00,0.0000
2025-04-05 22:10:00,0.0000
2025-04-05 22:20:00,0.0000
2025-04-05 22:30:00,0.0000
2025-04-05 22:40:00,0.0000
2025-04-05 22:50:00,0.0000
2025-04-05 23:00:00,0.0000
2025-04-05 23:10:00,0.0000
2025-04-05 23:20:00,0.0000
2025-04-05 23:30:00,0.0000
2025-04-05 23:40:00,0.0000
2025-04-05 23:50:00,0.0000
2025-04-06 00:00:00,0.0000
2025-04-06 00:10:00,0.0000
2025-04-06 00:20:00,0.0000
2025-04-06 00:30:00,0.0000
2025-04-06 00:40:00,0.0000
2025-04-06 00:50:00,0.0000
2025-04-06 01:00:00,0.0000
2025-04-06 01:10:00,0.0000
2025-04-06 01:20:00,0.0000
2025-04-06 01:30:00,0.0000
2025-04-06 01:40:00,0.0000
2025-04-06 01:50:00,0.0000
2025-04-06 02:00:00,0.0000
2025-04-06 02:10:00,0.0000
2025-04-06 02:20:00,0.0000
2025-04-06 02:30:00,0.0000
2025-04-06 02:40:00,0.0000
2025-04-06 02:50:00,0.0000
2025-04-06 03:00:00,0.0000
2025-04-06 03:10:00,0.0000
2025-04-06 03:20:00,0.0000
2025-04-06 03:30:00,0.0000
2025-04-06 03:40:00,0.0000
2025-04-06 03:50:00,0.0000
2025-04-06 04:00:00,0.0000
2025-04-06 04:10:00,0.0000
2025-04-06 04:20:00,0.0000
2025-04-06 04:30:00,0.0000
2025-04-06 04:40:00,0.0000
2025-04-06 04:50:00,0.0000
2025-04-06 05:00:00,0.0000
2025-04-06 05:10:00,0.0000
2025-04-06 05:20:00,0.0000
2025-04-06 05:30:00,0.0000
2025-04-06 05:40:00,0.0000
2025-04-06 05:50:00,0.0000
2025-04-06 06:00:00,0.0000
2025-04-06 06:10:00,0.0000
2025-04-06 06:20:00,0.0000
2025-04-06 06:30:00,0.0000
2025-04-06 06:40:00,0.0000
2025-04-06 06:50:00,0.0000
2025-04-06 07:00:00,0.0000
2025-04-06 07:10:00,0.0000
2025-04-06 07:20:00,0.0000
2025-04-06 07:30:00,0.0000
2025-04-06 07:40:00,0.0000
2025-04-06 07:50:00,0.0000
2025-04-06 08:00:00,0.0000
2025-04-06 08:10:00,0.0000
2025-04-06 08:20:00,0.0000
2025-04-06 08:30:00,0.0000
2025-04-06 08:40:00,0.0000
2025-04-06 08:50:00,0.0000
2025-04-06 09:00:00,0.0000
2025-04-06 09:10:00,0.0000
2025-04-06 09:20:00,0.0000
2025-04-06 09:30:00,0.0000
2025-04-06 09:40:00,0.0000
2025-04-06 09:50:00,0.0000
2025-04-06 10:00:00,0.0000
2025-04-06 10:10:00,0.0000
2025-04-06 10:20:00,0.0000
2025-04-06 10:30:00,0.0000
2025-04-06 10:40:00,0.0000
2025-04-06 10:50:00,0.0000
2025-04-06 11:00:00,0.0000
2025-04-06 11:10:00,0.0000
2025-04-06 11:20:00,0.0000
2025-04-06 11:30:00,0.0000
2025-04-06 11:40:00,0.0000
2025-04-06 11:50:00,0.0000
2025-04-06 12:00:00,0.0000
2025-04-06 12:10:00,0.0000
2025-04-06 12:20:00,0.0000
2025-04-06 12:30:00,0.0000
2025-04-06 12:40:00,0.0000
2025-04-06 12:50:00,0.0000
2025-04-06 13:00:00,0.0000
2025-04-06 13:10:00,0.0000
2025-04-06 13:20:00,0.0000
2025-04-06 13:30:00,0.0000
2025-04-06 13:40:00,0.0000
2025-04-06 13:50:00,0.0000
2025-04-06 14:00:00,0.0000
2025-04-06 14:10:00,0.0000
2025-04-06 14:20:00,0.0000
2025-04-06 14:30:00,0.0000
2025-04-06 14:40:00,0.0000
2025-04-06 14:50:00,0.0000
2025-04-06 15:00:00,0.0000
2025-04-06 15:10:00,0.0000
2025-04-06 15:20:00,0.0000
2025-04-06 15:30:00,0.0000
2025-04-06 15:40:00,0.0000
2025-04-06 15:50:00,0.0000
2025-04-06 15:50:35,0.0000
2025-04-06 16:00:00,0.0000
2025-04-06 16:10:00,0.0000
2025-04-06 16:11:04,0.0000
2025-04-06 16:11:31,0.0000
2025-04-06 16:20:00,0.0000
2025-04-06 16:24:00,0.0000
2025-04-06 16:30:00,0.0000
2025-04-06 16:38:31,0.0000
2025-04-06 16:40:00,0.0000
2025-04-06 16:47:02,0.0000
2025-04-06 16:47:03,0.0000
2025-04-06 16:48:01,0.0000
2025-04-06 16:48:03,0.0000
2025-04-06 16:49:03,0.0000
2025-04-06 16:50:00,0.0000
2025-04-06 16:50:03,638.3284
2025-04-06 16:51:31,0.0000
2025-04-06 16:53:31,640.0720
2025-04-06 16:58:02,567.4770
2025-04-06 16:58:30,1341.2697
2025-04-06 16:58:31,1341.2508
2025-04-06 17:00:00,1360.1032
2025-04-06 17:08:31,1345.2970
2025-04-06 17:10:00,1362.7464
2025-04-06 17:20:00,1370.0467
2025-04-06 17:30:00,1365.5368
2025-04-06 17:40:00,1367.9678
2025-04-06 17:50:00,1335.7442
2025-04-06 18:00:00,1346.8991
2025-04-06 18:10:00,1361.8004
2025-04-06 18:20:00,1338.3761
2025-04-06 18:30:00,1363.2153
2025-04-06 18:40:00,1362.9576
2025-04-06 18:50:00,1355.7070
2025-04-06 19:00:00,1367.5129
2025-04-06 19:10:00,1355.8750
2025-04-06 19:20:00,1347.4312
2025-04-06 19:30:00,1347.3891
2025-04-06 19:40:00,1364.8486
2025-04-06 19:50:00,1365.5913
2025-04-06 20:00:00,1367.9191
2025-04-06 20:10:00,1365.6540
2025-04-06 20:20:00,1364.9884
2025-04-06 20:30:00,1363.9979
2025-04-06 20:40:00,1364.6987
2025-04-06 20:50:00,1370.1984
2025-04-06 21:00:00,1365.8143
2025-04-06 21:10:00,1363.2107
2025-04-06 21:20:00,1367.5122
2025-04-06 21:30:00,1367.2106
2025-04-06 21:40:00,1370.3907
2025-04-06 21:50:00,1347.4116
2025-04-06 22:00:00,1355.8750
2025-04-06 22:10:00,1335.2323
2025-04-06 22:20:00,1364.4372
2025-04-06 22:30:00,1347.4078
2025-04-06 22:40:00,1355.8750
2025-04-06 22:50:00,1355.8750
2025-04-06 23:00:00,1335.0336
2025-04-06 23:10:00,1365.7423
2025-04-06 23:20:00,1365.3853
2025-04-06 23:30:00,1355.8750
2025-04-06 23:40:00,1369.9931
2025-04-06 23:50:00,1361.2690
2025-04-07 00:00:00,1355.8750
2025-04-07 00:10:00,1355.8750
2025-04-07 00:20:00,1370.1692
2025-04-07 00:30:00,1369.9617
2025-04-07 00:40:00,1361.2398
2025-04-07 00:50:00,1361.4814
2025-04-07 01:00:00,1365.4466
2025-04-07 01:10:00,1363.2450
2025-04-07 01:20:00,1361.3422
2025-04-07 01:30:00,1361.2473
2025-04-07 01:40:00,1335.0047
2025-04-07 01:50:00,1361.3422
2025-04-07 02:00:00,1346.9547
2025-04-07 02:10:00,1355.8750
2025-04-07 02:20:00,1369.7205
2025-04-07 02:30:00,1347.2660
2025-04-07 02:40:00,1355.8750
2025-04-07 02:50:00,1365.1854
2025-04-07 03:00:00,1335.0748
2025-04-07 03:10:00,1347.3236
2025-04-07 03:20:00,1371.1040
2025-04-07 03:30:00,1371.2220
2025-04-07 03:40:00,1361.1634
2025-04-07 03:50:00,1369.7807
2025-04-07 04:00:00,1360.8873
2025-04-07 04:10:00,1364.1321
2025-04-07 04:20:00,1334.8705
2025-04-07 04:30:00,1361.1713
2025-04-07 04:40:00,1334.9324
2025-04-07 04:50:00,1361.2097
2025-04-07 05:00:00,1365.0631
2025-04-07 05:10:00,1355.8750
2025-04-07 05:20:00,1335.0217
2025-04-07 05:30:00,1355.8750
2025-04-07 05:40:00,1369.8624
2025-04-07 05:50:00,1335.0768
2025-04-07 06:00:00,1365.4090
2025-04-07 06:10:00,1365.2289
2025-04-07 06:20:00,1361.4459
2025-04-07 06:30:00,1361.1471
2025-04-07 06:40:00,1355.8750
2025-04-07 06:50:00,1337.3840
2025-04-07 07:00:00,1346.4319
2025-04-07 07:10:00,1337.1369
2025-04-07 07:20:00,1362.0669
2025-04-07 07:30:00,1337.7422
2025-04-07 07:40:00,1338.2021
2025-04-07 07:50:00,1363.6086
2025-04-07 08:00:00,1361.9074
2025-04-07 08:10:00,1346.7746
2025-04-07 08:20:00,1355.8750
2025-04-07 08:30:00,1347.0567
2025-04-07 08:40:00,1355.8750
2025-04-07 08:50:00,1360.9918
2025-04-07 09:00:00,1355.8750
2025-04-07 09:10:00,1364.2193
2025-04-07 09:20:00,1371.1955
2025-04-07 09:30:00,1333.9568
2025-04-07 09:40:00,1355.8750
2025-04-07 09:50:00,1363.7118
2025-04-07 10:00:00,1334.5951
2025-04-07 10:10:00,1364.0357
2025-04-07 10:20:00,1355.8750
2025-04-07 10:30:00,1355.8750
2025-04-07 10:40:00,1347.3188
2025-04-07 10:50:00,1347.3139
2025-04-07 11:00:00,1370.6610
2025-04-07 11:10:00,1355.3151
2025-04-07 11:20:00,1365.6714
2025-04-07 11:30:00,1361.6889
2025-04-07 11:40:00,1362.1820
2025-04-07 11:50:00,1347.0684
2025-04-07 12:00:00,1360.8794
2025-04-07 12:06:02,7317.8716
2025-04-07 12:06:30,1362.8577
2025-04-07 12:10:00,1365.8642
2025-04-07 12:20:00,1367.8867
2025-04-07 12:30:00,1367.6309
2025-04-07 12:40:00,1369.4026
2025-04-07 12:50:00,1347.2619
2025-04-07 13:00:00,1366.6685
2025-04-07 13:10:00,1365.0314
2025-04-07 13:20:00,1346.1567
2025-04-07 13:30:00,1355.8750
2025-04-07 13:40:00,1347.3509
2025-04-07 13:50:00,1360.7846
2025-04-07 14:00:00,1355.8750
2025-04-07 14:10:00,1339.6344
2025-04-07 14:20:00,1347.3417
2025-04-07 14:30:00,1355.8750
2025-04-07 14:40:00,1347.3256
2025-04-07 14:50:00,1347.4551
2025-04-07 15:00:00,1370.9920
2025-04-07 15:10:00,1356.8437
2025-04-07 15:20:00,1361.0603
2025-04-07 15:30:00,1339.6539
2025-04-07 15:40:00,1346.1563
2025-04-07 15:50:00,1355.8750
2025-04-07 16:00:00,1334.9717
2025-04-07 16:10:00,1356.9369
2025-04-07 16:20:00,1366.8054
2025-04-07 16:30:00,1347.2441
2025-04-07 16:40:00,1347.3691
2025-04-07 16:50:00,1355.8750
2025-04-07 17:00:00,1347.3050
2025-04-07 17:10:00,1360.8369
2025-04-07 17:20:00,1339.5873
2025-04-07 17:30:00,1360.8614
2025-04-07 17:40:00,1346.1571
2025-04-07 17:50:00,1339.4972
2025-04-07 18:00:00,1339.0642
2025-04-07 18:10:00,1366.8356
2025-04-07 18:20:00,1345.8277
2025-04-07 18:30:00,1356.9753
2025-04-07 18:40:00,1366.8281
2025-04-07 18:50:00,1360.9556
2025-04-07 19:00:00,1339.3000
2025-04-07 19:10:00,1368.6046
2025-04-07 19:20:00,1356.8620
2025-04-07 19:30:00,1345.7623
2025-04-07 19:40:00,1366.7000
2025-04-07 19:50:00,1346.1590
2025-04-07 20:00:00,1345.8125
2025-04-07 20:10:00,1346.1575
2025-04-07 20:20:00,1370.9848
2025-04-07 20:30:00,1339.1951
2025-04-07 20:40:00,1345.4841
2025-04-07 20:50:00,1356.6859
2025-04-07 21:00:00,1334.1288
2025-04-07 21:10:00,1347.3441
2025-04-07 21:20:00,1364.7486
2025-04-07 21:30:00,1347.0773
2025-04-07 21:40:00,1347.3310
2025-04-07 21:50:00,1347.2609
2025-04-07 22:00:00,1340.0873
2025-04-07 22:10:00,1362.1238
2025-04-07 22:20:00,1361.0892
2025-04-07 22:30:00,1355.8750
2025-04-07 22:40:00,1370.8793
2025-04-07 22:50:00,1339.3243
2025-04-07 23:00:00,1366.7552
2025-04-07 23:10:00,1366.6862
2025-04-07 23:20:00,1355.9877
2025-04-07 23:30:00,1364.8403
2025-04-07 23:40:00,1347.0351
2025-04-07 23:50:00,1366.7975
2025-04-08 00:00:00,1360.8845
2025-04-08 00:10:00,1347.1559
2025-04-08 00:20:00,1345.0183
2025-04-08 00:30:00,1364.7083
2025-04-08 00:40:00,1360.9103
2025-04-08 00:50:00,1355.8750
2025-04-08 01:00:00,1333.4077
2025-04-08 01:10:00,1339.8178
2025-04-08 01:20:00,1347.2215
2025-04-08 01:30:00,1347.1365
2025-04-08 01:40:00,1347.2753
2025-04-08 01:50:00,1334.5325
2025-04-08 02:00:00,1364.7540
2025-04-08 02:10:00,1364.9812
2025-04-08 02:20:00,1347.0692
2025-04-08 02:30:00,1347.1144
2025-04-08 02:40:00,1369.5217
2025-04-08 02:50:00,1369.5694
2025-04-08 03:00:00,1360.9878
2025-04-08 03:10:00,1347.0692
2025-04-08 03:20:00,1366.7026
2025-04-08 03:30:00,1345.0660
2025-04-08 03:40:00,1339.2321
2025-04-08 03:50:00,1345.3510
2025-04-08 04:00:00,1344.9273
2025-04-08 04:10:00,1363.0379
2025-04-08 04:20:00,1360.9426
2025-04-08 04:30:00,1355.8750
2025-04-08 04:40:00,1347.1814
2025-04-08 04:50:00,1347.0927
2025-04-08 05:00:00,1333.5466
2025-04-08 05:10:00,1347.1318
2025-04-08 05:20:00,1347.0923
2025-04-08 05:30:00,1347.3823
2025-04-08 05:40:00,1356.7041
2025-04-08 05:50:00,1355.8750
2025-04-08 06:00:00,1333.6992
2025-04-08 06:10:00,1347.2359
2025-04-08 06:20:00,1347.2065
2025-04-08 06:30:00,1355.8750
2025-04-08 06:40:00,1347.2003
2025-04-08 06:50:00,1340.1160
2025-04-08 07:00:00,1340.0227
2025-04-08 07:10:00,1344.9217
2025-04-08 07:20:00,1340.1810
2025-04-08 07:30:00,1344.9981
2025-04-08 07:40:00,1356.4482
2025-04-08 07:50:00,1334.7543
2025-04-08 08:00:00,1334.1580
2025-04-08 08:10:00,1355.8750
2025-04-08 08:20:00,1355.8750
2025-04-08 08:30:00,1344.9772
2025-04-08 08:40:00,1355.8750
2025-04-08 08:50:00,1340.3217
2025-04-08 09:00:00,1347.1634
2025-04-08 09:10:00,1340.0562
2025-04-08 09:20:00,1347.2065
2025-04-08 09:30:00,1347.0869
2025-04-08 09:40:00,1367.3508
2025-04-08 09:50:00,1339.6786
2025-04-08 10:00:00,1355.8750
2025-04-08 10:10:00,1356.6482
2025-04-08 10:20:00,1355.8750
2025-04-08 10:30:00,1340.1160
2025-04-08 10:40:00,1355.8750
2025-04-08 10:50:00,1347.1033
2025-04-08 11:00:00,1333.9295
2025-04-08 11:10:00,1360.9185
2025-04-08 11:20:00,1344.9878
2025-04-08 11:30:00,1355.8750
2025-04-08 11:40:00,1347.2368
2025-04-08 11:50:00,1333.4461
2025-04-08 12:00:00,1356.2531
2025-04-08 12:10:00,1334.5388
2025-04-08 12:20:00,1334.6174
2025-04-08 12:30:00,1339.9342
2025-04-08 12:40:00,1356.5179
2025-04-08 12:50:00,1334.6174
2025-04-08 13:00:00,1347.2336
2025-04-08 13:10:00,1365.0072
2025-04-08 13:20:00,1347.1201
2025-04-08 13:30:00,1347.2214
2025-04-08 13:40:00,1344.9665
2025-04-08 13:50:00,1356.1332
2025-04-08 14:00:00,1347.1814
2025-04-08 14:10:00,1334.7204
2025-04-08 14:20:00,1347.2766
2025-04-08 14:30:00,1347.1259
2025-04-08 14:40:00,1347.0351
2025-04-08 14:50:00,1340.0628
2025-04-08 15:00:00,1344.8411
2025-04-08 15:10:00,1347.2250
2025-04-08 15:20:00,1334.4695
2025-04-08 15:30:00,1364.9958
2025-04-08 15:40:00,1333.2462
2025-04-08 15:50:00,1344.7555
2025-04-08 16:00:00,1347.1684
2025-04-08 16:10:00,1346.1958
2025-04-08 16:20:00,1355.8750
2025-04-08 16:30:00,1355.0846
2025-04-08 16:40:00,1337.3136
2025-04-08 16:50:00,1365.6094
2025-04-08 17:00:00,1338.0789
2025-04-08 17:10:00,1338.8065
2025-04-08 17:20:00,1347.1724
2025-04-08 17:30:00,1355.8750
2025-04-08 17:40:00,1366.6001
2025-04-08 17:50:00,1346.7569
2025-04-08 18:00:00,1369.7246
2025-04-08 18:10:00,1338.3607
2025-04-08 18:20:00,1345.0220
2025-04-08 18:30:00,1333.8504
2025-04-08 18:40:00,1356.2279
2025-04-08 18:50:00,1345.4173
2025-04-08 19:00:00,1364.9452
2025-04-08 19:10:00,1364.8615
2025-04-08 19:20:00,1343.7041
2025-04-08 19:30:00,1347.1860
2025-04-08 19:40:00,1346.4956
2025-04-08 19:50:00,1346.7001
2025-04-08 20:00:00,1347.1814
2025-04-08 20:10:00,1345.0303
2025-04-08 20:20:00,1346.6435
2025-04-08 20:30:00,1346.7615
2025-04-08 20:40:00,1345.3284
2025-04-08 20:50:00,1344.0068
2025-04-08 21:00:00,1346.6286
2025-04-08 21:10:00,1346.5060
2025-04-08 21:20:00,1360.8754
2025-04-08 21:30:00,1347.2961
2025-04-08 21:40:00,1339.2956
2025-04-08 21:50:00,1366.8137
2025-04-08 22:00:00,1361.0233
2025-04-08 22:10:00,1364.8148
2025-04-08 22:20:00,1356.0433
2025-04-08 22:30:00,1344.3187
2025-04-08 22:40:00,1356.0065
2025-04-08 22:50:00,1355.8285
2025-04-08 23:00:00,1339.5614
2025-04-08 23:10:00,1339.9669
2025-04-08 23:20:00,1344.4969
2025-04-08 23:30:00,1370.8433
2025-04-08 23:40:00,1344.5407
2025-04-08 23:50:00,1346.7907
2025-04-09 00:00:00,1346.8720
2025-04-09 00:10:00,1346.6066
2025-04-09 00:20:00,1346.8552
2025-04-09 00:30:00,1355.8750
2025-04-09 00:40:00,1355.8750
2025-04-09 00:50:00,1355.8750
2025-04-09 01:00:00,1344.1597
2025-04-09 01:10:00,1346.8008
2025-04-09 01:20:00,1366.7489
2025-04-09 01:30:00,1340.1236
2025-04-09 01:40:00,1346.8014
2025-04-09 01:50:00,1346.7429
2025-04-09 02:00:00,1340.3269
2025-04-09 02:10:00,1346.8644
2025-04-09 02:20:00,1360.9096
2025-04-09 02:30:00,1346.4804
2025-04-09 02:40:00,1346.8497
2025-04-09 02:50:00,1332.9214
2025-04-09 03:00:00,1346.7704
2025-04-09 03:10:00,1355.8750
2025-04-09 03:20:00,1366.7400
2025-04-09 03:30:00,1360.9568
2025-04-09 03:40:00,1346.8792
2025-04-09 03:50:00,1362.1987
2025-04-09 04:00:00,1346.6015
2025-04-09 04:10:00,1346.4751
2025-04-09 04:20:00,1346.6374
2025-04-09 04:30:00,1344.0615
2025-04-09 04:40:00,1340.0046
2025-04-09 04:50:00,1364.9588
2025-04-09 05:00:00,1362.1534
2025-04-09 05:10:00,1355.8750
2025-04-09 05:20:00,1343.9860
2025-04-09 05:30:00,1355.8750
2025-04-09 05:40:00,1355.8750
2025-04-09 05:50:00,1346.7810
2025-04-09 06:00:00,1355.8750
2025-04-09 06:10:00,1339.2850
2025-04-09 06:20:00,1355.8750
2025-04-09 06:30:00,1346.8947
2025-04-09 06:40:00,1343.8548
2025-04-09 06:50:00,1355.5458
2025-04-09 07:00:00,1346.9162
2025-04-09 07:10:00,1340.4374
2025-04-09 07:20:00,1355.8750
2025-04-09 07:30:00,1346.7573
2025-04-09 07:40:00,1355.8750
2025-04-09 07:50:00,1355.8750
2025-04-09 08:00:00,1346.6119
2025-04-09 08:10:00,1334.5157
2025-04-09 08:20:00,1346.7308
2025-04-09 08:30:00,1340.4374
2025-04-09 08:40:00,1346.7142
2025-04-09 08:50:00,1346.6785
2025-04-09 09:00:00,1343.8860
2025-04-09 09:10:00,1367.0356
2025-04-09 09:20:00,1346.7865
2025-04-09 09:30:00,1346.7426
2025-04-09 09:40:00,1346.8006
2025-04-09 09:50:00,1334.5558
2025-04-09 10:00:00,1367.0593
2025-04-09 10:10:00,1367.4664
2025-04-09 10:20:00,1344.5407
2025-04-09 10:30:00,1346.7971
2025-04-09 10:40:00,1355.8750
2025-04-09 10:50:00,1343.9674
2025-04-09 11:00:00,1339.9019
2025-04-09 11:10:00,1369.4862
2025-04-09 11:20:00,1346.8939
2025-04-09 11:30:00,1346.7951
2025-04-09 11:40:00,1333.6696
2025-04-09 11:50:00,1343.3367
2025-04-09 12:00:00,1355.7052
2025-04-09 12:10:00,1355.8750
2025-04-09 12:20:00,1340.4324
2025-04-09 12:30:00,1370.7386
2025-04-09 12:40:00,1346.7142
2025-04-09 12:50:00,1334.0832
2025-04-09 13:00:00,1346.8786
2025-04-09 13:10:00,1344.0668
2025-04-09 13:20:00,1340.2282
2025-04-09 13:30:00,1346.6374
2025-04-09 13:40:00,1355.8750
2025-04-09 13:50:00,1346.7625
2025-04-09 14:00:00,1340.4757
2025-04-09 14:10:00,1355.8750
2025-04-09 14:20:00,1344.0668
2025-04-09 14:30:00,1365.0640
2025-04-09 14:40:00,1346.8255
2025-04-09 14:50:00,1338.7699
2025-04-09 15:00:00,1355.6102
2025-04-09 15:10:00,1343.8431
2025-04-09 15:20:00,1339.4221
2025-04-09 15:30:00,1343.3916
2025-04-09 15:40:00,1340.5990
2025-04-09 15:50:00,1343.3084
2025-04-09 16:00:00,1340.3665
2025-04-09 16:10:00,1346.7892
2025-04-09 16:20:00,1355.8750
2025-04-09 16:30:00,1340.4324
2025-04-09 16:40:00,1355.6368
2025-04-09 16:50:00,1355.8750
2025-04-09 17:00:00,1360.8582
2025-04-09 17:10:00,1355.8750
2025-04-09 17:20:00,1346.6200
2025-04-09 17:30:00,1346.7998
2025-04-09 17:40:00,1355.8750
2025-04-09 17:50:00,1346.7977
2025-04-09 18:00:00,1366.8535
2025-04-09 18:10:00,1340.5769
2025-04-09 18:20:00,1366.7928
2025-04-09 18:30:00,1360.9476
2025-04-09 18:40:00,1340.4324
2025-04-09 18:50:00,1340.2888
2025-04-09 19:00:00,1355.8426
2025-04-09 19:10:00,1370.7634
2025-04-09 19:20:00,1343.2280
2025-04-09 19:30:00,1346.6860
2025-04-09 19:40:00,1346.8067
2025-04-09 19:50:00,1346.8894
2025-04-09 20:00:00,1360.9257
2025-04-09 20:10:00,1346.4897
2025-04-09 20:20:00,1339.5709
2025-04-09 20:30:00,1346.6989
2025-04-09 20:40:00,1343.7756
2025-04-09 20:50:00,1366.8150
2025-04-09 21:00:00,1346.8998
2025-04-09 21:10:00,1346.2298
2025-04-09 21:20:00,1343.3084
2025-04-09 21:30:00,1343.7284
2025-04-09 21:40:00,1339.6480
2025-04-09 21:50:00,1346.9672
2025-04-09 22:00:00,1343.3644
2025-04-09 22:10:00,1355.2258
2025-04-09 22:20:00,1355.8750
2025-04-09 22:30:00,1362.1308
2025-04-09 22:40:00,1366.8287
2025-04-09 22:50:00,1366.8566
2025-04-09 23:00:00,1370.7253
2025-04-09 23:10:00,1343.7786
2025-04-09 23:20:00,1346.2584
2025-04-09 23:30:00,1346.2545
2025-04-09 23:40:00,1326.8571
2025-04-09 23:50:00,1365.0407
2025-04-10 00:00:00,1343.6732
2025-04-10 00:10:00,1346.7846
2025-04-10 00:20:00,1346.8380
2025-04-10 00:30:00,1360.8758
2025-04-10 00:40:00,1346.4822
2025-04-10 00:50:00,1355.8750
2025-04-10 01:00:00,1346.7948
2025-04-10 01:10:00,1355.8750
2025-04-10 01:20:00,1355.8750
2025-04-10 01:30:00,1355.8145
2025-04-10 01:40:00,1346.7498
2025-04-10 01:50:00,1344.2285
2025-04-10 02:00:00,1340.1462
2025-04-10 02:10:00,1340.5184
2025-04-10 02:20:00,1346.8592
2025-04-10 02:30:00,1362.1673
2025-04-10 02:40:00,1355.8750
2025-04-10 02:50:00,1355.8750
2025-04-10 03:00:00,1355.8750
2025-04-10 03:10:00,1337.1721
2025-04-10 03:20:00,1346.3885
2025-04-10 03:30:00,1355.7531
2025-04-10 03:40:00,1367.4071
2025-04-10 03:50:00,1346.7659
2025-04-10 04:00:00,1355.8750
2025-04-10 04:10:00,1355.5223
2025-04-10 04:20:00,1346.4587
2025-04-10 04:30:00,1337.9993
2025-04-10 04:40:00,1355.8750
2025-04-10 04:50:00,1333.0222
2025-04-10 05:00:00,1346.5940
2025-04-10 05:10:00,1333.7536
2025-04-10 05:20:00,1343.6793
2025-04-10 05:30:00,1346.8904
2025-04-10 05:40:00,1355.8750
2025-04-10 05:50:00,1343.8210
2025-04-10 06:00:00,1346.8700
2025-04-10 06:10:00,1346.8574
2025-04-10 06:20:00,1346.6860
2025-04-10 06:30:00,1355.8750
2025-04-10 06:40:00,1346.4917
2025-04-10 06:50:00,1369.5081
2025-04-10 07:00:00,1346.7324
2025-04-10 07:10:00,1355.8750
2025-04-10 07:20:00,1346.8328
2025-04-10 07:30:00,1360.8839
2025-04-10 07:40:00,1334.4057
2025-04-10 07:50:00,1360.9177
2025-04-10 08:00:00,1346.8545
2025-04-10 08:10:00,1333.8424
2025-04-10 08:20:00,1367.0481
2025-04-10 08:30:00,1344.0271
2025-04-10 08:40:00,1362.1429
2025-04-10 08:50:00,1334.0832
2025-04-10 09:00:00,1355.8750
2025-04-10 09:10:00,1346.8410
2025-04-10 09:20:00,1355.8750
2025-04-10 09:30:00,1346.4997
2025-04-10 09:40:00,1355.8750
2025-04-10 09:50:00,1369.4983
2025-04-10 10:00:00,1355.6234
2025-04-10 10:10:00,1346.8974
2025-04-10 10:20:00,1346.6785
2025-04-10 10:30:00,1365.2530
2025-04-10 10:40:00,1369.0179
2025-04-10 10:50:00,1355.3735
2025-04-10 11:00:00,1346.2447
2025-04-10 11:10:00,1326.8571
2025-04-10 11:20:00,1360.9492
2025-04-10 11:30:00,1360.9257
2025-04-10 11:40:00,1370.7964
2025-04-10 11:50:00,1346.2315
2025-04-10 12:00:00,1346.1772
2025-04-10 12:10:00,1346.4859
2025-04-10 12:20:00,1340.2257
2025-04-10 12:30:00,1364.9613
2025-04-10 12:40:00,1360.9336
2025-04-10 12:50:00,1346.2278
2025-04-10 13:00:00,1346.8592
2025-04-10 13:10:00,1334.3053
2025-04-10 13:20:00,1360.8788
2025-04-10 13:30:00,1339.7683
2025-04-10 13:40:00,1355.7193
2025-04-10 13:50:00,1343.4803
2025-04-10 14:00:00,1343.9069
2025-04-10 14:10:00,1355.8750
2025-04-10 14:20:00,1340.3998
2025-04-10 14:30:00,1334.4719
2025-04-10 14:40:00,1346.4859
2025-04-10 14:50:00,1360.8762
2025-04-10 15:00:00,1346.7001
2025-04-10 15:10:00,1355.8750
2025-04-10 15:20:00,1367.1477
2025-04-10 15:30:00,1355.8750
2025-04-10 15:40:00,1346.4936
2025-04-10 15:50:00,1333.9893
2025-04-10 16:00:00,1333.6447
2025-04-10 16:10:00,1334.1858
2025-04-10 16:20:00,1326.8571
2025-04-10 16:30:00,1346.8500
2025-04-10 16:40:00,1346.4786
2025-04-10 16:50:00,1343.5918
2025-04-10 17:00:00,1346.7312
2025-04-10 17:10:00,1360.9025
2025-04-10 17:20:00,1366.8462
2025-04-10 17:30:00,1343.1451
2025-04-10 17:40:00,1346.6555
2025-04-10 17:50:00,1355.3491
2025-04-10 18:00:00,1343.4323
2025-04-10 18:10:00,1355.8750
2025-04-10 18:20:00,1346.3585
2025-04-10 18:30:00,1346.5715
2025-04-10 18:40:00,1340.5184
2025-04-10 18:50:00,1370.7167
2025-04-10 19:00:00,1333.8412
2025-04-10 19:10:00,1343.5160
2025-04-10 19:20:00,1343.0829
2025-04-10 19:30:00,1354.9160
2025-04-10 19:40:00,1343.4954
2025-04-10 19:50:00,1366.8952
2025-04-10 20:00:00,1365.0665
2025-04-10 20:10:00,1334.0143
2025-04-10 20:20:00,1345.9079
2025-04-10 20:30:00,1326.8571
2025-04-10 20:40:00,1339.3377
2025-04-10 20:50:00,1354.9687
2025-04-10 21:00:00,1370.6931
2025-04-10 21:10:00,1343.6511
2025-04-10 21:20:00,1355.8750
2025-04-10 21:30:00,1342.7325
2025-04-10 21:40:00,1339.1353
2025-04-10 21:50:00,1365.0743
2025-04-10 22:00:00,1346.5955
2025-04-10 22:10:00,1343.4302
2025-04-10 22:20:00,1355.8750
2025-04-10 22:30:00,1343.2097
2025-04-10 22:40:00,1343.2458
2025-04-10 22:50:00,1367.0758
2025-04-10 23:00:00,1346.5858
2025-04-10 23:10:00,1346.1785
2025-04-10 23:20:00,1345.9079
2025-04-10 23:30:00,1343.4803
2025-04-10 23:40:00,1342.7325
2025-04-10 23:50:00,1354.9580
2025-04-11 00:00:00,1346.7391
2025-04-11 00:10:00,1339.0873
2025-04-11 00:20:00,1366.8261
2025-04-11 00:30:00,1370.7409
2025-04-11 00:40:00,1339.3371
2025-04-11 00:50:00,1339.0648
2025-04-11 01:00:00,1343.0246
2025-04-11 01:10:00,1366.9116
2025-04-11 01:20:00,1343.0300
2025-04-11 01:30:00,1343.0246
2025-04-11 01:40:00,1342.8357
2025-04-11 01:50:00,1342.9329
2025-04-11 02:00:00,1355.8750
2025-04-11 02:10:00,1354.8956
2025-04-11 02:20:00,1346.4922
2025-04-11 02:30:00,1360.9911
2025-04-11 02:40:00,1346.6466
2025-04-11 02:50:00,1346.5013
2025-04-11 03:00:00,1355.4270
2025-04-11 03:10:00,1366.8853
2025-04-11 03:20:00,1339.0648
2025-04-11 03:30:00,1326.8571
2025-04-11 03:40:00,1353.7670
2025-04-11 03:50:00,1355.8750
2025-04-11 04:00:00,1346.7446
2025-04-11 04:10:00,1346.6555
2025-04-11 04:20:00,1346.5955
2025-04-11 04:30:00,1355.8750
2025-04-11 04:40:00,1355.8750
2025-04-11 04:50:00,1345.8933
2025-04-11 05:00:00,1342.9946
2025-04-11 05:10:00,1355.8750
2025-04-11 05:20:00,1355.8750
2025-04-11 05:30:00,1346.6543
2025-04-11 05:40:00,1355.8750
2025-04-11 05:50:00,1355.8750
2025-04-11 06:00:00,1346.5224
2025-04-11 06:10:00,1346.1772
2025-04-11 06:20:00,1346.5833
2025-04-11 06:30:00,1326.8571
2025-04-11 06:40:00,1339.2438
2025-04-11 06:50:00,1326.8571
2025-04-11 07:00:00,1346.1779
2025-04-11 07:10:00,1366.6624
2025-04-11 07:20:00,1370.7796
2025-04-11 07:30:00,1355.8750
2025-04-11 07:40:00,1366.7973
2025-04-11 07:50:00,1346.5817
2025-04-11 08:00:00,1366.7831
2025-04-11 08:10:00,1343.4554
2025-04-11 08:20:00,1355.8750
2025-04-11 08:30:00,1346.6543
2025-04-11 08:40:00,1345.9212
2025-04-11 08:50:00,1355.8750
2025-04-11 09:00:00,1346.6628
2025-04-11 09:10:00,1326.8571
2025-04-11 09:20:00,1346.8348
2025-04-11 09:30:00,1355.8750
2025-04-11 09:40:00,1339.3107
2025-04-11 09:50:00,1326.8571
2025-04-11 10:00:00,1355.8750
2025-04-11 10:10:00,1346.6699
2025-04-11 10:20:00,1366.7759
2025-04-11 10:30:00,1355.8750
2025-04-11 10:40:00,1355.8750
2025-04-11 10:50:00,1340.0831
2025-04-11 11:00:00,1346.5926
2025-04-11 11:10:00,1345.9039
2025-04-11 11:20:00,1365.1245
2025-04-11 11:30:00,1369.4843
2025-04-11 11:40:00,1345.9327
2025-04-11 11:50:00,1370.7108
2025-04-11 12:00:00,1360.5467
2025-04-11 12:10:00,1326.8571
2025-04-11 12:20:00,1343.7709
2025-04-11 12:30:00,1326.8571
2025-04-11 12:40:00,1346.4260
2025-04-11 12:50:00,1337.1803
2025-04-11 13:00:00,1369.1445
2025-04-11 13:10:00,1345.6480
2025-04-11 13:20:00,1367.3355
2025-04-11 13:30:00,1355.8750
2025-04-11 13:40:00,1337.9333
2025-04-11 13:50:00,1337.5297
2025-04-11 14:00:00,1337.5870
2025-04-11 14:10:00,1344.6342
2025-04-11 14:20:00,1346.6697
2025-04-11 14:30:00,1346.7943
2025-04-11 14:40:00,1345.9258
2025-04-11 14:50:00,1343.4273
2025-04-11 15:00:00,1342.9545
2025-04-11 15:10:00,1338.0534
2025-04-11 15:20:00,1346.1774
2025-04-11 15:30:00,1343.2831
2025-04-11 15:40:00,1338.3435
2025-04-11 15:50:00,1355.8750
2025-04-11 16:00:00,1355.3716
2025-04-11 16:10:00,1355.8750
2025-04-11 16:20:00,1338.8630
2025-04-11 16:30:00,1354.9795
2025-04-11 16:40:00,1366.8916
2025-04-11 16:50:00,1343.0596
2025-04-11 17:00:00,1354.7988
2025-04-11 17:10:00,1343.0300
2025-04-11 17:20:00,1339.3377
2025-04-11 17:30:00,1355.8750
2025-04-11 17:40:00,1343.0829
2025-04-11 17:50:00,1342.7676
2025-04-11 18:00:00,1343.2964
2025-04-11 18:10:00,1342.7325
2025-04-11 18:20:00,1346.5820
2025-04-11 18:30:00,1342.8733
2025-04-11 18:40:00,1339.3377
2025-04-11 18:50:00,1370.7156
2025-04-11 19:00:00,1339.0995
2025-04-11 19:10:00,1338.5237
2025-04-11 19:20:00,1354.9580
2025-04-11 19:30:00,1342.7325
2025-04-11 19:40:00,1354.7402
2025-04-11 19:50:00,1326.8571
2025-04-11 20:00:00,1360.5844
2025-04-11 20:10:00,1366.0107
2025-04-11 20:20:00,1361.0207
2025-04-11 20:30:00,1345.9275
2025-04-11 20:40:00,1365.0487
2025-04-11 20:50:00,1338.7361
2025-04-11 21:00:00,1354.7029
2025-04-11 21:10:00,1354.7888
2025-04-11 21:20:00,1345.9275
2025-04-11 21:30:00,1360.9616
2025-04-11 21:40:00,1345.9412
2025-04-11 21:50:00,1366.8594
2025-04-11 22:00:00,1346.8164
2025-04-11 22:10:00,1366.8660
2025-04-11 22:20:00,1339.1471
2025-04-11 22:30:00,1345.9059
2025-04-11 22:40:00,1339.2327
2025-04-11 22:50:00,1346.5114
2025-04-11 23:00:00,1370.6872
2025-04-11 23:10:00,1343.0246
2025-04-11 23:20:00,1334.1628
2025-04-11 23:30:00,1366.8516
2025-04-11 23:40:00,1360.9814
2025-04-11 23:50:00,1326.8571
2025-04-12 00:00:00,1326.8571
2025-04-12 00:10:00,1346.6488
2025-04-12 00:20:00,1355.8750
2025-04-12 00:30:00,1345.9059
2025-04-12 00:40:00,1338.5593
2025-04-12 00:50:00,1326.8571
2025-04-12 01:00:00,1345.9293
2025-04-12 01:10:00,1326.8571
2025-04-12 01:20:00,1345.8997
2025-04-12 01:30:00,1326.8571
2025-04-12 01:40:00,1326.8571
2025-04-12 01:50:00,1370.7471
2025-04-12 02:00:00,1355.8750
2025-04-12 02:10:00,1354.8462
2025-04-12 02:20:00,1338.8630
2025-04-12 02:30:00,1362.1093
2025-04-12 02:40:00,1366.9238
2025-04-12 02:50:00,1343.3321
2025-04-12 03:00:00,1354.6652
2025-04-12 03:10:00,1354.8554
2025-04-12 03:20:00,1345.9425
2025-04-12 03:30:00,1360.9601
2025-04-12 03:40:00,1366.9189
2025-04-12 03:50:00,1339.0536
2025-04-12 04:00:00,1342.9059
2025-04-12 04:10:00,1366.8607
2025-04-12 04:20:00,1370.7424
2025-04-12 04:30:00,1366.9177
2025-04-12 04:40:00,1354.7988
2025-04-12 04:50:00,1362.0974
2025-04-12 05:00:00,1355.8750
2025-04-12 05:10:00,1343.1726
2025-04-12 05:20:00,1338.3435
2025-04-12 05:30:00,1333.9605
2025-04-12 05:40:00,1346.6045
2025-04-12 05:50:00,1343.1665
2025-04-12 06:00:00,1366.9579
2025-04-12 06:10:00,1346.5224
2025-04-12 06:20:00,1342.8401
2025-04-12 06:30:00,1343.0300
2025-04-12 06:40:00,1346.5976
2025-04-12 06:50:00,1368.1199
2025-04-12 07:00:00,1342.9946
2025-04-12 07:10:00,1339.3653
2025-04-12 07:20:00,1346.5762
2025-04-12 07:30:00,1342.8357
2025-04-12 07:40:00,1339.3377
2025-04-12 07:50:00,1342.7676
2025-04-12 08:00:00,1339.3107
2025-04-12 08:10:00,1366.8529
2025-04-12 08:20:00,1368.1336
2025-04-12 08:30:00,1342.7676
2025-04-12 08:40:00,1326.8571
2025-04-12 08:50:00,1369.4963
2025-04-12 09:00:00,1339.4012
2025-04-12 09:10:00,1345.8997
2025-04-12 09:20:00,1345.9377
2025-04-12 09:30:00,1366.8865
2025-04-12 09:40:00,1346.1777
2025-04-12 09:50:00,1346.6208
2025-04-12 10:00:00,1360.9856
2025-04-12 10:10:00,1355.8750
2025-04-12 10:20:00,1345.8997
2025-04-12 10:30:00,1369.4871
2025-04-12 10:40:00,1345.8933
2025-04-12 10:50:00,1353.7301
2025-04-12 11:00:00,1355.8750
2025-04-12 11:10:00,1354.9687
2025-04-12 11:20:00,1346.6699
2025-04-12 11:30:00,1342.8687
2025-04-12 11:40:00,1339.1192
2025-04-12 11:50:00,1365.1121
2025-04-12 12:00:00,1345.9587
2025-04-12 12:10:00,1355.8750
2025-04-12 12:20:00,1354.9795
2025-04-12 12:30:00,1343.0596
2025-04-12 12:40:00,1343.1171
2025-04-12 12:50:00,1339.0648
2025-04-12 13:00:00,1366.5263
2025-04-12 13:10:00,1346.5916
2025-04-12 13:20:00,1346.5858
2025-04-12 13:30:00,1339.1230
2025-04-12 13:40:00,1343.2310
2025-04-12 13:50:00,1366.8928
2025-04-12 14:00:00,1370.7096
2025-04-12 14:10:00,1346.6670
2025-04-12 14:20:00,1343.1451
2025-04-12 14:30:00,1360.9341
2025-04-12 14:40:00,1346.6651
2025-04-12 14:50:00,1342.8401
2025-04-12 15:00:00,1343.0829
2025-04-12 15:10:00,1343.0300
2025-04-12 15:20:00,1342.8020
2025-04-12 15:30:00,1342.9640
2025-04-12 15:40:00,1355.8750
2025-04-12 15:50:00,1366.9238
2025-04-12 16:00:00,1353.7442
2025-04-12 16:10:00,1345.9361
2025-04-12 16:20:00,1369.4655
2025-04-12 16:30:00,1355.8750
2025-04-12 16:40:00,1366.9299
2025-04-12 16:50:00,1355.4899
2025-04-12 17:00:00,1369.4242
2025-04-12 17:10:00,1326.8571
2025-04-12 17:20:00,1346.6675
2025-04-12 17:30:00,1346.8250
2025-04-12 17:40:00,1366.4679
2025-04-12 17:50:00,1339.1590
2025-04-12 18:00:00,1339.0648
2025-04-12 18:10:00,1339.1831
2025-04-12 18:20:00,1354.8191
2025-04-12 18:30:00,1338.9782
2025-04-12 18:40:00,1354.6847
2025-04-12 18:50:00,1354.7308
2025-04-12 19:00:00,1339.1230
2025-04-12 19:10:00,1339.1230
2025-04-12 19:20:00,1343.1451
2025-04-12 19:30:00,1354.7214
2025-04-12 19:40:00,1354.7576
2025-04-12 19:50:00,1360.9480
2025-04-12 20:00:00,1326.8571
2025-04-12 20:10:00,1361.0507
2025-04-12 20:20:00,1345.9474
2025-04-12 20:30:00,1369.4700
2025-04-12 20:40:00,1343.4273
2025-04-12 20:50:00,1342.6966
2025-04-12 21:00:00,1342.9011
2025-04-12 21:10:00,1326.8571
2025-04-12 21:20:00,1342.9640
2025-04-12 21:30:00,1343.1380
2025-04-12 21:40:00,1342.9329
2025-04-12 21:50:00,1342.9919
2025-04-12 22:00:00,1339.3371
2025-04-12 22:10:00,1342.9999
2025-04-12 22:20:00,1354.7480
2025-04-12 22:30:00,1360.5948
2025-04-12 22:40:00,1343.0596
2025-04-12 22:50:00,1344.2728
2025-04-12 23:00:00,1337.4471
2025-04-12 23:10:00,1346.3737
2025-04-12 23:20:00,1346.3266
2025-04-12 23:30:00,1345.7635
2025-04-12 23:40:00,1337.6291
2025-04-12 23:50:00,1346.4893
2025-04-13 00:00:00,1326.8571
2025-04-13 00:10:00,1354.4353
2025-04-13 00:20:00,1337.3180
2025-04-13 00:30:00,1366.4157
2025-04-13 00:40:00,1326.8571
2025-04-13 00:50:00,1369.6470
2025-04-13 01:00:00,1370.7111
2025-04-13 01:10:00,1354.9176
2025-04-13 01:20:00,1355.8750
2025-04-13 01:30:00,1355.8750
2025-04-13 01:40:00,1369.4992
2025-04-13 01:50:00,1346.6420
2025-04-13 02:00:00,1338.9300
2025-04-13 02:10:00,1342.8061
2025-04-13 02:20:00,1342.8401
2025-04-13 02:30:00,1326.8571
2025-04-13 02:40:00,1355.8750
2025-04-13 02:50:00,1338.7368
2025-04-13 03:00:00,1345.9393
2025-04-13 03:10:00,1345.9293
2025-04-13 03:20:00,1343.2310
2025-04-13 03:30:00,1345.9275
2025-04-13 03:40:00,1345.9516
2025-04-13 03:50:00,1345.9441
2025-04-13 04:00:00,1345.9293
2025-04-13 04:10:00,1354.7594
2025-04-13 04:20:00,1342.9946
2025-04-13 04:30:00,1354.9580
2025-04-13 04:40:00,1355.8750
2025-04-13 04:50:00,1343.1451
2025-04-13 05:00:00,1370.7108
2025-04-13 05:10:00,1355.8750
2025-04-13 05:20:00,1346.6208
2025-04-13 05:30:00,1355.8750
2025-04-13 05:40:00,1346.6551
2025-04-13 05:50:00,1346.6488
2025-04-13 06:00:00,1355.8750
2025-04-13 06:10:00,1346.6403
2025-04-13 06:20:00,1346.6414
2025-04-13 06:30:00,1355.8750
2025-04-13 06:40:00,1346.1774
2025-04-13 06:50:00,1346.5433
2025-04-13 07:00:00,1355.8750
2025-04-13 07:10:00,1355.8750
2025-04-13 07:20:00,1345.9327
2025-04-13 07:30:00,1360.9944
2025-04-13 07:40:00,1339.2005
2025-04-13 07:50:00,1346.5224
2025-04-13 08:00:00,1355.8750
2025-04-13 08:10:00,1355.8750
2025-04-13 08:20:00,1339.5452
2025-04-13 08:30:00,1366.8801
2025-04-13 08:40:00,1326.8571
2025-04-13 08:50:00,1326.8571
2025-04-13 09:00:00,1326.8571
2025-04-13 09:10:00,1326.8571
2025-04-13 09:20:00,1326.8571
2025-04-13 09:30:00,1346.5936
2025-04-13 09:40:00,1346.4538
2025-04-13 09:50:00,1339.3371
2025-04-13 10:00:00,1362.2390
2025-04-13 10:10:00,1355.8750
2025-04-13 10:20:00,1346.5833
2025-04-13 10:30:00,1355.8750
2025-04-13 10:40:00,1346.5835
2025-04-13 10:50:00,1362.2160
2025-04-13 11:00:00,1362.2390
2025-04-13 11:10:00,1346.1772
2025-04-13 11:20:00,1346.5419
2025-04-13 11:30:00,1355.8750
2025-04-13 11:40:00,1342.9329
2025-04-13 11:50:00,1339.9173
2025-04-13 12:00:00,1355.3712
2025-04-13 12:10:00,1367.0758
2025-04-13 12:20:00,1339.9173
2025-04-13 12:30:00,1338.4558
2025-04-13 12:40:00,1339.2438
2025-04-13 12:50:00,1355.8750
2025-04-13 13:00:00,1346.4191
2025-04-13 13:10:00,1355.8750
2025-04-13 13:20:00,1346.4178
2025-04-13 13:30:00,1366.9973
2025-04-13 13:40:00,1346.1572
2025-04-13 13:50:00,1362.3677
2025-04-13 14:00:00,1355.8750
2025-04-13 14:10:00,1338.9909
2025-04-13 14:20:00,1342.9960
2025-04-13 14:30:00,1343.0788
2025-04-13 14:40:00,1355.8750
2025-04-13 14:50:00,1346.6651
2025-04-13 15:00:00,1346.6628
2025-04-13 15:10:00,1355.8750
2025-04-13 15:20:00,1338.8345
2025-04-13 15:30:00,1346.4137
2025-04-13 15:40:00,1342.8020
2025-04-13 15:50:00,1355.8750
2025-04-13 16:00:00,1343.0596
2025-04-13 16:10:00,1326.8571
2025-04-13 16:20:00,1365.1612
2025-04-13 16:30:00,1361.9334
2025-04-13 16:40:00,1346.3495
2025-04-13 16:50:00,1346.4618
2025-04-13 17:00:00,1360.6065
2025-04-13 17:10:00,1326.8571
2025-04-13 17:20:00,1355.8750
2025-04-13 17:30:00,1346.3185
2025-04-13 17:40:00,1346.7446
2025-04-13 17:50:00,1346.5839
2025-04-13 18:00:00,1345.9223
2025-04-13 18:10:00,1345.9153
2025-04-13 18:20:00,1361.0462
2025-04-13 18:30:00,1326.8571
2025-04-13 18:40:00,1354.8094
2025-04-13 18:50:00,1355.8750
2025-04-13 19:00:00,1346.4098
2025-04-13 19:10:00,1338.9300
2025-04-13 19:20:00,1346.4488
2025-04-13 19:30:00,1355.8750
2025-04-13 19:40:00,1345.8933
2025-04-13 19:50:00,1343.2148
2025-04-13 20:00:00,1346.6208
2025-04-13 20:10:00,1345.9189
2025-04-13 20:20:00,1346.5874
2025-04-13 20:30:00,1346.4931
2025-04-13 20:40:00,1343.1943
2025-04-13 20:50:00,1346.6215
2025-04-13 21:00:00,1346.3371
2025-04-13 21:10:00,1338.7137
2025-04-13 21:20:00,1346.5656
2025-04-13 21:30:00,1355.8750
2025-04-13 21:40:00,1369.4583
2025-04-13 21:50:00,1343.1675
2025-04-13 22:00:00,1355.8750
2025-04-13 22:10:00,1346.4618
2025-04-13 22:20:00,1355.8750
2025-04-13 22:30:00,1326.8571
2025-04-13 22:40:00,1326.8571
2025-04-13 22:50:00,1346.3495
2025-04-13 23:00:00,1326.8571
2025-04-13 23:10:00,1355.8750
2025-04-13 23:20:00,1355.8750
2025-04-13 23:30:00,1326.8571
2025-04-13 23:40:00,1361.0451
2025-04-13 23:50:00,1355.8750
2025-04-14 00:00:00,1365.2000
2025-04-14 00:10:00,1345.9054
2025-04-14 00:20:00,1346.4418
2025-04-14 00:30:00,1366.9434
2025-04-14 00:40:00,1346.6109
2025-04-14 00:50:00,1346.6588
2025-04-14 01:00:00,1366.9504
2025-04-14 01:10:00,1326.8571
2025-04-14 01:20:00,1345.9401
2025-04-14 01:30:00,1346.5522
2025-04-14 01:40:00,1345.9377
2025-04-14 01:50:00,1343.3457
2025-04-14 02:00:00,1354.7691
2025-04-14 02:10:00,1343.1347
2025-04-14 02:20:00,1343.2207
2025-04-14 02:30:00,1343.0007
2025-04-14 02:40:00,1346.6542
2025-04-14 02:50:00,1360.9341
2025-04-14 03:00:00,1361.0694
2025-04-14 03:10:00,1345.9309
2025-04-14 03:20:00,1355.8750
2025-04-14 03:30:00,1366.9006
2025-04-14 03:40:00,1343.4606
2025-04-14 03:50:00,1369.2165
2025-04-14 04:00:00,1342.9298
2025-04-14 04:10:00,1338.6106
2025-04-14 04:20:00,1345.9337
2025-04-14 04:30:00,1326.8571
2025-04-14 04:40:00,1346.5427
2025-04-14 04:50:00,1346.4936
2025-04-14 05:00:00,1346.5522
2025-04-14 05:10:00,1346.7301
2025-04-14 05:20:00,1326.8571
2025-04-14 05:30:00,1326.8571
2025-04-14 05:40:00,1362.0270
2025-04-14 05:50:00,1355.8750
2025-04-14 06:00:00,1355.8750
2025-04-14 06:10:00,1346.4212
2025-04-14 06:20:00,1346.4234
2025-04-14 06:30:00,1366.9314
2025-04-14 06:40:00,1367.0252
2025-04-14 06:50:00,1367.3777
2025-04-14 07:00:00,1326.8571
2025-04-14 07:10:00,1346.4156
2025-04-14 07:20:00,1326.8571
2025-04-14 07:30:00,1355.8750
2025-04-14 07:40:00,1346.4081
2025-04-14 07:50:00,1355.8750
2025-04-14 08:00:00,1354.7219
2025-04-14 08:10:00,1367.0916
2025-04-14 08:20:00,1354.8182
2025-04-14 08:30:00,1337.1712
2025-04-14 08:40:00,1346.3227
2025-04-14 08:50:00,1345.8017
2025-04-14 09:00:00,1337.5333
2025-04-14 09:10:00,1367.1826
2025-04-14 09:20:00,1346.5789
2025-04-14 09:30:00,1354.4900
2025-04-14 09:40:00,1354.9412
2025-04-14 09:50:00,1337.5059
2025-04-14 10:00:00,1326.8571
2025-04-14 10:10:00,1346.2794
2025-04-14 10:20:00,1361.0599
2025-04-14 10:30:00,1346.2721
2025-04-14 10:40:00,1346.5199
2025-04-14 10:50:00,1343.0007
2025-04-14 11:00:00,1346.5206
2025-04-14 11:10:00,1342.9960
2025-04-14 11:20:00,1355.4613
2025-04-14 11:30:00,1346.0641
2025-04-14 11:40:00,1361.0246
2025-04-14 11:50:00,1345.9464
2025-04-14 12:00:00,1346.0470
2025-04-14 12:10:00,1346.4981
2025-04-14 12:20:00,1346.0495
2025-04-14 12:30:00,1361.0210
2025-04-14 12:40:00,1345.9289
2025-04-14 12:50:00,1346.6473
2025-04-14 13:00:00,1346.3825
2025-04-14 13:10:00,1355.8750
2025-04-14 13:20:00,1345.9223
2025-04-14 13:30:00,1346.5427
2025-04-14 13:40:00,1326.8571
2025-04-14 13:50:00,1346.3666
2025-04-14 14:00:00,1326.8571
2025-04-14 14:10:00,1345.9223
2025-04-14 14:20:00,1345.9158
2025-04-14 14:30:00,1361.9510
2025-04-14 14:40:00,1346.3825
2025-04-14 14:50:00,1345.9054
2025-04-14 15:00:00,1365.1151
2025-04-14 15:10:00,1346.4156
2025-04-14 15:20:00,1346.3792
2025-04-14 15:30:00,1326.8571
2025-04-14 15:40:00,1326.8571
2025-04-14 15:50:00,1345.8937
2025-04-14 16:00:00,1346.0767
2025-04-14 16:10:00,1346.0767
2025-04-14 16:20:00,1326.8571
2025-04-14 16:30:00,1361.0462
2025-04-14 16:40:00,1360.6317
2025-04-14 16:50:00,1345.9223
2025-04-14 17:00:00,1342.9960
2025-04-14 17:10:00,1355.8750
2025-04-14 17:20:00,1346.6588
2025-04-14 17:30:00,1326.8571
2025-04-14 17:40:00,1355.8750
2025-04-14 17:50:00,1346.1567
2025-04-14 18:00:00,1346.0818
2025-04-14 18:10:00,1355.8750
2025-04-14 18:20:00,1346.4413
2025-04-14 18:30:00,1346.4156
2025-04-14 18:40:00,1345.8832
2025-04-14 18:50:00,1355.8750
2025-04-14 19:00:00,1326.8571
2025-04-14 19:10:00,1355.8750
2025-04-14 19:20:00,1355.8750
2025-04-14 19:30:00,1355.8750
2025-04-14 19:40:00,1345.9322
2025-04-14 19:50:00,1355.8750
2025-04-14 20:00:00,1345.9016
2025-04-14 20:10:00,1346.3887
2025-04-14 20:20:00,1360.9959
2025-04-14 20:30:00,1361.9510
2025-04-14 20:40:00,1326.8571
2025-04-14 20:50:00,1346.3887
2025-04-14 21:00:00,1326.8571
2025-04-14 21:10:00,1370.6339
2025-04-14 21:20:00,1346.6444
2025-04-14 21:30:00,1353.6822
2025-04-14 21:40:00,1345.9189
2025-04-14 21:50:00,1360.5904
2025-04-14 22:00:00,1353.6571
2025-04-14 22:10:00,1346.3250
2025-04-14 22:20:00,1345.8895
2025-04-14 22:30:00,1326.8571
2025-04-14 22:40:00,1326.8571
2025-04-14 22:50:00,1326.8571
2025-04-14 23:00:00,1326.8571
2025-04-14 23:10:00,1361.0332
2025-04-14 23:20:00,1346.0069
2025-04-14 23:30:00,1326.8571
2025-04-14 23:40:00,1345.9206
2025-04-14 23:50:00,1353.6822
2025-04-15 00:00:00,1355.8750
2025-04-15 00:10:00,1362.0797
2025-04-15 00:20:00,1345.9306
2025-04-15 00:30:00,1355.8750
2025-04-15 00:40:00,1353.6612
2025-04-15 00:50:00,1346.4234
2025-04-15 01:00:00,1355.8750
2025-04-15 01:10:00,1346.4893
2025-04-15 01:20:00,1345.9273
2025-04-15 01:30:00,1326.8571
2025-04-15 01:40:00,1345.9171
2025-04-15 01:50:00,1345.9158
2025-04-15 02:00:00,1345.9257
2025-04-15 02:10:00,1360.5725
2025-04-15 02:20:00,1326.8571
2025-04-15 02:30:00,1346.6588
2025-04-15 02:40:00,1361.0521
2025-04-15 02:50:00,1343.0841
2025-04-15 03:00:00,1345.9240
2025-04-15 03:10:00,1326.8571
2025-04-15 03:20:00,1345.9289
2025-04-15 03:30:00,1345.9257
2025-04-15 03:40:00,1345.9189
2025-04-15 03:50:00,1346.6588
2025-04-15 04:00:00,1361.0210
2025-04-15 04:10:00,1345.8853
2025-04-15 04:20:00,1360.6021
2025-04-15 04:30:00,1369.3135
2025-04-15 04:40:00,1326.8571
2025-04-15 04:50:00,1326.8571
2025-04-15 05:00:00,1326.8571
2025-04-15 05:10:00,1346.3738
2025-04-15 05:20:00,1369.4561
2025-04-15 05:30:00,1346.4822
2025-04-15 05:40:00,1326.8571
2025-04-15 05:50:00,1355.8750
2025-04-15 06:00:00,1326.8571
2025-04-15 06:10:00,1355.8750
2025-04-15 06:20:00,1338.9909
2025-04-15 06:30:00,1346.0818
2025-04-15 06:40:00,1361.0072
2025-04-15 06:50:00,1345.9223
2025-04-15 07:00:00,1361.0211
2025-04-15 07:10:00,1355.8750
2025-04-15 07:20:00,1339.0656
2025-04-15 07:30:00,1326.8571
2025-04-15 07:40:00,1346.3451
2025-04-15 07:50:00,1355.8750
2025-04-15 08:00:00,1343.1886
2025-04-15 08:10:00,1353.7219
2025-04-15 08:20:00,1346.4936
2025-04-15 08:30:00,1326.8571
2025-04-15 08:40:00,1354.9081
2025-04-15 08:50:00,1346.4822
2025-04-15 09:00:00,1346.0367
2025-04-15 09:10:00,1326.8571
2025-04-15 09:20:00,1345.9158
2025-04-15 09:30:00,1343.5795
2025-04-15 09:40:00,1355.8750
2025-04-15 09:50:00,1346.3887
2025-04-15 10:00:00,1355.8750
2025-04-15 10:10:00,1342.8662
2025-04-15 10:20:00,1361.9493
2025-04-15 10:30:00,1326.8571
2025-04-15 10:40:00,1345.9158
2025-04-15 10:50:00,1355.8750
2025-04-15 11:00:00,1326.8571
2025-04-15 11:10:00,1345.8810
2025-04-15 11:20:00,1362.1655
2025-04-15 11:30:00,1355.8750
2025-04-15 11:40:00,1365.1026
2025-04-15 11:50:00,1346.4218
2025-04-15 12:00:00,1346.4418
2025-04-15 12:10:00,1326.8571
2025-04-15 12:20:00,1345.9189
2025-04-15 12:30:00,1355.8750
2025-04-15 12:40:00,1326.8571
2025-04-15 12:50:00,1326.8571
2025-04-15 13:00:00,1345.8832
2025-04-15 13:10:00,1362.0519
2025-04-15 13:20:00,1361.9671
2025-04-15 13:30:00,1326.8571
2025-04-15 13:40:00,1346.3591
2025-04-15 13:50:00,1346.4245
2025-04-15 14:00:00,1355.8750
2025-04-15 14:10:00,1326.8571
2025-04-15 14:20:00,1355.8750
2025-04-15 14:30:00,1346.3726
2025-04-15 14:40:00,1346.6454
2025-04-15 14:50:00,1345.9016
2025-04-15 15:00:00,1355.8750
2025-04-15 15:10:00,1338.0935
2025-04-15 15:20:00,1326.8571
2025-04-15 15:30:00,1360.9830
2025-04-15 15:40:00,1326.8571
2025-04-15 15:50:00,1346.6652
2025-04-15 16:00:00,1345.9276
2025-04-15 16:10:00,1345.8916
2025-04-15 16:20:00,1326.8571
2025-04-15 16:30:00,1345.8996
2025-04-15 16:40:00,1354.8395
2025-04-15 16:50:00,1355.8750
2025-04-15 17:00:00,1346.4386
2025-04-15 17:10:00,1346.1479
2025-04-15 17:20:00,1362.2005
2025-04-15 17:30:00,1346.4067
2025-04-15 17:40:00,1346.4836
2025-04-15 17:50:00,1346.1067
2025-04-15 18:00:00,1346.0979
2025-04-15 18:10:00,1361.4378
2025-04-15 18:20:00,1326.8571
2025-04-15 18:30:00,1345.4485
2025-04-15 18:40:00,1346.4672
2025-04-15 18:50:00,1344.2068
2025-04-15 19:00:00,1344.0197
2025-04-15 19:10:00,1343.6704
2025-04-15 19:20:00,1355.8750
2025-04-15 19:30:00,1346.2811
2025-04-15 19:40:00,1355.8750
2025-04-15 19:50:00,1326.8571
2025-04-15 20:00:00,1355.8750
2025-04-15 20:10:00,1346.4871
2025-04-15 20:20:00,1326.8571
2025-04-15 20:30:00,1346.0767
2025-04-15 20:40:00,1346.6612
2025-04-15 20:50:00,1346.3891
2025-04-15 21:00:00,1345.8874
2025-04-15 21:10:00,1360.9608
2025-04-15 21:20:00,1353.6822
2025-04-15 21:30:00,1346.5087
2025-04-15 21:40:00,1346.3488
2025-04-15 21:50:00,1355.8750
2025-04-15 22:00:00,1346.4488
2025-04-15 22:10:00,1326.8571
2025-04-15 22:20:00,1369.4517
2025-04-15 22:30:00,1326.8571
2025-04-15 22:40:00,1346.4546
2025-04-15 22:50:00,1346.2302
2025-04-15 23:00:00,1345.8810
2025-04-15 23:10:00,1346.2933
2025-04-15 23:20:00,1345.9117
2025-04-15 23:30:00,1345.9189
2025-04-15 23:40:00,1326.8571
2025-04-15 23:50:00,1361.0160
2025-04-16 00:00:00,1360.6473
2025-04-16 00:10:00,1346.4983
2025-04-16 00:20:00,1360.9765
2025-04-16 00:30:00,1360.6064
2025-04-16 00:40:00,1360.6021
2025-04-16 00:50:00,1345.9223
2025-04-16 01:00:00,1360.5725
2025-04-16 01:10:00,1345.9257
2025-04-16 01:20:00,1346.1099
2025-04-16 01:30:00,1366.1060
2025-04-16 01:40:00,1345.9293
2025-04-16 01:50:00,1345.9240
2025-04-16 02:00:00,1361.0148
2025-04-16 02:10:00,1346.1072
2025-04-16 02:20:00,1326.8571
2025-04-16 02:30:00,1346.5206
2025-04-16 02:40:00,1346.3825
2025-04-16 02:50:00,1326.8571
2025-04-16 03:00:00,1355.8750
2025-04-16 03:10:00,1361.0086
2025-04-16 03:20:00,1345.9226
2025-04-16 03:30:00,1345.9240
2025-04-16 03:40:00,1355.8750
2025-04-16 03:50:00,1360.5962
2025-04-16 04:00:00,1326.8571
2025-04-16 04:10:00,1345.9293
2025-04-16 04:20:00,1355.8750
2025-04-16 04:30:00,1346.4908
2025-04-16 04:40:00,1360.9959
2025-04-16 04:50:00,1326.8571
2025-04-16 05:00:00,1326.8571
2025-04-16 05:10:00,1355.8750
2025-04-16 05:20:00,1345.9035
2025-04-16 05:30:00,1326.8571
2025-04-16 05:40:00,1338.8345
2025-04-16 05:50:00,1355.8750
2025-04-16 06:00:00,1346.3825
2025-04-16 06:10:00,1346.5427
2025-04-16 06:20:00,1346.3371
2025-04-16 06:30:00,1346.4618
2025-04-16 06:40:00,1326.8571
2025-04-16 06:50:00,1345.9054
2025-04-16 07:00:00,1346.4473
2025-04-16 07:10:00,1346.4488
2025-04-16 07:20:00,1355.8750
2025-04-16 07:30:00,1346.1572
2025-04-16 07:40:00,1355.8750
2025-04-16 07:50:00,1326.8571
2025-04-16 08:00:00,1353.6908
2025-04-16 08:10:00,1346.4223
2025-04-16 08:20:00,1346.2243
2025-04-16 08:30:00,1345.9464
2025-04-16 08:40:00,1326.8571
2025-04-16 08:50:00,1326.8571
2025-04-16 09:00:00,1346.4966
2025-04-16 09:10:00,1345.8996
2025-04-16 09:20:00,1346.3250
2025-04-16 09:30:00,1354.8478
2025-04-16 09:37:30,1362.2819
2025-04-16 09:37:31,0.0000
2025-04-16 09:40:00,0.0000
2025-04-16 09:50:00,0.0000
2025-04-16 09:52:03,0.0000
2025-04-16 10:00:00,0.0000
2025-04-16 10:10:00,0.0000
2025-04-16 10:20:00,0.0000
2025-04-16 10:30:00,0.0000
2025-04-16 10:40:00,0.0000
2025-04-16 10:50:00,0.0000
2025-04-16 11:00:00,0.0000
2025-04-16 11:10:00,0.0000
2025-04-16 11:20:00,0.0000
2025-04-16 11:30:00,0.0000
2025-04-16 11:40:00,0.0000
2025-04-16 11:50:00,0.0000
2025-04-16 12:00:00,0.0000
2025-04-16 12:10:00,0.0000
2025-04-16 12:20:00,0.0000
2025-04-16 12:30:00,0.0000
2025-04-16 12:40:00,0.0000
2025-04-16 12:50:00,0.0000
2025-04-16 13:00:00,0.0000
2025-04-16 13:10:00,0.0000
2025-04-16 13:20:00,0.0000
2025-04-16 13:30:00,0.0000
2025-04-16 13:40:00,0.0000
2025-04-16 13:50:00,0.0000
2025-04-16 14:00:00,0.0000
2025-04-16 14:10:00,0.0000
2025-04-16 14:20:00,0.0000
2025-04-16 14:30:00,0.0000
2025-04-16 14:40:00,0.0000
2025-04-16 14:50:00,0.0000
2025-04-16 15:00:00,0.0000
2025-04-16 15:10:00,0.0000
2025-04-16 15:20:00,0.0000
2025-04-16 15:30:00,0.0000
2025-04-16 15:40:00,0.0000
2025-04-16 15:50:00,0.0000
2025-04-16 16:00:00,0.0000
2025-04-16 16:10:00,0.0000
2025-04-16 16:20:00,0.0000
2025-04-16 16:30:00,0.0000
2025-04-16 16:40:00,0.0000
2025-04-16 16:50:00,0.0000
2025-04-16 17:00:00,0.0000
2025-04-16 17:10:00,0.0000
2025-04-16 17:20:00,0.0000
2025-04-16 17:30:00,0.0000
2025-04-16 17:40:00,0.0000
2025-04-16 17:50:00,0.0000
2025-04-16 18:00:00,0.0000
2025-04-16 18:10:00,0.0000
2025-04-16 18:20:00,0.0000
2025-04-16 18:30:00,0.0000
2025-04-16 18:40:00,0.0000
2025-04-16 18:50:00,0.0000
2025-04-16 19:00:00,0.0000
2025-04-16 19:10:00,0.0000
2025-04-16 19:20:00,0.0000
2025-04-16 19:30:00,0.0000
2025-04-16 19:40:00,0.0000
2025-04-16 19:50:00,0.0000
2025-04-16 20:00:00,0.0000
2025-04-16 20:10:00,0.0000
2025-04-16 20:20:00,0.0000
2025-04-16 20:30:00,0.0000
2025-04-16 20:40:00,0.0000
2025-04-16 20:50:00,0.0000
2025-04-16 21:00:00,0.0000
2025-04-16 21:10:00,0.0000
2025-04-16 21:20:00,0.0000
2025-04-16 21:30:00,0.0000
2025-04-16 21:40:00,0.0000
2025-04-16 21:50:00,0.0000
2025-04-16 22:00:00,0.0000
2025-04-16 22:10:00,0.0000
2025-04-16 22:20:00,0.0000
2025-04-16 22:30:00,0.0000
2025-04-16 22:40:00,0.0000
2025-04-16 22:50:00,0.0000
2025-04-16 23:00:00,0.0000
2025-04-16 23:10:00,0.0000
2025-04-16 23:20:00,0.0000
2025-04-16 23:30:00,0.0000
2025-04-16 23:40:00,0.0000
2025-04-16 23:50:00,0.0000
2025-04-17 00:00:00,0.0000
2025-04-17 00:10:00,0.0000
2025-04-17 00:20:00,0.0000
2025-04-17 00:30:00,0.0000
2025-04-17 00:40:00,0.0000
2025-04-17 00:50:00,0.0000
2025-04-17 01:00:00,0.0000
2025-04-17 01:10:00,0.0000
2025-04-17 01:20:00,0.0000
2025-04-17 01:30:00,0.0000
2025-04-17 01:40:00,0.0000
2025-04-17 01:50:00,0.0000
2025-04-17 02:00:00,0.0000
2025-04-17 02:10:00,0.0000
2025-04-17 02:20:00,0.0000
2025-04-17 02:30:00,0.0000
2025-04-17 02:40:00,0.0000
2025-04-17 02:50:00,0.0000
2025-04-17 03:00:00,0.0000
2025-04-17 03:10:00,0.0000
2025-04-17 03:20:00,0.0000
2025-04-17 03:30:00,0.0000
2025-04-17 03:40:00,0.0000
2025-04-17 03:50:00,0.0000
2025-04-17 04:00:00,0.0000
2025-04-17 04:10:00,0.0000
2025-04-17 04:20:00,0.0000
2025-04-17 04:30:00,0.0000
2025-04-17 04:40:00,0.0000
2025-04-17 04:50:00,0.0000
2025-04-17 05:00:00,0.0000
2025-04-17 05:10:00,0.0000
2025-04-17 05:20:00,0.0000
2025-04-17 05:30:00,0.0000
2025-04-17 05:40:00,0.0000
2025-04-17 05:50:00,0.0000
2025-04-17 06:00:00,0.0000
2025-04-17 06:10:00,0.0000
2025-04-17 06:20:00,0.0000
2025-04-17 06:30:00,0.0000
2025-04-17 06:40:00,0.0000
2025-04-17 06:50:00,0.0000
2025-04-17 07:00:00,0.0000
2025-04-17 07:10:00,0.0000
2025-04-17 07:20:00,0.0000
2025-04-17 07:30:00,0.0000
2025-04-17 07:40:00,0.0000
2025-04-17 07:50:00,0.0000
2025-04-17 08:00:00,0.0000
2025-04-17 08:10:00,0.0000
2025-04-17 08:20:00,0.0000
2025-04-17 08:30:00,0.0000
2025-04-17 08:40:00,0.0000
2025-04-17 08:50:00,0.0000
2025-04-17 09:00:00,0.0000
2025-04-17 09:10:00,0.0000
2025-04-17 09:20:00,0.0000
2025-04-17 09:30:00,0.0000
2025-04-17 09:40:00,0.0000
2025-04-17 09:50:00,0.0000
2025-04-17 10:00:00,0.0000
2025-04-17 10:10:00,0.0000
2025-04-17 10:20:00,0.0000
2025-04-17 10:30:00,0.0000
2025-04-17 10:40:00,0.0000
2025-04-17 10:50:00,0.0000
2025-04-17 11:00:00,0.0000
2025-04-17 11:10:00,0.0000
2025-04-17 11:20:00,0.0000
2025-04-17 11:30:00,0.0000
2025-04-17 11:40:00,0.0000
2025-04-17 11:50:00,0.0000
2025-04-17 12:00:00,0.0000
2025-04-17 12:10:00,0.0000
2025-04-17 12:20:00,0.0000
2025-04-17 12:30:00,0.0000
2025-04-17 12:40:00,0.0000
2025-04-17 12:50:00,0.0000
2025-04-17 13:00:00,0.0000
2025-04-17 13:10:00,0.0000
2025-04-17 13:20:00,0.0000
2025-04-17 13:30:00,0.0000
2025-04-17 13:40:00,0.0000
2025-04-17 13:50:00,0.0000
2025-04-17 14:00:00,0.0000
2025-04-17 14:10:00,0.0000
2025-04-17 14:20:00,0.0000
2025-04-17 14:30:00,0.0000
2025-04-17 14:40:00,0.0000
2025-04-17 14:50:00,0.0000
2025-04-17 15:00:00,0.0000
2025-04-17 15:10:00,0.0000
2025-04-17 15:20:00,0.0000
2025-04-17 15:30:00,0.0000
2025-04-17 15:40:00,0.0000
2025-04-17 15:50:00,0.0000
2025-04-17 16:00:00,0.0000
2025-04-17 16:10:00,0.0000
2025-04-17 16:20:00,0.0000
2025-04-17 16:30:00,0.0000
2025-04-17 16:40:00,0.0000
2025-04-17 16:50:00,0.0000
2025-04-17 17:00:00,0.0000
2025-04-17 17:10:00,0.0000
2025-04-17 17:20:00,0.0000
2025-04-17 17:30:00,0.0000
2025-04-17 17:40:00,0.0000
2025-04-17 17:50:00,0.0000
2025-04-17 18:00:00,0.0000
2025-04-17 18:10:00,0.0000
2025-04-17 18:20:00,0.0000
2025-04-17 18:30:00,0.0000
2025-04-17 18:40:00,0.0000
2025-04-17 18:50:00,0.0000
2025-04-17 19:00:00,0.0000
2025-04-17 19:10:00,0.0000
2025-04-17 19:20:00,0.0000
2025-04-17 19:30:00,0.0000
2025-04-17 19:40:00,0.0000
2025-04-17 19:50:00,0.0000
2025-04-17 20:00:00,0.0000
2025-04-17 20:10:00,0.0000
2025-04-17 20:20:00,0.0000
2025-04-17 20:30:00,0.0000
2025-04-17 20:40:00,0.0000
2025-04-17 20:50:00,0.0000
2025-04-17 21:00:00,0.0000
2025-04-17 21:10:00,0.0000
2025-04-17 21:20:00,0.0000
2025-04-17 21:30:00,0.0000
2025-04-17 21:40:00,0.0000
2025-04-17 21:50:00,0.0000
2025-04-17 22:00:00,0.0000
2025-04-17 22:10:00,0.0000
2025-04-17 22:20:00,0.0000
2025-04-17 22:30:00,0.0000
2025-04-17 22:40:00,0.0000
2025-04-17 22:50:00,0.0000
2025-04-17 23:00:00,0.0000
2025-04-17 23:10:00,0.0000
2025-04-17 23:20:00,0.0000
2025-04-17 23:30:00,0.0000
2025-04-17 23:40:00,0.0000
2025-04-17 23:50:00,0.0000
2025-04-18 00:00:00,0.0000
2025-04-18 00:10:00,0.0000
2025-04-18 00:20:00,0.0000
2025-04-18 00:30:00,0.0000
2025-04-18 00:40:00,0.0000
2025-04-18 00:50:00,0.0000
2025-04-18 01:00:00,0.0000
2025-04-18 01:10:00,0.0000
2025-04-18 01:20:00,0.0000
2025-04-18 01:30:00,0.0000
2025-04-18 01:40:00,0.0000
2025-04-18 01:50:00,0.0000
2025-04-18 02:00:00,0.0000
2025-04-18 02:10:00,0.0000
2025-04-18 02:20:00,0.0000
2025-04-18 02:30:00,0.0000
2025-04-18 02:40:00,0.0000
2025-04-18 02:50:00,0.0000
2025-04-18 03:00:00,0.0000
2025-04-18 03:10:00,0.0000
2025-04-18 03:20:00,0.0000
2025-04-18 03:30:00,0.0000
2025-04-18 03:40:00,0.0000
2025-04-18 03:50:00,0.0000
2025-04-18 04:00:00,0.0000
2025-04-18 04:10:00,0.0000
2025-04-18 04:20:00,0.0000
2025-04-18 04:30:00,0.0000
2025-04-18 04:40:00,0.0000
2025-04-18 04:50:00,0.0000
2025-04-18 05:00:00,0.0000
2025-04-18 05:10:00,0.0000
2025-04-18 05:20:00,0.0000
2025-04-18 05:30:00,0.0000
2025-04-18 05:40:00,0.0000
2025-04-18 05:50:00,0.0000
2025-04-18 06:00:00,0.0000
2025-04-18 06:10:00,0.0000
2025-04-18 06:20:00,0.0000
2025-04-18 06:30:00,0.0000
2025-04-18 06:40:00,0.0000
2025-04-18 06:50:00,0.0000
2025-04-18 07:00:00,0.0000
2025-04-18 07:10:00,0.0000
2025-04-18 07:20:00,0.0000
2025-04-18 07:30:00,0.0000
2025-04-18 07:40:00,0.0000
2025-04-18 07:50:00,0.0000
2025-04-18 08:00:00,0.0000
2025-04-18 08:10:00,0.0000
2025-04-18 08:20:00,0.0000
2025-04-18 08:30:00,0.0000
2025-04-18 08:40:00,0.0000
2025-04-18 08:50:00,0.0000
2025-04-18 09:00:00,0.0000
2025-04-18 09:10:00,0.0000
2025-04-18 09:20:00,0.0000
2025-04-18 09:30:00,0.0000
2025-04-18 09:40:00,0.0000
2025-04-18 09:50:00,0.0000
2025-04-18 10:00:00,0.0000
2025-04-18 10:10:00,0.0000
2025-04-18 10:20:00,0.0000
2025-04-18 10:30:00,0.0000
2025-04-18 10:40:00,0.0000
2025-04-18 10:50:00,0.0000
2025-04-18 11:00:00,0.0000
2025-04-18 11:10:00,0.0000
2025-04-18 11:20:00,0.0000
2025-04-18 11:30:00,0.0000
2025-04-18 11:40:00,0.0000
2025-04-18 11:50:00,0.0000
2025-04-18 12:00:00,0.0000
2025-04-18 12:10:00,0.0000
2025-04-18 12:20:00,0.0000
2025-04-18 12:30:00,0.0000
2025-04-18 12:40:00,0.0000
2025-04-18 12:50:00,0.0000
2025-04-18 13:00:00,0.0000
2025-04-18 13:10:00,0.0000
2025-04-18 13:20:00,0.0000
2025-04-18 13:30:00,0.0000
2025-04-18 13:40:00,0.0000
2025-04-18 13:50:00,0.0000
2025-04-18 14:00:00,0.0000
2025-04-18 14:10:00,0.0000
2025-04-18 14:20:00,0.0000
2025-04-18 14:30:00,0.0000
2025-04-18 14:40:00,0.0000
2025-04-18 14:50:00,0.0000
2025-04-18 15:00:00,0.0000
2025-04-18 15:10:00,0.0000
2025-04-18 15:20:00,0.0000
2025-04-18 15:30:00,0.0000
2025-04-18 15:40:00,0.0000
2025-04-18 15:50:00,0.0000
2025-04-18 16:00:00,0.0000
2025-04-18 16:10:00,0.0000
2025-04-18 16:20:00,0.0000
2025-04-18 16:30:00,0.0000
2025-04-18 16:40:00,0.0000
2025-04-18 16:50:00,0.0000
2025-04-18 17:00:00,0.0000
2025-04-18 17:10:00,0.0000
2025-04-18 17:20:00,0.0000
2025-04-18 17:30:00,0.0000
2025-04-18 17:40:00,0.0000
2025-04-18 17:50:00,0.0000
2025-04-18 18:00:00,0.0000
2025-04-18 18:10:00,0.0000
2025-04-18 18:20:00,0.0000
2025-04-18 18:30:00,0.0000
2025-04-18 18:40:00,0.0000
2025-04-18 18:50:00,0.0000
2025-04-18 19:00:00,0.0000
2025-04-18 19:10:00,0.0000
2025-04-18 19:20:00,0.0000
2025-04-18 19:30:00,0.0000
2025-04-18 19:40:00,0.0000
2025-04-18 19:50:00,0.0000
2025-04-18 20:00:00,0.0000
2025-04-18 20:10:00,0.0000
2025-04-18 20:20:00,0.0000
2025-04-18 20:30:00,0.0000
2025-04-18 20:40:00,0.0000
2025-04-18 20:50:00,0.0000
2025-04-18 21:00:00,0.0000
2025-04-18 21:10:00,0.0000
2025-04-18 21:20:00,0.0000
2025-04-18 21:30:00,0.0000
2025-04-18 21:40:00,0.0000
2025-04-18 21:50:00,0.0000
2025-04-18 22:00:00,0.0000
2025-04-18 22:10:00,0.0000
2025-04-18 22:20:00,0.0000
2025-04-18 22:30:00,0.0000
2025-04-18 22:40:00,0.0000
2025-04-18 22:50:00,0.0000
2025-04-18 23:00:00,0.0000
2025-04-18 23:10:00,0.0000
2025-04-18 23:20:00,0.0000
2025-04-18 23:30:00,0.0000
2025-04-18 23:40:00,0.0000
2025-04-18 23:50:00,0.0000
2025-04-19 00:00:00,0.0000
2025-04-19 00:10:00,0.0000
2025-04-19 00:20:00,0.0000
2025-04-19 00:30:00,0.0000
2025-04-19 00:40:00,0.0000
2025-04-19 00:50:00,0.0000
2025-04-19 01:00:00,0.0000
2025-04-19 01:10:00,0.0000
2025-04-19 01:20:00,0.0000
2025-04-19 01:30:00,0.0000
2025-04-19 01:40:00,0.0000
2025-04-19 01:50:00,0.0000
2025-04-19 02:00:00,0.0000
2025-04-19 02:10:00,0.0000
2025-04-19 02:20:00,0.0000
2025-04-19 02:30:00,0.0000
2025-04-19 02:40:00,0.0000
2025-04-19 02:50:00,0.0000
2025-04-19 03:00:00,0.0000
2025-04-19 03:10:00,0.0000
2025-04-19 03:20:00,0.0000
2025-04-19 03:30:00,0.0000
2025-04-19 03:40:00,0.0000
2025-04-19 03:50:00,0.0000
2025-04-19 04:00:00,0.0000
2025-04-19 04:10:00,0.0000
2025-04-19 04:20:00,0.0000
2025-04-19 04:30:00,0.0000
2025-04-19 04:40:00,0.0000
2025-04-19 04:50:00,0.0000
2025-04-19 05:00:00,0.0000
2025-04-19 05:10:00,0.0000
2025-04-19 05:20:00,0.0000
2025-04-19 05:30:00,0.0000
2025-04-19 05:40:00,0.0000
2025-04-19 05:50:00,0.0000
2025-04-19 06:00:00,0.0000
2025-04-19 06:10:00,0.0000
2025-04-19 06:20:00,0.0000
2025-04-19 06:30:00,0.0000
2025-04-19 06:40:00,0.0000
2025-04-19 06:50:00,0.0000
2025-04-19 07:00:00,0.0000
2025-04-19 07:10:00,0.0000
2025-04-19 07:20:00,0.0000
2025-04-19 07:30:00,0.0000
2025-04-19 07:40:00,0.0000
2025-04-19 07:50:00,0.0000
2025-04-19 08:00:00,0.0000
2025-04-19 08:10:00,0.0000
2025-04-19 08:20:00,0.0000
2025-04-19 08:30:00,0.0000
2025-04-19 08:40:00,0.0000
2025-04-19 08:50:00,0.0000
2025-04-19 09:00:00,0.0000
2025-04-19 09:10:00,0.0000
2025-04-19 09:20:00,0.0000
2025-04-19 09:30:00,0.0000
2025-04-19 09:40:00,0.0000
2025-04-19 09:50:00,0.0000
2025-04-19 10:00:00,0.0000
2025-04-19 10:10:00,0.0000
2025-04-19 10:20:00,0.0000
2025-04-19 10:30:00,0.0000
2025-04-19 10:40:00,0.0000
2025-04-19 10:50:00,0.0000
2025-04-19 11:00:00,0.0000
2025-04-19 11:10:00,0.0000
2025-04-19 11:20:00,0.0000
2025-04-19 11:30:00,0.0000
2025-04-19 11:40:00,0.0000
2025-04-19 11:50:00,0.0000
2025-04-19 12:00:00,0.0000
2025-04-19 12:10:00,0.0000
2025-04-19 12:20:00,0.0000
2025-04-19 12:30:00,0.0000
2025-04-19 12:40:00,0.0000
2025-04-19 12:50:00,0.0000
2025-04-19 13:00:00,0.0000
2025-04-19 13:10:00,0.0000
2025-04-19 13:20:00,0.0000
2025-04-19 13:30:00,0.0000
2025-04-19 13:40:00,0.0000
2025-04-19 13:50:00,0.0000
2025-04-19 14:00:00,0.0000
2025-04-19 14:10:00,0.0000
2025-04-19 14:20:00,0.0000
2025-04-19 14:30:00,0.0000
2025-04-19 14:40:00,0.0000
2025-04-19 14:50:00,0.0000
2025-04-19 15:00:00,0.0000
2025-04-19 15:10:00,0.0000
2025-04-19 15:20:00,0.0000
2025-04-19 15:30:00,0.0000
2025-04-19 15:40:00,0.0000
2025-04-19 15:50:00,0.0000
2025-04-19 16:00:00,0.0000
2025-04-19 16:10:00,0.0000
2025-04-19 16:20:00,0.0000
2025-04-19 16:30:00,0.0000
2025-04-19 16:40:00,0.0000
2025-04-19 16:50:00,0.0000
2025-04-19 17:00:00,0.0000
2025-04-19 17:10:00,0.0000
2025-04-19 17:20:00,0.0000
2025-04-19 17:30:00,0.0000
2025-04-19 17:40:00,0.0000
2025-04-19 17:50:00,0.0000
2025-04-19 18:00:00,0.0000
2025-04-19 18:10:00,0.0000
2025-04-19 18:20:00,0.0000
2025-04-19 18:30:00,0.0000
2025-04-19 18:40:00,0.0000
2025-04-19 18:50:00,0.0000
2025-04-19 19:00:00,0.0000
2025-04-19 19:10:00,0.0000
2025-04-19 19:20:00,0.0000
2025-04-19 19:30:00,0.0000
2025-04-19 19:40:00,0.0000
2025-04-19 19:50:00,0.0000
2025-04-19 20:00:00,0.0000
2025-04-19 20:10:00,0.0000
2025-04-19 20:20:00,0.0000
2025-04-19 20:30:00,0.0000
2025-04-19 20:40:00,0.0000
2025-04-19 20:50:00,0.0000
2025-04-19 21:00:00,0.0000
2025-04-19 21:10:00,0.0000
2025-04-19 21:20:00,0.0000
2025-04-19 21:30:00,0.0000
2025-04-19 21:40:00,0.0000
2025-04-19 21:50:00,0.0000
2025-04-19 22:00:00,0.0000
2025-04-19 22:10:00,0.0000
2025-04-19 22:20:00,0.0000
2025-04-19 22:30:00,0.0000
2025-04-19 22:40:00,0.0000
2025-04-19 22:50:00,0.0000
2025-04-19 23:00:00,0.0000
2025-04-19 23:10:00,0.0000
2025-04-19 23:20:00,0.0000
2025-04-19 23:30:00,0.0000
2025-04-19 23:40:00,0.0000
2025-04-19 23:50:00,0.0000
2025-04-20 00:00:00,0.0000
2025-04-20 00:10:00,0.0000
2025-04-20 00:20:00,0.0000
2025-04-20 00:30:00,0.0000
2025-04-20 00:40:00,0.0000
2025-04-20 00:50:00,0.0000
2025-04-20 01:00:00,0.0000
2025-04-20 01:10:00,0.0000
2025-04-20 01:20:00,0.0000
2025-04-20 01:30:00,0.0000
2025-04-20 01:40:00,0.0000
2025-04-20 01:50:00,0.0000
2025-04-20 02:00:00,0.0000
2025-04-20 02:10:00,0.0000
2025-04-20 02:20:00,0.0000
2025-04-20 02:30:00,0.0000
2025-04-20 02:40:00,0.0000
2025-04-20 02:50:00,0.0000
2025-04-20 03:00:00,0.0000
2025-04-20 03:10:00,0.0000
2025-04-20 03:20:00,0.0000
2025-04-20 03:30:00,0.0000
2025-04-20 03:40:00,0.0000
2025-04-20 03:50:00,0.0000
2025-04-20 04:00:00,0.0000
2025-04-20 04:10:00,0.0000
2025-04-20 04:20:00,0.0000
2025-04-20 04:30:00,0.0000
2025-04-20 04:40:00,0.0000
2025-04-20 04:50:00,0.0000
2025-04-20 05:00:00,0.0000
2025-04-20 05:10:00,0.0000
2025-04-20 05:20:00,0.0000
2025-04-20 05:30:00,0.0000
2025-04-20 05:40:00,0.0000
2025-04-20 05:50:00,0.0000
2025-04-20 06:00:00,0.0000
2025-04-20 06:10:00,0.0000
2025-04-20 06:20:00,0.0000
2025-04-20 06:30:00,0.0000
2025-04-20 06:40:00,0.0000
2025-04-20 06:50:00,0.0000
2025-04-20 07:00:00,0.0000
2025-04-20 07:10:00,0.0000
2025-04-20 07:20:00,0.0000
2025-04-20 07:30:00,0.0000
2025-04-20 07:40:00,0.0000
2025-04-20 07:50:00,0.0000
2025-04-20 08:00:00,0.0000
2025-04-20 08:10:00,0.0000
2025-04-20 08:20:00,0.0000
2025-04-20 08:30:00,0.0000
2025-04-20 08:40:00,0.0000
2025-04-20 08:50:00,0.0000
2025-04-20 09:00:00,0.0000
2025-04-20 09:10:00,0.0000
2025-04-20 09:20:00,0.0000
2025-04-20 09:30:00,0.0000
2025-04-20 09:40:00,0.0000
2025-04-20 09:50:00,0.0000
2025-04-20 10:00:00,0.0000
2025-04-20 10:10:00,0.0000
2025-04-20 10:20:00,0.0000
2025-04-20 10:30:00,0.0000
2025-04-20 10:40:00,0.0000
2025-04-20 10:50:00,0.0000
2025-04-20 11:00:00,0.0000
2025-04-20 11:10:00,0.0000
2025-04-20 11:20:00,0.0000
2025-04-20 11:30:00,0.0000
2025-04-20 11:40:00,0.0000
2025-04-20 11:50:00,0.0000
2025-04-20 12:00:00,0.0000
2025-04-20 12:10:00,0.0000
2025-04-20 12:20:00,0.0000
2025-04-20 12:30:00,0.0000
2025-04-20 12:40:00,0.0000
2025-04-20 12:50:00,0.0000
2025-04-20 13:00:00,0.0000
2025-04-20 13:10:00,0.0000
2025-04-20 13:20:00,0.0000
2025-04-20 13:30:00,0.0000
2025-04-20 13:40:00,0.0000
2025-04-20 13:50:00,0.0000
2025-04-20 14:00:00,0.0000
2025-04-20 14:10:00,0.0000
2025-04-20 14:20:00,0.0000
2025-04-20 14:30:00,0.0000
2025-04-20 14:40:00,0.0000
2025-04-20 14:50:00,0.0000
2025-04-20 15:00:00,0.0000
2025-04-20 15:10:00,0.0000
2025-04-20 15:20:00,0.0000
2025-04-20 15:30:00,0.0000
2025-04-20 15:40:00,0.0000
2025-04-20 15:50:00,0.0000
2025-04-20 16:00:00,0.0000
2025-04-20 16:10:00,0.0000
2025-04-20 16:20:00,0.0000
2025-04-20 16:30:00,0.0000
2025-04-20 16:40:00,0.0000
2025-04-20 16:50:00,0.0000
2025-04-20 17:00:00,0.0000
2025-04-20 17:10:00,0.0000
2025-04-20 17:20:00,0.0000
2025-04-20 17:30:00,0.0000
2025-04-20 17:40:00,0.0000
2025-04-20 17:50:00,0.0000
2025-04-20 18:00:00,0.0000
2025-04-20 18:10:00,0.0000
2025-04-20 18:20:00,0.0000
2025-04-20 18:30:00,0.0000
2025-04-20 18:40:00,0.0000
2025-04-20 18:50:00,0.0000
2025-04-20 19:00:00,0.0000
2025-04-20 19:10:00,0.0000
2025-04-20 19:20:00,0.0000
2025-04-20 19:30:00,0.0000
2025-04-20 19:40:00,0.0000
2025-04-20 19:50:00,0.0000
2025-04-20 20:00:00,0.0000
2025-04-20 20:10:00,0.0000
2025-04-20 20:20:00,0.0000
2025-04-20 20:30:00,0.0000
2025-04-20 20:40:00,0.0000
2025-04-20 20:50:00,0.0000
2025-04-20 21:00:00,0.0000
2025-04-20 21:10:00,0.0000
2025-04-20 21:20:00,0.0000
2025-04-20 21:30:00,0.0000
2025-04-20 21:40:00,0.0000
2025-04-20 21:50:00,0.0000
2025-04-20 22:00:00,0.0000
2025-04-20 22:10:00,0.0000
2025-04-20 22:20:00,0.0000
2025-04-20 22:30:00,0.0000
2025-04-20 22:40:00,0.0000
2025-04-20 22:50:00,0.0000
2025-04-20 23:00:00,0.0000
2025-04-20 23:10:00,0.0000
2025-04-20 23:20:00,0.0000
2025-04-20 23:30:00,0.0000
2025-04-20 23:40:00,0.0000
2025-04-20 23:50:00,0.0000
2025-04-21 00:00:00,0.0000
2025-04-21 00:10:00,0.0000
2025-04-21 00:20:00,0.0000
2025-04-21 00:30:00,0.0000
2025-04-21 00:40:00,0.0000
2025-04-21 00:50:00,0.0000
2025-04-21 01:00:00,0.0000
2025-04-21 01:10:00,0.0000
2025-04-21 01:20:00,0.0000
2025-04-21 01:30:00,0.0000
2025-04-21 01:40:00,0.0000
2025-04-21 01:50:00,0.0000
2025-04-21 02:00:00,0.0000
2025-04-21 02:10:00,0.0000
2025-04-21 02:20:00,0.0000
2025-04-21 02:30:00,0.0000
2025-04-21 02:40:00,0.0000
2025-04-21 02:50:00,0.0000
2025-04-21 03:00:00,0.0000
2025-04-21 03:10:00,0.0000
2025-04-21 03:20:00,0.0000
2025-04-21 03:30:00,0.0000
2025-04-21 03:40:00,0.0000
2025-04-21 03:50:00,0.0000
2025-04-21 04:00:00,0.0000
2025-04-21 04:10:00,0.0000
2025-04-21 04:20:00,0.0000
2025-04-21 04:30:00,0.0000
2025-04-21 04:40:00,0.0000
2025-04-21 04:50:00,0.0000
2025-04-21 05:00:00,0.0000
2025-04-21 05:10:00,0.0000
2025-04-21 05:20:00,0.0000
2025-04-21 05:30:00,0.0000
2025-04-21 05:40:00,0.0000
2025-04-21 05:50:00,0.0000
2025-04-21 06:00:00,0.0000
2025-04-21 06:10:00,0.0000
2025-04-21 06:20:00,0.0000
2025-04-21 06:30:00,0.0000
2025-04-21 06:40:00,0.0000
2025-04-21 06:50:00,0.0000
2025-04-21 07:00:00,0.0000
2025-04-21 07:10:00,0.0000
2025-04-21 07:20:00,0.0000
2025-04-21 07:30:00,0.0000
2025-04-21 07:40:00,0.0000
2025-04-21 07:50:00,0.0000
2025-04-21 08:00:00,0.0000
2025-04-21 08:10:00,0.0000
2025-04-21 08:20:00,0.0000
2025-04-21 08:30:00,0.0000
2025-04-21 08:40:00,0.0000
2025-04-21 08:50:00,0.0000
2025-04-21 09:00:00,0.0000
2025-04-21 09:10:00,0.0000
2025-04-21 09:20:00,0.0000
2025-04-21 09:30:00,0.0000
2025-04-21 09:40:00,0.0000
2025-04-21 09:50:00,0.0000
2025-04-21 10:00:00,0.0000
2025-04-21 10:10:00,0.0000
2025-04-21 10:20:00,0.0000
2025-04-21 10:30:00,0.0000
2025-04-21 10:40:00,0.0000
2025-04-21 10:50:00,0.0000
2025-04-21 11:00:00,0.0000
2025-04-21 11:10:00,0.0000
2025-04-21 11:20:00,0.0000
2025-04-21 11:30:00,0.0000
2025-04-21 11:40:00,0.0000
2025-04-21 11:50:00,0.0000
2025-04-21 12:00:00,0.0000
2025-04-21 12:10:00,0.0000
2025-04-21 12:20:00,0.0000
2025-04-21 12:30:00,0.0000
2025-04-21 12:40:00,0.0000
2025-04-21 12:50:00,0.0000
2025-04-21 13:00:00,0.0000
2025-04-21 13:10:00,0.0000
2025-04-21 13:20:00,0.0000
2025-04-21 13:30:00,0.0000
2025-04-21 13:40:00,0.0000
2025-04-21 13:50:00,0.0000
2025-04-21 14:00:00,0.0000
2025-04-21 14:10:00,0.0000
2025-04-21 14:20:00,0.0000
2025-04-21 14:30:00,0.0000
2025-04-21 14:40:00,0.0000
2025-04-21 14:50:00,0.0000
2025-04-21 15:00:00,0.0000
2025-04-21 15:10:00,0.0000
2025-04-21 15:20:00,0.0000
2025-04-21 15:30:00,0.0000
2025-04-21 15:40:00,0.0000
2025-04-21 15:50:00,0.0000
2025-04-21 16:00:00,0.0000
2025-04-21 16:10:00,0.0000
2025-04-21 16:20:00,0.0000
2025-04-21 16:30:00,0.0000
2025-04-21 16:40:00,0.0000
2025-04-21 16:50:00,0.0000
2025-04-21 17:00:00,0.0000
2025-04-21 17:10:00,0.0000
2025-04-21 17:20:00,0.0000
2025-04-21 17:30:00,0.0000
2025-04-21 17:40:00,0.0000
2025-04-21 17:50:00,0.0000
2025-04-21 18:00:00,0.0000
2025-04-21 18:10:00,0.0000
2025-04-21 18:20:00,0.0000
2025-04-21 18:30:00,0.0000
2025-04-21 18:40:00,0.0000
2025-04-21 18:50:00,0.0000
2025-04-21 19:00:00,0.0000
2025-04-21 19:10:00,0.0000
2025-04-21 19:20:00,0.0000
2025-04-21 19:30:00,0.0000
2025-04-21 19:40:00,0.0000
2025-04-21 19:50:00,0.0000
2025-04-21 20:00:00,0.0000
2025-04-21 20:10:00,0.0000
2025-04-21 20:20:00,0.0000
2025-04-21 20:30:00,0.0000
2025-04-21 20:40:00,0.0000
2025-04-21 20:50:00,0.0000
2025-04-21 21:00:00,0.0000
2025-04-21 21:10:00,0.0000
2025-04-21 21:20:00,0.0000
2025-04-21 21:30:00,0.0000
2025-04-21 21:40:00,0.0000
2025-04-21 21:50:00,0.0000
2025-04-21 22:00:00,0.0000
2025-04-21 22:10:00,0.0000
2025-04-21 22:20:00,0.0000
2025-04-21 22:30:00,0.0000
2025-04-21 22:40:00,0.0000
2025-04-21 22:50:00,0.0000
2025-04-21 23:00:00,0.0000
2025-04-21 23:10:00,0.0000
2025-04-21 23:20:00,0.0000
2025-04-21 23:30:00,0.0000
2025-04-21 23:40:00,0.0000
2025-04-21 23:50:00,0.0000
2025-04-22 00:00:00,0.0000
2025-04-22 00:10:00,0.0000
2025-04-22 00:20:00,0.0000
2025-04-22 00:30:00,0.0000
2025-04-22 00:40:00,0.0000
2025-04-22 00:50:00,0.0000
2025-04-22 01:00:00,0.0000
2025-04-22 01:10:00,0.0000
2025-04-22 01:20:00,0.0000
2025-04-22 01:30:00,0.0000
2025-04-22 01:40:00,0.0000
2025-04-22 01:50:00,0.0000
2025-04-22 02:00:00,0.0000
2025-04-22 02:10:00,0.0000
2025-04-22 02:20:00,0.0000
2025-04-22 02:30:00,0.0000
2025-04-22 02:40:00,0.0000
2025-04-22 02:50:00,0.0000
2025-04-22 03:00:00,0.0000
2025-04-22 03:10:00,0.0000
2025-04-22 03:20:00,0.0000
2025-04-22 03:30:00,0.0000
2025-04-22 03:40:00,0.0000
2025-04-22 03:50:00,0.0000
2025-04-22 04:00:00,0.0000
2025-04-22 04:10:00,0.0000
2025-04-22 04:20:00,0.0000
2025-04-22 04:30:00,0.0000
2025-04-22 04:40:00,0.0000
2025-04-22 04:50:00,0.0000
2025-04-22 05:00:00,0.0000
2025-04-22 05:10:00,0.0000
2025-04-22 05:20:00,0.0000
2025-04-22 05:30:00,0.0000
2025-04-22 05:40:00,0.0000
2025-04-22 05:50:00,0.0000
2025-04-22 06:00:00,0.0000
2025-04-22 06:10:00,0.0000
2025-04-22 06:20:00,0.0000
2025-04-22 06:30:00,0.0000
2025-04-22 06:40:00,0.0000
2025-04-22 06:50:00,0.0000
2025-04-22 07:00:00,0.0000
2025-04-22 07:10:00,0.0000
2025-04-22 07:20:00,0.0000
2025-04-22 07:30:00,0.0000
2025-04-22 07:40:00,0.0000
2025-04-22 07:50:00,0.0000
2025-04-22 08:00:00,0.0000
2025-04-22 08:10:00,0.0000
2025-04-22 08:20:00,0.0000
2025-04-22 08:30:00,0.0000
2025-04-22 08:40:00,0.0000
2025-04-22 08:50:00,0.0000
2025-04-22 09:00:00,0.0000
2025-04-22 09:10:00,0.0000
2025-04-22 09:20:00,0.0000
2025-04-22 09:30:00,0.0000
2025-04-22 09:40:00,0.0000
2025-04-22 09:50:00,0.0000
2025-04-22 10:00:00,0.0000
2025-04-22 10:10:00,0.0000
2025-04-22 10:20:00,0.0000
2025-04-22 10:30:00,0.0000
2025-04-22 10:40:00,0.0000
2025-04-22 10:50:00,0.0000
2025-04-22 11:00:00,0.0000
2025-04-22 11:10:00,0.0000
2025-04-22 11:20:00,0.0000
2025-04-22 11:30:00,0.0000
2025-04-22 11:40:00,0.0000
2025-04-22 11:50:00,0.0000
2025-04-22 12:00:00,0.0000
2025-04-22 12:10:00,0.0000
2025-04-22 12:20:00,0.0000
2025-04-22 12:30:00,0.0000
2025-04-22 12:40:00,0.0000
2025-04-22 12:50:00,0.0000
2025-04-22 13:00:00,0.0000
2025-04-22 13:10:00,0.0000
2025-04-22 13:20:00,0.0000
2025-04-22 13:30:00,0.0000
2025-04-22 13:40:00,0.0000
2025-04-22 13:50:00,0.0000
2025-04-22 14:00:00,0.0000
2025-04-22 14:10:00,0.0000
2025-04-22 14:20:00,0.0000
2025-04-22 14:30:00,0.0000
2025-04-22 14:40:00,0.0000
2025-04-22 14:50:00,0.0000
2025-04-22 15:00:00,0.0000
2025-04-22 15:10:00,0.0000
2025-04-22 15:20:00,0.0000
2025-04-22 15:30:00,0.0000
2025-04-22 15:40:00,0.0000
2025-04-22 15:50:00,0.0000
2025-04-22 16:00:00,0.0000
2025-04-22 16:10:00,0.0000
2025-04-22 16:20:00,0.0000
2025-04-22 16:30:00,0.0000
2025-04-22 16:40:00,0.0000
2025-04-22 16:50:00,0.0000
2025-04-22 17:00:00,0.0000
2025-04-22 17:10:00,0.0000
2025-04-22 17:20:00,0.0000
2025-04-22 17:30:00,0.0000
2025-04-22 17:40:00,0.0000
2025-04-22 17:50:00,0.0000
2025-04-22 18:00:00,0.0000
2025-04-22 18:10:00,0.0000
2025-04-22 18:20:00,0.0000
2025-04-22 18:30:00,0.0000
2025-04-22 18:40:00,0.0000
2025-04-22 18:50:00,0.0000
2025-04-22 19:00:00,0.0000
2025-04-22 19:10:00,0.0000
2025-04-22 19:20:00,0.0000
2025-04-22 19:30:00,0.0000
2025-04-22 19:40:00,0.0000
2025-04-22 19:50:00,0.0000
2025-04-22 20:00:00,0.0000
2025-04-22 20:10:00,0.0000
2025-04-22 20:20:00,0.0000
2025-04-22 20:30:00,0.0000
2025-04-22 20:40:00,0.0000
2025-04-22 20:50:00,0.0000
2025-04-22 21:00:00,0.0000
2025-04-22 21:10:00,0.0000
2025-04-22 21:20:00,0.0000
2025-04-22 21:30:00,0.0000
2025-04-22 21:40:00,0.0000
2025-04-22 21:50:00,0.0000
2025-04-22 22:00:00,0.0000
2025-04-22 22:10:00,0.0000
2025-04-22 22:20:00,0.0000
2025-04-22 22:30:00,0.0000
2025-04-22 22:40:00,0.0000
2025-04-22 22:50:00,0.0000
2025-04-22 23:00:00,0.0000
2025-04-22 23:10:00,0.0000
2025-04-22 23:20:00,0.0000
2025-04-22 23:30:00,0.0000
2025-04-22 23:40:00,0.0000
2025-04-22 23:50:00,0.0000
2025-04-23 00:00:00,0.0000
2025-04-23 00:10:00,0.0000
2025-04-23 00:20:00,0.0000
2025-04-23 00:30:00,0.0000
2025-04-23 00:40:00,0.0000
2025-04-23 00:50:00,0.0000
2025-04-23 01:00:00,0.0000
2025-04-23 01:10:00,0.0000
2025-04-23 01:20:00,0.0000
2025-04-23 01:30:00,0.0000
2025-04-23 01:40:00,0.0000
2025-04-23 01:50:00,0.0000
2025-04-23 02:00:00,0.0000
2025-04-23 02:10:00,0.0000
2025-04-23 02:20:00,0.0000
2025-04-23 02:30:00,0.0000
2025-04-23 02:40:00,0.0000
2025-04-23 02:50:00,0.0000
2025-04-23 03:00:00,0.0000
2025-04-23 03:10:00,0.0000
2025-04-23 03:20:00,0.0000
2025-04-23 03:30:00,0.0000
2025-04-23 03:40:00,0.0000
2025-04-23 03:50:00,0.0000
2025-04-23 04:00:00,0.0000
2025-04-23 04:10:00,0.0000
2025-04-23 04:20:00,0.0000
2025-04-23 04:30:00,0.0000
2025-04-23 04:40:00,0.0000
2025-04-23 04:50:00,0.0000
2025-04-23 05:00:00,0.0000
2025-04-23 05:10:00,0.0000
2025-04-23 05:20:00,0.0000
2025-04-23 05:30:00,0.0000
2025-04-23 05:40:00,0.0000
2025-04-23 05:50:00,0.0000
2025-04-23 06:00:00,0.0000
2025-04-23 06:10:00,0.0000
2025-04-23 06:20:00,0.0000
2025-04-23 06:30:00,0.0000
2025-04-23 06:40:00,0.0000
2025-04-23 06:50:00,0.0000
2025-04-23 07:00:00,0.0000
2025-04-23 07:10:00,0.0000
2025-04-23 07:20:00,0.0000
2025-04-23 07:30:00,0.0000
2025-04-23 07:40:00,0.0000
2025-04-23 07:50:00,0.0000
2025-04-23 08:00:00,0.0000
2025-04-23 08:10:00,0.0000
2025-04-23 08:20:00,0.0000
2025-04-23 08:30:00,0.0000
2025-04-23 08:40:00,0.0000
2025-04-23 08:50:00,0.0000
2025-04-23 09:00:00,0.0000
2025-04-23 09:10:00,0.0000
2025-04-23 09:20:00,0.0000
2025-04-23 09:30:00,0.0000
2025-04-23 09:40:00,0.0000
2025-04-23 09:50:00,0.0000
2025-04-23 10:00:00,0.0000
2025-04-23 10:10:00,0.0000
2025-04-23 10:20:00,0.0000
2025-04-23 10:30:00,0.0000
2025-04-23 10:40:00,0.0000
2025-04-23 10:50:00,0.0000
2025-04-23 11:00:00,0.0000
2025-04-23 11:10:00,0.0000
2025-04-23 11:20:00,0.0000
2025-04-23 11:30:00,0.0000
2025-04-23 11:40:00,0.0000
2025-04-23 11:50:00,0.0000
2025-04-23 12:00:00,0.0000
2025-04-23 12:10:00,0.0000
2025-04-23 12:20:00,0.0000
2025-04-23 12:30:00,0.0000
2025-04-23 12:40:00,0.0000
2025-04-23 12:50:00,0.0000
2025-04-23 13:00:00,0.0000
2025-04-23 13:10:00,0.0000
2025-04-23 13:20:00,0.0000
2025-04-23 13:30:00,0.0000
2025-04-23 13:40:00,0.0000
2025-04-23 13:50:00,0.0000
2025-04-23 14:00:00,0.0000
2025-04-23 14:10:00,0.0000
2025-04-23 14:20:00,0.0000
2025-04-23 14:30:00,0.0000
2025-04-23 14:40:00,0.0000
2025-04-23 14:50:00,0.0000
2025-04-23 15:00:00,0.0000
2025-04-23 15:10:00,0.0000
2025-04-23 15:20:00,0.0000
2025-04-23 15:30:00,0.0000
2025-04-23 15:40:00,0.0000
2025-04-23 15:50:00,0.0000
2025-04-23 16:00:00,0.0000
2025-04-23 16:10:00,0.0000
2025-04-23 16:20:00,0.0000
2025-04-23 16:30:00,0.0000
2025-04-23 16:40:00,0.0000
2025-04-23 16:50:00,0.0000
2025-04-23 17:00:00,0.0000
2025-04-23 17:10:00,0.0000
2025-04-23 17:20:00,0.0000
2025-04-23 17:30:00,0.0000
2025-04-23 17:40:00,0.0000
2025-04-23 17:50:00,0.0000
2025-04-23 18:00:00,0.0000
2025-04-23 18:10:00,0.0000
2025-04-23 18:20:00,0.0000
2025-04-23 18:30:00,0.0000
2025-04-23 18:40:00,0.0000
2025-04-23 18:50:00,0.0000
2025-04-23 19:00:00,0.0000
2025-04-23 19:10:00,0.0000
2025-04-23 19:20:00,0.0000
2025-04-23 19:30:00,0.0000
2025-04-23 19:40:00,0.0000
2025-04-23 19:50:00,0.0000
2025-04-23 20:00:00,0.0000
2025-04-23 20:10:00,0.0000
2025-04-23 20:20:00,0.0000
2025-04-23 20:30:00,0.0000
2025-04-23 20:40:00,0.0000
2025-04-23 20:50:00,0.0000
2025-04-23 21:00:00,0.0000
2025-04-23 21:10:00,0.0000
2025-04-23 21:20:00,0.0000
2025-04-23 21:30:00,0.0000
2025-04-23 21:40:00,0.0000
2025-04-23 21:50:00,0.0000
2025-04-23 22:00:00,0.0000
2025-04-23 22:10:00,0.0000
2025-04-23 22:20:00,0.0000
2025-04-23 22:30:00,0.0000
2025-04-23 22:40:00,0.0000
2025-04-23 22:50:00,0.0000
2025-04-23 23:00:00,0.0000
2025-04-23 23:10:00,0.0000
2025-04-23 23:20:00,0.0000
2025-04-23 23:30:00,0.0000
2025-04-23 23:40:00,0.0000
2025-04-23 23:50:00,0.0000
2025-04-24 00:00:00,0.0000
2025-04-24 00:10:00,0.0000
2025-04-24 00:20:00,0.0000
2025-04-24 00:30:00,0.0000
2025-04-24 00:40:00,0.0000
2025-04-24 00:50:00,0.0000
2025-04-24 01:00:00,0.0000
2025-04-24 01:10:00,0.0000
2025-04-24 01:20:00,0.0000
2025-04-24 01:30:00,0.0000
2025-04-24 01:40:00,0.0000
2025-04-24 01:50:00,0.0000
2025-04-24 02:00:00,0.0000
2025-04-24 02:10:00,0.0000
2025-04-24 02:20:00,0.0000
2025-04-24 02:30:00,0.0000
2025-04-24 02:40:00,0.0000
2025-04-24 02:50:00,0.0000
2025-04-24 03:00:00,0.0000
2025-04-24 03:10:00,0.0000
2025-04-24 03:20:00,0.0000
2025-04-24 03:30:00,0.0000
2025-04-24 03:40:00,0.0000
2025-04-24 03:50:00,0.0000
2025-04-24 04:00:00,0.0000
2025-04-24 04:10:00,0.0000
2025-04-24 04:20:00,0.0000
2025-04-24 04:30:00,0.0000
2025-04-24 04:40:00,0.0000
2025-04-24 04:50:00,0.0000
2025-04-24 05:00:00,0.0000
2025-04-24 05:10:00,0.0000
2025-04-24 05:20:00,0.0000
2025-04-24 05:30:00,0.0000
2025-04-24 05:40:00,0.0000
2025-04-24 05:50:00,0.0000
2025-04-24 06:00:00,0.0000
2025-04-24 06:10:00,0.0000
2025-04-24 06:20:00,0.0000
2025-04-24 06:30:00,0.0000
2025-04-24 06:40:00,0.0000
2025-04-24 06:50:00,0.0000
2025-04-24 07:00:00,0.0000
2025-04-24 07:10:00,0.0000
2025-04-24 07:20:00,0.0000
2025-04-24 07:30:00,0.0000
2025-04-24 07:40:00,0.0000
2025-04-24 07:50:00,0.0000
2025-04-24 08:00:00,0.0000
2025-04-24 08:10:00,0.0000
2025-04-24 08:20:00,0.0000
2025-04-24 08:30:00,0.0000
2025-04-24 08:40:00,0.0000
2025-04-24 08:50:00,0.0000
2025-04-24 09:00:00,0.0000
2025-04-24 09:10:00,0.0000
2025-04-24 09:20:00,0.0000
2025-04-24 09:30:00,0.0000
2025-04-24 09:40:00,0.0000
2025-04-24 09:50:00,0.0000
2025-04-24 10:00:00,0.0000
2025-04-24 10:10:00,0.0000
2025-04-24 10:20:00,0.0000
2025-04-24 10:30:00,0.0000
2025-04-24 10:40:00,0.0000
2025-04-24 10:50:00,0.0000
2025-04-24 11:00:00,0.0000
2025-04-24 11:10:00,0.0000
2025-04-24 11:20:00,0.0000
2025-04-24 11:30:00,0.0000
2025-04-24 11:40:00,0.0000
2025-04-24 11:50:00,0.0000
2025-04-24 12:00:00,0.0000
2025-04-24 12:10:00,0.0000
2025-04-24 12:20:00,0.0000
2025-04-24 12:30:00,0.0000
2025-04-24 12:40:00,0.0000
2025-04-24 12:50:00,0.0000
2025-04-24 13:00:00,0.0000
2025-04-24 13:10:00,0.0000
2025-04-24 13:20:00,0.0000
2025-04-24 13:30:00,0.0000
2025-04-24 13:40:00,0.0000
2025-04-24 13:50:00,0.0000
2025-04-24 14:00:00,0.0000
2025-04-24 14:10:00,0.0000
2025-04-24 14:20:00,0.0000
2025-04-24 14:30:00,0.0000
2025-04-24 14:40:00,0.0000
2025-04-24 14:50:00,0.0000
2025-04-24 15:00:00,0.0000
2025-04-24 15:10:00,0.0000
2025-04-24 15:20:00,0.0000
2025-04-24 15:30:00,0.0000
2025-04-24 15:40:00,0.0000
2025-04-24 15:50:00,0.0000
2025-04-24 16:00:00,0.0000
2025-04-24 16:10:00,0.0000
2025-04-24 16:20:00,0.0000
2025-04-24 16:30:00,0.0000
2025-04-24 16:40:00,0.0000
2025-04-24 16:50:00,0.0000
2025-04-24 17:00:00,0.0000
2025-04-24 17:10:00,0.0000
2025-04-24 17:20:00,0.0000
2025-04-24 17:30:00,0.0000
2025-04-24 17:40:00,0.0000
2025-04-24 17:50:00,0.0000
2025-04-24 18:00:00,0.0000
2025-04-24 18:10:00,0.0000
2025-04-24 18:20:00,0.0000
2025-04-24 18:30:00,0.0000
2025-04-24 18:40:00,0.0000
2025-04-24 18:50:00,0.0000
2025-04-24 19:00:00,0.0000
2025-04-24 19:10:00,0.0000
2025-04-24 20:00:00,0.0000
2025-04-24 21:00:00,0.0000
2025-04-24 22:00:00,0.0000
2025-04-24 23:00:00,0.0000
2025-04-25 00:00:00,0.0000
2025-04-25 01:00:00,0.0000
2025-04-25 02:00:00,0.0000
2025-04-25 03:00:00,0.0000
2025-04-25 04:00:00,0.0000
2025-04-25 05:00:00,0.0000
2025-04-25 06:00:00,0.0000
2025-04-25 07:00:00,0.0000
2025-04-25 08:00:00,0.0000
2025-04-25 09:00:00,0.0000
2025-04-25 10:00:00,0.0000
2025-04-25 11:00:00,0.0000
2025-04-25 12:00:00,0.0000
2025-04-25 13:00:00,0.0000
2025-04-25 14:00:00,0.0000
2025-04-25 15:00:00,0.0000
2025-04-25 16:00:00,0.0000
2025-04-25 17:00:00,0.0000
2025-04-25 18:00:00,0.0000
2025-04-25 19:00:00,0.0000
2025-04-25 20:00:00,0.0000
2025-04-25 21:00:00,0.0000
2025-04-25 22:00:00,0.0000
2025-04-25 23:00:00,0.0000
2025-04-26 00:00:00,0.0000
2025-04-26 01:00:00,0.0000
2025-04-26 02:00:00,0.0000
2025-04-26 03:00:00,0.0000
2025-04-26 04:00:00,0.0000
2025-04-26 05:00:00,0.0000
2025-04-26 06:00:00,0.0000
2025-04-26 07:00:00,0.0000
2025-04-26 08:00:00,0.0000
2025-04-26 09:00:00,0.0000
2025-04-26 10:00:00,0.0000
2025-04-26 11:00:00,0.0000
2025-04-26 12:00:00,0.0000
2025-04-26 13:00:00,0.0000
2025-04-26 14:00:00,0.0000
2025-04-26 15:00:00,0.0000
2025-04-26 16:00:00,0.0000
2025-04-26 17:00:00,0.0000
2025-04-26 18:00:00,0.0000
2025-04-26 19:00:00,0.0000
2025-04-26 20:00:00,0.0000
2025-04-26 21:00:00,0.0000
2025-04-26 22:00:00,0.0000
2025-04-26 23:00:00,0.0000
2025-04-27 00:00:00,0.0000
2025-04-27 01:00:00,0.0000
2025-04-27 02:00:00,0.0000
2025-04-27 03:00:00,0.0000
2025-04-27 04:00:00,0.0000
2025-04-27 05:00:00,0.0000
2025-04-27 06:00:00,0.0000
2025-04-27 07:00:00,0.0000
2025-04-27 08:00:00,0.0000
2025-04-27 09:00:00,0.0000
2025-04-27 10:00:00,0.0000
2025-04-27 11:00:00,0.0000
2025-04-27 12:00:00,0.0000
2025-04-27 13:00:00,0.0000
2025-04-27 14:00:00,0.0000
2025-04-27 15:00:00,0.0000
2025-04-27 16:00:00,0.0000
2025-04-27 17:00:00,0.0000
2025-04-27 18:00:00,0.0000
2025-04-27 19:00:00,0.0000
2025-04-27 20:00:00,0.0000
2025-04-27 21:00:00,0.0000
2025-04-27 22:00:00,0.0000
2025-04-27 23:00:00,0.0000
2025-04-28 00:00:00,0.0000
2025-04-28 01:00:00,0.0000
2025-04-28 02:00:00,0.0000
2025-04-28 03:00:00,0.0000
2025-04-28 04:00:00,0.0000
2025-04-28 05:00:00,0.0000
2025-04-28 06:00:00,0.0000
2025-04-28 07:00:00,0.0000
2025-04-28 08:00:00,0.0000
2025-04-28 09:00:00,0.0000
2025-04-28 10:00:00,0.0000
2025-04-28 11:00:00,0.0000
2025-04-28 12:00:00,0.0000
2025-04-28 13:00:00,0.0000
2025-04-28 14:00:00,0.0000
2025-04-28 15:00:00,0.0000
2025-04-28 16:00:00,0.0000
2025-04-28 17:00:00,0.0000
2025-04-28 18:00:00,0.0000
2025-04-28 19:00:00,0.0000
2025-04-28 20:00:00,0.0000
2025-04-28 21:00:00,0.0000
2025-04-28 22:00:00,0.0000
2025-04-28 23:00:00,0.0000
2025-04-29 00:00:00,0.0000
2025-04-29 01:00:00,0.0000
2025-04-29 02:00:00,0.0000
2025-04-29 03:00:00,0.0000
2025-04-29 04:00:00,0.0000
2025-04-29 05:00:00,0.0000
2025-04-29 06:00:00,0.0000
2025-04-29 07:00:00,0.0000
2025-04-29 08:00:00,0.0000
2025-04-29 09:00:00,0.0000
2025-04-29 10:00:00,0.0000
2025-04-29 10:08:01,0.0000
2025-04-29 10:08:03,630.8652
2025-04-29 10:23:03,613.1555
2025-04-29 11:00:00,629.2837
2025-04-29 12:00:00,944.2529
2025-04-29 13:00:00,944.2706
2025-04-29 14:00:00,944.2440
2025-04-29 15:00:00,944.2845
2025-04-29 16:00:00,944.2954
2025-04-29 17:00:00,944.2710
2025-04-29 17:38:31,944.2459
2025-04-29 17:57:52,944.2982
2025-04-29 18:00:00,944.2958
2025-04-29 18:14:57,944.2443
2025-04-29 19:00:00,944.2422
2025-04-29 20:00:00,944.2305
2025-04-29 21:00:00,944.2644
2025-04-29 22:00:00,944.3182
2025-04-29 23:00:00,617.8406
2025-04-30 00:00:00,944.2990
2025-04-30 01:00:00,944.3216
2025-04-30 02:00:00,944.2626
2025-04-30 03:00:00,944.2873
2025-04-30 04:00:00,944.2919
2025-04-30 05:00:00,944.2741
2025-04-30 06:00:00,944.2807
2025-04-30 07:00:00,944.2836
2025-04-30 08:00:00,944.3149
2025-04-30 08:20:49,962.2727
2025-04-30 08:30:00,962.2727
2025-04-30 08:40:00,962.2727
2025-04-30 08:50:00,962.2727
2025-04-30 09:00:00,952.3605
2025-04-30 09:10:00,952.3724
2025-04-30 09:20:00,952.8472
2025-04-30 09:30:00,951.4706
2025-04-30 09:40:00,950.2599
2025-04-30 09:50:00,950.3792
2025-04-30 10:00:00,952.3667
2025-04-30 10:10:00,950.8554
2025-04-30 10:20:00,962.2727
2025-04-30 10:30:00,951.5691
2025-04-30 10:40:00,952.9285
2025-04-30 10:50:00,953.1562
2025-04-30 11:00:00,951.4728
2025-04-30 11:10:00,951.4053
2025-04-30 11:20:00,951.5337
2025-04-30 11:30:00,953.0753
2025-04-30 11:40:00,953.0719
2025-04-30 11:50:00,953.1858
2025-04-30 12:00:00,950.1041
2025-04-30 12:10:00,952.3727
2025-04-30 12:20:00,952.7188
2025-04-30 12:30:00,962.2727
2025-04-30 12:40:00,962.2727
2025-04-30 12:50:00,962.2727
2025-04-30 13:00:00,962.2727
2025-04-30 13:10:00,962.2727
2025-04-30 13:20:00,962.2727
2025-04-30 13:30:00,962.2727
2025-04-30 13:40:00,962.2727
2025-04-30 13:50:00,962.2727
2025-04-30 14:00:00,962.2727
2025-04-30 14:10:00,962.2727
2025-04-30 14:20:00,962.2727
2025-04-30 14:30:00,962.2727
2025-04-30 14:40:00,962.2727
2025-04-30 14:50:00,952.9393
2025-04-30 15:00:00,962.2727
2025-04-30 15:10:00,950.3359
2025-04-30 15:20:00,962.2727
2025-04-30 15:30:00,952.9270
2025-04-30 15:40:00,962.2727
2025-04-30 15:50:00,950.2336
2025-04-30 16:00:00,950.3505
2025-04-30 16:10:00,952.9579
2025-04-30 19:00:22,950.5510
2025-04-30 19:12:03,962.2727
2025-04-30 19:20:00,962.2727
2025-04-30 19:30:00,962.2727
2025-04-30 19:40:00,962.2727
2025-04-30 19:50:00,962.2727
2025-04-30 20:00:00,962.2727
2025-04-30 20:10:00,962.2727
2025-04-30 20:20:00,962.2727
2025-04-30 20:30:00,962.2727
2025-04-30 20:40:00,962.2727
2025-04-30 20:50:00,962.2727
2025-04-30 21:00:00,962.2727
2025-04-30 21:10:00,962.2727
2025-04-30 21:20:00,951.3147
2025-04-30 21:30:00,962.2727
2025-04-30 21:40:00,962.2727
2025-04-30 21:50:00,951.3506
2025-04-30 22:00:00,953.1089
2025-04-30 22:10:00,953.1100
2025-04-30 22:20:00,951.2963
2025-04-30 22:30:00,953.0738
2025-04-30 22:40:00,953.2890
2025-04-30 22:50:00,951.9891
2025-04-30 23:00:00,951.3427
2025-04-30 23:10:00,950.2787
2025-04-30 23:20:00,952.7037
2025-04-30 23:30:00,951.5590
2025-04-30 23:40:00,951.2389
2025-04-30 23:50:00,962.2727
2025-05-01 00:00:00,962.2727
2025-05-01 00:10:00,951.9957
2025-05-01 00:20:00,950.6929
2025-05-01 00:30:00,950.4408
2025-05-01 00:40:00,962.2727
2025-05-01 00:50:00,962.2727
2025-05-01 01:00:00,950.0411
2025-05-01 01:10:00,952.8017
2025-05-01 01:20:00,951.2775
2025-05-01 01:30:00,952.7180
2025-05-01 01:40:00,952.9295
2025-05-01 01:50:00,950.4408
2025-05-01 02:00:00,950.1243
2025-05-01 02:10:00,952.7180
2025-05-01 02:20:00,962.2727
2025-05-01 02:30:00,950.1243
2025-05-01 02:40:00,951.1445
2025-05-01 02:50:00,950.6704
2025-05-01 03:00:00,951.3427
2025-05-01 03:10:00,962.2727
2025-05-01 03:20:00,950.7770
2025-05-01 03:30:00,950.2033
2025-05-01 03:40:00,962.2727
2025-05-01 03:50:00,952.7003
2025-05-01 04:00:00,950.1243
2025-05-01 04:10:00,950.7770
2025-05-01 04:20:00,952.7034
2025-05-01 04:30:00,962.2727
2025-05-01 04:40:00,962.2727
2025-05-01 04:50:00,962.2727
2025-05-01 05:00:00,962.2727
2025-05-01 05:10:00,962.2727
2025-05-01 05:20:00,962.2727
2025-05-01 05:30:00,952.3669
2025-05-01 05:40:00,962.2727
2025-05-01 05:50:00,962.2727
2025-05-01 06:00:00,953.1089
2025-05-01 06:10:00,953.1089
2025-05-01 06:20:00,953.2881
2025-05-01 06:30:00,953.1818
2025-05-01 06:40:00,953.1727
2025-05-01 06:50:00,953.1976
2025-05-01 07:00:00,953.3185
2025-05-01 07:10:00,953.2931
2025-05-01 07:20:00,950.5151
2025-05-01 07:30:00,950.4674
2025-05-01 07:40:00,952.3305
2025-05-01 07:50:00,950.7809
2025-05-01 08:00:00,952.9338
2025-05-01 08:10:00,962.2727
2025-05-01 08:20:00,951.4853
2025-05-01 08:30:00,962.2727
2025-05-01 08:40:00,962.2727
2025-05-01 08:50:00,962.2727
2025-05-01 09:00:00,951.9975
2025-05-01 09:10:00,962.2727
2025-05-01 09:20:00,962.2727
2025-05-01 09:30:00,962.2727
2025-05-01 09:40:00,962.2727
2025-05-01 09:50:00,962.2727
2025-05-01 10:00:00,962.2727
2025-05-01 10:10:00,962.2727
2025-05-01 10:20:00,962.2727
2025-05-01 10:30:00,962.2727
2025-05-01 10:40:00,962.2727
2025-05-01 10:50:00,962.2727
2025-05-01 11:00:00,951.5490
2025-05-01 11:10:00,962.2727
2025-05-01 11:20:00,953.0705
2025-05-01 11:30:00,951.5691
2025-05-01 11:40:00,950.7041
2025-05-01 11:50:00,952.3269
2025-05-01 12:00:00,952.3157
2025-05-01 12:10:00,950.8576
2025-05-01 12:20:00,951.1445
2025-05-01 12:30:00,952.8449
2025-05-01 12:40:00,950.4914
2025-05-01 12:50:00,951.5982
2025-05-01 13:00:00,952.8106
2025-05-01 13:10:00,950.0411
2025-05-01 13:20:00,962.2727
2025-05-01 13:30:00,950.0970
2025-05-01 13:40:00,962.2727
2025-05-01 13:50:00,951.3853
2025-05-01 14:00:00,962.2727
2025-05-01 14:10:00,950.2033
2025-05-01 14:20:00,962.2727
2025-05-01 14:30:00,962.2727
2025-05-01 14:40:00,952.3119
2025-05-01 14:50:00,950.5613
2025-05-01 15:00:00,962.2727
2025-05-01 15:10:00,950.4674
2025-05-01 15:20:00,962.2727
2025-05-01 15:30:00,951.8377
2025-05-01 15:40:00,952.1894
2025-05-01 15:50:00,950.0970
2025-05-01 16:00:00,962.2727
2025-05-01 16:10:00,952.5063
2025-05-01 16:20:00,953.3657
2025-05-01 16:30:00,953.3890
2025-05-01 16:40:00,953.1840
2025-05-01 16:50:00,953.1825
2025-05-01 17:00:00,953.3859
2025-05-01 17:10:00,951.9330
2025-05-01 17:20:00,953.3412
2025-05-01 17:30:00,953.2650
2025-05-01 17:40:00,951.7643
2025-05-01 17:50:00,951.5928
2025-05-01 18:00:00,952.5258
2025-05-01 18:10:00,953.3089
2025-05-01 18:20:00,953.1339
2025-05-01 18:30:00,953.1999
2025-05-01 18:40:00,953.1072
2025-05-01 18:50:00,951.0473
2025-05-01 19:00:00,952.9836
2025-05-01 19:10:00,962.2727
2025-05-01 19:20:00,962.2727
2025-05-01 19:30:00,962.2727
2025-05-01 19:40:00,962.2727
2025-05-01 19:50:00,950.2587
2025-05-01 20:00:00,962.2727
2025-05-01 20:10:00,962.2727
2025-05-01 20:20:00,962.2727
2025-05-01 20:30:00,953.0103
2025-05-01 20:40:00,962.2727
2025-05-01 20:50:00,950.9234
2025-05-01 21:00:00,962.2727
2025-05-01 21:10:00,952.3232
2025-05-01 21:20:00,952.9880
2025-05-01 21:30:00,952.3465
2025-05-01 21:40:00,952.8227
2025-05-01 21:50:00,952.9558
2025-05-01 22:00:00,952.8250
2025-05-01 22:10:00,952.4654
2025-05-01 22:20:00,953.2818
2025-05-01 22:30:00,952.1358
2025-05-01 22:40:00,962.2727
2025-05-01 22:50:00,951.4682
2025-05-01 23:00:00,951.2389
2025-05-01 23:10:00,953.3350
2025-05-01 23:20:00,950.0124
2025-05-01 23:30:00,952.8055
2025-05-01 23:40:00,952.6155
2025-05-01 23:50:00,952.4812
2025-05-02 00:00:00,962.2727
2025-05-02 00:10:00,950.5496
2025-05-02 00:20:00,962.2727
2025-05-02 00:30:00,953.2453
2025-05-02 00:40:00,952.3157
2025-05-02 00:50:00,962.2727
2025-05-02 01:00:00,952.5116
2025-05-02 01:10:00,953.2695
2025-05-02 01:20:00,952.3402
2025-05-02 01:30:00,951.8165
2025-05-02 01:40:00,953.2353
2025-05-02 01:50:00,953.3514
2025-05-02 02:00:00,951.8534
2025-05-02 02:10:00,952.0752
2025-05-02 02:20:00,952.8227
2025-05-02 02:30:00,952.8042
2025-05-02 02:40:00,952.8227
2025-05-02 02:50:00,953.1993
2025-05-02 03:00:00,953.3687
2025-05-02 03:10:00,953.3106
2025-05-02 03:20:00,953.4558
2025-05-02 03:30:00,953.4311
2025-05-02 03:40:00,953.4452
2025-05-02 03:50:00,953.3064
2025-05-02 04:00:00,953.2093
2025-05-02 04:10:00,953.2947
2025-05-02 04:20:00,953.2287
2025-05-02 04:30:00,953.5774
2025-05-02 04:40:00,953.3400
2025-05-02 04:50:00,953.8649
2025-05-02 05:00:00,962.2727
2025-05-02 05:10:00,962.2727
2025-05-02 05:20:00,962.2727
2025-05-02 05:30:00,962.2727
2025-05-02 05:40:00,962.2727
2025-05-02 05:50:00,962.2727
2025-05-02 06:00:00,962.2727
2025-05-02 06:10:00,962.2727
2025-05-02 06:20:00,962.2727
2025-05-02 06:30:00,962.2727
2025-05-02 06:40:00,962.2727
2025-05-02 06:50:00,962.2727
2025-05-02 07:00:00,962.2727
2025-05-02 07:10:00,962.2727
2025-05-02 07:20:00,962.2727
2025-05-02 07:30:00,962.2727
2025-05-02 07:40:00,950.8165
2025-05-02 07:50:00,962.2727
2025-05-02 08:00:00,951.0734
2025-05-02 08:10:00,962.2727
2025-05-02 08:20:00,962.2727
2025-05-02 08:30:00,962.2727
2025-05-02 08:40:00,962.2727
2025-05-02 08:50:00,962.2727
2025-05-02 09:00:00,952.1431
2025-05-02 09:10:00,962.2727
2025-05-02 09:20:00,962.2727
2025-05-02 09:30:00,962.2727
2025-05-02 09:40:00,962.2727
2025-05-02 09:50:00,950.5891
2025-05-02 10:00:00,962.2727
2025-05-02 10:10:00,962.2727
2025-05-02 10:20:00,962.2727
2025-05-02 10:30:00,962.2727
2025-05-02 10:40:00,962.2727
2025-05-02 10:50:00,962.2727
2025-05-02 11:00:00,962.2727
2025-05-02 11:10:00,962.2727
2025-05-02 11:20:00,962.2727
2025-05-02 11:30:00,950.5966
2025-05-02 11:40:00,962.2727
2025-05-02 11:50:00,962.2727
2025-05-02 12:00:00,962.2727
2025-05-02 12:10:00,962.2727
2025-05-02 12:20:00,962.2727
2025-05-02 12:30:00,962.2727
2025-05-02 12:40:00,962.2727
2025-05-02 12:50:00,962.2727
2025-05-02 13:00:00,962.2727
2025-05-02 13:10:00,962.2727
2025-05-02 13:20:00,962.2727
2025-05-02 13:30:00,962.2727
2025-05-02 13:40:00,962.2727
2025-05-02 13:50:00,962.2727
2025-05-02 14:00:00,962.2727
2025-05-02 14:10:00,962.2727
2025-05-02 14:20:00,962.2727
2025-05-02 14:30:00,962.2727
2025-05-02 14:40:00,962.2727
2025-05-02 14:50:00,962.2727
2025-05-02 15:00:00,962.2727
2025-05-02 15:10:00,962.2727
2025-05-02 15:20:00,962.2727
2025-05-02 15:30:00,953.2148
2025-05-02 15:40:00,951.0387
2025-05-02 15:50:00,951.8688
2025-05-02 16:00:00,953.3382
2025-05-02 16:10:00,953.6220
2025-05-02 16:20:00,953.2700
2025-05-02 16:30:00,953.0881
2025-05-02 16:40:00,953.3240
2025-05-02 16:50:00,953.0273
2025-05-02 17:00:00,951.9630
2025-05-02 17:10:00,950.3952
2025-05-02 17:20:00,962.2727
2025-05-02 17:30:00,962.2727
2025-05-02 17:40:00,962.2727
2025-05-02 17:50:00,962.2727
2025-05-02 18:00:00,950.6327
2025-05-02 18:10:00,952.2754
2025-05-02 18:20:00,951.1519
2025-05-02 18:30:00,962.2727
2025-05-02 18:40:00,962.2727
2025-05-02 18:50:00,962.2727
2025-05-02 19:00:00,962.2727
2025-05-02 19:10:00,962.2727
2025-05-02 19:20:00,962.2727
2025-05-02 19:30:00,962.2727
2025-05-02 19:40:00,962.2727
2025-05-02 19:50:00,962.2727
2025-05-02 20:00:00,962.2727
2025-05-02 20:10:00,962.2727
2025-05-02 20:20:00,962.2727
2025-05-02 20:30:00,962.2727
2025-05-02 20:40:00,962.2727
2025-05-02 20:50:00,962.2727
2025-05-02 21:00:00,953.0975
2025-05-02 21:10:00,953.3080
2025-05-02 21:20:00,953.0273
2025-05-02 21:30:00,952.4873
2025-05-02 21:40:00,962.2727
2025-05-02 21:50:00,952.7723
2025-05-02 22:00:00,951.5801
2025-05-02 22:10:00,950.9793
2025-05-02 22:20:00,962.2727
2025-05-02 22:30:00,962.2727
2025-05-02 22:40:00,962.2727
2025-05-02 22:50:00,951.6791
2025-05-02 23:00:00,950.4450
2025-05-02 23:10:00,962.2727
2025-05-02 23:20:00,952.4637
2025-05-02 23:30:00,951.1463
2025-05-02 23:40:00,962.2727
2025-05-02 23:50:00,953.0330
2025-05-03 00:00:00,953.5265
2025-05-03 00:10:00,951.8016
2025-05-03 00:20:00,953.1532
2025-05-03 00:30:00,953.6484
2025-05-03 00:40:00,953.3099
2025-05-03 00:50:00,953.5335
2025-05-03 01:00:00,953.2700
2025-05-03 01:10:00,952.8909
2025-05-03 01:20:00,953.1453
2025-05-03 01:30:00,953.3687
2025-05-03 01:40:00,953.4799
2025-05-03 01:50:00,953.0419
2025-05-03 02:00:00,953.1016
2025-05-03 02:10:00,953.0363
2025-05-03 02:20:00,953.4814
2025-05-03 02:30:00,952.6292
2025-05-03 02:40:00,953.3483
2025-05-03 02:50:00,962.2727
2025-05-03 03:00:00,952.0142
2025-05-03 03:10:00,962.2727
2025-05-03 03:20:00,962.2727
2025-05-03 03:30:00,952.6428
2025-05-03 03:40:00,952.2009
2025-05-03 03:50:00,950.5167
2025-05-03 04:00:00,962.2727
2025-05-03 04:10:00,962.2727
2025-05-03 04:20:00,962.2727
2025-05-03 04:30:00,962.2727
2025-05-03 04:40:00,962.2727
2025-05-03 04:50:00,962.2727
2025-05-03 05:00:00,962.2727
2025-05-03 05:10:00,950.9234
2025-05-03 05:20:00,952.4686
2025-05-03 05:30:00,951.7106
2025-05-03 05:40:00,952.5974
2025-05-03 05:50:00,953.2148
2025-05-03 06:00:00,952.0142
2025-05-03 06:10:00,962.2727
2025-05-03 06:20:00,962.2727
2025-05-03 06:30:00,953.1026
2025-05-03 06:40:00,951.8753
2025-05-03 06:50:00,962.2727
2025-05-03 07:00:00,953.2700
2025-05-03 07:10:00,962.2727
2025-05-03 07:20:00,962.2727
2025-05-03 07:30:00,962.2727
2025-05-03 07:40:00,962.2727
2025-05-03 07:50:00,962.2727
2025-05-03 08:00:00,962.2727
2025-05-03 08:10:00,962.2727
2025-05-03 08:20:00,962.2727
2025-05-03 08:30:00,962.2727
2025-05-03 08:40:00,962.2727
2025-05-03 08:50:00,962.2727
2025-05-03 09:00:00,962.2727
2025-05-03 09:10:00,962.2727
2025-05-03 09:20:00,962.2727
2025-05-03 09:30:00,962.2727
2025-05-03 09:40:00,962.2727
2025-05-03 09:50:00,962.2727
2025-05-03 10:00:00,962.2727
2025-05-03 10:10:00,962.2727
2025-05-03 10:20:00,962.2727
2025-05-03 10:30:00,950.5668
2025-05-03 10:40:00,952.8448
2025-05-03 10:50:00,962.2727
2025-05-03 11:00:00,962.2727
2025-05-03 11:10:00,952.5947
2025-05-03 11:20:00,962.2727
2025-05-03 11:30:00,962.2727
2025-05-03 11:40:00,962.2727
2025-05-03 11:50:00,952.7723
2025-05-03 12:00:00,952.7161
2025-05-03 12:10:00,953.2951
2025-05-03 12:20:00,962.2727
2025-05-03 12:30:00,962.2727
2025-05-03 12:40:00,962.2727
2025-05-03 12:50:00,962.2727
2025-05-03 13:00:00,962.2727
2025-05-03 13:10:00,962.2727
2025-05-03 13:20:00,962.2727
2025-05-03 13:30:00,962.2727
2025-05-03 13:40:00,951.6961
2025-05-03 13:50:00,952.7691
2025-05-03 14:00:00,952.5036
2025-05-03 14:10:00,962.2727
2025-05-03 14:20:00,951.1463
2025-05-03 14:30:00,951.1463
2025-05-03 14:40:00,952.4043
2025-05-03 14:50:00,962.2727
2025-05-03 15:00:00,952.5974
2025-05-03 15:10:00,962.2727
2025-05-03 15:20:00,962.2727
2025-05-03 15:30:00,951.8753
2025-05-03 15:40:00,952.6822
2025-05-03 15:50:00,962.2727
2025-05-03 16:00:00,952.7161
2025-05-03 16:10:00,950.8415
2025-05-03 16:20:00,952.9981
2025-05-03 16:30:00,952.8372
2025-05-03 16:40:00,953.4837
2025-05-03 16:50:00,953.4328
2025-05-03 17:00:00,962.2727
2025-05-03 17:10:00,962.2727
2025-05-03 17:20:00,962.2727
2025-05-03 17:30:00,962.2727
2025-05-03 17:40:00,962.2727
2025-05-03 17:50:00,950.9985
2025-05-03 18:00:00,951.5061
2025-05-03 18:10:00,953.1888
2025-05-03 18:20:00,953.2818
2025-05-03 18:30:00,953.3899
2025-05-03 18:40:00,953.4487
2025-05-03 18:50:00,952.8372
2025-05-03 19:00:00,953.6024
2025-05-03 19:10:00,952.9189
2025-05-03 19:20:00,951.0898
2025-05-03 19:30:00,952.8042
2025-05-03 19:40:00,953.3569
2025-05-03 19:50:00,962.2727
2025-05-03 20:00:00,952.7723
2025-05-03 20:10:00,952.1236
2025-05-03 20:20:00,953.2700
2025-05-03 20:30:00,953.9256
2025-05-03 20:40:00,953.4505
2025-05-03 20:50:00,953.5335
2025-05-03 21:00:00,953.0999
2025-05-03 21:10:00,953.1657
2025-05-03 21:20:00,953.1141
2025-05-03 21:30:00,953.0414
2025-05-03 21:40:00,953.5151
2025-05-03 21:50:00,953.4132
2025-05-03 22:00:00,962.2727
2025-05-03 22:10:00,962.2727
2025-05-03 22:20:00,962.2727
2025-05-03 22:30:00,962.2727
2025-05-03 22:40:00,962.2727
2025-05-03 22:50:00,962.2727
2025-05-03 23:00:00,952.1358
2025-05-03 23:10:00,962.2727
2025-05-03 23:20:00,962.2727
2025-05-03 23:30:00,962.2727
2025-05-03 23:40:00,950.4857
2025-05-03 23:50:00,950.3952
2025-05-04 00:00:00,962.2727
2025-05-04 00:10:00,962.2727
2025-05-04 00:20:00,962.2727
2025-05-04 00:30:00,962.2727
2025-05-04 00:40:00,962.2727
2025-05-04 00:50:00,962.2727
2025-05-04 01:00:00,952.4259
2025-05-04 01:10:00,962.2727
2025-05-04 01:20:00,962.2727
2025-05-04 01:30:00,962.2727
2025-05-04 01:40:00,952.1920
2025-05-04 01:50:00,951.5801
2025-05-04 02:00:00,952.9469
2025-05-04 02:10:00,952.7590
2025-05-04 02:20:00,952.9306
2025-05-04 02:30:00,952.1697
2025-05-04 02:40:00,962.2727
2025-05-04 02:50:00,952.9755
2025-05-04 03:00:00,962.2727
2025-05-04 03:10:00,951.7751
2025-05-04 03:20:00,952.6467
2025-05-04 03:30:00,953.1482
2025-05-04 03:40:00,952.7602
2025-05-04 03:50:00,953.0871
2025-05-04 04:00:00,952.3088
2025-05-04 04:10:00,953.3315
2025-05-04 04:20:00,962.2727
2025-05-04 04:30:00,962.2727
2025-05-04 04:40:00,953.2698
2025-05-04 04:50:00,951.2534
2025-05-04 05:00:00,962.2727
2025-05-04 05:10:00,962.2727
2025-05-04 05:20:00,962.2727
2025-05-04 05:30:00,962.2727
2025-05-04 05:40:00,962.2727
2025-05-04 05:50:00,962.2727
2025-05-04 06:00:00,962.2727
2025-05-04 06:10:00,962.2727
2025-05-04 06:20:00,962.2727
2025-05-04 06:30:00,952.0818
2025-05-04 06:40:00,962.2727
2025-05-04 06:50:00,962.2727
2025-05-04 07:00:00,962.2727
2025-05-04 07:10:00,962.2727
2025-05-04 07:20:00,950.4693
2025-05-04 07:30:00,962.2727
2025-05-04 07:40:00,962.2727
2025-05-04 07:50:00,962.2727
2025-05-04 08:00:00,962.2727
2025-05-04 08:10:00,962.2727
2025-05-04 08:20:00,962.2727
2025-05-04 08:30:00,962.2727
2025-05-04 08:40:00,962.2727
2025-05-04 08:50:00,962.2727
2025-05-04 09:00:00,952.9510
2025-05-04 09:10:00,962.2727
2025-05-04 09:20:00,962.2727
2025-05-04 09:30:00,952.7590
2025-05-04 09:40:00,953.4597
2025-05-04 09:50:00,953.2751
2025-05-04 10:00:00,953.1026
2025-05-04 10:10:00,952.6832
2025-05-04 10:20:00,962.2727
2025-05-04 10:30:00,962.2727
2025-05-04 10:40:00,962.2727
2025-05-04 10:50:00,962.2727
2025-05-04 11:00:00,953.3913
2025-05-04 11:10:00,962.2727
2025-05-04 11:20:00,953.7075
2025-05-04 11:30:00,953.8530
2025-05-04 11:40:00,962.2727
2025-05-04 11:50:00,953.6906
2025-05-04 12:00:00,953.5085
2025-05-04 12:10:00,953.6659
2025-05-04 12:17:02,953.4160
2025-05-04 12:17:30,953.3130
2025-05-04 12:20:00,953.3219
2025-05-04 12:30:00,953.3509
2025-05-04 12:40:00,962.2727
2025-05-04 12:50:00,962.2727
2025-05-04 13:00:00,962.2727
2025-05-04 13:10:00,962.2727
2025-05-04 13:20:00,953.4837
2025-05-04 13:30:00,962.2727
2025-05-04 13:40:00,962.2727
2025-05-04 13:50:00,951.8016
2025-05-04 14:00:00,962.2727
2025-05-04 14:10:00,953.0165
2025-05-04 14:20:00,962.2727
2025-05-04 14:30:00,962.2727
2025-05-04 14:40:00,952.9306
2025-05-04 14:50:00,962.2727
2025-05-04 15:00:00,962.2727
2025-05-04 15:10:00,962.2727
2025-05-04 15:20:00,962.2727
2025-05-04 15:30:00,962.2727
2025-05-04 15:40:00,962.2727
2025-05-04 15:50:00,962.2727
2025-05-04 16:00:00,952.9306
2025-05-04 16:10:00,952.5026
2025-05-04 16:20:00,951.1924
2025-05-04 16:30:00,951.5801
2025-05-04 16:40:00,952.9981
2025-05-04 16:50:00,953.3899
2025-05-04 17:00:00,953.5995
2025-05-04 17:10:00,953.4657
2025-05-04 17:20:00,953.6620
2025-05-04 17:30:00,951.6541
2025-05-04 17:40:00,952.8609
2025-05-04 17:50:00,953.0341
2025-05-04 18:00:00,953.3476
2025-05-04 18:10:00,953.5686
2025-05-04 18:20:00,953.1669
2025-05-04 18:30:00,953.0954
2025-05-04 18:40:00,952.8205
2025-05-04 18:50:00,953.6566
2025-05-04 19:00:00,953.0690
2025-05-04 19:10:00,953.3688
2025-05-04 19:20:00,953.1717
2025-05-04 19:30:00,953.4982
2025-05-04 19:40:00,953.5262
2025-05-04 19:50:00,953.4090
2025-05-04 20:00:00,953.4792
2025-05-04 20:10:00,952.9986
2025-05-04 20:20:00,953.3528
2025-05-04 20:30:00,953.4547
2025-05-04 20:40:00,953.3483
2025-05-04 20:50:00,953.5894
2025-05-04 21:00:00,953.3109
2025-05-04 21:10:00,953.1026
2025-05-04 21:20:00,951.7248
2025-05-04 21:30:00,952.3167
2025-05-04 21:40:00,953.5350
2025-05-04 21:50:00,953.1888
2025-05-04 22:00:00,953.5430
2025-05-04 22:10:00,953.6220
2025-05-04 22:20:00,953.1888
2025-05-04 22:30:00,962.2727
2025-05-04 22:40:00,951.2534
2025-05-04 22:50:00,951.8449
2025-05-04 23:00:00,953.1492
2025-05-04 23:10:00,953.5505
2025-05-04 23:20:00,953.5134
2025-05-04 23:30:00,962.2727
2025-05-04 23:40:00,952.9230
2025-05-04 23:50:00,952.9172
2025-05-05 00:00:00,953.0309
2025-05-05 00:10:00,952.7276
2025-05-05 00:20:00,953.4487
2025-05-05 00:30:00,953.3213
2025-05-05 00:40:00,953.3475
2025-05-05 00:50:00,953.1152
2025-05-05 01:00:00,952.6813
2025-05-05 01:10:00,951.7751
2025-05-05 01:20:00,951.8549
2025-05-05 01:30:00,952.9182
2025-05-05 01:40:00,951.7279
2025-05-05 01:50:00,951.5784
2025-05-05 02:00:00,962.2727
2025-05-05 02:10:00,951.4108
2025-05-05 02:20:00,951.5061
2025-05-05 02:30:00,951.2534
2025-05-05 02:40:00,962.2727
2025-05-05 02:50:00,953.1568
2025-05-05 03:00:00,952.8481
2025-05-05 03:10:00,953.2559
2025-05-05 03:20:00,952.7276
2025-05-05 03:30:00,953.6566
2025-05-05 03:40:00,951.6742
2025-05-05 03:50:00,962.2727
2025-05-05 04:00:00,951.7052
2025-05-05 04:10:00,951.6353
2025-05-05 04:20:00,951.3578
2025-05-05 04:30:00,953.1594
2025-05-05 04:40:00,962.2727
2025-05-05 04:50:00,962.2727
2025-05-05 05:00:00,952.4043
2025-05-05 05:10:00,962.2727
2025-05-05 05:20:00,962.2727
2025-05-05 05:30:00,962.2727
2025-05-05 05:40:00,962.2727
2025-05-05 05:50:00,962.2727
2025-05-05 06:00:00,962.2727
2025-05-05 06:10:00,952.0142
2025-05-05 06:20:00,952.2544
2025-05-05 06:30:00,952.9306
2025-05-05 06:40:00,962.2727
2025-05-05 06:50:00,962.2727
2025-05-05 07:00:00,951.9630
2025-05-05 07:10:00,962.2727
2025-05-05 07:20:00,962.2727
2025-05-05 07:30:00,962.2727
2025-05-05 07:40:00,962.2727
2025-05-05 07:50:00,962.2727
2025-05-05 08:00:00,962.2727
2025-05-05 08:10:00,951.4639
2025-05-05 08:20:00,962.2727
2025-05-05 08:30:00,962.2727
2025-05-05 08:40:00,953.0567
2025-05-05 08:50:00,953.5835
2025-05-05 09:00:00,962.2727
2025-05-05 09:10:00,951.5801
2025-05-05 09:20:00,951.8549
2025-05-05 09:30:00,962.2727
2025-05-05 09:40:00,962.2727
2025-05-05 09:50:00,962.2727
2025-05-05 10:00:00,962.2727
2025-05-05 10:10:00,962.2727
2025-05-05 10:20:00,962.2727
2025-05-05 10:30:00,962.2727
2025-05-05 10:40:00,962.2727
2025-05-05 10:50:00,962.2727
2025-05-05 11:00:00,962.2727
2025-05-05 11:10:00,962.2727
2025-05-05 11:20:00,962.2727
2025-05-05 11:30:00,962.2727
2025-05-05 11:40:00,962.2727
2025-05-05 11:50:00,953.8460
2025-05-05 12:00:00,962.2727
2025-05-05 12:10:00,962.2727
2025-05-05 12:20:00,962.2727
2025-05-05 12:30:00,962.2727
2025-05-05 12:40:00,962.2727
2025-05-05 12:50:00,962.2727
2025-05-05 13:00:00,962.2727
2025-05-05 13:10:00,962.2727
2025-05-05 13:20:00,962.2727
2025-05-05 13:30:00,962.2727
2025-05-05 13:40:00,962.2727
2025-05-05 13:50:00,962.2727
2025-05-05 14:00:00,962.2727
2025-05-05 14:10:00,952.0309
2025-05-05 14:20:00,962.2727
2025-05-05 14:30:00,953.6484
2025-05-05 14:40:00,953.4767
2025-05-05 14:50:00,951.0593
2025-05-05 15:00:00,952.9477
2025-05-05 15:10:00,953.1888
2025-05-05 15:20:00,962.2727
2025-05-05 15:30:00,962.2727
2025-05-05 15:40:00,962.2727
2025-05-05 15:50:00,962.2727
2025-05-05 16:00:00,953.6299
2025-05-05 16:10:00,962.2727
2025-05-05 16:20:00,953.3473
2025-05-05 16:30:00,953.6595
2025-05-05 16:40:00,952.8382
2025-05-05 16:50:00,953.3163
2025-05-05 17:00:00,962.2727
2025-05-05 17:10:00,962.2727
2025-05-05 17:20:00,962.2727
2025-05-05 17:30:00,962.2727
2025-05-05 17:40:00,962.2727
2025-05-05 17:50:00,962.2727
2025-05-05 18:00:00,962.2727
2025-05-05 18:10:00,962.2727
2025-05-05 18:20:00,962.2727
2025-05-05 18:30:00,962.2727
2025-05-05 18:40:00,962.2727
2025-05-05 18:50:00,962.2727
2025-05-05 19:00:00,962.2727
2025-05-05 19:10:00,962.2727
2025-05-05 19:20:00,962.2727
2025-05-05 19:30:00,951.7168
2025-05-05 19:40:00,951.4320
2025-05-05 19:50:00,953.6725
2025-05-05 20:00:00,953.3583
2025-05-05 20:10:00,962.2727
2025-05-05 20:20:00,951.7638
2025-05-05 20:30:00,951.6353
2025-05-05 20:40:00,962.2727
2025-05-05 20:50:00,962.2727
2025-05-05 21:00:00,962.2727
2025-05-05 21:10:00,952.9971
2025-05-05 21:20:00,962.2727
2025-05-05 21:30:00,951.7168
2025-05-05 21:40:00,952.9198
2025-05-05 21:50:00,951.5091
2025-05-05 22:00:00,962.2727
2025-05-05 22:10:00,953.3163
2025-05-05 22:20:00,953.3964
2025-05-05 22:30:00,962.2727
2025-05-05 22:40:00,953.2078
2025-05-05 22:50:00,962.2727
2025-05-05 23:00:00,953.4593
2025-05-05 23:10:00,953.7818
2025-05-05 23:20:00,953.5570
2025-05-05 23:30:00,953.0577
2025-05-05 23:40:00,953.3583
2025-05-05 23:50:00,953.5094
2025-05-06 00:00:00,953.5742
2025-05-06 00:10:00,951.7340
2025-05-06 00:20:00,953.6958
2025-05-06 00:30:00,953.8448
2025-05-06 00:40:00,953.5244
2025-05-06 00:50:00,953.5477
2025-05-06 01:00:00,953.4286
2025-05-06 01:10:00,962.2727
2025-05-06 01:20:00,962.2727
2025-05-06 01:30:00,962.2727
2025-05-06 01:40:00,962.2727
2025-05-06 01:50:00,951.7970
2025-05-06 02:00:00,950.7946
2025-05-06 02:10:00,962.2727
2025-05-06 02:20:00,962.2727
2025-05-06 02:30:00,951.5199
2025-05-06 02:40:00,962.2727
2025-05-06 02:50:00,953.8153
2025-05-06 03:00:00,953.0848
2025-05-06 03:10:00,953.5665
2025-05-06 03:20:00,952.6186
2025-05-06 03:30:00,953.2363
2025-05-06 03:40:00,953.3964
2025-05-06 03:50:00,962.2727
2025-05-06 04:00:00,962.2727
2025-05-06 04:10:00,962.2727
2025-05-06 04:20:00,962.2727
2025-05-06 04:30:00,953.3738
2025-05-06 04:40:00,953.3473
2025-05-06 04:50:00,952.0042
2025-05-06 05:00:00,952.9755
2025-05-06 05:10:00,962.2727
2025-05-06 05:20:00,962.2727
2025-05-06 05:30:00,962.2727
2025-05-06 05:40:00,962.2727
2025-05-06 05:50:00,962.2727
2025-05-06 06:00:00,962.2727
2025-05-06 06:10:00,962.2727
2025-05-06 06:20:00,962.2727
2025-05-06 06:30:00,962.2727
2025-05-06 06:40:00,953.5571
2025-05-06 06:50:00,962.2727
2025-05-06 07:00:00,953.1564
2025-05-06 07:10:00,962.2727
2025-05-06 07:20:00,962.2727
2025-05-06 07:30:00,962.2727
2025-05-06 07:40:00,962.2727
2025-05-06 07:50:00,962.2727
2025-05-06 08:00:00,962.2727
2025-05-06 08:10:00,962.2727
2025-05-06 08:20:00,962.2727
2025-05-06 08:30:00,962.2727
2025-05-06 08:40:00,962.2727
2025-05-06 08:50:00,962.2727
2025-05-06 09:00:00,962.2727
2025-05-06 09:10:00,962.2727
2025-05-06 09:20:00,953.3275
2025-05-06 09:30:00,962.2727
2025-05-06 09:40:00,962.2727
2025-05-06 11:54:36,962.2727
2025-05-06 12:00:00,962.2727
2025-05-06 12:10:00,952.2220
2025-05-06 12:20:00,962.2727
2025-05-06 12:30:00,953.8460
2025-05-06 12:40:00,962.2727
2025-05-06 12:50:00,962.2727
2025-05-06 13:00:00,962.2727
2025-05-06 13:10:00,962.2727
2025-05-06 13:20:00,962.2727
2025-05-06 13:30:00,962.2727
2025-05-06 13:40:00,962.2727
2025-05-06 13:50:00,962.2727
2025-05-06 14:00:00,951.9239
2025-05-06 14:10:00,962.2727
2025-05-06 14:20:00,962.2727
2025-05-06 14:30:00,962.2727
2025-05-06 14:40:00,952.2684
2025-05-06 14:50:00,953.5094
2025-05-06 15:00:00,953.7596
2025-05-06 15:10:00,952.8135
2025-05-06 15:20:00,953.1307
2025-05-06 15:30:00,962.2727
2025-05-06 15:40:00,962.2727
2025-05-06 15:50:00,953.6595
2025-05-06 16:00:00,952.9971
2025-05-06 16:10:00,953.4767
2025-05-06 16:20:00,953.0767
2025-05-06 16:30:00,953.7245
2025-05-06 16:40:00,951.7638
2025-05-06 16:50:00,953.4219
2025-05-06 17:00:00,953.7887
2025-05-06 17:10:00,962.2727
2025-05-06 17:20:00,953.5839
2025-05-06 17:30:00,962.2727
2025-05-06 17:40:00,962.2727
2025-05-06 17:50:00,962.2727
2025-05-06 18:00:00,962.2727
2025-05-06 18:10:00,962.2727
2025-05-06 18:20:00,962.2727
2025-05-06 18:30:00,962.2727
2025-05-06 18:40:00,962.2727
2025-05-06 18:50:00,962.2727
2025-05-06 19:00:00,962.2727
2025-05-06 19:10:00,962.2727
2025-05-06 19:20:00,962.2727
2025-05-06 19:30:00,962.2727
2025-05-06 19:40:00,962.2727
2025-05-06 19:50:00,962.2727
2025-05-06 20:00:00,962.2727
2025-05-06 20:10:00,962.2727
2025-05-06 20:20:00,951.5893
2025-05-06 20:30:00,962.2727
2025-05-06 20:40:00,962.2727
2025-05-06 20:50:00,953.4053
2025-05-06 21:00:00,962.2727
2025-05-06 21:10:00,962.2727
2025-05-06 21:20:00,962.2727
2025-05-06 21:30:00,962.2727
2025-05-06 21:40:00,962.2727
2025-05-06 21:50:00,962.2727
2025-05-06 22:00:00,962.2727
2025-05-06 22:10:00,962.2727
2025-05-06 22:20:00,962.2727
2025-05-06 22:30:00,962.2727
2025-05-06 22:40:00,962.2727
2025-05-06 22:50:00,962.2727
2025-05-06 23:00:00,962.2727
2025-05-06 23:10:00,962.2727
2025-05-06 23:20:00,962.2727
2025-05-06 23:30:00,962.2727
2025-05-06 23:40:00,962.2727
2025-05-06 23:50:00,962.2727
2025-05-07 00:00:00,962.2727
2025-05-07 00:10:00,962.2727
2025-05-07 00:20:00,962.2727
2025-05-07 00:30:00,962.2727
2025-05-07 00:40:00,962.2727
2025-05-07 00:50:00,962.2727
2025-05-07 01:00:00,962.2727
2025-05-07 01:10:00,962.2727
2025-05-07 01:20:00,962.2727
2025-05-07 01:30:00,962.2727
2025-05-07 01:40:00,962.2727
2025-05-07 01:50:00,962.2727
2025-05-07 02:00:00,962.2727
2025-05-07 02:10:00,962.2727
2025-05-07 02:20:00,962.2727
2025-05-07 02:30:00,962.2727
2025-05-07 02:40:00,962.2727
2025-05-07 02:50:00,962.2727
2025-05-07 03:00:00,962.2727
2025-05-07 03:10:00,962.2727
2025-05-07 03:20:00,951.2414
2025-05-07 03:30:00,952.8382
2025-05-07 03:40:00,951.7859
2025-05-07 03:50:00,962.2727
2025-05-07 04:00:00,962.2727
2025-05-07 04:10:00,962.2727
2025-05-07 04:20:00,962.2727
2025-05-07 04:30:00,962.2727
2025-05-07 04:40:00,953.0496
2025-05-07 04:50:00,952.5834
2025-05-07 05:00:00,951.4431
2025-05-07 05:10:00,952.8360
2025-05-07 05:20:00,962.2727
2025-05-07 05:30:00,962.2727
2025-05-07 05:40:00,962.2727
2025-05-07 05:50:00,962.2727
2025-05-07 06:00:00,962.2727
2025-05-07 06:10:00,962.2727
2025-05-07 06:20:00,962.2727
2025-05-07 06:30:00,953.7464
2025-05-07 06:40:00,953.5105
2025-05-07 06:50:00,962.2727
2025-05-07 07:00:00,962.2727
2025-05-07 07:10:00,962.2727
2025-05-07 07:20:00,962.2727
2025-05-07 07:30:00,962.2727
2025-05-07 07:40:00,962.2727
2025-05-07 07:50:00,962.2727
2025-05-07 08:00:00,962.2727
2025-05-07 08:10:00,962.2727
2025-05-07 08:20:00,953.1558
2025-05-07 08:30:00,962.2727
2025-05-07 08:40:00,954.1517
2025-05-07 08:50:00,962.2727
2025-05-07 09:00:00,962.2727
2025-05-07 09:10:00,962.2727
2025-05-07 09:20:00,962.2727
2025-05-07 09:30:00,953.2363
2025-05-07 09:40:00,953.0767
2025-05-07 09:50:00,953.7786
2025-05-07 10:00:00,962.2727
2025-05-07 10:10:00,962.2727
2025-05-07 10:20:00,962.2727
2025-05-07 10:30:00,962.2727
2025-05-07 10:40:00,962.2727
2025-05-07 10:50:00,962.2727
2025-05-07 11:00:00,962.2727
2025-05-07 11:10:00,962.2727
2025-05-07 11:20:00,952.3947
2025-05-07 11:30:00,962.2727
2025-05-07 11:40:00,953.7015
2025-05-07 11:50:00,962.2727
2025-05-07 12:00:00,953.1114
2025-05-07 12:10:00,962.2727
2025-05-07 12:20:00,953.1713
2025-05-07 12:30:00,953.7480
2025-05-07 12:40:00,953.9452
2025-05-07 12:50:00,953.9390
2025-05-07 13:00:00,953.2033
2025-05-07 13:10:00,962.2727
2025-05-07 13:20:00,962.2727
2025-05-07 13:30:00,953.8085
2025-05-07 13:40:00,962.2727
2025-05-07 13:50:00,962.2727
2025-05-07 14:00:00,952.3527
2025-05-07 14:10:00,962.2727
2025-05-07 14:20:00,962.2727
2025-05-07 14:30:00,962.2727
2025-05-07 14:40:00,962.2727
2025-05-07 14:50:00,953.3583
2025-05-07 15:00:00,953.8526
2025-05-07 15:10:00,953.0592
2025-05-07 15:20:00,953.2754
2025-05-07 15:30:00,954.0152
2025-05-07 15:40:00,953.5329
2025-05-07 15:50:00,962.2727
2025-05-07 16:00:00,962.2727
2025-05-07 16:10:00,962.2727
2025-05-07 16:20:00,962.2727
2025-05-07 16:30:00,953.7887
2025-05-07 16:40:00,953.7895
2025-05-07 16:50:00,953.6387
2025-05-07 17:00:00,953.4639
2025-05-07 17:10:00,953.5097
2025-05-07 17:20:00,953.6294
2025-05-07 17:30:00,952.5489
2025-05-07 17:40:00,962.2727
2025-05-07 17:50:00,962.2727
2025-05-07 18:00:00,952.7199
2025-05-07 18:10:00,953.1155
2025-05-07 18:20:00,952.0912
2025-05-07 18:30:00,952.6381
2025-05-07 18:40:00,952.6472
2025-05-07 18:50:00,951.2501
2025-05-07 19:00:00,952.6383
2025-05-07 19:10:00,962.2727
2025-05-07 19:20:00,952.6442
2025-05-07 19:30:00,962.2727
2025-05-07 19:40:00,953.3311
2025-05-07 19:50:00,962.2727
2025-05-07 20:00:00,962.2727
2025-05-07 20:10:00,954.1276
2025-05-07 20:20:00,953.2078
2025-05-07 20:30:00,962.2727
2025-05-07 20:40:00,962.2727
2025-05-07 20:50:00,962.2727
2025-05-07 21:00:00,962.2727
2025-05-07 21:10:00,952.8382
2025-05-07 21:20:00,954.0785
2025-05-07 21:30:00,953.5570
2025-05-07 21:40:00,962.2727
2025-05-07 21:50:00,952.9081
2025-05-07 22:00:00,954.0412
2025-05-07 22:10:00,953.1640
2025-05-07 22:20:00,962.2727
2025-05-07 22:30:00,952.4835
2025-05-07 22:40:00,952.2220
2025-05-07 22:50:00,954.1477
2025-05-07 23:00:00,953.5078
2025-05-07 23:10:00,962.2727
2025-05-07 23:20:00,953.7245
2025-05-07 23:30:00,953.4950
2025-05-07 23:40:00,962.2727
2025-05-07 23:50:00,962.2727
2025-05-08 00:00:00,953.1993
2025-05-08 00:10:00,962.2727
2025-05-08 00:20:00,962.2727
2025-05-08 00:30:00,962.2727
2025-05-08 00:40:00,962.2727
2025-05-08 00:50:00,962.2727
2025-05-08 01:00:00,962.2727
2025-05-08 01:10:00,962.2727
2025-05-08 01:20:00,962.2727
2025-05-08 01:30:00,962.2727
2025-05-08 01:40:00,962.2727
2025-05-08 01:50:00,962.2727
2025-05-08 02:00:00,952.8382
2025-05-08 02:10:00,962.2727
2025-05-08 02:20:00,952.9081
2025-05-08 02:30:00,953.3511
2025-05-08 02:40:00,953.3343
2025-05-08 02:50:00,962.2727
2025-05-08 03:00:00,952.5817
2025-05-08 03:10:00,962.2727
2025-05-08 03:20:00,962.2727
2025-05-08 03:30:00,953.0313
2025-05-08 03:40:00,962.2727
2025-05-08 03:50:00,962.2727
2025-05-08 04:00:00,962.2727
2025-05-08 04:10:00,952.5636
2025-05-08 04:20:00,952.2684
2025-05-08 04:30:00,962.2727
2025-05-08 04:40:00,962.2727
2025-05-08 04:50:00,962.2727
2025-05-08 05:00:00,953.5092
2025-05-08 05:10:00,953.5576
2025-05-08 05:20:00,953.6577
2025-05-08 05:30:00,953.2078
2025-05-08 05:40:00,953.5683
2025-05-08 05:50:00,953.2210
2025-05-08 06:00:00,962.2727
2025-05-08 06:10:00,953.7895
2025-05-08 06:20:00,953.6299
2025-05-08 06:30:00,962.2727
2025-05-08 06:40:00,953.6435
2025-05-08 06:50:00,962.2727
2025-05-08 07:00:00,962.2727
2025-05-08 07:10:00,962.2727
2025-05-08 07:20:00,962.2727
2025-05-08 07:30:00,962.2727
2025-05-08 07:40:00,962.2727
2025-05-08 07:50:00,962.2727
2025-05-08 08:00:00,953.8499
2025-05-08 08:10:00,962.2727
2025-05-08 08:20:00,962.2727
2025-05-08 08:30:00,962.2727
2025-05-08 08:40:00,962.2727
2025-05-08 08:50:00,953.5571
2025-05-08 09:00:00,962.2727
2025-05-08 09:10:00,962.2727
2025-05-08 09:20:00,962.2727
2025-05-08 09:30:00,962.2727
2025-05-08 09:40:00,962.2727
2025-05-08 09:50:00,962.2727
2025-05-08 10:00:00,962.2727
2025-05-08 10:10:00,962.2727
2025-05-08 10:20:00,962.2727
2025-05-08 10:30:00,962.2727
2025-05-08 10:40:00,962.2727
2025-05-08 10:50:00,962.2727
2025-05-08 11:00:00,962.2727
2025-05-08 11:10:00,962.2727
2025-05-08 11:20:00,962.2727
2025-05-08 11:30:00,952.8455
2025-05-08 11:40:00,954.0251
2025-05-08 11:50:00,962.2727
2025-05-08 12:00:00,953.2031
2025-05-08 12:10:00,952.4971
2025-05-08 12:20:00,962.2727
2025-05-08 12:30:00,962.2727
2025-05-08 12:40:00,962.2727
2025-05-08 12:50:00,962.2727
2025-05-08 13:00:00,962.2727
2025-05-08 13:10:00,962.2727
2025-05-08 13:20:00,962.2727
2025-05-08 13:30:00,962.2727
2025-05-08 13:40:00,962.2727
2025-05-08 13:50:00,962.2727
2025-05-08 14:00:00,962.2727
2025-05-08 14:10:00,954.0239
2025-05-08 14:20:00,962.2727
2025-05-08 14:30:00,962.2727
2025-05-08 14:37:39,952.4181
2025-05-08 14:40:00,962.2727
2025-05-08 14:50:00,953.2152
2025-05-08 15:00:00,962.2727
2025-05-08 15:10:00,952.3527
2025-05-08 15:20:00,953.9452
2025-05-08 15:30:00,962.2727
2025-05-08 15:40:00,954.1662
2025-05-08 15:50:00,953.3773
2025-05-08 16:00:00,962.2727
2025-05-08 16:10:00,962.2727
2025-05-08 16:20:00,953.2363
2025-05-08 16:30:00,952.4881
2025-05-08 16:40:00,962.2727
2025-05-08 16:50:00,953.0841
2025-05-08 17:00:00,962.2727
2025-05-08 17:10:00,962.2727
2025-05-08 17:20:00,962.2727
2025-05-08 17:30:00,962.2727
2025-05-08 17:40:00,953.3314
2025-05-08 17:50:00,962.2727
2025-05-08 18:00:00,953.5817
2025-05-08 18:10:00,953.7686
2025-05-08 18:20:00,953.2216
2025-05-08 18:30:00,953.6672
2025-05-08 18:40:00,953.3489
2025-05-08 18:50:00,953.5477
2025-05-08 19:00:00,953.5385
2025-05-08 19:10:00,953.5704
2025-05-08 19:20:00,953.9302
2025-05-08 19:30:00,953.6387
2025-05-08 19:40:00,952.9081
2025-05-08 19:50:00,953.6757
2025-05-08 20:00:00,953.6074
2025-05-08 20:10:00,954.0602
2025-05-08 20:20:00,953.4749
2025-05-08 20:30:00,962.2727
2025-05-08 20:40:00,962.2727
2025-05-08 20:50:00,952.8455
2025-05-08 21:00:00,962.2727
2025-05-08 21:10:00,953.2830
2025-05-08 21:20:00,953.3183
2025-05-08 21:30:00,953.0022
2025-05-08 21:40:00,953.8460
2025-05-08 21:50:00,952.6850
2025-05-08 22:00:00,953.9016
2025-05-08 22:10:00,962.2727
2025-05-08 22:20:00,962.2727
2025-05-08 22:30:00,962.2727
2025-05-08 22:40:00,962.2727
2025-05-08 22:50:00,962.2727
2025-05-08 23:00:00,962.2727
2025-05-08 23:10:00,953.7238
2025-05-08 23:20:00,952.9374
2025-05-08 23:30:00,953.5268
2025-05-08 23:40:00,954.0620
2025-05-08 23:50:00,952.6745
2025-05-09 00:00:00,953.3246
2025-05-09 00:10:00,953.3314
2025-05-09 00:20:00,954.1398
2025-05-09 00:30:00,954.2175
2025-05-09 00:47:26,953.9728
2025-05-09 00:50:00,962.2727
2025-05-09 01:00:00,954.0440
2025-05-09 01:10:00,953.3314
2025-05-09 01:20:00,962.2727
2025-05-09 01:30:00,954.1662
2025-05-09 01:40:00,954.2175
2025-05-09 01:50:00,962.2727
2025-05-09 02:00:00,962.2727
2025-05-09 02:10:00,953.5094
2025-05-09 02:20:00,954.1338
2025-05-09 02:30:00,954.0621
2025-05-09 02:40:00,953.5742
2025-05-09 02:50:00,953.3330
2025-05-09 03:00:00,953.2619
2025-05-09 03:10:00,953.2760
2025-05-09 03:20:00,952.3527
2025-05-09 03:30:00,953.2760
2025-05-09 03:40:00,954.0631
2025-05-09 03:50:00,953.3489
2025-05-09 04:00:00,953.3298
2025-05-09 04:10:00,952.6475
2025-05-09 04:20:00,962.2727
2025-05-09 04:30:00,952.6143
2025-05-09 04:40:00,962.2727
2025-05-09 04:50:00,962.2727
2025-05-09 05:00:00,962.2727
2025-05-09 05:10:00,962.2727
2025-05-09 05:20:00,962.2727
2025-05-09 05:30:00,962.2727
2025-05-09 05:40:00,962.2727
2025-05-09 05:50:00,951.9929
2025-05-09 06:00:00,962.2727
2025-05-09 06:10:00,962.2727
2025-05-09 06:20:00,962.2727
2025-05-09 06:30:00,954.0510
2025-05-09 06:40:00,962.2727
2025-05-09 06:50:00,952.6445
2025-05-09 07:00:00,962.2727
2025-05-09 07:10:00,962.2727
2025-05-09 07:20:00,953.7464
2025-05-09 07:30:00,962.2727
2025-05-09 07:40:00,962.2727
2025-05-09 07:50:00,962.2727
2025-05-09 08:00:00,962.2727
2025-05-09 08:10:00,962.2727
2025-05-09 08:20:00,962.2727
2025-05-09 08:30:00,962.2727
2025-05-09 08:40:00,962.2727
2025-05-09 08:50:00,962.2727
2025-05-09 09:00:00,962.2727
2025-05-09 09:10:00,962.2727
2025-05-09 09:20:00,962.2727
2025-05-09 09:30:00,962.2727
2025-05-09 09:40:00,962.2727
2025-05-09 09:50:00,952.2684
2025-05-09 10:00:00,962.2727
2025-05-09 10:10:00,962.2727
2025-05-09 10:20:00,962.2727
2025-05-09 10:30:00,962.2727
2025-05-09 10:40:00,962.2727
2025-05-09 10:50:00,962.2727
2025-05-09 11:00:00,962.2727
2025-05-09 11:10:00,953.3964
2025-05-09 11:20:00,962.2727
2025-05-09 11:30:00,962.2727
2025-05-09 11:40:00,953.8526
2025-05-09 11:50:00,962.2727
2025-05-09 12:00:00,962.2727
2025-05-09 12:10:00,952.4835
2025-05-09 12:20:00,952.4181
2025-05-09 12:30:00,952.3527
2025-05-09 12:40:00,962.2727
2025-05-09 12:50:00,962.2727
2025-05-09 13:00:00,962.2727
2025-05-09 13:10:00,962.2727
2025-05-09 13:20:00,962.2727
2025-05-09 13:30:00,962.2727
2025-05-09 13:40:00,962.2727
2025-05-09 13:50:00,962.2727
2025-05-09 14:00:00,962.2727
2025-05-09 14:10:00,954.1920
2025-05-09 14:20:00,962.2727
2025-05-09 14:30:00,962.2727
2025-05-09 14:40:00,962.2727
2025-05-09 14:50:00,953.7464
2025-05-09 15:00:00,952.0258
2025-05-09 15:10:00,962.2727
2025-05-09 15:20:00,953.4338
2025-05-09 15:30:00,952.4971
2025-05-09 15:40:00,952.2220
2025-05-09 15:50:00,953.5852
2025-05-09 16:00:00,962.2727
2025-05-09 16:10:00,962.2727
2025-05-09 16:20:00,962.2727
2025-05-09 16:30:00,962.2727
2025-05-09 16:40:00,962.2727
2025-05-09 16:50:00,953.9219
2025-05-09 17:00:00,953.3330
2025-05-09 17:10:00,962.2727
2025-05-09 17:20:00,962.2727
2025-05-09 17:30:00,962.2727
2025-05-09 17:40:00,954.2270
2025-05-09 17:50:00,953.5858
2025-05-09 18:00:00,953.9604
2025-05-09 18:10:00,953.9179
2025-05-09 18:20:00,953.5259
2025-05-09 18:30:00,953.6387
2025-05-09 18:40:00,953.1941
2025-05-09 18:50:00,953.1331
2025-05-09 19:00:00,953.3303
2025-05-09 19:10:00,953.1331
2025-05-09 19:20:00,954.1924
2025-05-09 19:30:00,953.7015
2025-05-09 19:40:00,953.7015
2025-05-09 19:50:00,962.2727
2025-05-09 20:00:00,953.7464
2025-05-09 20:10:00,953.6672
2025-05-09 20:20:00,954.1722
2025-05-09 20:30:00,962.2727
2025-05-09 20:40:00,962.2727
2025-05-09 20:50:00,962.2727
2025-05-09 21:00:00,951.9603
2025-05-09 21:10:00,962.2727
2025-05-09 21:20:00,952.6383
2025-05-09 21:30:00,952.5489
2025-05-09 21:40:00,952.5489
2025-05-09 21:50:00,952.4971
2025-05-09 22:00:00,962.2727
2025-05-09 22:10:00,954.1794
2025-05-09 22:20:00,953.4338
2025-05-09 22:30:00,962.2727
2025-05-09 22:40:00,952.0912
2025-05-09 22:50:00,952.6243
2025-05-09 23:00:00,953.7245
2025-05-09 23:10:00,953.6571
2025-05-09 23:20:00,953.6568
2025-05-09 23:30:00,953.7818
2025-05-09 23:40:00,953.5850
2025-05-09 23:50:00,953.9728
2025-05-10 00:00:00,953.2760
2025-05-10 00:10:00,954.0747
2025-05-10 00:20:00,953.5244
2025-05-10 00:30:00,953.5676
2025-05-10 00:40:00,953.3311
2025-05-10 00:50:00,952.9515
2025-05-10 01:00:00,962.2727
2025-05-10 01:10:00,953.4219
2025-05-10 01:20:00,952.2429
2025-05-10 01:30:00,952.6411
2025-05-10 01:40:00,952.2429
2025-05-10 01:50:00,952.6445
2025-05-10 02:00:00,953.7245
2025-05-10 02:10:00,953.6769
2025-05-10 02:20:00,953.3318
2025-05-10 02:30:00,953.6672
2025-05-10 02:40:00,953.7702
2025-05-10 02:50:00,953.2824
2025-05-10 03:00:00,953.1653
2025-05-10 03:10:00,954.0446
2025-05-10 03:20:00,953.5079
2025-05-10 03:30:00,953.2831
2025-05-10 03:40:00,953.7418
2025-05-10 03:50:00,953.2483
2025-05-10 04:00:00,952.6600
2025-05-10 04:10:00,953.9728
2025-05-10 04:20:00,953.8876
2025-05-10 04:30:00,954.1338
2025-05-10 04:40:00,954.1662
2025-05-10 04:50:00,952.0912
2025-05-10 05:00:00,962.2727
2025-05-10 05:10:00,953.7786
2025-05-10 05:20:00,954.1424
2025-05-10 05:30:00,954.2175
2025-05-10 05:40:00,962.2727
2025-05-10 05:50:00,953.7464
2025-05-10 06:00:00,962.2727
2025-05-10 06:10:00,962.2727
2025-05-10 06:20:00,962.2727
2025-05-10 06:30:00,962.2727
2025-05-10 06:40:00,962.2727
2025-05-10 06:50:00,954.0621
2025-05-10 07:00:00,962.2727
2025-05-10 07:10:00,962.2727
2025-05-10 07:20:00,962.2727
2025-05-10 07:30:00,962.2727
2025-05-10 07:40:00,962.2727
2025-05-10 07:50:00,962.2727
2025-05-10 08:00:00,962.2727
2025-05-10 08:10:00,962.2727
2025-05-10 08:20:00,962.2727
2025-05-10 08:30:00,962.2727
2025-05-10 08:40:00,962.2727
2025-05-10 08:50:00,962.2727
2025-05-10 09:00:00,962.2727
2025-05-10 09:10:00,954.0440
2025-05-10 09:20:00,962.2727
2025-05-10 09:30:00,962.2727
2025-05-10 09:40:00,962.2727
2025-05-10 09:50:00,962.2727
2025-05-10 10:00:00,962.2727
2025-05-10 10:10:00,962.2727
2025-05-10 10:20:00,962.2727
2025-05-10 10:30:00,962.2727
2025-05-10 10:40:00,962.2727
2025-05-10 10:50:00,962.2727
2025-05-10 11:00:00,962.2727
2025-05-10 11:10:00,962.2727
2025-05-10 11:20:00,962.2727
2025-05-10 11:30:00,954.1338
2025-05-10 11:40:00,953.6074
2025-05-10 11:50:00,962.2727
2025-05-10 12:00:00,962.2727
2025-05-10 12:10:00,962.2727
2025-05-10 12:20:00,962.2727
2025-05-10 12:30:00,952.1794
2025-05-10 12:40:00,962.2727
2025-05-10 12:50:00,954.2076
2025-05-10 13:00:00,962.2727
2025-05-10 13:10:00,962.2727
2025-05-10 13:20:00,962.2727
2025-05-10 13:30:00,962.2727
2025-05-10 13:40:00,962.2727
2025-05-10 13:50:00,962.2727
2025-05-10 14:00:00,962.2727
2025-05-10 14:10:00,962.2727
2025-05-10 14:20:00,962.2727
2025-05-10 14:30:00,962.2727
2025-05-10 14:40:00,962.2727
2025-05-10 14:50:00,962.2727
2025-05-10 15:00:00,962.2727
2025-05-10 15:10:00,962.2727
2025-05-10 15:20:00,962.2727
2025-05-10 15:30:00,953.5504
2025-05-10 15:40:00,962.2727
2025-05-10 15:50:00,962.2727
2025-05-10 16:00:00,952.6475
2025-05-10 16:10:00,962.2727
2025-05-10 16:20:00,962.2727
2025-05-10 16:30:00,953.4338
2025-05-10 16:40:00,953.5868
2025-05-10 16:44:01,953.3295
2025-05-10 16:44:02,962.2727
2025-05-10 16:44:03,0.0000
2025-05-10 16:44:27,0.0000
2025-05-10 16:50:00,0.0000
2025-05-10 16:59:18,0.0000
2025-05-10 17:00:00,0.0000
2025-05-10 17:10:00,0.0000
2025-05-10 17:20:00,0.0000
2025-05-10 17:30:00,0.0000
2025-05-10 17:40:00,0.0000
2025-05-10 17:50:00,0.0000
2025-05-10 18:00:00,0.0000
2025-05-10 18:10:00,0.0000
2025-05-10 18:20:00,0.0000
2025-05-10 18:30:00,0.0000
2025-05-10 18:40:00,0.0000
2025-05-10 18:50:00,0.0000
2025-05-10 19:00:00,0.0000
2025-05-10 19:10:00,0.0000
2025-05-10 19:20:00,0.0000
2025-05-10 19:30:00,0.0000
2025-05-10 19:40:00,0.0000
2025-05-10 19:50:00,0.0000
2025-05-10 20:00:00,0.0000
2025-05-10 20:10:00,0.0000
2025-05-10 20:20:00,0.0000
2025-05-10 20:30:00,0.0000
2025-05-10 20:40:00,0.0000
2025-05-10 20:50:00,0.0000
2025-05-10 21:00:00,0.0000
2025-05-10 21:10:00,0.0000
2025-05-10 21:20:00,0.0000
2025-05-10 21:30:00,0.0000
2025-05-10 21:40:00,0.0000
2025-05-10 21:50:00,0.0000
2025-05-10 22:00:00,0.0000
2025-05-10 22:10:00,0.0000
2025-05-10 22:20:00,0.0000
2025-05-10 22:30:00,0.0000
2025-05-10 22:40:00,0.0000
2025-05-10 22:50:00,0.0000
2025-05-10 23:00:00,0.0000
2025-05-10 23:10:00,0.0000
2025-05-10 23:20:00,0.0000
2025-05-10 23:30:00,0.0000
2025-05-10 23:40:00,0.0000
2025-05-10 23:50:00,0.0000
2025-05-11 00:00:00,0.0000
2025-05-11 00:10:00,0.0000
2025-05-11 00:20:00,0.0000
2025-05-11 00:30:00,0.0000
2025-05-11 00:40:00,0.0000
2025-05-11 00:50:00,0.0000
2025-05-11 01:00:00,0.0000
2025-05-11 01:10:00,0.0000
2025-05-11 01:20:00,0.0000
2025-05-11 01:30:00,0.0000
2025-05-11 01:40:00,0.0000
2025-05-11 01:50:00,0.0000
2025-05-11 02:00:00,0.0000
2025-05-11 02:10:00,0.0000
2025-05-11 02:20:00,0.0000
2025-05-11 02:30:00,0.0000
2025-05-11 02:40:00,0.0000
2025-05-11 02:50:00,0.0000
2025-05-11 03:00:00,0.0000
2025-05-11 03:10:00,0.0000
2025-05-11 03:20:00,0.0000
2025-05-11 03:30:00,0.0000
2025-05-11 03:40:00,0.0000
2025-05-11 03:50:00,0.0000
2025-05-11 04:00:00,0.0000
2025-05-11 04:10:00,0.0000
2025-05-11 04:20:00,0.0000
2025-05-11 04:30:00,0.0000
2025-05-11 04:40:00,0.0000
2025-05-11 04:50:00,0.0000
2025-05-11 05:00:00,0.0000
2025-05-11 05:10:00,0.0000
2025-05-11 05:20:00,0.0000
2025-05-11 05:30:00,0.0000
2025-05-11 05:40:00,0.0000
2025-05-11 05:50:00,0.0000
2025-05-11 06:00:00,0.0000
2025-05-11 06:10:00,0.0000
2025-05-11 06:20:00,0.0000
2025-05-11 06:30:00,0.0000
2025-05-11 06:40:00,0.0000
2025-05-11 06:50:00,0.0000
2025-05-11 07:00:00,0.0000
2025-05-11 07:10:00,0.0000
2025-05-11 07:20:00,0.0000
2025-05-11 07:30:00,0.0000
2025-05-11 07:40:00,0.0000
2025-05-11 07:50:00,0.0000
2025-05-11 08:00:00,0.0000
2025-05-11 08:10:00,0.0000
2025-05-11 08:20:00,0.0000
2025-05-11 08:30:00,0.0000
2025-05-11 08:40:00,0.0000
2025-05-11 08:50:00,0.0000
2025-05-11 09:00:00,0.0000
2025-05-11 09:10:00,0.0000
2025-05-11 09:20:00,0.0000
2025-05-11 09:30:00,0.0000
2025-05-11 09:40:00,0.0000
2025-05-11 09:50:00,0.0000
2025-05-11 10:00:00,0.0000
2025-05-11 10:10:00,0.0000
2025-05-11 10:20:00,0.0000
2025-05-11 10:30:00,0.0000
2025-05-11 10:40:00,0.0000
2025-05-11 10:50:00,0.0000
2025-05-11 11:00:00,0.0000
2025-05-11 11:10:00,0.0000
2025-05-11 11:20:00,0.0000
2025-05-11 11:30:00,0.0000
2025-05-11 11:40:00,0.0000
2025-05-11 11:50:00,0.0000
2025-05-11 12:00:00,0.0000
2025-05-11 12:10:00,0.0000
2025-05-11 12:20:00,0.0000
2025-05-11 12:30:00,0.0000
2025-05-11 12:40:00,0.0000
2025-05-11 12:50:00,0.0000
2025-05-11 13:00:00,0.0000
2025-05-11 13:10:00,0.0000
2025-05-11 13:20:00,0.0000
2025-05-11 13:30:00,0.0000
2025-05-11 13:40:00,0.0000
2025-05-11 13:50:00,0.0000
2025-05-11 14:00:00,0.0000
2025-05-11 14:10:00,0.0000
2025-05-11 14:20:00,0.0000
2025-05-11 14:30:00,0.0000
2025-05-11 14:40:00,0.0000
2025-05-11 14:50:00,0.0000
2025-05-11 15:00:00,0.0000
2025-05-11 15:10:00,0.0000
2025-05-11 15:20:00,0.0000
2025-05-11 15:30:00,0.0000
2025-05-11 15:40:00,0.0000
2025-05-11 15:50:00,0.0000
2025-05-11 16:00:00,0.0000
2025-05-11 16:10:00,0.0000
2025-05-11 16:20:00,0.0000
2025-05-11 16:30:00,0.0000
2025-05-11 16:40:00,0.0000
2025-05-11 16:50:00,0.0000
2025-05-11 17:00:00,0.0000
2025-05-11 17:10:00,0.0000
2025-05-11 17:20:00,0.0000
2025-05-11 17:30:00,0.0000
2025-05-11 17:40:00,0.0000
2025-05-11 17:50:00,0.0000
2025-05-11 18:00:00,0.0000
2025-05-11 18:10:00,0.0000
2025-05-11 18:20:00,0.0000
2025-05-11 18:30:00,0.0000
2025-05-11 18:40:00,0.0000
2025-05-11 18:50:00,0.0000
2025-05-11 19:00:00,0.0000
2025-05-11 19:10:00,0.0000
2025-05-11 19:20:00,0.0000
2025-05-11 19:30:00,0.0000
2025-05-11 19:40:00,0.0000
2025-05-11 19:50:00,0.0000
2025-05-11 20:00:00,0.0000
2025-05-11 20:10:00,0.0000
2025-05-11 20:20:00,0.0000
2025-05-11 20:30:00,0.0000
2025-05-11 20:40:00,0.0000
2025-05-11 20:50:00,0.0000
2025-05-11 21:00:00,0.0000
2025-05-11 21:10:00,0.0000
2025-05-11 21:20:00,0.0000
2025-05-11 21:30:00,0.0000
2025-05-11 21:40:00,0.0000
2025-05-11 21:50:00,0.0000
2025-05-11 22:00:00,0.0000
2025-05-11 22:10:00,0.0000
2025-05-11 22:20:00,0.0000
2025-05-11 22:30:00,0.0000
2025-05-11 22:40:00,0.0000
2025-05-11 22:50:00,0.0000
2025-05-11 23:00:00,0.0000
2025-05-11 23:10:00,0.0000
2025-05-11 23:20:00,0.0000
2025-05-11 23:30:00,0.0000
2025-05-11 23:40:00,0.0000
2025-05-11 23:50:00,0.0000
2025-05-12 00:00:00,0.0000
2025-05-12 00:10:00,0.0000
2025-05-12 00:20:00,0.0000
2025-05-12 00:30:00,0.0000
2025-05-12 00:40:00,0.0000
2025-05-12 00:50:00,0.0000
2025-05-12 01:00:00,0.0000
2025-05-12 01:10:00,0.0000
2025-05-12 01:20:00,0.0000
2025-05-12 01:30:00,0.0000
2025-05-12 01:40:00,0.0000
2025-05-12 01:50:00,0.0000
2025-05-12 02:00:00,0.0000
2025-05-12 02:10:00,0.0000
2025-05-12 02:20:00,0.0000
2025-05-12 02:30:00,0.0000
2025-05-12 02:40:00,0.0000
2025-05-12 02:50:00,0.0000
2025-05-12 03:00:00,0.0000
2025-05-12 03:10:00,0.0000
2025-05-12 03:20:00,0.0000
2025-05-12 03:30:00,0.0000
2025-05-12 03:40:00,0.0000
2025-05-12 03:50:00,0.0000
2025-05-12 04:00:00,0.0000
2025-05-12 04:10:00,0.0000
2025-05-12 04:20:00,0.0000
2025-05-12 04:30:00,0.0000
2025-05-12 04:40:00,0.0000
2025-05-12 04:50:00,0.0000
2025-05-12 05:00:00,0.0000
2025-05-12 05:10:00,0.0000
2025-05-12 05:20:00,0.0000
2025-05-12 05:30:00,0.0000
2025-05-12 05:40:00,0.0000
2025-05-12 05:50:00,0.0000
2025-05-12 06:00:00,0.0000
2025-05-12 06:10:00,0.0000
2025-05-12 06:20:00,0.0000
2025-05-12 06:30:00,0.0000
2025-05-12 06:40:00,0.0000
2025-05-12 06:50:00,0.0000
2025-05-12 07:00:00,0.0000
2025-05-12 07:10:00,0.0000
2025-05-12 07:20:00,0.0000
2025-05-12 07:30:00,0.0000
2025-05-12 07:40:00,0.0000
2025-05-12 07:50:00,0.0000
2025-05-12 08:00:00,0.0000
2025-05-12 08:10:00,0.0000
2025-05-12 08:20:00,0.0000
2025-05-12 08:30:00,0.0000
2025-05-12 08:40:00,0.0000
2025-05-12 08:50:00,0.0000
2025-05-12 09:00:00,0.0000
2025-05-12 09:10:00,0.0000
2025-05-12 09:20:00,0.0000
2025-05-12 09:30:00,0.0000
2025-05-12 09:40:00,0.0000
2025-05-12 09:50:00,0.0000
2025-05-12 10:00:00,0.0000
2025-05-12 10:10:00,0.0000
2025-05-12 10:20:00,0.0000
2025-05-12 10:30:00,0.0000
2025-05-12 10:40:00,0.0000
2025-05-12 10:50:00,0.0000
2025-05-12 11:00:00,0.0000
2025-05-12 11:10:00,0.0000
2025-05-12 11:20:00,0.0000
2025-05-12 11:30:00,0.0000
2025-05-12 11:40:00,0.0000
2025-05-12 11:50:00,0.0000
2025-05-12 12:00:00,0.0000
2025-05-12 12:10:00,0.0000
2025-05-12 12:20:00,0.0000
2025-05-12 12:30:00,0.0000
2025-05-12 12:40:00,0.0000
2025-05-12 12:50:00,0.0000
2025-05-12 13:00:00,0.0000
2025-05-12 13:10:00,0.0000
2025-05-12 13:20:00,0.0000
2025-05-12 13:30:00,0.0000
2025-05-12 13:40:00,0.0000
2025-05-12 13:50:00,0.0000
2025-05-12 14:00:00,0.0000
2025-05-12 14:10:00,0.0000
2025-05-12 14:20:00,0.0000
2025-05-12 14:30:00,0.0000
2025-05-12 14:40:00,0.0000
2025-05-12 14:50:00,0.0000
2025-05-12 15:00:00,0.0000
2025-05-12 15:10:00,0.0000
2025-05-12 15:20:00,0.0000
2025-05-12 15:30:00,0.0000
2025-05-12 15:40:00,0.0000
2025-05-12 15:50:00,0.0000
2025-05-12 16:00:00,0.0000
2025-05-12 16:10:00,0.0000
2025-05-12 16:20:00,0.0000
2025-05-12 16:30:00,0.0000
2025-05-12 16:40:00,0.0000
2025-05-12 16:50:00,0.0000
2025-05-12 17:00:00,0.0000
2025-05-12 17:10:00,0.0000
2025-05-12 17:20:00,0.0000
2025-05-12 17:30:00,0.0000
2025-05-12 17:40:00,0.0000
2025-05-12 17:50:00,0.0000
2025-05-12 18:00:00,0.0000
2025-05-12 18:10:00,0.0000
2025-05-12 18:20:00,0.0000
2025-05-12 18:30:00,0.0000
2025-05-12 18:40:00,0.0000
2025-05-12 18:50:00,0.0000
2025-05-12 19:00:00,0.0000
2025-05-12 19:10:00,0.0000
2025-05-12 19:20:00,0.0000
2025-05-12 19:30:00,0.0000
2025-05-12 19:40:00,0.0000
2025-05-12 19:50:00,0.0000
2025-05-12 20:00:00,0.0000
2025-05-12 20:10:00,0.0000
2025-05-12 20:20:00,0.0000
2025-05-12 20:30:00,0.0000
2025-05-12 20:40:00,0.0000
2025-05-12 20:50:00,0.0000
2025-05-12 21:00:00,0.0000
2025-05-12 21:10:00,0.0000
2025-05-12 21:20:00,0.0000
2025-05-12 21:30:00,0.0000
2025-05-12 21:40:00,0.0000
2025-05-12 21:50:00,0.0000
2025-05-12 22:00:00,0.0000
2025-05-12 22:10:00,0.0000
2025-05-12 22:20:00,0.0000
2025-05-12 22:30:00,0.0000
2025-05-12 22:40:00,0.0000
2025-05-12 22:50:00,0.0000
2025-05-12 23:00:00,0.0000
2025-05-12 23:10:00,0.0000
2025-05-12 23:20:00,0.0000
2025-05-12 23:30:00,0.0000
2025-05-12 23:40:00,0.0000
2025-05-12 23:50:00,0.0000
2025-05-13 00:00:00,0.0000
2025-05-13 00:10:00,0.0000
2025-05-13 00:20:00,0.0000
2025-05-13 00:30:00,0.0000
2025-05-13 00:40:00,0.0000
2025-05-13 00:50:00,0.0000
2025-05-13 01:00:00,0.0000
2025-05-13 01:10:00,0.0000
2025-05-13 01:20:00,0.0000
2025-05-13 01:30:00,0.0000
2025-05-13 01:40:00,0.0000
2025-05-13 01:50:00,0.0000
2025-05-13 02:00:00,0.0000
2025-05-13 02:10:00,0.0000
2025-05-13 02:20:00,0.0000
2025-05-13 02:30:00,0.0000
2025-05-13 02:40:00,0.0000
2025-05-13 02:50:00,0.0000
2025-05-13 03:00:00,0.0000
2025-05-13 03:10:00,0.0000
2025-05-13 03:20:00,0.0000
2025-05-13 03:30:00,0.0000
2025-05-13 03:40:00,0.0000
2025-05-13 03:50:00,0.0000
2025-05-13 04:00:00,0.0000
2025-05-13 04:10:00,0.0000
2025-05-13 04:20:00,0.0000
2025-05-13 04:30:00,0.0000
2025-05-13 04:40:00,0.0000
2025-05-13 04:50:00,0.0000
2025-05-13 05:00:00,0.0000
2025-05-13 05:10:00,0.0000
2025-05-13 05:20:00,0.0000
2025-05-13 05:30:00,0.0000
2025-05-13 05:40:00,0.0000
2025-05-13 05:50:00,0.0000
2025-05-13 06:00:00,0.0000
2025-05-13 06:10:00,0.0000
2025-05-13 06:20:00,0.0000
2025-05-13 06:30:00,0.0000
2025-05-13 06:40:00,0.0000
2025-05-13 06:50:00,0.0000
2025-05-13 07:00:00,0.0000
2025-05-13 07:10:00,0.0000
2025-05-13 07:20:00,0.0000
2025-05-13 07:30:00,0.0000
2025-05-13 07:40:00,0.0000
2025-05-13 07:50:00,0.0000
2025-05-13 08:00:00,0.0000
2025-05-13 08:10:00,0.0000
2025-05-13 08:20:00,0.0000
2025-05-13 08:30:00,0.0000
2025-05-13 08:40:00,0.0000
2025-05-13 08:50:00,0.0000
2025-05-13 09:00:00,0.0000
2025-05-13 09:10:00,0.0000
2025-05-13 09:20:00,0.0000
2025-05-13 09:30:00,0.0000
2025-05-13 09:40:00,0.0000
2025-05-13 09:50:00,0.0000
2025-05-13 10:00:00,0.0000
2025-05-13 10:10:00,0.0000
2025-05-13 10:20:00,0.0000
2025-05-13 10:30:00,0.0000
2025-05-13 10:40:00,0.0000
2025-05-13 10:50:00,0.0000
2025-05-13 11:00:00,0.0000
2025-05-13 11:10:00,0.0000
2025-05-13 11:20:00,0.0000
2025-05-13 11:30:00,0.0000
2025-05-13 11:40:00,0.0000
2025-05-13 11:50:00,0.0000
2025-05-13 12:00:00,0.0000
2025-05-13 12:10:00,0.0000
2025-05-13 12:20:00,0.0000
2025-05-13 12:30:00,0.0000
2025-05-13 12:40:00,0.0000
2025-05-13 12:50:00,0.0000
2025-05-13 13:00:00,0.0000
2025-05-13 13:10:00,0.0000
2025-05-13 13:20:00,0.0000
2025-05-13 13:30:00,0.0000
2025-05-13 13:40:00,0.0000
2025-05-13 13:50:00,0.0000
2025-05-13 14:00:00,0.0000
2025-05-13 14:10:00,0.0000
2025-05-13 14:20:00,0.0000
2025-05-13 14:30:00,0.0000
2025-05-13 14:40:00,0.0000
2025-05-13 14:50:00,0.0000
2025-05-13 15:00:00,0.0000
2025-05-13 15:10:00,0.0000
2025-05-13 15:20:00,0.0000
2025-05-13 15:30:00,0.0000
2025-05-13 15:40:00,0.0000
2025-05-13 15:50:00,0.0000
2025-05-13 16:00:00,0.0000
2025-05-13 16:10:00,0.0000
2025-05-13 16:20:00,0.0000
2025-05-13 16:30:00,0.0000
2025-05-13 16:40:00,0.0000
2025-05-13 16:50:00,0.0000
2025-05-13 17:00:00,0.0000
2025-05-13 17:10:00,0.0000
2025-05-13 17:20:00,0.0000
2025-05-13 17:30:00,0.0000
2025-05-13 17:40:00,0.0000
2025-05-13 17:50:00,0.0000
2025-05-13 18:00:00,0.0000
2025-05-13 18:10:00,0.0000
2025-05-13 18:20:00,0.0000
2025-05-13 18:30:00,0.0000
2025-05-13 18:40:00,0.0000
2025-05-13 18:50:00,0.0000
2025-05-13 19:00:00,0.0000
2025-05-13 19:10:00,0.0000
2025-05-13 20:00:00,0.0000
2025-05-13 21:00:00,0.0000
2025-05-13 22:00:00,0.0000
2025-05-13 23:00:00,0.0000
2025-05-14 00:00:00,0.0000
2025-05-14 01:00:00,0.0000
2025-05-14 02:00:00,0.0000
2025-05-14 03:00:00,0.0000
2025-05-14 04:00:00,0.0000
2025-05-14 05:00:00,0.0000
2025-05-14 06:00:00,0.0000
2025-05-14 07:00:00,0.0000
2025-05-14 08:00:00,0.0000
2025-05-14 09:00:00,0.0000
2025-05-14 10:00:00,0.0000
2025-05-14 11:00:00,0.0000
2025-05-14 12:00:00,0.0000
2025-05-14 13:00:00,0.0000
2025-05-14 14:00:00,0.0000
2025-05-14 15:00:00,0.0000
2025-05-14 16:00:00,0.0000
2025-05-14 17:00:00,0.0000
2025-05-14 18:00:00,0.0000
2025-05-14 19:00:00,0.0000
2025-05-14 20:00:00,0.0000
2025-05-14 21:00:00,0.0000
2025-05-14 22:00:00,0.0000
2025-05-14 23:00:00,0.0000
2025-05-15 00:00:00,0.0000
2025-05-15 01:00:00,0.0000
2025-05-15 02:00:00,0.0000
2025-05-15 03:00:00,0.0000
2025-05-15 04:00:00,0.0000
2025-05-15 05:00:00,0.0000
2025-05-15 06:00:00,0.0000
2025-05-15 07:00:00,0.0000
2025-05-15 08:00:00,0.0000
2025-05-15 09:00:00,0.0000
2025-05-15 10:00:00,0.0000
2025-05-15 11:00:00,0.0000
2025-05-15 12:00:00,0.0000
2025-05-15 13:00:00,0.0000
2025-05-15 14:00:00,0.0000
2025-05-15 15:00:00,0.0000
2025-05-15 16:00:00,0.0000
2025-05-15 17:00:00,0.0000
2025-05-15 18:00:00,0.0000
2025-05-15 19:00:00,0.0000
2025-05-15 20:00:00,0.0000
2025-05-15 21:00:00,0.0000
2025-05-15 22:00:00,0.0000
2025-05-15 23:00:00,0.0000
2025-05-16 00:00:00,0.0000
2025-05-16 01:00:00,0.0000
2025-05-16 02:00:00,0.0000
2025-05-16 03:00:00,0.0000
2025-05-16 04:00:00,0.0000
2025-05-16 05:00:00,0.0000
2025-05-16 06:00:00,0.0000
2025-05-16 07:00:00,0.0000
2025-05-16 08:00:00,0.0000
2025-05-16 09:00:00,0.0000
2025-05-16 10:00:00,0.0000
2025-05-16 11:00:00,0.0000
2025-05-16 12:00:00,0.0000
2025-05-16 13:00:00,0.0000
2025-05-16 14:00:00,0.0000
2025-05-16 15:00:00,0.0000
2025-05-16 16:00:00,0.0000
2025-05-16 17:00:00,0.0000
2025-05-16 18:00:00,0.0000
2025-05-16 19:00:00,0.0000
2025-05-16 20:00:00,0.0000
2025-05-16 21:00:00,0.0000
2025-05-16 22:00:00,0.0000
2025-05-16 23:00:00,0.0000
2025-05-17 00:00:00,0.0000
2025-05-17 01:00:00,0.0000
2025-05-17 02:00:00,0.0000
2025-05-17 03:00:00,0.0000
2025-05-17 04:00:00,0.0000
2025-05-17 05:00:00,0.0000
2025-05-17 06:00:00,0.0000
2025-05-17 07:00:00,0.0000
2025-05-17 08:00:00,0.0000
2025-05-17 09:00:00,0.0000
2025-05-17 10:00:00,0.0000
2025-05-17 11:00:00,0.0000
2025-05-17 12:00:00,0.0000
2025-05-17 13:00:00,0.0000
2025-05-17 14:00:00,0.0000
2025-05-17 15:00:00,0.0000
2025-05-17 16:00:00,0.0000
2025-05-17 17:00:00,0.0000
2025-05-17 18:00:00,0.0000
2025-05-17 19:00:00,0.0000
2025-05-17 20:00:00,0.0000
2025-05-17 21:00:00,0.0000
2025-05-17 22:00:00,0.0000
2025-05-17 23:00:00,0.0000
2025-05-18 00:00:00,0.0000
2025-05-18 01:00:00,0.0000
2025-05-18 02:00:00,0.0000
2025-05-18 03:00:00,0.0000
2025-05-18 04:00:00,0.0000
2025-05-18 05:00:00,0.0000
2025-05-18 06:00:00,0.0000
2025-05-18 07:00:00,0.0000
2025-05-18 08:00:00,0.0000
2025-05-18 09:00:00,0.0000
2025-05-18 10:00:00,0.0000
2025-05-18 11:00:00,0.0000
2025-05-18 12:00:00,0.0000
2025-05-18 13:00:00,0.0000
2025-05-18 14:00:00,0.0000
2025-05-18 15:00:00,0.0000
2025-05-18 16:00:00,0.0000
2025-05-18 17:00:00,0.0000
2025-05-18 18:00:00,0.0000
2025-05-18 19:00:00,0.0000
2025-05-18 20:00:00,0.0000
2025-05-18 21:00:00,0.0000
2025-05-18 22:00:00,0.0000
2025-05-18 23:00:00,0.0000
2025-05-19 00:00:00,0.0000
2025-05-19 01:00:00,0.0000
2025-05-19 02:00:00,0.0000
2025-05-19 03:00:00,0.0000
2025-05-19 04:00:00,0.0000
2025-05-19 05:00:00,0.0000
2025-05-19 06:00:00,0.0000
2025-05-19 07:00:00,0.0000
2025-05-19 08:00:00,0.0000
2025-05-19 09:00:00,0.0000
2025-05-19 10:00:00,0.0000
2025-05-19 11:00:00,0.0000
2025-05-19 12:00:00,0.0000
2025-05-19 13:00:00,0.0000
2025-05-19 14:00:00,0.0000
2025-05-19 15:00:00,0.0000
2025-05-19 16:00:00,0.0000
2025-05-19 17:00:00,0.0000
2025-05-19 18:00:00,0.0000
2025-05-19 19:00:00,0.0000
2025-05-19 20:00:00,0.0000
2025-05-19 21:00:00,0.0000
2025-05-19 22:00:00,0.0000
2025-05-19 23:00:00,0.0000
2025-05-20 00:00:00,0.0000
2025-05-20 01:00:00,0.0000
2025-05-20 02:00:00,0.0000
2025-05-20 03:00:00,0.0000
2025-05-20 04:00:00,0.0000
2025-05-20 05:00:00,0.0000
2025-05-20 06:00:00,0.0000
2025-05-20 07:00:00,0.0000
2025-05-20 08:00:00,0.0000
2025-05-20 09:00:00,0.0000
2025-05-20 10:00:00,0.0000
2025-05-20 11:00:00,0.0000
2025-05-20 12:00:00,0.0000
2025-05-20 13:00:00,0.0000
2025-05-20 14:00:00,0.0000
2025-05-20 15:00:00,0.0000
2025-05-20 16:00:00,0.0000
2025-05-20 17:00:00,0.0000
2025-05-20 18:00:00,0.0000
2025-05-20 19:00:00,0.0000
2025-05-20 20:00:00,0.0000
2025-05-20 21:00:00,0.0000
2025-05-20 22:00:00,0.0000
2025-05-20 23:00:00,0.0000
2025-05-21 00:00:00,0.0000
2025-05-21 01:00:00,0.0000
2025-05-21 02:00:00,0.0000
2025-05-21 03:00:00,0.0000
2025-05-21 04:00:00,0.0000
2025-05-21 05:00:00,0.0000
2025-05-21 06:00:00,0.0000
2025-05-21 07:00:00,0.0000
2025-05-21 08:00:00,0.0000
2025-05-21 09:00:00,0.0000
2025-05-21 10:00:00,0.0000
2025-05-21 11:00:00,0.0000
2025-05-21 12:00:00,0.0000
2025-05-21 13:00:00,0.0000
2025-05-21 14:00:00,0.0000
2025-05-21 15:00:00,0.0000
2025-05-21 16:00:00,0.0000
2025-05-21 17:00:00,0.0000
2025-05-21 18:00:00,0.0000
2025-05-21 19:00:00,0.0000
2025-05-21 20:00:00,0.0000
2025-05-21 21:00:00,0.0000
2025-05-21 22:00:00,0.0000
2025-05-21 23:00:00,0.0000
2025-05-22 00:00:00,0.0000
2025-05-22 01:00:00,0.0000
2025-05-22 02:00:00,0.0000
2025-05-22 03:00:00,0.0000
2025-05-22 04:00:00,0.0000
2025-05-22 05:00:00,0.0000
2025-05-22 06:00:00,0.0000
2025-05-22 07:00:00,0.0000
2025-05-22 08:00:00,0.0000
2025-05-22 09:00:00,0.0000
2025-05-22 10:00:00,0.0000
2025-05-22 11:00:00,0.0000
2025-05-22 12:00:00,0.0000
2025-05-22 13:00:00,0.0000
2025-05-22 14:00:00,0.0000
2025-05-22 15:00:00,0.0000
2025-05-22 16:00:00,0.0000
2025-05-22 17:00:00,0.0000
2025-05-22 18:00:00,0.0000
2025-05-22 19:00:00,0.0000
2025-05-22 20:00:00,0.0000
2025-05-22 21:00:00,0.0000
2025-05-22 22:00:00,0.0000
2025-05-22 23:00:00,0.0000
2025-05-23 00:00:00,0.0000
2025-05-23 01:00:00,0.0000
2025-05-23 02:00:00,0.0000
2025-05-23 03:00:00,0.0000
2025-05-23 04:00:00,0.0000
2025-05-23 05:00:00,0.0000
2025-05-23 06:00:00,0.0000
2025-05-23 07:00:00,0.0000
2025-05-23 08:00:00,0.0000
2025-05-23 09:00:00,0.0000
2025-05-23 10:00:00,0.0000
2025-05-23 11:00:00,0.0000
2025-05-23 12:00:00,0.0000
2025-05-23 13:00:00,0.0000
2025-05-23 14:00:00,0.0000
2025-05-23 15:00:00,0.0000
2025-05-23 16:00:00,0.0000
2025-05-23 17:00:00,0.0000
2025-05-23 18:00:00,0.0000
2025-05-23 19:00:00,0.0000
2025-05-23 20:00:00,0.0000
2025-05-23 21:00:00,0.0000
2025-05-23 22:00:00,0.0000
2025-05-23 23:00:00,0.0000
2025-05-24 00:00:00,0.0000
2025-05-24 01:00:00,0.0000
2025-05-24 02:00:00,0.0000
2025-05-24 03:00:00,0.0000
2025-05-24 04:00:00,0.0000
2025-05-24 05:00:00,0.0000
2025-05-24 06:00:00,0.0000
2025-05-24 07:00:00,0.0000
2025-05-24 08:00:00,0.0000
2025-05-24 09:00:00,0.0000
2025-05-24 10:00:00,0.0000
2025-05-24 11:00:00,0.0000
2025-05-24 12:00:00,0.0000
2025-05-24 13:00:00,0.0000
2025-05-24 14:00:00,0.0000
2025-05-24 15:00:00,0.0000
2025-05-24 16:00:00,0.0000
2025-05-24 17:00:00,0.0000
2025-05-24 18:00:00,0.0000
2025-05-24 19:00:00,0.0000
2025-05-24 20:00:00,0.0000
2025-05-24 21:00:00,0.0000
2025-05-24 22:00:00,0.0000
2025-05-24 23:00:00,0.0000
2025-05-25 00:00:00,0.0000
2025-05-25 01:00:00,0.0000
2025-05-25 02:00:00,0.0000
2025-05-25 03:00:00,0.0000
2025-05-25 04:00:00,0.0000
2025-05-25 05:00:00,0.0000
2025-05-25 06:00:00,0.0000
2025-05-25 07:00:00,0.0000
2025-05-25 08:00:00,0.0000
2025-05-25 09:00:00,0.0000
2025-05-25 10:00:00,0.0000
2025-05-25 11:00:00,0.0000
2025-05-25 12:00:00,0.0000
2025-05-25 13:00:00,0.0000
2025-05-25 14:00:00,0.0000
2025-05-25 15:00:00,0.0000
2025-05-25 16:00:00,0.0000
2025-05-25 17:00:00,0.0000
2025-05-25 18:00:00,0.0000
2025-05-25 19:00:00,0.0000
2025-05-25 20:00:00,0.0000
2025-05-25 21:00:00,0.0000
2025-05-25 22:00:00,0.0000
2025-05-25 23:00:00,0.0000
2025-05-26 00:00:00,0.0000
2025-05-26 01:00:00,0.0000
2025-05-26 02:00:00,0.0000
2025-05-26 03:00:00,0.0000
2025-05-26 04:00:00,0.0000
2025-05-26 05:00:00,0.0000
2025-05-26 06:00:00,0.0000
2025-05-26 07:00:00,0.0000
2025-05-26 08:00:00,0.0000
2025-05-26 09:00:00,0.0000
2025-05-26 10:00:00,0.0000
2025-05-26 11:00:00,0.0000
2025-05-26 12:00:00,0.0000
2025-05-26 13:00:00,0.0000
2025-05-26 14:00:00,0.0000
2025-05-26 15:00:00,0.0000
2025-05-26 16:00:00,0.0000
2025-05-26 17:00:00,0.0000
2025-05-26 18:00:00,0.0000
2025-05-26 19:00:00,0.0000
2025-05-26 20:00:00,0.0000
2025-05-26 21:00:00,0.0000
2025-05-26 22:00:00,0.0000
2025-05-26 23:00:00,0.0000
2025-05-27 00:00:00,0.0000
2025-05-27 01:00:00,0.0000
2025-05-27 02:00:00,0.0000
2025-05-27 03:00:00,0.0000
2025-05-27 04:00:00,0.0000
2025-05-27 05:00:00,0.0000
2025-05-27 06:00:00,0.0000
2025-05-27 07:00:00,0.0000
2025-05-27 08:00:00,0.0000
2025-05-27 09:00:00,0.0000
2025-05-27 10:00:00,0.0000
2025-05-27 11:00:00,0.0000
2025-05-27 12:00:00,0.0000
2025-05-27 13:00:00,0.0000
2025-05-27 14:00:00,0.0000
2025-05-27 15:00:00,0.0000
2025-05-27 16:00:00,0.0000
2025-05-27 17:00:00,0.0000
2025-05-27 18:00:00,0.0000
2025-05-27 19:00:00,0.0000
2025-05-27 20:00:00,0.0000
2025-05-27 21:00:00,0.0000
2025-05-27 22:00:00,0.0000
2025-05-27 23:00:00,0.0000
2025-05-28 00:00:00,0.0000
2025-05-28 01:00:00,0.0000
2025-05-28 02:00:00,0.0000
2025-05-28 03:00:00,0.0000
2025-05-28 04:00:00,0.0000
2025-05-28 05:00:00,0.0000
2025-05-28 06:00:00,0.0000
2025-05-28 07:00:00,0.0000
2025-05-28 08:00:00,0.0000
2025-05-28 09:00:00,0.0000
2025-05-28 10:00:00,0.0000
2025-05-28 11:00:00,0.0000
2025-05-28 12:00:00,0.0000
2025-05-28 13:00:00,0.0000
