Location,UWI,Reading Time,Average Amps (A) (Raw),Drive Frequency (Hz) (Raw),Intake Pressure (psi) (Raw),Discharge Pressure (psi) (Raw),Intake Temperature (F) (Raw),Motor Temperature (F) (Raw),Vibration (gravit) (Raw),Virtual Rate (BFPD) (Raw)
SKW-15,SKW-15,2025-07-27 15:10:00,0.0,0.0,821.500000000191,821.900000000475,83.600000006,80.799999998,0.00611829726,0.0
SKW-15,SKW-15,2025-07-27 15:19:58,0.0,0.0,820.299999999342,821.600000000262,84.000000002,81.199999994,0.00611829726,0.0
SKW-15,SKW-15,2025-07-27 15:20:00,0.0,0.0,820.299999999342,821.600000000262,84.000000002,81.199999994,0.00611829726,0.0
SKW-15,SKW-15,2025-07-27 15:30:00,0.0,0.0,0.0,0.0,-4.000000330961481e-09,-4.000000330961481e-09,0.0,0.0
SKW-15,SKW-15,2025-07-27 21:40:00,0.0,0.0,824.000000000512,823.700000000299,88.199999996,85.400000006,0.00611829726,0.0
SKW-15,SKW-15,2025-07-27 22:00:00,0.0,0.0,823.199999999945,822.899999999733,89.299999994,94.800000002,0.00611829726,0.0
SKW-15,SKW-15,2025-07-27 22:10:00,18.2,27.0,822.999999999803,1377.29999999931,89.900000006,94.800000002,0.00509858105,1563.6936051292068
SKW-15,SKW-15,2025-07-27 22:33:00,18.2,42.0,819.300000000084,2413.2000000005,91.4,114.900000008,0.00611829726,1302.1886396442328
SKW-15,SKW-15,2025-07-27 22:34:00,18.2,42.0,819.200000000013,2412.60000000008,91.500000008,114.299999996,0.00713801347,1302.2300654988496
SKW-15,SKW-15,2025-07-27 22:35:00,18.1,42.0,818.8999999998,2411.99999999965,91.599999998,114.099999998,0.00611829726,1302.7005055917118
SKW-15,SKW-15,2025-07-27 22:38:00,19.8,45.0,818.399999999446,2410.80000000025,91.799999996,114.099999998,0.00713801347,1271.2549175596648
SKW-15,SKW-15,2025-07-27 22:39:00,19.5,45.0,818.100000000684,2410.2999999999,91.799999996,114.400000004,0.00713801347,1274.0519511645277
SKW-15,SKW-15,2025-07-27 22:42:00,20.3,45.0,817.500000000259,2408.19999999986,92.100000002,115.399999994,0.00713801347,1389.2992991367446
SKW-15,SKW-15,2025-07-27 22:43:00,19.3,45.0,817.500000000259,2407.89999999965,92.100000002,115.599999992,0.00509858105,1275.6341433110174
SKW-15,SKW-15,2025-07-27 22:48:00,20.0,45.0,816.799999999764,2405.0000000005,92.400000008,116.6,0.00611829726,1268.7420374615683
SKW-15,SKW-15,2025-07-27 22:49:00,20.0,45.0,816.899999999834,2404.80000000036,92.400000008,116.400000002,0.00713801347,1268.7655134871434
SKW-15,SKW-15,2025-07-27 22:50:00,19.1,45.0,816.39999999948,2403.79999999965,92.499999998,116.499999992,0.00713801347,1277.1880537957088
SKW-15,SKW-15,2025-07-27 22:51:00,19.2,45.0,816.39999999948,2403.39999999936,92.600000006,116.700000008,0.00611829726,1276.276076527183
SKW-15,SKW-15,2025-07-27 22:53:00,19.3,45.0,816.100000000718,2401.99999999982,92.699999996,116.400000002,0.00611829726,1275.4415770199782
SKW-15,SKW-15,2025-07-27 22:55:00,19.3,45.0,815.800000000506,2400.50000000021,92.800000004,116.799999998,0.00713801347,1275.3588927664098
SKW-15,SKW-15,2025-07-27 22:56:00,18.9,45.0,815.700000000435,2400.2,92.800000004,116.6,0.00713801347,1278.8361321349357
SKW-15,SKW-15,2025-07-27 22:59:00,19.2,45.0,815.600000000364,2398.60000000032,93.000000002,116.6,0.00611829726,1276.2572460036026
SKW-15,SKW-15,2025-07-27 23:00:00,19.5,45.0,815.10000000001,2396.70000000042,93.099999992,116.799999998,0.00611829726,1273.5252902565635
SKW-15,SKW-15,2025-07-27 23:02:00,20.4,45.0,814.999999999939,2396.20000000007,93.099999992,117.199999994,0.00815772968,1387.5561596125358
SKW-15,SKW-15,2025-07-27 23:03:00,20.5,45.0,814.199999999373,2393.79999999982,93.2,117.100000004,0.00815772968,1386.369709011929
SKW-15,SKW-15,2025-07-27 23:04:00,19.7,45.0,814.299999999444,2394.30000000017,93.2,117.399999992,0.00713801347,1271.5353943702103
SKW-15,SKW-15,2025-07-27 23:05:00,19.3,45.0,814.499999999585,2394.50000000031,93.2,117.600000008,0.00713801347,1275.2097396692336
SKW-15,SKW-15,2025-07-27 23:08:00,19.8,45.0,814.000000000681,2392.70000000049,93.300000008,117.899999996,0.00611829726,1270.4673145122451
SKW-15,SKW-15,2025-07-27 23:11:00,19.9,45.0,812.59999999969,2390.1000000001,93.399999998,117.699999998,0.00713801347,1269.5647407308743
SKW-15,SKW-15,2025-07-27 23:12:00,20.6,45.0,812.999999999973,2390.30000000024,93.399999998,118.299999992,0.00611829726,1389.7916025042407
SKW-15,SKW-15,2025-07-27 23:14:00,19.1,45.0,813.100000000044,2389.89999999996,93.399999998,118.000000004,0.00611829726,1276.9450855386237
SKW-15,SKW-15,2025-07-27 23:15:00,19.0,45.0,812.899999999902,2389.69999999981,93.500000006,117.300000002,0.00713801347,1277.8990018912143
SKW-15,SKW-15,2025-07-27 23:17:00,18.7,45.0,812.799999999832,2388.2000000002,93.599999996,117.300000002,0.00611829726,1280.359496920806
SKW-15,SKW-15,2025-07-27 23:18:00,19.3,45.0,812.799999999832,2388.2000000002,93.599999996,117.300000002,0.00611829726,1275.2859174861514
SKW-15,SKW-15,2025-07-27 23:19:00,20.2,45.0,812.399999999548,2386.80000000066,93.700000004,116.999999996,0.00713801347,1266.3922882166335
SKW-15,SKW-15,2025-07-27 23:20:00,20.3,45.0,812.099999999336,2385.69999999988,93.700000004,117.800000006,0.00611829726,1388.7137565929636
SKW-15,SKW-15,2025-07-27 23:22:00,19.8,45.0,812.099999999336,2385.49999999974,93.799999994,117.5,0.00713801347,1270.5408114497516
SKW-15,SKW-15,2025-07-27 23:24:00,19.4,45.0,812.199999999407,2384.40000000041,93.799999994,117.300000002,0.00713801347,1274.3668477277367
SKW-15,SKW-15,2025-07-27 23:26:00,19.8,45.0,811.800000000574,2382.60000000059,93.900000002,116.700000008,0.00611829726,1270.7019786385022
SKW-15,SKW-15,2025-07-27 23:27:00,20.0,45.0,811.700000000503,2380.40000000048,93.999999992,117.800000006,0.00713801347,1268.444194933874
SKW-15,SKW-15,2025-07-27 23:28:00,21.0,45.0,811.700000000503,2380.40000000048,93.999999992,117.800000006,0.00713801347,1410.5542566234396
SKW-15,SKW-15,2025-07-27 23:29:00,20.7,45.0,809.500000000395,2377.90000000016,93.999999992,117.699999998,0.00611829726,1407.3640356995272
SKW-15,SKW-15,2025-07-27 23:30:00,20.8,45.0,808.399999999616,2377.90000000016,93.999999992,118.599999998,0.00611829726,1408.3911244233477
SKW-15,SKW-15,2025-07-27 23:31:00,20.9,45.0,807.300000000288,2378.30000000044,93.900000002,119.199999992,0.00713801347,1409.4793367701768
SKW-15,SKW-15,2025-07-27 23:32:00,20.4,45.0,808.099999999404,2379.19999999963,93.900000002,119.199999992,0.00611829726,1387.4094998872624
SKW-15,SKW-15,2025-07-27 23:35:00,19.1,45.0,810.399999999582,2379.59999999991,93.999999992,118.900000004,0.00611829726,1276.821129906008
SKW-15,SKW-15,2025-07-27 23:39:00,20.8,45.0,808.799999999899,2374.79999999941,94.200000008,118.4,0.00611829726,1408.3545252373685
SKW-15,SKW-15,2025-07-27 23:40:00,20.9,45.0,808.499999999687,2374.0000000003,94.200000008,118.700000006,0.00611829726,1409.43811771444
SKW-15,SKW-15,2025-07-27 23:41:00,20.9,45.0,808.199999999475,2374.0000000003,94.200000008,119.400000008,0.00509858105,1409.3166286766
SKW-15,SKW-15,2025-07-27 23:42:00,20.9,45.0,807.300000000288,2374.10000000037,94.200000008,119.499999998,0.00611829726,1409.3474116898797
SKW-15,SKW-15,2025-07-27 23:43:00,20.6,45.0,806.900000000004,2375.09999999963,94.200000008,119.3,0.00611829726,1389.8001858280147
SKW-15,SKW-15,2025-07-27 23:45:00,19.8,45.0,808.89999999997,2375.59999999998,94.200000008,119.3,0.00611829726,1270.3105557569545
SKW-15,SKW-15,2025-07-27 23:47:00,19.9,45.0,808.89999999997,2374.30000000051,94.299999998,119.100000002,0.00611829726,1269.325262209791
SKW-15,SKW-15,2025-07-27 23:48:00,20.0,45.0,808.599999999758,2373.80000000016,94.299999998,118.700000006,0.00611829726,1268.404061059016
SKW-15,SKW-15,2025-07-27 23:49:00,19.8,45.0,808.699999999829,2373.49999999994,94.400000006,118.700000006,0.00611829726,1270.394539031938
SKW-15,SKW-15,2025-07-27 23:52:00,21.0,45.0,806.199999999508,2369.80000000022,94.499999996,118.999999994,0.00611829726,1410.5636521792271
SKW-15,SKW-15,2025-07-27 23:53:00,20.8,45.0,805.400000000392,2370.00000000037,94.499999996,119.400000008,0.00611829726,1408.2979198490686
SKW-15,SKW-15,2025-07-27 23:54:00,20.8,45.0,805.500000000463,2370.69999999941,94.499999996,119.699999996,0.00815772968,1408.2002355973252
SKW-15,SKW-15,2025-07-27 23:55:00,20.6,45.0,805.999999999367,2370.99999999962,94.499999996,119.899999994,0.00509858105,1389.653051611289
SKW-15,SKW-15,2025-07-27 23:57:00,19.7,45.0,807.800000000642,2372.1000000004,94.600000004,119.899999994,0.00611829726,1271.1559603971423
SKW-15,SKW-15,2025-07-27 23:58:00,20.1,45.0,807.500000000429,2371.80000000019,94.600000004,119.199999992,0.00713801347,1267.2496187341544
SKW-15,SKW-15,2025-07-27 23:59:00,19.7,45.0,807.500000000429,2371.39999999991,94.600000004,119.199999992,0.00713801347,1271.2988166175369
SKW-15,SKW-15,2025-07-28 00:02:00,21.1,45.0,804.699999999897,2366.89999999962,94.699999994,119.800000004,0.00611829726,1411.5301989048626
SKW-15,SKW-15,2025-07-28 00:03:00,21.1,45.0,804.699999999897,2366.89999999962,94.699999994,119.800000004,0.00611829726,1411.5301989048626
SKW-15,SKW-15,2025-07-28 00:04:00,21.0,45.0,803.500000000497,2367.60000000012,94.699999994,120.2,0.00713801347,1410.4316633320257
SKW-15,SKW-15,2025-07-28 00:06:00,20.8,45.0,805.10000000018,2368.30000000061,94.699999994,120.700000004,0.00611829726,1407.9741957376655
SKW-15,SKW-15,2025-07-28 00:08:00,19.7,45.0,806.39999999965,2368.99999999966,94.800000002,120.399999998,0.00611829726,1271.1019335424276
SKW-15,SKW-15,2025-07-28 00:09:00,19.8,45.0,806.299999999579,2368.59999999937,94.800000002,119.800000004,0.00509858105,1270.2499337077265
SKW-15,SKW-15,2025-07-28 00:10:00,19.0,45.0,806.099999999438,2367.39999999998,94.800000002,119.600000006,0.00611829726,1277.6369266551208
SKW-15,SKW-15,2025-07-28 00:11:00,20.7,45.0,805.700000000605,2366.00000000043,94.899999992,119.499999998,0.00509858105,1407.0032334332798
SKW-15,SKW-15,2025-07-28 00:13:00,19.7,45.0,805.800000000676,2365.60000000015,94.899999992,119.899999994,0.00611829726,1271.2125962944583
SKW-15,SKW-15,2025-07-28 00:17:00,21.1,45.0,804.499999999755,2361.50000000015,95.100000008,119.699999996,0.00611829726,1411.4661001636955
SKW-15,SKW-15,2025-07-28 00:18:00,21.1,45.0,804.199999999543,2361.09999999986,95.100000008,120.300000008,0.00713801347,1411.348743555828
SKW-15,SKW-15,2025-07-28 00:19:00,21.3,45.0,802.099999999506,2361.90000000043,95.100000008,120.2,0.00713801347,1413.6181764527719
SKW-15,SKW-15,2025-07-28 00:21:00,20.4,45.0,803.400000000426,2362.99999999976,95.100000008,120.900000002,0.00611829726,1387.0227509839515
SKW-15,SKW-15,2025-07-28 00:22:00,19.8,45.0,804.199999999543,2363.40000000004,95.100000008,120.999999992,0.00611829726,1270.0691859139072
SKW-15,SKW-15,2025-07-28 00:24:00,18.7,45.0,805.000000000109,2364.00000000047,95.199999998,120.500000006,0.00713801347,1279.9481449304508
SKW-15,SKW-15,2025-07-28 00:27:00,19.8,45.0,804.900000000038,2363.09999999983,95.300000006,119.600000006,0.00611829726,1270.2531616637207
SKW-15,SKW-15,2025-07-28 00:30:00,19.5,45.0,804.900000000038,2361.50000000015,95.500000004,119.199999992,0.00713801347,1273.165642650508
SKW-15,SKW-15,2025-07-28 00:31:00,19.5,45.0,804.799999999968,2361.09999999986,95.599999994,119.699999996,0.00713801347,1273.0579448104627
SKW-15,SKW-15,2025-07-28 00:32:00,19.0,45.0,804.799999999968,2360.99999999979,95.599999994,119.699999996,0.00611829726,1277.533885166628
SKW-15,SKW-15,2025-07-28 00:35:00,19.9,45.0,804.799999999968,2360.20000000068,95.700000002,119.699999996,0.00713801347,1269.1330645231371
SKW-15,SKW-15,2025-07-28 00:36:00,20.7,45.0,804.699999999897,2358.89999999976,95.700000002,119.400000008,0.00713801347,1406.8616286117604
SKW-15,SKW-15,2025-07-28 00:37:00,21.2,45.0,803.500000000497,2355.80000000046,95.799999992,119.699999996,0.00611829726,1412.4273220217897
SKW-15,SKW-15,2025-07-28 00:39:00,21.4,45.0,801.40000000046,2356.1999999993,95.799999992,120.700000004,0.00713801347,1414.421182592171
SKW-15,SKW-15,2025-07-28 00:40:00,21.2,45.0,801.300000000389,2357.60000000029,95.799999992,121.1,0.00509858105,1412.2946794630227
SKW-15,SKW-15,2025-07-28 00:41:00,20.9,45.0,801.799999999293,2358.00000000057,95.799999992,121.299999998,0.00611829726,1408.9286499101195
SKW-15,SKW-15,2025-07-28 00:43:00,19.3,45.0,803.89999999933,2359.0999999999,95.799999992,121.699999994,0.00611829726,1274.5595005922103
SKW-15,SKW-15,2025-07-28 00:44:00,20.1,45.0,803.999999999401,2359.40000000011,95.799999992,121.200000008,0.00611829726,1266.7866562443337
SKW-15,SKW-15,2025-07-28 00:45:00,19.8,45.0,804.099999999472,2359.30000000004,95.799999992,120.799999994,0.00611829726,1269.9540548673685
SKW-15,SKW-15,2025-07-28 00:49:00,19.4,45.0,803.600000000568,2358.00000000057,96.000000008,120.099999992,0.00611829726,1273.9084138828064
SKW-15,SKW-15,2025-07-28 00:50:00,19.1,45.0,803.999999999401,2358.49999999947,96.099999998,120.399999998,0.00713801347,1276.4898979818058
SKW-15,SKW-15,2025-07-28 00:51:00,20.3,45.0,803.999999999401,2358.3999999994,96.099999998,120.599999996,0.00713801347,1387.986162722847
SKW-15,SKW-15,2025-07-28 00:52:00,21.0,45.0,803.89999999933,2357.9000000005,96.099999998,120.399999998,0.00611829726,1410.0167283219325
SKW-15,SKW-15,2025-07-28 00:54:00,20.5,45.0,803.80000000071,2356.79999999972,96.099999998,121.1,0.00611829726,1385.3886075935511
SKW-15,SKW-15,2025-07-28 00:55:00,20.3,45.0,802.800000000001,2353.8000000005,96.200000006,120.700000004,0.00611829726,1388.039582493626
SKW-15,SKW-15,2025-07-28 00:56:00,19.9,45.0,802.900000000072,2353.40000000021,96.200000006,120.900000002,0.00713801347,1268.898534910637
SKW-15,SKW-15,2025-07-28 00:59:00,19.0,45.0,803.300000000356,2352.00000000067,96.200000006,120.599999996,0.00611829726,1277.346307842305
SKW-15,SKW-15,2025-07-28 01:01:00,20.5,45.0,802.499999999789,2349.70000000049,96.299999996,119.899999994,0.00509858105,1385.7494370076122
SKW-15,SKW-15,2025-07-28 01:03:00,19.2,45.0,803.100000000214,2350.79999999982,96.400000004,120.300000008,0.00611829726,1275.6262821908658
SKW-15,SKW-15,2025-07-28 01:04:00,19.4,45.0,803.100000000214,2350.79999999982,96.400000004,120.300000008,0.00611829726,1273.8166130612447
SKW-15,SKW-15,2025-07-28 01:08:00,19.9,45.0,803.000000000143,2350.00000000071,96.499999994,121.400000006,0.00509858105,1268.741477071998
SKW-15,SKW-15,2025-07-28 01:12:00,21.2,45.0,796.599999999962,2347.90000000067,96.400000004,121.899999992,0.00611829726,1412.2875937415283
SKW-15,SKW-15,2025-07-28 01:13:00,21.1,45.0,796.599999999962,2347.90000000067,96.400000004,121.899999992,0.00611829726,1411.218533655256
SKW-15,SKW-15,2025-07-28 01:14:00,20.7,45.0,798.90000000014,2349.10000000007,96.400000004,122.399999996,0.00509858105,1406.4350393793422
SKW-15,SKW-15,2025-07-28 01:15:00,20.3,45.0,799.999999999469,2349.50000000035,96.400000004,122.199999998,0.00509858105,1387.852096756464
SKW-15,SKW-15,2025-07-28 01:16:00,19.9,45.0,802.099999999506,2349.90000000063,96.499999994,121.899999992,0.00509858105,1268.6993300705424
SKW-15,SKW-15,2025-07-28 01:19:00,19.9,45.0,802.099999999506,2347.50000000039,96.600000002,121.400000006,0.00713801347,1268.755911452935
SKW-15,SKW-15,2025-07-28 01:20:00,20.4,45.0,801.799999999293,2345.40000000035,96.699999992,120.799999994,0.00611829726,1386.7147966312514
SKW-15,SKW-15,2025-07-28 01:21:00,19.4,45.0,801.600000000602,2344.49999999971,96.699999992,121.200000008,0.00611829726,1273.677347518925
SKW-15,SKW-15,2025-07-28 01:22:00,19.4,45.0,801.999999999435,2343.60000000052,96.8,121.800000002,0.00713801347,1273.51371740249
SKW-15,SKW-15,2025-07-28 01:26:00,19.9,45.0,801.799999999293,2338.29999999967,96.900000008,121.1,0.00611829726,1268.7754747297702
SKW-15,SKW-15,2025-07-28 01:28:00,21.2,45.0,800.399999999752,2332.59999999999,96.900000008,121.899999992,0.00713801347,1411.8980496323372
SKW-15,SKW-15,2025-07-28 01:29:00,21.2,45.0,799.799999999327,2329.89999999952,96.900000008,122.500000004,0.00713801347,1411.8127840069662
SKW-15,SKW-15,2025-07-28 01:30:00,21.5,45.0,797.899999999432,2329.20000000048,96.900000008,122.700000002,0.00611829726,1415.0123139978139
SKW-15,SKW-15,2025-07-28 01:31:00,21.2,45.0,798.099999999574,2328.19999999977,96.900000008,122.700000002,0.00713801347,1411.8861431422322
SKW-15,SKW-15,2025-07-28 01:33:00,18.9,45.0,800.19999999961,2327.00000000037,96.900000008,122.799999992,0.00713801347,1277.850657779957
SKW-15,SKW-15,2025-07-28 01:34:00,20.2,45.0,800.599999999894,2326.39999999995,96.900000008,123.099999998,0.00611829726,1265.117101940476
SKW-15,SKW-15,2025-07-28 01:39:00,19.2,45.0,801.100000000248,2319.59999999948,97.199999996,121.299999998,0.00713801347,1275.3915684297049
SKW-15,SKW-15,2025-07-28 01:42:00,19.8,45.0,801.300000000389,2316.60000000026,97.300000004,120.099999992,0.00713801347,1269.9145987720026
SKW-15,SKW-15,2025-07-28 01:45:00,21.2,45.0,798.599999999928,2306.7000000005,97.300000004,121.800000002,0.00611829726,1411.9536014803386
SKW-15,SKW-15,2025-07-28 01:46:00,21.2,45.0,797.500000000599,2305.19999999944,97.300000004,122.700000002,0.00611829726,1411.839363236655
SKW-15,SKW-15,2025-07-28 01:47:00,20.3,45.0,797.400000000528,2304.60000000046,97.300000004,122.199999998,0.00611829726,1387.7884507731878
SKW-15,SKW-15,2025-07-28 01:48:00,18.6,45.0,799.400000000494,2302.20000000021,97.399999994,123.200000006,0.00611829726,1280.2125428608003
SKW-15,SKW-15,2025-07-28 01:51:00,18.9,45.0,800.499999999823,2296.79999999929,97.399999994,121.600000004,0.00509858105,1277.9538000770494
SKW-15,SKW-15,2025-07-28 01:52:00,19.4,45.0,800.599999999894,2291.70000000003,97.500000002,121.1,0.00611829726,1273.5839579385208
SKW-15,SKW-15,2025-07-28 01:53:00,21.3,45.0,800.19999999961,2288.79999999942,97.500000002,120.599999996,0.00611829726,1413.0998467153254
SKW-15,SKW-15,2025-07-28 01:55:00,21.2,45.0,796.700000000032,2275.90000000044,97.599999992,121.899999992,0.00611829726,1411.9877728711313
SKW-15,SKW-15,2025-07-28 01:57:00,20.9,45.0,796.800000000103,2271.50000000023,97.599999992,123.000000008,0.00713801347,1408.4289734549552
SKW-15,SKW-15,2025-07-28 01:58:00,20.7,45.0,798.599999999928,2268.49999999955,97.599999992,122.799999992,0.00611829726,1406.0248997361298
SKW-15,SKW-15,2025-07-28 02:00:00,20.1,45.0,799.899999999398,2263.40000000029,97.599999992,123.200000006,0.00611829726,1266.201217728588
SKW-15,SKW-15,2025-07-28 02:01:00,21.1,45.0,799.300000000423,2256.09999999947,97.599999992,122.799999992,0.00509858105,1410.550101311438
SKW-15,SKW-15,2025-07-28 02:02:00,21.1,45.0,798.099999999574,2249.79999999936,97.7,122.9,0.00611829726,1410.5758681882855
SKW-15,SKW-15,2025-07-28 02:03:00,21.0,45.0,796.599999999962,2247.30000000049,97.7,123.600000002,0.00611829726,1409.4235773112323
SKW-15,SKW-15,2025-07-28 02:07:00,19.1,45.0,799.200000000353,2244.60000000003,97.7,123.299999996,0.00815772968,1275.9256482297144
SKW-15,SKW-15,2025-07-28 02:08:00,18.6,45.0,799.600000000636,2244.39999999989,97.800000008,121.600000004,0.00713801347,1280.3727395232777
SKW-15,SKW-15,2025-07-28 02:11:00,17.8,45.0,799.500000000565,2245.59999999929,97.899999998,120.000000002,0.00611829726,1286.5511151236722
SKW-15,SKW-15,2025-07-28 02:12:00,19.0,45.0,799.400000000494,2245.99999999957,97.899999998,119.400000008,0.00611829726,1277.4256647199484
SKW-15,SKW-15,2025-07-28 02:14:00,20.1,45.0,799.200000000353,2246.6,98.099999996,120.599999996,0.00713801347,1266.6629808465975
SKW-15,SKW-15,2025-07-28 02:15:00,21.2,45.0,799.500000000565,2248.09999999961,98.099999996,120.799999994,0.00713801347,1411.895393961313
SKW-15,SKW-15,2025-07-28 02:16:00,21.1,45.0,798.499999999857,2246.6,98.099999996,122.0,0.00611829726,1410.6410039855878
SKW-15,SKW-15,2025-07-28 02:19:00,21.0,45.0,795.000000000279,2253.30000000039,98.099999996,122.9,0.00509858105,1409.599288688776
SKW-15,SKW-15,2025-07-28 02:20:00,21.0,45.0,795.500000000633,2254.49999999979,98.099999996,123.400000004,0.00713801347,1409.4316109538092
SKW-15,SKW-15,2025-07-28 02:22:00,17.9,45.0,798.399999999786,2259.30000000029,98.099999996,123.400000004,0.00713801347,1285.3900718600041
SKW-15,SKW-15,2025-07-28 02:23:00,18.2,45.0,798.499999999857,2259.90000000071,98.099999996,121.899999992,0.00611829726,1283.423295884587
SKW-15,SKW-15,2025-07-28 02:24:00,17.8,45.0,798.699999999998,2260.69999999983,98.099999996,121.299999998,0.00611829726,1286.3771533883178
SKW-15,SKW-15,2025-07-28 02:25:00,20.3,45.0,798.499999999857,2261.40000000032,98.200000004,120.500000006,0.00713801347,1387.8466121753706
SKW-15,SKW-15,2025-07-28 02:27:00,19.9,45.0,798.699999999998,2262.59999999972,98.200000004,122.100000008,0.00815772968,1268.4481523543911
SKW-15,SKW-15,2025-07-28 02:29:00,21.0,45.0,796.900000000174,2261.30000000025,98.299999994,122.500000004,0.00611829726,1409.4897982792734
SKW-15,SKW-15,2025-07-28 02:33:00,20.7,45.0,795.500000000633,2274.39999999938,98.299999994,123.400000004,0.00713801347,1405.9151657725747
SKW-15,SKW-15,2025-07-28 02:36:00,17.3,45.0,797.999999999503,2281.09999999977,98.299999994,121.600000004,0.00713801347,1289.6647067552956
SKW-15,SKW-15,2025-07-28 02:37:00,17.3,45.0,797.999999999503,2281.09999999977,98.299999994,121.600000004,0.00713801347,1289.6647067552956
SKW-15,SKW-15,2025-07-28 02:38:00,19.7,45.0,797.899999999432,2283.50000000002,98.400000002,120.599999996,0.00713801347,1270.7715292965395
SKW-15,SKW-15,2025-07-28 02:39:00,20.3,45.0,797.400000000528,2283.50000000002,98.499999992,121.299999998,0.00713801347,1387.6542766903726
SKW-15,SKW-15,2025-07-28 02:41:00,19.8,45.0,798.099999999574,2288.50000000066,98.6,122.300000006,0.00611829726,1269.3934469039896
SKW-15,SKW-15,2025-07-28 02:42:00,21.0,45.0,797.69999999929,2290.10000000035,98.6,122.199999998,0.00713801347,1409.4105582864531
SKW-15,SKW-15,2025-07-28 02:44:00,21.0,45.0,795.799999999395,2292.30000000045,98.6,123.400000004,0.00611829726,1409.2927637859943
SKW-15,SKW-15,2025-07-28 02:45:00,20.8,45.0,794.499999999925,2296.00000000017,98.6,123.099999998,0.00713801347,1407.1575081106982
SKW-15,SKW-15,2025-07-28 02:46:00,20.6,45.0,794.700000000066,2298.80000000071,98.6,123.8,0.00509858105,1388.4195078484356
SKW-15,SKW-15,2025-07-28 02:47:00,20.5,45.0,794.900000000208,2300.20000000025,98.6,123.8,0.00611829726,1384.692531847148
SKW-15,SKW-15,2025-07-28 02:48:00,18.1,45.0,796.299999999749,2302.80000000064,98.6,123.600000002,0.00611829726,1283.9346919408986
SKW-15,SKW-15,2025-07-28 02:50:00,18.3,45.0,797.400000000528,2304.30000000025,98.700000008,121.800000002,0.00611829726,1282.6346677942242
SKW-15,SKW-15,2025-07-28 02:53:00,20.3,45.0,797.500000000599,2306.10000000007,98.799999998,120.700000004,0.00611829726,1387.719132000067
SKW-15,SKW-15,2025-07-28 02:55:00,20.1,45.0,797.400000000528,2306.0,98.900000006,121.899999992,0.00611829726,1266.3254686274172
SKW-15,SKW-15,2025-07-28 02:56:00,20.7,45.0,796.700000000032,2302.30000000028,98.900000006,122.700000002,0.00509858105,1405.8476914749733
SKW-15,SKW-15,2025-07-28 02:57:00,21.0,45.0,795.999999999537,2300.80000000067,98.900000006,122.700000002,0.00611829726,1409.3554464016736
SKW-15,SKW-15,2025-07-28 02:58:00,21.0,45.0,793.699999999358,2299.49999999975,98.900000006,123.400000004,0.00611829726,1409.3649693616753
SKW-15,SKW-15,2025-07-28 02:59:00,20.7,45.0,792.099999999676,2299.69999999989,98.900000006,123.499999994,0.00611829726,1405.9967947439304
SKW-15,SKW-15,2025-07-28 03:00:00,20.6,45.0,791.699999999392,2299.90000000003,98.900000006,123.499999994,0.00611829726,1388.6335792137372
SKW-15,SKW-15,2025-07-28 03:01:00,20.5,45.0,793.599999999287,2300.30000000032,98.900000006,124.399999994,0.00713801347,1384.5440761477491
SKW-15,SKW-15,2025-07-28 03:02:00,17.8,45.0,794.700000000066,2300.30000000032,98.900000006,124.199999996,0.00509858105,1286.0351233835631
SKW-15,SKW-15,2025-07-28 03:05:00,20.7,45.0,796.499999999891,2297.69999999993,98.999999996,122.0,0.00611829726,1405.9876946493935
SKW-15,SKW-15,2025-07-28 03:06:00,20.7,45.0,795.899999999466,2295.29999999968,98.999999996,122.300000006,0.00611829726,1405.9628192085936
SKW-15,SKW-15,2025-07-28 03:08:00,20.8,45.0,793.200000000455,2294.89999999939,98.999999996,123.299999996,0.00713801347,1407.1006470742427
SKW-15,SKW-15,2025-07-28 03:11:00,20.5,45.0,794.099999999641,2298.70000000063,98.999999996,124.199999996,0.00611829726,1384.5370682789828
SKW-15,SKW-15,2025-07-28 03:12:00,18.6,45.0,796.199999999678,2300.80000000067,99.100000004,124.199999996,0.00713801347,1279.894786769814
SKW-15,SKW-15,2025-07-28 03:13:00,17.6,45.0,796.499999999891,2302.6000000005,99.100000004,123.699999992,0.00611829726,1287.3637201109425
SKW-15,SKW-15,2025-07-28 03:16:00,16.5,45.0,796.299999999749,2302.99999999933,99.199999994,121.600000004,0.00611829726,1294.425727216649
SKW-15,SKW-15,2025-07-28 03:19:00,20.7,45.0,793.500000000667,2296.70000000067,99.300000002,123.099999998,0.00611829726,1405.8747435907146
SKW-15,SKW-15,2025-07-28 03:22:00,20.6,45.0,793.500000000667,2300.30000000032,99.300000002,124.100000006,0.00611829726,1388.225836479346
SKW-15,SKW-15,2025-07-28 03:23:00,18.9,45.0,795.500000000633,2302.40000000035,99.300000002,124.300000004,0.00611829726,1277.392858330556
SKW-15,SKW-15,2025-07-28 03:24:00,17.8,45.0,795.699999999324,2303.29999999954,99.300000002,124.300000004,0.00611829726,1285.9050778353626
SKW-15,SKW-15,2025-07-28 03:25:00,17.1,45.0,795.899999999466,2304.00000000004,99.300000002,123.099999998,0.00815772968,1290.675007689147
SKW-15,SKW-15,2025-07-28 03:27:00,17.0,45.0,795.699999999324,2303.19999999947,99.399999992,121.200000008,0.00713801347,1291.5229824061641
SKW-15,SKW-15,2025-07-28 03:30:00,20.4,45.0,795.699999999324,2300.89999999929,99.600000008,121.800000002,0.00713801347,1386.1031384976998
SKW-15,SKW-15,2025-07-28 03:31:00,19.7,45.0,795.899999999466,2302.30000000028,99.699999998,122.700000002,0.00509858105,1270.213133867592
SKW-15,SKW-15,2025-07-28 03:32:00,20.3,45.0,796.099999999607,2302.40000000035,99.699999998,122.700000002,0.00713801347,1387.0740853626721
SKW-15,SKW-15,2025-07-28 03:34:00,20.7,45.0,792.800000000171,2299.69999999989,99.699999998,123.8,0.00713801347,1405.641090822876
SKW-15,SKW-15,2025-07-28 03:35:00,20.5,45.0,791.899999999534,2300.40000000039,99.699999998,123.8,0.00713801347,1384.5986399199464
SKW-15,SKW-15,2025-07-28 03:38:00,17.5,45.0,794.800000000137,2305.29999999951,99.699999998,124.500000002,0.00509858105,1287.917765096985
SKW-15,SKW-15,2025-07-28 03:39:00,17.2,45.0,795.300000000491,2305.29999999951,99.699999998,123.200000006,0.00611829726,1290.0119650172735
SKW-15,SKW-15,2025-07-28 03:44:00,20.7,45.0,793.200000000455,2297.0999999995,99.800000006,123.299999996,0.00713801347,1405.7009164489716
SKW-15,SKW-15,2025-07-28 03:50:00,17.3,45.0,795.20000000042,2297.49999999978,99.899999996,123.200000006,0.00713801347,1289.3399927389319
SKW-15,SKW-15,2025-07-28 03:51:00,17.0,45.0,795.20000000042,2296.20000000031,99.899999996,122.199999998,0.00713801347,1291.3515945853508
SKW-15,SKW-15,2025-07-28 03:53:00,17.4,45.0,794.900000000208,2293.59999999992,100.099999994,120.900000002,0.00509858105,1288.9805494795967
SKW-15,SKW-15,2025-07-28 03:55:00,19.2,45.0,794.800000000137,2291.49999999989,100.099999994,122.599999994,0.00611829726,1274.9320693111538
SKW-15,SKW-15,2025-07-28 03:58:00,20.8,45.0,792.199999999746,2288.30000000052,100.200000002,123.900000008,0.00611829726,1406.725204960689
SKW-15,SKW-15,2025-07-28 03:59:00,20.6,45.0,791.300000000559,2289.70000000006,100.200000002,124.599999992,0.00713801347,1388.0039321176846
SKW-15,SKW-15,2025-07-28 04:03:00,16.6,45.0,794.800000000137,2293.69999999999,100.200000002,122.700000002,0.00611829726,1293.6535129067654
SKW-15,SKW-15,2025-07-28 04:05:00,20.0,45.0,794.599999999996,2306.10000000007,100.299999992,121.400000006,0.00713801347,1267.3292137535893
SKW-15,SKW-15,2025-07-28 04:07:00,20.8,45.0,793.200000000455,2291.29999999974,100.299999992,123.200000006,0.00509858105,1406.7970704896559
SKW-15,SKW-15,2025-07-28 04:10:00,20.6,45.0,791.500000000701,2305.19999999944,100.299999992,124.599999992,0.00611829726,1387.9714277270996
SKW-15,SKW-15,2025-07-28 04:11:00,20.6,45.0,792.099999999676,2304.99999999929,100.299999992,124.899999998,0.00713801347,1387.8354691817342
SKW-15,SKW-15,2025-07-28 04:12:00,19.0,45.0,792.60000000003,2309.49999999958,100.299999992,125.099999996,0.00713801347,1276.3445635028208
SKW-15,SKW-15,2025-07-28 04:13:00,17.2,45.0,794.199999999712,2312.09999999997,100.299999992,124.800000008,0.00611829726,1289.7681222074573
SKW-15,SKW-15,2025-07-28 04:15:00,18.5,45.0,794.099999999641,2309.79999999979,100.4,122.399999996,0.00509858105,1280.8609552738417
SKW-15,SKW-15,2025-07-28 04:17:00,18.4,45.0,793.8999999995,2318.30000000001,100.500000008,122.399999996,0.00611829726,1281.6287895354571
SKW-15,SKW-15,2025-07-28 04:19:00,20.1,45.0,794.299999999783,2318.40000000008,100.599999998,122.399999996,0.00611829726,1266.0104613518724
SKW-15,SKW-15,2025-07-28 04:20:00,20.5,45.0,793.500000000667,2314.80000000043,100.599999998,122.9,0.00713801347,1384.427482826198
SKW-15,SKW-15,2025-07-28 04:21:00,20.8,45.0,792.399999999888,2311.69999999969,100.599999998,123.8,0.00611829726,1406.6251115338425
SKW-15,SKW-15,2025-07-28 04:24:00,20.5,45.0,788.700000000168,2313.79999999973,100.599999998,125.200000004,0.00509858105,1384.261734830121
SKW-15,SKW-15,2025-07-28 04:28:00,17.1,45.0,793.200000000455,2319.49999999941,100.599999998,125.099999996,0.00611829726,1290.3611166712071
SKW-15,SKW-15,2025-07-28 04:29:00,16.4,45.0,793.400000000596,2319.99999999976,100.599999998,123.200000006,0.00611829726,1294.734043663912
SKW-15,SKW-15,2025-07-28 04:30:00,16.5,45.0,793.400000000596,2320.19999999991,100.700000006,122.300000006,0.00611829726,1294.256472660102
SKW-15,SKW-15,2025-07-28 04:33:00,20.3,45.0,792.7000000001,2317.59999999952,100.799999996,123.099999998,0.00611829726,1386.9426260500372
SKW-15,SKW-15,2025-07-28 04:35:00,20.4,45.0,792.299999999817,2318.50000000015,100.799999996,124.300000004,0.00611829726,1385.41406535214
SKW-15,SKW-15,2025-07-28 04:37:00,20.0,45.0,790.19999999978,2326.29999999988,100.799999996,125.099999996,0.00713801347,1266.7326935380368
SKW-15,SKW-15,2025-07-28 04:38:00,18.8,45.0,790.700000000134,2326.70000000016,100.799999996,125.099999996,0.00509858105,1278.0818404908923
SKW-15,SKW-15,2025-07-28 04:39:00,16.8,45.0,793.100000000384,2326.70000000016,100.799999996,123.699999992,0.00713801347,1292.3393322162713
SKW-15,SKW-15,2025-07-28 04:42:00,19.7,45.0,793.400000000596,2331.40000000059,100.900000004,122.399999996,0.00611829726,1270.1452906494403
SKW-15,SKW-15,2025-07-28 04:43:00,20.8,45.0,791.899999999534,2329.59999999931,100.900000004,123.600000002,0.00713801347,1406.6157514585861
SKW-15,SKW-15,2025-07-28 04:48:00,19.9,45.0,790.19999999978,2333.30000000048,100.900000004,125.400000002,0.00713801347,1267.7011205237363
SKW-15,SKW-15,2025-07-28 04:50:00,17.7,45.0,792.7000000001,2339.89999999935,100.999999994,125.299999994,0.00509858105,1286.333407305114
SKW-15,SKW-15,2025-07-28 04:52:00,17.2,45.0,791.899999999534,2341.70000000063,101.100000002,123.299999996,0.00611829726,1289.9321113082815
SKW-15,SKW-15,2025-07-28 04:55:00,17.8,45.0,792.7000000001,2349.20000000014,101.199999992,122.399999996,0.00611829726,1285.994468770871
SKW-15,SKW-15,2025-07-28 04:56:00,19.2,45.0,792.7000000001,2351.60000000039,101.199999992,122.199999998,0.00713801347,1274.8861300299286
SKW-15,SKW-15,2025-07-28 04:58:00,19.4,45.0,792.800000000171,2353.8000000005,101.3,123.699999992,0.00611829726,1272.7516101916265
SKW-15,SKW-15,2025-07-28 04:59:00,19.2,45.0,792.900000000242,2355.30000000011,101.3,123.8,0.00713801347,1274.5689291975038
SKW-15,SKW-15,2025-07-28 05:00:00,19.2,45.0,792.7000000001,2355.90000000053,101.3,123.299999996,0.00509858105,1274.6879057501233
SKW-15,SKW-15,2025-07-28 05:02:00,20.4,45.0,791.100000000418,2356.0000000006,101.400000008,124.800000008,0.00611829726,1385.2088221348995
SKW-15,SKW-15,2025-07-28 05:03:00,20.2,45.0,790.299999999851,2357.9000000005,101.400000008,125.400000002,0.00407886484,1264.2169315642745
SKW-15,SKW-15,2025-07-28 05:04:00,20.3,45.0,790.19999999978,2357.70000000036,101.3,125.400000002,0.00611829726,1386.4311017511463
SKW-15,SKW-15,2025-07-28 05:05:00,18.6,45.0,789.699999999426,2359.50000000018,101.3,125.400000002,0.00713801347,1279.62800386653
SKW-15,SKW-15,2025-07-28 05:06:00,17.0,45.0,789.799999999497,2360.99999999979,101.3,125.799999998,0.00713801347,1290.9277920974337
SKW-15,SKW-15,2025-07-28 05:08:00,17.7,45.0,791.999999999605,2364.79999999958,101.400000008,123.699999992,0.00713801347,1286.5049339870009
SKW-15,SKW-15,2025-07-28 05:10:00,19.0,45.0,792.199999999746,2366.89999999962,101.400000008,122.599999994,0.00815772968,1276.5661607402528
SKW-15,SKW-15,2025-07-28 05:11:00,20.1,45.0,791.699999999392,2364.3999999993,101.499999998,122.399999996,0.00713801347,1265.9544149108444
SKW-15,SKW-15,2025-07-28 05:13:00,20.5,45.0,789.499999999285,2362.49999999941,101.499999998,124.800000008,0.00611829726,1384.0142387081253
SKW-15,SKW-15,2025-07-28 05:16:00,19.9,45.0,787.999999999673,2366.49999999934,101.499999998,125.700000008,0.00713801347,1267.6412859707557
SKW-15,SKW-15,2025-07-28 05:17:00,18.7,45.0,789.400000000664,2368.79999999952,101.499999998,126.100000004,0.00713801347,1278.6709329948724
SKW-15,SKW-15,2025-07-28 05:18:00,17.7,45.0,790.19999999978,2369.9000000003,101.499999998,126.100000004,0.00611829726,1286.247385691734
SKW-15,SKW-15,2025-07-28 05:19:00,17.0,45.0,791.699999999392,2370.50000000072,101.499999998,124.800000008,0.00611829726,1290.9525770998912
SKW-15,SKW-15,2025-07-28 05:22:00,19.6,45.0,791.200000000488,2371.09999999969,101.600000006,123.499999994,0.00611829726,1270.89808525598
SKW-15,SKW-15,2025-07-28 05:24:00,20.3,45.0,790.19999999978,2371.70000000012,101.699999996,124.800000008,0.00815772968,1386.4385133376022
SKW-15,SKW-15,2025-07-28 05:25:00,20.4,45.0,788.500000000027,2374.30000000051,101.600000006,125.700000008,0.00611829726,1385.1345840456904
SKW-15,SKW-15,2025-07-28 05:26:00,20.1,45.0,787.499999999318,2376.20000000041,101.600000006,125.499999992,0.00611829726,1265.5681085329793
SKW-15,SKW-15,2025-07-28 05:31:00,16.4,45.0,791.40000000063,2382.70000000066,101.699999996,123.400000004,0.00713801347,1294.6355260251703
SKW-15,SKW-15,2025-07-28 05:33:00,15.6,45.0,791.500000000701,2382.40000000045,101.699999996,122.399999996,0.00713801347,1298.97281154
SKW-15,SKW-15,2025-07-28 05:34:00,19.4,45.0,791.40000000063,2381.80000000002,101.800000004,121.800000002,0.00611829726,1273.078565527554
SKW-15,SKW-15,2025-07-28 05:35:00,20.3,45.0,790.299999999851,2378.20000000037,101.899999994,123.400000004,0.00611829726,1386.7434260606003
SKW-15,SKW-15,2025-07-28 05:36:00,20.3,45.0,789.699999999426,2379.2999999997,101.899999994,124.300000004,0.00611829726,1386.5694259742459
SKW-15,SKW-15,2025-07-28 05:38:00,20.1,45.0,787.999999999673,2382.70000000066,101.800000004,125.299999994,0.00611829726,1265.5261790283064
SKW-15,SKW-15,2025-07-28 05:41:00,16.8,45.0,790.700000000134,2385.69999999988,101.899999994,124.899999998,0.00611829726,1292.1435784349003
SKW-15,SKW-15,2025-07-28 05:42:00,17.2,45.0,791.200000000488,2385.69999999988,101.899999994,124.199999996,0.00815772968,1289.7173076672289
SKW-15,SKW-15,2025-07-28 05:44:00,18.4,45.0,790.700000000134,2383.29999999963,101.899999994,123.600000002,0.00815772968,1281.3364860092559
SKW-15,SKW-15,2025-07-28 05:47:00,20.0,45.0,788.600000000097,2386.50000000045,102.000000002,125.700000008,0.00611829726,1266.4309760390342
SKW-15,SKW-15,2025-07-28 05:49:00,19.8,45.0,788.500000000027,2388.30000000027,102.000000002,125.900000006,0.00815772968,1268.4752206183666
SKW-15,SKW-15,2025-07-28 05:50:00,19.2,45.0,788.399999999956,2389.49999999967,102.000000002,125.900000006,0.00509858105,1274.3249285082588
SKW-15,SKW-15,2025-07-28 05:53:00,16.0,45.0,790.900000000276,2392.40000000028,102.000000002,124.300000004,0.00713801347,1296.7053178381966
SKW-15,SKW-15,2025-07-28 05:54:00,16.3,45.0,790.900000000276,2392.30000000021,102.099999992,124.199999996,0.00509858105,1295.0841120727393
SKW-15,SKW-15,2025-07-28 05:57:00,17.3,45.0,791.000000000347,2390.60000000045,102.2,122.300000006,0.00509858105,1289.297972948279
SKW-15,SKW-15,2025-07-28 05:59:00,20.3,45.0,789.599999999355,2385.90000000002,102.300000008,124.399999994,0.00611829726,1386.4371155546
SKW-15,SKW-15,2025-07-28 06:02:00,20.0,45.0,785.999999999706,2389.49999999967,102.2,125.900000006,0.00611829726,1266.516559058295
SKW-15,SKW-15,2025-07-28 06:04:00,17.4,45.0,788.099999999743,2392.20000000013,102.2,125.900000006,0.00509858105,1288.300695225094
SKW-15,SKW-15,2025-07-28 06:06:00,17.3,45.0,790.499999999993,2391.99999999999,102.2,124.100000006,0.00713801347,1289.0759931783464
SKW-15,SKW-15,2025-07-28 06:07:00,19.9,45.0,790.399999999922,2389.69999999981,102.300000008,124.800000008,0.00611829726,1267.4845550119887
SKW-15,SKW-15,2025-07-28 06:08:00,20.2,45.0,789.599999999355,2387.39999999964,102.300000008,124.599999992,0.00713801347,1264.1774276031485
SKW-15,SKW-15,2025-07-28 06:09:00,20.1,45.0,786.700000000202,2385.69999999988,102.2,125.6,0.00611829726,1265.4515123248216
SKW-15,SKW-15,2025-07-28 06:10:00,20.3,45.0,785.300000000661,2386.70000000059,102.2,125.999999996,0.00611829726,1386.4139870938866
SKW-15,SKW-15,2025-07-28 06:11:00,20.0,45.0,785.300000000661,2386.70000000059,102.2,125.999999996,0.00611829726,1266.5431154031564
SKW-15,SKW-15,2025-07-28 06:12:00,19.0,45.0,786.39999999999,2388.70000000056,102.2,126.699999998,0.00713801347,1276.0307343405625
SKW-15,SKW-15,2025-07-28 06:13:00,19.8,45.0,787.100000000486,2389.3999999996,102.2,126.199999994,0.00713801347,1268.469064553024
SKW-15,SKW-15,2025-07-28 06:14:00,17.4,45.0,789.400000000664,2390.50000000038,102.2,125.6,0.00611829726,1288.2783673092338
SKW-15,SKW-15,2025-07-28 06:16:00,16.9,45.0,790.299999999851,2390.30000000024,102.300000008,123.699999992,0.00713801347,1291.6351813837139
SKW-15,SKW-15,2025-07-28 06:17:00,19.1,45.0,790.299999999851,2389.89999999996,102.300000008,123.8,0.00713801347,1275.4103610258373
SKW-15,SKW-15,2025-07-28 06:18:00,19.4,45.0,789.599999999355,2387.79999999992,102.399999998,124.599999992,0.00713801347,1272.5277096088075
SKW-15,SKW-15,2025-07-28 06:20:00,20.1,45.0,789.899999999568,2388.10000000013,102.399999998,124.399999994,0.00611829726,1265.4368975755337
SKW-15,SKW-15,2025-07-28 06:22:00,20.1,45.0,786.900000000344,2386.99999999935,102.399999998,125.499999992,0.00713801347,1265.397840089303
SKW-15,SKW-15,2025-07-28 06:23:00,20.0,45.0,785.300000000661,2389.29999999953,102.399999998,125.200000004,0.00611829726,1266.6620609716147
SKW-15,SKW-15,2025-07-28 06:24:00,20.0,45.0,785.20000000059,2390.50000000038,102.399999998,125.900000006,0.00713801347,1266.510981904538
SKW-15,SKW-15,2025-07-28 06:25:00,19.4,45.0,785.499999999352,2393.0000000007,102.399999998,126.600000008,0.00611829726,1272.4112189215878
SKW-15,SKW-15,2025-07-28 06:27:00,15.4,45.0,788.199999999814,2395.79999999978,102.399999998,124.500000002,0.00611829726,1299.7837583867529
SKW-15,SKW-15,2025-07-28 06:28:00,16.3,45.0,789.599999999355,2395.69999999971,102.399999998,123.299999996,0.00611829726,1295.1843636582266
SKW-15,SKW-15,2025-07-28 06:30:00,18.3,45.0,789.699999999426,2395.09999999929,102.500000006,122.9,0.00611829726,1282.1757184961436
SKW-15,SKW-15,2025-07-28 06:31:00,20.0,45.0,789.100000000452,2391.79999999985,102.599999996,122.799999992,0.00713801347,1266.847882367684
SKW-15,SKW-15,2025-07-28 06:32:00,20.3,45.0,788.099999999743,2388.50000000041,102.599999996,124.599999992,0.00815772968,1386.3954589422083
SKW-15,SKW-15,2025-07-28 06:34:00,20.0,45.0,785.999999999706,2388.2000000002,102.599999996,125.200000004,0.00713801347,1266.5546543906503
SKW-15,SKW-15,2025-07-28 06:36:00,19.6,45.0,786.199999999848,2389.3999999996,102.599999996,126.699999998,0.00611829726,1270.3641674068342
SKW-15,SKW-15,2025-07-28 06:37:00,19.3,45.0,786.700000000202,2389.89999999996,102.599999996,126.100000004,0.00713801347,1273.3201648115523
SKW-15,SKW-15,2025-07-28 06:38:00,16.5,45.0,788.90000000031,2390.30000000024,102.599999996,125.099999996,0.00713801347,1293.8496149858831
SKW-15,SKW-15,2025-07-28 06:39:00,16.4,45.0,789.599999999355,2390.20000000017,102.599999996,124.7,0.00917744589,1294.427633738866
SKW-15,SKW-15,2025-07-28 06:41:00,20.0,45.0,788.800000000239,2386.90000000073,102.599999996,123.600000002,0.00713801347,1266.700652445241
SKW-15,SKW-15,2025-07-28 06:42:00,20.0,45.0,787.999999999673,2385.19999999953,102.700000004,124.199999996,0.00611829726,1266.6151561781555
SKW-15,SKW-15,2025-07-28 06:43:00,20.1,45.0,786.800000000273,2385.59999999981,102.599999996,124.7,0.00713801347,1265.5263971149598
SKW-15,SKW-15,2025-07-28 06:45:00,19.2,45.0,785.300000000661,2387.79999999992,102.599999996,126.399999992,0.00713801347,1274.2706344375754
SKW-15,SKW-15,2025-07-28 06:46:00,19.1,45.0,786.299999999919,2389.19999999946,102.599999996,125.6,0.00611829726,1275.2685137382869
SKW-15,SKW-15,2025-07-28 06:48:00,16.4,45.0,789.100000000452,2390.30000000024,102.599999996,124.599999992,0.00815772968,1294.4624174630787
SKW-15,SKW-15,2025-07-28 06:50:00,19.1,45.0,789.000000000381,2388.30000000027,102.700000004,123.400000004,0.00713801347,1275.472132184033
SKW-15,SKW-15,2025-07-28 06:52:00,19.8,45.0,786.299999999919,2387.89999999999,102.700000004,125.700000008,0.00713801347,1268.504235850432
SKW-15,SKW-15,2025-07-28 06:54:00,19.9,45.0,785.000000000449,2389.79999999989,102.700000004,126.300000002,0.00713801347,1267.4279581706642
SKW-15,SKW-15,2025-07-28 06:57:00,17.0,45.0,788.299999999885,2394.9000000006,102.700000004,125.400000002,0.00713801347,1290.8358456727083
SKW-15,SKW-15,2025-07-28 06:59:00,15.9,45.0,789.100000000452,2395.49999999957,102.799999994,123.600000002,0.00713801347,1297.2685646132215
SKW-15,SKW-15,2025-07-28 07:00:00,16.0,45.0,789.100000000452,2395.49999999957,102.799999994,123.600000002,0.00713801347,1296.741487446626
SKW-15,SKW-15,2025-07-28 07:04:00,20.2,45.0,785.699999999494,2391.99999999999,102.900000002,124.899999998,0.00611829726,1264.245471399271
SKW-15,SKW-15,2025-07-28 07:05:00,20.0,45.0,783.599999999457,2393.0000000007,102.799999994,125.700000008,0.00611829726,1266.5741581920502
SKW-15,SKW-15,2025-07-28 07:06:00,20.1,45.0,783.200000000624,2393.59999999968,102.799999994,126.600000008,0.00713801347,1265.3177240114571
SKW-15,SKW-15,2025-07-28 07:08:00,18.7,45.0,785.000000000449,2395.79999999978,102.799999994,126.399999992,0.00611829726,1278.6141072809066
SKW-15,SKW-15,2025-07-28 07:09:00,16.6,45.0,786.700000000202,2396.30000000014,102.799999994,126.800000006,0.00611829726,1293.1360086988716
SKW-15,SKW-15,2025-07-28 07:13:00,19.2,45.0,787.899999999602,2391.79999999985,102.900000002,123.099999998,0.00611829726,1274.6573714576443
SKW-15,SKW-15,2025-07-28 07:14:00,19.7,45.0,787.999999999673,2392.50000000035,102.999999992,125.099999996,0.00713801347,1269.4626762778473
SKW-15,SKW-15,2025-07-28 07:15:00,20.1,45.0,787.999999999673,2390.60000000045,102.999999992,124.7,0.00713801347,1265.3424827711538
SKW-15,SKW-15,2025-07-28 07:17:00,20.0,45.0,785.000000000449,2388.60000000049,102.999999992,126.399999992,0.00611829726,1266.2818672735248
SKW-15,SKW-15,2025-07-28 07:19:00,19.6,45.0,783.000000000483,2391.19999999943,102.900000002,126.600000008,0.00611829726,1270.516610757396
SKW-15,SKW-15,2025-07-28 07:20:00,18.5,45.0,783.399999999316,2391.99999999999,102.900000002,126.5,0.00509858105,1280.302566747145
SKW-15,SKW-15,2025-07-28 07:21:00,16.6,45.0,784.900000000378,2393.09999999932,102.900000002,126.800000006,0.00713801347,1293.1836247169701
SKW-15,SKW-15,2025-07-28 07:23:00,19.3,45.0,787.999999999673,2393.0000000007,102.900000002,124.599999992,0.00815772968,1273.4443414926266
SKW-15,SKW-15,2025-07-28 07:24:00,20.0,45.0,786.700000000202,2389.19999999946,102.999999992,125.099999996,0.00611829726,1266.4403379559699
SKW-15,SKW-15,2025-07-28 07:25:00,20.1,45.0,785.499999999352,2389.89999999996,102.999999992,125.000000006,0.00611829726,1265.462710412243
SKW-15,SKW-15,2025-07-28 07:26:00,20.1,45.0,785.499999999352,2389.89999999996,102.999999992,125.000000006,0.00611829726,1265.462710412243
SKW-15,SKW-15,2025-07-28 07:27:00,20.0,45.0,783.000000000483,2394.10000000003,102.900000002,126.800000006,0.00815772968,1266.3370358038792
SKW-15,SKW-15,2025-07-28 07:28:00,19.4,45.0,783.300000000695,2395.09999999929,102.900000002,127.099999994,0.00611829726,1272.3412880968758
SKW-15,SKW-15,2025-07-28 07:30:00,17.8,46.0,785.300000000661,2397.59999999961,102.900000002,126.399999992,0.00611829726,1277.5486756857927
SKW-15,SKW-15,2025-07-28 07:31:00,17.0,46.0,786.800000000273,2398.50000000025,102.900000002,125.700000008,0.00713801347,1283.9104128093595
SKW-15,SKW-15,2025-07-28 07:34:00,20.0,46.0,787.300000000627,2396.80000000049,103.1,123.900000008,0.00713801347,1254.3973813319856
SKW-15,SKW-15,2025-07-28 07:35:00,20.5,46.0,786.39999999999,2393.39999999953,103.1,124.500000002,0.00611829726,1368.737134241525
SKW-15,SKW-15,2025-07-28 07:38:00,20.8,46.0,781.299999999279,2392.30000000021,103.1,126.899999996,0.00815772968,1392.3458008880154
SKW-15,SKW-15,2025-07-28 07:41:00,17.5,46.0,785.20000000059,2398.60000000032,102.999999992,127.4,0.00509858105,1279.8690751956406
SKW-15,SKW-15,2025-07-28 07:43:00,16.5,46.0,787.499999999318,2399.10000000067,103.1,125.900000006,0.00611829726,1287.3601034503329
SKW-15,SKW-15,2025-07-28 07:44:00,15.2,46.0,787.400000000698,2399.39999999943,103.1,124.899999998,0.00611829726,1295.4272801344512
SKW-15,SKW-15,2025-07-28 07:46:00,19.9,46.0,787.000000000415,2399.10000000067,103.200000008,123.8,0.00611829726,1255.7536605088872
SKW-15,SKW-15,2025-07-28 07:47:00,20.5,46.0,785.899999999636,2396.1,103.200000008,125.400000002,0.00611829726,1368.4558199623436
SKW-15,SKW-15,2025-07-28 07:48:00,20.8,46.0,784.700000000236,2396.60000000035,103.200000008,126.300000002,0.00713801347,1392.1782592775169
SKW-15,SKW-15,2025-07-28 07:50:00,20.6,46.0,782.199999999916,2398.60000000032,103.200000008,127.799999996,0.00611829726,1372.2379032748452
SKW-15,SKW-15,2025-07-28 07:51:00,20.3,46.0,782.199999999916,2398.60000000032,103.200000008,127.799999996,0.00611829726,1371.3451196559563
SKW-15,SKW-15,2025-07-28 07:52:00,18.7,46.0,783.699999999528,2400.80000000042,103.200000008,127.900000004,0.00611829726,1268.9172655127174
SKW-15,SKW-15,2025-07-28 07:54:00,16.5,46.0,787.100000000486,2401.3999999994,103.200000008,125.999999996,0.00713801347,1287.3415768409016
SKW-15,SKW-15,2025-07-28 07:55:00,16.4,46.0,787.100000000486,2401.3999999994,103.200000008,125.999999996,0.00713801347,1288.0144451111626
SKW-15,SKW-15,2025-07-28 07:56:00,20.6,46.0,787.200000000556,2401.20000000071,103.200000008,125.200000004,0.00815772968,1372.5213112576969
SKW-15,SKW-15,2025-07-28 07:57:00,20.5,46.0,785.399999999282,2396.50000000028,103.299999998,125.400000002,0.00611829726,1368.470522979617
SKW-15,SKW-15,2025-07-28 08:00:00,20.6,46.0,781.399999999349,2398.80000000046,103.200000008,127.299999992,0.00611829726,1372.4817000332093
SKW-15,SKW-15,2025-07-28 08:02:00,19.6,46.0,782.900000000412,2400.40000000014,103.200000008,128.100000002,0.00713801347,1258.8102375160138
SKW-15,SKW-15,2025-07-28 08:03:00,19.4,46.0,783.799999999599,2400.60000000028,103.200000008,127.900000004,0.00713801347,1261.2083223346926
SKW-15,SKW-15,2025-07-28 08:04:00,16.6,46.0,786.199999999848,2399.99999999986,103.299999998,126.800000006,0.00815772968,1286.5653665931736
SKW-15,SKW-15,2025-07-28 08:06:00,17.2,46.0,786.700000000202,2399.0000000006,103.299999998,125.6,0.00611829726,1282.3680286069261
SKW-15,SKW-15,2025-07-28 08:07:00,19.9,46.0,785.799999999565,2396.40000000021,103.299999998,124.899999998,0.00611829726,1255.5400855461894
SKW-15,SKW-15,2025-07-28 08:08:00,20.4,46.0,785.300000000661,2394.70000000045,103.400000006,126.100000004,0.00713801347,1369.8551943381403
SKW-15,SKW-15,2025-07-28 08:09:00,20.9,46.0,784.800000000307,2395.00000000067,103.400000006,126.399999992,0.00611829726,1393.57868072302
SKW-15,SKW-15,2025-07-28 08:11:00,19.2,46.0,782.800000000341,2397.19999999932,103.299999998,127.700000006,0.00713801347,1263.6148337823677
SKW-15,SKW-15,2025-07-28 08:12:00,18.3,46.0,783.100000000553,2397.99999999989,103.299999998,127.700000006,0.00713801347,1272.8789785565045
SKW-15,SKW-15,2025-07-28 08:13:00,17.7,46.0,785.20000000059,2399.69999999964,103.400000006,126.600000008,0.00611829726,1278.2682555940153
SKW-15,SKW-15,2025-07-28 08:14:00,16.9,46.0,785.999999999706,2400.09999999993,103.400000006,126.300000002,0.00509858105,1284.5232926344747
SKW-15,SKW-15,2025-07-28 08:15:00,16.3,46.0,786.700000000202,2400.50000000021,103.400000006,125.6,0.00713801347,1288.7144227703461
SKW-15,SKW-15,2025-07-28 08:16:00,20.3,46.0,786.700000000202,2399.79999999972,103.400000006,124.7,0.00611829726,1371.7891557474472
SKW-15,SKW-15,2025-07-28 08:18:00,20.8,46.0,783.300000000695,2394.10000000003,103.400000006,126.699999998,0.00509858105,1392.1546908049813
SKW-15,SKW-15,2025-07-28 08:21:00,19.9,46.0,781.000000000517,2397.99999999989,103.400000006,127.799999996,0.00611829726,1255.1605444833408
SKW-15,SKW-15,2025-07-28 08:23:00,18.4,46.0,782.400000000058,2399.79999999972,103.400000006,127.999999994,0.00713801347,1271.892936224855
SKW-15,SKW-15,2025-07-28 08:24:00,17.9,46.0,784.800000000307,2400.80000000042,103.400000006,126.699999998,0.00611829726,1276.5656846247095
SKW-15,SKW-15,2025-07-28 08:25:00,20.5,46.0,786.299999999919,2400.50000000021,103.400000006,125.900000006,0.00713801347,1368.153829067066
SKW-15,SKW-15,2025-07-28 08:28:00,20.8,46.0,783.000000000483,2398.3000000001,103.400000006,127.099999994,0.00611829726,1392.0493191313199
SKW-15,SKW-15,2025-07-28 08:30:00,20.0,46.0,781.49999999942,2401.49999999947,103.400000006,127.700000006,0.00611829726,1253.8084068263295
SKW-15,SKW-15,2025-07-28 08:31:00,17.9,46.0,783.200000000624,2403.39999999936,103.400000006,127.200000002,0.00713801347,1276.5598549273059
SKW-15,SKW-15,2025-07-28 08:33:00,19.3,46.0,785.599999999423,2403.20000000067,103.499999996,125.799999998,0.00713801347,1262.644262982842
SKW-15,SKW-15,2025-07-28 08:35:00,20.2,46.0,784.600000000165,2398.20000000003,103.499999996,127.000000004,0.00611829726,1250.7572689342446
SKW-15,SKW-15,2025-07-28 08:37:00,19.7,46.0,781.399999999349,2400.80000000042,103.499999996,127.900000004,0.00611829726,1257.6551077309907
SKW-15,SKW-15,2025-07-28 08:38:00,19.2,46.0,781.49999999942,2401.59999999954,103.499999996,128.100000002,0.00611829726,1263.5786037387518
SKW-15,SKW-15,2025-07-28 08:39:00,16.8,46.0,782.900000000412,2402.90000000046,103.499999996,127.200000002,0.00713801347,1285.2268137006802
SKW-15,SKW-15,2025-07-28 08:40:00,17.1,46.0,784.600000000165,2403.29999999929,103.499999996,125.999999996,0.00509858105,1283.139312210751
SKW-15,SKW-15,2025-07-28 08:41:00,17.4,46.0,785.799999999565,2403.59999999951,103.499999996,125.299999994,0.00713801347,1280.8605051155391
SKW-15,SKW-15,2025-07-28 08:43:00,17.3,46.0,785.999999999706,2403.69999999958,103.600000004,125.200000004,0.00713801347,1281.6316863700079
SKW-15,SKW-15,2025-07-28 08:44:00,20.0,46.0,785.799999999565,2402.80000000039,103.600000004,125.099999996,0.00611829726,1254.0675896261873
SKW-15,SKW-15,2025-07-28 08:45:00,20.6,46.0,783.499999999386,2397.69999999968,103.600000004,126.399999992,0.00713801347,1372.3861712353391
SKW-15,SKW-15,2025-07-28 08:46:00,20.4,46.0,782.299999999987,2397.89999999982,103.600000004,126.800000006,0.00713801347,1369.866664231977
SKW-15,SKW-15,2025-07-28 08:48:00,19.5,46.0,779.999999999808,2401.20000000071,103.600000004,128.199999992,0.00611829726,1260.1332680068685
SKW-15,SKW-15,2025-07-28 08:50:00,17.7,46.0,782.099999999845,2402.80000000039,103.600000004,127.799999996,0.00713801347,1278.1884996789447
SKW-15,SKW-15,2025-07-28 08:52:00,18.6,46.0,785.399999999282,2401.59999999954,103.600000004,126.300000002,0.00611829726,1270.0414422563897
SKW-15,SKW-15,2025-07-28 08:53:00,20.7,46.0,785.300000000661,2399.89999999979,103.600000004,125.799999998,0.00611829726,1390.6157128837297
SKW-15,SKW-15,2025-07-28 08:55:00,20.7,46.0,781.49999999942,2399.0000000006,103.600000004,127.200000002,0.00611829726,1390.5632706227307
SKW-15,SKW-15,2025-07-28 08:58:00,19.0,46.0,780.600000000233,2404.60000000021,103.600000004,128.400000008,0.00611829726,1265.7678451266975
SKW-15,SKW-15,2025-07-28 08:59:00,18.5,46.0,781.999999999774,2406.1999999999,103.600000004,127.599999998,0.00611829726,1270.9899193748533
SKW-15,SKW-15,2025-07-28 09:00:00,17.9,46.0,783.499999999386,2407.10000000053,103.600000004,127.200000002,0.00611829726,1276.511941572473
SKW-15,SKW-15,2025-07-28 09:01:00,18.4,46.0,783.499999999386,2407.10000000053,103.600000004,127.200000002,0.00611829726,1271.9423583861344
SKW-15,SKW-15,2025-07-28 09:04:00,20.6,46.0,781.599999999491,2403.20000000067,103.600000004,127.799999996,0.00611829726,1372.149631965035
SKW-15,SKW-15,2025-07-28 09:06:00,19.4,46.0,779.299999999313,2405.10000000057,103.600000004,128.3,0.00713801347,1261.3447009016934
SKW-15,SKW-15,2025-07-28 09:07:00,19.4,46.0,779.299999999313,2405.10000000057,103.600000004,128.3,0.00713801347,1261.3447009016934
SKW-15,SKW-15,2025-07-28 09:09:00,17.1,46.0,783.100000000553,2406.29999999997,103.600000004,126.699999998,0.00713801347,1283.0751269437794
SKW-15,SKW-15,2025-07-28 09:11:00,16.4,46.0,784.900000000378,2406.60000000018,103.699999994,125.6,0.00611829726,1288.0901735898306
SKW-15,SKW-15,2025-07-28 09:13:00,20.2,46.0,784.500000000095,2405.79999999961,103.699999994,124.800000008,0.00611829726,1251.3139900132423
SKW-15,SKW-15,2025-07-28 09:15:00,20.7,46.0,783.300000000695,2402.09999999989,103.800000002,125.499999992,0.00509858105,1390.8479418407394
SKW-15,SKW-15,2025-07-28 09:16:00,20.3,46.0,781.49999999942,2402.90000000046,103.800000002,126.899999996,0.00611829726,1371.4789259155384
SKW-15,SKW-15,2025-07-28 09:17:00,20.3,46.0,780.900000000446,2403.99999999979,103.699999994,127.4,0.00713801347,1371.4032220198922
SKW-15,SKW-15,2025-07-28 09:18:00,19.6,46.0,780.900000000446,2404.50000000014,103.699999994,127.299999992,0.00713801347,1259.0195119703878
SKW-15,SKW-15,2025-07-28 09:19:00,16.8,46.0,781.599999999491,2404.90000000043,103.699999994,127.599999998,0.00713801347,1285.1967555760702
SKW-15,SKW-15,2025-07-28 09:20:00,16.6,46.0,783.300000000695,2404.19999999993,103.800000002,126.399999992,0.00611829726,1286.6814765800757
SKW-15,SKW-15,2025-07-28 09:22:00,16.8,46.0,785.000000000449,2402.80000000039,103.800000002,125.299999994,0.00713801347,1285.3489651727562
SKW-15,SKW-15,2025-07-28 09:23:00,16.9,46.0,784.900000000378,2402.60000000025,103.800000002,125.000000006,0.00611829726,1284.6853943661652
SKW-15,SKW-15,2025-07-28 09:28:00,19.5,46.0,779.299999999313,2401.59999999954,103.800000002,127.999999994,0.00713801347,1260.1667981133287
SKW-15,SKW-15,2025-07-28 09:30:00,17.5,46.0,781.399999999349,2403.00000000053,103.800000002,127.900000004,0.00611829726,1279.827878387375
SKW-15,SKW-15,2025-07-28 09:33:00,20.6,46.0,782.099999999845,2398.40000000017,103.800000002,127.700000006,0.00611829726,1372.0542823214712
SKW-15,SKW-15,2025-07-28 09:35:00,20.9,46.0,779.200000000692,2399.4999999995,103.800000002,128.3,0.00713801347,1393.4014549573808
SKW-15,SKW-15,2025-07-28 09:37:37,0.0,0.0,779.200000000692,781.49999999942,103.699999994,121.400000006,0.00611829726,0.0
SKW-15,SKW-15,2025-07-28 09:38:00,0.0,0.0,780.400000000092,781.399999999349,103.699999994,120.2,0.00611829726,0.0
SKW-15,SKW-15,2025-07-28 09:39:00,0.0,0.0,781.200000000658,781.599999999491,103.699999994,118.700000006,0.00611829726,0.0
SKW-15,SKW-15,2025-07-28 09:40:00,0.0,0.0,782.199999999916,781.999999999774,103.800000002,115.800000008,0.00611829726,0.0
SKW-15,SKW-15,2025-07-28 09:41:00,0.0,0.0,782.299999999987,782.299999999987,103.800000002,113.399999996,0.00611829726,0.0
SKW-15,SKW-15,2025-07-28 09:42:00,0.0,0.0,782.199999999916,782.299999999987,103.800000002,112.400000006,0.00611829726,0.0
SKW-15,SKW-15,2025-07-28 09:43:00,0.0,0.0,780.800000000375,780.099999999879,103.800000002,109.999999994,0.00611829726,0.0
SKW-15,SKW-15,2025-07-28 09:45:00,0.0,0.0,775.19999999931,780.500000000163,103.800000002,108.199999994,0.00611829726,0.0
SKW-15,SKW-15,2025-07-28 09:46:00,0.0,0.0,771.699999999732,780.900000000446,103.699999994,107.200000004,0.00611829726,0.0
SKW-15,SKW-15,2025-07-28 09:48:00,0.0,0.0,766.800000000613,781.699999999562,103.600000004,105.600000002,0.00611829726,0.0
SKW-15,SKW-15,2025-07-28 09:50:00,0.0,0.0,764.999999999338,781.899999999704,103.499999996,104.700000002,0.00611829726,0.0
SKW-15,SKW-15,2025-07-28 09:51:00,0.0,0.0,763.699999999868,781.999999999774,103.400000006,104.199999998,0.00611829726,0.0
SKW-15,SKW-15,2025-07-28 09:54:00,0.0,0.0,760.999999999406,781.599999999491,103.299999998,103.299999998,0.00611829726,0.0
SKW-15,SKW-15,2025-07-28 09:55:00,0.0,0.0,760.800000000715,781.799999999633,103.299999998,102.900000002,0.00611829726,0.0
SKW-15,SKW-15,2025-07-28 09:57:00,0.0,0.0,761.399999999689,782.299999999987,103.299999998,102.599999996,0.00611829726,0.0
SKW-15,SKW-15,2025-07-28 09:58:51,9.1,12.97,762.400000000397,782.800000000341,103.200000008,102.099999992,0.00611829726,140.70973506467084
SKW-15,SKW-15,2025-07-28 09:59:00,9.1,12.97,762.400000000397,782.800000000341,103.200000008,102.099999992,0.00611829726,140.70973506467084
SKW-15,SKW-15,2025-07-28 10:00:11,28.7,20.0,763.099999999443,788.600000000097,103.200000008,101.899999994,0.00611829726,108.87063398508128
SKW-15,SKW-15,2025-07-28 10:01:00,28.7,20.0,763.099999999443,788.600000000097,103.200000008,101.899999994,0.00611829726,108.87063398508128
SKW-15,SKW-15,2025-07-28 10:04:00,27.4,22.0,768.000000000012,1166.69999999955,103.200000008,109.599999998,0.00611829726,108.72083890505304
SKW-15,SKW-15,2025-07-28 10:08:00,25.4,25.0,776.700000000372,1296.80000000032,103.200000008,109.999999994,0.00611829726,216.1795007204542
SKW-15,SKW-15,2025-07-28 10:10:00,23.8,27.0,782.500000000128,1346.79999999947,103.200000008,110.400000008,0.00611829726,215.84354872408488
SKW-15,SKW-15,2025-07-28 10:11:00,23.2,27.5,783.99999999974,1370.70000000044,103.200000008,109.700000006,0.00611829726,217.4664475089052
SKW-15,SKW-15,2025-07-28 10:12:00,21.6,29.0,787.499999999318,1448.00000000007,103.299999998,109.500000008,0.00611829726,225.86327729813587
SKW-15,SKW-15,2025-07-28 10:13:00,20.6,30.0,787.499999999318,1474.29999999984,103.299999998,109.299999992,0.00611829726,473.81168754552925
SKW-15,SKW-15,2025-07-28 10:14:00,20.2,30.5,787.499999999318,1501.90000000053,103.299999998,108.800000006,0.00509858105,480.535034804031
SKW-15,SKW-15,2025-07-28 10:15:00,19.2,31.5,787.799999999531,1559.2000000005,103.400000006,108.800000006,0.00509858105,494.90567756445415
SKW-15,SKW-15,2025-07-28 10:17:00,17.2,33.5,788.199999999814,1677.90000000044,103.499999996,109.000000004,0.00713801347,973.7084803681267
SKW-15,SKW-15,2025-07-28 10:19:00,15.7,35.0,788.299999999885,1740.9000000001,103.499999996,109.299999992,0.00713801347,406.9902758843113
SKW-15,SKW-15,2025-07-28 10:20:00,15.5,35.5,788.299999999885,1810.29999999994,103.600000004,109.599999998,0.00815772968,992.6881096830376
SKW-15,SKW-15,2025-07-28 10:21:00,15.3,36.5,788.500000000027,1846.79999999968,103.699999994,109.799999996,0.00713801347,995.7687814325405
SKW-15,SKW-15,2025-07-28 10:21:08,14.5,37.0,788.500000000027,1846.79999999968,103.699999994,109.799999996,0.00713801347,998.6532981887469
SKW-15,SKW-15,2025-07-28 10:23:00,14.2,38.0,788.500000000027,1914.39999999969,103.699999994,110.3,0.00815772968,646.4581534582711
SKW-15,SKW-15,2025-07-28 10:23:22,14.0,39.0,788.500000000027,1982.7000000002,103.699999994,111.500000006,0.00917744589,794.1739130434784
SKW-15,SKW-15,2025-07-28 10:23:31,14.0,39.0,788.500000000027,2018.59999999952,103.800000002,111.099999992,0.00917744589,794.1739130434781
SKW-15,SKW-15,2025-07-28 10:27:00,14.4,41.5,788.90000000031,2153.89999999961,103.899999992,113.399999996,0.00611829726,514.7552829511576
SKW-15,SKW-15,2025-07-28 10:29:00,13.9,43.5,789.100000000452,2362.30000000071,104.100000008,115.300000004,0.00611829726,624.6917659486965
SKW-15,SKW-15,2025-07-28 10:31:00,14.7,45.0,789.400000000664,2371.19999999977,104.100000008,116.700000008,0.00815772968,1303.4928543832798
SKW-15,SKW-15,2025-07-28 10:32:00,14.4,45.0,789.499999999285,2371.29999999984,104.199999998,118.299999992,0.00713801347,629.8592492915096
SKW-15,SKW-15,2025-07-28 10:32:39,14.8,46.0,789.599999999355,2371.29999999984,104.300000006,118.900000004,0.00713801347,1297.9545158141884
SKW-15,SKW-15,2025-07-28 10:33:00,14.8,46.0,789.599999999355,2371.29999999984,104.300000006,118.900000004,0.00713801347,1297.9545158141884
SKW-15,SKW-15,2025-07-28 10:34:00,14.4,46.0,789.699999999426,2371.49999999998,104.399999996,119.499999998,0.0101971621,627.4826818410575
SKW-15,SKW-15,2025-07-28 10:35:00,15.1,46.0,789.699999999426,2371.49999999998,104.399999996,119.499999998,0.0101971621,1296.285227455385
SKW-15,SKW-15,2025-07-28 10:36:00,14.1,46.0,789.799999999497,2371.90000000026,104.599999994,120.099999992,0.00713801347,621.9339536417073
SKW-15,SKW-15,2025-07-28 10:37:00,15.1,46.0,789.899999999568,2372.00000000033,104.599999994,120.300000008,0.00509858105,1296.1959182737437
SKW-15,SKW-15,2025-07-28 10:39:00,15.1,46.0,789.999999999639,2372.00000000033,104.799999992,120.599999996,0.00713801347,1296.1249490101138
SKW-15,SKW-15,2025-07-28 10:40:43,14.0,46.0,789.899999999568,2371.49999999998,104.9,120.700000004,0.00611829726,620.012225598378
SKW-15,SKW-15,2025-07-28 10:41:00,14.0,46.0,789.899999999568,2371.49999999998,104.9,120.700000004,0.00611829726,620.012225598378
SKW-15,SKW-15,2025-07-28 10:44:00,14.6,46.0,789.999999999639,2370.69999999941,105.099999998,120.999999992,0.00611829726,1298.6594356291403
SKW-15,SKW-15,2025-07-28 10:45:00,14.1,46.0,790.099999999709,2370.79999999948,105.200000006,120.900000002,0.00815772968,621.8466635405034
SKW-15,SKW-15,2025-07-28 10:48:00,14.3,46.0,790.499999999993,2369.9000000003,105.400000004,121.1,0.00713801347,625.5197910893254
SKW-15,SKW-15,2025-07-28 10:49:00,14.7,46.0,790.700000000134,2369.70000000015,105.499999994,121.699999994,0.00713801347,1298.007288579072
SKW-15,SKW-15,2025-07-28 10:51:00,14.4,46.0,790.600000000064,2369.50000000001,105.600000002,121.299999998,0.00713801347,627.322909973868
SKW-15,SKW-15,2025-07-28 10:52:00,14.1,46.0,790.900000000276,2368.99999999966,105.699999992,121.400000006,0.00611829726,621.7807461557729
SKW-15,SKW-15,2025-07-28 10:52:44,15.2,46.0,791.100000000418,2368.89999999959,105.8,121.600000004,0.00611829726,1295.3129783238328
SKW-15,SKW-15,2025-07-28 10:53:00,15.2,46.0,791.100000000418,2368.89999999959,105.8,121.600000004,0.00611829726,1295.3129783238328
SKW-15,SKW-15,2025-07-28 10:54:00,14.9,46.0,791.000000000347,2368.69999999945,105.8,121.499999996,0.00713801347,1296.941545683959
SKW-15,SKW-15,2025-07-28 10:55:00,14.3,46.0,791.200000000488,2368.4999999993,105.900000008,121.699999994,0.00611829726,625.4521688774391
SKW-15,SKW-15,2025-07-28 10:56:00,14.6,46.0,791.300000000559,2368.40000000068,105.900000008,121.600000004,0.00713801347,1298.4602024604787
SKW-15,SKW-15,2025-07-28 10:58:00,14.5,46.0,791.599999999321,2368.20000000054,106.100000006,121.899999992,0.00713801347,1298.9005631032896
SKW-15,SKW-15,2025-07-28 11:00:00,15.2,46.0,791.699999999392,2367.90000000033,106.199999996,122.199999998,0.00713801347,1295.1700452708155
SKW-15,SKW-15,2025-07-28 11:02:00,15.0,46.0,791.999999999605,2367.90000000033,106.300000004,121.800000002,0.00713801347,1296.282025860418
SKW-15,SKW-15,2025-07-28 11:04:00,14.9,46.0,792.299999999817,2367.70000000019,106.399999994,122.700000002,0.00917744589,1296.6887971327722
SKW-15,SKW-15,2025-07-28 11:06:00,15.0,46.0,792.499999999959,2367.50000000005,106.7,123.699999992,0.00815772968,1296.0079321642568
SKW-15,SKW-15,2025-07-28 11:08:00,15.4,46.0,792.399999999888,2367.09999999976,107.000000006,124.599999992,0.00713801347,1293.6416998813454
SKW-15,SKW-15,2025-07-28 11:09:00,15.0,46.0,792.499999999959,2366.89999999962,107.099999996,125.099999996,0.00611829726,1295.8191963539473
SKW-15,SKW-15,2025-07-28 11:11:00,14.7,46.0,792.499999999959,2366.49999999934,107.299999994,125.700000008,0.00713801347,1297.3264732657228
SKW-15,SKW-15,2025-07-28 11:14:00,14.9,46.0,792.60000000003,2366.10000000051,107.700000008,126.600000008,0.00713801347,1296.11769989706
SKW-15,SKW-15,2025-07-28 11:16:00,15.8,46.0,792.900000000242,2365.70000000022,107.900000006,127.099999994,0.00611829726,1290.812297334784
SKW-15,SKW-15,2025-07-28 11:18:00,14.9,46.0,792.900000000242,2365.70000000022,108.199999994,127.200000002,0.00713801347,1295.9811994926522
SKW-15,SKW-15,2025-07-28 11:20:00,14.5,46.0,793.000000000313,2365.0999999998,108.399999992,127.4,0.00713801347,1298.040424584012
SKW-15,SKW-15,2025-07-28 11:22:00,14.7,46.0,793.000000000313,2364.79999999958,108.600000008,127.599999998,0.00713801347,1296.9563637778217
SKW-15,SKW-15,2025-07-28 11:24:00,15.0,46.0,793.300000000525,2364.99999999973,108.800000006,127.799999996,0.00509858105,1295.2907176301119
SKW-15,SKW-15,2025-07-28 11:24:45,15.9,46.0,793.300000000525,2364.99999999973,108.800000006,127.799999996,0.00509858105,1289.9570767606708
SKW-15,SKW-15,2025-07-28 11:25:39,0.0,0.0,792.7000000001,1379.49999999942,109.000000004,123.299999996,0.00611829726,0.0
SKW-15,SKW-15,2025-07-28 11:26:00,0.0,0.0,792.7000000001,1379.49999999942,109.000000004,123.299999996,0.00611829726,0.0
SKW-15,SKW-15,2025-07-28 11:27:00,0.0,0.0,792.7000000001,795.799999999395,109.099999994,119.699999996,0.00611829726,0.0
SKW-15,SKW-15,2025-07-28 11:29:00,0.0,0.0,792.60000000003,795.300000000491,109.200000002,117.699999998,0.00611829726,0.0
SKW-15,SKW-15,2025-07-28 11:30:00,0.0,0.0,792.299999999817,795.000000000279,109.299999992,116.400000002,0.00611829726,0.0
SKW-15,SKW-15,2025-07-28 11:31:00,0.0,0.0,792.299999999817,795.000000000279,109.299999992,115.800000008,0.00611829726,0.0
SKW-15,SKW-15,2025-07-28 11:32:00,0.0,0.0,791.999999999605,794.900000000208,109.4,114.299999996,0.00611829726,0.0
SKW-15,SKW-15,2025-07-28 11:35:00,0.0,0.0,790.099999999709,794.700000000066,109.4,112.400000006,0.00611829726,0.0
SKW-15,SKW-15,2025-07-28 11:36:00,0.0,0.0,789.400000000664,794.800000000137,109.4,112.200000008,0.00611829726,0.0
SKW-15,SKW-15,2025-07-28 11:38:00,0.0,0.0,785.999999999706,794.800000000137,109.4,111.099999992,0.00611829726,0.0
SKW-15,SKW-15,2025-07-28 11:39:00,0.0,0.0,783.99999999974,795.000000000279,109.4,110.699999996,0.00611829726,0.0
SKW-15,SKW-15,2025-07-28 11:41:00,0.0,0.0,780.800000000375,795.000000000279,109.299999992,110.100000002,0.00611829726,0.0
SKW-15,SKW-15,2025-07-28 11:43:00,28.0,21.0,773.899999999839,1337.6000000002,109.299999992,115.300000004,0.00713801347,109.31784855064218
SKW-15,SKW-15,2025-07-28 11:44:00,27.9,21.0,773.899999999839,1337.6000000002,109.299999992,115.300000004,0.00713801347,109.13384761726515
SKW-15,SKW-15,2025-07-28 11:46:00,26.9,23.0,767.099999999375,1465.0000000005,109.200000002,116.799999998,0.00509858105,506.1873709779278
SKW-15,SKW-15,2025-07-28 11:49:00,21.5,30.0,762.000000000114,1799.59999999961,109.099999994,116.799999998,0.00611829726,470.19535630488826
SKW-15,SKW-15,2025-07-28 11:49:12,21.5,30.0,760.800000000715,2026.49999999931,109.099999994,116.700000008,0.00611829726,470.2029944379126
SKW-15,SKW-15,2025-07-28 11:50:00,21.7,30.0,760.500000000502,2025.09999999977,109.099999994,116.999999996,0.00509858105,469.37290353607665
SKW-15,SKW-15,2025-07-28 11:51:00,21.6,30.0,760.800000000715,2022.30000000069,109.099999994,117.5,0.00611829726,469.7781540380379
SKW-15,SKW-15,2025-07-28 11:52:00,18.2,35.0,761.099999999477,2021.40000000005,109.099999994,117.399999992,0.00713801347,974.3576757588728
SKW-15,SKW-15,2025-07-28 11:53:00,17.0,35.0,762.500000000468,2343.20000000024,109.099999994,118.599999998,0.00713801347,979.1838618399528
SKW-15,SKW-15,2025-07-28 11:55:00,18.3,35.0,764.600000000505,2347.70000000053,109.099999994,118.700000006,0.00611829726,973.6939680199037
SKW-15,SKW-15,2025-07-28 11:57:00,17.4,35.0,767.399999999587,2347.00000000003,109.200000002,119.3,0.00509858105,977.4323977780457
SKW-15,SKW-15,2025-07-28 11:59:00,16.9,35.0,770.20000000012,2347.50000000039,109.200000002,119.899999994,0.00713801347,979.2721774466019
SKW-15,SKW-15,2025-07-28 12:00:00,22.7,30.0,773.100000000723,2341.99999999939,109.200000002,120.500000006,0.00509858105,230.68098234770056
SKW-15,SKW-15,2025-07-28 12:01:00,20.1,35.0,773.100000000723,2341.99999999939,109.200000002,120.500000006,0.00509858105,967.6742307982663
SKW-15,SKW-15,2025-07-28 12:02:00,17.5,40.0,778.099999999913,2289.09999999964,109.299999992,121.899999992,0.00713801347,794.1739130434783
SKW-15,SKW-15,2025-07-28 12:03:00,16.4,40.0,784.500000000095,2350.99999999996,109.299999992,122.599999994,0.00509858105,794.1739130434783
SKW-15,SKW-15,2025-07-28 12:05:00,16.6,43.0,793.400000000596,2367.2999999999,109.4,125.000000006,0.00815772968,1302.761119594537
SKW-15,SKW-15,2025-07-28 12:06:00,16.8,43.0,794.800000000137,2372.99999999959,109.4,125.499999992,0.00713801347,1301.7755739416261
SKW-15,SKW-15,2025-07-28 12:07:00,16.2,46.0,794.700000000066,2384.1000000002,109.500000008,126.600000008,0.00713801347,1287.9802188511508
SKW-15,SKW-15,2025-07-28 12:08:00,16.1,46.0,794.499999999925,2397.89999999982,109.500000008,127.599999998,0.00713801347,1288.5215180403343
SKW-15,SKW-15,2025-07-28 12:09:00,16.5,46.0,793.8999999995,2398.09999999996,109.500000008,128.499999998,0.00713801347,1285.6982114912282
SKW-15,SKW-15,2025-07-28 12:10:00,16.5,46.0,792.800000000171,2393.79999999982,109.4,129.399999998,0.00509858105,1285.6529777541405
SKW-15,SKW-15,2025-07-28 12:11:00,16.4,46.0,791.100000000418,2386.80000000066,109.4,130.699999994,0.00713801347,1286.2371001761112
SKW-15,SKW-15,2025-07-28 12:13:00,16.3,46.0,788.90000000031,2373.90000000023,109.299999992,131.199999998,0.00611829726,1286.979337937351
SKW-15,SKW-15,2025-07-28 12:15:00,16.4,46.0,789.499999999285,2358.49999999947,109.299999992,132.099999998,0.00815772968,1286.1248812187127
SKW-15,SKW-15,2025-07-28 12:16:00,17.1,46.0,791.100000000418,2354.49999999954,109.299999992,132.699999992,0.00611829726,1280.7671280769114
SKW-15,SKW-15,2025-07-28 12:18:00,16.3,46.0,792.199999999746,2354.89999999983,109.299999992,133.399999994,0.00611829726,1286.536983845098
SKW-15,SKW-15,2025-07-28 12:20:00,16.2,46.0,792.099999999676,2360.59999999951,109.299999992,133.599999992,0.00509858105,1287.2075375654856
SKW-15,SKW-15,2025-07-28 12:24:00,16.3,46.0,778.600000000267,2376.00000000026,108.899999996,133.599999992,0.00713801347,1287.160132722971
SKW-15,SKW-15,2025-07-28 12:26:00,16.2,46.0,752.200000000425,2383.09999999949,108.399999992,132.200000006,0.00509858105,1289.2126457065222
SKW-15,SKW-15,2025-07-28 12:27:00,16.1,46.0,751.600000000001,2385.09999999946,108.300000002,131.0,0.00611829726,1290.0377139155044
SKW-15,SKW-15,2025-07-28 12:29:00,16.7,46.0,751.399999999859,2385.09999999946,107.900000006,129.500000006,0.00509858105,1286.3247935855334
SKW-15,SKW-15,2025-07-28 12:31:00,16.7,46.0,751.399999999859,2387.69999999985,107.799999998,128.600000006,0.00713801347,1286.4497974049916
SKW-15,SKW-15,2025-07-28 12:32:00,16.1,46.0,751.299999999788,2389.49999999967,107.799999998,128.100000002,0.00611829726,1290.4822583860139
SKW-15,SKW-15,2025-07-28 12:33:00,16.5,46.0,751.600000000001,2394.50000000031,107.700000008,127.599999998,0.00611829726,1287.9589963370122
SKW-15,SKW-15,2025-07-28 12:38:00,19.1,46.0,749.09999999968,2402.30000000004,107.400000002,130.200000008,0.00713801347,1265.5113374578993
SKW-15,SKW-15,2025-07-28 12:40:00,17.9,46.0,749.299999999822,2418.09999999962,107.299999994,129.599999996,0.00611829726,1277.2470452415869
SKW-15,SKW-15,2025-07-28 12:43:00,17.8,46.0,749.700000000105,2427.40000000041,107.099999996,128.400000008,0.00611829726,1278.3115339971537
SKW-15,SKW-15,2025-07-28 12:45:00,20.2,46.0,749.700000000105,2431.50000000041,107.099999996,128.199999992,0.00713801347,1252.3631639283444
SKW-15,SKW-15,2025-07-28 12:47:00,23.1,46.0,746.59999999936,2433.4000000003,106.899999998,130.699999994,0.00611829726,1419.9367491331475
SKW-15,SKW-15,2025-07-28 12:50:00,19.6,46.0,747.600000000068,2435.50000000034,106.7,132.8,0.00509858105,1259.467293105891
SKW-15,SKW-15,2025-07-28 12:52:00,19.2,46.0,747.900000000281,2434.49999999963,106.599999992,132.200000006,0.00509858105,1264.2829019443432
SKW-15,SKW-15,2025-07-28 12:58:00,22.4,46.0,749.399999999893,2425.50000000051,106.399999994,128.600000006,0.00611829726,1413.4978940805274
SKW-15,SKW-15,2025-07-28 12:59:00,23.2,46.0,748.200000000493,2421.99999999948,106.399999994,130.200000008,0.00713801347,1420.9258659133943
SKW-15,SKW-15,2025-07-28 13:00:00,23.1,46.0,745.600000000103,2422.09999999955,106.399999994,131.300000006,0.00713801347,1419.982578291706
SKW-15,SKW-15,2025-07-28 13:02:00,20.0,46.0,746.200000000527,2422.49999999984,106.199999996,132.600000002,0.00611829726,1254.6618995126246
SKW-15,SKW-15,2025-07-28 13:03:00,20.1,46.0,746.400000000669,2422.19999999962,106.199999996,132.600000002,0.00509858105,1253.3106941433564
SKW-15,SKW-15,2025-07-28 13:05:00,17.8,46.0,747.099999999714,2419.2000000004,106.100000006,131.100000008,0.00713801347,1278.1892434281717
SKW-15,SKW-15,2025-07-28 13:06:00,18.5,46.0,747.499999999998,2417.99999999955,106.100000006,130.600000004,0.00611829726,1271.9853070818674
SKW-15,SKW-15,2025-07-28 13:07:00,18.7,46.0,748.000000000352,2415.1000000004,106.100000006,129.599999996,0.00611829726,1270.1942705317897
SKW-15,SKW-15,2025-07-28 13:09:00,21.1,46.0,747.900000000281,2410.39999999997,106.100000006,129.2,0.00815772968,1398.0630125310356
SKW-15,SKW-15,2025-07-28 13:10:00,23.3,46.0,747.900000000281,2405.4999999994,106.100000006,130.200000008,0.00509858105,1421.90045433176
SKW-15,SKW-15,2025-07-28 13:11:00,22.8,46.0,744.699999999465,2404.3,105.999999998,131.300000006,0.00713801347,1417.3270733551237
SKW-15,SKW-15,2025-07-28 13:12:00,22.8,46.0,744.699999999465,2403.99999999979,105.900000008,131.399999996,0.00713801347,1417.330268031377
SKW-15,SKW-15,2025-07-28 13:14:00,20.5,46.0,745.500000000032,2403.20000000067,105.8,132.600000002,0.00611829726,1369.3770142962558
SKW-15,SKW-15,2025-07-28 13:16:00,19.3,46.0,746.400000000669,2399.89999999979,105.699999992,131.9,0.00611829726,1263.5535826761943
SKW-15,SKW-15,2025-07-28 13:17:00,20.9,46.0,746.699999999431,2397.1000000007,105.699999992,131.300000006,0.00713801347,1394.9204712825422
SKW-15,SKW-15,2025-07-28 13:18:00,22.1,46.0,746.699999999431,2394.40000000024,105.699999992,131.799999992,0.00713801347,1409.961920162706
SKW-15,SKW-15,2025-07-28 13:20:00,22.5,46.0,743.500000000066,2390.80000000059,105.600000002,132.699999992,0.00611829726,1414.2697022544683
SKW-15,SKW-15,2025-07-28 13:22:00,20.4,46.0,744.499999999323,2388.99999999932,105.499999994,132.400000004,0.00611829726,1371.2854297354052
SKW-15,SKW-15,2025-07-28 13:23:00,20.2,46.0,744.999999999678,2386.40000000038,105.499999994,132.200000006,0.00509858105,1252.2247459849866
SKW-15,SKW-15,2025-07-28 13:24:00,19.7,46.0,745.800000000244,2383.59999999985,105.400000004,131.199999998,0.00611829726,1259.1221150287845
SKW-15,SKW-15,2025-07-28 13:25:00,19.6,46.0,746.59999999936,2380.30000000041,105.400000004,131.599999994,0.00713801347,1260.1700917700712
SKW-15,SKW-15,2025-07-28 13:26:00,19.3,46.0,746.899999999573,2376.99999999952,105.400000004,130.899999992,0.00713801347,1263.8066108698424
SKW-15,SKW-15,2025-07-28 13:29:00,22.6,46.0,746.200000000527,2361.60000000022,105.400000004,131.100000008,0.00815772968,1415.4458821970711
SKW-15,SKW-15,2025-07-28 13:31:00,22.8,46.0,742.599999999428,2353.1,105.299999996,132.099999998,0.00611829726,1417.4678706632924
SKW-15,SKW-15,2025-07-28 13:32:00,21.9,46.0,743.700000000207,2349.0,105.299999996,132.099999998,0.00509858105,1407.982774041141
SKW-15,SKW-15,2025-07-28 13:34:00,19.9,46.0,744.899999999607,2339.10000000024,105.200000006,132.499999994,0.00713801347,1256.3964273745487
SKW-15,SKW-15,2025-07-28 13:36:00,21.2,46.0,746.400000000669,2329.59999999931,105.200000006,131.399999996,0.00611829726,1399.2690292430277
SKW-15,SKW-15,2025-07-28 13:38:00,23.2,46.0,744.999999999678,2314.09999999994,105.200000006,131.799999992,0.00611829726,1421.0809959862706
SKW-15,SKW-15,2025-07-28 13:40:00,19.1,46.0,743.099999999782,2304.70000000053,105.099999998,132.000000008,0.00713801347,1266.1149682701796
SKW-15,SKW-15,2025-07-28 13:41:00,20.3,46.0,743.700000000207,2302.00000000007,105.099999998,132.200000006,0.00611829726,1373.1561567703575
SKW-15,SKW-15,2025-07-28 13:42:00,19.6,46.0,745.099999999748,2296.79999999929,105.099999998,131.399999996,0.00509858105,1260.4395349543527
SKW-15,SKW-15,2025-07-28 13:44:00,21.1,46.0,748.99999999961,2287.09999999967,105.099999998,130.600000004,0.00509858105,1397.9463173913214
SKW-15,SKW-15,2025-07-28 13:46:00,19.0,46.0,750.999999999576,2282.30000000062,105.099999998,130.600000004,0.00917744589,1266.920374935556
SKW-15,SKW-15,2025-07-28 13:48:00,23.0,46.0,753.099999999613,2274.39999999938,105.200000006,130.1,0.00509858105,1419.1187983474185
SKW-15,SKW-15,2025-07-28 13:49:00,22.9,46.0,750.599999999292,2270.8999999998,105.099999998,131.0,0.00611829726,1418.1822233247383
SKW-15,SKW-15,2025-07-28 13:50:00,22.6,46.0,748.200000000493,2270.8999999998,105.099999998,131.9,0.00611829726,1415.251154056098
SKW-15,SKW-15,2025-07-28 13:52:00,21.5,46.0,742.300000000666,2273.19999999998,105.000000008,132.299999996,0.00509858105,1403.3340437605805
SKW-15,SKW-15,2025-07-28 13:53:00,19.7,46.0,743.399999999995,2274.89999999973,104.9,132.600000002,0.00611829726,1259.1125204081893
SKW-15,SKW-15,2025-07-28 13:54:03,23.9,48.0,744.00000000042,2274.59999999952,105.000000008,132.099999998,0.00713801347,2265.5673230357334
SKW-15,SKW-15,2025-07-28 13:55:00,23.9,48.0,745.600000000103,2272.20000000072,104.9,131.399999996,0.00815772968,2265.56728977923
SKW-15,SKW-15,2025-07-28 13:56:00,25.2,48.0,746.300000000598,2268.29999999941,104.9,131.799999992,0.00509858105,2265.559468263348
SKW-15,SKW-15,2025-07-28 13:58:40,23.7,50.0,741.400000000029,2270.39999999945,104.799999992,134.900000006,0.00611829726,2380.0218086263694
SKW-15,SKW-15,2025-07-28 13:59:00,23.7,50.0,741.400000000029,2270.39999999945,104.799999992,134.900000006,0.00611829726,2380.0218086263694
SKW-15,SKW-15,2025-07-28 14:01:00,24.6,50.0,744.999999999678,2271.70000000037,104.799999992,133.399999994,0.00611829726,2380.0390586988888
SKW-15,SKW-15,2025-07-28 14:01:06,25.5,50.0,744.999999999678,2271.70000000037,104.799999992,133.399999994,0.00611829726,2380.053557076971
SKW-15,SKW-15,2025-07-28 14:03:30,28.4,50.0,749.09999999968,2263.90000000064,104.799999992,135.199999994,0.00509858105,1019.2414684202686
SKW-15,SKW-15,2025-07-28 14:06:00,22.6,50.0,744.400000000703,2267.60000000036,104.799999992,136.799999996,0.00713801347,2379.994630961613
SKW-15,SKW-15,2025-07-28 14:07:00,22.4,50.0,744.899999999607,2268.29999999941,104.799999992,136.799999996,0.00611829726,2379.989134775848
SKW-15,SKW-15,2025-07-28 14:08:00,23.9,50.0,750.400000000601,2268.49999999955,104.799999992,135.800000006,0.00611829726,2380.0243722165615
SKW-15,SKW-15,2025-07-28 14:08:47,27.3,50.0,753.199999999683,2267.80000000051,104.9,135.100000004,0.00611829726,2380.075799157543
SKW-15,SKW-15,2025-07-28 14:09:00,27.3,50.0,756.000000000216,2265.20000000012,104.9,135.100000004,0.00611829726,2380.075596931643
SKW-15,SKW-15,2025-07-28 14:10:00,27.6,50.0,756.000000000216,2265.20000000012,104.9,135.100000004,0.00611829726,2380.078934493023
SKW-15,SKW-15,2025-07-28 14:12:00,27.6,50.0,756.799999999332,2259.90000000071,104.9,136.900000004,0.00713801347,2380.078481348007
SKW-15,SKW-15,2025-07-28 14:12:32,23.9,50.0,755.399999999791,2260.29999999955,104.9,137.400000008,0.00713801347,2380.023015231452
SKW-15,SKW-15,2025-07-28 14:13:00,23.9,50.0,755.399999999791,2260.29999999955,104.9,137.400000008,0.00713801347,2380.023015231452
SKW-15,SKW-15,2025-07-28 14:13:38,22.5,50.0,755.599999999933,2260.29999999955,104.9,137.400000008,0.00815772968,2379.989574699949
SKW-15,SKW-15,2025-07-28 14:14:00,22.5,50.0,755.599999999933,2260.29999999955,104.9,137.400000008,0.00815772968,2379.989574699949
SKW-15,SKW-15,2025-07-28 14:15:00,23.8,50.0,756.700000000712,2260.39999999962,104.9,137.100000002,0.00509858105,2380.0209357433864
SKW-15,SKW-15,2025-07-28 14:16:00,26.8,50.0,762.999999999372,2259.50000000043,105.000000008,135.899999996,0.00611829726,2380.0689203660363
SKW-15,SKW-15,2025-07-28 14:19:00,28.4,50.0,765.799999999905,2258.69999999986,104.9,137.100000002,0.00713801347,1019.1063351840714
SKW-15,SKW-15,2025-07-28 14:20:00,27.0,50.0,761.599999999831,2269.20000000005,104.9,137.699999996,0.00611829726,2380.071068260652
SKW-15,SKW-15,2025-07-28 14:21:27,23.5,50.0,761.900000000043,2286.9999999996,104.9,138.099999992,0.00713801347,2380.0132352786786
SKW-15,SKW-15,2025-07-28 14:22:00,24.2,50.0,761.900000000043,2286.9999999996,104.9,138.099999992,0.00713801347,2380.0279194375607
SKW-15,SKW-15,2025-07-28 14:24:00,24.2,50.0,767.199999999446,2304.40000000032,105.000000008,136.599999998,0.00713801347,2380.02779254238
SKW-15,SKW-15,2025-07-28 14:24:09,27.4,50.0,767.199999999446,2304.40000000032,105.000000008,136.599999998,0.00713801347,2380.0755509326277
SKW-15,SKW-15,2025-07-28 14:28:00,26.6,50.0,769.299999999483,2286.20000000048,105.000000008,137.699999996,0.00611829726,2380.065434094116
SKW-15,SKW-15,2025-07-28 14:30:00,24.0,50.0,768.500000000366,2255.30000000036,105.000000008,137.699999996,0.00815772968,2380.0231687294045
SKW-15,SKW-15,2025-07-28 14:31:00,23.9,50.0,769.299999999483,2261.40000000032,105.000000008,137.600000006,0.00815772968,2380.0210345059436
SKW-15,SKW-15,2025-07-28 14:31:46,27.9,50.0,773.99999999991,2284.59999999935,105.000000008,136.599999998,0.00713801347,2380.0805782716566
SKW-15,SKW-15,2025-07-28 14:32:00,27.9,50.0,773.99999999991,2284.59999999935,105.000000008,136.599999998,0.00713801347,2380.0805782716566
SKW-15,SKW-15,2025-07-28 14:34:00,27.8,50.0,770.300000000191,2317.00000000054,105.000000008,137.600000006,0.00611829726,2380.0795584366274
SKW-15,SKW-15,2025-07-28 14:36:00,27.8,50.0,764.900000000717,2337.79999999932,104.9,138.2,0.00713801347,2380.0798151524796
SKW-15,SKW-15,2025-07-28 14:37:00,27.5,50.0,762.899999999301,2345.20000000021,104.9,138.300000008,0.00713801347,2380.0766378143503
SKW-15,SKW-15,2025-07-28 14:38:00,27.7,50.0,762.300000000326,2348.39999999957,104.9,138.700000004,0.00713801347,2380.0788048028508
SKW-15,SKW-15,2025-07-28 14:39:00,27.4,50.0,762.200000000256,2354.59999999961,104.799999992,138.700000004,0.00815772968,2380.0754834061718
SKW-15,SKW-15,2025-07-28 14:41:39,21.0,50.0,769.299999999483,2364.3999999993,104.9,139.1,0.00611829726,2379.907484797563
SKW-15,SKW-15,2025-07-28 14:42:00,21.0,50.0,769.299999999483,2364.3999999993,104.9,139.1,0.00611829726,2379.907484797563
SKW-15,SKW-15,2025-07-28 14:43:00,21.5,50.0,771.49999999959,2365.50000000008,104.9,138.500000006,0.00509858105,2379.887034573359
SKW-15,SKW-15,2025-07-28 14:44:21,26.2,50.0,775.399999999451,2369.80000000022,105.099999998,136.200000002,0.00713801347,2380.0599189659993
SKW-15,SKW-15,2025-07-28 14:47:00,27.6,50.0,773.299999999415,2375.1999999997,105.099999998,136.900000004,0.00713801347,2380.0772725394077
SKW-15,SKW-15,2025-07-28 14:48:00,28.0,50.0,772.200000000086,2378.00000000023,105.099999998,136.799999996,0.00611829726,2380.081700435731
SKW-15,SKW-15,2025-07-28 14:49:12,23.8,50.0,771.699999999732,2380.89999999938,105.099999998,136.999999994,0.00611829726,2380.0188421700527
SKW-15,SKW-15,2025-07-28 14:50:22,22.9,50.0,772.70000000044,2390.30000000024,105.099999998,138.099999992,0.00611829726,2379.996959997598
SKW-15,SKW-15,2025-07-28 14:51:00,22.9,50.0,772.70000000044,2390.30000000024,105.099999998,138.099999992,0.00611829726,2379.996959997598
SKW-15,SKW-15,2025-07-28 14:51:26,24.4,50.0,775.000000000618,2392.20000000013,105.200000006,136.900000004,0.00611829726,2380.030513135392
SKW-15,SKW-15,2025-07-28 14:51:34,25.1,50.0,775.000000000618,2392.20000000013,105.200000006,136.900000004,0.00611829726,2380.0430065471983
SKW-15,SKW-15,2025-07-28 14:52:00,25.1,50.0,775.000000000618,2392.20000000013,105.200000006,136.900000004,0.00611829726,2380.0430065471983
SKW-15,SKW-15,2025-07-28 14:54:00,27.6,50.0,773.199999999344,2390.70000000052,105.200000006,137.199999992,0.00611829726,2380.077199483777
SKW-15,SKW-15,2025-07-28 14:56:25,23.9,50.0,769.00000000072,2396.90000000056,105.099999998,138.099999992,0.00713801347,2380.0208413758683
SKW-15,SKW-15,2025-07-28 14:57:00,23.7,50.0,769.00000000072,2396.90000000056,105.099999998,138.099999992,0.00713801347,2380.016565193694
SKW-15,SKW-15,2025-07-28 14:59:00,24.1,50.0,773.99999999991,2398.20000000003,105.200000006,137.3,0.00611829726,2380.0245988580623
SKW-15,SKW-15,2025-07-28 15:00:43,27.6,50.0,775.000000000618,2397.39999999947,105.200000006,136.900000004,0.00509858105,2380.0771489401814
SKW-15,SKW-15,2025-07-28 15:01:00,27.6,50.0,775.000000000618,2397.39999999947,105.200000006,136.900000004,0.00509858105,2380.0771489401814
SKW-15,SKW-15,2025-07-28 15:02:00,28.2,50.0,773.499999999556,2394.2000000001,105.200000006,136.799999996,0.00815772968,1030.7493761978799
SKW-15,SKW-15,2025-07-28 15:04:00,27.8,50.0,766.800000000613,2396.70000000042,105.099999998,137.800000004,0.00815772968,2380.079709465775
SKW-15,SKW-15,2025-07-28 15:08:00,24.9,50.0,773.000000000652,2401.3999999994,105.200000006,138.2,0.00611829726,2380.0393771978984
SKW-15,SKW-15,2025-07-28 15:09:00,27.8,50.0,774.400000000194,2400.90000000049,105.200000006,137.699999996,0.00713801347,2380.0791944053203
SKW-15,SKW-15,2025-07-28 15:10:00,28.2,50.0,772.70000000044,2396.80000000049,105.200000006,137.800000004,0.00611829726,1030.747998882441
SKW-15,SKW-15,2025-07-28 15:11:00,27.6,50.0,772.70000000044,2396.80000000049,105.200000006,137.800000004,0.00611829726,2380.077103348187
SKW-15,SKW-15,2025-07-28 15:11:53,23.8,50.0,770.20000000012,2399.29999999936,105.200000006,138.099999992,0.00611829726,2380.0185340246812
SKW-15,SKW-15,2025-07-28 15:12:00,23.8,50.0,770.20000000012,2399.29999999936,105.200000006,138.099999992,0.00611829726,2380.0185340246812
SKW-15,SKW-15,2025-07-28 15:13:00,24.0,50.0,771.599999999661,2400.70000000035,105.200000006,138.300000008,0.00815772968,2380.0224261276353
SKW-15,SKW-15,2025-07-28 15:13:34,22.9,50.0,772.70000000044,2400.70000000035,105.200000006,137.499999998,0.00611829726,2379.997207215815
SKW-15,SKW-15,2025-07-28 15:14:00,22.9,50.0,772.70000000044,2400.70000000035,105.200000006,137.499999998,0.00611829726,2379.997207215815
SKW-15,SKW-15,2025-07-28 15:14:26,25.5,50.0,773.99999999991,2401.00000000057,105.200000006,137.400000008,0.00815772968,2380.0493779766066
SKW-15,SKW-15,2025-07-28 15:15:00,25.4,50.0,774.400000000194,2400.80000000042,105.200000006,136.599999998,0.00611829726,2380.0480457186245
SKW-15,SKW-15,2025-07-28 15:17:00,27.2,50.0,773.599999999627,2397.39999999947,105.299999996,136.700000006,0.00815772968,2380.072645432561
SKW-15,SKW-15,2025-07-28 15:18:40,23.7,50.0,770.300000000191,2402.09999999989,105.200000006,137.600000006,0.00713801347,2380.0165492813753
SKW-15,SKW-15,2025-07-28 15:19:00,23.7,50.0,769.999999999978,2403.89999999972,105.200000006,137.499999998,0.00713801347,2380.016633824221
SKW-15,SKW-15,2025-07-28 15:19:26,22.3,50.0,769.999999999978,2403.89999999972,105.200000006,137.499999998,0.00713801347,2379.980975682645
SKW-15,SKW-15,2025-07-28 15:20:00,21.6,50.0,770.500000000332,2405.39999999933,105.200000006,137.800000004,0.00815772968,2379.883092764737
SKW-15,SKW-15,2025-07-28 15:21:31,24.7,50.0,774.300000000123,2408.80000000029,105.299999996,136.099999994,0.00713801347,2380.0363707645715
SKW-15,SKW-15,2025-07-28 15:22:00,24.7,50.0,774.300000000123,2408.80000000029,105.299999996,136.099999994,0.00713801347,2380.0363707645715
SKW-15,SKW-15,2025-07-28 15:22:30,26.9,50.0,774.400000000194,2409.30000000064,105.299999996,136.200000002,0.00509858105,2380.0691146564573
SKW-15,SKW-15,2025-07-28 15:23:00,26.9,50.0,773.899999999839,2407.99999999972,105.299999996,135.800000006,0.00815772968,2380.069213853826
SKW-15,SKW-15,2025-07-28 15:25:00,27.5,50.0,770.900000000616,2406.80000000032,105.299999996,136.4,0.00713801347,2380.0763828370136
SKW-15,SKW-15,2025-07-28 15:27:44,23.7,50.0,766.700000000542,2411.30000000061,105.299999996,138.000000002,0.00713801347,2380.0168265056172
SKW-15,SKW-15,2025-07-28 15:28:00,23.7,50.0,766.700000000542,2411.30000000061,105.299999996,138.000000002,0.00713801347,2380.0168265056172
SKW-15,SKW-15,2025-07-28 15:30:50,25.6,50.0,774.200000000052,2411.79999999951,105.299999996,136.900000004,0.00509858105,2380.0510663808013
SKW-15,SKW-15,2025-07-28 15:31:00,25.6,50.0,774.200000000052,2411.79999999951,105.299999996,136.900000004,0.00509858105,2380.0510663808013
SKW-15,SKW-15,2025-07-28 15:34:00,28.0,50.0,770.500000000332,2407.2000000006,105.299999996,137.3,0.00713801347,2380.0816517976764
SKW-15,SKW-15,2025-07-28 15:35:00,28.0,50.0,767.6999999998,2409.79999999955,105.299999996,137.899999994,0.00713801347,2380.081714705288
SKW-15,SKW-15,2025-07-28 15:37:03,23.4,50.0,768.000000000012,2413.10000000043,105.299999996,138.099999992,0.00713801347,2380.009851586749
SKW-15,SKW-15,2025-07-28 15:40:00,27.4,50.0,773.199999999344,2411.89999999958,105.299999996,137.499999998,0.00611829726,2380.074844861243
SKW-15,SKW-15,2025-07-28 15:42:00,27.7,50.0,770.20000000012,2410.90000000032,105.299999996,137.899999994,0.00611829726,2380.0783379198065
SKW-15,SKW-15,2025-07-28 15:43:00,27.8,50.0,768.600000000437,2411.69999999944,105.299999996,138.2,0.00407886484,2380.0794948443704
SKW-15,SKW-15,2025-07-28 15:46:02,23.7,50.0,768.600000000437,2419.40000000054,105.299999996,138.599999996,0.00611829726,2380.016327245079
SKW-15,SKW-15,2025-07-28 15:47:00,23.9,50.0,769.799999999837,2419.89999999945,105.299999996,138.399999998,0.00713801347,2380.020514176737
SKW-15,SKW-15,2025-07-28 15:48:00,23.4,50.0,772.200000000086,2420.49999999987,105.299999996,137.600000006,0.00509858105,2380.009506019798
SKW-15,SKW-15,2025-07-28 15:49:00,24.7,50.0,773.299999999415,2420.49999999987,105.299999996,137.199999992,0.00815772968,2380.0360780536957
SKW-15,SKW-15,2025-07-28 15:51:00,27.5,50.0,771.899999999873,2416.90000000022,105.400000004,136.4,0.00611829726,2380.076296621944
SKW-15,SKW-15,2025-07-28 15:52:00,27.5,50.0,770.600000000403,2417.89999999948,105.400000004,136.999999994,0.00713801347,2380.0762453787447
SKW-15,SKW-15,2025-07-28 15:53:00,27.2,50.0,769.499999999624,2418.19999999969,105.400000004,137.199999992,0.00611829726,2380.072833566103
SKW-15,SKW-15,2025-07-28 15:55:00,26.4,50.0,766.800000000613,2426.3999999997,105.400000004,137.699999996,0.00713801347,2380.0628821722075
SKW-15,SKW-15,2025-07-28 15:57:00,23.9,50.0,769.799999999837,2430.19999999949,105.400000004,138.2,0.00713801347,2380.0205485131987
SKW-15,SKW-15,2025-07-28 15:59:27,27.5,50.0,772.300000000157,2427.30000000034,105.400000004,137.400000008,0.00509858105,2380.076057161437
SKW-15,SKW-15,2025-07-28 16:00:00,27.9,50.0,771.399999999519,2425.99999999942,105.400000004,137.3,0.00713801347,2380.08050960628
SKW-15,SKW-15,2025-07-28 16:02:00,27.5,50.0,766.5000000004,2427.00000000012,105.400000004,138.300000008,0.00713801347,2380.07625090958
SKW-15,SKW-15,2025-07-28 16:03:00,26.4,50.0,766.200000000188,2427.20000000027,105.400000004,138.2,0.00611829726,2380.06281521584
SKW-15,SKW-15,2025-07-28 16:05:00,23.7,50.0,768.90000000065,2426.59999999984,105.400000004,138.399999998,0.00611829726,2380.016321261566
SKW-15,SKW-15,2025-07-28 16:06:00,24.8,50.0,771.199999999378,2424.90000000009,105.400000004,138.300000008,0.00713801347,2380.037691289422
SKW-15,SKW-15,2025-07-28 16:06:19,25.4,50.0,771.199999999378,2424.90000000009,105.400000004,138.300000008,0.00713801347,2380.0477490374665
SKW-15,SKW-15,2025-07-28 16:07:00,26.4,50.0,771.199999999378,2424.90000000009,105.400000004,138.300000008,0.00713801347,2380.062349805438
SKW-15,SKW-15,2025-07-28 16:08:00,27.5,50.0,771.799999999803,2419.00000000026,105.400000004,137.199999992,0.00815772968,2380.076103476665
SKW-15,SKW-15,2025-07-28 16:09:00,27.6,50.0,771.000000000686,2416.2999999998,105.400000004,137.400000008,0.00713801347,2380.077248974299
SKW-15,SKW-15,2025-07-28 16:11:00,24.9,50.0,767.199999999446,2417.60000000072,105.400000004,138.300000008,0.00611829726,2380.039902635033
SKW-15,SKW-15,2025-07-28 16:11:04,23.3,50.0,767.199999999446,2417.60000000072,105.400000004,138.300000008,0.00611829726,2380.0075010468313
SKW-15,SKW-15,2025-07-28 16:13:00,23.9,50.0,770.500000000332,2417.30000000051,105.400000004,137.699999996,0.00611829726,2380.020682743484
SKW-15,SKW-15,2025-07-28 16:15:00,23.2,50.0,772.70000000044,2416.49999999994,105.499999994,137.100000002,0.00611829726,2380.004771338606
SKW-15,SKW-15,2025-07-28 16:17:44,22.3,50.0,772.400000000227,2416.60000000001,105.600000002,136.000000004,0.00815772968,2379.9810959238634
SKW-15,SKW-15,2025-07-28 16:18:00,22.3,50.0,772.400000000227,2416.60000000001,105.600000002,136.000000004,0.00815772968,2379.9810959238634
SKW-15,SKW-15,2025-07-28 16:19:07,24.0,50.0,772.300000000157,2416.60000000001,105.699999992,134.900000006,0.00713801347,2380.023492463898
SKW-15,SKW-15,2025-07-28 16:20:00,24.0,50.0,772.500000000298,2416.70000000008,105.699999992,134.900000006,0.00713801347,2380.023466491248
SKW-15,SKW-15,2025-07-28 16:21:00,23.8,50.0,772.900000000582,2419.30000000047,105.8,134.799999998,0.00611829726,2380.019258830339
SKW-15,SKW-15,2025-07-28 16:22:00,23.6,50.0,773.199999999344,2421.00000000023,105.8,135.100000004,0.00713801347,2380.014721100329
SKW-15,SKW-15,2025-07-28 16:24:00,23.6,50.0,773.399999999485,2422.49999999984,105.900000008,135.300000002,0.00713801347,2380.0145542666414
SKW-15,SKW-15,2025-07-28 16:24:53,22.9,50.0,773.399999999485,2422.49999999984,105.900000008,135.300000002,0.00713801347,2379.9977702548736
SKW-15,SKW-15,2025-07-28 16:25:00,22.9,50.0,773.499999999556,2422.90000000012,105.900000008,135.199999994,0.00611829726,2379.997830674175
SKW-15,SKW-15,2025-07-28 16:26:00,23.2,50.0,773.499999999556,2423.10000000026,105.900000008,135.199999994,0.00815772968,2380.005282753806
SKW-15,SKW-15,2025-07-28 16:27:00,23.4,50.0,773.499999999556,2423.50000000055,105.900000008,135.199999994,0.00611829726,2380.0100670677316
SKW-15,SKW-15,2025-07-28 16:29:00,23.8,50.0,773.599999999627,2424.09999999952,105.999999998,135.100000004,0.00611829726,2380.018940197539
SKW-15,SKW-15,2025-07-28 16:30:01,25.4,50.0,773.599999999627,2424.19999999959,105.999999998,135.699999998,0.00815772968,2380.048083291631
SKW-15,SKW-15,2025-07-28 16:31:00,26.2,50.0,773.599999999627,2423.79999999931,106.100000006,135.800000006,0.00713801347,2380.0598678558863
SKW-15,SKW-15,2025-07-28 16:34:00,28.1,50.0,763.699999999868,2415.30000000054,105.900000008,137.199999992,0.00815772968,2380.0830072999797
SKW-15,SKW-15,2025-07-28 16:35:00,27.8,50.0,761.199999999547,2414.60000000004,105.8,137.699999996,0.00611829726,2380.079961919
SKW-15,SKW-15,2025-07-28 16:37:00,27.2,50.0,756.899999999403,2413.79999999948,105.699999992,138.799999994,0.00509858105,2380.0733356951782
SKW-15,SKW-15,2025-07-28 16:38:06,23.7,50.0,759.199999999581,2414.29999999983,105.699999992,138.900000002,0.00611829726,2380.017299561631
SKW-15,SKW-15,2025-07-28 16:39:00,23.4,50.0,760.800000000715,2414.60000000004,105.699999992,138.999999992,0.00713801347,2380.01028887754
SKW-15,SKW-15,2025-07-28 16:40:00,22.0,50.0,764.200000000222,2414.3999999999,105.699999992,139.1,0.00713801347,2379.971521768856
SKW-15,SKW-15,2025-07-28 16:41:00,20.0,50.0,768.400000000296,2413.99999999962,105.699999992,138.099999992,0.00815772968,2379.9419092160424
SKW-15,SKW-15,2025-07-28 16:42:00,20.3,50.0,771.999999999944,2413.00000000036,105.699999992,136.700000006,0.00815772968,2379.9325826101044
SKW-15,SKW-15,2025-07-28 16:43:00,22.1,50.0,772.200000000086,2411.69999999944,105.8,135.300000002,0.00611829726,2379.975393673607
SKW-15,SKW-15,2025-07-28 16:44:00,24.0,50.0,772.600000000369,2410.60000000011,105.900000008,135.100000004,0.00815772968,2380.023258356583
SKW-15,SKW-15,2025-07-28 16:45:00,24.3,50.0,772.800000000511,2410.2999999999,105.900000008,135.100000004,0.00509858105,2380.0292538656563
SKW-15,SKW-15,2025-07-28 16:46:00,24.4,50.0,772.900000000582,2409.99999999969,105.900000008,134.900000006,0.00509858105,2380.0312268274574
SKW-15,SKW-15,2025-07-28 16:47:00,24.2,50.0,773.100000000723,2409.79999999955,105.999999998,135.199999994,0.00611829726,2380.027164668582
SKW-15,SKW-15,2025-07-28 16:48:36,22.7,50.0,773.399999999485,2409.69999999947,106.100000006,136.099999994,0.00713801347,2379.991929248148
SKW-15,SKW-15,2025-07-28 16:49:00,22.7,50.0,773.399999999485,2409.69999999947,106.100000006,136.099999994,0.00713801347,2379.991929248148
SKW-15,SKW-15,2025-07-28 16:50:00,22.3,50.0,773.299999999415,2409.69999999947,106.100000006,135.600000008,0.00713801347,2379.980847398356
SKW-15,SKW-15,2025-07-28 16:51:00,22.9,50.0,773.199999999344,2409.69999999947,106.100000006,135.300000002,0.00611829726,2379.9977101117515
SKW-15,SKW-15,2025-07-28 16:52:00,23.2,50.0,773.100000000723,2409.69999999947,106.100000006,135.399999992,0.00815772968,2380.0051375749163
SKW-15,SKW-15,2025-07-28 16:54:16,27.7,50.0,773.100000000723,2409.00000000043,106.199999996,135.100000004,0.00917744589,2380.0784795901955
SKW-15,SKW-15,2025-07-28 16:56:00,27.5,50.0,767.599999999729,2405.20000000064,106.100000006,136.900000004,0.00713801347,2380.076301000863
SKW-15,SKW-15,2025-07-28 16:57:00,27.9,50.0,761.399999999689,2404.80000000036,105.999999998,138.099999992,0.00611829726,2380.080882076201
SKW-15,SKW-15,2025-07-28 17:04:00,29.0,51.0,756.100000000287,2415.30000000054,105.600000002,139.899999992,0.00611829726,987.9093506562722
SKW-15,SKW-15,2025-07-28 17:05:00,29.2,51.0,760.899999999335,2417.00000000029,105.600000002,140.199999998,0.00611829726,2194.9145196240534
SKW-15,SKW-15,2025-07-28 17:06:00,29.2,51.0,766.5000000004,2417.99999999955,105.699999992,141.400000004,0.00611829726,2194.235632338412
SKW-15,SKW-15,2025-07-28 17:07:00,29.1,51.0,771.099999999307,2418.90000000019,105.699999992,142.199999996,0.00509858105,982.1866957440662
SKW-15,SKW-15,2025-07-28 17:08:00,29.1,51.0,771.099999999307,2418.90000000019,105.699999992,142.199999996,0.00509858105,982.1866957440662
SKW-15,SKW-15,2025-07-28 17:10:00,29.1,51.0,768.300000000225,2412.29999999987,105.8,142.199999996,0.00713801347,982.2305716078334
SKW-15,SKW-15,2025-07-28 17:11:00,29.0,51.0,763.199999999514,2409.5999999994,105.699999992,141.400000004,0.00917744589,987.6791803609407
SKW-15,SKW-15,2025-07-28 17:12:00,29.1,51.0,760.800000000715,2408.50000000008,105.699999992,142.100000006,0.00713801347,982.3988293574923
SKW-15,SKW-15,2025-07-28 17:15:00,28.9,51.0,757.199999999615,2408.4,105.600000002,141.8,0.00713801347,993.0818875703625
SKW-15,SKW-15,2025-07-28 17:16:00,29.0,51.0,758.799999999298,2408.90000000036,105.600000002,141.600000002,0.00611829726,987.7639529077439
SKW-15,SKW-15,2025-07-28 17:17:00,29.1,51.0,765.099999999409,2410.80000000025,105.600000002,142.199999996,0.00713801347,982.3115095388915
SKW-15,SKW-15,2025-07-28 17:18:00,28.8,51.0,765.099999999409,2410.80000000025,105.600000002,142.199999996,0.00713801347,998.2792934728541
SKW-15,SKW-15,2025-07-28 17:20:00,24.8,51.0,769.999999999978,2413.99999999962,105.699999992,142.199999996,0.00611829726,2380.053103050847
SKW-15,SKW-15,2025-07-28 17:21:46,25.4,51.0,770.300000000191,2413.10000000043,105.900000008,138.300000008,0.00815772968,2380.0625592724364
SKW-15,SKW-15,2025-07-28 17:22:00,25.4,51.0,770.300000000191,2413.10000000043,105.900000008,138.300000008,0.00815772968,2380.0625592724364
SKW-15,SKW-15,2025-07-28 17:23:00,25.4,51.0,770.400000000262,2412.90000000029,105.900000008,138.799999994,0.00713801347,2380.0624323837264
SKW-15,SKW-15,2025-07-28 17:24:00,25.2,51.0,770.500000000332,2413.00000000036,105.900000008,138.300000008,0.00713801347,2380.0598337661077
SKW-15,SKW-15,2025-07-28 17:25:00,24.8,51.0,770.800000000545,2413.10000000043,106.100000006,138.599999996,0.00713801347,2380.053929816818
SKW-15,SKW-15,2025-07-28 17:26:09,24.0,51.0,770.900000000616,2412.60000000008,106.100000006,138.000000002,0.00917744589,2380.04137194645
SKW-15,SKW-15,2025-07-28 17:27:00,23.9,51.0,771.000000000686,2412.19999999979,106.100000006,137.899999994,0.00713801347,2380.0397123780767
SKW-15,SKW-15,2025-07-28 17:28:00,23.4,51.0,770.900000000616,2410.09999999976,106.199999996,137.100000002,0.00611829726,2380.0309224774915
SKW-15,SKW-15,2025-07-28 17:29:00,23.4,51.0,770.800000000545,2409.1000000005,106.199999996,137.100000002,0.00713801347,2380.030915464549
SKW-15,SKW-15,2025-07-28 17:30:00,24.4,51.0,770.800000000545,2407.10000000053,106.199999996,135.899999996,0.00917744589,2380.0485673405897
SKW-15,SKW-15,2025-07-28 17:31:00,24.9,51.0,771.000000000686,2405.20000000064,106.300000004,136.099999994,0.00611829726,2380.0560422610884
SKW-15,SKW-15,2025-07-28 17:33:00,29.0,51.0,770.400000000262,2400.50000000021,106.300000004,136.000000004,0.00713801347,987.8195461582707
SKW-15,SKW-15,2025-07-28 17:34:00,29.3,51.0,767.599999999729,2395.3999999995,106.199999996,136.900000004,0.00611829726,2193.903166256651
SKW-15,SKW-15,2025-07-28 17:37:00,29.2,51.0,750.100000000389,2390.40000000031,105.900000008,138.500000006,0.00509858105,2195.9656271581835
SKW-15,SKW-15,2025-07-28 17:38:00,29.0,51.0,747.700000000139,2390.20000000017,105.900000008,139.800000002,0.00611829726,988.0477059633417
SKW-15,SKW-15,2025-07-28 17:39:00,29.0,51.0,744.799999999536,2390.99999999928,105.8,140.799999992,0.00713801347,988.0478737926892
SKW-15,SKW-15,2025-07-28 17:41:00,28.8,51.0,750.799999999434,2392.30000000021,105.699999992,141.299999996,0.00611829726,998.5157801821679
SKW-15,SKW-15,2025-07-28 17:42:43,21.8,51.0,758.700000000678,2392.10000000006,105.699999992,141.600000002,0.00815772968,2379.995036910869
SKW-15,SKW-15,2025-07-28 17:43:00,21.8,51.0,758.700000000678,2392.10000000006,105.699999992,141.600000002,0.00815772968,2379.995036910869
SKW-15,SKW-15,2025-07-28 17:45:21,25.1,51.0,769.799999999837,2386.40000000038,105.900000008,137.699999996,0.00611829726,2380.0586815152988
SKW-15,SKW-15,2025-07-28 17:48:00,25.1,51.0,770.400000000262,2383.49999999977,106.100000006,137.400000008,0.00611829726,2380.058646243992
SKW-15,SKW-15,2025-07-28 17:49:00,25.2,51.0,770.600000000403,2382.00000000016,106.100000006,138.399999998,0.00611829726,2380.0597479473213
SKW-15,SKW-15,2025-07-28 17:50:00,26.7,51.0,770.600000000403,2380.40000000048,106.100000006,137.400000008,0.00611829726,2380.078461746679
SKW-15,SKW-15,2025-07-28 17:52:00,29.0,51.0,767.199999999446,2372.89999999952,106.100000006,137.699999996,0.00815772968,987.7922036666852
SKW-15,SKW-15,2025-07-28 17:54:00,29.0,51.0,758.100000000253,2372.20000000047,105.999999998,138.799999994,0.00611829726,987.9085542227598
SKW-15,SKW-15,2025-07-28 17:55:00,29.1,51.0,755.29999999972,2373.09999999966,105.900000008,139.899999992,0.00713801347,982.6354294561321
SKW-15,SKW-15,2025-07-28 17:55:19,29.1,51.0,751.800000000142,2374.60000000072,105.900000008,140.9,0.00509858105,982.6500969351958
SKW-15,SKW-15,2025-07-28 17:56:00,29.0,51.0,751.800000000142,2374.60000000072,105.900000008,140.9,0.00509858105,987.9144081239108
SKW-15,SKW-15,2025-07-28 17:58:00,29.1,51.0,750.400000000601,2379.80000000005,105.8,140.399999996,0.00509858105,982.7172346069121
SKW-15,SKW-15,2025-07-28 17:59:00,28.8,51.0,752.999999999542,2388.00000000006,105.699999992,141.600000002,0.00611829726,998.472204146921
SKW-15,SKW-15,2025-07-28 18:00:00,26.6,51.0,754.400000000533,2390.80000000059,105.699999992,141.299999996,0.00713801347,2380.0777406583134
SKW-15,SKW-15,2025-07-28 18:02:47,25.6,51.0,767.799999999871,2400.90000000049,105.8,138.700000004,0.00917744589,2380.065315636555
SKW-15,SKW-15,2025-07-28 18:03:00,25.6,51.0,767.799999999871,2400.90000000049,105.8,138.700000004,0.00917744589,2380.065315636555
SKW-15,SKW-15,2025-07-28 18:04:00,25.5,51.0,769.299999999483,2403.69999999958,105.900000008,139.299999998,0.00815772968,2380.063711887425
SKW-15,SKW-15,2025-07-28 18:05:00,25.6,51.0,769.399999999553,2405.0000000005,105.900000008,138.2,0.00713801347,2380.0653075336204
SKW-15,SKW-15,2025-07-28 18:08:00,25.0,51.0,769.899999999907,2411.40000000068,105.999999998,138.300000008,0.00611829726,2380.0570572561237
SKW-15,SKW-15,2025-07-28 18:09:00,24.6,51.0,769.999999999978,2413.10000000043,106.100000006,138.300000008,0.00815772968,2380.0510685829954
SKW-15,SKW-15,2025-07-28 18:11:00,28.8,51.0,769.699999999766,2411.89999999958,106.199999996,137.400000008,0.00611829726,998.3951416594135
SKW-15,SKW-15,2025-07-28 18:12:00,29.1,51.0,768.100000000083,2407.49999999937,106.100000006,137.800000004,0.00713801347,982.4922074213774
SKW-15,SKW-15,2025-07-28 18:13:00,29.1,51.0,762.70000000061,2405.20000000064,106.100000006,138.799999994,0.00611829726,982.5425257650459
SKW-15,SKW-15,2025-07-28 18:14:43,29.0,51.0,748.200000000493,2407.69999999951,105.8,140.500000004,0.00713801347,988.0031129557684
SKW-15,SKW-15,2025-07-28 18:15:00,29.0,51.0,748.200000000493,2407.69999999951,105.8,140.500000004,0.00713801347,988.0031129557684
SKW-15,SKW-15,2025-07-28 18:17:00,29.0,51.0,742.599999999428,2413.69999999941,105.699999992,141.299999996,0.00713801347,988.0662230348245
SKW-15,SKW-15,2025-07-28 18:18:00,29.0,51.0,741.5000000001,2419.50000000061,105.600000002,140.9,0.00611829726,988.1178228743902
SKW-15,SKW-15,2025-07-28 18:19:00,29.0,51.0,741.60000000017,2422.49999999984,105.600000002,141.099999998,0.00713801347,988.1020004156865
SKW-15,SKW-15,2025-07-28 18:20:00,28.9,51.0,744.100000000491,2428.29999999959,105.499999994,141.000000008,0.00713801347,993.3378465937556
SKW-15,SKW-15,2025-07-28 18:23:00,24.4,51.0,761.900000000043,2441.20000000003,105.600000002,140.599999994,0.00611829726,2380.0482667911137
SKW-15,SKW-15,2025-07-28 18:25:00,24.7,51.0,768.500000000366,2446.89999999971,105.699999992,139.800000002,0.00611829726,2380.052454040253
SKW-15,SKW-15,2025-07-28 18:25:50,24.9,51.0,768.800000000579,2449.60000000018,105.8,138.099999992,0.00713801347,2380.0558270592055
SKW-15,SKW-15,2025-07-28 18:26:00,24.9,51.0,768.800000000579,2449.60000000018,105.8,138.099999992,0.00713801347,2380.0558270592055
SKW-15,SKW-15,2025-07-28 18:27:00,25.1,51.0,769.199999999412,2451.19999999986,105.8,137.800000004,0.00917744589,2380.058697390361
SKW-15,SKW-15,2025-07-28 18:29:00,24.1,51.0,769.499999999624,2447.09999999985,105.900000008,137.800000004,0.00713801347,2380.0433830997454
SKW-15,SKW-15,2025-07-28 18:29:03,24.0,51.0,769.499999999624,2447.09999999985,105.900000008,137.800000004,0.00713801347,2380.041702419277
SKW-15,SKW-15,2025-07-28 18:30:00,23.4,51.0,769.399999999553,2445.19999999996,105.999999998,137.400000008,0.00611829726,2380.031078619738
SKW-15,SKW-15,2025-07-28 18:32:00,22.7,51.0,769.099999999341,2437.10000000002,106.100000006,136.500000008,0.00611829726,2380.017244967489
SKW-15,SKW-15,2025-07-28 18:34:00,28.2,51.0,769.099999999341,2433.4000000003,106.100000006,136.299999992,0.00815772968,1030.8553141823845
SKW-15,SKW-15,2025-07-28 18:35:00,29.2,51.0,768.100000000083,2425.30000000037,106.100000006,135.800000006,0.00611829726,2195.235835126463
SKW-15,SKW-15,2025-07-28 18:40:00,29.0,51.0,745.199999999819,2423.40000000047,105.699999992,139.600000004,0.00713801347,988.1142662555407
SKW-15,SKW-15,2025-07-28 18:41:00,29.0,51.0,745.500000000032,2425.2000000003,105.600000002,140.300000006,0.00611829726,988.0791363083297
SKW-15,SKW-15,2025-07-28 18:42:00,28.8,51.0,749.09999999968,2426.49999999977,105.600000002,140.9,0.00509858105,998.5638157414944
SKW-15,SKW-15,2025-07-28 18:43:00,25.4,51.0,751.49999999993,2426.69999999991,105.600000002,140.599999994,0.00815772968,2380.0636393854916
SKW-15,SKW-15,2025-07-28 18:44:00,22.1,51.0,757.099999999545,2426.09999999949,105.600000002,141.8,0.00611829726,2380.002978086745
SKW-15,SKW-15,2025-07-28 18:45:40,23.9,51.0,768.000000000012,2420.80000000008,105.699999992,137.800000004,0.00713801347,2380.040234916824
SKW-15,SKW-15,2025-07-28 18:46:00,23.9,51.0,768.000000000012,2420.80000000008,105.699999992,137.800000004,0.00713801347,2380.040234916824
SKW-15,SKW-15,2025-07-28 18:46:03,24.2,51.0,768.000000000012,2420.80000000008,105.699999992,137.800000004,0.00713801347,2380.045264935984
SKW-15,SKW-15,2025-07-28 18:47:45,25.2,51.0,768.500000000366,2416.80000000015,105.8,137.100000002,0.00815772968,2380.0603526417967
SKW-15,SKW-15,2025-07-28 18:48:00,25.2,51.0,768.500000000366,2416.80000000015,105.8,137.100000002,0.00815772968,2380.0603526417967
SKW-15,SKW-15,2025-07-28 18:49:00,25.1,51.0,769.099999999341,2414.90000000026,105.900000008,136.700000006,0.00611829726,2380.059019172659
SKW-15,SKW-15,2025-07-28 18:51:00,24.5,51.0,769.599999999695,2411.99999999965,105.999999998,136.900000004,0.00611829726,2380.0500590033575
SKW-15,SKW-15,2025-07-28 18:54:00,28.4,51.0,769.099999999341,2404.60000000021,106.100000006,135.699999998,0.00713801347,1019.970226822201
SKW-15,SKW-15,2025-07-28 18:56:00,29.2,51.0,761.599999999831,2394.9000000006,106.100000006,137.600000006,0.00611829726,2195.300553553478
SKW-15,SKW-15,2025-07-28 18:57:00,29.0,51.0,757.399999999757,2394.50000000031,105.900000008,139.1,0.00611829726,987.910985874719
SKW-15,SKW-15,2025-07-28 18:58:00,29.2,51.0,752.899999999471,2394.40000000024,105.900000008,138.399999998,0.00509858105,2195.793530518769
SKW-15,SKW-15,2025-07-28 19:00:00,29.2,51.0,738.399999999354,2399.4999999995,105.600000002,140.100000008,0.00611829726,2196.4938779282456
SKW-15,SKW-15,2025-07-28 19:01:00,29.0,51.0,738.200000000663,2402.19999999996,105.499999994,140.599999994,0.00713801347,988.1976090423107
SKW-15,SKW-15,2025-07-28 19:03:00,29.2,51.0,741.700000000241,2405.10000000057,105.499999994,141.600000002,0.00713801347,2195.9613779017745
SKW-15,SKW-15,2025-07-28 19:08:00,25.7,51.0,768.400000000296,2415.30000000054,105.8,140.9,0.00713801347,2380.0660235658547
SKW-15,SKW-15,2025-07-28 19:10:00,25.1,51.0,769.099999999341,2415.69999999937,105.900000008,139.400000006,0.00815772968,2380.0582455600197
SKW-15,SKW-15,2025-07-28 19:12:00,24.1,51.0,769.299999999483,2413.30000000057,106.100000006,138.700000004,0.00713801347,2380.0430319780544
SKW-15,SKW-15,2025-07-28 19:13:25,23.1,51.0,769.099999999341,2412.70000000015,106.100000006,137.899999994,0.00815772968,2380.0249827768394
SKW-15,SKW-15,2025-07-28 19:13:33,22.8,51.0,769.099999999341,2412.70000000015,106.100000006,137.899999994,0.00815772968,2380.0187612285304
SKW-15,SKW-15,2025-07-28 19:14:00,22.8,51.0,769.099999999341,2412.70000000015,106.100000006,137.899999994,0.00815772968,2380.0187612285304
SKW-15,SKW-15,2025-07-28 19:15:00,27.3,51.0,768.600000000437,2412.09999999972,106.199999996,137.100000002,0.00611829726,2380.084921585548
SKW-15,SKW-15,2025-07-28 19:16:00,29.0,51.0,768.000000000012,2408.09999999979,106.199999996,136.900000004,0.00713801347,987.8191232967155
SKW-15,SKW-15,2025-07-28 19:17:00,29.3,51.0,763.599999999797,2406.70000000025,106.100000006,137.3,0.00611829726,2194.123819538607
SKW-15,SKW-15,2025-07-28 19:18:00,29.2,51.0,759.199999999581,2407.2000000006,106.100000006,138.799999994,0.00611829726,2195.2091267494607
SKW-15,SKW-15,2025-07-28 19:19:00,29.3,51.0,754.200000000392,2407.79999999958,105.999999998,138.399999998,0.00611829726,2194.5711271015484
SKW-15,SKW-15,2025-07-28 19:21:00,29.1,51.0,735.600000000272,2411.99999999965,105.699999992,139.899999992,0.00713801347,983.0471586938919
SKW-15,SKW-15,2025-07-28 19:23:00,29.1,51.0,730.39999999949,2416.39999999987,105.499999994,141.200000006,0.00509858105,983.0914466098905
SKW-15,SKW-15,2025-07-28 19:25:00,29.1,51.0,740.899999999675,2421.50000000058,105.400000004,141.699999992,0.00611829726,982.8539557530796
SKW-15,SKW-15,2025-07-28 19:26:00,29.1,51.0,740.899999999675,2421.50000000058,105.400000004,141.699999992,0.00611829726,982.8539557530796
SKW-15,SKW-15,2025-07-28 19:27:00,28.2,51.0,752.400000000567,2423.70000000069,105.499999994,141.400000004,0.00713801347,1030.8572722135355
SKW-15,SKW-15,2025-07-28 19:28:00,25.9,51.0,761.299999999618,2424.59999999987,105.600000002,141.499999994,0.00713801347,2380.069022037251
SKW-15,SKW-15,2025-07-28 19:30:00,25.6,51.0,768.100000000083,2423.99999999945,105.699999992,140.599999994,0.00713801347,2380.0648613588023
SKW-15,SKW-15,2025-07-28 19:31:00,25.5,51.0,768.300000000225,2423.60000000062,105.8,141.099999998,0.00509858105,2380.063397767261
SKW-15,SKW-15,2025-07-28 19:32:00,24.8,51.0,768.600000000437,2421.60000000065,105.900000008,140.300000006,0.00611829726,2380.0537243200474
SKW-15,SKW-15,2025-07-28 19:32:38,24.8,51.0,768.700000000508,2421.1000000003,105.900000008,138.799999994,0.00611829726,2380.0541521632285
SKW-15,SKW-15,2025-07-28 19:34:01,23.5,51.0,768.600000000437,2421.30000000044,105.900000008,138.700000004,0.00713801347,2380.0325971786856
SKW-15,SKW-15,2025-07-28 19:35:44,22.7,51.0,768.100000000083,2422.19999999962,105.999999998,137.899999994,0.00713801347,2380.0168127660077
SKW-15,SKW-15,2025-07-28 19:36:00,22.7,51.0,768.100000000083,2422.19999999962,105.999999998,137.899999994,0.00713801347,2380.0168127660077
SKW-15,SKW-15,2025-07-28 19:38:00,26.3,51.0,767.899999999941,2421.30000000044,106.100000006,135.899999996,0.00815772968,2380.0744669780615
SKW-15,SKW-15,2025-07-28 19:39:00,29.1,51.0,766.300000000259,2415.40000000061,106.100000006,136.900000004,0.00509858105,982.5922149170242
SKW-15,SKW-15,2025-07-28 19:40:00,29.2,51.0,759.099999999511,2413.40000000064,105.900000008,138.399999998,0.00611829726,2195.3525949767127
SKW-15,SKW-15,2025-07-28 19:42:32,29.1,51.0,736.699999999601,2413.99999999962,105.600000002,140.199999998,0.00815772968,983.0106547911631
SKW-15,SKW-15,2025-07-28 19:43:00,29.1,51.0,736.699999999601,2413.99999999962,105.600000002,140.199999998,0.00815772968,983.0106547911631
SKW-15,SKW-15,2025-07-28 19:44:00,29.2,51.0,732.599999999598,2414.19999999976,105.400000004,140.100000008,0.00611829726,2196.9402338599616
SKW-15,SKW-15,2025-07-28 19:46:00,28.9,51.0,733.800000000448,2413.99999999962,105.299999996,140.700000002,0.00611829726,993.5301174177807
SKW-15,SKW-15,2025-07-28 19:47:00,29.1,51.0,738.599999999496,2413.99999999962,105.299999996,141.400000004,0.00815772968,982.9198366545155
SKW-15,SKW-15,2025-07-28 19:48:00,29.1,51.0,745.099999999748,2413.59999999934,105.299999996,141.900000008,0.00611829726,982.7639876078699
SKW-15,SKW-15,2025-07-28 19:50:00,26.6,51.0,761.49999999976,2412.39999999994,105.499999994,141.299999996,0.00509858105,2380.0773133837456
SKW-15,SKW-15,2025-07-28 19:51:00,25.7,51.0,765.499999999692,2411.69999999944,105.499999994,141.699999992,0.00815772968,2380.0661338649365
SKW-15,SKW-15,2025-07-28 19:53:00,25.0,51.0,767.799999999871,2407.49999999937,105.699999992,140.399999996,0.00611829726,2380.0567556944543
SKW-15,SKW-15,2025-07-28 19:54:00,24.5,51.0,768.000000000012,2406.29999999997,105.699999992,140.300000006,0.00611829726,2380.04928443641
SKW-15,SKW-15,2025-07-28 19:55:00,24.2,51.0,768.200000000154,2404.19999999993,105.8,139.699999994,0.00713801347,2380.0445940259806
SKW-15,SKW-15,2025-07-28 19:55:12,23.8,51.0,768.200000000154,2404.19999999993,105.8,139.699999994,0.00713801347,2380.037775047453
SKW-15,SKW-15,2025-07-28 19:59:35,26.0,51.0,767.6999999998,2401.99999999982,105.900000008,136.299999992,0.00815772968,2380.0709010929627
SKW-15,SKW-15,2025-07-28 20:00:00,26.0,51.0,767.6999999998,2401.99999999982,105.900000008,136.299999992,0.00815772968,2380.0709010929627
SKW-15,SKW-15,2025-07-28 20:01:00,26.4,51.0,767.599999999729,2401.69999999961,105.999999998,135.399999992,0.00611829726,2380.07579491576
SKW-15,SKW-15,2025-07-28 20:02:00,29.2,51.0,765.599999999763,2398.50000000025,105.999999998,135.800000006,0.00713801347,2195.4238798656042
SKW-15,SKW-15,2025-07-28 20:03:00,29.4,51.0,758.400000000465,2398.70000000039,105.900000008,137.400000008,0.00611829726,2193.4075882124116
SKW-15,SKW-15,2025-07-28 20:04:00,29.2,51.0,749.199999999751,2400.09999999993,105.699999992,138.000000002,0.00611829726,2196.173357367624
SKW-15,SKW-15,2025-07-28 20:09:00,28.4,51.0,745.900000000315,2411.40000000068,105.400000004,140.700000002,0.00713801347,1020.0226079149933
SKW-15,SKW-15,2025-07-28 20:10:00,25.1,51.0,752.000000000284,2414.49999999997,105.400000004,141.200000006,0.00713801347,2380.0594467036676
SKW-15,SKW-15,2025-07-28 20:10:13,23.3,51.0,752.000000000284,2414.49999999997,105.400000004,141.200000006,0.00713801347,2380.0301017339602
SKW-15,SKW-15,2025-07-28 20:11:47,21.5,51.0,765.499999999692,2416.19999999973,105.600000002,139.299999998,0.00713801347,2379.926455572445
SKW-15,SKW-15,2025-07-28 20:12:00,21.5,51.0,765.499999999692,2416.19999999973,105.600000002,139.299999998,0.00713801347,2379.926455572445
SKW-15,SKW-15,2025-07-28 20:13:53,26.1,51.0,767.399999999587,2412.70000000015,105.8,136.999999994,0.00611829726,2380.0720100372546
SKW-15,SKW-15,2025-07-28 20:14:00,26.1,51.0,767.399999999587,2412.70000000015,105.8,136.999999994,0.00611829726,2380.0720100372546
SKW-15,SKW-15,2025-07-28 20:16:00,28.8,51.0,767.499999999658,2409.89999999962,105.8,138.300000008,0.00611829726,998.4072239196236
SKW-15,SKW-15,2025-07-28 20:17:00,29.0,51.0,767.199999999446,2407.99999999972,105.8,137.499999998,0.00611829726,987.8291587810999
SKW-15,SKW-15,2025-07-28 20:18:00,29.2,51.0,764.400000000363,2405.4999999994,105.8,138.300000008,0.00611829726,2195.030157002725
SKW-15,SKW-15,2025-07-28 20:21:00,28.9,51.0,750.000000000318,2413.30000000057,105.600000002,139.699999994,0.00713801347,993.3020888943104
SKW-15,SKW-15,2025-07-28 20:22:00,28.8,51.0,750.200000000459,2415.1000000004,105.600000002,140.199999998,0.00509858105,998.5785989208695
SKW-15,SKW-15,2025-07-28 20:26:00,25.6,51.0,760.500000000502,2433.4000000003,105.600000002,141.099999998,0.00713801347,2380.065390809154
SKW-15,SKW-15,2025-07-28 20:27:00,26.1,51.0,762.300000000326,2434.49999999963,105.600000002,140.100000008,0.00815772968,2380.0716999824244
SKW-15,SKW-15,2025-07-28 20:28:00,26.2,51.0,764.400000000363,2435.20000000013,105.600000002,139.400000006,0.00815772968,2380.0728917600395
SKW-15,SKW-15,2025-07-28 20:29:00,27.2,51.0,766.800000000613,2436.99999999995,105.699999992,139.499999996,0.00917744589,2380.0836332941903
SKW-15,SKW-15,2025-07-28 20:31:00,26.5,51.0,767.199999999446,2438.00000000066,105.699999992,139.1,0.00815772968,2380.0761867264628
SKW-15,SKW-15,2025-07-28 20:32:00,27.0,51.0,767.199999999446,2437.90000000059,105.8,140.100000008,0.00611829726,2380.0814184925252
SKW-15,SKW-15,2025-07-28 20:33:00,28.5,51.0,767.199999999446,2437.10000000002,105.8,140.100000008,0.00815772968,1014.4828407902895
SKW-15,SKW-15,2025-07-28 20:34:00,29.1,51.0,765.699999999834,2431.99999999931,105.8,140.300000006,0.00611829726,982.4083975887808
SKW-15,SKW-15,2025-07-28 20:34:07,29.1,51.0,763.199999999514,2429.90000000073,105.699999992,138.900000002,0.00611829726,982.5555453628343
SKW-15,SKW-15,2025-07-28 20:34:37,29.1,51.0,759.099999999511,2428.59999999981,105.699999992,140.500000004,0.00713801347,982.534952762777
SKW-15,SKW-15,2025-07-28 20:35:00,29.1,51.0,759.099999999511,2428.59999999981,105.699999992,140.500000004,0.00713801347,982.534952762777
SKW-15,SKW-15,2025-07-28 20:36:00,28.8,51.0,754.100000000321,2427.50000000048,105.600000002,140.799999992,0.00917744589,998.489812220439
SKW-15,SKW-15,2025-07-28 20:37:00,29.0,51.0,739.299999999992,2427.10000000019,105.400000004,140.799999992,0.00713801347,988.1732118061673
SKW-15,SKW-15,2025-07-28 20:38:00,29.0,51.0,736.200000000697,2427.20000000027,105.299999996,141.000000008,0.00713801347,988.2242960248142
SKW-15,SKW-15,2025-07-28 20:39:00,29.0,51.0,732.299999999386,2428.09999999945,105.200000006,139.600000004,0.00611829726,988.3808212137272
SKW-15,SKW-15,2025-07-28 20:40:00,29.1,51.0,731.099999999986,2430.69999999984,105.099999998,140.599999994,0.00611829726,983.1402166363879
SKW-15,SKW-15,2025-07-28 20:45:00,26.2,51.0,745.500000000032,2440.19999999932,105.099999998,140.9,0.00917744589,2380.0740742747057
SKW-15,SKW-15,2025-07-28 20:46:00,25.4,51.0,751.399999999859,2441.80000000045,105.099999998,140.500000004,0.00713801347,2380.063838934315
SKW-15,SKW-15,2025-07-28 20:47:00,25.3,51.0,754.200000000392,2442.4999999995,105.099999998,140.599999994,0.00815772968,2380.062230991599
SKW-15,SKW-15,2025-07-28 20:48:00,25.5,51.0,761.599999999831,2443.09999999992,105.200000006,140.100000008,0.00713801347,2380.064373927504
SKW-15,SKW-15,2025-07-28 20:48:02,25.5,51.0,763.699999999868,2442.99999999985,105.200000006,138.599999996,0.00713801347,2380.064585378841
SKW-15,SKW-15,2025-07-28 20:50:00,25.9,51.0,766.300000000259,2441.50000000024,105.200000006,138.900000002,0.00815772968,2380.0693623122256
SKW-15,SKW-15,2025-07-28 20:55:00,28.8,51.0,744.400000000703,2427.89999999931,104.9,139.400000006,0.00713801347,998.7234024026928
SKW-15,SKW-15,2025-07-28 20:56:00,28.9,51.0,744.400000000703,2427.89999999931,104.9,139.400000006,0.00713801347,993.4464030264445
SKW-15,SKW-15,2025-07-28 20:56:02,28.9,51.0,740.799999999604,2427.89999999931,104.9,140.100000008,0.00713801347,993.4691397767887
SKW-15,SKW-15,2025-07-28 20:57:00,28.8,51.0,740.799999999604,2427.89999999931,104.9,140.100000008,0.00713801347,998.7430932025632
SKW-15,SKW-15,2025-07-28 20:58:00,28.9,51.0,741.60000000017,2428.90000000002,104.799999992,139.699999994,0.00611829726,993.4843141522749
SKW-15,SKW-15,2025-07-28 21:01:00,24.4,51.0,752.699999999329,2432.3999999996,104.799999992,140.300000006,0.00917744589,2380.049518134134
SKW-15,SKW-15,2025-07-28 21:01:41,23.6,51.0,755.399999999791,2432.49999999967,104.799999992,140.300000006,0.00713801347,2380.0358573829603
SKW-15,SKW-15,2025-07-28 21:02:00,23.6,51.0,755.399999999791,2432.49999999967,104.799999992,140.300000006,0.00713801347,2380.0358573829603
SKW-15,SKW-15,2025-07-28 21:02:19,24.1,51.0,758.300000000395,2432.89999999995,104.799999992,138.799999994,0.00815772968,2380.0446379447817
SKW-15,SKW-15,2025-07-28 21:03:00,24.0,51.0,760.999999999406,2433.30000000023,104.799999992,138.900000002,0.00611829726,2380.0426931033408
SKW-15,SKW-15,2025-07-28 21:05:00,24.7,51.0,764.700000000576,2434.99999999999,104.9,136.799999996,0.00815772968,2380.0539419837096
SKW-15,SKW-15,2025-07-28 21:11:26,27.3,51.0,765.099999999409,2434.5999999997,105.200000006,134.900000006,0.00713801347,2380.0857945486914
SKW-15,SKW-15,2025-07-28 21:12:00,28.2,51.0,765.099999999409,2434.5999999997,105.200000006,134.900000006,0.00713801347,1030.8623718732329
SKW-15,SKW-15,2025-07-28 21:14:00,29.2,51.0,758.300000000395,2424.69999999995,105.200000006,137.100000002,0.00713801347,2195.8516195762154
SKW-15,SKW-15,2025-07-28 21:16:00,29.0,51.0,746.100000000457,2422.19999999962,104.9,138.2,0.00815772968,988.2252689757698
SKW-15,SKW-15,2025-07-28 21:18:00,28.9,51.0,739.400000000063,2421.89999999941,104.700000002,138.799999994,0.00713801347,993.5663090211411
SKW-15,SKW-15,2025-07-28 21:19:00,29.0,51.0,739.800000000346,2422.09999999955,104.700000002,138.999999992,0.00713801347,988.3095713013439
SKW-15,SKW-15,2025-07-28 21:20:00,29.1,51.0,742.79999999957,2422.49999999984,104.700000002,139.899999992,0.00611829726,982.9786389155162
SKW-15,SKW-15,2025-07-28 21:20:01,29.1,51.0,745.099999999748,2422.69999999998,104.700000002,140.100000008,0.00611829726,982.9200519200791
SKW-15,SKW-15,2025-07-28 21:21:00,28.8,51.0,745.099999999748,2422.69999999998,104.700000002,140.100000008,0.00611829726,998.6961158964293
SKW-15,SKW-15,2025-07-28 21:23:00,21.5,51.0,759.099999999511,2422.39999999977,104.700000002,139.699999994,0.00713801347,2379.9282633044268
SKW-15,SKW-15,2025-07-28 21:24:00,22.6,51.0,762.300000000326,2421.99999999948,104.700000002,139.1,0.00611829726,2380.015590873128
SKW-15,SKW-15,2025-07-28 21:24:34,24.2,51.0,763.900000000009,2420.90000000015,104.799999992,136.900000004,0.00713801347,2380.0463114660997
SKW-15,SKW-15,2025-07-28 21:25:00,24.2,51.0,763.900000000009,2420.90000000015,104.799999992,136.900000004,0.00713801347,2380.0463114660997
SKW-15,SKW-15,2025-07-28 21:25:47,25.3,51.0,764.00000000008,2420.29999999973,104.9,137.3,0.00815772968,2380.0623280214463
SKW-15,SKW-15,2025-07-28 21:26:00,25.3,51.0,764.00000000008,2420.29999999973,104.9,137.3,0.00815772968,2380.0623280214463
SKW-15,SKW-15,2025-07-28 21:28:00,25.3,51.0,765.19999999948,2421.99999999948,105.099999998,135.699999998,0.00713801347,2380.0625995645205
SKW-15,SKW-15,2025-07-28 21:30:00,26.6,51.0,765.29999999955,2425.2000000003,105.099999998,136.500000008,0.00917744589,2380.0781479858992
SKW-15,SKW-15,2025-07-28 21:31:00,28.8,51.0,764.500000000434,2424.59999999987,105.099999998,137.699999996,0.00713801347,998.5081783656536
SKW-15,SKW-15,2025-07-28 21:32:00,29.0,51.0,763.499999999726,2423.70000000069,105.099999998,137.600000006,0.00713801347,987.9342570264978
SKW-15,SKW-15,2025-07-28 21:34:00,28.8,51.0,750.599999999292,2425.30000000037,104.9,137.3,0.00509858105,998.7318475963127
SKW-15,SKW-15,2025-07-28 21:35:00,29.0,51.0,747.199999999785,2426.49999999977,104.9,138.399999998,0.00611829726,988.2000821175816
SKW-15,SKW-15,2025-07-28 21:35:40,28.9,51.0,741.60000000017,2430.19999999949,104.700000002,140.100000008,0.00611829726,993.4704391737015
SKW-15,SKW-15,2025-07-28 21:36:00,28.9,51.0,741.60000000017,2430.19999999949,104.700000002,140.100000008,0.00611829726,993.4704391737015
SKW-15,SKW-15,2025-07-28 21:37:00,29.0,51.0,741.199999999887,2431.90000000069,104.700000002,140.100000008,0.00713801347,988.2235176439514
SKW-15,SKW-15,2025-07-28 21:39:00,28.8,51.0,744.799999999536,2437.60000000038,104.599999994,139.400000006,0.00917744589,998.7284790375464
SKW-15,SKW-15,2025-07-28 21:40:00,28.9,51.0,746.499999999289,2438.69999999971,104.599999994,140.199999998,0.00611829726,993.3934686917054
SKW-15,SKW-15,2025-07-28 21:41:00,25.4,51.0,754.00000000025,2442.00000000059,104.599999994,140.199999998,0.00713801347,2380.063850503024
SKW-15,SKW-15,2025-07-28 21:42:31,25.4,51.0,763.399999999655,2443.30000000006,104.700000002,138.799999994,0.00611829726,2380.0634074163513
SKW-15,SKW-15,2025-07-28 21:44:00,25.5,51.0,764.00000000008,2444.29999999932,104.799999992,138.300000008,0.00815772968,2380.064744572906
SKW-15,SKW-15,2025-07-28 21:45:00,25.7,51.0,764.200000000222,2446.29999999929,104.9,138.099999992,0.00713801347,2380.067329137692
SKW-15,SKW-15,2025-07-28 21:46:00,25.6,51.0,764.500000000434,2448.69999999954,104.9,137.899999994,0.00815772968,2380.0660690065574
SKW-15,SKW-15,2025-07-28 21:47:00,25.4,51.0,764.700000000576,2451.09999999979,105.000000008,137.800000004,0.00611829726,2380.0634671260577
SKW-15,SKW-15,2025-07-28 21:50:00,25.0,51.0,764.900000000717,2454.99999999965,105.099999998,136.700000006,0.00713801347,2380.0582350540913
SKW-15,SKW-15,2025-07-28 21:50:39,23.1,51.0,764.900000000717,2455.60000000007,105.200000006,136.799999996,0.00713801347,2380.026383241258
SKW-15,SKW-15,2025-07-28 21:51:00,23.1,51.0,764.900000000717,2455.60000000007,105.200000006,136.799999996,0.00713801347,2380.026383241258
SKW-15,SKW-15,2025-07-28 21:51:43,25.9,51.0,764.700000000576,2455.70000000014,105.200000006,136.599999998,0.00611829726,2380.0700667226815
SKW-15,SKW-15,2025-07-28 21:52:00,25.9,51.0,764.700000000576,2455.70000000014,105.200000006,136.599999998,0.00611829726,2380.0700667226815
SKW-15,SKW-15,2025-07-28 21:54:00,29.0,51.0,763.299999999584,2451.70000000021,105.200000006,135.800000006,0.00713801347,988.0323845724184
SKW-15,SKW-15,2025-07-28 21:55:00,28.9,51.0,758.000000000182,2452.30000000064,105.099999998,137.400000008,0.00815772968,993.3143753291802
SKW-15,SKW-15,2025-07-28 21:56:00,29.0,51.0,753.599999999967,2452.30000000064,105.099999998,137.800000004,0.00815772968,988.0995349790678
SKW-15,SKW-15,2025-07-28 21:57:00,29.0,51.0,744.300000000632,2451.70000000021,104.9,138.500000006,0.00611829726,988.2465779043474
SKW-15,SKW-15,2025-07-28 21:58:00,28.9,51.0,740.499999999391,2450.89999999964,104.9,137.600000006,0.00713801347,993.596082093582
SKW-15,SKW-15,2025-07-28 21:59:00,28.9,51.0,735.400000000131,2448.89999999968,104.700000002,138.799999994,0.00713801347,993.6292814240406
SKW-15,SKW-15,2025-07-28 22:00:00,29.0,51.0,736.100000000626,2448.10000000056,104.700000002,139.800000002,0.00611829726,988.3342743439929
SKW-15,SKW-15,2025-07-28 22:00:07,29.0,51.0,739.600000000204,2446.69999999957,104.599999994,140.199999998,0.00815772968,988.2503218632907
SKW-15,SKW-15,2025-07-28 22:01:00,28.9,51.0,739.600000000204,2446.69999999957,104.599999994,140.199999998,0.00815772968,993.4979330880149
SKW-15,SKW-15,2025-07-28 22:03:00,24.7,51.0,751.49999999993,2444.39999999939,104.700000002,141.299999996,0.00815772968,2380.0539418466956
SKW-15,SKW-15,2025-07-28 22:03:08,22.0,51.0,751.49999999993,2444.39999999939,104.700000002,141.299999996,0.00815772968,2380.0020890261017
SKW-15,SKW-15,2025-07-28 22:04:00,22.0,51.0,754.899999999437,2443.50000000021,104.700000002,140.100000008,0.00713801347,2380.002163658765
SKW-15,SKW-15,2025-07-28 22:04:40,24.4,51.0,762.100000000185,2441.20000000003,104.700000002,139.499999996,0.00713801347,2380.048897479239
SKW-15,SKW-15,2025-07-28 22:05:00,24.4,51.0,762.100000000185,2441.20000000003,104.700000002,139.499999996,0.00713801347,2380.048897479239
SKW-15,SKW-15,2025-07-28 22:05:47,25.5,51.0,763.799999999938,2437.2000000001,104.9,137.499999998,0.00917744589,2380.064923122025
SKW-15,SKW-15,2025-07-28 22:06:00,25.5,51.0,763.799999999938,2437.2000000001,104.9,137.499999998,0.00917744589,2380.064923122025
SKW-15,SKW-15,2025-07-28 22:07:00,25.5,51.0,764.200000000222,2436.39999999953,104.9,137.600000006,0.00815772968,2380.064877492352
SKW-15,SKW-15,2025-07-28 22:10:00,24.5,51.0,764.900000000717,2433.50000000038,105.099999998,137.100000002,0.00713801347,2380.0507629533035
SKW-15,SKW-15,2025-07-28 22:11:50,22.9,51.0,764.700000000576,2431.70000000055,105.200000006,135.899999996,0.00611829726,2380.022746008609
SKW-15,SKW-15,2025-07-28 22:12:00,22.9,51.0,764.700000000576,2431.70000000055,105.200000006,135.899999996,0.00611829726,2380.022746008609
SKW-15,SKW-15,2025-07-28 22:14:11,24.1,51.0,764.700000000576,2430.89999999998,105.299999996,135.100000004,0.00713801347,2380.0449923225287
SKW-15,SKW-15,2025-07-28 22:14:37,25.5,51.0,764.600000000505,2430.29999999956,105.299999996,134.299999994,0.0101971621,2380.0655410698414
SKW-15,SKW-15,2025-07-28 22:15:00,25.5,51.0,764.600000000505,2430.29999999956,105.299999996,134.299999994,0.0101971621,2380.0655410698414
SKW-15,SKW-15,2025-07-28 22:16:00,29.1,51.0,764.700000000576,2428.09999999945,105.299999996,134.6,0.00611829726,982.8243785824305
SKW-15,SKW-15,2025-07-28 22:18:00,29.2,51.0,760.600000000573,2422.69999999998,105.299999996,135.699999998,0.00713801347,2195.9670029507133
SKW-15,SKW-15,2025-07-28 22:19:00,29.2,51.0,753.700000000037,2420.19999999966,105.200000006,137.3,0.00713801347,2196.126358034609
SKW-15,SKW-15,2025-07-28 22:20:00,29.2,51.0,747.700000000139,2419.10000000033,105.099999998,138.999999992,0.00611829726,2196.2130844794497
SKW-15,SKW-15,2025-07-28 22:21:00,29.1,51.0,745.800000000244,2418.09999999962,105.000000008,139.499999996,0.00611829726,982.9214771225323
SKW-15,SKW-15,2025-07-28 22:23:00,29.0,51.0,749.900000000247,2417.20000000044,104.9,140.100000008,0.00611829726,988.0565858199549
SKW-15,SKW-15,2025-07-28 22:25:00,24.6,51.0,760.999999999406,2415.99999999959,105.000000008,140.399999996,0.00611829726,2380.0517277959957
SKW-15,SKW-15,2025-07-28 22:29:00,25.1,51.0,764.00000000008,2409.1000000005,105.200000006,136.599999998,0.00815772968,2380.0596938004733
SKW-15,SKW-15,2025-07-28 22:30:00,25.2,51.0,764.400000000363,2406.60000000018,105.299999996,135.800000006,0.00917744589,2380.0612028075357
SKW-15,SKW-15,2025-07-28 22:32:00,24.3,51.0,765.19999999948,2403.59999999951,105.499999994,136.500000008,0.0101971621,2380.0476007292864
SKW-15,SKW-15,2025-07-28 22:32:31,24.0,51.0,765.19999999948,2402.19999999996,105.499999994,135.399999992,0.00815772968,2380.0430956764767
SKW-15,SKW-15,2025-07-28 22:33:00,24.0,51.0,765.19999999948,2402.19999999996,105.499999994,135.399999992,0.00815772968,2380.0430956764767
SKW-15,SKW-15,2025-07-28 22:33:33,25.0,51.0,765.099999999409,2401.49999999947,105.600000002,135.399999992,0.00611829726,2380.0584294540045
SKW-15,SKW-15,2025-07-28 22:34:00,25.0,51.0,765.099999999409,2400.80000000042,105.600000002,136.000000004,0.00713801347,2380.0582490818856
SKW-15,SKW-15,2025-07-28 22:36:00,27.6,51.0,765.699999999834,2400.80000000042,105.699999992,136.200000002,0.00713801347,2380.088316886011
SKW-15,SKW-15,2025-07-28 22:38:00,28.4,51.0,765.699999999834,2402.90000000046,105.699999992,138.599999996,0.00815772968,1019.948222236641
SKW-15,SKW-15,2025-07-28 22:40:00,29.1,51.0,765.399999999621,2403.69999999958,105.699999992,138.999999992,0.00611829726,982.5043168987265
SKW-15,SKW-15,2025-07-28 22:41:38,29.2,51.0,758.400000000465,2397.69999999968,105.600000002,140.9,0.00713801347,2194.926798338276
SKW-15,SKW-15,2025-07-28 22:43:00,29.2,51.0,750.699999999363,2397.69999999968,105.400000004,141.099999998,0.00713801347,2195.4704581312863
SKW-15,SKW-15,2025-07-28 22:44:00,29.1,51.0,747.399999999927,2398.90000000053,105.400000004,140.9,0.00611829726,982.7727340872384
SKW-15,SKW-15,2025-07-28 22:45:00,29.2,51.0,745.500000000032,2399.69999999964,105.400000004,141.099999998,0.00611829726,2195.8416810707927
SKW-15,SKW-15,2025-07-28 22:46:00,29.1,51.0,744.699999999465,2403.89999999972,105.299999996,141.8,0.00611829726,982.7783304425014
SKW-15,SKW-15,2025-07-28 22:48:00,26.4,51.0,753.499999999896,2410.09999999976,105.299999996,141.600000002,0.00815772968,2380.0755877053475
SKW-15,SKW-15,2025-07-28 22:50:00,21.8,51.0,763.299999999584,2411.89999999958,105.299999996,140.799999992,0.00713801347,2379.994949597065
SKW-15,SKW-15,2025-07-28 22:51:00,21.7,51.0,764.700000000576,2410.60000000011,105.400000004,139.800000002,0.00815772968,2379.9924724764724
SKW-15,SKW-15,2025-07-28 22:51:06,21.7,51.0,764.700000000576,2409.5999999994,105.499999994,138.2,0.00815772968,2379.9932593617295
SKW-15,SKW-15,2025-07-28 22:51:13,24.0,51.0,764.700000000576,2409.5999999994,105.499999994,138.2,0.00815772968,2380.0422241818464
SKW-15,SKW-15,2025-07-28 22:52:00,24.6,51.0,764.800000000647,2408.70000000022,105.600000002,138.300000008,0.0101971621,2380.0517175906048
SKW-15,SKW-15,2025-07-28 22:54:00,24.8,51.0,765.29999999955,2407.10000000053,105.699999992,136.4,0.00815772968,2380.055201539587
SKW-15,SKW-15,2025-07-28 22:56:00,24.5,51.0,765.499999999692,2407.79999999958,105.8,136.099999994,0.00713801347,2380.0507591463934
SKW-15,SKW-15,2025-07-28 22:56:34,25.4,51.0,765.499999999692,2409.00000000043,105.8,136.900000004,0.00917744589,2380.0633504198495
SKW-15,SKW-15,2025-07-28 22:57:00,25.4,51.0,765.499999999692,2409.00000000043,105.8,136.900000004,0.00917744589,2380.0633504198495
SKW-15,SKW-15,2025-07-28 22:59:00,26.6,51.0,765.799999999905,2409.5999999994,105.900000008,137.100000002,0.00815772968,2380.077790910682
SKW-15,SKW-15,2025-07-28 23:02:00,27.6,51.0,765.499999999692,2411.79999999951,105.900000008,137.3,0.00611829726,2380.0880872639873
SKW-15,SKW-15,2025-07-28 23:03:00,28.9,51.0,765.499999999692,2413.00000000036,105.900000008,137.800000004,0.00713801347,993.1301999489298
SKW-15,SKW-15,2025-07-28 23:04:00,29.2,51.0,764.700000000576,2411.99999999965,105.900000008,138.700000004,0.00611829726,2194.897464124879
SKW-15,SKW-15,2025-07-28 23:05:00,29.3,51.0,760.800000000715,2409.1000000005,105.8,139.200000008,0.00509858105,2193.9942382206536
SKW-15,SKW-15,2025-07-28 23:06:00,29.1,51.0,752.000000000284,2407.00000000046,105.699999992,139.200000008,0.00713801347,982.7609405956056
SKW-15,SKW-15,2025-07-28 23:06:04,29.0,51.0,746.100000000457,2405.99999999975,105.600000002,140.399999996,0.00713801347,988.0598409585465
SKW-15,SKW-15,2025-07-28 23:07:00,29.1,51.0,746.100000000457,2405.99999999975,105.600000002,140.399999996,0.00713801347,982.8124310316343
SKW-15,SKW-15,2025-07-28 23:08:00,29.0,51.0,736.299999999318,2405.30000000071,105.400000004,140.799999992,0.00713801347,988.2271131399247
SKW-15,SKW-15,2025-07-28 23:10:00,29.1,51.0,730.699999999703,2404.19999999993,105.299999996,141.099999998,0.00611829726,983.1029221110483
SKW-15,SKW-15,2025-07-28 23:11:00,29.1,51.0,733.600000000306,2404.50000000014,105.200000006,141.499999994,0.00713801347,983.0243255086118
SKW-15,SKW-15,2025-07-28 23:12:00,29.0,51.0,736.100000000626,2404.70000000028,105.200000006,142.199999996,0.00713801347,988.1658627117574
SKW-15,SKW-15,2025-07-28 23:14:00,24.7,51.0,750.200000000459,2406.50000000011,105.299999996,142.500000002,0.00713801347,2380.053523849619
SKW-15,SKW-15,2025-07-28 23:15:00,24.4,51.0,758.600000000607,2406.80000000032,105.400000004,141.200000006,0.00713801347,2380.048468289488
SKW-15,SKW-15,2025-07-28 23:16:00,24.7,51.0,764.700000000576,2407.49999999937,105.499999994,140.399999996,0.00713801347,2380.0526940946766
SKW-15,SKW-15,2025-07-28 23:17:37,24.6,51.0,764.999999999338,2409.99999999969,105.600000002,138.399999998,0.00713801347,2380.051714205616
SKW-15,SKW-15,2025-07-28 23:18:00,24.6,51.0,764.999999999338,2409.99999999969,105.600000002,138.399999998,0.00713801347,2380.051714205616
SKW-15,SKW-15,2025-07-28 23:21:49,21.9,51.0,765.19999999948,2411.10000000047,105.8,136.599999998,0.00815772968,2379.9990627572824
SKW-15,SKW-15,2025-07-28 23:22:00,21.9,51.0,765.19999999948,2411.10000000047,105.8,136.599999998,0.00815772968,2379.9990627572824
SKW-15,SKW-15,2025-07-28 23:23:47,25.2,51.0,765.19999999948,2411.30000000061,105.8,135.800000006,0.00713801347,2380.0610041039413
SKW-15,SKW-15,2025-07-28 23:24:00,25.2,51.0,765.19999999948,2411.30000000061,105.8,135.800000006,0.00713801347,2380.0610041039413
SKW-15,SKW-15,2025-07-28 23:26:00,25.9,51.0,765.099999999409,2412.39999999994,105.900000008,135.100000004,0.00713801347,2380.0701869714585
SKW-15,SKW-15,2025-07-28 23:28:00,29.1,51.0,764.100000000151,2408.19999999986,105.900000008,136.799999996,0.00713801347,982.651543972058
SKW-15,SKW-15,2025-07-28 23:30:00,29.1,51.0,750.200000000459,2400.30000000007,105.699999992,138.300000008,0.00713801347,982.8535008508243
SKW-15,SKW-15,2025-07-28 23:31:00,29.2,51.0,740.599999999462,2398.60000000032,105.600000002,138.799999994,0.00611829726,2196.618834606617
SKW-15,SKW-15,2025-07-28 23:33:28,28.9,51.0,733.700000000377,2396.80000000049,105.299999996,140.799999992,0.00713801347,993.524309290795
SKW-15,SKW-15,2025-07-28 23:34:00,29.0,51.0,733.700000000377,2396.80000000049,105.299999996,140.799999992,0.00713801347,988.2802013966009
SKW-15,SKW-15,2025-07-28 23:35:00,28.9,51.0,737.700000000309,2396.20000000007,105.299999996,141.299999996,0.00713801347,993.4364475959545
SKW-15,SKW-15,2025-07-28 23:36:00,28.9,51.0,737.700000000309,2396.20000000007,105.299999996,141.299999996,0.00713801347,993.4364475959545
SKW-15,SKW-15,2025-07-28 23:39:00,24.0,51.0,762.70000000061,2391.39999999957,105.400000004,140.199999998,0.00713801347,2380.0418298879963
SKW-15,SKW-15,2025-07-28 23:39:36,24.8,51.0,763.900000000009,2389.49999999967,105.499999994,138.399999998,0.00713801347,2380.054838026772
SKW-15,SKW-15,2025-07-28 23:40:00,24.8,51.0,763.900000000009,2389.49999999967,105.499999994,138.399999998,0.00713801347,2380.054838026772
SKW-15,SKW-15,2025-07-28 23:43:00,24.2,51.0,764.600000000505,2386.70000000059,105.699999992,137.600000006,0.00611829726,2380.0456973875557
SKW-15,SKW-15,2025-07-28 23:44:00,23.7,51.0,764.600000000505,2387.19999999949,105.8,136.799999996,0.00713801347,2380.0374200718898
SKW-15,SKW-15,2025-07-28 23:45:00,23.5,51.0,764.700000000576,2387.89999999999,105.8,137.499999998,0.00815772968,2380.033519856668
SKW-15,SKW-15,2025-07-28 23:46:00,24.1,51.0,764.800000000647,2390.30000000024,105.8,136.099999994,0.00815772968,2380.0444534387043
SKW-15,SKW-15,2025-07-28 23:46:02,26.1,51.0,764.800000000647,2390.30000000024,105.8,136.099999994,0.00815772968,2380.072393027179
SKW-15,SKW-15,2025-07-28 23:47:00,28.3,51.0,764.500000000434,2392.30000000021,105.8,135.600000008,0.00917744589,1025.4177743341484
SKW-15,SKW-15,2025-07-28 23:48:00,29.1,51.0,763.599999999797,2391.69999999978,105.8,135.899999996,0.00713801347,982.725520612617
SKW-15,SKW-15,2025-07-28 23:50:00,29.2,51.0,754.799999999366,2390.80000000059,105.699999992,138.2,0.00815772968,2195.7221408755768
SKW-15,SKW-15,2025-07-28 23:51:00,29.1,51.0,745.500000000032,2392.70000000049,105.600000002,138.799999994,0.00509858105,982.9305726990663
SKW-15,SKW-15,2025-07-28 23:53:00,29.0,51.0,732.299999999386,2397.00000000063,105.299999996,138.799999994,0.00815772968,988.4128280294781
SKW-15,SKW-15,2025-07-28 23:55:00,29.0,51.0,731.700000000411,2401.20000000071,105.200000006,140.9,0.00713801347,988.3169140981449
SKW-15,SKW-15,2025-07-28 23:58:00,28.8,51.0,748.000000000352,2403.79999999965,105.200000006,141.400000004,0.00611829726,998.575496245007
SKW-15,SKW-15,2025-07-28 23:59:00,26.1,51.0,755.900000000145,2404.50000000014,105.299999996,141.299999996,0.00917744589,2380.0719743402283
SKW-15,SKW-15,2025-07-29 00:00:00,25.7,51.0,759.699999999935,2404.80000000036,105.299999996,141.699999992,0.00917744589,2380.066651178822
SKW-15,SKW-15,2025-07-29 00:01:00,26.0,51.0,763.499999999726,2405.20000000064,105.400000004,140.799999992,0.00917744589,2380.070278432705
SKW-15,SKW-15,2025-07-29 00:02:00,25.6,51.0,763.699999999868,2406.1999999999,105.400000004,140.199999998,0.00611829726,2380.065429225297
SKW-15,SKW-15,2025-07-29 00:02:39,25.0,51.0,764.00000000008,2407.59999999944,105.600000002,138.799999994,0.00815772968,2380.0575541766934
SKW-15,SKW-15,2025-07-29 00:03:00,25.0,51.0,764.00000000008,2407.59999999944,105.600000002,138.799999994,0.00815772968,2380.0575541766934
SKW-15,SKW-15,2025-07-29 00:04:00,24.5,51.0,764.200000000222,2408.4,105.600000002,139.699999994,0.00917744589,2380.049833190268
SKW-15,SKW-15,2025-07-29 00:06:00,23.9,51.0,764.200000000222,2413.99999999962,105.699999992,137.699999996,0.00611829726,2380.0407012289133
SKW-15,SKW-15,2025-07-29 00:08:00,29.0,51.0,762.400000000397,2413.40000000064,105.699999992,137.800000004,0.00815772968,987.900615591664
SKW-15,SKW-15,2025-07-29 00:10:00,29.1,51.0,751.700000000071,2412.39999999994,105.600000002,138.399999998,0.00815772968,982.8211261871845
SKW-15,SKW-15,2025-07-29 00:11:00,29.0,51.0,740.999999999745,2413.10000000043,105.400000004,139.400000006,0.00815772968,988.2176752092038
SKW-15,SKW-15,2025-07-29 00:13:00,29.0,51.0,727.500000000337,2415.40000000061,105.200000006,140.199999998,0.00611829726,988.4332087155784
SKW-15,SKW-15,2025-07-29 00:14:00,29.1,51.0,723.900000000689,2417.00000000029,105.000000008,140.399999996,0.00815772968,983.2963545009176
SKW-15,SKW-15,2025-07-29 00:15:00,29.0,51.0,725.800000000584,2417.89999999948,104.9,139.899999992,0.00713801347,988.4963353078259
SKW-15,SKW-15,2025-07-29 00:16:00,29.0,51.0,729.10000000002,2417.99999999955,104.9,140.700000002,0.00713801347,988.3937135818138
SKW-15,SKW-15,2025-07-29 00:18:00,28.3,51.0,741.900000000383,2417.79999999941,104.9,141.000000008,0.00713801347,1025.4447428940853
SKW-15,SKW-15,2025-07-29 00:22:00,25.3,51.0,762.600000000539,2419.00000000026,105.200000006,139.800000002,0.00815772968,2380.0616918853584
SKW-15,SKW-15,2025-07-29 00:24:00,24.6,51.0,763.199999999514,2421.1000000003,105.299999996,138.500000006,0.00815772968,2380.0519475259916
SKW-15,SKW-15,2025-07-29 00:25:00,24.6,51.0,763.199999999514,2421.60000000065,105.299999996,137.800000004,0.00611829726,2380.0521864061857
SKW-15,SKW-15,2025-07-29 00:26:00,22.4,51.0,763.199999999514,2422.39999999977,105.400000004,137.699999996,0.00917744589,2380.011155718657
SKW-15,SKW-15,2025-07-29 00:30:00,28.3,51.0,762.200000000256,2423.99999999945,105.600000002,134.6,0.00713801347,1025.4361349365456
SKW-15,SKW-15,2025-07-29 00:31:00,29.2,51.0,761.199999999547,2421.40000000051,105.600000002,136.099999994,0.00815772968,2195.754008029452
SKW-15,SKW-15,2025-07-29 00:33:00,29.2,51.0,746.000000000386,2421.70000000072,105.299999996,136.900000004,0.00815772968,2196.7043520539933
SKW-15,SKW-15,2025-07-29 00:38:28,27.4,51.0,745.099999999748,2422.19999999962,104.9,140.399999996,0.00611829726,2380.087040767534
SKW-15,SKW-15,2025-07-29 00:42:44,25.2,51.0,761.599999999831,2417.79999999941,105.299999996,137.699999996,0.00713801347,2380.0609633292834
SKW-15,SKW-15,2025-07-29 00:43:00,25.2,51.0,761.599999999831,2417.79999999941,105.299999996,137.699999996,0.00713801347,2380.0609633292834
SKW-15,SKW-15,2025-07-29 00:44:00,25.3,51.0,761.599999999831,2417.79999999941,105.299999996,137.699999996,0.00713801347,2380.062317144715
SKW-15,SKW-15,2025-07-29 00:46:00,24.6,51.0,762.600000000539,2416.39999999987,105.400000004,136.799999996,0.00917744589,2380.05246064508
SKW-15,SKW-15,2025-07-29 00:47:00,24.1,51.0,762.600000000539,2414.80000000019,105.499999994,137.400000008,0.00815772968,2380.0443762379005
SKW-15,SKW-15,2025-07-29 00:47:05,23.9,51.0,762.600000000539,2414.80000000019,105.499999994,137.400000008,0.00815772968,2380.0410206969896
SKW-15,SKW-15,2025-07-29 00:48:00,23.4,51.0,762.500000000468,2414.29999999983,105.499999994,136.000000004,0.00815772968,2380.0325994071063
SKW-15,SKW-15,2025-07-29 00:49:20,22.2,51.0,762.70000000061,2413.50000000072,105.600000002,136.200000002,0.0101971621,2380.0071143170085
SKW-15,SKW-15,2025-07-29 00:50:00,22.3,51.0,762.70000000061,2412.80000000022,105.600000002,135.899999996,0.0101971621,2380.0096071515236
SKW-15,SKW-15,2025-07-29 00:50:23,24.8,51.0,762.70000000061,2412.80000000022,105.600000002,135.899999996,0.0101971621,2380.055589964913
SKW-15,SKW-15,2025-07-29 00:50:31,25.4,51.0,762.70000000061,2412.70000000015,105.600000002,135.100000004,0.00815772968,2380.064127058767
SKW-15,SKW-15,2025-07-29 00:51:00,25.4,51.0,762.70000000061,2412.60000000008,105.600000002,134.6,0.00815772968,2380.06425622741
SKW-15,SKW-15,2025-07-29 00:53:00,29.2,51.0,759.800000000006,2408.80000000029,105.600000002,135.699999998,0.00713801347,2195.947273335942
SKW-15,SKW-15,2025-07-29 00:54:00,29.1,51.0,759.800000000006,2408.80000000029,105.600000002,135.699999998,0.00713801347,982.8294640258296
SKW-15,SKW-15,2025-07-29 00:55:00,29.1,51.0,747.399999999927,2409.00000000043,105.400000004,138.399999998,0.00815772968,982.922280407223
SKW-15,SKW-15,2025-07-29 00:56:00,29.0,51.0,742.499999999357,2409.79999999955,105.299999996,138.000000002,0.00815772968,988.2749465416192
SKW-15,SKW-15,2025-07-29 00:57:00,29.2,51.0,736.100000000626,2410.80000000025,105.200000006,137.899999994,0.00713801347,2197.2041511117395
SKW-15,SKW-15,2025-07-29 00:57:15,29.2,51.0,733.900000000519,2412.80000000022,105.099999998,140.100000008,0.00713801347,2196.9148212476953
SKW-15,SKW-15,2025-07-29 00:58:00,29.0,51.0,733.900000000519,2412.80000000022,105.099999998,140.100000008,0.00713801347,988.3283053102534
SKW-15,SKW-15,2025-07-29 01:01:00,29.0,51.0,742.899999999641,2420.70000000001,105.000000008,140.799999992,0.00815772968,988.1316101766097
SKW-15,SKW-15,2025-07-29 01:03:00,24.9,51.0,755.800000000074,2426.09999999949,105.099999998,141.499999994,0.00815772968,2380.056273341609
SKW-15,SKW-15,2025-07-29 01:05:00,24.8,51.0,761.49999999976,2425.10000000023,105.299999996,138.300000008,0.00917744589,2380.055128159911
SKW-15,SKW-15,2025-07-29 01:06:00,25.0,51.0,761.900000000043,2424.59999999987,105.299999996,138.399999998,0.00815772968,2380.057952907885
SKW-15,SKW-15,2025-07-29 01:07:00,27.0,51.0,762.200000000256,2423.60000000062,105.400000004,137.699999996,0.00713801347,2380.082330845547
SKW-15,SKW-15,2025-07-29 01:08:00,29.0,51.0,761.900000000043,2420.3999999998,105.499999994,137.3,0.00917744589,987.9481522428363
SKW-15,SKW-15,2025-07-29 01:09:00,29.1,51.0,760.000000000148,2414.70000000011,105.499999994,138.399999998,0.00713801347,982.663658470358
SKW-15,SKW-15,2025-07-29 01:14:00,28.9,51.0,722.299999999555,2414.60000000004,104.799999992,139.400000006,0.00713801347,993.799556206825
SKW-15,SKW-15,2025-07-29 01:19:00,29.1,51.0,736.799999999672,2425.2000000003,104.700000002,140.300000006,0.00815772968,983.0676088683512
SKW-15,SKW-15,2025-07-29 01:20:00,29.0,51.0,736.799999999672,2425.2000000003,104.700000002,140.300000006,0.00815772968,988.2884470565742
SKW-15,SKW-15,2025-07-29 01:21:00,29.0,51.0,744.599999999394,2428.29999999959,104.799999992,140.599999994,0.00509858105,988.133721885369
SKW-15,SKW-15,2025-07-29 01:22:00,28.9,51.0,755.499999999862,2432.09999999938,104.799999992,140.599999994,0.00713801347,993.2157468764236
SKW-15,SKW-15,2025-07-29 01:24:00,28.9,51.0,760.800000000715,2434.99999999999,105.000000008,140.599999994,0.00611829726,993.1213424930592
SKW-15,SKW-15,2025-07-29 01:26:00,28.8,51.0,760.20000000029,2433.90000000066,105.099999998,141.8,0.00713801347,998.3910389169738
SKW-15,SKW-15,2025-07-29 01:28:00,28.9,51.0,750.999999999576,2430.4999999997,104.9,141.699999992,0.00611829726,993.2300670452264
SKW-15,SKW-15,2025-07-29 01:29:00,28.5,51.0,743.500000000066,2431.60000000048,104.799999992,141.8,0.00713801347,1014.6462980923285
SKW-15,SKW-15,2025-07-29 01:32:00,28.9,51.0,739.199999999921,2440.00000000063,104.700000002,140.700000002,0.00611829726,993.479046756236
SKW-15,SKW-15,2025-07-29 01:33:00,28.9,51.0,739.199999999921,2440.00000000063,104.700000002,140.700000002,0.00611829726,993.479046756236
SKW-15,SKW-15,2025-07-29 01:34:00,28.8,51.0,743.700000000207,2444.29999999932,104.599999994,140.9,0.00815772968,998.6819342741059
SKW-15,SKW-15,2025-07-29 01:35:00,28.8,51.0,743.700000000207,2444.29999999932,104.599999994,140.9,0.00815772968,998.6819342741059
SKW-15,SKW-15,2025-07-29 01:37:00,25.4,51.0,755.399999999791,2446.00000000053,104.700000002,141.299999996,0.00713801347,2380.063416313946
SKW-15,SKW-15,2025-07-29 01:39:00,25.5,51.0,759.499999999794,2442.99999999985,104.799999992,139.299999998,0.00713801347,2380.0648741305095
SKW-15,SKW-15,2025-07-29 01:40:38,24.8,51.0,759.800000000006,2437.60000000038,104.9,137.499999998,0.00815772968,2380.055663744706
SKW-15,SKW-15,2025-07-29 01:41:00,24.8,51.0,759.800000000006,2437.60000000038,104.9,137.499999998,0.00815772968,2380.055663744706
SKW-15,SKW-15,2025-07-29 01:42:00,24.6,51.0,760.100000000219,2434.49999999963,104.9,138.399999998,0.00713801347,2380.0524294753004
SKW-15,SKW-15,2025-07-29 01:43:06,23.5,51.0,760.100000000219,2431.80000000062,105.000000008,137.899999994,0.00815772968,2380.0342522257374
SKW-15,SKW-15,2025-07-29 01:44:00,23.5,51.0,760.100000000219,2431.80000000062,105.000000008,137.899999994,0.00815772968,2380.0342522257374
SKW-15,SKW-15,2025-07-29 01:44:23,22.8,51.0,759.900000000077,2428.19999999952,105.099999998,136.799999996,0.00611829726,2380.020985131176
SKW-15,SKW-15,2025-07-29 01:45:00,23.7,51.0,759.900000000077,2428.19999999952,105.099999998,136.799999996,0.00611829726,2380.038250471936
SKW-15,SKW-15,2025-07-29 01:45:28,26.0,51.0,760.000000000148,2426.90000000005,105.099999998,136.200000002,0.00815772968,2380.0717343672227
SKW-15,SKW-15,2025-07-29 01:46:00,26.0,51.0,760.000000000148,2426.90000000005,105.099999998,136.200000002,0.00815772968,2380.0717343672227
SKW-15,SKW-15,2025-07-29 01:47:00,28.8,51.0,759.299999999652,2420.80000000008,105.099999998,135.800000006,0.00611829726,998.6638608656049
SKW-15,SKW-15,2025-07-29 01:48:00,29.0,51.0,756.600000000641,2416.80000000015,105.099999998,136.299999992,0.00611829726,988.1348479305592
SKW-15,SKW-15,2025-07-29 01:49:00,29.1,51.0,756.600000000641,2416.80000000015,105.099999998,136.299999992,0.00611829726,982.8961557211558
SKW-15,SKW-15,2025-07-29 01:50:00,29.0,51.0,743.600000000136,2413.99999999962,104.9,138.300000008,0.00713801347,988.2673797932931
SKW-15,SKW-15,2025-07-29 01:55:00,21.8,51.0,747.900000000281,2417.30000000051,104.700000002,139.200000008,0.00713801347,2379.99868294669
SKW-15,SKW-15,2025-07-29 01:55:50,21.4,51.0,753.800000000108,2417.69999999934,104.700000002,138.000000002,0.00713801347,2379.933770694352
SKW-15,SKW-15,2025-07-29 01:57:00,20.7,51.0,759.199999999581,2417.40000000058,104.799999992,136.200000002,0.00713801347,2379.954764310636
SKW-15,SKW-15,2025-07-29 01:57:46,20.6,51.0,759.299999999652,2416.70000000008,104.9,134.799999998,0.00917744589,2379.958143402193
SKW-15,SKW-15,2025-07-29 01:59:00,21.9,51.0,759.399999999723,2416.19999999973,104.9,134.799999998,0.00917744589,2380.0013912796912
SKW-15,SKW-15,2025-07-29 01:59:27,24.7,51.0,759.699999999935,2415.69999999937,105.000000008,134.000000006,0.00713801347,2380.055200842997
SKW-15,SKW-15,2025-07-29 02:00:00,24.9,51.0,759.699999999935,2415.69999999937,105.000000008,134.000000006,0.00713801347,2380.0580727703773
SKW-15,SKW-15,2025-07-29 02:02:00,24.7,51.0,760.400000000431,2417.99999999955,105.200000006,133.500000002,0.00713801347,2380.0552122996164
SKW-15,SKW-15,2025-07-29 02:04:44,22.9,51.0,760.500000000502,2421.70000000072,105.299999996,135.199999994,0.00815772968,2380.0234872747105
SKW-15,SKW-15,2025-07-29 02:05:00,22.9,51.0,760.500000000502,2421.70000000072,105.299999996,135.199999994,0.00815772968,2380.0234872747105
SKW-15,SKW-15,2025-07-29 02:06:00,22.9,51.0,760.700000000644,2422.19999999962,105.299999996,134.6,0.00917744589,2380.0236816849183
SKW-15,SKW-15,2025-07-29 02:07:00,24.6,51.0,760.800000000715,2422.69999999998,105.299999996,135.300000002,0.00815772968,2380.053125077929
SKW-15,SKW-15,2025-07-29 02:09:00,29.0,51.0,760.000000000148,2417.60000000072,105.299999996,134.6,0.00713801347,988.1524770536245
SKW-15,SKW-15,2025-07-29 02:10:00,29.2,51.0,755.599999999933,2413.10000000043,105.299999996,135.899999996,0.00713801347,2196.268885755581
SKW-15,SKW-15,2025-07-29 02:12:00,29.1,51.0,736.399999999388,2409.30000000064,104.9,137.600000006,0.00917744589,983.2243790202014
SKW-15,SKW-15,2025-07-29 02:13:00,29.1,51.0,729.400000000232,2408.70000000022,104.799999992,138.599999996,0.00713801347,983.3151899737716
SKW-15,SKW-15,2025-07-29 02:14:43,29.0,51.0,728.399999999524,2409.00000000043,104.700000002,140.0,0.00713801347,988.4575578692591
SKW-15,SKW-15,2025-07-29 02:15:00,29.0,51.0,728.399999999524,2409.00000000043,104.700000002,140.0,0.00713801347,988.4575578692591
SKW-15,SKW-15,2025-07-29 02:16:00,29.0,51.0,732.399999999456,2409.89999999962,104.700000002,140.100000008,0.00713801347,988.3808968751249
SKW-15,SKW-15,2025-07-29 02:18:00,28.9,51.0,738.200000000663,2411.79999999951,104.700000002,139.899999992,0.00713801347,993.5315240639361
SKW-15,SKW-15,2025-07-29 02:19:00,28.8,51.0,749.399999999893,2415.99999999959,104.700000002,141.099999998,0.00815772968,998.5896536682474
SKW-15,SKW-15,2025-07-29 02:20:00,28.7,51.0,753.700000000037,2417.69999999934,104.799999992,140.9,0.00713801347,1003.8647242603254
SKW-15,SKW-15,2025-07-29 02:22:00,26.2,51.0,760.100000000219,2427.20000000027,105.000000008,140.9,0.00815772968,2380.0730286812154
SKW-15,SKW-15,2025-07-29 02:23:00,26.2,51.0,760.100000000219,2429.60000000051,105.099999998,139.699999994,0.00713801347,2380.073290629886
SKW-15,SKW-15,2025-07-29 02:24:00,25.2,51.0,760.500000000502,2434.49999999963,105.200000006,140.100000008,0.00815772968,2380.060430237577
SKW-15,SKW-15,2025-07-29 02:26:00,24.3,51.0,760.700000000644,2441.40000000017,105.299999996,139.200000008,0.00713801347,2380.047331579517
SKW-15,SKW-15,2025-07-29 02:28:00,24.7,51.0,760.400000000431,2449.09999999982,105.299999996,137.600000006,0.00815772968,2380.053977458696
SKW-15,SKW-15,2025-07-29 02:30:00,29.2,51.0,759.099999999511,2451.80000000028,105.400000004,137.699999996,0.00713801347,2195.617623510411
SKW-15,SKW-15,2025-07-29 02:32:00,29.1,51.0,744.599999999394,2457.19999999976,105.200000006,137.699999996,0.00713801347,983.0395119313877
SKW-15,SKW-15,2025-07-29 02:34:00,29.0,51.0,730.099999999278,2463.3999999998,104.9,139.899999992,0.00713801347,988.4199781126772
SKW-15,SKW-15,2025-07-29 02:36:43,29.0,51.0,723.700000000547,2466.99999999944,104.700000002,140.700000002,0.00713801347,988.5025076394978
SKW-15,SKW-15,2025-07-29 02:37:00,29.0,51.0,723.700000000547,2466.99999999944,104.700000002,140.700000002,0.00713801347,988.5025076394978
SKW-15,SKW-15,2025-07-29 02:38:00,28.9,51.0,726.099999999346,2467.09999999952,104.700000002,140.199999998,0.00815772968,993.7047279501521
SKW-15,SKW-15,2025-07-29 02:40:00,29.0,51.0,737.400000000097,2466.60000000061,104.700000002,140.9,0.00713801347,988.247275090181
SKW-15,SKW-15,2025-07-29 02:41:00,28.8,51.0,741.60000000017,2466.40000000047,104.700000002,141.099999998,0.00815772968,998.6973436845093
SKW-15,SKW-15,2025-07-29 02:42:00,28.9,51.0,749.900000000247,2466.20000000033,104.799999992,140.300000006,0.00713801347,993.3202823500266
SKW-15,SKW-15,2025-07-29 02:43:00,28.7,51.0,753.700000000037,2466.10000000026,104.799999992,140.9,0.00815772968,1003.8628696179446
SKW-15,SKW-15,2025-07-29 02:44:00,26.9,51.0,759.299999999652,2464.70000000072,104.9,141.099999998,0.00815772968,2380.0808824927744
SKW-15,SKW-15,2025-07-29 02:45:00,25.8,51.0,759.499999999794,2462.89999999944,105.000000008,141.200000006,0.00713801347,2380.0681659360325
SKW-15,SKW-15,2025-07-29 02:46:00,25.7,51.0,759.499999999794,2462.89999999944,105.000000008,141.200000006,0.00713801347,2380.0669058957615
SKW-15,SKW-15,2025-07-29 02:47:00,25.6,51.0,759.699999999935,2459.29999999979,105.099999998,140.700000002,0.00713801347,2380.06570673051
SKW-15,SKW-15,2025-07-29 02:48:00,24.0,51.0,759.699999999935,2456.6999999994,105.099999998,139.699999994,0.00713801347,2380.0424345741176
SKW-15,SKW-15,2025-07-29 02:50:48,25.4,51.0,759.399999999723,2447.09999999985,105.200000006,136.599999998,0.00815772968,2380.064135909536
SKW-15,SKW-15,2025-07-29 02:51:00,25.4,51.0,759.399999999723,2447.09999999985,105.200000006,136.599999998,0.00815772968,2380.064135909536
SKW-15,SKW-15,2025-07-29 02:54:00,29.2,51.0,753.399999999825,2432.19999999946,105.200000006,137.699999996,0.00815772968,2196.05081499312
SKW-15,SKW-15,2025-07-29 02:55:00,29.2,51.0,749.09999999968,2430.09999999942,105.099999998,137.499999998,0.00713801347,2196.4250601834065
SKW-15,SKW-15,2025-07-29 02:56:00,28.8,51.0,740.200000000629,2426.29999999963,105.000000008,137.699999996,0.00611829726,998.8501208448276
SKW-15,SKW-15,2025-07-29 02:57:00,29.0,51.0,734.199999999281,2423.20000000033,104.9,139.1,0.00713801347,988.3910637166379
SKW-15,SKW-15,2025-07-29 02:58:00,28.8,51.0,732.899999999811,2421.99999999948,104.799999992,139.200000008,0.00713801347,998.8940295247417
SKW-15,SKW-15,2025-07-29 02:59:00,28.9,51.0,733.700000000377,2420.09999999959,104.799999992,139.499999996,0.00713801347,993.6162615720567
SKW-15,SKW-15,2025-07-29 02:59:01,28.9,51.0,735.400000000131,2419.30000000047,104.799999992,140.100000008,0.00815772968,993.557745749783
SKW-15,SKW-15,2025-07-29 03:00:00,28.4,51.0,735.400000000131,2419.30000000047,104.799999992,140.100000008,0.00815772968,1020.0952223561053
SKW-15,SKW-15,2025-07-29 03:01:00,28.2,51.0,740.000000000488,2417.60000000072,104.799999992,140.399999996,0.00611829726,1030.8681391966645
SKW-15,SKW-15,2025-07-29 03:02:00,24.6,51.0,748.500000000706,2415.1000000004,104.799999992,140.399999996,0.00917744589,2380.0529508602085
SKW-15,SKW-15,2025-07-29 03:03:46,23.8,51.0,758.400000000465,2410.09999999976,104.9,137.899999994,0.00713801347,2380.0398463502206
SKW-15,SKW-15,2025-07-29 03:04:00,23.8,51.0,758.400000000465,2410.09999999976,104.9,137.899999994,0.00713801347,2380.0398463502206
SKW-15,SKW-15,2025-07-29 03:06:00,25.2,51.0,758.600000000607,2407.30000000068,105.099999998,136.700000006,0.00713801347,2380.061553001403
SKW-15,SKW-15,2025-07-29 03:07:00,24.9,51.0,759.099999999511,2406.80000000032,105.099999998,137.100000002,0.00815772968,2380.0572141881785
SKW-15,SKW-15,2025-07-29 03:10:00,23.6,51.0,759.299999999652,2406.70000000025,105.299999996,136.700000006,0.0101971621,2380.0364241010593
SKW-15,SKW-15,2025-07-29 03:12:00,23.8,51.0,759.499999999794,2407.00000000046,105.299999996,134.799999998,0.0101971621,2380.0405663320894
SKW-15,SKW-15,2025-07-29 03:13:00,27.7,51.0,759.499999999794,2407.00000000046,105.299999996,135.699999998,0.00815772968,2380.0898068337992
SKW-15,SKW-15,2025-07-29 03:16:00,29.1,51.0,750.30000000053,2400.09999999993,105.200000006,138.599999996,0.00713801347,982.8692384738687
SKW-15,SKW-15,2025-07-29 03:18:00,29.1,51.0,734.799999999706,2400.70000000035,105.000000008,138.099999992,0.00917744589,983.2182414021744
SKW-15,SKW-15,2025-07-29 03:19:00,29.1,51.0,727.300000000196,2402.60000000025,104.799999992,139.699999994,0.00713801347,983.2893903661694
SKW-15,SKW-15,2025-07-29 03:19:34,29.1,51.0,727.500000000337,2403.39999999936,104.799999992,140.399999996,0.00815772968,983.2393685478601
SKW-15,SKW-15,2025-07-29 03:22:00,29.0,51.0,735.600000000272,2405.0000000005,104.700000002,141.099999998,0.00815772968,988.26560783723
SKW-15,SKW-15,2025-07-29 03:23:00,28.9,51.0,741.800000000312,2405.20000000064,104.700000002,141.000000008,0.0101971621,993.4130264481822
SKW-15,SKW-15,2025-07-29 03:24:00,28.9,51.0,744.899999999607,2405.20000000064,104.799999992,140.700000002,0.00815772968,993.3777531978299
SKW-15,SKW-15,2025-07-29 03:25:00,28.9,51.0,752.400000000567,2405.20000000064,104.799999992,141.200000006,0.00917744589,993.2306248919053
SKW-15,SKW-15,2025-07-29 03:26:00,28.3,51.0,756.400000000499,2405.20000000064,104.9,141.000000008,0.0101971621,1025.4019705178591
SKW-15,SKW-15,2025-07-29 03:29:00,25.0,51.0,759.299999999652,2402.30000000004,105.200000006,140.700000002,0.00713801347,2380.0575926810025
SKW-15,SKW-15,2025-07-29 03:30:00,25.5,51.0,759.399999999723,2401.00000000057,105.200000006,138.900000002,0.00713801347,2380.0648650305943
SKW-15,SKW-15,2025-07-29 03:31:00,24.1,51.0,759.299999999652,2400.70000000035,105.200000006,139.600000004,0.00713801347,2380.044138705038
SKW-15,SKW-15,2025-07-29 03:32:00,25.4,51.0,758.899999999369,2399.59999999957,105.299999996,138.599999996,0.00815772968,2380.0636288635606
SKW-15,SKW-15,2025-07-29 03:34:00,29.1,51.0,758.300000000395,2395.09999999929,105.400000004,137.899999994,0.00917744589,982.7304299060114
SKW-15,SKW-15,2025-07-29 03:35:00,29.0,51.0,755.499999999862,2391.59999999971,105.299999996,137.699999996,0.00815772968,988.0577222819101
SKW-15,SKW-15,2025-07-29 03:37:00,29.0,51.0,740.200000000629,2393.19999999939,105.099999998,139.499999996,0.00713801347,988.2487919262657
SKW-15,SKW-15,2025-07-29 03:39:00,29.0,51.0,734.199999999281,2400.90000000049,104.9,139.600000004,0.00509858105,988.3691266612909
SKW-15,SKW-15,2025-07-29 03:40:51,28.8,51.0,738.999999999779,2410.2999999999,104.9,141.299999996,0.00815772968,998.7146373140444
SKW-15,SKW-15,2025-07-29 03:41:00,28.8,51.0,738.999999999779,2410.2999999999,104.9,141.299999996,0.00815772968,998.7146373140444
SKW-15,SKW-15,2025-07-29 03:42:00,28.2,51.0,742.100000000524,2413.89999999955,104.9,140.799999992,0.00815772968,1030.865753586763
SKW-15,SKW-15,2025-07-29 03:43:00,24.8,51.0,751.700000000071,2423.50000000055,105.000000008,141.099999998,0.00713801347,2380.055363629741
SKW-15,SKW-15,2025-07-29 03:44:00,21.8,51.0,755.199999999649,2425.80000000072,105.000000008,141.299999996,0.00713801347,2379.9962292467953
SKW-15,SKW-15,2025-07-29 03:45:00,21.4,51.0,757.80000000004,2427.70000000062,105.099999998,139.800000002,0.00713801347,2379.9314870718777
SKW-15,SKW-15,2025-07-29 03:45:24,24.6,51.0,757.900000000111,2430.59999999977,105.200000006,138.099999992,0.00815772968,2380.05260988327
SKW-15,SKW-15,2025-07-29 03:46:00,24.9,51.0,758.000000000182,2431.80000000062,105.200000006,137.400000008,0.00611829726,2380.057225615897
SKW-15,SKW-15,2025-07-29 03:47:00,25.9,51.0,758.000000000182,2433.4000000003,105.299999996,136.700000006,0.00917744589,2380.070496738475
SKW-15,SKW-15,2025-07-29 03:48:00,27.0,51.0,758.600000000607,2436.89999999988,105.299999996,137.3,0.00815772968,2380.0826633583424
SKW-15,SKW-15,2025-07-29 03:49:00,29.1,51.0,758.000000000182,2436.89999999988,105.400000004,137.699999996,0.00611829726,982.7586286033298
SKW-15,SKW-15,2025-07-29 03:51:00,29.0,51.0,750.699999999363,2437.10000000002,105.299999996,138.900000002,0.00713801347,988.0802196071288
SKW-15,SKW-15,2025-07-29 03:52:53,29.0,51.0,729.200000000091,2441.70000000038,105.000000008,140.599999994,0.00713801347,988.3909978415883
SKW-15,SKW-15,2025-07-29 03:53:00,29.0,51.0,729.200000000091,2441.70000000038,105.000000008,140.599999994,0.00713801347,988.3909978415883
SKW-15,SKW-15,2025-07-29 03:54:00,29.0,51.0,729.200000000091,2441.70000000038,105.000000008,140.599999994,0.00713801347,988.3909978415883
SKW-15,SKW-15,2025-07-29 03:55:00,28.9,51.0,726.499999999629,2447.90000000042,104.9,139.600000004,0.00713801347,993.7186724536801
SKW-15,SKW-15,2025-07-29 03:56:00,28.8,51.0,726.899999999912,2449.90000000039,104.799999992,140.199999998,0.00611829726,998.9356479810185
SKW-15,SKW-15,2025-07-29 03:57:00,29.0,51.0,729.400000000232,2453.80000000025,104.799999992,140.9,0.00713801347,988.3837917654718
SKW-15,SKW-15,2025-07-29 03:59:00,28.4,51.0,736.399999999388,2452.40000000071,104.799999992,139.800000002,0.00815772968,1020.0948624495417
SKW-15,SKW-15,2025-07-29 04:00:00,28.0,51.0,742.399999999287,2450.49999999936,104.799999992,140.399999996,0.00713801347,2380.0928180245787
SKW-15,SKW-15,2025-07-29 04:03:00,26.6,51.0,757.499999999828,2443.90000000049,104.9,140.0,0.00815772968,2380.077997566682
SKW-15,SKW-15,2025-07-29 04:04:00,26.3,51.0,757.69999999997,2440.99999999989,105.000000008,139.200000008,0.00917744589,2380.0747461715036
SKW-15,SKW-15,2025-07-29 04:05:00,26.0,51.0,757.80000000004,2439.80000000049,105.099999998,139.899999992,0.00815772968,2380.071028138392
SKW-15,SKW-15,2025-07-29 04:06:14,25.2,51.0,758.000000000182,2436.29999999946,105.099999998,138.999999992,0.00815772968,2380.0609757260454
SKW-15,SKW-15,2025-07-29 04:07:00,24.9,51.0,758.000000000182,2436.29999999946,105.099999998,138.999999992,0.00815772968,2380.056779550783
SKW-15,SKW-15,2025-07-29 04:08:00,27.4,51.0,758.000000000182,2434.79999999985,105.200000006,138.2,0.00713801347,2380.0865850427626
SKW-15,SKW-15,2025-07-29 04:09:00,28.7,51.0,757.69999999997,2433.50000000038,105.200000006,138.500000006,0.00713801347,1003.8879149372143
SKW-15,SKW-15,2025-07-29 04:10:00,29.0,51.0,756.799999999332,2429.99999999935,105.200000006,137.3,0.00611829726,988.0688590074585
SKW-15,SKW-15,2025-07-29 04:11:00,29.1,51.0,752.400000000567,2427.70000000062,105.200000006,137.699999996,0.00917744589,982.8766635342844
SKW-15,SKW-15,2025-07-29 04:13:00,29.1,51.0,737.300000000026,2427.10000000019,104.9,139.600000004,0.00815772968,983.0864246544363
SKW-15,SKW-15,2025-07-29 04:14:32,29.0,51.0,730.899999999844,2429.70000000059,104.799999992,140.399999996,0.00917744589,988.3789979134508
SKW-15,SKW-15,2025-07-29 04:15:00,29.0,51.0,730.899999999844,2429.70000000059,104.799999992,140.399999996,0.00917744589,988.3789979134508
SKW-15,SKW-15,2025-07-29 04:16:00,29.0,51.0,730.39999999949,2432.79999999988,104.700000002,139.899999992,0.00713801347,988.4275165593212
SKW-15,SKW-15,2025-07-29 04:17:00,28.6,51.0,733.800000000448,2435.40000000027,104.700000002,139.200000008,0.00917744589,1009.4547828068521
SKW-15,SKW-15,2025-07-29 04:18:00,25.1,51.0,736.499999999459,2436.29999999946,104.700000002,140.399999996,0.00713801347,2380.061239761851
SKW-15,SKW-15,2025-07-29 04:19:00,21.4,51.0,745.700000000173,2437.90000000059,104.700000002,140.399999996,0.00611829726,2379.9339415735494
SKW-15,SKW-15,2025-07-29 04:20:00,22.2,51.0,749.199999999751,2437.60000000038,104.700000002,139.499999996,0.00713801347,2380.008171935877
SKW-15,SKW-15,2025-07-29 04:20:22,23.4,51.0,756.100000000287,2436.0000000007,104.799999992,137.899999994,0.00611829726,2380.032998254751
SKW-15,SKW-15,2025-07-29 04:21:00,23.4,51.0,756.100000000287,2436.0000000007,104.799999992,137.899999994,0.00611829726,2380.032998254751
SKW-15,SKW-15,2025-07-29 04:22:00,24.0,51.0,756.799999999332,2434.39999999956,104.9,136.000000004,0.00611829726,2380.044050229977
SKW-15,SKW-15,2025-07-29 04:24:00,25.0,51.0,757.199999999615,2432.3999999996,105.099999998,135.5,0.00917744589,2380.0592239376
SKW-15,SKW-15,2025-07-29 04:25:00,24.6,51.0,757.499999999828,2431.80000000062,105.099999998,136.4,0.00815772968,2380.053183997339
SKW-15,SKW-15,2025-07-29 04:29:00,25.5,51.0,757.900000000111,2427.40000000041,105.200000006,135.399999992,0.0101971621,2380.0658409095313
SKW-15,SKW-15,2025-07-29 04:30:54,29.1,51.0,752.600000000709,2417.50000000065,105.200000006,136.099999994,0.00713801347,982.9784659577767
SKW-15,SKW-15,2025-07-29 04:31:00,29.1,51.0,752.600000000709,2417.50000000065,105.200000006,136.099999994,0.00713801347,982.9784659577767
SKW-15,SKW-15,2025-07-29 04:34:00,29.1,51.0,734.699999999635,2416.90000000022,104.9,139.1,0.00713801347,983.1722115412591
SKW-15,SKW-15,2025-07-29 04:35:00,28.9,51.0,733.600000000306,2417.40000000058,104.799999992,138.2,0.00815772968,993.6785188358141
SKW-15,SKW-15,2025-07-29 04:37:00,29.0,51.0,737.700000000309,2420.29999999973,104.799999992,138.599999996,0.00611829726,988.3655301826
SKW-15,SKW-15,2025-07-29 04:37:42,28.8,51.0,742.399999999287,2422.39999999977,104.799999992,140.300000006,0.00815772968,998.7154132633292
SKW-15,SKW-15,2025-07-29 04:38:00,28.8,51.0,742.399999999287,2422.39999999977,104.799999992,140.300000006,0.00815772968,998.7154132633292
SKW-15,SKW-15,2025-07-29 04:39:00,25.3,51.0,748.200000000493,2425.30000000037,104.799999992,140.199999998,0.00917744589,2380.0629260801425
SKW-15,SKW-15,2025-07-29 04:40:00,24.4,51.0,751.299999999788,2426.79999999998,104.799999992,141.200000006,0.00815772968,2380.0493965583655
SKW-15,SKW-15,2025-07-29 04:42:00,28.6,51.0,756.200000000358,2429.80000000066,105.000000008,138.2,0.00611829726,1009.2671346669281
SKW-15,SKW-15,2025-07-29 04:43:00,29.2,51.0,756.000000000216,2428.39999999966,105.099999998,138.2,0.00611829726,2195.811249317014
SKW-15,SKW-15,2025-07-29 04:45:00,29.0,51.0,751.099999999646,2429.10000000016,105.000000008,138.900000002,0.00713801347,988.0926048226635
SKW-15,SKW-15,2025-07-29 04:47:00,29.0,51.0,738.899999999709,2434.89999999992,104.799999992,140.199999998,0.00713801347,988.2527289025696
SKW-15,SKW-15,2025-07-29 04:50:00,28.8,51.0,737.900000000451,2439.60000000034,104.700000002,140.300000006,0.00611829726,998.7864500762417
SKW-15,SKW-15,2025-07-29 04:53:00,25.2,51.0,748.99999999961,2441.20000000003,104.700000002,140.799999992,0.00815772968,2380.0613979136547
SKW-15,SKW-15,2025-07-29 04:54:00,26.0,51.0,751.399999999859,2440.69999999967,104.700000002,139.800000002,0.00713801347,2380.0716633115794
SKW-15,SKW-15,2025-07-29 04:55:00,26.6,51.0,755.800000000074,2440.49999999953,104.799999992,139.1,0.00713801347,2380.078347468935
SKW-15,SKW-15,2025-07-29 04:56:00,26.6,51.0,756.100000000287,2441.20000000003,104.799999992,139.200000008,0.00713801347,2380.0783049497577
SKW-15,SKW-15,2025-07-29 04:56:10,26.7,51.0,756.200000000358,2441.80000000045,104.9,138.900000002,0.00713801347,2380.0794265348864
SKW-15,SKW-15,2025-07-29 04:57:00,26.7,51.0,756.200000000358,2441.80000000045,104.9,138.900000002,0.00713801347,2380.0794265348864
SKW-15,SKW-15,2025-07-29 04:58:00,26.7,51.0,756.50000000057,2443.30000000006,104.9,139.200000008,0.00713801347,2380.0793420375767
SKW-15,SKW-15,2025-07-29 05:00:00,28.8,51.0,756.50000000057,2444.59999999953,105.000000008,138.700000004,0.00713801347,998.581329941984
SKW-15,SKW-15,2025-07-29 05:01:00,28.9,51.0,755.399999999791,2441.50000000024,105.099999998,137.499999998,0.00815772968,993.3509314851415
SKW-15,SKW-15,2025-07-29 05:02:00,29.0,51.0,750.100000000389,2439.50000000027,104.9,139.299999998,0.00713801347,988.0948457292628
SKW-15,SKW-15,2025-07-29 05:04:00,28.9,51.0,734.199999999281,2439.30000000013,104.700000002,139.400000006,0.00611829726,993.6214435568194
SKW-15,SKW-15,2025-07-29 05:07:47,28.9,51.0,735.199999999989,2445.4000000001,104.500000004,140.599999994,0.00611829726,993.5586102951667
SKW-15,SKW-15,2025-07-29 05:08:00,28.9,51.0,735.199999999989,2445.4000000001,104.500000004,140.599999994,0.00611829726,993.5586102951667
SKW-15,SKW-15,2025-07-29 05:10:00,28.3,51.0,742.000000000454,2449.70000000025,104.500000004,140.199999998,0.00713801347,1025.4555788048717
SKW-15,SKW-15,2025-07-29 05:12:00,25.4,51.0,747.700000000139,2452.40000000071,104.599999994,140.100000008,0.00815772968,2380.064389541091
SKW-15,SKW-15,2025-07-29 05:13:00,25.5,51.0,755.29999999972,2455.09999999972,104.599999994,140.399999996,0.00815772968,2380.064986795107
SKW-15,SKW-15,2025-07-29 05:13:35,25.5,51.0,755.599999999933,2456.40000000064,104.700000002,138.799999994,0.00815772968,2380.0653406600277
SKW-15,SKW-15,2025-07-29 05:14:00,25.5,51.0,755.599999999933,2456.40000000064,104.700000002,138.799999994,0.00815772968,2380.0653406600277
SKW-15,SKW-15,2025-07-29 05:16:00,25.3,51.0,756.100000000287,2456.89999999954,104.799999992,137.199999992,0.00611829726,2380.0630834304516
SKW-15,SKW-15,2025-07-29 05:19:00,23.7,51.0,756.200000000358,2454.00000000039,104.9,137.199999992,0.00713801347,2380.0385885612195
SKW-15,SKW-15,2025-07-29 05:20:00,22.7,51.0,756.000000000216,2451.60000000014,104.9,136.4,0.00917744589,2380.01960054079
SKW-15,SKW-15,2025-07-29 05:21:00,26.0,51.0,756.000000000216,2450.59999999943,104.9,136.599999998,0.00611829726,2380.072022851145
SKW-15,SKW-15,2025-07-29 05:23:00,28.9,51.0,754.300000000462,2440.29999999939,105.000000008,136.500000008,0.00917744589,993.4209346153482
SKW-15,SKW-15,2025-07-29 05:25:00,29.0,51.0,739.800000000346,2434.69999999978,104.799999992,137.699999996,0.00611829726,988.3777432375005
SKW-15,SKW-15,2025-07-29 05:27:00,29.0,51.0,728.799999999808,2432.3999999996,104.599999994,139.299999998,0.00815772968,988.492512315046
SKW-15,SKW-15,2025-07-29 05:28:22,29.0,51.0,726.799999999842,2432.3999999996,104.500000004,140.199999998,0.00815772968,988.4850089983075
SKW-15,SKW-15,2025-07-29 05:29:00,29.0,51.0,728.000000000691,2433.00000000002,104.399999996,140.100000008,0.00815772968,988.4756315076087
SKW-15,SKW-15,2025-07-29 05:30:00,28.9,51.0,733.099999999952,2434.69999999978,104.399999996,140.199999998,0.00917744589,993.6094230008459
SKW-15,SKW-15,2025-07-29 05:31:00,25.2,51.0,739.600000000204,2436.99999999995,104.399999996,140.599999994,0.00815772968,2380.0623512231878
SKW-15,SKW-15,2025-07-29 05:32:27,21.5,51.0,750.100000000389,2438.19999999935,104.500000004,138.999999992,0.00713801347,2379.930779665432
SKW-15,SKW-15,2025-07-29 05:33:00,21.5,51.0,750.100000000389,2438.19999999935,104.500000004,138.999999992,0.00713801347,2379.930779665432
SKW-15,SKW-15,2025-07-29 05:34:00,23.7,51.0,754.999999999508,2437.30000000017,104.599999994,138.099999992,0.00917744589,2380.0384976165674
SKW-15,SKW-15,2025-07-29 05:35:00,24.4,51.0,754.999999999508,2436.69999999974,104.700000002,137.600000006,0.0101971621,2380.050135780805
SKW-15,SKW-15,2025-07-29 05:37:00,24.9,51.0,755.700000000004,2434.79999999985,104.799999992,136.599999998,0.00713801347,2380.05777393845
SKW-15,SKW-15,2025-07-29 05:38:00,24.5,51.0,755.900000000145,2434.19999999942,104.9,135.699999998,0.00815772968,2380.0521098735894
SKW-15,SKW-15,2025-07-29 05:39:00,23.8,51.0,756.000000000216,2432.29999999953,104.9,136.200000002,0.00815772968,2380.040667973096
SKW-15,SKW-15,2025-07-29 05:41:00,22.1,51.0,756.300000000428,2427.99999999938,105.099999998,135.100000004,0.00815772968,2380.0065381618247
SKW-15,SKW-15,2025-07-29 05:42:00,22.0,51.0,756.400000000499,2427.00000000012,105.099999998,134.499999992,0.00917744589,2380.0043674003205
SKW-15,SKW-15,2025-07-29 05:44:00,26.4,51.0,756.50000000057,2422.80000000005,105.099999998,134.400000002,0.0101971621,2380.076998590537
SKW-15,SKW-15,2025-07-29 05:46:00,29.2,51.0,755.599999999933,2416.70000000008,105.200000006,134.099999996,0.00815772968,2196.6651031458746
SKW-15,SKW-15,2025-07-29 05:48:00,29.1,51.0,742.899999999641,2409.30000000064,104.9,137.699999996,0.00815772968,983.0920044180018
SKW-15,SKW-15,2025-07-29 05:50:00,29.0,51.0,730.29999999942,2406.90000000039,104.700000002,138.900000002,0.00713801347,988.4842489955979
SKW-15,SKW-15,2025-07-29 05:51:00,29.0,51.0,730.29999999942,2406.90000000039,104.700000002,138.900000002,0.00713801347,988.4842489955979
SKW-15,SKW-15,2025-07-29 05:53:00,29.1,51.0,739.400000000063,2407.59999999944,104.700000002,139.499999996,0.00815772968,983.0651240068227
SKW-15,SKW-15,2025-07-29 05:53:15,29.1,51.0,742.899999999641,2408.29999999993,104.700000002,140.300000006,0.00611829726,982.9518043110633
SKW-15,SKW-15,2025-07-29 05:54:00,28.9,51.0,742.899999999641,2408.29999999993,104.700000002,140.300000006,0.00611829726,993.4400066864712
SKW-15,SKW-15,2025-07-29 05:56:00,21.5,51.0,755.700000000004,2413.2000000005,104.799999992,139.400000006,0.00815772968,2379.9290738892355
SKW-15,SKW-15,2025-07-29 05:57:00,23.3,51.0,755.700000000004,2413.2000000005,104.799999992,139.400000006,0.00815772968,2380.0305729474117
SKW-15,SKW-15,2025-07-29 05:58:00,25.0,51.0,755.499999999862,2415.20000000047,105.000000008,138.099999992,0.00917744589,2380.058692139609
SKW-15,SKW-15,2025-07-29 06:00:00,24.9,51.0,756.300000000428,2419.6999999993,105.200000006,137.400000008,0.00917744589,2380.0573366980548
SKW-15,SKW-15,2025-07-29 06:02:00,24.2,51.0,756.600000000641,2426.3999999997,105.299999996,137.100000002,0.0101971621,2380.04676147034
SKW-15,SKW-15,2025-07-29 06:03:00,23.8,51.0,756.50000000057,2427.80000000069,105.299999996,137.3,0.00815772968,2380.0400826290643
SKW-15,SKW-15,2025-07-29 06:04:00,26.1,51.0,756.50000000057,2429.80000000066,105.400000004,136.599999998,0.00713801347,2380.0730205214636
SKW-15,SKW-15,2025-07-29 06:06:00,29.1,51.0,754.899999999437,2431.30000000027,105.400000004,137.199999992,0.00611829726,982.8524507740531
SKW-15,SKW-15,2025-07-29 06:07:00,29.0,51.0,749.299999999822,2432.69999999981,105.299999996,137.600000006,0.00713801347,988.1779670915203
SKW-15,SKW-15,2025-07-29 06:08:00,29.0,51.0,739.299999999992,2434.89999999992,105.200000006,138.799999994,0.00713801347,988.2972187705566
SKW-15,SKW-15,2025-07-29 06:10:00,29.0,51.0,728.599999999666,2436.79999999981,104.9,139.800000002,0.00713801347,988.452141839975
SKW-15,SKW-15,2025-07-29 06:12:00,28.9,51.0,728.799999999808,2435.90000000062,104.799999992,140.500000004,0.00713801347,993.6446375960032
SKW-15,SKW-15,2025-07-29 06:15:00,28.9,51.0,737.80000000038,2436.79999999981,104.799999992,140.399999996,0.00815772968,993.5051673335757
SKW-15,SKW-15,2025-07-29 06:16:00,28.9,51.0,743.900000000349,2438.09999999928,104.9,140.500000004,0.00917744589,993.3952417194664
SKW-15,SKW-15,2025-07-29 06:20:00,28.9,51.0,755.29999999972,2444.69999999961,105.099999998,141.200000006,0.00713801347,993.1716651907176
SKW-15,SKW-15,2025-07-29 06:22:00,29.0,51.0,747.80000000021,2445.19999999996,105.000000008,140.9,0.00713801347,988.0403821935033
SKW-15,SKW-15,2025-07-29 06:24:00,28.9,51.0,732.79999999974,2446.89999999971,104.799999992,140.700000002,0.00713801347,993.571961229844
SKW-15,SKW-15,2025-07-29 06:25:00,28.7,51.0,730.799999999774,2446.5999999995,104.799999992,140.399999996,0.00611829726,1004.1503786230173
SKW-15,SKW-15,2025-07-29 06:26:00,28.8,51.0,729.400000000232,2446.39999999936,104.700000002,141.299999996,0.00713801347,998.8581295285909
SKW-15,SKW-15,2025-07-29 06:27:00,28.8,51.0,729.900000000587,2445.70000000031,104.599999994,141.699999992,0.00611829726,998.8415223910024
SKW-15,SKW-15,2025-07-29 06:29:00,28.7,51.0,734.699999999635,2444.10000000063,104.599999994,141.400000004,0.00611829726,1004.0781263041237
SKW-15,SKW-15,2025-07-29 06:30:00,27.3,51.0,738.999999999779,2442.69999999964,104.599999994,140.9,0.00815772968,2380.086393600663
SKW-15,SKW-15,2025-07-29 06:32:00,25.4,51.0,748.799999999468,2438.29999999942,104.700000002,140.199999998,0.00815772968,2380.06424188491
SKW-15,SKW-15,2025-07-29 06:34:00,25.7,51.0,754.500000000604,2433.80000000059,104.799999992,138.300000008,0.00611829726,2380.0680967490457
SKW-15,SKW-15,2025-07-29 06:35:00,25.5,51.0,754.799999999366,2430.79999999991,104.799999992,138.700000004,0.00611829726,2380.0654281866373
SKW-15,SKW-15,2025-07-29 06:36:00,25.2,51.0,754.999999999508,2427.99999999938,104.9,138.000000002,0.00713801347,2380.0615789363264
SKW-15,SKW-15,2025-07-29 06:38:00,24.2,51.0,754.999999999508,2422.80000000005,104.9,137.100000002,0.00713801347,2380.047120336313
SKW-15,SKW-15,2025-07-29 06:39:00,24.1,51.0,755.099999999579,2421.99999999948,105.000000008,137.699999996,0.00815772968,2380.0452502859794
SKW-15,SKW-15,2025-07-29 06:40:00,24.1,51.0,754.899999999437,2420.90000000015,105.000000008,137.699999996,0.00815772968,2380.0452710419527
SKW-15,SKW-15,2025-07-29 06:42:00,28.8,51.0,754.500000000604,2415.50000000068,105.099999998,135.899999996,0.00917744589,998.7191513042237
SKW-15,SKW-15,2025-07-29 06:43:00,29.1,51.0,752.899999999471,2409.79999999955,105.099999998,136.700000006,0.00815772968,982.9392829337695
SKW-15,SKW-15,2025-07-29 06:45:00,29.1,51.0,741.199999999887,2406.60000000018,104.9,138.099999992,0.00713801347,983.1043804814122
SKW-15,SKW-15,2025-07-29 06:47:00,28.8,51.0,727.80000000055,2411.4999999993,104.700000002,139.600000004,0.00815772968,998.9492422488935
SKW-15,SKW-15,2025-07-29 06:49:00,28.1,51.0,733.300000000094,2415.30000000054,104.599999994,139.600000004,0.00713801347,2380.094396407232
SKW-15,SKW-15,2025-07-29 06:50:00,24.9,51.0,738.999999999779,2417.79999999941,104.599999994,139.899999992,0.00815772968,2380.0584072486304
SKW-15,SKW-15,2025-07-29 06:52:00,21.2,51.0,748.300000000564,2420.59999999994,104.700000002,139.299999998,0.00713801347,2379.9403914064974
SKW-15,SKW-15,2025-07-29 06:53:00,21.2,51.0,753.900000000179,2421.50000000058,104.700000002,137.199999992,0.00713801347,2379.940567893298
SKW-15,SKW-15,2025-07-29 06:54:00,24.9,51.0,754.300000000462,2421.50000000058,104.799999992,135.399999992,0.00815772968,2380.0582193263717
SKW-15,SKW-15,2025-07-29 06:55:00,25.3,51.0,754.300000000462,2421.1000000003,104.799999992,134.799999998,0.00713801347,2380.0638471956704
SKW-15,SKW-15,2025-07-29 06:56:00,25.2,51.0,754.899999999437,2420.80000000008,104.9,135.600000008,0.00917744589,2380.0621978449612
SKW-15,SKW-15,2025-07-29 06:57:00,24.8,51.0,755.099999999579,2418.70000000005,105.000000008,135.800000006,0.00917744589,2380.056531243739
SKW-15,SKW-15,2025-07-29 06:59:00,26.0,51.0,754.999999999508,2413.50000000072,105.099999998,135.600000008,0.0101971621,2380.072229937019
SKW-15,SKW-15,2025-07-29 07:00:00,28.6,51.0,754.699999999295,2408.90000000036,105.099999998,135.5,0.00917744589,1009.3524868903401
SKW-15,SKW-15,2025-07-29 07:01:00,28.9,51.0,753.900000000179,2405.4999999994,105.099999998,136.000000004,0.00713801347,993.4511225800629
SKW-15,SKW-15,2025-07-29 07:03:00,29.1,51.0,744.899999999607,2398.70000000039,104.9,137.3,0.00815772968,983.0767895805923
SKW-15,SKW-15,2025-07-29 07:05:45,29.0,51.0,731.300000000128,2395.3999999995,104.599999994,140.199999998,0.00815772968,988.3986089906348
SKW-15,SKW-15,2025-07-29 07:06:00,29.0,51.0,731.300000000128,2395.3999999995,104.599999994,140.199999998,0.00815772968,988.3986089906348
SKW-15,SKW-15,2025-07-29 07:08:00,28.8,51.0,736.899999999742,2394.9000000006,104.599999994,140.700000002,0.00611829726,998.7881491571698
SKW-15,SKW-15,2025-07-29 07:10:00,28.5,51.0,745.600000000103,2397.1000000007,104.599999994,140.199999998,0.00815772968,1014.6711720985331
SKW-15,SKW-15,2025-07-29 07:11:00,27.3,51.0,748.100000000423,2398.20000000003,104.700000002,141.299999996,0.00815772968,2380.08572183036
SKW-15,SKW-15,2025-07-29 07:12:00,28.9,51.0,753.399999999825,2399.79999999972,104.700000002,140.700000002,0.00815772968,993.2477407208578
SKW-15,SKW-15,2025-07-29 07:15:00,28.9,51.0,744.00000000042,2400.90000000049,104.700000002,141.000000008,0.00917744589,993.3805464027816
SKW-15,SKW-15,2025-07-29 07:17:00,28.9,51.0,734.10000000066,2412.60000000008,104.500000004,140.9,0.00815772968,993.5563286211545
SKW-15,SKW-15,2025-07-29 07:18:00,28.8,51.0,734.00000000059,2415.79999999944,104.399999996,141.499999994,0.00713801347,998.8016962895176
SKW-15,SKW-15,2025-07-29 07:20:00,28.8,51.0,739.600000000204,2427.60000000055,104.399999996,141.499999994,0.0101971621,998.718410231556
SKW-15,SKW-15,2025-07-29 07:22:00,25.0,51.0,745.600000000103,2434.29999999949,104.500000004,140.599999994,0.00917744589,2380.05904563431
SKW-15,SKW-15,2025-07-29 07:23:00,23.9,51.0,747.80000000021,2436.4999999996,104.500000004,141.400000004,0.00713801347,2380.0416917181446
SKW-15,SKW-15,2025-07-29 07:24:00,25.0,51.0,752.699999999329,2441.60000000031,104.599999994,139.800000002,0.00713801347,2380.0586300064933
SKW-15,SKW-15,2025-07-29 07:24:26,25.4,51.0,752.699999999329,2442.69999999964,104.599999994,138.599999996,0.00713801347,2380.064372875394
SKW-15,SKW-15,2025-07-29 07:25:00,25.4,51.0,752.699999999329,2442.69999999964,104.599999994,138.599999996,0.00713801347,2380.064372875394
SKW-15,SKW-15,2025-07-29 07:26:00,24.9,51.0,753.499999999896,2445.80000000038,104.700000002,138.2,0.00815772968,2380.0575440654084
SKW-15,SKW-15,2025-07-29 07:27:00,24.8,51.0,753.599999999967,2446.69999999957,104.700000002,137.699999996,0.00917744589,2380.0562295654317
SKW-15,SKW-15,2025-07-29 07:28:00,24.8,51.0,753.700000000037,2447.80000000035,104.799999992,138.399999998,0.00917744589,2380.055988100296
SKW-15,SKW-15,2025-07-29 07:29:00,25.0,51.0,753.700000000037,2449.09999999982,104.799999992,137.600000006,0.00815772968,2380.0590683499263
SKW-15,SKW-15,2025-07-29 07:32:00,29.0,51.0,750.100000000389,2450.2000000006,104.799999992,137.400000008,0.00815772968,988.2043967957983
SKW-15,SKW-15,2025-07-29 07:36:00,28.9,51.0,726.399999999558,2464.10000000029,104.399999996,138.799999994,0.00917744589,993.7822263823477
SKW-15,SKW-15,2025-07-29 07:37:00,28.9,51.0,724.499999999663,2468.80000000072,104.300000006,139.400000006,0.0101971621,993.7860788492043
SKW-15,SKW-15,2025-07-29 07:38:00,29.0,51.0,725.200000000159,2469.09999999948,104.300000006,139.699999994,0.00713801347,988.5563544343338
SKW-15,SKW-15,2025-07-29 07:39:00,28.8,51.0,726.499999999629,2468.70000000065,104.300000006,139.699999994,0.00713801347,998.9844038234585
SKW-15,SKW-15,2025-07-29 07:39:25,28.8,51.0,730.199999999349,2467.80000000001,104.199999998,140.599999994,0.00713801347,998.9013626058643
SKW-15,SKW-15,2025-07-29 07:40:00,28.9,51.0,730.199999999349,2467.80000000001,104.199999998,140.599999994,0.00713801347,993.6518937970704
SKW-15,SKW-15,2025-07-29 07:42:00,27.2,51.0,741.299999999958,2464.60000000065,104.300000006,139.600000004,0.00815772968,2380.0855818086097
SKW-15,SKW-15,2025-07-29 07:43:00,26.2,51.0,747.499999999998,2462.30000000047,104.300000006,140.199999998,0.0101971621,2380.0742881456963
SKW-15,SKW-15,2025-07-29 07:45:00,25.3,51.0,752.500000000638,2457.80000000018,104.399999996,139.200000008,0.0101971621,2380.062933208008
SKW-15,SKW-15,2025-07-29 07:45:37,25.4,51.0,752.600000000709,2454.20000000053,104.399999996,138.2,0.00917744589,2380.064518135395
SKW-15,SKW-15,2025-07-29 07:46:00,25.4,51.0,752.600000000709,2454.20000000053,104.399999996,138.2,0.00917744589,2380.064518135395
SKW-15,SKW-15,2025-07-29 07:47:00,25.3,51.0,752.699999999329,2452.5999999994,104.500000004,138.599999996,0.00815772968,2380.0630696539415
SKW-15,SKW-15,2025-07-29 07:48:00,24.8,51.0,753.099999999613,2447.70000000028,104.599999994,137.699999996,0.00713801347,2380.0563375983866
SKW-15,SKW-15,2025-07-29 07:50:00,28.4,51.0,752.7999999994,2442.29999999936,104.599999994,136.599999998,0.00815772968,1020.0657888544546
SKW-15,SKW-15,2025-07-29 07:53:00,28.9,51.0,741.700000000241,2428.59999999981,104.500000004,138.099999992,0.00815772968,993.5731179902884
SKW-15,SKW-15,2025-07-29 07:54:00,28.8,51.0,737.900000000451,2427.50000000048,104.399999996,138.500000006,0.00713801347,998.8751652365544
SKW-15,SKW-15,2025-07-29 07:55:00,29.1,51.0,734.799999999706,2426.29999999963,104.399999996,139.200000008,0.00713801347,983.2000465125734
SKW-15,SKW-15,2025-07-29 07:56:00,28.9,51.0,729.500000000303,2424.39999999973,104.300000006,139.1,0.00815772968,993.7274423697535
SKW-15,SKW-15,2025-07-29 07:58:00,28.8,51.0,730.499999999561,2424.4999999998,104.199999998,139.800000002,0.00815772968,998.928769025808
SKW-15,SKW-15,2025-07-29 07:58:24,28.2,51.0,734.299999999352,2425.10000000023,104.199999998,140.100000008,0.00815772968,1030.8731526666006
SKW-15,SKW-15,2025-07-29 07:59:00,28.2,51.0,734.299999999352,2425.10000000023,104.199999998,140.100000008,0.00815772968,1030.8731526666006
SKW-15,SKW-15,2025-07-29 08:00:44,21.2,51.0,746.499999999289,2426.49999999977,104.199999998,138.500000006,0.0101971621,2379.941490009969
SKW-15,SKW-15,2025-07-29 08:01:00,21.2,51.0,746.499999999289,2426.49999999977,104.199999998,138.500000006,0.0101971621,2379.941490009969
SKW-15,SKW-15,2025-07-29 08:02:00,21.3,51.0,751.900000000213,2426.19999999956,104.300000006,137.199999992,0.01121687831,2379.9380109141075
SKW-15,SKW-15,2025-07-29 08:03:00,24.1,51.0,752.000000000284,2425.99999999942,104.399999996,136.299999992,0.00815772968,2380.0462417067038
SKW-15,SKW-15,2025-07-29 08:04:00,24.6,51.0,752.200000000425,2426.09999999949,104.399999996,135.199999994,0.00917744589,2380.05425948976
SKW-15,SKW-15,2025-07-29 08:05:00,24.8,51.0,752.200000000425,2427.40000000041,104.599999994,135.699999998,0.01121687831,2380.0569272189246
SKW-15,SKW-15,2025-07-29 08:06:00,24.9,51.0,752.699999999329,2428.69999999988,104.599999994,134.299999994,0.01223659452,2380.058674885289
SKW-15,SKW-15,2025-07-29 08:07:00,24.4,51.0,752.999999999542,2429.60000000051,104.599999994,135.100000004,0.00611829726,2380.0511848702577
SKW-15,SKW-15,2025-07-29 08:08:00,23.7,51.0,752.999999999542,2430.79999999991,104.700000002,136.599999998,0.00917744589,2380.039195664782
SKW-15,SKW-15,2025-07-29 08:09:00,23.2,51.0,752.999999999542,2431.30000000027,104.700000002,135.5,0.01121687831,2380.0304433592964
SKW-15,SKW-15,2025-07-29 08:10:00,26.2,51.0,753.299999999754,2432.59999999974,104.799999992,135.800000006,0.00713801347,2380.074763390909
SKW-15,SKW-15,2025-07-29 08:11:00,28.5,51.0,752.699999999329,2431.00000000006,104.799999992,134.799999998,0.01223659452,1014.7309695700709
SKW-15,SKW-15,2025-07-29 08:13:00,29.0,51.0,748.200000000493,2427.30000000034,104.799999992,135.899999996,0.0101971621,988.3159465895341
SKW-15,SKW-15,2025-07-29 08:14:00,29.0,51.0,739.500000000133,2427.00000000012,104.599999994,138.2,0.00917744589,988.3599522820558
SKW-15,SKW-15,2025-07-29 08:15:00,29.0,51.0,730.799999999774,2426.49999999977,104.500000004,137.199999992,0.0101971621,988.5729303921858
SKW-15,SKW-15,2025-07-29 08:17:00,28.9,51.0,723.200000000193,2425.40000000044,104.300000006,138.399999998,0.00917744589,993.8569254752113
SKW-15,SKW-15,2025-07-29 08:19:00,28.9,51.0,725.600000000442,2425.10000000023,104.199999998,139.1,0.00917744589,993.7915100577167
SKW-15,SKW-15,2025-07-29 08:21:00,28.0,51.0,738.100000000592,2426.69999999991,104.199999998,140.199999998,0.01223659452,2380.0931760459694
SKW-15,SKW-15,2025-07-29 08:22:00,24.3,51.0,741.900000000383,2427.40000000041,104.300000006,139.699999994,0.01121687831,2380.049361948581
SKW-15,SKW-15,2025-07-29 08:23:00,24.8,51.0,746.100000000457,2428.09999999945,104.300000006,140.199999998,0.00611829726,2380.0563841035687
SKW-15,SKW-15,2025-07-29 08:25:38,25.9,51.0,752.500000000638,2431.60000000048,104.599999994,137.800000004,0.00713801347,2380.0708776955494
SKW-15,SKW-15,2025-07-29 08:26:00,25.9,51.0,752.500000000638,2431.60000000048,104.599999994,137.800000004,0.00713801347,2380.0708776955494
SKW-15,SKW-15,2025-07-29 08:28:00,25.2,51.0,753.199999999683,2438.00000000066,104.700000002,137.800000004,0.00917744589,2380.0618220907345
SKW-15,SKW-15,2025-07-29 08:29:00,24.4,51.0,753.299999999754,2439.70000000042,104.799999992,138.399999998,0.00611829726,2380.0500861056303
SKW-15,SKW-15,2025-07-29 08:30:00,24.6,51.0,753.099999999613,2443.70000000035,104.799999992,136.900000004,0.00815772968,2380.0535574254036
SKW-15,SKW-15,2025-07-29 08:31:00,23.1,51.0,753.099999999613,2446.49999999943,104.9,136.799999996,0.00611829726,2380.028016329953
SKW-15,SKW-15,2025-07-29 08:32:00,23.8,51.0,753.299999999754,2449.09999999982,104.9,136.000000004,0.0101971621,2380.0409948009806
SKW-15,SKW-15,2025-07-29 08:33:00,26.1,51.0,753.299999999754,2450.30000000067,104.9,135.699999998,0.00917744589,2380.0735776895785
SKW-15,SKW-15,2025-07-29 08:34:00,28.5,51.0,752.899999999471,2451.4,105.000000008,135.399999992,0.0101971621,1014.7131590729853
SKW-15,SKW-15,2025-07-29 08:37:00,29.0,51.0,740.100000000558,2444.39999999939,104.799999992,138.300000008,0.00713801347,988.3364476298398
SKW-15,SKW-15,2025-07-29 08:38:00,29.0,51.0,729.300000000162,2442.10000000066,104.700000002,138.2,0.00713801347,988.5403332866388
SKW-15,SKW-15,2025-07-29 08:39:00,28.9,51.0,723.300000000264,2440.00000000063,104.599999994,139.299999998,0.00611829726,993.8025385805514
SKW-15,SKW-15,2025-07-29 08:40:00,28.8,51.0,721.900000000722,2438.29999999942,104.500000004,138.399999998,0.00917744589,999.0866693822709
SKW-15,SKW-15,2025-07-29 08:40:30,28.9,51.0,723.100000000122,2437.70000000045,104.399999996,140.399999996,0.00917744589,993.7564609700154
SKW-15,SKW-15,2025-07-29 08:41:00,28.9,51.0,723.100000000122,2437.70000000045,104.399999996,140.399999996,0.00917744589,993.7564609700154
SKW-15,SKW-15,2025-07-29 08:43:00,28.8,51.0,733.200000000023,2435.90000000062,104.399999996,140.0,0.00815772968,998.8738047286748
SKW-15,SKW-15,2025-07-29 08:46:00,24.2,51.0,750.400000000601,2435.80000000055,104.599999994,139.499999996,0.00815772968,2380.0469270060275
SKW-15,SKW-15,2025-07-29 08:47:00,25.4,51.0,752.000000000284,2435.20000000013,104.700000002,138.300000008,0.00713801347,2380.0644782994373
SKW-15,SKW-15,2025-07-29 08:50:00,24.5,51.0,753.099999999613,2434.19999999942,104.9,137.600000006,0.00713801347,2380.0518284379236
SKW-15,SKW-15,2025-07-29 08:51:00,24.4,51.0,753.099999999613,2434.09999999935,104.9,136.4,0.00611829726,2380.0506771907194
SKW-15,SKW-15,2025-07-29 08:52:00,23.8,51.0,752.999999999542,2433.90000000066,105.000000008,137.699999996,0.00713801347,2380.04046652392
SKW-15,SKW-15,2025-07-29 08:53:00,23.5,51.0,752.999999999542,2433.90000000066,105.000000008,136.599999998,0.00815772968,2380.0355405400373
SKW-15,SKW-15,2025-07-29 08:54:00,26.4,51.0,752.899999999471,2433.4000000003,105.099999998,135.300000002,0.00815772968,2380.077078866844
SKW-15,SKW-15,2025-07-29 08:56:00,29.0,51.0,750.500000000672,2429.80000000066,105.099999998,136.700000006,0.00815772968,988.2166154412677
SKW-15,SKW-15,2025-07-29 08:57:00,29.0,51.0,747.299999999856,2429.3000000003,105.000000008,137.3,0.00815772968,988.2472092246798
SKW-15,SKW-15,2025-07-29 08:58:00,29.0,51.0,732.299999999386,2430.29999999956,104.799999992,138.399999998,0.00815772968,988.4669880931987
SKW-15,SKW-15,2025-07-29 09:03:00,28.9,51.0,724.09999999938,2431.90000000069,104.399999996,139.699999994,0.00611829726,993.7820603394031
SKW-15,SKW-15,2025-07-29 09:06:00,28.3,51.0,742.699999999499,2429.3000000003,104.599999994,140.399999996,0.00611829726,1025.4512673578029
SKW-15,SKW-15,2025-07-29 09:07:00,26.1,51.0,751.299999999788,2428.29999999959,104.599999994,140.700000002,0.00815772968,2380.0726645330046
SKW-15,SKW-15,2025-07-29 09:08:00,25.9,51.0,752.500000000638,2426.90000000005,104.700000002,140.300000006,0.00713801347,2380.0702529604164
SKW-15,SKW-15,2025-07-29 09:10:00,25.1,51.0,752.600000000709,2424.39999999973,104.799999992,139.200000008,0.00713801347,2380.0601296856184
SKW-15,SKW-15,2025-07-29 09:11:39,24.8,51.0,752.999999999542,2422.19999999962,104.9,137.699999996,0.00611829726,2380.056261723222
SKW-15,SKW-15,2025-07-29 09:12:00,24.8,51.0,752.999999999542,2422.19999999962,104.9,137.699999996,0.00611829726,2380.056261723222
SKW-15,SKW-15,2025-07-29 09:14:00,22.6,51.0,753.099999999613,2422.39999999977,105.099999998,137.3,0.00815772968,2380.0173967086334
SKW-15,SKW-15,2025-07-29 09:16:00,22.9,51.0,753.199999999683,2422.49999999984,105.099999998,136.099999994,0.00815772968,2380.0241653040503
SKW-15,SKW-15,2025-07-29 09:17:00,24.3,51.0,753.099999999613,2421.70000000072,105.200000006,134.299999994,0.0101971621,2380.0496008058453
SKW-15,SKW-15,2025-07-29 09:17:28,24.3,51.0,753.099999999613,2421.70000000072,105.200000006,133.800000008,0.01121687831,2380.049738128151
SKW-15,SKW-15,2025-07-29 09:19:00,24.8,51.0,753.299999999754,2422.49999999984,105.200000006,135.699999998,0.00713801347,2380.0566867053426
SKW-15,SKW-15,2025-07-29 09:20:00,27.3,51.0,753.399999999825,2423.3000000004,105.200000006,135.600000008,0.00713801347,2380.0863928189688
SKW-15,SKW-15,2025-07-29 09:21:00,28.9,51.0,753.299999999754,2421.1000000003,105.299999996,135.899999996,0.00917744589,993.4490495234568
SKW-15,SKW-15,2025-07-29 09:22:00,29.1,51.0,751.800000000142,2417.20000000044,105.200000006,137.899999994,0.00713801347,982.8826491577306
SKW-15,SKW-15,2025-07-29 09:23:00,28.9,51.0,745.500000000032,2413.50000000072,105.200000006,138.599999996,0.00815772968,993.4484923527774
SKW-15,SKW-15,2025-07-29 09:24:00,28.8,51.0,741.5000000001,2412.19999999979,105.099999998,138.300000008,0.00509858105,998.8042293754136
SKW-15,SKW-15,2025-07-29 09:26:00,28.8,51.0,731.60000000034,2408.09999999979,104.9,139.1,0.00611829726,998.9131379112197
SKW-15,SKW-15,2025-07-29 09:30:00,22.4,51.0,743.800000000278,2402.50000000018,104.9,138.700000004,0.00611829726,2380.013834833923
SKW-15,SKW-15,2025-07-29 09:31:00,21.8,51.0,749.499999999964,2399.89999999979,104.9,138.799999994,0.00713801347,2379.998505661025
SKW-15,SKW-15,2025-07-29 09:32:00,20.9,51.0,752.200000000425,2398.3000000001,104.9,136.799999996,0.00917744589,2379.949890314304
SKW-15,SKW-15,2025-07-29 09:33:00,21.1,51.0,752.7999999994,2395.59999999964,105.099999998,135.899999996,0.00815772968,2379.9442965952135
SKW-15,SKW-15,2025-07-29 09:35:00,24.5,51.0,752.999999999542,2390.20000000017,105.200000006,134.6,0.00815772968,2380.0526103449693
SKW-15,SKW-15,2025-07-29 09:39:00,28.0,51.0,754.100000000321,2391.89999999992,105.400000004,136.799999996,0.00815772968,2380.092653181711
SKW-15,SKW-15,2025-07-29 09:41:00,28.9,51.0,753.199999999683,2394.50000000031,105.400000004,138.700000004,0.00713801347,993.3119707899568
SKW-15,SKW-15,2025-07-29 09:43:00,29.0,51.0,746.999999999643,2391.99999999999,105.299999996,139.299999998,0.00611829726,988.1275052660206
SKW-15,SKW-15,2025-07-29 09:45:00,28.9,51.0,724.699999999805,2396.30000000014,105.099999998,140.399999996,0.00611829726,993.6992421791435
SKW-15,SKW-15,2025-07-29 09:49:00,28.8,51.0,718.099999999482,2407.59999999944,104.700000002,140.700000002,0.00611829726,999.0386432702177
SKW-15,SKW-15,2025-07-29 09:50:00,28.9,51.0,723.300000000264,2408.80000000029,104.700000002,140.700000002,0.00713801347,993.7268043983238
SKW-15,SKW-15,2025-07-29 09:51:00,28.9,51.0,727.100000000054,2408.80000000029,104.700000002,141.000000008,0.00713801347,993.6527188313138
SKW-15,SKW-15,2025-07-29 09:52:00,28.9,51.0,735.800000000414,2409.1000000005,104.799999992,140.599999994,0.00815772968,993.5270020108406
SKW-15,SKW-15,2025-07-29 09:53:00,28.7,51.0,745.600000000103,2409.49999999933,104.9,142.199999996,0.00713801347,1003.9082266805658
SKW-15,SKW-15,2025-07-29 09:54:00,28.7,51.0,750.30000000053,2409.79999999955,104.9,141.900000008,0.00713801347,1003.8640623401963
SKW-15,SKW-15,2025-07-29 09:55:00,28.6,51.0,752.899999999471,2411.20000000054,105.099999998,141.299999996,0.00713801347,1009.2022352851432
SKW-15,SKW-15,2025-07-29 09:56:00,26.6,51.0,752.999999999542,2412.19999999979,105.099999998,141.400000004,0.00713801347,2380.0779696705595
SKW-15,SKW-15,2025-07-29 09:59:00,23.2,51.0,753.099999999613,2416.60000000001,105.200000006,139.899999992,0.00917744589,2380.0285826197014
SKW-15,SKW-15,2025-07-29 10:00:36,22.1,51.0,753.299999999754,2419.99999999952,105.299999996,138.599999996,0.00713801347,2380.005253075683
SKW-15,SKW-15,2025-07-29 10:01:00,22.1,51.0,753.299999999754,2419.99999999952,105.299999996,138.599999996,0.00713801347,2380.005253075683
SKW-15,SKW-15,2025-07-29 10:04:00,29.0,51.0,748.899999999539,2415.40000000061,105.299999996,135.699999998,0.00815772968,988.2877883848568
SKW-15,SKW-15,2025-07-29 10:05:00,28.9,51.0,739.700000000275,2415.69999999937,105.200000006,138.399999998,0.00611829726,993.5550516456728
SKW-15,SKW-15,2025-07-29 10:06:00,29.0,51.0,734.00000000059,2417.10000000036,105.099999998,138.2,0.00713801347,988.4313031665187
SKW-15,SKW-15,2025-07-29 10:08:00,28.8,51.0,715.200000000329,2421.00000000023,104.799999992,139.299999998,0.00611829726,999.13102728552
SKW-15,SKW-15,2025-07-29 10:10:00,28.7,51.0,714.699999999974,2421.89999999941,104.700000002,140.9,0.00713801347,1004.3189566224776
SKW-15,SKW-15,2025-07-29 10:12:00,28.7,51.0,723.300000000264,2422.39999999977,104.700000002,139.800000002,0.00713801347,1004.2598281524721
SKW-15,SKW-15,2025-07-29 10:13:00,28.2,51.0,726.5999999997,2422.49999999984,104.700000002,139.299999998,0.00713801347,1030.8781547714473
SKW-15,SKW-15,2025-07-29 10:15:00,25.3,51.0,747.700000000139,2422.09999999955,104.799999992,140.100000008,0.00611829726,2380.063034842659
SKW-15,SKW-15,2025-07-29 10:17:00,24.8,51.0,752.100000000355,2420.90000000015,104.9,138.999999992,0.00713801347,2380.0559602765084
SKW-15,SKW-15,2025-07-29 10:18:00,24.4,51.0,752.400000000567,2420.29999999973,105.099999998,139.200000008,0.00713801347,2380.049808242064
SKW-15,SKW-15,2025-07-29 10:19:00,24.3,51.0,752.400000000567,2419.99999999952,105.099999998,137.699999996,0.00713801347,2380.0487074764433
SKW-15,SKW-15,2025-07-29 10:20:00,24.0,51.0,752.400000000567,2420.29999999973,105.099999998,138.300000008,0.00713801347,2380.0436709691467
SKW-15,SKW-15,2025-07-29 10:21:00,22.4,51.0,752.400000000567,2421.50000000058,105.200000006,137.499999998,0.00917744589,2380.012913227345
SKW-15,SKW-15,2025-07-29 10:23:00,21.8,51.0,752.699999999329,2423.70000000069,105.299999996,136.299999992,0.00815772968,2379.998983397169
SKW-15,SKW-15,2025-07-29 10:25:00,25.4,51.0,752.699999999329,2425.00000000016,105.299999996,134.200000004,0.00815772968,2380.0652778430676
SKW-15,SKW-15,2025-07-29 10:25:30,27.7,51.0,752.200000000425,2424.09999999952,105.400000004,133.100000006,0.00917744589,2380.0906838537067
SKW-15,SKW-15,2025-07-29 10:26:00,28.5,51.0,752.200000000425,2424.09999999952,105.400000004,133.100000006,0.00917744589,1014.7602597418261
SKW-15,SKW-15,2025-07-29 10:27:00,29.0,51.0,751.299999999788,2421.79999999934,105.400000004,134.900000006,0.00917744589,988.279833069911
SKW-15,SKW-15,2025-07-29 10:27:07,29.0,51.0,749.299999999822,2421.1000000003,105.299999996,136.4,0.00815772968,988.2418169772358
SKW-15,SKW-15,2025-07-29 10:28:00,29.2,51.0,745.199999999819,2420.19999999966,105.299999996,135.600000008,0.00713801347,2197.044512556548
SKW-15,SKW-15,2025-07-29 10:29:00,29.0,51.0,734.799999999706,2417.79999999941,105.099999998,137.899999994,0.00611829726,988.4363961921083
SKW-15,SKW-15,2025-07-29 10:30:00,29.0,51.0,729.900000000587,2416.39999999987,105.099999998,138.2,0.00713801347,988.5040772079877
SKW-15,SKW-15,2025-07-29 10:32:00,28.9,51.0,720.699999999873,2411.79999999951,104.9,139.800000002,0.00815772968,993.7970965082352
SKW-15,SKW-15,2025-07-29 10:36:00,25.3,51.0,733.800000000448,2408.29999999993,104.799999992,139.699999994,0.00815772968,2380.064280200976
SKW-15,SKW-15,2025-07-29 10:37:00,21.3,51.0,744.899999999607,2406.60000000018,104.9,139.400000006,0.00611829726,2379.9377731888267
SKW-15,SKW-15,2025-07-29 10:38:00,22.3,51.0,751.600000000001,2404.19999999993,105.000000008,138.099999992,0.00815772968,2380.010605996109
SKW-15,SKW-15,2025-07-29 10:39:00,24.5,51.0,751.700000000071,2403.1000000006,105.099999998,137.699999996,0.00713801347,2380.0518638122885
SKW-15,SKW-15,2025-07-29 10:41:00,24.3,51.0,752.000000000284,2400.30000000007,105.299999996,136.299999992,0.00815772968,2380.0490913808676
SKW-15,SKW-15,2025-07-29 10:42:00,24.0,51.0,752.200000000425,2399.79999999972,105.299999996,136.599999998,0.00815772968,2380.0441531490756
SKW-15,SKW-15,2025-07-29 10:43:00,23.9,51.0,752.300000000496,2399.69999999964,105.299999996,136.299999992,0.00815772968,2380.042574999163
SKW-15,SKW-15,2025-07-29 10:44:00,22.9,51.0,752.600000000709,2399.89999999979,105.400000004,136.4,0.00611829726,2380.0240235845745
SKW-15,SKW-15,2025-07-29 10:45:00,22.4,51.0,752.7999999994,2400.30000000007,105.400000004,135.300000002,0.00815772968,2380.013748741272
SKW-15,SKW-15,2025-07-29 10:46:00,24.1,51.0,752.7999999994,2401.99999999982,105.499999994,135.699999998,0.00713801347,2380.0459572312507
SKW-15,SKW-15,2025-07-29 10:47:00,26.9,51.0,752.699999999329,2402.70000000032,105.499999994,135.399999992,0.00713801347,2380.082365838092
SKW-15,SKW-15,2025-07-29 10:48:00,26.8,51.0,752.7999999994,2405.79999999961,105.600000002,135.699999998,0.00713801347,2380.0812261297738
SKW-15,SKW-15,2025-07-29 10:50:00,28.9,51.0,752.699999999329,2406.50000000011,105.600000002,136.200000002,0.00917744589,993.4266021575258
SKW-15,SKW-15,2025-07-29 10:54:00,28.9,51.0,732.899999999811,2406.29999999997,105.299999996,139.800000002,0.00611829726,993.5882475516208
SKW-15,SKW-15,2025-07-29 10:55:36,28.8,51.0,725.100000000088,2411.4999999993,105.099999998,140.100000008,0.00713801347,998.9473871616467
SKW-15,SKW-15,2025-07-29 10:56:00,28.8,51.0,725.100000000088,2411.4999999993,105.099999998,140.100000008,0.00713801347,998.9473871616467
SKW-15,SKW-15,2025-07-29 10:58:00,28.8,51.0,726.5999999997,2415.50000000068,105.000000008,140.0,0.00815772968,998.9340030834936
SKW-15,SKW-15,2025-07-29 10:59:00,27.6,51.0,730.899999999844,2417.30000000051,105.000000008,140.500000004,0.00713801347,2380.0897630223535
SKW-15,SKW-15,2025-07-29 11:00:00,24.0,51.0,736.899999999742,2418.90000000019,105.099999998,140.500000004,0.00611829726,2380.0446007248142
SKW-15,SKW-15,2025-07-29 11:01:00,21.5,51.0,744.100000000491,2419.2000000004,105.099999998,139.699999994,0.00713801347,2379.9311281100613
SKW-15,SKW-15,2025-07-29 11:01:35,23.3,51.0,751.49999999993,2418.90000000019,105.200000006,138.099999992,0.00611829726,2380.0314276505674
SKW-15,SKW-15,2025-07-29 11:02:00,24.0,51.0,751.49999999993,2418.90000000019,105.200000006,138.099999992,0.00611829726,2380.0438097209376
SKW-15,SKW-15,2025-07-29 11:03:00,24.3,51.0,751.800000000142,2419.00000000026,105.299999996,137.600000006,0.00713801347,2380.0487260191885
SKW-15,SKW-15,2025-07-29 11:04:00,24.3,51.0,751.800000000142,2419.60000000068,105.299999996,137.3,0.00815772968,2380.048802930446
SKW-15,SKW-15,2025-07-29 11:05:00,24.6,51.0,752.000000000284,2421.1000000003,105.400000004,136.700000006,0.00611829726,2380.0535445202363
SKW-15,SKW-15,2025-07-29 11:07:00,24.5,51.0,752.200000000425,2423.89999999938,105.499999994,136.700000006,0.00509858105,2380.052004812888
SKW-15,SKW-15,2025-07-29 11:08:00,26.2,51.0,752.300000000496,2426.69999999991,105.600000002,136.900000004,0.00611829726,2380.0743866068747
SKW-15,SKW-15,2025-07-29 11:09:00,28.6,51.0,752.400000000567,2427.99999999938,105.600000002,136.4,0.00815772968,1009.3323241764311
SKW-15,SKW-15,2025-07-29 11:10:00,28.9,51.0,751.49999999993,2427.40000000041,105.600000002,137.199999992,0.00815772968,993.3990042465917
SKW-15,SKW-15,2025-07-29 11:11:00,29.0,51.0,746.400000000669,2426.79999999998,105.499999994,137.899999994,0.00611829726,988.2032385123791
SKW-15,SKW-15,2025-07-29 11:13:00,28.8,51.0,730.099999999278,2427.99999999938,105.299999996,139.200000008,0.00611829726,998.9096436920818
SKW-15,SKW-15,2025-07-29 11:14:30,28.8,51.0,713.600000000646,2425.70000000065,105.000000008,140.100000008,0.00815772968,999.1053185243353
SKW-15,SKW-15,2025-07-29 11:15:00,28.8,51.0,713.600000000646,2425.70000000065,105.000000008,140.100000008,0.00815772968,999.1053185243353
SKW-15,SKW-15,2025-07-29 11:16:00,28.7,51.0,713.400000000504,2424.4999999998,104.9,140.399999996,0.00509858105,1004.3466330591043
SKW-15,SKW-15,2025-07-29 11:17:00,28.8,51.0,714.399999999762,2423.60000000062,104.799999992,139.499999996,0.00611829726,999.1334555030132
SKW-15,SKW-15,2025-07-29 11:19:00,28.8,51.0,717.999999999411,2423.50000000055,104.700000002,140.799999992,0.00815772968,999.0315527765688
SKW-15,SKW-15,2025-07-29 11:20:00,29.0,51.0,723.100000000122,2424.39999999973,104.799999992,139.800000002,0.00713801347,988.5560169248431
SKW-15,SKW-15,2025-07-29 11:21:00,28.8,51.0,726.5999999997,2425.00000000016,104.799999992,140.199999998,0.00815772968,998.9354271509641
SKW-15,SKW-15,2025-07-29 11:23:00,28.7,51.0,740.799999999604,2427.99999999938,104.9,140.9,0.00713801347,1004.011004740466
SKW-15,SKW-15,2025-07-29 11:24:00,28.8,51.0,746.799999999502,2429.90000000073,104.9,141.000000008,0.00611829726,998.6242706510704
SKW-15,SKW-15,2025-07-29 11:25:00,28.7,51.0,749.600000000034,2430.89999999998,104.9,141.400000004,0.00815772968,1003.888541977653
SKW-15,SKW-15,2025-07-29 11:26:00,28.4,51.0,751.49999999993,2433.20000000016,105.000000008,141.299999996,0.00713801347,1019.9919866931924
SKW-15,SKW-15,2025-07-29 11:27:00,25.2,51.0,751.800000000142,2436.69999999974,105.099999998,140.799999992,0.00611829726,2380.061057788076
SKW-15,SKW-15,2025-07-29 11:28:00,24.8,51.0,751.800000000142,2436.69999999974,105.099999998,140.799999992,0.00611829726,2380.05542149069
SKW-15,SKW-15,2025-07-29 11:31:00,21.8,51.0,751.600000000001,2435.90000000062,105.200000006,138.900000002,0.00611829726,2379.997959204279
SKW-15,SKW-15,2025-07-29 11:32:00,26.0,51.0,751.600000000001,2433.00000000002,105.299999996,136.700000006,0.00713801347,2380.072210794529
SKW-15,SKW-15,2025-07-29 11:33:00,27.9,51.0,751.399999999859,2431.50000000041,105.299999996,136.700000006,0.00815772968,2380.091943826456
SKW-15,SKW-15,2025-07-29 11:34:00,29.1,51.0,749.499999999964,2423.99999999945,105.299999996,135.699999998,0.00713801347,983.0580453664636
SKW-15,SKW-15,2025-07-29 11:38:00,28.9,51.0,718.900000000048,2414.70000000011,104.9,138.799999994,0.00611829726,993.8781169397536
SKW-15,SKW-15,2025-07-29 11:39:00,28.9,51.0,716.199999999586,2413.30000000057,104.799999992,138.799999994,0.00713801347,993.9231189986314
SKW-15,SKW-15,2025-07-29 11:39:19,28.7,51.0,716.699999999941,2412.70000000015,104.799999992,140.100000008,0.00713801347,1004.3202474912073
SKW-15,SKW-15,2025-07-29 11:40:00,28.7,51.0,716.699999999941,2412.70000000015,104.799999992,140.100000008,0.00713801347,1004.3202474912073
SKW-15,SKW-15,2025-07-29 11:41:00,28.1,51.0,720.499999999731,2411.79999999951,104.700000002,139.600000004,0.00917744589,2380.0950678130093
SKW-15,SKW-15,2025-07-29 11:42:00,22.6,51.0,726.099999999346,2410.90000000032,104.700000002,140.399999996,0.00611829726,2380.0200034322825
SKW-15,SKW-15,2025-07-29 11:43:00,21.6,51.0,732.999999999881,2408.90000000036,104.799999992,139.899999992,0.00611829726,2379.9302880496693
SKW-15,SKW-15,2025-07-29 11:46:00,23.8,51.0,748.699999999397,2403.29999999929,104.9,136.299999992,0.00917744589,2380.041410019072
SKW-15,SKW-15,2025-07-29 11:48:00,24.3,51.0,751.099999999646,2398.90000000053,105.099999998,134.900000006,0.00611829726,2380.0497132966752
SKW-15,SKW-15,2025-07-29 11:49:00,23.9,51.0,751.399999999859,2397.89999999982,105.200000006,136.700000006,0.00917744589,2380.0425606801164
SKW-15,SKW-15,2025-07-29 11:50:02,23.4,51.0,751.600000000001,2397.59999999961,105.200000006,136.200000002,0.00815772968,2380.0339381709973
SKW-15,SKW-15,2025-07-29 11:52:00,24.9,51.0,751.900000000213,2399.0000000006,105.299999996,134.499999992,0.00713801347,2380.0585355143385
SKW-15,SKW-15,2025-07-29 11:53:00,25.8,51.0,751.800000000142,2399.19999999929,105.299999996,135.600000008,0.00917744589,2380.0700226312133
SKW-15,SKW-15,2025-07-29 11:55:00,29.1,51.0,743.900000000349,2393.89999999989,105.200000006,136.200000002,0.00713801347,983.1461071333433
SKW-15,SKW-15,2025-07-29 11:56:00,29.1,51.0,738.899999999709,2394.10000000003,105.200000006,137.199999992,0.00611829726,983.1871633937799
SKW-15,SKW-15,2025-07-29 11:58:00,28.9,51.0,722.499999999697,2397.00000000063,104.9,138.999999992,0.00713801347,993.8100830827677
SKW-15,SKW-15,2025-07-29 12:00:00,28.8,51.0,720.39999999966,2401.59999999954,104.799999992,139.200000008,0.00713801347,999.0631892637736
SKW-15,SKW-15,2025-07-29 12:01:00,28.9,51.0,723.900000000689,2405.4999999994,104.799999992,139.299999998,0.00611829726,993.7819058528504
SKW-15,SKW-15,2025-07-29 12:02:01,28.8,51.0,729.10000000002,2408.70000000022,104.700000002,140.300000006,0.00713801347,998.9043359007318
SKW-15,SKW-15,2025-07-29 12:03:00,28.8,51.0,732.100000000694,2409.79999999955,104.799999992,139.699999994,0.00713801347,998.8838625008502
SKW-15,SKW-15,2025-07-29 12:04:00,28.5,51.0,739.299999999992,2411.69999999944,104.799999992,140.300000006,0.00815772968,1014.7093745912622
SKW-15,SKW-15,2025-07-29 12:05:00,25.5,51.0,748.000000000352,2412.09999999972,104.9,140.700000002,0.00611829726,2380.065448663863
SKW-15,SKW-15,2025-07-29 12:06:00,25.2,51.0,750.400000000601,2411.69999999944,104.9,141.400000004,0.00713801347,2380.0610672376333
SKW-15,SKW-15,2025-07-29 12:07:00,25.6,51.0,750.500000000672,2409.00000000043,105.099999998,140.199999998,0.00611829726,2380.066595594531
SKW-15,SKW-15,2025-07-29 12:09:00,24.6,51.0,751.099999999646,2405.99999999975,105.200000006,139.200000008,0.00611829726,2380.0529642079805
SKW-15,SKW-15,2025-07-29 12:11:00,23.7,51.0,751.099999999646,2403.39999999936,105.299999996,138.2,0.00611829726,2380.03866832296
SKW-15,SKW-15,2025-07-29 12:13:00,28.3,51.0,750.799999999434,2401.89999999975,105.400000004,136.4,0.00611829726,1025.4551824464904
SKW-15,SKW-15,2025-07-29 12:14:00,28.8,51.0,749.700000000105,2398.70000000039,105.400000004,138.000000002,0.00611829726,998.6873736671365
SKW-15,SKW-15,2025-07-29 12:15:00,29.0,51.0,744.100000000491,2398.90000000053,105.299999996,138.599999996,0.00713801347,988.2158022333939
SKW-15,SKW-15,2025-07-29 12:17:00,29.0,51.0,724.09999999938,2403.69999999958,105.099999998,139.1,0.00611829726,988.5602330271054
SKW-15,SKW-15,2025-07-29 12:18:00,28.9,51.0,716.399999999728,2406.60000000018,104.9,140.300000006,0.00713801347,993.8423986853653
SKW-15,SKW-15,2025-07-29 12:19:00,28.7,51.0,713.799999999337,2408.19999999986,104.799999992,139.200000008,0.00611829726,1004.38643709235
SKW-15,SKW-15,2025-07-29 12:20:00,28.7,51.0,712.299999999725,2411.79999999951,104.799999992,140.199999998,0.00611829726,1004.3684061261793
SKW-15,SKW-15,2025-07-29 12:21:00,28.8,51.0,713.300000000433,2413.50000000072,104.700000002,139.499999996,0.00713801347,999.150926698644
SKW-15,SKW-15,2025-07-29 12:23:00,28.1,51.0,722.199999999485,2421.20000000037,104.700000002,141.099999998,0.00713801347,2380.0947349112016
SKW-15,SKW-15,2025-07-29 12:25:00,25.0,51.0,738.799999999638,2428.39999999966,104.799999992,140.799999992,0.00611829726,2380.059538687099
SKW-15,SKW-15,2025-07-29 12:27:00,24.7,51.0,749.900000000247,2430.4999999997,104.9,139.299999998,0.00611829726,2380.054634412123
SKW-15,SKW-15,2025-07-29 12:29:00,25.1,51.0,750.400000000601,2430.09999999942,105.099999998,138.099999992,0.00713801347,2380.0605247840863
SKW-15,SKW-15,2025-07-29 12:31:00,24.1,51.0,750.599999999292,2429.60000000051,105.200000006,137.199999992,0.00509858105,2380.0458500847144
SKW-15,SKW-15,2025-07-29 12:32:00,23.6,51.0,750.500000000672,2429.90000000073,105.299999996,137.600000006,0.00611829726,2380.037179006237
SKW-15,SKW-15,2025-07-29 12:34:00,28.4,51.0,750.200000000459,2429.60000000051,105.299999996,136.200000002,0.00815772968,1020.0723688349024
SKW-15,SKW-15,2025-07-29 12:35:00,28.8,51.0,748.799999999468,2427.40000000041,105.299999996,136.599999998,0.00611829726,998.7642329339063
SKW-15,SKW-15,2025-07-29 12:36:00,29.0,51.0,743.199999999853,2427.30000000034,105.200000006,137.199999992,0.00509858105,988.3216671343001
SKW-15,SKW-15,2025-07-29 12:37:00,28.9,51.0,738.599999999496,2427.89999999931,105.200000006,138.099999992,0.00713801347,993.584537282241
SKW-15,SKW-15,2025-07-29 12:38:00,28.8,51.0,728.000000000691,2430.39999999963,105.099999998,138.399999998,0.00713801347,998.979363045914
SKW-15,SKW-15,2025-07-29 12:39:00,28.9,51.0,723.600000000476,2431.70000000055,104.9,138.700000004,0.00509858105,993.812334965289
SKW-15,SKW-15,2025-07-29 12:40:52,28.7,51.0,713.999999999479,2440.00000000063,104.700000002,140.100000008,0.00611829726,1004.3567619836549
SKW-15,SKW-15,2025-07-29 12:41:00,28.7,51.0,713.999999999479,2440.00000000063,104.700000002,140.100000008,0.00611829726,1004.3567619836549
SKW-15,SKW-15,2025-07-29 12:42:00,28.7,51.0,714.499999999833,2440.69999999967,104.700000002,139.899999992,0.00611829726,1004.3581084772139
SKW-15,SKW-15,2025-07-29 12:46:00,25.8,51.0,733.099999999952,2437.30000000017,104.700000002,141.000000008,0.00713801347,2380.07036965891
SKW-15,SKW-15,2025-07-29 12:47:00,25.2,51.0,741.299999999958,2435.3000000002,104.799999992,139.800000002,0.00713801347,2380.062307340299
SKW-15,SKW-15,2025-07-29 12:48:00,25.1,51.0,745.29999999989,2434.09999999935,104.799999992,140.300000006,0.00509858105,2380.0604980953135
SKW-15,SKW-15,2025-07-29 12:49:00,25.3,51.0,749.499999999964,2431.50000000041,104.9,139.299999998,0.00611829726,2380.0630613945877
SKW-15,SKW-15,2025-07-29 12:49:18,25.2,51.0,749.800000000176,2429.20000000023,104.9,137.699999996,0.00713801347,2380.0621052477873
SKW-15,SKW-15,2025-07-29 12:50:00,25.2,51.0,749.800000000176,2429.20000000023,104.9,137.699999996,0.00713801347,2380.0621052477873
SKW-15,SKW-15,2025-07-29 12:52:00,28.6,51.0,749.199999999751,2422.59999999991,105.099999998,137.699999996,0.00917744589,1009.3401481919759
SKW-15,SKW-15,2025-07-29 12:56:00,28.7,51.0,729.300000000162,2417.50000000065,104.799999992,139.400000006,0.00713801347,1004.201272754472
SKW-15,SKW-15,2025-07-29 12:56:19,28.7,51.0,725.700000000513,2417.50000000065,104.799999992,140.100000008,0.00815772968,1004.2158735708474
SKW-15,SKW-15,2025-07-29 12:57:00,28.8,51.0,725.700000000513,2417.50000000065,104.799999992,140.100000008,0.00815772968,998.9518288782936
SKW-15,SKW-15,2025-07-29 12:58:00,28.8,51.0,719.800000000686,2418.09999999962,104.700000002,139.600000004,0.00815772968,999.0573445462799
SKW-15,SKW-15,2025-07-29 12:59:00,28.9,51.0,719.500000000473,2418.39999999983,104.599999994,139.400000006,0.00815772968,993.8519207177255
SKW-15,SKW-15,2025-07-29 13:00:00,28.7,51.0,719.899999999306,2418.49999999991,104.599999994,139.299999998,0.00917744589,1004.3166498248427
SKW-15,SKW-15,2025-07-29 13:01:00,28.2,51.0,722.299999999555,2418.80000000012,104.599999994,141.299999996,0.00815772968,1030.877168629847
SKW-15,SKW-15,2025-07-29 13:02:00,24.0,51.0,725.700000000513,2419.60000000068,104.599999994,140.0,0.00815772968,2380.0460773294903
SKW-15,SKW-15,2025-07-29 13:05:00,24.7,51.0,741.199999999887,2420.19999999966,104.700000002,137.800000004,0.00815772968,2380.0559099329002
SKW-15,SKW-15,2025-07-29 13:07:00,25.2,51.0,748.500000000706,2420.90000000015,104.799999992,138.000000002,0.00815772968,2380.062154497
SKW-15,SKW-15,2025-07-29 13:08:00,25.3,51.0,749.09999999968,2420.29999999973,104.9,136.700000006,0.00815772968,2380.063746566006
SKW-15,SKW-15,2025-07-29 13:11:00,28.6,51.0,748.699999999397,2413.69999999941,104.9,136.700000006,0.00815772968,1009.3823235906184
SKW-15,SKW-15,2025-07-29 13:14:00,28.8,51.0,731.200000000057,2403.89999999972,104.700000002,138.799999994,0.00815772968,998.9367058418428
SKW-15,SKW-15,2025-07-29 13:15:00,28.8,51.0,728.499999999595,2403.29999999929,104.700000002,139.699999994,0.00713801347,998.9376972267254
SKW-15,SKW-15,2025-07-29 13:16:00,28.7,51.0,724.699999999805,2402.50000000018,104.599999994,139.1,0.0101971621,1004.267280394166
SKW-15,SKW-15,2025-07-29 13:18:00,28.7,51.0,725.000000000017,2403.20000000067,104.500000004,140.300000006,0.00713801347,1004.2310227782447
SKW-15,SKW-15,2025-07-29 13:19:00,26.4,51.0,726.499999999629,2403.49999999943,104.500000004,140.0,0.00815772968,2380.0780673095055
SKW-15,SKW-15,2025-07-29 13:20:00,25.1,51.0,730.199999999349,2404.90000000043,104.500000004,140.300000006,0.00713801347,2380.061871717018
SKW-15,SKW-15,2025-07-29 13:21:00,21.9,51.0,734.699999999635,2405.89999999968,104.500000004,138.700000004,0.00815772968,2380.003636847639
SKW-15,SKW-15,2025-07-29 13:22:00,24.0,51.0,737.400000000097,2406.90000000039,104.599999994,139.1,0.00917744589,2380.045139295386
SKW-15,SKW-15,2025-07-29 13:23:00,25.0,51.0,746.59999999936,2408.60000000015,104.599999994,136.900000004,0.0101971621,2380.059922648947
SKW-15,SKW-15,2025-07-29 13:24:00,25.2,51.0,747.80000000021,2409.69999999947,104.700000002,136.799999996,0.00713801347,2380.062575542713
SKW-15,SKW-15,2025-07-29 13:25:00,25.4,51.0,748.000000000352,2411.20000000054,104.700000002,136.999999994,0.00917744589,2380.0651169353414
SKW-15,SKW-15,2025-07-29 13:26:00,26.2,51.0,748.400000000635,2414.70000000011,104.799999992,136.799999996,0.00917744589,2380.0748721867913
SKW-15,SKW-15,2025-07-29 13:28:00,28.8,51.0,748.400000000635,2418.49999999991,104.799999992,136.599999998,0.00917744589,998.7880018079842
SKW-15,SKW-15,2025-07-29 13:30:00,28.8,51.0,735.099999999918,2419.00000000026,104.700000002,137.899999994,0.00713801347,998.9237199557315
SKW-15,SKW-15,2025-07-29 13:33:00,28.7,51.0,717.100000000224,2427.20000000027,104.300000006,138.900000002,0.00917744589,1004.3747197764875
SKW-15,SKW-15,2025-07-29 13:34:00,28.7,51.0,716.900000000082,2428.39999999966,104.300000006,139.699999994,0.00713801347,1004.3525414711111
SKW-15,SKW-15,2025-07-29 13:35:00,28.8,51.0,718.499999999765,2430.89999999998,104.300000006,139.600000004,0.00713801347,999.0964373721924
SKW-15,SKW-15,2025-07-29 13:36:40,28.7,51.0,726.999999999983,2437.2000000001,104.199999998,140.100000008,0.00815772968,1004.2258402252228
SKW-15,SKW-15,2025-07-29 13:37:00,28.7,51.0,726.999999999983,2437.2000000001,104.199999998,140.100000008,0.00815772968,1004.2258402252228
SKW-15,SKW-15,2025-07-29 13:38:00,28.2,51.0,729.900000000587,2438.89999999985,104.300000006,140.0,0.00815772968,1030.8757082687307
SKW-15,SKW-15,2025-07-29 13:40:00,25.0,51.0,743.299999999924,2443.50000000021,104.399999996,139.400000006,0.00917744589,2380.059609766414
SKW-15,SKW-15,2025-07-29 13:42:00,25.2,51.0,747.299999999856,2445.09999999989,104.399999996,139.299999998,0.00917744589,2380.062023204179
SKW-15,SKW-15,2025-07-29 13:43:00,25.2,51.0,747.299999999856,2445.4000000001,104.500000004,139.200000008,0.00713801347,2380.0620458074973
SKW-15,SKW-15,2025-07-29 13:43:03,25.2,51.0,747.700000000139,2445.30000000003,104.599999994,137.800000004,0.00713801347,2380.0623511309595
SKW-15,SKW-15,2025-07-29 13:44:00,25.2,51.0,747.700000000139,2445.30000000003,104.599999994,137.800000004,0.00713801347,2380.0623511309595
SKW-15,SKW-15,2025-07-29 13:47:00,23.9,51.0,747.900000000281,2441.40000000017,104.700000002,137.400000008,0.00713801347,2380.042929638757
SKW-15,SKW-15,2025-07-29 13:48:00,27.3,51.0,747.700000000139,2438.19999999935,104.799999992,136.900000004,0.00815772968,2380.0865779672154
SKW-15,SKW-15,2025-07-29 13:51:00,28.8,51.0,742.200000000595,2425.50000000051,104.700000002,137.100000002,0.00713801347,998.8608140117248
SKW-15,SKW-15,2025-07-29 13:54:00,28.8,51.0,723.000000000051,2423.40000000047,104.399999996,138.599999996,0.00815772968,999.0705429209797
SKW-15,SKW-15,2025-07-29 13:55:00,28.9,51.0,721.999999999343,2424.59999999987,104.300000006,139.1,0.00917744589,993.8419122674969
SKW-15,SKW-15,2025-07-29 13:56:00,28.7,51.0,722.399999999626,2425.50000000051,104.300000006,139.600000004,0.00713801347,1004.2936174297679
SKW-15,SKW-15,2025-07-29 13:57:00,28.8,51.0,723.500000000405,2426.49999999977,104.300000006,139.800000002,0.00713801347,999.0207622707528
SKW-15,SKW-15,2025-07-29 13:58:03,26.0,51.0,733.300000000094,2431.50000000041,104.300000006,140.100000008,0.00713801347,2380.0730671974666
SKW-15,SKW-15,2025-07-29 13:59:00,24.6,51.0,733.300000000094,2431.50000000041,104.300000006,140.100000008,0.00713801347,2380.0546728925406
SKW-15,SKW-15,2025-07-29 14:00:00,21.7,51.0,739.700000000275,2434.29999999949,104.300000006,139.800000002,0.00713801347,2379.997381330163
SKW-15,SKW-15,2025-07-29 14:01:54,24.2,51.0,747.199999999785,2437.30000000017,104.599999994,136.700000006,0.00509858105,2380.048175782661
SKW-15,SKW-15,2025-07-29 14:02:00,24.2,51.0,747.199999999785,2437.30000000017,104.599999994,136.700000006,0.00509858105,2380.048175782661
SKW-15,SKW-15,2025-07-29 14:04:00,25.2,51.0,747.399999999927,2439.50000000027,104.700000002,135.600000008,0.00713801347,2380.0629249778176
SKW-15,SKW-15,2025-07-29 14:05:00,25.4,51.0,747.600000000068,2440.39999999946,104.700000002,135.699999998,0.00611829726,2380.06552019495
SKW-15,SKW-15,2025-07-29 14:10:00,28.7,51.0,728.199999999383,2433.10000000009,104.599999994,137.699999996,0.00713801347,1004.2821660031713
SKW-15,SKW-15,2025-07-29 14:12:00,28.8,51.0,721.400000000368,2432.49999999967,104.399999996,138.599999996,0.00509858105,999.0984375503921
SKW-15,SKW-15,2025-07-29 14:15:00,28.7,51.0,724.299999999521,2435.20000000013,104.300000006,139.200000008,0.00713801347,1004.2860822000913
SKW-15,SKW-15,2025-07-29 14:16:00,27.1,51.0,728.399999999524,2436.89999999988,104.300000006,140.0,0.00815772968,2380.0853245032563
SKW-15,SKW-15,2025-07-29 14:17:00,24.5,51.0,732.999999999881,2438.09999999928,104.300000006,139.800000002,0.00611829726,2380.053323027395
SKW-15,SKW-15,2025-07-29 14:17:43,24.5,51.0,739.199999999921,2438.09999999928,104.399999996,138.799999994,0.00713801347,2380.0529784113683
SKW-15,SKW-15,2025-07-29 14:18:00,25.0,51.0,739.199999999921,2438.09999999928,104.399999996,138.799999994,0.00713801347,2380.060161194711
SKW-15,SKW-15,2025-07-29 14:19:00,25.1,51.0,742.499999999357,2438.00000000066,104.399999996,138.2,0.00713801347,2380.061403412209
SKW-15,SKW-15,2025-07-29 14:20:00,26.0,51.0,746.499999999289,2438.29999999942,104.500000004,138.399999998,0.00611829726,2380.0724290469634
SKW-15,SKW-15,2025-07-29 14:22:00,25.6,51.0,747.299999999856,2437.80000000052,104.599999994,138.599999996,0.00611829726,2380.0673990517776
SKW-15,SKW-15,2025-07-29 14:24:00,24.7,51.0,747.600000000068,2435.20000000013,104.700000002,138.2,0.00713801347,2380.0552183733175
SKW-15,SKW-15,2025-07-29 14:25:00,24.4,51.0,747.600000000068,2434.49999999963,104.700000002,137.400000008,0.00509858105,2380.050997953641
SKW-15,SKW-15,2025-07-29 14:27:00,28.6,51.0,746.999999999643,2430.59999999977,104.799999992,137.100000002,0.00611829726,1009.3930430978376
SKW-15,SKW-15,2025-07-29 14:29:00,28.9,51.0,739.900000000417,2423.50000000055,104.700000002,138.300000008,0.00713801347,993.5828159002014
SKW-15,SKW-15,2025-07-29 14:33:00,28.7,51.0,714.499999999833,2423.50000000055,104.300000006,139.200000008,0.00917744589,1004.3936138341578
SKW-15,SKW-15,2025-07-29 14:34:00,28.8,51.0,715.300000000399,2425.10000000023,104.199999998,139.699999994,0.00815772968,999.1379649969649
SKW-15,SKW-15,2025-07-29 14:34:50,28.6,51.0,719.700000000615,2426.69999999991,104.199999998,140.100000008,0.00815772968,1009.5782364703588
SKW-15,SKW-15,2025-07-29 14:35:00,28.6,51.0,719.700000000615,2426.69999999991,104.199999998,140.100000008,0.00815772968,1009.5782364703588
SKW-15,SKW-15,2025-07-29 14:37:00,24.2,51.0,729.900000000587,2428.90000000002,104.300000006,139.699999994,0.00917744589,2380.049023084507
SKW-15,SKW-15,2025-07-29 14:38:00,22.5,51.0,737.80000000038,2429.90000000073,104.300000006,140.100000008,0.00713801347,2380.0165623137887
SKW-15,SKW-15,2025-07-29 14:38:13,22.5,51.0,742.100000000524,2430.39999999963,104.399999996,138.599999996,0.00713801347,2380.016559516701
SKW-15,SKW-15,2025-07-29 14:39:00,23.6,51.0,742.100000000524,2430.39999999963,104.399999996,138.599999996,0.00713801347,2380.0381250285654
SKW-15,SKW-15,2025-07-29 14:41:00,24.5,51.0,746.699999999431,2431.2000000002,104.599999994,136.900000004,0.00713801347,2380.052754861595
SKW-15,SKW-15,2025-07-29 14:42:00,25.0,51.0,746.799999999502,2432.19999999946,104.700000002,137.3,0.00713801347,2380.059806116994
SKW-15,SKW-15,2025-07-29 14:43:00,24.5,51.0,747.099999999714,2432.59999999974,104.700000002,136.700000006,0.00917744589,2380.052710996185
SKW-15,SKW-15,2025-07-29 14:46:00,26.0,51.0,747.700000000139,2429.40000000037,104.799999992,135.300000002,0.00815772968,2380.0729539717067
SKW-15,SKW-15,2025-07-29 14:48:00,28.8,51.0,745.500000000032,2422.90000000012,104.9,135.300000002,0.00611829726,998.8840267611737
SKW-15,SKW-15,2025-07-29 14:49:00,28.8,51.0,739.800000000346,2421.20000000037,104.799999992,136.799999996,0.00509858105,998.905493261316
SKW-15,SKW-15,2025-07-29 14:50:00,28.8,51.0,735.900000000485,2421.40000000051,104.799999992,138.399999998,0.00611829726,998.8890471580941
SKW-15,SKW-15,2025-07-29 14:53:00,28.8,51.0,721.400000000368,2425.89999999934,104.500000004,138.900000002,0.00611829726,999.0789655914831
SKW-15,SKW-15,2025-07-29 14:54:00,28.9,51.0,720.900000000014,2427.50000000048,104.399999996,139.1,0.00815772968,993.8558389186669
SKW-15,SKW-15,2025-07-29 14:56:00,28.8,51.0,727.100000000054,2434.99999999999,104.399999996,139.699999994,0.00713801347,998.9713856214796
SKW-15,SKW-15,2025-07-29 14:57:00,28.6,51.0,731.400000000199,2438.09999999928,104.399999996,140.599999994,0.00713801347,1009.44982656585
SKW-15,SKW-15,2025-07-29 15:01:00,25.9,51.0,746.499999999289,2437.50000000031,104.599999994,139.699999994,0.00815772968,2380.0708747975477
SKW-15,SKW-15,2025-07-29 15:01:01,25.7,51.0,746.799999999502,2436.09999999932,104.700000002,138.999999992,0.00611829726,2380.0685645099243
SKW-15,SKW-15,2025-07-29 15:02:00,25.4,51.0,746.899999999573,2434.5999999997,104.700000002,139.1,0.00611829726,2380.064709457883
SKW-15,SKW-15,2025-07-29 15:03:00,24.8,51.0,746.999999999643,2433.20000000016,104.700000002,138.700000004,0.00611829726,2380.056593951828
SKW-15,SKW-15,2025-07-29 15:04:00,24.3,51.0,747.099999999714,2428.90000000002,104.799999992,138.799999994,0.00815772968,2380.0489891773877
SKW-15,SKW-15,2025-07-29 15:05:00,24.3,51.0,747.099999999714,2428.90000000002,104.799999992,138.799999994,0.00815772968,2380.0489891773877
SKW-15,SKW-15,2025-07-29 15:06:00,27.1,51.0,746.999999999643,2425.10000000023,104.9,136.4,0.00815772968,2380.0847109723013
SKW-15,SKW-15,2025-07-29 15:07:00,28.7,51.0,746.499999999289,2420.70000000001,104.9,136.900000004,0.00611829726,1004.0901296641396
SKW-15,SKW-15,2025-07-29 15:08:00,28.9,51.0,745.900000000315,2417.99999999955,104.9,137.699999996,0.00611829726,993.5084815810789
SKW-15,SKW-15,2025-07-29 15:09:00,28.9,51.0,740.699999999533,2414.3999999999,104.9,138.900000002,0.00611829726,993.5319789390038
SKW-15,SKW-15,2025-07-29 15:10:00,28.8,51.0,731.200000000057,2413.10000000043,104.799999992,138.599999996,0.00713801347,998.9423366932343
SKW-15,SKW-15,2025-07-29 15:11:00,28.9,51.0,726.000000000725,2412.70000000015,104.700000002,139.600000004,0.00611829726,993.7402815322697
SKW-15,SKW-15,2025-07-29 15:12:00,28.8,51.0,721.60000000051,2412.70000000015,104.599999994,138.300000008,0.00713801347,999.0942480627991
SKW-15,SKW-15,2025-07-29 15:13:00,28.8,51.0,713.700000000717,2414.09999999969,104.399999996,139.800000002,0.00815772968,999.1455590497399
SKW-15,SKW-15,2025-07-29 15:14:00,28.8,51.0,712.399999999796,2416.39999999987,104.399999996,138.900000002,0.00815772968,999.2001988432228
SKW-15,SKW-15,2025-07-29 15:15:06,28.8,51.0,718.199999999552,2420.49999999987,104.300000006,140.599999994,0.00815772968,999.05671417181
SKW-15,SKW-15,2025-07-29 15:17:00,24.5,51.0,725.200000000159,2423.3000000004,104.399999996,139.899999992,0.00713801347,2380.053981806007
SKW-15,SKW-15,2025-07-29 15:18:00,22.5,51.0,732.999999999881,2425.60000000058,104.399999996,139.200000008,0.00611829726,2380.01758160563
SKW-15,SKW-15,2025-07-29 15:19:00,24.3,51.0,741.60000000017,2427.20000000027,104.500000004,139.400000006,0.00815772968,2380.04945899952
SKW-15,SKW-15,2025-07-29 15:19:10,24.5,51.0,745.600000000103,2427.89999999931,104.599999994,137.100000002,0.00509858105,2380.0528309625706
SKW-15,SKW-15,2025-07-29 15:20:00,24.5,51.0,745.600000000103,2427.89999999931,104.599999994,137.100000002,0.00509858105,2380.0528309625706
SKW-15,SKW-15,2025-07-29 15:21:00,24.5,51.0,746.200000000527,2429.70000000059,104.700000002,136.900000004,0.00611829726,2380.0527831394197
SKW-15,SKW-15,2025-07-29 15:22:00,25.5,51.0,746.400000000669,2430.39999999963,104.700000002,136.500000008,0.00713801347,2380.0666857919477
SKW-15,SKW-15,2025-07-29 15:24:00,24.1,51.0,747.099999999714,2427.10000000019,104.9,136.999999994,0.00611829726,2380.0463689823177
SKW-15,SKW-15,2025-07-29 15:25:00,23.5,51.0,747.199999999785,2425.00000000016,104.9,136.200000002,0.00713801347,2380.036406247023
SKW-15,SKW-15,2025-07-29 15:26:00,23.3,51.0,747.299999999856,2423.99999999945,104.9,136.200000002,0.0101971621,2380.0326836172108
SKW-15,SKW-15,2025-07-29 15:28:00,28.8,51.0,746.400000000669,2417.30000000051,105.000000008,135.5,0.00815772968,998.8540977821174
SKW-15,SKW-15,2025-07-29 15:29:00,28.9,51.0,743.700000000207,2413.2000000005,105.000000008,136.700000006,0.00815772968,993.581355317371
SKW-15,SKW-15,2025-07-29 15:31:00,28.9,51.0,725.700000000513,2411.4999999993,104.700000002,138.700000004,0.00815772968,993.7835019587046
SKW-15,SKW-15,2025-07-29 15:32:00,28.9,51.0,721.700000000581,2411.99999999965,104.700000002,138.999999992,0.00815772968,993.8313367606289
SKW-15,SKW-15,2025-07-29 15:34:00,28.6,51.0,715.40000000047,2415.99999999959,104.500000004,139.299999998,0.00917744589,1009.6292570054381
SKW-15,SKW-15,2025-07-29 15:35:00,28.8,51.0,717.600000000578,2418.29999999976,104.399999996,138.700000004,0.00713801347,999.1410314229319
SKW-15,SKW-15,2025-07-29 15:36:00,28.8,51.0,719.700000000615,2419.50000000061,104.399999996,139.699999994,0.00611829726,999.0734000199757
SKW-15,SKW-15,2025-07-29 15:37:00,28.9,51.0,722.199999999485,2420.90000000015,104.399999996,139.899999992,0.00509858105,993.8044900601636
SKW-15,SKW-15,2025-07-29 15:39:00,27.4,51.0,736.899999999742,2427.10000000019,104.599999994,140.700000002,0.00815772968,2380.0875369561613
SKW-15,SKW-15,2025-07-29 15:40:00,25.5,51.0,746.000000000386,2430.19999999949,104.700000002,140.399999996,0.00713801347,2380.065735417051
SKW-15,SKW-15,2025-07-29 15:41:00,25.3,51.0,746.000000000386,2430.19999999949,104.700000002,140.399999996,0.00713801347,2380.0631173813667
SKW-15,SKW-15,2025-07-29 15:41:20,24.8,51.0,746.499999999289,2428.69999999988,104.799999992,138.900000002,0.00713801347,2380.0565355536746
SKW-15,SKW-15,2025-07-29 15:42:00,24.9,51.0,746.499999999289,2428.69999999988,104.799999992,138.900000002,0.00713801347,2380.057961410316
SKW-15,SKW-15,2025-07-29 15:43:00,25.0,51.0,746.59999999936,2426.49999999977,104.9,138.2,0.00713801347,2380.059514469347
SKW-15,SKW-15,2025-07-29 15:44:00,24.9,51.0,746.899999999573,2424.80000000002,104.9,137.699999996,0.00713801347,2380.058226392885
SKW-15,SKW-15,2025-07-29 15:45:00,24.1,51.0,747.099999999714,2423.70000000069,105.000000008,138.399999998,0.00917744589,2380.0458374923255
SKW-15,SKW-15,2025-07-29 15:46:00,24.9,51.0,747.099999999714,2423.70000000069,105.000000008,138.399999998,0.00917744589,2380.0579530586638
SKW-15,SKW-15,2025-07-29 15:47:00,25.5,51.0,746.999999999643,2422.80000000005,105.099999998,138.399999998,0.00917744589,2380.0660155297096
SKW-15,SKW-15,2025-07-29 15:48:00,28.3,51.0,746.59999999936,2421.00000000023,105.099999998,136.900000004,0.00713801347,1025.4652999936598
SKW-15,SKW-15,2025-07-29 15:50:00,28.9,51.0,734.999999999847,2415.5999999993,105.000000008,139.400000006,0.00611829726,993.5917689653572
SKW-15,SKW-15,2025-07-29 15:51:00,28.9,51.0,729.500000000303,2416.60000000001,104.9,138.399999998,0.00815772968,993.7273577818095
SKW-15,SKW-15,2025-07-29 15:55:00,28.8,51.0,709.699999999334,2425.80000000072,104.500000004,139.699999994,0.00611829726,999.2025854301315
SKW-15,SKW-15,2025-07-29 15:55:51,28.8,51.0,715.999999999445,2430.69999999984,104.500000004,140.100000008,0.00815772968,999.0973880228496
SKW-15,SKW-15,2025-07-29 15:56:00,28.8,51.0,715.999999999445,2430.69999999984,104.500000004,140.100000008,0.00815772968,999.0973880228496
SKW-15,SKW-15,2025-07-29 15:58:00,25.5,51.0,726.699999999771,2434.79999999985,104.599999994,141.699999992,0.00815772968,2380.066993899317
SKW-15,SKW-15,2025-07-29 16:01:00,24.8,51.0,745.700000000173,2432.49999999967,104.799999992,139.200000008,0.00713801347,2380.0565238180566
SKW-15,SKW-15,2025-07-29 16:01:07,24.8,51.0,745.800000000244,2431.30000000027,104.799999992,138.799999994,0.00713801347,2380.056627793737
SKW-15,SKW-15,2025-07-29 16:02:00,25.3,51.0,745.800000000244,2431.30000000027,104.799999992,138.799999994,0.00713801347,2380.0635214490007
SKW-15,SKW-15,2025-07-29 16:04:00,24.3,51.0,746.699999999431,2425.50000000051,105.000000008,137.899999994,0.00611829726,2380.049265411151
SKW-15,SKW-15,2025-07-29 16:05:00,24.1,51.0,746.699999999431,2425.50000000051,105.000000008,137.899999994,0.00611829726,2380.04608689603
SKW-15,SKW-15,2025-07-29 16:07:00,22.2,51.0,747.199999999785,2420.90000000015,105.099999998,136.599999998,0.00713801347,2380.009591155501
SKW-15,SKW-15,2025-07-29 16:09:00,26.0,51.0,747.199999999785,2418.49999999991,105.200000006,135.800000006,0.00713801347,2380.0727788995755
SKW-15,SKW-15,2025-07-29 16:10:00,28.3,51.0,746.300000000598,2415.69999999937,105.200000006,135.199999994,0.0101971621,1025.478604423082
SKW-15,SKW-15,2025-07-29 16:12:00,29.0,51.0,737.099999999884,2408.70000000022,105.099999998,137.3,0.00917744589,988.4200777794829
SKW-15,SKW-15,2025-07-29 16:14:00,28.9,51.0,720.599999999802,2410.70000000018,104.9,138.900000002,0.00611829726,993.8469132301541
SKW-15,SKW-15,2025-07-29 16:16:00,28.9,51.0,712.299999999725,2414.70000000011,104.700000002,138.799999994,0.00611829726,993.9914178320266
SKW-15,SKW-15,2025-07-29 16:18:06,28.7,51.0,721.500000000439,2422.19999999962,104.599999994,140.100000008,0.00815772968,1004.2720866170615
SKW-15,SKW-15,2025-07-29 16:19:00,28.5,51.0,725.200000000159,2423.99999999945,104.700000002,140.199999998,0.00713801347,1014.816772871686
SKW-15,SKW-15,2025-07-29 16:20:00,25.4,51.0,732.899999999811,2427.99999999938,104.700000002,140.300000006,0.00713801347,2380.0655454164807
SKW-15,SKW-15,2025-07-29 16:21:00,24.3,51.0,741.199999999887,2430.69999999984,104.799999992,140.700000002,0.00713801347,2380.0490069618127
SKW-15,SKW-15,2025-07-29 16:22:00,24.0,51.0,744.999999999678,2431.2000000002,104.799999992,140.300000006,0.00917744589,2380.0438798419245
SKW-15,SKW-15,2025-07-29 16:26:00,24.2,51.0,746.59999999936,2426.90000000005,105.200000006,137.199999992,0.00611829726,2380.047845811642
SKW-15,SKW-15,2025-07-29 16:28:00,23.3,51.0,746.999999999643,2425.00000000016,105.200000006,136.200000002,0.00713801347,2380.0326467176264
SKW-15,SKW-15,2025-07-29 16:29:00,22.0,51.0,747.199999999785,2424.39999999973,105.299999996,137.199999992,0.00917744589,2380.0043861660565
SKW-15,SKW-15,2025-07-29 16:30:00,25.2,51.0,747.299999999856,2424.59999999987,105.299999996,135.800000006,0.00815772968,2380.0626831447644
SKW-15,SKW-15,2025-07-29 16:32:00,28.1,51.0,747.099999999714,2426.69999999991,105.400000004,136.500000008,0.00815772968,2380.093991020036
SKW-15,SKW-15,2025-07-29 16:33:00,28.0,51.0,747.399999999927,2427.20000000027,105.400000004,137.100000002,0.00917744589,2380.092973065993
SKW-15,SKW-15,2025-07-29 16:35:00,27.7,51.0,747.499999999998,2429.90000000073,105.400000004,138.300000008,0.00815772968,2380.0900203606475
SKW-15,SKW-15,2025-07-29 16:36:00,28.2,51.0,747.499999999998,2431.80000000062,105.499999994,138.700000004,0.00917744589,1030.8650206116295
SKW-15,SKW-15,2025-07-29 16:37:00,28.6,51.0,747.299999999856,2431.30000000027,105.499999994,138.399999998,0.00713801347,1009.3269489294613
SKW-15,SKW-15,2025-07-29 16:38:00,28.7,51.0,744.00000000042,2425.99999999942,105.400000004,139.299999998,0.00611829726,1004.012162119912
SKW-15,SKW-15,2025-07-29 16:39:00,28.9,51.0,740.499999999391,2424.39999999973,105.400000004,139.899999992,0.00611829726,993.4575260928822
SKW-15,SKW-15,2025-07-29 16:41:00,28.8,51.0,724.799999999875,2421.20000000037,105.200000006,140.700000002,0.00611829726,998.9235008080423
SKW-15,SKW-15,2025-07-29 16:42:00,28.8,51.0,715.799999999303,2418.90000000019,105.000000008,141.200000006,0.00713801347,999.0320188213398
SKW-15,SKW-15,2025-07-29 16:44:00,28.6,51.0,715.799999999303,2418.09999999962,104.9,140.599999994,0.00713801347,1009.5780274089055
SKW-15,SKW-15,2025-07-29 16:45:00,28.5,51.0,717.600000000578,2417.89999999948,104.9,140.9,0.00917744589,1014.8481304942491
SKW-15,SKW-15,2025-07-29 16:47:00,21.6,51.0,732.199999999315,2415.50000000068,104.9,139.800000002,0.00611829726,2379.930445363463
SKW-15,SKW-15,2025-07-29 16:50:00,24.0,51.0,746.400000000669,2409.79999999955,105.200000006,135.899999996,0.0101971621,2380.0449908584515
SKW-15,SKW-15,2025-07-29 16:51:00,24.1,51.0,746.499999999289,2409.20000000057,105.200000006,135.100000004,0.00815772968,2380.0468881028373
SKW-15,SKW-15,2025-07-29 16:54:00,26.2,51.0,746.899999999573,2409.69999999947,105.400000004,135.899999996,0.00713801347,2380.075049366799
SKW-15,SKW-15,2025-07-29 16:56:00,29.0,51.0,746.699999999431,2411.69999999944,105.400000004,136.099999994,0.00713801347,988.3013564436094
SKW-15,SKW-15,2025-07-29 16:57:00,28.8,51.0,746.200000000527,2410.80000000025,105.400000004,136.900000004,0.00713801347,998.7800108629662
SKW-15,SKW-15,2025-07-29 16:58:00,28.8,51.0,737.300000000026,2409.1000000005,221.599999994,282.399999998,0.00713801347,968.3453987886485
SKW-15,SKW-15,2025-07-29 17:00:00,28.8,51.0,721.999999999343,2411.59999999937,221.199999998,282.099999992,0.00407886484,969.4783770689597
SKW-15,SKW-15,2025-07-29 17:11:00,28.7,51.0,746.300000000598,2425.70000000065,221.0,286.199999996,0.00917744589,404.40500214344473
SKW-15,SKW-15,2025-07-29 17:12:00,28.5,51.0,746.200000000527,2427.20000000027,221.100000008,287.200000004,0.00611829726,984.4385311468037
SKW-15,SKW-15,2025-07-29 17:13:00,28.3,51.0,746.400000000669,2430.4999999997,221.199999998,286.399999994,0.00713801347,1001.8429700899073
SKW-15,SKW-15,2025-07-29 17:14:00,26.0,51.0,746.400000000669,2433.20000000016,221.300000006,286.399999994,0.00815772968,2380.0932430580197
SKW-15,SKW-15,2025-07-29 17:15:00,23.4,51.0,746.100000000457,2434.29999999949,221.300000006,286.899999998,0.00611829726,2380.029327500308
SKW-15,SKW-15,2025-07-29 17:15:54,23.3,51.0,746.000000000386,2435.3000000002,221.399999996,285.400000004,0.00917744589,2380.024325638409
SKW-15,SKW-15,2025-07-29 17:16:00,23.3,51.0,746.000000000386,2435.3000000002,221.399999996,285.400000004,0.00917744589,2380.024325638409
SKW-15,SKW-15,2025-07-29 17:17:00,23.5,51.0,746.200000000527,2435.90000000062,221.500000004,282.2,0.00917744589,2380.0293005570948
SKW-15,SKW-15,2025-07-29 17:18:00,24.4,51.0,746.200000000527,2436.29999999946,221.599999994,279.600000008,0.00815772968,2380.056001652884
SKW-15,SKW-15,2025-07-29 17:19:00,27.4,51.0,746.000000000386,2436.39999999953,221.599999994,280.299999992,0.00713801347,2380.1117592736064
SKW-15,SKW-15,2025-07-29 17:20:00,28.9,51.0,744.899999999607,2433.10000000009,221.700000002,279.800000006,0.00611829726,964.1769182890638
SKW-15,SKW-15,2025-07-29 17:21:00,28.9,51.0,741.700000000241,2427.60000000055,221.599999994,280.599999998,0.00611829726,963.0882188575098
SKW-15,SKW-15,2025-07-29 17:22:00,28.9,51.0,731.400000000199,2423.50000000055,221.300000006,281.199999992,0.00917744589,962.6293462660452
SKW-15,SKW-15,2025-07-29 17:23:00,28.8,51.0,718.199999999552,2421.50000000058,221.0,281.699999996,0.00509858105,970.2579044519022
SKW-15,SKW-15,2025-07-29 17:24:00,28.9,51.0,709.400000000572,2419.40000000054,220.800000002,281.199999992,0.00713801347,963.6449567566829
SKW-15,SKW-15,2025-07-29 17:25:00,28.7,51.0,707.200000000464,2418.59999999998,220.699999994,282.799999994,0.00917744589,404.39509752695477
SKW-15,SKW-15,2025-07-29 17:26:00,28.8,51.0,707.699999999368,2417.79999999941,220.499999996,283.1,0.00509858105,404.4390725577537
SKW-15,SKW-15,2025-07-29 17:27:00,28.7,51.0,709.899999999476,2417.20000000044,220.400000006,285.8,0.00611829726,404.3970833950607
SKW-15,SKW-15,2025-07-29 17:28:00,28.1,51.0,714.09999999955,2416.2999999998,220.400000006,284.9,0.00713801347,1020.9096226372895
SKW-15,SKW-15,2025-07-29 17:29:00,24.6,51.0,716.900000000082,2415.79999999944,220.400000006,284.500000004,0.00713801347,2380.068913837353
SKW-15,SKW-15,2025-07-29 17:30:00,22.1,51.0,722.79999999991,2414.49999999997,220.499999996,284.799999992,0.00611829726,2379.974978738561
SKW-15,SKW-15,2025-07-29 17:31:00,23.8,51.0,729.800000000516,2412.29999999987,220.499999996,282.399999998,0.00815772968,2380.0438733777823
SKW-15,SKW-15,2025-07-29 17:32:00,24.1,51.0,737.400000000097,2409.99999999969,220.699999994,279.800000006,0.00713801347,2380.0498292817115
SKW-15,SKW-15,2025-07-29 17:33:00,24.2,51.0,744.100000000491,2408.50000000008,220.800000002,277.599999992,0.00611829726,2380.050203434252
SKW-15,SKW-15,2025-07-29 17:34:00,24.8,51.0,745.399999999961,2408.09999999979,220.899999992,277.7,0.00917744589,2380.065852700283
SKW-15,SKW-15,2025-07-29 17:35:00,24.6,51.0,745.399999999961,2408.29999999993,221.0,277.399999994,0.0101971621,2380.0606125020577
SKW-15,SKW-15,2025-07-29 17:36:00,24.4,51.0,745.700000000173,2409.5999999994,221.100000008,278.400000002,0.00713801347,2380.055785228691
SKW-15,SKW-15,2025-07-29 17:37:00,24.9,51.0,745.800000000244,2411.10000000047,221.199999998,277.7,0.00611829726,2380.068092178403
SKW-15,SKW-15,2025-07-29 17:38:00,27.1,51.0,745.199999999819,2411.40000000068,221.199999998,277.199999996,0.01121687831,2380.1071955494895
SKW-15,SKW-15,2025-07-29 17:39:00,28.8,51.0,744.899999999607,2410.19999999983,221.199999998,276.299999996,0.00713801347,977.6289224560958
SKW-15,SKW-15,2025-07-29 17:40:00,28.8,51.0,741.199999999887,2408.80000000029,221.100000008,277.100000006,0.00611829726,976.5215258597045
SKW-15,SKW-15,2025-07-29 17:41:00,28.9,51.0,733.300000000094,2409.69999999947,221.0,279.199999994,0.00713801347,965.6853780640151
SKW-15,SKW-15,2025-07-29 17:42:00,28.9,51.0,725.30000000023,2411.99999999965,220.800000002,281.100000002,0.00713801347,963.1318714767528
SKW-15,SKW-15,2025-07-29 17:43:00,28.8,51.0,721.999999999343,2413.79999999948,220.699999994,279.600000008,0.00917744589,973.3579552912825
SKW-15,SKW-15,2025-07-29 17:44:00,28.7,51.0,716.900000000082,2417.40000000058,220.499999996,280.599999998,0.00917744589,979.8419214553435
SKW-15,SKW-15,2025-07-29 17:45:00,28.7,51.0,715.100000000258,2420.09999999959,220.400000006,283.200000008,0.0101971621,404.39665962391524
SKW-15,SKW-15,2025-07-29 17:46:00,28.8,51.0,715.799999999303,2421.60000000065,220.299999998,284.500000004,0.01121687831,404.4418192401071
SKW-15,SKW-15,2025-07-29 17:47:00,28.7,51.0,718.799999999977,2420.90000000015,220.200000008,283.800000002,0.00815772968,404.39752565821885
SKW-15,SKW-15,2025-07-29 17:48:00,28.7,51.0,720.299999999589,2420.3999999998,220.200000008,284.799999992,0.00815772968,404.39841156268227
SKW-15,SKW-15,2025-07-29 17:49:00,28.7,51.0,725.30000000023,2419.2000000004,220.299999998,283.899999992,0.00917744589,404.3989412965129
SKW-15,SKW-15,2025-07-29 17:50:00,28.1,51.0,732.199999999315,2418.19999999969,220.400000006,284.300000006,0.00917744589,1021.7434032917699
SKW-15,SKW-15,2025-07-29 17:51:00,26.4,51.0,739.800000000346,2417.60000000072,220.499999996,283.699999994,0.00917744589,2380.099740063173
SKW-15,SKW-15,2025-07-29 17:52:00,26.0,51.0,743.399999999995,2417.30000000051,220.600000004,285.099999998,0.00713801347,2380.093421071353
SKW-15,SKW-15,2025-07-29 17:53:00,26.2,51.0,744.499999999323,2416.19999999973,220.699999994,284.100000008,0.00917744589,2380.0961946662824
SKW-15,SKW-15,2025-07-29 17:54:00,24.8,51.0,744.599999999394,2415.30000000054,220.800000002,282.500000006,0.00713801347,2380.0683345701773
SKW-15,SKW-15,2025-07-29 17:55:00,24.8,51.0,744.599999999394,2414.90000000026,220.899999992,281.800000004,0.00713801347,2380.0679553451228
SKW-15,SKW-15,2025-07-29 17:56:00,24.2,51.0,744.799999999536,2415.20000000047,221.100000008,281.800000004,0.00917744589,2380.0521717236543
SKW-15,SKW-15,2025-07-29 17:57:00,23.9,51.0,744.899999999607,2415.5999999993,221.100000008,279.100000004,0.00917744589,2380.0414746518522
SKW-15,SKW-15,2025-07-29 17:58:00,23.8,51.0,745.099999999748,2416.39999999987,221.199999998,280.4,0.0101971621,2380.0389066090133
SKW-15,SKW-15,2025-07-29 17:59:00,24.1,51.0,745.199999999819,2417.89999999948,221.199999998,277.100000006,0.00917744589,2380.046360474181
SKW-15,SKW-15,2025-07-29 18:00:00,26.0,51.0,745.199999999819,2420.70000000001,221.300000006,277.199999996,0.00713801347,2380.090284006778
SKW-15,SKW-15,2025-07-29 18:01:00,28.6,51.0,744.200000000561,2421.60000000065,221.300000006,279.100000004,0.00917744589,989.2304463234448
SKW-15,SKW-15,2025-07-29 18:02:00,28.9,51.0,743.399999999995,2421.00000000023,221.300000006,279.800000006,0.00917744589,964.281087001553
SKW-15,SKW-15,2025-07-29 18:03:00,28.8,51.0,736.399999999388,2421.20000000037,221.100000008,279.699999998,0.00815772968,972.6317614201766
SKW-15,SKW-15,2025-07-29 18:04:00,28.9,51.0,724.899999999946,2422.59999999991,220.800000002,280.099999994,0.01121687831,964.6521854129634
SKW-15,SKW-15,2025-07-29 18:05:00,28.8,51.0,714.09999999955,2424.90000000009,220.600000004,280.700000006,0.00917744589,971.9711751009785
SKW-15,SKW-15,2025-07-29 18:06:00,28.8,51.0,709.999999999547,2426.90000000005,220.400000006,282.300000008,0.00713801347,969.7226254126006
SKW-15,SKW-15,2025-07-29 18:07:00,28.7,51.0,706.60000000004,2431.30000000027,220.200000008,282.399999998,0.01121687831,977.441412586476
SKW-15,SKW-15,2025-07-29 18:08:00,28.7,51.0,708.600000000006,2434.69999999978,220.1,283.899999992,0.01121687831,404.395656757144
SKW-15,SKW-15,2025-07-29 18:09:00,28.5,51.0,711.999999999513,2437.10000000002,220.1,283.699999994,0.01121687831,990.9303059459324
SKW-15,SKW-15,2025-07-29 18:10:00,26.7,51.0,717.000000000153,2438.09999999928,220.1,284.0,0.00713801347,2380.1064127654786
SKW-15,SKW-15,2025-07-29 18:11:00,25.3,51.0,719.800000000686,2438.19999999935,220.1,284.0,0.00713801347,2380.0833396145204
SKW-15,SKW-15,2025-07-29 18:12:00,22.1,51.0,726.699999999771,2437.2000000001,220.200000008,283.1,0.00917744589,2379.971737722334
SKW-15,SKW-15,2025-07-29 18:13:00,24.4,51.0,734.899999999777,2435.40000000027,220.299999998,280.200000002,0.0101971621,2380.0589935989897
SKW-15,SKW-15,2025-07-29 18:14:00,25.3,51.0,742.79999999957,2433.60000000045,220.499999996,278.400000002,0.00917744589,2380.077971930966
SKW-15,SKW-15,2025-07-29 18:15:00,25.2,51.0,744.100000000491,2433.00000000002,220.600000004,279.100000004,0.00611829726,2380.0759964785
SKW-15,SKW-15,2025-07-29 18:16:00,24.8,51.0,744.300000000632,2432.69999999981,220.600000004,278.999999996,0.0101971621,2380.066781063554
SKW-15,SKW-15,2025-07-29 18:17:00,24.3,51.0,744.699999999465,2432.3999999996,220.800000002,278.200000004,0.00917744589,2380.0532119539325
SKW-15,SKW-15,2025-07-29 18:18:00,23.7,51.0,744.899999999607,2432.49999999967,220.800000002,278.099999996,0.0101971621,2380.0343587967973
SKW-15,SKW-15,2025-07-29 18:19:00,23.4,51.0,745.199999999819,2433.00000000002,220.899999992,277.100000006,0.00815772968,2380.022563602308
SKW-15,SKW-15,2025-07-29 18:20:00,23.1,51.0,745.29999999989,2434.09999999935,221.0,275.100000008,0.0101971621,2380.008253125467
SKW-15,SKW-15,2025-07-29 18:21:00,22.5,51.0,745.29999999989,2434.89999999992,221.0,276.8,0.0101971621,2379.979827431284
SKW-15,SKW-15,2025-07-29 18:22:00,25.3,51.0,745.199999999819,2436.29999999946,221.100000008,274.299999998,0.00917744589,2379.989573080287
SKW-15,SKW-15,2025-07-29 18:23:00,26.7,51.0,744.999999999678,2436.79999999981,221.100000008,275.300000006,0.0101971621,2380.1010487425638
SKW-15,SKW-15,2025-07-29 18:24:00,28.8,51.0,744.200000000561,2436.29999999946,221.100000008,274.200000008,0.00713801347,980.9600440689187
SKW-15,SKW-15,2025-07-29 18:25:00,29.0,51.0,740.499999999391,2436.59999999967,221.0,277.800000008,0.00713801347,959.706005663885
SKW-15,SKW-15,2025-07-29 18:26:00,28.8,51.0,736.799999999672,2437.50000000031,220.899999992,278.499999992,0.00917744589,974.5026598936815
SKW-15,SKW-15,2025-07-29 18:27:00,28.8,51.0,728.000000000691,2440.1000000007,220.699999994,278.6,0.00713801347,974.6972503793119
SKW-15,SKW-15,2025-07-29 18:28:00,28.7,51.0,719.600000000544,2441.70000000038,220.499999996,281.3,0.01121687831,978.6647917450504
SKW-15,SKW-15,2025-07-29 18:29:00,28.8,51.0,714.699999999974,2441.3000000001,220.299999998,281.600000006,0.00611829726,970.6318593303758
SKW-15,SKW-15,2025-07-29 18:30:00,28.8,51.0,713.700000000717,2440.69999999967,220.200000008,283.499999996,0.00815772968,404.44050524974864
SKW-15,SKW-15,2025-07-29 18:31:00,28.8,51.0,714.399999999762,2439.80000000049,220.1,282.799999994,0.00815772968,404.44010885016127
SKW-15,SKW-15,2025-07-29 18:32:00,28.8,51.0,717.999999999411,2439.20000000006,220.1,284.300000006,0.00713801347,404.4418683817616
SKW-15,SKW-15,2025-07-29 18:33:00,28.6,51.0,722.499999999697,2438.89999999985,220.1,285.299999996,0.00611829726,404.3644198627002
SKW-15,SKW-15,2025-07-29 18:34:00,26.5,51.0,728.799999999808,2438.89999999985,220.200000008,283.600000004,0.00917744589,2380.102349171245
SKW-15,SKW-15,2025-07-29 18:35:00,24.6,51.0,732.299999999386,2438.79999999978,220.299999998,284.100000008,0.00815772968,2380.0664343349927
SKW-15,SKW-15,2025-07-29 18:36:00,24.6,51.0,740.200000000629,2437.80000000052,220.400000006,284.100000008,0.01121687831,2380.0650846740064
SKW-15,SKW-15,2025-07-29 18:37:00,25.2,51.0,743.600000000136,2436.89999999988,220.499999996,281.100000002,0.00917744589,2380.076883780565
SKW-15,SKW-15,2025-07-29 18:38:00,25.1,51.0,743.800000000278,2436.29999999946,220.699999994,280.700000006,0.0101971621,2380.0744240145723
SKW-15,SKW-15,2025-07-29 18:39:00,24.8,51.0,744.00000000042,2436.19999999939,220.699999994,280.299999992,0.00815772968,2380.067430985989
SKW-15,SKW-15,2025-07-29 18:40:00,24.6,51.0,744.200000000561,2436.09999999932,220.800000002,280.299999992,0.0101971621,2380.062385192073
SKW-15,SKW-15,2025-07-29 18:41:00,24.1,51.0,744.400000000703,2435.90000000062,220.899999992,279.5,0.00815772968,2380.0481741466074
SKW-15,SKW-15,2025-07-29 18:42:00,24.1,51.0,744.699999999465,2435.60000000041,221.0,279.5,0.00713801347,2380.048078577803
SKW-15,SKW-15,2025-07-29 18:43:00,26.3,51.0,744.599999999394,2435.20000000013,221.100000008,276.900000008,0.00713801347,2380.0953940202303
SKW-15,SKW-15,2025-07-29 18:44:00,26.7,51.0,744.400000000703,2434.39999999956,221.100000008,277.899999998,0.00815772968,2380.101893372221
SKW-15,SKW-15,2025-07-29 18:45:00,28.5,51.0,743.700000000207,2431.60000000048,221.100000008,278.000000006,0.00917744589,999.0801810631652
SKW-15,SKW-15,2025-07-29 18:46:00,28.8,51.0,740.799999999604,2428.19999999952,221.0,279.199999994,0.00713801347,973.2670598428666
SKW-15,SKW-15,2025-07-29 18:47:00,28.7,51.0,733.400000000165,2425.99999999942,220.899999992,281.100000002,0.00815772968,978.487025247049
SKW-15,SKW-15,2025-07-29 18:48:00,28.9,51.0,724.599999999734,2424.90000000009,220.600000004,280.4,0.00917744589,964.2486181481905
SKW-15,SKW-15,2025-07-29 18:49:00,28.8,51.0,720.499999999731,2424.4999999998,220.499999996,281.400000008,0.00713801347,970.6871530893605
SKW-15,SKW-15,2025-07-29 18:50:00,28.8,51.0,714.399999999762,2423.99999999945,220.299999998,282.2,0.00713801347,969.7217683478636
SKW-15,SKW-15,2025-07-29 18:51:00,28.7,51.0,710.700000000042,2423.50000000055,220.1,282.599999996,0.00713801347,404.39517199350723
SKW-15,SKW-15,2025-07-29 18:52:00,28.9,51.0,710.900000000184,2423.3000000004,219.999999992,283.299999998,0.00917744589,404.48339362182213
SKW-15,SKW-15,2025-07-29 18:53:00,28.6,51.0,714.299999999691,2422.90000000012,219.999999992,284.100000008,0.00815772968,404.36236787734543
SKW-15,SKW-15,2025-07-29 18:54:00,28.5,51.0,716.699999999941,2422.59999999991,219.999999992,284.500000004,0.00611829726,989.5988917029629
SKW-15,SKW-15,2025-07-29 18:55:00,26.9,51.0,723.200000000193,2422.39999999977,220.1,284.399999996,0.00815772968,2380.1086634920507
SKW-15,SKW-15,2025-07-29 18:56:00,25.0,51.0,731.400000000199,2422.19999999962,220.200000008,284.599999994,0.0101971621,2380.0758719400287
SKW-15,SKW-15,2025-07-29 18:57:00,24.9,51.0,739.500000000133,2421.20000000037,220.299999998,282.000000002,0.01121687831,2380.0713385220906
SKW-15,SKW-15,2025-07-29 18:58:00,24.8,51.0,742.899999999641,2420.59999999994,220.400000006,282.399999998,0.00815772968,2380.068734654205
SKW-15,SKW-15,2025-07-29 18:59:00,24.9,51.0,743.700000000207,2419.30000000047,220.499999996,280.700000006,0.00713801347,2380.070131243638
SKW-15,SKW-15,2025-07-29 19:00:00,24.9,51.0,743.800000000278,2417.89999999948,220.699999994,280.999999994,0.0101971621,2380.070077098992
SKW-15,SKW-15,2025-07-29 19:01:00,24.5,51.0,744.00000000042,2416.90000000022,220.800000002,279.300000002,0.00713801347,2380.059412449554
SKW-15,SKW-15,2025-07-29 19:02:00,24.0,51.0,744.300000000632,2416.2999999998,220.899999992,280.000000004,0.00815772968,2380.0454648076256
SKW-15,SKW-15,2025-07-29 19:03:00,23.3,51.0,744.499999999323,2415.89999999951,220.899999992,278.499999992,0.00815772968,2380.019886322114
SKW-15,SKW-15,2025-07-29 19:04:00,22.7,51.0,744.599999999394,2416.09999999966,221.0,277.7,0.0101971621,2379.991805087055
SKW-15,SKW-15,2025-07-29 19:05:00,23.6,51.0,744.699999999465,2416.90000000022,221.100000008,277.300000004,0.0101971621,2380.030072891964
SKW-15,SKW-15,2025-07-29 19:06:00,25.4,51.0,744.599999999394,2418.29999999976,221.199999998,276.000000008,0.00815772968,2380.0785152231833
SKW-15,SKW-15,2025-07-29 19:07:00,28.5,51.0,743.700000000207,2418.49999999991,221.199999998,275.399999996,0.00713801347,1003.2316263529963
SKW-15,SKW-15,2025-07-29 19:08:00,28.8,51.0,742.999999999712,2417.40000000058,221.199999998,277.300000004,0.00815772968,976.122786983598
SKW-15,SKW-15,2025-07-29 19:09:00,28.9,51.0,737.300000000026,2416.90000000022,221.100000008,276.999999998,0.00713801347,968.9093921434379
SKW-15,SKW-15,2025-07-29 19:10:00,28.9,51.0,726.799999999842,2416.80000000015,220.800000002,281.100000002,0.00815772968,963.0618260740899
SKW-15,SKW-15,2025-07-29 19:11:00,28.8,51.0,716.59999999987,2417.69999999934,220.600000004,282.399999998,0.0101971621,969.2729654816209
SKW-15,SKW-15,2025-07-29 19:12:00,28.7,51.0,713.100000000292,2418.59999999998,220.499999996,282.700000004,0.00917744589,404.39602159734056
SKW-15,SKW-15,2025-07-29 19:13:00,28.8,51.0,709.000000000289,2419.99999999952,220.299999998,282.599999996,0.0101971621,404.43903370945196
SKW-15,SKW-15,2025-07-29 19:14:00,28.7,51.0,709.000000000289,2421.30000000044,220.200000008,284.300000006,0.00917744589,404.39597693377533
SKW-15,SKW-15,2025-07-29 19:15:00,28.7,51.0,712.299999999725,2421.40000000051,220.1,284.799999992,0.00917744589,404.39683321128155
SKW-15,SKW-15,2025-07-29 19:16:00,28.4,51.0,718.099999999482,2421.50000000058,220.1,284.700000002,0.00815772968,997.149770352547
SKW-15,SKW-15,2025-07-29 19:17:00,25.4,51.0,724.899999999946,2421.99999999948,220.200000008,283.699999994,0.00713801347,2380.084478755228
SKW-15,SKW-15,2025-07-29 19:18:00,25.3,51.0,733.400000000165,2422.09999999955,220.299999998,283.299999998,0.00815772968,2380.0812629633456
SKW-15,SKW-15,2025-07-29 19:19:00,24.5,51.0,737.700000000309,2421.89999999941,220.400000006,281.600000006,0.00917744589,2380.0618041975126
SKW-15,SKW-15,2025-07-29 19:20:00,24.7,51.0,743.199999999853,2420.90000000015,220.600000004,280.999999994,0.00815772968,2380.0655326189185
SKW-15,SKW-15,2025-07-29 19:21:00,24.9,51.0,743.500000000066,2419.6999999993,220.699999994,280.200000002,0.00713801347,2380.0698276184125
SKW-15,SKW-15,2025-07-29 19:22:00,24.7,51.0,743.600000000136,2419.00000000026,220.800000002,279.5,0.00815772968,2380.064634491604
SKW-15,SKW-15,2025-07-29 19:23:00,24.1,51.0,743.900000000349,2417.60000000072,220.899999992,277.7,0.00713801347,2380.047238012283
SKW-15,SKW-15,2025-07-29 19:24:00,23.9,51.0,744.200000000561,2416.60000000001,221.0,279.800000006,0.0101971621,2380.042098589931
SKW-15,SKW-15,2025-07-29 19:25:00,22.6,51.0,744.499999999323,2416.2999999998,221.100000008,278.700000008,0.00917744589,2379.987574814397
SKW-15,SKW-15,2025-07-29 19:26:00,22.2,51.0,744.699999999465,2416.60000000001,221.199999998,276.499999994,0.00815772968,2379.961286100235
SKW-15,SKW-15,2025-07-29 19:27:00,25.0,51.0,744.699999999465,2416.60000000001,221.199999998,276.900000008,0.00917744589,2380.070148367926
SKW-15,SKW-15,2025-07-29 19:28:00,26.0,51.0,744.599999999394,2416.2999999998,221.300000006,275.300000006,0.0101971621,2380.089639304641
SKW-15,SKW-15,2025-07-29 19:29:00,25.5,51.0,744.499999999323,2417.00000000029,221.300000006,274.899999992,0.00815772968,2380.063207177252
SKW-15,SKW-15,2025-07-29 19:30:00,27.5,51.0,744.400000000703,2417.89999999948,221.399999996,277.500000002,0.01121687831,2380.112452199925
SKW-15,SKW-15,2025-07-29 19:31:00,28.8,51.0,744.300000000632,2418.19999999969,221.399999996,275.799999992,0.00611829726,978.4143052899891
SKW-15,SKW-15,2025-07-29 19:32:00,28.8,51.0,743.900000000349,2417.69999999934,221.399999996,277.899999998,0.00611829726,975.1381770402484
SKW-15,SKW-15,2025-07-29 19:33:00,28.8,51.0,740.100000000558,2416.60000000001,221.300000006,280.500000008,0.00611829726,971.2352688024176
SKW-15,SKW-15,2025-07-29 19:34:00,28.8,51.0,731.200000000057,2415.30000000054,221.100000008,281.600000006,0.00917744589,969.8787323189623
SKW-15,SKW-15,2025-07-29 19:35:00,28.8,51.0,721.800000000652,2412.50000000001,220.800000002,281.899999994,0.00815772968,969.824103312055
SKW-15,SKW-15,2025-07-29 19:36:00,28.8,51.0,717.999999999411,2411.40000000068,220.699999994,283.499999996,0.00713801347,404.44180188807456
SKW-15,SKW-15,2025-07-29 19:37:00,28.7,51.0,712.499999999867,2409.40000000071,220.600000004,283.899999992,0.00815772968,404.3966546025666
SKW-15,SKW-15,2025-07-29 19:38:00,28.8,51.0,711.200000000397,2408.29999999993,220.400000006,283.200000008,0.00713801347,404.439884910012
SKW-15,SKW-15,2025-07-29 19:39:00,28.7,51.0,713.600000000646,2407.59999999944,220.299999998,283.200000008,0.00815772968,404.3962436666962
SKW-15,SKW-15,2025-07-29 19:40:00,28.7,51.0,718.399999999694,2406.70000000025,220.400000006,284.700000002,0.00713801347,404.39809404814457
SKW-15,SKW-15,2025-07-29 19:41:00,26.2,51.0,721.500000000439,2406.1999999999,220.400000006,286.199999996,0.00815772968,2380.099264300543
SKW-15,SKW-15,2025-07-29 19:42:00,22.2,51.0,728.899999999878,2405.10000000057,220.499999996,285.000000008,0.00713801347,2379.9786990656935
SKW-15,SKW-15,2025-07-29 19:43:00,23.8,51.0,737.700000000309,2402.90000000046,220.600000004,282.399999998,0.00611829726,2380.042280725573
SKW-15,SKW-15,2025-07-29 19:44:00,24.5,51.0,743.600000000136,2400.2,220.800000002,279.300000002,0.00713801347,2380.0594791225985
SKW-15,SKW-15,2025-07-29 19:45:00,24.6,51.0,743.600000000136,2398.50000000025,221.0,278.299999994,0.00917744589,2380.061388662464
SKW-15,SKW-15,2025-07-29 19:46:00,24.5,51.0,743.900000000349,2397.00000000063,221.100000008,279.100000004,0.0101971621,2380.0590650524323
SKW-15,SKW-15,2025-07-29 19:47:00,24.1,51.0,744.100000000491,2396.40000000021,221.199999998,279.899999996,0.00815772968,2380.048259808869
SKW-15,SKW-15,2025-07-29 19:48:00,23.6,51.0,744.400000000703,2395.59999999964,221.300000006,278.200000004,0.0101971621,2380.0306132901082
SKW-15,SKW-15,2025-07-29 19:49:00,23.1,51.0,744.599999999394,2395.79999999978,221.399999996,278.700000008,0.00611829726,2380.011325767786
SKW-15,SKW-15,2025-07-29 19:50:00,24.4,51.0,744.699999999465,2397.19999999932,221.500000004,276.499999994,0.00917744589,2380.054621723695
SKW-15,SKW-15,2025-07-29 19:51:00,26.6,51.0,744.699999999465,2398.09999999996,221.500000004,276.099999998,0.00815772968,2380.099698656529
SKW-15,SKW-15,2025-07-29 19:52:00,25.5,51.0,744.499999999323,2401.49999999947,221.599999994,276.600000002,0.00815772968,2380.080616630543
SKW-15,SKW-15,2025-07-29 19:53:00,27.6,51.0,744.400000000703,2404.70000000028,221.599999994,277.500000002,0.00917744589,2380.1136453901217
SKW-15,SKW-15,2025-07-29 19:54:00,28.1,51.0,744.699999999465,2407.99999999972,221.700000002,280.599999998,0.00611829726,1027.6638442674366
SKW-15,SKW-15,2025-07-29 19:55:00,28.7,51.0,744.699999999465,2409.20000000057,221.700000002,278.6,0.00815772968,981.9431527851971
SKW-15,SKW-15,2025-07-29 19:56:00,28.8,51.0,743.800000000278,2408.60000000015,221.700000002,280.599999998,0.00713801347,970.8781900975656
SKW-15,SKW-15,2025-07-29 19:57:00,28.8,51.0,738.699999999567,2407.30000000068,221.599999994,282.700000004,0.00713801347,404.4465614164077
SKW-15,SKW-15,2025-07-29 19:58:00,28.8,51.0,728.999999999949,2408.09999999979,221.300000006,282.300000008,0.00611829726,968.8740426629663
SKW-15,SKW-15,2025-07-29 19:59:00,28.8,51.0,719.700000000615,2410.70000000018,221.100000008,282.500000006,0.00611829726,404.44177894376867
SKW-15,SKW-15,2025-07-29 20:00:00,28.8,51.0,715.799999999303,2411.89999999958,220.899999992,282.599999996,0.00815772968,404.44090695796456
SKW-15,SKW-15,2025-07-29 20:01:00,28.7,51.0,709.999999999547,2413.79999999948,220.699999994,284.599999994,0.00713801347,404.39662973745044
SKW-15,SKW-15,2025-07-29 20:02:00,28.7,51.0,707.200000000464,2415.50000000068,220.600000004,285.400000004,0.00509858105,404.3964381781219
SKW-15,SKW-15,2025-07-29 20:03:00,28.7,51.0,707.400000000606,2415.20000000047,220.499999996,284.599999994,0.00611829726,404.39596545862975
SKW-15,SKW-15,2025-07-29 20:04:00,28.7,51.0,709.600000000714,2415.20000000047,220.400000006,284.500000004,0.00815772968,404.39631706824196
SKW-15,SKW-15,2025-07-29 20:05:00,28.7,51.0,714.599999999904,2415.30000000054,220.499999996,287.999999996,0.00611829726,404.3993758895469
SKW-15,SKW-15,2025-07-29 20:06:00,28.5,51.0,717.89999999934,2415.50000000068,220.499999996,284.100000008,0.00815772968,990.1336000931815
SKW-15,SKW-15,2025-07-29 20:07:00,27.9,51.0,725.600000000442,2416.19999999973,220.600000004,284.199999998,0.00713801347,2380.120234120105
SKW-15,SKW-15,2025-07-29 20:08:00,25.8,51.0,732.999999999881,2417.30000000051,220.699999994,284.700000002,0.00509858105,2380.0909990531914
SKW-15,SKW-15,2025-07-29 20:09:00,24.6,51.0,736.699999999601,2417.89999999948,220.800000002,283.699999994,0.00815772968,2380.0652852017993
SKW-15,SKW-15,2025-07-29 20:10:00,24.4,51.0,742.79999999957,2419.40000000054,220.899999992,283.899999992,0.00713801347,2380.0593034703056
SKW-15,SKW-15,2025-07-29 20:11:00,24.5,51.0,743.500000000066,2420.80000000008,221.0,282.000000002,0.00917744589,2380.0607056508784
SKW-15,SKW-15,2025-07-29 20:12:00,24.3,51.0,743.600000000136,2422.19999999962,221.100000008,281.400000008,0.00713801347,2380.0550264942
SKW-15,SKW-15,2025-07-29 20:13:00,24.0,51.0,743.800000000278,2423.50000000055,221.199999998,279.699999998,0.00713801347,2380.0451995600383
SKW-15,SKW-15,2025-07-29 20:14:00,25.2,51.0,744.00000000042,2424.59999999987,221.300000006,278.299999994,0.00713801347,2380.075305710811
SKW-15,SKW-15,2025-07-29 20:15:00,28.4,51.0,743.700000000207,2424.80000000002,221.300000006,277.7,0.00815772968,1007.6819720043959
SKW-15,SKW-15,2025-07-29 20:16:00,28.9,51.0,742.79999999957,2422.90000000012,221.399999996,277.199999996,0.00611829726,968.3461921601019
SKW-15,SKW-15,2025-07-29 20:17:00,28.9,51.0,738.399999999354,2421.40000000051,221.300000006,280.500000008,0.00713801347,963.422803809012
SKW-15,SKW-15,2025-07-29 20:18:00,28.8,51.0,729.600000000374,2419.30000000047,221.0,280.700000006,0.00815772968,971.3490757197548
SKW-15,SKW-15,2025-07-29 20:19:00,28.8,51.0,720.39999999966,2417.10000000036,220.800000002,281.899999994,0.00509858105,969.8955167991141
SKW-15,SKW-15,2025-07-29 20:20:00,28.8,51.0,716.900000000082,2416.2999999998,220.699999994,281.499999998,0.00611829726,970.6479420582945
SKW-15,SKW-15,2025-07-29 20:21:00,28.9,51.0,712.90000000015,2414.29999999983,220.600000004,282.799999994,0.00917744589,404.48402915875135
SKW-15,SKW-15,2025-07-29 20:22:00,28.9,51.0,713.000000000221,2412.39999999994,220.499999996,283.499999996,0.00713801347,404.4844146998486
SKW-15,SKW-15,2025-07-29 20:23:00,28.8,51.0,715.300000000399,2411.20000000054,220.400000006,285.000000008,0.00815772968,404.4420237719767
SKW-15,SKW-15,2025-07-29 20:24:00,28.9,51.0,716.900000000082,2410.80000000025,220.400000006,285.400000004,0.00611829726,404.4866776842659
SKW-15,SKW-15,2025-07-29 20:25:00,28.7,51.0,720.900000000014,2410.50000000004,220.400000006,284.300000006,0.00509858105,404.3982766899402
SKW-15,SKW-15,2025-07-29 20:26:00,28.3,51.0,726.799999999842,2410.2999999999,220.499999996,286.199999996,0.00713801347,1002.5768485598047
SKW-15,SKW-15,2025-07-29 20:27:00,28.0,51.0,734.00000000059,2410.19999999983,220.600000004,285.699999992,0.00713801347,1027.676909003481
SKW-15,SKW-15,2025-07-29 20:28:00,28.4,51.0,740.999999999745,2408.70000000022,220.699999994,285.299999996,0.00713801347,995.6512307076588
SKW-15,SKW-15,2025-07-29 20:29:00,28.7,51.0,742.200000000595,2407.69999999951,220.699999994,284.0,0.00815772968,404.40257161932476
SKW-15,SKW-15,2025-07-29 20:30:00,28.7,51.0,741.299999999958,2407.10000000053,220.699999994,285.099999998,0.00815772968,404.4030694347942
SKW-15,SKW-15,2025-07-29 20:31:00,28.8,51.0,737.900000000451,2408.29999999993,220.699999994,285.8,0.00917744589,404.4478799600193
SKW-15,SKW-15,2025-07-29 20:32:00,28.6,51.0,734.699999999635,2410.2999999999,220.600000004,284.700000002,0.0101971621,404.366647293169
SKW-15,SKW-15,2025-07-29 20:33:00,27.1,51.0,732.79999999974,2414.19999999976,220.600000004,285.600000002,0.00815772968,2380.110624206543
SKW-15,SKW-15,2025-07-29 20:34:00,24.7,51.0,732.899999999811,2416.09999999966,220.600000004,285.299999996,0.00611829726,2380.0691565137854
SKW-15,SKW-15,2025-07-29 20:35:00,23.3,51.0,734.199999999281,2418.90000000019,220.600000004,283.899999992,0.0101971621,2380.026701828541
SKW-15,SKW-15,2025-07-29 20:36:00,22.7,51.0,737.500000000167,2419.89999999945,220.600000004,280.700000006,0.00713801347,2379.997632238649
SKW-15,SKW-15,2025-07-29 20:37:00,22.4,51.0,740.699999999533,2421.1000000003,220.699999994,279.800000006,0.00611829726,2379.9797827302323
SKW-15,SKW-15,2025-07-29 20:38:00,21.7,51.0,742.100000000524,2421.79999999934,220.699999994,278.000000006,0.00815772968,2379.92884965353
SKW-15,SKW-15,2025-07-29 20:39:00,23.4,51.0,742.699999999499,2423.60000000062,220.800000002,277.7,0.00917744589,2380.023684623959
SKW-15,SKW-15,2025-07-29 20:40:00,28.3,51.0,742.100000000524,2423.60000000062,220.899999992,275.199999998,0.00917744589,1019.9418039909699
SKW-15,SKW-15,2025-07-29 20:41:00,29.0,51.0,740.899999999675,2420.49999999987,220.899999992,276.999999998,0.00713801347,960.9369862211178
SKW-15,SKW-15,2025-07-29 20:42:00,28.9,51.0,736.100000000626,2418.49999999991,220.800000002,279.100000004,0.00815772968,965.7481253122066
SKW-15,SKW-15,2025-07-29 20:43:00,29.0,51.0,731.500000000269,2417.10000000036,220.699999994,280.000000004,0.00713801347,956.790676192386
SKW-15,SKW-15,2025-07-29 20:44:00,28.8,51.0,721.300000000298,2414.19999999976,220.400000006,280.099999994,0.00713801347,972.6655048044926
SKW-15,SKW-15,2025-07-29 20:45:00,28.9,51.0,713.600000000646,2411.79999999951,220.200000008,280.900000004,0.0101971621,963.9960762757075
SKW-15,SKW-15,2025-07-29 20:46:00,28.7,51.0,709.200000000431,2410.09999999976,219.999999992,282.399999998,0.0101971621,977.3842375857066
SKW-15,SKW-15,2025-07-29 20:47:00,28.7,51.0,708.299999999793,2409.49999999933,219.999999992,282.500000006,0.00713801347,404.3945913396992
SKW-15,SKW-15,2025-07-29 20:48:00,28.8,51.0,709.200000000431,2408.50000000008,219.900000002,282.500000006,0.00611829726,404.43856290022944
SKW-15,SKW-15,2025-07-29 20:49:00,28.7,51.0,712.199999999654,2407.99999999972,219.799999994,282.300000008,0.00611829726,977.4825036477458
SKW-15,SKW-15,2025-07-29 20:50:00,28.5,51.0,716.59999999987,2408.29999999993,219.799999994,282.500000006,0.00815772968,992.7173448830441
SKW-15,SKW-15,2025-07-29 20:51:00,28.0,51.0,722.699999999839,2409.40000000071,219.900000002,283.499999996,0.0101971621,1031.2534574155516
SKW-15,SKW-15,2025-07-29 20:52:00,26.2,51.0,726.000000000725,2410.19999999983,219.900000002,281.800000004,0.00713801347,2380.097669839784
SKW-15,SKW-15,2025-07-29 20:53:00,24.9,51.0,732.899999999811,2411.69999999944,219.999999992,282.599999996,0.00611829726,2380.072813620329
SKW-15,SKW-15,2025-07-29 20:54:00,25.2,51.0,738.999999999779,2412.80000000022,220.1,282.999999992,0.00917744589,2380.078466995023
SKW-15,SKW-15,2025-07-29 20:55:00,25.1,51.0,741.60000000017,2414.90000000026,220.200000008,281.600000006,0.00815772968,2380.0754027366625
SKW-15,SKW-15,2025-07-29 20:56:00,25.1,51.0,741.900000000383,2418.09999999962,220.299999998,279.5,0.00815772968,2380.074417167863
SKW-15,SKW-15,2025-07-29 20:57:00,24.9,51.0,741.900000000383,2419.79999999938,220.400000006,279.800000006,0.00713801347,2380.070040014163
SKW-15,SKW-15,2025-07-29 20:58:00,25.2,51.0,742.100000000524,2423.00000000019,220.499999996,279.600000008,0.00713801347,2380.076503832162
SKW-15,SKW-15,2025-07-29 20:59:00,28.1,51.0,741.800000000312,2423.89999999938,220.600000004,279.899999996,0.00713801347,1028.823260730318
SKW-15,SKW-15,2025-07-29 21:00:00,28.8,51.0,740.999999999745,2422.2999999997,220.600000004,280.099999994,0.00611829726,971.9185418867911
SKW-15,SKW-15,2025-07-29 21:01:00,28.7,51.0,736.899999999742,2422.19999999962,220.499999996,280.700000006,0.00713801347,979.0476057224852
SKW-15,SKW-15,2025-07-29 21:02:00,28.6,51.0,733.500000000235,2423.3000000004,220.400000006,281.400000008,0.00713801347,986.0075642681732
SKW-15,SKW-15,2025-07-29 21:03:00,28.8,51.0,725.800000000584,2426.49999999977,220.200000008,280.799999996,0.00611829726,971.456653639727
SKW-15,SKW-15,2025-07-29 21:04:00,28.7,51.0,719.10000000019,2429.00000000009,219.999999992,280.200000002,0.00815772968,980.4511973236919
SKW-15,SKW-15,2025-07-29 21:05:00,28.6,51.0,714.699999999974,2431.2000000002,219.900000002,281.800000004,0.01121687831,985.9544003829116
SKW-15,SKW-15,2025-07-29 21:06:00,28.8,51.0,713.700000000717,2431.70000000055,219.799999994,283.200000008,0.00917744589,404.44002443147446
SKW-15,SKW-15,2025-07-29 21:07:00,28.7,51.0,713.500000000575,2431.10000000013,219.700000004,283.400000006,0.00917744589,404.39595890485157
SKW-15,SKW-15,2025-07-29 21:08:00,28.5,51.0,715.799999999303,2430.09999999942,219.599999996,284.9,0.0101971621,989.0240419786808
SKW-15,SKW-15,2025-07-29 21:09:00,27.7,51.0,719.700000000615,2428.69999999988,219.599999996,283.699999994,0.00713801347,2380.118600863477
SKW-15,SKW-15,2025-07-29 21:10:00,24.7,51.0,724.899999999946,2427.50000000048,219.700000004,283.600000004,0.00713801347,2380.070016676419
SKW-15,SKW-15,2025-07-29 21:11:00,24.1,51.0,727.900000000621,2426.79999999998,219.700000004,283.1,0.00611829726,2380.0540973916427
SKW-15,SKW-15,2025-07-29 21:12:00,24.4,51.0,734.599999999564,2425.2000000003,219.799999994,282.700000004,0.00611829726,2380.0607315499965
SKW-15,SKW-15,2025-07-29 21:13:00,24.5,51.0,740.3000000007,2424.29999999966,219.999999992,280.4,0.00713801347,2380.0610635832963
SKW-15,SKW-15,2025-07-29 21:14:00,24.9,51.0,740.899999999675,2423.99999999945,220.1,278.799999998,0.00713801347,2380.0698921094454
SKW-15,SKW-15,2025-07-29 21:15:00,25.0,51.0,741.099999999816,2424.29999999966,220.200000008,277.300000004,0.00713801347,2380.0714215156536
SKW-15,SKW-15,2025-07-29 21:16:00,25.1,51.0,741.199999999887,2424.69999999995,220.200000008,278.799999998,0.00713801347,2380.0742859985785
SKW-15,SKW-15,2025-07-29 21:17:00,25.7,51.0,741.299999999958,2425.89999999934,220.299999998,278.000000006,0.00611829726,2380.0860279741923
SKW-15,SKW-15,2025-07-29 21:18:00,27.7,51.0,741.099999999816,2426.90000000005,220.400000006,277.800000008,0.00815772968,2380.1155004234433
SKW-15,SKW-15,2025-07-29 21:19:00,28.7,51.0,740.399999999321,2426.19999999956,220.400000006,277.899999998,0.00815772968,983.3215852437467
SKW-15,SKW-15,2025-07-29 21:20:00,28.8,51.0,736.999999999813,2426.90000000005,220.299999998,277.7,0.00611829726,975.8327999715351
SKW-15,SKW-15,2025-07-29 21:21:00,28.7,51.0,733.300000000094,2428.49999999974,220.200000008,280.299999992,0.00611829726,979.8286662512337
SKW-15,SKW-15,2025-07-29 21:22:00,28.8,51.0,725.4000000003,2432.89999999995,220.1,278.700000008,0.00815772968,974.7057923904079
SKW-15,SKW-15,2025-07-29 21:23:00,28.7,51.0,719.400000000402,2436.39999999953,219.900000002,281.499999998,0.00815772968,978.450036981757
SKW-15,SKW-15,2025-07-29 21:24:00,28.8,51.0,716.099999999516,2440.39999999946,219.799999994,284.199999998,0.00713801347,404.441149029914
SKW-15,SKW-15,2025-07-29 21:25:00,28.7,51.0,715.700000000683,2442.59999999957,219.700000004,281.3,0.00611829726,978.9125158979299
SKW-15,SKW-15,2025-07-29 21:26:00,28.8,51.0,716.299999999657,2446.39999999936,219.599999996,283.499999996,0.00713801347,404.4405639344804
SKW-15,SKW-15,2025-07-29 21:27:00,28.5,51.0,718.599999999836,2449.09999999982,219.599999996,284.100000008,0.00815772968,990.1996741282071
SKW-15,SKW-15,2025-07-29 21:28:00,26.1,51.0,722.699999999839,2450.2000000006,219.599999996,282.599999996,0.00815772968,2380.0967617346664
SKW-15,SKW-15,2025-07-29 21:29:00,25.5,51.0,727.80000000055,2449.60000000018,219.599999996,283.899999992,0.00713801347,2380.086344922388
SKW-15,SKW-15,2025-07-29 21:30:00,23.8,51.0,730.799999999774,2448.69999999954,219.700000004,282.999999992,0.00611829726,2380.0446783836874
SKW-15,SKW-15,2025-07-29 21:31:00,24.1,51.0,737.400000000097,2447.19999999993,219.799999994,281.400000008,0.00713801347,2380.051344310879
SKW-15,SKW-15,2025-07-29 21:32:00,24.3,51.0,740.399999999321,2445.90000000046,219.900000002,279.699999998,0.00713801347,2380.0554261270813
SKW-15,SKW-15,2025-07-29 21:33:00,24.8,51.0,740.599999999462,2444.99999999982,219.999999992,277.899999998,0.00815772968,2380.067204666825
SKW-15,SKW-15,2025-07-29 21:34:00,24.7,51.0,740.699999999533,2444.59999999953,220.1,277.100000006,0.00815772968,2380.0643216822355
SKW-15,SKW-15,2025-07-29 21:35:00,24.6,51.0,740.799999999604,2444.49999999946,220.200000008,277.500000002,0.00611829726,2380.0619882300302
SKW-15,SKW-15,2025-07-29 21:36:00,24.2,51.0,740.999999999745,2444.59999999953,220.299999998,275.9,0.00611829726,2380.0501383415667
SKW-15,SKW-15,2025-07-29 21:37:00,24.8,51.0,741.099999999816,2444.99999999982,220.400000006,276.600000002,0.00509858105,2380.0663662136617
SKW-15,SKW-15,2025-07-29 21:38:00,27.3,51.0,740.699999999533,2444.69999999961,220.400000006,277.100000006,0.00815772968,2380.11045935822
SKW-15,SKW-15,2025-07-29 21:39:00,28.6,51.0,740.3000000007,2443.60000000028,220.499999996,274.899999992,0.00815772968,996.0544479301211
SKW-15,SKW-15,2025-07-29 21:40:00,28.8,51.0,738.200000000663,2442.39999999943,220.400000006,276.900000008,0.00611829726,977.023709584323
SKW-15,SKW-15,2025-07-29 21:41:00,28.7,51.0,730.799999999774,2443.40000000014,220.200000008,279.100000004,0.00611829726,981.7747166882872
SKW-15,SKW-15,2025-07-29 21:42:00,28.8,51.0,722.299999999555,2445.50000000017,219.999999992,281.699999996,0.00611829726,970.2337428806991
SKW-15,SKW-15,2025-07-29 21:43:00,28.8,51.0,715.300000000399,2448.00000000049,219.799999994,281.699999996,0.00917744589,970.5068168247077
SKW-15,SKW-15,2025-07-29 21:44:00,28.8,51.0,712.90000000015,2449.60000000018,219.700000004,281.499999998,0.00815772968,970.9207484772596
SKW-15,SKW-15,2025-07-29 21:45:00,28.7,51.0,710.900000000184,2452.79999999954,219.599999996,283.899999992,0.00815772968,404.39565978674324
SKW-15,SKW-15,2025-07-29 21:46:00,28.7,51.0,712.199999999654,2453.50000000004,219.500000006,283.299999998,0.00713801347,404.3954553348681
SKW-15,SKW-15,2025-07-29 21:47:00,28.7,51.0,715.300000000399,2452.20000000057,219.399999998,283.600000004,0.00917744589,404.39621288731564
SKW-15,SKW-15,2025-07-29 21:48:00,27.0,51.0,719.800000000686,2450.79999999957,219.500000006,283.1,0.00713801347,2380.110108609812
SKW-15,SKW-15,2025-07-29 21:49:00,24.3,51.0,722.599999999768,2450.10000000053,219.500000006,282.799999994,0.00713801347,2380.060321975875
SKW-15,SKW-15,2025-07-29 21:50:00,23.5,51.0,729.400000000232,2447.80000000035,219.599999996,281.600000006,0.00713801347,2380.034292074895
SKW-15,SKW-15,2025-07-29 21:51:00,24.1,51.0,737.500000000167,2444.99999999982,219.700000004,280.999999994,0.00713801347,2380.0511655407545
SKW-15,SKW-15,2025-07-29 21:52:00,24.3,51.0,740.200000000629,2442.29999999936,219.900000002,279.100000004,0.00815772968,2380.0551085186407
SKW-15,SKW-15,2025-07-29 21:53:00,24.8,51.0,740.3000000007,2439.4000000002,219.999999992,276.8,0.00815772968,2380.066732216143
SKW-15,SKW-15,2025-07-29 21:54:00,24.7,51.0,740.399999999321,2438.29999999942,220.1,278.999999996,0.00815772968,2380.065287571935
SKW-15,SKW-15,2025-07-29 21:55:00,24.7,51.0,740.599999999462,2436.39999999953,220.200000008,276.900000008,0.00713801347,2380.064207977251
SKW-15,SKW-15,2025-07-29 21:56:00,24.2,51.0,740.799999999604,2434.69999999978,220.299999998,276.499999994,0.00713801347,2380.050489833159
SKW-15,SKW-15,2025-07-29 21:57:00,23.6,51.0,740.999999999745,2433.10000000009,220.400000006,278.000000006,0.00611829726,2380.0321242960654
SKW-15,SKW-15,2025-07-29 21:58:00,23.9,51.0,741.199999999887,2432.59999999974,220.400000006,276.499999994,0.00815772968,2380.041136740354
SKW-15,SKW-15,2025-07-29 21:59:00,24.2,51.0,741.299999999958,2431.80000000062,220.499999996,276.000000008,0.00713801347,2380.049976338416
SKW-15,SKW-15,2025-07-29 22:00:00,26.4,51.0,741.199999999887,2430.79999999991,220.600000004,276.400000004,0.00713801347,2380.0973700989744
SKW-15,SKW-15,2025-07-29 22:01:00,28.8,51.0,740.200000000629,2427.30000000034,220.600000004,276.200000006,0.00815772968,978.0124262774941
SKW-15,SKW-15,2025-07-29 22:02:00,28.9,51.0,737.80000000038,2423.20000000033,220.499999996,278.499999992,0.00713801347,966.6557734096576
SKW-15,SKW-15,2025-07-29 22:03:00,28.9,51.0,734.199999999281,2422.19999999962,220.499999996,276.600000002,0.00611829726,969.7386486580979
SKW-15,SKW-15,2025-07-29 22:04:00,28.8,51.0,724.199999999451,2421.30000000044,220.200000008,279.100000004,0.00713801347,974.1248735764814
SKW-15,SKW-15,2025-07-29 22:05:00,28.7,51.0,715.100000000258,2421.79999999934,219.999999992,280.799999996,0.00713801347,979.6599347557386
SKW-15,SKW-15,2025-07-29 22:06:00,28.8,51.0,710.199999999688,2423.40000000047,219.799999994,281.499999998,0.00611829726,971.0193053302908
SKW-15,SKW-15,2025-07-29 22:07:00,28.8,51.0,711.100000000326,2425.40000000044,219.799999994,282.900000002,0.00611829726,404.43915995147444
SKW-15,SKW-15,2025-07-29 22:08:00,28.4,51.0,713.300000000433,2426.49999999977,219.700000004,282.000000002,0.00713801347,1001.4978004291339
SKW-15,SKW-15,2025-07-29 22:09:00,27.0,51.0,719.10000000019,2428.90000000002,219.700000004,284.500000004,0.0101971621,2380.1104217897037
SKW-15,SKW-15,2025-07-29 22:10:00,23.8,51.0,725.4000000003,2431.60000000048,219.799999994,282.900000002,0.00815772968,2380.0455435610124
SKW-15,SKW-15,2025-07-29 22:11:00,22.5,51.0,732.199999999315,2433.4000000003,219.900000002,282.300000008,0.00917744589,2379.9915836727287
SKW-15,SKW-15,2025-07-29 22:12:00,21.2,51.0,736.000000000555,2434.09999999935,219.900000002,282.300000008,0.00611829726,2379.8244862357883
SKW-15,SKW-15,2025-07-29 22:13:00,24.8,51.0,740.599999999462,2434.39999999956,220.200000008,278.099999996,0.00611829726,2380.067236731855
SKW-15,SKW-15,2025-07-29 22:14:00,26.0,51.0,740.699999999533,2434.00000000073,220.299999998,276.400000004,0.00815772968,2380.090893094918
SKW-15,SKW-15,2025-07-29 22:15:00,25.7,51.0,740.899999999675,2432.79999999988,220.400000006,277.500000002,0.0101971621,2380.0857737677434
SKW-15,SKW-15,2025-07-29 22:16:00,25.8,51.0,741.099999999816,2431.00000000006,220.600000004,276.900000008,0.00509858105,2380.0873885985247
SKW-15,SKW-15,2025-07-29 22:17:00,25.7,51.0,741.199999999887,2429.10000000016,220.699999994,276.999999998,0.00713801347,2380.085480831224
SKW-15,SKW-15,2025-07-29 22:18:00,26.4,51.0,740.999999999745,2427.60000000055,220.699999994,277.899999998,0.00713801347,2380.09781839519
SKW-15,SKW-15,2025-07-29 22:19:00,27.6,51.0,740.200000000629,2425.89999999934,220.699999994,277.300000004,0.00611829726,2380.1142064251817
SKW-15,SKW-15,2025-07-29 22:20:00,26.8,51.0,738.999999999779,2424.09999999952,220.699999994,279.899999996,0.00611829726,2380.1045586801984
SKW-15,SKW-15,2025-07-29 22:21:00,24.3,51.0,736.399999999388,2424.39999999973,220.699999994,278.299999994,0.00611829726,2380.05488824751
SKW-15,SKW-15,2025-07-29 22:22:00,27.2,51.0,735.600000000272,2424.4999999998,220.600000004,279.300000002,0.00815772968,2380.1100884132225
SKW-15,SKW-15,2025-07-29 22:23:00,27.7,51.0,735.500000000202,2424.90000000009,220.600000004,278.6,0.00611829726,2380.1160698287586
SKW-15,SKW-15,2025-07-29 22:24:00,27.8,51.0,736.59999999953,2426.3999999997,220.600000004,279.5,0.00815772968,2380.1173188730545
SKW-15,SKW-15,2025-07-29 22:25:00,27.7,51.0,737.80000000038,2428.49999999974,220.600000004,280.4,0.00713801347,2380.116299287271
SKW-15,SKW-15,2025-07-29 22:26:00,26.7,51.0,739.199999999921,2430.69999999984,220.600000004,281.899999994,0.00713801347,2380.103697308995
SKW-15,SKW-15,2025-07-29 22:27:00,25.6,51.0,741.099999999816,2432.3999999996,220.699999994,279.800000006,0.00713801347,2380.08464487026
SKW-15,SKW-15,2025-07-29 22:28:00,25.5,51.0,741.299999999958,2433.00000000002,220.699999994,280.000000004,0.00611829726,2380.0827915711816
SKW-15,SKW-15,2025-07-29 22:29:00,26.3,51.0,740.999999999745,2433.70000000052,220.800000002,280.799999996,0.00611829726,2380.0971210252724
SKW-15,SKW-15,2025-07-29 22:30:00,28.8,51.0,740.599999999462,2430.59999999977,220.800000002,279.899999996,0.00611829726,972.2174510316647
SKW-15,SKW-15,2025-07-29 22:31:00,28.9,51.0,738.799999999638,2423.70000000069,220.800000002,281.199999992,0.00713801347,962.4033117443895
SKW-15,SKW-15,2025-07-29 22:32:00,28.8,51.0,735.30000000006,2421.20000000037,220.699999994,281.3,0.00917744589,970.2409949498125
SKW-15,SKW-15,2025-07-29 22:33:00,28.8,51.0,723.700000000547,2417.79999999941,220.400000006,281.899999994,0.00815772968,969.8068470764077
SKW-15,SKW-15,2025-07-29 22:34:00,28.8,51.0,711.400000000538,2415.40000000061,220.1,282.700000004,0.00713801347,404.43935935597057
SKW-15,SKW-15,2025-07-29 22:35:00,28.8,51.0,703.200000000532,2413.69999999941,219.900000002,284.100000008,0.00713801347,404.4383717606297
SKW-15,SKW-15,2025-07-29 22:36:00,28.7,51.0,702.600000000107,2412.80000000022,219.700000004,283.800000002,0.00713801347,404.3940708461894
SKW-15,SKW-15,2025-07-29 22:37:00,28.7,51.0,703.499999999294,2412.60000000008,219.700000004,285.299999996,0.00815772968,404.3951465417193
SKW-15,SKW-15,2025-07-29 22:38:00,28.6,51.0,705.599999999331,2412.50000000001,219.599999996,284.599999994,0.00713801347,404.3608839473954
SKW-15,SKW-15,2025-07-29 22:39:00,28.7,51.0,709.400000000572,2412.70000000015,219.500000006,284.100000008,0.01121687831,404.3955138197445
SKW-15,SKW-15,2025-07-29 22:40:00,28.8,51.0,714.800000000045,2413.30000000057,219.599999996,284.799999992,0.00713801347,404.4411126182968
SKW-15,SKW-15,2025-07-29 22:41:00,28.7,51.0,721.999999999343,2414.49999999997,219.700000004,284.599999994,0.00611829726,404.3982096642433
SKW-15,SKW-15,2025-07-29 22:42:00,28.8,51.0,726.199999999417,2415.30000000054,219.700000004,285.200000006,0.00713801347,404.44396678640226
SKW-15,SKW-15,2025-07-29 22:43:00,28.6,51.0,733.600000000306,2417.50000000065,219.799999994,285.099999998,0.00713801347,404.3660808952156
SKW-15,SKW-15,2025-07-29 22:44:00,27.7,51.0,739.700000000275,2420.19999999966,219.900000002,286.399999994,0.00611829726,2380.1177059739643
SKW-15,SKW-15,2025-07-29 22:45:00,25.9,51.0,740.200000000629,2422.80000000005,220.1,284.399999996,0.00713801347,2380.0920346057364
SKW-15,SKW-15,2025-07-29 22:46:00,25.2,51.0,740.100000000558,2424.90000000009,220.200000008,284.399999996,0.00815772968,2380.0788637612786
SKW-15,SKW-15,2025-07-29 22:47:00,23.9,51.0,740.100000000558,2425.89999999934,220.200000008,283.899999992,0.0101971621,2380.046002303786
SKW-15,SKW-15,2025-07-29 22:48:00,23.3,51.0,740.3000000007,2427.50000000048,220.299999998,281.199999992,0.00917744589,2380.023516891193
SKW-15,SKW-15,2025-07-29 22:49:00,22.0,51.0,740.599999999462,2428.69999999988,220.400000006,280.4,0.00815772968,2379.9560343223084
SKW-15,SKW-15,2025-07-29 22:50:00,21.7,51.0,740.599999999462,2429.00000000009,220.499999996,278.799999998,0.00713801347,2379.9313674030946
SKW-15,SKW-15,2025-07-29 22:51:00,21.9,51.0,740.699999999533,2429.00000000009,220.600000004,277.899999998,0.00815772968,2379.9451161881134
SKW-15,SKW-15,2025-07-29 22:52:00,23.0,51.0,740.699999999533,2427.60000000055,220.699999994,275.300000006,0.00611829726,2380.0057408629573
SKW-15,SKW-15,2025-07-29 22:53:00,24.0,51.0,740.799999999604,2424.4999999998,220.800000002,273.599999996,0.00815772968,2379.878831406957
SKW-15,SKW-15,2025-07-29 22:54:00,24.2,51.0,740.899999999675,2421.79999999934,220.800000002,274.200000008,0.00917744589,2379.926434676704
SKW-15,SKW-15,2025-07-29 22:55:00,24.3,51.0,740.999999999745,2420.59999999994,220.899999992,273.300000008,0.00611829726,2379.8959988142874
SKW-15,SKW-15,2025-07-29 22:56:00,23.2,51.0,740.899999999675,2418.80000000012,221.0,273.700000004,0.00815772968,2379.8233619410908
SKW-15,SKW-15,2025-07-29 22:57:00,22.5,51.0,741.299999999958,2416.80000000015,221.0,272.899999994,0.00815772968,2379.760166407968
SKW-15,SKW-15,2025-07-29 22:58:00,25.6,51.0,741.5000000001,2413.69999999941,221.0,274.699999994,0.00815772968,2380.048733685291
SKW-15,SKW-15,2025-07-29 22:59:00,28.7,51.0,740.499999999391,2408.09999999979,221.100000008,274.400000006,0.00815772968,988.7507874896628
SKW-15,SKW-15,2025-07-29 23:00:00,28.9,51.0,739.800000000346,2405.4999999994,221.100000008,275.399999996,0.00713801347,971.2961048858065
SKW-15,SKW-15,2025-07-29 23:01:00,28.9,51.0,734.199999999281,2402.30000000004,220.899999992,277.599999992,0.00611829726,968.1378596254901
SKW-15,SKW-15,2025-07-29 23:02:00,28.9,51.0,726.000000000725,2401.59999999954,220.699999994,280.099999994,0.00611829726,964.6543587286443
SKW-15,SKW-15,2025-07-29 23:03:00,28.8,51.0,720.099999999448,2401.89999999975,220.600000004,280.299999992,0.00815772968,972.3700298881292
SKW-15,SKW-15,2025-07-29 23:04:00,28.2,51.0,718.799999999977,2402.50000000018,220.499999996,279.699999998,0.00611829726,1021.0632730072588
SKW-15,SKW-15,2025-07-29 23:05:00,24.1,51.0,719.000000000119,2404.50000000014,220.400000006,282.099999992,0.00713801347,2380.0546479637947
SKW-15,SKW-15,2025-07-29 23:06:00,23.7,51.0,722.399999999626,2406.09999999983,220.400000006,283.1,0.00815772968,2380.042713929755
SKW-15,SKW-15,2025-07-29 23:07:00,24.0,51.0,727.600000000408,2406.90000000039,220.400000006,281.699999996,0.00815772968,2380.049993169445
SKW-15,SKW-15,2025-07-29 23:08:00,21.9,51.0,733.200000000023,2408.29999999993,220.400000006,279.699999998,0.00917744589,2379.95135157302
SKW-15,SKW-15,2025-07-29 23:09:00,21.2,51.0,738.100000000592,2409.20000000057,220.499999996,277.500000002,0.00713801347,2379.8124949914345
SKW-15,SKW-15,2025-07-29 23:10:00,20.4,51.0,740.499999999391,2409.5999999994,220.600000004,274.800000002,0.00815772968,2379.8364094055273
SKW-15,SKW-15,2025-07-29 23:11:00,20.4,51.0,740.899999999675,2409.89999999962,220.800000002,273.900000002,0.0101971621,2379.6744714116808
SKW-15,SKW-15,2025-07-29 23:12:00,24.2,51.0,740.899999999675,2409.1000000005,220.899999992,272.100000002,0.00815772968,2379.8917745808913
SKW-15,SKW-15,2025-07-29 23:13:00,24.0,51.0,741.199999999887,2408.19999999986,221.100000008,271.599999998,0.00611829726,2379.8807145615915
SKW-15,SKW-15,2025-07-29 23:14:00,24.8,51.0,741.299999999958,2405.69999999954,221.199999998,271.299999992,0.0101971621,2379.92203333932
SKW-15,SKW-15,2025-07-29 23:15:00,27.1,51.0,741.299999999958,2404.3,221.199999998,273.999999992,0.00611829726,2379.9989188700038
SKW-15,SKW-15,2025-07-29 23:16:00,27.8,51.0,741.700000000241,2401.89999999975,221.300000006,274.499999996,0.00713801347,2380.0761790689803
SKW-15,SKW-15,2025-07-29 23:17:00,27.7,51.0,742.000000000454,2400.30000000007,221.399999996,276.900000008,0.00611829726,2380.1149764803436
SKW-15,SKW-15,2025-07-29 23:18:00,26.9,51.0,742.000000000454,2399.10000000067,221.500000004,279.300000002,0.00713801347,2380.105256075931
SKW-15,SKW-15,2025-07-29 23:19:00,26.7,51.0,742.000000000454,2398.60000000032,221.500000004,278.6,0.00815772968,2380.102184660096
SKW-15,SKW-15,2025-07-29 23:20:00,27.2,51.0,741.900000000383,2397.79999999975,221.599999994,281.400000008,0.00713801347,2380.1098205077187
SKW-15,SKW-15,2025-07-29 23:21:00,27.4,51.0,742.000000000454,2397.29999999939,221.700000002,280.700000006,0.00713801347,2380.112146300046
SKW-15,SKW-15,2025-07-29 23:22:00,27.6,51.0,742.100000000524,2397.39999999947,221.700000002,282.000000002,0.00611829726,2380.1148913212846
SKW-15,SKW-15,2025-07-29 23:23:00,28.9,51.0,741.700000000241,2395.69999999971,221.799999992,282.999999992,0.00611829726,404.492269367008
SKW-15,SKW-15,2025-07-29 23:24:00,28.9,51.0,741.299999999958,2393.79999999982,221.799999992,282.500000006,0.00917744589,404.4918976114984
SKW-15,SKW-15,2025-07-29 23:25:00,28.9,51.0,737.099999999884,2390.70000000052,221.700000002,284.500000004,0.00713801347,404.4922284389933
SKW-15,SKW-15,2025-07-29 23:26:00,28.9,51.0,726.399999999558,2389.59999999974,221.399999996,283.600000004,0.00713801347,404.4885808801762
SKW-15,SKW-15,2025-07-29 23:27:00,28.7,51.0,715.799999999303,2390.60000000045,221.100000008,283.600000004,0.00611829726,404.39739538281924
SKW-15,SKW-15,2025-07-29 23:28:00,28.8,51.0,709.999999999547,2392.30000000021,220.899999992,284.599999994,0.00917744589,404.44102604314156
SKW-15,SKW-15,2025-07-29 23:29:00,28.8,51.0,709.000000000289,2393.69999999975,220.899999992,285.400000004,0.00815772968,404.4413131040893
SKW-15,SKW-15,2025-07-29 23:30:00,28.7,51.0,710.700000000042,2396.80000000049,220.800000002,284.0,0.00815772968,404.39650807102356
SKW-15,SKW-15,2025-07-29 23:31:00,28.4,51.0,715.899999999374,2400.40000000014,220.800000002,285.099999998,0.0101971621,996.5105587766244
SKW-15,SKW-15,2025-07-29 23:32:00,25.0,51.0,723.100000000122,2404.3,220.899999992,285.900000008,0.00815772968,2380.077233358529
SKW-15,SKW-15,2025-07-29 23:33:00,21.5,51.0,726.999999999983,2406.09999999983,220.899999992,285.8,0.00713801347,2379.804772665087
SKW-15,SKW-15,2025-07-29 23:34:00,20.7,51.0,735.30000000006,2408.29999999993,221.0,284.199999998,0.00713801347,2379.868159326655
SKW-15,SKW-15,2025-07-29 23:35:00,21.1,51.0,741.299999999958,2409.49999999933,221.199999998,279.199999994,0.00815772968,2379.821940815692
SKW-15,SKW-15,2025-07-29 23:36:00,23.9,51.0,741.299999999958,2409.79999999955,221.399999996,277.300000004,0.00713801347,2380.040914316929
SKW-15,SKW-15,2025-07-29 23:37:00,24.0,51.0,741.60000000017,2409.69999999947,221.599999994,275.799999992,0.00815772968,2380.042923943581
SKW-15,SKW-15,2025-07-29 23:38:00,24.2,51.0,741.800000000312,2409.79999999955,221.700000002,275.399999996,0.0101971621,2380.0486330907083
SKW-15,SKW-15,2025-07-29 23:39:00,24.1,51.0,742.100000000524,2408.19999999986,221.799999992,277.599999992,0.01121687831,2380.0467772038683
SKW-15,SKW-15,2025-07-29 23:40:00,27.0,51.0,742.000000000454,2405.20000000064,221.9,276.8,0.00917744589,2380.1058060214427
SKW-15,SKW-15,2025-07-29 23:41:00,28.9,51.0,740.799999999604,2399.39999999943,222.000000008,276.600000002,0.00713801347,969.2664157823252
SKW-15,SKW-15,2025-07-29 23:42:00,28.9,51.0,736.299999999318,2395.00000000067,221.9,278.200000004,0.00917744589,966.9630257446664
SKW-15,SKW-15,2025-07-29 23:43:00,28.9,51.0,731.500000000269,2393.59999999968,221.700000002,279.5,0.00713801347,965.1930616564764
SKW-15,SKW-15,2025-07-29 23:44:00,28.9,51.0,719.800000000686,2392.50000000035,221.500000004,280.299999992,0.00713801347,964.478464931513
SKW-15,SKW-15,2025-07-29 23:45:00,28.8,51.0,709.699999999334,2392.50000000035,221.199999998,282.900000002,0.00815772968,404.4400202101937
SKW-15,SKW-15,2025-07-29 23:46:00,29.0,51.0,702.800000000249,2393.89999999989,221.0,284.100000008,0.00509858105,404.5261648500104
SKW-15,SKW-15,2025-07-29 23:47:00,28.7,51.0,702.500000000037,2395.09999999929,220.899999992,282.700000004,0.00815772968,404.3942585241363
SKW-15,SKW-15,2025-07-29 23:48:00,28.7,51.0,703.100000000461,2398.60000000032,220.800000002,284.0,0.00713801347,404.3950329967363
SKW-15,SKW-15,2025-07-29 23:49:00,28.8,51.0,704.399999999932,2402.60000000025,220.600000004,283.400000006,0.00713801347,404.4387082632324
SKW-15,SKW-15,2025-07-29 23:50:00,28.8,51.0,707.000000000323,2407.30000000068,220.600000004,285.099999998,0.00815772968,404.4404399065082
SKW-15,SKW-15,2025-07-29 23:51:00,28.9,51.0,711.999999999513,2412.70000000015,220.699999994,285.000000008,0.00917744589,404.4855557539098
SKW-15,SKW-15,2025-07-29 23:52:00,28.8,51.0,715.200000000329,2415.5999999993,220.699999994,283.299999998,0.00611829726,404.4410214412587
SKW-15,SKW-15,2025-07-29 23:53:00,28.8,51.0,722.79999999991,2421.40000000051,220.800000002,285.000000008,0.00917744589,404.4440284493049
SKW-15,SKW-15,2025-07-29 23:54:00,28.7,51.0,730.29999999942,2427.00000000012,220.899999992,286.500000002,0.00713801347,404.40185900617604
SKW-15,SKW-15,2025-07-29 23:55:00,28.8,51.0,736.699999999601,2432.3999999996,221.0,285.600000002,0.00815772968,404.4476785260253
SKW-15,SKW-15,2025-07-29 23:56:00,28.6,51.0,740.499999999391,2437.40000000024,221.100000008,287.200000004,0.01121687831,404.36939616150175
SKW-15,SKW-15,2025-07-29 23:57:00,28.6,51.0,740.699999999533,2439.50000000027,221.100000008,284.799999992,0.0101971621,404.36808018489364
SKW-15,SKW-15,2025-07-29 23:58:00,28.6,51.0,740.799999999604,2442.19999999929,221.199999998,286.399999994,0.0101971621,404.36904360090784
SKW-15,SKW-15,2025-07-29 23:59:00,28.6,51.0,740.599999999462,2440.1000000007,221.300000006,288.199999994,0.00815772968,404.37001403066705
SKW-15,SKW-15,2025-07-30 00:00:00,28.5,51.0,739.09999999985,2434.00000000073,221.300000006,288.100000004,0.00917744589,983.2003266475273
SKW-15,SKW-15,2025-07-30 00:01:00,28.8,51.0,734.00000000059,2428.69999999988,221.199999998,288.399999992,0.00713801347,404.4491596413159
SKW-15,SKW-15,2025-07-30 00:02:00,28.6,51.0,728.999999999949,2425.99999999942,221.100000008,286.899999998,0.01121687831,404.36718840716884
SKW-15,SKW-15,2025-07-30 00:03:00,28.7,51.0,717.700000000649,2418.90000000019,220.800000002,285.000000008,0.00713801347,404.3984178148465
SKW-15,SKW-15,2025-07-30 00:04:00,28.7,51.0,704.500000000003,2414.80000000019,220.499999996,285.699999992,0.00713801347,404.3960915545735
SKW-15,SKW-15,2025-07-30 00:05:00,28.7,51.0,700.4,2412.60000000008,220.200000008,284.399999996,0.00713801347,404.39434686807334
SKW-15,SKW-15,2025-07-30 00:06:00,28.7,51.0,700.700000000212,2411.89999999958,220.1,285.600000002,0.00917744589,404.39509621485024
SKW-15,SKW-15,2025-07-30 00:07:00,28.8,51.0,701.200000000566,2410.50000000004,219.900000002,283.800000002,0.00917744589,404.4378123691174
SKW-15,SKW-15,2025-07-30 00:08:00,28.7,51.0,702.399999999966,2409.1000000005,219.799999994,284.300000006,0.01427602694,404.3946013853183
SKW-15,SKW-15,2025-07-30 00:09:00,28.8,51.0,705.300000000569,2404.60000000021,219.700000004,284.399999996,0.0101971621,404.4389688220529
SKW-15,SKW-15,2025-07-30 00:10:00,28.7,51.0,707.89999999951,2399.79999999972,219.700000004,284.500000004,0.00713801347,404.39548138450414
SKW-15,SKW-15,2025-07-30 00:11:00,28.8,51.0,707.200000000464,2398.09999999996,219.599999996,284.700000002,0.00815772968,404.43943217104487
SKW-15,SKW-15,2025-07-30 00:12:00,28.8,51.0,705.200000000498,2396.80000000049,219.500000006,284.799999992,0.00815772968,404.4389898441095
SKW-15,SKW-15,2025-07-30 00:13:00,28.7,51.0,704.800000000215,2396.70000000042,219.500000006,284.300000006,0.01121687831,404.3947599477802
SKW-15,SKW-15,2025-07-30 00:14:00,28.8,51.0,707.599999999297,2396.40000000021,219.500000006,284.500000004,0.01121687831,404.43940921022914
SKW-15,SKW-15,2025-07-30 00:15:00,28.8,51.0,709.799999999405,2396.20000000007,219.500000006,284.500000004,0.01223659452,404.43991870427885
SKW-15,SKW-15,2025-07-30 00:16:00,28.6,51.0,715.200000000329,2395.79999999978,219.599999996,285.200000006,0.00815772968,404.36285523667505
SKW-15,SKW-15,2025-07-30 00:17:00,28.7,51.0,720.199999999519,2392.40000000028,219.599999996,285.200000006,0.01121687831,404.3983034431226
SKW-15,SKW-15,2025-07-30 00:18:00,28.7,51.0,722.89999999998,2391.49999999964,219.599999996,285.400000004,0.01121687831,404.3989460594819
SKW-15,SKW-15,2025-07-30 00:19:00,28.4,51.0,724.699999999805,2389.79999999989,219.599999996,284.399999996,0.00917744589,997.5127791236443
SKW-15,SKW-15,2025-07-30 00:20:00,28.5,51.0,727.300000000196,2389.69999999981,219.700000004,283.1,0.00713801347,991.5306994520744
SKW-15,SKW-15,2025-07-30 00:21:00,28.2,51.0,729.500000000303,2389.69999999981,219.799999994,284.199999998,0.00713801347,1013.8110700134089
SKW-15,SKW-15,2025-07-30 00:22:00,28.4,51.0,735.30000000006,2387.59999999978,219.900000002,284.300000006,0.0101971621,997.4146511804976
SKW-15,SKW-15,2025-07-30 00:23:00,28.5,51.0,737.400000000097,2388.00000000006,219.999999992,283.299999998,0.00713801347,990.9329181936415
SKW-15,SKW-15,2025-07-30 00:24:00,28.8,51.0,736.799999999672,2383.69999999992,219.999999992,284.500000004,0.0101971621,404.44619218966176
SKW-15,SKW-15,2025-07-30 00:25:00,28.7,51.0,736.100000000626,2382.2000000003,219.999999992,282.599999996,0.00815772968,404.4000184714253
SKW-15,SKW-15,2025-07-30 00:26:00,28.8,51.0,732.999999999881,2381.59999999988,219.900000002,284.9,0.0101971621,404.44553822902975
SKW-15,SKW-15,2025-07-30 00:27:00,28.7,51.0,729.300000000162,2383.09999999949,219.900000002,285.299999996,0.00815772968,404.4002517329307
SKW-15,SKW-15,2025-07-30 00:28:00,28.7,51.0,728.000000000691,2385.49999999974,219.900000002,285.400000004,0.0101971621,404.400119882001
SKW-15,SKW-15,2025-07-30 00:29:00,28.2,51.0,729.900000000587,2388.10000000013,219.900000002,284.0,0.00713801347,1014.1212766999859
SKW-15,SKW-15,2025-07-30 00:30:00,27.2,51.0,731.300000000128,2389.49999999967,219.900000002,284.799999992,0.0101971621,2380.111985943235
SKW-15,SKW-15,2025-07-30 00:31:00,28.6,51.0,734.799999999706,2391.09999999936,219.900000002,284.100000008,0.00917744589,404.3658683290452
SKW-15,SKW-15,2025-07-30 00:32:00,28.8,51.0,735.600000000272,2388.40000000034,219.900000002,284.0,0.01121687831,404.44553221856887
SKW-15,SKW-15,2025-07-30 00:33:00,28.9,51.0,731.300000000128,2390.1000000001,219.799999994,283.400000006,0.0101971621,404.488324175873
SKW-15,SKW-15,2025-07-30 00:34:00,28.8,51.0,726.299999999487,2394.30000000017,219.700000004,283.200000008,0.00815772968,404.4426589965721
SKW-15,SKW-15,2025-07-30 00:35:00,28.4,51.0,725.30000000023,2396.70000000042,219.700000004,282.599999996,0.0101971621,1000.3162545799744
SKW-15,SKW-15,2025-07-30 00:36:00,26.6,51.0,725.900000000654,2401.69999999961,219.700000004,283.299999998,0.0101971621,2380.104122497936
SKW-15,SKW-15,2025-07-30 00:37:00,26.2,51.0,728.699999999737,2406.09999999983,219.700000004,283.200000008,0.00917744589,2380.097873420945
SKW-15,SKW-15,2025-07-30 00:38:00,24.7,51.0,732.100000000694,2409.79999999955,219.700000004,284.100000008,0.0101971621,2380.0691137519093
SKW-15,SKW-15,2025-07-30 00:39:00,25.8,51.0,733.800000000448,2411.20000000054,219.700000004,282.2,0.00917744589,2380.090383772796
SKW-15,SKW-15,2025-07-30 00:40:00,28.5,51.0,736.699999999601,2411.79999999951,219.799999994,280.500000008,0.0101971621,995.3676838579573
SKW-15,SKW-15,2025-07-30 00:41:00,28.8,51.0,735.400000000131,2409.30000000064,219.799999994,280.999999994,0.00713801347,970.8368460209515
SKW-15,SKW-15,2025-07-30 00:42:00,28.9,51.0,731.400000000199,2409.89999999962,219.700000004,280.200000002,0.00611829726,964.4274740006284
SKW-15,SKW-15,2025-07-30 00:43:00,28.5,51.0,727.700000000479,2412.60000000008,219.599999996,280.799999996,0.0101971621,995.11901808639
SKW-15,SKW-15,2025-07-30 00:44:00,26.6,51.0,726.999999999983,2414.3999999999,219.599999996,280.200000002,0.00713801347,2380.1032254025604
SKW-15,SKW-15,2025-07-30 00:45:00,24.8,51.0,727.300000000196,2420.09999999959,219.599999996,282.399999998,0.00917744589,2380.0714194099496
SKW-15,SKW-15,2025-07-30 00:46:00,25.3,51.0,729.700000000445,2426.3999999997,219.599999996,281.499999998,0.00815772968,2380.081346843954
SKW-15,SKW-15,2025-07-30 00:47:00,26.0,51.0,733.200000000023,2432.3999999996,219.599999996,279.600000008,0.00815772968,2380.093062311416
SKW-15,SKW-15,2025-07-30 00:48:00,28.8,51.0,735.800000000414,2434.39999999956,219.700000004,278.999999996,0.00815772968,973.9236217453625
SKW-15,SKW-15,2025-07-30 00:49:00,28.8,51.0,735.800000000414,2435.60000000041,219.700000004,280.200000002,0.00611829726,972.0778795720797
SKW-15,SKW-15,2025-07-30 00:50:00,28.7,51.0,731.60000000034,2439.09999999999,219.599999996,280.500000008,0.00713801347,979.6381369044745
SKW-15,SKW-15,2025-07-30 00:51:00,28.7,51.0,726.299999999487,2443.50000000021,219.500000006,281.3,0.00611829726,978.589558583806
SKW-15,SKW-15,2025-07-30 00:52:00,27.0,51.0,724.899999999946,2447.40000000007,219.500000006,282.099999992,0.00815772968,2380.109420565699
SKW-15,SKW-15,2025-07-30 00:53:00,25.4,51.0,726.299999999487,2450.99999999972,219.500000006,282.099999992,0.00815772968,2380.083995807905
SKW-15,SKW-15,2025-07-30 00:54:00,25.0,51.0,729.400000000232,2453.80000000025,219.500000006,281.499999998,0.00815772968,2380.0752244745786
SKW-15,SKW-15,2025-07-30 00:55:00,25.2,51.0,731.200000000057,2454.89999999958,219.500000006,281.100000002,0.01121687831,2380.078961328361
SKW-15,SKW-15,2025-07-30 00:56:00,24.5,51.0,734.499999999493,2456.30000000057,219.500000006,279.5,0.00713801347,2380.061848780456
SKW-15,SKW-15,2025-07-30 00:57:00,24.1,51.0,737.199999999955,2456.59999999933,219.599999996,279.600000008,0.00611829726,2380.0505191435236
SKW-15,SKW-15,2025-07-30 00:58:00,22.1,51.0,737.300000000026,2456.40000000064,219.599999996,278.799999998,0.00713801347,2379.9632426663884
SKW-15,SKW-15,2025-07-30 00:59:00,25.9,51.0,737.099999999884,2455.19999999979,219.700000004,276.900000008,0.0101971621,2380.089921956184
SKW-15,SKW-15,2025-07-30 01:00:00,27.5,51.0,736.59999999953,2452.69999999947,219.799999994,274.200000008,0.00917744589,2380.0337278655597
SKW-15,SKW-15,2025-07-30 01:01:00,28.8,51.0,736.000000000555,2450.00000000046,219.900000002,275.599999994,0.00917744589,979.1663537514773
SKW-15,SKW-15,2025-07-30 01:02:00,28.9,51.0,734.199999999281,2449.29999999996,219.799999994,278.000000006,0.00815772968,967.6660004100496
SKW-15,SKW-15,2025-07-30 01:03:00,29.0,51.0,731.700000000411,2449.90000000039,219.700000004,278.499999992,0.00917744589,959.2213368977683
SKW-15,SKW-15,2025-07-30 01:04:00,28.8,51.0,726.099999999346,2452.69999999947,219.599999996,279.699999998,0.00713801347,973.2112368206866
SKW-15,SKW-15,2025-07-30 01:05:00,28.5,51.0,723.600000000476,2456.2000000005,219.500000006,280.900000004,0.00713801347,995.0757007690216
SKW-15,SKW-15,2025-07-30 01:06:00,26.8,51.0,723.700000000547,2460.60000000071,219.500000006,280.700000006,0.00917744589,2380.1064710240994
SKW-15,SKW-15,2025-07-30 01:07:00,26.4,51.0,726.099999999346,2465.29999999969,219.500000006,282.300000008,0.00917744589,2380.1009854002555
SKW-15,SKW-15,2025-07-30 01:08:00,28.2,51.0,729.10000000002,2468.10000000022,219.500000006,280.200000002,0.00713801347,1020.2146678628303
SKW-15,SKW-15,2025-07-30 01:09:00,28.7,51.0,729.200000000091,2469.39999999969,219.500000006,281.3,0.00815772968,978.4835388174458
SKW-15,SKW-15,2025-07-30 01:10:00,28.8,51.0,727.400000000266,2473.89999999998,219.399999998,281.499999998,0.01121687831,970.399845798889
SKW-15,SKW-15,2025-07-30 01:11:00,28.8,51.0,722.699999999839,2479.00000000069,219.300000008,282.900000002,0.00917744589,404.4413852982949
SKW-15,SKW-15,2025-07-30 01:12:00,28.9,51.0,720.799999999943,2482.50000000027,219.2,282.2,0.0101971621,961.8726936413966
SKW-15,SKW-15,2025-07-30 01:13:00,28.7,51.0,719.300000000332,2489.10000000059,219.2,281.3,0.00815772968,978.8439536376269
SKW-15,SKW-15,2025-07-30 01:14:00,28.5,51.0,720.39999999966,2494.50000000007,219.099999992,283.200000008,0.01121687831,991.5862158049888
SKW-15,SKW-15,2025-07-30 01:15:00,27.2,51.0,722.699999999839,2495.89999999961,219.099999992,283.499999996,0.00917744589,2380.1125881745247
SKW-15,SKW-15,2025-07-30 01:16:00,25.4,51.0,726.000000000725,2496.39999999996,219.099999992,282.599999996,0.00713801347,2380.0844154401343
SKW-15,SKW-15,2025-07-30 01:17:00,23.7,51.0,727.700000000479,2496.39999999996,219.099999992,282.799999994,0.00917744589,2380.0423749581123
SKW-15,SKW-15,2025-07-30 01:18:00,23.8,51.0,731.800000000482,2495.49999999932,219.2,281.600000006,0.0101971621,2380.043856121975
SKW-15,SKW-15,2025-07-30 01:19:00,25.4,51.0,735.800000000414,2493.99999999971,219.300000008,279.899999996,0.00611829726,2380.0821108166297
SKW-15,SKW-15,2025-07-30 01:20:00,28.3,51.0,736.100000000626,2491.99999999974,219.399999998,278.200000004,0.00611829726,1015.222217529206
SKW-15,SKW-15,2025-07-30 01:21:00,28.8,51.0,735.30000000006,2488.70000000031,219.399999998,278.900000006,0.00815772968,974.1353041535104
SKW-15,SKW-15,2025-07-30 01:22:00,28.8,51.0,732.000000000623,2488.80000000038,219.399999998,279.899999996,0.00611829726,972.7208924309175
SKW-15,SKW-15,2025-07-30 01:23:00,28.7,51.0,730.000000000657,2488.90000000045,219.300000008,280.799999996,0.00611829726,979.2654572302015
SKW-15,SKW-15,2025-07-30 01:24:00,28.7,51.0,727.400000000266,2488.70000000031,219.300000008,280.700000006,0.00713801347,979.4994608717805
SKW-15,SKW-15,2025-07-30 01:25:00,26.3,51.0,726.799999999842,2488.30000000003,219.2,282.399999998,0.0101971621,2380.0995265103597
SKW-15,SKW-15,2025-07-30 01:26:00,25.9,51.0,727.600000000408,2487.79999999967,219.2,282.399999998,0.00713801347,2380.09307778739
SKW-15,SKW-15,2025-07-30 01:27:00,28.5,51.0,730.099999999278,2485.59999999956,219.300000008,282.000000002,0.00917744589,993.2109262163937
SKW-15,SKW-15,2025-07-30 01:28:00,28.7,51.0,731.800000000482,2480.10000000002,219.300000008,281.600000006,0.00611829726,977.9673094635623
SKW-15,SKW-15,2025-07-30 01:29:00,28.7,51.0,728.699999999737,2478.10000000005,219.2,281.400000008,0.00815772968,978.3812500561767
SKW-15,SKW-15,2025-07-30 01:30:00,28.7,51.0,724.09999999938,2478.10000000005,219.099999992,281.400000008,0.00815772968,978.5447794866072
SKW-15,SKW-15,2025-07-30 01:31:00,28.4,51.0,722.79999999991,2478.40000000027,219.000000002,282.700000004,0.00917744589,1000.261802965512
SKW-15,SKW-15,2025-07-30 01:32:00,27.1,51.0,723.500000000405,2478.40000000027,219.000000002,282.700000004,0.00611829726,2380.111144209343
SKW-15,SKW-15,2025-07-30 01:33:00,25.8,51.0,726.799999999842,2478.30000000019,219.000000002,282.2,0.00917744589,2380.091437393193
SKW-15,SKW-15,2025-07-30 01:34:00,25.0,51.0,730.699999999703,2477.39999999956,219.099999992,282.500000006,0.01121687831,2380.075602954541
SKW-15,SKW-15,2025-07-30 01:35:00,24.9,51.0,734.399999999422,2476.20000000016,219.099999992,281.3,0.00917744589,2380.072425183996
SKW-15,SKW-15,2025-07-30 01:36:00,26.1,51.0,736.200000000697,2474.40000000033,219.2,279.699999998,0.00815772968,2380.09459591895
SKW-15,SKW-15,2025-07-30 01:37:00,23.8,51.0,736.100000000626,2474.00000000005,219.2,278.299999994,0.00815772968,2380.040990767284
SKW-15,SKW-15,2025-07-30 01:38:00,25.7,51.0,736.399999999388,2473.09999999941,219.300000008,326.3,0.00713801347,2380.102562747826
SKW-15,SKW-15,2025-07-30 01:39:00,28.8,51.0,735.500000000202,2469.59999999984,219.399999998,277.7,0.00917744589,975.9816441753755
SKW-15,SKW-15,2025-07-30 01:40:00,28.8,51.0,734.10000000066,2468.00000000015,219.399999998,279.100000004,0.00713801347,973.8745691657205
SKW-15,SKW-15,2025-07-30 01:41:00,28.8,51.0,730.29999999942,2466.00000000019,219.300000008,281.199999992,0.00713801347,970.7890582185729
SKW-15,SKW-15,2025-07-30 01:42:00,28.8,51.0,727.900000000621,2465.90000000012,219.2,281.800000004,0.00815772968,969.9657644048926
SKW-15,SKW-15,2025-07-30 01:43:00,28.8,51.0,724.699999999805,2465.09999999955,219.2,280.900000004,0.00917744589,971.4608091472043
SKW-15,SKW-15,2025-07-30 01:44:00,27.8,51.0,724.499999999663,2464.30000000043,219.099999992,281.899999994,0.00917744589,2380.1190823440184
SKW-15,SKW-15,2025-07-30 01:45:00,25.0,51.0,726.799999999842,2463.49999999987,219.099999992,283.1,0.01121687831,2380.076384204308
SKW-15,SKW-15,2025-07-30 01:46:00,27.0,51.0,728.299999999453,2462.50000000061,219.099999992,281.899999994,0.0101971621,2380.109180854457
SKW-15,SKW-15,2025-07-30 01:47:00,28.0,51.0,731.700000000411,2458.89999999951,219.2,280.700000006,0.0101971621,2380.1204657856897
SKW-15,SKW-15,2025-07-30 01:48:00,25.3,51.0,732.79999999974,2457.80000000018,219.2,281.100000002,0.00815772968,2380.080980705261
SKW-15,SKW-15,2025-07-30 01:49:00,27.3,51.0,733.500000000235,2453.60000000011,219.2,280.500000008,0.00611829726,2380.1122539111725
SKW-15,SKW-15,2025-07-30 01:50:00,25.5,51.0,733.900000000519,2453.09999999975,219.2,280.099999994,0.00713801347,2380.084382444714
SKW-15,SKW-15,2025-07-30 01:51:00,28.1,51.0,734.299999999352,2450.99999999972,219.2,279.399999992,0.00815772968,1029.6587253932921
SKW-15,SKW-15,2025-07-30 01:52:00,28.9,51.0,734.899999999777,2445.09999999989,219.2,279.399999992,0.00815772968,965.5721907027079
SKW-15,SKW-15,2025-07-30 01:53:00,28.8,51.0,732.000000000623,2442.39999999943,219.099999992,279.600000008,0.00713801347,973.2173316079036
SKW-15,SKW-15,2025-07-30 01:54:00,28.8,51.0,726.399999999558,2441.70000000038,219.000000002,281.100000002,0.00815772968,971.1236091788826
SKW-15,SKW-15,2025-07-30 01:55:00,28.7,51.0,723.900000000689,2441.09999999996,219.000000002,280.999999994,0.00713801347,979.1849010605649
SKW-15,SKW-15,2025-07-30 01:56:00,26.8,51.0,723.600000000476,2441.09999999996,219.000000002,281.499999998,0.0101971621,2380.10683765557
SKW-15,SKW-15,2025-07-30 01:57:00,24.5,51.0,725.500000000371,2441.20000000003,219.000000002,282.399999998,0.00815772968,2380.064968505075
SKW-15,SKW-15,2025-07-30 01:58:00,25.5,51.0,729.200000000091,2440.79999999974,219.000000002,280.299999992,0.00815772968,2380.0850923114926
SKW-15,SKW-15,2025-07-30 01:59:00,28.4,51.0,733.800000000448,2438.09999999928,219.099999992,279.699999998,0.00815772968,1004.7829497386037
SKW-15,SKW-15,2025-07-30 02:00:00,28.9,51.0,734.899999999777,2438.09999999928,219.099999992,279.5,0.0101971621,965.4204844460901
SKW-15,SKW-15,2025-07-30 02:01:00,28.6,51.0,733.600000000306,2437.30000000017,219.000000002,281.899999994,0.00713801347,985.3696833393795
SKW-15,SKW-15,2025-07-30 02:02:00,28.0,51.0,730.000000000657,2438.49999999957,219.000000002,280.500000008,0.00815772968,2380.1206103399477
SKW-15,SKW-15,2025-07-30 02:03:00,25.7,51.0,729.200000000091,2439.30000000013,219.000000002,282.000000002,0.00713801347,2380.0893860327287
SKW-15,SKW-15,2025-07-30 02:04:00,25.1,51.0,730.899999999844,2438.79999999978,219.000000002,282.000000002,0.00815772968,2380.077597525111
SKW-15,SKW-15,2025-07-30 02:05:00,26.9,51.0,732.399999999456,2437.90000000059,219.000000002,281.400000008,0.00611829726,2380.1074613043475
SKW-15,SKW-15,2025-07-30 02:06:00,28.2,51.0,735.099999999918,2434.29999999949,219.099999992,279.600000008,0.00713801347,1021.143769056471
SKW-15,SKW-15,2025-07-30 02:07:00,26.5,51.0,734.799999999706,2434.19999999942,219.000000002,280.299999992,0.00713801347,2380.101266154961
SKW-15,SKW-15,2025-07-30 02:08:00,24.5,51.0,734.599999999564,2433.90000000066,219.000000002,279.800000006,0.00815772968,2380.062249523213
SKW-15,SKW-15,2025-07-30 02:09:00,28.4,51.0,734.999999999847,2429.40000000037,219.099999992,279.199999994,0.00611829726,1005.5606700587139
SKW-15,SKW-15,2025-07-30 02:10:00,28.8,51.0,734.00000000059,2427.20000000027,219.099999992,279.399999992,0.00815772968,973.4479616037153
SKW-15,SKW-15,2025-07-30 02:11:00,28.8,51.0,730.699999999703,2426.29999999963,219.000000002,280.299999992,0.00815772968,972.1936361880498
SKW-15,SKW-15,2025-07-30 02:12:00,28.7,51.0,725.700000000513,2427.10000000019,218.899999994,280.799999996,0.0101971621,979.4314560607199
SKW-15,SKW-15,2025-07-30 02:13:00,28.7,51.0,722.299999999555,2427.70000000062,218.800000004,280.700000006,0.00713801347,979.7221421438454
SKW-15,SKW-15,2025-07-30 02:14:00,28.4,51.0,722.499999999697,2428.29999999959,218.800000004,281.699999996,0.00611829726,1001.8584064888466
SKW-15,SKW-15,2025-07-30 02:15:00,25.7,51.0,723.300000000264,2428.59999999981,218.800000004,282.099999992,0.00713801347,2380.090164952554
SKW-15,SKW-15,2025-07-30 02:16:00,25.4,51.0,726.399999999558,2428.59999999981,218.800000004,281.600000006,0.01121687831,2380.0840459822894
SKW-15,SKW-15,2025-07-30 02:17:00,28.1,51.0,730.999999999915,2426.79999999998,218.899999994,280.900000004,0.00917744589,1027.2486100577505
SKW-15,SKW-15,2025-07-30 02:18:00,26.5,51.0,732.899999999811,2424.59999999987,218.899999994,280.700000006,0.00815772968,2380.1015813224517
SKW-15,SKW-15,2025-07-30 02:19:00,24.1,51.0,733.800000000448,2425.40000000044,218.899999994,281.400000008,0.00917744589,2380.0525333418677
SKW-15,SKW-15,2025-07-30 02:20:00,25.0,51.0,735.099999999918,2425.2000000003,219.000000002,279.899999996,0.00611829726,2380.074046859388
SKW-15,SKW-15,2025-07-30 02:21:00,27.8,51.0,734.999999999847,2422.69999999998,219.000000002,278.200000004,0.00713801347,2380.1175730787577
SKW-15,SKW-15,2025-07-30 02:22:00,27.3,51.0,735.400000000131,2424.69999999995,219.099999992,278.999999996,0.00713801347,2380.1117512586375
SKW-15,SKW-15,2025-07-30 02:23:00,28.8,51.0,735.500000000202,2424.19999999959,219.099999992,279.5,0.00611829726,973.2506150689453
SKW-15,SKW-15,2025-07-30 02:24:00,28.8,51.0,733.900000000519,2421.70000000072,219.099999992,279.300000002,0.00611829726,973.6174240180094
SKW-15,SKW-15,2025-07-30 02:25:00,28.8,51.0,728.299999999453,2423.60000000062,218.899999994,281.100000002,0.00611829726,971.0779722195714
SKW-15,SKW-15,2025-07-30 02:26:00,28.8,51.0,722.79999999991,2427.10000000019,218.800000004,281.499999998,0.00815772968,970.6727096647826
SKW-15,SKW-15,2025-07-30 02:27:00,28.6,51.0,720.299999999589,2431.2000000002,218.800000004,282.399999998,0.00713801347,984.9992719289424
SKW-15,SKW-15,2025-07-30 02:28:00,27.8,51.0,721.800000000652,2435.90000000062,218.699999996,282.2,0.00815772968,2380.1194474690733
SKW-15,SKW-15,2025-07-30 02:29:00,25.5,51.0,723.600000000476,2438.29999999942,218.699999996,282.399999998,0.01121687831,2380.086601958831
SKW-15,SKW-15,2025-07-30 02:30:00,28.3,51.0,727.700000000479,2441.3000000001,218.800000004,282.999999992,0.01223659452,1007.7095341725676
SKW-15,SKW-15,2025-07-30 02:31:00,28.6,51.0,731.099999999986,2441.09999999996,218.800000004,280.900000004,0.00815772968,987.0151228044996
SKW-15,SKW-15,2025-07-30 02:32:00,28.8,51.0,728.899999999878,2443.09999999992,218.699999996,281.199999992,0.00713801347,970.923188652847
SKW-15,SKW-15,2025-07-30 02:33:00,28.7,51.0,726.999999999983,2444.29999999932,218.699999996,282.099999992,0.00815772968,977.4175389512584
SKW-15,SKW-15,2025-07-30 02:34:00,27.6,51.0,725.4000000003,2444.59999999953,218.699999996,283.200000008,0.00815772968,2380.1171795611217
SKW-15,SKW-15,2025-07-30 02:35:00,25.5,51.0,726.699999999771,2443.70000000035,218.699999996,282.700000004,0.00815772968,2380.0864022020814
SKW-15,SKW-15,2025-07-30 02:36:00,25.0,51.0,730.000000000657,2442.10000000066,218.699999996,282.099999992,0.00815772968,2380.0757915525764
SKW-15,SKW-15,2025-07-30 02:37:00,25.2,51.0,733.900000000519,2440.29999999939,218.800000004,280.099999994,0.00713801347,2380.078617542754
SKW-15,SKW-15,2025-07-30 02:38:00,26.2,51.0,735.199999999989,2439.30000000013,218.800000004,280.200000002,0.00815772968,2380.096629304766
SKW-15,SKW-15,2025-07-30 02:39:00,28.5,51.0,735.199999999989,2436.89999999988,218.899999994,278.900000006,0.0101971621,997.9965483883182
SKW-15,SKW-15,2025-07-30 02:40:00,28.7,51.0,734.00000000059,2432.89999999995,218.899999994,279.300000002,0.00917744589,981.4958874172266
SKW-15,SKW-15,2025-07-30 02:41:00,28.5,51.0,731.300000000128,2433.4000000003,218.899999994,279.600000008,0.00815772968,996.9857242125596
SKW-15,SKW-15,2025-07-30 02:42:00,27.9,51.0,729.600000000374,2434.79999999985,218.800000004,280.4,0.0101971621,2380.1195639837283
SKW-15,SKW-15,2025-07-30 02:43:00,24.5,51.0,729.600000000374,2435.60000000041,218.800000004,280.500000008,0.00815772968,2380.0635118472223
SKW-15,SKW-15,2025-07-30 02:44:00,24.4,51.0,730.799999999774,2436.89999999988,218.899999994,280.900000004,0.00815772968,2380.0609235567154
SKW-15,SKW-15,2025-07-30 02:45:00,25.4,51.0,733.500000000235,2437.40000000024,218.899999994,279.800000006,0.0101971621,2380.0824608849475
SKW-15,SKW-15,2025-07-30 02:46:00,26.5,51.0,735.30000000006,2438.39999999949,219.000000002,278.6,0.0101971621,2380.100673891187
SKW-15,SKW-15,2025-07-30 02:47:00,28.7,51.0,735.199999999989,2437.80000000052,219.000000002,278.6,0.00917744589,982.5364739797687
SKW-15,SKW-15,2025-07-30 02:48:00,28.7,51.0,733.900000000519,2436.0000000007,219.000000002,277.100000006,0.0101971621,984.9077320585388
SKW-15,SKW-15,2025-07-30 02:49:00,28.8,51.0,729.10000000002,2437.80000000052,218.899999994,280.900000004,0.00815772968,971.3434772257165
SKW-15,SKW-15,2025-07-30 02:50:00,28.5,51.0,725.000000000017,2440.00000000063,218.800000004,280.599999998,0.00917744589,995.5632201185354
SKW-15,SKW-15,2025-07-30 02:51:00,27.7,51.0,724.199999999451,2440.79999999974,218.800000004,281.800000004,0.00611829726,2380.118081168516
SKW-15,SKW-15,2025-07-30 02:52:00,25.6,51.0,724.799999999875,2440.5999999996,218.800000004,280.900000004,0.00611829726,2380.08780380745
SKW-15,SKW-15,2025-07-30 02:53:00,25.0,51.0,728.899999999878,2438.09999999928,218.800000004,280.599999998,0.00917744589,2380.0752368515423
SKW-15,SKW-15,2025-07-30 02:54:00,24.9,51.0,730.599999999632,2436.89999999988,218.800000004,281.100000002,0.00917744589,2380.073029258737
SKW-15,SKW-15,2025-07-30 02:55:00,25.2,51.0,734.199999999281,2434.39999999956,218.899999994,279.100000004,0.00815772968,2380.0781026090094
SKW-15,SKW-15,2025-07-30 02:56:00,26.2,51.0,735.099999999918,2431.30000000027,218.899999994,278.400000002,0.00815772968,2380.096034416021
SKW-15,SKW-15,2025-07-30 02:57:00,28.5,51.0,734.599999999564,2428.49999999974,219.000000002,277.399999994,0.00815772968,1000.3747247659328
SKW-15,SKW-15,2025-07-30 02:58:00,28.8,51.0,732.999999999881,2423.79999999931,219.000000002,277.500000002,0.00917744589,976.4275443918744
SKW-15,SKW-15,2025-07-30 02:59:00,28.8,51.0,729.600000000374,2423.40000000047,218.899999994,279.800000006,0.00713801347,973.0224018563176
SKW-15,SKW-15,2025-07-30 03:00:00,28.7,51.0,726.999999999983,2423.99999999945,218.899999994,280.700000006,0.00611829726,979.5642987330195
SKW-15,SKW-15,2025-07-30 03:01:00,27.1,51.0,726.699999999771,2424.39999999973,218.899999994,280.599999998,0.00917744589,2380.110349314222
SKW-15,SKW-15,2025-07-30 03:02:00,25.5,51.0,727.200000000125,2425.40000000044,218.800000004,281.3,0.00917744589,2380.085768559573
SKW-15,SKW-15,2025-07-30 03:03:00,25.4,51.0,729.10000000002,2425.99999999942,218.800000004,281.199999992,0.00815772968,2380.083622937767
SKW-15,SKW-15,2025-07-30 03:04:00,26.1,51.0,731.800000000482,2426.79999999998,218.899999994,279.699999998,0.00815772968,2380.095167798386
SKW-15,SKW-15,2025-07-30 03:05:00,28.1,51.0,734.199999999281,2425.40000000044,218.899999994,279.100000004,0.0101971621,1030.145172657594
SKW-15,SKW-15,2025-07-30 03:06:00,25.3,51.0,734.299999999352,2426.69999999991,218.899999994,278.6,0.00713801347,2380.079958644682
SKW-15,SKW-15,2025-07-30 03:07:00,25.9,51.0,733.400000000165,2429.3000000003,218.899999994,279.899999996,0.00815772968,2380.091714169601
SKW-15,SKW-15,2025-07-30 03:08:00,27.3,51.0,734.399999999422,2430.4999999997,219.000000002,277.800000008,0.00611829726,2380.111576297637
SKW-15,SKW-15,2025-07-30 03:09:00,28.7,51.0,734.299999999352,2430.39999999963,219.000000002,276.999999998,0.00713801347,985.0658082776991
SKW-15,SKW-15,2025-07-30 03:10:00,28.9,51.0,732.79999999974,2428.49999999974,219.000000002,278.499999992,0.00611829726,967.0807026287905
SKW-15,SKW-15,2025-07-30 03:11:00,28.8,51.0,730.499999999561,2429.3000000003,218.899999994,279.199999994,0.00917744589,973.9026582786861
SKW-15,SKW-15,2025-07-30 03:12:00,28.8,51.0,725.4000000003,2430.29999999956,218.800000004,280.000000004,0.0101971621,972.8632245260743
SKW-15,SKW-15,2025-07-30 03:13:00,28.7,51.0,722.79999999991,2431.99999999931,218.699999996,280.799999996,0.00815772968,979.5586156580375
SKW-15,SKW-15,2025-07-30 03:14:00,25.5,51.0,723.000000000051,2433.90000000066,218.699999996,281.699999996,0.00713801347,2380.0864921466973
SKW-15,SKW-15,2025-07-30 03:15:00,24.1,51.0,724.09999999938,2434.79999999985,218.699999996,281.199999992,0.00815772968,2380.0543141254516
SKW-15,SKW-15,2025-07-30 03:16:00,24.8,51.0,727.500000000337,2435.60000000041,218.699999996,280.999999994,0.0101971621,2380.071212836862
SKW-15,SKW-15,2025-07-30 03:17:00,24.6,51.0,731.900000000553,2436.29999999946,218.800000004,278.6,0.00815772968,2380.064701428085
SKW-15,SKW-15,2025-07-30 03:18:00,26.3,51.0,734.899999999777,2436.59999999967,218.800000004,277.599999992,0.00713801347,2380.097450595378
SKW-15,SKW-15,2025-07-30 03:19:00,28.0,51.0,733.900000000519,2434.39999999956,218.899999994,276.999999998,0.00611829726,2380.11964545871
SKW-15,SKW-15,2025-07-30 03:20:00,26.9,51.0,733.800000000448,2434.5999999997,218.899999994,278.6,0.00713801347,2380.1066113872885
SKW-15,SKW-15,2025-07-30 03:21:00,25.6,51.0,733.900000000519,2434.5999999997,219.000000002,278.799999998,0.00611829726,2380.08589214979
SKW-15,SKW-15,2025-07-30 03:22:00,25.0,51.0,734.599999999564,2434.00000000073,219.000000002,278.6,0.00713801347,2380.073532797272
SKW-15,SKW-15,2025-07-30 03:23:00,27.7,51.0,734.899999999777,2432.69999999981,219.000000002,278.400000002,0.00815772968,2380.1164714806673
SKW-15,SKW-15,2025-07-30 03:24:00,28.0,51.0,734.299999999352,2430.79999999991,219.000000002,278.400000002,0.00815772968,2380.119870420368
SKW-15,SKW-15,2025-07-30 03:25:00,28.7,51.0,734.10000000066,2431.00000000006,219.099999992,278.999999996,0.00713801347,981.9465132607482
SKW-15,SKW-15,2025-07-30 03:26:00,28.8,51.0,732.79999999974,2427.10000000019,219.000000002,280.000000004,0.00815772968,972.5787893231351
SKW-15,SKW-15,2025-07-30 03:27:00,28.8,51.0,726.799999999842,2426.79999999998,218.899999994,280.799999996,0.00713801347,971.588335512328
SKW-15,SKW-15,2025-07-30 03:28:00,28.7,51.0,719.700000000615,2427.80000000069,218.699999996,280.700000006,0.00611829726,979.8220800354242
SKW-15,SKW-15,2025-07-30 03:29:00,28.6,51.0,717.400000000436,2428.29999999959,218.699999996,281.400000008,0.00611829726,986.6404459306895
SKW-15,SKW-15,2025-07-30 03:30:00,28.5,51.0,716.800000000011,2429.40000000037,218.600000006,281.199999992,0.00713801347,994.8387650242411
SKW-15,SKW-15,2025-07-30 03:31:00,28.3,51.0,719.200000000261,2430.59999999977,218.600000006,283.200000008,0.00917744589,1007.5420533686295
SKW-15,SKW-15,2025-07-30 03:32:00,26.7,51.0,722.499999999697,2432.19999999946,218.600000006,282.900000002,0.00611829726,2380.1061232574166
SKW-15,SKW-15,2025-07-30 03:33:00,28.5,51.0,726.000000000725,2431.00000000006,218.600000006,282.000000002,0.00815772968,993.3741900428474
SKW-15,SKW-15,2025-07-30 03:34:00,28.7,51.0,726.799999999842,2429.3000000003,218.600000006,282.700000004,0.00713801347,404.39726573345
SKW-15,SKW-15,2025-07-30 03:35:00,28.8,51.0,725.30000000023,2429.99999999935,218.499999998,282.099999992,0.00917744589,969.6956327012242
SKW-15,SKW-15,2025-07-30 03:36:00,28.7,51.0,722.199999999485,2432.09999999938,218.499999998,282.500000006,0.00917744589,404.3962584040261
SKW-15,SKW-15,2025-07-30 03:37:00,28.4,51.0,721.300000000298,2433.60000000045,218.400000008,282.2,0.00917744589,1001.1163572087612
SKW-15,SKW-15,2025-07-30 03:38:00,27.1,51.0,722.699999999839,2433.80000000059,218.400000008,282.300000008,0.00815772968,2380.111258175019
SKW-15,SKW-15,2025-07-30 03:39:00,25.4,51.0,724.199999999451,2433.90000000066,218.400000008,282.599999996,0.00815772968,2380.0849196070403
SKW-15,SKW-15,2025-07-30 03:40:00,25.9,51.0,727.500000000337,2433.50000000038,218.499999998,282.099999992,0.00917744589,2380.093226336555
SKW-15,SKW-15,2025-07-30 03:41:00,26.4,51.0,731.300000000128,2432.19999999946,218.499999998,281.199999992,0.00917744589,2380.1005102633408
SKW-15,SKW-15,2025-07-30 03:42:00,24.9,51.0,733.900000000519,2432.09999999938,218.600000006,280.500000008,0.00713801347,2380.0724465427725
SKW-15,SKW-15,2025-07-30 03:43:00,26.9,51.0,733.600000000306,2429.90000000073,218.600000006,279.5,0.00713801347,2380.1069636960397
SKW-15,SKW-15,2025-07-30 03:44:00,24.9,51.0,733.700000000377,2430.89999999998,218.699999996,278.400000002,0.00713801347,2380.0714944530982
SKW-15,SKW-15,2025-07-30 03:45:00,24.7,51.0,734.10000000066,2432.19999999946,218.699999996,277.800000008,0.00917744589,2380.0664440247133
SKW-15,SKW-15,2025-07-30 03:46:00,28.0,51.0,734.199999999281,2431.60000000048,218.800000004,277.199999996,0.00815772968,2380.119670707089
SKW-15,SKW-15,2025-07-30 03:47:00,28.8,51.0,733.400000000165,2430.59999999977,218.800000004,277.199999996,0.00611829726,976.9189416587413
SKW-15,SKW-15,2025-07-30 03:48:00,28.9,51.0,730.799999999774,2432.49999999967,218.800000004,278.200000004,0.00815772968,967.6364141911394
SKW-15,SKW-15,2025-07-30 03:49:00,28.7,51.0,726.000000000725,2434.89999999992,218.699999996,279.800000006,0.00917744589,980.9944387574425
SKW-15,SKW-15,2025-07-30 03:50:00,28.7,51.0,723.500000000405,2436.39999999953,218.600000006,280.200000002,0.00917744589,980.4673138001519
SKW-15,SKW-15,2025-07-30 03:51:00,28.3,51.0,721.200000000227,2438.19999999935,218.499999998,279.800000006,0.00815772968,1012.8800138632421
SKW-15,SKW-15,2025-07-30 03:52:00,25.3,51.0,722.199999999485,2438.49999999957,218.499999998,281.400000008,0.0101971621,2380.0827060532515
SKW-15,SKW-15,2025-07-30 03:53:00,24.3,51.0,723.800000000618,2438.49999999957,218.499999998,280.4,0.00917744589,2380.0594391410955
SKW-15,SKW-15,2025-07-30 03:54:00,25.1,51.0,727.700000000479,2436.89999999988,218.600000006,279.800000006,0.00815772968,2380.0773099313374
SKW-15,SKW-15,2025-07-30 03:55:00,24.8,51.0,732.299999999386,2434.39999999956,218.699999996,278.000000006,0.00917744589,2380.069176987834
SKW-15,SKW-15,2025-07-30 03:56:00,27.4,51.0,734.00000000059,2430.69999999984,218.699999996,277.300000004,0.0101971621,2380.1127649994146
SKW-15,SKW-15,2025-07-30 03:57:00,28.9,51.0,732.79999999974,2424.69999999995,218.800000004,276.600000002,0.00917744589,970.0096918233795
SKW-15,SKW-15,2025-07-30 03:58:00,28.8,51.0,732.199999999315,2423.50000000055,218.800000004,277.500000002,0.00917744589,976.4797756366403
SKW-15,SKW-15,2025-07-30 03:59:00,28.7,51.0,729.500000000303,2422.69999999998,218.699999996,278.299999994,0.0101971621,983.2043074079029
SKW-15,SKW-15,2025-07-30 04:00:00,28.1,51.0,727.300000000196,2422.09999999955,218.699999996,280.299999992,0.01121687831,1028.2253764100935
SKW-15,SKW-15,2025-07-30 04:01:00,24.7,51.0,727.500000000337,2421.60000000065,218.699999996,280.599999998,0.01121687831,2380.0687022263005
SKW-15,SKW-15,2025-07-30 04:02:00,25.2,51.0,729.300000000162,2420.59999999994,218.699999996,280.200000002,0.00917744589,2380.0792643271593
SKW-15,SKW-15,2025-07-30 04:03:00,27.8,51.0,730.899999999844,2419.79999999938,218.699999996,279.800000006,0.00917744589,2380.118275008021
SKW-15,SKW-15,2025-07-30 04:04:00,27.9,51.0,733.300000000094,2417.00000000029,218.699999996,279.399999992,0.01121687831,2380.119104814863
SKW-15,SKW-15,2025-07-30 04:05:00,25.0,51.0,732.699999999669,2418.19999999969,218.699999996,279.5,0.00713801347,2380.074337199823
SKW-15,SKW-15,2025-07-30 04:06:00,25.8,51.0,732.100000000694,2419.00000000026,218.699999996,280.099999994,0.00611829726,2380.0903052400736
SKW-15,SKW-15,2025-07-30 04:07:00,26.2,51.0,732.699999999669,2419.00000000026,218.699999996,278.900000006,0.00611829726,2380.0965434764735
SKW-15,SKW-15,2025-07-30 04:08:00,28.9,51.0,733.099999999952,2415.79999999944,218.800000004,277.100000006,0.00611829726,969.247572599444
SKW-15,SKW-15,2025-07-30 04:09:00,29.0,51.0,731.500000000269,2414.3999999999,218.800000004,278.6,0.00611829726,959.2439380136552
SKW-15,SKW-15,2025-07-30 04:10:00,28.9,51.0,726.799999999842,2415.89999999951,218.699999996,279.100000004,0.00815772968,966.4327406584906
SKW-15,SKW-15,2025-07-30 04:11:00,28.7,51.0,722.099999999414,2417.40000000058,218.600000006,279.399999992,0.00917744589,981.7445632774183
SKW-15,SKW-15,2025-07-30 04:12:00,28.3,51.0,720.900000000014,2418.09999999962,218.499999998,280.700000006,0.00713801347,1011.4646797369313
SKW-15,SKW-15,2025-07-30 04:13:00,25.7,51.0,720.900000000014,2419.60000000068,218.499999998,281.100000002,0.00815772968,2380.0901909926306
SKW-15,SKW-15,2025-07-30 04:14:00,26.4,51.0,723.600000000476,2420.80000000008,218.499999998,281.100000002,0.0101971621,2380.101198503365
SKW-15,SKW-15,2025-07-30 04:15:00,28.8,51.0,727.80000000055,2419.40000000054,218.499999998,280.599999998,0.00611829726,971.9175872210836
SKW-15,SKW-15,2025-07-30 04:16:00,28.9,51.0,728.999999999949,2417.79999999941,218.499999998,279.699999998,0.00917744589,965.450161517063
SKW-15,SKW-15,2025-07-30 04:17:00,28.8,51.0,724.899999999946,2419.2000000004,218.400000008,281.199999992,0.00713801347,971.1131790661944
SKW-15,SKW-15,2025-07-30 04:18:00,28.6,51.0,723.100000000122,2419.60000000068,218.400000008,281.3,0.00611829726,986.6663491570646
SKW-15,SKW-15,2025-07-30 04:19:00,27.8,51.0,722.399999999626,2420.29999999973,218.400000008,280.900000004,0.00815772968,2380.1192009976344
SKW-15,SKW-15,2025-07-30 04:20:00,25.9,51.0,723.999999999309,2421.1000000003,218.400000008,281.400000008,0.00917744589,2380.0934072709665
SKW-15,SKW-15,2025-07-30 04:21:00,25.4,51.0,727.400000000266,2421.60000000065,218.400000008,281.199999992,0.00815772968,2380.0840075249857
SKW-15,SKW-15,2025-07-30 04:22:00,27.5,51.0,730.799999999774,2421.20000000037,218.400000008,280.299999992,0.00713801347,2380.11504943033
SKW-15,SKW-15,2025-07-30 04:23:00,28.2,51.0,732.100000000694,2419.6999999993,218.499999998,279.699999998,0.00713801347,1021.0196548234755
SKW-15,SKW-15,2025-07-30 04:24:00,25.7,51.0,732.100000000694,2421.60000000065,218.499999998,281.199999992,0.00713801347,2380.088981998374
SKW-15,SKW-15,2025-07-30 04:25:00,26.9,51.0,731.900000000553,2421.20000000037,218.499999998,280.599999998,0.00713801347,2380.1074335569742
SKW-15,SKW-15,2025-07-30 04:26:00,24.7,51.0,732.000000000623,2422.69999999998,218.499999998,280.500000008,0.00917744589,2380.0681387485542
SKW-15,SKW-15,2025-07-30 04:27:00,24.4,51.0,732.100000000694,2424.19999999959,218.499999998,279.600000008,0.00815772968,2380.060286446843
SKW-15,SKW-15,2025-07-30 04:28:00,27.5,51.0,733.600000000306,2424.59999999987,218.600000006,277.7,0.00713801347,2380.1141723793985
SKW-15,SKW-15,2025-07-30 04:29:00,28.8,51.0,732.599999999598,2420.19999999966,218.600000006,277.599999992,0.00815772968,976.3417524763946
SKW-15,SKW-15,2025-07-30 04:30:00,29.0,51.0,730.699999999703,2418.90000000019,218.600000006,278.900000006,0.00917744589,958.8340669294663
SKW-15,SKW-15,2025-07-30 04:31:00,28.9,51.0,725.200000000159,2419.60000000068,218.400000008,279.100000004,0.00713801347,966.5465618265929
SKW-15,SKW-15,2025-07-30 04:32:00,28.7,51.0,722.599999999768,2420.3999999998,218.400000008,280.500000008,0.00917744589,980.0566994061327
SKW-15,SKW-15,2025-07-30 04:33:00,28.2,51.0,720.39999999966,2422.49999999984,218.3,280.000000004,0.00815772968,1020.6287314035485
SKW-15,SKW-15,2025-07-30 04:34:00,25.1,51.0,721.900000000722,2424.69999999995,218.3,281.100000002,0.00713801347,2380.0787718361844
SKW-15,SKW-15,2025-07-30 04:35:00,24.6,51.0,725.200000000159,2426.19999999956,218.400000008,281.499999998,0.00815772968,2380.067337982576
SKW-15,SKW-15,2025-07-30 04:36:00,27.6,51.0,729.500000000303,2426.59999999984,218.400000008,278.999999996,0.00611829726,2380.1160309711286
SKW-15,SKW-15,2025-07-30 04:37:00,28.8,51.0,731.500000000269,2425.30000000037,218.400000008,278.799999998,0.00815772968,974.55353205366
SKW-15,SKW-15,2025-07-30 04:38:00,28.8,51.0,731.700000000411,2423.50000000055,218.400000008,279.5,0.00815772968,973.468030416106
SKW-15,SKW-15,2025-07-30 04:39:00,28.9,51.0,727.700000000479,2423.20000000033,218.3,279.5,0.00611829726,965.856860090286
SKW-15,SKW-15,2025-07-30 04:40:00,28.5,51.0,725.4000000003,2423.40000000047,218.3,280.500000008,0.00509858105,995.7654507265146
SKW-15,SKW-15,2025-07-30 04:41:00,26.7,51.0,725.500000000371,2423.60000000062,218.3,280.999999994,0.00917744589,2380.105395592499
SKW-15,SKW-15,2025-07-30 04:42:00,25.0,51.0,726.699999999771,2424.19999999959,218.3,281.199999992,0.00917744589,2380.0760367011726
SKW-15,SKW-15,2025-07-30 04:43:00,24.9,51.0,729.700000000445,2424.29999999966,218.3,280.700000006,0.00713801347,2380.0732810219033
SKW-15,SKW-15,2025-07-30 04:44:00,25.9,51.0,732.899999999811,2424.4999999998,218.400000008,278.700000008,0.00713801347,2380.091577966554
SKW-15,SKW-15,2025-07-30 04:45:00,28.2,51.0,733.300000000094,2424.09999999952,218.499999998,278.299999994,0.00815772968,1023.2556132621786
SKW-15,SKW-15,2025-07-30 04:46:00,28.2,51.0,732.899999999811,2423.99999999945,218.499999998,278.900000006,0.00917744589,1022.2942602200441
SKW-15,SKW-15,2025-07-30 04:47:00,28.8,51.0,731.700000000411,2424.09999999952,218.400000008,278.499999992,0.00815772968,975.0089387757421
SKW-15,SKW-15,2025-07-30 04:48:00,28.7,51.0,728.599999999666,2427.10000000019,218.400000008,279.600000008,0.00815772968,981.2611361513897
SKW-15,SKW-15,2025-07-30 04:49:00,28.8,51.0,724.799999999875,2431.40000000034,218.3,280.200000002,0.00611829726,972.6669526431349
SKW-15,SKW-15,2025-07-30 04:50:00,28.5,51.0,722.79999999991,2436.69999999974,218.3,281.400000008,0.00815772968,994.4106283544824
SKW-15,SKW-15,2025-07-30 04:51:00,27.2,51.0,722.89999999998,2439.4000000002,218.3,281.699999996,0.00713801347,2380.1123869508606
SKW-15,SKW-15,2025-07-30 04:52:00,25.3,51.0,724.299999999521,2443.90000000049,218.3,280.999999994,0.00917744589,2380.0824007591727
SKW-15,SKW-15,2025-07-30 04:53:00,24.7,51.0,726.799999999842,2446.29999999929,218.3,281.100000002,0.0101971621,2380.069274160571
SKW-15,SKW-15,2025-07-30 04:54:00,23.9,51.0,729.900000000587,2446.29999999929,218.3,279.5,0.00815772968,2380.046732818624
SKW-15,SKW-15,2025-07-30 04:55:00,26.3,51.0,731.400000000199,2444.79999999968,218.3,278.6,0.00815772968,2380.0982724091023
SKW-15,SKW-15,2025-07-30 04:56:00,28.6,51.0,732.599999999598,2439.70000000042,218.400000008,276.999999998,0.00713801347,993.1086200404632
SKW-15,SKW-15,2025-07-30 04:57:00,28.9,51.0,731.099999999986,2434.69999999978,218.499999998,277.300000004,0.00713801347,969.0534715084436
SKW-15,SKW-15,2025-07-30 04:58:00,28.9,51.0,728.199999999383,2431.40000000034,218.400000008,278.6,0.00611829726,967.1967708398305
SKW-15,SKW-15,2025-07-30 04:59:00,28.9,51.0,724.299999999521,2430.09999999942,218.3,280.000000004,0.00917744589,965.2134973672186
SKW-15,SKW-15,2025-07-30 05:00:00,28.7,51.0,723.100000000122,2429.40000000037,218.3,280.000000004,0.00815772968,980.8273904546418
SKW-15,SKW-15,2025-07-30 05:01:00,26.9,51.0,722.499999999697,2428.19999999952,218.3,280.900000004,0.00815772968,2380.1083593155263
SKW-15,SKW-15,2025-07-30 05:02:00,27.8,51.0,724.09999999938,2426.59999999984,218.199999992,281.3,0.00815772968,2380.1192192687986
SKW-15,SKW-15,2025-07-30 05:03:00,28.7,51.0,726.699999999771,2421.00000000023,218.199999992,281.499999998,0.00713801347,978.4174997664022
SKW-15,SKW-15,2025-07-30 05:04:00,28.8,51.0,724.899999999946,2417.40000000058,218.100000002,281.100000002,0.00815772968,971.3006611514894
SKW-15,SKW-15,2025-07-30 05:05:00,28.8,51.0,722.399999999626,2416.90000000022,218.100000002,282.300000008,0.00815772968,969.561815966339
SKW-15,SKW-15,2025-07-30 05:06:00,28.5,51.0,718.499999999765,2417.00000000029,217.999999994,282.300000008,0.00815772968,993.1390663923194
SKW-15,SKW-15,2025-07-30 05:07:00,26.6,51.0,718.900000000048,2417.79999999941,217.999999994,281.3,0.00509858105,2380.104819308958
SKW-15,SKW-15,2025-07-30 05:08:00,25.7,51.0,722.299999999555,2418.39999999983,218.100000002,280.599999998,0.0101971621,2380.089987913397
SKW-15,SKW-15,2025-07-30 05:09:00,25.7,51.0,724.499999999663,2418.49999999991,218.100000002,280.500000008,0.00815772968,2380.089741836768
SKW-15,SKW-15,2025-07-30 05:10:00,26.8,51.0,729.300000000162,2418.59999999998,218.100000002,279.100000004,0.0101971621,2380.1059781963654
SKW-15,SKW-15,2025-07-30 05:11:00,26.2,51.0,732.699999999669,2419.40000000054,218.199999992,279.600000008,0.00815772968,2380.0969145275026
SKW-15,SKW-15,2025-07-30 05:12:00,28.7,51.0,732.100000000694,2416.90000000022,218.199999992,278.799999998,0.00917744589,982.4094540663134
SKW-15,SKW-15,2025-07-30 05:13:00,28.8,51.0,729.900000000587,2416.39999999987,218.199999992,278.6,0.00611829726,974.9544761236186
SKW-15,SKW-15,2025-07-30 05:14:00,28.8,51.0,727.900000000621,2417.30000000051,218.199999992,279.5,0.00713801347,973.6360967009891
SKW-15,SKW-15,2025-07-30 05:15:00,28.6,51.0,723.999999999309,2420.3999999998,218.100000002,279.800000006,0.00917744589,988.9828805022092
SKW-15,SKW-15,2025-07-30 05:16:00,28.1,51.0,721.999999999343,2423.20000000033,218.100000002,280.599999998,0.00713801347,1027.7663256670944
SKW-15,SKW-15,2025-07-30 05:17:00,26.1,51.0,723.000000000051,2424.69999999995,218.100000002,280.599999998,0.00713801347,2380.0966702630953
SKW-15,SKW-15,2025-07-30 05:18:00,25.0,51.0,724.399999999592,2424.69999999995,218.100000002,280.999999994,0.00815772968,2380.0763835584557
SKW-15,SKW-15,2025-07-30 05:19:00,25.6,51.0,727.400000000266,2423.79999999931,218.100000002,280.4,0.00611829726,2380.087617085521
SKW-15,SKW-15,2025-07-30 05:20:00,28.2,51.0,730.699999999703,2422.19999999962,218.100000002,278.700000008,0.00815772968,1022.63806558717
SKW-15,SKW-15,2025-07-30 05:21:00,28.7,51.0,731.700000000411,2417.69999999934,218.100000002,278.299999994,0.00815772968,983.2129833734583
SKW-15,SKW-15,2025-07-30 05:22:00,28.6,51.0,728.999999999949,2417.89999999948,218.100000002,279.399999992,0.00611829726,989.4848088128116
SKW-15,SKW-15,2025-07-30 05:23:00,28.7,51.0,727.500000000337,2417.69999999934,218.100000002,279.300000002,0.00611829726,981.8026824351289
SKW-15,SKW-15,2025-07-30 05:24:00,27.9,51.0,725.500000000371,2419.50000000061,218.100000002,280.099999994,0.00611829726,2380.1200019155763
SKW-15,SKW-15,2025-07-30 05:25:00,25.4,51.0,725.30000000023,2421.99999999948,217.999999994,280.299999992,0.00713801347,2380.084119642085
SKW-15,SKW-15,2025-07-30 05:26:00,24.8,51.0,727.400000000266,2424.39999999973,218.100000002,280.4,0.00917744589,2380.0712954960695
SKW-15,SKW-15,2025-07-30 05:27:00,26.5,51.0,730.29999999942,2426.09999999949,218.100000002,279.300000002,0.00713801347,2380.1017055084358
SKW-15,SKW-15,2025-07-30 05:28:00,28.3,51.0,731.900000000553,2425.89999999934,218.100000002,278.799999998,0.00815772968,1014.3584351494453
SKW-15,SKW-15,2025-07-30 05:29:00,25.9,51.0,731.60000000034,2427.50000000048,218.100000002,278.099999996,0.00917744589,2380.0916012541497
SKW-15,SKW-15,2025-07-30 05:30:00,25.0,51.0,731.300000000128,2430.09999999942,218.100000002,279.800000006,0.00713801347,2380.0749586895317
SKW-15,SKW-15,2025-07-30 05:31:00,22.0,51.0,732.000000000623,2431.60000000048,218.199999992,278.400000002,0.00713801347,2379.9605120147985
SKW-15,SKW-15,2025-07-30 05:32:00,28.5,51.0,732.199999999315,2431.2000000002,218.3,276.099999998,0.00815772968,1002.5205286560478
SKW-15,SKW-15,2025-07-30 05:33:00,28.9,51.0,731.099999999986,2429.60000000051,218.3,276.400000004,0.00713801347,970.4621920887572
SKW-15,SKW-15,2025-07-30 05:34:00,28.9,51.0,730.199999999349,2431.70000000055,218.3,277.800000008,0.00917744589,968.3377742433147
SKW-15,SKW-15,2025-07-30 05:35:00,29.0,51.0,726.299999999487,2434.39999999956,218.199999992,278.000000006,0.0101971621,960.4528585283042
SKW-15,SKW-15,2025-07-30 05:36:00,28.7,51.0,721.999999999343,2437.90000000059,218.100000002,278.900000006,0.00815772968,982.5785959582829
SKW-15,SKW-15,2025-07-30 05:37:00,27.2,51.0,720.699999999873,2440.19999999932,218.100000002,279.600000008,0.00917744589,2380.1120795876627
SKW-15,SKW-15,2025-07-30 05:38:00,24.7,51.0,721.500000000439,2440.5999999996,218.100000002,280.599999998,0.00713801347,2380.070003093148
SKW-15,SKW-15,2025-07-30 05:39:00,25.1,51.0,724.899999999946,2439.80000000049,218.100000002,279.800000006,0.00917744589,2380.077901377799
SKW-15,SKW-15,2025-07-30 05:40:00,26.9,51.0,728.999999999949,2437.30000000017,218.100000002,278.400000002,0.00917744589,2380.1071953366572
SKW-15,SKW-15,2025-07-30 05:41:00,28.6,51.0,731.800000000482,2432.69999999981,218.199999992,277.500000002,0.00815772968,992.359742657791
SKW-15,SKW-15,2025-07-30 05:42:00,28.7,51.0,730.599999999632,2429.80000000066,218.100000002,278.700000008,0.00611829726,982.6358296677245
SKW-15,SKW-15,2025-07-30 05:43:00,28.6,51.0,728.899999999878,2429.10000000016,218.100000002,278.900000006,0.0101971621,990.2494031956356
SKW-15,SKW-15,2025-07-30 05:44:00,28.7,51.0,726.999999999983,2427.00000000012,218.100000002,279.399999992,0.00917744589,981.6489800139885
SKW-15,SKW-15,2025-07-30 05:45:00,27.9,51.0,724.799999999875,2426.69999999991,218.100000002,280.200000002,0.00815772968,2380.1200496008823
SKW-15,SKW-15,2025-07-30 05:46:00,25.3,51.0,725.100000000088,2426.29999999963,217.999999994,280.700000006,0.00713801347,2380.0823600999724
SKW-15,SKW-15,2025-07-30 05:47:00,24.7,51.0,725.700000000513,2426.09999999949,218.100000002,280.4,0.00611829726,2380.069317078112
SKW-15,SKW-15,2025-07-30 05:48:00,24.8,51.0,728.000000000691,2425.2000000003,218.100000002,280.599999998,0.0101971621,2380.07127541834
SKW-15,SKW-15,2025-07-30 05:49:00,25.5,51.0,731.300000000128,2424.80000000002,218.100000002,278.400000002,0.00815772968,2380.0845232208253
SKW-15,SKW-15,2025-07-30 05:50:00,28.1,51.0,732.199999999315,2423.50000000055,218.199999992,277.500000002,0.00917744589,1705.091061536814
SKW-15,SKW-15,2025-07-30 05:51:00,28.9,51.0,730.799999999774,2420.59999999994,218.199999992,276.900000008,0.00611829726,969.7262292004231
SKW-15,SKW-15,2025-07-30 05:52:00,28.9,51.0,729.500000000303,2421.99999999948,218.199999992,278.200000004,0.00611829726,967.7856373983502
SKW-15,SKW-15,2025-07-30 05:53:00,28.8,51.0,725.500000000371,2423.40000000047,218.100000002,278.799999998,0.00917744589,974.7973642901411
SKW-15,SKW-15,2025-07-30 05:54:00,28.7,51.0,721.500000000439,2426.59999999984,217.999999994,279.600000008,0.00815772968,981.5270277629206
SKW-15,SKW-15,2025-07-30 05:55:00,28.4,51.0,720.299999999589,2429.60000000051,217.999999994,281.100000002,0.00509858105,1002.8947812492986
SKW-15,SKW-15,2025-07-30 05:56:00,27.1,51.0,720.900000000014,2431.10000000013,217.999999994,281.400000008,0.00815772968,2380.1112953242587
SKW-15,SKW-15,2025-07-30 05:57:00,26.7,51.0,722.79999999991,2433.80000000059,217.900000004,281.100000002,0.00713801347,2380.1058167405604
SKW-15,SKW-15,2025-07-30 05:58:00,28.4,51.0,725.500000000371,2433.30000000023,217.999999994,280.900000004,0.00815772968,1003.1059153026439
SKW-15,SKW-15,2025-07-30 05:59:00,26.1,51.0,726.799999999842,2433.70000000052,217.999999994,280.599999998,0.00917744589,2380.0962881570504
SKW-15,SKW-15,2025-07-30 06:00:00,23.8,51.0,727.300000000196,2434.19999999942,217.999999994,281.199999992,0.00815772968,2380.045417407312
SKW-15,SKW-15,2025-07-30 06:01:00,27.1,51.0,728.099999999312,2433.70000000052,217.999999994,280.000000004,0.00917744589,2380.110349366825
SKW-15,SKW-15,2025-07-30 06:02:00,28.8,51.0,730.999999999915,2431.60000000048,217.999999994,276.900000008,0.00713801347,977.5558125629987
SKW-15,SKW-15,2025-07-30 06:03:00,28.8,51.0,730.499999999561,2429.40000000037,218.100000002,278.099999996,0.00917744589,975.6996005986799
SKW-15,SKW-15,2025-07-30 06:04:00,28.7,51.0,727.100000000054,2430.39999999963,217.999999994,279.5,0.00815772968,981.507559075498
SKW-15,SKW-15,2025-07-30 06:05:00,28.7,51.0,723.800000000618,2431.00000000006,217.900000004,279.899999996,0.00713801347,981.0098168091812
SKW-15,SKW-15,2025-07-30 06:06:00,28.2,51.0,723.000000000051,2431.10000000013,217.900000004,280.4,0.00815772968,1019.984735008037
SKW-15,SKW-15,2025-07-30 06:07:00,25.2,51.0,723.200000000193,2431.50000000041,217.900000004,280.599999998,0.0101971621,2380.0805623954825
SKW-15,SKW-15,2025-07-30 06:08:00,24.5,51.0,725.100000000088,2431.60000000048,217.900000004,280.4,0.00815772968,2380.064686012423
SKW-15,SKW-15,2025-07-30 06:09:00,26.2,51.0,728.599999999666,2430.89999999998,217.999999994,279.5,0.00917744589,2380.09735351962
SKW-15,SKW-15,2025-07-30 06:10:00,24.7,51.0,732.000000000623,2431.00000000006,217.999999994,278.099999996,0.00917744589,2380.0672916357194
SKW-15,SKW-15,2025-07-30 06:11:00,27.6,51.0,732.000000000623,2431.00000000006,217.999999994,277.7,0.00815772968,2380.115630942541
SKW-15,SKW-15,2025-07-30 06:12:00,28.9,51.0,730.599999999632,2426.90000000005,218.100000002,276.900000008,0.00713801347,969.7416435421197
SKW-15,SKW-15,2025-07-30 06:13:00,28.8,51.0,728.699999999737,2428.39999999966,218.100000002,277.899999998,0.00815772968,976.0751273487203
SKW-15,SKW-15,2025-07-30 06:14:00,28.6,51.0,725.500000000371,2430.19999999949,217.999999994,278.400000002,0.00917744589,991.1277524828764
SKW-15,SKW-15,2025-07-30 06:15:00,28.6,51.0,724.199999999451,2431.10000000013,217.999999994,279.600000008,0.00917744589,989.2974243028473
SKW-15,SKW-15,2025-07-30 06:16:00,26.7,51.0,723.200000000193,2431.80000000062,217.900000004,280.299999992,0.00917744589,2380.1055354477467
SKW-15,SKW-15,2025-07-30 06:17:00,24.9,51.0,724.499999999663,2432.19999999946,217.999999994,280.500000008,0.00611829726,2380.074095563456
SKW-15,SKW-15,2025-07-30 06:18:00,26.0,51.0,727.100000000054,2431.90000000069,217.999999994,279.199999994,0.00917744589,2380.0941770753143
SKW-15,SKW-15,2025-07-30 06:19:00,28.5,51.0,730.29999999942,2429.50000000044,217.999999994,278.799999998,0.00815772968,998.3327538387409
SKW-15,SKW-15,2025-07-30 06:20:00,28.8,51.0,730.999999999915,2427.99999999938,217.999999994,278.299999994,0.00713801347,975.3977009199887
SKW-15,SKW-15,2025-07-30 06:21:00,28.8,51.0,725.800000000584,2430.39999999963,217.900000004,279.600000008,0.00815772968,973.5909894155901
SKW-15,SKW-15,2025-07-30 06:22:00,28.7,51.0,723.600000000476,2432.19999999946,217.900000004,279.399999992,0.0101971621,981.7715721532851
SKW-15,SKW-15,2025-07-30 06:23:00,28.0,51.0,721.800000000652,2435.60000000041,217.900000004,280.099999994,0.00815772968,2380.1213500109748
SKW-15,SKW-15,2025-07-30 06:24:00,26.1,51.0,723.100000000122,2438.59999999964,217.799999996,281.600000006,0.0101971621,2380.0970351910514
SKW-15,SKW-15,2025-07-30 06:25:00,25.2,51.0,725.700000000513,2440.19999999932,217.900000004,280.900000004,0.00713801347,2380.0804221228827
SKW-15,SKW-15,2025-07-30 06:26:00,24.8,51.0,727.300000000196,2440.1000000007,217.900000004,280.200000002,0.00611829726,2380.071393387529
SKW-15,SKW-15,2025-07-30 06:27:00,24.6,51.0,730.599999999632,2438.19999999935,217.900000004,278.000000006,0.00917744589,2380.0650983724204
SKW-15,SKW-15,2025-07-30 06:28:00,24.2,51.0,732.199999999315,2435.70000000048,217.999999994,278.299999994,0.00917744589,2380.054495688916
SKW-15,SKW-15,2025-07-30 06:29:00,26.5,51.0,732.000000000623,2434.19999999942,217.999999994,276.900000008,0.00917744589,2380.1008470286674
SKW-15,SKW-15,2025-07-30 06:30:00,28.8,51.0,730.39999999949,2426.59999999984,218.100000002,276.000000008,0.00815772968,978.9477972057724
SKW-15,SKW-15,2025-07-30 06:31:00,29.0,51.0,729.900000000587,2425.80000000072,218.100000002,276.400000004,0.0101971621,962.7474204633772
SKW-15,SKW-15,2025-07-30 06:32:00,28.8,51.0,726.099999999346,2425.2000000003,217.999999994,277.199999996,0.01121687831,977.2368282744842
SKW-15,SKW-15,2025-07-30 06:33:00,28.7,51.0,722.199999999485,2425.99999999942,217.999999994,278.999999996,0.0101971621,982.419804987664
SKW-15,SKW-15,2025-07-30 06:34:00,28.6,51.0,721.100000000156,2426.49999999977,217.900000004,279.300000002,0.01223659452,989.8406524059684
SKW-15,SKW-15,2025-07-30 06:35:00,27.1,51.0,721.000000000085,2427.70000000062,217.900000004,280.099999994,0.0101971621,2380.110967127613
SKW-15,SKW-15,2025-07-30 06:36:00,27.5,51.0,723.000000000051,2428.90000000002,217.900000004,280.599999998,0.00713801347,2380.1158366875493
SKW-15,SKW-15,2025-07-30 06:37:00,28.6,51.0,725.600000000442,2426.69999999991,217.900000004,280.599999998,0.00815772968,987.7229572396042
SKW-15,SKW-15,2025-07-30 06:38:00,28.6,51.0,725.200000000159,2426.09999999949,217.799999996,280.799999996,0.00917744589,987.4295271638143
SKW-15,SKW-15,2025-07-30 06:39:00,28.6,51.0,721.500000000439,2426.29999999963,217.799999996,281.199999992,0.00917744589,986.9127180072816
SKW-15,SKW-15,2025-07-30 06:40:00,28.6,51.0,719.700000000615,2426.90000000005,217.700000006,281.3,0.00815772968,986.8226355136624
SKW-15,SKW-15,2025-07-30 06:41:00,27.6,51.0,719.10000000019,2427.50000000048,217.700000006,281.800000004,0.0101971621,2380.1175600554648
SKW-15,SKW-15,2025-07-30 06:42:00,25.9,51.0,721.100000000156,2427.60000000055,217.700000006,280.599999998,0.0101971621,2380.0937049432414
SKW-15,SKW-15,2025-07-30 06:43:00,25.5,51.0,724.799999999875,2427.20000000027,217.799999996,280.500000008,0.0101971621,2380.08617000931
SKW-15,SKW-15,2025-07-30 06:44:00,25.3,51.0,728.699999999737,2426.59999999984,217.799999996,279.800000006,0.00917744589,2380.081611235599
SKW-15,SKW-15,2025-07-30 06:45:00,27.1,51.0,730.29999999942,2425.99999999942,217.799999996,279.5,0.00713801347,2380.1101281396254
SKW-15,SKW-15,2025-07-30 06:46:00,28.8,51.0,730.799999999774,2421.79999999934,217.900000004,278.200000004,0.00815772968,975.565734873224
SKW-15,SKW-15,2025-07-30 06:47:00,28.7,51.0,728.599999999666,2420.09999999959,217.900000004,278.900000006,0.01121687831,982.38521465132
SKW-15,SKW-15,2025-07-30 06:48:00,28.7,51.0,724.899999999946,2420.59999999994,217.799999996,279.199999994,0.01325631073,982.0365094783326
SKW-15,SKW-15,2025-07-30 06:49:00,28.4,51.0,723.500000000405,2420.90000000015,217.799999996,280.200000002,0.0101971621,1004.2470890730617
SKW-15,SKW-15,2025-07-30 06:50:00,26.4,51.0,722.599999999768,2420.90000000015,217.799999996,280.700000006,0.00815772968,2380.1014452490053
SKW-15,SKW-15,2025-07-30 06:51:00,24.9,51.0,724.09999999938,2420.70000000001,217.799999996,280.599999998,0.00917744589,2380.07422883349
SKW-15,SKW-15,2025-07-30 06:52:00,24.8,51.0,727.100000000054,2419.79999999938,217.799999996,279.5,0.00917744589,2380.071093487253
SKW-15,SKW-15,2025-07-30 06:53:00,25.2,51.0,730.29999999942,2419.10000000033,217.900000004,278.000000006,0.00713801347,2380.078664574079
SKW-15,SKW-15,2025-07-30 06:54:00,27.4,51.0,731.60000000034,2418.59999999998,217.900000004,277.800000008,0.00917744589,2380.113310427725
SKW-15,SKW-15,2025-07-30 06:55:00,28.3,51.0,730.899999999844,2415.99999999959,217.999999994,277.199999996,0.00611829726,1016.9228746275916
SKW-15,SKW-15,2025-07-30 06:56:00,28.6,51.0,729.700000000445,2415.00000000033,217.900000004,278.299999994,0.01121687831,991.1784585817973
SKW-15,SKW-15,2025-07-30 06:57:00,28.7,51.0,726.499999999629,2416.80000000015,217.900000004,279.699999998,0.00917744589,981.2238540379938
SKW-15,SKW-15,2025-07-30 06:58:00,28.5,51.0,724.499999999663,2419.00000000026,217.900000004,279.100000004,0.00713801347,997.9959901752059
SKW-15,SKW-15,2025-07-30 06:59:00,27.8,51.0,723.400000000334,2420.49999999987,217.799999996,281.100000002,0.00713801347,2380.119336918043
SKW-15,SKW-15,2025-07-30 07:00:00,25.3,51.0,723.600000000476,2423.79999999931,217.799999996,280.900000004,0.00815772968,2380.082693958787
SKW-15,SKW-15,2025-07-30 07:01:00,24.8,51.0,725.30000000023,2426.3999999997,217.799999996,280.000000004,0.00815772968,2380.071598575387
SKW-15,SKW-15,2025-07-30 07:02:00,24.8,51.0,728.499999999595,2427.60000000055,217.900000004,278.400000002,0.0101971621,2380.0703201178553
SKW-15,SKW-15,2025-07-30 07:03:00,24.6,51.0,729.800000000516,2427.99999999938,217.900000004,278.099999996,0.00815772968,2380.0652955563073
SKW-15,SKW-15,2025-07-30 07:04:00,26.6,51.0,731.400000000199,2427.70000000062,217.900000004,276.200000006,0.0101971621,2380.102199600452
SKW-15,SKW-15,2025-07-30 07:05:00,28.5,51.0,730.39999999949,2425.40000000044,217.999999994,276.299999996,0.00917744589,1002.2559171994479
SKW-15,SKW-15,2025-07-30 07:06:00,28.5,51.0,729.300000000162,2424.29999999966,217.999999994,277.100000006,0.00611829726,1001.0278295997199
SKW-15,SKW-15,2025-07-30 07:07:00,28.9,51.0,728.199999999383,2423.89999999938,217.999999994,278.099999996,0.00611829726,968.0178785963792
SKW-15,SKW-15,2025-07-30 07:08:00,28.5,51.0,725.800000000584,2425.50000000051,217.999999994,278.099999996,0.00917744589,999.5191838613222
SKW-15,SKW-15,2025-07-30 07:09:00,27.8,51.0,723.500000000405,2427.40000000041,217.900000004,279.100000004,0.0101971621,2380.118838261678
SKW-15,SKW-15,2025-07-30 07:10:00,25.3,51.0,723.500000000405,2427.99999999938,217.900000004,280.099999994,0.00917744589,2380.082333788425
SKW-15,SKW-15,2025-07-30 07:11:00,26.7,51.0,725.4000000003,2427.10000000019,217.900000004,279.600000008,0.00815772968,2380.1051626342764
SKW-15,SKW-15,2025-07-30 07:12:00,28.7,51.0,726.5999999997,2424.90000000009,217.900000004,279.300000002,0.00917744589,981.8381710796364
SKW-15,SKW-15,2025-07-30 07:13:00,28.8,51.0,727.400000000266,2421.20000000037,217.900000004,278.999999996,0.00713801347,974.4601411384515
SKW-15,SKW-15,2025-07-30 07:14:00,28.7,51.0,722.399999999626,2421.99999999948,217.799999996,279.800000006,0.00815772968,981.2138041875513
SKW-15,SKW-15,2025-07-30 07:15:00,28.5,51.0,718.699999999907,2424.19999999959,217.700000006,280.4,0.00917744589,996.1049203170688
SKW-15,SKW-15,2025-07-30 07:16:00,26.5,51.0,718.599999999836,2426.49999999977,217.700000006,280.900000004,0.00815772968,2380.1033681230474
SKW-15,SKW-15,2025-07-30 07:17:00,25.9,51.0,721.500000000439,2428.39999999966,217.700000006,279.600000008,0.0101971621,2380.093333199573
SKW-15,SKW-15,2025-07-30 07:18:00,25.5,51.0,723.400000000334,2429.10000000016,217.700000006,280.299999992,0.0101971621,2380.08630503886
SKW-15,SKW-15,2025-07-30 07:19:00,25.0,51.0,727.400000000266,2430.39999999963,217.700000006,279.300000002,0.0101971621,2380.0754148496526
SKW-15,SKW-15,2025-07-30 07:20:00,24.7,51.0,730.799999999774,2430.69999999984,217.799999996,278.000000006,0.00917744589,2380.0675360125583
SKW-15,SKW-15,2025-07-30 07:21:00,24.1,51.0,731.300000000128,2429.50000000044,217.900000004,277.300000004,0.00917744589,2380.0513393426613
SKW-15,SKW-15,2025-07-30 07:22:00,26.2,51.0,731.099999999986,2428.49999999974,217.900000004,276.600000002,0.00917744589,2380.0962278917555
SKW-15,SKW-15,2025-07-30 07:23:00,28.7,51.0,730.29999999942,2424.69999999995,217.999999994,275.199999998,0.0101971621,988.0705115959289
SKW-15,SKW-15,2025-07-30 07:24:00,28.8,51.0,729.700000000445,2421.89999999941,218.100000002,276.299999996,0.00917744589,978.5023669652883
SKW-15,SKW-15,2025-07-30 07:25:00,28.8,51.0,726.5999999997,2422.90000000012,217.999999994,278.000000006,0.0101971621,975.9950176057982
SKW-15,SKW-15,2025-07-30 07:26:00,28.8,51.0,724.499999999663,2423.60000000062,217.900000004,278.499999992,0.00815772968,975.3232488563222
SKW-15,SKW-15,2025-07-30 07:27:00,28.1,51.0,721.999999999343,2425.2000000003,217.900000004,279.5,0.00713801347,1029.5269194486596
SKW-15,SKW-15,2025-07-30 07:28:00,25.8,51.0,722.099999999414,2426.69999999991,217.900000004,280.700000006,0.0101971621,2380.091861767657
SKW-15,SKW-15,2025-07-30 07:29:00,24.8,51.0,724.399999999592,2427.70000000062,217.900000004,280.500000008,0.00917744589,2380.071874886691
SKW-15,SKW-15,2025-07-30 07:30:00,27.3,51.0,727.400000000266,2426.79999999998,217.900000004,278.900000006,0.00815772968,2380.112689566044
SKW-15,SKW-15,2025-07-30 07:31:00,28.5,51.0,730.000000000657,2423.3000000004,217.900000004,278.6,0.00917744589,998.6569899064043
SKW-15,SKW-15,2025-07-30 07:32:00,29.0,51.0,729.500000000303,2420.19999999966,217.900000004,278.700000008,0.00917744589,959.3041544136914
SKW-15,SKW-15,2025-07-30 07:33:00,28.8,51.0,725.600000000442,2419.60000000068,217.799999996,278.999999996,0.00917744589,974.5251603227982
SKW-15,SKW-15,2025-07-30 07:34:00,28.8,51.0,721.800000000652,2419.40000000054,217.799999996,280.200000002,0.00815772968,972.8296387791657
SKW-15,SKW-15,2025-07-30 07:35:00,28.7,51.0,719.999999999377,2420.90000000015,217.700000006,280.599999998,0.00917744589,980.0663368615897
SKW-15,SKW-15,2025-07-30 07:36:00,27.5,51.0,720.199999999519,2421.79999999934,217.700000006,280.700000006,0.00713801347,2380.116120366183
SKW-15,SKW-15,2025-07-30 07:37:00,25.4,51.0,721.999999999343,2423.60000000062,217.700000006,281.699999996,0.00917744589,2380.0851347056782
SKW-15,SKW-15,2025-07-30 07:38:00,25.3,51.0,724.399999999592,2425.00000000016,217.700000006,281.100000002,0.01121687831,2380.082657522975
SKW-15,SKW-15,2025-07-30 07:39:00,26.6,51.0,727.700000000479,2425.80000000072,217.799999996,279.899999996,0.00713801347,2380.1036717371207
SKW-15,SKW-15,2025-07-30 07:40:00,28.4,51.0,730.000000000657,2425.2000000003,217.799999996,278.499999992,0.01121687831,1006.8129152509514
SKW-15,SKW-15,2025-07-30 07:41:00,28.8,51.0,729.600000000374,2424.09999999952,217.799999996,278.700000008,0.00917744589,974.8452879447726
SKW-15,SKW-15,2025-07-30 07:42:00,28.9,51.0,727.200000000125,2425.30000000037,217.799999996,278.799999998,0.0101971621,966.9920826797924
SKW-15,SKW-15,2025-07-30 07:43:00,29.0,51.0,723.200000000193,2426.90000000005,217.700000006,279.699999998,0.0101971621,958.0956504929063
SKW-15,SKW-15,2025-07-30 07:44:00,28.8,51.0,720.900000000014,2428.39999999966,217.700000006,280.200000002,0.01121687831,972.858060028892
SKW-15,SKW-15,2025-07-30 07:45:00,28.0,51.0,721.100000000156,2429.60000000051,217.700000006,280.4,0.00917744589,2380.1214970948527
SKW-15,SKW-15,2025-07-30 07:46:00,26.0,51.0,721.999999999343,2429.99999999935,217.700000006,280.900000004,0.00917744589,2380.0953722321383
SKW-15,SKW-15,2025-07-30 07:47:00,25.0,51.0,724.399999999592,2429.70000000059,217.700000006,281.199999992,0.0101971621,2380.076619524524
SKW-15,SKW-15,2025-07-30 07:48:00,24.5,51.0,727.400000000266,2428.19999999952,217.700000006,280.299999992,0.00917744589,2380.064365480243
SKW-15,SKW-15,2025-07-30 07:49:00,26.3,51.0,730.499999999561,2425.70000000065,217.799999996,278.000000006,0.00917744589,2380.098341184391
SKW-15,SKW-15,2025-07-30 07:50:00,28.5,51.0,729.400000000232,2420.49999999987,217.799999996,276.999999998,0.0101971621,1001.184754776213
SKW-15,SKW-15,2025-07-30 07:51:00,28.8,51.0,728.799999999808,2419.50000000061,217.799999996,277.599999992,0.00815772968,976.5705732019142
SKW-15,SKW-15,2025-07-30 07:52:00,28.9,51.0,726.000000000725,2419.79999999938,217.799999996,278.6,0.00713801347,967.363360639794
SKW-15,SKW-15,2025-07-30 07:53:00,28.8,51.0,723.300000000264,2421.79999999934,217.700000006,278.900000006,0.00917744589,974.7717931157472
SKW-15,SKW-15,2025-07-30 07:54:00,27.6,51.0,722.299999999555,2424.4999999998,217.700000006,280.900000004,0.00713801347,2380.117162176181
SKW-15,SKW-15,2025-07-30 07:55:00,25.4,51.0,722.89999999998,2425.99999999942,217.700000006,280.000000004,0.00713801347,2380.0844301316533
SKW-15,SKW-15,2025-07-30 07:56:00,24.8,51.0,725.100000000088,2428.59999999981,217.700000006,280.599999998,0.01121687831,2380.071877324269
SKW-15,SKW-15,2025-07-30 07:57:00,24.7,51.0,728.099999999312,2430.69999999984,217.799999996,279.199999994,0.01121687831,2380.068452323161
SKW-15,SKW-15,2025-07-30 07:58:00,25.0,51.0,730.999999999915,2432.59999999974,217.799999996,277.500000002,0.00917744589,2380.0741222487277
SKW-15,SKW-15,2025-07-30 07:59:00,23.1,51.0,730.999999999915,2434.49999999963,217.900000004,276.900000008,0.00917744589,2380.016744871024
SKW-15,SKW-15,2025-07-30 08:00:00,24.9,51.0,730.899999999844,2434.5999999997,217.999999994,275.9,0.0101971621,2380.0710795695936
SKW-15,SKW-15,2025-07-30 08:01:00,28.3,51.0,730.199999999349,2432.79999999988,218.100000002,274.800000002,0.00815772968,1020.7514462654875
SKW-15,SKW-15,2025-07-30 08:02:00,29.1,51.0,729.500000000303,2427.89999999931,218.100000002,274.800000002,0.00713801347,957.4923607256403
SKW-15,SKW-15,2025-07-30 08:03:00,28.9,51.0,726.999999999983,2426.49999999977,217.999999994,276.400000004,0.00713801347,970.6574162191545
SKW-15,SKW-15,2025-07-30 08:04:00,29.0,51.0,724.799999999875,2424.90000000009,217.999999994,277.100000006,0.00917744589,961.921570678986
SKW-15,SKW-15,2025-07-30 08:05:00,28.9,51.0,720.099999999448,2424.80000000002,217.900000004,278.999999996,0.00917744589,966.9608405800011
SKW-15,SKW-15,2025-07-30 08:06:00,28.5,51.0,717.80000000072,2424.59999999987,217.799999996,279.800000006,0.0101971621,997.0456734834394
SKW-15,SKW-15,2025-07-30 08:07:00,26.9,51.0,718.799999999977,2424.29999999966,217.799999996,280.799999996,0.00917744589,2380.1087830184906
SKW-15,SKW-15,2025-07-30 08:08:00,27.6,51.0,721.700000000581,2423.3000000004,217.799999996,280.900000004,0.00611829726,2380.117190878172
SKW-15,SKW-15,2025-07-30 08:09:00,28.8,51.0,723.200000000193,2420.49999999987,217.799999996,279.600000008,0.00815772968,973.6966964704471
SKW-15,SKW-15,2025-07-30 08:10:00,29.0,51.0,723.600000000476,2417.60000000072,217.700000006,280.799999996,0.00611829726,956.4459415589256
SKW-15,SKW-15,2025-07-30 08:11:00,28.9,51.0,719.000000000119,2418.09999999962,217.700000006,280.799999996,0.00611829726,964.3239453997321
SKW-15,SKW-15,2025-07-30 08:12:00,28.7,51.0,716.199999999586,2419.50000000061,217.599999998,281.3,0.0101971621,979.121925846271
SKW-15,SKW-15,2025-07-30 08:13:00,28.2,51.0,716.499999999799,2421.30000000044,217.599999998,280.4,0.0101971621,1020.0399507019007
SKW-15,SKW-15,2025-07-30 08:14:00,26.4,51.0,717.700000000649,2421.89999999941,217.599999998,280.999999994,0.00815772968,2380.102060041997
SKW-15,SKW-15,2025-07-30 08:15:00,25.2,51.0,721.100000000156,2421.99999999948,217.599999998,281.499999998,0.00815772968,2380.0813610713362
SKW-15,SKW-15,2025-07-30 08:16:00,26.1,51.0,724.899999999946,2420.70000000001,217.599999998,280.799999996,0.00815772968,2380.0967078424746
SKW-15,SKW-15,2025-07-30 08:17:00,28.4,51.0,728.599999999666,2417.50000000065,217.700000006,278.999999996,0.00815772968,1006.0600007140895
SKW-15,SKW-15,2025-07-30 08:18:00,28.7,51.0,729.300000000162,2414.90000000026,217.700000006,279.199999994,0.00917744589,981.9317188336443
SKW-15,SKW-15,2025-07-30 08:19:00,28.8,51.0,726.699999999771,2414.3999999999,217.700000006,279.800000006,0.00611829726,973.2895258816175
SKW-15,SKW-15,2025-07-30 08:20:00,28.2,51.0,723.600000000476,2415.50000000068,217.599999998,280.599999998,0.00713801347,1019.6720627204422
SKW-15,SKW-15,2025-07-30 08:21:00,25.3,51.0,723.100000000122,2417.40000000058,217.599999998,280.700000006,0.00917744589,2380.0827493770194
SKW-15,SKW-15,2025-07-30 08:22:00,24.8,51.0,724.599999999734,2419.10000000033,217.700000006,280.200000002,0.00815772968,2380.0718396189363
SKW-15,SKW-15,2025-07-30 08:23:00,25.4,51.0,726.000000000725,2419.60000000068,217.700000006,279.699999998,0.01121687831,2380.0838632634454
SKW-15,SKW-15,2025-07-30 08:24:00,27.5,51.0,729.600000000374,2420.09999999959,217.700000006,277.500000002,0.01121687831,2380.1146293463
SKW-15,SKW-15,2025-07-30 08:25:00,28.8,51.0,729.500000000303,2417.40000000058,217.799999996,277.399999994,0.00713801347,976.8600554282034
SKW-15,SKW-15,2025-07-30 08:26:00,28.7,51.0,727.700000000479,2416.49999999994,217.700000006,277.899999998,0.00713801347,983.999893715647
SKW-15,SKW-15,2025-07-30 08:27:00,28.8,51.0,723.999999999309,2416.19999999973,217.700000006,278.799999998,0.0101971621,974.894968332794
SKW-15,SKW-15,2025-07-30 08:28:00,28.5,51.0,722.699999999839,2416.80000000015,217.700000006,280.200000002,0.00917744589,996.3276675374614
SKW-15,SKW-15,2025-07-30 08:29:00,25.5,51.0,721.800000000652,2419.89999999945,217.700000006,280.000000004,0.0101971621,2380.0863842635995
SKW-15,SKW-15,2025-07-30 08:30:00,24.9,51.0,722.79999999991,2420.59999999994,217.700000006,279.600000008,0.00815772968,2380.0740516565515
SKW-15,SKW-15,2025-07-30 08:31:00,25.0,51.0,726.000000000725,2421.79999999934,217.700000006,279.5,0.00815772968,2380.0757335025387
SKW-15,SKW-15,2025-07-30 08:32:00,26.4,51.0,727.80000000055,2422.49999999984,217.700000006,278.6,0.00713801347,2380.1003825045445
SKW-15,SKW-15,2025-07-30 08:33:00,28.7,51.0,729.800000000516,2422.90000000012,217.799999996,277.100000006,0.00815772968,985.1623174786348
SKW-15,SKW-15,2025-07-30 08:34:00,28.9,51.0,728.599999999666,2422.69999999998,217.799999996,277.300000004,0.00815772968,969.2412025460649
SKW-15,SKW-15,2025-07-30 08:35:00,28.7,51.0,724.599999999734,2425.50000000051,217.700000006,278.499999992,0.00611829726,983.1701044297754
SKW-15,SKW-15,2025-07-30 08:36:00,27.8,51.0,721.999999999343,2428.09999999945,217.700000006,279.199999994,0.00815772968,2380.1190382285718
SKW-15,SKW-15,2025-07-30 08:37:00,25.2,51.0,721.800000000652,2429.10000000016,217.700000006,279.800000006,0.00917744589,2380.080537662369
SKW-15,SKW-15,2025-07-30 08:38:00,25.0,51.0,723.100000000122,2428.90000000002,217.700000006,279.600000008,0.0101971621,2380.0761264675048
SKW-15,SKW-15,2025-07-30 08:39:00,25.0,51.0,726.399999999558,2426.59999999984,217.700000006,279.100000004,0.0101971621,2380.075466943801
SKW-15,SKW-15,2025-07-30 08:40:00,25.5,51.0,729.900000000587,2423.99999999945,217.799999996,277.599999992,0.00917744589,2380.0845053163375
SKW-15,SKW-15,2025-07-30 08:41:00,24.6,51.0,730.199999999349,2421.70000000072,217.799999996,276.900000008,0.0101971621,2380.064661092758
SKW-15,SKW-15,2025-07-30 08:42:00,25.2,51.0,730.29999999942,2420.3999999998,217.900000004,276.8,0.00815772968,2380.078155638484
SKW-15,SKW-15,2025-07-30 08:43:00,23.9,51.0,729.700000000445,2417.10000000036,217.900000004,275.399999996,0.00815772968,2380.044581030189
SKW-15,SKW-15,2025-07-30 08:44:00,24.7,51.0,729.800000000516,2415.40000000061,217.999999994,275.599999994,0.00815772968,2380.0664721628505
SKW-15,SKW-15,2025-07-30 08:45:00,28.8,51.0,729.400000000232,2411.40000000068,218.100000002,274.499999996,0.00917744589,981.293141525285
SKW-15,SKW-15,2025-07-30 08:46:00,28.9,51.0,728.699999999737,2408.90000000036,218.100000002,274.800000002,0.00815772968,973.028238303334
SKW-15,SKW-15,2025-07-30 08:47:00,29.1,51.0,726.399999999558,2408.60000000015,217.999999994,276.8,0.00713801347,954.62593137745
SKW-15,SKW-15,2025-07-30 08:48:00,29.0,51.0,720.39999999966,2409.89999999962,217.900000004,278.099999996,0.01121687831,960.5979256279167
SKW-15,SKW-15,2025-07-30 08:49:00,28.8,51.0,715.500000000541,2412.39999999994,217.799999996,279.199999994,0.00815772968,974.5790921470584
SKW-15,SKW-15,2025-07-30 08:50:00,28.5,51.0,714.299999999691,2415.20000000047,217.799999996,280.500000008,0.00917744589,996.0391230386732
SKW-15,SKW-15,2025-07-30 08:51:00,27.5,51.0,716.399999999728,2418.59999999998,217.700000006,280.200000002,0.00815772968,2380.1162747737667
SKW-15,SKW-15,2025-07-30 08:52:00,27.0,51.0,717.999999999411,2420.49999999987,217.700000006,280.900000004,0.00611829726,2380.1102448096367
SKW-15,SKW-15,2025-07-30 08:53:00,28.4,51.0,721.900000000722,2421.89999999941,217.700000006,280.299999992,0.00815772968,1004.1296994663882
SKW-15,SKW-15,2025-07-30 08:54:00,26.4,51.0,723.600000000476,2426.09999999949,217.700000006,280.599999998,0.00815772968,2380.1013558493046
SKW-15,SKW-15,2025-07-30 08:55:00,24.9,51.0,724.199999999451,2429.40000000037,217.799999996,280.299999992,0.0101971621,2380.0740638973753
SKW-15,SKW-15,2025-07-30 08:56:00,28.5,51.0,725.100000000088,2428.39999999966,217.799999996,279.199999994,0.00815772968,997.8314002794849
SKW-15,SKW-15,2025-07-30 08:57:00,29.0,51.0,727.200000000125,2426.79999999998,217.799999996,279.699999998,0.00713801347,957.9210091020167
SKW-15,SKW-15,2025-07-30 08:58:00,28.9,51.0,724.399999999592,2427.89999999931,217.700000006,279.600000008,0.0101971621,965.8996937868637
SKW-15,SKW-15,2025-07-30 08:59:00,28.7,51.0,720.499999999731,2428.29999999959,217.700000006,280.200000002,0.01121687831,980.6547409311232
SKW-15,SKW-15,2025-07-30 09:00:00,28.5,51.0,717.999999999411,2428.69999999988,217.599999998,280.500000008,0.01121687831,995.9661338736581
SKW-15,SKW-15,2025-07-30 09:01:00,27.0,51.0,718.199999999552,2429.00000000009,217.599999998,280.700000006,0.00611829726,2380.1102074575333
SKW-15,SKW-15,2025-07-30 09:02:00,28.2,51.0,720.39999999966,2428.09999999945,217.599999998,281.600000006,0.01121687831,1018.1079100617525
SKW-15,SKW-15,2025-07-30 09:03:00,28.7,51.0,722.79999999991,2425.00000000016,217.599999998,280.900000004,0.00917744589,979.5277652852552
SKW-15,SKW-15,2025-07-30 09:04:00,28.7,51.0,721.500000000439,2425.30000000037,217.500000008,280.500000008,0.00815772968,980.2002367309077
SKW-15,SKW-15,2025-07-30 09:05:00,28.5,51.0,719.000000000119,2426.29999999963,217.500000008,280.999999994,0.00917744589,995.1826888681156
SKW-15,SKW-15,2025-07-30 09:06:00,27.6,51.0,717.999999999411,2427.30000000034,217.500000008,280.799999996,0.00917744589,2380.1174799579667
SKW-15,SKW-15,2025-07-30 09:07:00,25.2,51.0,718.799999999977,2428.79999999995,217.500000008,281.3,0.0101971621,2380.081578923015
SKW-15,SKW-15,2025-07-30 09:08:00,25.3,51.0,721.800000000652,2428.59999999981,217.500000008,280.599999998,0.00815772968,2380.0829364267543
SKW-15,SKW-15,2025-07-30 09:09:00,25.5,51.0,725.600000000442,2427.00000000012,217.599999998,279.100000004,0.0101971621,2380.085646817787
SKW-15,SKW-15,2025-07-30 09:10:00,26.8,51.0,729.200000000091,2424.80000000002,217.599999998,277.7,0.00917744589,2380.1057792841175
SKW-15,SKW-15,2025-07-30 09:11:00,28.6,51.0,729.200000000091,2422.59999999991,217.700000006,278.200000004,0.0101971621,991.3691736124849
SKW-15,SKW-15,2025-07-30 09:12:00,28.9,51.0,727.80000000055,2418.19999999969,217.700000006,278.099999996,0.00917744589,968.0574161404627
SKW-15,SKW-15,2025-07-30 09:13:00,28.8,51.0,724.899999999946,2416.60000000001,217.599999998,279.100000004,0.00917744589,974.4220124771484
SKW-15,SKW-15,2025-07-30 09:14:00,28.7,51.0,721.60000000051,2417.20000000044,217.599999998,279.399999992,0.00815772968,981.8762680077707
SKW-15,SKW-15,2025-07-30 09:15:00,27.7,51.0,720.799999999943,2417.50000000065,217.599999998,279.899999996,0.00815772968,2380.118191338001
SKW-15,SKW-15,2025-07-30 09:16:00,24.7,51.0,721.000000000085,2418.59999999998,217.500000008,280.000000004,0.00713801347,2380.0701224265554
SKW-15,SKW-15,2025-07-30 09:17:00,25.0,51.0,723.100000000122,2419.50000000061,217.599999998,279.899999996,0.00815772968,2380.0763438082654
SKW-15,SKW-15,2025-07-30 09:18:00,28.3,51.0,726.699999999771,2419.40000000054,217.599999998,278.700000008,0.01121687831,1014.5895328511288
SKW-15,SKW-15,2025-07-30 09:19:00,28.8,51.0,728.199999999383,2415.20000000047,217.599999998,278.200000004,0.01121687831,975.6769079066087
SKW-15,SKW-15,2025-07-30 09:20:00,28.6,51.0,727.300000000196,2415.00000000033,217.599999998,278.299999994,0.00611829726,991.2863362163085
SKW-15,SKW-15,2025-07-30 09:21:00,28.7,51.0,722.399999999626,2415.40000000061,217.500000008,279.199999994,0.00713801347,982.1753682106139
SKW-15,SKW-15,2025-07-30 09:22:00,28.1,51.0,719.800000000686,2416.39999999987,217.500000008,280.000000004,0.01121687831,1028.7339504729644
SKW-15,SKW-15,2025-07-30 09:23:00,25.5,51.0,720.499999999731,2417.79999999941,217.500000008,280.000000004,0.00917744589,2380.0866410365134
SKW-15,SKW-15,2025-07-30 09:24:00,25.0,51.0,723.400000000334,2418.90000000019,217.500000008,279.800000006,0.00917744589,2380.0762889873995
SKW-15,SKW-15,2025-07-30 09:25:00,25.9,51.0,726.999999999983,2419.79999999938,217.599999998,278.6,0.00713801347,2380.092500537041
SKW-15,SKW-15,2025-07-30 09:26:00,28.4,51.0,728.599999999666,2419.89999999945,217.599999998,278.400000002,0.00713801347,1007.0139640430867
SKW-15,SKW-15,2025-07-30 09:27:00,28.9,51.0,728.099999999312,2417.79999999941,217.700000006,277.599999992,0.00815772968,968.8157312541454
SKW-15,SKW-15,2025-07-30 09:28:00,28.8,51.0,724.799999999875,2421.20000000037,217.599999998,278.700000008,0.00917744589,975.0384453738353
SKW-15,SKW-15,2025-07-30 09:29:00,28.5,51.0,722.499999999697,2423.20000000033,217.500000008,279.899999996,0.00611829726,996.8255283722007
SKW-15,SKW-15,2025-07-30 09:30:00,25.6,51.0,720.900000000014,2427.60000000055,217.500000008,278.900000006,0.00611829726,2380.0880824369297
SKW-15,SKW-15,2025-07-30 09:31:00,24.8,51.0,721.900000000722,2431.90000000069,217.500000008,279.5,0.00611829726,2380.0720646692885
SKW-15,SKW-15,2025-07-30 09:32:00,26.1,51.0,725.30000000023,2434.29999999949,217.599999998,278.999999996,0.00815772968,2380.0960995299497
SKW-15,SKW-15,2025-07-30 09:33:00,28.4,51.0,728.299999999453,2432.89999999995,217.599999998,278.099999996,0.00713801347,1007.4916021322439
SKW-15,SKW-15,2025-07-30 09:34:00,28.0,51.0,728.299999999453,2434.00000000073,217.599999998,278.200000004,0.00815772968,2380.1205864888707
SKW-15,SKW-15,2025-07-30 09:35:00,28.1,51.0,727.900000000621,2432.49999999967,217.599999998,278.900000006,0.00713801347,1030.4817316012147
SKW-15,SKW-15,2025-07-30 09:36:00,28.7,51.0,727.200000000125,2428.90000000002,217.599999998,279.600000008,0.00713801347,981.4000186113693
SKW-15,SKW-15,2025-07-30 09:37:00,28.8,51.0,724.799999999875,2426.19999999956,217.599999998,278.900000006,0.00713801347,974.7430290686361
SKW-15,SKW-15,2025-07-30 09:38:00,28.8,51.0,721.000000000085,2425.60000000058,217.500000008,280.500000008,0.00815772968,972.439975853499
SKW-15,SKW-15,2025-07-30 09:39:00,28.6,51.0,718.699999999907,2425.70000000065,217.4,280.900000004,0.00917744589,987.4925808045681
SKW-15,SKW-15,2025-07-30 09:40:00,27.8,51.0,718.499999999765,2425.89999999934,217.4,280.700000006,0.00713801347,2380.1196917519055
SKW-15,SKW-15,2025-07-30 09:41:00,25.4,51.0,719.600000000544,2425.99999999942,217.4,281.899999994,0.00611829726,2380.085681956884
SKW-15,SKW-15,2025-07-30 09:42:00,24.3,51.0,722.399999999626,2426.09999999949,217.4,280.500000008,0.00713801347,2380.060434588359
SKW-15,SKW-15,2025-07-30 09:43:00,25.4,51.0,724.09999999938,2425.80000000072,217.500000008,279.399999992,0.00611829726,2380.084166191379
SKW-15,SKW-15,2025-07-30 09:44:00,27.9,51.0,727.700000000479,2424.4999999998,217.500000008,278.000000006,0.00815772968,2380.1195289027614
SKW-15,SKW-15,2025-07-30 09:45:00,25.2,51.0,728.000000000691,2422.80000000005,217.599999998,277.599999992,0.00815772968,2380.0789248138617
SKW-15,SKW-15,2025-07-30 09:46:00,24.6,51.0,728.299999999453,2422.2999999997,217.599999998,278.000000006,0.00713801347,2380.065672929574
SKW-15,SKW-15,2025-07-30 09:47:00,28.5,51.0,728.199999999383,2419.40000000054,217.700000006,276.200000006,0.00815772968,1002.4768117916827
SKW-15,SKW-15,2025-07-30 09:48:00,28.9,51.0,727.100000000054,2415.5999999993,217.700000006,277.199999996,0.00815772968,969.4654004878284
SKW-15,SKW-15,2025-07-30 09:49:00,27.2,51.0,725.500000000371,2415.5999999993,217.599999998,277.199999996,0.0101971621,2380.1112359296417
SKW-15,SKW-15,2025-07-30 09:50:00,27.2,51.0,720.599999999802,2416.90000000022,217.599999998,280.099999994,0.00713801347,2380.1123776748727
SKW-15,SKW-15,2025-07-30 09:51:00,27.0,51.0,717.100000000224,2418.90000000019,217.500000008,280.000000004,0.00917744589,2380.110111008971
SKW-15,SKW-15,2025-07-30 09:52:00,26.6,51.0,716.399999999728,2421.20000000037,217.4,281.100000002,0.0101971621,2380.1051101082057
SKW-15,SKW-15,2025-07-30 09:53:00,23.6,51.0,718.399999999694,2423.00000000019,217.4,281.3,0.00917744589,2380.041376997148
SKW-15,SKW-15,2025-07-30 09:54:00,23.3,51.0,719.899999999306,2423.20000000033,217.500000008,280.799999996,0.00713801347,2380.0305209246103
SKW-15,SKW-15,2025-07-30 09:55:00,25.4,51.0,723.800000000618,2421.89999999941,217.500000008,278.799999998,0.00815772968,2380.0839380970224
SKW-15,SKW-15,2025-07-30 09:56:00,26.9,51.0,727.500000000337,2417.69999999934,217.599999998,277.599999992,0.00917744589,2380.1072669937207
SKW-15,SKW-15,2025-07-30 09:57:00,27.0,51.0,726.199999999417,2415.40000000061,217.500000008,278.099999996,0.00917744589,2380.108871428608
SKW-15,SKW-15,2025-07-30 09:58:00,27.1,51.0,722.599999999768,2415.30000000054,217.500000008,279.199999994,0.00917744589,2380.110742361987
SKW-15,SKW-15,2025-07-30 09:59:00,27.0,51.0,721.300000000298,2415.79999999944,217.500000008,278.999999996,0.00815772968,2380.1095236740925
SKW-15,SKW-15,2025-07-30 10:00:00,25.0,51.0,719.999999999377,2417.20000000044,217.4,279.199999994,0.0101971621,2380.076524807061
SKW-15,SKW-15,2025-07-30 10:01:00,23.6,51.0,720.699999999873,2418.39999999983,217.4,278.999999996,0.01223659452,2380.039335781131
SKW-15,SKW-15,2025-07-30 10:02:00,24.0,51.0,723.100000000122,2417.89999999948,217.4,277.100000006,0.01121687831,2380.050113611447
SKW-15,SKW-15,2025-07-30 10:03:00,26.6,51.0,724.699999999805,2417.10000000036,217.500000008,277.399999994,0.0101971621,2380.103295163925
SKW-15,SKW-15,2025-07-30 10:04:00,26.2,51.0,727.300000000196,2414.3999999999,217.500000008,277.100000006,0.00815772968,2380.0969344644805
SKW-15,SKW-15,2025-07-30 10:05:00,26.0,51.0,726.499999999629,2413.50000000072,217.500000008,277.899999998,0.00917744589,2380.094006910997
SKW-15,SKW-15,2025-07-30 10:06:00,23.8,51.0,725.4000000003,2413.99999999962,217.500000008,277.899999998,0.00815772968,2380.0441378164837
SKW-15,SKW-15,2025-07-30 10:07:00,23.5,51.0,725.100000000088,2414.29999999983,217.500000008,277.599999992,0.00917744589,2380.0341173915986
SKW-15,SKW-15,2025-07-30 10:08:00,26.6,51.0,725.900000000654,2413.30000000057,217.500000008,276.200000006,0.01121687831,2380.102829053238
SKW-15,SKW-15,2025-07-30 10:09:00,25.9,51.0,727.100000000054,2414.90000000026,217.500000008,276.400000004,0.00917744589,2380.0917554545763
SKW-15,SKW-15,2025-07-30 10:10:00,26.7,51.0,726.999999999983,2415.89999999951,217.500000008,277.300000004,0.00815772968,2380.104513233183
SKW-15,SKW-15,2025-07-30 10:11:00,25.9,51.0,725.30000000023,2420.49999999987,217.500000008,277.599999992,0.00917744589,2380.0923547224197
SKW-15,SKW-15,2025-07-30 10:12:00,25.1,51.0,724.299999999521,2424.39999999973,217.4,278.400000002,0.00815772968,2380.0777635216914
SKW-15,SKW-15,2025-07-30 10:13:00,26.7,51.0,724.399999999592,2424.09999999952,217.500000008,277.599999992,0.0101971621,2380.1048010076233
SKW-15,SKW-15,2025-07-30 10:14:00,27.1,51.0,724.299999999521,2424.90000000009,217.4,277.599999992,0.00815772968,2380.110243468192
SKW-15,SKW-15,2025-07-30 10:15:00,27.1,51.0,720.299999999589,2429.10000000016,217.299999992,277.899999998,0.00611829726,2380.110699839584
SKW-15,SKW-15,2025-07-30 10:16:00,27.1,51.0,715.100000000258,2434.79999999985,217.200000002,277.899999998,0.0101971621,2380.1110981975003
SKW-15,SKW-15,2025-07-30 10:17:00,27.0,51.0,713.400000000504,2437.30000000017,217.200000002,278.900000006,0.01223659452,2380.1101852758643
SKW-15,SKW-15,2025-07-30 10:18:00,26.6,51.0,712.700000000008,2442.00000000059,217.099999994,279.199999994,0.0101971621,2380.105012750752
SKW-15,SKW-15,2025-07-30 10:19:00,24.5,51.0,714.499999999833,2444.79999999968,217.099999994,279.800000006,0.00815772968,2380.066487838721
SKW-15,SKW-15,2025-07-30 10:20:00,24.5,51.0,717.500000000507,2446.1000000006,217.099999994,279.199999994,0.00917744589,2380.06571634681
SKW-15,SKW-15,2025-07-30 10:21:00,24.5,51.0,721.300000000298,2445.70000000031,217.200000002,278.099999996,0.00917744589,2380.0645384241707
SKW-15,SKW-15,2025-07-30 10:22:00,26.1,51.0,723.100000000122,2444.59999999953,217.200000002,278.200000004,0.01223659452,2380.096154736255
SKW-15,SKW-15,2025-07-30 10:23:00,24.1,51.0,725.700000000513,2441.50000000024,217.200000002,276.900000008,0.0101971621,2380.0525639108946
SKW-15,SKW-15,2025-07-30 10:24:00,23.8,51.0,726.799999999842,2439.50000000027,217.299999992,277.800000008,0.00917744589,2380.0439108907312
SKW-15,SKW-15,2025-07-30 10:25:00,24.1,51.0,727.80000000055,2436.79999999981,217.299999992,276.000000008,0.00917744589,2380.0516405678545
SKW-15,SKW-15,2025-07-30 10:26:00,24.1,51.0,727.900000000621,2434.09999999935,217.4,276.099999998,0.00917744589,2380.051612752551
SKW-15,SKW-15,2025-07-30 10:27:00,25.4,51.0,728.000000000691,2432.89999999995,217.4,275.300000006,0.00815772968,2380.082126523043
SKW-15,SKW-15,2025-07-30 10:28:00,26.0,51.0,727.80000000055,2428.79999999995,217.500000008,276.000000008,0.0101971621,2380.0932274669613
SKW-15,SKW-15,2025-07-30 10:29:00,24.3,51.0,728.000000000691,2428.29999999959,217.500000008,276.299999996,0.00713801347,2380.0572522391594
SKW-15,SKW-15,2025-07-30 10:30:00,23.5,51.0,727.900000000621,2427.50000000048,217.500000008,276.900000008,0.0101971621,2380.03298220635
SKW-15,SKW-15,2025-07-30 10:31:00,24.5,51.0,728.199999999383,2426.59999999984,217.500000008,276.000000008,0.00713801347,2380.062286256535
SKW-15,SKW-15,2025-07-30 10:32:00,26.9,51.0,727.600000000408,2421.70000000072,217.599999998,275.300000006,0.01121687831,2380.106616648455
SKW-15,SKW-15,2025-07-30 10:33:00,27.0,51.0,725.900000000654,2418.29999999976,217.500000008,276.000000008,0.00815772968,2380.108364229961
SKW-15,SKW-15,2025-07-30 10:34:00,27.1,51.0,721.200000000227,2418.59999999998,217.4,277.100000006,0.00815772968,2380.1103702133905
SKW-15,SKW-15,2025-07-30 10:35:00,27.0,51.0,716.299999999657,2420.19999999966,217.299999992,277.899999998,0.00815772968,2380.1097152410875
SKW-15,SKW-15,2025-07-30 10:36:00,26.8,51.0,715.000000000187,2421.20000000037,217.299999992,278.6,0.00815772968,2380.10736244185
SKW-15,SKW-15,2025-07-30 10:37:00,24.9,51.0,714.900000000116,2423.40000000047,217.299999992,278.900000006,0.01121687831,2380.07497957333
SKW-15,SKW-15,2025-07-30 10:38:00,25.6,51.0,717.600000000578,2425.50000000051,217.200000002,278.700000008,0.00917744589,2380.0884603732666
SKW-15,SKW-15,2025-07-30 10:39:00,27.0,51.0,720.900000000014,2423.00000000019,217.200000002,277.7,0.0101971621,2380.1092872091335
SKW-15,SKW-15,2025-07-30 10:40:00,27.0,51.0,720.39999999966,2421.30000000044,217.200000002,278.999999996,0.01121687831,2380.10964854664
SKW-15,SKW-15,2025-07-30 10:41:00,27.1,51.0,718.199999999552,2421.40000000051,217.099999994,279.300000002,0.00713801347,2380.111264573354
SKW-15,SKW-15,2025-07-30 10:42:00,27.0,51.0,714.499999999833,2421.79999999934,217.099999994,279.399999992,0.00815772968,2380.110303084405
SKW-15,SKW-15,2025-07-30 10:43:00,26.9,51.0,713.200000000362,2423.60000000062,217.000000004,279.699999998,0.01121687831,2380.109181557608
SKW-15,SKW-15,2025-07-30 10:44:00,26.2,51.0,715.000000000187,2425.60000000058,217.000000004,280.000000004,0.0101971621,2380.0991963084307
SKW-15,SKW-15,2025-07-30 10:45:00,24.6,51.0,718.399999999694,2427.10000000019,217.099999994,280.200000002,0.00917744589,2380.0684401161407
SKW-15,SKW-15,2025-07-30 10:46:00,24.2,51.0,720.099999999448,2427.20000000027,217.099999994,279.100000004,0.0101971621,2380.0575615753496
SKW-15,SKW-15,2025-07-30 10:47:00,26.3,51.0,723.800000000618,2426.3999999997,217.099999994,278.000000006,0.00815772968,2380.0992637725244
SKW-15,SKW-15,2025-07-30 10:48:00,27.0,51.0,726.299999999487,2421.60000000065,217.099999994,278.000000006,0.00815772968,2380.108971382349
SKW-15,SKW-15,2025-07-30 10:49:00,27.0,51.0,723.800000000618,2421.89999999941,217.099999994,278.400000002,0.00815772968,2380.109282589088
SKW-15,SKW-15,2025-07-30 10:50:00,27.0,51.0,721.700000000581,2421.79999999934,217.099999994,278.6,0.00611829726,2380.109534109604
SKW-15,SKW-15,2025-07-30 10:51:00,26.9,51.0,718.299999999623,2423.99999999945,217.000000004,278.700000008,0.01121687831,2380.108496005007
SKW-15,SKW-15,2025-07-30 10:52:00,26.4,51.0,717.100000000224,2426.79999999998,217.000000004,279.399999992,0.01121687831,2380.101811727502
SKW-15,SKW-15,2025-07-30 10:53:00,24.2,51.0,718.599999999836,2429.40000000037,217.000000004,279.5,0.00917744589,2380.0581149582213
SKW-15,SKW-15,2025-07-30 10:54:00,24.1,51.0,721.300000000298,2430.79999999991,217.000000004,278.499999992,0.0101971621,2380.054363885244
SKW-15,SKW-15,2025-07-30 10:55:00,26.3,51.0,723.200000000193,2430.59999999977,217.000000004,278.400000002,0.0101971621,2380.0994472263264
SKW-15,SKW-15,2025-07-30 10:56:00,26.0,51.0,726.399999999558,2428.90000000002,217.099999994,278.200000004,0.00815772968,2380.0942845470267
SKW-15,SKW-15,2025-07-30 10:57:00,25.2,51.0,726.5999999997,2430.59999999977,217.099999994,277.7,0.0101971621,2380.079341803005
SKW-15,SKW-15,2025-07-30 10:58:00,24.1,51.0,726.499999999629,2429.80000000066,217.099999994,277.899999998,0.00815772968,2380.0530988551786
SKW-15,SKW-15,2025-07-30 10:59:00,23.2,51.0,726.899999999912,2429.3000000003,217.200000002,276.099999998,0.00815772968,2380.0218555271463
SKW-15,SKW-15,2025-07-30 11:00:00,24.1,51.0,726.999999999983,2428.09999999945,217.200000002,275.599999994,0.00815772968,2380.0516555704694
SKW-15,SKW-15,2025-07-30 11:01:00,26.2,51.0,727.100000000054,2424.4999999998,217.299999992,275.0,0.00815772968,2380.089118719243
SKW-15,SKW-15,2025-07-30 11:02:00,25.0,51.0,727.200000000125,2422.49999999984,217.299999992,275.9,0.00917744589,2380.0742137510006
SKW-15,SKW-15,2025-07-30 11:03:00,24.2,51.0,727.600000000408,2421.40000000051,217.299999992,275.700000002,0.00815772968,2380.054362439372
SKW-15,SKW-15,2025-07-30 11:04:00,25.4,51.0,727.700000000479,2420.49999999987,217.299999992,275.9,0.0101971621,2380.0824013937495
SKW-15,SKW-15,2025-07-30 11:05:00,24.1,51.0,726.999999999983,2416.70000000008,217.4,276.000000008,0.01121687831,2380.05166277998
SKW-15,SKW-15,2025-07-30 11:06:00,23.2,51.0,727.100000000054,2416.2999999998,217.4,275.700000002,0.00917744589,2380.021276622005
SKW-15,SKW-15,2025-07-30 11:07:00,25.9,51.0,727.300000000196,2414.3999999999,217.4,274.800000002,0.00917744589,2380.067533133201
SKW-15,SKW-15,2025-07-30 11:08:00,26.4,51.0,726.999999999983,2413.40000000064,217.500000008,274.800000002,0.00713801347,2380.0770950416777
SKW-15,SKW-15,2025-07-30 11:09:00,27.2,51.0,726.799999999842,2410.60000000011,217.500000008,275.700000002,0.0101971621,2380.1107858608193
SKW-15,SKW-15,2025-07-30 11:10:00,27.2,51.0,724.299999999521,2409.89999999962,217.4,276.099999998,0.00815772968,2380.111142338558
SKW-15,SKW-15,2025-07-30 11:11:00,27.0,51.0,718.299999999623,2411.4999999993,217.299999992,277.899999998,0.00713801347,2380.109563198145
SKW-15,SKW-15,2025-07-30 11:12:00,27.0,51.0,713.899999999408,2414.3999999999,217.200000002,278.499999992,0.0101971621,2380.1100688890747
SKW-15,SKW-15,2025-07-30 11:13:00,26.8,51.0,713.000000000221,2417.50000000065,217.099999994,279.300000002,0.00713801347,2380.1077936907263
SKW-15,SKW-15,2025-07-30 11:14:00,25.1,51.0,713.600000000646,2419.10000000033,217.099999994,279.300000002,0.0101971621,2380.079630155801
SKW-15,SKW-15,2025-07-30 11:15:00,24.0,51.0,716.099999999516,2421.70000000072,217.099999994,278.900000006,0.01223659452,2380.0525835306676
SKW-15,SKW-15,2025-07-30 11:16:00,23.3,51.0,720.39999999966,2422.09999999955,217.099999994,278.299999994,0.00713801347,2380.028957813294
SKW-15,SKW-15,2025-07-30 11:17:00,25.7,51.0,724.699999999805,2420.19999999966,217.200000002,276.600000002,0.00815772968,2380.088721545429
SKW-15,SKW-15,2025-07-30 11:18:00,26.9,51.0,726.399999999558,2417.89999999948,217.200000002,276.200000006,0.00815772968,2380.1071271746714
SKW-15,SKW-15,2025-07-30 11:19:00,27.2,51.0,725.500000000371,2413.2000000005,217.200000002,276.900000008,0.00917744589,2380.11129034288
SKW-15,SKW-15,2025-07-30 11:20:00,27.1,51.0,721.60000000051,2412.70000000015,217.200000002,277.300000004,0.01121687831,2380.110408389662
SKW-15,SKW-15,2025-07-30 11:21:00,27.0,51.0,716.900000000082,2413.99999999962,217.099999994,278.499999992,0.00611829726,2380.1099042997103
SKW-15,SKW-15,2025-07-30 11:22:00,26.9,51.0,714.900000000116,2415.69999999937,217.000000004,280.000000004,0.00815772968,2380.1091568277056
SKW-15,SKW-15,2025-07-30 11:23:00,26.7,51.0,714.800000000045,2416.19999999973,217.000000004,279.5,0.00815772968,2380.1063549473492
SKW-15,SKW-15,2025-07-30 11:24:00,25.7,51.0,718.099999999482,2416.19999999973,217.000000004,280.299999992,0.00815772968,2380.090830532273
SKW-15,SKW-15,2025-07-30 11:25:00,26.9,51.0,719.400000000402,2415.00000000033,217.000000004,279.699999998,0.00815772968,2380.10870338058
SKW-15,SKW-15,2025-07-30 11:26:00,26.9,51.0,720.900000000014,2410.70000000018,217.000000004,280.299999992,0.00815772968,2380.1087332829275
SKW-15,SKW-15,2025-07-30 11:27:00,27.1,51.0,717.700000000649,2410.2999999999,216.899999996,280.4,0.00815772968,2380.111622455547
SKW-15,SKW-15,2025-07-30 11:28:00,26.8,51.0,715.500000000541,2411.30000000061,216.899999996,280.500000008,0.00917744589,2380.107931519106
SKW-15,SKW-15,2025-07-30 11:29:00,26.7,51.0,713.899999999408,2413.79999999948,216.899999996,279.399999992,0.00611829726,2380.1064654307966
SKW-15,SKW-15,2025-07-30 11:30:00,25.1,51.0,715.600000000612,2416.70000000008,216.899999996,280.200000002,0.00713801347,2380.0798862243864
SKW-15,SKW-15,2025-07-30 11:31:00,24.1,51.0,719.300000000332,2419.60000000068,216.899999996,279.600000008,0.0101971621,2380.055377557598
SKW-15,SKW-15,2025-07-30 11:32:00,23.8,51.0,721.400000000368,2420.90000000015,216.899999996,279.100000004,0.00713801347,2380.046106794396
SKW-15,SKW-15,2025-07-30 11:33:00,23.5,51.0,725.500000000371,2423.60000000062,217.000000004,277.800000008,0.00917744589,2380.0345631477803
SKW-15,SKW-15,2025-07-30 11:34:00,23.2,51.0,727.100000000054,2426.09999999949,217.099999994,276.400000004,0.01121687831,2380.022008674874
SKW-15,SKW-15,2025-07-30 11:35:00,24.0,51.0,726.999999999983,2427.80000000069,217.200000002,275.199999998,0.00713801347,2380.048536897855
SKW-15,SKW-15,2025-07-30 11:36:00,26.3,51.0,725.800000000584,2426.79999999998,217.299999992,275.100000008,0.00713801347,2380.098128309635
SKW-15,SKW-15,2025-07-30 11:37:00,26.9,51.0,726.199999999417,2427.20000000027,217.299999992,274.600000004,0.00713801347,2380.071310399699
SKW-15,SKW-15,2025-07-30 11:38:00,26.9,51.0,725.200000000159,2424.4999999998,217.299999992,276.200000006,0.00713801347,2380.107212851795
SKW-15,SKW-15,2025-07-30 11:39:00,26.9,51.0,721.900000000722,2422.80000000005,217.200000002,276.999999998,0.00815772968,2380.107724575203
SKW-15,SKW-15,2025-07-30 11:40:00,26.8,51.0,718.699999999907,2421.50000000058,217.200000002,277.7,0.00713801347,2380.1068488933743
SKW-15,SKW-15,2025-07-30 11:41:00,26.0,51.0,718.199999999552,2420.19999999966,217.099999994,278.099999996,0.00917744589,2380.095092953282
SKW-15,SKW-15,2025-07-30 11:42:00,23.8,51.0,718.699999999907,2419.40000000054,217.099999994,278.499999992,0.00815772968,2380.0460992872813
SKW-15,SKW-15,2025-07-30 11:43:00,23.5,51.0,720.699999999873,2417.00000000029,217.099999994,278.099999996,0.00713801347,2380.0358010803066
SKW-15,SKW-15,2025-07-30 11:44:00,23.3,51.0,723.400000000334,2413.59999999934,217.200000002,277.199999996,0.00815772968,2380.027337926553
SKW-15,SKW-15,2025-07-30 11:45:00,24.8,51.0,726.199999999417,2409.99999999969,217.200000002,275.500000004,0.0101971621,2380.0697133937033
SKW-15,SKW-15,2025-07-30 11:46:00,26.7,51.0,725.800000000584,2404.80000000036,217.299999992,275.500000004,0.0101971621,2380.1041563789017
SKW-15,SKW-15,2025-07-30 11:47:00,26.8,51.0,725.4000000003,2403.00000000053,217.299999992,275.799999992,0.00917744589,2380.1056917882265
SKW-15,SKW-15,2025-07-30 11:48:00,27.0,51.0,723.300000000264,2403.59999999951,217.299999992,276.400000004,0.00713801347,2380.1087609097303
SKW-15,SKW-15,2025-07-30 11:49:00,26.8,51.0,721.700000000581,2403.89999999972,217.200000002,277.399999994,0.00713801347,2380.1065083094422
SKW-15,SKW-15,2025-07-30 11:50:00,25.8,51.0,719.999999999377,2406.40000000004,217.200000002,278.099999996,0.00611829726,2380.091558108707
SKW-15,SKW-15,2025-07-30 11:51:00,24.1,51.0,719.999999999377,2408.90000000036,217.099999994,278.700000008,0.00713801347,2380.054722362075
SKW-15,SKW-15,2025-07-30 11:52:00,23.5,51.0,720.699999999873,2409.99999999969,217.200000002,278.299999994,0.00713801347,2380.035856687543
SKW-15,SKW-15,2025-07-30 11:53:00,24.4,51.0,723.000000000051,2411.89999999958,217.200000002,277.399999994,0.00815772968,2380.0614333460126
SKW-15,SKW-15,2025-07-30 11:54:00,26.2,51.0,726.000000000725,2412.60000000008,217.200000002,276.499999994,0.00713801347,2380.097003890423
SKW-15,SKW-15,2025-07-30 11:55:00,24.0,51.0,725.900000000654,2417.20000000044,217.200000002,276.600000002,0.00713801347,2380.0495569280656
SKW-15,SKW-15,2025-07-30 11:56:00,22.9,51.0,725.600000000442,2419.60000000068,217.200000002,276.200000006,0.00917744589,2380.0098144009585
SKW-15,SKW-15,2025-07-30 11:57:00,25.2,51.0,726.499999999629,2424.69999999995,217.299999992,274.499999996,0.00815772968,2380.025521843097
SKW-15,SKW-15,2025-07-30 11:58:00,26.9,51.0,725.600000000442,2423.40000000047,217.299999992,274.200000008,0.00713801347,2380.0234960158978
SKW-15,SKW-15,2025-07-30 11:59:00,26.9,51.0,724.299999999521,2425.80000000072,217.299999992,275.599999994,0.00815772968,2380.1071169635493
SKW-15,SKW-15,2025-07-30 12:00:00,27.0,51.0,718.699999999907,2428.79999999995,217.200000002,276.8,0.00815772968,2380.109264885852
SKW-15,SKW-15,2025-07-30 12:01:00,27.0,51.0,715.100000000258,2430.09999999942,217.099999994,277.100000006,0.00815772968,2380.10966973525
SKW-15,SKW-15,2025-07-30 12:02:00,26.9,51.0,710.700000000042,2432.19999999946,217.000000004,278.299999994,0.00713801347,2380.1090816735223
SKW-15,SKW-15,2025-07-30 12:03:00,26.7,51.0,709.699999999334,2431.70000000055,216.899999996,278.900000006,0.00917744589,2380.106654656458
SKW-15,SKW-15,2025-07-30 12:04:00,26.2,51.0,711.6999999993,2431.2000000002,216.899999996,278.799999998,0.00611829726,2380.0992530200365
SKW-15,SKW-15,2025-07-30 12:05:00,24.9,51.0,715.799999999303,2431.10000000013,216.899999996,278.999999996,0.0101971621,2380.0751190694436
SKW-15,SKW-15,2025-07-30 12:06:00,23.6,51.0,720.199999999519,2430.89999999998,217.000000004,278.799999998,0.0101971621,2380.039678327533
SKW-15,SKW-15,2025-07-30 12:07:00,23.9,51.0,722.199999999485,2430.39999999963,217.000000004,278.400000002,0.00917744589,2380.0484205082203
SKW-15,SKW-15,2025-07-30 12:08:00,26.2,51.0,725.600000000442,2427.30000000034,217.099999994,277.599999992,0.00917744589,2380.097391451606
SKW-15,SKW-15,2025-07-30 12:09:00,26.7,51.0,725.4000000003,2426.29999999963,217.099999994,276.8,0.00611829726,2380.1046761604316
SKW-15,SKW-15,2025-07-30 12:10:00,26.8,51.0,725.100000000088,2423.99999999945,217.099999994,277.399999994,0.00713801347,2380.1062436053676
SKW-15,SKW-15,2025-07-30 12:11:00,26.8,51.0,722.099999999414,2423.70000000069,217.099999994,278.6,0.0101971621,2380.106785969667
SKW-15,SKW-15,2025-07-30 12:12:00,26.7,51.0,717.80000000072,2422.39999999977,217.000000004,278.499999992,0.00611829726,2380.1058492432876
SKW-15,SKW-15,2025-07-30 12:13:00,26.7,51.0,714.800000000045,2421.50000000058,216.899999996,279.300000002,0.0101971621,2380.1063049630443
SKW-15,SKW-15,2025-07-30 12:14:00,26.2,51.0,715.000000000187,2420.29999999973,216.899999996,278.299999994,0.00713801347,2380.0987628624553
SKW-15,SKW-15,2025-07-30 12:15:00,24.3,51.0,715.899999999374,2419.79999999938,216.899999996,279.800000006,0.00815772968,2380.0614148907357
SKW-15,SKW-15,2025-07-30 12:16:00,23.2,51.0,718.799999999977,2418.39999999983,216.899999996,279.199999994,0.00509858105,2380.0265383713713
SKW-15,SKW-15,2025-07-30 12:17:00,24.7,51.0,722.099999999414,2415.1000000004,217.000000004,277.800000008,0.0101971621,2380.0691547376064
SKW-15,SKW-15,2025-07-30 12:18:00,26.5,51.0,725.000000000017,2408.80000000029,217.000000004,277.300000004,0.00713801347,2380.101995202912
SKW-15,SKW-15,2025-07-30 12:19:00,26.7,51.0,723.999999999309,2405.4999999994,217.000000004,276.699999992,0.00917744589,2380.1047636979156
SKW-15,SKW-15,2025-07-30 12:20:00,26.8,51.0,721.100000000156,2405.0000000005,217.000000004,278.099999996,0.01121687831,2380.106756236501
SKW-15,SKW-15,2025-07-30 12:21:00,26.7,51.0,719.899999999306,2405.30000000071,217.000000004,278.299999994,0.00611829726,2380.1056098411354
SKW-15,SKW-15,2025-07-30 12:22:00,25.6,51.0,719.000000000119,2406.1999999999,216.899999996,278.400000002,0.00815772968,2380.0883361176357
SKW-15,SKW-15,2025-07-30 12:23:00,23.6,51.0,719.899999999306,2407.30000000068,216.899999996,279.5,0.00815772968,2380.0403296264108
SKW-15,SKW-15,2025-07-30 12:24:00,23.6,51.0,721.000000000085,2407.59999999944,217.000000004,278.499999992,0.00917744589,2380.039351397719
SKW-15,SKW-15,2025-07-30 12:25:00,24.0,51.0,723.700000000547,2407.49999999937,217.000000004,277.300000004,0.01121687831,2380.05038532976
SKW-15,SKW-15,2025-07-30 12:26:00,23.4,51.0,726.299999999487,2407.79999999958,217.099999994,276.000000008,0.00815772968,2380.029547951397
SKW-15,SKW-15,2025-07-30 12:27:00,25.5,51.0,726.099999999346,2407.79999999958,217.099999994,275.599999994,0.00713801347,2380.084561054415
SKW-15,SKW-15,2025-07-30 12:28:00,23.9,51.0,725.800000000584,2408.29999999993,217.200000002,275.0,0.00611829726,2380.035653685479
SKW-15,SKW-15,2025-07-30 12:29:00,25.5,51.0,725.800000000584,2410.90000000032,217.200000002,274.800000002,0.00917744589,2380.059316219825
SKW-15,SKW-15,2025-07-30 12:30:00,26.9,51.0,725.30000000023,2409.00000000043,217.200000002,275.0,0.00509858105,2380.100269264265
SKW-15,SKW-15,2025-07-30 12:31:00,26.8,51.0,723.800000000618,2410.80000000025,217.200000002,275.399999996,0.00713801347,2380.1057833844916
SKW-15,SKW-15,2025-07-30 12:32:00,26.7,51.0,719.400000000402,2413.79999999948,217.099999994,276.299999996,0.00917744589,2380.105031456202
SKW-15,SKW-15,2025-07-30 12:33:00,26.9,51.0,715.000000000187,2419.00000000026,217.000000004,276.999999998,0.00815772968,2380.108370822379
SKW-15,SKW-15,2025-07-30 12:34:00,26.6,51.0,712.90000000015,2424.09999999952,217.000000004,278.099999996,0.0101971621,2380.1047232777673
SKW-15,SKW-15,2025-07-30 12:35:00,26.3,51.0,713.300000000433,2426.3999999997,216.899999996,279.100000004,0.00917744589,2380.1006599517523
SKW-15,SKW-15,2025-07-30 12:36:00,23.5,51.0,715.000000000187,2430.09999999942,216.899999996,278.799999998,0.00713801347,2380.0376426905495
SKW-15,SKW-15,2025-07-30 12:37:00,22.7,51.0,718.299999999623,2432.69999999981,216.899999996,277.500000002,0.00815772968,2380.004422608305
SKW-15,SKW-15,2025-07-30 12:38:00,23.1,51.0,722.399999999626,2432.69999999981,217.000000004,276.000000008,0.00917744589,2380.0190891961984
SKW-15,SKW-15,2025-07-30 12:39:00,25.0,51.0,724.699999999805,2432.59999999974,217.099999994,275.799999992,0.0101971621,2380.0745956251308
SKW-15,SKW-15,2025-07-30 12:40:00,26.8,51.0,725.100000000088,2430.19999999949,217.099999994,275.0,0.00611829726,2380.098859177439
SKW-15,SKW-15,2025-07-30 12:41:00,26.8,51.0,723.800000000618,2430.09999999942,217.099999994,275.599999994,0.00611829726,2380.1058835027625
SKW-15,SKW-15,2025-07-30 12:42:00,26.9,51.0,720.099999999448,2432.69999999981,217.099999994,276.900000008,0.00713801347,2380.1078956799215
SKW-15,SKW-15,2025-07-30 12:43:00,26.7,51.0,717.999999999411,2434.09999999935,217.000000004,276.8,0.00713801347,2380.105353472225
SKW-15,SKW-15,2025-07-30 12:44:00,26.9,51.0,715.100000000258,2436.09999999932,217.000000004,278.200000004,0.00815772968,2380.108674716484
SKW-15,SKW-15,2025-07-30 12:45:00,26.3,51.0,715.300000000399,2435.3000000002,217.000000004,278.700000008,0.00917744589,2380.100315432048
SKW-15,SKW-15,2025-07-30 12:46:00,24.1,51.0,717.500000000507,2433.50000000038,217.000000004,279.100000004,0.00917744589,2380.0553861133744
SKW-15,SKW-15,2025-07-30 12:47:00,23.8,51.0,720.599999999802,2430.89999999998,217.000000004,279.100000004,0.00917744589,2380.0461304152045
SKW-15,SKW-15,2025-07-30 12:48:00,24.3,51.0,723.999999999309,2427.20000000027,217.000000004,278.200000004,0.00917744589,2380.0591755177034
SKW-15,SKW-15,2025-07-30 12:49:00,26.0,51.0,725.30000000023,2425.00000000016,217.000000004,276.699999992,0.00917744589,2380.0939325414724
SKW-15,SKW-15,2025-07-30 12:50:00,26.7,51.0,724.599999999734,2418.29999999976,217.099999994,276.8,0.00815772968,2380.1047194695916
SKW-15,SKW-15,2025-07-30 12:51:00,26.8,51.0,722.599999999768,2415.30000000054,217.099999994,276.699999992,0.00815772968,2380.1062589453513
SKW-15,SKW-15,2025-07-30 12:52:00,26.7,51.0,719.600000000544,2413.79999999948,217.000000004,278.000000006,0.00713801347,2380.1055404158647
SKW-15,SKW-15,2025-07-30 12:53:00,26.3,51.0,717.80000000072,2412.70000000015,217.000000004,278.000000006,0.00815772968,2380.0998813626743
SKW-15,SKW-15,2025-07-30 12:54:00,24.7,51.0,717.700000000649,2412.19999999979,216.899999996,279.100000004,0.00611829726,2380.0705376128763
SKW-15,SKW-15,2025-07-30 12:55:00,23.5,51.0,718.900000000048,2411.0000000004,216.899999996,279.300000002,0.00815772968,2380.037108027713
SKW-15,SKW-15,2025-07-30 12:56:00,24.2,51.0,721.800000000652,2409.20000000057,217.000000004,277.800000008,0.00917744589,2380.056670349387
SKW-15,SKW-15,2025-07-30 12:57:00,25.7,51.0,725.000000000017,2407.00000000046,217.000000004,276.999999998,0.00815772968,2380.0889108095057
SKW-15,SKW-15,2025-07-30 12:58:00,26.6,51.0,725.500000000371,2404.80000000036,217.000000004,276.8,0.00815772968,2380.1032465421217
SKW-15,SKW-15,2025-07-30 12:59:00,26.7,51.0,723.999999999309,2402.19999999996,217.000000004,277.399999994,0.00917744589,2380.104957132481
SKW-15,SKW-15,2025-07-30 13:00:00,26.7,51.0,719.999999999377,2403.69999999958,217.000000004,278.000000006,0.00611829726,2380.105519050478
SKW-15,SKW-15,2025-07-30 13:01:00,26.7,51.0,717.300000000365,2406.40000000004,216.899999996,278.200000004,0.00713801347,2380.105829505451
SKW-15,SKW-15,2025-07-30 13:02:00,25.3,51.0,716.699999999941,2409.20000000057,216.899999996,278.6,0.00815772968,2380.083070176665
SKW-15,SKW-15,2025-07-30 13:03:00,23.9,51.0,717.200000000295,2410.60000000011,216.899999996,278.200000004,0.00815772968,2380.0493424982446
SKW-15,SKW-15,2025-07-30 13:04:00,23.6,51.0,719.500000000473,2413.10000000043,216.899999996,278.099999996,0.00815772968,2380.03951441091
SKW-15,SKW-15,2025-07-30 13:05:00,25.3,51.0,722.399999999626,2414.60000000004,216.899999996,276.900000008,0.00815772968,2380.0817045347153
SKW-15,SKW-15,2025-07-30 13:06:00,26.4,51.0,724.699999999805,2413.50000000072,217.000000004,277.199999996,0.00917744589,2380.1004768519238
SKW-15,SKW-15,2025-07-30 13:07:00,26.8,51.0,724.09999999938,2412.39999999994,217.000000004,277.899999998,0.00713801347,2380.106497102863
SKW-15,SKW-15,2025-07-30 13:08:00,26.2,51.0,722.79999999991,2413.2000000005,216.899999996,277.100000006,0.00611829726,2380.097637023226
SKW-15,SKW-15,2025-07-30 13:09:00,26.5,51.0,721.000000000085,2412.39999999994,216.899999996,278.000000006,0.00815772968,2380.1025878377964
SKW-15,SKW-15,2025-07-30 13:10:00,25.3,51.0,719.999999999377,2414.19999999976,216.899999996,278.299999994,0.00611829726,2380.0825856708543
SKW-15,SKW-15,2025-07-30 13:11:00,24.1,51.0,720.699999999873,2415.69999999937,216.899999996,278.099999996,0.00815772968,2380.0543710287398
SKW-15,SKW-15,2025-07-30 13:12:00,23.8,51.0,721.60000000051,2416.19999999973,216.899999996,277.100000006,0.00815772968,2380.0448280030364
SKW-15,SKW-15,2025-07-30 13:13:00,24.1,51.0,723.900000000689,2417.30000000051,217.000000004,276.299999996,0.00713801347,2380.0527697210905
SKW-15,SKW-15,2025-07-30 13:14:00,24.5,51.0,725.600000000442,2417.99999999955,217.000000004,275.700000002,0.00713801347,2380.0628453494423
SKW-15,SKW-15,2025-07-30 13:15:00,23.0,51.0,725.800000000584,2418.39999999983,217.099999994,275.700000002,0.00611829726,2380.013866194035
SKW-15,SKW-15,2025-07-30 13:16:00,22.1,51.0,725.700000000513,2417.89999999948,217.099999994,274.600000004,0.00815772968,2379.890656218511
SKW-15,SKW-15,2025-07-30 13:17:00,21.6,51.0,725.600000000442,2417.89999999948,217.200000002,274.1,0.00917744589,2379.551377364199
SKW-15,SKW-15,2025-07-30 13:18:00,25.0,51.0,725.900000000654,2417.00000000029,217.299999992,271.900000004,0.00917744589,2379.9383005608643
SKW-15,SKW-15,2025-07-30 13:19:00,27.1,51.0,724.799999999875,2413.50000000072,217.4,272.600000006,0.00713801347,2380.004389608195
SKW-15,SKW-15,2025-07-30 13:20:00,27.1,51.0,723.900000000689,2413.30000000057,217.4,274.1,0.00815772968,2380.014017252263
SKW-15,SKW-15,2025-07-30 13:21:00,27.3,51.0,719.200000000261,2415.69999999937,217.200000002,275.199999998,0.00917744589,2380.1126209958825
SKW-15,SKW-15,2025-07-30 13:22:00,26.8,51.0,716.299999999657,2417.50000000065,217.200000002,275.9,0.00917744589,2380.106546721238
SKW-15,SKW-15,2025-07-30 13:23:00,26.7,51.0,712.90000000015,2421.60000000065,217.099999994,277.899999998,0.00815772968,2380.1060567366367
SKW-15,SKW-15,2025-07-30 13:24:00,26.2,51.0,712.90000000015,2425.60000000058,217.099999994,278.900000006,0.00815772968,2380.0990643946393
SKW-15,SKW-15,2025-07-30 13:25:00,25.3,51.0,715.100000000258,2428.49999999974,217.099999994,278.999999996,0.01121687831,2380.083272277897
SKW-15,SKW-15,2025-07-30 13:26:00,26.7,51.0,716.59999999987,2428.19999999952,217.099999994,278.999999996,0.00917744589,2380.1060169455423
SKW-15,SKW-15,2025-07-30 13:27:00,26.8,51.0,718.499999999765,2425.50000000051,217.000000004,278.999999996,0.00713801347,2380.107275081239
SKW-15,SKW-15,2025-07-30 13:28:00,26.7,51.0,715.300000000399,2426.19999999956,216.899999996,278.999999996,0.00815772968,2380.106207879518
SKW-15,SKW-15,2025-07-30 13:29:00,26.7,51.0,712.599999999938,2427.00000000012,216.899999996,280.099999994,0.00815772968,2380.1067388642414
SKW-15,SKW-15,2025-07-30 13:30:00,24.8,51.0,712.90000000015,2428.39999999966,216.899999996,279.600000008,0.00611829726,2380.073686940622
SKW-15,SKW-15,2025-07-30 13:31:00,24.2,51.0,714.399999999762,2429.10000000016,216.899999996,279.199999994,0.00713801347,2380.0587811044206
SKW-15,SKW-15,2025-07-30 13:32:00,25.5,51.0,717.80000000072,2429.90000000073,216.899999996,278.099999996,0.00815772968,2380.086541135662
SKW-15,SKW-15,2025-07-30 13:33:00,26.4,51.0,721.200000000227,2427.80000000069,216.899999996,277.199999996,0.00917744589,2380.1008454672133
SKW-15,SKW-15,2025-07-30 13:34:00,26.6,51.0,722.099999999414,2425.10000000023,216.899999996,278.799999998,0.00815772968,2380.1041518551388
SKW-15,SKW-15,2025-07-30 13:35:00,26.9,51.0,721.300000000298,2423.70000000069,216.899999996,278.200000004,0.00713801347,2380.1081963331862
SKW-15,SKW-15,2025-07-30 13:36:00,26.7,51.0,716.900000000082,2422.39999999977,216.800000006,278.799999998,0.01121687831,2380.1060038511414
SKW-15,SKW-15,2025-07-30 13:37:00,26.6,51.0,713.400000000504,2422.2999999997,216.800000006,279.300000002,0.00917744589,2380.1050887219535
SKW-15,SKW-15,2025-07-30 13:38:00,25.4,51.0,713.899999999408,2422.19999999962,216.800000006,279.300000002,0.00917744589,2380.0856046981007
SKW-15,SKW-15,2025-07-30 13:39:00,23.6,51.0,716.399999999728,2422.19999999962,216.800000006,279.100000004,0.00713801347,2380.0409021940445
SKW-15,SKW-15,2025-07-30 13:40:00,24.1,51.0,718.399999999694,2421.89999999941,216.800000006,278.400000002,0.00815772968,2380.0550035528117
SKW-15,SKW-15,2025-07-30 13:41:00,24.6,51.0,721.999999999343,2420.70000000001,216.899999996,277.199999996,0.00713801347,2380.0666503181906
SKW-15,SKW-15,2025-07-30 13:42:00,23.6,51.0,725.000000000017,2419.40000000054,216.899999996,276.299999996,0.00713801347,2380.0372148561128
SKW-15,SKW-15,2025-07-30 13:43:00,25.5,51.0,724.499999999663,2417.20000000044,217.000000004,275.799999992,0.00713801347,2380.0848724727925
SKW-15,SKW-15,2025-07-30 13:44:00,23.8,51.0,724.699999999805,2417.79999999941,217.000000004,276.099999998,0.00713801347,2380.043560878192
SKW-15,SKW-15,2025-07-30 13:45:00,26.5,51.0,724.899999999946,2417.00000000029,217.000000004,275.399999996,0.00713801347,2380.101452660385
SKW-15,SKW-15,2025-07-30 13:46:00,26.7,51.0,723.700000000547,2410.90000000032,217.099999994,276.099999998,0.00815772968,2380.1046060428093
SKW-15,SKW-15,2025-07-30 13:47:00,26.9,51.0,720.799999999943,2409.1000000005,217.000000004,276.499999994,0.00815772968,2380.107748142717
SKW-15,SKW-15,2025-07-30 13:48:00,26.8,51.0,717.100000000224,2409.00000000043,216.899999996,277.599999992,0.00713801347,2380.1070539999782
SKW-15,SKW-15,2025-07-30 13:49:00,26.4,51.0,715.500000000541,2409.69999999947,216.899999996,278.6,0.00815772968,2380.1018080462204
SKW-15,SKW-15,2025-07-30 13:50:00,24.8,51.0,715.500000000541,2410.39999999997,216.800000006,279.100000004,0.00713801347,2380.0731335259807
SKW-15,SKW-15,2025-07-30 13:51:00,23.1,51.0,717.200000000295,2411.79999999951,216.800000006,278.099999996,0.00917744589,2380.02221638981
SKW-15,SKW-15,2025-07-30 13:52:00,22.8,51.0,720.299999999589,2412.29999999987,216.899999996,277.599999992,0.00815772968,2380.008454656512
SKW-15,SKW-15,2025-07-30 13:53:00,24.1,51.0,723.999999999309,2413.00000000036,216.899999996,276.099999998,0.00917744589,2380.0526484001152
SKW-15,SKW-15,2025-07-30 13:54:00,23.3,51.0,724.899999999946,2413.2000000005,217.000000004,274.800000002,0.00917744589,2379.990390637088
SKW-15,SKW-15,2025-07-30 13:55:00,26.2,51.0,724.899999999946,2414.3999999999,217.000000004,274.800000002,0.00815772968,2380.07386921448
SKW-15,SKW-15,2025-07-30 13:56:00,26.7,51.0,723.400000000334,2411.79999999951,217.099999994,274.899999992,0.00611829726,2380.0901910493467
SKW-15,SKW-15,2025-07-30 13:57:00,27.1,51.0,721.500000000439,2414.09999999969,217.099999994,276.400000004,0.00815772968,2380.1102575514033
SKW-15,SKW-15,2025-07-30 13:58:00,26.8,51.0,717.700000000649,2417.10000000036,217.000000004,276.600000002,0.00713801347,2380.106703462145
SKW-15,SKW-15,2025-07-30 13:59:00,26.7,51.0,715.40000000047,2419.10000000033,216.899999996,278.499999992,0.00815772968,2380.1060637923574
SKW-15,SKW-15,2025-07-30 14:00:00,26.2,51.0,715.40000000047,2419.40000000054,216.899999996,277.500000002,0.00917744589,2380.098448353726
SKW-15,SKW-15,2025-07-30 14:01:00,24.2,51.0,717.000000000153,2420.09999999959,216.899999996,278.999999996,0.00713801347,2380.0582386264045
SKW-15,SKW-15,2025-07-30 14:02:00,23.4,51.0,719.700000000615,2420.90000000015,216.899999996,278.099999996,0.00917744589,2380.032651238346
SKW-15,SKW-15,2025-07-30 14:03:00,25.7,51.0,722.79999999991,2420.49999999987,217.000000004,276.8,0.00815772968,2380.0890904232583
SKW-15,SKW-15,2025-07-30 14:04:00,26.8,51.0,724.199999999451,2418.80000000012,217.000000004,276.999999998,0.00815772968,2380.1062319023763
SKW-15,SKW-15,2025-07-30 14:05:00,26.8,51.0,723.200000000193,2416.39999999987,217.000000004,277.500000002,0.00713801347,2380.1064677213303
SKW-15,SKW-15,2025-07-30 14:06:00,26.7,51.0,718.699999999907,2417.50000000065,216.899999996,277.7,0.00713801347,2380.105569870685
SKW-15,SKW-15,2025-07-30 14:07:00,26.8,51.0,715.300000000399,2419.99999999952,216.800000006,278.299999994,0.00611829726,2380.107439342367
SKW-15,SKW-15,2025-07-30 14:08:00,26.7,51.0,714.800000000045,2421.60000000065,216.800000006,278.299999994,0.00611829726,2380.106121502701
SKW-15,SKW-15,2025-07-30 14:09:00,26.2,51.0,715.300000000399,2421.89999999941,216.800000006,278.6,0.00713801347,2380.0988601306362
SKW-15,SKW-15,2025-07-30 14:10:00,24.3,51.0,717.700000000649,2422.19999999962,216.699999998,279.600000008,0.00713801347,2380.0611642604763
SKW-15,SKW-15,2025-07-30 14:11:00,25.6,51.0,720.599999999802,2422.09999999955,216.800000006,279.5,0.00509858105,2380.088638264207
SKW-15,SKW-15,2025-07-30 14:12:00,26.6,51.0,722.79999999991,2418.70000000005,216.800000006,278.299999994,0.00917744589,2380.103967011896
SKW-15,SKW-15,2025-07-30 14:13:00,26.7,51.0,721.000000000085,2418.90000000019,216.699999998,278.799999998,0.00713801347,2380.105731019102
SKW-15,SKW-15,2025-07-30 14:14:00,26.3,51.0,719.300000000332,2419.89999999945,216.699999998,278.799999998,0.00713801347,2380.1000954432984
SKW-15,SKW-15,2025-07-30 14:15:00,24.6,51.0,718.299999999623,2422.39999999977,216.699999998,278.999999996,0.00713801347,2380.0681632338187
SKW-15,SKW-15,2025-07-30 14:16:00,23.6,51.0,719.899999999306,2424.09999999952,216.699999998,278.099999996,0.00713801347,2380.0396147128163
SKW-15,SKW-15,2025-07-30 14:17:00,24.3,51.0,722.699999999839,2423.3000000004,216.800000006,276.900000008,0.00713801347,2380.058893672025
SKW-15,SKW-15,2025-07-30 14:18:00,26.3,51.0,724.09999999938,2422.59999999991,216.800000006,276.099999998,0.00917744589,2380.098749462528
SKW-15,SKW-15,2025-07-30 14:19:00,26.9,51.0,723.900000000689,2418.80000000012,216.899999996,276.499999994,0.00815772968,2380.1075144420397
SKW-15,SKW-15,2025-07-30 14:20:00,26.9,51.0,721.800000000652,2418.29999999976,216.800000006,277.300000004,0.00713801347,2380.107948649678
SKW-15,SKW-15,2025-07-30 14:21:00,26.7,51.0,718.099999999482,2418.70000000005,216.800000006,278.499999992,0.00713801347,2380.105872590174
SKW-15,SKW-15,2025-07-30 14:22:00,25.9,51.0,716.199999999586,2420.90000000015,216.699999998,277.899999998,0.00611829726,2380.0937894046388
SKW-15,SKW-15,2025-07-30 14:23:00,23.3,51.0,716.59999999987,2421.99999999948,216.699999998,278.299999994,0.00611829726,2380.0302045299754
SKW-15,SKW-15,2025-07-30 14:24:00,23.1,51.0,719.300000000332,2422.80000000005,216.800000006,277.7,0.00815772968,2380.0214248537827
SKW-15,SKW-15,2025-07-30 14:25:00,23.9,51.0,723.000000000051,2421.60000000065,216.800000006,276.900000008,0.00815772968,2380.047554194262
SKW-15,SKW-15,2025-07-30 14:26:00,25.2,51.0,724.299999999521,2419.6999999993,216.899999996,274.899999992,0.00917744589,2380.061587676368
SKW-15,SKW-15,2025-07-30 14:27:00,26.5,51.0,723.800000000618,2415.50000000068,217.000000004,275.199999998,0.00713801347,2380.101497999121
SKW-15,SKW-15,2025-07-30 14:28:00,26.7,51.0,723.300000000264,2413.59999999934,216.899999996,276.000000008,0.00713801347,2380.1046931848855
SKW-15,SKW-15,2025-07-30 14:29:00,26.6,51.0,720.299999999589,2413.69999999941,216.899999996,276.8,0.00917744589,2380.1037397897894
SKW-15,SKW-15,2025-07-30 14:30:00,25.9,51.0,718.499999999765,2414.09999999969,216.899999996,277.399999994,0.00815772968,2380.093269568896
SKW-15,SKW-15,2025-07-30 14:31:00,23.4,51.0,719.000000000119,2414.49999999997,216.899999996,277.800000008,0.00713801347,2380.0326708935077
SKW-15,SKW-15,2025-07-30 14:32:00,23.4,51.0,719.800000000686,2414.49999999997,216.899999996,277.199999996,0.00815772968,2380.0320396665065
SKW-15,SKW-15,2025-07-30 14:33:00,24.0,51.0,722.399999999626,2413.59999999934,216.899999996,275.500000004,0.00917744589,2380.0497183869393
SKW-15,SKW-15,2025-07-30 14:34:00,25.3,51.0,724.399999999592,2412.29999999987,216.899999996,275.300000006,0.00713801347,2380.0808452360975
SKW-15,SKW-15,2025-07-30 14:35:00,26.4,51.0,724.399999999592,2408.90000000036,217.000000004,275.199999998,0.00815772968,2380.099925918092
SKW-15,SKW-15,2025-07-30 14:36:00,24.1,51.0,723.500000000405,2408.70000000022,217.000000004,276.8,0.00815772968,2380.053091313238
SKW-15,SKW-15,2025-07-30 14:37:00,22.6,51.0,723.100000000122,2409.00000000043,217.000000004,276.400000004,0.00611829726,2379.9971827471186
SKW-15,SKW-15,2025-07-30 14:38:00,25.7,51.0,723.500000000405,2408.50000000008,217.099999994,274.499999996,0.00611829726,2380.0392324094264
SKW-15,SKW-15,2025-07-30 14:39:00,26.7,51.0,723.500000000405,2407.00000000046,217.099999994,273.700000004,0.00917744589,2379.993961671064
SKW-15,SKW-15,2025-07-30 14:40:00,26.8,51.0,722.89999999998,2404.19999999993,217.099999994,275.700000002,0.00815772968,2380.105961901295
SKW-15,SKW-15,2025-07-30 14:41:00,26.9,51.0,718.799999999977,2405.79999999961,217.000000004,276.699999992,0.00815772968,2380.1079708313728
SKW-15,SKW-15,2025-07-30 14:42:00,26.7,51.0,716.299999999657,2407.3999999993,217.000000004,276.8,0.00713801347,2380.105503891393
SKW-15,SKW-15,2025-07-30 14:43:00,26.7,51.0,713.200000000362,2411.30000000061,216.899999996,277.800000008,0.00611829726,2380.1060944457163
SKW-15,SKW-15,2025-07-30 14:44:00,26.3,51.0,713.500000000575,2415.79999999944,216.800000006,278.299999994,0.00815772968,2380.1004538731945
SKW-15,SKW-15,2025-07-30 14:45:00,24.0,51.0,716.399999999728,2420.80000000008,216.800000006,278.299999994,0.00917744589,2380.052475819447
SKW-15,SKW-15,2025-07-30 14:46:00,23.8,51.0,720.299999999589,2425.40000000044,216.800000006,278.200000004,0.00815772968,2380.045819030511
SKW-15,SKW-15,2025-07-30 14:47:00,25.2,51.0,721.999999999343,2427.30000000034,216.899999996,276.8,0.00713801347,2380.079731994342
SKW-15,SKW-15,2025-07-30 14:48:00,26.6,51.0,723.800000000618,2428.49999999974,216.899999996,276.999999998,0.00815772968,2380.1034917283637
SKW-15,SKW-15,2025-07-30 14:49:00,26.8,51.0,721.999999999343,2428.69999999988,216.899999996,277.7,0.00713801347,2380.1066571568667
SKW-15,SKW-15,2025-07-30 14:50:00,26.8,51.0,718.399999999694,2431.2000000002,216.800000006,277.599999992,0.00815772968,2380.1069594693986
SKW-15,SKW-15,2025-07-30 14:51:00,26.7,51.0,716.900000000082,2431.80000000062,216.800000006,277.800000008,0.00815772968,2380.105773745049
SKW-15,SKW-15,2025-07-30 14:52:00,26.6,51.0,716.299999999657,2433.30000000023,216.699999998,278.799999998,0.00917744589,2380.10472418004
SKW-15,SKW-15,2025-07-30 14:53:00,25.6,51.0,717.100000000224,2433.80000000059,216.699999998,279.800000006,0.00713801347,2380.0891472969697
SKW-15,SKW-15,2025-07-30 14:54:00,23.9,51.0,719.300000000332,2434.39999999956,216.699999998,279.199999994,0.00815772968,2380.049663525285
SKW-15,SKW-15,2025-07-30 14:55:00,23.9,51.0,721.700000000581,2433.70000000052,216.800000006,278.499999992,0.00611829726,2380.048799336595
SKW-15,SKW-15,2025-07-30 14:56:00,25.9,51.0,723.999999999309,2430.4999999997,216.800000006,276.8,0.00713801347,2380.0925356560733
SKW-15,SKW-15,2025-07-30 14:57:00,26.6,51.0,723.700000000547,2426.79999999998,216.800000006,276.8,0.00611829726,2380.1035062677893
SKW-15,SKW-15,2025-07-30 14:58:00,26.6,51.0,721.300000000298,2423.10000000026,216.800000006,277.7,0.00815772968,2380.1039490208814
SKW-15,SKW-15,2025-07-30 14:59:00,26.6,51.0,718.099999999482,2421.89999999941,216.800000006,278.200000004,0.00611829726,2380.104406178186
SKW-15,SKW-15,2025-07-30 15:00:00,26.4,51.0,717.400000000436,2421.30000000044,216.699999998,278.299999994,0.00713801347,2380.1016253152075
SKW-15,SKW-15,2025-07-30 15:01:00,24.2,51.0,718.499999999765,2420.59999999994,216.699999998,278.499999992,0.00815772968,2380.057818047546
SKW-15,SKW-15,2025-07-30 15:02:00,23.4,51.0,719.600000000544,2420.09999999959,216.699999998,278.400000002,0.00713801347,2380.033112612369
SKW-15,SKW-15,2025-07-30 15:03:00,23.9,51.0,721.800000000652,2418.39999999983,216.800000006,277.599999992,0.00713801347,2380.0482245044627
SKW-15,SKW-15,2025-07-30 15:04:00,25.6,51.0,723.999999999309,2416.39999999987,216.800000006,276.900000008,0.00713801347,2380.087282170176
SKW-15,SKW-15,2025-07-30 15:05:00,25.8,51.0,723.600000000476,2414.19999999976,216.800000006,275.500000004,0.00713801347,2380.09041483118
SKW-15,SKW-15,2025-07-30 15:06:00,23.0,51.0,722.89999999998,2414.70000000011,216.800000006,276.299999996,0.0101971621,2380.0152556748762
SKW-15,SKW-15,2025-07-30 15:07:00,23.4,51.0,722.499999999697,2415.20000000047,216.899999996,276.499999994,0.00815772968,2380.0309388002715
SKW-15,SKW-15,2025-07-30 15:08:00,26.6,51.0,723.000000000051,2413.10000000043,216.899999996,274.699999994,0.00917744589,2380.0738044972636
SKW-15,SKW-15,2025-07-30 15:09:00,26.7,51.0,721.900000000722,2411.69999999944,216.899999996,275.199999998,0.00611829726,2380.1046109804756
SKW-15,SKW-15,2025-07-30 15:10:00,26.8,51.0,718.499999999765,2413.40000000064,216.800000006,276.200000006,0.00713801347,2380.106589484101
SKW-15,SKW-15,2025-07-30 15:11:00,26.7,51.0,716.59999999987,2415.1000000004,216.800000006,276.900000008,0.00815772968,2380.105554700558
SKW-15,SKW-15,2025-07-30 15:12:00,26.6,51.0,715.000000000187,2417.79999999941,216.699999998,278.000000006,0.00611829726,2380.1046613948542
SKW-15,SKW-15,2025-07-30 15:13:00,25.8,51.0,715.999999999445,2419.2000000004,216.699999998,278.299999994,0.00713801347,2380.0922412042282
SKW-15,SKW-15,2025-07-30 15:14:00,23.1,51.0,718.799999999977,2419.2000000004,216.699999998,278.6,0.00917744589,2380.022293035167
SKW-15,SKW-15,2025-07-30 15:15:00,23.4,51.0,721.900000000722,2418.19999999969,216.800000006,276.8,0.00917744589,2380.0313320702107
SKW-15,SKW-15,2025-07-30 15:16:00,23.8,51.0,723.400000000334,2417.69999999934,216.800000006,276.400000004,0.00815772968,2380.0441163580313
SKW-15,SKW-15,2025-07-30 15:17:00,26.1,51.0,723.600000000476,2416.19999999973,216.899999996,275.100000008,0.00713801347,2380.0953090230214
SKW-15,SKW-15,2025-07-30 15:18:00,26.7,51.0,722.399999999626,2412.90000000029,216.899999996,275.199999998,0.00815772968,2380.1045377516325
SKW-15,SKW-15,2025-07-30 15:19:00,26.7,51.0,719.999999999377,2415.5999999993,216.899999996,276.699999992,0.00917744589,2380.105152596657
SKW-15,SKW-15,2025-07-30 15:20:00,26.7,51.0,719.400000000402,2417.00000000029,216.899999996,277.500000002,0.00611829726,2380.1054673136045
SKW-15,SKW-15,2025-07-30 15:21:00,25.3,51.0,719.300000000332,2420.3999999998,216.800000006,278.000000006,0.00917744589,2380.0825433057335
SKW-15,SKW-15,2025-07-30 15:22:00,23.2,51.0,719.899999999306,2424.29999999966,216.800000006,277.899999998,0.00713801347,2380.0253241608734
SKW-15,SKW-15,2025-07-30 15:23:00,23.7,51.0,721.700000000581,2427.30000000034,216.800000006,276.200000006,0.00815772968,2380.041167253354
SKW-15,SKW-15,2025-07-30 15:24:00,25.8,51.0,723.600000000476,2429.40000000037,216.899999996,276.000000008,0.00815772968,2380.0905290786422
SKW-15,SKW-15,2025-07-30 15:25:00,25.9,51.0,723.300000000264,2428.79999999995,216.899999996,276.600000002,0.0101971621,2380.0924540930496
SKW-15,SKW-15,2025-07-30 15:26:00,23.7,51.0,722.399999999626,2432.3999999996,216.899999996,277.100000006,0.0101971621,2380.041454640404
SKW-15,SKW-15,2025-07-30 15:27:00,24.5,51.0,722.099999999414,2433.90000000066,216.899999996,276.099999998,0.00713801347,2380.063657621652
SKW-15,SKW-15,2025-07-30 15:28:00,26.2,51.0,722.599999999768,2431.50000000041,217.000000004,275.399999996,0.00815772968,2380.0970605874127
SKW-15,SKW-15,2025-07-30 15:29:00,26.7,51.0,721.60000000051,2427.99999999938,217.000000004,275.599999994,0.0101971621,2380.104659674879
SKW-15,SKW-15,2025-07-30 15:30:00,26.9,51.0,720.099999999448,2427.30000000034,216.899999996,276.499999994,0.00713801347,2380.1078519884854
SKW-15,SKW-15,2025-07-30 15:31:00,26.6,51.0,716.900000000082,2427.20000000027,216.800000006,277.199999996,0.00713801347,2380.1042212599446
SKW-15,SKW-15,2025-07-30 15:32:00,26.7,51.0,715.899999999374,2427.30000000034,216.699999998,277.300000004,0.00713801347,2380.1057713525547
SKW-15,SKW-15,2025-07-30 15:33:00,25.2,51.0,716.900000000082,2427.30000000034,216.699999998,278.200000004,0.00713801347,2380.081032285863
SKW-15,SKW-15,2025-07-30 15:34:00,23.2,51.0,719.400000000402,2426.69999999991,216.699999998,278.499999992,0.00611829726,2380.0260139215598
SKW-15,SKW-15,2025-07-30 15:35:00,25.2,51.0,720.799999999943,2425.70000000065,216.800000006,276.499999994,0.00815772968,2380.079793374364
SKW-15,SKW-15,2025-07-30 15:36:00,26.6,51.0,722.89999999998,2421.20000000037,216.800000006,276.999999998,0.00815772968,2380.1036068121066
SKW-15,SKW-15,2025-07-30 15:37:00,26.8,51.0,721.200000000227,2417.50000000065,216.800000006,277.399999994,0.00713801347,2380.106677411264
SKW-15,SKW-15,2025-07-30 15:38:00,26.7,51.0,717.80000000072,2416.70000000008,216.699999998,277.399999994,0.00917744589,2380.105603339535
SKW-15,SKW-15,2025-07-30 15:39:00,26.6,51.0,716.800000000011,2416.70000000008,216.699999998,277.300000004,0.00713801347,2380.104290816008
SKW-15,SKW-15,2025-07-30 15:40:00,26.4,51.0,717.100000000224,2417.30000000051,216.699999998,278.900000006,0.00713801347,2380.1018277630233
SKW-15,SKW-15,2025-07-30 15:41:00,24.5,51.0,718.699999999907,2417.89999999948,216.699999998,279.300000002,0.00611829726,2380.0658756446915
SKW-15,SKW-15,2025-07-30 15:42:00,23.8,51.0,720.699999999873,2418.49999999991,216.699999998,278.499999992,0.00611829726,2380.046053494602
SKW-15,SKW-15,2025-07-30 15:43:00,25.5,51.0,722.499999999697,2418.09999999962,216.699999998,276.999999998,0.00815772968,2380.0856676776402
SKW-15,SKW-15,2025-07-30 15:44:00,26.2,51.0,723.100000000122,2416.49999999994,216.699999998,277.300000004,0.00815772968,2380.0977096347583
SKW-15,SKW-15,2025-07-30 15:45:00,23.5,51.0,721.999999999343,2417.10000000036,216.699999998,277.199999996,0.00713801347,2380.03522852154
SKW-15,SKW-15,2025-07-30 15:46:00,22.9,51.0,721.800000000652,2416.2999999998,216.800000006,276.699999992,0.00611829726,2380.0118214242652
SKW-15,SKW-15,2025-07-30 15:47:00,25.8,51.0,722.699999999839,2412.19999999979,216.800000006,275.500000004,0.00815772968,2380.0904973623838
SKW-15,SKW-15,2025-07-30 15:48:00,26.7,51.0,721.800000000652,2408.80000000029,216.899999996,276.000000008,0.00815772968,2380.1048132183455
SKW-15,SKW-15,2025-07-30 15:49:00,26.6,51.0,720.900000000014,2409.00000000043,216.800000006,276.099999998,0.00917744589,2380.103520815274
SKW-15,SKW-15,2025-07-30 15:50:00,26.6,51.0,719.10000000019,2407.99999999972,216.800000006,276.699999992,0.00713801347,2380.1038822578976
SKW-15,SKW-15,2025-07-30 15:51:00,26.4,51.0,717.500000000507,2409.30000000064,216.699999998,278.400000002,0.00713801347,2380.101645004461
SKW-15,SKW-15,2025-07-30 15:52:00,24.3,51.0,717.999999999411,2410.70000000018,216.699999998,278.400000002,0.00815772968,2380.0604801900267
SKW-15,SKW-15,2025-07-30 15:53:00,22.7,51.0,719.000000000119,2411.59999999937,216.699999998,278.400000002,0.00611829726,2380.0053331184263
SKW-15,SKW-15,2025-07-30 15:54:00,23.2,51.0,721.100000000156,2412.19999999979,216.699999998,276.999999998,0.01121687831,2380.0242951343967
SKW-15,SKW-15,2025-07-30 15:55:00,24.1,51.0,723.300000000264,2412.50000000001,216.800000006,275.500000004,0.00917744589,2380.052504963972
SKW-15,SKW-15,2025-07-30 15:56:00,25.6,51.0,722.79999999991,2410.60000000011,216.899999996,274.800000002,0.00713801347,2380.0621330635568
SKW-15,SKW-15,2025-07-30 15:57:00,23.4,51.0,722.599999999768,2412.09999999972,216.899999996,275.9,0.00713801347,2380.030528788257
SKW-15,SKW-15,2025-07-30 15:58:00,23.1,51.0,722.699999999839,2412.39999999994,216.899999996,275.100000008,0.0101971621,2380.0183502961204
SKW-15,SKW-15,2025-07-30 15:59:00,26.2,51.0,723.200000000193,2412.29999999987,217.000000004,273.999999992,0.00917744589,2379.9797483856137
SKW-15,SKW-15,2025-07-30 16:00:00,26.7,51.0,721.900000000722,2407.99999999972,217.099999994,275.100000008,0.00917744589,2380.1044756538827
SKW-15,SKW-15,2025-07-30 16:01:00,26.8,51.0,719.10000000019,2409.1000000005,216.899999996,276.099999998,0.0101971621,2380.106437716459
SKW-15,SKW-15,2025-07-30 16:02:00,26.7,51.0,714.900000000116,2412.60000000008,216.800000006,277.300000004,0.00917744589,2380.1057996612894
SKW-15,SKW-15,2025-07-30 16:03:00,26.7,51.0,713.899999999408,2414.70000000011,216.800000006,277.500000002,0.00917744589,2380.105941880618
SKW-15,SKW-15,2025-07-30 16:04:00,26.4,51.0,714.699999999974,2419.00000000026,216.699999998,277.399999994,0.00815772968,2380.10160244579
SKW-15,SKW-15,2025-07-30 16:05:00,25.8,51.0,717.100000000224,2423.79999999931,216.699999998,279.100000004,0.00917744589,2380.092355937211
SKW-15,SKW-15,2025-07-30 16:06:00,24.1,51.0,719.800000000686,2428.09999999945,216.699999998,278.200000004,0.00713801347,2380.054740051157
SKW-15,SKW-15,2025-07-30 16:07:00,25.8,51.0,721.100000000156,2429.20000000023,216.699999998,278.099999996,0.00917744589,2380.0915838574974
SKW-15,SKW-15,2025-07-30 16:08:00,26.4,51.0,722.499999999697,2428.59999999981,216.800000006,278.000000006,0.00917744589,2380.1009916345915
SKW-15,SKW-15,2025-07-30 16:09:00,26.7,51.0,721.60000000051,2426.90000000005,216.800000006,277.300000004,0.00815772968,2380.1052215963964
SKW-15,SKW-15,2025-07-30 16:10:00,26.7,51.0,718.699999999907,2427.80000000069,216.699999998,278.000000006,0.00917744589,2380.1056876937346
SKW-15,SKW-15,2025-07-30 16:11:00,26.6,51.0,717.100000000224,2429.10000000016,216.699999998,278.299999994,0.00815772968,2380.1045279556956
SKW-15,SKW-15,2025-07-30 16:12:00,26.3,51.0,716.900000000082,2429.60000000051,216.699999998,278.799999998,0.00917744589,2380.100295779001
SKW-15,SKW-15,2025-07-30 16:13:00,24.3,51.0,718.399999999694,2429.70000000059,216.600000008,278.999999996,0.00611829726,2380.0608309783875
SKW-15,SKW-15,2025-07-30 16:14:00,23.4,51.0,720.099999999448,2428.90000000002,216.600000008,278.200000004,0.00917744589,2380.0328734959394
SKW-15,SKW-15,2025-07-30 16:15:00,23.5,51.0,721.900000000722,2427.00000000012,216.699999998,278.200000004,0.00713801347,2380.035921605541
SKW-15,SKW-15,2025-07-30 16:16:00,25.4,51.0,722.89999999998,2424.69999999995,216.699999998,276.999999998,0.00815772968,2380.083721307414
SKW-15,SKW-15,2025-07-30 16:17:00,26.5,51.0,722.599999999768,2421.99999999948,216.699999998,276.400000004,0.00815772968,2380.1020458994385
SKW-15,SKW-15,2025-07-30 16:18:00,26.5,51.0,720.699999999873,2419.89999999945,216.699999998,277.300000004,0.00815772968,2380.1024819701715
SKW-15,SKW-15,2025-07-30 16:19:00,26.2,51.0,718.399999999694,2420.49999999987,216.699999998,277.500000002,0.00815772968,2380.098238817963
SKW-15,SKW-15,2025-07-30 16:20:00,24.5,51.0,718.499999999765,2421.60000000065,216.699999998,277.899999998,0.0101971621,2380.065137233952
SKW-15,SKW-15,2025-07-30 16:21:00,23.1,51.0,719.899999999306,2422.09999999955,216.699999998,277.7,0.00917744589,2380.0213257975315
SKW-15,SKW-15,2025-07-30 16:22:00,23.4,51.0,720.799999999943,2421.50000000058,216.699999998,277.300000004,0.00815772968,2380.0320471594523
SKW-15,SKW-15,2025-07-30 16:23:00,23.6,51.0,722.599999999768,2419.79999999938,216.800000006,275.700000002,0.00815772968,2380.037374073224
SKW-15,SKW-15,2025-07-30 16:24:00,25.9,51.0,723.000000000051,2417.20000000044,216.800000006,274.499999996,0.00713801347,2380.044184910565
SKW-15,SKW-15,2025-07-30 16:25:00,26.6,51.0,722.299999999555,2411.4999999993,216.899999996,275.599999994,0.00815772968,2380.1032326585364
SKW-15,SKW-15,2025-07-30 16:26:00,26.6,51.0,721.000000000085,2410.09999999976,216.899999996,276.600000002,0.00917744589,2380.103619760534
SKW-15,SKW-15,2025-07-30 16:27:00,26.7,51.0,716.900000000082,2409.40000000071,216.800000006,277.300000004,0.00713801347,2380.1056513979233
SKW-15,SKW-15,2025-07-30 16:28:00,26.4,51.0,715.700000000683,2410.60000000011,216.699999998,277.100000006,0.00611829726,2380.101450645313
SKW-15,SKW-15,2025-07-30 16:29:00,25.5,51.0,717.300000000365,2412.19999999979,216.699999998,278.200000004,0.00815772968,2380.0867212720354
SKW-15,SKW-15,2025-07-30 16:30:00,24.8,51.0,719.500000000473,2414.29999999983,216.699999998,277.500000002,0.00713801347,2380.0719143605784
SKW-15,SKW-15,2025-07-30 16:31:00,25.1,51.0,720.499999999731,2414.80000000019,216.699999998,277.199999996,0.00815772968,2380.0781101155058
SKW-15,SKW-15,2025-07-30 16:32:00,26.3,51.0,721.800000000652,2416.19999999973,216.699999998,277.500000002,0.00713801347,2380.0994642586647
SKW-15,SKW-15,2025-07-30 16:33:00,27.0,51.0,721.800000000652,2413.50000000072,216.699999998,276.400000004,0.00713801347,2380.109067688593
SKW-15,SKW-15,2025-07-30 16:34:00,26.9,51.0,718.299999999623,2415.89999999951,216.600000008,276.699999992,0.00815772968,2380.10813591762
SKW-15,SKW-15,2025-07-30 16:35:00,26.8,51.0,716.299999999657,2417.79999999941,216.600000008,278.299999994,0.00611829726,2380.1074156935447
SKW-15,SKW-15,2025-07-30 16:36:00,26.3,51.0,716.399999999728,2418.70000000005,216.600000008,278.400000002,0.00713801347,2380.100290057401
SKW-15,SKW-15,2025-07-30 16:37:00,24.1,51.0,718.199999999552,2419.00000000026,216.600000008,278.999999996,0.00611829726,2380.0555454718124
SKW-15,SKW-15,2025-07-30 16:38:00,23.8,51.0,720.39999999966,2418.39999999983,216.600000008,278.099999996,0.00611829726,2380.045941662364
SKW-15,SKW-15,2025-07-30 16:39:00,23.6,51.0,722.299999999555,2417.50000000065,216.699999998,276.8,0.00611829726,2380.0383026940913
SKW-15,SKW-15,2025-07-30 16:40:00,24.8,51.0,722.599999999768,2417.00000000029,216.699999998,276.299999996,0.00611829726,2380.0709565040993
SKW-15,SKW-15,2025-07-30 16:41:00,26.7,51.0,722.399999999626,2414.90000000026,216.800000006,276.000000008,0.00713801347,2380.104806074521
SKW-15,SKW-15,2025-07-30 16:42:00,26.9,51.0,721.200000000227,2411.59999999937,216.800000006,276.000000008,0.00713801347,2380.1076573271876
SKW-15,SKW-15,2025-07-30 16:43:00,26.9,51.0,717.600000000578,2412.39999999994,216.699999998,277.100000006,0.00815772968,2380.108269157882
SKW-15,SKW-15,2025-07-30 16:44:00,26.7,51.0,716.199999999586,2414.80000000019,216.699999998,277.100000006,0.00713801347,2380.105690443951
SKW-15,SKW-15,2025-07-30 16:45:00,26.3,51.0,716.399999999728,2416.09999999966,216.699999998,277.800000008,0.00611829726,2380.100091940501
SKW-15,SKW-15,2025-07-30 16:46:00,24.0,51.0,718.299999999623,2417.99999999955,216.699999998,278.400000002,0.00815772968,2380.052282193035
SKW-15,SKW-15,2025-07-30 16:47:00,24.3,51.0,720.199999999519,2418.90000000019,216.699999998,277.7,0.00611829726,2380.0598107114984
SKW-15,SKW-15,2025-07-30 16:48:00,26.2,51.0,721.800000000652,2418.29999999976,216.699999998,276.600000002,0.00611829726,2380.0976546816296
SKW-15,SKW-15,2025-07-30 16:49:00,25.9,51.0,721.400000000368,2418.49999999991,216.699999998,276.499999994,0.00611829726,2380.0927717998356
SKW-15,SKW-15,2025-07-30 16:50:00,23.3,51.0,720.799999999943,2419.6999999993,216.699999998,277.399999994,0.00713801347,2380.0285538101666
SKW-15,SKW-15,2025-07-30 16:51:00,22.4,51.0,720.699999999873,2421.79999999934,216.699999998,276.600000002,0.00713801347,2379.9882796094453
SKW-15,SKW-15,2025-07-30 16:52:00,21.3,51.0,721.900000000722,2423.40000000047,216.800000006,275.599999994,0.00815772968,2379.8174473021572
SKW-15,SKW-15,2025-07-30 16:53:00,25.1,51.0,722.499999999697,2424.29999999966,216.899999996,273.300000008,0.00713801347,2379.942541327287
SKW-15,SKW-15,2025-07-30 16:54:00,26.9,51.0,722.099999999414,2424.09999999952,216.899999996,273.300000008,0.00713801347,2379.9997814422613
SKW-15,SKW-15,2025-07-30 16:55:00,27.0,51.0,721.300000000298,2422.39999999977,217.000000004,273.999999992,0.00815772968,2380.001995779652
SKW-15,SKW-15,2025-07-30 16:56:00,27.0,51.0,718.299999999623,2424.69999999995,216.899999996,275.700000002,0.00611829726,2380.1091316711277
SKW-15,SKW-15,2025-07-30 16:57:00,26.8,51.0,716.699999999941,2425.80000000072,216.899999996,276.999999998,0.00713801347,2380.106928350127
SKW-15,SKW-15,2025-07-30 16:58:00,24.1,51.0,717.200000000295,2426.69999999991,216.800000006,278.000000006,0.00611829726,2380.055052421261
SKW-15,SKW-15,2025-07-30 16:59:00,23.6,51.0,717.999999999411,2427.10000000019,216.800000006,278.000000006,0.00815772968,2380.0398370982025
SKW-15,SKW-15,2025-07-30 17:00:00,23.4,51.0,720.499999999731,2426.49999999977,216.899999996,276.400000004,0.00815772968,2380.031322644592
SKW-15,SKW-15,2025-07-30 17:01:00,24.0,51.0,722.499999999697,2424.69999999995,216.899999996,275.700000002,0.00815772968,2380.049844479867
SKW-15,SKW-15,2025-07-30 17:02:00,23.9,51.0,722.699999999839,2422.49999999984,217.000000004,274.400000006,0.00815772968,2379.964874236226
SKW-15,SKW-15,2025-07-30 17:03:00,23.0,51.0,722.79999999991,2420.3999999998,217.000000004,275.399999996,0.00713801347,2380.0144752654314
SKW-15,SKW-15,2025-07-30 17:04:00,22.6,51.0,722.79999999991,2419.2000000004,217.000000004,274.299999998,0.00815772968,2379.864175124028
SKW-15,SKW-15,2025-07-30 17:05:00,26.4,51.0,722.299999999555,2416.09999999966,217.099999994,273.300000008,0.00917744589,2379.9861074141513
SKW-15,SKW-15,2025-07-30 17:06:00,26.9,51.0,721.100000000156,2409.89999999962,217.200000002,274.499999996,0.00713801347,2380.0647444472415
SKW-15,SKW-15,2025-07-30 17:07:00,26.9,51.0,718.099999999482,2407.89999999965,217.099999994,275.0,0.00815772968,2380.10091122675
SKW-15,SKW-15,2025-07-30 17:08:00,26.9,51.0,715.999999999445,2407.79999999958,217.099999994,275.9,0.00713801347,2380.1079810663505
SKW-15,SKW-15,2025-07-30 17:09:00,26.8,51.0,713.300000000433,2408.80000000029,216.899999996,276.900000008,0.00713801347,2380.1071946208385
SKW-15,SKW-15,2025-07-30 17:10:00,26.8,51.0,714.399999999762,2410.39999999997,216.899999996,277.7,0.00713801347,2380.107312764954
SKW-15,SKW-15,2025-07-30 17:11:00,26.4,51.0,717.000000000153,2412.19999999979,216.800000006,278.700000008,0.00611829726,2380.101759996446
SKW-15,SKW-15,2025-07-30 17:12:00,24.9,51.0,719.200000000261,2414.09999999969,216.800000006,279.199999994,0.00713801347,2380.074851650097
SKW-15,SKW-15,2025-07-30 17:13:00,26.4,51.0,721.000000000085,2414.09999999969,216.800000006,278.700000008,0.0101971621,2380.1013238812307
SKW-15,SKW-15,2025-07-30 17:14:00,27.0,51.0,721.100000000156,2411.89999999958,216.800000006,278.200000004,0.00815772968,2380.1095449996733
SKW-15,SKW-15,2025-07-30 17:15:00,26.9,51.0,717.89999999934,2410.70000000018,216.800000006,278.6,0.00713801347,2380.108617627708
SKW-15,SKW-15,2025-07-30 17:16:00,26.8,51.0,714.900000000116,2409.99999999969,216.699999998,278.700000008,0.00815772968,2380.1075833138984
SKW-15,SKW-15,2025-07-30 17:17:00,26.8,51.0,715.100000000258,2410.50000000004,216.600000008,279.300000002,0.00917744589,2380.1077420295474
SKW-15,SKW-15,2025-07-30 17:18:00,26.7,51.0,716.099999999516,2410.90000000032,216.600000008,278.900000006,0.00611829726,2380.106233438949
SKW-15,SKW-15,2025-07-30 17:19:00,25.7,51.0,718.199999999552,2412.09999999972,216.600000008,279.199999994,0.00815772968,2380.090602637173
SKW-15,SKW-15,2025-07-30 17:20:00,23.8,51.0,719.999999999377,2413.69999999941,216.600000008,280.000000004,0.00509858105,2380.0471840996397
SKW-15,SKW-15,2025-07-30 17:21:00,24.1,51.0,721.300000000298,2414.90000000026,216.600000008,278.400000002,0.00917744589,2380.0545928294796
SKW-15,SKW-15,2025-07-30 17:22:00,26.2,51.0,721.900000000722,2414.80000000019,216.699999998,277.800000008,0.00815772968,2380.0979834964505
SKW-15,SKW-15,2025-07-30 17:23:00,26.8,51.0,721.300000000298,2413.69999999941,216.699999998,277.399999994,0.00611829726,2380.1067138204576
SKW-15,SKW-15,2025-07-30 17:24:00,26.7,51.0,719.000000000119,2415.40000000061,216.699999998,277.199999996,0.00815772968,2380.105456633073
SKW-15,SKW-15,2025-07-30 17:25:00,26.7,51.0,716.699999999941,2419.79999999938,216.699999998,278.299999994,0.00713801347,2380.1059729192157
SKW-15,SKW-15,2025-07-30 17:26:00,26.6,51.0,716.800000000011,2424.69999999995,216.600000008,278.400000002,0.00917744589,2380.104600923967
SKW-15,SKW-15,2025-07-30 17:27:00,25.7,51.0,717.700000000649,2429.99999999935,216.600000008,278.799999998,0.00713801347,2380.0905382564215
SKW-15,SKW-15,2025-07-30 17:28:00,23.9,51.0,718.699999999907,2431.90000000069,216.600000008,278.499999992,0.00611829726,2380.0494977803096
SKW-15,SKW-15,2025-07-30 17:29:00,23.7,51.0,720.099999999448,2433.90000000066,216.600000008,278.099999996,0.00917744589,2380.042798923736
SKW-15,SKW-15,2025-07-30 17:30:00,24.0,51.0,721.700000000581,2433.60000000045,216.699999998,276.900000008,0.00815772968,2380.050813911504
SKW-15,SKW-15,2025-07-30 17:31:00,26.3,51.0,721.800000000652,2429.50000000044,216.699999998,275.799999992,0.00815772968,2380.098935183442
SKW-15,SKW-15,2025-07-30 17:32:00,26.7,51.0,721.000000000085,2426.19999999956,216.800000006,275.9,0.00815772968,2380.104889354395
SKW-15,SKW-15,2025-07-30 17:33:00,26.7,51.0,718.799999999977,2423.60000000062,216.699999998,276.499999994,0.00917744589,2380.105268469868
SKW-15,SKW-15,2025-07-30 17:34:00,26.6,51.0,717.500000000507,2421.50000000058,216.699999998,277.399999994,0.00713801347,2380.104255609547
SKW-15,SKW-15,2025-07-30 17:35:00,24.7,51.0,717.80000000072,2420.80000000008,216.699999998,277.800000008,0.00815772968,2380.069994917485
SKW-15,SKW-15,2025-07-30 17:36:00,23.5,51.0,719.000000000119,2419.6999999993,216.699999998,277.800000008,0.00815772968,2380.036246211748
SKW-15,SKW-15,2025-07-30 17:37:00,23.4,51.0,719.800000000686,2418.70000000005,216.699999998,276.499999994,0.00713801347,2380.031750342293
SKW-15,SKW-15,2025-07-30 17:38:00,24.0,51.0,721.300000000298,2416.70000000008,216.800000006,275.300000006,0.00713801347,2380.04993418852
SKW-15,SKW-15,2025-07-30 17:39:00,25.5,51.0,721.900000000722,2415.20000000047,216.800000006,275.0,0.00611829726,2380.0771241707794
SKW-15,SKW-15,2025-07-30 17:40:00,26.7,51.0,721.400000000368,2412.09999999972,216.899999996,274.200000008,0.00611829726,2380.019694518119
SKW-15,SKW-15,2025-07-30 17:41:00,26.8,51.0,719.700000000615,2409.99999999969,216.800000006,275.9,0.00611829726,2380.106418179311
SKW-15,SKW-15,2025-07-30 17:42:00,26.8,51.0,717.000000000153,2411.59999999937,216.800000006,276.499999994,0.00611829726,2380.1068136460476
SKW-15,SKW-15,2025-07-30 17:43:00,26.8,51.0,716.800000000011,2411.99999999965,216.800000006,276.400000004,0.00713801347,2380.1067904931706
SKW-15,SKW-15,2025-07-30 17:44:00,25.8,51.0,717.000000000153,2414.70000000011,216.800000006,276.8,0.00713801347,2380.091587302714
SKW-15,SKW-15,2025-07-30 17:45:00,24.1,51.0,718.199999999552,2416.70000000008,216.800000006,278.099999996,0.00713801347,2380.0549034005116
SKW-15,SKW-15,2025-07-30 17:46:00,23.6,51.0,718.799999999977,2417.30000000051,216.800000006,277.300000004,0.00611829726,2380.039285645952
SKW-15,SKW-15,2025-07-30 17:47:00,24.5,51.0,720.39999999966,2417.69999999934,216.800000006,276.499999994,0.00815772968,2380.064154062323
SKW-15,SKW-15,2025-07-30 17:48:00,26.4,51.0,721.500000000439,2417.40000000058,216.800000006,275.9,0.00917744589,2380.10046737353
SKW-15,SKW-15,2025-07-30 17:49:00,24.0,51.0,720.499999999731,2418.19999999969,216.800000006,276.699999992,0.00713801347,2380.050883346662
SKW-15,SKW-15,2025-07-30 17:50:00,23.5,51.0,720.099999999448,2420.59999999994,216.899999996,275.9,0.00713801347,2380.034606685127
SKW-15,SKW-15,2025-07-30 17:51:00,23.5,51.0,720.599999999802,2421.20000000037,216.899999996,275.100000008,0.00815772968,2380.0339175165986
SKW-15,SKW-15,2025-07-30 17:52:00,25.1,51.0,721.300000000298,2421.30000000044,217.000000004,274.1,0.00713801347,2379.9551847640237
SKW-15,SKW-15,2025-07-30 17:53:00,26.5,51.0,720.699999999873,2422.90000000012,217.000000004,321.099999998,0.00611829726,2380.1138576421904
SKW-15,SKW-15,2025-07-30 17:54:00,26.8,51.0,720.099999999448,2419.50000000061,217.000000004,274.800000002,0.00713801347,2380.0848442109746
SKW-15,SKW-15,2025-07-30 17:55:00,26.9,51.0,715.999999999445,2419.79999999938,216.899999996,276.200000006,0.00713801347,2380.1081211114347
SKW-15,SKW-15,2025-07-30 17:56:00,26.8,51.0,714.299999999691,2419.6999999993,216.800000006,277.100000006,0.00611829726,2380.107206566575
SKW-15,SKW-15,2025-07-30 17:57:00,26.6,51.0,714.599999999904,2419.6999999993,216.800000006,278.000000006,0.00713801347,2380.104650637762
SKW-15,SKW-15,2025-07-30 17:58:00,25.2,51.0,716.399999999728,2419.30000000047,216.699999998,277.7,0.00713801347,2380.0808992553766
SKW-15,SKW-15,2025-07-30 17:59:00,24.1,51.0,718.699999999907,2418.70000000005,216.800000006,278.499999992,0.00815772968,2380.055005211862
SKW-15,SKW-15,2025-07-30 18:00:00,26.2,51.0,719.800000000686,2417.89999999948,216.800000006,278.000000006,0.00713801347,2380.0982332158487
SKW-15,SKW-15,2025-07-30 18:01:00,26.8,51.0,720.799999999943,2413.30000000057,216.800000006,276.8,0.00815772968,2380.106537242297
SKW-15,SKW-15,2025-07-30 18:02:00,26.9,51.0,718.199999999552,2411.40000000068,216.699999998,278.200000004,0.00815772968,2380.1085055070603
SKW-15,SKW-15,2025-07-30 18:03:00,26.8,51.0,715.600000000612,2412.09999999972,216.600000008,278.099999996,0.00611829726,2380.1074226396345
SKW-15,SKW-15,2025-07-30 18:04:00,26.6,51.0,715.600000000612,2413.40000000064,216.600000008,278.299999994,0.00815772968,2380.104694891276
SKW-15,SKW-15,2025-07-30 18:05:00,24.6,51.0,716.499999999799,2414.09999999969,216.600000008,279.300000002,0.00713801347,2380.0686253532385
SKW-15,SKW-15,2025-07-30 18:06:00,23.8,51.0,718.699999999907,2415.20000000047,216.600000008,278.000000006,0.00713801347,2380.0461808231216
SKW-15,SKW-15,2025-07-30 18:07:00,24.0,51.0,720.499999999731,2415.69999999937,216.699999998,277.7,0.00713801347,2380.0515169180785
SKW-15,SKW-15,2025-07-30 18:08:00,26.0,51.0,721.300000000298,2414.49999999997,216.699999998,276.499999994,0.00917744589,2380.094403179716
SKW-15,SKW-15,2025-07-30 18:09:00,26.9,51.0,720.599999999802,2409.49999999933,216.699999998,277.300000004,0.00713801347,2380.1080811216048
SKW-15,SKW-15,2025-07-30 18:10:00,26.7,51.0,717.700000000649,2408.60000000015,216.699999998,277.7,0.00713801347,2380.105721864422
SKW-15,SKW-15,2025-07-30 18:11:00,26.7,51.0,716.699999999941,2407.49999999937,216.699999998,277.500000002,0.00713801347,2380.105755415501
SKW-15,SKW-15,2025-07-30 18:12:00,26.3,51.0,716.099999999516,2407.89999999965,216.600000008,278.299999994,0.00917744589,2380.100258779295
SKW-15,SKW-15,2025-07-30 18:13:00,23.8,51.0,717.400000000436,2408.4,216.600000008,278.499999992,0.00713801347,2380.046730975587
SKW-15,SKW-15,2025-07-30 18:14:00,24.5,51.0,719.200000000261,2408.19999999986,216.699999998,277.500000002,0.00509858105,2380.0649584654384
SKW-15,SKW-15,2025-07-30 18:15:00,25.1,51.0,719.999999999377,2407.69999999951,216.699999998,274.600000004,0.00611829726,2380.033255532981
SKW-15,SKW-15,2025-07-30 18:16:00,27.5,51.0,721.200000000227,2407.00000000046,216.699999998,274.699999994,0.00611829726,2380.088618631792
SKW-15,SKW-15,2025-07-30 18:17:00,27.4,51.0,720.900000000014,2405.0000000005,216.800000006,275.700000002,0.00713801347,2380.1139657306267
SKW-15,SKW-15,2025-07-30 18:18:00,28.3,51.0,719.999999999377,2405.0000000005,216.800000006,276.600000002,0.00611829726,1018.0143356689867
SKW-15,SKW-15,2025-07-30 18:19:00,28.6,51.0,718.499999999765,2403.79999999965,216.800000006,276.099999998,0.00611829726,994.9804314253539
SKW-15,SKW-15,2025-07-30 18:20:00,28.6,51.0,717.400000000436,2404.60000000021,216.800000006,276.699999992,0.00611829726,994.077330841126
SKW-15,SKW-15,2025-07-30 18:21:00,28.0,51.0,717.000000000153,2407.30000000068,216.800000006,277.899999998,0.00713801347,2380.1214929002476
SKW-15,SKW-15,2025-07-30 18:22:00,24.9,51.0,718.099999999482,2410.2999999999,216.800000006,279.300000002,0.00815772968,2380.0750238222527
SKW-15,SKW-15,2025-07-30 18:23:00,24.8,51.0,719.600000000544,2412.90000000029,216.800000006,277.7,0.00815772968,2380.0719141941495
SKW-15,SKW-15,2025-07-30 18:24:00,25.2,51.0,721.300000000298,2414.60000000004,216.800000006,276.900000008,0.00611829726,2380.0799292789757
SKW-15,SKW-15,2025-07-30 18:25:00,24.7,51.0,721.300000000298,2415.1000000004,216.899999996,276.499999994,0.00713801347,2380.0688004470585
SKW-15,SKW-15,2025-07-30 18:26:00,26.0,51.0,721.400000000368,2416.2999999998,217.000000004,276.200000006,0.00815772968,2380.094197496861
SKW-15,SKW-15,2025-07-30 18:27:00,28.7,51.0,720.199999999519,2413.30000000057,217.000000004,274.899999992,0.00815772968,988.9117297210738
SKW-15,SKW-15,2025-07-30 18:28:00,28.9,51.0,718.599999999836,2413.69999999941,217.000000004,275.799999992,0.00815772968,972.0114697495364
SKW-15,SKW-15,2025-07-30 18:29:00,28.7,51.0,716.099999999516,2417.10000000036,217.000000004,276.8,0.00815772968,986.0979471777523
SKW-15,SKW-15,2025-07-30 18:30:00,28.8,51.0,715.899999999374,2419.40000000054,216.899999996,277.399999994,0.00713801347,977.4252698005847
SKW-15,SKW-15,2025-07-30 18:31:00,28.5,51.0,716.399999999728,2424.39999999973,216.899999996,278.499999992,0.00611829726,999.1754621926467
SKW-15,SKW-15,2025-07-30 18:32:00,27.7,51.0,718.199999999552,2429.3000000003,216.899999996,279.800000006,0.00611829726,2380.1185557700683
SKW-15,SKW-15,2025-07-30 18:33:00,25.4,51.0,719.800000000686,2433.90000000066,216.899999996,280.200000002,0.00815772968,2380.0852080633877
SKW-15,SKW-15,2025-07-30 18:34:00,25.3,51.0,720.499999999731,2435.60000000041,216.899999996,279.800000006,0.00815772968,2380.083059488109
SKW-15,SKW-15,2025-07-30 18:35:00,27.8,51.0,721.400000000368,2436.19999999939,217.000000004,278.700000008,0.00611829726,2380.1191713317367
SKW-15,SKW-15,2025-07-30 18:36:00,27.0,51.0,720.599999999802,2435.20000000013,217.000000004,278.200000004,0.00815772968,2380.109526488582
SKW-15,SKW-15,2025-07-30 18:37:00,27.1,51.0,719.800000000686,2432.19999999946,217.099999994,278.000000006,0.00815772968,2380.110798441955
SKW-15,SKW-15,2025-07-30 18:38:00,28.1,51.0,719.10000000019,2431.00000000006,217.099999994,277.7,0.00713801347,1704.7710114340796
SKW-15,SKW-15,2025-07-30 18:39:00,28.7,51.0,719.300000000332,2428.19999999952,217.099999994,277.7,0.00713801347,984.6178080422824
SKW-15,SKW-15,2025-07-30 18:40:00,28.8,51.0,717.999999999411,2425.2000000003,217.000000004,277.599999992,0.00611829726,977.0434278823459
SKW-15,SKW-15,2025-07-30 18:41:00,28.6,51.0,715.999999999445,2424.90000000009,216.899999996,279.199999994,0.00611829726,990.2442355534315
SKW-15,SKW-15,2025-07-30 18:42:00,28.5,51.0,716.099999999516,2424.90000000009,216.899999996,279.199999994,0.00815772968,998.0891392714909
SKW-15,SKW-15,2025-07-30 18:43:00,26.4,51.0,717.700000000649,2425.2000000003,216.899999996,279.600000008,0.00815772968,2380.1018918503364
SKW-15,SKW-15,2025-07-30 18:44:00,24.3,51.0,718.499999999765,2425.2000000003,216.899999996,280.099999994,0.00713801347,2380.06116808212
SKW-15,SKW-15,2025-07-30 18:45:00,24.5,51.0,720.199999999519,2424.09999999952,216.899999996,278.900000006,0.00713801347,2380.065315295394
SKW-15,SKW-15,2025-07-30 18:46:00,25.8,51.0,721.000000000085,2422.80000000005,217.000000004,277.399999994,0.00815772968,2380.0912554218557
SKW-15,SKW-15,2025-07-30 18:47:00,25.1,51.0,720.900000000014,2422.39999999977,217.099999994,276.099999998,0.00509858105,2380.0774769632194
SKW-15,SKW-15,2025-07-30 18:48:00,28.2,51.0,721.000000000085,2421.40000000051,217.200000002,275.799999992,0.00713801347,1027.329020997638
SKW-15,SKW-15,2025-07-30 18:49:00,28.9,51.0,719.500000000473,2416.19999999973,217.200000002,274.899999992,0.00611829726,973.334298887013
SKW-15,SKW-15,2025-07-30 18:50:00,28.8,51.0,717.100000000224,2414.3999999999,217.200000002,276.000000008,0.00611829726,979.4934312333634
SKW-15,SKW-15,2025-07-30 18:51:00,28.8,51.0,714.699999999974,2413.79999999948,217.099999994,277.100000006,0.00611829726,977.9035770839779
SKW-15,SKW-15,2025-07-30 18:52:00,28.7,51.0,714.800000000045,2413.59999999934,217.000000004,278.200000004,0.0101971621,983.9782316921272
SKW-15,SKW-15,2025-07-30 18:53:00,28.0,51.0,715.500000000541,2413.50000000072,217.000000004,279.199999994,0.00611829726,2380.121823760996
SKW-15,SKW-15,2025-07-30 18:54:00,25.1,51.0,717.80000000072,2413.59999999934,217.000000004,279.5,0.00713801347,2380.0792743241655
SKW-15,SKW-15,2025-07-30 18:55:00,25.2,51.0,719.600000000544,2413.2000000005,217.000000004,279.699999998,0.00509858105,2380.081180911989
SKW-15,SKW-15,2025-07-30 18:56:00,27.5,51.0,721.100000000156,2411.99999999965,217.099999994,278.200000004,0.00713801347,2380.115641126142
SKW-15,SKW-15,2025-07-30 18:57:00,28.6,51.0,720.099999999448,2407.99999999972,217.099999994,278.099999996,0.00611829726,991.8211459157702
SKW-15,SKW-15,2025-07-30 18:58:00,28.9,51.0,719.000000000119,2408.09999999979,217.099999994,278.400000002,0.00611829726,968.0465441866361
SKW-15,SKW-15,2025-07-30 18:59:00,28.8,51.0,715.899999999374,2409.00000000043,217.000000004,279.100000004,0.00815772968,974.8182985409338
SKW-15,SKW-15,2025-07-30 19:00:00,28.6,51.0,715.000000000187,2411.10000000047,217.000000004,279.100000004,0.00713801347,990.4105164177195
SKW-15,SKW-15,2025-07-30 19:01:00,28.1,51.0,716.299999999657,2412.80000000022,217.000000004,279.699999998,0.00713801347,1029.2241232336771
SKW-15,SKW-15,2025-07-30 19:02:00,25.6,51.0,717.300000000365,2413.30000000057,217.000000004,279.899999996,0.00815772968,2380.0890185719045
SKW-15,SKW-15,2025-07-30 19:03:00,24.5,51.0,719.10000000019,2413.79999999948,217.000000004,280.500000008,0.00815772968,2380.066169978666
SKW-15,SKW-15,2025-07-30 19:04:00,25.5,51.0,720.699999999873,2413.40000000064,217.000000004,278.999999996,0.00713801347,2380.086503633457
SKW-15,SKW-15,2025-07-30 19:05:00,28.1,51.0,721.000000000085,2411.89999999958,217.099999994,278.200000004,0.00713801347,1031.6100863996849
SKW-15,SKW-15,2025-07-30 19:06:00,24.8,51.0,720.099999999448,2411.89999999958,217.099999994,277.100000006,0.00713801347,2380.071442951298
SKW-15,SKW-15,2025-07-30 19:07:00,24.1,51.0,719.700000000615,2412.90000000029,217.099999994,277.399999994,0.00713801347,2380.0540642638557
SKW-15,SKW-15,2025-07-30 19:08:00,24.0,51.0,720.599999999802,2413.59999999934,217.200000002,275.9,0.00713801347,2380.0501401398055
SKW-15,SKW-15,2025-07-30 19:09:00,27.1,51.0,721.000000000085,2414.29999999983,217.299999992,275.700000002,0.00611829726,2380.110087895877
SKW-15,SKW-15,2025-07-30 19:10:00,28.8,51.0,719.700000000615,2410.39999999997,217.4,274.699999994,0.00713801347,981.3753139665041
SKW-15,SKW-15,2025-07-30 19:11:00,28.9,51.0,719.200000000261,2409.99999999969,217.4,275.799999992,0.00611829726,971.9482869672628
SKW-15,SKW-15,2025-07-30 19:12:00,28.8,51.0,715.40000000047,2409.40000000071,217.299999992,277.100000006,0.00713801347,977.8514928255164
SKW-15,SKW-15,2025-07-30 19:13:00,28.7,51.0,713.100000000292,2410.80000000025,217.099999994,277.899999998,0.00611829726,984.4951783657103
SKW-15,SKW-15,2025-07-30 19:14:00,28.6,51.0,714.09999999955,2412.50000000001,217.099999994,279.199999994,0.00713801347,990.2702471690488
SKW-15,SKW-15,2025-07-30 19:15:00,25.7,51.0,716.399999999728,2414.60000000004,217.099999994,279.899999996,0.00917744589,2380.090824128638
SKW-15,SKW-15,2025-07-30 19:16:00,24.3,51.0,719.300000000332,2416.60000000001,217.099999994,278.900000006,0.00815772968,2380.060282298556
SKW-15,SKW-15,2025-07-30 19:17:00,24.5,51.0,720.499999999731,2417.40000000058,217.099999994,278.799999998,0.00611829726,2380.065132548349
SKW-15,SKW-15,2025-07-30 19:18:00,24.1,51.0,721.400000000368,2419.2000000004,217.200000002,277.300000004,0.00815772968,2380.053614271131
SKW-15,SKW-15,2025-07-30 19:19:00,25.3,51.0,721.500000000439,2421.50000000058,217.299999992,276.000000008,0.00713801347,2380.081304200712
SKW-15,SKW-15,2025-07-30 19:20:00,21.5,51.0,721.100000000156,2424.29999999966,217.4,275.0,0.00611829726,2379.7798422325404
SKW-15,SKW-15,2025-07-30 19:21:00,24.9,51.0,721.300000000298,2425.60000000058,217.4,274.1,0.00815772968,2379.946961192341
SKW-15,SKW-15,2025-07-30 19:22:00,25.7,51.0,721.200000000227,2426.69999999991,217.599999998,273.000000002,0.00917744589,2379.9643928789937
SKW-15,SKW-15,2025-07-30 19:23:00,25.3,51.0,721.200000000227,2427.80000000069,217.700000006,272.3,0.00611829726,2379.9506605733136
SKW-15,SKW-15,2025-07-30 19:24:00,26.4,51.0,721.300000000298,2427.70000000062,217.799999996,273.599999996,0.00713801347,2379.985717532912
SKW-15,SKW-15,2025-07-30 19:25:00,28.8,51.0,720.900000000014,2423.89999999938,217.799999996,274.1,0.00611829726,982.2207004483688
SKW-15,SKW-15,2025-07-30 19:26:00,28.8,51.0,720.099999999448,2421.60000000065,217.799999996,274.200000008,0.00713801347,982.0865181711009
SKW-15,SKW-15,2025-07-30 19:27:00,28.8,51.0,715.799999999303,2419.40000000054,217.700000006,275.799999992,0.00713801347,979.7780286054125
SKW-15,SKW-15,2025-07-30 19:28:00,28.7,51.0,712.099999999583,2419.2000000004,217.599999998,276.999999998,0.00611829726,985.8512617031807
SKW-15,SKW-15,2025-07-30 19:29:00,28.5,51.0,712.299999999725,2419.30000000047,217.500000008,278.400000002,0.00611829726,999.3694402410144
SKW-15,SKW-15,2025-07-30 19:30:00,28.2,51.0,714.900000000116,2419.30000000047,217.4,279.399999992,0.00713801347,1021.6410275391703
SKW-15,SKW-15,2025-07-30 19:31:00,27.1,51.0,716.399999999728,2419.2000000004,217.4,279.800000006,0.00713801347,2380.111445919396
SKW-15,SKW-15,2025-07-30 19:32:00,26.7,51.0,718.599999999836,2418.90000000019,217.4,280.000000004,0.00815772968,2380.106031568131
SKW-15,SKW-15,2025-07-30 19:33:00,28.2,51.0,719.400000000402,2417.79999999941,217.4,279.5,0.00611829726,1021.4539304557336
SKW-15,SKW-15,2025-07-30 19:34:00,26.4,51.0,719.000000000119,2417.60000000072,217.4,278.700000008,0.00713801347,2380.1013524829345
SKW-15,SKW-15,2025-07-30 19:35:00,28.5,51.0,718.699999999907,2416.90000000022,217.4,279.800000006,0.00611829726,997.0711108725029
SKW-15,SKW-15,2025-07-30 19:36:00,28.9,51.0,717.700000000649,2413.40000000064,217.4,278.6,0.00713801347,967.7455151753024
SKW-15,SKW-15,2025-07-30 19:37:00,28.8,51.0,714.19999999962,2411.99999999965,217.299999992,279.5,0.00509858105,974.2479360035603
SKW-15,SKW-15,2025-07-30 19:38:00,28.7,51.0,712.599999999938,2411.99999999965,217.099999994,279.5,0.00713801347,982.0580635821653
SKW-15,SKW-15,2025-07-30 19:39:00,28.6,51.0,713.400000000504,2412.29999999987,217.099999994,280.000000004,0.00713801347,989.0576083615441
SKW-15,SKW-15,2025-07-30 19:40:00,28.5,51.0,714.599999999904,2412.60000000008,217.000000004,280.599999998,0.00713801347,995.9487380713615
SKW-15,SKW-15,2025-07-30 19:41:00,26.5,51.0,716.900000000082,2413.59999999934,217.000000004,281.699999996,0.00611829726,2380.104007395895
SKW-15,SKW-15,2025-07-30 19:42:00,24.3,51.0,719.000000000119,2414.60000000004,217.099999994,281.400000008,0.00815772968,2380.06159825927
SKW-15,SKW-15,2025-07-30 19:43:00,24.0,51.0,720.499999999731,2414.70000000011,217.099999994,279.800000006,0.00815772968,2380.052406072044
SKW-15,SKW-15,2025-07-30 19:44:00,25.6,51.0,720.699999999873,2414.09999999969,217.200000002,277.599999992,0.00611829726,2380.0877666999427
SKW-15,SKW-15,2025-07-30 19:45:00,28.0,51.0,720.199999999519,2413.2000000005,217.299999992,277.100000006,0.00713801347,2380.1209894093467
SKW-15,SKW-15,2025-07-30 19:46:00,28.8,51.0,719.500000000473,2412.70000000015,217.299999992,277.100000006,0.00713801347,977.7160424554605
SKW-15,SKW-15,2025-07-30 19:47:00,28.8,51.0,717.700000000649,2411.69999999944,217.299999992,276.999999998,0.00713801347,977.9284018723688
SKW-15,SKW-15,2025-07-30 19:48:00,28.8,51.0,714.599999999904,2412.60000000008,217.200000002,278.900000006,0.00713801347,975.1480493463149
SKW-15,SKW-15,2025-07-30 19:49:00,28.7,51.0,713.999999999479,2413.89999999955,217.099999994,278.400000002,0.00815772968,983.694010009481
SKW-15,SKW-15,2025-07-30 19:50:00,28.4,51.0,714.699999999974,2414.70000000011,217.099999994,279.600000008,0.00611829726,1005.3873066462772
SKW-15,SKW-15,2025-07-30 19:51:00,26.8,51.0,716.800000000011,2416.60000000001,217.099999994,280.500000008,0.00713801347,2380.107786319933
SKW-15,SKW-15,2025-07-30 19:52:00,24.5,51.0,718.799999999977,2418.49999999991,217.099999994,280.900000004,0.00815772968,2380.0663505270713
SKW-15,SKW-15,2025-07-30 19:53:00,24.7,51.0,720.499999999731,2419.30000000047,217.200000002,279.600000008,0.00509858105,2380.070219571748
SKW-15,SKW-15,2025-07-30 19:54:00,27.3,51.0,720.900000000014,2419.30000000047,217.200000002,278.200000004,0.00509858105,2380.113262166742
SKW-15,SKW-15,2025-07-30 19:55:00,28.5,51.0,719.600000000544,2417.50000000065,217.299999992,277.199999996,0.0101971621,1001.094183769604
SKW-15,SKW-15,2025-07-30 19:56:00,28.4,51.0,717.700000000649,2419.00000000026,217.299999992,277.500000002,0.00713801347,1008.6091900112204
SKW-15,SKW-15,2025-07-30 19:57:00,28.3,51.0,716.499999999799,2421.60000000065,217.299999992,278.099999996,0.00713801347,1015.6636961204126
SKW-15,SKW-15,2025-07-30 19:58:00,25.7,51.0,717.100000000224,2423.60000000062,217.299999992,279.5,0.00611829726,2380.09058166728
SKW-15,SKW-15,2025-07-30 19:59:00,24.3,51.0,717.600000000578,2423.99999999945,217.299999992,278.6,0.00713801347,2380.0603162781554
SKW-15,SKW-15,2025-07-30 20:00:00,24.7,51.0,719.200000000261,2423.79999999931,217.299999992,278.200000004,0.00713801347,2380.0696753912853
SKW-15,SKW-15,2025-07-30 20:01:00,24.8,51.0,720.599999999802,2423.50000000055,217.4,276.699999992,0.00815772968,2380.071012672283
SKW-15,SKW-15,2025-07-30 20:02:00,25.3,51.0,721.000000000085,2423.00000000019,217.4,276.200000006,0.00713801347,2380.081399855774
SKW-15,SKW-15,2025-07-30 20:03:00,27.9,51.0,720.499999999731,2420.90000000015,217.500000008,275.500000004,0.00713801347,2380.119502644799
SKW-15,SKW-15,2025-07-30 20:04:00,25.9,51.0,719.800000000686,2420.3999999998,217.500000008,275.300000006,0.00713801347,2380.0922137745797
SKW-15,SKW-15,2025-07-30 20:05:00,28.7,51.0,719.000000000119,2417.99999999955,217.500000008,276.000000008,0.00713801347,987.2026870900041
SKW-15,SKW-15,2025-07-30 20:06:00,28.8,51.0,717.400000000436,2414.3999999999,217.500000008,275.599999994,0.00713801347,980.056322999463
SKW-15,SKW-15,2025-07-30 20:07:00,28.8,51.0,714.299999999691,2412.39999999994,217.4,277.199999996,0.00815772968,977.7180665732761
SKW-15,SKW-15,2025-07-30 20:08:00,28.7,51.0,713.200000000362,2412.19999999979,217.4,277.7,0.00713801347,984.762760142626
SKW-15,SKW-15,2025-07-30 20:09:00,28.5,51.0,713.500000000575,2411.89999999958,217.299999992,278.700000008,0.00611829726,998.8946882797143
SKW-15,SKW-15,2025-07-30 20:10:00,28.0,51.0,715.799999999303,2411.99999999965,217.299999992,279.800000006,0.00611829726,2380.121855086389
SKW-15,SKW-15,2025-07-30 20:11:00,25.7,51.0,717.600000000578,2412.60000000008,217.200000002,280.000000004,0.00815772968,2380.090702925078
SKW-15,SKW-15,2025-07-30 20:12:00,27.8,51.0,719.10000000019,2411.79999999951,217.200000002,279.699999998,0.00917744589,2380.119463770369
SKW-15,SKW-15,2025-07-30 20:13:00,28.7,51.0,719.200000000261,2409.49999999933,217.299999992,279.600000008,0.00509858105,981.690749782003
SKW-15,SKW-15,2025-07-30 20:14:00,28.8,51.0,717.000000000153,2408.80000000029,217.200000002,278.700000008,0.00509858105,975.3807172588519
SKW-15,SKW-15,2025-07-30 20:15:00,28.6,51.0,714.399999999762,2410.39999999997,217.099999994,279.300000002,0.00611829726,990.112666217304
SKW-15,SKW-15,2025-07-30 20:16:00,28.3,51.0,714.699999999974,2413.79999999948,217.099999994,280.099999994,0.00611829726,1012.5510678670471
SKW-15,SKW-15,2025-07-30 20:17:00,26.5,51.0,716.499999999799,2417.30000000051,217.099999994,280.500000008,0.00917744589,2380.1036305794782
SKW-15,SKW-15,2025-07-30 20:18:00,25.3,51.0,717.300000000365,2418.80000000012,217.099999994,280.099999994,0.00815772968,2380.0834785877214
SKW-15,SKW-15,2025-07-30 20:19:00,25.5,51.0,719.200000000261,2420.70000000001,217.200000002,279.899999996,0.00815772968,2380.0869030274266
SKW-15,SKW-15,2025-07-30 20:20:00,28.0,51.0,720.099999999448,2420.80000000008,217.200000002,277.899999998,0.00713801347,2380.121187563008
SKW-15,SKW-15,2025-07-30 20:21:00,26.4,51.0,719.10000000019,2419.50000000061,217.200000002,277.7,0.00815772968,2380.1011037824283
SKW-15,SKW-15,2025-07-30 20:22:00,24.0,51.0,718.399999999694,2419.89999999945,217.299999992,278.099999996,0.00713801347,2380.0517296746716
SKW-15,SKW-15,2025-07-30 20:23:00,22.5,51.0,718.499999999765,2419.40000000054,217.299999992,277.899999998,0.00815772968,2379.994698169873
SKW-15,SKW-15,2025-07-30 20:24:00,28.0,51.0,719.899999999306,2417.30000000051,217.4,276.400000004,0.00713801347,2380.1208386251565
SKW-15,SKW-15,2025-07-30 20:25:00,28.8,51.0,718.299999999623,2410.19999999983,217.4,275.300000006,0.00917744589,980.4889230867528
SKW-15,SKW-15,2025-07-30 20:26:00,28.9,51.0,715.799999999303,2408.09999999979,217.4,276.699999992,0.00815772968,970.6938755604652
SKW-15,SKW-15,2025-07-30 20:27:00,28.7,51.0,713.300000000433,2407.10000000053,217.299999992,277.899999998,0.00713801347,984.4638282958892
SKW-15,SKW-15,2025-07-30 20:28:00,28.7,51.0,713.600000000646,2406.90000000039,217.200000002,278.700000008,0.00611829726,983.2452159585587
SKW-15,SKW-15,2025-07-30 20:29:00,27.7,51.0,714.599999999904,2407.10000000053,217.200000002,278.799999998,0.00509858105,2380.1185259307877
SKW-15,SKW-15,2025-07-30 20:30:00,24.0,51.0,716.800000000011,2407.3999999993,217.200000002,279.399999992,0.00815772968,2380.052785031412
SKW-15,SKW-15,2025-07-30 20:31:00,24.2,51.0,718.699999999907,2406.80000000032,217.200000002,278.6,0.00815772968,2380.0575286952812
SKW-15,SKW-15,2025-07-30 20:32:00,24.9,51.0,720.299999999589,2405.99999999975,217.299999992,277.500000002,0.00713801347,2380.073717928337
SKW-15,SKW-15,2025-07-30 20:33:00,27.7,51.0,720.299999999589,2405.30000000071,217.299999992,276.499999994,0.00611829726,2380.1175748246537
SKW-15,SKW-15,2025-07-30 20:34:00,28.8,51.0,718.900000000048,2401.89999999975,217.4,276.299999996,0.00611829726,978.9531991865975
SKW-15,SKW-15,2025-07-30 20:35:00,29.0,51.0,716.299999999657,2401.89999999975,217.4,276.900000008,0.00611829726,962.6952464821296
SKW-15,SKW-15,2025-07-30 20:36:00,28.7,51.0,714.299999999691,2403.00000000053,217.299999992,278.000000006,0.00713801347,984.2815152434043
SKW-15,SKW-15,2025-07-30 20:37:00,28.8,51.0,713.999999999479,2405.99999999975,217.200000002,279.199999994,0.00713801347,974.7125665990238
SKW-15,SKW-15,2025-07-30 20:38:00,28.5,51.0,714.499999999833,2407.3999999993,217.200000002,279.600000008,0.00713801347,997.4832776882251
SKW-15,SKW-15,2025-07-30 20:39:00,26.1,51.0,716.099999999516,2409.89999999962,217.200000002,279.399999992,0.00917744589,2380.0972892087066
SKW-15,SKW-15,2025-07-30 20:40:00,24.9,51.0,718.199999999552,2410.90000000032,217.200000002,280.200000002,0.00713801347,2380.0752153783465
SKW-15,SKW-15,2025-07-30 20:41:00,24.5,51.0,719.600000000544,2409.99999999969,217.200000002,279.600000008,0.00815772968,2380.065551408284
SKW-15,SKW-15,2025-07-30 20:42:00,25.5,51.0,720.199999999519,2409.00000000043,217.299999992,278.000000006,0.00611829726,2380.0860878890016
SKW-15,SKW-15,2025-07-30 20:43:00,27.1,51.0,719.899999999306,2406.09999999983,217.299999992,277.199999996,0.00815772968,2380.110530740753
SKW-15,SKW-15,2025-07-30 20:44:00,28.3,51.0,718.699999999907,2403.49999999943,217.4,276.299999996,0.00815772968,1018.4780242045005
SKW-15,SKW-15,2025-07-30 20:45:00,28.8,51.0,717.600000000578,2399.29999999936,217.4,276.699999992,0.00611829726,978.3835554930893
SKW-15,SKW-15,2025-07-30 20:46:00,28.8,51.0,716.299999999657,2398.60000000032,217.4,276.699999992,0.00713801347,978.4208553078169
SKW-15,SKW-15,2025-07-30 20:47:00,28.8,51.0,713.500000000575,2399.4999999995,217.299999992,278.200000004,0.00815772968,976.2331900317608
SKW-15,SKW-15,2025-07-30 20:48:00,28.7,51.0,713.600000000646,2401.69999999961,217.200000002,278.700000008,0.00611829726,983.2452159585587
SKW-15,SKW-15,2025-07-30 20:49:00,28.0,51.0,715.40000000047,2404.40000000007,217.200000002,279.5,0.00815772968,2380.1218229772935
SKW-15,SKW-15,2025-07-30 20:50:00,25.7,51.0,717.400000000436,2407.69999999951,217.200000002,280.200000002,0.00611829726,2380.0908286477425
SKW-15,SKW-15,2025-07-30 20:51:00,24.2,51.0,719.000000000119,2410.60000000011,217.200000002,279.5,0.00815772968,2380.05795129426
SKW-15,SKW-15,2025-07-30 20:52:00,24.2,51.0,719.400000000402,2411.79999999951,217.200000002,279.300000002,0.00611829726,2380.0578320201066
SKW-15,SKW-15,2025-07-30 20:53:00,27.4,51.0,719.800000000686,2413.69999999941,217.299999992,277.300000004,0.00611829726,2380.1143020531645
SKW-15,SKW-15,2025-07-30 20:54:00,25.6,51.0,718.599999999836,2416.2999999998,217.4,275.700000002,0.00611829726,2380.0872441119104
SKW-15,SKW-15,2025-07-30 20:55:00,24.7,51.0,718.699999999907,2421.40000000051,217.4,276.200000006,0.00815772968,2380.0687563751844
SKW-15,SKW-15,2025-07-30 20:56:00,25.6,51.0,719.10000000019,2423.50000000055,217.500000008,275.799999992,0.00611829726,2380.0871797346026
SKW-15,SKW-15,2025-07-30 20:57:00,28.5,51.0,719.600000000544,2427.10000000019,217.500000008,275.500000004,0.00611829726,1003.7467530329253
SKW-15,SKW-15,2025-07-30 20:58:00,28.8,51.0,718.299999999623,2426.09999999949,217.500000008,275.500000004,0.00917744589,980.1709825827566
SKW-15,SKW-15,2025-07-30 20:59:00,28.8,51.0,714.900000000116,2427.00000000012,217.4,277.100000006,0.00917744589,977.8456195312629
SKW-15,SKW-15,2025-07-30 21:00:00,28.8,51.0,712.199999999654,2429.00000000009,217.299999992,278.700000008,0.00815772968,975.5168789152702
SKW-15,SKW-15,2025-07-30 21:01:00,28.5,51.0,712.299999999725,2428.69999999988,217.299999992,278.799999998,0.00611829726,998.7641979183053
SKW-15,SKW-15,2025-07-30 21:02:00,28.4,51.0,713.799999999337,2427.99999999938,217.200000002,279.600000008,0.00611829726,1005.3961585380158
SKW-15,SKW-15,2025-07-30 21:03:00,25.3,51.0,716.299999999657,2427.50000000048,217.200000002,280.299999992,0.00713801347,2380.0836520825405
SKW-15,SKW-15,2025-07-30 21:04:00,24.7,51.0,718.299999999623,2426.49999999977,217.200000002,279.5,0.00815772968,2380.070426280575
SKW-15,SKW-15,2025-07-30 21:05:00,26.4,51.0,719.700000000615,2424.80000000002,217.299999992,278.299999994,0.00713801347,2380.101203511442
SKW-15,SKW-15,2025-07-30 21:06:00,28.2,51.0,719.600000000544,2423.50000000055,217.299999992,277.300000004,0.00713801347,1024.9457931182872
SKW-15,SKW-15,2025-07-30 21:07:00,28.8,51.0,718.399999999694,2418.49999999991,217.4,277.500000002,0.00611829726,977.1343294966406
SKW-15,SKW-15,2025-07-30 21:08:00,28.7,51.0,715.799999999303,2418.29999999976,217.299999992,277.599999992,0.00509858105,984.8607764362858
SKW-15,SKW-15,2025-07-30 21:09:00,28.3,51.0,715.500000000541,2419.2000000004,217.299999992,278.700000008,0.00611829726,1014.7318186131122
SKW-15,SKW-15,2025-07-30 21:10:00,25.7,51.0,716.299999999657,2420.29999999973,217.299999992,278.999999996,0.00815772968,2380.090463464246
SKW-15,SKW-15,2025-07-30 21:11:00,24.3,51.0,717.100000000224,2420.80000000008,217.299999992,279.300000002,0.00509858105,2380.060806870846
SKW-15,SKW-15,2025-07-30 21:12:00,25.2,51.0,718.599999999836,2420.70000000001,217.4,278.000000006,0.00815772968,2380.0803936345387
SKW-15,SKW-15,2025-07-30 21:13:00,27.5,51.0,719.500000000473,2420.19999999966,217.4,276.999999998,0.00611829726,2380.1154142752903
SKW-15,SKW-15,2025-07-30 21:14:00,28.6,51.0,718.499999999765,2417.10000000036,217.500000008,277.500000002,0.00611829726,992.7534181609259
SKW-15,SKW-15,2025-07-30 21:15:00,28.6,51.0,717.400000000436,2416.39999999987,217.4,277.7,0.00611829726,992.4793619583957
SKW-15,SKW-15,2025-07-30 21:16:00,28.4,51.0,714.299999999691,2416.39999999987,217.4,277.899999998,0.00713801347,1008.0278740848253
SKW-15,SKW-15,2025-07-30 21:17:00,25.4,51.0,714.499999999833,2416.19999999973,217.299999992,278.400000002,0.00713801347,2380.0850208978154
SKW-15,SKW-15,2025-07-30 21:18:00,24.2,51.0,716.499999999799,2415.89999999951,217.4,278.999999996,0.00713801347,2380.0580169225245
SKW-15,SKW-15,2025-07-30 21:19:00,24.8,51.0,718.499999999765,2414.49999999997,217.4,277.300000004,0.00611829726,2380.071628559373
SKW-15,SKW-15,2025-07-30 21:20:00,25.0,51.0,719.300000000332,2413.99999999962,217.4,276.999999998,0.00611829726,2380.075783295687
SKW-15,SKW-15,2025-07-30 21:21:00,25.2,51.0,719.600000000544,2413.2000000005,217.500000008,276.200000006,0.00509858105,2380.0795623491417
SKW-15,SKW-15,2025-07-30 21:22:00,24.4,51.0,719.700000000615,2413.10000000043,217.500000008,275.799999992,0.00713801347,2380.0610124646882
SKW-15,SKW-15,2025-07-30 21:23:00,24.6,51.0,719.899999999306,2413.10000000043,217.599999998,275.100000008,0.00713801347,2380.0655840956015
SKW-15,SKW-15,2025-07-30 21:24:00,27.5,51.0,718.799999999977,2411.20000000054,217.700000006,273.999999992,0.00713801347,2380.0138239766097
SKW-15,SKW-15,2025-07-30 21:25:00,26.2,51.0,718.599999999836,2412.50000000001,217.700000006,274.200000008,0.00611829726,2380.0070931031623
SKW-15,SKW-15,2025-07-30 21:26:00,25.5,51.0,718.599999999836,2414.29999999983,217.799999996,275.300000006,0.00815772968,2380.0850287315675
SKW-15,SKW-15,2025-07-30 21:27:00,28.3,51.0,718.900000000048,2413.69999999941,217.799999996,274.800000002,0.00713801347,1020.8409687267709
SKW-15,SKW-15,2025-07-30 21:28:00,28.9,51.0,717.89999999934,2412.09999999972,217.799999996,275.9,0.00509858105,971.7964443091817
SKW-15,SKW-15,2025-07-30 21:29:00,29.2,51.0,715.999999999445,2412.90000000029,217.700000006,276.900000008,0.00611829726,947.423529829596
SKW-15,SKW-15,2025-07-30 21:30:00,29.1,51.0,711.899999999442,2414.49999999997,217.599999998,278.400000002,0.00917744589,952.961802678036
SKW-15,SKW-15,2025-07-30 21:31:00,29.0,51.0,710.800000000113,2418.09999999962,217.4,279.300000002,0.00713801347,959.3155190363433
SKW-15,SKW-15,2025-07-30 21:32:00,28.9,51.0,712.90000000015,2422.2999999997,217.4,279.899999996,0.00611829726,965.9749013076016
SKW-15,SKW-15,2025-07-30 21:33:00,27.7,51.0,715.500000000541,2426.49999999977,217.299999992,280.099999994,0.00611829726,2380.11870964645
SKW-15,SKW-15,2025-07-30 21:34:00,25.9,51.0,716.499999999799,2428.39999999966,217.299999992,280.599999998,0.00611829726,2380.094409939009
SKW-15,SKW-15,2025-07-30 21:35:00,25.9,51.0,718.399999999694,2430.29999999956,217.299999992,280.599999998,0.00509858105,2380.0942268229255
SKW-15,SKW-15,2025-07-30 21:36:00,25.1,51.0,719.500000000473,2430.4999999997,217.4,279.600000008,0.00611829726,2380.078925230282
SKW-15,SKW-15,2025-07-30 21:37:00,27.0,51.0,719.000000000119,2426.69999999991,217.500000008,278.499999992,0.00509858105,2380.1096250843057
SKW-15,SKW-15,2025-07-30 21:38:00,24.9,51.0,718.499999999765,2424.4999999998,217.500000008,277.399999994,0.00713801347,2380.0738250245668
SKW-15,SKW-15,2025-07-30 21:39:00,25.0,51.0,718.699999999907,2423.40000000047,217.599999998,277.7,0.00713801347,2380.076039274882
SKW-15,SKW-15,2025-07-30 21:40:00,26.6,51.0,719.300000000332,2421.1000000003,217.599999998,276.999999998,0.00815772968,2380.103670975208
SKW-15,SKW-15,2025-07-30 21:41:00,28.9,51.0,719.000000000119,2416.80000000015,217.700000006,276.499999994,0.00917744589,970.832530746226
SKW-15,SKW-15,2025-07-30 21:42:00,28.9,51.0,717.200000000295,2411.69999999944,217.700000006,276.999999998,0.00917744589,970.1393824188386
SKW-15,SKW-15,2025-07-30 21:43:00,29.0,51.0,714.900000000116,2411.10000000047,217.599999998,278.299999994,0.00611829726,960.6148955723196
SKW-15,SKW-15,2025-07-30 21:44:00,28.7,51.0,712.299999999725,2410.70000000018,217.500000008,278.900000006,0.00611829726,982.9455623790983
SKW-15,SKW-15,2025-07-30 21:45:00,28.6,51.0,713.200000000362,2411.20000000054,217.4,279.399999992,0.00917744589,989.9494596866639
SKW-15,SKW-15,2025-07-30 21:46:00,26.1,51.0,715.300000000399,2412.19999999979,217.4,280.099999994,0.00611829726,2380.0975617695635
SKW-15,SKW-15,2025-07-30 21:47:00,24.2,51.0,717.500000000507,2413.10000000043,217.4,280.4,0.00611829726,2380.0586065341236
SKW-15,SKW-15,2025-07-30 21:48:00,24.7,51.0,718.299999999623,2413.10000000043,217.4,279.300000002,0.00611829726,2380.070276501782
SKW-15,SKW-15,2025-07-30 21:49:00,24.8,51.0,719.600000000544,2413.50000000072,217.500000008,277.500000002,0.00611829726,2380.0715074306404
SKW-15,SKW-15,2025-07-30 21:50:00,27.1,51.0,719.700000000615,2413.99999999962,217.599999998,277.199999996,0.00611829726,2380.1104844109723
SKW-15,SKW-15,2025-07-30 21:51:00,28.7,51.0,718.099999999482,2411.4999999993,217.599999998,277.100000006,0.00815772968,985.518751374822
SKW-15,SKW-15,2025-07-30 21:52:00,29.0,51.0,715.500000000541,2411.99999999965,217.599999998,277.100000006,0.00713801347,962.3902151694856
SKW-15,SKW-15,2025-07-30 21:53:00,28.9,51.0,713.899999999408,2412.90000000029,217.599999998,277.199999996,0.00509858105,969.9972502644747
SKW-15,SKW-15,2025-07-30 21:54:00,28.8,51.0,712.700000000008,2415.1000000004,217.500000008,278.299999994,0.00713801347,976.0889288607624
SKW-15,SKW-15,2025-07-30 21:55:00,28.6,51.0,713.799999999337,2415.99999999959,217.4,279.800000006,0.00917744589,989.3180976326995
SKW-15,SKW-15,2025-07-30 21:56:00,27.0,51.0,715.799999999303,2416.70000000008,217.4,280.299999992,0.00815772968,2380.110335669222
SKW-15,SKW-15,2025-07-30 21:57:00,24.9,51.0,717.500000000507,2417.50000000065,217.4,280.4,0.00509858105,2380.0753402166697
SKW-15,SKW-15,2025-07-30 21:58:00,24.7,51.0,718.299999999623,2417.69999999934,217.4,280.000000004,0.00611829726,2380.070592244868
SKW-15,SKW-15,2025-07-30 21:59:00,25.5,51.0,719.500000000473,2417.60000000072,217.500000008,278.900000006,0.00713801347,2380.086395380435
SKW-15,SKW-15,2025-07-30 22:00:00,27.6,51.0,719.10000000019,2416.39999999987,217.599999998,277.199999996,0.00815772968,2380.116576110816
SKW-15,SKW-15,2025-07-30 22:01:00,28.8,51.0,717.500000000507,2414.60000000004,217.599999998,276.400000004,0.00611829726,978.8220711127609
SKW-15,SKW-15,2025-07-30 22:02:00,28.7,51.0,716.399999999728,2415.30000000054,217.599999998,276.499999994,0.00713801347,986.4944856268531
SKW-15,SKW-15,2025-07-30 22:03:00,28.6,51.0,715.200000000329,2416.90000000022,217.599999998,277.899999998,0.00713801347,992.2023476722401
SKW-15,SKW-15,2025-07-30 22:04:00,26.6,51.0,715.300000000399,2417.79999999941,217.500000008,279.399999992,0.00611829726,2380.1047631604065
SKW-15,SKW-15,2025-07-30 22:05:00,24.1,51.0,716.399999999728,2417.79999999941,217.500000008,279.600000008,0.00611829726,2380.0556151095343
SKW-15,SKW-15,2025-07-30 22:06:00,24.4,51.0,717.89999999934,2416.80000000015,217.599999998,278.400000002,0.00509858105,2380.0626007250744
SKW-15,SKW-15,2025-07-30 22:07:00,24.2,51.0,718.900000000048,2416.2999999998,217.599999998,277.199999996,0.00509858105,2380.0565849489267
SKW-15,SKW-15,2025-07-30 22:08:00,24.1,51.0,719.800000000686,2415.50000000068,217.700000006,276.499999994,0.00713801347,2380.0531623865813
SKW-15,SKW-15,2025-07-30 22:09:00,25.5,51.0,719.999999999377,2414.70000000011,217.799999996,275.0,0.00713801347,2380.0768858390766
SKW-15,SKW-15,2025-07-30 22:10:00,21.9,51.0,719.700000000615,2414.60000000004,217.799999996,274.299999998,0.00815772968,2379.800469372966
SKW-15,SKW-15,2025-07-30 22:11:00,21.1,51.0,719.700000000615,2414.70000000011,217.900000004,274.299999998,0.00713801347,2379.6924952162963
SKW-15,SKW-15,2025-07-30 22:12:00,24.6,51.0,719.700000000615,2414.09999999969,217.999999994,272.100000002,0.00917744589,2379.921862906605
SKW-15,SKW-15,2025-07-30 22:13:00,25.5,51.0,719.800000000686,2413.00000000036,218.100000002,271.000000004,0.00815772968,2379.9587822909684
SKW-15,SKW-15,2025-07-30 22:14:00,25.5,51.0,719.800000000686,2412.29999999987,218.3,271.599999998,0.00713801347,2379.9582372039276
SKW-15,SKW-15,2025-07-30 22:15:00,25.9,51.0,719.800000000686,2410.09999999976,218.3,272.699999996,0.00917744589,2379.970954343148
SKW-15,SKW-15,2025-07-30 22:16:00,28.1,51.0,719.500000000473,2407.00000000046,218.400000008,273.500000006,0.00611829726,2380.026273878726
SKW-15,SKW-15,2025-07-30 22:17:00,28.5,51.0,718.799999999977,2404.3,218.400000008,274.600000004,0.00611829726,1005.1132835863266
SKW-15,SKW-15,2025-07-30 22:18:00,26.8,51.0,716.59999999987,2404.60000000021,218.3,275.599999994,0.00611829726,2380.1061339131193
SKW-15,SKW-15,2025-07-30 22:19:00,24.4,51.0,715.999999999445,2404.80000000036,218.199999992,276.900000008,0.00611829726,2380.0617825819927
SKW-15,SKW-15,2025-07-30 22:20:00,24.4,51.0,717.000000000153,2404.09999999986,218.199999992,276.600000002,0.00713801347,2380.0614436415144
SKW-15,SKW-15,2025-07-30 22:21:00,28.4,51.0,717.80000000072,2403.59999999951,218.199999992,276.699999992,0.00713801347,1009.816916171865
SKW-15,SKW-15,2025-07-30 22:22:00,27.0,51.0,718.399999999694,2403.00000000053,218.199999992,275.399999996,0.00611829726,2380.1086524372186
SKW-15,SKW-15,2025-07-30 22:23:00,27.5,51.0,717.400000000436,2405.10000000057,218.199999992,277.199999996,0.00611829726,2380.1154010795412
SKW-15,SKW-15,2025-07-30 22:24:00,28.4,51.0,717.100000000224,2405.4999999994,218.199999992,277.800000008,0.00815772968,1008.0974236778549
SKW-15,SKW-15,2025-07-30 22:25:00,28.9,51.0,715.40000000047,2404.3,218.100000002,278.200000004,0.00509858105,968.3551965679599
SKW-15,SKW-15,2025-07-30 22:26:00,29.0,51.0,713.700000000717,2405.20000000064,217.999999994,278.400000002,0.00611829726,960.4537187668869
SKW-15,SKW-15,2025-07-30 22:27:00,29.1,51.0,710.900000000184,2407.79999999958,217.900000004,279.100000004,0.00611829726,951.9357803640822
SKW-15,SKW-15,2025-07-30 22:28:00,28.8,51.0,711.100000000326,2409.5999999994,217.799999996,280.700000006,0.00611829726,972.4661617150105
SKW-15,SKW-15,2025-07-30 22:29:00,28.8,51.0,712.90000000015,2410.90000000032,217.700000006,280.700000006,0.00713801347,972.4085227200136
SKW-15,SKW-15,2025-07-30 22:30:00,27.1,51.0,715.000000000187,2411.4999999993,217.599999998,281.400000008,0.00509858105,2380.1119198804213
SKW-15,SKW-15,2025-07-30 22:31:00,24.6,51.0,716.099999999516,2411.79999999951,217.599999998,281.3,0.00713801347,2380.0690669503597
SKW-15,SKW-15,2025-07-30 22:32:00,24.1,51.0,717.89999999934,2411.69999999944,217.700000006,280.099999994,0.00815772968,2380.055441872972
SKW-15,SKW-15,2025-07-30 22:33:00,24.8,51.0,719.400000000402,2411.10000000047,217.700000006,278.499999992,0.00917744589,2380.0718082816707
SKW-15,SKW-15,2025-07-30 22:34:00,25.7,51.0,719.400000000402,2410.39999999997,217.799999996,277.300000004,0.00611829726,2380.0893585812646
SKW-15,SKW-15,2025-07-30 22:35:00,27.7,51.0,718.900000000048,2409.40000000071,217.900000004,276.499999994,0.00713801347,2380.117507914707
SKW-15,SKW-15,2025-07-30 22:36:00,28.6,51.0,718.099999999482,2407.10000000053,217.900000004,276.099999998,0.00611829726,994.8987376527454
SKW-15,SKW-15,2025-07-30 22:37:00,28.7,51.0,717.200000000295,2405.0000000005,217.900000004,277.100000006,0.00611829726,985.5224665053018
SKW-15,SKW-15,2025-07-30 22:38:00,28.5,51.0,715.200000000329,2405.59999999947,217.900000004,278.799999998,0.00611829726,998.6602639513983
SKW-15,SKW-15,2025-07-30 22:39:00,26.4,51.0,715.200000000329,2405.79999999961,217.900000004,279.600000008,0.00611829726,2380.101816624424
SKW-15,SKW-15,2025-07-30 22:40:00,24.2,51.0,715.700000000683,2405.89999999968,217.900000004,280.299999992,0.00509858105,2380.0585794351296
SKW-15,SKW-15,2025-07-30 22:41:00,25.0,51.0,717.300000000365,2405.10000000057,217.900000004,279.5,0.00713801347,2380.0768332274083
SKW-15,SKW-15,2025-07-30 22:42:00,28.5,51.0,718.699999999907,2402.70000000032,217.900000004,278.499999992,0.00815772968,999.0489220776387
SKW-15,SKW-15,2025-07-30 22:43:00,28.8,51.0,717.400000000436,2399.29999999936,217.900000004,277.500000002,0.00815772968,977.096647214774
SKW-15,SKW-15,2025-07-30 22:44:00,28.8,51.0,713.700000000717,2399.79999999972,217.799999996,278.400000002,0.00713801347,975.8656508942943
SKW-15,SKW-15,2025-07-30 22:45:00,28.5,51.0,713.100000000292,2399.99999999986,217.799999996,278.6,0.00713801347,999.0179173941583
SKW-15,SKW-15,2025-07-30 22:46:00,25.5,51.0,713.799999999337,2400.40000000014,217.700000006,279.300000002,0.00917744589,2380.087087176339
SKW-15,SKW-15,2025-07-30 22:47:00,24.4,51.0,715.600000000612,2400.60000000028,217.700000006,280.099999994,0.00713801347,2380.0636982916694
SKW-15,SKW-15,2025-07-30 22:48:00,24.6,51.0,717.89999999934,2399.79999999972,217.799999996,278.000000006,0.00611829726,2380.0671798048315
SKW-15,SKW-15,2025-07-30 22:49:00,24.5,51.0,718.699999999907,2399.69999999964,217.799999996,277.599999992,0.00815772968,2380.06438763808
SKW-15,SKW-15,2025-07-30 22:50:00,24.6,51.0,719.600000000544,2399.69999999964,217.900000004,276.699999992,0.00611829726,2380.066250752418
SKW-15,SKW-15,2025-07-30 22:51:00,26.3,51.0,719.700000000615,2399.4999999995,217.900000004,275.9,0.00509858105,2380.098791964598
SKW-15,SKW-15,2025-07-30 22:52:00,27.0,51.0,718.299999999623,2398.20000000003,217.999999994,275.100000008,0.00713801347,2380.108630392624
SKW-15,SKW-15,2025-07-30 22:53:00,28.1,51.0,717.500000000507,2401.00000000057,217.999999994,276.400000004,0.00713801347,1706.9327602149174
SKW-15,SKW-15,2025-07-30 22:54:00,29.0,51.0,717.300000000365,2399.79999999972,218.100000002,276.099999998,0.00611829726,963.7564701438769
SKW-15,SKW-15,2025-07-30 22:55:00,28.9,51.0,714.900000000116,2401.69999999961,217.999999994,276.699999992,0.00611829726,970.658319402831
SKW-15,SKW-15,2025-07-30 22:56:00,28.8,51.0,713.000000000221,2405.4999999994,217.900000004,278.499999992,0.00713801347,975.7248717936066
SKW-15,SKW-15,2025-07-30 22:57:00,28.5,51.0,713.700000000717,2409.49999999933,217.799999996,278.700000008,0.00917744589,998.8440192625301
SKW-15,SKW-15,2025-07-30 22:58:00,26.2,51.0,715.40000000047,2411.89999999958,217.799999996,280.200000002,0.00815772968,2380.0989654381956
SKW-15,SKW-15,2025-07-30 22:59:00,25.0,51.0,716.199999999586,2412.80000000022,217.799999996,280.200000002,0.00713801347,2380.0773186540314
SKW-15,SKW-15,2025-07-30 23:00:00,24.6,51.0,717.600000000578,2412.39999999994,217.799999996,279.699999998,0.00815772968,2380.0679720656844
SKW-15,SKW-15,2025-07-30 23:01:00,27.7,51.0,718.299999999623,2408.4,217.900000004,278.099999996,0.00815772968,2380.117894932506
SKW-15,SKW-15,2025-07-30 23:02:00,28.7,51.0,717.100000000224,2403.89999999972,217.900000004,277.899999998,0.00815772968,984.285444842701
SKW-15,SKW-15,2025-07-30 23:03:00,28.8,51.0,715.700000000683,2403.1000000006,217.900000004,277.899999998,0.00611829726,976.5533413710476
SKW-15,SKW-15,2025-07-30 23:04:00,28.8,51.0,712.199999999654,2402.09999999989,217.700000006,278.499999992,0.00713801347,975.7769506066559
SKW-15,SKW-15,2025-07-30 23:05:00,28.8,51.0,711.6999999993,2403.49999999943,217.700000006,279.5,0.00713801347,974.2737224798286
SKW-15,SKW-15,2025-07-30 23:06:00,28.7,51.0,713.300000000433,2405.4999999994,217.599999998,280.4,0.00815772968,980.6003733458142
SKW-15,SKW-15,2025-07-30 23:07:00,28.0,51.0,715.40000000047,2407.69999999951,217.599999998,281.100000002,0.00611829726,1707.564568645796
SKW-15,SKW-15,2025-07-30 23:08:00,25.4,51.0,716.099999999516,2408.80000000029,217.599999998,281.3,0.00611829726,2380.085791337227
SKW-15,SKW-15,2025-07-30 23:09:00,27.8,51.0,717.999999999411,2410.09999999976,217.599999998,280.700000006,0.00509858105,2380.1196981484004
SKW-15,SKW-15,2025-07-30 23:10:00,27.5,51.0,717.80000000072,2408.90000000036,217.599999998,280.200000002,0.00713801347,2380.116209959407
SKW-15,SKW-15,2025-07-30 23:11:00,27.6,51.0,716.499999999799,2410.2999999999,217.700000006,279.899999996,0.00611829726,2380.117369289672
SKW-15,SKW-15,2025-07-30 23:12:00,26.4,51.0,716.399999999728,2409.30000000064,217.700000006,278.499999992,0.00611829726,2380.101451874456
SKW-15,SKW-15,2025-07-30 23:13:00,24.5,51.0,716.299999999657,2409.20000000057,217.700000006,278.999999996,0.00815772968,2380.065494646567
SKW-15,SKW-15,2025-07-30 23:14:00,24.5,51.0,716.900000000082,2408.90000000036,217.700000006,278.400000002,0.00611829726,2380.065162219749
SKW-15,SKW-15,2025-07-30 23:15:00,28.3,51.0,718.299999999623,2407.79999999958,217.799999996,276.499999994,0.00611829726,1018.1555214915346
SKW-15,SKW-15,2025-07-30 23:16:00,28.9,51.0,716.900000000082,2402.90000000046,217.799999996,276.699999992,0.00509858105,970.6166548736321
SKW-15,SKW-15,2025-07-30 23:17:00,28.9,51.0,713.600000000646,2402.70000000032,217.700000006,278.000000006,0.00713801347,968.771008302641
SKW-15,SKW-15,2025-07-30 23:18:00,28.8,51.0,711.200000000397,2404.60000000021,217.599999998,279.199999994,0.00611829726,974.7650389571818
SKW-15,SKW-15,2025-07-30 23:19:00,28.8,51.0,711.500000000609,2405.89999999968,217.599999998,279.300000002,0.00611829726,974.6027068216359
SKW-15,SKW-15,2025-07-30 23:20:00,28.1,51.0,713.400000000504,2408.19999999986,217.500000008,279.600000008,0.00713801347,1029.3851543666854
SKW-15,SKW-15,2025-07-30 23:21:00,24.1,51.0,715.700000000683,2409.40000000071,217.500000008,280.200000002,0.00611829726,2380.0560596140745
SKW-15,SKW-15,2025-07-30 23:22:00,24.0,51.0,717.500000000507,2408.09999999979,217.599999998,279.5,0.00713801347,2380.052482010626
SKW-15,SKW-15,2025-07-30 23:23:00,25.0,51.0,718.299999999623,2407.10000000053,217.599999998,278.400000002,0.00713801347,2380.076386534719
SKW-15,SKW-15,2025-07-30 23:24:00,26.9,51.0,718.599999999836,2404.90000000043,217.700000006,277.199999996,0.00815772968,2380.10790406244
SKW-15,SKW-15,2025-07-30 23:25:00,28.8,51.0,717.300000000365,2400.09999999993,217.799999996,276.400000004,0.00611829726,978.805071345127
SKW-15,SKW-15,2025-07-30 23:26:00,28.7,51.0,715.300000000399,2397.99999999989,217.799999996,277.100000006,0.00611829726,985.5867705641375
SKW-15,SKW-15,2025-07-30 23:27:00,28.8,51.0,713.999999999479,2397.99999999989,217.799999996,278.400000002,0.00815772968,975.8500097835887
SKW-15,SKW-15,2025-07-30 23:28:00,28.1,51.0,714.09999999955,2398.3000000001,217.799999996,279.100000004,0.00611829726,1030.1781208011769
SKW-15,SKW-15,2025-07-30 23:29:00,24.2,51.0,714.900000000116,2399.19999999929,217.700000006,280.099999994,0.00815772968,2380.058651903559
SKW-15,SKW-15,2025-07-30 23:30:00,23.9,51.0,716.499999999799,2399.10000000067,217.799999996,279.300000002,0.00713801347,2380.0495303458188
SKW-15,SKW-15,2025-07-30 23:31:00,24.6,51.0,718.299999999623,2398.09999999996,217.799999996,276.699999992,0.00611829726,2380.066505560807
SKW-15,SKW-15,2025-07-30 23:32:00,28.0,51.0,718.399999999694,2396.30000000014,217.900000004,276.400000004,0.00815772968,2380.1208069150343
SKW-15,SKW-15,2025-07-30 23:33:00,28.8,51.0,717.700000000649,2393.0000000007,217.900000004,276.000000008,0.00815772968,979.3827872250055
SKW-15,SKW-15,2025-07-30 23:34:00,28.8,51.0,715.300000000399,2389.49999999967,217.900000004,277.800000008,0.00611829726,976.7194692282973
SKW-15,SKW-15,2025-07-30 23:35:00,28.5,51.0,712.499999999867,2389.09999999939,217.799999996,277.500000002,0.00713801347,1000.7378668307797
SKW-15,SKW-15,2025-07-30 23:36:00,26.8,51.0,713.500000000575,2388.99999999932,217.799999996,279.300000002,0.00713801347,2380.107534915893
SKW-15,SKW-15,2025-07-30 23:37:00,24.1,51.0,714.499999999833,2388.9000000007,217.799999996,278.499999992,0.00713801347,2380.0551348102385
SKW-15,SKW-15,2025-07-30 23:38:00,24.9,51.0,716.199999999586,2387.89999999999,217.799999996,278.200000004,0.00611829726,2380.074360306063
SKW-15,SKW-15,2025-07-30 23:39:00,26.1,51.0,717.89999999934,2386.80000000066,217.900000004,277.899999998,0.00713801347,2380.0964128743954
SKW-15,SKW-15,2025-07-30 23:40:00,28.7,51.0,717.700000000649,2383.69999999992,217.900000004,276.900000008,0.00713801347,985.8117135682533
SKW-15,SKW-15,2025-07-30 23:41:00,28.8,51.0,715.600000000612,2380.79999999931,217.900000004,278.000000006,0.00713801347,976.3987327809298
SKW-15,SKW-15,2025-07-30 23:42:00,28.9,51.0,713.400000000504,2381.29999999967,217.799999996,277.199999996,0.00611829726,969.9828953674627
SKW-15,SKW-15,2025-07-30 23:43:00,28.7,51.0,711.899999999442,2382.89999999935,217.700000006,278.999999996,0.00917744589,982.7686402648245
SKW-15,SKW-15,2025-07-30 23:44:00,27.4,51.0,713.000000000221,2386.10000000017,217.700000006,279.5,0.00509858105,2380.115233302676
SKW-15,SKW-15,2025-07-30 23:45:00,24.9,51.0,715.000000000187,2389.49999999967,217.700000006,280.099999994,0.00611829726,2380.0753850606056
SKW-15,SKW-15,2025-07-30 23:46:00,24.7,51.0,716.800000000011,2391.89999999992,217.799999996,278.499999992,0.00611829726,2380.0699217777537
SKW-15,SKW-15,2025-07-30 23:47:00,26.7,51.0,717.600000000578,2392.80000000056,217.799999996,277.899999998,0.00611829726,2380.1054478967194
SKW-15,SKW-15,2025-07-30 23:48:00,28.6,51.0,717.400000000436,2393.09999999932,217.799999996,277.300000004,0.00713801347,993.0596305577259
SKW-15,SKW-15,2025-07-30 23:49:00,28.8,51.0,716.099999999516,2395.29999999943,217.799999996,278.299999994,0.00713801347,975.9361983972217
SKW-15,SKW-15,2025-07-30 23:50:00,28.8,51.0,713.300000000433,2397.99999999989,217.799999996,278.400000002,0.00509858105,975.890087631073
SKW-15,SKW-15,2025-07-30 23:51:00,28.8,51.0,711.799999999371,2399.4999999995,217.700000006,279.699999998,0.00509858105,973.9775022415839
SKW-15,SKW-15,2025-07-30 23:52:00,28.8,51.0,710.800000000113,2405.0000000005,217.599999998,279.699999998,0.00713801347,974.0142751805091
SKW-15,SKW-15,2025-07-30 23:53:00,28.6,51.0,712.199999999654,2410.90000000032,217.599999998,279.800000006,0.00713801347,989.3492233205254
SKW-15,SKW-15,2025-07-30 23:54:00,28.0,51.0,714.09999999955,2415.99999999959,217.599999998,280.900000004,0.00815772968,2380.1221006963783
SKW-15,SKW-15,2025-07-30 23:55:00,25.5,51.0,715.700000000683,2418.90000000019,217.599999998,280.900000004,0.00713801347,2380.0875211804487
SKW-15,SKW-15,2025-07-30 23:56:00,24.8,51.0,716.299999999657,2419.99999999952,217.599999998,281.499999998,0.00713801347,2380.073657280946
SKW-15,SKW-15,2025-07-30 23:57:00,24.1,51.0,717.400000000436,2419.79999999938,217.599999998,279.300000002,0.00815772968,2380.0551595778966
SKW-15,SKW-15,2025-07-30 23:58:00,28.2,51.0,717.500000000507,2416.39999999987,217.700000006,278.099999996,0.00713801347,1023.6783776527634
SKW-15,SKW-15,2025-07-30 23:59:00,28.8,51.0,715.700000000683,2411.59999999937,217.799999996,277.399999994,0.00611829726,977.3288833762048
SKW-15,SKW-15,2025-07-31 00:00:00,28.8,51.0,713.300000000433,2411.89999999958,217.700000006,277.500000002,0.00713801347,977.2629961649701
SKW-15,SKW-15,2025-07-31 00:01:00,28.7,51.0,712.90000000015,2412.19999999979,217.700000006,277.899999998,0.00611829726,984.4380226415967
SKW-15,SKW-15,2025-07-31 00:02:00,28.4,51.0,713.500000000575,2413.59999999934,217.700000006,279.600000008,0.00713801347,1005.3687027239646
SKW-15,SKW-15,2025-07-31 00:03:00,25.0,51.0,714.599999999904,2415.30000000054,217.700000006,279.5,0.00611829726,2380.0773125063206
SKW-15,SKW-15,2025-07-31 00:04:00,24.2,51.0,716.099999999516,2416.60000000001,217.700000006,279.600000008,0.00713801347,2380.0582151708377
SKW-15,SKW-15,2025-07-31 00:05:00,26.0,51.0,717.600000000578,2417.20000000044,217.700000006,277.899999998,0.00611829726,2380.094914382933
SKW-15,SKW-15,2025-07-31 00:06:00,25.6,51.0,717.700000000649,2417.79999999941,217.799999996,277.399999994,0.00713801347,2380.0877726411745
SKW-15,SKW-15,2025-07-31 00:07:00,27.1,51.0,717.400000000436,2417.30000000051,217.799999996,277.7,0.00713801347,2380.1107252400147
SKW-15,SKW-15,2025-07-31 00:08:00,28.1,51.0,716.299999999657,2418.39999999983,217.799999996,277.199999996,0.00611829726,1705.602788359594
SKW-15,SKW-15,2025-07-31 00:09:00,28.9,51.0,714.800000000045,2416.39999999987,217.799999996,276.699999992,0.00713801347,970.6831018831105
SKW-15,SKW-15,2025-07-31 00:10:00,28.8,51.0,713.200000000362,2416.90000000022,217.799999996,278.000000006,0.00611829726,976.4974419249123
SKW-15,SKW-15,2025-07-31 00:11:00,28.8,51.0,711.500000000609,2417.40000000058,217.700000006,279.100000004,0.00509858105,974.8995027006237
SKW-15,SKW-15,2025-07-31 00:12:00,28.8,51.0,711.799999999371,2418.70000000005,217.700000006,279.399999992,0.00611829726,974.4276975268815
SKW-15,SKW-15,2025-07-31 00:13:00,28.2,51.0,713.300000000433,2419.10000000033,217.599999998,279.899999996,0.00713801347,1020.8569742764219
SKW-15,SKW-15,2025-07-31 00:14:00,25.1,51.0,714.900000000116,2419.2000000004,217.599999998,281.3,0.00815772968,2380.0800680356915
SKW-15,SKW-15,2025-07-31 00:15:00,25.0,51.0,715.799999999303,2419.10000000033,217.599999998,280.700000006,0.00611829726,2380.0776950530026
SKW-15,SKW-15,2025-07-31 00:16:00,28.2,51.0,716.800000000011,2417.50000000065,217.700000006,278.999999996,0.00815772968,1022.2541080779474
SKW-15,SKW-15,2025-07-31 00:17:00,28.7,51.0,715.500000000541,2413.59999999934,217.700000006,279.300000002,0.00713801347,982.2099703120344
SKW-15,SKW-15,2025-07-31 00:18:00,28.9,51.0,712.199999999654,2414.49999999997,217.599999998,279.699999998,0.00713801347,966.2695088304446
SKW-15,SKW-15,2025-07-31 00:19:00,28.8,51.0,710.700000000042,2417.20000000044,217.500000008,279.5,0.00611829726,974.3395548758216
SKW-15,SKW-15,2025-07-31 00:20:00,28.8,51.0,711.000000000255,2418.80000000012,217.500000008,280.299999992,0.00509858105,973.1209673893711
SKW-15,SKW-15,2025-07-31 00:21:00,28.6,51.0,712.599999999938,2422.39999999977,217.500000008,279.899999996,0.00815772968,989.1902657223958
SKW-15,SKW-15,2025-07-31 00:22:00,28.1,51.0,714.299999999691,2426.3999999997,217.4,280.4,0.00713801347,1028.1126545627415
SKW-15,SKW-15,2025-07-31 00:23:00,26.6,51.0,715.500000000541,2430.89999999998,217.500000008,281.199999992,0.00713801347,2380.1052275686425
SKW-15,SKW-15,2025-07-31 00:24:00,27.9,51.0,715.899999999374,2432.59999999974,217.500000008,281.600000006,0.00611829726,2380.1211199251056
SKW-15,SKW-15,2025-07-31 00:25:00,26.9,51.0,716.199999999586,2433.70000000052,217.500000008,280.4,0.00611829726,2380.109027237262
SKW-15,SKW-15,2025-07-31 00:26:00,24.7,51.0,715.200000000329,2436.89999999988,217.500000008,280.999999994,0.00611829726,2380.071436195559
SKW-15,SKW-15,2025-07-31 00:27:00,22.9,51.0,715.999999999445,2437.60000000038,217.599999998,278.999999996,0.00713801347,2380.014486664809
SKW-15,SKW-15,2025-07-31 00:28:00,28.6,51.0,716.099999999516,2433.90000000066,217.700000006,277.500000002,0.00611829726,992.7938326463795
SKW-15,SKW-15,2025-07-31 00:29:00,29.0,51.0,715.300000000399,2431.80000000062,217.700000006,277.100000006,0.00611829726,962.3900556957567
SKW-15,SKW-15,2025-07-31 00:30:00,28.8,51.0,713.500000000575,2430.19999999949,217.700000006,278.499999992,0.00611829726,975.7379357138217
SKW-15,SKW-15,2025-07-31 00:31:00,28.8,51.0,711.999999999513,2429.50000000044,217.599999998,278.999999996,0.00611829726,975.0412404679249
SKW-15,SKW-15,2025-07-31 00:32:00,28.4,51.0,712.499999999867,2429.40000000037,217.599999998,280.200000002,0.00713801347,1004.4562262700695
SKW-15,SKW-15,2025-07-31 00:33:00,25.1,51.0,713.899999999408,2429.10000000016,217.599999998,279.699999998,0.00815772968,2380.0795582694964
SKW-15,SKW-15,2025-07-31 00:34:00,23.9,51.0,714.699999999974,2428.79999999995,217.599999998,280.000000004,0.00815772968,2380.050372761219
SKW-15,SKW-15,2025-07-31 00:35:00,28.3,51.0,716.099999999516,2426.49999999977,217.599999998,279.100000004,0.00713801347,1014.0824378866324
SKW-15,SKW-15,2025-07-31 00:36:00,28.9,51.0,715.40000000047,2421.60000000065,217.700000006,277.599999992,0.00713801347,969.3084998086512
SKW-15,SKW-15,2025-07-31 00:37:00,28.7,51.0,712.399999999796,2421.30000000044,217.599999998,278.299999994,0.00611829726,983.8502875009616
SKW-15,SKW-15,2025-07-31 00:38:00,28.8,51.0,710.900000000184,2423.20000000033,217.500000008,278.900000006,0.00713801347,975.2381701716131
SKW-15,SKW-15,2025-07-31 00:39:00,28.4,51.0,711.400000000538,2424.29999999966,217.500000008,280.000000004,0.00611829726,1004.7950181458837
SKW-15,SKW-15,2025-07-31 00:40:00,26.8,51.0,713.000000000221,2426.29999999963,217.500000008,279.899999996,0.00815772968,2380.1078150409267
SKW-15,SKW-15,2025-07-31 00:41:00,25.2,51.0,714.900000000116,2427.99999999938,217.500000008,280.599999998,0.00713801347,2380.081856586856
SKW-15,SKW-15,2025-07-31 00:42:00,27.1,51.0,716.199999999586,2428.59999999981,217.599999998,279.399999992,0.00611829726,2380.1113173915974
SKW-15,SKW-15,2025-07-31 00:43:00,28.7,51.0,716.299999999657,2427.60000000055,217.599999998,278.499999992,0.00713801347,983.4238589496662
SKW-15,SKW-15,2025-07-31 00:44:00,28.8,51.0,714.900000000116,2424.90000000009,217.599999998,279.600000008,0.00611829726,974.027553863794
SKW-15,SKW-15,2025-07-31 00:45:00,28.7,51.0,711.899999999442,2423.79999999931,217.500000008,279.300000002,0.00713801347,982.3410713911462
SKW-15,SKW-15,2025-07-31 00:46:00,28.6,51.0,711.200000000397,2423.50000000055,217.500000008,279.300000002,0.00713801347,990.1534880383095
SKW-15,SKW-15,2025-07-31 00:47:00,26.6,51.0,712.90000000015,2423.60000000062,217.500000008,280.599999998,0.00815772968,2380.1052794912075
SKW-15,SKW-15,2025-07-31 00:48:00,24.8,51.0,713.600000000646,2423.70000000069,217.500000008,280.200000002,0.00611829726,2380.0735448942423
SKW-15,SKW-15,2025-07-31 00:49:00,25.5,51.0,715.500000000541,2423.10000000026,217.599999998,279.300000002,0.00917744589,2380.0869308106376
SKW-15,SKW-15,2025-07-31 00:50:00,28.2,51.0,716.399999999728,2421.79999999934,217.599999998,278.499999992,0.00509858105,1023.0538311054565
SKW-15,SKW-15,2025-07-31 00:51:00,27.9,51.0,715.500000000541,2420.70000000001,217.700000006,278.299999994,0.00611829726,2380.1204049295616
SKW-15,SKW-15,2025-07-31 00:52:00,24.6,51.0,714.900000000116,2422.19999999962,217.599999998,279.100000004,0.00611829726,2380.068254699374
SKW-15,SKW-15,2025-07-31 00:53:00,25.2,51.0,715.000000000187,2422.69999999998,217.700000006,277.800000008,0.00713801347,2380.0806560368997
SKW-15,SKW-15,2025-07-31 00:54:00,27.1,51.0,715.600000000612,2421.40000000051,217.700000006,276.699999992,0.00611829726,2380.1106624364807
SKW-15,SKW-15,2025-07-31 00:55:00,28.8,51.0,714.599999999904,2419.30000000047,217.799999996,277.300000004,0.00713801347,977.5128698497017
SKW-15,SKW-15,2025-07-31 00:56:00,28.8,51.0,712.299999999725,2419.99999999952,217.700000006,277.500000002,0.00713801347,977.2962654531827
SKW-15,SKW-15,2025-07-31 00:57:00,29.1,51.0,711.200000000397,2419.89999999945,217.700000006,277.500000002,0.00713801347,954.3368551254734
SKW-15,SKW-15,2025-07-31 00:58:00,28.9,51.0,710.900000000184,2421.60000000065,217.599999998,278.799999998,0.00611829726,967.6855550776119
SKW-15,SKW-15,2025-07-31 00:59:00,28.1,51.0,712.099999999583,2423.40000000047,217.500000008,279.800000006,0.00611829726,1029.0701646642722
SKW-15,SKW-15,2025-07-31 01:00:00,24.8,51.0,713.899999999408,2425.50000000051,217.500000008,280.099999994,0.00611829726,2380.0734594664896
SKW-15,SKW-15,2025-07-31 01:01:00,25.6,51.0,715.500000000541,2427.00000000012,217.599999998,279.300000002,0.00611829726,2380.088801085262
SKW-15,SKW-15,2025-07-31 01:02:00,28.2,51.0,716.099999999516,2427.30000000034,217.599999998,278.700000008,0.00611829726,1022.737783688106
SKW-15,SKW-15,2025-07-31 01:03:00,28.5,51.0,715.300000000399,2427.60000000055,217.599999998,278.200000004,0.00611829726,999.6125739073713
SKW-15,SKW-15,2025-07-31 01:04:00,28.9,51.0,713.999999999479,2426.90000000005,217.599999998,278.700000008,0.00713801347,967.7099894040617
SKW-15,SKW-15,2025-07-31 01:05:00,28.8,51.0,711.200000000397,2428.79999999995,217.599999998,279.399999992,0.00713801347,974.4557586027923
SKW-15,SKW-15,2025-07-31 01:06:00,28.8,51.0,710.900000000184,2431.50000000041,217.500000008,279.899999996,0.00917744589,973.7088246457569
SKW-15,SKW-15,2025-07-31 01:07:00,28.6,51.0,711.300000000467,2433.00000000002,217.500000008,279.800000006,0.00713801347,989.3821143190931
SKW-15,SKW-15,2025-07-31 01:08:00,27.3,51.0,712.90000000015,2436.09999999932,217.500000008,281.199999992,0.00611829726,2380.114493708309
SKW-15,SKW-15,2025-07-31 01:09:00,25.1,51.0,714.399999999762,2439.09999999999,217.500000008,281.100000002,0.00815772968,2380.080099275962
SKW-15,SKW-15,2025-07-31 01:10:00,25.9,51.0,715.600000000612,2440.79999999974,217.500000008,280.700000006,0.00815772968,2380.0944277124017
SKW-15,SKW-15,2025-07-31 01:11:00,28.2,51.0,715.999999999445,2440.69999999967,217.500000008,280.4,0.00509858105,1020.0524341809762
SKW-15,SKW-15,2025-07-31 01:12:00,26.0,51.0,714.900000000116,2440.19999999932,217.599999998,279.300000002,0.00611829726,2380.095680438047
SKW-15,SKW-15,2025-07-31 01:13:00,27.4,51.0,714.299999999691,2440.19999999932,217.599999998,279.699999998,0.00713801347,2380.1151856344586
SKW-15,SKW-15,2025-07-31 01:14:00,25.5,51.0,713.999999999479,2440.99999999989,217.599999998,278.499999992,0.00815772968,2380.0868351117633
SKW-15,SKW-15,2025-07-31 01:15:00,24.8,51.0,714.499999999833,2440.89999999982,217.700000006,278.099999996,0.00815772968,2380.072353624088
SKW-15,SKW-15,2025-07-31 01:16:00,26.2,51.0,715.700000000683,2438.99999999992,217.700000006,277.300000004,0.00713801347,2380.098101926427
SKW-15,SKW-15,2025-07-31 01:17:00,29.0,51.0,714.900000000116,2432.89999999995,217.799999996,276.999999998,0.00611829726,962.5424431876335
SKW-15,SKW-15,2025-07-31 01:18:00,28.9,51.0,713.700000000717,2431.50000000041,217.700000006,276.999999998,0.00611829726,970.2884085492564
SKW-15,SKW-15,2025-07-31 01:19:00,28.9,51.0,710.199999999688,2429.99999999935,217.599999998,279.100000004,0.00611829726,967.2600368013736
SKW-15,SKW-15,2025-07-31 01:20:00,28.7,51.0,709.600000000714,2429.90000000073,217.500000008,279.600000008,0.00713801347,981.9525651591954
SKW-15,SKW-15,2025-07-31 01:21:00,28.5,51.0,710.499999999901,2430.09999999942,217.500000008,279.699999998,0.00713801347,997.3903715581673
SKW-15,SKW-15,2025-07-31 01:22:00,27.1,51.0,712.800000000079,2430.59999999977,217.4,279.800000006,0.00611829726,2380.1117460482974
SKW-15,SKW-15,2025-07-31 01:23:00,24.5,51.0,714.19999999962,2431.40000000034,217.500000008,280.200000002,0.00611829726,2380.0665500356963
SKW-15,SKW-15,2025-07-31 01:24:00,25.4,51.0,715.700000000683,2431.60000000048,217.500000008,279.800000006,0.00611829726,2380.0853286342267
SKW-15,SKW-15,2025-07-31 01:25:00,24.8,51.0,716.399999999728,2431.90000000069,217.599999998,278.299999994,0.00509858105,2380.0722903313062
SKW-15,SKW-15,2025-07-31 01:26:00,25.4,51.0,716.59999999987,2432.19999999946,217.700000006,277.899999998,0.00917744589,2380.0843677440694
SKW-15,SKW-15,2025-07-31 01:27:00,28.5,51.0,715.799999999303,2430.69999999984,217.700000006,275.9,0.00713801347,1003.1738211989763
SKW-15,SKW-15,2025-07-31 01:28:00,28.8,51.0,714.09999999955,2429.00000000009,217.799999996,276.699999992,0.00713801347,978.4454011797204
SKW-15,SKW-15,2025-07-31 01:29:00,28.7,51.0,711.999999999513,2430.19999999949,217.700000006,278.400000002,0.00611829726,983.6982717138577
SKW-15,SKW-15,2025-07-31 01:30:00,28.7,51.0,711.300000000467,2432.19999999946,217.700000006,278.6,0.00611829726,983.4127942237158
SKW-15,SKW-15,2025-07-31 01:31:00,28.2,51.0,711.899999999442,2433.4000000003,217.700000006,279.399999992,0.00917744589,1021.6515107714374
SKW-15,SKW-15,2025-07-31 01:32:00,25.8,51.0,713.200000000362,2436.09999999932,217.700000006,279.899999996,0.00815772968,2380.092670601288
SKW-15,SKW-15,2025-07-31 01:33:00,24.6,51.0,714.599999999904,2438.59999999964,217.700000006,280.099999994,0.00611829726,2380.0687076998165
SKW-15,SKW-15,2025-07-31 01:34:00,25.8,51.0,715.899999999374,2440.19999999932,217.700000006,278.900000006,0.00509858105,2380.092095112746
SKW-15,SKW-15,2025-07-31 01:35:00,28.5,51.0,716.199999999586,2440.5999999996,217.700000006,277.399999994,0.00815772968,1000.8260511542949
SKW-15,SKW-15,2025-07-31 01:36:00,28.8,51.0,714.800000000045,2438.99999999992,217.799999996,278.999999996,0.00509858105,974.9246749082125
SKW-15,SKW-15,2025-07-31 01:37:00,28.6,51.0,711.400000000538,2442.19999999929,217.700000006,278.799999998,0.00611829726,990.9034925332879
SKW-15,SKW-15,2025-07-31 01:38:00,28.7,51.0,711.000000000255,2444.79999999968,217.700000006,279.800000006,0.00713801347,981.5822588316852
SKW-15,SKW-15,2025-07-31 01:39:00,28.6,51.0,711.6999999993,2445.90000000046,217.599999998,279.699999998,0.00611829726,989.5201633082885
SKW-15,SKW-15,2025-07-31 01:40:00,27.7,51.0,712.099999999583,2446.39999999936,217.599999998,280.599999998,0.00713801347,2380.118969989963
SKW-15,SKW-15,2025-07-31 01:41:00,25.0,51.0,713.600000000646,2446.39999999936,217.599999998,280.999999994,0.00713801347,2380.078088199198
SKW-15,SKW-15,2025-07-31 01:42:00,25.2,51.0,714.599999999904,2444.89999999975,217.599999998,280.4,0.00611829726,2380.0817909585703
SKW-15,SKW-15,2025-07-31 01:43:00,28.6,51.0,715.700000000683,2441.09999999996,217.700000006,279.399999992,0.00815772968,989.8610642117579
SKW-15,SKW-15,2025-07-31 01:44:00,28.8,51.0,713.999999999479,2436.89999999988,217.700000006,278.299999994,0.00611829726,976.0255061741424
SKW-15,SKW-15,2025-07-31 01:45:00,28.0,51.0,712.90000000015,2436.99999999995,217.599999998,278.799999998,0.00611829726,2380.1217698793603
SKW-15,SKW-15,2025-07-31 01:46:00,25.4,51.0,711.999999999513,2437.2000000001,217.599999998,280.299999992,0.00611829726,2380.0859107634233
SKW-15,SKW-15,2025-07-31 01:47:00,25.5,51.0,713.300000000433,2437.10000000002,217.599999998,279.5,0.00611829726,2380.0873150456896
SKW-15,SKW-15,2025-07-31 01:48:00,25.3,51.0,715.000000000187,2436.29999999946,217.700000006,278.099999996,0.00815772968,2380.082730836177
SKW-15,SKW-15,2025-07-31 01:49:00,27.4,51.0,715.600000000612,2434.49999999963,217.799999996,276.8,0.00509858105,2380.114378314997
SKW-15,SKW-15,2025-07-31 01:50:00,28.9,51.0,715.000000000187,2431.70000000055,217.799999996,276.699999992,0.00611829726,970.6815440860111
SKW-15,SKW-15,2025-07-31 01:51:00,28.8,51.0,712.700000000008,2430.19999999949,217.799999996,277.599999992,0.00713801347,977.1184933038006
SKW-15,SKW-15,2025-07-31 01:52:00,28.8,51.0,709.600000000714,2430.59999999977,217.599999998,279.300000002,0.00611829726,974.6687710769684
SKW-15,SKW-15,2025-07-31 01:53:00,28.8,51.0,709.899999999476,2432.89999999995,217.500000008,279.399999992,0.00713801347,974.513691869687
SKW-15,SKW-15,2025-07-31 01:54:00,28.3,51.0,710.700000000042,2434.09999999935,217.500000008,279.399999992,0.00611829726,1013.6783329060677
SKW-15,SKW-15,2025-07-31 01:55:00,26.6,51.0,712.700000000008,2436.4999999996,217.500000008,280.500000008,0.00611829726,2380.105297832984
SKW-15,SKW-15,2025-07-31 01:56:00,25.0,51.0,714.299999999691,2438.49999999957,217.500000008,280.200000002,0.00713801347,2380.0777158233677
SKW-15,SKW-15,2025-07-31 01:57:00,24.6,51.0,715.500000000541,2439.09999999999,217.599999998,279.800000006,0.00713801347,2380.0684653445715
SKW-15,SKW-15,2025-07-31 01:58:00,25.7,51.0,716.299999999657,2438.79999999978,217.700000006,278.799999998,0.00815772968,2380.0902331979355
SKW-15,SKW-15,2025-07-31 01:59:00,28.0,51.0,715.999999999445,2437.80000000052,217.700000006,277.899999998,0.00815772968,2380.1213309380914
SKW-15,SKW-15,2025-07-31 02:00:00,28.7,51.0,714.19999999962,2434.69999999978,217.799999996,277.500000002,0.00713801347,984.9991621476796
SKW-15,SKW-15,2025-07-31 02:01:00,28.8,51.0,712.199999999654,2434.89999999992,217.700000006,277.899999998,0.00611829726,976.695620294782
SKW-15,SKW-15,2025-07-31 02:02:00,28.6,51.0,710.900000000184,2436.59999999967,217.700000006,278.700000008,0.00509858105,991.0739538651549
SKW-15,SKW-15,2025-07-31 02:03:00,28.3,51.0,711.200000000397,2437.30000000017,217.700000006,279.100000004,0.0101971621,1014.1278471999067
SKW-15,SKW-15,2025-07-31 02:04:00,25.3,51.0,713.500000000575,2438.49999999957,217.700000006,280.599999998,0.00713801347,2380.0838866593017
SKW-15,SKW-15,2025-07-31 02:05:00,24.7,51.0,713.999999999479,2438.59999999964,217.700000006,280.299999992,0.00815772968,2380.071146910908
SKW-15,SKW-15,2025-07-31 02:06:00,24.9,51.0,715.300000000399,2437.90000000059,217.700000006,279.5,0.00611829726,2380.0750894662715
SKW-15,SKW-15,2025-07-31 02:07:00,25.4,51.0,716.099999999516,2436.89999999988,217.799999996,278.299999994,0.00611829726,2380.0845917461493
SKW-15,SKW-15,2025-07-31 02:08:00,28.3,51.0,715.999999999445,2435.60000000041,217.799999996,277.199999996,0.00815772968,1017.0678661139434
SKW-15,SKW-15,2025-07-31 02:09:00,28.8,51.0,714.399999999762,2430.09999999942,217.799999996,277.399999994,0.00713801347,977.3668857666113
SKW-15,SKW-15,2025-07-31 02:10:00,28.7,51.0,711.200000000397,2429.40000000037,217.799999996,277.800000008,0.00713801347,984.6254490288247
SKW-15,SKW-15,2025-07-31 02:11:00,28.8,51.0,710.800000000113,2427.99999999938,217.700000006,278.6,0.00611829726,975.6780821169092
SKW-15,SKW-15,2025-07-31 02:12:00,28.7,51.0,711.000000000255,2428.19999999952,217.700000006,280.000000004,0.00815772968,981.271854894357
SKW-15,SKW-15,2025-07-31 02:13:00,27.6,51.0,712.199999999654,2428.29999999959,217.599999998,280.599999998,0.00713801347,2380.1178487331294
SKW-15,SKW-15,2025-07-31 02:14:00,25.2,51.0,712.90000000015,2428.59999999981,217.599999998,280.900000004,0.00611829726,2380.0821977316514
SKW-15,SKW-15,2025-07-31 02:15:00,24.6,51.0,714.09999999955,2428.79999999995,217.700000006,280.900000004,0.00611829726,2380.069149712617
SKW-15,SKW-15,2025-07-31 02:16:00,24.2,51.0,715.600000000612,2428.49999999974,217.700000006,278.6,0.00815772968,2380.05774838876
SKW-15,SKW-15,2025-07-31 02:17:00,25.7,51.0,715.999999999445,2428.69999999988,217.700000006,278.099999996,0.00917744589,2380.0900069027093
SKW-15,SKW-15,2025-07-31 02:18:00,27.6,51.0,715.700000000683,2428.09999999945,217.799999996,276.699999992,0.00815772968,2380.1166587097405
SKW-15,SKW-15,2025-07-31 02:19:00,28.7,51.0,714.19999999962,2427.20000000027,217.900000004,275.9,0.00713801347,987.4484731541919
SKW-15,SKW-15,2025-07-31 02:20:00,28.8,51.0,712.299999999725,2427.10000000019,217.799999996,277.399999994,0.00917744589,977.4261449736733
SKW-15,SKW-15,2025-07-31 02:21:00,28.9,51.0,709.500000000643,2429.3000000003,217.700000006,277.800000008,0.00611829726,969.2358132606308
SKW-15,SKW-15,2025-07-31 02:22:00,28.8,51.0,709.000000000289,2431.00000000006,217.700000006,278.6,0.00509858105,975.744912016506
SKW-15,SKW-15,2025-07-31 02:23:00,28.8,51.0,709.799999999405,2434.00000000073,217.599999998,278.900000006,0.00611829726,975.2690001613958
SKW-15,SKW-15,2025-07-31 02:24:00,28.5,51.0,711.500000000609,2435.70000000048,217.500000008,279.600000008,0.00713801347,997.5238606898857
SKW-15,SKW-15,2025-07-31 02:25:00,28.3,51.0,713.100000000292,2436.99999999995,217.500000008,281.499999998,0.00611829726,1010.3598196756188
SKW-15,SKW-15,2025-07-31 02:26:00,26.4,51.0,713.899999999408,2438.00000000066,217.500000008,281.800000004,0.00713801347,2380.1026914432887
SKW-15,SKW-15,2025-07-31 02:27:00,28.0,51.0,714.499999999833,2436.09999999932,217.500000008,281.199999992,0.00713801347,1707.3979769431503
SKW-15,SKW-15,2025-07-31 02:28:00,28.5,51.0,713.999999999479,2434.19999999942,217.599999998,280.299999992,0.00509858105,996.385404817111
SKW-15,SKW-15,2025-07-31 02:29:00,28.5,51.0,711.500000000609,2433.20000000016,217.500000008,280.4,0.00611829726,996.2899086753499
SKW-15,SKW-15,2025-07-31 02:30:00,28.0,51.0,711.400000000538,2432.69999999981,217.500000008,280.099999994,0.00509858105,2380.1221708649605
SKW-15,SKW-15,2025-07-31 02:31:00,25.7,51.0,712.800000000079,2432.19999999946,217.500000008,280.599999998,0.00611829726,2380.0913524666676
SKW-15,SKW-15,2025-07-31 02:32:00,24.7,51.0,713.200000000362,2431.90000000069,217.599999998,280.900000004,0.00713801347,2380.071604476345
SKW-15,SKW-15,2025-07-31 02:33:00,24.6,51.0,714.299999999691,2430.39999999963,217.599999998,279.5,0.00713801347,2380.0685059202374
SKW-15,SKW-15,2025-07-31 02:34:00,25.4,51.0,715.700000000683,2428.69999999988,217.700000006,278.6,0.0101971621,2380.0847194865937
SKW-15,SKW-15,2025-07-31 02:35:00,28.2,51.0,715.500000000541,2426.19999999956,217.799999996,276.900000008,0.00917744589,1025.5899224141815
SKW-15,SKW-15,2025-07-31 02:36:00,28.7,51.0,713.999999999479,2421.79999999934,217.799999996,276.900000008,0.00713801347,985.92641035291
SKW-15,SKW-15,2025-07-31 02:37:00,28.7,51.0,712.399999999796,2421.00000000023,217.799999996,278.000000006,0.00611829726,984.2887503160407
SKW-15,SKW-15,2025-07-31 02:38:00,28.8,51.0,709.899999999476,2421.89999999941,217.700000006,279.100000004,0.00713801347,974.943936515254
SKW-15,SKW-15,2025-07-31 02:39:00,28.4,51.0,711.000000000255,2424.29999999966,217.700000006,278.999999996,0.00917744589,1006.339785221697
SKW-15,SKW-15,2025-07-31 02:40:00,25.4,51.0,712.299999999725,2427.00000000012,217.700000006,279.899999996,0.00815772968,2380.085647292924
SKW-15,SKW-15,2025-07-31 02:41:00,24.7,51.0,713.700000000717,2428.90000000002,217.700000006,279.100000004,0.00815772968,2380.070652284
SKW-15,SKW-15,2025-07-31 02:42:00,24.6,51.0,714.299999999691,2429.40000000037,217.700000006,278.700000008,0.00917744589,2380.0680335678326
SKW-15,SKW-15,2025-07-31 02:43:00,24.6,51.0,715.300000000399,2430.29999999956,217.799999996,277.300000004,0.0101971621,2380.067149632448
SKW-15,SKW-15,2025-07-31 02:44:00,24.5,51.0,715.899999999374,2430.4999999997,217.799999996,276.499999994,0.00917744589,2380.0642678241506
SKW-15,SKW-15,2025-07-31 02:45:00,27.6,51.0,715.300000000399,2428.29999999959,217.900000004,275.500000004,0.00713801347,2380.11640095976
SKW-15,SKW-15,2025-07-31 02:46:00,28.8,51.0,713.200000000362,2422.90000000012,217.900000004,275.399999996,0.00815772968,980.4442540687571
SKW-15,SKW-15,2025-07-31 02:47:00,28.9,51.0,711.999999999513,2422.09999999955,217.900000004,276.200000006,0.00815772968,971.526108399442
SKW-15,SKW-15,2025-07-31 02:48:00,28.9,51.0,709.600000000714,2421.1000000003,217.799999996,277.599999992,0.00611829726,969.5205847695044
SKW-15,SKW-15,2025-07-31 02:49:00,28.8,51.0,709.999999999547,2421.50000000058,217.799999996,278.700000008,0.00815772968,975.5302535159942
SKW-15,SKW-15,2025-07-31 02:50:00,28.6,51.0,711.500000000609,2422.59999999991,217.700000006,279.300000002,0.00611829726,990.1313291632698
SKW-15,SKW-15,2025-07-31 02:51:00,27.3,51.0,712.299999999725,2423.40000000047,217.700000006,279.899999996,0.00509858105,2380.1141899174995
SKW-15,SKW-15,2025-07-31 02:52:00,25.7,51.0,713.300000000433,2424.90000000009,217.700000006,280.099999994,0.00815772968,2380.0910125949285
SKW-15,SKW-15,2025-07-31 02:53:00,26.1,51.0,714.399999999762,2425.89999999934,217.700000006,280.000000004,0.00713801347,2380.097496321542
SKW-15,SKW-15,2025-07-31 02:54:00,28.1,51.0,714.800000000045,2424.90000000009,217.799999996,278.999999996,0.00815772968,1030.336126842588
SKW-15,SKW-15,2025-07-31 02:55:00,28.5,51.0,713.000000000221,2423.99999999945,217.799999996,278.499999992,0.00713801347,999.1751490231138
SKW-15,SKW-15,2025-07-31 02:56:00,28.8,51.0,711.6999999993,2425.30000000037,217.799999996,279.699999998,0.00611829726,973.9627165145325
SKW-15,SKW-15,2025-07-31 02:57:00,28.8,51.0,710.099999999618,2427.70000000062,217.700000006,279.5,0.00611829726,974.3352269621465
SKW-15,SKW-15,2025-07-31 02:58:00,28.7,51.0,710.199999999688,2429.90000000073,217.599999998,280.099999994,0.00713801347,981.1599512974657
SKW-15,SKW-15,2025-07-31 02:59:00,28.4,51.0,710.800000000113,2431.80000000062,217.599999998,280.599999998,0.00611829726,1003.8656339073787
SKW-15,SKW-15,2025-07-31 03:00:00,27.3,51.0,712.099999999583,2433.20000000016,217.500000008,281.199999992,0.00713801347,2380.114542445474
SKW-15,SKW-15,2025-07-31 03:01:00,24.8,51.0,712.800000000079,2433.90000000066,217.599999998,280.900000004,0.00713801347,2380.07388682411
SKW-15,SKW-15,2025-07-31 03:02:00,24.2,51.0,713.799999999337,2434.49999999963,217.599999998,280.700000006,0.00917744589,2380.059181996274
SKW-15,SKW-15,2025-07-31 03:03:00,25.8,51.0,715.000000000187,2433.4000000003,217.599999998,279.199999994,0.00713801347,2380.0922983827218
SKW-15,SKW-15,2025-07-31 03:04:00,22.5,51.0,715.300000000399,2431.99999999931,217.700000006,277.7,0.00611829726,2379.995158877211
SKW-15,SKW-15,2025-07-31 03:05:00,22.8,51.0,715.200000000329,2431.10000000013,217.799999996,276.499999994,0.00713801347,2380.0080580850827
SKW-15,SKW-15,2025-07-31 03:06:00,28.0,51.0,714.900000000116,2428.19999999952,217.900000004,273.700000004,0.00815772968,2380.0249702290394
SKW-15,SKW-15,2025-07-31 03:07:00,29.1,51.0,713.400000000504,2422.2999999997,217.999999994,273.900000002,0.00713801347,959.4097365945508
SKW-15,SKW-15,2025-07-31 03:08:00,29.1,51.0,711.100000000326,2421.1000000003,217.999999994,276.099999998,0.00611829726,956.3928718637973
SKW-15,SKW-15,2025-07-31 03:09:00,28.8,51.0,709.10000000036,2422.2999999997,217.799999996,277.800000008,0.00713801347,976.9342141533659
SKW-15,SKW-15,2025-07-31 03:10:00,28.9,51.0,709.200000000431,2423.10000000026,217.799999996,277.599999992,0.00815772968,969.523746897917
SKW-15,SKW-15,2025-07-31 03:11:00,28.8,51.0,710.599999999972,2425.00000000016,217.700000006,278.900000006,0.00611829726,975.2290229470549
SKW-15,SKW-15,2025-07-31 03:12:00,28.0,51.0,712.199999999654,2427.20000000027,217.700000006,280.000000004,0.00713801347,2380.122028571491
SKW-15,SKW-15,2025-07-31 03:13:00,26.2,51.0,713.400000000504,2429.00000000009,217.700000006,280.700000006,0.00713801347,2380.0993627773664
SKW-15,SKW-15,2025-07-31 03:14:00,27.7,51.0,714.09999999955,2429.50000000044,217.700000006,280.299999992,0.00713801347,2380.1187387450223
SKW-15,SKW-15,2025-07-31 03:15:00,28.8,51.0,714.09999999955,2427.20000000027,217.700000006,279.600000008,0.00611829726,974.0429800742413
SKW-15,SKW-15,2025-07-31 03:16:00,28.9,51.0,711.200000000397,2425.60000000058,217.700000006,280.099999994,0.00917744589,965.6787411298044
SKW-15,SKW-15,2025-07-31 03:17:00,28.8,51.0,708.800000000147,2426.29999999963,217.599999998,280.700000006,0.00917744589,972.5579920852097
SKW-15,SKW-15,2025-07-31 03:18:00,28.7,51.0,709.400000000572,2426.79999999998,217.500000008,280.099999994,0.00713801347,981.1958476661789
SKW-15,SKW-15,2025-07-31 03:19:00,28.8,51.0,710.199999999688,2427.10000000019,217.500000008,280.599999998,0.00713801347,972.6835411187714
SKW-15,SKW-15,2025-07-31 03:20:00,28.3,51.0,711.799999999371,2427.10000000019,217.500000008,280.599999998,0.00713801347,1011.7835800064131
SKW-15,SKW-15,2025-07-31 03:21:00,26.1,51.0,712.800000000079,2427.10000000019,217.500000008,281.400000008,0.00611829726,2380.098175715365
SKW-15,SKW-15,2025-07-31 03:22:00,27.3,51.0,713.600000000646,2427.00000000012,217.500000008,281.199999992,0.00713801347,2380.114428484164
SKW-15,SKW-15,2025-07-31 03:23:00,28.8,51.0,713.600000000646,2422.69999999998,217.599999998,280.700000006,0.00917744589,972.3848621733882
SKW-15,SKW-15,2025-07-31 03:24:00,28.9,51.0,712.399999999796,2421.50000000058,217.500000008,280.099999994,0.00713801347,965.6723360744509
SKW-15,SKW-15,2025-07-31 03:25:00,28.8,51.0,709.200000000431,2421.89999999941,217.500000008,280.900000004,0.00611829726,972.270904556512
SKW-15,SKW-15,2025-07-31 03:26:00,28.7,51.0,709.300000000501,2423.79999999931,217.4,281.100000002,0.00611829726,979.6913618732318
SKW-15,SKW-15,2025-07-31 03:27:00,28.5,51.0,710.599999999972,2426.29999999963,217.4,280.900000004,0.00611829726,995.5454439223925
SKW-15,SKW-15,2025-07-31 03:28:00,27.8,51.0,712.099999999583,2428.49999999974,217.4,281.699999996,0.00713801347,2380.120344986546
SKW-15,SKW-15,2025-07-31 03:29:00,25.7,51.0,712.700000000008,2429.3000000003,217.4,281.400000008,0.00611829726,2380.0916742901522
SKW-15,SKW-15,2025-07-31 03:30:00,25.7,51.0,713.500000000575,2429.50000000044,217.4,280.900000004,0.00611829726,2380.0914172564753
SKW-15,SKW-15,2025-07-31 03:31:00,25.9,51.0,714.09999999955,2429.00000000009,217.500000008,279.699999998,0.00917744589,2380.0942435092443
SKW-15,SKW-15,2025-07-31 03:32:00,28.6,51.0,713.799999999337,2425.89999999934,217.599999998,279.800000006,0.00611829726,989.3115807431786
SKW-15,SKW-15,2025-07-31 03:33:00,28.7,51.0,711.200000000397,2424.09999999952,217.599999998,278.499999992,0.00713801347,983.5747901939462
SKW-15,SKW-15,2025-07-31 03:34:00,28.8,51.0,709.799999999405,2424.09999999952,217.599999998,278.999999996,0.00509858105,975.1226285247692
SKW-15,SKW-15,2025-07-31 03:35:00,28.6,51.0,709.300000000501,2425.80000000072,217.500000008,278.900000006,0.00509858105,990.824659189221
SKW-15,SKW-15,2025-07-31 03:36:00,28.3,51.0,710.599999999972,2428.39999999966,217.500000008,280.4,0.00713801347,1012.1116225848615
SKW-15,SKW-15,2025-07-31 03:37:00,25.4,51.0,711.799999999371,2430.59999999977,217.500000008,280.999999994,0.00611829726,2380.0862337887374
SKW-15,SKW-15,2025-07-31 03:38:00,24.5,51.0,712.399999999796,2431.40000000034,217.500000008,280.900000004,0.00815772968,2380.0671065418
SKW-15,SKW-15,2025-07-31 03:39:00,25.7,51.0,713.500000000575,2431.2000000002,217.500000008,279.399999992,0.00713801347,2380.090848613629
SKW-15,SKW-15,2025-07-31 03:40:00,28.6,51.0,714.09999999955,2429.20000000023,217.599999998,277.500000002,0.00611829726,992.8506424635806
SKW-15,SKW-15,2025-07-31 03:41:00,28.7,51.0,712.299999999725,2426.19999999956,217.599999998,277.800000008,0.00713801347,984.6145789632118
SKW-15,SKW-15,2025-07-31 03:42:00,28.8,51.0,709.600000000714,2427.30000000034,217.500000008,278.799999998,0.00611829726,975.4401047421208
SKW-15,SKW-15,2025-07-31 03:43:00,28.7,51.0,708.900000000218,2428.79999999995,217.500000008,278.900000006,0.00815772968,983.0375538043143
SKW-15,SKW-15,2025-07-31 03:44:00,28.3,51.0,709.899999999476,2432.29999999953,217.500000008,279.699999998,0.00713801347,1013.2158298816183
SKW-15,SKW-15,2025-07-31 03:45:00,26.1,51.0,711.300000000467,2435.80000000055,217.500000008,279.699999998,0.00611829726,2380.097801643928
SKW-15,SKW-15,2025-07-31 03:46:00,24.9,51.0,712.399999999796,2438.79999999978,217.500000008,280.4,0.00611829726,2380.0759645440576
SKW-15,SKW-15,2025-07-31 03:47:00,24.8,51.0,713.400000000504,2439.90000000056,217.500000008,279.199999994,0.00713801347,2380.07311605376
SKW-15,SKW-15,2025-07-31 03:48:00,27.6,51.0,713.899999999408,2439.90000000056,217.599999998,278.6,0.00713801347,2380.1172812130703
SKW-15,SKW-15,2025-07-31 03:49:00,27.5,51.0,713.600000000646,2436.39999999953,217.599999998,277.500000002,0.00815772968,2380.115891165167
SKW-15,SKW-15,2025-07-31 03:50:00,28.5,51.0,712.299999999725,2433.60000000045,217.599999998,278.400000002,0.00713801347,999.358996430868
SKW-15,SKW-15,2025-07-31 03:51:00,28.6,51.0,710.299999999759,2430.19999999949,217.599999998,278.099999996,0.00815772968,992.0097985177824
SKW-15,SKW-15,2025-07-31 03:52:00,28.7,51.0,709.500000000643,2429.90000000073,217.599999998,278.299999994,0.00611829726,983.935277360484
SKW-15,SKW-15,2025-07-31 03:53:00,28.2,51.0,709.999999999547,2429.10000000016,217.599999998,279.100000004,0.00713801347,1022.1415471717204
SKW-15,SKW-15,2025-07-31 03:54:00,24.8,51.0,711.100000000326,2428.19999999952,217.599999998,279.5,0.00917744589,2380.073474464625
SKW-15,SKW-15,2025-07-31 03:55:00,24.8,51.0,712.099999999583,2426.69999999991,217.599999998,279.800000006,0.00611829726,2380.0735309208744
SKW-15,SKW-15,2025-07-31 03:56:00,25.6,51.0,713.500000000575,2424.4999999998,217.599999998,278.299999994,0.00713801347,2380.0886582312714
SKW-15,SKW-15,2025-07-31 03:57:00,28.0,51.0,713.799999999337,2423.20000000033,217.599999998,277.800000008,0.00713801347,2380.1214925737845
SKW-15,SKW-15,2025-07-31 03:58:00,28.7,51.0,713.100000000292,2417.89999999948,217.700000006,276.999999998,0.00713801347,985.8084116079126
SKW-15,SKW-15,2025-07-31 03:59:00,28.7,51.0,710.199999999688,2415.5999999993,217.599999998,278.099999996,0.00611829726,984.2207213741443
SKW-15,SKW-15,2025-07-31 04:00:00,28.8,51.0,708.399999999864,2415.1000000004,217.599999998,278.499999992,0.0101971621,975.9025780275739
SKW-15,SKW-15,2025-07-31 04:01:00,28.7,51.0,709.200000000431,2416.49999999994,217.500000008,279.399999992,0.00815772968,982.2651700618129
SKW-15,SKW-15,2025-07-31 04:02:00,28.1,51.0,709.999999999547,2417.40000000058,217.500000008,279.699999998,0.00611829726,1029.2329361138306
SKW-15,SKW-15,2025-07-31 04:03:00,25.6,51.0,711.300000000467,2419.60000000068,217.500000008,280.4,0.00611829726,2380.089702758245
SKW-15,SKW-15,2025-07-31 04:04:00,25.9,51.0,712.299999999725,2421.60000000065,217.500000008,280.500000008,0.00917744589,2380.094691991329
SKW-15,SKW-15,2025-07-31 04:05:00,28.5,51.0,713.100000000292,2421.30000000044,217.500000008,280.099999994,0.00611829726,996.7190990642264
SKW-15,SKW-15,2025-07-31 04:06:00,28.8,51.0,711.60000000068,2418.29999999976,217.500000008,279.199999994,0.00815772968,974.7527374584208
SKW-15,SKW-15,2025-07-31 04:07:00,28.7,51.0,710.199999999688,2419.00000000026,217.4,279.300000002,0.00611829726,982.408118407036
SKW-15,SKW-15,2025-07-31 04:08:00,28.6,51.0,709.000000000289,2418.70000000005,217.4,279.199999994,0.00611829726,990.3765218692794
SKW-15,SKW-15,2025-07-31 04:09:00,28.4,51.0,709.400000000572,2421.40000000051,217.4,280.4,0.00713801347,1004.2103863719651
SKW-15,SKW-15,2025-07-31 04:10:00,26.2,51.0,710.800000000113,2424.29999999966,217.4,280.999999994,0.00611829726,2380.099825895749
SKW-15,SKW-15,2025-07-31 04:11:00,25.0,51.0,711.500000000609,2425.80000000072,217.4,280.500000008,0.00611829726,2380.078277373583
SKW-15,SKW-15,2025-07-31 04:12:00,25.0,51.0,713.200000000362,2429.20000000023,217.4,279.199999994,0.00611829726,2380.077519952737
SKW-15,SKW-15,2025-07-31 04:13:00,27.0,51.0,713.600000000646,2430.29999999956,217.500000008,278.6,0.00815772968,2380.1100557702116
SKW-15,SKW-15,2025-07-31 04:14:00,28.6,51.0,713.200000000362,2430.39999999963,217.500000008,277.199999996,0.00611829726,993.343972631715
SKW-15,SKW-15,2025-07-31 04:15:00,28.8,51.0,710.39999999983,2432.49999999967,217.500000008,278.299999994,0.00611829726,976.1722721535965
SKW-15,SKW-15,2025-07-31 04:16:00,28.7,51.0,709.200000000431,2434.39999999956,217.500000008,279.399999992,0.00713801347,982.2699514710124
SKW-15,SKW-15,2025-07-31 04:17:00,28.4,51.0,709.200000000431,2437.60000000038,217.4,278.999999996,0.00611829726,1006.3930020024919
SKW-15,SKW-15,2025-07-31 04:18:00,26.6,51.0,710.199999999688,2440.00000000063,217.4,280.4,0.00815772968,2380.105495798317
SKW-15,SKW-15,2025-07-31 04:19:00,24.7,51.0,711.300000000467,2440.00000000063,217.4,279.699999998,0.00713801347,2380.071447841427
SKW-15,SKW-15,2025-07-31 04:20:00,24.6,51.0,712.700000000008,2437.70000000045,217.500000008,278.799999998,0.00611829726,2380.0684990367263
SKW-15,SKW-15,2025-07-31 04:21:00,25.1,51.0,713.400000000504,2436.39999999953,217.500000008,278.099999996,0.00815772968,2380.0790269988843
SKW-15,SKW-15,2025-07-31 04:22:00,24.7,51.0,713.999999999479,2433.70000000052,217.599999998,277.800000008,0.00815772968,2380.070074414321
SKW-15,SKW-15,2025-07-31 04:23:00,26.8,51.0,713.899999999408,2430.89999999998,217.599999998,276.900000008,0.00815772968,2380.1069109848777
SKW-15,SKW-15,2025-07-31 04:24:00,28.7,51.0,712.399999999796,2425.30000000037,217.700000006,276.000000008,0.00713801347,987.3635464373837
SKW-15,SKW-15,2025-07-31 04:25:00,28.8,51.0,711.200000000397,2423.70000000069,217.700000006,276.099999998,0.00713801347,979.4664413663165
SKW-15,SKW-15,2025-07-31 04:26:00,28.8,51.0,709.000000000289,2422.2999999997,217.599999998,277.100000006,0.00713801347,978.0260596648942
SKW-15,SKW-15,2025-07-31 04:27:00,28.6,51.0,709.000000000289,2422.80000000005,217.599999998,278.499999992,0.00509858105,991.4379815263712
SKW-15,SKW-15,2025-07-31 04:28:00,28.2,51.0,710.099999999618,2423.89999999938,217.500000008,279.399999992,0.00611829726,1021.6711252753882
SKW-15,SKW-15,2025-07-31 04:29:00,25.5,51.0,711.400000000538,2425.30000000037,217.500000008,280.000000004,0.00713801347,2380.0877385932636
SKW-15,SKW-15,2025-07-31 04:30:00,25.1,51.0,712.599999999938,2426.69999999991,217.599999998,280.099999994,0.00815772968,2380.0798860843975
SKW-15,SKW-15,2025-07-31 04:31:00,27.0,51.0,712.90000000015,2427.00000000012,217.599999998,278.999999996,0.00713801347,2380.110197742332
SKW-15,SKW-15,2025-07-31 04:32:00,27.9,51.0,713.100000000292,2426.69999999991,217.599999998,278.499999992,0.00713801347,2380.120624638906
SKW-15,SKW-15,2025-07-31 04:33:00,24.7,51.0,711.60000000068,2430.79999999991,217.599999998,278.799999998,0.00713801347,2380.070897811597
SKW-15,SKW-15,2025-07-31 04:34:00,28.0,51.0,711.899999999442,2432.29999999953,217.599999998,278.000000006,0.00815772968,2380.1216503967057
SKW-15,SKW-15,2025-07-31 04:35:00,28.8,51.0,711.799999999371,2431.90000000069,217.700000006,277.399999994,0.00713801347,977.4652174146604
SKW-15,SKW-15,2025-07-31 04:36:00,28.7,51.0,709.10000000036,2435.3000000002,217.599999998,277.500000002,0.00713801347,985.1658526884969
SKW-15,SKW-15,2025-07-31 04:37:00,28.9,51.0,708.299999999793,2440.00000000063,217.500000008,278.499999992,0.00713801347,968.2466434013361
SKW-15,SKW-15,2025-07-31 04:38:00,28.7,51.0,709.300000000501,2443.80000000042,217.4,279.300000002,0.00509858105,982.4400113700144
SKW-15,SKW-15,2025-07-31 04:39:00,28.5,51.0,710.39999999983,2446.99999999978,217.4,280.4,0.00713801347,996.3184577711498
SKW-15,SKW-15,2025-07-31 04:40:00,26.9,51.0,711.000000000255,2447.70000000028,217.4,280.900000004,0.00713801347,2380.1096041508536
SKW-15,SKW-15,2025-07-31 04:41:00,24.4,51.0,711.999999999513,2448.4999999994,217.4,280.799999996,0.00713801347,2380.064776689925
SKW-15,SKW-15,2025-07-31 04:42:00,27.4,51.0,712.800000000079,2447.80000000035,217.4,279.899999996,0.00713801347,2380.1153985752085
SKW-15,SKW-15,2025-07-31 04:43:00,28.8,51.0,712.399999999796,2444.00000000056,217.500000008,278.299999994,0.00509858105,976.1098469682246
SKW-15,SKW-15,2025-07-31 04:44:00,28.7,51.0,709.500000000643,2442.39999999943,217.500000008,278.900000006,0.00611829726,983.029104280933
SKW-15,SKW-15,2025-07-31 04:45:00,28.8,51.0,708.900000000218,2441.50000000024,217.4,278.700000008,0.00611829726,975.628187901228
SKW-15,SKW-15,2025-07-31 04:46:00,28.5,51.0,709.400000000572,2441.09999999996,217.4,279.800000006,0.00713801347,997.2669023942224
SKW-15,SKW-15,2025-07-31 04:47:00,27.8,51.0,710.39999999983,2440.19999999932,217.4,279.899999996,0.00611829726,2380.1200905299966
SKW-15,SKW-15,2025-07-31 04:48:00,25.0,51.0,711.300000000467,2439.30000000013,217.4,280.900000004,0.00713801347,2380.0784457014593
SKW-15,SKW-15,2025-07-31 04:49:00,24.4,51.0,712.199999999654,2437.80000000052,217.4,279.699999998,0.00713801347,2380.064211238783
SKW-15,SKW-15,2025-07-31 04:50:00,24.7,51.0,712.90000000015,2436.79999999981,217.500000008,278.6,0.00713801347,2380.0706718671636
SKW-15,SKW-15,2025-07-31 04:51:00,26.5,51.0,713.799999999337,2434.69999999978,217.500000008,277.7,0.00713801347,2380.10298092727
SKW-15,SKW-15,2025-07-31 04:52:00,28.4,51.0,713.100000000292,2431.30000000027,217.599999998,276.999999998,0.00611829726,1009.4443710226757
SKW-15,SKW-15,2025-07-31 04:53:00,28.6,51.0,710.900000000184,2429.00000000009,217.599999998,277.7,0.00713801347,992.6152947001173
SKW-15,SKW-15,2025-07-31 04:54:00,28.6,51.0,709.600000000714,2429.99999999935,217.599999998,278.799999998,0.00713801347,990.9538202248269
SKW-15,SKW-15,2025-07-31 04:55:00,28.1,51.0,709.699999999334,2430.59999999977,217.599999998,278.799999998,0.00611829726,1030.6611020216612
SKW-15,SKW-15,2025-07-31 04:56:00,24.9,51.0,710.599999999972,2431.90000000069,217.599999998,279.5,0.00713801347,2380.0757599289173
SKW-15,SKW-15,2025-07-31 04:57:00,24.2,51.0,711.60000000068,2432.49999999967,217.599999998,279.300000002,0.00611829726,2380.0589043375253
SKW-15,SKW-15,2025-07-31 04:58:00,24.6,51.0,712.90000000015,2431.99999999931,217.599999998,277.100000006,0.00713801347,2380.06760084234
SKW-15,SKW-15,2025-07-31 04:59:00,25.4,51.0,713.200000000362,2431.50000000041,217.599999998,277.199999996,0.00815772968,2380.0845800946763
SKW-15,SKW-15,2025-07-31 05:00:00,27.8,51.0,713.700000000717,2429.80000000066,217.700000006,275.9,0.00713801347,2380.118915246431
SKW-15,SKW-15,2025-07-31 05:01:00,28.5,51.0,712.700000000008,2425.40000000044,217.799999996,276.299999996,0.00713801347,1002.599955890159
SKW-15,SKW-15,2025-07-31 05:02:00,28.7,51.0,709.699999999334,2424.19999999959,217.700000006,277.300000004,0.00611829726,985.4491286736958
SKW-15,SKW-15,2025-07-31 05:03:00,28.8,51.0,708.700000000076,2423.99999999945,217.700000006,277.899999998,0.00815772968,976.8023836657397
SKW-15,SKW-15,2025-07-31 05:04:00,28.7,51.0,708.700000000076,2424.59999999987,217.599999998,278.400000002,0.00815772968,983.7965949646624
SKW-15,SKW-15,2025-07-31 05:05:00,28.2,51.0,709.600000000714,2425.89999999934,217.599999998,279.800000006,0.00713801347,1021.040540814272
SKW-15,SKW-15,2025-07-31 05:06:00,25.7,51.0,710.800000000113,2427.40000000041,217.599999998,279.699999998,0.00815772968,2380.0911915938154
SKW-15,SKW-15,2025-07-31 05:07:00,25.7,51.0,711.799999999371,2428.09999999945,217.599999998,279.699999998,0.00611829726,2380.0911162954553
SKW-15,SKW-15,2025-07-31 05:08:00,28.6,51.0,712.399999999796,2425.2000000003,217.599999998,279.5,0.00509858105,989.8138028142721
SKW-15,SKW-15,2025-07-31 05:09:00,27.0,51.0,711.6999999993,2425.50000000051,217.599999998,278.6,0.00713801347,2380.110194650643
SKW-15,SKW-15,2025-07-31 05:10:00,24.2,51.0,711.300000000467,2425.50000000051,217.599999998,279.100000004,0.00611829726,2380.058850824847
SKW-15,SKW-15,2025-07-31 05:11:00,28.2,51.0,711.6999999993,2422.2999999997,217.599999998,278.200000004,0.00611829726,1023.5538309385472
SKW-15,SKW-15,2025-07-31 05:12:00,28.9,51.0,710.299999999759,2419.2000000004,217.599999998,277.100000006,0.00713801347,970.2716394850423
SKW-15,SKW-15,2025-07-31 05:13:00,28.9,51.0,709.000000000289,2419.00000000026,217.599999998,278.000000006,0.00611829726,968.966499803081
SKW-15,SKW-15,2025-07-31 05:14:00,28.7,51.0,708.099999999651,2420.29999999973,217.500000008,278.999999996,0.00713801347,982.9134522710262
SKW-15,SKW-15,2025-07-31 05:15:00,28.6,51.0,709.000000000289,2422.39999999977,217.4,279.399999992,0.00713801347,990.0653690745639
SKW-15,SKW-15,2025-07-31 05:16:00,28.5,51.0,710.099999999618,2424.90000000009,217.4,279.800000006,0.00509858105,997.2587279350892
SKW-15,SKW-15,2025-07-31 05:17:00,25.3,51.0,711.100000000326,2427.60000000055,217.4,280.700000006,0.00611829726,2380.0843676066247
SKW-15,SKW-15,2025-07-31 05:18:00,24.3,51.0,711.400000000538,2428.59999999981,217.4,280.4,0.00917744589,2380.062126505614
SKW-15,SKW-15,2025-07-31 05:19:00,24.7,51.0,712.599999999938,2428.90000000002,217.500000008,278.6,0.00713801347,2380.070715452703
SKW-15,SKW-15,2025-07-31 05:20:00,24.9,51.0,713.500000000575,2428.39999999966,217.500000008,277.599999992,0.00611829726,2380.074627266874
SKW-15,SKW-15,2025-07-31 05:21:00,28.4,51.0,712.299999999725,2425.40000000044,217.599999998,276.299999996,0.00611829726,1010.5505300326073
SKW-15,SKW-15,2025-07-31 05:22:00,28.7,51.0,709.999999999547,2424.90000000009,217.599999998,276.499999994,0.00611829726,986.6764542288429
SKW-15,SKW-15,2025-07-31 05:23:00,29.0,51.0,709.000000000289,2425.80000000072,217.599999998,277.300000004,0.00611829726,962.368889688441
SKW-15,SKW-15,2025-07-31 05:24:00,28.8,51.0,708.499999999935,2427.40000000041,217.500000008,278.299999994,0.00509858105,976.2418635634249
SKW-15,SKW-15,2025-07-31 05:25:00,28.7,51.0,708.900000000218,2430.59999999977,217.500000008,279.899999996,0.00611829726,981.5211028937944
SKW-15,SKW-15,2025-07-31 05:26:00,28.2,51.0,710.199999999688,2433.00000000002,217.4,280.299999992,0.00611829726,1020.2550087558241
SKW-15,SKW-15,2025-07-31 05:27:00,25.8,51.0,711.200000000397,2434.19999999942,217.4,280.799999996,0.00713801347,2380.093316945616
SKW-15,SKW-15,2025-07-31 05:28:00,24.6,51.0,711.799999999371,2434.29999999949,217.500000008,280.799999996,0.00713801347,2380.0695274902278
SKW-15,SKW-15,2025-07-31 05:29:00,27.4,51.0,712.700000000008,2433.20000000016,217.500000008,279.699999998,0.00713801347,2380.115332680713
SKW-15,SKW-15,2025-07-31 05:30:00,28.5,51.0,712.299999999725,2428.90000000002,217.500000008,278.099999996,0.00917744589,999.8252790142832
SKW-15,SKW-15,2025-07-31 05:31:00,28.5,51.0,709.799999999405,2426.90000000005,217.500000008,278.099999996,0.00509858105,999.8872068842811
SKW-15,SKW-15,2025-07-31 05:32:00,28.5,51.0,709.10000000036,2425.60000000058,217.500000008,278.000000006,0.00815772968,1000.0465052891445
SKW-15,SKW-15,2025-07-31 05:33:00,28.3,51.0,709.000000000289,2425.60000000058,217.500000008,279.199999994,0.00611829726,1014.010817150931
SKW-15,SKW-15,2025-07-31 05:34:00,25.2,51.0,709.899999999476,2425.60000000058,217.500000008,279.800000006,0.00611829726,2380.0821924802203
SKW-15,SKW-15,2025-07-31 05:35:00,24.5,51.0,711.000000000255,2425.2000000003,217.500000008,280.200000002,0.00917744589,2380.0669659731857
SKW-15,SKW-15,2025-07-31 05:36:00,24.5,51.0,712.099999999583,2423.79999999931,217.500000008,277.7,0.00509858105,2380.065707546394
SKW-15,SKW-15,2025-07-31 05:37:00,24.6,51.0,712.800000000079,2423.20000000033,217.599999998,277.300000004,0.00509858105,2380.0677570260045
SKW-15,SKW-15,2025-07-31 05:38:00,24.6,51.0,713.500000000575,2421.99999999948,217.599999998,276.600000002,0.00713801347,2380.0672759052527
SKW-15,SKW-15,2025-07-31 05:39:00,26.3,51.0,713.400000000504,2420.49999999987,217.700000006,276.299999996,0.00815772968,2380.099552604757
SKW-15,SKW-15,2025-07-31 05:40:00,28.6,51.0,711.6999999993,2415.79999999944,217.799999996,274.699999994,0.00713801347,997.2149461976801
SKW-15,SKW-15,2025-07-31 05:41:00,28.8,51.0,708.800000000147,2415.00000000033,217.799999996,275.799999992,0.00713801347,979.9886045786344
SKW-15,SKW-15,2025-07-31 05:42:00,28.7,51.0,707.89999999951,2415.00000000033,217.700000006,275.599999994,0.00509858105,988.1074744899736
SKW-15,SKW-15,2025-07-31 05:43:00,28.7,51.0,707.999999999581,2415.40000000061,217.599999998,277.599999992,0.00611829726,985.0488187103061
SKW-15,SKW-15,2025-07-31 05:44:00,28.6,51.0,709.10000000036,2415.30000000054,217.599999998,278.999999996,0.00815772968,990.6549260748918
SKW-15,SKW-15,2025-07-31 05:45:00,27.7,51.0,710.299999999759,2415.50000000068,217.500000008,279.899999996,0.00815772968,2380.118958601233
SKW-15,SKW-15,2025-07-31 05:46:00,25.3,51.0,710.900000000184,2415.79999999944,217.500000008,279.800000006,0.00713801347,2380.0839901221025
SKW-15,SKW-15,2025-07-31 05:47:00,25.5,51.0,711.799999999371,2416.2999999998,217.500000008,279.800000006,0.00815772968,2380.0876023252385
SKW-15,SKW-15,2025-07-31 05:48:00,28.3,51.0,712.399999999796,2415.50000000068,217.599999998,279.300000002,0.00713801347,1013.8098935133432
SKW-15,SKW-15,2025-07-31 05:49:00,28.7,51.0,711.100000000326,2411.89999999958,217.599999998,278.200000004,0.00611829726,984.0414612057925
SKW-15,SKW-15,2025-07-31 05:50:00,28.8,51.0,708.399999999864,2412.80000000022,217.599999998,279.5,0.00713801347,974.4016798881772
SKW-15,SKW-15,2025-07-31 05:51:00,28.8,51.0,707.799999999439,2414.09999999969,217.500000008,279.300000002,0.00509858105,974.7492364264124
SKW-15,SKW-15,2025-07-31 05:52:00,28.7,51.0,708.499999999935,2417.69999999934,217.500000008,279.899999996,0.00611829726,981.5333668330125
SKW-15,SKW-15,2025-07-31 05:53:00,28.2,51.0,709.400000000572,2421.50000000058,217.4,279.699999998,0.00713801347,1021.2044206402722
SKW-15,SKW-15,2025-07-31 05:54:00,25.7,51.0,710.599999999972,2424.80000000002,217.4,280.900000004,0.00611829726,2380.091734677891
SKW-15,SKW-15,2025-07-31 05:55:00,24.8,51.0,711.400000000538,2426.69999999991,217.4,280.500000008,0.00509858105,2380.0740543414304
SKW-15,SKW-15,2025-07-31 05:56:00,24.7,51.0,712.099999999583,2427.00000000012,217.500000008,279.600000008,0.00713801347,2380.071235820366
SKW-15,SKW-15,2025-07-31 05:57:00,26.3,51.0,712.800000000079,2427.40000000041,217.500000008,277.500000002,0.00713801347,2380.100055152097
SKW-15,SKW-15,2025-07-31 05:58:00,28.3,51.0,712.199999999654,2425.50000000051,217.599999998,277.100000006,0.00713801347,1017.2690071882021
SKW-15,SKW-15,2025-07-31 05:59:00,28.7,51.0,709.899999999476,2425.30000000037,217.599999998,277.7,0.00713801347,984.8368897159919
SKW-15,SKW-15,2025-07-31 06:00:00,28.7,51.0,708.800000000147,2425.99999999942,217.599999998,276.900000008,0.00611829726,986.0970935026444
SKW-15,SKW-15,2025-07-31 06:01:00,28.8,51.0,708.399999999864,2427.89999999931,217.599999998,278.400000002,0.00611829726,976.075863496918
SKW-15,SKW-15,2025-07-31 06:02:00,28.0,51.0,709.200000000431,2429.20000000023,217.500000008,279.100000004,0.00713801347,2380.122090762401
SKW-15,SKW-15,2025-07-31 06:03:00,25.7,51.0,710.099999999618,2429.70000000059,217.500000008,279.899999996,0.00611829726,2380.0914110640365
SKW-15,SKW-15,2025-07-31 06:04:00,24.4,51.0,711.100000000326,2429.80000000066,217.500000008,279.899999996,0.00917744589,2380.0643749210262
SKW-15,SKW-15,2025-07-31 06:05:00,24.6,51.0,711.6999999993,2429.3000000003,217.500000008,279.699999998,0.00713801347,2380.069038875311
SKW-15,SKW-15,2025-07-31 06:06:00,27.0,51.0,712.499999999867,2427.99999999938,217.599999998,277.500000002,0.00611829726,2380.10986285295
SKW-15,SKW-15,2025-07-31 06:07:00,28.5,51.0,712.099999999583,2424.09999999952,217.599999998,276.499999994,0.00815772968,1002.3101287403069
SKW-15,SKW-15,2025-07-31 06:08:00,28.5,51.0,709.400000000572,2421.50000000058,217.599999998,277.500000002,0.00713801347,1000.8113771111204
SKW-15,SKW-15,2025-07-31 06:09:00,28.6,51.0,708.099999999651,2420.59999999994,217.599999998,278.400000002,0.00611829726,991.6100586960035
SKW-15,SKW-15,2025-07-31 06:10:00,28.3,51.0,708.299999999793,2420.19999999966,217.599999998,278.200000004,0.00815772968,1015.5777880101577
SKW-15,SKW-15,2025-07-31 06:11:00,25.4,51.0,709.600000000714,2419.60000000068,217.599999998,278.499999992,0.00611829726,2380.085533554958
SKW-15,SKW-15,2025-07-31 06:12:00,24.3,51.0,710.39999999983,2418.59999999998,217.599999998,279.800000006,0.00611829726,2380.06194772664
SKW-15,SKW-15,2025-07-31 06:13:00,25.0,51.0,711.500000000609,2416.39999999987,217.599999998,279.100000004,0.00713801347,2380.077587568178
SKW-15,SKW-15,2025-07-31 06:14:00,24.8,51.0,712.499999999867,2414.3999999999,217.599999998,276.999999998,0.00611829726,2380.0722503152297
SKW-15,SKW-15,2025-07-31 06:15:00,27.0,51.0,712.599999999938,2413.40000000064,217.700000006,276.900000008,0.00611829726,2380.1096718642493
SKW-15,SKW-15,2025-07-31 06:16:00,28.5,51.0,712.099999999583,2409.1000000005,217.700000006,276.000000008,0.00611829726,1003.0868804586208
SKW-15,SKW-15,2025-07-31 06:17:00,28.8,51.0,709.200000000431,2406.29999999997,217.700000006,276.499999994,0.00713801347,978.9209852970711
SKW-15,SKW-15,2025-07-31 06:18:00,28.8,51.0,707.599999999297,2407.59999999944,217.599999998,277.599999992,0.00713801347,977.3121528852068
SKW-15,SKW-15,2025-07-31 06:19:00,28.6,51.0,707.999999999581,2408.60000000015,217.599999998,278.6,0.00611829726,991.3051629755571
SKW-15,SKW-15,2025-07-31 06:20:00,27.4,51.0,709.10000000036,2410.80000000025,217.599999998,278.900000006,0.00713801347,2380.1153897244835
SKW-15,SKW-15,2025-07-31 06:21:00,25.0,51.0,710.099999999618,2413.30000000057,217.599999998,280.000000004,0.00713801347,2380.0781417119633
SKW-15,SKW-15,2025-07-31 06:22:00,25.0,51.0,711.100000000326,2415.1000000004,217.599999998,279.5,0.00713801347,2380.0778049144556
SKW-15,SKW-15,2025-07-31 06:23:00,28.2,51.0,711.899999999442,2414.80000000019,217.599999998,278.000000006,0.00713801347,1023.8681746711611
SKW-15,SKW-15,2025-07-31 06:24:00,28.7,51.0,711.6999999993,2414.09999999969,217.599999998,278.000000006,0.00611829726,984.3301642916707
SKW-15,SKW-15,2025-07-31 06:25:00,28.8,51.0,709.200000000431,2413.40000000064,217.599999998,277.599999992,0.00713801347,977.2590839487946
SKW-15,SKW-15,2025-07-31 06:26:00,28.5,51.0,707.400000000606,2413.79999999948,217.500000008,278.6,0.00611829726,999.1583697260986
SKW-15,SKW-15,2025-07-31 06:27:00,28.6,51.0,707.699999999368,2416.70000000008,217.500000008,278.900000006,0.00611829726,990.8608868481415
SKW-15,SKW-15,2025-07-31 06:28:00,28.1,51.0,709.10000000036,2419.89999999945,217.4,280.000000004,0.00713801347,1028.7596309598832
SKW-15,SKW-15,2025-07-31 06:29:00,26.0,51.0,709.699999999334,2421.50000000058,217.4,280.200000002,0.00713801347,2380.096555458762
SKW-15,SKW-15,2025-07-31 06:30:00,25.9,51.0,710.700000000042,2424.39999999973,217.4,280.4,0.00611829726,2380.0949139764016
SKW-15,SKW-15,2025-07-31 06:31:00,28.2,51.0,711.400000000538,2424.4999999998,217.500000008,279.600000008,0.00611829726,1021.3471159822789
SKW-15,SKW-15,2025-07-31 06:32:00,26.4,51.0,710.499999999901,2425.60000000058,217.500000008,278.799999998,0.00713801347,2380.1021451575184
SKW-15,SKW-15,2025-07-31 06:33:00,24.3,51.0,710.499999999901,2426.69999999991,217.500000008,279.699999998,0.00713801347,2380.061914444842
SKW-15,SKW-15,2025-07-31 06:34:00,28.5,51.0,710.800000000113,2425.00000000016,217.500000008,278.400000002,0.00713801347,999.3963565474862
SKW-15,SKW-15,2025-07-31 06:35:00,28.8,51.0,709.300000000501,2421.99999999948,217.599999998,277.7,0.00611829726,977.1089907941166
SKW-15,SKW-15,2025-07-31 06:36:00,28.8,51.0,707.200000000464,2422.90000000012,217.500000008,278.099999996,0.00713801347,976.5784918548444
SKW-15,SKW-15,2025-07-31 06:37:00,28.7,51.0,707.400000000606,2424.59999999987,217.4,278.999999996,0.00917744589,982.93568621156
SKW-15,SKW-15,2025-07-31 06:38:00,28.5,51.0,707.999999999581,2424.90000000009,217.4,279.5,0.00815772968,997.7565374757598
SKW-15,SKW-15,2025-07-31 06:39:00,28.4,51.0,709.000000000289,2424.69999999995,217.299999992,279.699999998,0.00713801347,1005.3109264522656
SKW-15,SKW-15,2025-07-31 06:40:00,25.2,51.0,710.099999999618,2424.39999999973,217.299999992,281.3,0.00815772968,2380.082795813562
SKW-15,SKW-15,2025-07-31 06:41:00,24.1,51.0,710.800000000113,2423.79999999931,217.4,280.4,0.00713801347,2380.0570463317476
SKW-15,SKW-15,2025-07-31 06:42:00,26.0,51.0,711.899999999442,2421.89999999941,217.4,278.299999994,0.00917744589,2380.095696395196
SKW-15,SKW-15,2025-07-31 06:43:00,28.4,51.0,711.999999999513,2420.49999999987,217.500000008,278.000000006,0.00611829726,1007.902891245598
SKW-15,SKW-15,2025-07-31 06:44:00,28.7,51.0,710.299999999759,2416.19999999973,217.500000008,276.900000008,0.00611829726,986.0652506407098
SKW-15,SKW-15,2025-07-31 06:45:00,28.8,51.0,707.89999999951,2415.5999999993,217.500000008,278.200000004,0.00611829726,976.4085339708242
SKW-15,SKW-15,2025-07-31 06:46:00,28.7,51.0,707.599999999297,2417.20000000044,217.4,278.099999996,0.00611829726,984.3172471856038
SKW-15,SKW-15,2025-07-31 06:47:00,28.5,51.0,708.499999999935,2419.40000000054,217.4,278.900000006,0.00611829726,998.6797174584505
SKW-15,SKW-15,2025-07-31 06:48:00,27.4,51.0,708.800000000147,2420.59999999994,217.4,280.000000004,0.00611829726,2380.1157316188605
SKW-15,SKW-15,2025-07-31 06:49:00,24.8,51.0,709.899999999476,2423.20000000033,217.4,280.500000008,0.00713801347,2380.0742189134776
SKW-15,SKW-15,2025-07-31 06:50:00,25.0,51.0,711.000000000255,2424.59999999987,217.4,279.300000002,0.00611829726,2380.0778530142547
SKW-15,SKW-15,2025-07-31 06:51:00,28.3,51.0,711.60000000068,2423.3000000004,217.500000008,277.899999998,0.00713801347,1016.0204720550474
SKW-15,SKW-15,2025-07-31 06:52:00,28.7,51.0,711.200000000397,2420.59999999994,217.500000008,278.200000004,0.00713801347,984.0444938984339
SKW-15,SKW-15,2025-07-31 06:53:00,28.8,51.0,707.200000000464,2417.50000000065,217.4,278.700000008,0.00917744589,975.6699937825712
SKW-15,SKW-15,2025-07-31 06:54:00,28.5,51.0,706.800000000181,2417.89999999948,217.4,278.700000008,0.00509858105,999.0264733884886
SKW-15,SKW-15,2025-07-31 06:55:00,28.4,51.0,707.89999999951,2418.80000000012,217.4,278.700000008,0.00611829726,1006.8800543194477
SKW-15,SKW-15,2025-07-31 06:56:00,27.4,51.0,708.900000000218,2419.79999999938,217.4,279.600000008,0.00713801347,2380.115620319282
SKW-15,SKW-15,2025-07-31 06:57:00,25.1,51.0,709.500000000643,2420.09999999959,217.4,280.500000008,0.00509858105,2380.0805962223835
SKW-15,SKW-15,2025-07-31 06:58:00,24.8,51.0,710.599999999972,2419.40000000054,217.4,280.000000004,0.00509858105,2380.073950270552
SKW-15,SKW-15,2025-07-31 06:59:00,25.0,51.0,711.400000000538,2417.69999999934,217.500000008,278.400000002,0.00611829726,2380.077381817954
SKW-15,SKW-15,2025-07-31 07:00:00,27.6,51.0,711.899999999442,2415.40000000061,217.500000008,277.199999996,0.00509858105,2380.1171614828927
SKW-15,SKW-15,2025-07-31 07:01:00,28.5,51.0,710.499999999901,2410.70000000018,217.599999998,277.399999994,0.00611829726,1000.9484018649426
SKW-15,SKW-15,2025-07-31 07:02:00,28.7,51.0,709.200000000431,2410.60000000011,217.599999998,276.8,0.00509858105,986.2434484646404
SKW-15,SKW-15,2025-07-31 07:03:00,28.6,51.0,707.699999999368,2410.80000000025,217.500000008,278.499999992,0.00713801347,991.4713034137267
SKW-15,SKW-15,2025-07-31 07:04:00,28.3,51.0,707.89999999951,2413.2000000005,217.500000008,278.900000006,0.00611829726,1014.4926242469884
SKW-15,SKW-15,2025-07-31 07:05:00,25.2,51.0,709.10000000036,2415.89999999951,217.500000008,279.5,0.00611829726,2380.082176443299
SKW-15,SKW-15,2025-07-31 07:06:00,24.5,51.0,709.400000000572,2417.30000000051,217.500000008,280.200000002,0.00713801347,2380.0672571321543
SKW-15,SKW-15,2025-07-31 07:07:00,24.8,51.0,710.39999999983,2419.10000000033,217.500000008,278.999999996,0.00611829726,2380.0734729341243
SKW-15,SKW-15,2025-07-31 07:08:00,27.4,51.0,711.300000000467,2421.00000000023,217.599999998,277.300000004,0.00713801347,2380.1148524405035
SKW-15,SKW-15,2025-07-31 07:09:00,27.7,51.0,711.100000000326,2421.60000000065,217.599999998,276.999999998,0.00611829726,2380.1182654201352
SKW-15,SKW-15,2025-07-31 07:10:00,24.9,51.0,709.899999999476,2425.99999999942,217.599999998,277.899999998,0.00611829726,2380.0752007136366
SKW-15,SKW-15,2025-07-31 07:11:00,28.0,51.0,709.899999999476,2425.99999999942,217.599999998,277.399999994,0.00713801347,2380.1216705146367
SKW-15,SKW-15,2025-07-31 07:12:00,28.4,51.0,708.900000000218,2425.40000000044,217.700000006,277.199999996,0.00815772968,1009.1814183740687
SKW-15,SKW-15,2025-07-31 07:13:00,28.3,51.0,708.099999999651,2426.90000000005,217.599999998,277.500000002,0.00713801347,1016.6791025398246
SKW-15,SKW-15,2025-07-31 07:14:00,26.8,51.0,708.900000000218,2426.79999999998,217.599999998,278.099999996,0.00611829726,2380.1076859201244
SKW-15,SKW-15,2025-07-31 07:15:00,24.3,51.0,709.500000000643,2425.80000000072,217.599999998,280.000000004,0.00611829726,2380.062193117673
SKW-15,SKW-15,2025-07-31 07:16:00,24.4,51.0,709.999999999547,2424.90000000009,217.599999998,278.799999998,0.00815772968,2380.0639799444666
SKW-15,SKW-15,2025-07-31 07:17:00,25.3,51.0,711.000000000255,2422.69999999998,217.700000006,277.100000006,0.00611829726,2380.0828821946197
SKW-15,SKW-15,2025-07-31 07:18:00,28.3,51.0,711.400000000538,2419.30000000047,217.700000006,275.599999994,0.00713801347,1019.6348884613609
SKW-15,SKW-15,2025-07-31 07:19:00,28.8,51.0,709.400000000572,2413.59999999934,217.700000006,276.200000006,0.00611829726,979.3765691835952
SKW-15,SKW-15,2025-07-31 07:20:00,28.7,51.0,707.699999999368,2413.00000000036,217.700000006,276.699999992,0.00509858105,986.4281875647248
SKW-15,SKW-15,2025-07-31 07:21:00,28.7,51.0,706.199999999756,2412.50000000001,217.599999998,277.899999998,0.00611829726,984.6421184491604
SKW-15,SKW-15,2025-07-31 07:22:00,28.7,51.0,707.100000000394,2413.69999999941,217.500000008,278.400000002,0.00713801347,983.8586945776766
SKW-15,SKW-15,2025-07-31 07:23:00,28.4,51.0,708.399999999864,2415.1000000004,217.500000008,279.800000006,0.00611829726,1005.156078224347
SKW-15,SKW-15,2025-07-31 07:24:00,27.4,51.0,709.400000000572,2416.70000000008,217.500000008,280.4,0.00815772968,2380.115728616034
SKW-15,SKW-15,2025-07-31 07:25:00,26.0,51.0,709.899999999476,2417.60000000072,217.500000008,280.599999998,0.00611829726,2380.0966401904125
SKW-15,SKW-15,2025-07-31 07:26:00,25.0,51.0,710.39999999983,2419.10000000033,217.500000008,280.099999994,0.00509858105,2380.0782323762596
SKW-15,SKW-15,2025-07-31 07:27:00,24.3,51.0,711.100000000326,2419.99999999952,217.500000008,279.800000006,0.00611829726,2380.061893010038
SKW-15,SKW-15,2025-07-31 07:28:00,22.6,51.0,711.500000000609,2419.79999999938,217.599999998,278.299999994,0.00815772968,2380.001763407085
SKW-15,SKW-15,2025-07-31 07:29:00,25.9,51.0,711.60000000068,2417.89999999948,217.700000006,276.099999998,0.00713801347,2380.0932844988383
SKW-15,SKW-15,2025-07-31 07:30:00,28.9,51.0,710.299999999759,2412.80000000022,217.799999996,274.400000006,0.00713801347,974.3375554467085
SKW-15,SKW-15,2025-07-31 07:31:00,28.8,51.0,709.500000000643,2411.4999999993,217.799999996,275.100000008,0.00611829726,981.0391436173509
SKW-15,SKW-15,2025-07-31 07:32:00,28.8,51.0,707.400000000606,2411.79999999951,217.700000006,276.8,0.00611829726,978.5277916613921
SKW-15,SKW-15,2025-07-31 07:33:00,28.7,51.0,706.900000000252,2412.60000000008,217.599999998,278.499999992,0.00611829726,983.7059643966717
SKW-15,SKW-15,2025-07-31 07:34:00,28.5,51.0,707.999999999581,2414.80000000019,217.599999998,278.999999996,0.00611829726,998.5205665252032
SKW-15,SKW-15,2025-07-31 07:35:00,28.1,51.0,708.600000000006,2415.99999999959,217.599999998,279.199999994,0.00611829726,1030.0276492297278
SKW-15,SKW-15,2025-07-31 07:36:00,26.0,51.0,709.400000000572,2417.99999999955,217.599999998,280.099999994,0.00713801347,2380.0964808687213
SKW-15,SKW-15,2025-07-31 07:37:00,28.2,51.0,710.099999999618,2417.30000000051,217.599999998,280.099999994,0.00815772968,1020.5631669560504
SKW-15,SKW-15,2025-07-31 07:38:00,28.7,51.0,709.10000000036,2414.3999999999,217.500000008,280.200000002,0.00713801347,981.0526312138525
SKW-15,SKW-15,2025-07-31 07:39:00,28.6,51.0,707.100000000394,2414.09999999969,217.500000008,280.099999994,0.00713801347,989.0313147454025
SKW-15,SKW-15,2025-07-31 07:40:00,28.8,51.0,706.499999999969,2416.49999999994,217.4,280.299999992,0.00713801347,973.2826240770373
SKW-15,SKW-15,2025-07-31 07:41:00,28.5,51.0,707.100000000394,2417.69999999934,217.4,280.200000002,0.00713801347,996.6988732120568
SKW-15,SKW-15,2025-07-31 07:42:00,27.7,51.0,708.199999999722,2420.49999999987,217.299999992,280.299999992,0.00713801347,2380.119253817278
SKW-15,SKW-15,2025-07-31 07:43:00,25.9,51.0,709.10000000036,2423.70000000069,217.4,280.900000004,0.00509858105,2380.095257508729
SKW-15,SKW-15,2025-07-31 07:44:00,24.7,51.0,710.099999999618,2426.90000000005,217.4,280.099999994,0.00713801347,2380.071797868844
SKW-15,SKW-15,2025-07-31 07:45:00,24.6,51.0,710.499999999901,2428.19999999952,217.4,279.600000008,0.00611829726,2380.069247853637
SKW-15,SKW-15,2025-07-31 07:46:00,24.9,51.0,711.200000000397,2429.80000000066,217.500000008,278.400000002,0.00713801347,2380.075262537859
SKW-15,SKW-15,2025-07-31 07:47:00,28.2,51.0,710.900000000184,2428.59999999981,217.599999998,277.199999996,0.00509858105,1025.139874790866
SKW-15,SKW-15,2025-07-31 07:48:00,28.5,51.0,708.900000000218,2426.59999999984,217.599999998,276.600000002,0.00611829726,1002.2192478866225
SKW-15,SKW-15,2025-07-31 07:49:00,28.6,51.0,707.300000000535,2428.09999999945,217.599999998,277.7,0.00713801347,992.7019131209665
SKW-15,SKW-15,2025-07-31 07:50:00,28.6,51.0,707.400000000606,2428.59999999981,217.500000008,278.6,0.00611829726,991.329052140923
SKW-15,SKW-15,2025-07-31 07:51:00,27.7,51.0,708.199999999722,2429.20000000023,217.500000008,278.700000008,0.00713801347,2380.1188564212543
SKW-15,SKW-15,2025-07-31 07:52:00,24.8,51.0,709.10000000036,2429.50000000044,217.500000008,280.000000004,0.00815772968,2380.0740427055216
SKW-15,SKW-15,2025-07-31 07:53:00,24.7,51.0,709.899999999476,2429.10000000016,217.599999998,279.300000002,0.00917744589,2380.0713214021266
SKW-15,SKW-15,2025-07-31 07:54:00,25.1,51.0,710.39999999983,2428.69999999988,217.599999998,278.799999998,0.00815772968,2380.0796507657415
SKW-15,SKW-15,2025-07-31 07:55:00,27.5,51.0,711.100000000326,2427.99999999938,217.599999998,277.100000006,0.00713801347,2380.1159963398277
SKW-15,SKW-15,2025-07-31 07:56:00,28.6,51.0,710.299999999759,2424.59999999987,217.700000006,276.8,0.00917744589,994.0013034997447
SKW-15,SKW-15,2025-07-31 07:57:00,28.4,51.0,707.400000000606,2424.39999999973,217.599999998,277.7,0.00611829726,1008.4331409670496
SKW-15,SKW-15,2025-07-31 07:58:00,28.6,51.0,706.70000000011,2425.40000000044,217.599999998,277.899999998,0.00713801347,992.4088905224988
SKW-15,SKW-15,2025-07-31 07:59:00,28.4,51.0,707.000000000323,2426.19999999956,217.599999998,278.499999992,0.00509858105,1007.1962839999196
SKW-15,SKW-15,2025-07-31 08:00:00,27.3,51.0,707.999999999581,2427.00000000012,217.500000008,279.800000006,0.00713801347,2380.11452481009
SKW-15,SKW-15,2025-07-31 08:01:00,24.7,51.0,709.10000000036,2426.79999999998,217.500000008,280.500000008,0.00917744589,2380.0720209857764
SKW-15,SKW-15,2025-07-31 08:02:00,24.3,51.0,709.999999999547,2425.60000000058,217.500000008,278.799999998,0.00509858105,2380.0615951667296
SKW-15,SKW-15,2025-07-31 08:03:00,24.7,51.0,710.700000000042,2424.09999999952,217.599999998,278.299999994,0.00815772968,2380.0707810152794
SKW-15,SKW-15,2025-07-31 08:04:00,24.8,51.0,711.100000000326,2423.40000000047,217.599999998,277.399999994,0.00611829726,2380.0726251438646
SKW-15,SKW-15,2025-07-31 08:05:00,27.7,51.0,711.200000000397,2421.30000000044,217.700000006,276.600000002,0.00509858105,2380.118155803169
SKW-15,SKW-15,2025-07-31 08:06:00,28.6,51.0,709.300000000501,2416.70000000008,217.799999996,275.500000004,0.00713801347,996.0298708113955
SKW-15,SKW-15,2025-07-31 08:07:00,28.7,51.0,706.800000000181,2416.90000000022,217.700000006,276.699999992,0.00611829726,986.4487638423624
SKW-15,SKW-15,2025-07-31 08:08:00,28.7,51.0,706.399999999898,2417.50000000065,217.700000006,276.499999994,0.00611829726,986.7657688417789
SKW-15,SKW-15,2025-07-31 08:09:00,28.6,51.0,707.000000000323,2419.60000000068,217.599999998,278.499999992,0.00713801347,991.479666423591
SKW-15,SKW-15,2025-07-31 08:10:00,28.2,51.0,707.89999999951,2421.70000000072,217.500000008,278.499999992,0.00815772968,1023.1014486253794
SKW-15,SKW-15,2025-07-31 08:11:00,26.0,51.0,708.800000000147,2423.20000000033,217.599999998,280.200000002,0.00713801347,2380.096573363108
SKW-15,SKW-15,2025-07-31 08:12:00,24.8,51.0,709.600000000714,2423.40000000047,217.599999998,279.800000006,0.00509858105,2380.073902487498
SKW-15,SKW-15,2025-07-31 08:13:00,26.2,51.0,709.899999999476,2423.00000000019,217.599999998,278.799999998,0.00611829726,2380.0991814228146
SKW-15,SKW-15,2025-07-31 08:14:00,28.4,51.0,710.39999999983,2420.59999999994,217.599999998,278.200000004,0.00713801347,1007.6070499712126
SKW-15,SKW-15,2025-07-31 08:15:00,28.7,51.0,708.399999999864,2417.00000000029,217.599999998,277.7,0.00611829726,984.884481125121
SKW-15,SKW-15,2025-07-31 08:16:00,28.7,51.0,706.299999999827,2416.39999999987,217.500000008,278.6,0.00611829726,983.5816616436725
SKW-15,SKW-15,2025-07-31 08:17:00,28.7,51.0,706.60000000004,2417.60000000072,217.500000008,278.000000006,0.00611829726,984.4883682129803
SKW-15,SKW-15,2025-07-31 08:18:00,28.5,51.0,707.100000000394,2417.89999999948,217.4,278.700000008,0.00611829726,999.0172134810588
SKW-15,SKW-15,2025-07-31 08:19:00,27.3,51.0,707.999999999581,2417.89999999948,217.4,279.699999998,0.00611829726,2380.1145407981394
SKW-15,SKW-15,2025-07-31 08:20:00,24.9,51.0,709.10000000036,2417.40000000058,217.4,280.000000004,0.00815772968,2380.0762501784316
SKW-15,SKW-15,2025-07-31 08:21:00,24.8,51.0,709.799999999405,2416.19999999973,217.500000008,279.699999998,0.00509858105,2380.073881912615
SKW-15,SKW-15,2025-07-31 08:22:00,25.1,51.0,710.599999999972,2414.09999999969,217.500000008,277.899999998,0.00815772968,2380.079310831095
SKW-15,SKW-15,2025-07-31 08:23:00,27.4,51.0,710.700000000042,2412.80000000022,217.500000008,277.599999992,0.00611829726,2380.1150068611914
SKW-15,SKW-15,2025-07-31 08:24:00,28.5,51.0,709.400000000572,2407.49999999937,217.599999998,276.200000006,0.00611829726,1002.8308886628184
SKW-15,SKW-15,2025-07-31 08:25:00,28.8,51.0,707.000000000323,2406.90000000039,217.599999998,277.500000002,0.00713801347,977.4838777588513
SKW-15,SKW-15,2025-07-31 08:26:00,28.7,51.0,706.60000000004,2407.49999999937,217.500000008,278.000000006,0.00611829726,984.4883682129803
SKW-15,SKW-15,2025-07-31 08:27:00,28.6,51.0,706.900000000252,2408.50000000008,217.500000008,278.499999992,0.00917744589,991.483268417977
SKW-15,SKW-15,2025-07-31 08:28:00,27.4,51.0,707.799999999439,2410.50000000004,217.500000008,279.899999996,0.00611829726,2380.1157560392294
SKW-15,SKW-15,2025-07-31 08:29:00,24.7,51.0,708.800000000147,2412.50000000001,217.500000008,280.200000002,0.00611829726,2380.0719989912627
SKW-15,SKW-15,2025-07-31 08:30:00,24.5,51.0,709.600000000714,2413.00000000036,217.500000008,278.900000006,0.00611829726,2380.066638287134
SKW-15,SKW-15,2025-07-31 08:31:00,24.1,51.0,710.299999999759,2412.39999999994,217.599999998,277.100000006,0.00815772968,2380.055210740309
SKW-15,SKW-15,2025-07-31 08:32:00,24.8,51.0,710.800000000113,2411.59999999937,217.599999998,277.800000008,0.00713801347,2380.072820479058
SKW-15,SKW-15,2025-07-31 08:33:00,27.2,51.0,710.900000000184,2409.5999999994,217.700000006,275.700000002,0.00611829726,2380.112052138941
SKW-15,SKW-15,2025-07-31 08:34:00,28.5,51.0,709.200000000431,2404.80000000036,217.700000006,275.100000008,0.00713801347,1004.534295702553
SKW-15,SKW-15,2025-07-31 08:35:00,28.6,51.0,707.200000000464,2405.69999999954,217.700000006,276.200000006,0.00815772968,995.0013511739058
SKW-15,SKW-15,2025-07-31 08:36:00,28.7,51.0,707.400000000606,2407.2000000006,217.700000006,277.399999994,0.00611829726,985.36137545199
SKW-15,SKW-15,2025-07-31 08:37:00,27.7,51.0,707.699999999368,2408.29999999993,217.700000006,277.7,0.00917744589,2380.1186003888038
SKW-15,SKW-15,2025-07-31 08:38:00,24.5,51.0,708.299999999793,2410.80000000025,217.599999998,279.199999994,0.00815772968,2380.0668748518983
SKW-15,SKW-15,2025-07-31 08:39:00,24.9,51.0,709.300000000501,2412.90000000029,217.700000006,278.900000006,0.00713801347,2380.075634775277
SKW-15,SKW-15,2025-07-31 08:40:00,28.2,51.0,709.999999999547,2412.90000000029,217.700000006,277.399999994,0.00611829726,1024.8252846450796
SKW-15,SKW-15,2025-07-31 08:41:00,27.0,51.0,709.699999999334,2414.29999999983,217.700000006,276.699999992,0.00611829726,2380.1098597656974
SKW-15,SKW-15,2025-07-31 08:42:00,25.4,51.0,709.10000000036,2417.20000000044,217.700000006,278.299999994,0.00815772968,2380.085438394984
SKW-15,SKW-15,2025-07-31 08:43:00,28.6,51.0,709.300000000501,2415.1000000004,217.700000006,277.300000004,0.00713801347,993.261289985147
SKW-15,SKW-15,2025-07-31 08:44:00,28.8,51.0,706.70000000011,2413.59999999934,217.700000006,277.7,0.00611829726,977.1833899363622
SKW-15,SKW-15,2025-07-31 08:45:00,28.7,51.0,705.40000000064,2414.49999999997,217.599999998,278.6,0.00713801347,983.5928293215038
SKW-15,SKW-15,2025-07-31 08:46:00,28.7,51.0,705.799999999473,2415.69999999937,217.599999998,278.799999998,0.00713801347,983.2760980549007
SKW-15,SKW-15,2025-07-31 08:47:00,28.5,51.0,707.000000000323,2417.60000000072,217.500000008,279.699999998,0.00611829726,997.4679093149971
SKW-15,SKW-15,2025-07-31 08:48:00,28.2,51.0,707.799999999439,2418.70000000005,217.4,279.5,0.00713801347,1021.5300492790874
SKW-15,SKW-15,2025-07-31 08:49:00,25.0,51.0,708.700000000076,2419.10000000033,217.4,281.199999992,0.00815772968,2380.078887225456
SKW-15,SKW-15,2025-07-31 08:50:00,24.6,51.0,709.500000000643,2418.80000000012,217.500000008,280.000000004,0.00815772968,2380.0694782686696
SKW-15,SKW-15,2025-07-31 08:51:00,26.8,51.0,709.799999999405,2418.29999999976,217.500000008,279.100000004,0.00611829726,2380.107903530379
SKW-15,SKW-15,2025-07-31 08:52:00,28.5,51.0,709.899999999476,2415.69999999937,217.500000008,277.800000008,0.00713801347,1000.3437722994872
SKW-15,SKW-15,2025-07-31 08:53:00,28.5,51.0,707.200000000464,2414.80000000019,217.599999998,278.299999994,0.00611829726,999.618902071408
SKW-15,SKW-15,2025-07-31 08:54:00,28.7,51.0,706.60000000004,2417.50000000065,217.500000008,278.499999992,0.00611829726,983.7253804681299
SKW-15,SKW-15,2025-07-31 08:55:00,28.4,51.0,707.000000000323,2419.10000000033,217.500000008,278.999999996,0.00713801347,1006.41952604619
SKW-15,SKW-15,2025-07-31 08:56:00,26.1,51.0,707.799999999439,2422.90000000012,217.500000008,279.5,0.00713801347,2380.098072708212
SKW-15,SKW-15,2025-07-31 08:57:00,24.6,51.0,708.600000000006,2426.3999999997,217.500000008,279.800000006,0.00815772968,2380.069519727167
SKW-15,SKW-15,2025-07-31 08:58:00,25.0,51.0,709.400000000572,2428.79999999995,217.599999998,279.300000002,0.00815772968,2380.0779271215965
SKW-15,SKW-15,2025-07-31 08:59:00,28.1,51.0,710.199999999688,2429.00000000009,217.599999998,277.7,0.00917744589,1704.777258903303
SKW-15,SKW-15,2025-07-31 09:00:00,27.4,51.0,709.799999999405,2427.80000000069,217.599999998,276.699999992,0.00917744589,2380.1148016159677
SKW-15,SKW-15,2025-07-31 09:01:00,27.3,51.0,708.800000000147,2428.59999999981,217.599999998,278.499999992,0.00611829726,2380.114141898327
SKW-15,SKW-15,2025-07-31 09:02:00,28.5,51.0,708.099999999651,2421.50000000058,217.599999998,278.000000006,0.00713801347,1000.0621297125056
SKW-15,SKW-15,2025-07-31 09:03:00,28.7,51.0,705.40000000064,2417.99999999955,217.599999998,277.500000002,0.00611829726,985.2756349221529
SKW-15,SKW-15,2025-07-31 09:04:00,28.8,51.0,704.700000000144,2416.2999999998,217.500000008,278.999999996,0.00815772968,975.294006150833
SKW-15,SKW-15,2025-07-31 09:05:00,28.5,51.0,705.200000000498,2415.99999999959,217.4,278.900000006,0.00611829726,998.7470261831265
SKW-15,SKW-15,2025-07-31 09:06:00,28.5,51.0,706.399999999898,2415.50000000068,217.299999992,279.300000002,0.00713801347,998.1094859074559
SKW-15,SKW-15,2025-07-31 09:07:00,28.5,51.0,707.300000000535,2415.00000000033,217.299999992,280.500000008,0.00611829726,996.2433693541072
SKW-15,SKW-15,2025-07-31 09:08:00,27.8,51.0,708.299999999793,2414.60000000004,217.299999992,280.099999994,0.00815772968,2380.1202801533673
SKW-15,SKW-15,2025-07-31 09:09:00,24.7,51.0,709.000000000289,2414.29999999983,217.299999992,280.599999998,0.00713801347,2380.072227795904
SKW-15,SKW-15,2025-07-31 09:10:00,25.0,51.0,709.300000000501,2414.09999999969,217.299999992,281.3,0.00815772968,2380.078896548688
SKW-15,SKW-15,2025-07-31 09:11:00,22.5,51.0,710.199999999688,2413.30000000057,217.4,279.100000004,0.00815772968,2379.998350485829
SKW-15,SKW-15,2025-07-31 09:12:00,21.4,51.0,710.299999999759,2412.80000000022,217.599999998,277.100000006,0.00713801347,2379.8160538514226
SKW-15,SKW-15,2025-07-31 09:13:00,25.6,51.0,710.299999999759,2411.59999999937,217.700000006,274.400000006,0.00815772968,2380.024813697521
SKW-15,SKW-15,2025-07-31 09:14:00,25.5,51.0,710.299999999759,2410.90000000032,217.799999996,273.999999992,0.00713801347,2379.959109842073
SKW-15,SKW-15,2025-07-31 09:15:00,24.9,51.0,710.39999999983,2411.69999999944,217.900000004,273.900000002,0.00815772968,2379.936093245228
SKW-15,SKW-15,2025-07-31 09:16:00,24.7,51.0,710.800000000113,2412.60000000008,217.999999994,274.899999992,0.00917744589,2380.050860248048
SKW-15,SKW-15,2025-07-31 09:17:00,24.6,51.0,710.900000000184,2413.00000000036,218.100000002,273.900000002,0.00611829726,2379.922829653486
SKW-15,SKW-15,2025-07-31 09:18:00,24.6,51.0,710.800000000113,2413.40000000064,218.199999992,273.700000004,0.00611829726,2379.9229325453207
SKW-15,SKW-15,2025-07-31 09:19:00,26.5,51.0,710.900000000184,2413.50000000072,218.199999992,273.599999996,0.00509858105,2379.99018313805
SKW-15,SKW-15,2025-07-31 09:20:00,25.5,51.0,710.800000000113,2412.50000000001,218.3,273.599999996,0.00713801347,2379.958869516293
SKW-15,SKW-15,2025-07-31 09:21:00,24.3,51.0,709.999999999547,2411.99999999965,218.3,274.200000008,0.00407886484,2379.943263824435
SKW-15,SKW-15,2025-07-31 09:22:00,23.8,51.0,709.999999999547,2411.59999999937,218.3,274.1,0.00713801347,2379.8972983172416
SKW-15,SKW-15,2025-07-31 09:23:00,23.8,51.0,710.499999999901,2411.30000000061,218.400000008,273.099999992,0.00815772968,2379.882223745534
SKW-15,SKW-15,2025-07-31 09:24:00,24.7,51.0,710.800000000113,2411.10000000047,218.400000008,273.500000006,0.00713801347,2379.9273240024463
SKW-15,SKW-15,2025-07-31 09:25:00,28.6,51.0,711.000000000255,2410.19999999983,218.400000008,273.2,0.00713801347,998.278854446047
SKW-15,SKW-15,2025-07-31 09:26:00,28.9,51.0,709.899999999476,2406.80000000032,218.499999998,273.799999994,0.00611829726,974.8588616876452
SKW-15,SKW-15,2025-07-31 09:27:00,28.9,51.0,707.300000000535,2404.60000000021,218.400000008,275.399999996,0.00815772968,972.8440674406316
SKW-15,SKW-15,2025-07-31 09:28:00,28.7,51.0,706.399999999898,2404.3,218.3,276.699999992,0.00815772968,986.3908082163392
SKW-15,SKW-15,2025-07-31 09:29:00,28.8,51.0,706.70000000011,2405.39999999933,218.199999992,278.099999996,0.00611829726,976.5154979863369
SKW-15,SKW-15,2025-07-31 09:30:00,27.7,51.0,707.699999999368,2407.10000000053,218.100000002,278.499999992,0.00815772968,2380.1186840667096
SKW-15,SKW-15,2025-07-31 09:31:00,24.9,51.0,708.700000000076,2409.30000000064,218.100000002,279.600000008,0.00713801347,2380.0758143347225
SKW-15,SKW-15,2025-07-31 09:32:00,24.7,51.0,709.600000000714,2410.80000000025,218.100000002,279.5,0.00815772968,2380.0712157385806
SKW-15,SKW-15,2025-07-31 09:33:00,24.8,51.0,709.999999999547,2411.4999999993,218.100000002,278.6,0.00713801347,2380.073027498615
SKW-15,SKW-15,2025-07-31 09:34:00,24.2,51.0,710.599999999972,2413.10000000043,218.100000002,277.500000002,0.00509858105,2380.0578542129642
SKW-15,SKW-15,2025-07-31 09:35:00,25.0,51.0,710.900000000184,2414.60000000004,218.199999992,276.900000008,0.00917744589,2380.0764230321174
SKW-15,SKW-15,2025-07-31 09:36:00,28.0,51.0,710.39999999983,2413.79999999948,218.199999992,275.500000004,0.00815772968,2380.121086183742
SKW-15,SKW-15,2025-07-31 09:37:00,27.4,51.0,708.800000000147,2415.79999999944,218.3,275.9,0.00611829726,2380.1145339260806
SKW-15,SKW-15,2025-07-31 09:38:00,26.2,51.0,709.000000000289,2416.90000000022,218.3,276.299999996,0.00815772968,2380.0982284854686
SKW-15,SKW-15,2025-07-31 09:39:00,24.4,51.0,709.300000000501,2417.20000000044,218.3,277.300000004,0.00815772968,2380.062951249668
SKW-15,SKW-15,2025-07-31 09:40:00,23.9,51.0,709.899999999476,2416.80000000015,218.3,276.299999996,0.00815772968,2380.0486574188053
SKW-15,SKW-15,2025-07-31 09:41:00,25.5,51.0,710.299999999759,2415.20000000047,218.400000008,276.000000008,0.00611829726,2380.086055890859
SKW-15,SKW-15,2025-07-31 09:42:00,27.8,51.0,710.700000000042,2412.90000000029,218.400000008,275.399999996,0.00713801347,2380.1188393213547
SKW-15,SKW-15,2025-07-31 09:43:00,28.7,51.0,710.39999999983,2409.20000000057,218.499999998,275.300000006,0.00611829726,988.4198184012575
SKW-15,SKW-15,2025-07-31 09:44:00,28.7,51.0,707.000000000323,2403.49999999943,218.400000008,276.699999992,0.00815772968,986.3640571138714
SKW-15,SKW-15,2025-07-31 09:45:00,28.8,51.0,703.499999999294,2400.70000000035,218.100000002,278.000000006,0.00713801347,976.7813324719617
SKW-15,SKW-15,2025-07-31 09:46:00,28.7,51.0,703.999999999649,2400.40000000014,217.900000004,278.700000008,0.00917744589,983.4403083377096
SKW-15,SKW-15,2025-07-31 09:47:00,28.8,51.0,705.599999999331,2400.90000000049,217.799999996,278.799999998,0.00509858105,975.5451972242957
SKW-15,SKW-15,2025-07-31 09:48:00,28.6,51.0,706.800000000181,2401.69999999961,217.599999998,279.399999992,0.00713801347,990.1031165709045
SKW-15,SKW-15,2025-07-31 09:49:00,28.6,51.0,707.200000000464,2402.30000000004,217.599999998,280.000000004,0.00713801347,989.1725408476127
SKW-15,SKW-15,2025-07-31 09:50:00,28.6,51.0,707.999999999581,2402.90000000046,217.500000008,281.499999998,0.00713801347,986.8626320825874
SKW-15,SKW-15,2025-07-31 09:51:00,28.7,51.0,707.100000000394,2398.40000000017,217.500000008,280.999999994,0.00815772968,979.8917735135353
SKW-15,SKW-15,2025-07-31 09:52:00,28.7,51.0,705.599999999331,2398.20000000003,217.4,281.800000004,0.00815772968,978.7352904984451
SKW-15,SKW-15,2025-07-31 09:53:00,28.8,51.0,704.600000000073,2397.99999999989,217.299999992,281.3,0.00815772968,971.8476981467511
SKW-15,SKW-15,2025-07-31 09:54:00,28.6,51.0,705.799999999473,2398.3000000001,217.200000002,280.799999996,0.00713801347,988.0227691516197
SKW-15,SKW-15,2025-07-31 09:55:00,28.7,51.0,706.70000000011,2398.50000000025,217.200000002,280.599999998,0.00509858105,980.5616911528388
SKW-15,SKW-15,2025-07-31 09:56:00,28.5,51.0,707.500000000677,2399.29999999936,217.200000002,281.100000002,0.00713801347,995.3191382644668
SKW-15,SKW-15,2025-07-31 09:57:00,28.6,51.0,707.999999999581,2399.59999999957,217.299999992,281.400000008,0.00815772968,987.031223531837
SKW-15,SKW-15,2025-07-31 09:58:00,28.5,51.0,707.699999999368,2395.99999999993,217.299999992,281.699999996,0.00611829726,994.3862366659588
SKW-15,SKW-15,2025-07-31 09:59:00,28.7,51.0,705.599999999331,2395.19999999936,217.200000002,282.000000002,0.00713801347,978.460248622585
SKW-15,SKW-15,2025-07-31 10:00:00,28.5,51.0,705.300000000569,2397.1000000007,217.099999994,281.600000006,0.00815772968,994.6043434965616
SKW-15,SKW-15,2025-07-31 10:01:00,28.7,51.0,706.299999999827,2400.30000000007,217.099999994,282.000000002,0.00917744589,978.4390454958695
SKW-15,SKW-15,2025-07-31 10:02:00,28.5,51.0,706.60000000004,2402.19999999996,217.099999994,281.100000002,0.00509858105,995.3545003934777
SKW-15,SKW-15,2025-07-31 10:03:00,28.3,51.0,707.500000000677,2406.29999999997,217.200000002,281.800000004,0.00611829726,1009.9817762045295
SKW-15,SKW-15,2025-07-31 10:04:00,28.5,51.0,708.099999999651,2408.19999999986,217.299999992,281.100000002,0.00713801347,995.2975515377585
SKW-15,SKW-15,2025-07-31 10:05:00,28.6,51.0,706.399999999898,2408.90000000036,217.299999992,282.500000006,0.00815772968,985.3941272899735
SKW-15,SKW-15,2025-07-31 10:06:00,28.6,51.0,705.599999999331,2409.99999999969,217.299999992,281.499999998,0.00713801347,986.9483408102692
SKW-15,SKW-15,2025-07-31 10:07:00,28.4,51.0,705.100000000428,2413.10000000043,217.200000002,281.499999998,0.00713801347,1002.5935323726909
SKW-15,SKW-15,2025-07-31 10:08:00,28.4,51.0,705.699999999402,2416.09999999966,217.200000002,280.999999994,0.00611829726,1003.359392466776
SKW-15,SKW-15,2025-07-31 10:09:00,28.4,51.0,706.499999999969,2417.60000000072,217.299999992,281.400000008,0.00611829726,1002.7194031196585
SKW-15,SKW-15,2025-07-31 10:10:00,28.4,51.0,707.500000000677,2417.89999999948,217.299999992,281.100000002,0.00815772968,1003.1607033939645
SKW-15,SKW-15,2025-07-31 10:11:00,28.3,51.0,707.999999999581,2417.69999999934,217.4,281.899999994,0.00917744589,1009.8026606477994
SKW-15,SKW-15,2025-07-31 10:12:00,28.0,51.0,708.700000000076,2417.50000000065,217.500000008,281.199999992,0.00611829726,1707.393808504093
SKW-15,SKW-15,2025-07-31 10:13:00,28.5,51.0,708.499999999935,2415.5999999993,217.599999998,281.899999994,0.00815772968,994.0273430983962
SKW-15,SKW-15,2025-07-31 10:14:00,28.6,51.0,706.60000000004,2411.99999999965,217.599999998,281.600000006,0.00611829726,986.742520936489
SKW-15,SKW-15,2025-07-31 10:15:00,28.6,51.0,704.700000000144,2410.70000000018,217.599999998,282.399999998,0.00611829726,985.5730923599724
SKW-15,SKW-15,2025-07-31 10:16:00,28.4,51.0,704.600000000073,2411.10000000047,217.599999998,281.499999998,0.00611829726,1002.5792792567607
SKW-15,SKW-15,2025-07-31 10:17:00,28.4,51.0,705.599999999331,2412.50000000001,217.500000008,281.100000002,0.00611829726,1003.1871465657579
SKW-15,SKW-15,2025-07-31 10:18:00,28.0,51.0,706.499999999969,2414.09999999969,217.500000008,281.800000004,0.00713801347,1706.402624521558
SKW-15,SKW-15,2025-07-31 10:19:00,26.4,51.0,707.200000000464,2415.30000000054,217.599999998,282.099999992,0.00713801347,2380.1033596635257
SKW-15,SKW-15,2025-07-31 10:20:00,26.4,51.0,707.699999999368,2415.5999999993,217.599999998,281.699999996,0.00611829726,2380.103215000146
SKW-15,SKW-15,2025-07-31 10:21:00,28.1,51.0,707.699999999368,2413.10000000043,217.700000006,280.000000004,0.00815772968,1028.7599711965029
SKW-15,SKW-15,2025-07-31 10:22:00,25.5,51.0,707.100000000394,2413.79999999948,217.700000006,280.999999994,0.00713801347,2380.0885059268808
SKW-15,SKW-15,2025-07-31 10:23:00,23.9,51.0,707.100000000394,2414.90000000026,217.700000006,280.599999998,0.00815772968,2380.0520397034124
SKW-15,SKW-15,2025-07-31 10:24:00,21.8,51.0,707.599999999297,2415.00000000033,217.799999996,278.099999996,0.00815772968,2379.9576845265246
SKW-15,SKW-15,2025-07-31 10:25:00,27.0,51.0,707.89999999951,2414.70000000011,217.799999996,277.199999996,0.00815772968,2380.11007887357
SKW-15,SKW-15,2025-07-31 10:26:00,28.7,51.0,707.89999999951,2410.2999999999,217.900000004,274.699999994,0.00713801347,989.4607092606822
SKW-15,SKW-15,2025-07-31 10:27:00,28.7,51.0,705.699999999402,2407.79999999958,217.900000004,275.799999992,0.00611829726,987.8364423749235
SKW-15,SKW-15,2025-07-31 10:28:00,28.9,51.0,703.999999999649,2406.70000000025,217.799999996,277.599999992,0.0101971621,969.7076480036357
SKW-15,SKW-15,2025-07-31 10:29:00,28.7,51.0,704.900000000286,2405.10000000057,217.700000006,278.700000008,0.00611829726,983.4490989297891
SKW-15,SKW-15,2025-07-31 10:30:00,28.5,51.0,705.699999999402,2403.59999999951,217.599999998,278.999999996,0.00611829726,998.5677328015578
SKW-15,SKW-15,2025-07-31 10:31:00,26.9,51.0,705.999999999615,2402.90000000046,217.599999998,279.100000004,0.00509858105,2380.109523340576
SKW-15,SKW-15,2025-07-31 10:32:00,25.4,51.0,706.900000000252,2401.29999999933,217.599999998,279.899999996,0.00713801347,2380.086348996291
SKW-15,SKW-15,2025-07-31 10:33:00,28.1,51.0,707.599999999297,2398.09999999996,217.700000006,279.399999992,0.00713801347,1029.7112535128726
SKW-15,SKW-15,2025-07-31 10:34:00,28.7,51.0,707.100000000394,2391.49999999964,217.700000006,279.399999992,0.00815772968,982.3067481011029
SKW-15,SKW-15,2025-07-31 10:35:00,28.7,51.0,704.700000000144,2388.30000000027,217.599999998,279.5,0.00611829726,982.247270137877
SKW-15,SKW-15,2025-07-31 10:36:00,28.6,51.0,704.399999999932,2387.29999999957,217.599999998,279.300000002,0.00509858105,990.3255755316931
SKW-15,SKW-15,2025-07-31 10:37:00,28.3,51.0,704.900000000286,2386.60000000052,217.500000008,279.800000006,0.00611829726,1013.1198274042125
SKW-15,SKW-15,2025-07-31 10:38:00,26.2,51.0,705.899999999544,2386.00000000009,217.500000008,279.899999996,0.00713801347,2380.0999201995323
SKW-15,SKW-15,2025-07-31 10:39:00,25.1,51.0,706.299999999827,2385.59999999981,217.500000008,280.200000002,0.00917744589,2380.0807590903437
SKW-15,SKW-15,2025-07-31 10:40:00,26.9,51.0,707.100000000394,2383.69999999992,217.599999998,279.199999994,0.00509858105,2380.109457919187
SKW-15,SKW-15,2025-07-31 10:41:00,28.2,51.0,707.300000000535,2379.69999999998,217.599999998,278.499999992,0.00815772968,1023.102793046724
SKW-15,SKW-15,2025-07-31 10:42:00,28.7,51.0,706.299999999827,2375.29999999977,217.599999998,279.199999994,0.00917744589,982.6419255387694
SKW-15,SKW-15,2025-07-31 10:43:00,28.9,51.0,704.19999999979,2373.2999999998,217.500000008,279.699999998,0.00713801347,966.6000082982634
SKW-15,SKW-15,2025-07-31 10:44:00,28.8,51.0,703.999999999649,2374.20000000044,217.4,279.5,0.00611829726,974.5852557240769
SKW-15,SKW-15,2025-07-31 10:45:00,28.6,51.0,704.500000000003,2374.99999999956,217.4,280.099999994,0.00815772968,989.1046085484152
SKW-15,SKW-15,2025-07-31 10:46:00,27.6,51.0,705.599999999331,2376.79999999938,217.4,280.299999992,0.00611829726,2380.11831581701
SKW-15,SKW-15,2025-07-31 10:47:00,25.5,51.0,706.499999999969,2378.70000000073,217.4,280.900000004,0.00713801347,2380.0886632108427
SKW-15,SKW-15,2025-07-31 10:48:00,25.5,51.0,707.300000000535,2379.90000000013,217.4,280.299999992,0.00611829726,2380.088377418956
SKW-15,SKW-15,2025-07-31 10:49:00,28.2,51.0,707.599999999297,2378.89999999942,217.500000008,279.199999994,0.00815772968,1022.0002876360098
SKW-15,SKW-15,2025-07-31 10:50:00,28.6,51.0,707.000000000323,2376.99999999952,217.500000008,278.6,0.00815772968,991.3311300829288
SKW-15,SKW-15,2025-07-31 10:51:00,28.7,51.0,704.600000000073,2378.1000000003,217.500000008,279.100000004,0.00611829726,982.8700739655595
SKW-15,SKW-15,2025-07-31 10:52:00,28.8,51.0,704.19999999979,2380.89999999938,217.4,278.999999996,0.00509858105,975.339750268601
SKW-15,SKW-15,2025-07-31 10:53:00,28.3,51.0,705.000000000357,2385.90000000002,217.4,279.899999996,0.00815772968,1012.9631270360759
SKW-15,SKW-15,2025-07-31 10:54:00,26.4,51.0,705.599999999331,2388.60000000049,217.4,280.099999994,0.00713801347,2380.103005106176
SKW-15,SKW-15,2025-07-31 10:55:00,25.9,51.0,706.399999999898,2394.2000000001,217.4,280.599999998,0.00713801347,2380.095408208419
SKW-15,SKW-15,2025-07-31 10:56:00,28.2,51.0,707.000000000323,2396.90000000056,217.4,278.999999996,0.00713801347,1022.3221478706745
SKW-15,SKW-15,2025-07-31 10:57:00,28.7,51.0,706.299999999827,2399.79999999972,217.4,279.100000004,0.00917744589,982.8160208673498
SKW-15,SKW-15,2025-07-31 10:58:00,28.6,51.0,704.299999999861,2404.09999999986,217.4,280.099999994,0.00713801347,989.1139527422661
SKW-15,SKW-15,2025-07-31 10:59:00,28.5,51.0,703.699999999436,2406.60000000018,217.299999992,280.500000008,0.00509858105,996.3253944644712
SKW-15,SKW-15,2025-07-31 11:00:00,28.5,51.0,703.799999999507,2413.30000000057,217.200000002,279.899999996,0.00713801347,997.2471770603236
SKW-15,SKW-15,2025-07-31 11:01:00,28.3,51.0,704.700000000144,2420.70000000001,217.200000002,281.100000002,0.00713801347,1011.1071619875349
SKW-15,SKW-15,2025-07-31 11:02:00,28.0,51.0,705.699999999402,2427.40000000041,217.200000002,281.100000002,0.00611829726,1707.5556475326766
SKW-15,SKW-15,2025-07-31 11:03:00,26.3,51.0,706.499999999969,2433.20000000016,217.200000002,280.700000006,0.00611829726,2380.1017145100473
SKW-15,SKW-15,2025-07-31 11:04:00,25.3,51.0,706.900000000252,2435.70000000048,217.299999992,280.4,0.00713801347,2380.084787782557
SKW-15,SKW-15,2025-07-31 11:05:00,27.7,51.0,707.400000000606,2440.00000000063,217.299999992,280.200000002,0.00713801347,2380.119288033067
SKW-15,SKW-15,2025-07-31 11:06:00,26.5,51.0,706.800000000181,2443.70000000035,217.4,278.900000006,0.00713801347,2380.1039919594873
SKW-15,SKW-15,2025-07-31 11:07:00,28.4,51.0,705.999999999615,2446.5999999995,217.4,278.999999996,0.00815772968,1006.4384989985726
SKW-15,SKW-15,2025-07-31 11:08:00,28.7,51.0,705.100000000428,2449.5000000001,217.4,278.299999994,0.00611829726,984.0847148260307
SKW-15,SKW-15,2025-07-31 11:09:00,28.7,51.0,703.699999999436,2455.60000000007,217.4,279.600000008,0.00917744589,982.1328325258875
SKW-15,SKW-15,2025-07-31 11:10:00,28.7,51.0,704.099999999719,2462.30000000047,217.299999992,279.699999998,0.00917744589,981.9795975410855
SKW-15,SKW-15,2025-07-31 11:11:00,28.7,51.0,705.100000000428,2466.99999999944,217.299999992,280.799999996,0.00917744589,980.2766049935311
SKW-15,SKW-15,2025-07-31 11:12:00,28.4,51.0,705.799999999473,2470.50000000047,217.200000002,280.700000006,0.00713801347,1003.8194573473663
SKW-15,SKW-15,2025-07-31 11:13:00,26.9,51.0,706.099999999685,2470.60000000054,217.299999992,280.999999994,0.0101971621,2380.1100236645457
SKW-15,SKW-15,2025-07-31 11:14:00,24.6,51.0,706.70000000011,2470.30000000033,217.299999992,280.999999994,0.00815772968,2380.0704487084317
SKW-15,SKW-15,2025-07-31 11:15:00,23.7,51.0,707.200000000464,2468.60000000058,217.299999992,280.200000002,0.00815772968,2380.0461595650895
SKW-15,SKW-15,2025-07-31 11:16:00,25.4,51.0,707.699999999368,2465.90000000012,217.4,278.000000006,0.00815772968,2380.085624206097
SKW-15,SKW-15,2025-07-31 11:17:00,22.3,51.0,707.599999999297,2463.49999999987,217.500000008,276.900000008,0.00917744589,2379.986618065677
SKW-15,SKW-15,2025-07-31 11:18:00,26.2,51.0,707.599999999297,2462.6999999993,217.599999998,276.099999998,0.00611829726,2380.098587335515
SKW-15,SKW-15,2025-07-31 11:19:00,28.7,51.0,707.400000000606,2460.00000000029,217.700000006,274.499999996,0.00815772968,989.795286777488
SKW-15,SKW-15,2025-07-31 11:20:00,28.7,51.0,706.099999999685,2457.80000000018,217.700000006,275.700000002,0.00611829726,987.9982444050326
SKW-15,SKW-15,2025-07-31 11:21:00,28.7,51.0,704.399999999932,2456.50000000071,217.700000006,277.199999996,0.00713801347,985.7472041428038
SKW-15,SKW-15,2025-07-31 11:22:00,28.5,51.0,704.19999999979,2456.10000000043,217.599999998,277.500000002,0.00713801347,1000.910794807748
SKW-15,SKW-15,2025-07-31 11:23:00,28.5,51.0,704.900000000286,2455.5,217.599999998,278.400000002,0.00713801347,999.506980299741
SKW-15,SKW-15,2025-07-31 11:24:00,27.1,51.0,705.699999999402,2454.89999999958,217.500000008,279.5,0.00713801347,2380.1121945120544
SKW-15,SKW-15,2025-07-31 11:25:00,24.5,51.0,706.399999999898,2454.99999999965,217.500000008,280.900000004,0.00815772968,2380.0680131294016
SKW-15,SKW-15,2025-07-31 11:26:00,24.0,51.0,707.200000000464,2454.59999999936,217.599999998,279.399999992,0.00509858105,2380.0543246574916
SKW-15,SKW-15,2025-07-31 11:27:00,25.2,51.0,707.500000000677,2454.10000000046,217.599999998,278.499999992,0.00611829726,2380.0819441014446
SKW-15,SKW-15,2025-07-31 11:28:00,25.0,51.0,707.699999999368,2452.40000000071,217.599999998,276.699999992,0.00815772968,2380.077082879848
SKW-15,SKW-15,2025-07-31 11:29:00,26.7,51.0,707.300000000535,2450.6999999995,217.700000006,275.799999992,0.00611829726,2380.10581507632
SKW-15,SKW-15,2025-07-31 11:30:00,28.6,51.0,706.099999999685,2443.50000000021,217.799999996,276.099999998,0.00713801347,995.175671389927
SKW-15,SKW-15,2025-07-31 11:31:00,28.6,51.0,704.099999999719,2440.5999999996,217.700000006,276.400000004,0.00713801347,994.7673849258962
SKW-15,SKW-15,2025-07-31 11:32:00,28.5,51.0,704.099999999719,2439.70000000042,217.700000006,276.999999998,0.00713801347,1001.6787589275477
SKW-15,SKW-15,2025-07-31 11:33:00,28.5,51.0,705.000000000357,2438.19999999935,217.599999998,278.700000008,0.00713801347,999.0418205192066
SKW-15,SKW-15,2025-07-31 11:34:00,28.1,51.0,705.699999999402,2437.10000000002,217.599999998,279.5,0.00815772968,1029.5563049291425
SKW-15,SKW-15,2025-07-31 11:35:00,26.1,51.0,706.299999999827,2436.0000000007,217.599999998,279.899999996,0.00611829726,2380.0983239582797
SKW-15,SKW-15,2025-07-31 11:36:00,24.9,51.0,706.70000000011,2435.40000000027,217.599999998,279.899999996,0.00713801347,2380.076456143897
SKW-15,SKW-15,2025-07-31 11:37:00,27.1,51.0,707.200000000464,2433.20000000016,217.599999998,278.900000006,0.00713801347,2380.1118998185216
SKW-15,SKW-15,2025-07-31 11:38:00,28.5,51.0,706.900000000252,2427.50000000048,217.599999998,278.6,0.00713801347,999.1579655650037
SKW-15,SKW-15,2025-07-31 11:39:00,28.5,51.0,704.700000000144,2423.50000000055,217.599999998,278.999999996,0.00815772968,998.5817285944748
SKW-15,SKW-15,2025-07-31 11:40:00,28.6,51.0,703.899999999578,2421.89999999941,217.500000008,280.000000004,0.00713801347,989.2679378849837
SKW-15,SKW-15,2025-07-31 11:41:00,28.5,51.0,704.700000000144,2421.50000000058,217.500000008,279.399999992,0.00509858105,997.9821375859345
SKW-15,SKW-15,2025-07-31 11:42:00,28.2,51.0,705.300000000569,2421.30000000044,217.500000008,280.4,0.00815772968,1020.1291139702557
SKW-15,SKW-15,2025-07-31 11:43:00,26.3,51.0,705.899999999544,2421.20000000037,217.500000008,280.4,0.00815772968,2380.1015518392724
SKW-15,SKW-15,2025-07-31 11:44:00,24.7,51.0,706.60000000004,2420.90000000015,217.500000008,280.599999998,0.00713801347,2380.0724662501984
SKW-15,SKW-15,2025-07-31 11:45:00,26.6,51.0,707.300000000535,2419.79999999938,217.500000008,279.100000004,0.00917744589,2380.1053504153515
SKW-15,SKW-15,2025-07-31 11:46:00,28.1,51.0,707.300000000535,2418.90000000019,217.500000008,279.100000004,0.00713801347,1030.1882172647406
SKW-15,SKW-15,2025-07-31 11:47:00,24.9,51.0,706.299999999827,2418.39999999983,217.599999998,278.6,0.00611829726,2380.07598734184
SKW-15,SKW-15,2025-07-31 11:48:00,25.9,51.0,706.399999999898,2419.89999999945,217.599999998,279.100000004,0.00611829726,2380.094867412489
SKW-15,SKW-15,2025-07-31 11:49:00,28.4,51.0,706.70000000011,2418.80000000012,217.700000006,277.100000006,0.00815772968,1009.3683207320257
SKW-15,SKW-15,2025-07-31 11:50:00,28.6,51.0,705.100000000428,2418.49999999991,217.700000006,277.300000004,0.00713801347,993.3606140154723
SKW-15,SKW-15,2025-07-31 11:51:00,28.5,51.0,704.19999999979,2419.40000000054,217.599999998,277.100000006,0.00917744589,1001.5231128102447
SKW-15,SKW-15,2025-07-31 11:52:00,28.8,51.0,704.099999999719,2422.69999999998,217.599999998,278.400000002,0.00917744589,976.2051661336085
SKW-15,SKW-15,2025-07-31 11:53:00,28.5,51.0,705.000000000357,2426.69999999991,217.500000008,279.800000006,0.00713801347,997.3526945967718
SKW-15,SKW-15,2025-07-31 11:54:00,27.4,51.0,705.699999999402,2430.89999999998,217.500000008,279.699999998,0.00611829726,2380.115865971481
SKW-15,SKW-15,2025-07-31 11:55:00,24.3,51.0,705.999999999615,2432.89999999995,217.4,279.899999996,0.00713801347,2380.0627968857825
SKW-15,SKW-15,2025-07-31 11:56:00,23.8,51.0,706.499999999969,2435.60000000041,217.500000008,280.099999994,0.00713801347,2380.0491251680187
SKW-15,SKW-15,2025-07-31 11:57:00,23.9,51.0,707.300000000535,2436.29999999946,217.599999998,277.599999992,0.00815772968,2380.0503677967204
SKW-15,SKW-15,2025-07-31 11:58:00,24.8,51.0,707.799999999439,2435.50000000034,217.599999998,276.299999996,0.00611829726,2380.0726104045657
SKW-15,SKW-15,2025-07-31 11:59:00,27.8,51.0,707.400000000606,2432.49999999967,217.700000006,275.199999998,0.00815772968,2380.119193647963
SKW-15,SKW-15,2025-07-31 12:00:00,28.7,51.0,706.399999999898,2430.39999999963,217.799999996,275.599999994,0.00713801347,988.1294500843251
SKW-15,SKW-15,2025-07-31 12:01:00,28.6,51.0,704.600000000073,2430.69999999984,217.700000006,276.200000006,0.00713801347,995.0636939639478
SKW-15,SKW-15,2025-07-31 12:02:00,28.5,51.0,705.000000000357,2432.09999999938,217.700000006,276.999999998,0.00713801347,1001.6620089222014
SKW-15,SKW-15,2025-07-31 12:03:00,27.5,51.0,705.699999999402,2433.60000000045,217.700000006,278.400000002,0.00713801347,2380.1166627140415
SKW-15,SKW-15,2025-07-31 12:04:00,24.4,51.0,706.099999999685,2434.79999999985,217.700000006,279.5,0.00509858105,2380.0649496933875
SKW-15,SKW-15,2025-07-31 12:05:00,25.0,51.0,706.499999999969,2434.79999999985,217.700000006,279.300000002,0.00611829726,2380.0783038117224
SKW-15,SKW-15,2025-07-31 12:06:00,26.7,51.0,707.100000000394,2433.50000000038,217.700000006,277.500000002,0.00815772968,2380.1062657603575
SKW-15,SKW-15,2025-07-31 12:07:00,28.4,51.0,707.200000000464,2429.80000000066,217.799999996,277.199999996,0.00713801347,1009.2025396051819
SKW-15,SKW-15,2025-07-31 12:08:00,28.5,51.0,704.800000000215,2426.90000000005,217.700000006,277.899999998,0.00713801347,1000.274174888194
SKW-15,SKW-15,2025-07-31 12:09:00,28.6,51.0,703.699999999436,2427.30000000034,217.599999998,278.6,0.00713801347,991.4078269664932
SKW-15,SKW-15,2025-07-31 12:10:00,28.6,51.0,703.799999999507,2427.99999999938,217.599999998,278.799999998,0.00509858105,991.1066840731803
SKW-15,SKW-15,2025-07-31 12:11:00,28.3,51.0,704.800000000215,2429.80000000066,217.599999998,279.699999998,0.00611829726,1013.2728646334942
SKW-15,SKW-15,2025-07-31 12:12:00,27.1,51.0,705.500000000711,2431.70000000055,217.500000008,279.800000006,0.00713801347,2380.1122836381473
SKW-15,SKW-15,2025-07-31 12:13:00,25.2,51.0,706.299999999827,2433.60000000045,217.599999998,280.500000008,0.00713801347,2380.0828449548576
SKW-15,SKW-15,2025-07-31 12:14:00,25.0,51.0,706.60000000004,2434.29999999949,217.599999998,279.899999996,0.00815772968,2380.078540703458
SKW-15,SKW-15,2025-07-31 12:15:00,26.4,51.0,707.200000000464,2434.69999999978,217.599999998,278.299999994,0.00713801347,2380.1022747209813
SKW-15,SKW-15,2025-07-31 12:16:00,27.5,51.0,707.200000000464,2432.59999999974,217.700000006,278.000000006,0.00917744589,2380.116438986717
SKW-15,SKW-15,2025-07-31 12:17:00,28.5,51.0,705.799999999473,2430.39999999963,217.700000006,278.099999996,0.00713801347,999.945504299537
SKW-15,SKW-15,2025-07-31 12:18:00,28.5,51.0,703.799999999507,2428.59999999981,217.700000006,278.499999992,0.00917744589,999.3610145614296
SKW-15,SKW-15,2025-07-31 12:19:00,28.4,51.0,703.499999999294,2428.49999999974,217.599999998,278.099999996,0.00611829726,1007.868407067567
SKW-15,SKW-15,2025-07-31 12:20:00,28.5,51.0,704.19999999979,2427.89999999931,217.599999998,279.199999994,0.00917744589,998.2802447748787
SKW-15,SKW-15,2025-07-31 12:21:00,28.3,51.0,705.000000000357,2427.40000000041,217.500000008,279.5,0.00713801347,1013.5851739165993
SKW-15,SKW-15,2025-07-31 12:22:00,26.6,51.0,705.799999999473,2426.90000000005,217.500000008,280.599999998,0.00713801347,2380.105919922342
SKW-15,SKW-15,2025-07-31 12:23:00,24.8,51.0,706.499999999969,2426.19999999956,217.500000008,280.500000008,0.00611829726,2380.074661536675
SKW-15,SKW-15,2025-07-31 12:24:00,25.1,51.0,706.70000000011,2425.60000000058,217.500000008,279.100000004,0.00713801347,2380.0803134818507
SKW-15,SKW-15,2025-07-31 12:25:00,24.2,51.0,707.100000000394,2423.70000000069,217.599999998,278.999999996,0.00713801347,2380.0594750298055
SKW-15,SKW-15,2025-07-31 12:26:00,24.5,51.0,706.800000000181,2423.00000000019,217.599999998,277.599999992,0.00815772968,2380.066347224091
SKW-15,SKW-15,2025-07-31 12:27:00,28.5,51.0,706.399999999898,2420.19999999966,217.700000006,276.499999994,0.00815772968,1002.407550737355
SKW-15,SKW-15,2025-07-31 12:28:00,28.7,51.0,705.599999999331,2417.50000000065,217.799999996,275.500000004,0.00611829726,988.308163767358
SKW-15,SKW-15,2025-07-31 12:29:00,28.7,51.0,703.499999999294,2417.40000000058,217.700000006,277.199999996,0.00815772968,985.7680417798573
SKW-15,SKW-15,2025-07-31 12:30:00,28.6,51.0,703.599999999365,2417.99999999955,217.599999998,278.000000006,0.00611829726,992.3341130857474
SKW-15,SKW-15,2025-07-31 12:31:00,28.6,51.0,704.500000000003,2419.00000000026,217.500000008,278.700000008,0.00815772968,991.2397520416712
SKW-15,SKW-15,2025-07-31 12:32:00,28.3,51.0,705.100000000428,2418.80000000012,217.500000008,279.5,0.00713801347,1013.5840313735091
SKW-15,SKW-15,2025-07-31 12:33:00,26.5,51.0,705.699999999402,2418.19999999969,217.500000008,280.299999992,0.00815772968,2380.1044352027566
SKW-15,SKW-15,2025-07-31 12:34:00,24.2,51.0,706.199999999756,2416.60000000001,217.500000008,280.500000008,0.00611829726,2380.06047909668
SKW-15,SKW-15,2025-07-31 12:35:00,23.9,51.0,706.800000000181,2414.09999999969,217.599999998,279.800000006,0.00611829726,2380.0517673947274
SKW-15,SKW-15,2025-07-31 12:36:00,24.3,51.0,707.300000000535,2411.40000000068,217.599999998,278.000000006,0.00611829726,2380.0615471113097
SKW-15,SKW-15,2025-07-31 12:37:00,25.9,51.0,707.000000000323,2408.19999999986,217.700000006,276.400000004,0.00509858105,2380.093905546408
SKW-15,SKW-15,2025-07-31 12:38:00,28.6,51.0,705.699999999402,2402.30000000004,217.799999996,275.700000002,0.00713801347,995.8008848526152
SKW-15,SKW-15,2025-07-31 12:39:00,28.7,51.0,704.700000000144,2401.49999999947,217.799999996,276.000000008,0.00815772968,987.5585459879001
SKW-15,SKW-15,2025-07-31 12:40:00,28.6,51.0,704.19999999979,2401.00000000057,217.799999996,277.199999996,0.00815772968,993.5232425289272
SKW-15,SKW-15,2025-07-31 12:41:00,28.3,51.0,704.900000000286,2401.49999999947,217.700000006,278.6,0.00509858105,1014.9880889523913
SKW-15,SKW-15,2025-07-31 12:42:00,25.5,51.0,705.300000000569,2401.79999999968,217.700000006,279.699999998,0.00611829726,2380.0882693117496
SKW-15,SKW-15,2025-07-31 12:43:00,24.4,51.0,706.199999999756,2402.90000000046,217.700000006,279.5,0.00713801347,2380.064884716677
SKW-15,SKW-15,2025-07-31 12:44:00,26.8,51.0,706.60000000004,2402.60000000025,217.700000006,278.400000002,0.00611829726,2380.107929863849
SKW-15,SKW-15,2025-07-31 12:45:00,27.7,51.0,706.399999999898,2400.80000000042,217.799999996,278.099999996,0.00917744589,2380.1187538053673
SKW-15,SKW-15,2025-07-31 12:46:00,24.8,51.0,705.899999999544,2403.39999999936,217.799999996,278.200000004,0.00611829726,2380.0736044380137
SKW-15,SKW-15,2025-07-31 12:47:00,25.6,51.0,706.399999999898,2405.20000000064,217.799999996,277.500000002,0.00713801347,2380.0891020971253
SKW-15,SKW-15,2025-07-31 12:48:00,25.3,51.0,706.499999999969,2405.89999999968,217.799999996,277.100000006,0.00815772968,2380.0833536412433
SKW-15,SKW-15,2025-07-31 12:49:00,28.9,51.0,705.899999999544,2403.89999999972,217.900000004,276.000000008,0.00713801347,972.0570231295692
SKW-15,SKW-15,2025-07-31 12:50:00,28.9,51.0,704.299999999861,2402.80000000039,217.900000004,276.699999992,0.00611829726,971.0638737340026
SKW-15,SKW-15,2025-07-31 12:51:00,28.7,51.0,703.300000000603,2404.3,217.799999996,277.899999998,0.00713801347,984.7001211625281
SKW-15,SKW-15,2025-07-31 12:52:00,28.7,51.0,704.099999999719,2405.99999999975,217.700000006,278.900000006,0.00815772968,983.15862542299
SKW-15,SKW-15,2025-07-31 12:53:00,28.5,51.0,704.500000000003,2407.10000000053,217.599999998,278.900000006,0.00713801347,998.7433211465253
SKW-15,SKW-15,2025-07-31 12:54:00,27.5,51.0,705.200000000498,2409.40000000071,217.599999998,279.600000008,0.00713801347,2380.116996220573
SKW-15,SKW-15,2025-07-31 12:55:00,25.9,51.0,705.799999999473,2411.69999999944,217.599999998,280.500000008,0.00917744589,2380.0953306335236
SKW-15,SKW-15,2025-07-31 12:56:00,28.2,51.0,706.099999999685,2412.50000000001,217.599999998,280.099999994,0.00611829726,1020.594206256079
SKW-15,SKW-15,2025-07-31 12:57:00,28.0,51.0,705.799999999473,2412.70000000015,217.700000006,279.399999992,0.00713801347,2380.1223288731
SKW-15,SKW-15,2025-07-31 12:58:00,28.0,51.0,705.300000000569,2414.60000000004,217.700000006,279.899999996,0.00611829726,2380.1224740370476
SKW-15,SKW-15,2025-07-31 12:59:00,28.6,51.0,704.600000000073,2417.00000000029,217.700000006,279.300000002,0.00713801347,990.3032801455897
SKW-15,SKW-15,2025-07-31 13:00:00,28.6,51.0,703.400000000674,2417.89999999948,217.599999998,280.599999998,0.00917744589,988.3455417311891
SKW-15,SKW-15,2025-07-31 13:01:00,28.6,51.0,703.400000000674,2419.00000000026,217.599999998,280.4,0.00611829726,988.6638896398014
SKW-15,SKW-15,2025-07-31 13:02:00,28.4,51.0,703.899999999578,2419.40000000054,217.500000008,280.900000004,0.00611829726,1003.5267074471079
SKW-15,SKW-15,2025-07-31 13:03:00,28.1,51.0,704.600000000073,2419.50000000061,217.500000008,280.900000004,0.00713801347,1027.3471582159539
SKW-15,SKW-15,2025-07-31 13:04:00,25.4,51.0,705.40000000064,2419.00000000026,217.500000008,281.199999992,0.00713801347,2380.087039737429
SKW-15,SKW-15,2025-07-31 13:05:00,24.0,51.0,705.999999999615,2417.79999999941,217.500000008,280.200000002,0.00815772968,2380.054952747407
SKW-15,SKW-15,2025-07-31 13:06:00,23.5,51.0,706.499999999969,2415.89999999951,217.599999998,278.799999998,0.00611829726,2380.038934439736
SKW-15,SKW-15,2025-07-31 13:07:00,25.5,51.0,706.499999999969,2414.80000000019,217.599999998,278.000000006,0.00815772968,2380.0875290427966
SKW-15,SKW-15,2025-07-31 13:08:00,28.4,51.0,706.399999999898,2411.20000000054,217.700000006,276.699999992,0.00713801347,1009.9981929107742
SKW-15,SKW-15,2025-07-31 13:09:00,28.8,51.0,704.600000000073,2407.99999999972,217.700000006,276.299999996,0.00815772968,979.3675477971694
SKW-15,SKW-15,2025-07-31 13:10:00,28.6,51.0,703.599999999365,2407.3999999993,217.700000006,277.500000002,0.00611829726,993.0926420315199
SKW-15,SKW-15,2025-07-31 13:11:00,28.6,51.0,703.799999999507,2408.29999999993,217.700000006,277.899999998,0.00917744589,992.4625279684324
SKW-15,SKW-15,2025-07-31 13:12:00,27.8,51.0,704.600000000073,2409.79999999955,217.599999998,279.5,0.00917744589,2380.120321177509
SKW-15,SKW-15,2025-07-31 13:13:00,24.6,51.0,705.200000000498,2411.40000000068,217.599999998,279.699999998,0.00611829726,2380.0699674347993
SKW-15,SKW-15,2025-07-31 13:14:00,24.1,51.0,705.899999999544,2412.19999999979,217.700000006,278.900000006,0.00713801347,2380.0569043407004
SKW-15,SKW-15,2025-07-31 13:15:00,24.3,51.0,706.60000000004,2412.09999999972,217.700000006,278.299999994,0.00815772968,2380.061701438064
SKW-15,SKW-15,2025-07-31 13:16:00,24.7,51.0,706.900000000252,2411.69999999944,217.799999996,276.900000008,0.00815772968,2380.070598502774
SKW-15,SKW-15,2025-07-31 13:17:00,27.7,51.0,706.900000000252,2410.70000000018,217.799999996,276.400000004,0.0101971621,2380.118335479783
SKW-15,SKW-15,2025-07-31 13:18:00,28.5,51.0,705.599999999331,2404.50000000014,217.900000004,276.000000008,0.00815772968,1003.183970512781
SKW-15,SKW-15,2025-07-31 13:19:00,28.5,51.0,703.499999999294,2403.39999999936,217.799999996,277.100000006,0.00917744589,1001.5226668135355
SKW-15,SKW-15,2025-07-31 13:20:00,28.6,51.0,703.799999999507,2402.80000000039,217.799999996,277.7,0.00815772968,992.7646669930256
SKW-15,SKW-15,2025-07-31 13:21:00,28.1,51.0,704.19999999979,2402.90000000046,217.799999996,277.899999998,0.00917744589,1704.4517706272022
SKW-15,SKW-15,2025-07-31 13:22:00,25.1,51.0,704.900000000286,2403.39999999936,217.799999996,279.699999998,0.0101971621,2380.0805816656766
SKW-15,SKW-15,2025-07-31 13:23:00,24.8,51.0,705.599999999331,2403.59999999951,217.799999996,279.800000006,0.00713801347,2380.074314145143
SKW-15,SKW-15,2025-07-31 13:24:00,26.4,51.0,706.199999999756,2402.80000000039,217.799999996,277.800000008,0.0101971621,2380.1021120713676
SKW-15,SKW-15,2025-07-31 13:25:00,28.5,51.0,705.799999999473,2399.39999999943,217.799999996,277.399999994,0.00815772968,1001.0181791578996
SKW-15,SKW-15,2025-07-31 13:26:00,28.7,51.0,704.500000000003,2398.50000000025,217.799999996,277.599999992,0.0101971621,985.1099785042248
SKW-15,SKW-15,2025-07-31 13:27:00,28.7,51.0,702.90000000032,2399.59999999957,217.700000006,278.6,0.00713801347,983.6555798814873
SKW-15,SKW-15,2025-07-31 13:28:00,28.7,51.0,703.200000000532,2403.39999999936,217.599999998,278.999999996,0.00611829726,983.0531511563878
SKW-15,SKW-15,2025-07-31 13:29:00,28.4,51.0,703.999999999649,2408.19999999986,217.599999998,280.000000004,0.00713801347,1004.9100862006175
SKW-15,SKW-15,2025-07-31 13:30:00,27.2,51.0,704.399999999932,2410.39999999997,217.599999998,279.899999996,0.00917744589,2380.113568250231
SKW-15,SKW-15,2025-07-31 13:31:00,25.6,51.0,705.200000000498,2414.3999999999,217.599999998,280.700000006,0.0101971621,2380.090378053167
SKW-15,SKW-15,2025-07-31 13:32:00,25.4,51.0,705.799999999473,2417.00000000029,217.599999998,280.200000002,0.0101971621,2380.0865320464327
SKW-15,SKW-15,2025-07-31 13:33:00,27.9,51.0,706.199999999756,2417.60000000072,217.700000006,279.399999992,0.0101971621,2380.1212233545116
SKW-15,SKW-15,2025-07-31 13:34:00,26.5,51.0,705.200000000498,2416.90000000022,217.700000006,278.000000006,0.00815772968,2380.103771618096
SKW-15,SKW-15,2025-07-31 13:35:00,26.8,51.0,704.900000000286,2415.5999999993,217.700000006,278.400000002,0.00713801347,2380.108060676362
SKW-15,SKW-15,2025-07-31 13:36:00,25.2,51.0,704.600000000073,2415.50000000068,217.700000006,278.999999996,0.00815772968,2380.0824150477306
SKW-15,SKW-15,2025-07-31 13:37:00,24.1,51.0,705.200000000498,2415.30000000054,217.799999996,277.899999998,0.00713801347,2380.0564296956713
SKW-15,SKW-15,2025-07-31 13:38:00,24.1,51.0,705.899999999544,2414.49999999997,217.799999996,276.999999998,0.00815772968,2380.0557983204944
SKW-15,SKW-15,2025-07-31 13:39:00,23.9,51.0,706.60000000004,2413.89999999955,217.900000004,274.800000002,0.00713801347,2380.017736984756
SKW-15,SKW-15,2025-07-31 13:40:00,24.3,51.0,706.70000000011,2413.50000000072,217.900000004,274.899999992,0.00611829726,2380.040741210977
SKW-15,SKW-15,2025-07-31 13:41:00,24.7,51.0,707.100000000394,2413.10000000043,217.999999994,274.200000008,0.00611829726,2379.9608479713647
SKW-15,SKW-15,2025-07-31 13:42:00,24.0,51.0,707.200000000464,2412.70000000015,218.100000002,273.900000002,0.00815772968,2379.894140774432
SKW-15,SKW-15,2025-07-31 13:43:00,24.9,51.0,707.100000000394,2411.89999999958,218.199999992,273.099999992,0.00713801347,2379.937366955095
SKW-15,SKW-15,2025-07-31 13:44:00,23.4,51.0,707.100000000394,2411.59999999937,218.199999992,272.800000004,0.00815772968,2379.8594151193406
SKW-15,SKW-15,2025-07-31 13:45:00,24.0,51.0,707.200000000464,2409.1000000005,218.400000008,272.800000004,0.00713801347,2379.8949927377544
SKW-15,SKW-15,2025-07-31 13:46:00,27.0,51.0,707.200000000464,2406.70000000025,218.400000008,271.900000004,0.00917744589,2380.0044058382473
SKW-15,SKW-15,2025-07-31 13:47:00,28.8,51.0,706.60000000004,2401.89999999975,218.499999998,272.699999996,0.00815772968,982.8008637150443
SKW-15,SKW-15,2025-07-31 13:48:00,29.0,51.0,704.19999999979,2398.70000000039,218.400000008,274.699999994,0.0101971621,966.3296511839093
SKW-15,SKW-15,2025-07-31 13:49:00,28.7,51.0,703.499999999294,2398.3000000001,218.3,276.499999994,0.00611829726,986.7858127490545
SKW-15,SKW-15,2025-07-31 13:50:00,28.7,51.0,703.799999999507,2398.80000000046,218.199999992,277.500000002,0.00815772968,985.2504168809917
SKW-15,SKW-15,2025-07-31 13:51:00,28.5,51.0,704.700000000144,2400.2,218.100000002,278.299999994,0.00713801347,999.6294723561639
SKW-15,SKW-15,2025-07-31 13:52:00,27.6,51.0,705.100000000428,2401.69999999961,218.100000002,279.600000008,0.00815772968,2380.1179943846882
SKW-15,SKW-15,2025-07-31 13:53:00,26.8,51.0,705.799999999473,2402.80000000039,217.999999994,280.099999994,0.0101971621,2380.108297547988
SKW-15,SKW-15,2025-07-31 13:54:00,28.4,51.0,705.799999999473,2401.79999999968,217.999999994,279.800000006,0.00713801347,1005.1665353987077
SKW-15,SKW-15,2025-07-31 13:55:00,28.8,51.0,704.19999999979,2399.4999999995,217.999999994,280.200000002,0.0101971621,973.4216152294957
SKW-15,SKW-15,2025-07-31 13:56:00,28.7,51.0,702.90000000032,2400.09999999993,217.799999996,280.599999998,0.00713801347,980.6025564246372
SKW-15,SKW-15,2025-07-31 13:57:00,28.7,51.0,703.200000000532,2401.3999999994,217.700000006,280.200000002,0.00815772968,981.2074746522595
SKW-15,SKW-15,2025-07-31 13:58:00,28.4,51.0,703.999999999649,2401.3999999994,217.700000006,280.599999998,0.00611829726,1003.9769218906629
SKW-15,SKW-15,2025-07-31 13:59:00,28.2,51.0,704.299999999861,2401.20000000071,217.700000006,281.100000002,0.00611829726,1019.0352570222761
SKW-15,SKW-15,2025-07-31 14:00:00,26.2,51.0,705.100000000428,2401.00000000057,217.700000006,281.499999998,0.00611829726,2380.1004189501436
SKW-15,SKW-15,2025-07-31 14:01:00,25.3,51.0,705.799999999473,2401.00000000057,217.700000006,280.999999994,0.00611829726,2380.084988470936
SKW-15,SKW-15,2025-07-31 14:02:00,25.5,51.0,706.299999999827,2400.60000000028,217.799999996,280.599999998,0.00611829726,2380.088432486264
SKW-15,SKW-15,2025-07-31 14:03:00,28.2,51.0,706.299999999827,2399.59999999957,217.799999996,279.5,0.00815772968,1021.529349989749
SKW-15,SKW-15,2025-07-31 14:04:00,28.6,51.0,704.900000000286,2395.19999999936,217.900000004,278.299999994,0.00713801347,991.8117960295375
SKW-15,SKW-15,2025-07-31 14:05:00,28.7,51.0,703.000000000391,2395.59999999964,217.799999996,278.700000008,0.00611829726,983.49437868874
SKW-15,SKW-15,2025-07-31 14:06:00,28.5,51.0,703.000000000391,2397.69999999968,217.799999996,279.800000006,0.00713801347,997.3720595665167
SKW-15,SKW-15,2025-07-31 14:07:00,28.5,51.0,703.899999999578,2401.10000000064,217.700000006,279.699999998,0.00713801347,997.514754568232
SKW-15,SKW-15,2025-07-31 14:08:00,28.0,51.0,704.19999999979,2402.60000000025,217.700000006,280.599999998,0.00917744589,2380.122657229544
SKW-15,SKW-15,2025-07-31 14:09:00,25.1,51.0,704.800000000215,2405.4999999994,217.700000006,280.900000004,0.00713801347,2380.0811730174414
SKW-15,SKW-15,2025-07-31 14:10:00,24.5,51.0,705.500000000711,2407.30000000068,217.700000006,280.500000008,0.00713801347,2380.067877259311
SKW-15,SKW-15,2025-07-31 14:11:00,24.3,51.0,706.099999999685,2407.99999999972,217.799999996,279.800000006,0.00713801347,2380.06249892001
SKW-15,SKW-15,2025-07-31 14:12:00,24.6,51.0,706.499999999969,2408.90000000036,217.900000004,278.099999996,0.00509858105,2380.0689078336277
SKW-15,SKW-15,2025-07-31 14:13:00,26.8,51.0,706.299999999827,2408.80000000029,217.900000004,276.900000008,0.00917744589,2380.1074574966638
SKW-15,SKW-15,2025-07-31 14:14:00,27.6,51.0,705.100000000428,2410.09999999976,217.999999994,275.500000004,0.00815772968,2380.1171074932013
SKW-15,SKW-15,2025-07-31 14:15:00,28.5,51.0,704.299999999861,2410.09999999976,217.999999994,276.099999998,0.00917744589,1003.0428138697245
SKW-15,SKW-15,2025-07-31 14:16:00,29.1,51.0,703.000000000391,2412.60000000008,217.999999994,276.900000008,0.00815772968,955.553265289611
SKW-15,SKW-15,2025-07-31 14:17:00,28.7,51.0,703.200000000532,2415.1000000004,217.900000004,278.099999996,0.00713801347,984.3876344287072
SKW-15,SKW-15,2025-07-31 14:18:00,28.3,51.0,703.899999999578,2419.40000000054,217.900000004,279.199999994,0.00713801347,1014.0498446903304
SKW-15,SKW-15,2025-07-31 14:19:00,25.6,51.0,704.500000000003,2422.69999999998,217.799999996,279.5,0.00611829726,2380.090031401789
SKW-15,SKW-15,2025-07-31 14:20:00,24.2,51.0,705.100000000428,2422.59999999991,217.799999996,279.600000008,0.0101971621,2380.0599168369135
SKW-15,SKW-15,2025-07-31 14:21:00,23.8,51.0,705.799999999473,2419.50000000061,217.900000004,278.900000006,0.00611829726,2380.048314247024
SKW-15,SKW-15,2025-07-31 14:22:00,25.2,51.0,706.099999999685,2417.89999999948,217.900000004,277.599999992,0.00713801347,2380.081613810446
SKW-15,SKW-15,2025-07-31 14:23:00,26.2,51.0,706.199999999756,2414.3999999999,217.999999994,276.299999996,0.00815772968,2380.0986124554315
SKW-15,SKW-15,2025-07-31 14:24:00,28.4,51.0,705.000000000357,2408.70000000022,217.999999994,276.400000004,0.00713801347,1010.4701824633238
SKW-15,SKW-15,2025-07-31 14:25:00,28.7,51.0,703.300000000603,2406.09999999983,217.999999994,276.999999998,0.00611829726,986.0574098641139
SKW-15,SKW-15,2025-07-31 14:26:00,28.4,51.0,703.599999999365,2405.39999999933,217.999999994,277.500000002,0.00815772968,1008.773917617051
SKW-15,SKW-15,2025-07-31 14:27:00,26.8,51.0,703.899999999578,2405.0000000005,217.999999994,277.899999998,0.00713801347,2380.107922119293
SKW-15,SKW-15,2025-07-31 14:28:00,23.9,51.0,704.600000000073,2404.3,217.999999994,279.600000008,0.00917744589,2380.0517052600967
SKW-15,SKW-15,2025-07-31 14:29:00,24.2,51.0,705.200000000498,2401.99999999982,217.999999994,278.499999992,0.00509858105,2380.0593451805216
SKW-15,SKW-15,2025-07-31 14:30:00,24.7,51.0,705.999999999615,2399.59999999957,217.999999994,276.8,0.00917744589,2380.070556097746
SKW-15,SKW-15,2025-07-31 14:31:00,28.1,51.0,706.199999999756,2398.09999999996,218.100000002,276.699999992,0.00611829726,1706.432692820616
SKW-15,SKW-15,2025-07-31 14:32:00,28.7,51.0,705.500000000711,2394.2000000001,218.100000002,276.299999996,0.00611829726,987.0567801243892
SKW-15,SKW-15,2025-07-31 14:33:00,28.7,51.0,703.499999999294,2390.70000000052,218.100000002,277.399999994,0.00713801347,985.4263907537165
SKW-15,SKW-15,2025-07-31 14:34:00,28.7,51.0,702.099999999753,2389.89999999996,217.999999994,278.900000006,0.00917744589,983.1810174103791
SKW-15,SKW-15,2025-07-31 14:35:00,28.7,51.0,702.700000000178,2390.90000000066,217.900000004,279.5,0.00815772968,982.2653012627263
SKW-15,SKW-15,2025-07-31 14:36:00,28.6,51.0,703.100000000461,2391.79999999985,217.799999996,278.900000006,0.00611829726,990.9489191022824
SKW-15,SKW-15,2025-07-31 14:37:00,28.2,51.0,703.899999999578,2393.59999999968,217.799999996,279.600000008,0.00713801347,1021.3890795360642
SKW-15,SKW-15,2025-07-31 14:38:00,26.4,51.0,704.500000000003,2395.3999999995,217.799999996,280.999999994,0.00815772968,2380.1032144233036
SKW-15,SKW-15,2025-07-31 14:39:00,26.2,51.0,705.000000000357,2396.40000000021,217.799999996,281.199999992,0.00713801347,2380.100289628351
SKW-15,SKW-15,2025-07-31 14:40:00,27.8,51.0,704.900000000286,2394.40000000024,217.799999996,280.200000002,0.00815772968,2380.1204100803357
SKW-15,SKW-15,2025-07-31 14:41:00,28.1,51.0,704.500000000003,2395.29999999943,217.799999996,280.200000002,0.01121687831,1028.4487794025868
SKW-15,SKW-15,2025-07-31 14:42:00,28.7,51.0,703.400000000674,2392.30000000021,217.799999996,279.699999998,0.00611829726,981.9603417161993
SKW-15,SKW-15,2025-07-31 14:43:00,28.6,51.0,702.299999999895,2393.09999999932,217.700000006,279.699999998,0.00713801347,989.7495517814476
SKW-15,SKW-15,2025-07-31 14:44:00,28.6,51.0,702.90000000032,2395.3999999995,217.700000006,280.299999992,0.0101971621,988.8038105727928
SKW-15,SKW-15,2025-07-31 14:45:00,28.3,51.0,703.599999999365,2398.60000000032,217.700000006,281.100000002,0.00713801347,1011.0979941250954
SKW-15,SKW-15,2025-07-31 14:46:00,25.9,51.0,703.899999999578,2400.50000000021,217.700000006,280.500000008,0.00713801347,2380.0955223770484
SKW-15,SKW-15,2025-07-31 14:47:00,24.5,51.0,704.600000000073,2404.19999999993,217.700000006,280.799999996,0.00815772968,2380.0681282433425
SKW-15,SKW-15,2025-07-31 14:48:00,25.1,51.0,705.200000000498,2406.80000000032,217.700000006,279.699999998,0.00815772968,2380.080629942163
SKW-15,SKW-15,2025-07-31 14:49:00,28.3,51.0,705.200000000498,2407.00000000046,217.799999996,278.499999992,0.00713801347,1015.13419825236
SKW-15,SKW-15,2025-07-31 14:50:00,28.5,51.0,704.600000000073,2405.20000000064,217.799999996,277.300000004,0.00713801347,1001.198645725237
SKW-15,SKW-15,2025-07-31 14:51:00,28.7,51.0,702.500000000037,2405.39999999933,217.700000006,278.200000004,0.00611829726,984.2809935965769
SKW-15,SKW-15,2025-07-31 14:52:00,28.5,51.0,702.500000000037,2405.79999999961,217.700000006,279.100000004,0.00713801347,998.4684287117335
SKW-15,SKW-15,2025-07-31 14:53:00,28.1,51.0,703.300000000603,2405.30000000071,217.700000006,279.300000002,0.00917744589,1029.8757263839457
SKW-15,SKW-15,2025-07-31 14:54:00,24.9,51.0,703.899999999578,2404.60000000021,217.700000006,280.700000006,0.00713801347,2380.0771160906083
SKW-15,SKW-15,2025-07-31 14:55:00,24.5,51.0,704.299999999861,2403.79999999965,217.700000006,280.700000006,0.00713801347,2380.0681505486173
SKW-15,SKW-15,2025-07-31 14:56:00,24.9,51.0,704.900000000286,2401.10000000064,217.700000006,279.300000002,0.00917744589,2380.076356945563
SKW-15,SKW-15,2025-07-31 14:57:00,26.3,51.0,705.40000000064,2398.20000000003,217.799999996,278.000000006,0.00611829726,2380.1008232593585
SKW-15,SKW-15,2025-07-31 14:58:00,28.5,51.0,705.100000000428,2393.0000000007,217.799999996,276.499999994,0.00611829726,1002.4303513235909
SKW-15,SKW-15,2025-07-31 14:59:00,28.5,51.0,703.000000000391,2389.09999999939,217.799999996,278.099999996,0.00815772968,999.990266979149
SKW-15,SKW-15,2025-07-31 15:00:00,28.4,51.0,702.600000000107,2388.70000000056,217.799999996,277.899999998,0.00815772968,1008.177007441843
SKW-15,SKW-15,2025-07-31 15:01:00,26.7,51.0,703.100000000461,2387.79999999992,217.799999996,278.900000006,0.00713801347,2380.1069711840437
SKW-15,SKW-15,2025-07-31 15:02:00,23.9,51.0,703.899999999578,2387.89999999999,217.799999996,278.999999996,0.00611829726,2380.051712834921
SKW-15,SKW-15,2025-07-31 15:03:00,24.1,51.0,704.600000000073,2387.09999999942,217.799999996,278.700000008,0.00815772968,2380.0569319886818
SKW-15,SKW-15,2025-07-31 15:04:00,24.5,51.0,705.200000000498,2386.10000000017,217.900000004,276.900000008,0.00917744589,2380.0660691197295
SKW-15,SKW-15,2025-07-31 15:05:00,26.0,51.0,705.500000000711,2385.69999999988,217.900000004,276.400000004,0.00815772968,2380.095579809876
SKW-15,SKW-15,2025-07-31 15:06:00,28.1,51.0,705.500000000711,2384.00000000013,217.999999994,274.899999992,0.00611829726,2380.1103140189316
SKW-15,SKW-15,2025-07-31 15:07:00,24.7,51.0,704.800000000215,2383.90000000006,217.999999994,275.9,0.00815772968,2380.0703481533424
SKW-15,SKW-15,2025-07-31 15:08:00,24.0,51.0,704.800000000215,2384.89999999932,218.100000002,276.600000002,0.00917744589,2380.052770603336
SKW-15,SKW-15,2025-07-31 15:09:00,26.6,51.0,704.700000000144,2383.49999999977,218.100000002,276.200000006,0.00917744589,2380.104588650947
SKW-15,SKW-15,2025-07-31 15:10:00,28.9,51.0,704.19999999979,2381.90000000009,218.199999992,274.800000002,0.00611829726,973.8997246052631
SKW-15,SKW-15,2025-07-31 15:11:00,28.9,51.0,702.500000000037,2382.2000000003,218.100000002,276.499999994,0.00713801347,971.3992667770494
SKW-15,SKW-15,2025-07-31 15:12:00,28.7,51.0,702.299999999895,2385.09999999946,217.999999994,278.299999994,0.00815772968,984.0937890118205
SKW-15,SKW-15,2025-07-31 15:13:00,28.8,51.0,703.200000000532,2389.59999999974,217.900000004,278.999999996,0.00611829726,975.3066297278166
SKW-15,SKW-15,2025-07-31 15:14:00,28.2,51.0,703.499999999294,2392.20000000013,217.900000004,279.699999998,0.00815772968,1021.2311404464737
SKW-15,SKW-15,2025-07-31 15:15:00,24.4,51.0,703.999999999649,2397.49999999954,217.799999996,280.4,0.00713801347,2380.065603465715
SKW-15,SKW-15,2025-07-31 15:16:00,24.8,51.0,704.399999999932,2402.19999999996,217.799999996,279.399999992,0.00713801347,2380.0743089009616
SKW-15,SKW-15,2025-07-31 15:17:00,28.6,51.0,704.700000000144,2403.29999999929,217.900000004,278.499999992,0.00815772968,991.5057689522682
SKW-15,SKW-15,2025-07-31 15:18:00,28.8,51.0,702.90000000032,2404.70000000028,217.900000004,278.099999996,0.00611829726,976.67931599585
SKW-15,SKW-15,2025-07-31 15:19:00,28.9,51.0,701.799999999541,2406.60000000018,217.799999996,278.299999994,0.00611829726,968.7609222955738
SKW-15,SKW-15,2025-07-31 15:20:00,28.9,51.0,701.799999999541,2410.39999999997,217.700000006,278.999999996,0.00713801347,967.7168113768398
SKW-15,SKW-15,2025-07-31 15:21:00,28.8,51.0,702.600000000107,2413.99999999962,217.700000006,280.000000004,0.00917744589,973.8241757962815
SKW-15,SKW-15,2025-07-31 15:22:00,28.4,51.0,703.200000000532,2415.89999999951,217.700000006,280.299999992,0.00713801347,1004.4525874939794
SKW-15,SKW-15,2025-07-31 15:23:00,27.1,51.0,703.999999999649,2416.49999999994,217.599999998,281.100000002,0.00713801347,2380.1126895592033
SKW-15,SKW-15,2025-07-31 15:24:00,25.3,51.0,704.500000000003,2417.00000000029,217.700000006,280.999999994,0.00611829726,2380.085144576495
SKW-15,SKW-15,2025-07-31 15:25:00,26.3,51.0,704.800000000215,2416.80000000015,217.700000006,281.100000002,0.00611829726,2380.101820341584
SKW-15,SKW-15,2025-07-31 15:26:00,28.3,51.0,704.700000000144,2413.99999999962,217.799999996,279.300000002,0.00815772968,1013.8869062959401
SKW-15,SKW-15,2025-07-31 15:27:00,28.7,51.0,702.700000000178,2411.20000000054,217.799999996,279.300000002,0.00713801347,982.5852543595258
SKW-15,SKW-15,2025-07-31 15:28:00,28.5,51.0,702.199999999824,2411.59999999937,217.700000006,280.099999994,0.01121687831,996.9214036993394
SKW-15,SKW-15,2025-07-31 15:29:00,28.4,51.0,702.299999999895,2411.40000000068,217.700000006,280.500000008,0.00917744589,1004.1528076434654
SKW-15,SKW-15,2025-07-31 15:30:00,27.8,51.0,702.800000000249,2411.59999999937,217.700000006,281.100000002,0.00713801347,2380.120778039032
SKW-15,SKW-15,2025-07-31 15:31:00,24.7,51.0,703.499999999294,2410.60000000011,217.700000006,280.999999994,0.00611829726,2380.0730002347127
SKW-15,SKW-15,2025-07-31 15:32:00,24.1,51.0,704.19999999979,2409.00000000043,217.700000006,280.200000002,0.00713801347,2380.0578814922014
SKW-15,SKW-15,2025-07-31 15:33:00,26.2,51.0,704.700000000144,2406.29999999997,217.799999996,278.299999994,0.00713801347,2380.099451463825
SKW-15,SKW-15,2025-07-31 15:34:00,28.4,51.0,704.800000000215,2404.40000000007,217.799999996,276.900000008,0.00815772968,1009.7013173017692
SKW-15,SKW-15,2025-07-31 15:35:00,28.6,51.0,703.400000000674,2398.50000000025,217.799999996,277.7,0.00713801347,992.7780199036276
SKW-15,SKW-15,2025-07-31 15:36:00,28.5,51.0,701.999999999682,2397.19999999932,217.700000006,278.499999992,0.00815772968,999.400111696443
SKW-15,SKW-15,2025-07-31 15:37:00,28.3,51.0,702.299999999895,2397.39999999947,217.700000006,278.799999998,0.0101971621,1014.6948686944262
SKW-15,SKW-15,2025-07-31 15:38:00,25.9,51.0,702.700000000178,2397.89999999982,217.700000006,280.000000004,0.00509858105,2380.095519178089
SKW-15,SKW-15,2025-07-31 15:39:00,24.3,51.0,703.300000000603,2398.90000000053,217.700000006,279.600000008,0.00611829726,2380.0629319457253
SKW-15,SKW-15,2025-07-31 15:40:00,24.2,51.0,704.099999999719,2399.10000000067,217.700000006,278.999999996,0.00611829726,2380.059939670477
SKW-15,SKW-15,2025-07-31 15:41:00,25.0,51.0,704.700000000144,2399.29999999936,217.799999996,277.599999992,0.00713801347,2380.077777951839
SKW-15,SKW-15,2025-07-31 15:42:00,25.0,51.0,704.900000000286,2399.59999999957,217.900000004,277.199999996,0.00815772968,2380.0775179649922
SKW-15,SKW-15,2025-07-31 15:43:00,27.5,51.0,705.100000000428,2399.99999999986,217.900000004,276.200000006,0.00509858105,2380.116176964123
SKW-15,SKW-15,2025-07-31 15:44:00,24.4,51.0,703.999999999649,2400.2,217.999999994,276.099999998,0.00713801347,2380.063402493468
SKW-15,SKW-15,2025-07-31 15:45:00,27.3,51.0,703.999999999649,2401.59999999954,217.999999994,277.100000006,0.00611829726,2380.114066944308
SKW-15,SKW-15,2025-07-31 15:46:00,28.7,51.0,703.100000000461,2397.59999999961,218.100000002,275.599999994,0.00611829726,988.1927665992231
SKW-15,SKW-15,2025-07-31 15:47:00,28.8,51.0,702.199999999824,2396.80000000049,218.100000002,276.200000006,0.00815772968,979.5497275350174
SKW-15,SKW-15,2025-07-31 15:48:00,28.8,51.0,701.599999999399,2397.59999999961,217.900000004,276.8,0.00815772968,978.6816638458109
SKW-15,SKW-15,2025-07-31 15:49:00,28.7,51.0,702.600000000107,2399.0000000006,217.900000004,278.400000002,0.00917744589,983.9386014277535
SKW-15,SKW-15,2025-07-31 15:50:00,28.4,51.0,703.100000000461,2400.80000000042,217.799999996,279.199999994,0.00713801347,1006.1535182188542
SKW-15,SKW-15,2025-07-31 15:51:00,26.8,51.0,703.699999999436,2403.20000000067,217.799999996,280.000000004,0.00611829726,2380.108562620036
SKW-15,SKW-15,2025-07-31 15:52:00,23.9,51.0,703.999999999649,2404.50000000014,217.799999996,280.900000004,0.00815772968,2380.0527029337377
SKW-15,SKW-15,2025-07-31 15:53:00,24.1,51.0,704.399999999932,2406.80000000032,217.799999996,279.800000006,0.00611829726,2380.0576023355566
SKW-15,SKW-15,2025-07-31 15:54:00,27.8,51.0,704.700000000144,2408.4,217.900000004,277.800000008,0.00815772968,2380.119889220908
SKW-15,SKW-15,2025-07-31 15:55:00,28.6,51.0,703.599999999365,2407.10000000053,217.900000004,276.999999998,0.00815772968,993.8361841008151
SKW-15,SKW-15,2025-07-31 15:56:00,28.8,51.0,701.200000000566,2409.00000000043,217.900000004,278.000000006,0.00611829726,976.887412970259
SKW-15,SKW-15,2025-07-31 15:57:00,28.8,51.0,701.000000000425,2411.89999999958,217.799999996,278.700000008,0.00611829726,975.8475911718713
SKW-15,SKW-15,2025-07-31 15:58:00,28.7,51.0,701.400000000708,2413.59999999934,217.700000006,279.600000008,0.00917744589,982.169487942035
SKW-15,SKW-15,2025-07-31 15:59:00,28.6,51.0,702.299999999895,2417.20000000044,217.700000006,279.800000006,0.00713801347,989.5965820625909
SKW-15,SKW-15,2025-07-31 16:00:00,28.5,51.0,703.000000000391,2420.3999999998,217.599999998,280.299999992,0.00713801347,996.6177971012864
SKW-15,SKW-15,2025-07-31 16:01:00,28.5,51.0,703.400000000674,2422.49999999984,217.599999998,281.400000008,0.00713801347,994.9173618886329
SKW-15,SKW-15,2025-07-31 16:02:00,28.5,51.0,703.200000000532,2420.3999999998,217.599999998,280.700000006,0.00713801347,995.9980828981849
SKW-15,SKW-15,2025-07-31 16:03:00,28.5,51.0,701.599999999399,2418.49999999991,217.599999998,281.800000004,0.00713801347,994.3440922751942
SKW-15,SKW-15,2025-07-31 16:04:00,28.6,51.0,701.100000000496,2417.79999999941,217.4,281.699999996,0.00917744589,986.7478798178144
SKW-15,SKW-15,2025-07-31 16:05:00,28.5,51.0,701.69999999947,2417.50000000065,217.4,281.699999996,0.00815772968,994.5081952891267
SKW-15,SKW-15,2025-07-31 16:06:00,28.4,51.0,702.299999999895,2416.90000000022,217.4,281.800000004,0.00509858105,1002.1733559460574
SKW-15,SKW-15,2025-07-31 16:07:00,28.0,51.0,702.700000000178,2416.60000000001,217.4,281.499999998,0.00917744589,1706.896101178301
SKW-15,SKW-15,2025-07-31 16:08:00,28.2,51.0,703.300000000603,2415.40000000061,217.500000008,281.199999992,0.00815772968,1018.8899873800683
SKW-15,SKW-15,2025-07-31 16:09:00,28.6,51.0,702.399999999966,2409.5999999994,217.500000008,282.399999998,0.00713801347,985.6435930744939
SKW-15,SKW-15,2025-07-31 16:10:00,28.7,51.0,700.900000000354,2407.49999999937,217.4,281.800000004,0.00917744589,978.8813495626857
SKW-15,SKW-15,2025-07-31 16:11:00,28.7,51.0,701.000000000425,2407.3999999993,217.4,282.000000002,0.00611829726,978.590605409024
SKW-15,SKW-15,2025-07-31 16:12:00,28.6,51.0,701.400000000708,2407.2000000006,217.299999992,282.099999992,0.00611829726,986.1532519892025
SKW-15,SKW-15,2025-07-31 16:13:00,28.3,51.0,701.899999999612,2407.69999999951,217.299999992,281.499999998,0.00611829726,1010.5189355720695
SKW-15,SKW-15,2025-07-31 16:14:00,27.3,51.0,702.600000000107,2408.60000000015,217.4,281.699999996,0.00713801347,2380.115401876382
SKW-15,SKW-15,2025-07-31 16:15:00,27.0,51.0,703.400000000674,2409.40000000071,217.4,281.100000002,0.00713801347,2380.111549664707
SKW-15,SKW-15,2025-07-31 16:16:00,28.6,51.0,703.100000000461,2407.89999999965,217.500000008,280.799999996,0.00917744589,988.0574558186057
SKW-15,SKW-15,2025-07-31 16:17:00,28.7,51.0,701.499999999328,2405.10000000057,217.500000008,281.199999992,0.00611829726,979.774867875156
SKW-15,SKW-15,2025-07-31 16:18:00,28.7,51.0,700.900000000354,2404.70000000028,217.4,281.199999992,0.00917744589,979.7902470053418
SKW-15,SKW-15,2025-07-31 16:19:00,28.8,51.0,701.200000000566,2404.60000000021,217.4,281.400000008,0.00611829726,971.8185353358873
SKW-15,SKW-15,2025-07-31 16:20:00,27.6,51.0,701.899999999612,2404.40000000007,217.4,280.999999994,0.00815772968,2380.118708299711
SKW-15,SKW-15,2025-07-31 16:21:00,24.7,51.0,702.199999999824,2404.40000000007,217.4,281.600000006,0.00815772968,2380.0735521790193
SKW-15,SKW-15,2025-07-31 16:22:00,24.0,51.0,703.000000000391,2403.69999999958,217.500000008,281.400000008,0.00815772968,2380.0561239555823
SKW-15,SKW-15,2025-07-31 16:23:00,24.0,51.0,703.699999999436,2402.50000000018,217.599999998,279.300000002,0.00611829726,2380.0548594823977
SKW-15,SKW-15,2025-07-31 16:24:00,23.8,51.0,704.19999999979,2401.69999999961,217.700000006,277.199999996,0.00815772968,2380.047696311206
SKW-15,SKW-15,2025-07-31 16:25:00,24.0,51.0,704.19999999979,2401.49999999947,217.700000006,277.500000002,0.00815772968,2380.053664783094
SKW-15,SKW-15,2025-07-31 16:26:00,22.3,51.0,704.099999999719,2401.3999999994,217.799999996,275.599999994,0.00611829726,2379.986230917263
SKW-15,SKW-15,2025-07-31 16:27:00,22.8,51.0,703.699999999436,2401.69999999961,217.900000004,274.400000006,0.00713801347,2379.9121556474524
SKW-15,SKW-15,2025-07-31 16:28:00,26.1,51.0,704.099999999719,2401.20000000071,218.100000002,273.000000002,0.00815772968,2379.980252784952
SKW-15,SKW-15,2025-07-31 16:29:00,28.8,51.0,703.699999999436,2398.40000000017,218.199999992,272.800000004,0.00713801347,982.9151138250818
SKW-15,SKW-15,2025-07-31 16:30:00,28.8,51.0,702.90000000032,2396.60000000035,218.199999992,274.299999998,0.00713801347,982.4111482375794
SKW-15,SKW-15,2025-07-31 16:31:00,28.8,51.0,700.800000000283,2395.3999999995,218.100000002,276.200000006,0.00509858105,979.6091725607159
SKW-15,SKW-15,2025-07-31 16:32:00,28.8,51.0,701.300000000637,2397.19999999932,217.999999994,277.199999996,0.00815772968,978.0733134188607
SKW-15,SKW-15,2025-07-31 16:33:00,28.5,51.0,701.999999999682,2399.89999999979,217.900000004,278.200000004,0.00509858105,999.8578030174035
SKW-15,SKW-15,2025-07-31 16:34:00,28.1,51.0,702.600000000107,2403.20000000067,217.900000004,279.5,0.00815772968,1029.5596999725008
SKW-15,SKW-15,2025-07-31 16:35:00,25.9,51.0,702.800000000249,2405.10000000057,217.900000004,279.899999996,0.00713801347,2380.0953693278934
SKW-15,SKW-15,2025-07-31 16:36:00,28.4,51.0,703.100000000461,2408.4,217.900000004,280.000000004,0.00509858105,1004.9122593909465
SKW-15,SKW-15,2025-07-31 16:37:00,28.7,51.0,702.199999999824,2407.00000000046,217.900000004,279.399999992,0.00917744589,982.4277514013053
SKW-15,SKW-15,2025-07-31 16:38:00,28.7,51.0,700.800000000283,2411.0000000004,217.700000006,280.000000004,0.00713801347,981.5896645102396
SKW-15,SKW-15,2025-07-31 16:39:00,28.6,51.0,700.900000000354,2413.50000000072,217.700000006,280.200000002,0.00713801347,989.0214690152346
SKW-15,SKW-15,2025-07-31 16:40:00,28.7,51.0,700.900000000354,2418.59999999998,217.599999998,280.700000006,0.00611829726,980.5404211588896
SKW-15,SKW-15,2025-07-31 16:41:00,28.4,51.0,701.400000000708,2422.19999999962,217.599999998,280.900000004,0.00713801347,1003.5612749113584
SKW-15,SKW-15,2025-07-31 16:42:00,28.0,51.0,702.099999999753,2424.80000000002,217.599999998,280.599999998,0.00611829726,2380.1228492308824
SKW-15,SKW-15,2025-07-31 16:43:00,25.5,51.0,702.800000000249,2424.90000000009,217.599999998,281.600000006,0.00611829726,2380.089265653694
SKW-15,SKW-15,2025-07-31 16:44:00,24.5,51.0,702.90000000032,2424.80000000002,217.599999998,281.499999998,0.00815772968,2380.068760115501
SKW-15,SKW-15,2025-07-31 16:45:00,23.7,51.0,703.599999999365,2423.89999999938,217.700000006,280.4,0.00713801347,2380.0467256579545
SKW-15,SKW-15,2025-07-31 16:46:00,24.3,51.0,703.799999999507,2422.2999999997,217.799999996,278.200000004,0.00611829726,2380.0620972412676
SKW-15,SKW-15,2025-07-31 16:47:00,25.0,51.0,703.300000000603,2420.49999999987,217.900000004,276.600000002,0.00611829726,2380.0775258882395
SKW-15,SKW-15,2025-07-31 16:48:00,23.9,51.0,703.499999999294,2420.09999999959,217.999999994,275.500000004,0.00713801347,2380.0496268494066
SKW-15,SKW-15,2025-07-31 16:49:00,26.1,51.0,703.599999999365,2419.60000000068,218.100000002,275.0,0.00815772968,2380.08964121696
SKW-15,SKW-15,2025-07-31 16:50:00,27.9,51.0,703.799999999507,2417.79999999941,218.199999992,275.0,0.00611829726,2380.1144424966506
SKW-15,SKW-15,2025-07-31 16:51:00,28.7,51.0,702.90000000032,2416.19999999973,218.199999992,276.099999998,0.00815772968,987.4151308804237
SKW-15,SKW-15,2025-07-31 16:52:00,28.8,51.0,701.300000000637,2413.30000000057,218.199999992,277.500000002,0.00815772968,977.5949485429841
SKW-15,SKW-15,2025-07-31 16:53:00,28.7,51.0,701.200000000566,2412.39999999994,217.999999994,277.500000002,0.00815772968,985.3446879409565
SKW-15,SKW-15,2025-07-31 16:54:00,28.6,51.0,701.400000000708,2412.39999999994,217.999999994,279.199999994,0.00713801347,990.5099965909556
SKW-15,SKW-15,2025-07-31 16:55:00,28.0,51.0,702.199999999824,2412.60000000008,217.900000004,279.300000002,0.00611829726,2380.1225081699117
SKW-15,SKW-15,2025-07-31 16:56:00,24.5,51.0,702.500000000037,2412.60000000008,217.900000004,280.299999992,0.00611829726,2380.0681500200826
SKW-15,SKW-15,2025-07-31 16:57:00,25.0,51.0,703.100000000461,2411.89999999958,217.900000004,280.099999994,0.00917744589,2380.078917035114
SKW-15,SKW-15,2025-07-31 16:58:00,26.1,51.0,703.400000000674,2411.0000000004,217.900000004,279.100000004,0.00815772968,2380.0982271356993
SKW-15,SKW-15,2025-07-31 16:59:00,24.5,51.0,703.599999999365,2410.09999999976,217.900000004,277.500000002,0.00509858105,2380.066696052793
SKW-15,SKW-15,2025-07-31 17:00:00,26.8,51.0,703.499999999294,2408.19999999986,217.999999994,277.100000006,0.00713801347,2380.107745552558
SKW-15,SKW-15,2025-07-31 17:01:00,28.3,51.0,702.700000000178,2406.29999999997,217.999999994,276.699999992,0.00815772968,1017.9680718939961
SKW-15,SKW-15,2025-07-31 17:02:00,28.7,51.0,701.000000000425,2404.70000000028,218.100000002,277.100000006,0.00713801347,985.9545117520536
SKW-15,SKW-15,2025-07-31 17:03:00,28.7,51.0,700.800000000283,2404.80000000036,217.999999994,277.300000004,0.00917744589,985.6564162082707
SKW-15,SKW-15,2025-07-31 17:04:00,28.7,51.0,701.300000000637,2405.4999999994,217.900000004,278.799999998,0.00713801347,983.3768881808995
SKW-15,SKW-15,2025-07-31 17:05:00,28.3,51.0,701.999999999682,2406.29999999997,217.900000004,279.899999996,0.00713801347,1012.9790262284191
SKW-15,SKW-15,2025-07-31 17:06:00,25.4,51.0,702.600000000107,2407.49999999937,217.799999996,280.000000004,0.00713801347,2380.0868058289648
SKW-15,SKW-15,2025-07-31 17:07:00,24.0,51.0,703.200000000532,2408.50000000008,217.900000004,280.4,0.00611829726,2380.055353593525
SKW-15,SKW-15,2025-07-31 17:08:00,24.0,51.0,703.400000000674,2408.70000000022,217.900000004,278.700000008,0.00713801347,2380.054365652493
SKW-15,SKW-15,2025-07-31 17:09:00,25.7,51.0,703.899999999578,2409.69999999947,217.900000004,277.599999992,0.00815772968,2380.0911162361003
SKW-15,SKW-15,2025-07-31 17:10:00,23.7,51.0,704.19999999979,2411.4999999993,217.999999994,276.8,0.00713801347,2380.0442207236015
SKW-15,SKW-15,2025-07-31 17:11:00,25.6,51.0,703.799999999507,2412.60000000008,218.100000002,275.500000004,0.00713801347,2380.0885697857593
SKW-15,SKW-15,2025-07-31 17:12:00,28.2,51.0,702.800000000249,2413.59999999934,218.199999992,275.199999998,0.00815772968,1028.3210598895525
SKW-15,SKW-15,2025-07-31 17:13:00,28.8,51.0,702.299999999895,2413.10000000043,218.199999992,275.199999998,0.00713801347,981.0598138193192
SKW-15,SKW-15,2025-07-31 17:14:00,28.7,51.0,700.600000000141,2415.89999999951,218.199999992,276.499999994,0.00815772968,986.8666872414695
SKW-15,SKW-15,2025-07-31 17:15:00,28.7,51.0,700.600000000141,2421.40000000051,217.999999994,278.299999994,0.00611829726,984.1523188568069
SKW-15,SKW-15,2025-07-31 17:16:00,28.5,51.0,701.200000000566,2427.10000000019,217.900000004,278.799999998,0.00917744589,998.9360296115472
SKW-15,SKW-15,2025-07-31 17:17:00,28.5,51.0,701.799999999541,2432.79999999988,217.799999996,280.200000002,0.00815772968,996.7785166011206
SKW-15,SKW-15,2025-07-31 17:18:00,28.4,51.0,702.099999999753,2435.40000000027,217.799999996,280.200000002,0.00611829726,1004.6225763524164
SKW-15,SKW-15,2025-07-31 17:19:00,28.1,51.0,702.700000000178,2440.5999999996,217.700000006,281.3,0.00713801347,1026.7199402075155
SKW-15,SKW-15,2025-07-31 17:20:00,25.2,51.0,703.100000000461,2444.10000000063,217.700000006,281.400000008,0.00713801347,2380.0835379080972
SKW-15,SKW-15,2025-07-31 17:21:00,23.8,51.0,703.400000000674,2444.39999999939,217.799999996,280.000000004,0.00815772968,2380.049414861077
SKW-15,SKW-15,2025-07-31 17:22:00,24.2,51.0,703.499999999294,2443.50000000021,217.799999996,279.399999992,0.00611829726,2380.0601838878197
SKW-15,SKW-15,2025-07-31 17:23:00,28.5,51.0,703.300000000603,2440.69999999967,217.999999994,278.099999996,0.00917744589,999.967075978868
SKW-15,SKW-15,2025-07-31 17:24:00,28.7,51.0,701.400000000708,2437.70000000045,217.999999994,277.199999996,0.00815772968,985.796499199699
SKW-15,SKW-15,2025-07-31 17:25:00,28.6,51.0,700.900000000354,2437.80000000052,217.900000004,278.799999998,0.00713801347,991.1439498562025
SKW-15,SKW-15,2025-07-31 17:26:00,28.7,51.0,701.599999999399,2436.0000000007,217.900000004,279.399999992,0.00713801347,982.4552633154026
SKW-15,SKW-15,2025-07-31 17:27:00,28.4,51.0,701.799999999541,2434.99999999999,217.900000004,279.100000004,0.00815772968,1006.3209945757607
SKW-15,SKW-15,2025-07-31 17:28:00,26.8,51.0,702.199999999824,2432.79999999988,217.900000004,279.899999996,0.00917744589,2380.1085923823343
SKW-15,SKW-15,2025-07-31 17:29:00,25.0,51.0,702.800000000249,2431.2000000002,217.900000004,280.299999992,0.00509858105,2380.0791193370455
SKW-15,SKW-15,2025-07-31 17:30:00,26.1,51.0,703.100000000461,2429.00000000009,217.900000004,279.100000004,0.00917744589,2380.0982411937566
SKW-15,SKW-15,2025-07-31 17:31:00,24.1,51.0,703.200000000532,2428.29999999959,217.900000004,279.5,0.00713801347,2380.0575600117736
SKW-15,SKW-15,2025-07-31 17:32:00,25.3,51.0,703.499999999294,2427.20000000027,217.999999994,278.099999996,0.00611829726,2380.0840495565276
SKW-15,SKW-15,2025-07-31 17:33:00,25.4,51.0,703.599999999365,2425.60000000058,217.999999994,276.200000006,0.00917744589,2380.0851700143826
SKW-15,SKW-15,2025-07-31 17:34:00,28.5,51.0,702.399999999966,2420.90000000015,218.100000002,275.599999994,0.00611829726,1003.8527153508734
SKW-15,SKW-15,2025-07-31 17:35:00,28.7,51.0,700.500000000071,2417.99999999955,218.100000002,275.9,0.00815772968,987.7953077926367
SKW-15,SKW-15,2025-07-31 17:36:00,28.6,51.0,700.199999999858,2417.69999999934,217.999999994,276.699999992,0.00815772968,994.3671656141538
SKW-15,SKW-15,2025-07-31 17:37:00,28.6,51.0,700.900000000354,2416.49999999994,217.900000004,278.200000004,0.00611829726,992.0666735515487
SKW-15,SKW-15,2025-07-31 17:38:00,28.5,51.0,701.599999999399,2414.70000000011,217.900000004,278.6,0.00611829726,999.2457991633614
SKW-15,SKW-15,2025-07-31 17:39:00,28.2,51.0,701.999999999682,2412.50000000001,217.799999996,279.600000008,0.00713801347,1021.4017604700423
SKW-15,SKW-15,2025-07-31 17:40:00,25.9,51.0,702.500000000037,2410.19999999983,217.799999996,280.200000002,0.00713801347,2380.0955337048567
SKW-15,SKW-15,2025-07-31 17:41:00,25.0,51.0,702.800000000249,2409.00000000043,217.799999996,280.000000004,0.00815772968,2380.078983677051
SKW-15,SKW-15,2025-07-31 17:42:00,25.8,51.0,703.200000000532,2403.29999999929,217.900000004,278.000000006,0.00611829726,2380.093069368089
SKW-15,SKW-15,2025-07-31 17:43:00,24.9,51.0,703.100000000461,2402.09999999989,217.900000004,278.900000006,0.00713801347,2380.0763778261085
SKW-15,SKW-15,2025-07-31 17:44:00,25.1,51.0,703.100000000461,2399.10000000067,217.999999994,276.999999998,0.0101971621,2380.079646354963
SKW-15,SKW-15,2025-07-31 17:45:00,28.5,51.0,702.299999999895,2391.2999999995,218.100000002,276.299999996,0.00713801347,1002.7680350419877
SKW-15,SKW-15,2025-07-31 17:46:00,28.8,51.0,701.200000000566,2389.3999999996,218.100000002,275.9,0.00611829726,980.0467730926216
SKW-15,SKW-15,2025-07-31 17:47:00,28.8,51.0,700.600000000141,2386.99999999935,217.999999994,278.000000006,0.00611829726,976.8953334526536
SKW-15,SKW-15,2025-07-31 17:48:00,28.6,51.0,701.300000000637,2386.90000000073,217.900000004,278.499999992,0.00815772968,991.5895787180676
SKW-15,SKW-15,2025-07-31 17:49:00,28.3,51.0,701.899999999612,2387.39999999964,217.900000004,279.600000008,0.00611829726,1013.4498632891937
SKW-15,SKW-15,2025-07-31 17:50:00,25.7,51.0,702.099999999753,2387.89999999999,217.900000004,280.099999994,0.00611829726,2380.092193400977
SKW-15,SKW-15,2025-07-31 17:51:00,23.9,51.0,702.600000000107,2388.99999999932,217.900000004,280.099999994,0.00917744589,2380.0524148996124
SKW-15,SKW-15,2025-07-31 17:52:00,24.2,51.0,703.100000000461,2389.3999999996,217.900000004,279.600000008,0.00713801347,2380.060266272055
SKW-15,SKW-15,2025-07-31 17:53:00,26.7,51.0,703.499999999294,2389.59999999974,217.999999994,277.100000006,0.00713801347,2380.106390848458
SKW-15,SKW-15,2025-07-31 17:54:00,27.6,51.0,702.600000000107,2389.29999999953,217.999999994,276.8,0.00509858105,2380.1176127184
SKW-15,SKW-15,2025-07-31 17:55:00,28.6,51.0,701.999999999682,2387.39999999964,218.100000002,277.100000006,0.00815772968,993.7029789958766
SKW-15,SKW-15,2025-07-31 17:56:00,28.8,51.0,700.099999999787,2389.49999999967,217.999999994,277.199999996,0.00713801347,978.117543549879
SKW-15,SKW-15,2025-07-31 17:56:05,28.6,51.0,699.999999999717,2391.49999999964,217.999999994,277.899999998,0.00815772968,992.5316574263851
SKW-15,SKW-15,2025-07-31 17:57:00,28.8,51.0,700.299999999929,2393.79999999982,217.900000004,277.7,0.00611829726,977.3711828160696
SKW-15,SKW-15,2025-07-31 17:57:24,28.6,51.0,701.100000000496,2398.70000000039,217.900000004,279.600000008,0.00713801347,989.9147276971499
SKW-15,SKW-15,2025-07-31 17:58:00,28.6,51.0,701.100000000496,2398.70000000039,217.900000004,279.600000008,0.00713801347,989.9147276971499
SKW-15,SKW-15,2025-07-31 17:59:00,28.1,51.0,701.69999999947,2403.59999999951,217.799999996,280.000000004,0.00611829726,1028.772902509671
SKW-15,SKW-15,2025-07-31 18:00:00,25.9,51.0,701.999999999682,2405.99999999975,217.799999996,280.4,0.00713801347,2380.095649116044
SKW-15,SKW-15,2025-07-31 18:01:00,24.9,51.0,702.500000000037,2409.69999999947,217.799999996,280.200000002,0.00611829726,2380.077069131847
SKW-15,SKW-15,2025-07-31 18:02:00,24.2,51.0,703.000000000391,2410.2999999999,217.900000004,279.600000008,0.00815772968,2380.0602566745524
SKW-15,SKW-15,2025-07-31 18:03:00,26.4,51.0,703.100000000461,2409.89999999962,217.900000004,278.499999992,0.00713801347,2380.1026119229064
SKW-15,SKW-15,2025-07-31 18:04:00,28.5,51.0,702.90000000032,2406.40000000004,217.999999994,277.399999994,0.00713801347,1001.0625214544125
SKW-15,SKW-15,2025-07-31 18:05:00,28.6,51.0,700.4,2401.10000000064,217.999999994,277.500000002,0.00713801347,993.1389930298067
SKW-15,SKW-15,2025-07-31 18:06:00,28.5,51.0,700.500000000071,2400.40000000014,217.999999994,278.799999998,0.00815772968,998.9460606030308
SKW-15,SKW-15,2025-07-31 18:07:00,28.5,51.0,701.200000000566,2399.4999999995,217.900000004,279.399999992,0.00611829726,998.0215087023346
SKW-15,SKW-15,2025-07-31 18:08:00,26.7,51.0,701.69999999947,2398.20000000003,217.900000004,279.199999994,0.00611829726,2380.10715422538
SKW-15,SKW-15,2025-07-31 18:09:00,24.4,51.0,702.199999999824,2396.80000000049,217.900000004,280.599999998,0.00713801347,2380.065921237873
SKW-15,SKW-15,2025-07-31 18:10:00,24.7,51.0,702.399999999966,2395.49999999957,217.900000004,279.199999994,0.00713801347,2380.072241488851
SKW-15,SKW-15,2025-07-31 18:11:00,25.4,51.0,702.800000000249,2393.39999999953,217.999999994,277.800000008,0.00713801347,2380.0858938936112
SKW-15,SKW-15,2025-07-31 18:12:00,28.3,51.0,702.800000000249,2389.89999999996,217.999999994,277.599999992,0.00713801347,1016.559376661372
SKW-15,SKW-15,2025-07-31 18:13:00,28.4,51.0,701.000000000425,2386.20000000024,217.999999994,277.800000008,0.00611829726,1008.3497632641344
SKW-15,SKW-15,2025-07-31 18:14:00,28.5,51.0,700.600000000141,2387.29999999957,217.999999994,278.700000008,0.00713801347,999.1013140565298
SKW-15,SKW-15,2025-07-31 18:15:00,28.3,51.0,700.700000000212,2387.79999999992,217.999999994,279.5,0.00611829726,1013.6153834462078
SKW-15,SKW-15,2025-07-31 18:16:00,26.3,51.0,701.300000000637,2390.20000000017,217.900000004,279.399999992,0.00611829726,2380.1015870377796
SKW-15,SKW-15,2025-07-31 18:17:00,24.3,51.0,701.69999999947,2392.70000000049,217.900000004,279.800000006,0.00611829726,2380.0631706501495
SKW-15,SKW-15,2025-07-31 18:18:00,24.0,51.0,702.399999999966,2394.30000000017,217.999999994,278.6,0.00713801347,2380.054423742641
SKW-15,SKW-15,2025-07-31 18:19:00,24.0,51.0,702.700000000178,2395.09999999929,217.999999994,277.899999998,0.00611829726,2380.0540149344433
SKW-15,SKW-15,2025-07-31 18:20:00,24.1,51.0,703.100000000461,2396.80000000049,217.999999994,276.499999994,0.00815772968,2380.055890264594
SKW-15,SKW-15,2025-07-31 18:21:00,25.6,51.0,703.400000000674,2398.20000000003,218.100000002,275.500000004,0.00713801347,2380.088615491532
SKW-15,SKW-15,2025-07-31 18:22:00,28.4,51.0,702.399999999966,2396.60000000035,218.199999992,274.899999992,0.00611829726,1012.8355921327325
SKW-15,SKW-15,2025-07-31 18:23:00,28.5,51.0,700.700000000212,2396.50000000028,218.199999992,275.399999996,0.00611829726,1004.1853699712387
SKW-15,SKW-15,2025-07-31 18:24:00,28.5,51.0,700.299999999929,2397.39999999947,218.199999992,275.9,0.00713801347,1003.4159162869689
SKW-15,SKW-15,2025-07-31 18:25:00,28.5,51.0,700.900000000354,2399.19999999929,218.100000002,277.7,0.00611829726,1000.6334874656105
SKW-15,SKW-15,2025-07-31 18:26:00,27.4,51.0,701.599999999399,2400.90000000049,218.100000002,278.999999996,0.0101971621,2380.1158014021444
SKW-15,SKW-15,2025-07-31 18:27:00,24.5,51.0,701.999999999682,2402.50000000018,218.100000002,280.500000008,0.00815772968,2380.0681618344456
SKW-15,SKW-15,2025-07-31 18:28:00,24.3,51.0,702.199999999824,2403.00000000053,218.100000002,279.699999998,0.00815772968,2380.062875238161
SKW-15,SKW-15,2025-07-31 18:29:00,24.8,51.0,702.700000000178,2403.79999999965,218.100000002,277.7,0.00815772968,2380.0736395224667
SKW-15,SKW-15,2025-07-31 18:30:00,24.3,51.0,703.200000000532,2404.09999999986,218.199999992,276.400000004,0.00611829726,2380.0610542380323
SKW-15,SKW-15,2025-07-31 18:31:00,25.4,51.0,703.200000000532,2402.70000000032,218.199999992,275.599999994,0.00713801347,2380.084946122137
SKW-15,SKW-15,2025-07-31 18:32:00,27.7,51.0,701.999999999682,2399.0000000006,218.3,275.0,0.00713801347,2380.1122258447012
SKW-15,SKW-15,2025-07-31 18:33:00,28.6,51.0,701.300000000637,2396.60000000035,218.3,275.300000006,0.00815772968,996.4702868913921
SKW-15,SKW-15,2025-07-31 18:34:00,28.3,51.0,701.100000000496,2397.59999999961,218.3,276.499999994,0.00713801347,1018.2872181696023
SKW-15,SKW-15,2025-07-31 18:35:00,26.5,51.0,701.799999999541,2398.80000000046,218.3,277.7,0.0101971621,2380.103770146051
SKW-15,SKW-15,2025-07-31 18:36:00,23.8,51.0,702.199999999824,2400.30000000007,218.199999992,279.199999994,0.00611829726,2380.048963600394
SKW-15,SKW-15,2025-07-31 18:37:00,24.6,51.0,702.600000000107,2401.00000000057,218.3,277.7,0.00509858105,2380.069088083257
SKW-15,SKW-15,2025-07-31 18:38:00,28.4,51.0,702.90000000032,2401.20000000071,218.3,277.300000004,0.00713801347,1009.0819376024698
SKW-15,SKW-15,2025-07-31 18:39:00,28.7,51.0,701.899999999612,2399.19999999929,218.3,276.900000008,0.0101971621,986.201260829486
SKW-15,SKW-15,2025-07-31 18:40:00,28.7,51.0,700.199999999858,2399.99999999986,218.199999992,278.099999996,0.00815772968,984.4383261749942
SKW-15,SKW-15,2025-07-31 18:41:00,28.6,51.0,700.500000000071,2403.29999999929,218.100000002,278.299999994,0.00713801347,991.9017314375801
SKW-15,SKW-15,2025-07-31 18:42:00,28.3,51.0,701.000000000425,2407.10000000053,217.999999994,279.199999994,0.00713801347,1014.0780891363152
SKW-15,SKW-15,2025-07-31 18:43:00,26.9,51.0,701.100000000496,2408.50000000008,217.999999994,278.799999998,0.00611829726,2380.109718693026
SKW-15,SKW-15,2025-07-31 18:44:00,25.2,51.0,701.69999999947,2410.60000000011,217.999999994,279.600000008,0.00713801347,2380.0828904106143
SKW-15,SKW-15,2025-07-31 18:45:00,25.3,51.0,702.299999999895,2410.2999999999,217.999999994,279.300000002,0.00509858105,2380.0846645762012
SKW-15,SKW-15,2025-07-31 18:46:00,25.5,51.0,702.800000000249,2409.5999999994,218.100000002,278.700000008,0.0101971621,2380.087961597212
SKW-15,SKW-15,2025-07-31 18:47:00,27.9,51.0,702.800000000249,2408.80000000029,218.100000002,277.199999996,0.00509858105,2380.120949139239
SKW-15,SKW-15,2025-07-31 18:48:00,28.6,51.0,701.899999999612,2405.30000000071,218.100000002,278.099999996,0.00713801347,992.1742501282021
SKW-15,SKW-15,2025-07-31 18:49:00,28.7,51.0,700.099999999787,2404.70000000028,218.100000002,278.299999994,0.00815772968,984.1471515526092
SKW-15,SKW-15,2025-07-31 18:50:00,28.7,51.0,700.299999999929,2405.4999999994,217.999999994,278.6,0.00713801347,983.6999230855233
SKW-15,SKW-15,2025-07-31 18:51:00,28.2,51.0,701.000000000425,2406.29999999997,217.999999994,279.300000002,0.00611829726,1021.8754795773816
SKW-15,SKW-15,2025-07-31 18:52:00,25.4,51.0,701.499999999328,2406.40000000004,217.999999994,281.100000002,0.00713801347,2380.087247457719
SKW-15,SKW-15,2025-07-31 18:53:00,24.1,51.0,701.799999999541,2406.09999999983,217.999999994,280.799999996,0.00713801347,2380.0584181456684
SKW-15,SKW-15,2025-07-31 18:54:00,25.2,51.0,702.299999999895,2404.50000000014,217.999999994,279.800000006,0.00815772968,2380.082873179178
SKW-15,SKW-15,2025-07-31 18:55:00,25.1,51.0,702.600000000107,2403.00000000053,218.100000002,278.700000008,0.00611829726,2380.0804221718204
SKW-15,SKW-15,2025-07-31 18:56:00,25.5,51.0,702.800000000249,2401.79999999968,218.100000002,277.100000006,0.00917744589,2380.0874068036783
SKW-15,SKW-15,2025-07-31 18:57:00,28.3,51.0,702.500000000037,2399.79999999972,218.199999992,277.500000002,0.00815772968,1016.7103314570946
SKW-15,SKW-15,2025-07-31 18:58:00,28.5,51.0,700.299999999929,2397.00000000063,218.199999992,275.799999992,0.00815772968,1003.567835434679
SKW-15,SKW-15,2025-07-31 18:58:05,28.6,51.0,699.799999999575,2397.29999999939,218.199999992,278.099999996,0.0101971621,992.2048946193306
SKW-15,SKW-15,2025-07-31 18:59:00,28.7,51.0,699.599999999433,2397.49999999954,218.100000002,277.100000006,0.00713801347,985.993601109811
SKW-15,SKW-15,2025-07-31 19:00:00,28.5,51.0,700.299999999929,2399.79999999972,217.999999994,278.400000002,0.00917744589,999.5633425100441
SKW-15,SKW-15,2025-07-31 19:00:39,28.4,51.0,701.000000000425,2402.40000000011,217.999999994,279.5,0.00815772968,1005.7078846526846
SKW-15,SKW-15,2025-07-31 19:01:00,28.4,51.0,701.000000000425,2402.40000000011,217.999999994,279.5,0.00815772968,1005.7078846526846
SKW-15,SKW-15,2025-07-31 19:02:00,27.7,51.0,701.300000000637,2403.79999999965,217.900000004,279.600000008,0.00917744589,2380.119410300782
SKW-15,SKW-15,2025-07-31 19:03:00,24.8,51.0,701.69999999947,2406.09999999983,217.900000004,279.699999998,0.00815772968,2380.0747388821574
SKW-15,SKW-15,2025-07-31 19:04:00,24.5,51.0,702.299999999895,2406.90000000039,217.999999994,280.299999992,0.00815772968,2380.0680782596155
SKW-15,SKW-15,2025-07-31 19:05:00,26.9,51.0,702.600000000107,2404.70000000028,217.999999994,278.799999998,0.00713801347,2380.1095818415824
SKW-15,SKW-15,2025-07-31 19:06:00,28.6,51.0,702.299999999895,2402.19999999996,217.999999994,277.800000008,0.00713801347,992.6335630701346
SKW-15,SKW-15,2025-07-31 19:07:00,28.5,51.0,700.299999999929,2399.10000000067,217.999999994,278.099999996,0.00815772968,1000.0289651594284
SKW-15,SKW-15,2025-07-31 19:08:00,28.5,51.0,700.299999999929,2400.09999999993,217.999999994,278.6,0.00713801347,999.261417881249
SKW-15,SKW-15,2025-07-31 19:09:00,28.3,51.0,700.500000000071,2400.90000000049,217.999999994,279.5,0.0101971621,1013.6104562998034
SKW-15,SKW-15,2025-07-31 19:10:00,25.7,51.0,701.100000000496,2402.40000000011,217.999999994,279.899999996,0.0101971621,2380.092126832796
SKW-15,SKW-15,2025-07-31 19:11:00,24.5,51.0,701.200000000566,2403.29999999929,217.999999994,279.600000008,0.00713801347,2380.067941823181
SKW-15,SKW-15,2025-07-31 19:12:00,24.1,51.0,701.799999999541,2404.3,217.999999994,277.800000008,0.00611829726,2380.056864559032
SKW-15,SKW-15,2025-07-31 19:13:00,26.9,51.0,702.399999999966,2404.90000000043,218.100000002,277.199999996,0.00713801347,2380.109157850524
SKW-15,SKW-15,2025-07-31 19:14:00,27.5,51.0,701.799999999541,2403.89999999972,218.100000002,276.000000008,0.00917744589,2380.1162745671218
SKW-15,SKW-15,2025-07-31 19:15:00,24.0,51.0,701.69999999947,2405.4999999994,218.100000002,277.7,0.00611829726,2380.054018337673
SKW-15,SKW-15,2025-07-31 19:16:00,22.1,51.0,701.799999999541,2405.39999999933,218.100000002,278.299999994,0.00917744589,2379.9783390402276
SKW-15,SKW-15,2025-07-31 19:17:00,25.2,51.0,702.199999999824,2404.80000000036,218.199999992,276.400000004,0.00815772968,2380.0814805532127
SKW-15,SKW-15,2025-07-31 19:18:00,28.6,51.0,701.69999999947,2399.89999999979,218.3,274.299999998,0.00713801347,998.0056531194679
SKW-15,SKW-15,2025-07-31 19:18:30,28.7,51.0,699.699999999504,2398.09999999996,218.3,275.700000002,0.00917744589,988.0985944342345
SKW-15,SKW-15,2025-07-31 19:19:00,28.7,51.0,699.699999999504,2398.09999999996,218.3,275.700000002,0.00917744589,988.0985944342345
SKW-15,SKW-15,2025-07-31 19:20:00,28.7,51.0,699.499999999362,2398.3000000001,218.199999992,276.000000008,0.00815772968,987.6597823791426
SKW-15,SKW-15,2025-07-31 19:21:00,28.5,51.0,700.099999999787,2399.89999999979,218.100000002,277.399999994,0.00815772968,1001.1057101575911
SKW-15,SKW-15,2025-07-31 19:22:00,28.6,51.0,700.700000000212,2401.99999999982,217.999999994,278.400000002,0.00815772968,991.7486195548853
SKW-15,SKW-15,2025-07-31 19:22:30,28.1,51.0,701.000000000425,2403.39999999936,217.999999994,279.199999994,0.0101971621,1030.0353524982713
SKW-15,SKW-15,2025-07-31 19:23:00,27.4,51.0,701.000000000425,2403.39999999936,217.999999994,279.199999994,0.0101971621,2380.1159186352515
SKW-15,SKW-15,2025-07-31 19:24:00,24.8,51.0,701.400000000708,2403.59999999951,217.999999994,279.800000006,0.00713801347,2380.074794822384
SKW-15,SKW-15,2025-07-31 19:25:00,27.5,51.0,701.69999999947,2402.80000000039,217.999999994,278.999999996,0.00611829726,2380.1170219212427
SKW-15,SKW-15,2025-07-31 19:26:00,28.6,51.0,701.599999999399,2398.60000000032,217.999999994,278.400000002,0.00713801347,991.7304349004261
SKW-15,SKW-15,2025-07-31 19:26:31,28.6,51.0,699.999999999717,2395.79999999978,217.999999994,279.100000004,0.00611829726,990.7022545823057
SKW-15,SKW-15,2025-07-31 19:27:00,28.5,51.0,699.999999999717,2395.79999999978,217.999999994,279.100000004,0.00611829726,998.5006376777055
SKW-15,SKW-15,2025-07-31 19:28:00,28.3,51.0,699.999999999717,2396.40000000021,217.999999994,279.600000008,0.00815772968,1013.4638960350046
SKW-15,SKW-15,2025-07-31 19:29:00,27.6,51.0,700.4,2397.49999999954,217.999999994,280.099999994,0.00611829726,2380.1184865596797
SKW-15,SKW-15,2025-07-31 19:30:00,25.0,51.0,700.600000000141,2398.09999999996,217.999999994,280.299999992,0.00713801347,2380.0793172420313
SKW-15,SKW-15,2025-07-31 19:30:28,24.7,51.0,701.300000000637,2399.29999999936,217.999999994,281.100000002,0.00815772968,2380.0731563076456
SKW-15,SKW-15,2025-07-31 19:31:00,25.1,51.0,701.300000000637,2399.29999999936,217.999999994,281.100000002,0.00815772968,2380.0815363007687
SKW-15,SKW-15,2025-07-31 19:32:00,27.1,51.0,701.69999999947,2399.59999999957,217.999999994,278.099999996,0.00713801347,2380.112024948191
SKW-15,SKW-15,2025-07-31 19:33:00,28.3,51.0,701.300000000637,2398.3000000001,218.100000002,277.800000008,0.00611829726,1016.2591407905755
SKW-15,SKW-15,2025-07-31 19:34:00,28.7,51.0,700.500000000071,2396.20000000007,218.100000002,279.399999992,0.00713801347,982.4665485454324
SKW-15,SKW-15,2025-07-31 19:35:00,28.7,51.0,700.199999999858,2396.1,217.999999994,279.100000004,0.00611829726,982.9471206326939
SKW-15,SKW-15,2025-07-31 19:35:31,28.4,51.0,699.799999999575,2395.3999999995,217.999999994,280.299999992,0.00713801347,1004.491702150723
SKW-15,SKW-15,2025-07-31 19:36:00,28.3,51.0,699.799999999575,2395.3999999995,217.999999994,280.299999992,0.00713801347,1012.3777964100752
SKW-15,SKW-15,2025-07-31 19:37:00,25.3,51.0,700.299999999929,2396.1,217.999999994,280.000000004,0.00713801347,2380.085127969084
SKW-15,SKW-15,2025-07-31 19:38:00,23.7,51.0,700.900000000354,2396.60000000035,217.999999994,279.199999994,0.00611829726,2380.046350940399
SKW-15,SKW-15,2025-07-31 19:38:30,23.7,51.0,701.200000000566,2396.30000000014,217.999999994,279.100000004,0.00713801347,2380.0462023333384
SKW-15,SKW-15,2025-07-31 19:39:00,23.9,51.0,701.200000000566,2396.30000000014,217.999999994,279.100000004,0.00713801347,2380.052099708374
SKW-15,SKW-15,2025-07-31 19:40:00,24.5,51.0,701.999999999682,2396.1,218.100000002,277.300000004,0.00509858105,2380.0667353295757
SKW-15,SKW-15,2025-07-31 19:41:00,26.2,51.0,702.199999999824,2395.59999999964,218.199999992,276.699999992,0.00815772968,2380.099055672603
SKW-15,SKW-15,2025-07-31 19:42:00,28.3,51.0,701.799999999541,2392.40000000028,218.199999992,275.500000004,0.00713801347,1019.8521142510783
SKW-15,SKW-15,2025-07-31 19:42:31,28.6,51.0,699.999999999717,2388.50000000041,218.199999992,275.799999992,0.00815772968,995.7376218811023
SKW-15,SKW-15,2025-07-31 19:43:00,28.5,51.0,699.999999999717,2388.50000000041,218.199999992,275.799999992,0.00815772968,1003.573068629096
SKW-15,SKW-15,2025-07-31 19:44:00,28.7,51.0,699.499999999362,2387.59999999978,218.199999992,276.600000002,0.00815772968,986.744278053627
SKW-15,SKW-15,2025-07-31 19:45:00,28.4,51.0,699.599999999433,2386.90000000073,218.100000002,277.599999992,0.00611829726,1008.6752607826237
SKW-15,SKW-15,2025-07-31 19:46:00,27.6,51.0,700.4,2387.39999999964,218.100000002,278.700000008,0.00917744589,2380.1181196510242
SKW-15,SKW-15,2025-07-31 19:47:00,24.6,51.0,700.900000000354,2387.89999999999,218.100000002,279.800000006,0.00815772968,2380.0703307438216
SKW-15,SKW-15,2025-07-31 19:47:05,25.2,51.0,701.200000000566,2387.79999999992,218.100000002,279.800000006,0.00713801347,2380.082984020913
SKW-15,SKW-15,2025-07-31 19:48:00,26.9,51.0,701.400000000708,2387.19999999949,218.100000002,279.199999994,0.00713801347,2380.1097531208825
SKW-15,SKW-15,2025-07-31 19:49:00,28.6,51.0,701.400000000708,2385.59999999981,218.100000002,278.400000002,0.00611829726,991.7303419533254
SKW-15,SKW-15,2025-07-31 19:49:24,28.6,51.0,699.899999999646,2382.80000000073,218.100000002,279.100000004,0.00713801347,990.6917053008993
SKW-15,SKW-15,2025-07-31 19:50:00,28.7,51.0,699.899999999646,2382.80000000073,218.100000002,279.100000004,0.00713801347,982.9405844074475
SKW-15,SKW-15,2025-07-31 19:51:00,28.7,51.0,699.399999999292,2382.89999999935,217.999999994,280.000000004,0.00611829726,981.6040629657889
SKW-15,SKW-15,2025-07-31 19:52:00,28.6,51.0,699.499999999362,2386.30000000031,217.900000004,279.899999996,0.00611829726,989.5013660375106
SKW-15,SKW-15,2025-07-31 19:53:00,27.6,51.0,699.799999999575,2388.10000000013,217.900000004,280.200000002,0.00815772968,2380.118554093815
SKW-15,SKW-15,2025-07-31 19:54:00,25.5,51.0,700.299999999929,2391.79999999985,217.900000004,280.200000002,0.00611829726,2380.0889346270615
SKW-15,SKW-15,2025-07-31 19:55:00,24.9,51.0,700.800000000283,2394.2000000001,217.900000004,279.899999996,0.00917744589,2380.0770604744184
SKW-15,SKW-15,2025-07-31 19:55:03,24.9,51.0,701.100000000496,2394.80000000053,217.900000004,279.199999994,0.00509858105,2380.0768146956334
SKW-15,SKW-15,2025-07-31 19:56:00,24.9,51.0,701.499999999328,2395.29999999943,217.900000004,278.099999996,0.00713801347,2380.076259500002
SKW-15,SKW-15,2025-07-31 19:57:00,24.9,51.0,701.999999999682,2395.3999999995,217.999999994,277.7,0.00611829726,2380.0759964653425
SKW-15,SKW-15,2025-07-31 19:58:00,28.0,51.0,701.999999999682,2394.80000000053,217.999999994,277.300000004,0.00611829726,2380.122089330536
SKW-15,SKW-15,2025-07-31 19:59:00,28.6,51.0,700.4,2390.40000000031,218.100000002,276.8,0.00815772968,994.2007565253169
SKW-15,SKW-15,2025-07-31 19:59:01,28.8,51.0,699.2000000006,2390.70000000052,218.100000002,276.900000008,0.00713801347,978.5892779337069
SKW-15,SKW-15,2025-07-31 20:00:00,28.6,51.0,698.800000000317,2391.2999999995,218.100000002,277.7,0.00815772968,992.8581210106531
SKW-15,SKW-15,2025-07-31 20:01:00,28.5,51.0,698.900000000388,2394.40000000024,217.999999994,277.800000008,0.00611829726,1000.5246837673672
SKW-15,SKW-15,2025-07-31 20:02:00,28.5,51.0,699.699999999504,2398.90000000053,217.900000004,278.799999998,0.00509858105,998.9790969118375
SKW-15,SKW-15,2025-07-31 20:03:00,28.2,51.0,699.999999999717,2401.20000000071,217.900000004,279.800000006,0.00917744589,1021.0969502206881
SKW-15,SKW-15,2025-07-31 20:04:00,26.2,51.0,700.600000000141,2405.4999999994,217.900000004,280.900000004,0.00713801347,2380.1005874781404
SKW-15,SKW-15,2025-07-31 20:04:32,25.2,51.0,701.000000000425,2409.40000000071,217.900000004,280.4,0.0101971621,2380.083268469477
SKW-15,SKW-15,2025-07-31 20:05:00,24.9,51.0,701.000000000425,2409.40000000071,217.900000004,280.4,0.0101971621,2380.0772194409356
SKW-15,SKW-15,2025-07-31 20:06:00,24.3,51.0,701.599999999399,2411.69999999944,217.999999994,279.699999998,0.00917744589,2380.063003747323
SKW-15,SKW-15,2025-07-31 20:07:00,23.5,51.0,701.799999999541,2412.39999999994,217.999999994,278.999999996,0.00509858105,2380.039774790718
SKW-15,SKW-15,2025-07-31 20:08:00,26.3,51.0,701.899999999612,2412.70000000015,218.100000002,277.800000008,0.00713801347,2380.1009789411714
SKW-15,SKW-15,2025-07-31 20:09:00,28.7,51.0,700.500000000071,2407.30000000068,218.199999992,276.200000006,0.00713801347,987.3317126843488
SKW-15,SKW-15,2025-07-31 20:10:00,28.6,51.0,698.800000000317,2405.10000000057,218.199999992,277.399999994,0.00917744589,993.3055230024758
SKW-15,SKW-15,2025-07-31 20:11:00,28.6,51.0,698.900000000388,2405.4999999994,218.100000002,278.099999996,0.00611829726,992.2507493420501
SKW-15,SKW-15,2025-07-31 20:12:00,28.3,51.0,699.799999999575,2406.90000000039,217.999999994,278.200000004,0.00713801347,1015.6513029058683
SKW-15,SKW-15,2025-07-31 20:13:00,28.4,51.0,699.999999999717,2407.69999999951,217.999999994,278.400000002,0.00713801347,1007.4312275552381
SKW-15,SKW-15,2025-07-31 20:14:00,26.9,51.0,700.500000000071,2409.49999999933,217.999999994,279.899999996,0.00917744589,2380.110008955131
SKW-15,SKW-15,2025-07-31 20:15:00,24.6,51.0,700.900000000354,2410.50000000004,217.999999994,280.700000006,0.00713801347,2380.0708116724904
SKW-15,SKW-15,2025-07-31 20:15:01,24.2,51.0,701.100000000496,2410.2999999999,217.999999994,279.800000006,0.00611829726,2380.0606639992484
SKW-15,SKW-15,2025-07-31 20:16:00,24.0,51.0,701.499999999328,2409.5999999994,217.999999994,278.999999996,0.00611829726,2380.0548285192717
SKW-15,SKW-15,2025-07-31 20:17:00,25.2,51.0,701.799999999541,2408.80000000029,217.999999994,277.800000008,0.00713801347,2380.0821853832176
SKW-15,SKW-15,2025-07-31 20:18:00,23.9,51.0,701.899999999612,2407.00000000046,218.100000002,277.399999994,0.00713801347,2380.050944973618
SKW-15,SKW-15,2025-07-31 20:19:00,26.2,51.0,701.200000000566,2403.99999999979,218.199999992,275.500000004,0.00815772968,2380.0987896091315
SKW-15,SKW-15,2025-07-31 20:20:00,28.5,51.0,700.199999999858,2401.49999999947,218.3,275.500000004,0.00713801347,1004.0302474895076
SKW-15,SKW-15,2025-07-31 20:20:05,28.5,51.0,699.599999999433,2401.20000000071,218.3,274.899999992,0.00611829726,1004.9718061803287
SKW-15,SKW-15,2025-07-31 20:21:00,28.7,51.0,699.599999999433,2401.89999999975,218.3,275.700000002,0.00611829726,988.1139092144002
SKW-15,SKW-15,2025-07-31 20:22:00,28.6,51.0,699.799999999575,2402.30000000004,218.3,277.300000004,0.00713801347,993.4342691382454
SKW-15,SKW-15,2025-07-31 20:23:00,28.4,51.0,699.699999999504,2403.69999999958,218.199999992,276.999999998,0.00713801347,1009.5983177910534
SKW-15,SKW-15,2025-07-31 20:24:00,25.7,51.0,700.199999999858,2406.1999999999,218.199999992,278.999999996,0.00713801347,2380.091894676507
SKW-15,SKW-15,2025-07-31 20:25:00,24.5,51.0,700.800000000283,2408.70000000022,218.199999992,279.199999994,0.00917744589,2380.06765891428
SKW-15,SKW-15,2025-07-31 20:25:30,24.1,51.0,701.300000000637,2409.49999999933,218.199999992,277.399999994,0.00815772968,2380.056558565373
SKW-15,SKW-15,2025-07-31 20:26:00,24.3,51.0,701.300000000637,2409.49999999933,218.199999992,277.399999994,0.00815772968,2380.061815811019
SKW-15,SKW-15,2025-07-31 20:27:00,26.4,51.0,701.499999999328,2409.49999999933,218.199999992,277.7,0.00713801347,2380.102430102682
SKW-15,SKW-15,2025-07-31 20:28:00,27.7,51.0,701.100000000496,2406.70000000025,218.3,276.499999994,0.00713801347,2380.118673156241
SKW-15,SKW-15,2025-07-31 20:28:32,28.5,51.0,699.699999999504,2403.1000000006,218.3,276.600000002,0.00815772968,1002.3351665551457
SKW-15,SKW-15,2025-07-31 20:29:00,28.5,51.0,699.699999999504,2403.1000000006,218.3,276.600000002,0.00815772968,1002.3351665551457
SKW-15,SKW-15,2025-07-31 20:30:00,28.7,51.0,698.299999999963,2401.29999999933,218.199999992,277.399999994,0.00611829726,985.5673600059914
SKW-15,SKW-15,2025-07-31 20:31:00,28.7,51.0,698.400000000034,2401.59999999954,218.100000002,278.400000002,0.00509858105,984.0581043427422
SKW-15,SKW-15,2025-07-31 20:32:00,28.6,51.0,699.10000000053,2402.19999999996,218.100000002,279.5,0.00611829726,990.1042311927421
SKW-15,SKW-15,2025-07-31 20:33:00,28.3,51.0,699.699999999504,2403.20000000067,217.999999994,280.4,0.00509858105,1012.2272179841721
SKW-15,SKW-15,2025-07-31 20:34:00,26.5,51.0,700.199999999858,2403.79999999965,217.999999994,279.800000006,0.00611829726,2380.1046559379047
SKW-15,SKW-15,2025-07-31 20:35:00,27.5,51.0,700.600000000141,2402.60000000025,217.999999994,280.799999996,0.00713801347,2380.1174929731114
SKW-15,SKW-15,2025-07-31 20:36:00,27.7,51.0,700.4,2399.99999999986,217.999999994,280.000000004,0.00917744589,2380.119533714139
SKW-15,SKW-15,2025-07-31 20:37:00,24.0,51.0,700.299999999929,2400.09999999993,217.999999994,280.000000004,0.00713801347,2380.0555530445827
SKW-15,SKW-15,2025-07-31 20:38:00,23.8,51.0,700.700000000212,2399.89999999979,217.999999994,280.200000002,0.00917744589,2380.049869419677
SKW-15,SKW-15,2025-07-31 20:39:00,22.5,51.0,700.800000000283,2399.39999999943,218.100000002,278.200000004,0.00611829726,2379.9996995667043
SKW-15,SKW-15,2025-07-31 20:40:00,26.3,51.0,700.4,2396.80000000049,218.199999992,276.900000008,0.00815772968,2380.1008072669565
SKW-15,SKW-15,2025-07-31 20:41:00,28.7,51.0,700.299999999929,2396.70000000042,218.199999992,275.199999998,0.00917744589,988.8564051749044
SKW-15,SKW-15,2025-07-31 20:42:00,28.7,51.0,698.900000000388,2393.99999999996,218.199999992,276.400000004,0.00611829726,987.0743526071395
SKW-15,SKW-15,2025-07-31 20:43:00,28.7,51.0,698.199999999892,2395.59999999964,218.100000002,277.199999996,0.00713801347,985.8803655517414
SKW-15,SKW-15,2025-07-31 20:44:00,28.7,51.0,699.10000000053,2399.39999999943,217.999999994,278.700000008,0.00815772968,983.5783484269166
SKW-15,SKW-15,2025-07-31 20:45:00,28.7,51.0,699.599999999433,2403.49999999943,217.900000004,279.600000008,0.00611829726,982.2162192309473
SKW-15,SKW-15,2025-07-31 20:46:00,28.4,51.0,699.699999999504,2405.79999999961,217.900000004,280.299999992,0.00713801347,1004.4994964631028
SKW-15,SKW-15,2025-07-31 20:47:00,27.4,51.0,700.199999999858,2410.70000000018,217.900000004,280.700000006,0.00611829726,2380.116393442942
SKW-15,SKW-15,2025-07-31 20:48:00,24.3,51.0,700.700000000212,2414.90000000026,217.900000004,281.100000002,0.00611829726,2380.0639676135715
SKW-15,SKW-15,2025-07-31 20:48:03,23.8,51.0,701.000000000425,2416.19999999973,217.900000004,281.100000002,0.00611829726,2380.0504852684867
SKW-15,SKW-15,2025-07-31 20:49:00,24.4,51.0,701.200000000566,2416.70000000008,217.999999994,279.5,0.00611829726,2380.0655181678117
SKW-15,SKW-15,2025-07-31 20:50:00,28.0,51.0,701.200000000566,2416.39999999987,217.999999994,279.5,0.00713801347,2380.122580303921
SKW-15,SKW-15,2025-07-31 20:50:37,28.6,51.0,699.599999999433,2412.80000000022,218.100000002,277.599999992,0.00713801347,992.9960829725499
SKW-15,SKW-15,2025-07-31 20:51:00,28.6,51.0,699.599999999433,2412.80000000022,218.100000002,277.599999992,0.00713801347,992.9960829725499
SKW-15,SKW-15,2025-07-31 20:52:00,28.5,51.0,698.299999999963,2411.59999999937,217.999999994,278.700000008,0.00509858105,999.1538587788159
SKW-15,SKW-15,2025-07-31 20:53:00,28.5,51.0,698.900000000388,2411.69999999944,217.999999994,279.100000004,0.00611829726,998.5231342505795
SKW-15,SKW-15,2025-07-31 20:54:00,28.2,51.0,699.599999999433,2411.79999999951,217.999999994,279.399999992,0.00611829726,1021.7275709400361
SKW-15,SKW-15,2025-07-31 20:55:00,26.4,51.0,699.799999999575,2411.79999999951,217.999999994,280.900000004,0.00917744589,2380.1035352829085
SKW-15,SKW-15,2025-07-31 20:56:00,24.2,51.0,700.299999999929,2411.40000000068,217.999999994,280.700000006,0.00815772968,2380.0611993325874
SKW-15,SKW-15,2025-07-31 20:57:00,25.7,51.0,700.700000000212,2410.19999999983,217.999999994,280.299999992,0.00713801347,2380.092355791883
SKW-15,SKW-15,2025-07-31 20:58:00,24.7,51.0,700.800000000283,2409.00000000043,218.100000002,278.400000002,0.00713801347,2380.072013303828
SKW-15,SKW-15,2025-07-31 20:58:01,24.7,51.0,701.000000000425,2409.1000000005,218.100000002,278.999999996,0.00509858105,2380.0722946803835
SKW-15,SKW-15,2025-07-31 20:59:00,24.5,51.0,701.000000000425,2409.1000000005,218.100000002,278.999999996,0.00509858105,2380.0676854069184
SKW-15,SKW-15,2025-07-31 21:00:00,24.1,51.0,700.199999999858,2407.00000000046,218.199999992,276.400000004,0.00509858105,2380.056296082519
SKW-15,SKW-15,2025-07-31 21:01:00,25.0,51.0,700.199999999858,2406.70000000025,218.199999992,276.099999998,0.00611829726,2380.0775879706976
SKW-15,SKW-15,2025-07-31 21:02:00,25.8,51.0,700.600000000141,2405.20000000064,218.3,275.100000008,0.00815772968,2380.0921922526477
SKW-15,SKW-15,2025-07-31 21:03:00,28.5,51.0,700.4,2400.09999999993,218.400000008,274.800000002,0.00611829726,1005.1074413519276
SKW-15,SKW-15,2025-07-31 21:03:08,28.7,51.0,699.399999999292,2397.19999999932,218.400000008,275.0,0.00713801347,989.1750237399374
SKW-15,SKW-15,2025-07-31 21:04:00,28.8,51.0,699.399999999292,2397.19999999932,218.400000008,275.0,0.00713801347,981.4306773160438
SKW-15,SKW-15,2025-07-31 21:05:00,28.7,51.0,698.199999999892,2396.30000000014,218.3,277.7,0.00611829726,985.1032878505137
SKW-15,SKW-15,2025-07-31 21:06:00,28.7,51.0,698.600000000175,2397.1000000007,218.199999992,277.399999994,0.00611829726,985.5589193679749
SKW-15,SKW-15,2025-07-31 21:07:00,28.5,51.0,699.399999999292,2399.10000000067,218.100000002,278.700000008,0.00713801347,999.1181638381664
SKW-15,SKW-15,2025-07-31 21:08:00,28.3,51.0,699.699999999504,2401.29999999933,218.100000002,278.999999996,0.00917744589,1014.396925612874
SKW-15,SKW-15,2025-07-31 21:09:00,25.4,51.0,699.999999999717,2403.89999999972,217.999999994,280.200000002,0.00611829726,2380.087116087105
SKW-15,SKW-15,2025-07-31 21:10:00,25.4,51.0,700.199999999858,2405.30000000071,218.100000002,279.800000006,0.00611829726,2380.086905777898
SKW-15,SKW-15,2025-07-31 21:11:00,27.9,51.0,700.700000000212,2407.59999999944,218.100000002,278.999999996,0.00713801347,2380.1214442004866
SKW-15,SKW-15,2025-07-31 21:12:00,28.5,51.0,699.999999999717,2407.89999999965,218.100000002,279.100000004,0.00611829726,998.4932291759013
SKW-15,SKW-15,2025-07-31 21:13:00,28.6,51.0,698.199999999892,2408.19999999986,218.100000002,279.300000002,0.00713801347,990.4286973370595
SKW-15,SKW-15,2025-07-31 21:14:00,28.6,51.0,697.89999999968,2409.00000000043,218.100000002,278.6,0.00917744589,991.4984667283987
SKW-15,SKW-15,2025-07-31 21:15:00,28.5,51.0,698.099999999821,2410.50000000004,217.999999994,280.099999994,0.00713801347,996.9993909681205
SKW-15,SKW-15,2025-07-31 21:16:00,28.5,51.0,698.299999999963,2409.1000000005,217.900000004,279.800000006,0.00611829726,997.4669870525825
SKW-15,SKW-15,2025-07-31 21:17:00,28.5,51.0,698.800000000317,2409.30000000064,217.900000004,281.100000002,0.00917744589,995.4498833107274
SKW-15,SKW-15,2025-07-31 21:18:00,28.1,51.0,699.499999999362,2409.40000000071,217.799999996,281.400000008,0.00713801347,1026.5722595750028
SKW-15,SKW-15,2025-07-31 21:19:00,25.6,51.0,699.699999999504,2409.49999999933,217.900000004,281.499999998,0.00509858105,2380.091228213483
SKW-15,SKW-15,2025-07-31 21:20:00,23.9,51.0,700.199999999858,2409.5999999994,217.900000004,281.499999998,0.00713801347,2380.053680176656
SKW-15,SKW-15,2025-07-31 21:21:00,25.9,51.0,700.4,2408.4,217.999999994,279.699999998,0.00713801347,2380.095516037476
SKW-15,SKW-15,2025-07-31 21:22:00,28.3,51.0,699.10000000053,2404.60000000021,217.999999994,277.7,0.00713801347,1016.4387556055278
SKW-15,SKW-15,2025-07-31 21:23:00,28.5,51.0,698.199999999892,2405.0000000005,217.999999994,278.799999998,0.00509858105,999.0020350236599
SKW-15,SKW-15,2025-07-31 21:24:00,28.4,51.0,698.400000000034,2405.79999999961,217.999999994,278.200000004,0.0101971621,1007.758204943528
SKW-15,SKW-15,2025-07-31 21:25:00,27.8,51.0,698.900000000388,2407.89999999965,217.999999994,279.399999992,0.00713801347,2380.1206118041378
SKW-15,SKW-15,2025-07-31 21:26:00,24.7,51.0,699.300000000671,2409.99999999969,217.999999994,279.5,0.00611829726,2380.072784430839
SKW-15,SKW-15,2025-07-31 21:27:00,24.4,51.0,699.799999999575,2410.50000000004,218.100000002,279.300000002,0.00509858105,2380.0656075715956
SKW-15,SKW-15,2025-07-31 21:28:00,27.7,51.0,699.999999999717,2409.89999999962,218.100000002,278.900000006,0.00713801347,2380.119321611406
SKW-15,SKW-15,2025-07-31 21:29:00,28.5,51.0,699.699999999504,2406.29999999997,218.100000002,278.000000006,0.00815772968,1000.1877994159642
SKW-15,SKW-15,2025-07-31 21:30:00,28.6,51.0,698.600000000175,2402.09999999989,218.100000002,278.499999992,0.00713801347,991.6420129022342
SKW-15,SKW-15,2025-07-31 21:31:00,28.5,51.0,698.099999999821,2400.80000000042,217.999999994,278.799999998,0.00611829726,999.0008640044078
SKW-15,SKW-15,2025-07-31 21:32:00,28.5,51.0,697.99999999975,2401.59999999954,217.900000004,280.4,0.00917744589,996.5418552862194
SKW-15,SKW-15,2025-07-31 21:33:00,27.7,51.0,698.700000000246,2403.00000000053,217.900000004,280.200000002,0.00611829726,2380.119752300553
SKW-15,SKW-15,2025-07-31 21:34:00,25.2,51.0,698.900000000388,2403.69999999958,217.900000004,280.799999996,0.00815772968,2380.0837169122324
SKW-15,SKW-15,2025-07-31 21:35:00,24.5,51.0,699.599999999433,2404.60000000021,217.900000004,280.599999998,0.00509858105,2380.0687457593717
SKW-15,SKW-15,2025-07-31 21:36:00,24.4,51.0,700.099999999787,2404.80000000036,217.999999994,278.400000002,0.00611829726,2380.0651603905308
SKW-15,SKW-15,2025-07-31 21:37:00,23.6,51.0,700.600000000141,2405.39999999933,217.999999994,277.7,0.00713801347,2380.042352637666
SKW-15,SKW-15,2025-07-31 21:38:00,23.4,51.0,700.700000000212,2405.20000000064,218.100000002,277.300000004,0.00611829726,2380.0354405044036
SKW-15,SKW-15,2025-07-31 21:39:00,21.7,51.0,700.600000000141,2404.70000000028,218.199999992,276.000000008,0.00611829726,2379.9505150609743
SKW-15,SKW-15,2025-07-31 21:40:00,25.6,51.0,700.4,2402.50000000018,218.3,274.200000008,0.00713801347,2379.99292208271
SKW-15,SKW-15,2025-07-31 21:41:00,28.4,51.0,699.899999999646,2397.59999999961,218.400000008,272.3,0.00713801347,1014.2739724744062
SKW-15,SKW-15,2025-07-31 21:42:00,28.8,51.0,698.500000000105,2395.00000000067,218.400000008,274.699999994,0.00713801347,981.9137826321511
SKW-15,SKW-15,2025-07-31 21:43:00,28.7,51.0,698.400000000034,2395.69999999971,218.400000008,275.0,0.00713801347,989.2010367074919
SKW-15,SKW-15,2025-07-31 21:44:00,28.6,51.0,699.10000000053,2397.00000000063,218.3,276.600000002,0.00509858105,994.5318089273385
SKW-15,SKW-15,2025-07-31 21:45:00,26.4,51.0,699.599999999433,2398.50000000025,218.3,278.000000006,0.00713801347,2380.1026586543594
SKW-15,SKW-15,2025-07-31 21:46:00,24.1,51.0,699.899999999646,2400.2,218.3,279.100000004,0.00713801347,2380.0576646640834
SKW-15,SKW-15,2025-07-31 21:47:00,23.8,51.0,700.099999999787,2400.70000000035,218.3,278.799999998,0.00509858105,2380.049087259966
SKW-15,SKW-15,2025-07-31 21:48:00,24.2,51.0,700.600000000141,2401.3999999994,218.3,277.399999994,0.00713801347,2380.0593107919412
SKW-15,SKW-15,2025-07-31 21:49:00,25.5,51.0,700.900000000354,2402.40000000011,218.400000008,276.200000006,0.00611829726,2380.087232697436
SKW-15,SKW-15,2025-07-31 21:50:00,27.6,51.0,700.500000000071,2401.99999999982,218.400000008,276.099999998,0.00611829726,2380.1174924099446
SKW-15,SKW-15,2025-07-31 21:51:00,28.2,51.0,699.699999999504,2404.09999999986,218.499999998,276.299999996,0.00509858105,1026.5923175838684
SKW-15,SKW-15,2025-07-31 21:52:00,28.7,51.0,698.800000000317,2404.09999999986,218.499999998,276.8,0.00611829726,986.4373403480245
SKW-15,SKW-15,2025-07-31 21:53:00,28.6,51.0,697.99999999975,2405.59999999947,218.400000008,277.100000006,0.00509858105,993.7819847758612
SKW-15,SKW-15,2025-07-31 21:54:00,28.5,51.0,698.500000000105,2408.50000000008,218.3,278.700000008,0.00611829726,999.1248799402726
SKW-15,SKW-15,2025-07-31 21:55:00,28.5,51.0,699.2000000006,2410.80000000025,218.199999992,279.300000002,0.00611829726,998.1943653724736
SKW-15,SKW-15,2025-07-31 21:56:00,27.1,51.0,699.499999999362,2412.60000000008,218.199999992,280.299999992,0.00713801347,2380.1126780223226
SKW-15,SKW-15,2025-07-31 21:57:00,24.9,51.0,699.799999999575,2413.30000000057,218.199999992,280.299999992,0.00611829726,2380.0772778195496
SKW-15,SKW-15,2025-07-31 21:58:00,24.2,51.0,700.199999999858,2413.40000000064,218.199999992,279.800000006,0.00713801347,2380.0606669574468
SKW-15,SKW-15,2025-07-31 21:59:00,23.6,51.0,700.600000000141,2412.19999999979,218.3,278.900000006,0.00713801347,2380.0428819472986
SKW-15,SKW-15,2025-07-31 22:00:00,24.6,51.0,700.700000000212,2410.50000000004,218.3,276.699999992,0.00509858105,2380.068910800602
SKW-15,SKW-15,2025-07-31 22:01:00,26.2,51.0,700.600000000141,2409.99999999969,218.400000008,276.000000008,0.00713801347,2380.098944818994
SKW-15,SKW-15,2025-07-31 22:02:00,28.5,51.0,699.399999999292,2407.00000000046,218.499999998,275.500000004,0.00815772968,1004.0288395228466
SKW-15,SKW-15,2025-07-31 22:03:00,28.7,51.0,698.299999999963,2405.10000000057,218.499999998,275.0,0.00611829726,989.1983382787032
SKW-15,SKW-15,2025-07-31 22:04:00,28.5,51.0,698.400000000034,2405.69999999954,218.400000008,276.8,0.00713801347,1002.0462776104376
SKW-15,SKW-15,2025-07-31 22:05:00,28.5,51.0,698.800000000317,2407.89999999965,218.3,278.299999994,0.00509858105,999.7381575194423
SKW-15,SKW-15,2025-07-31 22:06:00,28.2,51.0,699.10000000053,2409.20000000057,218.3,279.100000004,0.00713801347,1022.1935179419306
SKW-15,SKW-15,2025-07-31 22:07:00,25.9,51.0,699.499999999362,2411.59999999937,218.199999992,279.899999996,0.00713801347,2380.095598086228
SKW-15,SKW-15,2025-07-31 22:08:00,24.2,51.0,699.899999999646,2413.89999999955,218.3,279.699999998,0.00713801347,2380.060605921958
SKW-15,SKW-15,2025-07-31 22:09:00,24.2,51.0,700.4,2414.80000000019,218.3,278.499999992,0.00509858105,2380.0599627531205
SKW-15,SKW-15,2025-07-31 22:10:00,25.1,51.0,700.500000000071,2414.3999999999,218.3,277.899999998,0.00713801347,2380.0802610701653
SKW-15,SKW-15,2025-07-31 22:11:00,24.5,51.0,700.199999999858,2414.29999999983,218.400000008,277.100000006,0.00713801347,2380.066701593057
SKW-15,SKW-15,2025-07-31 22:12:00,22.0,51.0,700.4,2413.50000000072,218.400000008,276.699999992,0.00815772968,2379.9707518423365
SKW-15,SKW-15,2025-07-31 22:13:00,26.7,51.0,700.199999999858,2411.40000000068,218.499999998,274.299999998,0.00713801347,2380.036525120749
SKW-15,SKW-15,2025-07-31 22:14:00,28.8,51.0,699.499999999362,2407.79999999958,218.600000006,274.200000008,0.00815772968,982.6171968881338
SKW-15,SKW-15,2025-07-31 22:15:00,28.8,51.0,698.099999999821,2405.79999999961,218.600000006,276.200000006,0.00815772968,979.6223456659054
SKW-15,SKW-15,2025-07-31 22:16:00,28.8,51.0,698.199999999892,2406.1999999999,218.499999998,276.299999996,0.00917744589,979.4740031179698
SKW-15,SKW-15,2025-07-31 22:17:00,28.6,51.0,698.800000000317,2406.70000000025,218.400000008,277.500000002,0.00509858105,993.1500797903917
SKW-15,SKW-15,2025-07-31 22:18:00,28.4,51.0,699.399999999292,2406.50000000011,218.3,279.100000004,0.00815772968,1006.3360291762294
SKW-15,SKW-15,2025-07-31 22:19:00,25.3,51.0,699.699999999504,2405.89999999968,218.3,279.800000006,0.00815772968,2380.084976297186
SKW-15,SKW-15,2025-07-31 22:20:00,23.8,51.0,699.799999999575,2405.39999999933,218.3,280.4,0.00713801347,2380.0500087422183
SKW-15,SKW-15,2025-07-31 22:21:00,23.9,51.0,700.4,2403.59999999951,218.3,279.300000002,0.00611829726,2380.0521888022463
SKW-15,SKW-15,2025-07-31 22:22:00,25.9,51.0,700.700000000212,2401.3999999994,218.400000008,276.999999998,0.00509858105,2380.094497719398
SKW-15,SKW-15,2025-07-31 22:23:00,27.6,51.0,700.099999999787,2398.3000000001,218.499999998,276.099999998,0.00713801347,2380.1174837606513
SKW-15,SKW-15,2025-07-31 22:24:00,24.9,51.0,699.499999999362,2398.80000000046,218.499999998,276.8,0.00509858105,2380.0757332074463
SKW-15,SKW-15,2025-07-31 22:25:00,24.4,51.0,699.699999999504,2399.10000000067,218.499999998,276.600000002,0.00713801347,2380.064041945237
SKW-15,SKW-15,2025-07-31 22:26:00,24.5,51.0,700.099999999787,2399.19999999929,218.600000006,275.500000004,0.00815772968,2380.0658213137926
SKW-15,SKW-15,2025-07-31 22:27:00,24.2,51.0,700.500000000071,2400.09999999993,218.699999996,275.500000004,0.00713801347,2380.058095560387
SKW-15,SKW-15,2025-07-31 22:28:00,28.2,51.0,700.700000000212,2400.60000000028,218.699999996,275.100000008,0.00713801347,1028.4801838477094
SKW-15,SKW-15,2025-07-31 22:29:00,28.5,51.0,699.899999999646,2401.10000000064,218.800000004,275.599999994,0.00815772968,1003.8466660483134
SKW-15,SKW-15,2025-07-31 22:30:00,28.7,51.0,699.10000000053,2400.90000000049,218.699999996,276.600000002,0.00815772968,986.7055354634953
SKW-15,SKW-15,2025-07-31 22:31:00,28.7,51.0,698.199999999892,2403.99999999979,218.600000006,278.700000008,0.00713801347,983.5456909086167
SKW-15,SKW-15,2025-07-31 22:32:00,28.7,51.0,698.600000000175,2408.60000000015,218.499999998,278.499999992,0.00611829726,983.853488228861
SKW-15,SKW-15,2025-07-31 22:33:00,28.4,51.0,698.800000000317,2413.89999999955,218.400000008,279.5,0.00509858105,1005.7276951639664
SKW-15,SKW-15,2025-07-31 22:34:00,28.0,51.0,699.000000000459,2416.2999999998,218.400000008,280.299999992,0.00611829726,2380.1228019689656
SKW-15,SKW-15,2025-07-31 22:35:00,26.1,51.0,699.599999999433,2419.30000000047,218.3,280.900000004,0.00713801347,2380.0990230982407
SKW-15,SKW-15,2025-07-31 22:36:00,25.6,51.0,699.999999999717,2420.09999999959,218.3,281.3,0.00611829726,2380.090949901231
SKW-15,SKW-15,2025-07-31 22:37:00,24.4,51.0,700.299999999929,2417.60000000072,218.3,279.600000008,0.00611829726,2380.0655373275554
SKW-15,SKW-15,2025-07-31 22:38:00,27.1,51.0,700.299999999929,2413.99999999962,218.400000008,278.799999998,0.00815772968,2380.1121801511695
SKW-15,SKW-15,2025-07-31 22:39:00,28.5,51.0,699.799999999575,2410.90000000032,218.400000008,277.399999994,0.00713801347,1001.0938325937636
SKW-15,SKW-15,2025-07-31 22:40:00,28.7,51.0,697.89999999968,2406.70000000025,218.400000008,277.599999992,0.00611829726,985.253749429664
SKW-15,SKW-15,2025-07-31 22:41:00,28.6,51.0,698.199999999892,2405.89999999968,218.400000008,278.499999992,0.00713801347,991.6251795596577
SKW-15,SKW-15,2025-07-31 22:42:00,28.3,51.0,699.000000000459,2405.4999999994,218.3,279.800000006,0.00713801347,1013.1530864228957
SKW-15,SKW-15,2025-07-31 22:43:00,25.4,51.0,699.300000000671,2405.39999999933,218.3,280.299999992,0.00917744589,2380.087051795355
SKW-15,SKW-15,2025-07-31 22:44:00,23.7,51.0,699.599999999433,2405.30000000071,218.3,280.099999994,0.00713801347,2380.0468988940984
SKW-15,SKW-15,2025-07-31 22:45:00,25.7,51.0,700.099999999787,2404.09999999986,218.400000008,280.099999994,0.00611829726,2380.0922140468156
SKW-15,SKW-15,2025-07-31 22:46:00,23.7,51.0,700.600000000141,2403.00000000053,218.400000008,277.399999994,0.00611829726,2380.045042090622
SKW-15,SKW-15,2025-07-31 22:47:00,23.5,51.0,700.800000000283,2402.19999999996,218.499999998,276.400000004,0.00611829726,2380.0378845538935
SKW-15,SKW-15,2025-07-31 22:48:00,23.2,51.0,701.000000000425,2401.69999999961,218.600000006,275.700000002,0.00611829726,2380.026694739895
SKW-15,SKW-15,2025-07-31 22:49:00,21.7,51.0,700.700000000212,2401.10000000064,218.699999996,275.399999996,0.00815772968,2379.948665960738
SKW-15,SKW-15,2025-07-31 22:50:00,26.2,51.0,700.500000000071,2400.2,218.800000004,272.600000006,0.00815772968,2379.9836368700135
SKW-15,SKW-15,2025-07-31 22:50:30,25.7,51.0,699.999999999717,2399.69999999964,218.899999994,272.3,0.00713801347,2379.9684171094486
SKW-15,SKW-15,2025-07-31 22:51:00,25.9,51.0,699.999999999717,2399.69999999964,218.899999994,272.3,0.00713801347,2379.9748235806214
SKW-15,SKW-15,2025-07-31 22:52:00,28.7,51.0,699.999999999717,2397.69999999968,218.899999994,273.300000008,0.00713801347,990.6582301533621
SKW-15,SKW-15,2025-07-31 22:53:00,28.7,51.0,699.300000000671,2395.79999999978,218.899999994,274.499999996,0.00815772968,989.891805382743
SKW-15,SKW-15,2025-07-31 22:54:00,28.7,51.0,698.099999999821,2394.60000000038,218.800000004,276.499999994,0.00815772968,986.8756866958315
SKW-15,SKW-15,2025-07-31 22:55:00,28.7,51.0,698.500000000105,2395.00000000067,218.699999996,277.7,0.00713801347,985.0490825415395
SKW-15,SKW-15,2025-07-31 22:56:00,28.5,51.0,699.10000000053,2395.09999999929,218.600000006,279.399999992,0.00713801347,998.009220899546
SKW-15,SKW-15,2025-07-31 22:57:00,27.8,51.0,699.399999999292,2394.2000000001,218.499999998,280.099999994,0.00611829726,2380.120612801583
SKW-15,SKW-15,2025-07-31 22:58:00,24.5,51.0,699.699999999504,2393.59999999968,218.499999998,279.899999996,0.00509858105,2380.0680823082007
SKW-15,SKW-15,2025-07-31 22:59:00,24.6,51.0,699.999999999717,2391.79999999985,218.499999998,280.099999994,0.00713801347,2380.0704093411096
SKW-15,SKW-15,2025-07-31 23:00:00,24.5,51.0,700.500000000071,2388.9000000007,218.499999998,278.700000008,0.00815772968,2380.0673300222684
SKW-15,SKW-15,2025-07-31 23:01:00,26.4,51.0,700.4,2384.89999999932,218.600000006,276.600000002,0.00713801347,2380.1020808614467
SKW-15,SKW-15,2025-07-31 23:02:00,25.9,51.0,699.499999999362,2380.60000000062,218.699999996,276.600000002,0.00611829726,2380.0943632000512
SKW-15,SKW-15,2025-07-31 23:03:00,24.6,51.0,699.2000000006,2380.10000000027,218.699999996,276.299999996,0.00509858105,2380.068734463633
SKW-15,SKW-15,2025-07-31 23:04:00,24.5,51.0,699.699999999504,2378.40000000051,218.699999996,276.600000002,0.00611829726,2380.066399441172
SKW-15,SKW-15,2025-07-31 23:05:00,24.7,51.0,700.099999999787,2376.79999999938,218.800000004,275.9,0.00815772968,2380.07061104121
SKW-15,SKW-15,2025-07-31 23:06:00,28.3,51.0,700.299999999929,2374.69999999934,218.800000004,275.199999998,0.00611829726,1020.3190738667298
SKW-15,SKW-15,2025-07-31 23:07:00,28.6,51.0,699.699999999504,2372.20000000047,218.899999994,275.300000006,0.00611829726,996.4647429902524
SKW-15,SKW-15,2025-07-31 23:08:00,28.6,51.0,698.199999999892,2370.10000000044,218.800000004,276.699999992,0.00815772968,994.3466165932333
SKW-15,SKW-15,2025-07-31 23:09:00,28.7,51.0,698.500000000105,2371.29999999984,218.699999996,278.799999998,0.00611829726,983.3787356417337
SKW-15,SKW-15,2025-07-31 23:10:00,28.5,51.0,699.10000000053,2373.49999999994,218.600000006,279.5,0.00509858105,997.8618142507391
SKW-15,SKW-15,2025-07-31 23:11:00,26.7,51.0,699.2000000006,2376.10000000034,218.499999998,280.099999994,0.00611829726,2380.1074214768273
SKW-15,SKW-15,2025-07-31 23:12:00,24.1,51.0,699.499999999362,2378.70000000073,218.499999998,280.200000002,0.00509858105,2380.058240802727
SKW-15,SKW-15,2025-07-31 23:13:00,24.6,51.0,699.899999999646,2380.40000000048,218.600000006,278.000000006,0.00611829726,2380.069440794012
SKW-15,SKW-15,2025-07-31 23:14:00,27.8,51.0,700.099999999787,2381.09999999953,218.600000006,278.099999996,0.00815772968,2380.1200953713033
SKW-15,SKW-15,2025-07-31 23:15:00,28.7,51.0,699.300000000671,2380.40000000048,218.600000006,276.699999992,0.00713801347,986.5617219443053
SKW-15,SKW-15,2025-07-31 23:16:00,28.7,51.0,697.699999999538,2382.2000000003,218.600000006,278.799999998,0.00917744589,983.3989799190751
SKW-15,SKW-15,2025-07-31 23:17:00,28.8,51.0,697.699999999538,2383.69999999992,218.499999998,279.300000002,0.00611829726,974.9673821779099
SKW-15,SKW-15,2025-07-31 23:18:00,28.6,51.0,697.799999999609,2386.60000000052,218.400000008,279.699999998,0.00815772968,989.7959647044856
SKW-15,SKW-15,2025-07-31 23:19:00,28.5,51.0,698.400000000034,2390.20000000017,218.400000008,280.4,0.0101971621,996.4906171555103
SKW-15,SKW-15,2025-07-31 23:20:00,27.2,51.0,699.000000000459,2393.09999999932,218.400000008,280.700000006,0.00509858105,2380.1139999177594
SKW-15,SKW-15,2025-07-31 23:21:00,24.5,51.0,699.399999999292,2395.49999999957,218.400000008,281.400000008,0.00509858105,2380.0688745860907
SKW-15,SKW-15,2025-07-31 23:22:00,25.0,51.0,699.699999999504,2396.1,218.400000008,281.600000006,0.00713801347,2380.0797672202007
SKW-15,SKW-15,2025-07-31 23:23:00,28.3,51.0,700.099999999787,2395.3999999995,218.400000008,278.999999996,0.00815772968,1014.3824240549603
SKW-15,SKW-15,2025-07-31 23:24:00,28.6,51.0,698.400000000034,2390.70000000052,218.499999998,278.900000006,0.00713801347,990.9990615467791
SKW-15,SKW-15,2025-07-31 23:25:00,28.4,51.0,697.799999999609,2391.09999999936,218.400000008,279.5,0.00509858105,1005.7438227528412
SKW-15,SKW-15,2025-07-31 23:26:00,28.4,51.0,698.199999999892,2391.69999999978,218.400000008,280.099999994,0.00713801347,1004.8036561634897
SKW-15,SKW-15,2025-07-31 23:27:00,28.2,51.0,698.400000000034,2391.09999999936,218.400000008,280.700000006,0.00611829726,1019.6887010739823
SKW-15,SKW-15,2025-07-31 23:28:00,27.1,51.0,698.199999999892,2391.69999999978,218.400000008,280.700000006,0.00815772968,2380.112807683568
SKW-15,SKW-15,2025-07-31 23:29:00,24.4,51.0,698.900000000388,2392.90000000063,218.400000008,280.900000004,0.00713801347,2380.0662933145145
SKW-15,SKW-15,2025-07-31 23:30:00,24.2,51.0,699.300000000671,2393.4999999996,218.400000008,280.500000008,0.00611829726,2380.0610767501053
SKW-15,SKW-15,2025-07-31 23:31:00,26.5,51.0,699.599999999433,2393.69999999975,218.400000008,279.699999998,0.00815772968,2380.1045237872895
SKW-15,SKW-15,2025-07-31 23:32:00,28.3,51.0,699.399999999292,2391.79999999985,218.400000008,277.899999998,0.00815772968,1016.1077455733146
SKW-15,SKW-15,2025-07-31 23:33:00,28.7,51.0,697.89999999968,2389.69999999981,218.499999998,278.000000006,0.00713801347,984.6300586060689
SKW-15,SKW-15,2025-07-31 23:34:00,28.5,51.0,696.900000000422,2389.29999999953,218.400000008,278.900000006,0.00611829726,998.8420358973987
SKW-15,SKW-15,2025-07-31 23:35:00,28.3,51.0,697.599999999467,2389.19999999946,218.3,279.399999992,0.00611829726,1013.7940151929371
SKW-15,SKW-15,2025-07-31 23:36:00,27.5,51.0,697.799999999609,2389.29999999953,218.3,280.299999992,0.00611829726,2380.117516385395
SKW-15,SKW-15,2025-07-31 23:37:00,24.5,51.0,698.299999999963,2389.69999999981,218.3,280.700000006,0.00713801347,2380.0687227477406
SKW-15,SKW-15,2025-07-31 23:38:00,25.5,51.0,698.700000000246,2389.49999999967,218.3,279.300000002,0.00713801347,2380.0886165567417
SKW-15,SKW-15,2025-07-31 23:39:00,28.5,51.0,698.800000000317,2386.90000000073,218.400000008,278.400000002,0.00713801347,999.570653028269
SKW-15,SKW-15,2025-07-31 23:40:00,28.5,51.0,697.499999999396,2384.50000000048,218.3,277.800000008,0.00713801347,1000.5276867875398
SKW-15,SKW-15,2025-07-31 23:41:00,28.7,51.0,696.900000000422,2383.90000000006,218.199999992,279.100000004,0.00509858105,983.0281879117836
SKW-15,SKW-15,2025-07-31 23:42:00,28.6,51.0,697.100000000563,2384.99999999939,218.199999992,280.299999992,0.00713801347,988.9207935985241
SKW-15,SKW-15,2025-07-31 23:43:00,28.1,51.0,697.499999999396,2387.59999999978,218.199999992,280.000000004,0.00509858105,1028.7791888766913
SKW-15,SKW-15,2025-07-31 23:44:00,25.3,51.0,697.89999999968,2390.60000000045,218.199999992,280.4,0.00713801347,2380.085476732447
SKW-15,SKW-15,2025-07-31 23:45:00,24.8,51.0,698.500000000105,2392.70000000049,218.199999992,280.299999992,0.00713801347,2380.0753063845154
SKW-15,SKW-15,2025-07-31 23:46:00,28.0,51.0,698.800000000317,2392.80000000056,218.199999992,278.6,0.00917744589,2380.1224867270407
SKW-15,SKW-15,2025-07-31 23:47:00,28.6,51.0,698.099999999821,2388.80000000063,218.3,278.000000006,0.00713801347,992.4018763540832
SKW-15,SKW-15,2025-07-31 23:48:00,28.5,51.0,696.500000000139,2386.90000000073,218.199999992,279.300000002,0.00713801347,998.2467664522118
SKW-15,SKW-15,2025-07-31 23:49:00,28.5,51.0,696.800000000351,2387.09999999942,218.100000002,280.000000004,0.00917744589,997.1661964735074
SKW-15,SKW-15,2025-07-31 23:50:00,28.4,51.0,696.900000000422,2387.59999999978,218.100000002,280.099999994,0.00713801347,1004.8434158440239
SKW-15,SKW-15,2025-07-31 23:51:00,28.1,51.0,697.399999999326,2389.09999999939,218.100000002,280.900000004,0.00611829726,1027.3628759497506
SKW-15,SKW-15,2025-07-31 23:52:00,25.4,51.0,697.89999999968,2391.19999999943,218.100000002,281.499999998,0.00509858105,2380.0878033918666
SKW-15,SKW-15,2025-07-31 23:53:00,25.9,51.0,698.500000000105,2393.29999999946,218.100000002,280.999999994,0.00815772968,2380.096071625091
SKW-15,SKW-15,2025-07-31 23:54:00,28.2,51.0,698.700000000246,2393.39999999953,218.199999992,279.600000008,0.00611829726,1021.4151463422728
SKW-15,SKW-15,2025-07-31 23:55:00,28.7,51.0,697.99999999975,2391.69999999978,218.199999992,278.700000008,0.00611829726,983.5986354124126
SKW-15,SKW-15,2025-07-31 23:56:00,28.7,51.0,696.299999999997,2392.30000000021,218.100000002,279.399999992,0.00611829726,982.5969316570507
SKW-15,SKW-15,2025-07-31 23:57:00,28.6,51.0,696.199999999926,2395.79999999978,217.999999994,279.699999998,0.00509858105,989.8860724227815
SKW-15,SKW-15,2025-07-31 23:58:00,28.5,51.0,696.800000000351,2400.50000000021,217.999999994,279.899999996,0.00815772968,997.3307484804038
SKW-15,SKW-15,2025-07-31 23:59:00,28.1,51.0,697.000000000493,2402.70000000032,217.999999994,280.299999992,0.00611829726,1028.3092035996376
SKW-15,SKW-15,2025-08-01 00:00:00,25.7,51.0,697.599999999467,2405.89999999968,217.999999994,281.400000008,0.00815772968,2380.0930390740086
