A,IP,DP,IT,MT,V,R
-0.00028901734104051107,0.0635838150277815,-0.049132947978310026,0.002890173381511811,0.002890173381496252,0.008670520229470307,-0.007434534529015113
-8.333333333333333e-05,-0.03583333333332298,-0.10833333333266588,0.0,0.0008333333400000508,-0.003333333332946232,0.0015140749270212838
-2.021099337273174e-17,-0.013333333333105676,-0.04333333333384039,0.0008333333249992898,-0.0016666666649993406,-0.010000000000538259,0.009113198753835684
-0.00016666666666666666,0.04916666666643901,-0.010833333333747254,0.0008333333249992898,0.0008333333400000508,0.003333333332946232,-0.007222061629240246
8.333333333333333e-05,0.007499999999275638,-0.03083333333342129,-0.0008333333250005833,0.0008333333400000508,0.0041666666663952535,-0.014344400166551996
8.333333333333333e-05,-0.03499999999941016,-0.0441666666665011,-0.0008333333250005833,0.0008333333399987572,0.0058333333332932545,-0.018046506242108688
-2.021099337273174e-17,-0.044166666666526966,-0.012500000000413921,0.0,-1.2935035758548313e-15,0.0016666666668980017,-0.009620180909123479
0.00016666666666666666,0.017500000000305268,0.03916666666666667,0.0016666666649993406,-0.002500000004999391,0.0008333333334490008,0.0038010756858378753
0.0006666666666666666,0.02416666666686069,-0.01499999999975682,1.2935035758548313e-15,-0.0008333333400013443,0.0025000000003470024,-0.005021453909208584
-8.333333333333333e-05,-0.046666666665875045,-0.029166666666744275,-0.0008333333400000508,-0.0008333333399987572,0.010833333333137489,0.0021714548481718845
2.021099337273174e-17,0.045833333333157415,0.1500000000010762,0.0016666666649993406,0.0008333333250005833,0.0,0.0008286146126661657
-8.333333333333333e-05,0.0,-0.047499999999829255,0.0,0.002500000004999391,-0.000833333333449021,0.0025275626463311103
2.021099337273174e-17,-0.048333333333718795,0.0224999999990842,-0.0008333333250005833,-0.0008333333399987572,0.0024999999994972516,0.007467927324916753
-8.333333333333333e-05,-0.035000000000610536,-0.004166666665999219,0.0016666666800001016,-0.004166666654999264,0.004166666667245024,-0.022902219468707012
8.333333333333333e-05,0.10833333333270469,0.07333333333333333,0.001666666665000634,0.002500000005000685,0.005833333333293235,-0.015014343847137773
0.0,-0.006666666667771319,-0.10666666666725133,-0.002500000004999391,0.003333333329999975,-0.0008333333334490008,-0.003863981680577207
-2.021099337273174e-17,-0.01750000000031044,-0.02333333333291424,0.0008333333249992898,-0.0008333333249992898,0.006666666666742276,-0.011999802910023007
-0.00025,0.01499999999974906,0.06833333333341612,0.0,-0.0016666666649993406,2.021099337273174e-17,-0.000760985314358388
-5.121061903396288e-05,0.006991956519390416,0.06682302975712073,0.0008432682001721826,0.0020176983908999587,-0.0024103131358463575,-0.003848155062901032
0.0,-0.04083333333325313,0.012500000000424269,0.0,-0.0016666666649993406,-0.0008333333334490008,0.010026727182517708
-8.333333333333333e-05,0.019999999999658517,-0.026666666667411725,0.0016666666649993406,-0.001666666665000634,0.0016666666660482506,0.006567151305917651
0.0,0.06083333333410685,-0.0058333333326710595,0.0008333333399987572,0.0008333333400000508,0.0,-0.000774991831552082
8.333333333333333e-05,-0.010000000001032216,-0.03333333333274867,-0.0008333333400013443,0.002500000004999391,0.0,-9.55604472469228e-05
8.333333333333333e-05,-0.049166666666441594,0.011666666666501098,-0.0008333333400013443,0.0,0.0008333333334490008,0.0017904903080495488
-0.00016666666666666666,-0.03333333333397491,0.0325,0.0,-0.0016666666649993406,0.0,-0.0011878820550783227
0.0,0.03833333333388695,0.02750000000007761,0.001666666665000634,0.0,0.009166666667089257,-0.019340799543826788
-8.333333333333333e-05,0.0775000000004993,-0.014166666665838825,0.001666666665000634,0.0008333333400000508,0.0016666666660482708,0.006776560003622176
8.333333333333333e-05,0.02250000000022507,-0.03250000000000517,-0.0008333333399987572,0.001666666665000634,-0.0016666666668980017,0.015021551277408273
0.00016666666666666666,-0.06500000000011125,-0.0816666666665011,-0.0008333333400000508,0.0016666666800001016,-0.0058333333332932545,0.017535243014239758
-2.021099337273174e-17,-0.03000000000070108,0.025833333333504075,0.0008333333400000508,-0.0016666666649993406,-0.004166666666395213,0.002943789103807002
0.0,0.032500000000049156,0.07666666666658388,0.0008333333400000508,-0.002500000004999391,-0.005833333333293275,0.015241452186966004
-8.333333333333333e-05,0.07583333333265295,-0.02999999999942051,0.0008333333400000508,0.0016666666649993406,-0.0016666666668979815,0.0021881219442662163
-8.333333333333333e-05,-0.059999999998978135,-0.030833333333410942,-0.0008333333250005833,0.002500000005000685,-0.0008333333334490008,-0.002590039927745238
0.0,-0.08750000000032337,-0.013333333333079806,1.2935035758548313e-15,-0.0008333333249992898,0.007499999999341486,-0.019035610915964934
-8.333333333333333e-05,-0.014166666667031435,0.09333333333416635,0.0008333333250005833,-0.0008333333400013443,-0.003333333333795983,0.028776686694615312
-2.021099337273174e-17,0.044166666666526966,-0.014999999999751648,0.0,0.0008333333399987572,0.0024999999994972312,0.012559619888105791
-8.333333333333333e-05,0.004166666667197003,-0.009166666667080587,-0.0008333333250005833,0.0008333333250005833,-0.0016666666668980017,0.015506341715764978
8.333333333333333e-05,-0.014166666665828477,0.021666666666252745,0.0008333333250005833,-0.0008333333249992898,-0.003333333333795983,0.023595472955353195
8.333333333333333e-05,-0.048333333333716214,-0.03416666666667184,0.0,-0.0008333333249992898,0.004166666666395233,0.012383660983766377
-8.333333333333333e-05,0.010833333332546883,0.02499999999958608,-0.0008333333399987572,-1.2935035758548313e-15,0.0024999999994972312,0.009424368448265726
8.333333333333333e-05,0.017499999999097134,0.024166666666832235,1.2935035758548313e-15,0.001666666665000634,0.0058333333332932545,-0.021674323526235658
-8.333333333333333e-05,0.003333333333273832,0.015833333333659296,1.2935035758548313e-15,-0.0008333333399987572,-0.0016666666668980219,-0.004184511327658159
0.0,0.008333333333188461,-0.03250000000008278,1.2935035758548313e-15,0.0,0.0,0.0002307224712231093
0.0,-0.027500000000131936,-0.08166666666775321,-0.0008333333250005833,-0.0008333333400013443,-0.004166666666395213,-0.013227343003929127
-8.333333333333333e-05,-0.021666666667504858,0.0016666666666666668,-0.0008333333250005833,-0.0008333333400000508,-0.0008333333325992296,-0.003882832115481142
8.333333333333333e-05,-0.006666666666547664,0.02083333333358686,0.0,-0.0008333333400000508,0.0016666666660482506,0.008454737995034602
2.021099337273174e-17,0.017499999999097134,-0.0016666666665838825,0.0,-0.0008333333250005833,-0.0016666666668979815,0.0007359457500886896
8.333333333333333e-05,0.00833333333439918,-0.007500000000419095,0.0,0.0,-0.0025000000003470024,0.014364469713808245
-8.333333333333333e-05,-0.010833333332552058,-0.004166666665999219,0.0008333333400000508,0.0008333333250005833,0.004166666666395233,-0.007477378558121725
0.0,0.008333333334401767,0.011666666666423488,0.0,-0.0008333333400000508,0.0016666666668980017,-0.014593213259625351
0.0,0.013333333333100503,-0.011666666665342119,0.0,0.003333333329999975,-0.006666666667592007,0.05534412288860185
-0.0001964636542239461,-0.043222003928525383,2.875772672223678e-14,0.0,0.0,0.001964636542512547,-0.059246292880505425
0.0,0.038333333332683996,0.014999999999751648,0.0,0.0016666666649993406,0.0024999999994972716,0.013013278514774154
8.333333333333333e-05,0.02249999999901694,-0.0008333333326710595,0.0,0.001666666665000634,-0.0008333333334490008,-0.008547201214473332
0.00016666666666666666,-0.017500000000307853,-0.004999999999912042,0.0,0.0008333333399987572,-2.021099337273174e-17,0.0005384593918428032
-2.021099337273174e-17,0.03499999999941275,0.055833333334249134,0.0008333333400013443,-0.002500000004999391,-0.0024999999994972716,-0.009442905969810414
8.333333333333333e-05,-0.05916666666626568,0.03583333333332816,1.2935035758548313e-15,-0.0016666666800001016,0.0,-0.0013006232297423088
0.0,-0.03749999999997154,-0.019166666666997803,-0.0008333333250005833,0.0,-0.004166666667245004,0.028981733604479167
8.333333333333333e-05,0.018333333334225852,0.1291666666662424,0.0,0.0,-0.004999999999844254,0.03772482820541934
8.333333333333333e-05,0.03833333333388954,0.0033333333332453753,0.0,0.0,-0.0025000000003470024,0.03287800898075285
-0.00016666666666666666,-0.020833333333579097,0.04749999999983961,-0.0008333333250005833,0.0008333333250005833,-0.0008333333334490008,-0.01458626620593455
-0.00016666666666666666,0.0058333333338378,-0.018333333333002196,0.0016666666649993406,-0.004999999994999315,-0.0008333333334490008,0.017488520537836786
-8.333333333333333e-05,0.021666666666296724,-0.09250000000025353,0.0,0.002500000005000685,-0.000833333333449021,-0.013545444293849221
8.333333333333333e-05,0.0008333333327072776,0.023333333332919412,-0.0008333333399987572,0.0016666666649993406,0.0016666666668979815,-0.009994542362128333
-8.333333333333333e-05,0.020833333333584274,0.013333333334331917,0.0,0.0008333333400000508,0.004166666667245004,-0.028926716085079695
-0.00016666666666666666,0.014166666665825889,-0.006666666666578709,0.0,0.0,-0.0016666666668980017,0.008904296356169248
0.0,-0.032500000000049156,0.014166666666997804,0.0,0.0,-0.000833333333449021,0.020990257524226844
-2.021099337273174e-17,-0.004166666667197003,-0.06166666666683741,0.0016666666649993406,-0.004999999995000609,0.0025000000003470428,-0.046138684740529345
-8.333333333333333e-05,0.06916666666730048,-0.05249999999975165,0.0008333333249992898,0.003333333329999975,0.0008333333334490008,0.007854032279173325
-2.021099337273174e-17,-0.007500000000481183,-0.04333333333383521,-0.0016666666649993406,0.003333333329999975,0.0008333333334490008,0.010521218664645372
0.0,-0.0016666666666382095,-0.019166666665750866,1.2935035758548313e-15,0.0008333333400013443,0.0016666666668980017,-0.010721428377114029
-8.333333333333333e-05,-0.002499999999358422,0.09666666666625275,-0.0008333333399987572,-0.0008333333250005833,0.0075000000001912565,-0.013003702388198063
2.021099337273174e-17,-0.029999999999495534,0.10416666666666667,-0.0008333333250005833,-0.001666666665000634,0.0016666666668979815,-0.040453210005367224
0.00016666666666666666,-0.017500000000307853,0.022500000000248353,0.004166666670000025,-0.00583333333500066,-0.0016666666668980017,0.013827137299166578
8.333333333333333e-05,0.10749999999998965,-0.06583333333400078,-1.2935035758548313e-15,0.001666666680001395,-0.0025000000003470024,0.047759060538768404
8.333333333333333e-05,-0.003333333333276419,-0.08666666666633553,-0.0016666666649993406,0.003333333329999975,-0.003333333332946232,-0.0027261422148039047
2.021099337273174e-17,-0.0016666666666433835,-0.039999999999332556,1.2935035758548313e-15,1.2935035758548313e-15,0.0033333333337960238,-0.036836543752077136
-0.00016666666666666666,0.011666666666472642,0.015833333333659296,0.0,0.0008333333250005833,-0.0008333333334489807,-0.013720842254414068
8.333333333333333e-05,0.04083333333324279,0.0033333333333333335,0.0008333333400013443,0.0008333333250005833,-0.0008333333334490008,-0.002823502400148815
8.333333333333333e-05,-0.008333333333191048,-0.10416666666549734,-0.0008333333250005833,0.0008333333249992898,-0.0024999999994972516,-0.0252883064758744
-8.333333333333333e-05,-0.0474999999998008,-0.025000000000755408,0.0,0.0008333333250005833,0.0008333333334490008,0.0017063925114706056
0.0,-0.0058333333326374285,0.06583333333283663,0.0,0.0,-0.0008333333334490008,0.024329115714347507
-2.021099337273174e-17,0.019166666665735344,0.031666666667334115,1.2935035758548313e-15,-0.001666666665000634,0.0,0.0015002737036828573
-8.333333333333333e-05,0.035000000000615705,-0.038333333332665885,0.0008333333400013443,0.0008333333400000508,-0.0008333333334489807,-0.0066115693490771165
-8.333333333333333e-05,0.0016666666666433835,-0.04749999999975165,1.2935035758548313e-15,0.0016666666649993406,2.021099337273174e-17,-0.0011038930824556802
0.0,-0.01750000000031044,0.03916666666658388,0.0008333333249992898,-0.0008333333400000508,-0.006666666665892505,0.022104793542812372
8.333333333333333e-05,-0.011666666666475228,0.07083333333274867,0.0008333333249992898,0.0,-0.0008333333325992296,-0.005975972293374232
8.333333333333333e-05,0.00416666666719959,0.02166666666633553,1.2935035758548313e-15,0.0008333333400000508,0.0016666666660482708,0.017409165997231482
-0.00016666666666666666,0.07083333333273574,-0.04749999999975165,0.0008333333249992898,0.0008333333250005833,0.0,0.0027161749724945467
-2.021099337273174e-17,0.05416666666635105,0.014166666665750866,1.2935035758548313e-15,0.0,-0.0033333333329462526,-0.02644036375828372
0.0,0.015833333333667057,-0.0325,0.0,0.0008333333250005833,0.0041666666663952535,-0.012244984554062184
8.333333333333333e-05,0.012499999999185094,0.06083333333291941,-1.2935035758548313e-15,0.0008333333400013443,-0.0024999999994972516,-0.018062854272996386
-2.021099337273174e-17,0.012500000000390638,5.174014303419325e-15,-0.0008333333249992898,-0.0008333333250005833,-0.0058333333332932545,0.03987839687623911
8.333333333333333e-05,-0.03333333333397232,-0.02499999999958608,-0.0008333333250005833,-0.0008333333400000508,0.0,-0.004244526930395255
0.0,-0.048333333332510664,0.03166666666616996,-0.0008333333250005833,0.0,-0.000833333333449021,-0.013882511469807166
0.0,0.00416666666719959,0.09166666666633036,1.2935035758548313e-15,-0.001666666665000634,0.0008333333334490008,0.011224949106837934
-8.333333333333333e-05,-0.10749999999998448,0.06833333333342129,0.0,-0.004166666670000025,0.0,-0.01487093545007002
0.0,0.027500000000142286,0.06750000000066228,0.0016666666649993406,-0.0016666666649993406,0.000833333333449021,0.006015671704089942
8.333333333333333e-05,0.05916666666626568,-0.034166666666666665,-1.2935035758548313e-15,0.001666666665000634,0.0041666666663952535,0.01279161360262531
8.333333333333333e-05,0.01083333333374984,-0.04833333333366965,-0.0008333333250005833,0.0024999999899999238,0.0041666666663952535,-0.011059925625017947
8.333333333333333e-05,0.03833333333388954,0.014999999999746473,0.0008333333249992898,-0.0008333333250005833,0.0,0.007122503356902032
8.333333333333333e-05,-0.08583333333368,0.06416666666616996,-0.001666666665000634,-0.001666666665000634,0.0008333333334489807,-0.024728510087534475
8.333333333333333e-05,-0.06333333333346527,-0.004999999999912042,0.0,-0.003333333329999975,0.004166666667244984,-0.030375161277020297
-8.333333333333333e-05,0.10166666666735999,-0.011666666666495924,0.0016666666649993406,-0.003333333329999975,0.003333333333795983,-0.03166944879231483
0.00016666666666666666,0.054166666667559184,-0.02000000000082784,-0.0008333333400013443,0.0024999999899999238,-0.0008333333334490008,0.029762437218475518
8.333333333333333e-05,-0.029999999999492946,-0.08666666666641314,-0.0008333333400000508,0.003333333329999975,0.0008333333334489807,-0.019051652507899173
-2.021099337273174e-17,0.0008333333327046906,-0.009999999999834431,-0.0008333333250005833,-0.0016666666649993406,0.0025000000003470024,-0.027681518961055876
-0.00016666666666666666,-0.020833333333584274,-0.016666666666418313,0.0,-0.001666666665000634,0.0016666666668980017,-0.012105467687945607
-2.021099337273174e-17,-0.005833333332629667,0.06750000000066228,0.0016666666649993406,-0.002500000004999391,0.0008333333334490008,0.01111635622699331
0.0,-0.007500000000470835,-0.04916666666642349,-0.0008333333400000508,0.002500000005000685,-0.0024999999994972516,-0.030904720925146508
-8.333333333333333e-05,-0.01916666666694865,-0.029166666666754625,-0.0008333333400000508,0.003333333329999975,0.0025000000003470024,-0.046428279837862484
0.0,0.009166666667119393,-0.004999999999917216,0.0,0.0008333333249992898,0.0008333333334490008,0.010475473430835538
-8.333333333333333e-05,0.02416666666686069,0.006666666666578709,-1.2935035758548313e-15,0.0,0.0016666666660482305,0.015816928105633187
3.334988352491288e-05,-6.673103881863091,-10.708446971892354,-1.9313487657608912,-2.2602693522863744,-0.05089846068867008,-0.031152448158238158
8.333333333333333e-05,-0.008333335861683656,-0.002666667474725465,-8.333333999996992e-05,0.0001666666649999873,1.973729821555834e-20,0.02455334492201477
8.333333333333333e-05,-0.0086666692955704,0.00041666679266685,0.0,-0.0002500000050000381,-8.497635083333677e-07,-0.01071933425623251
2.021099337273174e-17,0.0023333340408358103,0.009916669674757739,8.084397349092696e-17,-1.6168794698185392e-16,1.6995270166666564e-06,-1.2935035758548313e-15
0.0,0.002583334117158342,-0.004666668082883634,8.084397349092696e-17,8.333333999988908e-05,0.0,1.2935035758548313e-15
0.0,-0.004416668006559485,0.005250001593091939,0.0,-8.333332500009823e-05,-1.6995270166666958e-06,0.0
-8.333333333333333e-05,-0.0025000007583847036,-0.009666669599649807,8.333334000005076e-05,-0.000166666665000149,5.098581049999969e-06,0.010231121615921924
2.021099337273174e-17,0.0022500006832712745,-0.002666667475933597,8.333334000005076e-05,0.0,-2.549290525000024e-06,0.0
-8.333333333333333e-05,-8.333335877299154e-05,0.0014166670967417304,-8.333333999996992e-05,0.0003333333299999746,2.5492905249999845e-06,0.018381153484761145
-2.021099337273174e-17,0.0008333335865308376,-6.467517879274157e-16,8.084397349092696e-17,0.0,3.399054033333352e-06,-0.0015314170464666354
8.333333333333333e-05,0.00033333343388771433,0.0044166680065585145,-8.333332500001739e-05,8.333334000005076e-05,1.699527016666676e-06,-0.012561749788310327
-8.333333333333333e-05,-0.0024166674008182275,0.0008333335853246454,-8.084397349092696e-17,-8.333334000005076e-05,-8.497635083333282e-07,-0.016563236422157693
-8.333333333333333e-05,-0.007250002200037771,0.002416667399616886,8.333334000005076e-05,-0.000499999994999962,-5.948344558333357e-06,-0.015319555710271621
-8.333333333333333e-05,0.004916668159203255,0.00700000212371621,0.0001666666800000207,0.0,-8.497635083333282e-07,-0.0216336099716382
8.333333333333333e-05,0.0015000004543046493,0.0001666667175414558,-0.00016666667999993984,0.0002499999899999239,3.3990540333333327e-06,0.011233213165605492
0.0,0.0011666670204185518,-0.0012500003791912201,8.084397349092696e-17,8.333333999988908e-05,3.3990540333333128e-06,1.2935035758548313e-15
-2.021099337273174e-17,0.0002500000763222084,-0.0003333334338922416,8.084397349092696e-17,-0.00016666668000010152,8.497635083333479e-07,-0.0011290115856125744
-2.021099337273174e-17,0.0034166677036891794,-0.0020000006069500363,8.333334000005076e-05,-0.0002500000050000381,-5.948344558333337e-06,-0.002054017614644383
-8.333333333333333e-05,0.006416668612300095,-0.012500003791924489,-8.333333999996992e-05,0.00025000000500019975,4.2488175416666605e-06,-0.022677711857506073
-8.333333333333333e-05,-0.005916668462073236,0.002833334193483461,-0.0001666666649999873,0.0002500000050000381,1.699527016666617e-06,-0.008938043279745357
8.333333333333333e-05,-0.00016666671754759994,0.005416668309425263,8.084397349092696e-17,-8.333332500025992e-05,0.0,0.011165568942284316
0.0,0.0015000004543046493,0.0010833336628578965,8.084397349092696e-17,-8.333334000005076e-05,0.0,-0.003938924854121999
8.333333333333333e-05,0.0008333335853210883,-0.001333333737967122,8.084397349092696e-17,-0.00016666666499982563,8.497635083333085e-07,0.014069091561373271
-8.333333333333333e-05,0.0039166678551232,0.009916669674758386,8.333334000005076e-05,-1.6168794698185392e-16,-8.497635083333677e-07,0.010559126245728434
-0.0003333333333333333,-0.009083336089439883,-0.014750004473983103,-8.333333999988908e-05,-0.0004166666700000254,1.699527016666617e-06,-0.031953166031003156
-8.333333333333333e-05,-0.0030000009098193714,0.0027500008347088522,8.333334000005076e-05,0.0003333333299999746,-5.098581049999989e-06,0.03556353627442408
-8.333333333333333e-05,0.003083334268593656,0.007166668840058588,-8.333333999988908e-05,8.333332500009823e-05,1.6995270166666564e-06,0.027454599864453647
8.333333333333333e-05,-0.0005833335102089526,0.002583334117157695,8.084397349092696e-17,8.333332500009823e-05,0.0,-0.04511958660333831
0.0,0.0032500009861409327,-0.0005833335102083058,8.084397349092696e-17,-0.0002499999899999239,-1.699527016666676e-06,0.0057346815531801746
-8.333333333333333e-05,0.014000004247434037,-0.002250000683275155,0.0002500000049999572,8.333334000005076e-05,-1.973729821555834e-20,0.04953715186612551
8.333333333333333e-05,-0.0038333344963498855,-0.0011666670204166117,-0.0001666666649999873,0.0002500000049998764,-2.5492905250000044e-06,-0.047607432430595835
2.021099337273174e-17,-0.008416669220456323,-0.005833335103299598,-8.333333999988908e-05,0.0,-3.947459643111668e-20,0.029919226561539756
-8.333333333333333e-05,0.0010833336628523992,0.0017500005306249173,8.084397349092696e-17,-0.0001666666649999873,-3.399054033333372e-06,0.044744264297237775
0.0,0.0012500003791912201,0.0032500009849331236,8.084397349092696e-17,-8.333334000005076e-05,8.497635083333085e-07,0.006468300681218453
8.333333333333333e-05,0.002166667324497636,-0.0017500005306242707,8.333334000005076e-05,0.0,2.5492905250000044e-06,-0.04136883979824294
0.0,0.002916667552254512,-0.0047500014416588885,0.00016666667999993984,-0.0003333333299998129,0.0,0.0031131365903148737
8.333333333333333e-05,0.0030000009098196945,-0.014583337757642019,-8.333332500001739e-05,0.0001666666649999873,-3.399054033333352e-06,-0.0404466486576673
0.0,-0.003333334343705792,-0.004750001441649187,-0.0001666666649999873,0.0005833333350000127,-2.549290525000024e-06,-0.0038920729189710172
0.0,8.333335877396167e-05,-0.0008333335865334246,8.084397349092696e-17,8.333332499993655e-05,-1.973729821555834e-20,-0.0006792215242800821
-8.333333333333333e-05,0.00108333366164362,0.00041666679387498235,8.084397349092696e-17,0.0,7.647871574999994e-06,0.027763336463030686
-8.333333333333333e-05,0.0010833336628527225,-0.0008333335853246454,-8.333333999988908e-05,-0.0001666666649999873,-1.973729821555834e-20,0.044679994025433226
0.0,0.01433333768132175,-0.005583335026975126,0.0002500000050000381,-0.000166666665000149,-8.497635083333282e-07,0.012604896600124064
0.0,0.004500001364125314,-0.0003333334338838338,-8.333332500001739e-05,0.0003333333299999746,3.399054033333293e-06,0.0026555959762074055
2.021099337273174e-17,-0.006000001819638096,-0.008083335786574754,-0.0002500000050000381,0.0002500000050000381,1.6995270166666564e-06,0.028204276759313265
0.00025,0.0011666670204175818,-0.0015000004555163387,8.084397349092696e-17,0.0,8.497635083333282e-07,-0.042660605048958675
-8.333333333333333e-05,0.0010000003028699817,-0.001666667171850309,8.084397349092696e-17,8.333334000005076e-05,-1.6995270166666564e-06,-0.06083182043290257
0.0,-0.0018333338894021129,0.0030833342685920393,8.333334000005076e-05,0.0,3.3990540333333128e-06,-0.0065946645049365345
0.0,0.002583334117157372,-0.006333335254732649,0.0002500000050000381,-0.0001666666649999873,-3.399054033333372e-06,0.0038473935814147503
-8.333333333333333e-05,0.008666669295569753,-0.00575000174452499,0.00016666666500006816,1.6168794698185392e-16,0.0,0.047310207124101
0.00016666666666666666,0.0013333337379658283,-0.002916667551042176,-0.00016666666499990645,0.0003333333299999746,-8.497635083333677e-07,-0.1044795120403093
-8.333333333333333e-05,-0.004666668081672268,-0.0024166674008166108,0.0,0.0002500000050000381,0.0,0.07476711590579943
0.0,0.0017500005306271811,0.0006666668689829142,8.084397349092696e-17,8.333333999988908e-05,1.6995270166666367e-06,0.007617556703072559
0.00016666666666666666,-0.00033333343509552325,0.010000003033532994,8.084397349092696e-17,0.0,-1.973729821555834e-20,-0.07248166750249609
-8.333333333333333e-05,0.00141666709673882,-0.004916668157991565,0.0001666666649999873,-0.0005833333350000127,-8.497635083333282e-07,0.04422279461711102
0.00016666666666666666,0.0070833354812823626,-0.0047500014416582415,-8.084397349092696e-17,0.000166666665000149,8.497635083333282e-07,-0.10243895272692122
8.333333333333333e-05,-0.0007500002277571993,-0.0007500002277504084,-0.0001666666649999873,0.00041666667000018706,1.6995270166666564e-06,-0.025288892300591236
0.0,0.0,-0.0015000004555169855,-8.333333999988908e-05,-8.333332500025992e-05,-8.497635083333282e-07,0.0020286948202928113
0.0,0.0010833336616442668,0.0014166670967410836,8.084397349092696e-17,-1.6168794698185392e-16,-8.497635083333479e-07,0.0066712000077538604
0.0,0.0012500003791925136,-0.0013333337379664752,8.084397349092696e-17,8.333333999988908e-05,4.248817541666641e-06,0.0025006704349303617
0.0,0.008416669220457293,-0.0030833342698079326,0.0002500000050000381,-0.0003333333299998129,-1.973729821555834e-20,0.011425258987644014
8.333333333333333e-05,0.004583334722898305,-0.01883333904665067,-8.084397349092696e-17,0.0002500000050000381,-3.399054033333352e-06,-0.040272466073456845
0.0,-0.004750001440446552,-0.013916670888666865,-0.0002500000050000381,0.0004999999950001236,3.399054033333293e-06,-0.0065448068839071005
0.0,-0.0020000006057406105,-0.0005000001514330507,0.0,-8.333332500009823e-05,1.6995270166666367e-06,-0.000977200923415108
0.0,0.0010000003040787609,0.005750001744524343,-8.333333999996992e-05,-8.333332500025992e-05,1.6995270166666367e-06,0.005280804845394515
-8.333333333333333e-05,-0.0006666668689832376,-0.0008333335853175312,-8.333333999996992e-05,-1.6168794698185392e-16,8.497635083333479e-07,0.046245727469585836
0.0,0.0074166689163785325,-0.006000001820850109,8.333333999996992e-05,-8.333334000005076e-05,-3.3990540333333327e-06,0.007994461878473198
-8.333333333333333e-05,-0.0016666671718532193,8.333335876684739e-05,0.0,0.0001666666649999873,1.699527016666676e-06,0.04247084841253236
0.0,-0.006166668537186019,0.0009166669440914928,-8.333332500009823e-05,-8.333333999988908e-05,-1.699527016666676e-06,0.028616990905427114
0.0,0.0017500005306275044,0.0030000009098161374,0.0,-8.333332500025992e-05,1.973729821555834e-20,-0.004926141880620788
0.0,0.0015833338130792577,0.00033333343509131937,8.333334000005076e-05,0.0004166666700000254,-5.098581050000028e-06,0.00233906518386858
-8.333333333333333e-05,0.0006666668689829142,0.0004166667926584422,-8.333333999996992e-05,-1.6168794698185392e-16,-1.6995270166666564e-06,0.049382418927358875
-8.333333333333333e-05,0.0010000003040790842,0.0020000006069500363,8.333333999996992e-05,-1.6168794698185392e-16,-8.497635083333677e-07,0.031344886865094304
-8.333333333333333e-05,-0.0019166672481751043,-0.0016666671730584414,0.0,0.0,3.3990540333333327e-06,0.041650429012099956
8.333333333333333e-05,-0.0045000013653328,-0.004250001289008651,-8.333332500009823e-05,0.000166666665000149,-8.497635083333085e-07,-0.04791281402415544
-0.00016666666666666666,0.0012500003791915434,0.006583335329850282,0.0,8.333332499993655e-05,-1.699527016666676e-06,0.10456483201733531
8.333333333333333e-05,0.0027500008347056187,-0.00025000007632511876,-8.333333999996992e-05,0.0,4.2488175416666605e-06,-0.07755741982096159
8.333333333333333e-05,-0.0006666668677738118,-0.0005833335102083058,-8.333333999988908e-05,-1.6168794698185392e-16,4.248817541666641e-06,-0.024589993177766962
8.333333333333333e-05,0.0020000006069493892,0.009666669599650454,8.084397349092696e-17,-0.0001666666649999873,4.2488175416666605e-06,-0.041536167079699225
-8.333333333333333e-05,-0.0050000015167684375,-0.003916667855124817,0.0,8.333334000021246e-05,-5.098581050000009e-06,0.06434174887000635
0.0,-0.004250001289011561,0.007500002275149907,-8.333332500009823e-05,8.333332499993655e-05,8.497635083333479e-07,0.036436367596299125
-8.333333333333333e-05,0.002583334117158665,0.010583336543741299,0.0,8.333332499993655e-05,-3.399054033333352e-06,0.018151748855638368
0.00016666666666666666,0.0020000006057409336,0.00025000007510793187,0.0,8.333333999988908e-05,1.973729821555834e-20,-0.10456100365300922
-8.333333333333333e-05,0.0010833336628527225,-0.0015000004542997985,-8.333333999996992e-05,0.0,1.6995270166666564e-06,0.05254217701865257
-8.333333333333333e-05,0.014333337681321428,-0.00933333616455008,0.00016666666500006816,0.0,-4.2488175416667e-06,0.05382639108162839
0.0,-0.0025000007583847036,-0.008833336013117029,-8.333334000005076e-05,0.0003333333299999746,0.0,-0.01226402727751734
8.333333333333333e-05,-0.008500002578022477,-0.006916668764940954,-8.333333999996992e-05,-8.333334000005076e-05,4.2488175416667e-06,-0.047695112981300594
-8.333333333333333e-05,0.0016666671718532193,0.00516666823431733,0.0,-8.333334000005076e-05,-1.973729821555834e-20,0.07973467566209794
-8.333333333333333e-05,0.0010000003028699817,0.0009166669453080329,0.0,-8.333334000005076e-05,0.0,0.05865163441432847
0.00025,0.0017500005306275044,-0.0011666670204166117,8.333334000005076e-05,-1.6168794698185392e-16,-4.24881754166668e-06,-0.07828955298430519
-8.333333333333333e-05,0.016500005005818094,-0.006833335407374478,0.0002500000050000381,0.0002500000049998764,-4.24881754166668e-06,0.038411928408201006
8.333333333333333e-05,0.0023333340420449125,-0.007083335482492112,-0.0001666666649999873,0.0003333333299999746,0.0,-0.04423427659062436
0.0,-0.009166669448213845,-0.013333337378450152,-0.00016666666499990645,0.0002499999899999239,-1.973729821555834e-20,-0.0032581959364521833
-8.333333333333333e-05,0.0010833336616442668,-0.0005000001514336974,0.0,0.0,-3.399054033333352e-06,0.07792025886767855
0.00016666666666666666,0.0008333335865308376,0.0007500002277588162,0.0,0.0,-2.5492905250000044e-06,-0.10346648453899478
-8.333333333333333e-05,0.0011666670204182284,0.003000000909825192,0.0,0.0,3.3990540333333327e-06,0.026869536835172524
0.0,0.005166668234315714,0.002583334117158342,0.0001666666649999873,-0.0003333333299999746,8.497635083333282e-07,0.01454767016121445
8.333333333333333e-05,-0.0010833336616439435,-0.00233333404083387,8.333333999996992e-05,-8.333332499993655e-05,-4.2488175416666605e-06,-0.028253336762233325
8.333333333333333e-05,-0.0029166675510450863,-0.00475000144045011,-0.00016666666500006816,0.0002499999899999239,-5.098581049999989e-06,-0.07819217644718657
0.0,0.0009166669453051226,0.001750000530633325,8.333332499993655e-05,0.0,8.497635083333282e-07,-0.0039797976936575856
0.0,0.002583334117158342,-0.002083333965725938,0.0,1.6168794698185392e-16,-3.3990540333333327e-06,-0.0024782050539390184
0.0,0.0006666668689832376,-0.0011666670204166117,0.0,8.333332500025992e-05,1.6995270166666367e-06,0.007233222162226836
0.0,0.012000003640484971,0.005666668385749735,0.00016666666500006816,-0.0001666666649999873,2.549290525000024e-06,0.010762247945323017
8.333333333333333e-05,-0.007166668840056971,-0.01350000409479059,-8.333334000005076e-05,0.000166666665000149,-3.3990540333333327e-06,-0.05456882276036001
0.0,-0.008750002654344361,-0.011750003564157912,-8.333333999996992e-05,0.0001666666649999873,-8.497635083333282e-07,-0.0010846857963453253
-8.333333333333333e-05,0.0017500005306278277,0.002250000682057968,-8.084397349092696e-17,-8.333332499993655e-05,5.098581049999989e-06,0.022632593000712544
8.333333333333333e-05,0.001166667021626684,0.000250000076324472,0.0,8.333332500009823e-05,-5.948344558333357e-06,-0.0871340681294432
0.0,0.0012500003791915434,-0.0031666676273672946,0.0,-8.333334000005076e-05,-6.798108066666665e-06,0.006702506957641648
0.0,0.017583338667462683,-0.006000001820849462,0.0002500000049999572,-0.0001666666649999873,3.3990540333333128e-06,0.009651342825587684
8.333333333333333e-05,0.004250001289010915,-0.0006666668689829142,-8.084397349092696e-17,0.0003333333299998129,-1.6995270166666564e-06,-0.07561521575575979
8.333333333333333e-05,-0.008750002654344361,-0.00866666929556652,-8.333333999996992e-05,8.333334000005076e-05,-3.399054033333352e-06,-0.04647068391310103
8.333333333333333e-05,0.00041666679266070584,-0.0005000001526495908,8.333332499993655e-05,-8.333332499993655e-05,-8.497635083333677e-07,-0.08202222001641446
-8.333333333333333e-05,0.0015000004543049726,0.0003333334338909481,-8.333332500009823e-05,-0.0002500000049998764,1.973729821555834e-20,0.046737437860398655
0.0,0.0005833335102092759,0.004916668157999326,-8.084397349092696e-17,8.333332500009823e-05,2.5492905250000044e-06,0.0040282527821254915
0.0,-0.001500000455514722,0.0003333334351003739,0.00016666666500006816,-0.0005833333350000127,1.699527016666617e-06,-0.00401935376148645
8.333333333333333e-05,0.008750002654344037,-0.009333336164550727,0.00016666666500006816,0.0001666666649999873,0.0,-0.0691422308567394
8.333333333333333e-05,0.0004166667938701317,-0.005000001516765527,-0.00016666666500006816,0.0005000000099999144,0.0,-0.07840318334446832
2.021099337273174e-17,-0.0025000007595925126,-8.333335877460842e-05,0.0,8.333332499993655e-05,-2.5492905249999845e-06,-0.0020672416619322677
0.0,0.002000000606949066,0.000250000076324472,0.0,-0.0001666666649999873,3.3990540333333327e-06,-0.009519260436467206
-8.333333333333333e-05,-0.00033333343509584667,-0.0024166673996091253,-8.333332500009823e-05,8.333332500009823e-05,-3.399054033333352e-06,0.08341578823563306
-8.333333333333333e-05,0.01383333752988676,-0.0028333341922669206,0.00016666666500006816,-8.333332499993655e-05,2.5492905250000044e-06,0.03696619721309592
8.333333333333333e-05,0.0001666667175469532,-0.0005000001514336974,0.0,0.0001666666649999873,-2.5492905249999845e-06,-0.032484593935878686
2.021099337273174e-17,-0.011666670205390094,-0.008500002579233843,-0.0002500000050000381,8.333334000005076e-05,8.497635083333282e-07,-0.00198513360255165
8.333333333333333e-05,0.0012500003791925136,0.0005833335102083058,0.0,-8.333333999988908e-05,-1.973729821555834e-20,-0.07854001141901568
-8.333333333333333e-05,0.0013333337379658283,-0.0008333335853252923,-8.333332500009823e-05,8.333332500025992e-05,-8.497635083333479e-07,0.08084815790958755
0.0,0.0005833335102092759,0.0005833335102083058,-8.084397349092696e-17,-8.333333999988908e-05,-4.2488175416666605e-06,-0.001378173344324912
8.333333333333333e-05,0.0011666670204182284,0.00816666914414123,0.0,0.0003333333300001363,-7.647871575000013e-06,-0.037307694747582235
0.0,-0.010000003033535904,0.007916669067808349,8.33333400001316e-05,-0.0004166666700000254,-1.6995270166666564e-06,-0.0011767407568701958
2.021099337273174e-17,-0.0018333338894021129,0.009750002957216283,0.0002499999900000047,-0.00024999999000008553,-1.6995270166666564e-06,0.0321606618197997
2.021099337273174e-17,0.005750001744525313,0.002500000758383087,-8.333334000005076e-05,0.0003333333299999746,-4.2488175416666605e-06,-0.006585946841593573
-8.333333333333333e-05,-0.0014166670967397901,-0.008166669144132822,-8.333334000005076e-05,8.333332500025992e-05,-8.497635083333479e-07,0.08263150311465013
8.333333333333333e-05,0.000666666868983561,-0.0025833341171589887,-8.084397349092696e-17,8.333334000005076e-05,-8.497635083333479e-07,-0.08662441793187496
8.333333333333333e-05,-0.0012500003804009692,0.010666669902516555,-8.084397349092696e-17,-8.333332499993655e-05,-1.6995270166666367e-06,-0.0133644304167337
-8.333333333333333e-05,-0.012250003715599046,0.005333334950658415,0.000166666665000149,-0.000583333334999851,1.6995270166666367e-06,0.06451969740099352
-8.333333333333333e-05,0.005416668309429467,0.009416669523333096,0.00016666666500006816,0.0,-8.497635083333282e-07,0.0412683712770839
8.333333333333333e-05,0.002000000606949066,0.002666667475925189,-8.333334000005076e-05,0.0004999999949998002,1.6995270166666564e-06,-0.07288023319254862
-8.333333333333333e-05,0.00125000037919219,-0.004416668006557867,0.0,8.333332500009823e-05,3.3990540333333128e-06,0.025584112884233602
8.333333333333333e-05,0.0005833335102092759,0.00033333343509972714,0.0,-8.333332500009823e-05,-2.5492905250000044e-06,-0.09094033444124766
8.333333333333333e-05,0.0037500011375759235,0.005000001516767467,-8.333332500009823e-05,-8.333332500009823e-05,-1.6995270166666564e-06,-0.06983010513200813
8.333333333333333e-05,-0.010166669749875696,-0.0030833342685920393,0.0,-0.00016666667999993984,-8.497635083333282e-07,-0.082789029319618
-0.00025,-0.006750002047394971,-0.006833335406166993,8.084397349092696e-17,8.333334000005076e-05,6.798108066666685e-06,0.10672972146530843
0.00016666666666666666,0.0029166675510454093,0.01241667043314988,0.0,0.0001666666649999873,-8.497635083333479e-07,-0.10217204152593622
-2.021099337273174e-17,0.002416667399609772,0.007500002275149907,0.0,0.0001666666649999873,1.6995270166666958e-06,-0.00847574069478756
-0.00016666666666666666,0.0026666674759313336,-0.005250001591875399,-8.333332500009823e-05,-8.333333999988908e-05,2.5492905249999845e-06,0.021161242367517357
-0.00016666666666666666,0.0024166673996100954,0.004333334647783906,0.0,-1.6168794698185392e-16,8.497635083333282e-07,0.007916197115428642
8.333333333333333e-05,-0.017500005308689046,0.00716666884126672,8.333332500009823e-05,-0.0006666666599997876,8.497635083333282e-07,0.03163727870321729
-0.00016666666666666666,-0.0008333335865308376,0.000250000076324472,0.000166666665000149,-0.0002499999899999239,4.2488175416666605e-06,-0.07713992083329164
0.00016666666666666666,0.0032500009861415797,0.002416667399608478,-8.333334000005076e-05,0.0003333333300001363,-1.699527016666676e-06,-0.07648130477690267
8.333333333333333e-05,0.0017500005306271811,-0.0007500002277581693,0.0,0.0001666666649999873,-8.497635083333085e-07,-0.07411957544246171
-8.333333333333333e-05,0.0007500002265484201,-0.000666666868983561,-8.084397349092696e-17,0.0,-6.798108066666665e-06,0.03099385790450033
8.333333333333333e-05,0.004583334724106761,0.00016666671754986357,-8.333332500009823e-05,-8.333332499993655e-05,1.699527016666676e-06,-0.0652027344736995
-0.00016666666666666666,-0.010416669826197903,-0.0010000003040826415,-8.333333999996992e-05,1.6168794698185392e-16,3.3990540333333327e-06,0.10212792903725705
8.333333333333333e-05,-0.0035000010624624944,0.02216667339157559,0.00016666666500006816,-0.0001666666649999873,0.0,-0.0829749854625733
-0.00016666666666666666,0.0008333335853217351,0.008833336013125437,0.00016666666500006816,-0.0001666666649999873,8.497635083333479e-07,0.10413445614232009
8.333333333333333e-05,0.004500001365333447,-0.00475000144045011,-8.333334000005076e-05,0.0002500000049998764,-1.6995270166666367e-06,-0.06147352637625946
0.0,0.003583334420028647,-0.004583334724099971,-8.084397349092696e-17,0.00016666666499982563,1.973729821555834e-20,0.00455326217945096
-8.333333333333333e-05,0.0027500008347056187,-0.015500004702950052,-8.333334000005076e-05,0.0003333333299999746,-8.497635083333479e-07,0.07149879288850222
-8.333333333333333e-05,-0.002083333965722381,-0.00500000151676682,-8.333333999996992e-05,0.0002500000049998764,-5.098581050000009e-06,0.06981330622623597
0.0,-0.0032500009861406096,0.008333335861683978,0.0,8.333334000005076e-05,3.3990540333333327e-06,-0.012665884413110971
0.0,-0.005583335026976743,0.004583334724108378,8.333333999996992e-05,-0.0002500000050000381,0.0,-0.0004831524360912024
-8.333333333333333e-05,-0.001500000455513105,0.00741666891638306,0.0,0.0,-3.3990540333333327e-06,0.029534832235617148
8.333333333333333e-05,0.0005000001514353143,0.0017500005306326785,0.00016666666500006816,-0.0003333333299999746,8.497635083333282e-07,-0.04003340017741365
0.0,0.003750001137576247,0.0009166669440999006,0.0,0.00016666666499982563,-2.5492905250000044e-06,0.019348005263370254
-0.0003333333333333333,0.006750002047395942,-0.0041666679302418035,8.333333999996992e-05,-8.333334000021246e-05,-8.497635083333282e-07,0.10547678002419675
0.00016666666666666666,0.0010833336616439435,-0.003000000909816784,-8.333334000005076e-05,0.0004999999949998002,0.0,-0.07875914344228029
0.0,-0.0025833341171580186,0.004666668082882987,-8.333332500009823e-05,0.0,0.0,-0.005645112320427628
-0.00016666666666666666,-0.008583335938004893,0.0011666670204166117,8.084397349092696e-17,-0.00041666665500007284,3.399054033333352e-06,0.06553471212899442
0.00016666666666666666,0.0008333335853214117,0.012166670358032894,8.333333999996992e-05,-8.333332499993655e-05,3.3990540333333327e-06,-0.0784095765613123
0.0,-0.0018333338894008194,-6.467517879274157e-16,0.0,-8.333332499993655e-05,-3.399054033333352e-06,-0.018656276720912298
-8.333333333333333e-05,0.003916667853915715,-0.0029166675510505836,0.0003333333299998938,-0.0002499999899999239,1.6995270166666564e-06,0.06464666768909794
0.00025,0.0056666683857507045,-0.003000000909816784,0.0,0.0004166666549999112,-3.947459643111668e-20,-0.06372538789350203
-8.333333333333333e-05,-0.0009166669440956967,-0.00700000212371621,-8.333333999996992e-05,0.0001666666649999873,-1.699527016666676e-06,0.061415396392443734
0.0,0.004000001213897809,0.004833334800433497,0.0,0.0,5.098581050000028e-06,0.0002644642451506419
0.0,-0.013916670888660722,0.009500002882099944,-8.333333999996992e-05,-0.0001666666649999873,-8.497635083333282e-07,-0.029328314499752338
-8.333333333333333e-05,0.0008333335865308376,-0.004083334572675327,0.0002500000050000381,-0.0003333333300001363,-4.24881754166668e-06,0.06322790767622516
0.0,0.008583335936796761,-0.00475000144045011,0.0,0.0002500000050000381,0.0,0.0024924325474628456
2.021099337273174e-17,-0.0018333338894004959,-0.010333336468632721,-0.00016666666499990645,8.333332499977486e-05,-1.699527016666676e-06,-0.0006044470573025238
0.0,-0.0004166667938688382,-0.0030833342685920393,-8.333333999996992e-05,-8.333332499993655e-05,4.24881754166668e-06,-0.009132061144172783
2.021099337273174e-17,-0.0001666667163384975,0.0035833344200244433,0.0,0.0,1.699527016666676e-06,-6.970488243710457e-05
2.021099337273174e-17,0.002000000606949066,-0.003166667627366648,8.333333999996992e-05,-8.333332499993655e-05,4.2488175416666605e-06,-1.1231332396467527e-06
-0.00016666666666666666,0.0037500011375759235,-0.012583337150691983,-8.333332500001739e-05,0.0002500000049998764,-8.497635083333479e-07,0.08247906141902915
0.0,-0.0005833335102092759,0.004416668006557867,-8.084397349092696e-17,0.0002500000049998764,-3.947459643111668e-20,0.0055074429214272335
-8.333333333333333e-05,0.00216666732328821,0.0005833335102083058,8.333333999996992e-05,8.333332499993655e-05,-8.497635083333341e-06,0.06542297212086204
0.0,-0.0004166667938685148,-0.000250000076324472,0.0,8.333332499993655e-05,-6.798108066666685e-06,-0.0028204121957235554
0.0,-0.0026666674759313336,0.006583335331058414,-8.333332500001739e-05,0.0,-3.3990540333333327e-06,-0.013785256746009044
-8.333333333333333e-05,-0.010000003033535904,0.005666668385750381,8.333332499993655e-05,-0.0006666666599999492,-8.497635083333479e-07,0.002676058642407103
8.333333333333333e-05,0.0029166675522541885,0.011416670130283132,0.0001666666649999873,1.6168794698185392e-16,4.2488175416666605e-06,-0.07623348472154726
8.333333333333333e-05,0.003083334268593333,-0.0009166669453086798,-8.333332500001739e-05,0.0003333333299999746,2.5492905250000044e-06,-0.06881098697157706
-8.333333333333333e-05,0.0010000003040790842,-0.003916667855125464,-8.333333999996992e-05,8.333334000005076e-05,-2.5492905250000044e-06,0.07071764856398934
-8.333333333333333e-05,0.00033333343509584667,0.0020833339645087512,8.333333999996992e-05,-8.333333999988908e-05,1.973729821555834e-20,0.0770051584206819
0.0,0.0024166673996100954,0.0016666671730668492,0.0,-8.333332499993655e-05,3.3990540333333327e-06,0.00886465584122343
8.333333333333333e-05,-0.006166668537185695,0.006666668688616482,0.00016666666500006816,-0.0003333333299999746,-8.497635083333282e-07,-0.07689671496290118
-8.333333333333333e-05,-0.0017500005306271811,0.00033333343388318703,8.333332500009823e-05,-0.0001666666649999873,1.699527016666676e-06,-0.005384288690951911
-0.00016666666666666666,0.005500001668203105,-0.00483333480043285,-8.333332499993655e-05,0.0002499999899999239,-8.497635083333282e-07,0.1040560462887192
0.0,-0.0005000001514349909,-0.002666667475933597,-8.333333999996992e-05,0.0002499999899999239,2.5492905249999845e-06,0.002598401404571875
0.0,8.333335877428504e-05,0.0017500005306249173,-8.084397349092696e-17,1.6168794698185392e-16,-3.3990540333333128e-06,0.0017698933085439623
8.333333333333333e-05,-0.0031666676273676177,0.013083337302125034,-8.333332500009823e-05,-8.333334000005076e-05,-1.973729821555834e-20,-0.032897944509397106
-8.333333333333333e-05,-0.010000003033535904,-0.0015000004542997985,0.00016666666499990645,-0.0005833333350000127,-8.497635083333677e-07,0.06283484473360651
0.0,0.0071666688412660735,0.010166669751083504,0.0001666666649999873,-1.6168794698185392e-16,-2.5492905250000044e-06,0.02638698757341416
0.0,0.0021666673232885337,-0.0013333337379664752,-0.00016666666500006816,0.0004166666700000254,-5.098581050000009e-06,-0.0005014009930672021
-8.333333333333333e-05,8.333335877428504e-05,-0.0018333338893995257,-8.084397349092696e-17,8.333334000005076e-05,-8.497635083333479e-07,0.07004947645944518
8.333333333333333e-05,0.0010000003028709519,0.0007500002265416292,8.333333999996992e-05,8.333334000005076e-05,1.699527016666676e-06,0.0004124174539349042
-8.333333333333333e-05,-0.0003333334338867442,-0.000666666868983561,0.0,1.6168794698185392e-16,1.699527016666676e-06,0.007751510934930088
8.333333333333333e-05,0.002416667399609772,-0.0021666673244998998,0.00016666666500006816,-0.0003333333299998129,-8.497635083333479e-07,-0.0622286658003991
-8.333333333333333e-05,0.004166667930237599,-0.010250003109858113,8.333332500001739e-05,8.333334000005076e-05,1.973729821555834e-20,0.010655939872531842
8.333333333333333e-05,0.0012500003791918667,-0.0010833336616413564,-8.333332500001739e-05,0.0003333333299998129,-1.6995270166666564e-06,-0.07333281508719341
8.333333333333333e-05,-0.00041666679386948496,-0.002833334193483461,-8.084397349092696e-17,0.00041666667000018706,5.098581049999969e-06,0.002398540011066426
8.333333333333333e-05,0.0011666670204182284,0.0025000007583837335,-8.084397349092696e-17,0.0,0.0,-0.0014099605020717718
8.333333333333333e-05,0.0020833339657236744,0.0011666670204159648,8.333333999996992e-05,-0.0001666666649999873,0.0,0.04386370976536354
-0.00025,0.022916673619326,-0.009666669598433913,0.0004166666699999445,-0.0004166666699998637,-1.973729821555834e-20,-0.046901601881486
0.0003333333333333333,0.008500002578022477,0.008166669144132822,-0.00033333333000005544,0.000583333334999851,5.098581049999989e-06,-0.0375807425660314
0.0,-0.0085000025780228,-0.021166673087491653,-0.0001666666649999873,0.0004166666700000254,1.6995270166666958e-06,-0.0013431016478868615
8.333333333333333e-05,8.333335877363829e-05,-0.00700000212371621,-8.084397349092696e-17,-8.333333999988908e-05,-1.699527016666676e-06,0.046725043083444086
-8.333333333333333e-05,0.01766667202623697,-0.013750004172325135,0.0002500000049999572,-0.0001666666649999873,-1.6995270166666367e-06,-0.04047093467603231
8.333333333333333e-05,0.002500000758383087,0.0030000009110333244,-0.0003333333299999746,0.0005833333350001744,-2.5492905250000044e-06,0.08415472196296193
0.0005833333333333334,-0.009750002957214343,-0.0018333338894001726,-8.084397349092696e-17,0.00075,2.5492905249999845e-06,0.09690520038164686
-2.021099337273174e-17,0.003250000986141903,0.004833334800433497,8.333333999996992e-05,0.0,3.3990540333333327e-06,-0.002707035389364076
-2.021099337273174e-17,0.0016666671730616752,-0.0023333340420497633,-8.084397349092696e-17,0.0,-8.497635083333085e-07,0.00015817115733451727
-2.021099337273174e-17,8.333335877396167e-05,0.0040833345714581405,-8.084397349092696e-17,-8.333332500009823e-05,2.549290524999965e-06,0.0001363084022809441
-2.021099337273174e-17,0.0017500005306265343,-0.0006666668689829142,0.0,0.0,3.3990540333333128e-06,0.00024371093122883597
-8.333333333333333e-05,0.006583335329847372,-0.009916669674758386,8.084397349092696e-17,8.333333999988908e-05,3.399054033333352e-06,0.02165030211032653
-8.333333333333333e-05,-0.0030833342698017886,0.0018333338894001726,-8.333332499993655e-05,-1.6168794698185392e-16,8.497635083333282e-07,0.021224026658066497
-8.333333333333333e-05,-0.0050000015167677905,0.014000004247441473,-8.084397349092696e-17,-8.333332499993655e-05,2.5492905250000044e-06,0.030459248668492204
8.333333333333333e-05,-0.0064166686122994485,-0.002750000834707559,8.333332500009823e-05,-0.0003333333299999746,4.2488175416666605e-06,-0.02159734875108245
0.00016666666666666666,8.333335877460842e-05,0.015416671342966664,-8.333333999996992e-05,-1.6168794698185392e-16,4.2488175416666605e-06,-0.036295435618998534
-0.00016666666666666666,-0.006333335254734266,-0.00025000007510857865,0.00016666666499990645,-0.0004166666700000254,1.699527016666676e-06,-0.03158615778309888
8.333333333333333e-05,0.01008333639231116,0.006500001972282512,0.00016666666499990645,-8.333334000005076e-05,-8.497635083333479e-07,-0.021199977730331013
0.00016666666666666666,0.002666667474723201,0.0015000004543082063,-0.00016666666500006816,0.00024999999000008553,-5.098581050000009e-06,0.03151575939464771
8.333333333333333e-05,0.0005000001514346676,-0.007416668916375299,-0.00016666666499990645,0.0001666666649999873,8.497635083333282e-07,-0.021345318707614205
-8.333333333333333e-05,0.0035000010612540387,-0.0041666679302411564,-8.084397349092696e-17,0.0003333333300001363,-3.399054033333352e-06,0.029550769437307542
-0.0006666666666666666,-0.0035833344212367795,-0.0004166667926584422,0.00016666666499990645,-0.0013333333350000127,8.497635083333085e-07,-0.07673913152082176
0.00016666666666666666,0.0005833335114174083,-0.00783333571025028,0.0,-8.333332499993655e-05,3.399054033333372e-06,-0.0792495922954753
-2.021099337273174e-17,0.002333334040836134,0.0006666668689751532,-8.333332500001739e-05,0.00016666668000010152,-4.2488175416667e-06,-0.0004985774214935696
8.333333333333333e-05,-0.0007500002277565525,-0.0020833339657175304,-8.084397349092696e-17,8.333334000005076e-05,3.3990540333333327e-06,-0.0028784175399406294
8.333333333333333e-05,0.0008333335865305142,-0.0021666673244998998,-8.084397349092696e-17,-8.333332500009823e-05,-1.973729821555834e-20,-0.052166037963770534
-8.333333333333333e-05,8.333335877331491e-05,0.006333335254732649,-8.333333999996992e-05,-8.333333999988908e-05,2.5492905250000044e-06,0.010990792737907679
-8.333333333333333e-05,-0.014750004473982134,0.00033333343509972714,8.084397349092696e-17,-0.0005833333350000127,-1.6995270166666564e-06,0.0035046629473385917
-8.333333333333333e-05,0.00033333343388771433,0.015833338136833238,0.0001666666649999873,-8.333332499993655e-05,-1.6995270166666564e-06,0.07057268996498703
0.00016666666666666666,0.003083334269801465,0.008166669144141875,-0.00016666666500006816,0.00016666667999993984,-3.399054033333372e-06,-0.0036294285573776706
8.333333333333333e-05,0.0009166669440969903,-0.000666666868983561,-8.333332500001739e-05,0.0,-1.6995270166666367e-06,-0.0688934528796455
2.021099337273174e-17,0.0010833336616442668,-0.0005000001514330507,-8.084397349092696e-17,-8.333334000005076e-05,-4.2488175416667e-06,9.068304798953856e-05
0.0,-0.0030833342698017886,0.002166667323291767,-8.084397349092696e-17,0.0,1.6995270166666564e-06,-0.0012252256361573624
-8.333333333333333e-05,-0.0013333337367564025,-0.0027500008347088522,0.0003333333299998938,-0.000583333334999851,-8.497635083333282e-07,0.0023646722459790505
-8.333333333333333e-05,0.016750005082139655,-0.00433333464778326,0.00016666666499990645,0.0002499999899999239,2.5492905250000044e-06,0.0036651994516180516
-8.333333333333333e-05,-0.0008333335853220584,-0.014083337606207674,-0.00024999999000008553,0.000499999994999962,2.5492905250000044e-06,0.012110584488821526
-8.333333333333333e-05,-0.0008333335865305142,-0.007500002276358686,8.084397349092696e-17,8.333332499993655e-05,-2.5492905250000044e-06,0.005507690350151259
8.333333333333333e-05,0.0010000003040784376,0.002166667323291767,0.0,-0.0001666666649999873,4.2488175416666605e-06,-0.011807946518368813
2.021099337273174e-17,-0.0016666671718532193,0.005166668234316684,-8.084397349092696e-17,-8.333334000005076e-05,8.497635083333282e-07,0.006409494195044196
8.333333333333333e-05,-0.004250001290220341,-0.004500001365333769,0.0002499999899999239,-0.00075,-2.5492905250000044e-06,-0.010665889466547458
0.0,0.010666669903728245,-0.00041666679265779546,8.333333999988908e-05,0.0003333333299998129,-5.948344558333317e-06,-0.006387824040136507
8.333333333333333e-05,-0.006083335179620513,-0.007166668840058588,-0.0001666666649999873,0.0004166666700000254,-2.5492905249999845e-06,-0.0062087935271271915
8.333333333333333e-05,0.00033333343509617003,-0.004250001289008651,8.084397349092696e-17,8.333334000005076e-05,3.3990540333333327e-06,-0.042376371314893996
-8.333333333333333e-05,0.0015000004555143986,0.0008333335865327778,-8.333332500001739e-05,0.0,-8.497635083333085e-07,0.013115685234868175
-8.333333333333333e-05,0.0010000003040790842,-0.0013333337379664752,-8.084397349092696e-17,-8.333333999988908e-05,8.497635083333479e-07,0.011682368241999454
0.0,0.009166669447006037,0.004833334800425089,0.00016666666499990645,-0.0001666666649999873,-1.699527016666676e-06,4.782423298392031e-05
0.0,-0.010000003033535904,-0.00875000265434242,-0.0002499999900000047,8.333333999988908e-05,-1.699527016666676e-06,0.0018191696374897017
-2.021099337273174e-17,-0.010666669902518819,-0.008833336013117029,8.084397349092696e-17,-8.333334000005076e-05,1.699527016666676e-06,0.0004795320229384945
0.00016666666666666666,0.0028333341922714477,0.009166669447007976,8.333332500001739e-05,0.0,-1.699527016666676e-06,-0.051932640748368834
-2.021099337273174e-17,0.0026666674759323037,-0.0003333334338838338,8.333332500001739e-05,0.000166666665000149,-1.699527016666676e-06,0.00047595049182936136
8.333333333333333e-05,0.00041666679266070584,-0.0019166672481754276,-8.333332500001739e-05,1.6168794698185392e-16,1.699527016666617e-06,-0.01278539209276205
-0.00016666666666666666,0.013500004094790267,-0.015416671344175443,0.00016666666499990645,8.333334000005076e-05,1.6995270166666564e-06,0.003956041959840028
0.0,0.0033333343437070857,0.00433333464778326,-0.00016666666499990645,0.0004166666700000254,-2.549290525000024e-06,-4.9813310685567556e-05
-8.333333333333333e-05,-0.012916670585790416,-0.011750003564166965,-0.00016666666499990645,0.0002500000050000381,1.6995270166666367e-06,0.0022538087072316556
-2.021099337273174e-17,-0.0012500003791915434,0.004583334724108378,-8.084397349092696e-17,-0.0001666666649999873,-2.5492905249999845e-06,-0.00014258467589453277
0.0,0.0024166673996100954,0.003666667778800345,8.084397349092696e-17,8.333332500009823e-05,-8.497635083333282e-07,0.0002744242363842204
8.333333333333333e-05,0.0010000003028703052,0.0006666668689829142,0.0,8.333332500009823e-05,-5.098581049999989e-06,-0.01234836224266716
0.00016666666666666666,-0.00250000075838438,0.0005000001514414585,8.084397349092696e-17,8.333334000005076e-05,4.2488175416667e-06,-0.005034032147587277
-0.00025,0.008000002426586515,-0.005666668385749735,0.0001666666649999873,-8.333334000005076e-05,1.973729821555834e-20,0.009399731288071618
-8.333333333333333e-05,0.0033333343437064386,0.002833334193475053,-0.00016666666499990645,0.000499999994999962,0.0,0.00525443239140376
-8.333333333333333e-05,-0.005166668234316361,-0.012250003716808148,-0.00016666666499990645,0.0002500000050000381,-1.699527016666676e-06,-0.0022707174671710365
-8.333333333333333e-05,0.0012500003791915434,0.008416669219249807,8.084397349092696e-17,0.0,2.5492905250000044e-06,0.01224941488219451
0.0,0.0015833338130792577,0.0013333337379658283,8.084397349092696e-17,1.6168794698185392e-16,-6.798108066666685e-06,-0.005916678726952523
0.0,0.0011666670204175818,-0.0022500006832667473,0.0,8.333332500009823e-05,-3.399054033333352e-06,-0.0015676588840006541
-8.333333333333333e-05,0.020250006143394988,-0.006583335331050006,0.0002499999899999239,8.333332499993655e-05,2.5492905249999845e-06,0.004227029053123099
0.00016666666666666666,-0.007416668916378856,-0.01883333904665843,-0.000416666654999992,0.0005833333350000127,-1.6995270166666564e-06,-0.0037302456298480844
-0.00025,-0.017750005385010283,-0.00666666868862489,8.084397349092696e-17,-0.0003333333299999746,6.798108066666665e-06,-0.00081502420705769
0.0006666666666666666,0.003083334268593656,0.02575000781280881,8.084397349092696e-17,0.00041666665500007284,-8.497635083333479e-07,-0.014518086177243903
0.0,0.0018333338894011427,0.00433333464778326,-8.333332500001739e-05,-0.0001666666649999873,-1.699527016666676e-06,0.0009280880090056195
-2.021099337273174e-17,0.0017500005306265343,-0.0020000006057341426,8.333332500009823e-05,0.0001666666649999873,-2.5492905250000044e-06,-0.0005337991768856429
8.333333333333333e-05,-0.0005833335102092759,0.0,-8.084397349092696e-17,0.0,-4.2488175416666605e-06,-0.01195889162414371
-0.00016666666666666666,-0.012833337225807352,0.0022500006832667473,-8.333333999988908e-05,-0.0002500000049998764,1.6995270166666367e-06,0.010143597024786545
-8.333333333333333e-05,-0.0020833339657236744,0.02050000621850809,0.00016666666500006816,-0.0004166666700000254,-2.5492905249999845e-06,0.011581736185726348
8.333333333333333e-05,0.0026666674747235245,0.01550000470174192,-8.333333999996992e-05,0.0003333333299998129,-6.798108066666685e-06,-0.011560037474878805
2.021099337273174e-17,0.0010833336616439435,0.0003333334350990804,8.084397349092696e-17,0.0,1.6995270166666958e-06,0.00023879016010064838
8.333333333333333e-05,0.0009166669453044759,0.000666666868983561,8.084397349092696e-17,0.0,-8.497635083333085e-07,-0.011719200360623653
0.0,0.012916670584581636,0.006916668764950009,8.333333999996992e-05,0.0,2.5492905250000044e-06,-0.0016254830274950816
0.0,-0.007250002198830933,-0.028000008493658,-0.00033333333000005544,0.000499999994999962,-8.497635083333282e-07,1.300091358134523e-05
-0.00025,-0.008333335861683331,-0.008166669144132822,8.333332500009823e-05,-8.333333999988908e-05,6.798108066666665e-06,0.06321206750859015
0.0,0.0031666676273676177,0.007083335481283332,8.084397349092696e-17,0.0001666666649999873,-3.947459643111668e-20,6.674926485736958e-05
2.021099337273174e-17,0.0013333337379658283,-0.000250000076324472,8.084397349092696e-17,0.0001666666649999873,8.497635083333282e-07,0.00016187417175776014
0.0,0.0012500003791915434,-0.003666667778800345,-8.333332499993655e-05,-8.333332499993655e-05,-5.948344558333357e-06,-0.0010330438448336078
-8.333333333333333e-05,0.0167500050821403,-0.0036666677788009918,0.00016666666499990645,0.0001666666649999873,-4.24881754166668e-06,0.009570716398598678
2.021099337273174e-17,0.006666668688621657,-0.002250000682057968,-0.00016666666499990645,0.000583333334999851,-4.2488175416666605e-06,-1.443839113538464e-05
0.0,-0.014333337681320456,-0.023333340411991553,-0.0003333333299999746,0.0004166666700000254,-8.497635083333282e-07,-0.00023376335119311181
8.333333333333333e-05,-0.00016666671754759994,0.00016666671755051032,0.0001666666649999873,-8.333332499993655e-05,8.497635083333282e-07,-0.011052390757201809
-8.333333333333333e-05,0.001750000530626211,0.0002500000763160642,-0.0001666666649999873,8.333332500009823e-05,5.098581049999969e-06,0.027485441733606987
-8.333333333333333e-05,0.00158333381428739,0.002416667399608478,8.333332500009823e-05,-8.333333999988908e-05,-2.549290525000024e-06,0.010461657995853522
-8.333333333333333e-05,0.00016666671754727658,-0.0005000001514421052,-8.084397349092696e-17,8.333332500009823e-05,-8.497635083333282e-07,0.009948290739712927
-0.00016666666666666666,-0.007666668992700741,0.004166667931449936,8.333332499993655e-05,-8.333332499993655e-05,6.798108066666685e-06,0.06499148196176263
0.00016666666666666666,0.0015833338142883602,0.00825000250290937,0.0002499999899999239,-0.00041666665500007284,-1.699527016666676e-06,-0.0632957106342384
0.00016666666666666666,0.005833335103298304,-0.0027500008347082056,8.333333999988908e-05,0.00024999999000008553,-8.497635083333479e-07,-0.010174729219009169
2.021099337273174e-17,0.0011666670204175818,-0.00233333404205041,-8.333334000005076e-05,0.0002499999899999239,-8.497635083333479e-07,-1.4963236314037607e-05
0.00016666666666666666,-0.0048333348004289695,-0.0018333338894001726,-8.333332499993655e-05,-8.333334000005076e-05,-4.2488175416666605e-06,-0.044945235326994834
2.021099337273174e-17,-0.004250001289011561,0.008416669220458587,8.084397349092696e-17,-0.0001666666649999873,8.497635083333085e-07,-0.00017926039046789002
-0.00016666666666666666,-0.009333336164553313,0.004583334724108378,8.333334000005076e-05,-0.00075,0.0,0.06503608566611721
0.0,0.0002500000751137526,-0.001000000302866748,8.333332500001739e-05,8.333332500009823e-05,-8.497635083333479e-07,-0.0007296357891768113
8.333333333333333e-05,0.0015000004543046493,0.0020833339645087512,-0.00016666666499990645,0.0002499999899999239,1.699527016666676e-06,-0.01111283117914055
2.021099337273174e-17,0.0006666668689825909,-0.00433333464778326,8.084397349092696e-17,8.333332500009823e-05,-5.098581050000028e-06,3.718419103598636e-05
0.0,0.0010000003028703052,-0.00033333343509972714,8.084397349092696e-17,1.6168794698185392e-16,-3.3990540333333327e-06,4.219185925580354e-05
0.00016666666666666666,-0.0005833335102095993,0.006916668764941601,8.084397349092696e-17,1.6168794698185392e-16,8.497635083333282e-07,-0.0657890128784606
-8.333333333333333e-05,-0.005166668234315714,0.0037500011375749534,8.333332500009823e-05,-0.00041666665500007284,-1.699527016666676e-06,0.05370062733816966
-8.333333333333333e-05,-0.0018333338894008194,0.0005000001514336974,0.0001666666649999873,0.0,3.3990540333333327e-06,0.010192552602217377
2.021099337273174e-17,0.006000001819638419,0.0035000010612498346,0.0002500000050001189,-0.0002499999899999239,-4.2488175416666605e-06,0.0003793960133787348
0.0003333333333333333,0.002083333965722381,-0.001916667248174781,-0.00016666666499990645,0.0002499999899999239,-4.2488175416666605e-06,-0.009463329710367705
2.021099337273174e-17,-0.00158333381428739,-0.002416667399608478,-8.084397349092696e-17,8.333332499993655e-05,2.549290525000024e-06,-0.00017151252219660415
-8.333333333333333e-05,0.0014166670955306877,-0.0010833336628578965,8.084397349092696e-17,0.0,8.497635083333479e-07,0.009814714641391765
8.333333333333333e-05,-0.004083334572671123,0.007000002122508077,-8.333332499993655e-05,0.0,4.248817541666641e-06,-0.00996527708171246
-8.333333333333333e-05,-0.01608333821315674,0.021166673087491653,0.0,-0.000583333334999851,3.3990540333333128e-06,0.01114037546336056
2.021099337273174e-17,0.0004166667938698083,0.011250003412724861,0.00033333333000005544,-0.0004166666699998637,-4.2488175416666605e-06,-4.983157953118077e-05
0.0,0.005000001517976569,-0.013000003944566964,-8.333334000005076e-05,0.0004999999950001236,2.5492905250000044e-06,-0.0014839802771664432
8.333333333333333e-05,-0.005583335026976743,-0.0065833353298496355,-8.333334000005076e-05,0.0,-2.5492905249999845e-06,-0.03802183877317519
-2.021099337273174e-17,8.333335756518258e-05,-0.0033333343449165114,8.084397349092696e-17,0.0,8.497635083333282e-07,-5.5350012072206784e-05
8.333333333333333e-05,-0.007000002123717503,0.01383333752988385,-8.333332499993655e-05,-8.333332499993655e-05,8.497635083333282e-07,-0.010210466097309513
0.0005,-0.011416670130275695,0.0035833344200341447,0.00016666666500006816,-0.0004166666700000254,2.549290525000024e-06,-0.04857401844021321
-8.333333333333333e-05,-0.0009166669440960201,0.010083336392307603,0.0001666666649999873,-0.0006666666599997876,-8.497635083333479e-07,0.01185254860328795
-2.021099337273174e-17,0.0026666674759323037,0.009583336239667065,-8.333332500001739e-05,0.0003333333300001363,-8.497635083333282e-07,-0.00040351931287053354
0.0,0.0015833338142877133,-0.0012500003791918667,-8.084397349092696e-17,1.6168794698185392e-16,-8.497635083333479e-07,0.00043532071200380514
-8.333333333333333e-05,0.001333333737965505,-0.0007500002277581693,8.084397349092696e-17,8.333333999988908e-05,-5.098581050000009e-06,0.010314052558973587
2.021099337273174e-17,8.333335877428504e-05,0.0026666674759329503,8.084397349092696e-17,-8.333333999988908e-05,1.699527016666676e-06,3.0144223332819013e-05
2.021099337273174e-17,0.004250001289011238,-0.0015833338130750538,0.00033333333000005544,-0.00075,-8.497635083333479e-07,-2.554549461023675e-05
0.00016666666666666666,0.01383333752988676,0.0030833342685998005,-8.333332500009823e-05,0.0005000000100000762,-8.497635083333282e-07,-0.00035930234022930055
0.0,-0.017750005385010606,-0.024750007508724876,-0.0003333333299999746,0.0002500000049998764,-1.699527016666676e-06,-0.00024202113042766642
-8.333333333333333e-05,-0.003083334268592363,-0.007666668992699771,0.0001666666649999873,-0.0002500000050000381,8.497635083333085e-07,0.06044407575757165
-0.0003333333333333333,0.003583334420028324,0.007083335482483704,8.084397349092696e-17,-8.333332499993655e-05,5.948344558333317e-06,0.009838938189883871
8.333333333333333e-05,0.0008333335865305142,0.0010000003028661014,8.084397349092696e-17,0.00033333334500008883,-1.6995270166666564e-06,-0.011869918806274008
0.0,0.00666666868862198,-0.0033333343436993245,0.00033333333000005544,-0.0005000000100000762,-5.098581050000028e-06,0.0001304763581358
0.0004166666666666667,0.00950000288210156,-0.0047500014416582415,-8.084397349092696e-17,0.0005833333350000127,2.5492905250000044e-06,-0.06348685727736059
0.0,-0.0022500006832703043,-0.016333338288275344,-0.0001666666649999873,0.0004166666700000254,-3.3990540333333327e-06,-0.000317040208959952
0.0,0.0002500000751131059,-0.003666667780016885,8.333333999988908e-05,8.333334000005076e-05,-3.3990540333333327e-06,-0.00031641095808267384
-8.333333333333333e-05,0.0017500005306275044,0.0020833339645081046,8.084397349092696e-17,0.0,8.497635083333085e-07,0.03936554341643609
0.0,-0.004083334572671447,0.01633333828826629,-8.333332499993655e-05,0.0,-8.497635083333677e-07,-0.000369972924708337
-0.00016666666666666666,-0.014166670964982607,-8.333335877590191e-05,8.333334000005076e-05,-0.00075,8.497635083333479e-07,0.010162014483031816
-0.00016666666666666666,-0.0038333344963498855,0.011500003489050626,0.0001666666649999873,-8.333332500009823e-05,8.497635083333085e-07,0.009877503462358274
8.333333333333333e-05,0.001500000455513105,0.019500005916842363,-0.0001666666649999873,0.00041666667000018706,-6.798108066666665e-06,-0.010930671295936271
-2.021099337273174e-17,0.0010000003028696584,-0.001416667095533598,-8.333334000005076e-05,8.333332499993655e-05,1.6995270166666367e-06,9.25968152199251e-05
0.0,0.001333333737965505,-0.002583334117158342,8.084397349092696e-17,0.0,-5.948344558333337e-06,-0.0007435766473697084
8.333333333333333e-05,0.0005000001514346676,-0.0031666676273750557,-8.333333999996992e-05,-0.0001666666649999873,1.6995270166666367e-06,-0.0096104992628007
-8.333333333333333e-05,0.00916666944700539,-0.0003333334338915948,8.333333999988908e-05,8.333332499993655e-05,1.973729821555834e-20,0.00920809295828868
0.0,-0.011416670130275695,-0.02050000621850874,-0.0003333333299998938,0.0004166666700000254,1.973729821555834e-20,-0.0004567056608929609
-2.021099337273174e-17,-0.0062500018959606276,-0.0025833341171589887,8.333334000005076e-05,-0.0003333333449999272,-5.098581049999989e-06,0.0014208044054310044
0.0,0.00025000007511342926,0.0168333384397071,8.333333999988908e-05,-8.333334000021246e-05,2.5492905250000044e-06,-0.0001153389862466914
8.333333333333333e-05,0.0016666671730613516,0.006833335406174754,8.084397349092696e-17,0.0,5.948344558333317e-06,-0.010718796207088356
0.0,-0.0005833335102086291,0.0011666670204166117,8.084397349092696e-17,8.333332500009823e-05,5.948344558333298e-06,-7.714539459621948e-05
-0.00016666666666666666,0.015250004626625903,-0.003250000986141903,0.0004999999950000427,-0.0004999999950001236,8.497635083333282e-07,0.009830084444926534
0.00025,0.011000003337615959,-0.008666669295567165,-0.0002500000049999572,0.000833333339999889,-8.497635083333479e-07,-0.03453315390645552
-8.333333333333333e-05,-0.011416670130276665,-0.03275000993531689,-0.0004166666700000254,0.0004999999950001236,3.3990540333333327e-06,0.060788769875995866
8.333333333333333e-05,-0.00175000053183596,-0.00233333404083387,0.0001666666649999873,-0.0001666666649999873,-3.399054033333352e-06,-0.023661427848456273
-8.333333333333333e-05,0.003500001061255009,0.002333334042042002,0.0,8.333333999988908e-05,-1.699527016666676e-06,0.010352357557311188
8.333333333333333e-05,0.0007500002265484201,-0.0023333340408332234,-8.333334000005076e-05,-8.333334000005076e-05,-3.3990540333333327e-06,-0.010020998493058141
2.021099337273174e-17,0.0004166667938688382,-0.0004166667926584422,8.333333999988908e-05,8.333333999988908e-05,2.5492905250000044e-06,-2.926947357546952e-05
-8.333333333333333e-05,-0.0006666668689825909,0.003916667853908277,-8.333333999996992e-05,0.00016666666499982563,8.497635083333321e-06,0.032247436772803
-0.00016666666666666666,-0.0060000018208468744,0.00041666679265779546,8.084397349092696e-17,-0.0003333333449999272,-8.497635083333479e-07,0.009915389811211369
-0.00016666666666666666,0.017416671949914437,0.010666669902524963,0.0001666666649999873,8.333334000005076e-05,1.6995270166666564e-06,0.03406198117391905
2.021099337273174e-17,-0.0010000003028699817,-0.000250000076324472,-0.0004166666549999112,0.0004166666700000254,-3.3990540333333327e-06,-0.0002534610860916372
-8.333333333333333e-05,-0.004500001364123697,-0.00233333404205041,8.084397349092696e-17,-0.00016666666499982563,1.699527016666676e-06,0.010193452376294106
8.333333333333333e-05,0.000666666868983561,0.006000001820850109,-8.084397349092696e-17,0.0003333333299998129,8.497635083333085e-07,-0.02014191489518465
-8.333333333333333e-05,0.007750002351474055,0.004166667930233396,0.0,8.333334000005076e-05,-8.497635083333479e-07,0.022482291832621883
8.333333333333333e-05,-0.005916668462073236,-0.010833336620066419,-8.333332499993655e-05,0.0,1.973729821555834e-20,-0.026830272991675883
-8.333333333333333e-05,0.004083334571463638,-0.0003333334338922416,0.0,8.333333999988908e-05,-5.948344558333317e-06,0.009863195498322602
8.333333333333333e-05,-0.006083335178413027,-0.011583336847824588,-0.0001666666649999873,0.0004166666700000254,2.5492905250000044e-06,-0.011308388857793115
0.0,-0.00025000007632253174,-0.0016666671718496623,-8.084397349092696e-17,0.0,-3.3990540333333327e-06,3.6822430982202706e-05
8.333333333333333e-05,0.0014166670967401135,-0.0007500002277581693,-8.084397349092696e-17,-8.333332499993655e-05,-1.6995270166666367e-06,0.0005685818357561301
2.021099337273174e-17,-0.002583334117158665,0.010833336618858286,-8.084397349092696e-17,0.0,1.973729821555834e-20,-0.00013657733613056027
0.00016666666666666666,-0.006083335178412381,-0.0010833336628585434,0.0002499999900000047,-0.0006666666750002251,-1.699527016666676e-06,-0.04280357501417165
-0.00016666666666666666,0.024666674149954472,-0.015500004702949405,0.00016666666500006816,0.0003333333449999272,4.2488175416666605e-06,0.03887788895498185
8.333333333333333e-05,-0.00250000075838438,-0.0020000006069500363,-0.0004166666699999445,0.000583333334999851,-3.399054033333352e-06,-0.02461894016937715
0.0,-0.004916668157994476,-0.0035833344200244433,8.084397349092696e-17,-0.0001666666649999873,8.497635083333479e-07,0.00029230886216327135
2.021099337273174e-17,0.0018333338906099219,0.008833336013116382,-8.084397349092696e-17,0.0,3.3990540333333327e-06,-0.0002298657973516836
-8.333333333333333e-05,0.0003333334338873909,0.008000002426583604,-8.333334000005076e-05,0.0,5.098581050000009e-06,0.020391740608975913
8.333333333333333e-05,-0.0038333344963498855,0.0004166667938756291,0.0002500000050000381,-0.000583333334999851,-1.6995270166666564e-06,-0.009922446732219153
2.021099337273174e-17,0.01950000591563714,-0.004166667930233396,8.333334000005076e-05,0.0004999999950001236,3.3990540333333327e-06,0.00023279131744962392
0.0,-0.011416670130275695,-0.024500007433616945,-0.0005000000099999953,0.0005833333350000127,8.497635083333282e-07,-0.00027688398509570917
-8.333333333333333e-05,-0.006166668537186666,-0.001000000302866748,0.0,-0.0004999999950001236,-2.5492905249999845e-06,0.00920602894231884
-0.00025,0.004333334648993979,0.012416670433150527,0.0,-0.0002500000050000381,-2.5492905249999845e-06,0.030982758780981466
0.00016666666666666666,0.0048333348004289695,0.0014166670955245435,0.0,0.0002499999899999239,2.549290525000024e-06,-0.04048437650389193
0.0,0.0021666673244969893,-0.015166671267850325,8.084397349092696e-17,8.333334000005076e-05,-3.3990540333333327e-06,0.00018936825884350886
2.021099337273174e-17,0.005500001668203428,0.00016666671634173123,8.333332500009823e-05,0.0003333333300001363,-1.6995270166666564e-06,0.0004739344528617544
8.333333333333333e-05,-0.009500002882101883,-0.013416670736016628,-0.0003333333299998938,0.0001666666649999873,8.497635083333282e-07,-0.025285228867897403
0.0,-0.002583334117157372,-0.0010000003028751557,8.333332500009823e-05,-8.333333999988908e-05,-8.497635083333479e-07,-0.00033947001312885225
-8.333333333333333e-05,0.001916667248174781,0.005250001591874752,-8.084397349092696e-17,0.0,-1.973729821555834e-20,0.017736846556076005
8.333333333333333e-05,-0.0027500008334978097,0.005250001591875399,-8.333334000005076e-05,0.0,2.5492905249999845e-06,-0.020758874890448836
0.0,-0.005083334875541752,0.0038333344951420765,0.0002500000050000381,-0.0005833333350000127,-5.098581049999989e-06,0.010333614419806852
2.021099337273174e-17,0.002083333965722704,-0.00233333404083387,0.0002499999900000047,-0.0002500000050000381,2.5492905250000044e-06,-3.078765209324451e-05
0.00016666666666666666,0.0045833347228979825,-0.0030833342685913927,-0.00016666666500006816,0.0005833333350000127,-7.647871575000013e-06,-0.028903538979556307
8.333333333333333e-05,-0.0015833338130792577,-0.009916669674757739,-8.333332499993655e-05,0.0001666666649999873,-2.5492905250000044e-06,-0.009454008406783558
2.021099337273174e-17,0.0013333337379658283,-0.002916667551042176,-8.084397349092696e-17,-8.333333999988908e-05,2.5492905249999845e-06,-7.09327045452988e-05
2.021099337273174e-17,0.0010000003028699817,-0.0011666670204166117,-8.084397349092696e-17,-8.333333999988908e-05,-4.2488175416666605e-06,0.00048645795573247594
0.0,0.007500002276360627,-0.0034166677036833585,0.0004166666699999445,-0.0004166666700000254,1.699527016666676e-06,0.0010659607095346371
8.333333333333333e-05,0.020083339425847065,-0.010666669902524963,0.0,0.0005833333350000127,-1.6995270166666564e-06,0.000893304807831171
-8.333333333333333e-05,-0.006833335406168933,-0.019750005991958055,-0.00033333333000005544,0.000499999994999962,5.948344558333337e-06,0.02437917517802109
-8.333333333333333e-05,-0.003916667855124493,-0.004916668159208752,8.333332500009823e-05,-8.333334000005076e-05,-1.6995270166666564e-06,0.008974428336583596
2.021099337273174e-17,0.0023333340408358103,0.01150000348904998,-8.084397349092696e-17,0.0,-2.549290525000024e-06,-0.00026256518080675355
0.0,0.0011666670204182284,-0.000666666868983561,-8.084397349092696e-17,8.333332499993655e-05,8.497635083333282e-07,-0.0005362150760988394
-0.00016666666666666666,0.014333337682529883,-0.008833336013116382,0.0001666666649999873,0.0,2.549290524999965e-06,0.03205013673528123
0.0,0.008416669219249485,0.010500003184975099,-0.00016666666500006816,0.0005833333350000127,4.248817541666641e-06,0.0002984439121572197
2.021099337273174e-17,-0.020833339653603292,-0.00941666952333245,-0.0002499999900000047,-0.000166666665000149,-1.1046925608333326e-05,-0.0001683361713308841
0.0,-0.0012500003791928369,0.0036666677788081063,0.0001666666649999873,-0.00024999999000008553,0.0,0.00013086223826847142
2.021099337273174e-17,0.003000000909819048,0.0034166677024745798,0.0,0.0,1.973729821555834e-20,-0.00018508300026102612
0.00016666666666666666,-0.003250000984932477,0.014416671041308695,-8.333334000005076e-05,-8.333332500009823e-05,-4.24881754166668e-06,-0.030602046682151395
-8.333333333333333e-05,-0.009916669675970722,-0.002333334040841631,8.333332500009823e-05,-0.0005833333350000127,1.6995270166666564e-06,0.008904088631718574
-8.333333333333333e-05,-0.0015833338130792577,0.01258333715070039,8.333333999996992e-05,-0.0001666666649999873,-2.5492905249999845e-06,0.009201074626940923
-8.333333333333333e-05,0.0012500003791915434,0.013833337529883203,0.0001666666649999873,8.333332499993655e-05,-1.0197162099999997e-05,0.02314520553564394
-8.333333333333333e-05,0.0030000009098193714,-0.0008333335853252923,-8.333332500001739e-05,0.0002500000049998764,8.497635083333282e-07,0.009301487395092328
8.333333333333333e-05,0.0010000003040787609,0.0013333337379664752,-8.084397349092696e-17,8.333334000005076e-05,-1.1046925608333326e-05,-0.009397934742061059
0.0,-0.00033333343509552325,0.006333335254733296,-8.084397349092696e-17,8.333334000005076e-05,4.248817541666641e-06,9.761699146151336e-05
8.333333333333333e-05,0.0056666683857507045,0.0030000009110249166,0.0002500000050000381,-0.0003333333299999746,-1.699527016666676e-06,0.007120812375054488
8.333333333333333e-05,0.010500003186180645,-0.022583340184233386,0.0,0.0003333333299999746,-3.3990540333333327e-06,-0.010099775040632166
8.333333333333333e-05,-0.00750000227636095,-0.021666673240133483,-0.00033333333000005544,0.0005833333350000127,-2.5492905249999845e-06,-0.021768340418267893
-8.333333333333333e-05,-0.004333334647784876,-0.0037500011375827145,8.333332500009823e-05,-0.0002500000049998764,-2.549290525000024e-06,0.00899322970849203
0.0,0.003000000909819048,0.006500001972283806,-8.084397349092696e-17,0.00016666667999993984,2.5492905250000044e-06,3.081601897332196e-05
2.021099337273174e-17,0.002333334040836134,-0.0023333340408325763,-8.084397349092696e-17,8.333334000005076e-05,5.098581050000009e-06,0.000685284934791788
0.0,0.0021666673244969893,0.0018333338894001726,-8.333334000005076e-05,8.333334000005076e-05,-2.5492905249999845e-06,0.0005289369027996953
8.333333333333333e-05,-0.015083337909078303,0.017250005232366836,-8.333332500001739e-05,-0.0003333333449999272,1.699527016666676e-06,-0.009645935276600843
2.021099337273174e-17,-0.005583335026976743,0.007250002198833196,0.0001666666649999873,-0.0005833333350001744,-2.5492905249999845e-06,-0.0004299203009254092
8.333333333333333e-05,0.006166668538395121,-0.00016666671754210255,-8.333332500001739e-05,0.000166666665000149,2.5492905249999845e-06,-0.008542665576387663
8.333333333333333e-05,0.0013333337379661519,0.0011666670204166117,-8.333332500001739e-05,0.00016666667999993984,-2.5492905250000044e-06,-0.017061063357733657
0.0,-0.004916668157994152,-0.001333333737967122,8.333332500009823e-05,-0.00016666667999993984,3.3990540333333327e-06,-0.0012241892446737943
0.0,0.01900000576420215,-0.010666669903724687,0.0002500000050000381,-0.00016666666499982563,5.948344558333317e-06,0.029293407814744085
0.00016666666666666666,0.0006666668689832376,0.0005833335102083058,-0.00024999999000008553,0.000583333334999851,-8.497635083333677e-07,-0.02264669596498651
0.0,-0.00466666808167259,-0.0036666677788081063,8.084397349092696e-17,-8.333334000005076e-05,4.2488175416666605e-06,-0.0009402737412873345
8.333333333333333e-05,-0.0032500009861409327,0.0026666674747248182,-8.333332499993655e-05,-0.00016666667999993984,-8.497635083333479e-07,-0.01771544884260382
2.021099337273174e-17,0.0014166670955306877,-0.002583334117158342,-8.084397349092696e-17,-8.333334000005076e-05,-2.5492905249999845e-06,0.0005694005837858034
8.333333333333333e-05,0.006000001819638419,0.004583334722899599,0.0,8.333332500009823e-05,-4.2488175416666605e-06,0.0066981694744886935
-0.00016666666666666666,0.004500001365333123,-0.013833337529883203,-8.084397349092696e-17,0.0003333333299999746,-5.098581049999989e-06,0.04323962120838567
8.333333333333333e-05,-0.006083335178411734,-0.015833338136833887,-0.00024999999000008553,0.0004166666700000254,2.5492905249999845e-06,-0.021465161909686867
-8.333333333333333e-05,-3.2337589396370783e-16,-0.0011666670204250195,8.333332500001739e-05,0.0,3.3990540333333128e-06,0.016960323130938277
0.0,0.0015833338130792577,0.0015833338130750538,-8.084397349092696e-17,0.0,-8.497635083333479e-07,-7.995789754721853e-05
-8.333333333333333e-05,0.0012500003791915434,-0.00016666671754986357,-8.084397349092696e-17,0.0,5.098581049999989e-06,0.013416466573013975
2.021099337273174e-17,8.33333575648592e-05,0.0047500014416582415,-8.333334000005076e-05,-8.333332500009823e-05,1.699527016666676e-06,5.4615963263333676e-06
2.021099337273174e-17,-0.014000004247434037,0.001666667171850309,8.084397349092696e-17,-0.0003333333299999746,1.699527016666676e-06,-0.00030996742263927847
-0.00016666666666666666,-0.014666671116416627,0.0035000010624670216,0.00016666666500006816,-0.0004166666700000254,3.3990540333333128e-06,0.0020180157960651237
-0.00025,0.012083336999259255,0.013666670812333338,8.333334000005076e-05,0.0003333333300001363,-8.497635083333479e-07,0.04258636493145281
2.021099337273174e-17,0.0011666670204175818,-0.0018333338893995257,-0.00016666666500006816,0.0003333333299999746,-8.497635083333282e-07,-2.692928446146349e-05
8.333333333333333e-05,0.0010000003028703052,-0.0030833342685920393,8.084397349092696e-17,0.0,1.699527016666676e-06,-0.013104714390234504
8.333333333333333e-05,-0.006000001819638096,0.00950000288210059,-8.084397349092696e-17,8.333334000005076e-05,5.948344558333317e-06,-0.01887267814146924
-8.333333333333333e-05,-0.015000004550304018,0.007916669069025536,0.0,-0.0006666666750000634,-2.5492905250000044e-06,-0.00580752102311623
0.0,-0.004333334647784876,0.00575000174452499,0.0001666666649999873,-0.0003333333299999746,-2.5492905249999845e-06,4.8434390500187874e-05
2.021099337273174e-17,0.017333338592349253,0.0014166670955251903,0.0002499999900000047,8.333334000005076e-05,6.798108066666645e-06,0.0008435758575292614
0.00016666666666666666,0.0021666673232885337,-0.0020833339657246445,-8.333333999996992e-05,0.0005000000100002378,0.0,-0.009309495190939763
0.0,8.333335877428504e-05,-0.0044166680065585145,-8.333332499993655e-05,0.0,0.0,1.4617120589698769e-05
-0.00016666666666666666,0.0005833335102092759,-0.0005833335102089526,-8.084397349092696e-17,-0.00025000000500019975,-8.497635083333677e-07,0.009336662748313716
0.00016666666666666666,0.003916667855124171,0.002833334193483461,0.00033333333000005544,-0.0002500000049998764,5.098581050000028e-06,-0.03972042042410079
0.00016666666666666666,0.0033333343449148943,-0.0022500006820586147,0.00016666666500006816,-8.333332499993655e-05,-2.549290525000024e-06,-0.008918613069865387
0.00016666666666666666,0.003000000909819048,-0.004666668082883634,-8.333334000005076e-05,0.00041666667000018706,8.497635083333321e-06,-0.009295679925204928
0.0,-0.0005833335102092759,-0.005916668462074853,8.084397349092696e-17,0.0001666666649999873,-8.497635083333479e-07,3.012550329763649e-05
-8.333333333333333e-05,0.001166667020416935,0.00016666671633332346,8.084397349092696e-17,1.6168794698185392e-16,1.699527016666676e-06,0.009419914268620778
0.0,-0.0029166675522538654,0.00716666884126672,-8.333334000005076e-05,0.0,5.948344558333337e-06,9.533483795045565e-05
-0.00016666666666666666,-0.011750003565372834,0.014083337605000188,8.333334000005076e-05,-0.0005000000099999144,3.3990540333333128e-06,-0.0011168207491359984
8.333333333333333e-05,-0.006333335254733942,0.027083341549567153,-8.333332500001739e-05,-8.333333999988908e-05,3.3990540333333327e-06,-0.011221133120050136
0.00016666666666666666,-0.005166668234315714,-0.0050833348755414285,8.084397349092696e-17,0.00024999999000008553,1.6995270166666564e-06,0.016205572178737363
-8.333333333333333e-05,0.004000001213897809,-0.0002500000763257655,8.333332500001739e-05,-0.0001666666649999873,8.497635083333479e-07,0.009186070383087887
0.0,0.0008333335865308376,-0.0027500008334916653,0.0,0.0001666666649999873,6.798108066666645e-06,3.654959143217032e-05
8.333333333333333e-05,0.005750001744524666,0.006750002047391091,0.0002499999900000047,-0.0002500000050000381,8.497635083333085e-07,-0.0329580785259889
0.00016666666666666666,-0.006666668689830112,0.0061666685384006185,-8.333332500001739e-05,0.0001666666649999873,-6.798108066666685e-06,-0.029263605227160993
8.333333333333333e-05,-0.002000000606948419,-0.011000003337616282,-8.333332499993655e-05,0.0001666666649999873,1.699527016666676e-06,0.016657825097847835
-8.333333333333333e-05,0.0017500005306265343,-0.001416667095533598,8.333332500001739e-05,-8.333334000021246e-05,3.3990540333333128e-06,-0.016566865878935074
0.0,0.0005833335102092759,0.0012500003791912201,8.084397349092696e-17,-1.6168794698185392e-16,-4.24881754166668e-06,-0.00048150462488669697
-0.00016666666666666666,0.013750004171112797,-0.002166667323291767,8.333332500001739e-05,8.333334000005076e-05,3.3990540333333128e-06,-0.02627788459240045
-8.333333333333333e-05,0.014916671191530704,-0.007500002275158962,8.333332500001739e-05,0.0003333333449999272,1.699527016666676e-06,-0.030670394642476458
8.333333333333333e-05,-0.006333335254734266,-0.014166670963774797,-0.0003333333449999272,0.0005000000099999144,2.5492905249999845e-06,-0.012843609227571223
0.0,-0.0038333344963498855,0.0023333340408332234,0.0,-0.0001666666649999873,0.0,-0.006860993882003499
0.0003333333333333333,0.002083333964513925,0.007666668992700417,-8.333332500001739e-05,-8.333332499993655e-05,5.098581049999969e-06,-0.02059373386681416
0.0,0.0020000006069487426,0.0010833336616420032,8.333332500009823e-05,8.333332500009823e-05,1.6995270166666367e-06,-0.00016932130098317025
0.0,-0.00025000007632253174,0.003333334344917158,8.084397349092696e-17,0.0,-1.6995270166666564e-06,0.0002038729249370388
-0.00016666666666666666,0.005500001668202458,-0.0005000001514330507,0.0001666666649999873,-8.333334000005076e-05,2.549290524999965e-06,-0.026566250652887133
0.00016666666666666666,0.005833335102089849,0.0010833336616497642,-8.333332499993655e-05,0.0001666666649999873,3.3990540333333327e-06,0.002279909787493913
0.0,-0.0085000025780228,0.00016666671754986357,-0.0002500000049998764,0.0002499999899999239,5.948344558333357e-06,0.005596564764572152
-0.0005833333333333334,-0.025250007660162777,-0.004916668157999973,8.084397349092696e-17,-0.0008333333249999366,6.798108066666645e-06,0.02756727591476843
-8.333333333333333e-05,0.0043333346477852,0.025166674301382672,0.0002499999900000047,-0.00024999999000008553,-4.2488175416667e-06,0.017468170843141465
0.00025,0.0037500011375765706,0.0005000001514330507,-8.333332500001739e-05,0.00024999999000008553,-8.497635083333479e-07,-0.0380190664832338
-8.333333333333333e-05,-0.0011666670204175818,-0.0035833344212332224,8.084397349092696e-17,8.333332499993655e-05,-1.699527016666676e-06,0.009486146431377468
8.333333333333333e-05,-0.0009166669440956967,0.005166668234316037,-8.333332499993655e-05,-8.333332500009823e-05,-1.973729821555834e-20,-0.015197266460387295
8.333333333333333e-05,-0.005166668234315714,0.004500001365333123,0.0,-0.0002500000050000381,-8.497635083333677e-07,-0.01331580486150148
-8.333333333333333e-05,-0.010166669751084151,0.01575000477806639,8.333334000005076e-05,-0.000583333334999851,3.399054033333372e-06,0.008267905714829814
8.333333333333333e-05,0.0028333341934805504,0.018500005612766837,0.0003333333299998938,-0.0005000000100000762,1.6995270166666564e-06,-0.024733252956766066
8.333333333333333e-05,0.006250001895960304,-0.0010833336616420032,-8.333334000005076e-05,0.0004999999950001236,-1.973729821555834e-20,-0.011056998482900154
2.021099337273174e-17,-0.0011666670204175818,-0.009000002730666893,-8.333332499993655e-05,0.00024999999000008553,-1.6995270166666564e-06,0.00011225583010301408
0.0,0.00016666671633914425,-0.0012500003791918667,8.084397349092696e-17,-8.333332500009823e-05,5.098581049999989e-06,4.048723459709435e-06
-0.00025,0.018583338971540797,-0.02275000690177484,0.0005000000099999953,-0.0003333333300001363,-4.2488175416666605e-06,0.012764350550250513
0.00016666666666666666,0.016666671722158532,-0.003916667855124817,-8.333332500001739e-05,0.0004166666700000254,-6.798108066666685e-06,-0.002451611664338917
0.0,-0.00041666679266070584,-0.00575000174452499,-0.0001666666649999873,0.000499999994999962,2.549290524999965e-06,0.002593104130372457
0.0,0.0007500002265480968,-0.007666668992699771,8.084397349092696e-17,8.333333999988908e-05,-1.973729821555834e-20,0.0018749809425595838
-8.333333333333333e-05,0.0009166669440956967,-0.00025000007632511876,-8.084397349092696e-17,-8.333332500009823e-05,4.248817541666641e-06,0.010674946562277101
0.0,-0.004750001441655008,0.006500001972283159,-8.333332499993655e-05,-8.333332500009823e-05,-8.497635083333479e-07,-0.005488154050239569
8.333333333333333e-05,-0.0070000021237165335,-0.001916667248174781,8.333333999996992e-05,-0.000499999994999962,2.5492905250000044e-06,-0.013543204010068439
-0.00016666666666666666,0.022416673466683197,-0.0040833345714581405,0.0003333333299998938,-1.6168794698185392e-16,1.699527016666676e-06,0.03216720637320929
8.333333333333333e-05,0.0035833344212367795,0.002916667551042176,-0.0002499999900000047,0.0004166666700000254,-2.5492905250000044e-06,-0.011438263873970653
0.0,-0.0016666671718532193,-0.009083336088225608,8.084397349092696e-17,-8.333332499993655e-05,-3.399054033333352e-06,4.383371951731129e-05
-8.333333333333333e-05,-0.00016666671754759994,-0.0005000001514330507,8.333332500009823e-05,8.333333999988908e-05,-5.948344558333337e-06,0.009592376731724167
8.333333333333333e-05,0.007916669069021656,0.0075833356339251624,0.0,-8.333332499993655e-05,3.3990540333333327e-06,-0.008217192091662178
2.021099337273174e-17,-0.008750002654345331,-0.003250000986141256,-8.333332500001739e-05,0.0,-3.399054033333352e-06,-0.0001386753071591051
-8.333333333333333e-05,-0.010583336544954282,-0.022833340259341316,-0.00016666666500006816,8.333334000021246e-05,-8.497635083333479e-07,0.008261185370348135
2.021099337273174e-17,0.00025000007511342926,-0.0016666671730668492,8.084397349092696e-17,0.0,-1.6995270166666564e-06,-4.817268799524754e-06
0.0,0.0014166670955316578,0.004166667931449936,8.084397349092696e-17,0.0,-8.497635083333479e-07,0.004503388953850501
2.021099337273174e-17,0.0024166673996100954,-0.0047500014404417016,-8.333332499993655e-05,-8.333332499993655e-05,4.24881754166668e-06,0.000819339907161581
-0.00025,0.01775000538380118,-0.017000005157258257,0.0003333333299998938,-8.333332500009823e-05,1.6995270166666367e-06,0.038816109528386086
8.333333333333333e-05,0.00466666808167259,0.0020833339657162367,8.333332500001739e-05,0.0001666666649999873,-6.798108066666665e-06,-0.009210451026022849
0.00016666666666666666,-0.0013333337367573727,-0.004583334722891838,-0.0001666666649999873,0.00024999999000008553,-5.098581050000009e-06,-0.009187600606765288
2.021099337273174e-17,0.0015000004543049726,0.0017500005318414574,8.084397349092696e-17,-8.333334000005076e-05,-6.798108066666645e-06,-2.3094448692993157e-05
0.0,0.0018333338894017893,0.0015000004542997985,0.0,0.0,-2.5492905250000438e-06,0.0036447657897732116
0.0,-0.0001666667175482467,0.004416668006566923,-8.333332499993655e-05,-8.333332499993655e-05,-1.6995270166666564e-06,-3.2098865033023886e-05
8.333333333333333e-05,-0.0014166670967401135,0.010000003033541401,0.0001666666649999873,-0.0004166666700000254,3.3990540333333128e-06,-0.015677081134391483
-8.333333333333333e-05,-0.0001666667175482467,-0.009166669448208348,0.0002499999900000047,-8.333332499993655e-05,0.0,0.020399495919307488
-8.333333333333333e-05,0.022333340107909237,-0.02266667354300799,0.0002500000049999572,0.0001666666649999873,-1.973729821555834e-20,0.021888157884417
8.333333333333333e-05,0.0018333338894008194,0.0043333346489997995,-0.0002500000049999572,0.0003333333299999746,-3.3990540333333327e-06,-0.009260877239202252
2.021099337273174e-17,-0.006833335406168933,-0.002583334117158342,0.0,-8.333334000005076e-05,1.6995270166666564e-06,-0.00010071507933187402
0.0,0.001500000455513105,-0.0005833335102083058,8.333332500009823e-05,-0.000166666665000149,8.497635083333085e-07,-6.826807535124115e-05
2.021099337273174e-17,0.0014166670967407603,0.002000000605741257,8.084397349092696e-17,8.333332500009823e-05,4.2488175416666605e-06,-3.2062389228182534e-05
-8.333333333333333e-05,0.007000002122508401,0.005583335026975126,8.333332500001739e-05,8.333332500009823e-05,-1.973729821555834e-20,0.010541745615224096
8.333333333333333e-05,-0.007000002123717503,-0.0076666689914909915,-0.0002499999900000047,8.333333999988908e-05,5.948344558333317e-06,-0.012764097198586549
-0.00016666666666666666,-0.011250003412728417,-0.009916669674766794,-0.00016666666500006816,-0.000166666665000149,2.5492905250000044e-06,0.0031268533239037625
0.0,-0.0040833345714623446,0.006333335254733296,-8.333332499993655e-05,-8.333334000005076e-05,-2.5492905250000044e-06,6.20789419924323e-05
0.0,-0.005333334950655182,0.0010833336628578965,8.333333999996992e-05,-0.0002500000050000381,-2.5492905250000044e-06,-0.0009208516886910527
-8.333333333333333e-05,0.007833335709039562,0.008583335938007804,8.333332500009823e-05,0.0,-5.098581050000009e-06,0.018579904428837148
0.0,-0.008500002579231902,0.003833334496349562,8.084397349092696e-17,-0.0003333333299999746,3.399054033333352e-06,-0.0012767157910546908
8.333333333333333e-05,0.0050000015167684375,0.024166673997316847,0.0,-1.6168794698185392e-16,-2.5492905250000044e-06,-0.014560324139986187
0.0,-0.0080833357853608,-0.0020000006069500363,0.0,0.0,5.948344558333317e-06,0.008145357437669818
8.333333333333333e-05,8.333335877396167e-05,-0.0020000006069500363,8.084397349092696e-17,-0.0002500000049998764,2.5492905249999845e-06,-0.007922530530380188
0.00025,0.01350000409479059,-0.005333334951866548,8.333334000005076e-05,0.0005000000099999144,2.549290524999965e-06,-0.0027627012757455104
0.0,0.0005833335102092759,-0.0050833348755414285,8.084397349092696e-17,8.333334000005076e-05,5.948344558333317e-06,0.0002398612588786313
0.0005833333333333334,-0.008416669219248515,-0.007083335482492112,-8.333332499993655e-05,0.0001666666649999873,-8.497635083333479e-07,0.06390198101952103
-0.00016666666666666666,0.0005000001514356376,0.017166671874800362,8.333333999996992e-05,0.0,1.973729821555834e-20,-0.06031671625537824
0.0,0.005000001516768114,-8.333335877525516e-05,8.084397349092696e-17,0.000166666665000149,-3.399054033333352e-06,-0.0009468272346511691
0.0,0.0005833335102089526,-0.003333334344917158,-8.333333999996992e-05,-1.6168794698185392e-16,1.6995270166666564e-06,-0.0024899000243762404
0.00016666666666666666,-0.004500001365333447,0.009500002882099944,-8.333332499993655e-05,-0.0002500000050000381,-3.3990540333333327e-06,0.012210057786770631
0.00025,-0.00891666937189196,0.01875000568909131,0.0001666666649999873,-0.00041666667000018706,-3.399054033333372e-06,0.08495517878134529
8.333333333333333e-05,0.0006666668689829142,0.008750002654341773,8.333334000005076e-05,-0.0001666666649999873,3.3990540333333128e-06,0.011392939633750616
0.0,-0.0016666671718525727,0.0012500003791918667,-8.333334000005076e-05,8.333333999988908e-05,1.973729821555834e-20,0.00044470846355608147
8.333333333333333e-05,0.0018333338894011427,0.009500002882107705,8.084397349092696e-17,1.6168794698185392e-16,-8.497635083333282e-07,0.0053418541800942165
0.0,0.00033333343388771433,0.00033333343509131937,8.084397349092696e-17,0.0,3.3990540333333327e-06,-0.00022878037780109378
-0.00016666666666666666,0.015583338060513294,-0.014250004323750424,0.0004166666700000254,-0.0003333333300001363,8.497635083333282e-07,-0.035609129846891546
0.00016666666666666666,-0.0004166667938701317,-0.003166667627366648,-0.0003333333449999272,0.0004999999950001236,-1.699527016666676e-06,0.03562107248476112
-8.333333333333333e-05,-0.0029166675510450863,-0.0048333347992247176,-8.333334000005076e-05,0.0,1.6995270166666564e-06,0.0009404569277345824
-8.333333333333333e-05,0.001583333813079581,0.003250000986141256,8.084397349092696e-17,0.0,3.3990540333333327e-06,-0.011991790638795484
0.0,0.0015000004543062662,-0.0006666668689829142,8.084397349092696e-17,8.333334000005076e-05,-8.497635083333479e-07,-0.001534586287339011
0.0,0.003083334268593656,0.0050833348755414285,-8.333332499993655e-05,8.333334000005076e-05,2.5492905249999845e-06,-1.2935035758548313e-15
8.333333333333333e-05,-0.014083337606207998,0.011916670281716182,-0.00016666666500006816,-0.00033333334500008883,0.0,0.052719213017556145
-0.00025,-0.013500004094790912,0.0038333344963502086,8.333332500009823e-05,-0.000499999994999962,-1.6995270166666564e-06,0.026571196438310046
0.0,0.007666668992700417,0.018750005687875413,8.333333999996992e-05,-8.333332499993655e-05,-1.6995270166666564e-06,-0.0006143369007881523
8.333333333333333e-05,0.0017500005306271811,-0.0015000004543082063,-8.333333999996992e-05,0.00025000000500019975,-3.3990540333333327e-06,0.009903950041216901
0.00016666666666666666,-0.0005833335102086291,-0.0021666673244998998,8.333333999996992e-05,-8.333333999988908e-05,5.098581049999989e-06,0.028411029697958536
8.333333333333333e-05,0.0064166686122988014,0.007333335558816584,0.0,0.00016666668000010152,-5.098581049999969e-06,-0.001224616390579225
0.00016666666666666666,-0.01891667240542948,0.009000002730666893,-8.333332499993655e-05,-0.0003333333299998129,5.948344558333317e-06,0.03565891495766118
0.0,-0.0005833335102092759,-0.00808333578535886,0.00041666667000010623,-0.0005833333350000127,-8.497635083333479e-07,-7.656924362785908e-05
0.0,0.004166667930237276,-0.0011666670204166117,-0.00016666666499990645,0.0005833333350000127,4.2488175416666605e-06,-0.000685274886735715
0.00016666666666666666,-0.0006666668689832376,-0.0020000006069500363,8.084397349092696e-17,8.333334000005076e-05,-2.5492905250000044e-06,0.012117976975800573
-8.333333333333333e-05,0.001500000455514075,0.0004166667938665746,8.084397349092696e-17,1.6168794698185392e-16,-3.399054033333352e-06,-0.011719959697528329
-0.00016666666666666666,0.0040000012138987785,0.015833338136841648,8.084397349092696e-17,8.333332500009823e-05,4.24881754166668e-06,-0.02843060411812298
0.00016666666666666666,-0.01291667058579074,0.01041666982620049,-8.333333999996992e-05,-0.0003333333299999746,-1.6995270166666958e-06,0.03558753412827306
-8.333333333333333e-05,0.002000000606949066,-0.01025000310864998,0.00041666667000010623,-0.0006666666750000634,-5.098581049999989e-06,-0.05167071650002876
-8.333333333333333e-05,0.01450000439887032,-0.007083335482491465,8.333332500001739e-05,0.00041666667000018706,-2.5492905250000438e-06,-0.0249384434801798
0.00025,-0.0006666668689829142,-0.016833338439699988,-0.0001666666649999873,0.0004166666700000254,-5.948344558333317e-06,0.060476626125494176
8.333333333333333e-05,-0.00125000037919219,-0.009416669523333096,-8.333334000005076e-05,8.333332500009823e-05,-1.973729821555834e-20,0.04885299106019342
8.333333333333333e-05,0.00025000007511342926,0.0012500003791918667,8.333333999996992e-05,1.6168794698185392e-16,-1.6995270166666564e-06,0.011647606574760801
8.333333333333333e-05,0.0010833336628527225,-0.0008333335853246454,8.084397349092696e-17,0.00016666668000010152,1.6995270166666367e-06,0.004859171108880804
0.0,0.012583337150693923,-0.007833335710250928,8.333333999996992e-05,8.333333999988908e-05,8.497635083333282e-07,-0.0028468974734876407
-8.333333333333333e-05,0.009333336165761768,-0.014500004398866118,-8.333332499993655e-05,0.0005000000100000762,-6.798108066666685e-06,-0.05400481653233809
8.333333333333333e-05,0.0011666670204185518,0.006416668613507904,-8.333332499993655e-05,0.0004166666700000254,8.497635083333479e-07,0.00826256236143462
0.0,-0.009750002957214019,-0.0018333338894008194,-0.00016666666500006816,-8.333332500009823e-05,-5.098581050000009e-06,0.0
-0.00016666666666666666,0.0007500002277575226,-0.0005833335102083058,8.333333999996992e-05,0.0,1.6995270166666564e-06,-0.029421686100227655
8.333333333333333e-05,0.0018333338894024362,-0.00033333343509972714,-8.084397349092696e-17,0.0,3.3990540333333327e-06,0.04813199771985464
0.0,0.009000002730666569,-0.0031666676261585154,8.333334000005076e-05,8.333332499993655e-05,3.3990540333333327e-06,0.0
0.0,0.005666668385751352,-0.019666672633183446,-8.333332500001739e-05,0.0005000000100000762,8.497635083333479e-07,0.0011928428347209572
-8.333333333333333e-05,0.0021666673244979595,-0.0027500008347082056,-0.0001666666649999873,0.0005000000100000762,-3.3990540333333327e-06,-0.055716780175743365
0.0,-0.010833336618858286,-0.01575000477806704,-0.00016666666499990645,0.0001666666649999873,4.2488175416666605e-06,0.004090015428038572
-8.333333333333333e-05,0.0010833336628536926,-0.0007500002277581693,8.084397349092696e-17,-0.00016666666499982563,-8.497635083333282e-07,-0.04905055677656007
-8.333333333333333e-05,0.0015000004555143986,0.0010833336628578965,8.333333999996992e-05,0.0,-1.6995270166666958e-06,-0.05008373852376697
-8.333333333333333e-05,-0.0005000001514346676,0.0047500014404417016,-8.333332499993655e-05,0.0,-2.5492905250000044e-06,-0.052604334114618706
0.0,-0.010416669826196934,0.00716666884126672,8.333332500009823e-05,-0.000499999994999962,5.948344558333317e-06,0.024705135542251323
-8.333333333333333e-05,-0.004083334572672417,0.011250003412732622,8.084397349092696e-17,0.0,1.973729821555834e-20,-0.049174485793809355
8.333333333333333e-05,-0.007833335709040209,-0.00016666671754986357,-8.333332499993655e-05,-0.00025000000500019975,-2.5492905250000044e-06,0.01240022987601373
-8.333333333333333e-05,0.002500000758384057,0.00575000174452499,8.333333999996992e-05,0.0,-1.973729821555834e-20,-0.048179554931565914
0.0,0.0016666671718535428,-0.00025000007632511876,-8.084397349092696e-17,0.0,-5.948344558333337e-06,-0.0009015324536736848
8.333333333333333e-05,-0.003083334268592363,0.007333335557600043,-0.00016666666500006816,-8.333334000005076e-05,-1.699527016666676e-06,0.05053334051713528
-8.333333333333333e-05,-0.011916670281711655,0.0027500008334910187,0.0001666666649999873,-0.0005833333350000127,-3.947459643111668e-20,-0.006458446110396957
-0.00016666666666666666,-0.002166667324497313,0.0038333344963502086,8.333332500009823e-05,-1.6168794698185392e-16,-2.5492905249999845e-06,-0.009140875957924356
0.0,0.004750001440446552,0.016166671570724832,0.00016666666500006816,0.0,-1.699527016666676e-06,0.001348411447455227
0.00016666666666666666,0.0035000010624624944,-0.0011666670204172583,-8.084397349092696e-17,0.0003333333300001363,1.6995270166666564e-06,0.060195221962659466
0.0,0.00016666671633882085,-0.003166667627366001,0.0,0.0,1.699527016666676e-06,8.633043120046042e-05
-8.333333333333333e-05,0.0,0.00025000007632511876,8.084397349092696e-17,0.0,3.3990540333333327e-06,-0.04836361051295599
-8.333333333333333e-05,0.009916669674762266,-8.333335877590191e-05,0.0002499999900000047,-0.0003333333449999272,3.3990540333333128e-06,-0.037382484112087534
0.00025,0.0020833339645152187,0.003666667778800345,0.00016666666500006816,-0.000166666665000149,-4.2488175416666605e-06,0.005112053988084921
0.0005,0.01575000477806154,-0.014666671116416627,-8.333332500001739e-05,0.0011666666700000253,-2.5492905250000044e-06,-0.005028523202588419
0.0,-0.004916668157993829,-0.011000003336408149,-0.0002500000049999572,0.00041666665500007284,-5.098581050000009e-06,0.0
-8.333333333333333e-05,0.0008333335865308376,0.000666666868983561,0.0,-8.333332499993655e-05,-1.699527016666676e-06,-0.04763689665302195
0.0,-0.004583334722898305,0.01041666982620049,-8.333332499993655e-05,0.0,-8.497635083333479e-07,1.2935035758548313e-15
-0.00016666666666666666,-0.007250002198830286,0.002333334040840984,8.084397349092696e-17,-0.0005833333350000127,7.647871575000013e-06,-0.061155819052898894
0.0,-0.01025000310985876,0.014666671115207848,8.333332500009823e-05,-0.0003333333299999746,-1.973729821555834e-20,0.005874049788011083
0.0,0.0050000015167684375,0.01575000477805863,8.333333999996992e-05,0.0,2.5492905249999845e-06,-0.0012233539379344115
8.333333333333333e-05,0.002000000606948096,-0.00025000007632511876,-8.333333999996992e-05,8.333334000005076e-05,-5.948344558333317e-06,0.013139310546594465
0.0,0.0009166669453051226,-0.001083333661650411,-8.333333999996992e-05,-8.333334000005076e-05,-2.5492905250000044e-06,-0.0069684827037479
8.333333333333333e-05,-0.005000001516768114,0.007833335709033095,-8.333332500001739e-05,-8.333332499993655e-05,4.2488175416666605e-06,-0.018856323360206765
0.0,-0.002416667399609772,0.005083334875542076,0.0005000000099999144,-0.0011666666699998638,-2.5492905250000044e-06,0.0007354171956863462
0.0003333333333333333,0.005333334951863637,0.005250001593091292,-8.084397349092696e-17,0.000499999994999962,0.0,0.013022753363692512
0.0,0.0015833338130792577,-0.003750001137583361,-8.333334000005076e-05,0.0003333333299999746,-2.5492905249999845e-06,0.0008730463927779864
8.333333333333333e-05,0.0015833338142886835,-0.0018333338894001726,8.084397349092696e-17,0.0,-7.647871575000013e-06,0.04702034907859052
8.333333333333333e-05,0.0013333337379658283,0.011500003487841847,8.333333999996992e-05,0.0001666666649999873,1.6995270166666367e-06,0.04939400317515376
0.0,0.003166667627367941,0.006833335406174754,-8.333332499993655e-05,8.333333999988908e-05,2.549290524999965e-06,-0.0027166210315979294
8.333333333333333e-05,-0.001916667248174781,0.013583337453567138,-8.333332499993655e-05,-0.00016666667999993984,8.497635083333282e-07,-0.023181326155187303
0.0,-0.014250004322547466,0.005666668385750381,0.0002500000050000381,-0.0006666666599999492,-8.497635083333479e-07,0.0
-8.333333333333333e-05,-0.0009166669453054459,-0.0015000004543088532,0.00016666666500006816,-8.333334000005076e-05,5.098581049999989e-06,-0.04669158458210166
0.00016666666666666666,0.003083334268592363,-0.003916667855124817,-0.0001666666649999873,0.0004999999950001236,-5.948344558333357e-06,0.02887533039060137
0.0,-0.0005000001514346676,0.0012500003791918667,0.0,8.333334000005076e-05,0.0,0.0
0.0,0.001500000455514075,0.0009166669452996252,8.333333999996992e-05,-8.333333999988908e-05,0.0,-0.0023672199386456567
0.0,-0.0009166669453054459,0.004750001441649834,-8.333334000005076e-05,-8.333334000005076e-05,-2.5492905250000044e-06,-0.001427488088024418
-8.333333333333333e-05,0.010333336468632074,-0.014666671116416627,0.0003333333299999746,-0.0003333333300001363,-8.497635083333479e-07,-0.05128615955366727
8.333333333333333e-05,0.007166668841265426,-0.012083336999258286,-0.0002500000049999572,0.0005833333199998984,1.973729821555834e-20,0.04637583016044098
8.333333333333333e-05,-0.0013333337379661519,-0.006250001895958687,-0.0001666666649999873,0.0001666666649999873,-3.399054033333352e-06,0.05295055834321279
-0.00025,0.0008333335853223818,-0.0008333335865327778,8.084397349092696e-17,-0.000166666665000149,5.098581049999969e-06,-0.08495517878134398
0.0,0.0005000001514346676,0.0019166672469660018,-8.333334000005076e-05,8.333332499993655e-05,0.0,0.0014031187282965726
-8.333333333333333e-05,-0.003666667778802609,0.01675000508093314,-8.333332499993655e-05,0.0,1.973729821555834e-20,0.022882846293532443
-8.333333333333333e-05,-0.014250004323755922,0.00275000083350072,0.0002500000049999572,-0.0008333333249997748,3.3990540333333327e-06,-0.048214317557814586
0.0,0.0030000009098196945,0.006416668613508551,-8.333332499993655e-05,0.0002500000050000381,-1.6995270166666564e-06,-0.004526980339993153
-8.333333333333333e-05,-8.333335877428504e-05,0.0037500011375756004,-8.333334000005076e-05,8.333332499977486e-05,5.948344558333317e-06,-0.045125046055850625
-8.333333333333333e-05,0.0019166672481751043,-0.00033333343388318703,8.333333999996992e-05,8.333333999988908e-05,4.2488175416666605e-06,-0.05076967745522658
0.0,0.0006666668689832376,-0.0009166669452996252,-8.333333999996992e-05,-0.00016666667999993984,-8.497635083333282e-07,-1.2935035758548313e-15
8.333333333333333e-05,-0.0015833338142880369,0.011250003413932994,-8.333332499993655e-05,8.333334000005076e-05,-3.3990540333333327e-06,0.05228910177471246
-0.0004166666666666667,-0.02208334003279613,0.0023333340420413555,-8.333333999996992e-05,-0.0006666666599999492,0.0,-0.04605752932190921
0.0,-0.0033333343449148943,0.024666674149958028,8.333332500009823e-05,-0.00024999999000008553,8.497635083333085e-07,0.00780459948688254
8.333333333333333e-05,0.0028333341934799034,0.011333336771508523,-8.084397349092696e-17,0.0001666666649999873,-4.24881754166668e-06,0.044999470161795355
8.333333333333333e-05,0.0007500002277568759,0.0010000003040748803,-8.333334000005076e-05,-8.333333999988908e-05,8.497635083333282e-07,0.05099025552641316
0.0,-0.0014166670967401135,-0.017000005157257612,8.084397349092696e-17,1.6168794698185392e-16,4.2488175416666605e-06,-0.000846244556892715
-8.333333333333333e-05,0.013250004019677485,-0.0016666671730668492,0.0002500000049999572,-8.333333999988908e-05,-1.699527016666676e-06,-0.03429830711249831
0.00016666666666666666,-0.0017500005306275044,-0.006666668688617129,-0.0003333333449999272,0.0005833333199998984,3.3990540333333327e-06,0.08612777781258854
-8.333333333333333e-05,-0.021000006369942113,-0.0008333335865327778,8.333333999996992e-05,-0.000583333334999851,8.497635083333085e-07,-0.010928194287905677
8.333333333333333e-05,0.0037500011375759235,0.01783333874379168,8.333333999996992e-05,-1.6168794698185392e-16,4.24881754166668e-06,0.015992588635504297
0.0,0.0016666671718535428,0.0033333343449165114,0.0,0.0002500000049998764,1.699527016666676e-06,0.0007692533849169397
0.0,0.0018333338894011427,-0.0005833335114254927,8.333333999996992e-05,8.333334000005076e-05,3.399054033333293e-06,-0.0022974115399242794
0.0,0.006916668764943542,0.003916667853908277,8.333333999996992e-05,8.333334000021246e-05,8.497635083333282e-07,0.0029901249723508954
0.0,-0.008583335936796761,-0.005916668460858313,-0.0002500000049999572,0.0002500000050000381,-5.948344558333317e-06,0.006046394901683865
-0.00016666666666666666,-0.018833339047863006,-6.467517879274157e-16,8.333333999996992e-05,-0.0006666666599999492,-8.497635083333085e-07,0.0010965601851853231
-8.333333333333333e-05,0.007583335633926779,0.026500008039358203,0.00016666666500006816,-8.333334000021246e-05,-8.497635083333479e-07,-0.05480288839892407
0.00016666666666666666,0.00216666732328821,-0.001000000302866748,0.0,0.0002500000050000381,-9.34739859166667e-06,0.015306973399012349
0.0,-0.0008333335865305142,-0.00016666671755051032,0.0,0.0,1.973729821555834e-20,0.0044970607500924315
-8.333333333333333e-05,0.007000002123717827,0.011083336695174997,8.333333999996992e-05,1.6168794698185392e-16,0.0,-0.033712299615213284
0.00025,-0.008166669144134761,0.00025000007632511876,-0.00016666666499990645,8.333334000005076e-05,0.0,0.06296745335328677
0.00016666666666666666,-0.018333338895220205,0.0011666670204172583,-8.333333999996992e-05,-0.0004166666700000254,-1.6995270166666564e-06,0.08607247524186322
8.333333333333333e-05,0.0033333343449148943,0.005833335102092113,0.0002500000050000381,-8.333334000005076e-05,-1.6995270166666367e-06,0.04299763162456867
-0.00016666666666666666,0.004166667930236953,-0.002666667475925189,-8.084397349092696e-17,8.333332499993655e-05,-2.5492905249999845e-06,-0.06354725225409105
8.333333333333333e-05,0.00016666671754759994,-0.005000001516766174,0.0,0.0002500000049998764,5.948344558333317e-06,0.05554893985964332
-8.333333333333333e-05,0.02166667323892632,0.005333334951858787,0.0002500000049999572,0.0,-1.973729821555834e-20,-0.030266244712465494
0.00016666666666666666,-0.01666667172336634,-0.0179166721013504,-0.00033333333000005544,0.0003333333300001363,-4.24881754166668e-06,0.03169697215856674
-0.00016666666666666666,-0.012416670433146322,-0.010833336620067064,-0.0001666666649999873,-8.333332499993655e-05,1.699527016666676e-06,-0.024128189024997925
8.333333333333333e-05,0.0020000006057399634,0.0007500002277581693,0.0,-0.00016666666499982563,0.0,-0.018860862359238995
-8.333333333333333e-05,0.0016666671730613516,-0.0003333334338838338,-8.333334000005076e-05,-8.333333999988908e-05,1.6995270166666367e-06,-0.049317431809444034
8.333333333333333e-05,0.00041666679266070584,-0.0003333334351003739,0.0,0.0,-4.2488175416666605e-06,0.04915008175811834
-8.333333333333333e-05,0.0035833344200280003,0.003000000909816784,0.00016666666500006816,-0.0002500000050000381,-3.3990540333333327e-06,-0.021161814339107108
0.00016666666666666666,0.003083334268593656,-0.00033333343509196615,8.084397349092696e-17,0.0002499999899999239,3.3990540333333327e-06,0.03252652936006327
-8.333333333333333e-05,0.017166671874801653,-0.010583336543741299,0.0003333333299998938,0.0,3.3990540333333327e-06,-0.023189162414973704
2.021099337273174e-17,0.0022500006820612016,-0.02108333972992453,-0.0002500000049999572,0.000499999994999962,1.6995270166666367e-06,1.2935035758548313e-15
0.0,-0.012333337074372038,-0.02716667490834176,-0.00033333333000005544,8.333332499993655e-05,-3.3990540333333327e-06,0.0
0.0,-0.00033333343509584667,-0.0012500003791912201,0.0,-8.333334000005076e-05,-9.34739859166667e-06,-0.00022086680392838186
2.021099337273174e-17,0.0019166672481751043,-0.0024166673996078316,8.333333999996992e-05,-8.333334000005076e-05,-4.24881754166668e-06,-0.02343437593484608
8.333333333333333e-05,0.0010000003040784376,-0.002250000683274508,0.0,0.0,-5.948344558333317e-06,0.0009982263938989491
8.333333333333333e-05,0.0029166675510450863,0.006833335406166993,-8.333334000005076e-05,0.0,5.098581049999989e-06,0.0
2.021099337273174e-17,-0.012000003640485294,0.0008333335865327778,8.333332500009823e-05,-0.0003333333299999746,-8.497635083333479e-07,0.02287089305376996
0.0,0.01350000409479059,0.010000003034741772,0.0004999999950001236,-0.0003333333299999746,-8.497635083333282e-07,-1.2935035758548313e-15
0.0003333333333333333,0.0050000015167684375,0.003500001061249188,-0.0002500000049999572,0.0005833333350000127,-1.973729821555834e-20,0.013549986602737206
8.333333333333333e-05,-0.002250000682062819,-0.007750002351474379,-0.0001666666649999873,0.0,2.549290525000024e-06,0.023697216797120765
0.00016666666666666666,-0.000750000227757846,0.0015000004543004454,8.333333999996992e-05,8.333332499977486e-05,-1.699527016666676e-06,0.017765576934673462
0.0,-0.006083335178412704,0.0038333344963502086,0.0002500000050000381,-0.000583333334999851,-5.098581050000009e-06,0.024731004701481044
-8.333333333333333e-05,-0.001916667248174781,0.0008333335865334246,0.0,0.0001666666649999873,-5.098581049999989e-06,0.0029538461172604
8.333333333333333e-05,0.002666667475932627,0.0030000009098161374,-8.333332499993655e-05,0.0001666666649999873,1.6995270166666367e-06,-0.0006689564241329208
-8.333333333333333e-05,0.010833336620067389,-0.005083334875542076,0.00016666666500006816,8.333332499993655e-05,8.497635083333479e-07,-0.02460375323180213
0.0,0.0031666676273676177,-0.001583333814291594,-8.333332499993655e-05,0.0002499999899999239,4.2488175416666605e-06,-0.024338449112300035
-0.00016666666666666666,0.010333336468631752,-0.020000006067066634,8.333332500009823e-05,-8.333334000005076e-05,-8.497635083333282e-07,-0.03891453652124878
0.00016666666666666666,0.0009166669453051226,-0.0012500003791996279,-0.00016666666499990645,0.000499999994999962,0.0,0.0358025280920517
0.0,-0.003000000909819048,-0.005583335026975126,8.333332500009823e-05,-0.0002500000050000381,-5.098581049999989e-06,0.00038911187957015096
2.021099337273174e-17,0.0018333338894011427,0.0006666668689829142,0.0,0.00016666666499982563,-2.5492905250000044e-06,-0.0237212291394632
8.333333333333333e-05,-0.0012500003791925136,0.01358333745477527,8.084397349092696e-17,0.0,8.497635083333282e-07,0.023259173736538893
0.00016666666666666666,-0.0005000001514346676,0.021500006522582972,0.0,8.333334000005076e-05,1.699527016666676e-06,0.04352180931423532
0.0,0.004083334571462992,-0.000666666868983561,0.00041666667000010623,-0.0005833333350000127,-5.098581050000028e-06,1.2935035758548313e-15
0.00016666666666666666,0.00825000250290937,-0.015333337985408596,-8.333333999988908e-05,0.0005833333350000127,2.5492905250000044e-06,0.022776852933366575
0.0,-0.0012500003791925136,-0.004916668157992212,-8.333332499993655e-05,0.0002499999899999239,-8.497635083333479e-07,0.00017202199838874447
2.021099337273174e-17,0.0010833336616445902,0.00041666679266685,0.0,-8.333334000005076e-05,2.549290525000024e-06,0.0
2.021099337273174e-17,0.0015000004543049726,0.0006666668689829142,0.0,1.6168794698185392e-16,1.6995270166666564e-06,0.0
8.333333333333333e-05,-0.0005000001514356376,0.0020000006069500363,0.0,-8.333334000005076e-05,-6.798108066666665e-06,-0.001238371589662145
0.0,0.003250000986141903,0.005666668385750381,-8.333334000005076e-05,1.6168794698185392e-16,0.0,-6.6734845297307606e-06
8.333333333333333e-05,-0.01291667058579074,0.00975000295721693,8.084397349092696e-17,-0.0002499999899999239,-1.6995270166666958e-06,0.03857647256791825
0.0,0.008583335936796114,-0.007666668992699771,0.0005833333349999319,-0.000499999994999962,-1.699527016666676e-06,-0.0239595576714983
0.00016666666666666666,0.010000003033536228,-0.008666669296774652,-8.333333999996992e-05,0.0006666666600001109,1.699527016666676e-06,-0.03839866152408843
0.0,-0.004583334724107731,-0.010833336620066419,-0.00016666666499990645,0.0002499999899999239,-1.699527016666676e-06,0.0023265501187959064
8.333333333333333e-05,0.00158333381428739,-0.0003333334338915948,0.0,-0.00016666667999993984,-2.549290525000024e-06,0.03560230299664997
0.0,0.0015000004543056194,0.0007500002277588162,0.0,-8.333333999988908e-05,0.0,0.0009014301357881373
-8.333333333333333e-05,0.0007500002277568759,0.005666668385750381,-8.333334000005076e-05,-8.333334000005076e-05,8.497635083333479e-07,-0.020986633766732283
0.0,-0.007750002350266246,0.014833337832758359,8.084397349092696e-17,-0.0002499999899999239,8.497635083333085e-07,0.022864750546996947
0.0,-0.002333334040836134,0.00950000288210059,0.0002500000050000381,-0.0004166666549999112,-2.5492905250000044e-06,2.7844922712797092e-05
8.333333333333333e-05,0.005583335026976419,-0.0034166677036917663,-8.333332500001739e-05,0.0004166666549999112,2.549290524999965e-06,-0.0012102211032541366
-8.333333333333333e-05,-0.00041666679266070584,-0.0054166683106418026,0.0,0.0002500000050000381,-1.6995270166666564e-06,-0.02305340942858925
8.333333333333333e-05,0.0010833336628523992,-0.0018333338894001726,0.0,-8.333333999988908e-05,3.3990540333333128e-06,0.03341276353606954
0.00016666666666666666,0.0072500022000390645,0.013250004019674896,-8.084397349092696e-17,0.000166666665000149,5.098581049999989e-06,0.03545562369145789
-0.0003333333333333333,-0.03000000910181714,0.0018333338894085803,-0.00016666666500006816,-0.0004166666549999112,2.5492905250000044e-06,0.016529066380501414
-8.333333333333333e-05,-0.001916667248174781,0.03008334245938394,0.00016666666500006816,-0.00025000000500019975,5.098581049999989e-06,-0.016970122598149142
-8.333333333333333e-05,0.00266666747593198,0.015000004550299813,8.084397349092696e-17,0.0001666666649999873,4.24881754166668e-06,-0.0008232887736405246
0.0,0.0031666676273676177,0.0010833336616497642,0.0,0.00016666668000010152,8.497635083333085e-07,-0.024867677863100027
8.333333333333333e-05,0.0013333337379661519,-0.013333337378450152,-8.333333999996992e-05,0.0,3.3990540333333128e-06,0.01206962398796782
8.333333333333333e-05,-0.0085000025780228,0.0012500003791918667,-8.333334000005076e-05,-0.000166666665000149,8.497635083333479e-07,0.024241833138438716
0.0,-0.006916668764943542,0.0020000006057419037,8.333332500009823e-05,-0.0004166666549999112,-3.3990540333333128e-06,0.024255196992847294
-0.00016666666666666666,0.018166672178880416,0.0011666670204166117,0.0004166666700000254,-8.333332499993655e-05,-2.5492905250000044e-06,-0.03685414956295863
8.333333333333333e-05,0.0013333337379651817,0.00033333343388318703,-0.00016666666499990645,0.0005833333199998984,-5.098581050000009e-06,0.02294993759285555
0.0,-0.0009166669453051226,-0.0034166677036917663,0.0,8.333332499977486e-05,-2.5492905250000044e-06,0.00046135087681597927
8.333333333333333e-05,0.001916667248174781,-0.002000000606950683,8.333333999996992e-05,8.333332499993655e-05,-7.647871574999994e-06,-0.0012229266453107508
-8.333333333333333e-05,0.013583337453565198,0.008833336013117029,8.333332500001739e-05,0.00016666668000010152,1.973729821555834e-20,0.0012308177343918942
-8.333333333333333e-05,-0.0257500078128059,-0.005750001744525637,-0.0003333333299999746,-0.0001666666649999873,5.948344558333317e-06,-0.009694942451220575
-0.00016666666666666666,-0.014833337832756418,-0.0010833336616420032,8.333333999996992e-05,-0.0005833333350000127,0.0,0.037779842005579524
8.333333333333333e-05,0.004333334647784876,0.028333341928758374,0.0,8.333332499993655e-05,1.973729821555834e-20,0.023721842566918994
0.0,0.002583334117158665,0.0023333340420497633,0.0,0.0001666666649999873,-5.098581050000028e-06,-0.0013923149493199566
0.0,0.0009166669440960201,-0.001666667171850309,0.0,8.333334000005076e-05,2.5492905249999845e-06,-0.0013809435070220692
0.00016666666666666666,0.00033333343509617003,0.012083336999258286,0.0,-8.333333999988908e-05,2.5492905249999845e-06,0.031243378518611038
0.0,-0.0001666667163394676,-0.0007500002277581693,0.0,-0.0002500000050000381,-1.699527016666676e-06,-0.00015265251026721672
-8.333333333333333e-05,0.015500004701739008,-0.010166669751083504,0.00016666666500006816,0.0002500000050000381,3.3990540333333327e-06,-0.023452795952479615
-8.333333333333333e-05,0.010833336620068036,-0.005333334951866548,0.0,0.0005833333199998984,-5.098581050000009e-06,-0.03804404702376212
0.0,8.33333575661527e-05,0.000250000076324472,-0.00016666666500006816,0.0003333333299999746,1.699527016666617e-06,-0.021450210870120726
-8.333333333333333e-05,-0.013916670888660075,0.000250000076324472,8.084397349092696e-17,-0.0006666666599999492,-6.798108066666645e-06,0.0
-0.00016666666666666666,0.004333334648993332,0.014916671192741099,0.00016666666500006816,-0.0004166666549999112,6.798108066666665e-06,0.03942914797371874
0.0,0.002083333965722704,-0.0008333335865340713,-8.333332499993655e-05,0.0002500000050000381,-8.497635083333479e-07,-0.022900871499528228
-8.333333333333333e-05,0.015000004550304018,-0.011583336846608047,0.0002500000050000381,8.333334000005076e-05,-4.24881754166668e-06,-0.04034191400831591
0.0,0.008333335861683331,0.007500002276358686,-0.00016666666499990645,0.000583333334999851,-2.5492905250000044e-06,-1.2935035758548313e-15
0.0,-0.019916672708298493,-0.010000003033532994,-0.00016666667999993984,-0.0003333333299999746,5.098581049999969e-06,0.02474592987579785
0.0,0.0016666671730613516,-0.005666668385749735,8.333332500009823e-05,-8.333333999988908e-05,-3.399054033333352e-06,0.0
2.021099337273174e-17,0.0014166670967404368,0.003666667778800345,0.0,0.0,-2.5492905250000044e-06,0.0
0.0,0.002583334117158665,-0.002916667551041529,0.0,8.333334000005076e-05,-3.3990540333333327e-06,-0.02344981483945028
8.333333333333333e-05,0.018666672329106626,-0.00016666671754921684,0.0001666666649999873,0.00016666668000010152,2.5492905250000044e-06,-0.0011110028332978901
0.0,-0.01816667217767196,-0.018250005536450772,-0.0005000000100000762,0.0003333333299999746,-3.399054033333352e-06,1.2935035758548313e-15
-0.00016666666666666666,-0.015583338060514264,-0.006916668764941601,0.0,-0.0004999999949998002,-8.497635083333282e-07,0.03761862893536971
0.0,0.004666668082880723,0.02075000629482545,8.333332500009823e-05,0.0001666666649999873,3.3990540333333327e-06,0.0
-0.00016666666666666666,0.003166667627366971,-0.0016666671730668492,-8.333332499993655e-05,8.333334000005076e-05,8.497635083333282e-07,-0.04272645401230806
8.333333333333333e-05,0.00033333343509617003,8.333335877460842e-05,0.0,-8.333333999988908e-05,-5.098581049999989e-06,0.02223859901498848
8.333333333333333e-05,0.0018333338894017893,0.0028333341934841075,0.0,0.0,-2.5492905250000044e-06,0.00971783258659998
-8.333333333333333e-05,-0.0009166669453044759,-0.0022500006820586147,8.333332500009823e-05,-0.0002500000050000381,-3.3990540333333327e-06,0.0011509008604024225
-0.00016666666666666666,0.011416670130276018,-0.0009166669453086798,8.333332500001739e-05,0.0003333333449999272,8.497635083333479e-07,-0.027788314142634368
0.0,-0.008916669371892285,-0.02775000841854166,-0.0004166666700000254,0.0003333333299999746,0.0,0.0
0.0,0.001500000454305296,0.0007500002277581693,8.333332500009823e-05,-0.0001666666649999873,-1.699527016666676e-06,0.0
-0.00016666666666666666,-0.009500002882100914,-0.00541666830943367,-0.0001666666649999873,0.0001666666649999873,-3.3990540333333327e-06,-0.03212019316846013
8.333333333333333e-05,-0.0010000003028706286,-0.002666667475933597,8.333332500009823e-05,-8.333333999988908e-05,-1.6995270166666564e-06,0.0228618102188843
-8.333333333333333e-05,0.0019166672481751043,0.0004166667926584422,0.0,8.333334000005076e-05,-4.2488175416666605e-06,-0.023175749681108734
8.333333333333333e-05,0.00750000227636095,0.011916670281708421,0.0002500000050000381,-0.0003333333299999746,-2.549290525000024e-06,0.008411396695153478
8.333333333333333e-05,-0.0010833336616442668,-0.002500000758383087,8.333334000005076e-05,-0.0002499999899999239,-8.497635083333479e-07,-0.02951342707181401
0.0,0.019416672556863503,-0.012583337150699744,0.00016666666500006816,0.0004166666700000254,-8.497635083333479e-07,-0.0257709920114152
8.333333333333333e-05,-0.0026666674759313336,-0.0015000004542997985,-0.00033333333000005544,0.0006666666749999018,-2.5492905250000044e-06,-0.001198518856925269
-8.333333333333333e-05,-0.003916667855123847,0.002166667323291767,8.333332500009823e-05,-8.333334000005076e-05,-1.6995270166666564e-06,0.0012270800957365686
0.0,0.0032500009861406096,0.008666669295567165,0.0,-8.333333999988908e-05,-6.798108066666685e-06,0.02308497317328454
-0.00016666666666666666,0.003666667778802609,-0.008000002427791737,-8.084397349092696e-17,8.333334000005076e-05,8.497635083333085e-07,-0.032621857879923964
-0.00025,0.010583336544953637,-0.011833336922933813,8.333332500001739e-05,0.0002500000049998764,2.5492905249999845e-06,-0.030378666544496082
0.0,-0.014916671191530057,-0.016916671798474597,-0.00041666667000010623,0.0004166666700000254,-1.699527016666676e-06,0.02524609351055567
-0.0003333333333333333,-0.017000005157253084,0.0027500008347082056,0.00016666667999993984,-0.000583333334999851,3.399054033333372e-06,0.010210303991712216
0.00016666666666666666,0.0050000015167677905,0.023083340335666436,0.0,8.333332499993655e-05,-8.497635083333677e-07,0.016498998364608268
2.021099337273174e-17,0.0004166667926610292,0.0022500006820586147,-8.333332499993655e-05,-0.0002500000050000381,1.973729821555834e-20,0.02263604629419149
8.333333333333333e-05,0.0009166669453041525,-0.0007500002277497616,0.0,-8.333333999988908e-05,-1.699527016666676e-06,0.022058014061053594
0.0,0.0054166683094297894,0.006583335331058414,8.333332500001739e-05,0.00016666667999993984,-4.248817541666641e-06,-0.0238213692884142
8.333333333333333e-05,-0.014583337757643313,0.002250000682057968,-8.333333999996992e-05,-0.0002500000050000381,1.6995270166666564e-06,0.023948368398530876
8.333333333333333e-05,-0.0020000006069493892,-0.00233333404205041,0.0005000000099999144,-0.0005833333350000127,5.948344558333317e-06,0.03646750477892476
0.00016666666666666666,0.006250001895959657,0.004166667930233396,-0.0001666666649999873,0.000499999994999962,-5.098581049999989e-06,0.02287762216494367
0.00016666666666666666,-0.0013333337379658283,-0.007416668916374652,-8.333332499993655e-05,8.333334000005076e-05,-8.497635083333479e-07,0.043131484809363935
8.333333333333333e-05,-0.0007500002265480968,0.004833334799216956,0.0,-8.333334000005076e-05,2.5492905250000044e-06,0.022821813869260302
0.00025,-0.0035833344200280003,0.004666668082883634,0.000333333345000008,-0.000583333334999851,-4.2488175416667e-06,0.04047046631135616
2.021099337273174e-17,-0.0001666667175482467,-0.0004166667938665746,0.0,0.0001666666649999873,8.497635083333282e-07,0.0
8.333333333333333e-05,0.00250000075838438,0.005416668309424616,8.084397349092696e-17,0.0002500000049998764,-4.2488175416666605e-06,-0.024942136083914535
-8.333333333333333e-05,-0.000250000076321885,-0.0019166672481760745,8.333332500009823e-05,-0.0004166666700000254,-3.399054033333352e-06,0.0012194132957788599
-8.333333333333333e-05,0.002916667551045733,-0.002833334193482814,-8.333332499993655e-05,0.0001666666649999873,-3.3990540333333327e-06,-0.023294776653625174
-8.333333333333333e-05,0.016416671647043808,-0.008166669144133469,0.00033333334500008883,-1.6168794698185392e-16,-8.497635083333085e-07,-0.0398479003465023
8.333333333333333e-05,0.005500001669411884,-0.001000000302866748,-8.333333999988908e-05,0.0006666666750000634,5.098581050000009e-06,-0.0009702579140559666
0.0,-0.007583335633926132,-0.014416671040091509,-8.084397349092696e-17,0.0,2.5492905249999845e-06,0.0
8.333333333333333e-05,0.0011666670204182284,-0.0024166673996091253,-8.333332499993655e-05,1.6168794698185392e-16,-3.3990540333333327e-06,0.0444869411317347
-8.333333333333333e-05,0.00108333366164362,0.00016666671755051032,-8.333332499993655e-05,-8.333332500009823e-05,2.5492905250000044e-06,0.0011039410680170276
0.00016666666666666666,-0.003083334268592686,0.018250005536441717,8.084397349092696e-17,8.333333999988908e-05,4.24881754166668e-06,0.04427128402864069
-0.00025,0.011083336695180494,-0.00933333616455008,0.00041666667000010623,-0.0004166666700000254,2.5492905250000044e-06,-0.08495517878134398
8.333333333333333e-05,0.006916668764943865,-0.01383333752989161,-0.00016666667999993984,0.0003333333299999746,8.497635083333085e-07,0.02291458076803117
0.00016666666666666666,-0.0004166667938688382,-0.006833335406174754,-8.333332499993655e-05,0.0004166666700000254,4.2488175416666605e-06,-0.0011590045600547456
8.333333333333333e-05,0.00158333381428739,-0.00016666671633332346,8.333332500009823e-05,0.000166666665000149,-3.3990540333333327e-06,-0.0010711104924234355
-8.333333333333333e-05,0.0013333337379658283,0.0011666670204166117,0.0,0.0,6.798108066666665e-06,-0.042803296470598114
8.333333333333333e-05,0.000666666868983561,-0.0004166667938665746,0.0,-8.333332500009823e-05,2.549290525000024e-06,-0.0010714280618833274
0.0,-0.003166667627366648,0.020000006068283175,-8.333333999996992e-05,0.0,-5.098581049999989e-06,-0.0001177308495880829
-8.333333333333333e-05,-0.02200000667402152,0.0035833344212325754,0.0,-0.0005000000100000762,-2.5492905250000044e-06,0.001104556165379472
2.021099337273174e-17,0.0003333334338873909,0.011000003337616282,8.333334000005076e-05,0.0,-6.798108066666685e-06,0.0
8.333333333333333e-05,0.002583334117158665,0.005250001593091292,-8.333332499993655e-05,8.333334000021246e-05,8.497635083333282e-07,0.02222062810126097
0.00016666666666666666,0.001583333813079581,-0.000666666868983561,0.0,0.0001666666649999873,1.699527016666676e-06,0.036852736949810706
0.00025,0.0015833338130792577,-0.001833333890607658,0.0,0.000166666665000149,0.0,-0.006685403157453725
0.00016666666666666666,-0.0009166669453041525,0.017833338743783275,-8.333333999996992e-05,0.0001666666649999873,5.948344558333317e-06,0.036352524557174186
-0.00025,-0.022750006901779043,0.00016666671755051032,-8.084397349092696e-17,-0.0005000000100000762,-7.647871574999994e-06,0.009434665064351996
8.333333333333333e-05,-0.0020000006069487426,0.022416673467891005,0.0,-0.0001666666649999873,2.5492905250000044e-06,0.0234878561012227
8.333333333333333e-05,0.0022500006820621718,0.005916668460866721,8.084397349092696e-17,0.000166666665000149,1.699527016666676e-06,-0.0010953971666025205
8.333333333333333e-05,0.003000000909819048,-0.00025000007632511876,0.0,0.0,-4.2488175416666605e-06,-0.0010648163934044229
-8.333333333333333e-05,-0.000250000076321885,-0.006000001819640682,-8.333332499993655e-05,0.0,8.497635083333282e-07,0.0009433605535938922
8.333333333333333e-05,-0.0014166670967401135,0.01483333783395873,-8.333333999996992e-05,8.333332500009823e-05,-1.6995270166666564e-06,0.03641096162162204
-0.00016666666666666666,-0.025333341017728283,0.015666671419282727,-8.333333999996992e-05,-0.0005833333350000127,-5.098581049999989e-06,-0.055579259036674114
0.0,0.0013333337379664752,0.020750006294832566,0.00016666666500006816,-8.333334000005076e-05,-1.6995270166666564e-06,0.001483791214059521
-8.333333333333333e-05,0.004500001365333447,8.333335877525516e-05,-8.333332499993655e-05,0.0003333333300001363,2.5492905250000044e-06,-0.04379959817133818
-8.333333333333333e-05,0.0002500000751131059,-0.01100000333760852,0.0,8.333334000005076e-05,1.973729821555834e-20,-0.03641284797826083
2.021099337273174e-17,0.004833334799220191,-0.006250001895958687,8.333332500009823e-05,-8.333332500009823e-05,2.5492905250000044e-06,-1.2935035758548313e-15
8.333333333333333e-05,0.012000003640485616,-0.00575000174452499,0.00033333333000005544,-0.0002500000049998764,8.497635083333282e-07,-0.0011628275737062925
0.00016666666666666666,0.006750002047394971,-0.000583333510207659,-8.333333999988908e-05,0.0005000000100000762,-3.3990540333333327e-06,-0.038352673445820495
-8.333333333333333e-05,-0.008500002579231579,-0.019833339349524533,-0.0001666666649999873,0.0001666666649999873,-2.549290525000024e-06,0.0011673521670202414
-8.333333333333333e-05,-0.0008333335853220584,-0.00033333343509972714,8.333332500009823e-05,8.333333999988908e-05,4.248817541666641e-06,-1.2935035758548313e-15
-8.333333333333333e-05,0.003583334421236133,-0.000250000076324472,0.0,0.000166666665000149,1.973729821555834e-20,-0.021934912454305837
0.0,0.005583335026976096,0.008916669371891638,-8.333332499993655e-05,-8.333333999988908e-05,6.798108066666665e-06,0.0
-0.00016666666666666666,-0.028166675211207217,0.002416667399608478,-0.0002500000049999572,-0.000499999994999962,1.699527016666676e-06,0.03793893710237462
-0.00016666666666666666,-0.007416668916378209,0.02366667384708352,8.333333999996992e-05,-0.0004166666700000254,-8.497635083333282e-07,0.03769601589363172
-8.333333333333333e-05,0.004333334647785523,0.018500005611558058,-8.333332499993655e-05,0.00016666668000010152,-5.948344558333317e-06,-0.024214455491411758
2.021099337273174e-17,0.0010000003028699817,0.0019166672481754276,0.0,8.333332499993655e-05,1.6995270166666564e-06,0.0
-8.333333333333333e-05,0.0014166670967404368,-0.0005833335102089526,8.084397349092696e-17,8.333334000005076e-05,-9.34739859166667e-06,-0.05978120831032025
-8.333333333333333e-05,0.0031666676273676177,0.0031666676273744087,-8.333332499993655e-05,0.0,-4.248817541666641e-06,0.0009721097364478434
0.0,-0.012250003716806856,0.009250002805774824,8.084397349092696e-17,-0.0003333333299999746,-2.5492905250000044e-06,-0.013490855032046481
8.333333333333333e-05,-0.007833335710248017,0.0011666670204166117,0.0003333333299999746,-0.0006666666599999492,-3.3990540333333327e-06,0.02367561694872307
8.333333333333333e-05,0.0024166673996100954,0.0027500008347082056,0.0,8.333332500009823e-05,1.699527016666676e-06,0.022463602922025084
2.021099337273174e-17,0.0014166670967397901,-0.007333335558816584,-8.333333999988908e-05,0.0003333333300001363,1.6995270166666564e-06,0.0
0.0,0.0006666668689822674,-0.0034166677024752264,0.0,8.333334000005076e-05,1.6995270166666958e-06,-0.0005610113515479801
8.333333333333333e-05,-0.00041666679266070584,0.002666667475933597,-8.333332499993655e-05,0.0,-1.973729821555834e-20,-0.0011428303055297066
2.021099337273174e-17,0.0013333337379661519,-0.0014166670967417304,0.00041666667000010623,-0.0004166666700000254,-1.6995270166666564e-06,1.2935035758548313e-15
-0.00016666666666666666,0.023333340410779217,-0.008500002579232549,0.0001666666800000207,0.0005000000100000762,4.2488175416666605e-06,-0.024265257863444276
8.333333333333333e-05,-0.010166669751084474,-0.024416674074841042,-0.0005833333350000127,0.0005833333350000127,1.973729821555834e-20,0.04087500970467744
-8.333333333333333e-05,-0.006333335254734589,-0.004166667930232749,8.084397349092696e-17,-0.0004166666700000254,-4.2488175416666605e-06,0.0
-0.00016666666666666666,0.0029166675510450863,0.012500003791917375,8.084397349092696e-17,0.0,1.0197162099999997e-05,-0.059732553873471136
8.333333333333333e-05,0.0014166670955306877,-0.00041666679265779546,-8.333332499993655e-05,0.0,3.3990540333333327e-06,0.0
-8.333333333333333e-05,0.0072500022000390645,-0.00875000265434242,8.333332500009823e-05,0.0,5.948344558333337e-06,-0.042188040110903484
8.333333333333333e-05,-0.0079166690678132,0.004500001365333769,-0.0002500000049999572,0.0003333333299999746,2.5492905250000044e-06,-0.0011629080383417506
-0.00016666666666666666,-0.01258333715069457,-0.003916667853917331,8.333333999996992e-05,-0.0004166666700000254,1.973729821555834e-20,0.0377765133093952
-8.333333333333333e-05,0.007166668840056324,0.023833340563425252,8.333332500009823e-05,8.333332499993655e-05,8.497635083333479e-07,0.0011952689439899081
-0.00016666666666666666,0.00175000053183596,-0.0013333337379664752,-8.333332499993655e-05,0.0001666666649999873,-3.3990540333333128e-06,-0.04521429277640871
2.021099337273174e-17,0.0007500002277571993,-0.0020833339657246445,8.084397349092696e-17,8.333334000005076e-05,-1.973729821555834e-20,-1.2935035758548313e-15
0.0,0.016833338439706132,0.005083334875542076,0.0001666666649999873,0.000166666665000149,2.5492905250000044e-06,0.0
0.00025,-0.032333343141444815,-0.011583336846608694,-0.000333333345000008,-0.0004166666700000254,5.098581049999989e-06,0.03639679971079006
-0.00016666666666666666,-0.008416669220456323,-0.0050833348755414285,8.333333999996992e-05,-0.0003333333449999272,2.5492905250000044e-06,0.0011639363733314289
-8.333333333333333e-05,0.004083334571463638,0.012666670509465945,8.084397349092696e-17,0.0002500000050000381,4.2488175416666605e-06,0.0011959614553579336
-8.333333333333333e-05,0.0025000007583837335,0.0012500003791996279,0.0,0.0,8.497635083333282e-07,-0.06187189273802796
2.021099337273174e-17,0.002583334117158665,-0.0008333335853168844,8.333332500009823e-05,0.000166666665000149,1.6995270166666564e-06,-1.2935035758548313e-15
2.021099337273174e-17,0.0015833338142880369,-0.003916667853917331,8.084397349092696e-17,-8.333332499993655e-05,-2.5492905249999845e-06,0.0
-0.00016666666666666666,0.0005833335102092759,-0.0010000003028751557,8.333332500009823e-05,8.333334000005076e-05,6.798108066666645e-06,-0.03546630231899132
-8.333333333333333e-05,0.012666670509468209,-0.006916668764941601,8.333332500001739e-05,8.333334000005076e-05,8.497635083333282e-07,-0.036523422549271746
-8.333333333333333e-05,-0.004916668157994476,-0.00741666891638306,-0.000333333345000008,0.0005833333350001744,-8.497635083333479e-07,0.0011735737017536949
-0.00025,-0.02116667308869914,0.0005000001514330507,8.333333999996992e-05,-0.00075,-2.549290525000024e-06,0.016773560777737295
-8.333333333333333e-05,0.003916667855123847,0.0315833429136915,8.333332500009823e-05,8.333332500009823e-05,1.6995270166666564e-06,0.0011938506288790248
0.0,0.0026666674759316567,0.006333335254733296,8.084397349092696e-17,-0.0002500000050000381,5.948344558333317e-06,0.0
8.333333333333333e-05,-0.0030833342685930095,0.020416672860949378,8.084397349092696e-17,0.00024999999000024724,-3.947459643111668e-20,0.06430306609484573
0.0,-0.0010833336628523992,0.002416667399608478,0.00016666666500006816,-0.000499999994999962,2.549290525000024e-06,-1.2935035758548313e-15
-0.00025,0.014583337757643313,-0.015583338060517175,8.333334000005076e-05,0.00024999999000024724,0.0,-0.08495517878134398
8.333333333333333e-05,-0.001500000455514075,-0.017666672026233413,-0.0002500000049999572,0.0004166666700000254,0.0,-0.0011431631302292872
2.021099337273174e-17,-0.009666669599648837,-0.0075833356339251624,0.0,-8.333334000005076e-05,-8.497635083333282e-07,0.0
0.0,0.0024166673996100954,0.006000001820850109,0.0,8.333334000005076e-05,-5.948344558333357e-06,4.335564434942272e-05
2.021099337273174e-17,0.0006666668689825909,0.002500000758383087,8.084397349092696e-17,1.6168794698185392e-16,3.3990540333333128e-06,-1.2935035758548313e-15
2.021099337273174e-17,0.002583334117157372,0.0018333338894001726,8.333332500009823e-05,8.333334000021246e-05,5.948344558333317e-06,-1.2935035758548313e-15
2.021099337273174e-17,-0.0034166677036888563,0.006333335254733942,-0.00016666666500006816,-8.333333999988908e-05,3.3990540333333128e-06,-1.2935035758548313e-15
-8.333333333333333e-05,-0.0030000009110275035,0.0018333338894008194,0.000499999994999962,-0.0009166666649999873,1.699527016666676e-06,0.02159347402624553
0.0003333333333333333,0.006166668538394798,0.0075000022751492606,-0.00016666667999993984,0.0006666666599999492,6.798108066666665e-06,-0.016376028724592956
8.333333333333333e-05,0.002750000834705942,-0.007333335558816584,0.0,-8.333332500009823e-05,-1.699527016666676e-06,-0.0011599552003498602
2.021099337273174e-17,0.00175000053183596,-0.0012500003791912201,8.084397349092696e-17,8.333334000005076e-05,5.948344558333337e-06,-1.2935035758548313e-15
0.0,0.0017500005306275044,-0.006666668689833669,-8.333332499993655e-05,0.0,-1.6995270166666564e-06,8.60094563000732e-05
8.333333333333333e-05,0.0072500022000390645,-0.00433333464778326,0.00033333334500008883,-0.00033333334500008883,5.948344558333317e-06,-0.0011247131279268716
0.00025,0.01183333692293737,0.012083336999258286,-0.00016666667999993984,0.0004166666700000254,-6.798108066666685e-06,-0.009471611077606213
0.00016666666666666666,-0.02308334033687489,-0.01633333828826629,-0.0002500000049999572,-0.0001666666649999873,-5.098581050000028e-06,0.04015383806453966
-0.00016666666666666666,-0.001500000455514075,-0.011583336846616455,8.333332500009823e-05,-0.0003333333299999746,1.973729821555834e-20,-0.06347035384378655
8.333333333333333e-05,0.0029166675510450863,-0.0010833336616420032,-8.333332499993655e-05,1.6168794698185392e-16,1.973729821555834e-20,0.04028353664605852
8.333333333333333e-05,-0.002166667324497313,0.006500001972283159,-8.333332499993655e-05,1.6168794698185392e-16,1.699527016666676e-06,-0.0011294400497973483
0.00025,-0.0056666683857507045,-0.0012500003791912201,0.00016666667999993984,-0.0003333333299999746,8.497635083333282e-07,0.000617683934535469
0.0,0.00683333540616958,0.00433333464778326,8.084397349092696e-17,0.0004166666700000254,-2.5492905249999845e-06,1.2935035758548313e-15
0.00016666666666666666,8.333335877460842e-05,-0.004000001213900719,-0.00016666666499990645,0.0002500000050000381,-2.5492905250000044e-06,0.05631544682659183
-8.333333333333333e-05,0.001500000455514075,0.0,8.084397349092696e-17,0.0,1.699527016666676e-06,0.0009433175383161546
0.00016666666666666666,-0.006416668613508227,0.01775000538500802,-0.0001666666649999873,8.333333999988908e-05,-1.6995270166666958e-06,0.06450533418007091
-0.00016666666666666666,-0.026583341398128284,-0.0030833342685913927,0.0001666666649999873,-0.0007500000000001617,1.6995270166666564e-06,0.0010952234882421585
-0.00016666666666666666,0.004750001441654361,0.015833338136833238,0.0001666666800000207,1.6168794698185392e-16,-1.6995270166666564e-06,-0.04034119614708858
0.0,0.0036666677788009918,0.0007500002277581693,-0.00016666666499990645,0.0003333333300001363,1.0197162099999997e-05,1.2935035758548313e-15
0.00016666666666666666,0.0015833338130792577,-0.0011666670204172583,0.0,8.333332500009823e-05,-2.5492905250000044e-06,0.08495517878134398
0.0,0.0013333337379661519,0.0005833335102083058,8.084397349092696e-17,-8.333332499993655e-05,2.5492905249999845e-06,0.00011093836928355611
8.333333333333333e-05,0.0010000003040790842,0.004916668157992212,-8.333332499993655e-05,-8.333334000005076e-05,-8.497635083333479e-07,-0.0009839607382296689
0.0,-0.0034166677036888563,-0.00033333343509972714,8.084397349092696e-17,-0.00024999999000008553,4.248817541666622e-06,1.2935035758548313e-15
-8.333333333333333e-05,0.009500002882100914,-8.333335877525516e-05,8.333332500009823e-05,0.0,-7.647871574999994e-06,0.0009978998688541145
0.0,-0.001916667248174781,-0.006250001895958687,-0.0002500000049999572,0.0003333333300001363,-1.6995270166666367e-06,0.0
2.021099337273174e-17,0.007833335710248664,-0.017083338516025105,8.333334000005076e-05,-0.0002499999899999239,-6.798108066666685e-06,1.2935035758548313e-15
0.0,-0.0038333344963498855,-0.00983333631719967,-0.00016666667999993984,0.0002500000050000381,2.549290524999965e-06,-1.2935035758548313e-15
-8.333333333333333e-05,-0.006833335407377713,0.005166668234316037,0.0,-8.333332499993655e-05,0.0,0.0
2.021099337273174e-17,0.0036666677800110646,0.014083337604999541,0.0,-0.0001666666649999873,-5.948344558333317e-06,0.0
-8.333333333333333e-05,0.0012500003791928369,8.333335877460842e-05,0.0,0.0001666666649999873,1.699527016666676e-06,0.0010841931815815365
-8.333333333333333e-05,0.000583333511418055,0.0024166673996078316,0.0,-8.333334000005076e-05,-2.5492905250000044e-06,0.0
0.0,0.013500004094789943,-0.0027500008347088522,0.00033333333000005544,-0.000499999994999962,-5.098581050000009e-06,0.0
0.0,0.023083340335665788,-0.010083336392308248,8.333333999996992e-05,0.0005833333350000127,-5.948344558333337e-06,0.0
0.0,-0.010333336468631427,-0.03308334336919943,-0.000499999994999962,0.0005000000100002378,3.3990540333333327e-06,0.0
0.0,-0.004416668006559485,-0.006166668538399972,8.333333999996992e-05,-0.0001666666649999873,-3.3990540333333327e-06,0.0
0.0,0.0033333343449148943,0.01383333752988385,8.084397349092696e-17,0.0,-8.497635083333282e-07,2.3494574963115156e-05
8.333333333333333e-05,0.0011666670204179051,0.002666667475933597,-8.333332499993655e-05,8.333333999988908e-05,-5.948344558333317e-06,0.06129542150221791
0.0,0.0022500006820618487,0.007083335482491465,8.084397349092696e-17,0.0001666666649999873,3.3990540333333128e-06,9.521865014814669e-05
8.333333333333333e-05,-0.003500001062463141,-0.003166667627366001,8.333332500009823e-05,-0.00024999999000008553,-8.497635083333479e-07,-0.0009171766781157607
-0.00016666666666666666,0.018333338895219882,-0.010916669977625134,0.00033333334500008883,-0.00025000000500019975,-1.6995270166666958e-06,-0.0610815347745937
0.00016666666666666666,0.008916669371892607,-0.003166667627366648,0.0,0.0004166666700000254,8.497635083333085e-07,-0.0010003586863309869
0.0,-0.00641666861350758,-0.014750004475191883,-8.333333999996992e-05,8.333334000005076e-05,-5.098581049999989e-06,0.0
8.333333333333333e-05,0.0011666670204185518,-0.0037500011375743067,0.0,8.333334000005076e-05,-4.24881754166668e-06,0.0
2.021099337273174e-17,0.0012500003804009692,-0.0005000001526424765,0.0,-8.333332499993655e-05,3.399054033333352e-06,1.2935035758548313e-15
0.00016666666666666666,0.0010000003040790842,0.0012500003791918667,0.0,0.0,-8.497635083333282e-07,-0.001046415182787718
8.333333333333333e-05,0.00808333578536177,0.006916668764941601,8.084397349092696e-17,0.0002499999899999239,-5.098581050000009e-06,-0.0010580027008157535
0.00016666666666666666,-0.023500007129535275,0.008750002654350181,-8.333334000005076e-05,-0.00041666667000018706,0.0,0.04005988691811734
-8.333333333333333e-05,-0.002083333964513925,-0.004166667930234042,0.0005833333350000935,-0.00075,-5.948344558333357e-06,0.0009941854752250948
8.333333333333333e-05,0.007416668916377562,0.005333334951866548,-0.00016666667999993984,0.0009166666649999873,8.497635083333282e-07,-0.0011002777782734483
-8.333333333333333e-05,-0.0007500002277571993,-0.0036666677788081063,0.0,0.000166666665000149,7.647871575000013e-06,0.0011165317241050717
8.333333333333333e-05,-0.002250000683270951,0.0044166680065585145,8.084397349092696e-17,0.0,-8.497635083333282e-07,-0.0011384279673944953
-0.00025,-0.008416669220457617,0.003250000986141256,-8.333332499993655e-05,-0.0003333333299999746,0.0,-0.055746281002978015
-0.00025,-0.007083335482490818,0.007750002351475026,0.00016666667999993984,-0.00024999999000008553,-5.948344558333298e-06,0.009266395144443959
8.333333333333333e-05,0.004333334648993979,0.01900000576420894,0.0,8.333332499993655e-05,-6.798108066666645e-06,-0.0010784323508010454
-8.333333333333333e-05,0.0012500003791915434,-0.0010833336616420032,0.0,0.0001666666649999873,-8.497635083333341e-06,-0.0653494021541452
8.333333333333333e-05,0.0011666670204185518,-0.0015833338142922408,0.0,-8.333334000005076e-05,-5.098581050000009e-06,-0.0009394101752446861
-0.00016666666666666666,0.025583341094049843,0.0006666668677670209,0.0004166666699999445,-8.333333999988908e-05,8.497635083333282e-07,-0.06327929507093374
0.00016666666666666666,-0.01958333927441175,-0.03133334283857516,-0.0005000000099999953,0.0004166666700000254,0.0,-0.02204005254488697
-8.333333333333333e-05,-0.012833337225807352,-0.012416670433142119,0.0,-0.0003333333449999272,-1.699527016666676e-06,0.0008819499018201088
0.0,0.00433333464778617,0.009416669523325335,0.0,-8.333334000005076e-05,1.6995270166666564e-06,1.2935035758548313e-15
0.0,0.003000000909819048,8.333335877525516e-05,0.0,0.0,-5.948344558333317e-06,1.2935035758548313e-15
8.333333333333333e-05,0.0008333335865314843,0.00041666679387433557,-8.333332499993655e-05,-8.333332499993655e-05,-4.2488175416666605e-06,-0.0011273371980538489
-0.00016666666666666666,0.0010000003040787609,-6.467517879274157e-16,0.0,0.0,-6.798108066666665e-06,-0.05745746199387617
2.021099337273174e-17,0.005333334951864284,-0.005416668309424616,8.084397349092696e-17,-1.6168794698185392e-16,-2.5492905250000044e-06,0.0
-8.333333333333333e-05,0.010500003184971865,-0.007000002122508077,-8.333333999988908e-05,0.0003333333300001363,7.647871574999994e-06,0.0010867515592887583
8.333333333333333e-05,-0.000916666945303829,-0.0018333338893995257,-0.0002500000049999572,0.0005833333350000127,6.798108066666645e-06,-0.0009962631249166509
-0.00016666666666666666,-0.022750006901778072,-0.00025000007510793187,-8.333333999996992e-05,-0.0005833333350000127,4.24881754166668e-06,0.0010744532251898717
0.0,0.004916668157994152,0.008333335861683978,0.00016666666500006816,-0.0001666666649999873,6.798108066666665e-06,1.2935035758548313e-15
8.333333333333333e-05,0.001666667171852896,0.003250000986141256,-8.333332499993655e-05,8.333332500009823e-05,-3.399054033333372e-06,-0.0011250759757253238
2.021099337273174e-17,-0.0004166667926603825,0.006000001820849462,0.0,0.0,8.497635083333085e-07,-1.2935035758548313e-15
2.021099337273174e-17,-0.0022500006820621718,0.00016666671633332346,0.0002500000049999572,-0.0005000000099999144,-4.2488175416666605e-06,0.0
-8.333333333333333e-05,0.0035833344212367795,0.005583335026975126,-8.333333999988908e-05,0.0004166666700000254,8.497635083333282e-07,-0.048726591128368295
2.021099337273174e-17,-0.004833334799220191,-0.002916667551042176,0.00016666667999993984,-0.0002500000050000381,7.647871574999994e-06,1.2935035758548313e-15
8.333333333333333e-05,0.003250000986141903,-0.0005000001514330507,-8.333333999988908e-05,0.0004166666700000254,-1.973729821555834e-20,-0.0010676334216789757
2.021099337273174e-17,0.0005000001514346676,8.333335877525516e-05,8.084397349092696e-17,8.333332500009823e-05,3.3990540333333327e-06,-1.2935035758548313e-15
0.0,0.0005833335102086291,-0.0020000006069500363,0.0,0.0,1.699527016666676e-06,-1.2935035758548313e-15
-0.00016666666666666666,0.013333337377242667,0.0038333344963502086,0.0002500000050000381,0.0001666666649999873,-8.497635083333302e-06,0.0009816948546329514
0.0,-0.009916669674762266,-0.021333339805041516,-0.00016666667999993984,8.333332499977486e-05,8.497635083333479e-07,1.2935035758548313e-15
0.0,-0.0008333335865308376,-0.002833334192266274,0.0,8.333332500009823e-05,2.549290524999965e-06,1.2935035758548313e-15
0.0,-0.004083334571463638,0.008250002502908076,8.084397349092696e-17,-0.00016666666499982563,2.5492905249999845e-06,-0.00017416299648401846
0.0,0.0017500005306265343,-0.00016666671755051032,0.0,-8.333333999988908e-05,-8.497635083333085e-07,0.0
0.00016666666666666666,0.0010000003040794077,-0.002500000758383087,0.0,0.0,-1.973729821555834e-20,-0.0009445132038711259
8.333333333333333e-05,0.016250004929496856,-0.0040833345714581405,0.00033333333000005544,-0.0001666666649999873,1.699527016666676e-06,-0.0010795280236479206
0.00016666666666666666,-0.005333334951863313,-0.013166670660909343,-0.0004166666699998637,0.0006666666599999492,1.699527016666676e-06,-0.014568849706054769
0.00016666666666666666,-0.010250003109858113,-0.007666668992699771,-0.00016666667999993984,0.0,1.6995270166666564e-06,0.08495517878134398
-8.333333333333333e-05,0.002166667324497636,0.005333334950658415,8.333332500009823e-05,0.0,5.098581050000009e-06,-0.0860231073277278
8.333333333333333e-05,0.0036666677788022854,-0.012166670358032894,8.333332500009823e-05,8.333333999988908e-05,2.5492905249999845e-06,-0.0010011968936978115
0.0,0.008333335861683009,-0.00408333457267468,0.00016666666500006816,8.333333999988908e-05,-1.6995270166666564e-06,-1.2935035758548313e-15
0.0003333333333333333,-0.02308334033687489,-0.00033333343509972714,-0.0002500000049998764,-8.333332499993655e-05,8.497635083333282e-07,0.030417917306779417
0.0,-0.010583336543746151,-0.010000003034749533,0.0002500000050001189,-0.0006666666599999492,-8.497635083333085e-07,0.0
8.333333333333333e-05,0.006333335254733942,0.008000002426582957,-8.333333999988908e-05,0.0004999999950001236,1.6995270166666564e-06,-0.0010792071887240227
2.021099337273174e-17,0.0014166670967401135,-0.0037500011375749534,0.0,0.0002500000049998764,-4.2488175416666605e-06,0.0
0.00016666666666666666,0.0007500002265484201,0.0005000001526495908,0.0,-8.333334000005076e-05,1.0197162100000038e-05,0.05597678410851707
0.00016666666666666666,-0.0009166669440960201,0.006500001972283806,-8.333332499993655e-05,-0.0001666666649999873,-2.549290525000024e-06,0.05409017320009104
-8.333333333333333e-05,-0.005166668234315714,0.0003333334338838338,8.333333999996992e-05,-0.0005000000099999144,5.098581050000009e-06,-1.2935035758548313e-15
0.00016666666666666666,-0.004500001365332476,0.024333340716066434,-8.333332499993655e-05,0.00024999999000024724,-1.973729821555834e-20,0.061015524008350135
-2.021099337273174e-17,-0.015416671344174796,-0.0010833336628585434,0.000166666665000149,-0.000833333339999889,-3.3990540333333327e-06,0.0
0.0,0.01100000333761499,0.015916671495608496,8.333334000005076e-05,8.333332500009823e-05,4.24881754166668e-06,0.0002731900238690691
0.00016666666666666666,0.0011666670216263608,-0.002500000758383087,-8.333333999988908e-05,0.0004166666700000254,1.6995270166666958e-06,-0.02664007500255765
0.0,0.0005000001514349909,-0.0023333340408332234,0.0,0.0,5.098581050000028e-06,1.0220807363900046e-05
2.021099337273174e-17,0.0005000001514349909,0.0024166674008250185,0.0,-8.333334000005076e-05,1.699527016666676e-06,0.0
0.0,0.009083336088231753,0.004833334799225365,0.00016666666500006816,0.0001666666649999873,2.5492905250000044e-06,0.00012301904234077987
-8.333333333333333e-05,0.009583336240875522,-0.002666667475933597,8.084397349092696e-17,0.0003333333299999746,-2.5492905250000044e-06,0.001049709642932026
0.0,-0.011083336696389274,-0.008500002579233843,-8.333333999996992e-05,-0.0001666666649999873,-4.248817541666641e-06,-0.00012310128920038955
-8.333333333333333e-05,-0.004083334572672417,-0.0017500005306249173,0.0,-0.0001666666649999873,-4.2488175416666605e-06,0.000958663454244379
0.0,-0.002083333965722381,-0.0016666671718496623,-8.333333999988908e-05,8.333332500009823e-05,-8.497635083333479e-07,0.0
2.021099337273174e-17,0.0017500005306275044,0.0022500006820592613,0.0,-8.333332499993655e-05,-5.098581049999989e-06,0.0
2.021099337273174e-17,0.0044166680065591615,-0.005166668234316037,8.084397349092696e-17,8.333332500009823e-05,1.699527016666676e-06,1.2935035758548313e-15
0.0,0.006583335329847372,0.00500000151676682,-8.333333999988908e-05,0.00041666665500007284,5.098581049999989e-06,-0.0001625286472042919
8.333333333333333e-05,-0.025750007811597444,-0.004916668157991565,0.0,-0.00075,-4.2488175416666605e-06,0.0
-8.333333333333333e-05,0.003500001061253392,0.016916671798475242,0.00016666666500006816,-0.0001666666649999873,-4.2488175416666605e-06,-0.061433587623877815
2.021099337273174e-17,0.0027500008334968395,0.0021666673244921386,0.0,0.0001666666649999873,8.497635083333479e-07,0.0
-8.333333333333333e-05,0.0017500005306278277,-0.00475000144045011,0.0,8.333333999988908e-05,4.24881754166668e-06,0.0010557882052936798
0.0,0.006583335331055504,-0.004833334800433497,8.084397349092696e-17,8.333333999988908e-05,3.399054033333352e-06,1.2935035758548313e-15
2.021099337273174e-17,-0.00466666808288137,-0.012000003639283306,-0.0002500000050000381,0.0004166666700000254,8.497635083333085e-07,1.2935035758548313e-15
2.021099337273174e-17,-0.0013333337379667985,0.0034166677036917663,0.0,-0.0002500000049998764,-1.699527016666676e-06,1.2935035758548313e-15
8.333333333333333e-05,-0.011666670205389447,0.009083336088224961,-8.333333999996992e-05,-0.0003333333299999746,8.497635083333282e-07,-0.0011655564734156037
-8.333333333333333e-05,-0.00016666671754727658,-0.0028333341922669206,0.00016666666500006816,-0.0001666666649999873,2.5492905250000044e-06,0.0010268456302039946
8.333333333333333e-05,0.0018333338894004959,0.00016666671633332346,0.0,8.333332499993655e-05,-1.6995270166666564e-06,-0.0009017839426808577
2.021099337273174e-17,0.004750001440446552,-0.0027500008334916653,0.0,0.0,-2.5492905249999845e-06,-1.2935035758548313e-15
0.0,0.02450000743361533,0.001333333737967122,0.0002500000050000381,0.0001666666649999873,-2.5492905250000044e-06,-1.2935035758548313e-15
8.333333333333333e-05,-0.021250006447473425,-0.027083341549567153,-0.0005000000099999953,0.0004166666700000254,2.549290525000024e-06,-0.0011663561638612817
-8.333333333333333e-05,-0.015166671267852589,-0.009333336164550727,0.0,-0.00033333334500008883,1.2746452625000002e-05,0.0010120550590670772
0.0,0.0033333343449148943,0.0020000006069500363,8.333332500009823e-05,-1.6168794698185392e-16,-8.497635083333282e-07,4.870898076203755e-05
0.0,0.0014166670967401135,-0.0010833336616497642,0.0,0.0,5.098581050000009e-06,-1.2935035758548313e-15
0.00016666666666666666,0.0020833339645142486,0.002333334040841631,0.0,0.0,6.798108066666645e-06,0.05665465363522396
0.0,-0.004250001289010915,0.000250000076324472,8.084397349092696e-17,-0.0002499999899999239,-2.5492905250000044e-06,0.0
-8.333333333333333e-05,-0.001916667248174781,0.0022500006820586147,-8.333332499993655e-05,0.0,-3.3990540333333128e-06,0.0009206743886552027
-0.00016666666666666666,-0.009666669598440704,0.004250001289008651,8.333333999996992e-05,-0.0005000000100000762,-3.3990540333333327e-06,0.027426792298931267
0.0,0.001500000455514075,0.020333339500958877,8.333332500009823e-05,-0.0003333333299998129,7.647871575000013e-06,0.0
8.333333333333333e-05,-0.007333335558813026,0.003166667627366648,8.333333999996992e-05,-0.0001666666649999873,8.497635083333085e-07,0.03710284081691902
8.333333333333333e-05,0.005666668385751352,0.021916673315249824,8.333334000005076e-05,0.0001666666649999873,-1.699527016666676e-06,-0.0009724985344930448
0.00025,0.0013333337379667985,0.005833335103299598,-8.333333999988908e-05,0.0001666666649999873,-1.699527016666676e-06,0.05888091374800489
0.0,0.0018333338894008194,0.013916670888666865,8.333332500009823e-05,1.6168794698185392e-16,2.5492905250000044e-06,6.392861800785694e-05
0.0003333333333333333,0.012416670434355102,-0.007416668917583431,0.00033333334500008883,-0.0001666666649999873,2.5492905250000044e-06,0.034775889251895974
-0.0003333333333333333,-0.006000001819638419,-0.018250005536450124,-0.0002500000049999572,0.0,-4.24881754166668e-06,-0.062129707059199506
2.021099337273174e-17,-0.0032500009861415797,-0.006166668537183432,-8.333333999996992e-05,8.333334000005076e-05,-4.2488175416667e-06,1.2935035758548313e-15
2.021099337273174e-17,0.001333333737965505,-0.001000000302866748,0.0,8.333333999988908e-05,-5.098581050000009e-06,0.0
-8.333333333333333e-05,0.0009166669440956967,-8.333335877460842e-05,0.0,1.6168794698185392e-16,-1.6995270166666564e-06,0.0010623238786304783
8.333333333333333e-05,0.0001666667175469532,0.0007500002277581693,0.0,0.0,8.497635083333341e-06,0.0
8.333333333333333e-05,-0.008916669371892607,0.02450000743240881,-8.333332499993655e-05,-8.333332499993655e-05,2.5492905249999845e-06,0.060934463310563784
-0.00025,-0.017916672101350076,0.0006666668689829142,0.0001666666649999873,-0.00075,5.948344558333357e-06,0.03934479875573759
0.00016666666666666666,0.003166667627366971,0.025916674529142134,8.084397349092696e-17,0.0003333333449999272,-8.497635083333479e-07,0.06240231696066395
8.333333333333333e-05,-3.2337589396370783e-16,0.00041666679266620324,8.333334000005076e-05,-8.333332499993655e-05,1.6995270166666564e-06,-0.0009639576280114448
2.021099337273174e-17,0.0024166673996104185,0.0013333337367583428,-8.333332499993655e-05,8.333333999988908e-05,-3.399054033333352e-06,-1.2935035758548313e-15
0.0,0.007750002351474055,0.004500001365333769,8.333332500009823e-05,-1.6168794698185392e-16,-2.5492905249999845e-06,0.0
8.333333333333333e-05,-0.01625000492949653,-0.0002500000763173577,-0.0002500000049999572,-0.0001666666649999873,-8.497635083333479e-07,0.023957182418260104
-0.00016666666666666666,-0.010666669902518819,0.002250000682057968,0.00016666668000010152,-0.0006666666599999492,-8.497635083333341e-06,0.0010540586596290166
0.0,0.003916667855124493,0.02000000606706728,0.0,8.333334000005076e-05,5.098581049999969e-06,1.2935035758548313e-15
-8.333333333333333e-05,0.0020833339657236744,-0.0008333335853168844,0.0,8.333332500009823e-05,-9.34739859166665e-06,-0.061194533514516015
0.0,0.003500001062462818,-0.0030833342685920393,0.00016666666500006816,-8.333333999988908e-05,-5.098581049999989e-06,4.0205468541373396e-05
-8.333333333333333e-05,0.018000005460123064,-0.0005833335102089526,8.333334000005076e-05,0.0001666666649999873,5.098581049999969e-06,0.0010575816278695128
0.00016666666666666666,-0.0216666732401351,-0.019916672709508566,-0.0003333333449999272,0.0,5.098581049999969e-06,0.03983073623479318
-0.00016666666666666666,-0.004083334572672417,-0.009666669599649807,8.333333999996992e-05,-0.0003333333299999746,7.647871575000013e-06,-0.05580268271394307
2.021099337273174e-17,0.0037500011375756004,0.008250002502908076,0.0,-8.333332500009823e-05,2.549290524999965e-06,0.0
0.0,0.0022500006820621718,-0.0035000010612504817,-8.333333999988908e-05,8.333332500009823e-05,8.49763508333336e-06,0.0
8.333333333333333e-05,-0.004416668006559485,0.014250004322550053,-8.333332499993655e-05,0.0,2.5492905250000044e-06,0.06587575220311345
-8.333333333333333e-05,-0.0064166686135072575,-0.00025000007632511876,0.0002500000050000381,-0.0008333333400000508,2.5492905250000044e-06,0.001059422277304758
-0.00016666666666666666,0.02141667316381257,-0.00033333343509196615,8.333333999996992e-05,0.0006666666599999492,-1.6995270166666564e-06,-0.04102974512045944
-8.333333333333333e-05,-0.00916666944821417,-0.02000000606707504,-0.000499999994999962,0.00075,3.3990540333333128e-06,0.0011727389949451512
2.021099337273174e-17,-0.0010833336628530458,-0.00358333442124163,8.333333999996992e-05,-0.0001666666649999873,8.497635083333085e-07,0.0
-8.333333333333333e-05,0.0015833338130786109,0.005583335026975126,0.0,8.333333999988908e-05,-2.5492905250000044e-06,0.0010718018421709227
8.333333333333333e-05,0.0006666668689825909,0.003666667778800345,-8.333332499993655e-05,0.0001666666649999873,-8.497635083333085e-07,-0.0010091979676210838
-8.333333333333333e-05,-0.006166668537185695,-0.00033333343388318703,0.0,-0.00041666665500007284,2.5492905250000044e-06,0.0010132028282154352
-0.00016666666666666666,0.01991667270829817,-0.005083334874333296,0.00033333333000005544,-8.333332500009823e-05,-1.973729821555834e-20,-0.0860327186997359
0.00016666666666666666,0.0008333335865308376,0.0030833342685913927,-0.0003333333299999746,0.00075,8.497635083333282e-07,0.05694377293517787
0.00016666666666666666,-0.008083335785361447,-0.005250001593091292,-8.084397349092696e-17,-8.333332499993655e-05,-2.5492905250000044e-06,0.08495517878134269
0.0,0.00108333366164362,0.0007500002277581693,0.0,0.0,-1.973729821555834e-20,-0.025840140497500802
-8.333333333333333e-05,0.0013333337379661519,-0.0005000001514421052,0.0,-8.333332499993655e-05,8.497635083333479e-07,0.0009774109270022666
0.0,0.01950000591563779,-0.001916667248174781,0.0001666666800000207,1.6168794698185392e-16,-2.549290525000024e-06,-1.2935035758548313e-15
0.0,-0.012333337075580817,-0.0255833410952583,-0.0004166666699998637,0.0005833333350000127,8.497635083333479e-07,1.2935035758548313e-15
8.333333333333333e-05,-0.00733333555881335,-0.004916668159199698,0.0,-0.0004166666700000254,8.497635083333282e-07,-0.0011695620615190516
8.333333333333333e-05,0.002583334117157372,0.014000004247433067,0.0,8.333333999988908e-05,4.2488175416666605e-06,0.08605946764531287
2.021099337273174e-17,0.0023333340408358103,0.0020833339645165124,0.0,-8.333333999988908e-05,1.973729821555834e-20,-1.2935035758548313e-15
0.00016666666666666666,-0.00033333343388771433,-0.001916667248174781,0.0,8.333332500009823e-05,-1.6995270166666564e-06,0.058826519651853273
-0.00016666666666666666,0.009250002806988131,-0.012416670434349604,8.333334000005076e-05,-0.0003333333300001363,-1.6995270166666367e-06,-0.05857942082109577
0.0,0.00700000212371718,0.00433333464778326,-0.00016666667999993984,0.0006666666599999492,8.497635083333341e-06,0.00010582072449227174
8.333333333333333e-05,-0.014833337832756742,-0.021333339805033755,-0.0003333333449999272,0.0002500000050000381,3.3990540333333327e-06,-0.0011347048263052582
-8.333333333333333e-05,-0.0005833335102086291,-0.001916667248174781,8.333332500009823e-05,-0.0001666666649999873,1.973729821555834e-20,0.0011239749548775661
0.00016666666666666666,0.004000001212689029,0.008166669144133469,0.0,8.333332499993655e-05,5.948344558333317e-06,0.055578859444705045
-8.333333333333333e-05,0.002333334042045236,0.0012500003791918667,0.0,0.0001666666649999873,2.549290525000024e-06,-0.05827122502569756
0.0,0.006250001895960304,0.008250002502908076,8.333332500009823e-05,-0.0002500000050000381,5.098581049999989e-06,8.37617150029271e-05
0.0006666666666666666,-0.011666670206597902,-0.008500002579225435,-8.084397349092696e-17,-0.00016666668000010152,8.497635083333479e-07,0.03328582202867708
-8.333333333333333e-05,-0.00408333457267274,-0.0038333344963489154,0.0002500000050000381,-0.00075,1.699527016666676e-06,-0.058860383068645994
-8.333333333333333e-05,0.005583335028186169,-0.0011666670204159648,-8.333333999988908e-05,0.00033333334500008883,-8.497635083333282e-07,-0.04400522222283633
0.0,8.333335877428504e-05,-0.010166669751091912,-8.333333999988908e-05,8.333332500009823e-05,8.497635083333341e-06,-1.2935035758548313e-15
-0.00016666666666666666,0.0033333343437070857,-0.0011666670216253906,0.0,-8.333334000005076e-05,8.497635083333282e-07,-0.05845809469159641
0.00016666666666666666,-0.0004166667938701317,0.0035833344200334977,-8.333332499993655e-05,8.333334000005076e-05,8.497635083332887e-07,-0.0010078645666259237
-0.0003333333333333333,-0.018250005536445273,0.005166668234316037,-8.084397349092696e-17,-0.0006666666599999492,-1.699527016666676e-06,0.019495216326932942
0.0,0.007250002200039388,0.026166674604258474,8.333334000005076e-05,-8.333333999988908e-05,-2.5492905250000044e-06,0.0
2.021099337273174e-17,0.003583334420028324,0.0021666673244998998,-8.333333999988908e-05,0.0002500000050000381,-1.973729821555834e-20,-1.2935035758548313e-15
8.333333333333333e-05,0.0005000001514349909,-0.00433333464778326,0.0,8.333334000005076e-05,2.5492905250000044e-06,-1.2935035758548313e-15
0.0003333333333333333,0.01666667172215821,0.0030000009098161374,0.00016666666500006816,0.0002499999899999239,-2.5492905249999845e-06,0.06356862997451616
0.00016666666666666666,-0.02733334162467638,-0.008500002578025063,-0.0001666666649999873,-0.0006666666599999492,-5.098581049999989e-06,0.038562796712939676
-8.333333333333333e-05,-0.0009166669440963435,0.00408333457267468,8.333333999996992e-05,-0.0002500000049998764,-1.973729821555834e-20,-1.2935035758548313e-15
0.0,0.003416667703689503,0.007333335557607804,0.0,0.0,-5.948344558333337e-06,-1.2935035758548313e-15
-8.333333333333333e-05,0.0018333338894004959,-8.333335877525516e-05,0.0,-1.6168794698185392e-16,-8.497635083333479e-07,-0.0633842388650687
0.0,-0.002166667324496666,0.009750002957207874,-8.333332499993655e-05,-8.333332500009823e-05,-8.497635083333479e-07,0.005815649443885519
2.021099337273174e-17,-0.005083334875541752,-0.003333334344917158,0.00016666667999993984,-0.0006666666600001109,1.973729821555834e-20,0.0
8.333333333333333e-05,0.012500003791919961,0.011416670129074352,0.0,0.0003333333299999746,-3.3990540333333327e-06,-0.0010598517487317117
0.00016666666666666666,-0.016416671647043808,-0.019500005915641345,-0.0003333333449999272,0.0002500000050000381,1.973729821555834e-20,0.05904938045018482
8.333333333333333e-05,-0.003083334268593656,-0.004916668157991565,8.333333999996992e-05,-0.0003333333299999746,4.2488175416666605e-06,-0.001164660684134449
0.00016666666666666666,0.0033333343449148943,0.00575000174452499,0.0,0.000166666665000149,2.5492905250000044e-06,0.05592699254413213
0.0,0.0005000001514353143,-0.001000000302866748,0.0,8.333334000005076e-05,5.098581049999989e-06,4.8621939236505165e-08
-0.00016666666666666666,0.02325000705321436,-0.006833335407383533,0.0004166666699999445,-0.0005000000100000762,4.2488175416666605e-06,-0.06451430429446951
0.0,-0.003666667780010741,-0.016083338213158358,-0.0005000000099999144,0.0007500000000001617,8.497635083333282e-07,-0.024118162415022702
-8.333333333333333e-05,-0.009333336165761768,-0.011750003564158559,-0.00016666667999993984,0.0,8.497635083333282e-07,0.0009131142660251094
0.0,0.0020833339657230277,0.003333334343708379,0.0,0.0,1.0197162099999958e-05,1.9350736108349842e-05
8.333333333333333e-05,0.0010833336616439435,0.0008333335865340713,0.0,0.0,1.6995270166666367e-06,-0.0010686634638527822
8.333333333333333e-05,-0.0012500003791915434,0.0034166677036911197,-8.333332499993655e-05,0.0,-1.699527016666676e-06,-0.001118134522663119
-0.00016666666666666666,-0.00550000166941156,0.0015833338130757007,8.333333999996992e-05,-0.0003333333299999746,-3.3990540333333327e-06,0.001019042724919402
0.00016666666666666666,-0.004583334724106438,0.024083340639741314,-8.333332499993655e-05,0.0,7.647871574999994e-06,0.05965256571235497
8.333333333333333e-05,-0.010000003033535904,0.0009166669441005474,0.0002500000050000381,-0.000583333334999851,2.5492905250000044e-06,0.02286775482123097
-0.00016666666666666666,0.009833336317196437,0.012750003868242493,0.0001666666800000207,1.6168794698185392e-16,8.497635083333321e-06,-0.04042555895985699
0.00025,-0.0005833335114174083,-0.00033333343509972714,-8.084397349092696e-17,-8.333332499993655e-05,-5.948344558333317e-06,0.04339344636872152
0.0,0.003083334268593656,-0.0034166677024745798,-8.333333999988908e-05,0.0003333333300001363,-8.497635083333479e-07,-2.5870071517096627e-15
0.00016666666666666666,-0.0001666667175469532,0.0015000004542997985,8.084397349092696e-17,8.333333999988908e-05,-1.699527016666676e-06,0.06224054523537246
0.0,0.0017500005306265343,0.006000001820849462,0.0,0.0,-2.549290525000024e-06,-1.2935035758548313e-15
0.0,-0.010916669978841673,0.005583335026975126,-8.333333999996992e-05,-0.0003333333299999746,4.2488175416666605e-06,-1.2935035758548313e-15
-8.333333333333333e-05,-0.014000004247434684,0.015166671267850325,8.333334000005076e-05,-0.0005833333350000127,1.973729821555834e-20,0.0010368416495233153
0.0,0.00466666808167259,0.009416669523324688,8.333334000005076e-05,-0.0001666666649999873,8.497635083333479e-07,-1.2935035758548313e-15
8.333333333333333e-05,0.0010833336616442668,0.0005000001514330507,-8.333333999988908e-05,0.0002500000050000381,-2.5492905250000044e-06,-0.0010739923275774345
0.00016666666666666666,0.0013333337379667985,0.0004166667926584422,0.0,-1.6168794698185392e-16,-8.497635083333479e-07,0.05581283505211662
-0.00016666666666666666,0.012666670509468209,0.0035000010612582424,0.0,0.0002500000050000381,8.497635083333479e-07,-0.05735863147726826
0.00016666666666666666,-0.030833342687139845,-0.000250000076324472,-0.0003333333449999272,-0.0001666666649999873,1.6995270166666367e-06,0.03738708774796299
-0.00025,-0.013916670888660722,-0.006833335406174754,0.0002500000049998764,-0.0006666666749999018,1.699527016666676e-06,-0.057021973695214064
0.0,0.007333335557604571,0.023583340487100132,8.333334000005076e-05,0.0003333333300001363,-6.798108066666685e-06,0.00014208808646071702
8.333333333333333e-05,0.002750000834706589,0.0008333335865250168,-8.333333999988908e-05,0.000166666665000149,8.497635083332887e-07,-0.001080725117164871
8.333333333333333e-05,0.0006666668689825909,0.00041666679266620324,0.0,-8.333332499993655e-05,-8.497635083333282e-07,-0.0010545425201455752
-0.00016666666666666666,0.0016666671730616752,0.005333334951866548,0.0,0.0001666666649999873,1.973729821555834e-20,-0.05436540471524673
2.021099337273174e-17,-0.003833334496349562,-0.0023333340420497633,8.084397349092696e-17,0.0,-1.699527016666676e-06,1.2935035758548313e-15
2.021099337273174e-17,0.007833335709039884,0.00791666906781611,8.084397349092696e-17,8.333333999988908e-05,-1.6995270166666958e-06,0.0
0.0,-0.02933334223162577,-0.003750001137583361,-0.0002500000050000381,-0.0003333333299999746,8.497635083333479e-07,0.0
-8.333333333333333e-05,-0.0024166673996100954,0.013250004019674896,0.00016666667999993984,-0.0002500000050000381,7.647871574999974e-06,0.0011107718656382835
-8.333333333333333e-05,0.0035000010612540387,0.00358333442002509,-8.333333999988908e-05,0.00024999999000024724,5.098581049999989e-06,0.0011328590941615403
2.021099337273174e-17,0.001750000530626211,0.0009166669440914928,8.333334000005076e-05,0.0,3.399054033333352e-06,0.0
-8.333333333333333e-05,0.002000000606948096,-0.003250000984924716,0.0,1.6168794698185392e-16,-8.497635083333085e-07,0.0010703150313632148
0.0,0.0035000010612540387,0.0009166669453086798,0.0,1.6168794698185392e-16,0.0,1.2935035758548313e-15
0.0,-0.003333334344914571,0.002583334117158342,-8.333333999996992e-05,0.0,-1.973729821555834e-20,-0.0001681984417580275
2.021099337273174e-17,0.001500000455514075,-0.003666667778800345,0.0004166666699999445,-0.000499999994999962,3.3990540333333327e-06,-1.2935035758548313e-15
0.00016666666666666666,0.006333335254733942,0.0021666673245005464,-8.333334000005076e-05,0.0005000000100002378,-5.098581050000009e-06,-0.037773457926167694
8.333333333333333e-05,-0.0023333340408367804,-0.010583336543741299,8.333333999996992e-05,-0.0001666666649999873,-1.6995270166666564e-06,0.02237205595062761
2.021099337273174e-17,0.0018333338894008194,-0.003250000986141256,-8.333333999988908e-05,0.0004166666700000254,8.497635083333479e-07,0.0
2.021099337273174e-17,0.0014166670955316578,-0.00033333343509972714,0.0,0.0,1.699527016666676e-06,1.2935035758548313e-15
0.0,0.007416668916378209,0.0022500006832758017,-8.333333999988908e-05,8.333333999988908e-05,3.3990540333333327e-06,-1.2935035758548313e-15
0.0,-0.011083336696389274,-0.006000001820850109,-8.333334000005076e-05,-0.0004166666700000254,5.098581050000009e-06,0.024250283804975657
8.333333333333333e-05,0.0023333340420455596,0.0038333344963502086,0.0,8.333334000005076e-05,-3.3990540333333327e-06,0.0
8.333333333333333e-05,-0.007583335633926456,-0.004583334724108378,-8.333333999996992e-05,8.333334000005076e-05,3.3990540333333128e-06,-0.0010757259484406353
-0.00016666666666666666,0.0010000003028696584,-0.0024166673996078316,8.084397349092696e-17,-8.333332499993655e-05,2.5492905249999845e-06,-0.08495517878134269
8.333333333333333e-05,0.00250000075838438,0.002250000683275155,0.0,0.0,-4.2488175416667e-06,0.05691751440531807
-8.333333333333333e-05,0.002750000833497486,-0.000250000076316711,0.00016666666500006816,-0.0001666666649999873,2.549290525000024e-06,0.0011272192879903337
0.0003333333333333333,-0.0017500005306275044,-0.0014166670955251903,0.00016666667999993984,-0.00016666666499982563,-2.5492905250000044e-06,0.01845481488589689
-8.333333333333333e-05,0.015500004702948435,-0.0034166677036924133,0.0,0.0003333333300001363,4.24881754166668e-06,0.0011658176509133126
8.333333333333333e-05,-0.011416670130275695,-0.02858334200387601,-0.0004166666699999445,0.0005000000100002378,1.6995270166666367e-06,-0.0011468288420272681
-0.00025,-0.006000001819638419,-0.001916667248174781,0.0,-0.0004166666699998637,5.098581049999989e-06,0.027480362461553887
0.00025,0.003083334268593333,0.014666671116417274,0.0,1.6168794698185392e-16,8.497635083333479e-07,0.05711404784383485
-8.333333333333333e-05,0.0007500002265480968,-0.0012500003791912201,0.0,8.333334000021246e-05,-4.24881754166668e-06,0.001080611166809427
0.0,0.009583336240875198,-0.0010833336616420032,0.0003333333299999746,-0.0004166666700000254,-1.699527016666676e-06,0.0
0.00016666666666666666,0.012583337150695217,0.006750002047400145,-8.333334000005076e-05,0.000583333334999851,1.699527016666676e-06,-0.027539973437660632
0.00025,-0.025916674529145693,-0.010000003033534287,-0.0002500000050000381,-0.0003333333449999272,8.497635083333302e-06,0.03838606421384417
0.0,-0.00033333343509552325,-0.009166669447000217,0.00016666667999993984,-0.0004166666700000254,1.973729821555834e-20,0.0236961024504931
2.021099337273174e-17,0.003500001062462171,0.0028333341922753283,-8.333333999988908e-05,0.00024999999000024724,-5.098581049999989e-06,1.2935035758548313e-15
0.0,0.0023333340408371035,-0.004333334647792314,0.0,1.6168794698185392e-16,2.5492905250000044e-06,0.00014543326538340705
2.021099337273174e-17,0.007083335482491465,-0.004416668006557867,8.333334000005076e-05,-0.0001666666649999873,-5.098581050000009e-06,1.2935035758548313e-15
8.333333333333333e-05,0.0007500002265487435,-0.004416668006566923,-0.0001666666800000207,0.00033333334500008883,0.0,-0.0008971568629934659
0.0,0.01291667058458196,0.002833334193474406,8.333334000005076e-05,0.0002499999899999239,5.098581049999989e-06,0.0
0.0,-0.024916674226276032,-0.013000003943350425,-0.0002500000050000381,-8.333332499993655e-05,1.6995270166666564e-06,0.025704286045728563
-8.333333333333333e-05,-0.0035000010612540387,-0.002416667399608478,0.00016666667999993984,-0.0002500000049998764,5.948344558333337e-06,-1.2935035758548313e-15
0.0,0.0030833342685930095,0.012083336999257639,-8.333333999988908e-05,8.333334000005076e-05,8.497635083333341e-06,0.0
-8.333333333333333e-05,0.002583334117158342,0.001000000304083288,0.0,0.0,-1.5295743150000005e-05,0.0010938796622135367
0.00025,-8.333335877396167e-05,0.0009166669440992539,0.0,8.333332500009823e-05,-6.798108066666685e-06,0.08495517878134398
-8.333333333333333e-05,-0.0016666671718519259,0.0011666670204250195,0.0002500000050000381,-0.0006666666750000634,-4.24881754166668e-06,0.0010224306554003206
0.00016666666666666666,0.004250001289010915,0.00358333442124163,-8.333333999988908e-05,0.0005000000100000762,-5.948344558333317e-06,-0.0009292577529869352
2.021099337273174e-17,0.004500001365333447,-0.0047500014416588885,0.0003333333299999746,-0.0004166666699998637,-1.6995270166666958e-06,0.0
8.333333333333333e-05,0.009083336089440208,-0.005333334950649361,-8.333334000005076e-05,0.0005000000100002378,5.098581049999969e-06,1.2935035758548313e-15
-8.333333333333333e-05,-0.0029166675510447627,-0.01641667164704219,-0.0001666666800000207,0.00033333334500008883,-1.0197162099999997e-05,-0.021432449570308543
-0.00016666666666666666,-0.00025000007511342926,-0.0009166669453080329,-8.084397349092696e-17,-8.333332499993655e-05,8.497635083333282e-07,0.0010086153546839745
-0.00016666666666666666,-0.0002500000763215616,0.003083334268600447,-8.333333999988908e-05,8.333333999988908e-05,-2.5492905250000044e-06,-0.0576387147344817
0.0,0.0068333354061692565,0.0038333344963502086,8.084397349092696e-17,-8.333332499993655e-05,-1.699527016666676e-06,1.7504504051369925e-05
0.0,-0.008333335860474552,0.005166668234316684,-0.00016666667999993984,-0.0001666666649999873,5.948344558333317e-06,-4.15141462141441e-05
0.0,-0.01783333874378392,0.00233333404083387,8.333333999996992e-05,-0.000583333334999851,8.497635083333282e-07,0.02481452022015712
-8.333333333333333e-05,0.003750001137577217,0.015416671344175443,8.333334000005076e-05,-8.333333999988908e-05,4.24881754166668e-06,1.2935035758548313e-15
0.0,0.0010000003028703052,-0.0003333334338915948,-8.333333999988908e-05,8.333332500009823e-05,7.647871574999974e-06,5.344798095886492e-05
-8.333333333333333e-05,0.0029166675510460564,-0.0058333351033008915,0.0,-8.333332499993655e-05,-3.3990540333333327e-06,0.0009218183227374943
-0.00016666666666666666,0.011666670205389447,-0.010416669826199845,0.0001666666800000207,0.0002500000050000381,-6.798108066666665e-06,-0.03427929822846135
0.00016666666666666666,-0.005166668234316037,-0.001416667096742377,-0.0003333333299999746,0.0005833333350001744,8.497635083333341e-06,0.060167551724253115
-0.0003333333333333333,-0.022500006825456834,-0.00025000007510857865,8.333332500001739e-05,-0.0008333333249999366,-8.497635083333282e-07,0.03803192621028542
0.0,0.010500003184970895,0.031083342763458817,8.333334000005076e-05,0.0,-4.24881754166668e-06,0.00023034709313780898
8.333333333333333e-05,0.0023333340408354867,0.001750000531842751,-8.333333999988908e-05,0.0004166666700000254,-2.5492905250000044e-06,1.2935035758548313e-15
8.333333333333333e-05,0.0010000003040790842,-0.0034166677036917663,0.0,0.0,-3.399054033333352e-06,-0.0010736259913718743
-0.00025,0.012583337150695217,-0.003500001062466375,0.0002500000050000381,-8.333333999988908e-05,-3.399054033333352e-06,-0.05983987867792473
0.00025,0.003166667627366648,0.00016666671633332346,-0.00016666667999993984,0.00033333334500008883,2.549290524999965e-06,-0.02824574979083716
-8.333333333333333e-05,0.005083334875542723,-0.005500001668199871,0.0,0.0,-3.3990540333333327e-06,0.000861613972504468
0.0,-0.004500001365333123,-0.016333338288266937,-0.0001666666800000207,0.0004166666700000254,7.647871575000013e-06,-1.2935035758548313e-15
-8.333333333333333e-05,-0.01275000386824217,0.006500001972283159,-8.333333999996992e-05,-0.0002500000049998764,-2.549290524999965e-06,0.0009513489267853503
2.021099337273174e-17,-0.00658333533105615,0.00908333608823337,8.333333999996992e-05,-0.000583333334999851,8.497635083333085e-07,0.0
0.0,0.008250002502908723,0.015833338136833238,0.0,8.333334000005076e-05,-3.399054033333352e-06,0.0002265521890341511
0.00016666666666666666,-0.0001666667163394676,0.00408333457266692,8.333333999996992e-05,-0.00033333334500008883,7.647871574999994e-06,0.021714069789663577
0.0,0.004500001365333769,-0.0021666673245005464,-8.333333999988908e-05,0.0004166666700000254,0.0,0.0
-8.333333333333333e-05,0.011083336696389274,-0.004833334799216956,8.333334000005076e-05,0.0002500000050000381,-2.549290525000024e-06,0.0011204454949539568
0.0,0.004916668157994476,0.001916667248174781,-0.00016666667999993984,0.0005000000099999144,2.5492905250000044e-06,4.46123118719293e-05
0.00016666666666666666,-0.02358334048830988,0.0020000006069500363,-8.333332500009823e-05,-0.0005833333350000127,8.497635083333282e-07,0.039867041567455616
-0.00016666666666666666,0.0005833335102092759,-0.0012500003791925136,0.00016666667999993984,-0.0004166666700000254,5.948344558333317e-06,0.0010940463670348335
0.00016666666666666666,0.004083334571463314,0.0024166673996078316,-8.333333999988908e-05,0.0003333333300001363,8.497635083333282e-07,0.06320615888905401
-0.00016666666666666666,0.0008333335865308376,-0.00233333404083387,8.084397349092696e-17,0.0002500000050000381,-1.699527016666676e-06,-0.05807762167197394
8.333333333333333e-05,-0.004166667931446379,0.0037500011375749534,0.0,-8.333332499993655e-05,-1.6995270166666564e-06,-0.0011013141695345337
2.021099337273174e-17,-0.006583335329848018,0.003000000909816784,-8.084397349092696e-17,-0.0004166666699998637,1.973729821555834e-20,0.0
8.333333333333333e-05,0.002666667474722878,0.0019166672481663732,0.0003333333299999746,-0.0003333333449999272,-1.699527016666676e-06,-0.001168349857608943
0.00016666666666666666,0.006000001820847198,0.0005000001514324038,-0.00016666667999993984,0.0005833333350000127,-4.2488175416667e-06,-0.0009285063417266226
2.021099337273174e-17,-0.0019166672481757512,-0.01200000364048303,-0.0001666666800000207,0.0001666666649999873,-6.798108066666665e-06,0.0
0.0,-0.0006666668689825909,-0.00041666679387498235,8.084397349092696e-17,-8.333332499977486e-05,-3.3990540333333327e-06,-8.087619335209536e-05
0.0,-0.0024166673996110655,0.009083336088232722,-8.333332499993655e-05,0.0,1.973729821555834e-20,0.0
-0.00016666666666666666,-0.019333339199298645,0.007250002198824788,-8.084397349092696e-17,-0.000583333334999851,1.699527016666676e-06,0.0376732315410433
8.333333333333333e-05,0.004750001440446552,0.011333336771500115,0.0005833333350000935,-0.0004999999949998002,-3.947459643111668e-20,-0.0011727711249233431
0.0004166666666666667,0.005333334950654858,-0.0004166667926584422,-0.0002500000049998764,0.0007499999999998384,1.6995270166666367e-06,-0.017787640016034452
8.333333333333333e-05,-0.0035000010612553324,-0.002916667551041529,-8.333333999996992e-05,-8.333333999988908e-05,8.497635083333085e-07,0.0
0.0,0.00125000037919219,-0.002916667551041529,0.0,-8.333334000005076e-05,-1.699527016666676e-06,0.0
2.021099337273174e-17,-0.003500001062463141,0.0013333337379664752,-8.333332499993655e-05,-8.333333999988908e-05,4.2488175416666605e-06,0.0
2.021099337273174e-17,-0.0010833336616439435,0.0037500011375749534,8.333333999996992e-05,-0.0003333333299999746,-3.947459643111668e-20,-2.5870071517096627e-15
-8.333333333333333e-05,-0.0038333344963498855,0.006500001972283159,-8.333332499993655e-05,0.00024999999000008553,-5.098581049999989e-06,0.001159431423407255
-8.333333333333333e-05,-0.015083337909078303,0.0015833338142922408,0.0001666666649999873,-0.00075,1.6995270166666367e-06,-1.2935035758548313e-15
0.0,0.012083336999259578,0.017333338591141445,0.0001666666800000207,8.333334000021246e-05,-2.5492905250000044e-06,-1.2935035758548313e-15
0.0003333333333333333,0.0010000003028699817,-0.0033333343449158644,-0.0001666666800000207,0.0002500000050000381,1.973729821555834e-20,0.03725142124079349
-8.333333333333333e-05,0.0004166667926613526,-0.003250000986141903,-8.333333999996992e-05,0.0,-1.973729821555834e-20,-0.06316459024285431
0.00016666666666666666,0.0022500006820624953,0.0007500002265416292,0.0,1.6168794698185392e-16,8.497635083333282e-07,0.0544532075238634
-8.333333333333333e-05,0.011333336771502379,-0.008500002578025063,0.0003333333299999746,-0.0003333333449999272,2.5492905249999845e-06,0.0012039860736190653
0.00016666666666666666,0.010666669902519466,0.005916668460866721,-0.00016666666500006816,0.00075,-1.6995270166666958e-06,-0.0010293335706538832
0.0,-0.011666670205390094,-0.021833339956467454,-0.0003333333449999272,8.333333999988908e-05,8.497635083333282e-07,-8.601776469214302e-05
2.021099337273174e-17,-0.00016666671754759994,-0.003250000986141256,8.333333999996992e-05,-8.333332499993655e-05,1.6995270166666564e-06,1.2935035758548313e-15
-8.333333333333333e-05,0.0014166670967397901,0.0020833339645165124,8.333334000005076e-05,0.0001666666649999873,-3.3990540333333327e-06,0.0010653614021281506
-8.333333333333333e-05,0.0012500003791915434,-0.008583335936791264,0.0,-8.333333999988908e-05,2.549290525000024e-06,0.000897078033655675
-0.00025,0.004333334647784876,-0.0016666671730662024,0.0002500000050000381,-0.000499999994999962,1.973729821555834e-20,-0.002210775998386089
8.333333333333333e-05,0.012416670433145677,0.0005833335102083058,-8.333334000005076e-05,0.0007500000000001617,0.0,0.0
8.333333333333333e-05,-0.019416672558072928,-0.030166675818159194,-0.0003333333449999272,0.0001666666649999873,2.5492905249999845e-06,-0.0011405253462687445
-0.00025,-0.005666668385750381,-0.01141667013027537,0.00016666667999993984,-0.0003333333299999746,-3.3990540333333327e-06,-0.053197374900041096
2.021099337273174e-17,0.003083334268593656,0.009500002882099944,0.0,0.000166666665000149,-2.5492905250000044e-06,-1.2935035758548313e-15
0.0,0.0015833338142880369,-0.00016666671634173123,0.0,8.333334000005076e-05,7.647871574999974e-06,1.2935035758548313e-15
-0.0003333333333333333,0.001000000302869335,0.0022500006820586147,-8.333333999988908e-05,-0.00024999999000008553,0.0,-0.08495517878134529
-8.333333333333333e-05,0.005833335103298951,-0.024916674226275387,8.333333999996992e-05,-0.0002500000049998764,8.497635083333282e-07,1.2935035758548313e-15
0.0,-0.00033333343388771433,0.008916669371891638,-0.00033333333000005544,0.000499999994999962,-1.973729821555834e-20,1.2935035758548313e-15
-0.00016666666666666666,-0.019750005991959998,0.003333334343708379,8.333332500001739e-05,-0.0007500000000001617,-1.6995270166666564e-06,0.037588487548694115
0.0,0.0058333351020901725,0.02016667278461585,8.333334000005076e-05,-8.333332499993655e-05,-3.399054033333352e-06,0.0
2.021099337273174e-17,0.0015833338142880369,0.00041666679387498235,-8.333333999988908e-05,8.333332499993655e-05,-8.49763508333336e-06,-1.2935035758548313e-15
0.00016666666666666666,-8.333335877363829e-05,0.0012500003791912201,0.0,0.0,1.699527016666676e-06,0.05446266831762235
-8.333333333333333e-05,0.0020000006069493892,-0.005500001668199871,8.333334000005076e-05,-0.0002500000049998764,1.4445979641666678e-05,0.0009429742422317051
8.333333333333333e-05,-0.0016666671718535428,0.006500001971075027,-8.333333999988908e-05,0.00033333334500008883,0.0,-0.0010799221350901967
2.021099337273174e-17,-0.006500001972282189,-0.00033333343388318703,0.0002500000050000381,-0.0005000000099999144,-8.497635083333677e-07,-1.2935035758548313e-15
-8.333333333333333e-05,0.011083336695180818,-0.001583333813074407,0.0,0.0004166666700000254,-6.798108066666645e-06,-0.02383114640583905
2.021099337273174e-17,0.0015833338142877133,-0.003916667855124817,8.333333999996992e-05,8.333334000021246e-05,4.2488175416666605e-06,1.2935035758548313e-15
8.333333333333333e-05,0.0012500003791925136,-0.00358333442002509,0.0,0.0003333333299999746,-5.948344558333317e-06,0.0
8.333333333333333e-05,0.004166667930237599,-0.0010833336616420032,0.0,0.0,5.948344558333317e-06,-0.0009345710472009766
0.0,0.0060000018208475215,0.001916667248174781,-8.333333999988908e-05,0.0003333333299999746,-8.497635083333282e-07,0.0
8.333333333333333e-05,-0.024000007280970587,0.000666666868983561,-0.0001666666649999873,-0.0002500000050000381,-8.497635083333479e-07,0.024351926244545675
-8.333333333333333e-05,-0.0047500014416553315,0.004500001365333123,0.00016666667999993984,-0.0003333333299999746,3.3990540333333327e-06,0.000983898762050861
-8.333333333333333e-05,0.004250001289010591,0.010250003109858113,0.0,0.0002500000050000381,-4.24881754166668e-06,0.0
2.021099337273174e-17,0.001666667171852896,-0.003666667778808753,-8.333333999988908e-05,0.0,8.497635083333341e-06,1.2935035758548313e-15
8.333333333333333e-05,0.0012500003791928369,0.00025000007632511876,0.0,1.6168794698185392e-16,-9.34739859166665e-06,-0.0008909530993926132
8.333333333333333e-05,0.008916669371891638,0.007916669067808349,0.0,8.333332500009823e-05,-4.2488175416667e-06,0.0
0.00025,-0.025083340942614853,-0.0015000004543082063,-0.0002500000049998764,1.6168794698185392e-16,1.6995270166666958e-06,0.03910049885870604
-0.00016666666666666666,-0.015333337985400512,-0.0022500006832667473,0.0001666666649999873,-0.0007500000000001617,-1.699527016666676e-06,0.03771860332008348
8.333333333333333e-05,0.006166668537186342,0.02150000652258362,0.0,0.0001666666649999873,0.0,-1.2935035758548313e-15
0.0,0.0010000003028696584,-0.0019166672481838354,-8.333333999996992e-05,8.333332499993655e-05,-8.497635083333479e-07,0.0
8.333333333333333e-05,0.000250000076321885,-0.0010833336616420032,-8.333333999996992e-05,0.0,-5.098581050000009e-06,-0.0010913374650020464
8.17705566634377e-06,0.006971037253172847,0.1282479113360411,3.7800500093120266e-05,5.028240664402565e-05,1.385653858730075e-06,0.0004924105799582604
-1.9687599798124375e-05,-0.019108086671025877,0.3493857162306358,-0.00011220414458694876,-0.00022549640594674787,3.5457722629580273e-06,-0.003221166480076229
-8.348734560351537e-05,-0.01369924525348027,-0.43952074258438373,0.00026376689588722825,-0.0004861910175799888,3.3399273713012196e-06,0.0
2.021099337273174e-17,0.005416668309429143,0.08591669273157264,0.0002500000050000381,-0.0002500000049998764,-8.497635083333479e-07,1.2935035758548313e-15
0.00016666666666666666,0.0036666677788013153,-0.3315834339258217,-0.0001666666800000207,0.00041666667000018706,0.0,-0.026586405526263276
-0.00016666666666666666,-0.0005833335102089526,0.14575004421524254,-8.084397349092696e-17,8.333334000005076e-05,1.699527016666676e-06,-0.06381018053141371
-8.333333333333333e-05,0.0018333338894008194,-0.04800001456194162,8.333333999996992e-05,1.6168794698185392e-16,-2.549290525000024e-06,0.0
8.333333333333333e-05,0.0079166690678132,0.12566670478939584,0.00016666667999993984,-0.0002500000050000381,7.647871574999994e-06,-0.0010966480032295093
2.021099337273174e-17,0.008666669295570075,-0.4073334569063091,-8.333334000005076e-05,0.0005000000100000762,1.6995270166666564e-06,0.0
0.0,-0.017333338591140474,0.06266668567714999,-0.0003333333449999272,-8.333334000005076e-05,1.6995270166666564e-06,0.0
0.0,-0.0017500005306275044,0.15358337992549076,0.00016666667999993984,-0.0002500000050000381,-2.5492905250000438e-06,-1.2935035758548313e-15
-0.00025,0.0028333341922711247,-0.004083334571463314,0.0,-0.0001666666649999873,3.399054033333352e-06,-0.08495517878134398
2.021099337273174e-17,0.0020833339657233513,0.10158336415086103,-8.333333999996992e-05,-8.333332499993655e-05,-4.24881754166668e-06,0.0
-8.333333333333333e-05,0.01783333874257579,0.025916674529145693,0.0001666666800000207,8.333332499993655e-05,1.699527016666617e-06,0.0010797608900530678
0.0,-0.004750001440446552,-0.0013333337379658283,-0.0004166666699998637,0.0006666666599999492,-1.973729821555834e-20,0.026366391966150454
0.0,-0.02158333988136114,8.333335877428504e-05,-8.333332500001739e-05,-0.0006666666750000634,-8.497635083333282e-07,1.2935035758548313e-15
0.0,0.003583334421236456,0.006083335178413027,8.333334000005076e-05,-8.333332499993655e-05,2.5492905250000044e-06,1.2935035758548313e-15
-8.333333333333333e-05,0.0011666670204172583,-0.02350000712953592,-8.084397349092696e-17,-1.6168794698185392e-16,-2.5492905249999845e-06,0.0010421736601287396
2.021099337273174e-17,-0.001333333737967122,0.07291668878700827,-8.084397349092696e-17,0.0,-1.6995270166666958e-06,0.0
-0.00016666666666666666,0.00966666959964819,-0.30125009139011666,0.0001666666800000207,-0.0001666666649999873,-1.699527016666676e-06,-0.06279676557683075
8.333333333333333e-05,-0.006583335329847695,0.7975002419366091,-0.0003333333299999746,0.0005000000100000762,3.3990540333333327e-06,-0.0011425564177192024
-0.0003333333333333333,-0.019916672708298493,0.025666674452824778,8.333332500001739e-05,-0.0007500000000001617,-1.699527016666676e-06,0.03802832952335787
0.0,0.008750002654344361,0.03183334299000821,8.333334000005076e-05,0.0,8.497635083333282e-07,0.0
-1.0107425621478664e-05,0.0018451098772281128,0.12351571324344923,-5.334065189011555e-05,0.0001345853321114696,-2.1109938925360317e-06,0.007478359289753087
8.304096497959141e-05,0.0013053414192138741,-0.06077124868818313,3.456005451648488e-05,5.1737188442701015e-05,3.9907387618762306e-07,0.015553813317612953
-0.00011300769647127854,0.016099180625430688,0.167314450232081,9.14423545336091e-05,0.00014483365101467186,2.9738657070375657e-06,-0.05751082691572349
0.00016666666666666666,-0.014666671115209464,-0.009500002882108997,-0.0003333333449999272,0.0002500000050000381,0.0,0.040857380583909496
-8.333333333333333e-05,-0.010166669751084151,-0.0022500006832758017,0.0003333333299998938,-0.000583333334999851,-9.34739859166667e-06,-0.03171946073428521
-8.333333333333333e-05,0.008666669295570075,0.011750003564166965,-8.333334000005076e-05,0.0006666666750000634,5.098581049999989e-06,-0.02457417960384757
0.0,0.0017500005306268576,-0.003083334268592686,-8.084397349092696e-17,0.000166666665000149,5.098581049999989e-06,3.147385379221911e-05
0.0,0.0003333334338867442,-0.004666668081666447,-8.333333999996992e-05,-0.0001666666649999873,-4.2488175416666605e-06,0.0
-0.00016666666666666666,0.016666671722157883,-0.012000003640483677,0.0003333333299999746,0.0,-5.098581050000009e-06,-0.041742205522579345
0.00016666666666666666,0.0033333343449148943,0.0004166667926584422,-0.0001666666800000207,0.0005000000100002378,-3.399054033333352e-06,-0.0009374256198203916
-8.333333333333333e-05,0.004083334572673064,-0.013500004094791884,8.333333999996992e-05,-0.000166666665000149,1.6995270166666367e-06,-0.08593715200665433
8.333333333333333e-05,0.0013333337379658283,0.004250001289008004,-8.333334000005076e-05,0.0004166666700000254,0.0,-0.0010461937371305087
8.333333333333333e-05,0.0005000001514349909,-0.005833335102090819,-8.333333999996992e-05,0.0,-4.2488175416667e-06,-0.001070891036111344
8.333333333333333e-05,8.333335877299154e-05,0.013666670813549879,8.333333999996992e-05,1.6168794698185392e-16,-8.497635083333282e-07,-0.0008647062771979512
-0.00016666666666666666,0.01308333730333834,-0.013916670888666865,0.0001666666800000207,-0.0003333333300001363,1.6995270166666564e-06,-0.08495517878134269
0.00016666666666666666,0.004916668157994152,0.006333335254733942,-0.0002500000049999572,0.000499999994999962,3.3990540333333128e-06,0.05548747553197253
-0.00016666666666666666,-0.020166672784620702,0.0030833342685998005,-8.333332500009823e-05,-0.0005000000100000762,-5.098581049999989e-06,-0.0561357095907688
0.0,0.0020000006069493892,0.0012500003791918667,0.00016666667999993984,-0.0001666666649999873,-1.973729821555834e-20,-1.2935035758548313e-15
-0.00016666666666666666,0.0027500008334978097,0.0007500002277581693,-8.333333999988908e-05,0.0002500000050000381,1.699527016666676e-06,-0.0631008870259173
8.333333333333333e-05,0.0001666667175482467,0.0020000006069500363,0.0,-8.333334000005076e-05,7.647871575000013e-06,-0.001023279212645462
0.0,-0.002000000606949066,0.006416668612300418,8.084397349092696e-17,-8.333332499993655e-05,3.3990540333333327e-06,-0.0014163765117965845
-8.333333333333333e-05,-0.008333335861683331,0.0075833356339251624,0.0,-0.0005000000099999144,-8.497635083333282e-07,0.0010093211896562329
0.00025,-0.0008333335865305142,0.009916669674757739,0.0003333333449999272,-0.0004166666699998637,-1.973729821555834e-20,0.03248624760468698
0.00025,0.007500002275151524,0.0012500003791918667,-0.0001666666649999873,0.0005000000100000762,-4.24881754166668e-06,-0.03830249005894099
0.0,-0.0037500011375759235,-0.014416671040099915,-0.00016666667999993984,0.0002500000050000381,3.3990540333333128e-06,4.792287910176027e-05
-8.333333333333333e-05,0.0003333334338880377,-0.0017500005306255641,-8.084397349092696e-17,-0.0001666666649999873,-1.699527016666676e-06,0.0010015381077420897
0.00016666666666666666,0.0012500003791925136,-0.0004166667938756291,8.333333999996992e-05,8.333332500009823e-05,4.24881754166668e-06,-0.0008434463665471412
8.333333333333333e-05,0.005333334950654858,-0.005166668234316037,0.0,8.333333999988908e-05,2.5492905250000044e-06,-0.0010065446396979193
8.333333333333333e-05,0.008000002427796587,0.003250000986141256,0.00016666667999993984,-0.0001666666649999873,1.699527016666617e-06,0.011531469644798845
-8.333333333333333e-05,-0.013333337378451769,6.467517879274157e-16,-8.333332499993655e-05,-0.000166666665000149,9.34739859166667e-06,0.0
-8.333333333333333e-05,0.002750000833496516,0.011833336922933167,-8.084397349092696e-17,-8.333332499993655e-05,1.699527016666676e-06,-1.2935035758548313e-15
-8.333333333333333e-05,0.0010833336616442668,0.000666666868983561,-8.084397349092696e-17,8.333334000021246e-05,8.497635083333479e-07,0.0010613558622542768
0.00016666666666666666,0.0010000003040790842,0.0020000006069500363,-8.084397349092696e-17,-0.00016666666499982563,3.399054033333293e-06,-0.000867556233631654
8.333333333333333e-05,-0.0035000010612540387,0.0044166680065585145,-0.00016666666499990645,-8.333334000005076e-05,1.6995270166666958e-06,-0.001155505983117554
-0.00016666666666666666,-0.00966666959964916,0.0008333335865327778,0.0002500000050000381,-0.000833333339999889,1.699527016666676e-06,0.0010464400144785436
-0.00025,0.024833340867501424,-0.013916670888666865,0.0002500000050000381,0.0005833333350000127,5.098581049999989e-06,-0.03863378155610731
0.0,-0.002083333965722381,-0.0014166670967417304,-0.0003333333449999272,0.00075,8.497635083333085e-07,-0.024692400626889946
8.333333333333333e-05,-0.0005000001526434466,-0.009166669448216756,-8.084397349092696e-17,-8.333332499993655e-05,-3.3990540333333327e-06,-0.00111133447718522
0.0,0.0016666671730626453,0.003833334496349562,0.0,0.0,2.5492905249999845e-06,0.0
8.333333333333333e-05,0.00025000007511278254,0.007666668992699771,8.084397349092696e-17,-8.333333999988908e-05,-3.3990540333333327e-06,-0.0010816831556355788
0.00016666666666666666,-0.0035000010624624944,0.0030833342685913927,0.00016666667999993984,-0.000499999994999962,4.24881754166668e-06,-0.014097436243418552
-8.333333333333333e-05,0.01091666997884038,0.00800000242779109,0.0,0.000499999994999962,6.798108066666665e-06,-0.022657044467945687
-0.00025,-0.004000001212689353,-0.026000007887924503,-0.0002500000049998764,0.0002500000050000381,8.497635083333282e-07,-0.036021969199359107
-0.00016666666666666666,-0.0035000010612553324,-0.005166668234316037,0.0,-8.333333999988908e-05,2.5492905249999845e-06,0.0269856244935473
-8.333333333333333e-05,0.0022500006832712745,0.011666670205391711,-8.084397349092696e-17,-8.333332500009823e-05,6.798108066666645e-06,-1.2935035758548313e-15
8.333333333333333e-05,0.00175000053183596,0.0040833345714581405,-8.084397349092696e-17,0.00016666668000010152,-3.399054033333352e-06,-0.02779325934540765
2.021099337273174e-17,-0.0005000001514349909,-8.33333575580683e-05,8.084397349092696e-17,-0.0001666666649999873,-3.3990540333333327e-06,0.02189665732381788
-0.0003333333333333333,-0.015083337909078303,0.0020000006069500363,8.333332499993655e-05,-0.0003333333299999746,2.5492905249999845e-06,0.017744947397878342
0.0,0.007583335633926132,0.028500008645092344,0.0002500000050000381,-0.00016666667999993984,-2.549290525000024e-06,0.0
8.333333333333333e-05,0.003750001137576247,-0.00025000007632511876,-8.333334000005076e-05,0.0004166666699998637,-8.497635083333282e-07,-1.2935035758548313e-15
0.00016666666666666666,0.0002500000763228551,-0.003250000984924716,-8.084397349092696e-17,8.333334000005076e-05,-1.973729821555834e-20,-0.0009864198114852318
-8.333333333333333e-05,0.0005833335102092759,0.000833333585325939,8.333333999996992e-05,0.0,0.0,0.0009381261077631886
-8.333333333333333e-05,0.012666670509468854,-0.014500004398866763,0.0002500000050000381,-0.0003333333449999272,-8.497635083333479e-07,-0.060339195151806864
0.0,0.011500003489050302,-0.0005833335102167136,-0.0002500000049999572,0.0006666666599999492,5.948344558333317e-06,0.0
-8.333333333333333e-05,-0.013333337378451769,-0.0334166768042914,-0.0004166666699999445,8.333334000005076e-05,2.549290524999965e-06,0.026036989149286982
-8.333333333333333e-05,-0.0013333337379658283,-0.0034166677036917663,8.333333999996992e-05,-8.333332500009823e-05,-1.973729821555834e-20,0.0011079168740750498
8.333333333333333e-05,0.002166667324497636,0.004250001289008651,-8.333333999988908e-05,-8.333333999988908e-05,-3.3990540333333327e-06,-1.2935035758548313e-15
-8.333333333333333e-05,0.0008333335853223818,-0.0005000001514330507,-8.084397349092696e-17,0.0,8.497635083333085e-07,0.0009756121103664757
8.333333333333333e-05,0.0029166675510450863,0.0050000015179749524,-8.333333999988908e-05,-8.333333999988908e-05,3.399054033333352e-06,-0.0010405570936712644
8.333333333333333e-05,-0.01566667141928693,0.005250001591875399,-0.00016666667999993984,-0.00016666668000010152,-1.699527016666676e-06,-1.2935035758548313e-15
-0.00025,-0.012833337227016132,0.004666668081666447,8.333333999996992e-05,-0.0006666666599999492,-8.497635083333479e-07,0.009455019883700233
0.0006666666666666666,0.006916668764943542,0.028750008721416816,8.333334000005076e-05,0.0006666666599999492,0.0,0.030132321326853707
8.333333333333333e-05,0.0024166674008198443,0.0012500003791996279,-8.084397349092696e-17,0.0004166666699998637,-1.973729821555834e-20,0.028729334775791763
-8.333333333333333e-05,0.0026666674759316567,0.00166666717185807,-8.333333999988908e-05,0.0,-1.6995270166666958e-06,-0.027381193415929254
-8.333333333333333e-05,0.009750002957214343,-0.007500002275149907,0.00016666667999993984,-0.0001666666649999873,8.497635083333479e-07,-0.03177671457584689
0.0,0.012083336999259902,0.00025000007510793187,-8.333334000005076e-05,0.0004166666700000254,-1.1896689116666655e-05,-0.005660981093519109
8.333333333333333e-05,-0.012750003868241846,-0.022583340185441517,-0.0003333333449999272,0.0004166666549999112,-1.699527016666676e-06,0.024024510302727058
-8.333333333333333e-05,-0.0034166677036891794,-0.00358333442002509,0.0,-0.00033333334500008883,-8.497635083333479e-07,-0.01819837631188307
-2.021099337273174e-17,0.0010000003028696584,0.018083338820100634,-8.333333999996992e-05,-8.333333999988908e-05,-4.2488175416666605e-06,-0.0026849579145510993
-0.00016666666666666666,0.003666667778801962,-0.0017500005306255641,0.00016666667999993984,-0.0001666666649999873,0.0,-0.012250908951875236
-2.021099337273174e-17,0.006000001820847198,-0.0010000003028745091,8.333333999996992e-05,0.0,-8.497635083333479e-07,-0.005033449976402335
-2.021099337273174e-17,0.0017500005318356368,-0.004333334647783906,-8.333334000005076e-05,0.0004166666700000254,8.497635083333282e-07,-0.0003746219260294715
-8.333333333333333e-05,0.0015000004555137517,-0.00041666679266685,8.333333999996992e-05,-8.333334000005076e-05,-1.973729821555834e-20,-0.027722264234390524
-8.333333333333333e-05,0.004416668006559485,-0.002833334193475053,0.0001666666800000207,-8.333332500009823e-05,-5.098581049999989e-06,-0.024980750621606908
0.0,0.00966666959964916,-0.012833337227017102,8.333333999996992e-05,0.0002499999899999239,1.973729821555834e-20,-0.0122089401165114
0.00016666666666666666,-0.005333334950654858,-0.018166672177674224,-0.0002500000049998764,0.0004166666549999112,-8.497635083333282e-07,0.049592916609571935
-8.333333333333333e-05,-0.0012500003791915434,-0.0007500002277581693,-8.084397349092696e-17,-8.333333999988908e-05,2.549290524999965e-06,-0.024785031671483174
8.333333333333333e-05,0.003083334269801465,-0.00041666679266685,0.0001666666800000207,-0.0002500000049998764,2.5492905250000044e-06,0.019992223995651065
8.333333333333333e-05,-0.0034166677024807237,0.0035833344212332224,-8.084397349092696e-17,0.0,1.6995270166666367e-06,0.03034897155883308
-2.021099337273174e-17,-0.004333334647784553,-0.00016666671634108448,0.0001666666649999873,-0.0003333333299999746,4.248817541666622e-06,0.0005077003692755373
-8.333333333333333e-05,0.004666668082881046,0.005750001744525637,-8.084397349092696e-17,0.0002499999899999239,2.549290524999965e-06,-0.02671854304740749
0.0,0.004166667930237276,0.0005833335102083058,0.0,-8.333332500009823e-05,4.2488175416666605e-06,-0.0027040368330263948
-0.00016666666666666666,0.0005833335102092759,-0.011333336771500115,-8.333334000005076e-05,8.333334000005076e-05,-1.973729821555834e-20,-0.010196003632640673
-2.021099337273174e-17,0.002916667552253542,-0.000250000076316711,-8.333333999988908e-05,0.0002499999899999239,-1.699527016666676e-06,-5.3758244556633546e-05
-8.333333333333333e-05,-0.00966666959964916,-0.011833336924141298,-8.333333999996992e-05,0.0,-2.549290525000024e-06,-0.012887975880842553
0.0,-0.003666667778802932,-0.0008333335865250168,0.0,-0.0002499999899999239,8.497635083332887e-07,0.002520525497134723
-8.333333333333333e-05,-0.002833334193480227,0.014250004322549406,0.0,-0.00016666666499982563,2.5492905249999845e-06,-0.021994010095643654
8.333333333333333e-05,-0.00250000075838438,0.0018333338893995257,8.333333999996992e-05,-0.0004166666699998637,8.497635083333479e-07,0.024432180554216677
-2.021099337273174e-17,0.005916668462072589,0.002666667474725465,8.333333999996992e-05,0.0002500000050000381,-2.549290525000024e-06,-0.003397477378133529
-2.021099337273174e-17,0.010000003033537198,-0.005666668385758142,8.333333999996992e-05,0.0001666666649999873,-2.5492905250000044e-06,-0.0031915128284418543
-8.333333333333333e-05,0.003916667855123847,-0.002000000606950683,-8.333334000005076e-05,0.0003333333299999746,8.497635083333085e-07,-0.01776879891502516
-8.333333333333333e-05,0.0044166680065591615,0.0029166675510505836,-8.333334000005076e-05,0.0003333333299999746,0.0,-0.01609321179359168
8.333333333333333e-05,-0.017416671949915082,-0.006583335329850282,-0.0001666666649999873,0.0,-1.699527016666676e-06,0.018043242322995017
0.0,-0.0011666670204179051,-0.0016666671730584414,8.333333999996992e-05,-0.000166666665000149,-4.2488175416666605e-06,0.001669158582690741
8.333333333333333e-05,0.0010833336616439435,0.005583335026975126,-8.333333999996992e-05,8.333332499993655e-05,-2.549290525000024e-06,0.02296663027067229
-0.00016666666666666666,-8.333335877428504e-05,0.004000001213892311,0.0,-0.0004166666549999112,-4.2488175416666605e-06,-0.039677603964713246
-0.00025,-0.011750003564163084,-0.00500000151676682,8.084397349092696e-17,-0.0010833333299999745,-1.699527016666676e-06,0.033072213429815346
-0.00016666666666666666,-0.0014166670955306877,0.0005000001514336974,0.0001666666649999873,-0.0001666666649999873,5.948344558333357e-06,0.022425014401571308
8.333333333333333e-05,0.0018333338906102452,0.004166667930232749,-8.333334000005076e-05,8.333332500009823e-05,-2.5492905250000044e-06,-1.2935035758548313e-15
-8.333333333333333e-05,0.0010000003040790842,-0.001333333737967122,-8.084397349092696e-17,8.333333999988908e-05,3.399054033333293e-06,0.0
0.0,-0.0017500005306271811,0.003166667626157869,-8.084397349092696e-17,-0.0001666666649999873,-1.973729821555834e-20,1.2935035758548313e-15
-8.333333333333333e-05,-0.0011666670204182284,0.002166667323282713,0.0,0.0,-1.699527016666676e-06,-0.022552395655966312
0.0003333333333333333,0.007833335709040209,0.005333334951866548,-8.333334000005076e-05,0.0003333333300001363,-3.3990540333333128e-06,0.08495517878134398
8.333333333333333e-05,-0.018416672252785066,0.013833337531099096,-0.0001666666649999873,0.0,-8.497635083333282e-07,-0.01899169582319446
-8.333333333333333e-05,-0.0080833357853608,-0.004250001289017058,0.0002500000050000381,-0.0006666666599999492,0.0,-0.02414215816350835
0.0,0.0044166680065591615,0.006916668764940954,0.0,0.0003333333299999746,0.0,0.0
0.00025,-0.00033333343509617003,-0.005833335102091466,-8.333334000005076e-05,0.0004166666700000254,8.497635083333479e-07,0.06714905258169682
-8.333333333333333e-05,0.0012500003791915434,-0.004500001365333769,-8.084397349092696e-17,0.0,5.948344558333317e-06,0.019869690842746705
-8.333333333333333e-05,0.01400000424743436,-0.008750002655558314,8.333333999996992e-05,0.0,4.24881754166668e-06,0.019033357708811916
0.0,-0.0018333338894011427,0.0012500003791918667,-0.0003333333449999272,0.0003333333299999746,8.497635083333085e-07,0.0
-0.00016666666666666666,-0.0064166686122994485,-0.0008333335853168844,8.333333999996992e-05,0.0,8.497635083333282e-07,0.023626579795023684
8.333333333333333e-05,0.002333334042044266,0.008666669296775297,-8.084397349092696e-17,-8.333332499993655e-05,-8.497635083333479e-07,-0.022299439587278497
-8.333333333333333e-05,-0.0005000001514353143,-0.0012500003791918667,-8.084397349092696e-17,8.333332500009823e-05,-2.5492905250000044e-06,1.2935035758548313e-15
8.333333333333333e-05,-0.0006666668689822674,0.01775000538500802,-8.333333999996992e-05,-1.6168794698185392e-16,0.0,0.02523801086021639
0.0,-0.01458333775764396,0.009583336240875198,8.333332499993655e-05,-0.0004166666699998637,-2.5492905249999845e-06,0.026730743313020663
-0.00016666666666666666,0.005083334875541105,0.019250005839316874,8.333333999996992e-05,-8.333332500009823e-05,-5.098581049999989e-06,-0.00386007358770326
8.333333333333333e-05,-0.0029166675510454093,0.0012500003791918667,-8.333333999996992e-05,0.0,4.24881754166668e-06,0.08596680189258445
0.0,0.001500000455514075,0.009166669448216756,-8.084397349092696e-17,1.6168794698185392e-16,-5.098581049999969e-06,-1.2935035758548313e-15
8.333333333333333e-05,0.001500000455514075,0.0030000009110333244,-8.084397349092696e-17,0.0,-3.399054033333352e-06,-0.023407948810318744
-8.333333333333333e-05,0.005250001593090322,0.0036666677787996985,0.0,-1.6168794698185392e-16,2.549290524999965e-06,-0.027059919482899
8.333333333333333e-05,-0.023666673847083198,0.014666671115208495,-0.0002500000050000381,-8.333332499993655e-05,1.6995270166666367e-06,-0.018851730793762383
0.0,-0.011333336771502703,-0.001416667096742377,0.00016666666499990645,-0.0006666666600001109,-2.5492905250000044e-06,-1.2935035758548313e-15
8.333333333333333e-05,0.005750001744524666,0.007083335482490818,-8.333334000005076e-05,0.0003333333300001363,-8.497635083333479e-07,-0.018866027044215136
-8.333333333333333e-05,-8.333335877396167e-05,-0.0040833345714587875,-8.333334000005076e-05,8.333332500009823e-05,1.699527016666676e-06,-1.2935035758548313e-15
0.00016666666666666666,0.0009166669453051226,0.00016666671633332346,-8.084397349092696e-17,1.6168794698185392e-16,3.3990540333333327e-06,-0.021299142322328407
0.0,0.0009166669453051226,-0.0030833342685913927,-8.084397349092696e-17,1.6168794698185392e-16,4.248817541666641e-06,-1.2935035758548313e-15
-8.333333333333333e-05,0.007750002351474702,-0.005333334950649361,0.0,-0.000166666665000149,-2.549290525000024e-06,0.019396528819691027
0.0,0.0029166675510460564,-0.008000002426582957,-8.333334000005076e-05,0.00024999999000008553,-1.6995270166666958e-06,0.0
-0.00016666666666666666,-0.008416669220457617,-0.011833336922933813,-0.0001666666649999873,0.00025000000500019975,1.699527016666676e-06,0.02335891211519613
-8.333333333333333e-05,-0.012416670434355102,0.0036666677787996985,8.333333999996992e-05,-0.0004166666549999112,-5.948344558333357e-06,-1.2935035758548313e-15
-8.333333333333333e-05,0.0009166669440956967,0.012916670584583578,8.333333999996992e-05,-1.6168794698185392e-16,-3.399054033333352e-06,-1.2935035758548313e-15
-2.021099337273174e-17,0.0018333338894004959,0.010416669827399569,-8.084397349092696e-17,0.0,-8.497635083333282e-07,-2.337566926273414e-05
0.0,0.0017500005306268576,0.0014166670967333227,-8.084397349092696e-17,8.333332500009823e-05,3.3990540333333327e-06,0.0
8.333333333333333e-05,-0.0018333338894008194,0.01675000508214127,-8.333333999996992e-05,-8.333332499993655e-05,5.098581050000028e-06,-0.018877709051252654
-0.00016666666666666666,-0.014416671040095065,0.005750001743316857,8.333332499993655e-05,-0.00075,-1.6995270166666958e-06,-0.06199037871418728
-8.333333333333333e-05,0.012666670509468209,0.014083337604999541,0.0005833333349999319,-0.0002500000050000381,-8.497635083333479e-07,-0.02913577228264702
0.0005,0.005666668385751028,0.002416667400815964,-0.0002500000050000381,0.0008333333249999366,6.798108066666665e-06,0.07616641755705027
-8.333333333333333e-05,-0.005416668310637922,-0.006250001895967742,-8.333333999996992e-05,8.333334000005076e-05,1.973729821555834e-20,0.020863734423470063
8.333333333333333e-05,0.0004166667926613526,-0.0005000001514330507,-8.084397349092696e-17,-8.333333999988908e-05,2.549290524999965e-06,-0.01913712479594267
0.0,0.0020000006069493892,0.005916668462074853,-8.333333999996992e-05,-8.333333999988908e-05,8.497635083333479e-07,-1.2935035758548313e-15
0.0,-0.007083335482491141,0.000250000076324472,8.333334000005076e-05,-0.0004166666549999112,-1.699527016666676e-06,0.0
-2.021099337273174e-17,0.016250004929496208,-0.0005833335102083058,0.0002500000050000381,8.333332500009823e-05,-2.5492905249999845e-06,-0.003725084398078939
-8.333333333333333e-05,-0.0011666670204182284,-0.004500001365333123,-0.0003333333449999272,0.0005833333199998984,2.549290525000024e-06,-1.2935035758548313e-15
0.0,-0.005750001744525637,0.0018333338893995257,0.0,-0.0003333333299999746,4.2488175416666605e-06,0.0
0.0,0.001333333737965505,0.00958333624087455,-8.084397349092696e-17,0.0,3.3990540333333327e-06,-1.2935035758548313e-15
0.0,0.00041666679266070584,0.0022500006832667473,-8.084397349092696e-17,-8.333334000021246e-05,1.6995270166666367e-06,0.0
-8.333333333333333e-05,0.02091667301237758,-0.013916670888658458,0.0004166666700000254,-0.00025000000500019975,1.6995270166666564e-06,-0.02836075923830245
8.333333333333333e-05,0.016666671723366017,0.0054166683106411555,-0.0001666666649999873,0.0008333333400000508,2.5492905250000044e-06,0.024738869060273283
8.333333333333333e-05,-0.021000006371152187,-0.03691667786555869,-0.000499999994999962,0.0002500000050000381,0.0,-0.018859079675455317
-0.00016666666666666666,-0.00266666747593198,-0.007916669069017128,8.333333999996992e-05,-0.0003333333300001363,5.948344558333317e-06,0.019219954035660097
8.333333333333333e-05,0.0037500011375756004,0.005666668385749735,8.333333999996992e-05,0.0002500000050000381,8.497635083333479e-07,-0.01978996764423662
-8.333333333333333e-05,0.0014166670967397901,-0.0016666671718496623,-8.084397349092696e-17,1.6168794698185392e-16,-8.497635083333677e-07,-1.2935035758548313e-15
0.0,0.0016666671730616752,0.0030833342685920393,-8.333334000005076e-05,-8.333333999988908e-05,-7.647871574999994e-06,0.0
8.333333333333333e-05,-0.003250000986141903,-0.0012500003791912201,8.333333999996992e-05,-0.0001666666649999873,7.647871575000013e-06,0.0249492236222037
0.0,3.2337589396370783e-16,0.00475000144045011,-8.333333999996992e-05,0.0,8.497635083333085e-07,1.2935035758548313e-15
0.0,-0.015166671267852589,0.005666668385750381,-8.084397349092696e-17,-0.0005833333200000602,-4.248817541666641e-06,1.2935035758548313e-15
8.333333333333333e-05,0.004000001213897809,0.017000005157258906,0.00016666667999993984,-0.0004166666700000254,0.0,1.2935035758548313e-15
0.0,-0.007666668992700741,0.0017500005306242707,-8.333332499993655e-05,0.0,-1.973729821555834e-20,0.0260051806645843
0.0,-0.000250000076321885,-0.005666668385750381,-8.084397349092696e-17,0.0,-4.24881754166668e-06,-1.2935035758548313e-15
-8.333333333333333e-05,0.0008333335865311609,0.0022500006832667473,8.333333999996992e-05,0.0,-1.699527016666676e-06,1.2935035758548313e-15
8.333333333333333e-05,-0.004416668006559808,0.013250004019675543,-8.333333999996992e-05,8.333332500009823e-05,-2.5492905250000044e-06,1.2935035758548313e-15
-8.333333333333333e-05,-0.012750003868241523,-0.0017500005306249173,0.00016666666499990645,-0.0005833333200000602,-1.6995270166666564e-06,-0.023182198601613184
-0.00016666666666666666,0.027583341700998586,-0.003916667855124817,0.0003333333299999746,8.333332499993655e-05,-5.098581050000028e-06,-0.08602290315558461
0.00025,0.0012500003791915434,0.00408333457267468,-0.0004166666699998637,0.0005833333199998984,-1.699527016666676e-06,0.0668819258723809
-8.333333333333333e-05,-0.0028333341922714477,-0.007750002351475026,0.0,0.0,-8.497635083333479e-07,0.018864091657781197
0.0,0.001833333889401466,0.001000000304083288,8.333333999996992e-05,8.333333999988908e-05,3.3990540333333327e-06,0.0
0.0,-0.005333334950654858,0.006833335406174754,-8.333333999996992e-05,-8.333334000005076e-05,8.497635083333479e-07,-1.2935035758548313e-15
0.0,-0.007000002123716856,-0.001916667248174781,0.000166666665000149,-0.0004166666700000254,3.3990540333333128e-06,0.026108727996224643
-0.00016666666666666666,0.01091666997884135,0.01416667096498293,8.333333999996992e-05,0.0001666666649999873,-5.948344558333337e-06,0.01886286273643814
0.0,-0.005666668385751028,-0.023833340563424604,-0.0002500000050000381,0.00041666665500007284,-8.497635083333677e-07,0.0275693633745515
0.0,-0.00041666679266070584,-0.0026666674747177037,8.333333999996992e-05,-0.0001666666649999873,5.098581050000028e-06,-1.2935035758548313e-15
0.0,0.0017500005318356368,-0.0005000001514330507,-8.333334000005076e-05,0.0,-8.497635083333479e-07,-0.0019903221558339687
0.0,0.00825000250290937,0.004833334799225365,0.0,8.333333999988908e-05,8.497635083333282e-07,-1.2935035758548313e-15
-8.333333333333333e-05,-0.005500001668203105,-0.02450000743240881,8.084397349092696e-17,-8.333334000005076e-05,2.5492905249999845e-06,-0.025028461781304537
8.333333333333333e-05,-0.0027500008347062653,-0.004166667930233396,-8.333332500001739e-05,0.0003333333299999746,1.973729821555834e-20,0.022745326084316345
0.0,0.0019166672481751043,0.0009166669453080329,-8.333334000005076e-05,8.333332500009823e-05,-1.973729821555834e-20,-1.2935035758548313e-15
0.0,0.0017500005306271811,-0.0035000010612582424,-8.084397349092696e-17,8.333333999988908e-05,8.497635083333479e-07,0.0
0.0,-0.0010833336616439435,8.333335756647607e-05,-8.084397349092696e-17,-8.333332499993655e-05,-8.497635083333479e-07,1.2935035758548313e-15
-8.333333333333333e-05,0.0015000004543049726,0.0035833344200334977,8.333333999996992e-05,0.0,-8.497635083333282e-07,0.019340361696585186
-8.333333333333333e-05,0.013250004019677485,-0.00958333624087455,0.0002500000050000381,-0.0001666666649999873,5.098581049999989e-06,0.019001161921530084
8.333333333333333e-05,0.017583338667462683,-0.00758333563271703,0.0001666666649999873,0.000499999994999962,-3.3990540333333327e-06,-0.023591959496070115
0.0004166666666666667,0.0048333347992205134,-0.005916668460857666,-8.084397349092696e-17,0.0004166666549999112,-8.497635083333282e-07,0.06595436320244465
0.0,0.0009166669453044759,-0.004166667931449936,-8.333333999996992e-05,0.0002500000050000381,-8.497635083333321e-06,-1.2935035758548313e-15
8.333333333333333e-05,0.0013333337379664752,0.00025000007510857865,-8.084397349092696e-17,1.6168794698185392e-16,-3.947459643111668e-20,-0.01999538801403768
0.0,0.0008333335853220584,-0.0024166673996078316,-8.084397349092696e-17,-8.333333999988908e-05,-2.5492905250000044e-06,-1.2935035758548313e-15
0.0,0.010833336620067064,0.0014166670967417304,8.333333999996992e-05,1.6168794698185392e-16,-5.098581050000009e-06,-1.2935035758548313e-15
0.0,0.002500000758384057,-0.020333339502166363,-0.0002500000050000381,0.0004166666700000254,-1.6995270166666564e-06,-1.2935035758548313e-15
-8.333333333333333e-05,-0.0030000009098193714,-0.03433334374840035,-0.0002500000049999572,0.0003333333300001363,2.549290525000024e-06,0.03278460205854175
8.333333333333333e-05,-0.000250000076321885,-0.003333334343700618,-8.333333999996992e-05,0.000166666665000149,4.248817541666622e-06,-0.019477388249104843
0.0,0.0020833339657236744,-0.003000000909816784,8.333333999996992e-05,-1.6168794698185392e-16,-2.5492905250000044e-06,-0.0016702422473747801
-0.00016666666666666666,0.001500000455514722,-0.0018333338894001726,-8.084397349092696e-17,8.333333999988908e-05,2.5492905250000044e-06,-0.0859868153671941
0.0,0.00683333540616958,0.004916668159200991,-8.333334000005076e-05,0.0,1.6995270166666958e-06,-1.2935035758548313e-15
0.0,-0.008166669144135085,-0.009416669523333096,-0.00016666666500006816,1.6168794698185392e-16,1.699527016666676e-06,-1.2935035758548313e-15
8.333333333333333e-05,-0.012916670584581636,-0.021166673087491653,-0.0002500000050000381,0.0,-2.549290525000024e-06,0.026471141466137486
0.0,8.333335877331491e-05,0.0006666668689829142,-8.084397349092696e-17,0.0,4.248817541666641e-06,-1.2935035758548313e-15
8.333333333333333e-05,0.00216666732328821,0.0020833339645165124,-8.084397349092696e-17,0.0,8.497635083333085e-07,-0.01974178705281423
0.0,0.0015833338142877133,0.0003333334338915948,-8.084397349092696e-17,8.333334000005076e-05,5.098581049999989e-06,-0.003250321746587805
-8.333333333333333e-05,0.006666668688620686,0.0003333334351003739,0.0,8.333333999988908e-05,-8.497635083333479e-07,0.023621837036003773
-8.333333333333333e-05,0.0041666679314467025,-0.019333339198091482,8.333332500009823e-05,-0.000166666665000149,-3.3990540333333327e-06,0.022593474432740672
0.00025,0.010250003108650303,-0.008083335785366621,0.0003333333299999746,8.333332500009823e-05,2.5492905249999845e-06,0.06208998017409014
0.0004166666666666667,0.0032500009861409327,-0.0041666679302411564,-0.0002500000050000381,0.000499999994999962,-8.497635083333282e-07,0.0655153505909205
-2.021099337273174e-17,0.00041666679386948496,-0.004333334648991391,-8.084397349092696e-17,8.333334000005076e-05,-2.5492905250000044e-06,-0.0004040837715185868
0.0,0.0011666670204185518,-0.0009166669452996252,-8.084397349092696e-17,-0.00016666668000010152,8.497635083333479e-07,-1.2935035758548313e-15
-8.333333333333333e-05,0.0008333335853220584,-0.0019166672469672953,-8.084397349092696e-17,8.333333999988908e-05,4.248817541666641e-06,0.020362878145538787
-0.00016666666666666666,0.01658333836338457,-0.010166669751083504,0.0002500000050000381,0.0,-5.098581050000028e-06,0.019047869450772286
8.333333333333333e-05,0.0085000025780228,0.005583335026974479,-8.333332499993655e-05,0.0005833333350000127,-8.497635083333085e-07,-0.024099944686346377
0.0,-0.011750003565371217,-0.032833343294091495,-0.0001666666649999873,1.6168794698185392e-16,-8.497635083333479e-07,0.0
8.333333333333333e-05,-0.0022500006820624953,-0.0050833348755414285,-8.084397349092696e-17,0.0001666666649999873,-5.098581049999989e-06,-0.0193373390169659
0.0,0.0016666671718535428,0.00016666671634173123,0.0,0.0001666666649999873,8.497635083333282e-07,-1.2935035758548313e-15
0.0,8.333335877299154e-05,-0.0021666673245005464,-8.333334000005076e-05,-1.6168794698185392e-16,2.5492905249999845e-06,1.2935035758548313e-15
0.0,0.002666667475932627,0.005833335103299598,-8.333333999996992e-05,-1.6168794698185392e-16,4.24881754166668e-06,0.0
8.333333333333333e-05,-0.018750005687881235,0.00908333608823337,-0.0001666666649999873,-0.0003333333299999746,0.0,0.026587395651000812
-0.0004166666666666667,-0.014666671115208172,0.0040833345714581405,0.0001666666649999873,-0.000583333334999851,6.798108066666685e-06,-0.05949163467007586
-8.333333333333333e-05,0.010166669751083504,0.028583342005075084,8.333333999996992e-05,8.333332500009823e-05,5.098581049999989e-06,-1.2935035758548313e-15
-8.333333333333333e-05,0.0011666670216270076,-8.333335877460842e-05,-8.333334000005076e-05,0.0002500000050000381,-9.34739859166665e-06,-1.2935035758548313e-15
8.333333333333333e-05,-0.00033333343509584667,-0.0035000010612504817,-8.084397349092696e-17,-8.333333999988908e-05,5.098581049999989e-06,-1.2935035758548313e-15
8.333333333333333e-05,-0.002916667552253542,0.012333337075583404,-8.333333999996992e-05,-8.333333999988908e-05,-1.699527016666676e-06,0.0
8.333333333333333e-05,-0.012166670358033217,0.00875000265434242,0.00016666666499990645,-0.00075,-3.3990540333333327e-06,0.0265450996989643
0.0,0.002750000834705942,0.009583336240875198,0.0002500000049999572,-0.00024999999000008553,3.3990540333333128e-06,0.0
8.333333333333333e-05,0.004833334799220837,-0.0010833336628578965,-8.333332500001739e-05,0.000499999994999962,8.497635083333282e-07,1.2935035758548313e-15
0.0,-0.0010833336616445902,-0.007166668840058588,-8.084397349092696e-17,0.0002500000050000381,-3.3990540333333128e-06,-1.2935035758548313e-15
8.333333333333333e-05,0.0015833338130792577,-0.0015000004542997985,-8.084397349092696e-17,8.333334000005076e-05,1.699527016666617e-06,-0.020022081025939487
-8.333333333333333e-05,-0.0004166667938698083,-0.003083334269800172,-8.084397349092696e-17,-8.333334000005076e-05,0.0,0.021083114460095143
-8.333333333333333e-05,0.012416670433146646,-0.011750003564158559,0.0002500000050000381,-0.0001666666649999873,-1.973729821555834e-20,0.019504809042974375
0.0,0.012333337074373332,-0.0068333354061663465,0.00016666666499990645,0.00016666666499982563,2.5492905250000044e-06,1.2935035758548313e-15
0.00025,0.010250003108649333,-0.007250002200032921,8.333332500001739e-05,0.0002500000049998764,4.248817541666641e-06,0.08495517878134529
0.00016666666666666666,0.002250000683270951,-0.00408333457266692,-8.333334000005076e-05,0.00041666667000018706,-3.3990540333333327e-06,0.08604193783775231
-8.333333333333333e-05,0.00016666671633882085,-0.003250000986141903,-8.333333999996992e-05,-8.333333999988908e-05,-4.2488175416666605e-06,0.02006356003902361
8.333333333333333e-05,0.0009166669453051226,8.333335876620064e-05,-8.084397349092696e-17,1.6168794698185392e-16,-2.5492905249999845e-06,-0.021014160367886586
8.333333333333333e-05,-0.0023333340420449125,0.020666672937266088,-8.333333999996992e-05,-8.333334000005076e-05,1.6995270166666564e-06,-0.012348647701296593
8.333333333333333e-05,-0.01708333851602737,0.007416668916374652,8.333334000005076e-05,-0.0007500000000001617,-1.6995270166666367e-06,-0.019058458911714194
-8.333333333333333e-05,-0.00825000250290937,0.01916667248174975,8.333332499993655e-05,-0.0003333333299999746,1.699527016666676e-06,0.024848721788566196
0.0,0.0015833338142880369,0.01225000371559937,0.0002500000049999572,-8.333332500009823e-05,-4.2488175416666605e-06,0.0
8.333333333333333e-05,0.004500001365333447,-0.0004166667926584422,-8.333334000005076e-05,0.0004166666700000254,-1.2746452624999982e-05,-0.020000492864761812
-8.333333333333333e-05,0.0014166670955306877,-0.0007500002277575226,-8.333334000005076e-05,1.6168794698185392e-16,1.6995270166666564e-06,0.020248077117400762
0.0,0.0002500000763215616,-0.00041666679387498235,-8.084397349092696e-17,0.0,1.973729821555834e-20,0.0
-8.333333333333333e-05,-0.0019166672481751043,0.0020000006069493892,-8.333333999996992e-05,0.0,8.497635083333479e-07,0.025357042483386532
0.0,-0.013916670888660722,0.007250002200041975,-8.333332500009823e-05,-0.0006666666599999492,-3.3990540333333128e-06,-1.2935035758548313e-15
-8.333333333333333e-05,-0.011666670205389447,0.01775000538500802,8.333332499993655e-05,-0.00041666665500007284,-8.497635083333677e-07,-1.2935035758548313e-15
8.333333333333333e-05,-0.007833335710248017,0.000250000076316711,8.084397349092696e-17,-0.0002500000049998764,-4.2488175416666605e-06,0.0
0.0,0.002833334193480227,0.0009166669453080329,-8.084397349092696e-17,0.00016666667999993984,-1.6995270166666564e-06,-1.2935035758548313e-15
0.0,0.0027500008334978097,0.0009166669440914928,-8.084397349092696e-17,8.333332500009823e-05,-4.248817541666641e-06,-1.2935035758548313e-15
0.00016666666666666666,0.0005000001514356376,0.0010833336628494887,0.0,-1.6168794698185392e-16,-3.3990540333333327e-06,-0.02037745189725473
0.0,-0.002916667552254512,0.005583335026974479,-8.333333999996992e-05,8.333333999988908e-05,2.5492905249999845e-06,0.0
-8.333333333333333e-05,-0.018083338818897673,0.010500003184966045,-8.333333999996992e-05,-0.000499999994999962,2.549290525000024e-06,-1.2935035758548313e-15
-0.00025,-0.007333335558813026,0.024500007433616945,8.333332499993655e-05,-0.0005000000100000762,3.3990540333333327e-06,-0.08495517878134398
0.00016666666666666666,-0.007166668841265103,0.0254166743777162,8.084397349092696e-17,-0.0002500000049998764,-3.947459643111668e-20,-0.018960314629499854
-0.00016666666666666666,0.002666667475932627,0.003166667627366001,8.333333999996992e-05,0.00016666667999993984,-8.497635083333282e-07,0.019055489266732346
0.0,0.001916667248174781,-0.006333335254733296,-8.084397349092696e-17,8.333333999988908e-05,1.699527016666676e-06,-1.2935035758548313e-15
-8.333333333333333e-05,-0.00016666671754792333,-0.005916668462066446,8.333333999996992e-05,1.6168794698185392e-16,-9.34739859166667e-06,0.020728440098976716
-8.333333333333333e-05,0.01491667119153135,-0.020416672859741893,0.0003333333449999272,-0.0001666666649999873,-3.3990540333333327e-06,-0.02753661199022188
0.0,0.012666670508260076,-0.0036666677788081063,-0.0001666666649999873,0.0005833333350000127,-8.497635083333282e-07,-0.026256349302472597
-8.333333333333333e-05,-0.008166669144135085,-0.024333340714858948,-0.00033333333000005544,0.000499999994999962,1.699527016666676e-06,-1.2935035758548313e-15
0.0,-0.00266666747593198,0.0016666671718496623,8.333333999996992e-05,-0.00016666666499982563,4.2488175416666605e-06,0.0
-8.333333333333333e-05,0.0030000009110275035,0.010250003109858113,8.333333999996992e-05,8.333333999988908e-05,0.0,0.019068094810727052
0.0,0.0005000001526444168,-0.0038333344963502086,0.0,0.0001666666649999873,-8.497635083333282e-07,-0.0007013766407526822
0.0,0.012250003716807503,-0.0013333337379587142,0.0003333333449999272,-0.0003333333299998129,1.6995270166666564e-06,1.2935035758548313e-15
0.00025,0.013416670736016628,0.006083335179624717,-0.0001666666649999873,0.0005000000100000762,-8.497635083333085e-07,0.06238813126939866
0.00016666666666666666,-0.017333338592349902,-0.030666675969592244,-0.0004166666700000254,0.0001666666649999873,3.3990540333333327e-06,0.008260996366527655
-8.333333333333333e-05,-0.0012500003791925136,-0.006416668613507904,8.333333999996992e-05,-0.00016666668000010152,-3.3990540333333327e-06,0.019924199098904825
-8.333333333333333e-05,0.0028333341922717713,0.0029166675510505836,-8.084397349092696e-17,-1.6168794698185392e-16,8.497635083333282e-07,0.01961363196126315
-8.333333333333333e-05,3.2337589396370783e-16,0.0027500008334994264,0.0,8.333333999988908e-05,8.497635083333085e-07,-1.2935035758548313e-15
0.0,0.0013333337379658283,-0.003750001137583361,0.0004166666700000254,-0.000499999994999962,-8.497635083333479e-07,-1.2935035758548313e-15
-2.021099337273174e-17,0.016750005080931846,-0.005583335026982887,0.0002500000049999572,0.0002499999899999239,-3.399054033333352e-06,-0.004926392347493674
8.333333333333333e-05,0.0011666670204185518,-0.0028333341922669206,-8.333332500001739e-05,0.00041666665500007284,-2.5492905249999845e-06,-1.2935035758548313e-15
-8.333333333333333e-05,-0.0030833342685930095,-0.0048333347992176035,-8.333333999996992e-05,-8.333332499993655e-05,-2.5492905249999845e-06,0.019235633205064936
-8.333333333333333e-05,0.001500000455513105,-0.000916666945300272,8.333333999996992e-05,-1.6168794698185392e-16,8.497635083333479e-07,0.019477315706788147
0.0,0.0012500003804009692,0.00033333343509131937,-8.084397349092696e-17,8.333333999988908e-05,-6.798108066666685e-06,0.0
-8.333333333333333e-05,0.00558333502697739,0.006083335178408177,-8.333334000005076e-05,-1.6168794698185392e-16,8.497635083333282e-07,0.020067973505831064
0.00016666666666666666,-0.011750003565371541,0.014000004247433067,-8.333332500001739e-05,-0.0002500000050000381,1.6995270166666564e-06,0.007148772344272584
0.0,-0.013000003943354628,-0.01816667217766711,8.333333999988908e-05,-8.333332499993655e-05,-5.098581050000009e-06,0.0
-8.333333333333333e-05,0.004833334799220837,0.008500002578025063,0.0,0.0002500000050000381,5.948344558333317e-06,-1.2935035758548313e-15
8.333333333333333e-05,0.0021666673244963427,-0.0020000006069500363,-8.084397349092696e-17,-1.6168794698185392e-16,5.948344558333357e-06,-1.2935035758548313e-15
0.0,0.0005000001514349909,-0.000250000076324472,-8.084397349092696e-17,-1.6168794698185392e-16,-3.399054033333352e-06,0.0
0.0,0.0011666670204175818,-0.0013333337379664752,-8.084397349092696e-17,-1.6168794698185392e-16,-3.3990540333333327e-06,0.0
8.333333333333333e-05,-0.011750003564163732,0.006833335406174107,8.333334000005076e-05,-0.00041666665500007284,8.497635083333479e-07,-0.01896075958785368
-8.333333333333333e-05,-0.01366667081233819,0.008166669144133469,8.333332499993655e-05,0.0,-8.497635083333282e-07,-1.2935035758548313e-15
8.333333333333333e-05,-0.0023333340408367804,0.012750003868241846,8.333332500009823e-05,-0.0001666666649999873,0.0,0.0
0.0,0.004083334571463638,0.01075000326129181,0.0,0.0002500000050000381,2.5492905250000044e-06,0.0
0.0,0.0013333337379658283,-0.004000001212691293,-8.333333999996992e-05,0.00016666667999993984,-2.5492905250000044e-06,0.0
0.0,0.0006666668689825909,-0.0003333334338915948,8.333333999996992e-05,8.333334000005076e-05,-2.5492905250000044e-06,0.0
-0.00016666666666666666,0.008750002654343714,0.005666668385758789,-8.084397349092696e-17,-1.6168794698185392e-16,8.497635083333085e-07,-0.006916792508178494
8.333333333333333e-05,-0.010916669977632895,0.0006666668689822674,-8.333332500001739e-05,-1.6168794698185392e-16,8.497635083333282e-07,0.026879352092283725
-8.333333333333333e-05,-0.007416668916378209,-0.01783333874378392,-8.333332500001739e-05,8.333332500009823e-05,1.6995270166666564e-06,0.023622965160743074
-8.333333333333333e-05,-0.00250000075838438,-0.01625000492950009,-0.0001666666649999873,8.333334000005076e-05,8.497635083333321e-06,0.01950551461391539
8.333333333333333e-05,-0.00041666679266070584,-0.002250000682066376,0.0,8.333334000005076e-05,4.24881754166668e-06,-0.019936062570590163
0.00016666666666666666,0.0022500006820621718,0.0037500011375756004,8.333333999996992e-05,0.0,8.497635083333282e-07,0.08495517878134398
0.0,0.0031666676273663244,0.003000000909824545,-0.0001666666800000207,8.333332500009823e-05,3.399054033333293e-06,-0.026783283544358952
8.333333333333333e-05,-0.01833333889401078,0.01075000326129181,-8.333332500009823e-05,-0.0006666666599999492,5.098581049999989e-06,1.2935035758548313e-15
0.0,-0.014500004398869027,0.008166669144132822,8.333332499993655e-05,-0.0004166666699998637,-1.699527016666676e-06,0.02601521810753038
-8.333333333333333e-05,0.0017500005318356368,-0.004666668082883634,-8.084397349092696e-17,8.333333999988908e-05,-8.497635083333479e-07,0.01911254336725429
0.0,0.0008333335865305142,-8.333335877525516e-05,-8.333333999996992e-05,8.333332500009823e-05,0.0,-1.2935035758548313e-15
8.333333333333333e-05,0.0007500002277565525,-0.000750000226550037,-8.084397349092696e-17,8.333332500009823e-05,0.0,0.0
-8.333333333333333e-05,0.0011666670204188753,-0.0021666673232911206,-8.084397349092696e-17,0.0,-8.497635083333479e-07,-1.2935035758548313e-15
-8.333333333333333e-05,0.007833335709039239,0.0028333341922746817,0.0,0.000166666665000149,-8.497635083333479e-07,-0.026186406329373777
8.333333333333333e-05,-0.011000003337615635,-0.009166669447007976,-8.084397349092696e-17,-0.0002500000050000381,3.3990540333333128e-06,0.02724980142124049
0.0,-0.007333335557604894,-0.003250000986141903,8.333333999996992e-05,-8.333333999988908e-05,8.497635083333282e-07,0.026656665830213266
0.0,0.00466666808288137,0.01475000447398375,0.0,0.0002499999899999239,4.24881754166668e-06,1.2935035758548313e-15
8.333333333333333e-05,0.0013333337379661519,-0.0023333340420413555,-8.084397349092696e-17,0.0001666666649999873,-3.3990540333333327e-06,-1.2935035758548313e-15
0.0,0.001500000455514722,-0.002250000683274508,8.333333999996992e-05,0.0001666666649999873,-1.6995270166666958e-06,-1.2935035758548313e-15
8.333333333333333e-05,-0.0010833336628523992,0.004666668081674854,-8.333333999996992e-05,-0.0001666666649999873,-5.948344558333317e-06,-1.2935035758548313e-15
-8.333333333333333e-05,0.01000000303353655,-0.004000001213891664,0.0002500000050000381,-8.333334000005076e-05,2.5492905249999845e-06,-0.025849326975400457
0.00016666666666666666,0.018416672253993197,-0.015416671342966664,8.333332500001739e-05,0.0002500000050000381,2.549290525000024e-06,0.08605440863082314
0.00016666666666666666,0.014083337604999541,-0.0050833348755414285,8.333332500001739e-05,0.0003333333299999746,-8.497635083333282e-07,0.08609727483484894
0.00025,0.00041666679266199935,-0.004250001289016412,-0.0001666666649999873,0.0003333333300001363,0.0,0.08495517878134529
-8.333333333333333e-05,8.333335877299154e-05,-0.003250000986141903,-8.084397349092696e-17,8.333333999988908e-05,-3.399054033333352e-06,-1.2935035758548313e-15
0.0,0.0011666670204172583,-0.0018333338893995257,-8.084397349092696e-17,-8.333332500009823e-05,8.497635083333282e-07,0.0
0.0,-0.0050000015167677905,0.010416669826199845,0.0,0.0,-2.5492905250000044e-06,0.0
-0.00016666666666666666,0.0005833335102089526,-0.005666668385750381,0.0001666666649999873,-0.0004166666549999112,0.0,-0.05948010540417551
8.333333333333333e-05,0.004333334648994302,0.021416673163808363,-0.0002499999900000047,0.0004999999950001236,1.973729821555834e-20,0.06324885878821628
0.0,-0.007833335709039884,-0.021583339880150744,-0.0001666666649999873,0.0003333333299999746,-8.497635083333479e-07,0.02345268777189647
0.0,-0.0002500000751131059,-0.0024166674008166108,8.333333999996992e-05,-8.333332500009823e-05,-3.3990540333333327e-06,1.2935035758548313e-15
0.0,0.0018333338894011427,0.0014166670967417304,8.333333999996992e-05,8.333332500009823e-05,-1.699527016666676e-06,-1.2935035758548313e-15
0.0,0.0011666670204185518,-0.0033333343449165114,-8.084397349092696e-17,8.333333999988908e-05,8.497635083333479e-07,1.2935035758548313e-15
8.333333333333333e-05,0.007166668840056324,0.006916668764940954,0.0,8.333333999988908e-05,8.497635083333085e-07,0.0
0.0,-0.010250003108648686,-0.009500002882107705,-0.0003333333449999272,0.0001666666649999873,5.948344558333298e-06,0.027424418779657896
-0.0003333333333333333,-0.017500005309897825,0.0030833342685998005,8.333333999996992e-05,-0.0005833333350001744,2.5492905250000044e-06,-0.05947649458738484
0.0,0.004833334800428,0.028500008646308885,8.333333999996992e-05,0.0,-1.699527016666676e-06,0.0
0.0,0.0021666673232885337,0.0011666670216331518,-8.333334000005076e-05,8.333332500009823e-05,4.248817541666641e-06,0.0
8.333333333333333e-05,-0.0005833335102086291,-0.0005833335102089526,-8.333333999996992e-05,-0.0001666666649999873,8.497635083333085e-07,2.5870071517096627e-15
-0.00016666666666666666,0.008083335786570226,-0.005583335026975126,0.0004166666700000254,-0.00041666665500007284,-8.497635083333282e-07,-0.009133394495326663
0.00016666666666666666,0.018916672405428835,-0.013500004094783476,0.0002499999899999239,0.0003333333299999746,-1.6995270166666958e-06,0.05873278160535006
0.00016666666666666666,0.0011666670204185518,-0.008000002427800145,-0.0002500000049999572,0.0004166666699998637,-4.248817541666641e-06,0.08605895259929304
0.0,-0.002583334117158665,-0.004250001289008651,-8.084397349092696e-17,0.0,-2.5492905250000044e-06,-1.2935035758548313e-15
8.333333333333333e-05,0.0018333338894008194,0.0017500005306326785,8.333333999996992e-05,8.333333999988908e-05,-2.5492905250000044e-06,0.0
0.0,0.001500000455514075,-8.333335877525516e-05,-8.084397349092696e-17,-8.333332500009823e-05,-3.3990540333333128e-06,-1.2935035758548313e-15
8.333333333333333e-05,0.004750001441654361,0.00525000159188316,-8.333334000005076e-05,1.6168794698185392e-16,-5.948344558333317e-06,0.02206864937779157
0.0,-0.010666669902520113,0.005916668462074853,-8.333332499993655e-05,-0.0003333333299999746,1.699527016666676e-06,-0.02335675795163778
8.333333333333333e-05,-0.010916669978841026,-0.006333335253524516,-8.333332499993655e-05,-0.000166666665000149,4.2488175416666605e-06,0.0262290389480923
0.0,-0.009166669447005067,-0.013166670660900288,-8.333332499993655e-05,-8.333332499993655e-05,1.6995270166666564e-06,0.02389868598288546
-8.333333333333333e-05,0.0013333337367573727,0.0013333337379664752,0.0,-8.333332500009823e-05,-8.497635083333479e-07,-1.2935035758548313e-15
0.0,0.0019166672481760745,0.003916667855125464,8.333333999996992e-05,1.6168794698185392e-16,-5.948344558333357e-06,-1.2935035758548313e-15
-0.00016666666666666666,0.0018333338894011427,0.0006666668689829142,-8.084397349092696e-17,-8.333334000005076e-05,-2.5492905250000044e-06,-0.08597119916353582
0.0,0.008416669220456646,0.00825000250290743,-8.333334000005076e-05,1.6168794698185392e-16,-8.497635083333085e-07,-1.2935035758548313e-15
0.0,-0.008750002654343714,-0.011250003412725508,-8.333332500001739e-05,-8.333333999988908e-05,2.549290524999965e-06,0.001152676313107885
0.0,-0.011416670129066915,-0.029916675743042208,-0.0001666666649999873,0.0,-8.497635083333282e-07,0.029073916131139008
8.333333333333333e-05,0.002000000605740287,-0.005666668385749735,0.0,-8.333334000021246e-05,-3.3990540333333327e-06,-1.2935035758548313e-15
0.0,0.0005000001514353143,-0.004416668006557867,0.0,-1.6168794698185392e-16,1.6995270166666367e-06,-1.2935035758548313e-15
8.333333333333333e-05,0.0006666668689825909,0.002833334193475053,-8.084397349092696e-17,0.0,-1.973729821555834e-20,1.2935035758548313e-15
0.0,0.0019166672481751043,-0.00033333343509131937,-8.084397349092696e-17,0.0,3.3990540333333128e-06,-0.02237618769595865
-8.333333333333333e-05,0.012583337150694892,-0.00575000174452499,0.0003333333449999272,-0.0002500000050000381,-8.497635083333677e-07,-0.027874946741664058
0.00016666666666666666,0.0019166672481751043,0.0020000006069500363,0.00016666666499990645,8.333334000005076e-05,-7.647871574999994e-06,0.08612077882031961
8.333333333333333e-05,0.0005000001514356376,-0.0044166680065585145,-8.333332500001739e-05,0.000499999994999962,-5.098581049999989e-06,0.024651339171252524
0.0,0.00025000007632123823,-0.0042500012902167835,-8.333333999996992e-05,-8.333332499993655e-05,7.647871575000013e-06,1.2935035758548313e-15
0.0,0.0014166670967401135,-0.0005000001514421052,8.333333999996992e-05,-8.333334000005076e-05,1.6995270166666564e-06,0.0
0.0,0.0011666670204172583,0.0016666671730668492,-8.333334000005076e-05,-8.333333999988908e-05,-8.497635083333479e-07,0.0
8.333333333333333e-05,0.009750002958423768,-0.011750003564159204,0.0001666666649999873,-0.0001666666649999873,5.098581049999969e-06,-0.02281643237404189
8.333333333333333e-05,-0.00825000250290937,0.004666668082882987,-8.084397349092696e-17,8.333332500009823e-05,3.3990540333333128e-06,0.026743122614686015
-0.00025,-0.008416669219248515,0.0035000010624670216,8.333333999996992e-05,-0.0001666666649999873,-5.948344558333337e-06,-0.06021650368458876
8.333333333333333e-05,0.0038333344963498855,0.026250007963033083,0.0,8.333332500009823e-05,8.497635083333479e-07,0.08605645673336952
8.333333333333333e-05,0.001500000455514075,0.0009166669453080329,-8.333334000005076e-05,1.6168794698185392e-16,-1.973729821555834e-20,1.2935035758548313e-15
0.0,0.0016666671718535428,-0.0045833347229008925,-8.084397349092696e-17,-8.333332499993655e-05,5.098581049999989e-06,-1.2935035758548313e-15
-8.333333333333333e-05,8.333335877331491e-05,-0.0011666670204166117,0.0,0.0,8.497635083333479e-07,1.2935035758548313e-15
8.333333333333333e-05,8.333335877299154e-05,0.005583335028183259,8.333333999996992e-05,-0.000499999994999962,0.0,0.025010245420129244
0.0,-0.002166667324497313,0.006000001819641976,0.0,1.6168794698185392e-16,-8.497635083333479e-07,0.0
-0.00016666666666666666,-0.011000003336406532,-0.027166674908333355,-0.00016666666500006816,0.0002499999899999239,-3.947459643111668e-20,-0.08605611782430593
8.333333333333333e-05,-8.333335877428504e-05,-0.0017500005306255641,8.333333999996992e-05,0.0,-6.798108066666685e-06,0.08604132651631824
-8.333333333333333e-05,0.0013333337379661519,0.00016666671754210255,-8.333333999996992e-05,-8.333332500009823e-05,-4.2488175416667e-06,0.0
0.0,0.0007500002265484201,-0.002583334117158342,0.0,0.0,-1.973729821555834e-20,-1.2935035758548313e-15
0.0,0.0068333354061692565,0.005000001516774581,8.333333999996992e-05,8.333332500009823e-05,-2.5492905250000044e-06,-0.025652241110819807
8.333333333333333e-05,-0.012250003716806856,0.0032500009849331236,-8.333332500001739e-05,8.333332499977486e-05,1.6995270166666564e-06,0.0859884655420151
-8.333333333333333e-05,-0.014916671192739159,-0.026416674680583594,-8.084397349092696e-17,-0.0002499999899999239,4.2488175416666605e-06,-0.05851499518464552
0.0,0.003416667703689503,0.010500003186183231,-8.084397349092696e-17,8.333332499993655e-05,3.399054033333293e-06,-1.2935035758548313e-15
-8.333333333333333e-05,0.002166667324497636,-0.001416667095533598,-8.333333999996992e-05,8.333332500009823e-05,1.973729821555834e-20,-0.08602910563876567
0.0,0.0001666667175482467,-0.0010000003028751557,-8.084397349092696e-17,8.333333999988908e-05,-6.798108066666645e-06,1.2935035758548313e-15
-8.333333333333333e-05,0.0015000004543062662,0.000916666945300272,8.333333999996992e-05,0.0,5.098581050000009e-06,-1.2935035758548313e-15
8.333333333333333e-05,0.011750003565372188,-0.002416667399616886,0.0002500000049999572,-0.0001666666649999873,2.549290525000024e-06,0.0
0.0,0.01900000576420215,-0.01508333790907507,8.333332500001739e-05,0.0003333333300001363,3.3990540333333128e-06,-0.026955079226325163
0.00016666666666666666,-0.0014166670967401135,-0.0025000007583837335,8.084397349092696e-17,0.0001666666649999873,1.973729821555834e-20,0.0013364194983086135
-8.333333333333333e-05,0.0010833336628533693,-0.0038333344963502086,-8.084397349092696e-17,0.0002500000050000381,-8.497635083333085e-07,-1.2935035758548313e-15
0.0,0.0012500003791925136,-8.333335877525516e-05,-8.333333999996992e-05,-8.333334000005076e-05,1.699527016666676e-06,-1.2935035758548313e-15
-8.333333333333333e-05,0.0023333340408358103,-0.0007500002277581693,8.333333999996992e-05,0.0,1.699527016666676e-06,-1.2935035758548313e-15
8.333333333333333e-05,-0.005916668462072267,0.014083337606208321,-0.00016666667999993984,0.0,-5.098581049999989e-06,-0.019002301848264565
8.333333333333333e-05,-0.015500004701739008,0.014250004322541645,8.333332499993655e-05,-0.0005833333350000127,-9.34739859166667e-06,0.026640521969306025
0.0,0.007333335557604894,0.0072500021988254355,0.0004166666699999445,-0.0005833333350000127,-1.699527016666676e-06,-1.2935035758548313e-15
0.00025,0.006416668613508227,-0.0010833336616420032,-0.0001666666649999873,0.0006666666599999492,-5.098581050000028e-06,0.08495517878134398
0.0,-0.002500000758384057,-0.010250003108650627,-0.0001666666649999873,-1.6168794698185392e-16,-3.3990540333333327e-06,1.2935035758548313e-15
8.333333333333333e-05,0.00016666671754759994,0.0007500002277581693,0.0,0.0,-4.2488175416667e-06,-1.2935035758548313e-15
-8.333333333333333e-05,0.001000000304079731,0.0030833342685998005,-8.084397349092696e-17,-8.333333999988908e-05,5.948344558333337e-06,-1.2935035758548313e-15
0.0,0.0020000006057409336,0.008166669144132822,-8.333334000005076e-05,-1.6168794698185392e-16,-3.3990540333333327e-06,0.0
0.0,-0.0034166677036891794,0.009000002730667539,8.333333999996992e-05,-0.0005000000100000762,1.973729821555834e-20,-1.2935035758548313e-15
0.0,-0.004583334722898629,-0.0033333343449081037,0.0001666666649999873,-0.0001666666649999873,1.699527016666676e-06,0.025841267112977545
-8.333333333333333e-05,0.007083335482491465,0.0040000012139000726,0.0,0.00016666666499982563,4.2488175416666605e-06,-1.2935035758548313e-15
8.333333333333333e-05,-0.0009166669453051226,-0.009916669674766794,-8.333333999996992e-05,8.333332499993655e-05,-8.497635083333479e-07,-1.2935035758548313e-15
8.333333333333333e-05,0.0004166667926610292,-0.003916667855124171,8.333333999996992e-05,-8.333334000021246e-05,-1.699527016666676e-06,0.0
8.333333333333333e-05,-0.00016666671754759994,-0.002916667551049937,-8.084397349092696e-17,8.333332500009823e-05,2.5492905250000044e-06,0.0
8.333333333333333e-05,0.0024166673996100954,-0.0022500006832661,0.0,-1.6168794698185392e-16,7.647871574999994e-06,-1.2935035758548313e-15
0.0,-0.001916667248174781,-0.004666668082874578,-0.0001666666649999873,0.0,4.2488175416666605e-06,-1.2935035758548313e-15
-0.00025,0.00025000007511407604,0.007250002198833196,-8.084397349092696e-17,-0.0002500000050000381,-8.497635083333479e-07,-0.060447597409127696
8.333333333333333e-05,0.012083336999259255,0.0027500008347004445,8.333332500001739e-05,0.00033333334500025054,-5.948344558333337e-06,-0.022783076618944242
0.0,-0.01675000508214127,-0.02483334086750078,-0.0002499999900000047,1.6168794698185392e-16,8.497635083333479e-07,0.0
-0.00025,-0.004166667930236953,0.0034166677036911197,8.333332499993655e-05,-8.333332499993655e-05,-5.098581050000009e-06,-0.08495517878134398
8.333333333333333e-05,0.004250001289010591,0.012083336999258933,0.0,0.00016666667999993984,4.2488175416666605e-06,-0.02012823461036379
8.333333333333333e-05,0.0010833336628523992,-0.0008333335853168844,0.0,-1.6168794698185392e-16,6.798108066666685e-06,-1.2935035758548313e-15
8.333333333333333e-05,0.0005833335102092759,0.0008333335865334246,-8.333333999996992e-05,-0.00016666668000010152,2.5492905250000044e-06,-1.2935035758548313e-15
-8.333333333333333e-05,0.004583334724107731,0.00500000151676682,-8.333334000005076e-05,-8.333334000005076e-05,-1.6995270166666564e-06,-0.02645136640459532
8.333333333333333e-05,-0.006750002047396265,-0.01075000326129181,-8.333332500001739e-05,-8.333333999988908e-05,3.3990540333333327e-06,-1.2935035758548313e-15
-8.333333333333333e-05,0.008750002654344037,-0.025250007660158575,8.333332500009823e-05,0.0003333333300001363,-1.699527016666676e-06,0.018982104359047177
0.00016666666666666666,-0.00025000007511342926,-0.002000000606950683,-0.0001666666649999873,0.00041666665500007284,-7.647871574999994e-06,-0.019231307306345036
0.0,0.0007500002277571993,-0.0017500005306242707,-8.084397349092696e-17,-1.6168794698185392e-16,4.2488175416666605e-06,-1.2935035758548313e-15
0.00016666666666666666,0.0014166670967397901,0.0035833344200244433,0.0,-8.333334000021246e-05,5.948344558333337e-06,-0.023346487780837602
8.333333333333333e-05,-0.0013333337379658283,0.005416668309424616,-8.333334000005076e-05,-8.333333999988908e-05,-1.973729821555834e-20,-0.02003524375108795
8.333333333333333e-05,-0.006750002047394648,0.004916668157991565,0.000166666665000149,-0.0005833333200000602,6.798108066666645e-06,0.024932703726789136
-0.00025,-0.007583335633926779,-0.00016666671754986357,8.333333999988908e-05,-8.333333999988908e-05,1.6995270166666367e-06,-0.08495517878134398
8.333333333333333e-05,0.0038333344963502086,0.006416668613507904,-8.333332500001739e-05,0.00041666665500007284,2.5492905250000044e-06,0.0
-8.333333333333333e-05,0.0010000003028699817,-0.00233333404205041,-8.084397349092696e-17,0.0001666666649999873,-8.497635083333677e-07,0.0
8.333333333333333e-05,-0.00016666671633914425,-0.004000001212683532,-8.333333999996992e-05,-8.333334000005076e-05,2.549290525000024e-06,1.2935035758548313e-15
0.0,0.0002500000763222084,-0.00041666679266685,0.0,0.0,-1.6995270166666564e-06,1.5313645814441974e-05
0.0,0.002500000758384057,-0.002666667475933597,-8.084397349092696e-17,1.6168794698185392e-16,3.3990540333333327e-06,-0.024643439561511493
-8.333333333333333e-05,0.011000003337615959,-0.010083336392308248,0.00016666666500006816,0.0,1.699527016666676e-06,-0.02698125919999503
0.0,0.010083336392310512,-0.005083334874341704,8.084397349092696e-17,8.333332500009823e-05,2.5492905249999845e-06,0.0
0.00025,-0.0005000001514349909,-0.004166667930233396,-8.333332499993655e-05,0.0004166666699998637,3.3990540333333327e-06,0.08495517878134398
8.333333333333333e-05,0.0007500002277565525,0.003250000986141903,-8.084397349092696e-17,1.6168794698185392e-16,-8.497635083333677e-07,0.08603221362870989
-8.333333333333333e-05,-8.333335877299154e-05,-8.333335877460842e-05,-8.333333999996992e-05,-8.333332500009823e-05,-1.6995270166666564e-06,-1.2935035758548313e-15
0.0,0.0014166670967401135,0.0021666673244998998,8.333333999996992e-05,-8.333333999988908e-05,2.549290524999965e-06,-0.022879668225069892
0.0,-0.005750001744525313,0.009583336239667065,-0.0001666666800000207,0.0,1.6995270166666564e-06,0.022746868773888693
-0.0004166666666666667,-0.017000005157253407,0.00825000250290743,8.333332500001739e-05,-0.0005833333200000602,0.0,-0.04838189491317219
0.0,-0.004583334724107731,0.029666675666724204,0.00016666666499990645,-0.0002500000049998764,1.699527016666676e-06,-1.2935035758548313e-15
8.333333333333333e-05,0.0020833339645152187,0.0,-8.084397349092696e-17,0.0002499999899999239,8.497635083333085e-07,0.08604621414182474
0.0,0.0012500003791915434,0.003000000909824545,-8.084397349092696e-17,8.333333999988908e-05,3.3990540333333327e-06,0.0
8.333333333333333e-05,0.002333334040836457,0.0010000003028661014,-8.333334000005076e-05,-8.333333999988908e-05,1.973729821555834e-20,-0.02161303129966707
-8.333333333333333e-05,3.2337589396370783e-16,-0.0010833336616413564,-8.333334000005076e-05,-0.00016666666499982563,0.0,-0.023821917392448006
0.0,0.004416668005349736,0.009750002957208521,8.333333999996992e-05,0.0001666666649999873,-8.497635083333282e-07,-0.0006995638331928704
8.333333333333333e-05,-0.00916666944821417,-0.007916669067816757,-8.333332500001739e-05,-0.0001666666649999873,-8.497635083333479e-07,0.02706946033622759
-8.333333333333333e-05,-0.010583336543744857,-0.02891667543896668,-0.00016666666500006816,0.0001666666649999873,-5.948344558333357e-06,0.023151923795030192
8.333333333333333e-05,0.0005833335102092759,0.0005000001514336974,-8.084397349092696e-17,8.333332500009823e-05,-2.5492905250000044e-06,-1.2935035758548313e-15
0.0,0.0006666668689825909,0.001333333737967122,-8.333333999996992e-05,-8.333334000005076e-05,-1.6995270166666564e-06,1.2935035758548313e-15
8.333333333333333e-05,0.0015833338142883602,-0.0028333341922669206,-8.084397349092696e-17,1.6168794698185392e-16,-2.5492905250000044e-06,-0.024924898171959083
0.0,0.015250004626625903,-0.006833335406166993,0.0002500000049999572,8.333332500009823e-05,-1.699527016666676e-06,0.0
-8.333333333333333e-05,0.007166668840056648,-0.015500004701732864,8.084397349092696e-17,0.00041666665500007284,-8.497635083333479e-07,0.019059949097206763
0.0,-0.0008333335865308376,-0.008416669220458587,-0.0001666666649999873,0.0002500000050000381,1.973729821555834e-20,-1.2935035758548313e-15
8.333333333333333e-05,-0.0005000001514353143,-0.0044166680065585145,-8.084397349092696e-17,0.0,-2.5492905250000044e-06,-1.2935035758548313e-15
0.0,-0.0007500002277565525,-0.002250000682057968,-8.084397349092696e-17,1.6168794698185392e-16,-5.098581050000009e-06,-1.2935035758548313e-15
0.0,0.004916668157994152,-0.008500002579224787,0.0001666666649999873,-8.333334000005076e-05,-8.497635083333479e-07,-0.024830932482385024
0.0,0.017000005157253407,-0.010666669902516555,8.333332500001739e-05,0.0001666666649999873,1.6995270166666564e-06,-1.2935035758548313e-15
8.333333333333333e-05,0.0006666668689822674,0.0012500003791918667,8.084397349092696e-17,0.0002500000050000381,8.497635083333479e-07,0.022594895415088266
8.333333333333333e-05,0.0005000001526447401,-0.002500000758383087,-8.333332500001739e-05,0.0001666666649999873,4.24881754166668e-06,0.0
0.0,0.0010833336616442668,0.0018333338894085803,-8.084397349092696e-17,1.6168794698185392e-16,-2.5492905249999845e-06,-1.2935035758548313e-15
0.0,0.0017500005306268576,0.00025000007511633964,-8.084397349092696e-17,1.6168794698185392e-16,5.098581049999989e-06,-1.2935035758548313e-15
8.333333333333333e-05,-0.0010833336616442668,0.015333337985399542,-8.333333999996992e-05,-0.0001666666649999873,-1.6995270166666564e-06,-0.019060167380617672
0.0,-0.005916668462072913,0.012083336999258286,8.333332500009823e-05,-0.0005833333350000127,0.0,-1.2935035758548313e-15
8.333333333333333e-05,-0.009583336240875198,-0.0044166680065585145,0.0002499999900000047,-0.0002500000050000381,2.5492905249999845e-06,0.02638058995125919
-8.333333333333333e-05,0.004916668159203255,-0.002833334193483461,-8.333332500001739e-05,0.00041666665500007284,8.497635083333479e-07,-1.2935035758548313e-15
-8.333333333333333e-05,0.0005000001514349909,-0.005250001593091292,-8.333333999996992e-05,8.333332500009823e-05,-3.3990540333333327e-06,-1.2935035758548313e-15
-8.333333333333333e-05,0.0011666670204175818,-0.0016666671730668492,-8.084397349092696e-17,-8.333333999988908e-05,-4.2488175416667e-06,-1.2935035758548313e-15
0.0,0.0007500002265480968,-0.0013333337367583428,-8.084397349092696e-17,-8.333334000005076e-05,-5.098581050000028e-06,-1.2935035758548313e-15
8.333333333333333e-05,0.005583335026978036,0.005666668385751028,0.0,-8.333332500009823e-05,2.549290524999965e-06,1.2935035758548313e-15
0.0,-0.008583335936796761,-0.007666668992700417,-8.333332499993655e-05,-0.0001666666649999873,8.497635083333479e-07,0.006529658374784048
-8.333333333333333e-05,-0.010833336620067389,0.010916669977632895,-8.084397349092696e-17,-0.0004166666549999112,-2.5492905249999845e-06,-0.024221395986847992
0.00125,0.002750000834705942,-0.00675000204859987,-8.333332500001739e-05,0.001166666654999911,-4.24881754166668e-06,0.046900348743205214
-5.714285714285714e-05,0.0002761905607835404,0.0021904768557432625,9.523808571495234e-06,7.61904702855954e-05,-3.204822374285731e-06,0.0009727115941709942
-8.333333333333333e-05,0.0015000004543046493,0.0006666668689829142,-8.084397349092696e-17,-1.6168794698185392e-16,5.098581050000009e-06,0.0027666932031188887
8.333333333333333e-05,-0.0008333335865308376,0.0007500002265493903,-8.084397349092696e-17,-1.6168794698185392e-16,-2.5492905249999845e-06,-0.002594110632145829
8.333333333333333e-05,-0.0035833344212367795,0.008750002654341773,-8.333334000005076e-05,8.333334000005076e-05,-8.497635083333282e-07,-0.003245396653754223
-8.333333333333333e-05,-0.007833335709039884,0.002500000758383087,-8.333334000005076e-05,-0.00033333334500008883,1.699527016666676e-06,0.0032015383100551034
-8.333333333333333e-05,0.001916667248174781,0.004166667931449936,0.0002499999899999239,-0.0003333333300001363,-1.973729821555834e-20,0.00136069031300463
8.333333333333333e-05,0.002583334115949563,0.019666672633191207,0.0001666666649999873,8.333334000005076e-05,-2.5492905250000044e-06,-0.0019467744007577292
0.00016666666666666666,0.002750000834706589,-0.0040833345714587875,-8.333332500001739e-05,0.0005000000100000762,1.6995270166666367e-06,-0.003601526770210411
-8.333333333333333e-05,0.0007500002277575226,-0.0027500008334994264,-8.084397349092696e-17,0.0001666666649999873,-5.098581050000009e-06,0.0016531253323553959
0.00016666666666666666,0.0012500003791915434,-0.0008333335853252923,-8.084397349092696e-17,-8.333332499993655e-05,-2.5492905250000044e-06,-0.002733499271626998
-8.333333333333333e-05,8.333335877428504e-05,-0.001666667171850309,-8.084397349092696e-17,0.0,8.497635083333282e-07,0.0025679325808434642
2.021099337273174e-17,0.011250003412728417,-0.001666667171850309,0.0001666666649999873,0.0,3.3990540333333327e-06,-0.0006918583759637033
8.333333333333333e-05,0.0056666683857507045,0.012250003715600016,0.0002499999900000047,-0.00024999999000008553,1.699527016666676e-06,-0.006230971016971549
8.333333333333333e-05,-0.014583337757644282,0.0022500006820573215,-0.0002499999900000047,8.333332500009823e-05,-8.497635083333479e-07,-0.0010858505459411794
-0.00025,0.0013333337379661519,-0.007000002123716856,-8.084397349092696e-17,-0.00016666667999993984,1.699527016666676e-06,0.00791958758399382
0.0,0.0008333335865305142,0.003166667627366648,-8.333333999996992e-05,0.0,-1.6995270166666564e-06,0.00022261740257187437
-8.333333333333333e-05,0.0008333335865305142,-0.0030833342685913927,-8.084397349092696e-17,0.0,-3.3990540333333327e-06,0.006662938079179731
-8.333333333333333e-05,0.010583336543745504,0.001333333737967122,0.0001666666649999873,-0.000166666665000149,-8.497635083333479e-07,0.0018973412175805101
-0.00016666666666666666,-0.0015000004555134284,-0.004500001365333769,0.0,-8.333333999988908e-05,-1.6995270166666958e-06,0.026648227166279684
0.0,0.0008333335865305142,0.0,-8.084397349092696e-17,0.0003333333299999746,-8.497635083333085e-07,0.00020048152306246467
0.0,0.004916668157993829,-0.0009166669440921397,0.0,8.333334000005076e-05,0.0,-0.003297840366402589
-8.333333333333333e-05,-0.004250001289011561,-0.006583335329841227,-0.0001666666649999873,0.000166666665000149,4.248817541666641e-06,0.007734983253206075
-8.333333333333333e-05,-0.004916668159203255,0.0017500005306249173,8.084397349092696e-17,-0.0001666666649999873,8.497635083333479e-07,0.009676206877425365
0.00016666666666666666,0.002083333964513602,0.007333335557600043,-8.084397349092696e-17,-8.333332500009823e-05,5.098581049999989e-06,-0.024468790483911936
0.0,0.0055833350269777135,-0.0018333338894008194,0.0001666666649999873,-0.0003333333299999746,3.3990540333333128e-06,-0.003387976411886565
0.00016666666666666666,0.004333334647784876,0.0017500005306249173,-8.333332500001739e-05,0.000499999994999962,-8.497635083333282e-07,-0.02596149681308436
1.4787142968324383e-05,0.0023721697604995513,-0.007679199155013295,0.00024593354148952747,-0.000473966847863561,8.277406856798198e-06,-0.005883180811909611
0.00016666666666666666,0.00400000121269,-0.0060833351796169555,-8.333332500001739e-05,0.0005000000100000762,3.399054033333352e-06,0.008560318784398906
8.333333333333333e-05,-0.0028333341934805504,-0.007583335633925809,-8.084397349092696e-17,0.00024999999000008553,8.497635083333282e-07,-0.007116415850190808
-8.333333333333333e-05,0.007083335481283009,-0.002916667552258069,0.0,-8.333332500009823e-05,-2.5492905250000438e-06,0.002288743197439342
-8.333333333333333e-05,-0.002166667324497636,-0.008833336013117029,-0.00016666666500006816,8.333334000005076e-05,2.5492905249999845e-06,-0.022068847541653343
0.0,0.01058333654495396,-0.019833339350732664,0.0001666666649999873,0.0,-3.3990540333333128e-06,-0.015095117385017997
8.333333333333333e-05,0.0008333335865311609,0.0018333338894001726,-0.00016666666500006816,0.0004166666699998637,-1.699527016666676e-06,0.03028583887284751
-8.333333333333333e-05,-0.006083335178412381,-0.007000002123717503,-8.333332499993655e-05,-0.0004166666700000254,-9.34739859166667e-06,-0.017269019276492246
0.0,0.0007500002277568759,0.00841666922045794,-8.333333999996992e-05,-8.333334000005076e-05,8.497635083333341e-06,-0.0024145302627740116
0.0,-0.002500000758384057,0.005583335026974479,8.333332500009823e-05,-0.0001666666649999873,1.6995270166666564e-06,0.0014926211465059573
8.333333333333333e-05,0.017000005157253407,0.0035000010612588894,0.0002500000049999572,8.333332499993655e-05,-6.798108066666645e-06,0.015366494532065312
0.00016666666666666666,-0.003250000984932477,-0.006166668538399325,-0.00033333333000005544,0.0004999999949998002,-5.098581050000028e-06,0.04293193769411494
-0.0003333333333333333,-0.0031666676273676177,-0.006083335179625364,-8.084397349092696e-17,-0.0005000000100000762,1.699527016666676e-06,0.0637470563419422
8.333333333333333e-05,0.0011666670204182284,-0.004583334724108378,0.0,-8.333334000005076e-05,4.24881754166668e-06,0.0
-8.333333333333333e-05,-0.0017500005306265343,-0.0020000006069500363,-8.333333999996992e-05,-8.333334000005076e-05,-8.497635083333085e-07,-0.024851325812419722
8.333333333333333e-05,0.0005000001514349909,0.006833335406174754,8.333332500001739e-05,-0.0003333333300001363,-4.2488175416666605e-06,0.02620057614815887
-8.333333333333333e-05,-0.010666669902519788,-0.02275000690177484,-0.00016666666500006816,0.000166666665000149,-3.3990540333333128e-06,0.0
-8.333333333333333e-05,-0.003000000909819048,-0.004083334571466549,-8.084397349092696e-17,0.0,-4.24881754166668e-06,-1.2935035758548313e-15
8.333333333333333e-05,0.0016666671718532193,0.009916669674758386,-8.333333999996992e-05,0.0,-1.699527016666676e-06,0.0
8.333333333333333e-05,0.002583334117158665,-0.00016666671634173123,8.333333999996992e-05,8.333334000005076e-05,-1.699527016666676e-06,1.2935035758548313e-15
0.0,-0.0012500003791912201,0.002833334192275975,-8.333334000005076e-05,-8.333334000005076e-05,2.549290525000024e-06,-1.2935035758548313e-15
8.333333333333333e-05,-0.012833337227015485,0.027083341549566507,8.084397349092696e-17,-0.00033333334500008883,-3.3990540333333327e-06,0.08601711807046862
-0.00016666666666666666,-0.007000002123717503,0.0015833338130757007,8.333333999988908e-05,-0.00024999999000008553,-3.399054033333352e-06,0.02400695012697122
8.333333333333333e-05,0.003916667855124171,0.0018333338893995257,-8.333332500001739e-05,0.0003333333299999746,2.5492905250000044e-06,-0.020718109733664378
0.0,0.0006666668689825909,-0.0020000006069500363,-8.333333999996992e-05,8.333332500009823e-05,8.497635083333479e-07,-1.2935035758548313e-15
-8.333333333333333e-05,0.0014166670967401135,-0.00025000007632511876,-8.333334000005076e-05,-8.333332499993655e-05,6.798108066666665e-06,-0.02538870290950872
0.0,-0.002750000834706589,0.007666668992700417,-8.084397349092696e-17,0.0,0.0,-1.2935035758548313e-15
-8.333333333333333e-05,-0.007166668841265103,0.019666672633183446,8.333332500001739e-05,-0.0004166666700000254,-1.699527016666676e-06,-0.02428047012073738
0.0,-0.009416669523327599,-0.0015000004543004454,8.333333999996992e-05,-0.0003333333299999746,1.699527016666676e-06,-1.2935035758548313e-15
8.333333333333333e-05,0.004083334572672094,0.0019166672481760745,0.0,0.0004166666700000254,-1.699527016666676e-06,0.0
8.333333333333333e-05,0.0005833335102092759,-0.0027500008334923123,-8.084397349092696e-17,0.0,3.399054033333352e-06,0.06330578614456268
8.333333333333333e-05,-0.0008333335853223818,0.0020000006069500363,-8.333333999996992e-05,-8.333332499993655e-05,2.5492905249999845e-06,0.02377143247956798
8.333333333333333e-05,-0.006250001895960951,0.006666668688617129,8.333334000005076e-05,-0.00016666668000010152,8.497635083333479e-07,0.0262089287479227
8.333333333333333e-05,8.333335877428504e-05,0.0020833339645158653,0.0002500000050000381,-0.0004166666699998637,2.549290524999965e-06,0.025807015112347693
0.0,0.005250001593090322,0.003583334420032851,-0.0001666666649999873,0.00041666667000018706,1.973729821555834e-20,-0.026135493491534403
0.0,-0.008250002502909047,-0.009083336089442794,-8.333332499993655e-05,-8.333334000005076e-05,6.798108066666665e-06,-1.2935035758548313e-15
8.333333333333333e-05,0.0037500011375759235,-0.00041666679266685,8.333333999996992e-05,-8.333333999988908e-05,-1.6995270166666564e-06,0.022554569660749337
8.333333333333333e-05,-0.003583334421236456,-0.0005000001514330507,-8.333333999996992e-05,1.6168794698185392e-16,5.098581049999989e-06,-1.2935035758548313e-15
-0.00016666666666666666,0.00575000174452596,-0.007166668840057941,0.000166666665000149,-8.333334000005076e-05,2.549290525000024e-06,0.022333501530385626
0.0,0.0009166669440969903,-0.004833334799216956,-0.0001666666649999873,0.0001666666649999873,-3.3990540333333128e-06,0.0
-8.333333333333333e-05,0.00466666808167259,-0.003000000909816784,0.0,-8.333334000005076e-05,-5.098581050000009e-06,0.0
0.0,-0.016833338440914586,0.009416669523324688,-0.00016666666500006816,0.0,-2.5492905250000044e-06,-0.001055951326145118
-0.00025,-0.008333335861683656,-0.0005000001514343441,0.00016666666499990645,-0.000499999994999962,1.6995270166666564e-06,0.01915360361904863
8.333333333333333e-05,0.005083334875541752,0.014666671116416627,0.0,0.0003333333299998129,0.0,-0.014393023345460339
0.0,-0.001500000454305296,-0.009916669675974925,-8.333332499993655e-05,0.0001666666649999873,-2.549290525000024e-06,0.0024264200881032997
0.0,-0.0002500000763215616,8.333335877525516e-05,-8.084397349092696e-17,0.0,3.3990540333333327e-06,-0.0003958851965997989
0.0,0.012666670509468209,0.0055833350269835335,8.333333999996992e-05,-8.333332500009823e-05,-1.6995270166666958e-06,0.0023545803460512413
0.0,0.008750002654344037,-0.011833336922941574,0.0001666666649999873,0.0002500000050000381,4.248817541666641e-06,-0.00024203976957230933
0.00025,0.001333333737965505,0.0030000009110333244,-0.0001666666649999873,0.000499999994999962,-5.098581050000009e-06,-0.018504165989152777
0.0,0.00033333343509617003,-0.003333334344917158,-8.084397349092696e-17,8.333334000005076e-05,-8.497635083333282e-07,-0.00014059317774372176
8.333333333333333e-05,0.002333334042045236,-0.00016666671633332346,8.333333999996992e-05,1.6168794698185392e-16,-8.497635083333282e-07,-0.01376269182780266
-8.333333333333333e-05,0.0006666668689832376,0.002083333965725291,-8.084397349092696e-17,8.333334000005076e-05,2.5492905249999845e-06,0.008541725920255865
8.333333333333333e-05,0.0028333341934799034,0.0010833336616413564,8.333333999996992e-05,0.0001666666649999873,-3.399054033333352e-06,-0.0080742594770324
-8.333333333333333e-05,0.005166668234315714,-0.006250001895967095,8.333333999996992e-05,-0.0001666666649999873,2.549290525000024e-06,-0.015262310597070285
0.0,-0.008916669371892607,0.006416668613508551,-0.0001666666649999873,8.333334000005076e-05,3.3990540333333327e-06,0.019980979798863537
0.0,-0.003166667627366648,0.008583335938009097,8.333332500009823e-05,-8.333334000005076e-05,5.948344558333337e-06,0.00511131010428071
0.0,0.0013333337379667985,0.0026666674747164104,-8.084397349092696e-17,8.333334000005076e-05,-1.699527016666676e-06,-0.000833918259318711
0.0,0.0006666668689832376,-0.0010833336616413564,-8.084397349092696e-17,8.333332499993655e-05,3.3990540333333327e-06,-0.0007761988414257455
8.333333333333333e-05,-8.333335877396167e-05,0.0011666670204166117,-8.333333999996992e-05,0.0,-7.647871575000013e-06,-0.010751919536256335
0.0,0.0025833341171580186,0.007500002275150554,0.0,-8.333334000005076e-05,-1.973729821555834e-20,0.0009976786512920323
0.00016666666666666666,-0.010583336543744857,-0.00791666906902489,-8.084397349092696e-17,-0.0003333333300001363,0.0,-0.017233850664768315
-0.00016666666666666666,0.004333334647785523,-0.003000000909816784,8.333332500001739e-05,0.0001666666649999873,5.098581050000009e-06,0.015048200142606058
0.00016666666666666666,0.0028333341922714477,0.0007500002277497616,0.0,0.0002499999899999239,-1.973729821555834e-20,-0.020970578514133944
0.0,0.00125000037919219,-0.004666668081666447,-8.084397349092696e-17,-8.333332500009823e-05,-7.647871575000013e-06,-0.001184760839665412
-8.333333333333333e-05,0.0013333337379664752,-0.0037500011375827145,-8.084397349092696e-17,0.0,1.699527016666676e-06,0.01013446735767001
8.333333333333333e-05,0.0043333346477852,-0.002083333965723998,8.333333999996992e-05,-0.0001666666649999873,8.497635083333479e-07,0.022037012907217206
8.333333333333333e-05,0.001583333813079581,0.0005000001514330507,0.0003333333299998938,-0.00016666667999993984,-1.699527016666676e-06,-0.007774452616668875
0.00016666666666666666,0.00800000242779594,0.0005000001514336974,-0.0001666666649999873,0.0005833333350000127,8.497635083333479e-07,-0.041337500176889204
0.00016666666666666666,-0.005250001591881543,-0.012916670585792357,-0.0001666666649999873,8.333334000005076e-05,-5.098581050000009e-06,-0.014291065123064132
0.0,-0.00033333343509584667,0.0035000010612498346,-8.084397349092696e-17,0.0,-8.497635083333282e-07,0.0003664235298560622
-8.333333333333333e-05,0.00266666747593198,0.0022500006820586147,8.333333999996992e-05,0.0,-1.699527016666676e-06,0.006658252698659069
0.0,-0.0024166674008182275,-0.00025000007510793187,-8.333334000005076e-05,8.333334000005076e-05,-1.699527016666676e-06,0.002477002243865799
-0.00025,0.0021666673232885337,0.00041666679387498235,0.0003333333299999746,-0.0003333333300001363,0.0,0.05159264213587675
0.0003333333333333333,0.0015833338142883602,0.009166669448216756,0.00016666666499990645,8.333332500009823e-05,-5.948344558333357e-06,-0.07131413920761939
-8.333333333333333e-05,0.0045000013653321526,-0.002833334193482814,-0.00016666666500006816,0.000499999994999962,1.699527016666676e-06,0.006041753882409021
2.021099337273174e-17,0.0001666667175482467,-0.002416667399608478,-8.084397349092696e-17,1.6168794698185392e-16,-1.973729821555834e-20,-0.00014978741528078293
-8.333333333333333e-05,0.0018333338894011427,-0.0011666670204166117,-8.333333999996992e-05,-8.333333999988908e-05,-2.5492905249999845e-06,0.008719713643861987
0.00016666666666666666,0.0009166669453051226,-0.0025833341171589887,-8.084397349092696e-17,0.0,-8.497635083333282e-07,-0.02150502056014698
-8.333333333333333e-05,0.011750003564164379,-0.006333335254733942,0.00016666666500006816,0.0,5.948344558333317e-06,0.012918367666877909
0.00016666666666666666,0.008583335936796438,-0.0044166680065585145,8.333332500001739e-05,0.0001666666649999873,5.948344558333357e-06,-0.037361587386952146
0.00025,-0.0008333335853223818,-0.003750001137584008,-0.0001666666649999873,0.0003333333299998129,4.24881754166668e-06,-0.04765345284678689
-8.333333333333333e-05,-0.003416667702480077,0.006416668613508551,8.333332500009823e-05,-0.0001666666649999873,8.497635083333479e-07,0.011233199371070238
0.0,0.00700000212371718,0.010083336392308248,8.333333999996992e-05,-8.333334000005076e-05,8.497635083333479e-07,-0.003984706184543514
0.00016666666666666666,0.0011666670204179051,0.003250000986141903,-8.333333999996992e-05,0.0001666666649999873,0.0,-0.021729976061339647
8.333333333333333e-05,-0.002666667474723201,0.0044166680065585145,-8.333333999996992e-05,-0.00024999999000008553,-8.497635083333282e-07,0.02182396152613219
0.0,-0.003916667855124493,-0.0037500011375749534,0.0003333333299998938,-0.0004166666700000254,5.098581049999969e-06,-0.004286188608137632
-2.021099337273174e-17,0.010250003109857466,-0.0014166670967410836,-8.333332500001739e-05,0.000166666665000149,-3.3990540333333327e-06,-0.004750419774599788
-8.333333333333333e-05,-0.01091666997884135,-0.011000003336400388,-0.00016666666500006816,-0.0001666666649999873,-1.973729821555834e-20,0.032847232216312035
-8.333333333333333e-05,0.005333334950654858,-0.0038333344963502086,8.333333999996992e-05,-8.333334000005076e-05,-5.948344558333357e-06,0.024759425073854313
0.0,-0.00033333343509552325,-0.00483333479921631,-0.0001666666649999873,8.333333999988908e-05,1.699527016666676e-06,-1.2935035758548313e-15
8.333333333333333e-05,-0.0002500000763215616,-0.0030833342685920393,-8.084397349092696e-17,-8.333332499993655e-05,8.497635083333282e-07,-0.026272320518931115
-8.333333333333333e-05,-0.002166667324497313,0.008250002501708351,-8.333334000005076e-05,8.333334000005076e-05,0.0,0.02714367782776244
-0.0003333333333333333,-0.021083339729926147,0.00233333404083387,-8.084397349092696e-17,-0.0008333333249999366,-8.497635083333341e-06,-0.030814112799528004
-8.333333333333333e-05,-0.0035000010612543622,0.014833337832757712,8.084397349092696e-17,-1.6168794698185392e-16,1.699527016666617e-06,0.02134660072274144
-2.021099337273174e-17,0.0001666667163394676,0.0015000004542997985,-8.084397349092696e-17,8.333332500009823e-05,1.973729821555834e-20,-0.0004174521293064269
-2.021099337273174e-17,0.002916667552253542,0.0017500005318421042,-8.084397349092696e-17,0.0,3.399054033333352e-06,-0.0034036094741611224
-8.333333333333333e-05,-0.0002500000763215616,0.00016666671754986357,-8.333333999996992e-05,0.0,3.399054033333293e-06,0.029546005586154448
0.0,0.0007500002277571993,0.00700000212371621,8.333333999996992e-05,-0.0002500000050000381,3.3990540333333128e-06,0.0016339825161448163
-2.021099337273174e-17,-0.008833336013117999,-0.006500001972283806,8.084397349092696e-17,1.6168794698185392e-16,-8.497635083333479e-07,0.003686872908008647
8.333333333333333e-05,-0.00108333366164362,-0.006333335254733296,-8.084397349092696e-17,-8.333334000005076e-05,3.399054033333372e-06,-0.025225839095258724
-0.00016666666666666666,0.010416669826197256,-0.0030000009098161374,8.333333999996992e-05,8.333334000005076e-05,-8.497635083333479e-07,0.05188280049834995
8.333333333333333e-05,0.0,0.004250001289008651,-0.0001666666649999873,0.0004999999949998002,-8.497635083333282e-07,-0.026782113974866094
-0.00016666666666666666,-0.019500005915637466,0.0035000010612498346,8.333333999996992e-05,-0.00075,-5.948344558333317e-06,0.022832932846556003
-2.021099337273174e-17,0.007083335481282039,0.02291667361932535,0.00016666666500006816,-0.0002500000050000381,2.5492905250000044e-06,-0.0045620203784408255
0.00016666666666666666,0.0024166673996104185,-0.0011666670204172583,-0.0001666666649999873,0.00033333334500008883,-4.2488175416666605e-06,-0.05214983337828372
-8.333333333333333e-05,-0.0003333334338867442,-0.002833334192266274,-8.084397349092696e-17,0.0,8.497635083333282e-07,0.024017259913944225
0.0,0.003583334420028324,0.0030000009110333244,-8.084397349092696e-17,8.333332499993655e-05,2.5492905250000044e-06,0.0006098658006935794
-0.00016666666666666666,0.0020833339645142486,-0.004833334799225365,8.333332500001739e-05,0.0,8.497635083333282e-07,0.05313089421597801
8.333333333333333e-05,0.007083335482491788,8.333335877460842e-05,0.0001666666649999873,0.0004166666699998637,3.399054033333293e-06,-0.03434156370941782
8.333333333333333e-05,0.002500000758384057,-0.005500001668208279,-0.0001666666649999873,0.000499999994999962,-2.549290525000024e-06,-1.2935035758548313e-15
-2.021099337273174e-17,0.0024166673996100954,-0.007666668992699771,8.333333999996992e-05,-8.333334000005076e-05,8.497635083333341e-06,-0.0028123526453764903
-8.333333333333333e-05,-0.004500001364124991,0.0020000006069500363,-8.333333999996992e-05,8.333334000005076e-05,-3.399054033333352e-06,0.02659391587590152
0.0,-0.00025000007511245917,-0.002916667552258069,8.333333999996992e-05,-0.0003333333299999746,-2.5492905250000044e-06,-1.2935035758548313e-15
0.0,-0.0017500005306268576,0.000750000226550037,-8.333333999996992e-05,0.0002500000050000381,0.0,-0.00011468442021481072
-0.0003333333333333333,-0.01400000424743436,0.004333334647783906,8.333333999996992e-05,-0.0005000000099999144,-7.647871574999994e-06,-0.08495517878134398
-8.333333333333333e-05,0.006416668613508551,0.024750007508724876,0.00016666666500006816,-0.0001666666649999873,-1.699527016666676e-06,0.020561702829083272
8.333333333333333e-05,0.002000000606949066,-0.002333334042051057,-8.084397349092696e-17,0.0002500000050000381,-8.497635083333282e-07,-0.024961471936603388
0.0,-0.0001666667175482467,-0.002916667551042176,-8.084397349092696e-17,8.333334000005076e-05,8.497635083333282e-07,0.0006782947466566434
8.333333333333333e-05,-0.007083335482490818,0.01475000447398375,-8.333333999996992e-05,0.0,0.0,-0.02047885269049374
-8.333333333333333e-05,-0.008083335785361447,0.007833335709041501,8.333332500009823e-05,-0.0006666666600001109,-4.24881754166668e-06,-0.05888825291293777
-2.021099337273174e-17,-0.007333335557604247,0.008916669371899399,8.084397349092696e-17,-8.333332499993655e-05,-3.3990540333333327e-06,0.0050232091225489665
-8.333333333333333e-05,0.0009166669453051226,-0.005166668234316037,-8.084397349092696e-17,8.333333999988908e-05,2.549290524999965e-06,0.020890841475568918
-8.333333333333333e-05,0.001500000455514075,0.0010833336616497642,-8.333334000005076e-05,8.333333999988908e-05,8.497635083333282e-07,0.02071607585648825
-2.021099337273174e-17,-0.00025000007511342926,-0.0020000006069500363,-8.333333999996992e-05,-8.333332499993655e-05,-1.699527016666676e-06,0.0005586300168173491
-8.333333333333333e-05,0.0023333340420449125,0.0012500003791912201,8.333333999996992e-05,0.0,1.973729821555834e-20,0.026843498843403844
8.333333333333333e-05,0.007583335633926779,0.006750002047391738,8.333333999988908e-05,0.0,-8.497635083333085e-07,-0.022857829990818736
-0.00019953125254061274,-0.009705657014972332,-0.019006012940001735,-0.000606491386250665,0.0016768190984121948,-1.7669974208669005e-06,-0.015685755304230328
8.333333333333333e-05,-0.011916670281711332,-0.006833335406175401,8.084397349092696e-17,-0.0005833333350000127,5.948344558333317e-06,-0.0022193586696301485
-0.0006933141685514462,-4.509361867013566e-05,-0.01752974143081472,1.841993365201632e-05,-0.0010338312656488114,-8.085972066504977e-06,0.0050675699747393665
-8.333333333333333e-05,-0.00575000174452596,0.00700000212371621,-8.333334000005076e-05,-8.333332500009823e-05,-3.3990540333333327e-06,0.02593644785114512
-8.333333333333333e-05,-0.007500002275152818,0.009250002806983603,8.333332500009823e-05,-0.0002500000050000381,-2.5492905250000044e-06,0.024675618167040454
-8.333333333333333e-05,-0.0010000003028699817,0.012750003868241846,0.0,-8.333332499993655e-05,-3.3990540333333327e-06,0.0
8.333333333333333e-05,-0.00025000007632253174,-0.00408333457266692,0.0003333333299999746,-0.0006666666750000634,2.5492905249999845e-06,0.026253763140816913
8.333333333333333e-05,0.006083335178412381,8.333335876620064e-05,-0.0001666666649999873,0.0005833333350000127,1.6995270166666564e-06,-1.2935035758548313e-15
0.0,-0.0008333335865311609,-0.009083336088224961,-8.333332500001739e-05,0.0001666666649999873,0.0,0.0
8.333333333333333e-05,0.0005833335102092759,0.004250001289008651,-8.084397349092696e-17,0.0,4.248817541666622e-06,0.06225356669072708
0.0,-0.0062500018959606276,0.0017500005318421042,8.084397349092696e-17,-0.0001666666649999873,3.399054033333293e-06,0.0
0.0,0.009833336315988305,-0.011083336695175644,0.0002500000049999572,-0.0003333333449999272,2.5492905249999845e-06,0.0
0.00016666666666666666,0.010500003184971542,-0.004916668159208105,0.00016666666499990645,0.0001666666649999873,-1.699527016666676e-06,0.08495517878134529
0.0003333333333333333,0.0024166673996100954,-0.0010833336616420032,-0.00016666666500006816,0.0003333333300001363,-8.497635083333085e-07,0.08495517878134398
-8.333333333333333e-05,0.0010833336616442668,-0.009083336088224961,-8.333333999996992e-05,-8.333332499993655e-05,-1.699527016666676e-06,-1.2935035758548313e-15
0.0,-0.00025000007511342926,0.0010833336616420032,-8.084397349092696e-17,0.0,-3.3990540333333327e-06,0.023452503333289902
8.333333333333333e-05,-0.001416667095531011,0.0163333382882747,0.0,-0.0002500000050000381,3.399054033333293e-06,1.2935035758548313e-15
-8.333333333333333e-05,-0.009250002805779999,-0.002083333965725291,8.333333999988908e-05,-0.00033333334500008883,3.3990540333333128e-06,-0.05959134624347013
-0.00016666666666666666,0.02300000697810093,-8.333335877525516e-05,0.0002500000049999572,0.0002500000050000381,-2.5492905249999845e-06,0.019029146742800044
8.333333333333333e-05,-0.001916667248174781,0.00025000007632511876,-0.0003333333299999746,0.00033333334500025054,-2.5492905250000044e-06,-1.2935035758548313e-15
-8.333333333333333e-05,-0.005666668385751998,-0.005166668233107905,-8.084397349092696e-17,-0.00016666668000010152,5.098581049999969e-06,1.2935035758548313e-15
0.0,0.0015000004555143986,0.011833336924150353,8.333333999996992e-05,0.0001666666649999873,-2.5492905250000044e-06,-1.2935035758548313e-15
0.0,0.0017500005306265343,0.003166667627366648,8.333333999996992e-05,8.333332499993655e-05,2.5492905249999845e-06,-1.2935035758548313e-15
-8.333333333333333e-05,0.0062500018959599805,0.003333334343699971,8.333333999996992e-05,8.333333999988908e-05,3.3990540333333327e-06,-1.2935035758548313e-15
-8.333333333333333e-05,-0.003916667855124493,-0.017416671949908938,8.084397349092696e-17,0.0,-3.947459643111668e-20,1.2935035758548313e-15
-8.333333333333333e-05,-0.008750002654345007,-0.0025000007583837335,-8.084397349092696e-17,0.0,-2.5492905249999845e-06,0.0009815931206685492
0.0,0.002500000758384057,0.017083338516025105,-8.084397349092696e-17,0.000166666665000149,3.399054033333352e-06,1.2935035758548313e-15
8.333333333333333e-05,0.001833333889401466,0.002583334117158342,0.0,8.333333999988908e-05,-1.6995270166666564e-06,-1.2935035758548313e-15
8.333333333333333e-05,0.0010833336616442668,0.0034166677036917663,-8.084397349092696e-17,0.0,5.098581049999989e-06,0.0
8.333333333333333e-05,8.333335877396167e-05,0.00575000174452499,-8.333333999996992e-05,-8.333334000005076e-05,-1.699527016666676e-06,0.02431418881252434
0.0,0.004333334647785523,0.015583338060516528,0.0,-0.0001666666649999873,2.549290524999965e-06,-1.2935035758548313e-15
-8.333333333333333e-05,-0.020500006219716548,-0.010333336468632721,-8.084397349092696e-17,-0.0003333333300001363,-4.2488175416667e-06,-1.2935035758548313e-15
-8.333333333333333e-05,0.0016666671718525727,0.010500003184966692,-8.084397349092696e-17,8.333333999988908e-05,1.6995270166666564e-06,1.2935035758548313e-15
0.0,0.001916667248174781,0.012416670433141472,-8.084397349092696e-17,0.0001666666649999873,2.5492905250000044e-06,0.0
0.0,0.0014166670967397901,-0.0005833335102083058,8.333333999996992e-05,8.333334000005076e-05,-5.948344558333337e-06,-1.2935035758548313e-15
0.0,0.0014166670967401135,-0.0009166669441005474,-8.084397349092696e-17,8.333333999988908e-05,-2.5492905250000044e-06,0.0
8.333333333333333e-05,0.0074166689175869886,-0.0010000003040826415,0.00016666666500006816,-8.333332499993655e-05,-1.6995270166666367e-06,0.08597996021838884
0.00016666666666666666,0.005833335103298951,-0.0015000004543082063,8.333332500001739e-05,0.0,-2.5492905250000044e-06,0.08595284547194089
0.0,-0.009916669674762589,-0.004583334724107731,-0.0001666666649999873,-8.333333999988908e-05,-2.549290525000024e-06,0.025829459505832184
0.0,-0.0005000001514346676,0.00666666868862489,0.0,8.333332499993655e-05,-5.098581050000009e-06,-1.2935035758548313e-15
0.0,0.003416667702480077,0.00866666929557428,-8.084397349092696e-17,-8.333332499993655e-05,4.248817541666641e-06,0.0
0.0,0.002500000758384057,-0.005916668462074853,8.333333999996992e-05,-0.0002499999899999239,2.549290525000024e-06,0.00037537342668381624
0.00016666666666666666,-0.001166667020416935,0.00716666884126672,-8.333333999996992e-05,0.0,1.699527016666676e-06,-0.0253956135003931
-0.00016666666666666666,-0.007500002275152818,0.0022500006832667473,8.333332499993655e-05,-0.0002500000050000381,-1.699527016666676e-06,-0.08597271344656021
8.333333333333333e-05,0.0035000010612543622,0.009416669523325335,8.333333999996992e-05,-1.6168794698185392e-16,3.399054033333352e-06,0.08600516360890793
8.333333333333333e-05,0.0024166673996110655,-0.0010000003040755271,0.0001666666649999873,-8.333333999988908e-05,-3.3990540333333327e-06,0.024940156575679107
8.333333333333333e-05,0.005083334875542399,-0.007166668840057941,0.0,0.0002500000049998764,-8.497635083333282e-07,0.023001825091767954
0.0,-0.0010833336616439435,-0.015000004550308222,-8.333332500001739e-05,0.0001666666649999873,-5.098581049999989e-06,0.025184291168893428
-8.333333333333333e-05,0.003166667627366648,-0.001833333890608305,-8.333334000005076e-05,0.0001666666649999873,1.6995270166666564e-06,-0.02671480032534649
0.0,-0.01033333646742362,-0.0033333343449087503,-0.0001666666649999873,1.6168794698185392e-16,8.497635083333282e-07,0.025888664929374743
-8.333333333333333e-05,-0.0032500009861406096,0.006500001972274751,8.333332500009823e-05,-0.0003333333300001363,8.497635083333282e-07,-0.02407342354027658
0.0,0.0029166675522541885,0.00883333601190825,0.0001666666649999873,1.6168794698185392e-16,2.5492905249999845e-06,0.0
0.0,0.0011666670204182284,-0.0003333334338838338,0.0,8.333334000005076e-05,1.6995270166666564e-06,-0.0012536717001115903
0.0,0.0012500003791915434,0.004250001289015765,-8.333334000005076e-05,-8.333332499993655e-05,4.2488175416666605e-06,-1.2935035758548313e-15
0.0,-0.005750001743316534,-0.0013333337379658283,8.333332500009823e-05,-0.0001666666649999873,1.6995270166666564e-06,0.002732073814654723
0.00025,0.005416668309429467,-0.004166667930232749,0.0,-1.6168794698185392e-16,-1.699527016666676e-06,0.061114549057457286
-0.00016666666666666666,0.0005000001514349909,-0.014000004246224934,-8.084397349092696e-17,0.0,-5.098581049999989e-06,0.024909853479925855
0.0,-0.0015833338130792577,-0.0010000003028751557,-8.333332500001739e-05,0.0001666666649999873,-3.3990540333333327e-06,0.024580132659413438
-0.00016666666666666666,-0.0004166667926610292,0.005333334951867194,-0.0001666666649999873,8.333332499993655e-05,-2.5492905249999845e-06,0.0008765804573906482
0.00016666666666666666,-0.0116666702053888,0.007500002276358686,-8.333334000005076e-05,-0.0004166666700000254,-6.798108066666685e-06,0.007117499735609939
-0.00016666666666666666,-0.0004166667938701317,0.003333334344917158,8.333332500001739e-05,-0.0002499999899999239,-3.3990540333333327e-06,-0.08595252455460917
0.0,-0.010916669978841026,0.006333335254733296,-8.333332499993655e-05,-0.0002500000049998764,-8.497635083333479e-07,0.02614047245905709
-8.333333333333333e-05,8.333335877428504e-05,-0.0012500003791912201,8.333333999996992e-05,-0.0001666666649999873,5.098581049999989e-06,-1.2935035758548313e-15
8.333333333333333e-05,-0.002000000606948419,0.006666668688624243,-8.333334000005076e-05,0.0001666666649999873,-8.497635083333282e-07,2.5870071517096627e-15
8.333333333333333e-05,-0.006416668612299125,0.010250003108650627,8.084397349092696e-17,-0.0003333333449999272,8.497635083333282e-07,-0.019492880686291028
0.0,-0.0030833342685930095,8.333335877525516e-05,0.0002500000050000381,-0.0004166666700000254,-8.497635083333085e-07,0.002822474223597803
-8.333333333333333e-05,0.011583336846615808,-0.00041666679265779546,-8.333332500001739e-05,0.0005000000099999144,1.0197162099999997e-05,-0.026755853561287384
-0.00016666666666666666,-0.0030000009098193714,-0.004500001365333123,-0.0002500000050000381,0.0003333333300001363,4.2488175416666605e-06,0.02304874962395859
0.0,-0.0015833338142880369,-0.00400000121269194,-8.084397349092696e-17,-8.333332499993655e-05,8.497635083333479e-07,0.0
-8.333333333333333e-05,0.002250000682061525,0.0011666670216331518,-8.084397349092696e-17,8.333333999988908e-05,-8.497635083333677e-07,-0.024335030039593888
0.0,0.003500001062463141,0.001583333813074407,8.333333999996992e-05,-8.333334000005076e-05,-8.497635083333479e-07,0.0
8.333333333333333e-05,0.003750001137576247,-0.0035000010612504817,0.0003333333299998938,-0.0003333333299999746,-3.3990540333333327e-06,0.025143404087826556
0.00025,0.012833337227016777,0.0004166667926584422,8.084397349092696e-17,0.0005000000100000762,8.497635083333085e-07,0.08495517878134398
0.00016666666666666666,-0.013166670660903199,-0.012500003791916727,-0.00016666666500006816,8.333334000005076e-05,-9.34739859166665e-06,0.08599009650979812
-0.00016666666666666666,-0.0017500005318356368,-0.0009166669441005474,-8.084397349092696e-17,0.0,-3.399054033333352e-06,0.024628336578347565
0.0,-0.0001666667175482467,0.003333334344917158,-8.084397349092696e-17,-8.333332500009823e-05,8.497635083333479e-07,1.2935035758548313e-15
0.0,-0.0005833335102092759,0.003416667702483634,0.0,-8.333334000005076e-05,-2.5492905250000044e-06,0.0
0.0,0.002000000606948419,0.011500003489050626,0.00016666666500006816,-0.0001666666649999873,3.3990540333333327e-06,0.0003441340713554786
0.00016666666666666666,-0.005000001516767143,-0.0042500012902167835,-8.333332500001739e-05,0.0001666666649999873,1.6995270166666564e-06,-0.02522583909525743
-0.00016666666666666666,0.011083336695179847,-0.002500000759591866,0.00016666666500006816,-8.333334000005076e-05,-5.098581050000009e-06,-0.005795846886126997
0.00016666666666666666,-0.004083334572672417,-0.012000003640483677,-0.0001666666649999873,0.0003333333299999746,5.948344558333337e-06,0.08594212892848559
-2.021099337273174e-17,0.0035833344200273537,-0.003166667627366648,8.333333999996992e-05,0.0,-1.973729821555834e-20,0.0014372167426083859
-8.333333333333333e-05,-0.0002500000763215616,-0.006833335407374478,-0.0001666666649999873,0.0001666666649999873,5.948344558333317e-06,-0.026338014711133048
-8.333333333333333e-05,0.0007500002265484201,-0.010000003033532994,-8.084397349092696e-17,8.333333999988908e-05,5.098581049999969e-06,0.02538158380578841
0.0,-0.00216666732328821,0.005916668460867368,-8.333333999996992e-05,8.333332500009823e-05,4.248817541666641e-06,-0.0006068504874206459
-8.333333333333333e-05,0.0015000004543049726,-0.015666671419290488,-8.084397349092696e-17,-0.0001666666649999873,-8.497635083333282e-07,-0.025761700674984605
0.0,0.005250001593089999,0.0015000004555169855,8.333332500001739e-05,0.0001666666649999873,5.948344558333317e-06,0.0
8.333333333333333e-05,0.004833334799220837,-0.005916668460866721,0.0002500000049999572,0.0,8.497635083333085e-07,0.05991896320983069
0.0003333333333333333,0.004583334724107408,0.0010833336616407096,-8.333332500001739e-05,0.0002500000050000381,4.248817541666622e-06,0.08495517878134398
-8.333333333333333e-05,-0.0044166680065591615,-0.008916669371891638,-0.0001666666649999873,8.333332499993655e-05,-1.699527016666676e-06,-0.024715998308398088
-9.545060121482584e-05,-0.0035037818979267578,0.007865999659317408,0.00011652411420609549,-0.0002869716108219244,-7.394743806247913e-07,-0.06781964834328559
1.9009685210115383e-05,0.0004010371230879303,0.00202299784261759,0.0,-0.00010305643699294721,-5.223889529368158e-07,0.02104735028106601
-9.510374793619167e-05,0.00644725826579224,-0.0021815533635875235,0.00010730106023364908,0.00013169570384896441,-3.0085069321263403e-06,-0.06947684715705808
0.00013799332763781284,0.0012566166629730906,-0.0003833149148308107,-0.00010213772753921082,0.0003087399405309489,8.486644017485171e-07,0.060641796977593095
0.0,-0.005166668234315714,0.0015833338142825393,-8.333333999996992e-05,-0.0001666666649999873,1.6995270166666958e-06,0.0013743495286300054
0.0,-0.002166667323287887,0.010750003261300864,-8.333334000005076e-05,-0.00016666666499982563,-5.098581049999989e-06,-8.190912125994348e-06
-8.333333333333333e-05,-0.008000002426587485,-0.002750000833500073,-0.0001666666649999873,-0.0001666666649999873,2.549290524999965e-06,-0.08600744712666815
-8.333333333333333e-05,-0.005583335028185522,0.007250002200032921,8.084397349092696e-17,-0.0001666666649999873,-5.098581050000009e-06,-0.06039242689608622
0.0,-0.0004166667938688382,0.0074166689175827845,-8.333333999996992e-05,-1.6168794698185392e-16,4.2488175416666605e-06,-0.025166859560406818
0.0,0.0028333341922704776,0.005250001593084178,0.0002500000050000381,-0.0002500000049998764,8.497635083333085e-07,7.567263882891792e-05
-0.00016666666666666666,0.004000001213898456,0.005916668460866074,-8.333332500001739e-05,8.333333999988908e-05,-1.6995270166666564e-06,0.014197610072672574
0.0,-0.001500000455514075,-0.008416669219249807,-8.084397349092696e-17,0.0002500000050000381,1.973729821555834e-20,0.0006776290185089844
0.0,0.004083334572672417,-0.0027500008347082056,0.0001666666649999873,-8.333334000005076e-05,2.549290524999965e-06,-0.0006295264773316578
0.00025,-0.0009166669440966668,-0.0004166667926584422,-0.0002500000049999572,0.0002500000049998764,1.973729821555834e-20,0.08495517878134529
-8.333333333333333e-05,0.004416668006559485,-0.0011666670204159648,8.333333999996992e-05,-8.333334000005076e-05,-2.5492905250000044e-06,-0.025760438949759636
8.333333333333333e-05,0.0034166677036885328,-0.008000002426582957,-8.333332500001739e-05,8.333334000005076e-05,-2.5492905249999845e-06,0.025623599556498487
8.333333333333333e-05,-0.009583336240874875,-0.009000002729450353,-0.0002500000050000381,0.0,3.3990540333333327e-06,0.02615858930822643
8.333333333333333e-05,-0.0035000010612540387,-0.0005833335102083058,8.333333999996992e-05,-8.333332499993655e-05,1.6995270166666564e-06,0.025983322802817243
-8.333333333333333e-05,0.002416667399610742,0.00900000272945876,8.333333999996992e-05,-8.333332500009823e-05,-8.497635083333479e-07,-0.024052700508299232
8.333333333333333e-05,-0.0011666670204182284,0.0026666674747248182,-8.084397349092696e-17,8.333334000005076e-05,-5.098581050000009e-06,0.08591376057911612
0.0,-0.0026666674747225544,0.0011666670204166117,0.0001666666649999873,-0.00033333334500008883,-4.2488175416667e-06,0.00095459913213401
-8.333333333333333e-05,0.006500001972282512,0.0015000004543082063,0.0,0.0005000000100000762,8.497635083333479e-07,-1.2935035758548313e-15
8.333333333333333e-05,-0.0008333335853230286,-0.008916669371891638,-0.0001666666649999873,0.0001666666649999873,-1.973729821555834e-20,0.02390718328210189
-8.333333333333333e-05,0.004916668157994152,0.0018333338894001726,0.0,0.0,4.248817541666641e-06,-0.026356530235450353
8.333333333333333e-05,-0.008916669371891638,-0.0027500008347082056,-0.00016666666500006816,-0.00016666667999977816,-1.699527016666676e-06,0.026874956179201964
-8.333333333333333e-05,-0.011500003489050302,-0.006166668537191193,-8.333334000005076e-05,-0.0002500000049998764,-8.497635083333479e-07,-1.2935035758548313e-15
-0.00016666666666666666,0.0029166675522541885,-0.002166667323291767,0.0001666666649999873,-0.0002500000049998764,-8.497635083333479e-07,-0.08495517878134398
0.00016666666666666666,0.003583334420027677,-0.0002500000751169864,-8.333332500001739e-05,0.000499999994999962,8.497635083333282e-07,0.060444201267086384
-0.00016666666666666666,0.007083335482491465,-0.0020833339657168833,8.333333999996992e-05,-1.6168794698185392e-16,2.549290524999965e-06,-0.0035431398279382846
0.00016666666666666666,0.0015833338130792577,-0.0038333344963502086,-8.333334000005076e-05,0.0003333333449999272,-5.948344558333357e-06,-0.0027014237127784228
8.333333333333333e-05,-0.008416669220457617,-0.009250002805782585,8.333332500009823e-05,-0.0002500000050000381,0.0,0.026525254284023927
-8.333333333333333e-05,0.005333334950655828,-0.00758333563393357,0.0,0.0004166666700000254,-7.647871575000013e-06,0.019003837445586556
0.0,0.002083333965722381,-0.005916668462074853,0.0001666666649999873,-8.333334000005076e-05,5.098581049999969e-06,-1.2935035758548313e-15
8.333333333333333e-05,0.004583334724106761,-0.00016666671633332346,0.0,0.0002500000050000381,1.699527016666676e-06,-1.2935035758548313e-15
0.00016666666666666666,-0.0035000010624634645,-0.009750002957208521,-0.0001666666649999873,1.6168794698185392e-16,-1.6995270166666564e-06,0.00212988595729047
-0.00016666666666666666,-0.0007500002277565525,0.007750002350266893,-8.084397349092696e-17,-8.333334000005076e-05,8.497635083333282e-07,0.0020548097093563734
8.333333333333333e-05,-0.002083333964514572,0.010500003186183231,-8.333333999996992e-05,0.0,1.6995270166666564e-06,0.025311529046334585
0.0,0.0011666670204172583,0.0032500009861328484,-8.333333999996992e-05,-0.0001666666649999873,3.3990540333333128e-06,0.0
8.333333333333333e-05,-0.024583340791179863,0.00408333457267468,-8.333332500001739e-05,-0.0006666666749999018,-3.3990540333333327e-06,1.2935035758548313e-15
0.0,-0.0011666670204175818,-0.0036666677788081063,0.0002500000049998764,-0.0005000000100000762,8.497635083333479e-07,0.004574404576093528
8.333333333333333e-05,0.005416668309429467,0.004500001365333769,0.0,0.0003333333299999746,8.497635083333085e-07,-1.2935035758548313e-15
8.333333333333333e-05,-0.0005833335102089526,-0.0018333338894001726,-8.333333999996992e-05,8.333334000005076e-05,-2.5492905250000044e-06,0.08598914141653027
-8.333333333333333e-05,0.00033333343509552325,0.0007500002277497616,8.333333999996992e-05,0.0,1.699527016666676e-06,0.02655736317438746
8.333333333333333e-05,0.0013333337379661519,0.013166670660900288,-8.084397349092696e-17,-8.333332500009823e-05,-3.3990540333333327e-06,0.025300597391440534
-8.333333333333333e-05,-0.007333335558813673,-0.007750002351475026,8.084397349092696e-17,-0.0003333333300001363,-4.2488175416667e-06,-0.05939530858701069
-8.333333333333333e-05,0.007583335633926779,-0.002416667399608478,-8.084397349092696e-17,0.0004166666699998637,1.6995270166666367e-06,-0.02617633206897881
-8.333333333333333e-05,-0.001333333737965505,0.0033333343449081037,-8.333332499993655e-05,0.0003333333299999746,0.0,-0.023126657953489727
0.0,-0.0009166669453051226,0.0037500011375749534,-8.084397349092696e-17,0.0,0.0,0.0005057994339602172
8.333333333333333e-05,-0.002583334117157372,0.008916669371891638,-8.084397349092696e-17,-0.0002499999899999239,-8.497635083333479e-07,0.02578017888240542
-8.333333333333333e-05,0.0044166680065591615,-0.00041666679265779546,0.0,8.333333999988908e-05,0.0,-0.026343002045913857
0.0,-0.009000002729457467,-0.012083336999258286,-0.0001666666649999873,-1.6168794698185392e-16,-4.24881754166668e-06,0.02605654796732124
-0.0001048409768944568,-0.003138318808874231,-0.2000768921140072,1.411576579276743e-16,-0.00012281247728158722,-5.1577280024077185e-08,-0.048837929356963725
3.32813355003524e-05,-0.0019798025344180603,0.13125071798645258,2.2270199047761267e-05,-0.00015116611308411135,-2.2548669469989495e-06,0.01713025548000781
8.333333333333333e-05,-0.0004166667926603825,0.0,-8.333332500001739e-05,0.00024999999000008553,-4.2488175416666605e-06,0.02354759274525309
-8.333333333333333e-05,0.0009166669453041525,0.0,8.333333999996992e-05,-1.6168794698185392e-16,-3.399054033333372e-06,1.2935035758548313e-15
-8.333333333333333e-05,0.0030000009098193714,0.0,-8.084397349092696e-17,-8.333332499993655e-05,-7.647871574999994e-06,-0.06091632977006181
-8.333333333333333e-05,-0.0115000034878412,0.0,-8.084397349092696e-17,-0.0003333333300001363,2.549290525000024e-06,0.0
0.0,-0.0015000004555143986,0.0,8.084397349092696e-17,-0.000166666665000149,-2.5492905249999845e-06,-1.2935035758548313e-15
0.0,-0.0013333337379658283,0.0,0.0001666666649999873,-0.0002500000050000381,-5.098581049999989e-06,0.025060639211117654
-8.333333333333333e-05,0.007750002350265277,0.0,8.333332500001739e-05,0.0003333333449999272,3.3990540333333128e-06,-0.02575063064752871
8.333333333333333e-05,-0.0006666668689825909,0.0,-8.333332500001739e-05,0.0001666666649999873,3.3990540333333327e-06,0.023273303948873135
0.0,0.006250001895959657,0.0,0.0001666666649999873,-8.333332500009823e-05,3.3990540333333327e-06,1.2935035758548313e-15
-8.333333333333333e-05,0.017500005308688074,0.0,8.333332500001739e-05,0.00033333334500008883,1.6995270166666564e-06,0.019255932995515306
0.00016666666666666666,-0.0014166670967397901,0.0,-0.0001666666649999873,0.0004166666700000254,-1.973729821555834e-20,0.0006152454424985788
-8.333333333333333e-05,-0.006750002048604074,0.0,-8.333332499993655e-05,-0.0002500000049998764,1.6995270166666564e-06,-1.2935035758548313e-15
-5.379160898989835e-05,0.0004324531928118984,0.6834327961294846,1.2722810792652999e-16,0.0,5.213296986708058e-07,0.002713672879752268
0.0001031860464437352,-0.0008278405006317514,0.33890358956608396,5.185717920273404e-06,-4.57747305809665e-05,4.21335595601938e-07,0.029595599493481672
0.00010121933534271266,-0.008079372911933039,-0.07826451878333691,-8.735435109094958e-05,-0.00030899823634072043,-1.2484718177101678e-06,0.031249765722320178
1.8470121712892567e-06,-0.014457608186894517,0.16034837951198286,4.283647595096525e-06,-0.00036976473341028174,-6.562781594549641e-07,0.0091879715293295
-9.228401132618935e-05,0.02417360394573692,-0.6252216998938993,0.00021953859767814745,0.0003287393492517403,1.2900411664125478e-06,-0.06730086284207518
0.00016666666666666666,-0.004833334799219867,-0.7611668975812665,-0.00033333333000005544,0.0005833333350000127,3.3990540333333327e-06,0.08495517878134398
8.333333333333333e-05,-0.00158333381428739,0.0,8.084397349092696e-17,-8.333334000005076e-05,-8.497635083333282e-07,0.02359657674717148
3.244131902013291e-05,0.00249438450487188,-0.1587252384707219,3.664893663700964e-05,3.664893663700964e-05,1.723069203620535e-06,0.01470317832620388
-2.263743132799483e-05,0.003831327819337721,-0.08057699280165326,4.6674650035502856e-05,1.740126244844739e-05,-3.5384137711936533e-07,-0.016634312582538165
-0.00025482497421009374,-0.012280241072741213,-0.1070619163134247,0.0001418113014776802,-0.0004387443027560201,-2.6513594771742618e-06,-0.08687810468575359
-8.965888035264045e-05,0.015267812659432523,-0.048078911556672245,0.00022046362191943303,1.30280454755759e-05,2.3276677556007283e-06,-0.04817946837813774
0.0001736193357651941,0.003112238503985826,-0.04470383425416731,-0.0001336501812669882,0.0004021242378250876,4.778579430974442e-07,0.06384162911499583
1.5166584534720811e-05,0.004102883125593626,-0.03540189071315809,6.693170535557955e-05,1.618466460755815e-05,4.7125675491958347e-07,-0.016329729699308907
1.618811283989569e-05,-0.0012990705522909944,-0.018259292775160255,-8.571507554176187e-05,0.00014494906595565124,-9.478962854176015e-07,0.006657952167207882
-8.333333333333333e-05,-0.0004166667926613526,0.0,8.333332500001739e-05,0.0,3.3990540333333128e-06,-0.025069076865855862
2.2800222268042996e-05,0.014963435440803757,0.2421344063587922,0.00023787321986506462,5.6003898520373006e-05,1.487427518863451e-06,-0.007709301378261499
0.00025,0.004416668006558838,0.0,-0.00016666666500006816,0.0004166666700000254,1.699527016666676e-06,0.08495517878134398
0.0,-0.0055833350269777135,0.0,8.084397349092696e-17,1.6168794698185392e-16,-2.549290525000024e-06,0.025320287860667385
8.333333333333333e-05,0.0007500002277562291,0.0,-8.333333999996992e-05,-8.333334000005076e-05,5.098581050000009e-06,0.0
-8.333333333333333e-05,-0.006750002047394971,0.0,8.333332499993655e-05,-0.0003333333299999746,-8.497635083333479e-07,0.0
0.0,0.006166668537186989,0.0,0.0002500000049999572,-0.0001666666649999873,3.399054033333293e-06,1.2935035758548313e-15
8.333333333333333e-05,0.003583334421237103,0.0,-8.333332500001739e-05,0.00033333334500008883,-2.5492905250000044e-06,-1.2935035758548313e-15
0.0,0.0021666673244963427,0.0,8.333332500009823e-05,0.0,1.699527016666676e-06,-1.2935035758548313e-15
8.333333333333333e-05,0.0014166670967397901,0.0,0.0,0.0001666666649999873,0.0,0.02320897566453916
0.0,0.005083334875542399,0.0,8.333332500001739e-05,8.333333999988908e-05,-8.497635083333479e-07,-0.0024546921624478677
-0.00016666666666666666,0.0048333347992211605,0.0,-8.333332500001739e-05,0.0003333333299999746,-4.2488175416667e-06,0.025317259926350217
0.0,-0.0055833350269777135,0.0,-0.0001666666649999873,8.333334000005076e-05,-2.5492905250000044e-06,0.02549426134144499
8.333333333333333e-05,-0.010000003034745008,0.0,-8.333332499993655e-05,-0.00016666666499982563,1.699527016666676e-06,0.0
0.0,-0.007370864016551887,0.7014777343832018,1.8463653690533624e-05,-0.00032332861136149686,2.6271189230977012e-08,0.0005562601212266503
0.0,0.010750407785567448,0.03945656791413932,5.400846375746312e-05,0.00019543865894882612,1.1313894727819088e-06,-0.006291943084800218
0.00011817291207444317,0.001119275382411793,-0.08613277166074383,-8.021062141803763e-05,0.0003508449771491948,-2.079142162196891e-06,0.041374838287988186
-2.5965547847616335e-05,0.009884560965071633,0.0673497299744397,8.592956500185643e-05,-1.3171187839178202e-16,3.0048201661737956e-06,-0.029885706230690656
-8.333333333333333e-05,0.005333334950654858,0.018000005461333138,-8.333332500001739e-05,0.0003333333299999746,-3.3990540333333327e-06,0.0
0.00010219416892094981,-0.011702094665991149,-0.051453491500128734,-0.00013396882514501464,4.594444127257423e-05,-6.742938569281497e-07,0.02999628992280774
-5.444848084525414e-05,-0.00027094107981853163,0.013680834316700089,0.0002247491620466475,-0.0003624606788945613,-5.933800021178991e-07,0.008751976654747645
0.00010444814154788261,0.0027530211079845606,-0.02138310085190079,-0.0001581519066786974,0.00021035090203642788,-3.993816746805791e-07,0.05926863889704318
3.447011482478205e-05,0.0010454087709474112,0.004746166454406576,1.638269249111921e-16,-5.636868853910785e-05,1.3664469387269884e-06,0.01859482440943215
-6.246725685251374e-05,0.003698378703896338,0.004714479533075891,9.965490488951071e-05,-0.0001659596611702933,8.018420126874144e-08,-0.0010334114296800165
2.5582217371874827e-05,0.0006667495889679126,0.0032183028050160063,0.00010083105344490292,3.6905194468145044e-05,-3.181982467775336e-07,0.017620076538821677
8.079406721498645e-05,-0.0002905092048367324,0.0463604497075588,-0.0001177630545804563,0.000275284620950379,2.035685935379705e-07,0.06316792930861372
-1.9558761511838805e-05,0.0031966686520644295,0.007815438986082312,3.076918735911208e-05,-1.833307810536139e-05,1.001008741427907e-06,-0.027118756226312834
0.0,-0.008333335861683331,0.03300001001043323,-0.0001666666649999873,0.00016666667999993984,-2.5492905250000044e-06,0.02562473909794741
-4.5018068445580334e-05,-0.0029700786425049725,-0.10482232360808602,1.2319221728791298e-05,-0.0001873050913351917,3.8048554431919264e-07,-0.005129103124547226
3.165358933253975e-05,0.0002550597622221218,-0.053773083935666606,-1.93775431505311e-16,-5.300103635154127e-05,1.6952146038245135e-06,0.009351777899146811
-3.310877861153349e-05,-0.008004266471584472,-0.011246907562474024,-4.8545940216852843e-05,-0.00016288090625265139,9.675885721527731e-09,0.0004356709253852111
1.7352093440054972e-05,-0.0028917785283028856,0.0035247537585414344,0.00031750457448072187,-0.0004786088898935349,8.108087121686887e-08,0.006573176090937223
9.539224444266596e-06,0.007248535052147807,-0.10478224881472543,-1.1321091411576692e-05,0.00041058662077735005,2.6033659156993697e-06,-0.00277828887928205
-1.855567249101695e-05,0.0008010095789137696,0.0492700735178197,-9.475970741183917e-05,0.00015959115427585855,-2.3252500941389045e-06,-0.0033691854821708295
-4.133863140257943e-05,0.0015634204419070787,-0.10137271350881397,9.810048469536464e-06,-4.5787027633044304e-05,-1.385058704629337e-06,-0.012286054908975982
-2.37623456333137e-05,-0.0006536095954222188,0.07005540876914104,-6.967712745826919e-05,6.003373574203976e-05,-1.4440010031638204e-06,-0.004666083745165685
-0.00011276109612412511,-0.0056027017513962255,-0.28692508618027873,9.078264561149432e-05,-0.0005268014816653889,2.2721584482149724e-07,-0.07533766071499519
-5.1997363706743485e-05,-0.005640970060104285,0.9582976716354416,-1.422964228978774e-16,-2.4226324191757425e-05,1.4804934276480946e-06,0.002065819243583643
-2.254945110573895e-05,0.0007726004292855095,-1.0316661494411883,4.49195384088573e-05,0.0001525949085275571,-1.6844684432120006e-06,-0.0057114155616636315
0.0,0.007333335558813673,0.0,0.0002500000049999572,-0.0002500000050000381,1.699527016666676e-06,-0.02565346563246955
0.00016666666666666666,0.0025000007583837335,0.0,-0.0001666666649999873,0.0003333333449999272,2.5492905250000044e-06,0.08598874661877828
-0.00016666666666666666,-0.004166667931445732,0.0,-8.333332499993655e-05,-8.333332499993655e-05,-3.3990540333333327e-06,-0.08598003755435736
8.333333333333333e-05,0.0007500002277568759,0.06466668628409898,-8.333334000005076e-05,0.0,2.5492905250000044e-06,0.02359041413683703
-0.00016666666666666666,-0.012500003791919961,0.0,-8.084397349092696e-17,-0.00016666667999993984,-4.2488175416667e-06,-0.05815261445456288
-8.333333333333333e-05,0.003250000986141903,0.0,8.333332500001739e-05,-0.0001666666649999873,-3.947459643111668e-20,-0.024565822135166834
8.333333333333333e-05,0.013833337529886436,0.0,0.0002500000049999572,-8.333334000005076e-05,-8.497635083333282e-07,-1.2935035758548313e-15
8.333333333333333e-05,0.0016666671718532193,0.0,-0.0002500000049999572,0.0003333333299998129,-8.497635083333282e-07,-1.2935035758548313e-15
0.0,-0.002250000683270628,-0.3829167828314692,8.084397349092696e-17,8.333332500009823e-05,2.549290525000024e-06,-0.022577145995119483
0.0,0.0015833338142886835,0.0,0.0,8.333332499993655e-05,3.3990540333333128e-06,0.0
-8.333333333333333e-05,-0.0008333335865308376,1.1930836952787582,-8.333333999996992e-05,8.333333999988908e-05,-4.2488175416667e-06,0.0247503198379198
-0.00025,-0.02100000637115057,0.0,-8.333332500001739e-05,-0.0001666666649999873,1.6995270166666564e-06,-0.08495517878134398
0.0,-0.00041666679266070584,0.0,8.333332500001739e-05,-8.333334000005076e-05,-8.497635083333479e-07,-1.2935035758548313e-15
0.00016666666666666666,0.0023333340420445894,0.8150002472465062,-8.333332500001739e-05,0.0001666666649999873,4.248817541666622e-06,-0.02451439062893106
-8.333333333333333e-05,0.001333333737965505,-0.1358333745404787,-8.084397349092696e-17,8.333332499993655e-05,0.0,-0.024408962389194253
0.00016666666666666666,-0.0005833335102079824,0.04125001251454588,-8.333333999996992e-05,-8.333332500009823e-05,1.6995270166666367e-06,-0.0020994507219810558
-0.00016666666666666666,-0.004166667930237599,0.026250007963033405,-8.333333999996992e-05,-0.0004166666700000254,-2.5492905250000044e-06,-0.0001558277690446832
-0.00016666666666666666,-0.009250002805779999,0.002666667475932627,8.333332499993655e-05,-0.0003333333300001363,-1.973729821555834e-20,-0.08597227481151155
-8.333333333333333e-05,0.01341667073722573,0.021750006598906153,0.00016666666500006816,0.0004166666549999112,-3.947459643111668e-20,0.01980445779878646
0.0,-0.002083333965722381,0.0010833336616413564,-8.333332500001739e-05,0.000166666665000149,1.973729821555834e-20,-2.612333240168583e-05
8.333333333333333e-05,-0.0005000001514349909,-0.02533334101894094,-8.084397349092696e-17,-8.333332499993655e-05,-1.699527016666676e-06,-0.00840965295196899
-2.021099337273174e-17,0.005666668385751352,-0.030166675819363123,8.333333999996992e-05,8.333332499993655e-05,-8.497635083333282e-07,-2.8196531226341096e-05
0.00016666666666666666,-0.010083336392309865,0.020833339653604264,-0.0001666666649999873,0.0,2.5492905249999845e-06,-0.03300867437918593
-0.00016666666666666666,-0.010666669902519466,0.01525000462662849,0.0001666666649999873,-0.000499999994999962,-2.549290525000024e-06,0.02378412902932226
-8.333333333333333e-05,0.00950000288210156,0.020833339653605558,8.333332500001739e-05,0.0,8.497635083333479e-07,0.024945858621046257
0.0,0.00266666747593198,-0.024083340639747458,-8.084397349092696e-17,0.0003333333299999746,-1.6995270166666958e-06,-0.005024183192162308
-8.333333333333333e-05,0.002166667323287887,0.007833335710249958,-8.084397349092696e-17,8.333334000005076e-05,1.6995270166666367e-06,0.028397197023100066
-8.333333333333333e-05,0.008916669371891638,-0.08266669174542929,0.0002500000049999572,-8.333334000005076e-05,-1.699527016666676e-06,0.030414845115233523
8.333333333333333e-05,0.004750001440446229,0.014666671116417597,8.084397349092696e-17,0.0002500000050000381,-1.699527016666676e-06,-0.026269168596224496
0.00016666666666666666,0.0018333338894004959,-0.015833338136835177,-8.333332500001739e-05,0.0003333333299998129,-4.2488175416667e-06,-0.02500549282145997
-2.021099337273174e-17,0.004833334799219867,0.016750005082139977,0.0,8.333334000005076e-05,-5.948344558333317e-06,0.000720733239967376
-2.021099337273174e-17,-0.007750002351474055,-0.0017500005306252408,-8.333332499993655e-05,0.0,1.973729821555834e-20,0.003709671803753978
-2.021099337273174e-17,0.00041666679266070584,-0.19391672549473102,-8.084397349092696e-17,-8.333332499993655e-05,2.5492905250000044e-06,0.0003138070243708272
-8.333333333333333e-05,-0.0011666670204182284,0.03966667870025914,-8.333333999996992e-05,0.0,1.699527016666676e-06,0.02637812554052022
8.333333333333333e-05,-0.005750001744524666,1.2109170340213335,8.084397349092696e-17,-0.0002500000050000381,-1.699527016666676e-06,-0.022680321607119146
8.333333333333333e-05,-0.00991666967476162,1.081750328169475,8.084397349092696e-17,-0.0002500000050000381,1.6995270166666564e-06,-0.020619220395691487
-8.333333333333333e-05,-0.0009166669440969903,0.060166684918757526,0.0001666666649999873,-0.0002500000050000381,-8.497635083333085e-07,0.025760898569111144
-2.021099337273174e-17,-0.003166667627366971,-0.4764168111969678,-8.333332499993655e-05,0.0,-4.2488175416666605e-06,0.0016641818970441818
-8.333333333333333e-05,0.002750000833496516,0.5644168378930532,-8.084397349092696e-17,8.333332500009823e-05,2.5492905249999845e-06,0.02884910213360175
8.333333333333333e-05,-0.004916668157994476,1.0199169760776414,-8.333332499993655e-05,-8.333334000005076e-05,-2.549290525000024e-06,-0.029582598409209297
-8.333333333333333e-05,0.013750004171112475,-0.005666668385749735,0.0002500000049999572,0.0,3.3990540333333128e-06,0.028606674158785286
0.00016666666666666666,0.0013333337379658283,0.027666675059774812,-0.0002500000049999572,0.0003333333299999746,-1.699527016666676e-06,-0.03891152917797574
-0.00016666666666666666,-0.00575000174452499,-0.046750014182749954,-8.333332499993655e-05,-0.0001666666649999873,2.5492905250000044e-06,0.05313707107138536
8.333333333333333e-05,0.0030000009098193714,0.028750008721416816,-8.333334000005076e-05,-8.333332499993655e-05,4.2488175416666605e-06,-0.026481836704329017
-2.021099337273174e-17,-0.002750000834705942,-0.13258337355554944,8.084397349092696e-17,0.0,1.6995270166666564e-06,-0.0011530196034181346
8.333333333333333e-05,0.004166667931445732,-0.45858347245318337,8.333332500001739e-05,0.0,-6.798108066666685e-06,-0.023989676419560176
-8.333333333333333e-05,-0.009500002882100267,0.0,-0.00016666666500006816,0.0002500000050000381,8.497635083333282e-07,0.03203811046155428
-8.333333333333333e-05,-0.0047500014416553315,0.9694169607585251,8.333332500009823e-05,-0.0001666666649999873,-8.497635083333479e-07,0.025589559277744655
-8.333333333333333e-05,0.0024166673996110655,0.18200005521302487,0.0,0.0,3.3990540333333327e-06,0.026405445604715756
8.333333333333333e-05,-0.008083335786569902,-0.21533339865854165,8.084397349092696e-17,-0.0002500000050000381,-2.549290525000024e-06,-0.010942964359032662
-2.021099337273174e-17,-0.002583334117158665,-0.1501667122230089,8.333332500009823e-05,-0.0003333333299999746,2.549290524999965e-06,0.0010028422743301943
-2.021099337273174e-17,0.00658333533105615,0.1481667116160582,-8.084397349092696e-17,0.0002500000049998764,1.699527016666676e-06,-0.004737430418917858
-2.021099337273174e-17,0.004583334722898305,0.021333339805033755,0.00016666666499990645,-8.333332499993655e-05,0.0,0.0007279846619814634
-8.333333333333333e-05,0.0066666686898297885,-0.31375009518203767,-8.333332500001739e-05,0.0003333333299998129,3.3990540333333327e-06,0.02394909186230636
0.0,-0.002583334117157372,0.01775000538500996,-8.333332500001739e-05,0.0002500000049998764,-8.497635083333479e-07,0.0007213165714612437
-8.333333333333333e-05,0.0035000010612540387,-0.08175002480012675,-8.084397349092696e-17,0.0,-8.497635083333479e-07,0.0291159684387967
8.333333333333333e-05,-0.0005833335102092759,0.01858333897154177,-0.0001666666649999873,8.333334000005076e-05,1.6995270166666367e-06,-0.028178731734030103
-0.00016666666666666666,-0.016916671798478798,-0.051083348830534184,-8.333333999996992e-05,-0.0003333333299999746,-5.098581050000009e-06,0.05189006493570309
-8.333333333333333e-05,0.0008333335865311609,0.07366668901476531,0.000166666665000149,-0.0001666666649999873,0.0,0.028389995289531848
-8.333333333333333e-05,0.00266666747593198,-0.04275001296885085,-8.084397349092696e-17,0.0001666666649999873,1.699527016666676e-06,0.02120920577947076
-8.333333333333333e-05,0.002750000834705942,-0.01150000348904998,-8.084397349092696e-17,-8.333332499993655e-05,2.5492905250000044e-06,0.026245673426720573
-8.333333333333333e-05,0.00408333457267177,0.035250010693699325,0.0001666666649999873,-0.0001666666649999873,-8.497635083333479e-07,0.028790733297249405
-2.021099337273174e-17,0.007666668992700094,0.016833338439706132,8.084397349092696e-17,0.0001666666649999873,7.647871574999994e-06,0.002960030428868615
-8.333333333333333e-05,-0.006416668613508227,-0.032166676425106316,-0.0003333333299999746,0.00024999999000008553,-8.497635083333479e-07,0.03242049807958797
-2.021099337273174e-17,-0.006416668613508551,0.08425002555850822,8.333332499993655e-05,-0.0001666666649999873,-3.399054033333352e-06,0.004213162780029233
8.333333333333333e-05,0.00416666793023663,0.027583341700999558,8.333333999996992e-05,0.0,2.5492905250000044e-06,-0.03312490924000352
8.333333333333333e-05,-0.002083333965721734,-0.08366669204830024,-8.084397349092696e-17,-0.0001666666649999873,-1.6995270166666958e-06,-0.025400049327161268
0.0,-0.0013333337379664752,0.03491667725981647,8.333332500001739e-05,-0.0001666666649999873,1.6995270166666367e-06,-0.0002880563173443079
-2.021099337273174e-17,0.007333335557604894,-0.23525007136804893,-8.333332500001739e-05,0.0001666666649999873,2.5492905249999845e-06,0.002909568328921321
0.00025,-0.012583337150693923,0.0,-0.0002499999900000047,0.000166666665000149,-2.5492905250000044e-06,-0.05919305395062288
-2.021099337273174e-17,-0.0050000015167684375,0.0,0.00016666666499990645,-0.0004999999949998002,-8.497635083333479e-07,0.0024770742219704617
8.333333333333333e-05,0.0013333337379661519,1.1011670007263332,-8.333332500001739e-05,0.0002500000050000381,-5.098581050000028e-06,-0.03131828077102287
2.021099337273174e-17,0.0020833339657230277,0.018000005461333138,-8.084397349092696e-17,-8.333333999988908e-05,-1.6995270166666564e-06,-0.0004908279733072656
2.021099337273174e-17,8.333335877428504e-05,-0.09116669432344983,0.0,-8.333332499993655e-05,-1.6995270166666958e-06,-0.00011041709485386188
-2.021099337273174e-17,-0.007250002198829639,-0.04933334829869143,0.0002499999900000047,-0.0003333333299999746,-2.5492905249999845e-06,-0.0012650434347309379
-0.00016666666666666666,0.007250002198830286,0.023333340411991876,-8.333332500001739e-05,0.0004166666700000254,2.549290524999965e-06,0.03427878120791089
8.333333333333333e-05,-0.0015833338130792577,-0.03650001107288311,-8.333332500001739e-05,0.0001666666649999873,1.699527016666676e-06,-0.007341605937868978
-0.00016666666666666666,0.0019166672481751043,0.25800007826983024,-8.333334000005076e-05,0.0,1.6995270166666367e-06,0.05404562552849271
-0.00025,-0.0005000001514353143,0.031416676197349766,-8.084397349092696e-17,-0.0001666666649999873,-8.497635083333479e-07,0.028452348375973654
-8.333333333333333e-05,-0.00175000053183596,-0.8046669107778741,-8.084397349092696e-17,8.333334000005076e-05,-4.2488175416666605e-06,0.027160511952013865
0.00016666666666666666,0.0001666667175482467,0.11950003625341762,-8.084397349092696e-17,-8.333332499993655e-05,-3.399054033333352e-06,-0.053644031697566
0.0,0.0005833335102086291,-0.8083335785578823,-8.333334000005076e-05,0.0,2.549290525000024e-06,0.0006883335502559526
8.333333333333333e-05,-0.012583337150694247,-0.6560835323691517,-8.084397349092696e-17,-0.0004166666549999112,-8.497635083333282e-07,-0.029994353325317046
-8.333333333333333e-05,0.0019166672481744577,0.30641675962322495,8.333333999996992e-05,0.0001666666649999873,1.6995270166666367e-06,0.026881344459681874
0.0,-0.004250001289011561,0.004583334724108378,8.333332500009823e-05,-0.00024999999000008553,-4.24881754166668e-06,-0.0011873838108330448
-0.00016666666666666666,0.0027500008347062653,0.005416668310632748,8.333333999996992e-05,0.0,3.3990540333333128e-06,0.053021138855244496
8.333333333333333e-05,0.0006666668689832376,0.0020833339645158653,8.333332500001739e-05,0.0001666666649999873,-1.6995270166666564e-06,-0.027423150149498705
8.333333333333333e-05,-0.0011666670204182284,-0.0003333334338922416,-8.084397349092696e-17,8.333334000005076e-05,0.0,-0.009274486918314102
0.0,0.000666666868983561,-0.0024166674008166108,8.333332500001739e-05,-8.333334000005076e-05,-1.699527016666676e-06,9.900060323480931e-05
-8.333333333333333e-05,0.005333334951863637,-0.011416670130274724,-8.084397349092696e-17,8.333332499993655e-05,5.098581049999989e-06,0.026794769391769335
-2.021099337273174e-17,0.0011666670204182284,0.0022500006820670225,-8.333332500001739e-05,0.0002499999899999239,-6.798108066666685e-06,0.0007047556204902422
0.0,-0.0007500002277568759,-0.007500002275150554,-0.0001666666649999873,-8.333334000005076e-05,8.497635083333085e-07,-0.000112035753352878
8.333333333333333e-05,-0.006500001972282512,-0.009583336240875198,-8.333332499993655e-05,0.0,-1.973729821555834e-20,0.02613386992320108
8.333333333333333e-05,-0.005916668462072589,0.01091666997763354,8.084397349092696e-17,-8.333334000005076e-05,-1.973729821555834e-20,-0.02713122076753708
0.0,0.0009166669453047992,0.010500003184975099,0.0001666666649999873,-0.0001666666649999873,3.3990540333333327e-06,0.00018095242702919576
8.333333333333333e-05,-0.00041666679266070584,0.011166670053958013,-8.084397349092696e-17,8.333334000005076e-05,5.948344558333317e-06,-0.02726760701407135
-8.333333333333333e-05,-0.0038333344963498855,-0.007500002275149907,0.0001666666649999873,-0.0001666666649999873,-1.6995270166666564e-06,0.024799630597621823
0.0,0.006750002047394971,-0.0020000006057419037,8.333332500001739e-05,0.0001666666649999873,1.699527016666676e-06,-0.0018840876175491657
-8.333333333333333e-05,0.0006666668689832376,-0.026416674680582945,-8.084397349092696e-17,8.333333999988908e-05,-1.699527016666676e-06,0.026971603008531707
8.333333333333333e-05,0.009000002730666569,-1.1964170296224585,0.0002500000049999572,0.0,-8.497635083333677e-07,-0.02422991146222921
0.00016666666666666666,0.002583334117157372,-0.9924169677354165,-8.333332500001739e-05,0.0003333333299998129,-1.6995270166666564e-06,-0.002903661723683278
-0.00016666666666666666,0.017833338743784247,0.0,0.0003333333299998938,0.0,-8.497635083333479e-07,0.036583353933344026
0.00025,0.0011666670204182284,0.0,-0.0002499999900000047,0.0003333333299998129,-8.497635083333479e-07,0.05934792410681257
8.333333333333333e-05,-0.0037500011375765706,0.0,-8.333332499993655e-05,8.333334000005076e-05,2.549290524999965e-06,-0.026392878154630307
0.0,0.00250000075838341,0.0,0.0001666666649999873,-0.0001666666649999873,-1.699527016666676e-06,-0.0013733160464015478
0.0,0.00358333442002703,0.0,8.084397349092696e-17,0.0001666666649999873,6.798108066666645e-06,0.0008263240947155282
-0.00016666666666666666,0.01783333874378457,0.0,0.0003333333299999746,0.000166666665000149,3.3990540333333128e-06,0.03736134613695839
0.00025,-0.002583334117157372,0.0,-0.00041666667000010623,0.000499999994999962,-1.6995270166666367e-06,-0.059610342295999486
-0.00016666666666666666,-0.0010833336616442668,0.0,-8.084397349092696e-17,1.6168794698185392e-16,1.699527016666676e-06,0.05377862655524578
-2.021099337273174e-17,-0.0012500003791928369,0.0,-8.084397349092696e-17,-8.333334000005076e-05,2.549290524999965e-06,-0.00040928595846441266
-3.378343714159299e-05,-0.0006664190831645869,0.0,7.131295933379846e-17,-0.00010729227481727888,2.1881534586628338e-06,0.011249804014451746
8.333333333333333e-05,-0.002500000758384057,0.0,8.333332500009823e-05,-8.333334000005076e-05,-5.948344558333317e-06,-0.02874155721223603
-8.333333333333333e-05,0.0037500011375759235,0.0,0.0,-8.333334000005076e-05,-5.948344558333357e-06,0.027608253425930162
-8.333333333333333e-05,-0.006833335406168933,0.0,-8.084397349092696e-17,-8.333332500009823e-05,3.3990540333333327e-06,0.02442141722292872
8.333333333333333e-05,0.0010000003028696584,0.0,-8.084397349092696e-17,0.0002500000050000381,4.2488175416666605e-06,-0.028217935713789322
-2.021099337273174e-17,0.0006666668689832376,-0.4850834804925383,-8.084397349092696e-17,0.0,-3.3990540333333327e-06,0.00030767456960424574
-8.333333333333333e-05,-0.0005833335102083058,0.0,8.333332500001739e-05,-0.0001666666649999873,1.6995270166666367e-06,0.027942820416504723
8.333333333333333e-05,-0.002250000682061525,0.0,8.084397349092696e-17,-8.333332499993655e-05,-1.6995270166666958e-06,-0.009925298579902543
-8.333333333333333e-05,0.0038333344963502086,0.0,0.0002500000050000381,-0.000166666665000149,3.3990540333333327e-06,0.029088609908562567
8.333333333333333e-05,0.006416668613508227,0.0,0.0,0.0002499999899999239,1.6995270166666564e-06,-0.02397285816036682
-8.333333333333333e-05,-0.0024166673996100954,0.0,-0.0001666666649999873,0.0001666666649999873,-5.948344558333357e-06,0.027852276189666656
8.333333333333333e-05,-0.004916668157994476,0.0,-8.084397349092696e-17,-0.0001666666649999873,8.497635083333282e-07,-0.02758779817457285
-8.333333333333333e-05,-0.0015000004543049726,0.0,-8.084397349092696e-17,-8.333332499993655e-05,-1.973729821555834e-20,0.02600000494060805
8.333333333333333e-05,-0.0023333340408358103,0.0,8.333332500009823e-05,-0.0001666666649999873,-8.497635083333085e-07,-0.0285413388778365
-2.021099337273174e-17,-0.003500001062463788,0.0,0.0001666666649999873,-0.0001666666649999873,-1.6995270166666564e-06,-0.0013421145853638235
8.333333333333333e-05,0.00575000174452499,0.0,8.084397349092696e-17,0.0002500000050000381,1.699527016666617e-06,-0.030638439116573945
0.0,-0.0070000021237165335,0.0,-0.00016666666500006816,-8.333334000005076e-05,-5.948344558333337e-06,0.0031058060229432563
0.0,-0.0005833335102089526,0.0,8.084397349092696e-17,0.0,-2.5492905250000044e-06,-0.00034619533464881695
0.0,-0.006333335254733942,0.0,-8.084397349092696e-17,-0.0003333333299999746,-8.497635083333479e-07,0.0026115382594535026
-2.021099337273174e-17,-0.0014166670967401135,0.0,0.0001666666649999873,-0.0003333333299999746,3.3990540333333128e-06,-0.0003251972380779787
-2.021099337273174e-17,0.00641666861350758,1.0330003133809837,-0.0001666666649999873,0.0002499999899999239,8.497635083333282e-07,-0.0021402047271685052
0.0,-0.007833335710248017,-0.044416680141908325,-0.0001666666649999873,0.00024999999000008553,8.497635083333085e-07,0.004176855453115422
2.021099337273174e-17,-0.002000000606949066,0.02083333965360006,-8.084397349092696e-17,-0.0002500000050000381,2.5492905250000044e-06,0.00020407502547216912
-0.00016666666666666666,-0.008000002426587808,0.0023333340420413555,-8.333334000005076e-05,0.0,2.5492905249999845e-06,0.04319619158528642
0.0,-0.010833336618858934,0.022583340184225625,0.0001666666649999873,-0.0005833333350000127,-1.6995270166666958e-06,0.0
0.0,0.012916670584581314,0.044500013499475445,8.333332500001739e-05,8.333332499993655e-05,-3.3990540333333327e-06,-0.0023205268096372794
8.333333333333333e-05,-0.0028333341934799034,0.005083334874333943,-0.0001666666649999873,0.00041666665500007284,8.497635083333085e-07,-0.02555896974915716
-0.00016666666666666666,-0.0002500000763215616,-0.036750011149208554,-8.084397349092696e-17,-8.333332499993655e-05,1.699527016666676e-06,0.03682632956814745
0.0,0.00266666747593198,0.6871668751314048,-8.084397349092696e-17,8.333332499993655e-05,1.6995270166666367e-06,0.0009926217211694973
-8.333333333333333e-05,-0.005916668460863811,0.030250009176931214,8.084397349092696e-17,-0.00041666665500007284,3.3990540333333327e-06,0.027925377860940837
-8.333333333333333e-05,-0.009916669674761942,0.023666673847083198,-8.084397349092696e-17,-0.0002499999899999239,-2.5492905250000044e-06,-1.2935035758548313e-15
0.0005,0.004166667931445732,0.007666668992699771,8.333332500001739e-05,0.0005833333350000127,-1.973729821555834e-20,0.027917132675862457
8.333333333333333e-05,0.0019166672481751043,-0.012500003791924164,-8.333332500001739e-05,0.00024999999000008553,-1.699527016666676e-06,-0.008340776826736207
0.0002544428288806075,0.0005118365621993746,-0.03337272070700209,0.0,0.0004326070783015433,-3.5813154967452016e-06,-0.014335259521480667
8.333333333333333e-05,-0.00250000075838438,0.0035833344200254134,-8.333332499993655e-05,-8.333334000005076e-05,-8.497635083333282e-07,-0.0013055456286011678
0.0,-0.0010833336616439435,-0.008166669144133144,8.084397349092696e-17,-8.333334000021246e-05,-8.497635083333282e-07,0.0001950411359895952
0.00016666666666666666,-0.017666672026236646,-0.05275001600238967,-0.00016666666500006816,-0.0002500000049998764,4.2488175416666605e-06,-0.0032990003762702045
-2.021099337273174e-17,-0.0004166667938698083,0.020916673012374667,0.0001666666649999873,-0.00016666667999993984,8.497635083333479e-07,-2.352309074744375e-05
-0.0003333333333333333,0.0024166673996100954,0.019750005991958704,-8.333332500001739e-05,-8.333332499977486e-05,-5.098581050000009e-06,0.009394678646548547
0.0,-0.0014166670967397901,-0.020666672936050196,-8.333333999996992e-05,-0.0006666666599999492,-1.973729821555834e-20,-0.0006054220508680576
-4.184679487128264e-05,0.00020109943372773894,0.008599013954519267,0.00014497607528665744,-0.00034574789081343277,2.146397093411175e-06,-0.009152013156536121
8.333333333333333e-05,-0.003916667855123847,0.0020833339657165603,-8.333333999996992e-05,8.333332499993655e-05,-4.24881754166668e-06,0.021806371625298117
8.333333333333333e-05,0.00041666679266070584,0.010416669827408622,-8.084397349092696e-17,0.000166666665000149,-8.497635083333479e-07,-0.013458551130243319
0.0,0.00125000037919219,-0.011916670281708421,-8.084397349092696e-17,8.333334000005076e-05,-2.5492905249999845e-06,0.00043812224484410966
-0.00016666666666666666,0.001416667095531011,0.03375001023819172,-8.084397349092696e-17,8.333332499993655e-05,8.497635083333085e-07,-0.01026532304402208
8.333333333333333e-05,-0.0025833341171580186,-0.022333340109116397,-8.333333999996992e-05,-8.333332500009823e-05,-1.699527016666676e-06,0.02525991550347147
-8.333333333333333e-05,0.009666669598441027,0.016833338439708072,0.0002500000049999572,-8.333332500009823e-05,2.5492905249999845e-06,-0.03288730585787756
0.00025,-0.00983333631598798,-0.013500004096000015,-0.0001666666649999873,-1.6168794698185392e-16,-1.6995270166666564e-06,0.029386644939313797
0.0,0.007916669067813523,-0.01116667005394993,8.333332500001739e-05,-8.333332500009823e-05,-1.973729821555834e-20,0.002541066171222418
0.0,0.0009166669453051226,-0.03475001054226725,-0.0001666666649999873,0.0001666666649999873,8.497635083333479e-07,0.0002713306965086506
-8.333333333333333e-05,-0.00125000037919219,-0.39508345318949883,-8.333333999996992e-05,0.0,1.6995270166666958e-06,0.017745894705158815
8.333333333333333e-05,-0.0010833336616445902,-0.07158335505025057,-8.084397349092696e-17,-0.0001666666649999873,8.497635083332887e-07,-0.012103332140508832
0.0,-0.012750003868242493,0.2790834179985476,-0.0001666666649999873,0.0,-2.5492905249999845e-06,0.004031524110674703
-0.00025,-0.017666672026235675,-0.27991675158507845,8.333333999996992e-05,-0.0006666666749999018,3.3990540333333128e-06,-0.04307882500799088
0.0,0.007916669067813846,-0.019250005839315094,0.0002500000050000381,-0.000166666665000149,-1.6995270166666958e-06,0.0028383025879997552
0.00025,0.0032500009861406096,0.38433344992820995,-8.333332500001739e-05,0.0003333333299999746,8.497635083333479e-07,0.027229919876404003
0.0,0.0008333335865308376,0.183250055592208,-8.084397349092696e-17,0.0,-1.699527016666676e-06,0.0003016237188479863
0.0,-0.00016666671754727658,-0.08733335982710834,-8.333334000005076e-05,-1.6168794698185392e-16,4.248817541666641e-06,-0.0005345117564882256
-8.333333333333333e-05,0.0015000004543059427,0.03708334458310015,0.0,-0.0001666666649999873,-8.497635083333282e-07,0.009436055404231107
8.333333333333333e-05,-0.013166670660903199,-0.022250006750341788,-0.00033333333000005544,8.333334000005076e-05,-1.699527016666676e-06,-0.01098695132668751
-8.333333333333333e-05,-0.0029166675510460564,-1.0305836459813753,8.333332500009823e-05,-8.333333999988908e-05,2.5492905249999845e-06,0.012106360955060355
0.0,0.002333334042044266,1.2004170308363582,-8.084397349092696e-17,8.333334000005076e-05,1.6995270166666564e-06,0.0013497823332591604
-8.333333333333333e-05,0.0015833338130792577,-0.09191669455120831,-8.084397349092696e-17,0.0,-3.3990540333333128e-06,0.015085534009135638
8.333333333333333e-05,-0.0005000001514346676,0.08150002472501623,-8.333333999996992e-05,0.0,2.5492905249999845e-06,-0.015870705178210563
2.021099337273174e-17,-0.005500001668203428,0.02150000652137484,-8.084397349092696e-17,-0.000166666665000149,-1.6995270166666958e-06,0.010147126122023392
-0.00025,-0.02200000667402152,-0.11658336870115858,-8.333332500001739e-05,-0.0003333333300001363,-7.647871575000013e-06,-0.03933064067623086
-8.333333333333333e-05,0.0008333335865308376,0.06966668780086653,8.333332500001739e-05,-8.333332500009823e-05,-2.5492905250000044e-06,0.015627410798857454
0.0,0.003000000909819048,0.29291675552843305,-8.084397349092696e-17,8.333334000005076e-05,3.3990540333333327e-06,0.00222455063026088
0.00016666666666666666,0.0016666671718538661,-0.23175007030559128,-8.084397349092696e-17,8.333332499993655e-05,-7.647871574999974e-06,0.00830956755820791
0.0,0.002583334117157695,-0.8800836003232666,8.333332500001739e-05,-1.6168794698185392e-16,5.098581049999989e-06,-0.0024751947672171
2.021099337273174e-17,0.0072500022000390645,0.9181669452104415,0.0,0.0,2.5492905249999845e-06,-0.008000261521883982
8.333333333333333e-05,-0.024750007508727787,-0.0846666923511754,-0.0002499999900000047,8.333333999988908e-05,5.098581049999989e-06,0.019279399823160688
-0.00025,-0.004333334647784553,-0.02175000659769996,0.0002500000049998764,-0.0004166666699998637,-8.497635083333677e-07,-0.001972809630345243
8.333333333333333e-05,0.004166667930236953,0.024333340714858303,-8.333332500001739e-05,0.00024999999000008553,-8.497635083333479e-07,0.025421350608918713
8.333333333333333e-05,0.0015833338142880369,0.11133336710807505,-8.084397349092696e-17,8.333332499993655e-05,2.5492905250000044e-06,0.026853655610542693
0.0,0.005500001668203751,0.02750000834343308,0.0,-1.6168794698185392e-16,-1.973729821555834e-20,-0.004102930849988479
0.0,0.00158333381428739,-0.19125005802000847,-8.333332500001739e-05,-8.333334000005076e-05,-8.497635083333479e-07,-0.0006238962325099338
0.00016666666666666666,0.00050000015264377,-0.02450000743361759,-0.0003333333299999746,0.0004999999799998478,-5.098581049999969e-06,0.045310999365606244
-8.333333333333333e-05,-0.0038333344963502086,0.0056666683857500575,0.00016666666499990645,-0.0002500000050000381,5.098581049999989e-06,0.017174991136976233
-8.333333333333333e-05,0.0026666674759329503,0.016916671798475242,-8.333332500001739e-05,8.333334000005076e-05,3.399054033333372e-06,-0.02086809353229538
-0.00016666666666658583,0.001500000453097487,0.015833338138034257,0.0,-6.467517879274157e-16,6.7981080666666255e-06,0.03335688544752387
0.0,0.018166672178880416,0.0033333343461175295,0.0003333333300001363,0.0,1.6995270166666564e-06,-0.011416230687627104
0.0005,0.005833335103299275,-0.0025000007583921412,-0.00016666666500006816,0.000583333334999851,-1.699527016666676e-06,0.028065440011563865
0.00016666666666666666,0.001833333890608305,0.16883338455211683,-0.0001666666499998731,0.0003333333299999746,-6.798108066666704e-06,0.04374898023031548
0.0,0.0011666670204182284,0.12175003693547494,-8.084397349092696e-17,0.0,0.0,0.0007871272974763997
0.0,-0.0003333334350951999,-0.11500003488808352,-0.00016666667999993984,-0.0003333333300001363,-1.6995270166666958e-06,-0.00010812260540616181
0.0,-0.009083336088231428,-0.1202500364799683,8.333333999988908e-05,-0.000166666665000149,-1.6995270166666564e-06,0.0016459585540772727
0.00016666666666674752,0.009166669448212875,-0.41800012681003684,0.0,0.00016666668000010152,-7.894919286223336e-20,-0.032202269353132904
-8.333333333333333e-05,0.0020833339645142486,-0.5718335068094298,-8.084397349092696e-17,0.0,4.248817541666641e-06,-0.029820103250057177
-0.00016666666666666666,0.015416671342965694,-1.201750364574325,0.00016666666499990645,0.0002500000049998764,5.948344558333317e-06,-0.015101980247414515
0.0005,0.00533333495186202,0.16550005020841102,-0.0005000000100000762,0.0006666666599999492,-8.497635083333282e-06,0.007737139234624596
0.0,-0.006166668537186666,0.0091666694482132,0.0,-0.0004999999800000094,0.0,0.007524002618082644
-8.333333333333333e-05,0.002250000683270628,-0.03858334503861422,0.0,0.0,-1.6995270166666564e-06,-0.020923824955011435
-0.00016666666666666666,8.333335877363829e-05,0.05133334890564761,-8.084397349092696e-17,-0.0003333333299999746,4.248817541666641e-06,-0.008517935216931316
0.0,0.00641666861350758,0.01775000538501093,0.0002500000050000381,-0.00016666666499982563,5.948344558333317e-06,-0.002130230516741156
0.0,0.0013333337379664752,0.0010000003028661014,-0.00016666665000003477,0.0006666666599999492,-5.098581049999969e-06,0.000639237055398472
-0.00025,0.0014166670967401135,-0.3575834418125299,-8.084397349092696e-17,-8.333332500009823e-05,-1.699527016666676e-06,-0.0008058459743973799
-0.00016666666666666666,0.0010833336616445902,0.010916669978841997,-8.084397349092696e-17,-0.0002500000050000381,-1.973729821555834e-20,-0.04508092380547896
-8.333333333333333e-05,-0.002250000682062819,0.017500005308683224,0.0,0.0,0.0,-0.017120862961077364
0.0,-0.0077500023502656,0.0077500023514753495,0.0001666666649999873,-0.0003333333299999746,-2.549290525000024e-06,-4.4160677486151046e-05
0.0,0.0033333343437064386,-0.03883334511373283,-0.00016666665000003477,0.0010000000199999906,-6.798108066666665e-06,0.00024329488875163304
0.0,0.0012500003791912201,0.05908335125712167,-8.084397349092696e-17,8.333332500009823e-05,1.699527016666676e-06,-0.0014484414183935667
8.333333333333333e-05,0.0027500008334978097,0.06000001820242679,8.333333999996992e-05,0.0,8.497635083333282e-07,-0.011390655930852518
-8.333333333333333e-05,0.0030000009098193714,0.04208334609986697,0.0,0.0,3.3990540333333327e-06,-0.019537302364752394
0.0,-0.009000002730666569,0.10825003283948269,8.333332500001739e-05,-0.000333333345000008,8.497635083333479e-07,-0.002802394977344536
8.333333333333333e-05,0.0018333338894008194,-0.005916668460864134,8.333332500001739e-05,8.333333999996992e-05,0.0,-0.011221832272886402
0.0,0.002083333965722381,-0.129583372645733,0.0,0.0002500000049999572,8.497635083333282e-07,0.00020399830900132655
0.0,0.00266666747593198,-0.0025000007583837335,-8.333332500001739e-05,0.00016666667999993984,1.6995270166666564e-06,-0.00042800970602418397
-0.00016666666666666666,0.006333335254734266,-0.22733340229902502,-8.084397349092696e-17,0.00016666667999993984,-1.699527016666676e-06,-0.03935467498496873
-8.333333333333333e-05,0.002750000833497486,0.11216670069459975,0.0,0.00016666667999993984,-2.5492905250000044e-06,0.01057861877319196
0.0,0.006833335407377389,-0.0875833599034244,8.333332500001739e-05,0.0002500000049999572,3.3990540333333327e-06,0.0029915277720661835
0.0,-0.0016666671718525727,0.25108340950489055,-0.0001666666649999873,0.00016666667999993984,0.0,-0.0018253346222957285
0.0,0.008666669297987957,-0.009333336165747864,0.0,0.0003333333599995563,7.894919286223336e-20,-0.009078836767913566
0.0,-0.005666668385751675,0.006666668689825262,-8.333332499993655e-05,-0.00016666667999993984,-3.3990540333333327e-06,-0.0005413342714245017
0.0,-0.0015833338130792577,0.010416669826191759,-8.084397349092696e-17,0.0,0.0,0.0003599583170350848
0.0003333333333333333,-0.0050000015167677905,-0.06150001865794248,-8.333332499993655e-05,0.0001666666649999873,-4.2488175416666605e-06,0.04958015519398032
8.333333333333333e-05,-0.008833336013118323,0.061083351864071704,0.0,-0.0001666666649999873,2.5492905250000044e-06,0.020074960901008066
-0.00016666666666674752,-0.018333338896429633,0.009000002730667539,3.2337589396370783e-16,-0.0006666666599999492,-5.098581049999969e-06,-0.027452752578682783
0.0,0.003583334421236456,0.06950002108452673,8.333332500001739e-05,8.333334000005076e-05,0.0,-0.0028914903100541174
-8.333333333333333e-05,0.008666669295569753,-0.012500003793129063,8.333332500001739e-05,0.0002499999900000047,-2.5492905249999845e-06,-0.01920239499292414
-0.00016666666666666666,0.0053333349518646074,0.039833345416601836,-8.333332500001739e-05,-8.333333999988908e-05,4.248817541666641e-06,-0.01164382657627575
-8.333333333333333e-05,0.0023333340408371035,-0.03975001205903407,-8.333332500001739e-05,0.0001666666649999873,-3.3990540333333327e-06,0.009039215365343262
0.0,3.2337589396370783e-16,0.017500005308691634,-8.333332500001739e-05,0.0,-8.497635083333282e-07,-7.931650585313845e-05
0.0,-0.0036666677800110646,-0.18275005544077755,-8.333332499993655e-05,0.0,8.497635083333282e-07,-6.559455429022718e-05
-0.00016666666666666666,-0.00558333502697739,0.06525001979551678,0.0,-0.000333333345000008,-8.497635083333479e-07,0.05286855452318301
8.333333333333333e-05,-0.003916667855124493,0.0020000006057406105,-8.333332499993655e-05,-8.333332500009823e-05,-1.973729821555834e-20,-0.006870606396100225
0.0,0.002000000605741257,0.0468333475415168,0.00016666665000003477,-0.00016666668000010152,-6.798108066666665e-06,0.0013776738040407912
0.00016666666666666666,0.0018333338894017893,0.11983336968730016,0.0,-0.00016666666499990645,5.098581049999989e-06,-0.05391690648335627
-8.333333333333333e-05,-0.00016666671633914425,-0.18966672420571754,8.333332500009823e-05,-0.0001666666649999873,3.3990540333333128e-06,0.026475387594640618
-8.333333333333333e-05,0.006750002048604074,0.11925003617589117,8.333332500001739e-05,8.333332500001739e-05,-4.2488175416666605e-06,0.0055491519425517055
-0.00016666666666666666,0.010833336618856992,-0.018000005458916227,0.0001666666499998731,0.0,1.6995270166666564e-06,0.05944069182273104
8.333333333333333e-05,-0.007500002275152494,-0.05758335080281443,-0.0001666666649999873,-8.333332500009823e-05,4.248817541666641e-06,-0.02609678042236871
0.0,-0.01033333646863078,-0.053000016078703464,3.2337589396370783e-16,6.467517879274157e-16,3.3990540333333915e-06,0.004823219404462725
0.0,0.005666668386959807,-0.0033333343461246436,0.00016666665000003477,0.0,5.098581049999969e-06,-0.0002486619700212032
-8.333333333333333e-05,0.008583335936795791,0.05625001706485087,8.333332500009823e-05,8.333332499993655e-05,3.3990540333333128e-06,0.025885743798195228
-8.333333333333333e-05,0.01341667073722573,0.0068333354061692565,8.333332500001739e-05,0.0003333333449999272,1.6995270166666564e-06,0.027078642053715237
-8.333333333333333e-05,-0.00025000007632253174,-0.011000003337614665,-0.0001666666649999873,0.0004166666700000254,-1.6995270166666564e-06,0.011644918125041296
0.0,-0.004000001213897485,-0.3166667627342925,3.2337589396370783e-16,0.00016666668000010152,-1.0197162100000017e-05,0.0023078438547698573
8.333333333333333e-05,0.0008333335865308376,0.10358336475659712,-8.084397349092696e-17,-0.0001666666649999873,-2.5492905250000044e-06,-0.009009223864521158
0.00016666666666666666,-0.010416669827406359,-0.27183341579971504,-0.0001666666649999873,-8.333334000005076e-05,-8.497635083333479e-07,-0.01115871646353561
-0.00025,-0.012333337075581464,0.01816667217767196,0.0002499999899999239,-0.0005833333350000127,-8.497635083333677e-07,0.052028885955077646
0.0,0.004833334799219544,-0.012000003639277486,0.0003333333299993279,-0.0005000000100000762,-1.6995270166667354e-06,0.0006815188377681706
8.333333333333333e-05,0.00016666671754727658,-0.17041671836519834,-8.084397349092696e-17,0.0,-8.497635083333282e-07,-0.029950112283978765
0.0,-0.0011666670204182284,0.0022500006820624953,8.084397349092696e-17,-1.6168794698185392e-16,8.497635083333282e-07,0.0009529971201554873
-0.00016666666666666666,0.021500006522586206,0.07550002290416483,0.00016666668000010152,0.0,3.399054033333352e-06,0.013297475956032414
8.333333333333333e-05,-0.002333334042044266,0.061750018733053975,8.333333999996992e-05,8.333334000005076e-05,-3.947459643111668e-20,-0.007345830070478324
-8.333333333333333e-05,0.002500000758384057,-0.02741667498465912,-8.333332500001739e-05,0.0002499999899999239,-3.3990540333333327e-06,0.02662864563059023
0.0,0.0015000004543049726,-0.0817500248001266,0.0,0.0002500000050000381,-1.699527016666676e-06,-0.0008760723753004438
8.333333333333333e-05,0.0035000010612540387,-0.008250002502909208,-8.333332500001739e-05,0.0001666666649999873,-3.3990540333333327e-06,-0.008816896799248125
2.021099337273174e-17,-0.0035000010612546853,0.030166675818156605,-0.0001666666649999873,0.0002500000049998764,4.24881754166668e-06,0.001390959775068849
8.333333333333333e-05,-0.0002500000751131059,-0.014750004475191883,-8.084397349092696e-17,-8.333334000005076e-05,8.497635083333479e-07,-0.028178537245353477
0.0003333333333333333,-0.008500002578022477,0.09283336149772578,-0.0001666666499998731,-0.0001666666499998731,3.3990540333333128e-06,-0.06805392827302113
2.021099337273174e-17,-0.007750002350265924,-0.029250008872849866,8.333332499993655e-05,-0.0003333333299999746,8.497635083333085e-07,0.0014164477668211072
0.0,-8.333335877331491e-05,0.028166675212416965,8.333332500001739e-05,-0.0001666666649999873,-8.497635083333282e-07,-7.677564673487924e-05
0.0003333333333333333,0.0010000003052881867,-0.022666673543005084,-0.00016666665000003477,0.0005000000100000762,1.6995270166666564e-06,-0.10261858458269983
0.0,0.0024166673996100954,-0.07908335732419412,-8.333332500001739e-05,0.0001666666649999873,1.6995270166666564e-06,-0.000677511847528836
0.0003333333333333333,-0.007500002275151201,0.05300001607870864,-0.00016666665000003477,0.0,-1.6995270166666564e-06,-0.031405925315403795
-8.333333333333333e-05,-0.009416669523327275,0.08575002601281578,-8.333332500001739e-05,-8.333332500001739e-05,-3.3990540333333327e-06,0.010257558954774868
2.021099337273174e-17,-0.007833335710248664,0.05533335011954995,-8.333332499993655e-05,-8.333334000005076e-05,-5.098581050000009e-06,0.002436607286208568
2.021099337273174e-17,-0.002833334193480227,0.05658335049873729,8.333332499993655e-05,-0.000166666665000149,4.2488175416666605e-06,0.001729856255169337
9.228463532500519e-08,0.00964734642160618,0.24216944530336132,8.324073275852173e-05,-1.845692854758272e-07,1.6957565775135447e-06,-0.0024759130482234683
8.333333333333333e-05,0.008083335785361447,0.0477500144856167,0.0,0.0002500000050000381,-3.3990540333333327e-06,-0.032456010126554045
-0.00025,-0.00966666959964916,0.008250002502908723,-8.084397349092696e-17,-0.0001666666649999873,-4.2488175416666605e-06,0.050331433298121876
0.00016666666666666666,0.0006666668701916933,-0.017333338591133684,0.0004999999800000094,-0.0003333333299998129,-6.798108066666665e-06,-0.056459343510334534
-8.333333333333333e-05,0.009250002805778704,0.03433334374960007,0.0002500000049999572,0.000166666665000149,0.0,0.025578488446563845
8.333333333333333e-05,0.0028333341922714477,0.00500000151676682,-8.333332500001739e-05,0.0003333333299999746,8.497635083333282e-07,-0.03171139636103245
0.0,0.0007500002265484201,-0.013833337529883203,-8.084397349092696e-17,0.0,2.5492905250000044e-06,-0.00025856795920343653
0.0,0.01683333843970484,0.004333334647783906,0.00016666666499990645,0.0001666666649999873,8.497635083333282e-07,0.0006523063668735429
0.0,-0.0015833338142880369,0.007583335633925809,-0.0002499999900000047,0.0005833333350000127,1.6995270166666564e-06,0.00017798227128934944
2.021099337273174e-17,-0.016666671723365695,-0.05408334974035,8.333333999996992e-05,-0.00041666665500007284,-2.5492905250000044e-06,0.0015078313293336477
0.0,0.009250002805779029,0.008583335938007804,0.000166666665000149,-8.333332499993655e-05,8.497635083333085e-07,-0.005372371684444241
8.333333333333333e-05,0.003500001062462818,-0.1630833828075912,-8.333332500001739e-05,0.0002500000049998764,-1.6995270166666564e-06,-0.032386585882414755
2.021099337273174e-17,-0.0010833336616439435,0.033416676804300126,-8.084397349092696e-17,8.333332499993655e-05,8.497635083333282e-07,0.0010415539415837784
0.00016666666666666666,0.0011666670204172583,-0.0060833351796169555,0.000166666665000149,-0.0003333333299999746,1.6995270166666367e-06,-0.03939942263810533
-0.00016666666666666666,-0.0039166678551232,0.06575001994695016,8.333333999988908e-05,-0.0003333333299999746,-3.3990540333333327e-06,0.0024913092608240227
8.333333333333333e-05,0.007750002351474055,0.0435833465553749,0.0,0.000583333334999851,-8.497635083333282e-07,-0.033223455303360246
0.0,0.0006666668689822674,-0.050583348677892034,-8.333332500001739e-05,0.0001666666649999873,-4.2488175416667e-06,-0.000657349481248659
-8.333333333333333e-05,0.004166667931447025,0.08208335823521645,-8.084397349092696e-17,8.333334000005076e-05,-1.6995270166666958e-06,0.007997573405663328
0.00016666666666666666,-0.0037500011375768937,0.015416671342958902,-8.333332500001739e-05,0.0001666666649999873,8.497635083333085e-07,-0.01626875069707425
8.333333333333333e-05,-0.007000002122509371,0.0037500011375749534,-8.333332499993655e-05,-0.0002500000050000381,-2.5492905250000044e-06,-0.008100440900784451
8.333333333333333e-05,-0.007000002123717827,-0.06325001918856643,8.333332499993655e-05,-0.0003333333299999746,-2.5492905250000044e-06,-0.027742431262193713
2.021099337273174e-17,0.0021666673244969893,0.0366666777904333,-8.084397349092696e-17,-8.333332499993655e-05,8.497635083333282e-07,-0.001873979557486665
2.021099337273174e-17,0.0022500006832712745,-0.019583339274408192,-8.084397349092696e-17,0.0,-8.497635083333479e-07,-0.0007414662376809348
0.0,0.003916667855124493,0.013500004094791237,8.333332500001739e-05,-8.333333999988908e-05,8.497635083333282e-07,0.0007452700661973924
-2.021099337273174e-17,0.010916669978841673,-0.015416671342966664,0.0002499999899999239,-8.333333999988908e-05,-4.24881754166668e-06,-0.0031784392230458456
0.00025,0.003500001062463141,0.02833334192874932,-0.00016666666500006816,0.0003333333299999746,-8.497635083333282e-07,-0.06299798806996938
0.0,-0.004333334647785523,-0.10741669925415917,-8.333332499993655e-05,0.0001666666649999873,4.2488175416666605e-06,0.0017612331489721934
0.0,0.0035833344212367795,0.014916671192738998,0.0,-1.6168794698185392e-16,-8.497635083333479e-07,-0.00031788252233915654
8.333333333333333e-05,-0.006166668537186019,0.23991673944972394,-8.333332499993655e-05,0.0001666666649999873,-4.2488175416666605e-06,-0.0064117037519062356
2.021099337273174e-17,-0.008583335936796438,-0.072666688711895,0.00016666666499990645,-0.000499999994999962,5.098581049999989e-06,-0.00034020484815636235
8.333333333333333e-05,0.007750002351474379,0.08525002586258892,8.333332500001739e-05,0.0002499999899999239,1.6995270166666367e-06,-0.010554481542671823
-2.021099337273174e-17,-0.004083334571463314,0.018583338971537886,-0.0001666666649999873,0.0001666666649999873,-1.973729821555834e-20,0.0023445927738561293
2.021099337273174e-17,-0.0011666670204175818,0.059500018049783346,-8.084397349092696e-17,-8.333334000005076e-05,1.699527016666676e-06,0.0004344853849033825
-8.333333333333333e-05,-0.004166667931445732,0.002083333965725291,-8.333333999996992e-05,-8.333334000005076e-05,3.399054033333352e-06,0.010191580053424049
-8.333333333333333e-05,-0.010583336544954282,0.011166670055158385,8.333333999988908e-05,-0.00024999999000008553,8.497635083333479e-07,0.031222661300346306
8.333333333333333e-05,0.005250001591880573,-0.9955836353627836,8.333332500001739e-05,-1.6168794698185392e-16,8.497635083333479e-07,-0.0121626634240836
0.00025,-0.0026666674759316567,0.0,-8.333332500001739e-05,8.333334000005076e-05,-1.699527016666676e-06,-0.04417252654099397
-2.021099337273174e-17,-0.0010833336628527225,0.0,0.0001666666649999873,-0.000166666665000149,5.098581049999969e-06,-0.00022388335180908647
-8.333333333333333e-05,0.014083337606208645,0.0,0.0002499999899999239,8.333332499993655e-05,-8.497635083333282e-07,0.02653240174665892
8.333333333333333e-05,0.004666668082880723,0.0,-0.00016666666500006816,0.0003333333449999272,5.098581049999989e-06,-0.03071244990876488
2.021099337273174e-17,-0.009916669674762913,0.0,-8.333334000005076e-05,-0.0002500000050000381,-8.497635083333479e-07,0.001401307284542256
0.005372425620625239,0.0007274995936726124,0.0,-2.2675798299811742e-05,0.00249671672264929,-5.812183947530246e-07,0.006443123685000415
0.0,-0.0032500009861406096,0.0,0.0001666666649999873,0.0014166666749999017,-4.2488175416667e-06,1.930460486198879e-05
-0.00025,0.020333339502168302,0.6997502122833084,0.0004166666549999112,-0.0004166666699998637,4.24881754166668e-06,-3.8479825048448725e-05
-2.021099337273174e-17,0.0054166683106382455,0.5722501736033042,-0.00033333333000005544,0.0006666666599999492,-1.6995270166666564e-06,-8.18154501896869e-05
0.0005,-0.01166667020538977,-0.9425836192840749,-8.333332500001739e-05,0.0006666666750000634,-3.3990540333333327e-06,7.650371925491426e-08
0.00025,0.0014166670967401135,0.0,8.333333999996992e-05,0.0006666666600001109,2.5492905250000044e-06,-2.842277933507123e-05
0.00025,0.0016666671730616752,0.0,-8.084397349092696e-17,-8.333333999988908e-05,-8.497635083333085e-07,-4.809021552145067e-05
-0.0020833333333333333,-0.005000001516767143,0.6370001932461757,-0.0001666666649999873,-0.0024166666649999874,-4.24881754166668e-06,0.0004154658210942418
0.00025,-0.015333337985400512,0.04375001327172148,0.0001666666649999873,-8.333332500009823e-05,1.973729821555834e-20,4.2966043846940417e-05
-0.00016666666666666666,0.018250005536445922,0.029833342384270184,0.00033333333000005544,-0.0003333333299999746,3.3990540333333128e-06,-4.383096583316931e-05
0.00016666666666666666,0.002583334117158665,-0.0017500005318356368,-0.0002500000049999572,0.0008333333400000508,5.098581049999969e-06,-1.8770283177339784e-05
0.0,-0.0010000003040784376,0.021000006371152187,-8.333334000005076e-05,0.0001666666649999873,3.3990540333333327e-06,-1.1100432137027383e-06
-0.0021666666666666666,0.0016666671718535428,0.021416673163812246,8.084397349092696e-17,-8.333332499993655e-05,2.5492905249999845e-06,0.0002819918899745163
-0.0010223048327137718,0.0,0.0,0.0,0.0,0.0,0.00025434298084595633
0.0006666666666666666,3.2337589396370783e-16,0.0,8.084397349092696e-17,0.0,0.0,-0.00021295874966308475
0.0,3.2337589396370783e-16,0.0,8.084397349092696e-17,0.0,0.0,1.2935035758548313e-15
-0.00025,3.2337589396370783e-16,0.0,8.084397349092696e-17,0.0,0.0,7.46076140850265e-05
-0.007463510735132208,0.0,0.0,0.0,-1.543796159622032e-16,0.0,0.009561494098953446
-8.333333333333333e-05,3.2337589396370783e-16,0.0,8.084397349092696e-17,0.0,0.0,-2.1601330618270568e-06
0.00025,3.2337589396370783e-16,0.0,8.084397349092696e-17,0.0,0.0,8.730612583975825e-06
-8.333333333333333e-05,3.2337589396370783e-16,0.0,8.084397349092696e-17,0.0,0.0,-2.4796880315989256e-06
8.333333333333333e-05,3.2337589396370783e-16,0.0,8.084397349092696e-17,0.0,0.0,2.875816553003258e-06
-8.333333333333333e-05,3.2337589396370783e-16,0.0,8.084397349092696e-17,0.0,0.0,-2.8758165504162512e-06
-2.021099337273174e-17,3.2337589396370783e-16,0.0,8.084397349092696e-17,0.0,0.0,-1.2935035758548313e-15
-8.333333333333333e-05,3.2337589396370783e-16,0.0,8.084397349092696e-17,0.0,0.0,-2.479688032892429e-06
8.333333333333333e-05,3.2337589396370783e-16,0.0,8.084397349092696e-17,0.0,0.0,2.8758165504162512e-06
8.333333333333333e-05,3.2337589396370783e-16,0.0,8.084397349092696e-17,0.0,0.0,2.875816553003258e-06
-0.00016666666666666666,3.2337589396370783e-16,0.0,8.084397349092696e-17,0.0,0.0,-6.250924554963906e-06
8.333333333333333e-05,3.2337589396370783e-16,0.0,8.084397349092696e-17,0.0,0.0,2.479688030305422e-06
-0.00016666666666666666,3.2337589396370783e-16,0.0,8.084397349092696e-17,0.0,0.0,-5.355504582015177e-06
0.0,3.2337589396370783e-16,0.0,8.084397349092696e-17,0.0,0.0,1.2935035758548313e-15
0.00016666666666666666,3.2337589396370783e-16,0.0,8.084397349092696e-17,0.0,0.0,4.639821094719486e-06
-2.021099337273174e-17,3.2337589396370783e-16,0.0,8.084397349092696e-17,0.0,0.0,-1.2935035758548313e-15
8.333333333333333e-05,3.2337589396370783e-16,0.0,8.084397349092696e-17,0.0,0.0,2.4796880315989256e-06
0.00025,3.2337589396370783e-16,0.0,8.084397349092696e-17,0.0,0.0,6.538431310198374e-06
0.0,3.2337589396370783e-16,0.0,8.084397349092696e-17,0.0,0.0,0.0
-0.00016666666666666666,3.2337589396370783e-16,0.0,8.084397349092696e-17,0.0,0.0,-5.355504584602184e-06
8.333333333333333e-05,3.2337589396370783e-16,0.0,8.084397349092696e-17,0.0,0.0,2.479688030305422e-06
-8.333333333333333e-05,3.2337589396370783e-16,0.0,8.084397349092696e-17,0.0,0.0,-2.4796880315989256e-06
0.00016666666666666666,3.2337589396370783e-16,0.0,8.084397349092696e-17,0.0,0.0,5.355504584602184e-06
0.00016666666666666666,3.2337589396370783e-16,0.0,8.084397349092696e-17,0.0,0.0,4.058743277305944e-06
0.0,3.2337589396370783e-16,0.0,8.084397349092696e-17,0.0,0.0,0.0
-0.00016666666666666666,3.2337589396370783e-16,0.0,8.084397349092696e-17,0.0,0.0,-4.639821094719486e-06
0.0,3.2337589396370783e-16,0.0,8.084397349092696e-17,0.0,0.0,-1.2935035758548313e-15
-0.00025,3.2337589396370783e-16,0.0,8.084397349092696e-17,0.0,0.0,-6.53843130890487e-06
0.0,3.2337589396370783e-16,0.0,8.084397349092696e-17,0.0,0.0,0.0
-8.333333333333333e-05,3.2337589396370783e-16,0.0,8.084397349092696e-17,0.0,0.0,-2.479688032892429e-06
8.333333333333333e-05,3.2337589396370783e-16,0.0,8.084397349092696e-17,0.0,0.0,2.4796880315989256e-06
0.00025,3.2337589396370783e-16,0.0,8.084397349092696e-17,0.0,0.0,6.538431311491877e-06
-0.00016666666666666666,3.2337589396370783e-16,0.0,8.084397349092696e-17,0.0,0.0,-4.639821093425982e-06
0.00016666666666666666,3.2337589396370783e-16,0.0,8.084397349092696e-17,0.0,0.0,4.639821093425982e-06
-0.0003333333333333333,3.2337589396370783e-16,0.0,8.084397349092696e-17,0.0,0.0,-8.220301067922263e-06
8.333333333333333e-05,3.2337589396370783e-16,0.0,8.084397349092696e-17,0.0,0.0,2.479688030305422e-06
-2.021099337273174e-17,3.2337589396370783e-16,0.0,8.084397349092696e-17,0.0,0.0,-1.2935035758548313e-15
0.0,3.2337589396370783e-16,0.0,8.084397349092696e-17,0.0,0.0,0.0
-8.333333333333333e-05,3.2337589396370783e-16,0.0,8.084397349092696e-17,0.0,0.0,-2.1601330618270568e-06
-8.527251994174776e-05,-0.7537240324216111,-0.6878083545095789,-0.22085582665079026,-0.2748333317790228,-5.043318709423656e-05,0.0009690485814798546
-0.00016666666666666666,0.0,0.0,1.176434648964306e-27,1.176434648964306e-27,0.0,-1.3004685493393077e-07
-8.333333333333333e-05,0.0,0.0,1.176434648964306e-27,1.176434648964306e-27,0.0,-6.537007349025872e-08
0.00016666666666666666,0.0,0.0,1.176434648964306e-27,1.176434648964306e-27,0.0,1.2867124751210211e-07
0.0,0.0,0.0,1.176434648964306e-27,1.176434648964306e-27,0.0,1.2935035758548313e-15
-0.0003333333333333333,0.0,0.0,1.176434648964306e-27,1.176434648964306e-27,0.0,-2.57364206481725e-07
0.00016666666666666666,0.0,0.0,1.176434648964306e-27,1.176434648964306e-27,0.0,1.3004685493393077e-07
8.333333333333333e-05,0.0,0.0,1.176434648964306e-27,1.176434648964306e-27,0.0,6.537007349025872e-08
0.00025,0.0,0.0,1.176434648964306e-27,1.176434648964306e-27,0.0,1.961214260922538e-07
0.0,0.0,0.0,1.176434648964306e-27,1.176434648964306e-27,0.0,1.2935035758548313e-15
-8.333333333333333e-05,0.0,0.0,1.176434648964306e-27,1.176434648964306e-27,0.0,-6.607456986481945e-08
0.0,0.0,0.0,1.176434648964306e-27,1.176434648964306e-27,0.0,1.2935035758548313e-15
-0.00016666666666666666,0.0,0.0,1.176434648964306e-27,1.176434648964306e-27,0.0,-1.3144464206157458e-07
0.0,0.0,0.0,1.176434648964306e-27,1.176434648964306e-27,0.0,0.0
-8.333333333333333e-05,0.0,0.0,1.176434648964306e-27,1.176434648964306e-27,0.0,-6.607456986481945e-08
8.333333333333333e-05,0.0,0.0,1.176434648964306e-27,1.176434648964306e-27,0.0,6.67905189200408e-08
8.333333333333333e-05,0.0,0.0,1.176434648964306e-27,1.176434648964306e-27,0.0,6.607456986481945e-08
8.333333333333333e-05,0.0,0.0,1.176434648964306e-27,1.176434648964306e-27,0.0,6.67905189200408e-08
-0.00016666666666666666,0.0,0.0,1.176434648964306e-27,1.176434648964306e-27,0.0,-1.3144464206157458e-07
0.0,0.0,0.0,1.176434648964306e-27,1.176434648964306e-27,0.0,0.0
-8.333333333333333e-05,0.0,0.0,1.176434648964306e-27,1.176434648964306e-27,0.0,-6.679051762653722e-08
